0,0,-1,2,1,0,0,0,0,0,0,0.0281264,1,0,-2,-2,1,0,0,0,0,0,0,0.00888386,2,0,-3,2,1,0,0,0,0,0,0,0.00397185,3,0,3,2,1,0,0,0,0,0,0,0.00810504,4,0,2,3,1,0,0,0,0,0,0,0.00882551,5,0,0,-1,1,0,0,0,0,0,0,0.01114,6,0,3,3,1,0,0,0,0,0,0,0.00377813,7,0,1,2,1,0,0,0,0,0,0,0.00967208,8,0,-2,0,1,0,0,0,0,0,0,0.00617117,9,0,-2,-3,1,0,0,0,0,0,0,0.00403151,10,0,0,-2,1,0,0,0,0,0,0,0.00481452,11,0,2,-2,1,0,0,0,0,0,0,0.00525231,12,0,-1,3,1,0,0,0,0,0,0,0.00445677,13,0,-3,1,1,0,0,0,0,0,0,0.00438691,14,0,-2,3,1,0,0,0,0,0,0,0.00422905,15,0,1,1,1,0,0,0,0,0,0,0.00781832,16,0,0,3,1,0,0,0,0,0,0,0.0102852,17,0,-3,-3,1,0,0,0,0,0,0,0.00393612,18,0,-1,-2,1,0,0,0,0,0,0,0.00475063,19,0,1,-2,1,0,0,0,0,0,0,0.00881194,20,0,0,-3,1,0,0,0,0,0,0,0.00578565,21,0,0,1,1,0,0,0,0,0,0,0.00859706,22,0,2,0,1,0,0,0,0,0,0,0.0145029,23,0,-1,1,1,0,0,0,0,0,0,0.00528835,24,0,-2,1,1,0,0,0,0,0,0,0.00525326,25,0,3,-1,1,0,0,0,0,0,0,0.00854745,26,0,-3,0,1,0,0,0,0,0,0,0.00515085,27,0,-3,3,1,0,0,0,0,0,0,0.00422125,28,0,3,1,1,0,0,0,0,0,0,0.00728682,29,0,2,-1,1,0,0,0,0,0,0,0.00749021,30,0,-3,-2,1,0,0,0,0,0,0,0.00436693,31,0,-1,-1,1,0,0,0,0,0,0,0.00543891,32,0,-2,2,1,0,0,0,0,0,0,0.00456245,33,0,-1,0,1,0,0,0,0,0,0,0.0096155,34,0,-1,-3,1,0,0,0,0,0,0,0.0042567,35,0,-3,-1,1,0,0,0,0,0,0,0.00915973
0,0.1,-1,2,1,0,0,0,0,0,0,0.0281264,1,0.1,-1.99948,-2,1,0.0149786,0,0,0.272006,0,0,0.00888386,2,0.1,-2.99948,2,1,0.014979,0,0,0.271991,0,0,0.00397185,3,0.1,3,2.00052,1,0,0.014979,0,0,0.271991,0,0.00810504,4,0.1,2,2.99878,1,0,-0.0349991,0,0,-0.638932,0,0.00882551,5,0.1,0,-1.00052,1,0,-0.0149786,0,0,-0.272006,0,0.01114,6,0.1,2.99948,3,1,-0.014979,0,0,-0.271991,0,0,0.00377813,7,0.1,0.998782,2,1,-0.0349987,0,0,-0.638939,0,0,0.00967208,8,0.1,-2,-0.00121839,1,0,-0.0349987,0,0,-0.638941,0,0.00617117,9,0.1,-2,-2.99948,1,0,0.014979,0,0,0.271991,0,0.00403151,10,0.1,0.000522755,-2,1,0.0149784,0,0,0.272003,0,0,0.00481452,11,0.1,2,-2.00194,1,0,-0.0531256,0,0,-0.874996,0,0.00525231,12,0.1,-0.999477,3,1,0.0149784,0,0,0.272002,0,0,0.00445677,13,0.1,-3,1,1,0,0,0,0,0,0,0.00438691,14,0.1,-2,3,1,0,0,0,0,0,0,0.00422905,15,0.1,1,0.998773,1,-8.3819e-06,-0.0352424,0,-0.000290573,-0.642993,0,0.00781832,16,0.1,0.00121839,3,1,0.0349987,0,0,0.638941,0,0,0.0102852,17,0.1,-2.99948,-3,1,0.014979,0,0,0.271991,0,0,0.00393612,18,0.1,-1,-1.99948,1,0,0.0149786,0,0,0.272006,0,0.00475063,19,0.1,1,-1.99878,1,0,0.0349984,0,0,0.638947,0,0.00881194,20,0.1,0.00121839,-3,1,0.0349987,0,0,0.638941,0,0,0.00578565,21,0.1,0.000522755,1,1,0.0149784,0,0,0.272003,0,0,0.00859706,22,0.1,2.00122,0,1,0.0349991,0,0,0.638932,0,0,0.0145029,23,0.1,-0.999477,1,1,0.0149784,0,0,0.272002,0,0,0.00528835,24,0.1,-1.99948,1,1,0.0149786,0,0,0.272006,0,0,0.00525326,25,0.1,2.99948,-1,1,-0.014979,0,0,-0.271991,0,0,0.00854745,26,0.1,-2.99948,0,1,0.014979,0,0,0.271991,0,0,0.00515085,27,0.1,-3,2.99948,1,0,-0.014979,0,0,-0.271991,0,0.00422125,28,0.1,2.99877,1,1,-0.0352427,8.3819e-06,0,-0.642985,0.000290573,0,0.00728682,29,0.1,2,-0.999477,1,0,0.0149784,0,0,0.272002,0,0.00749021,30,0.1,-3,-2.00052,1,0,-0.014979,0,0,-0.271991,0,0.00436693,31,0.1,-0.999477,-1,1,0.0149784,0,0,0.272002,0,0,0.00543891,32,0.1,-2,1.99948,1,0,-0.0149786,0,0,-0.272006,0,0.00456245,33,0.1,-0.998782,0,1,0.0349987,0,0,0.638939,0,0,0.0096155,34,0.1,-1,-3,1,0,0,0,0,0,0,0.0042567,35,0.1,-3,-1.00052,1,0,-0.0149786,0,0,-0.272006,0,0.00915973
0,0.2,-1,2,1,0,0,0,0,0,0,0.00843841,1,0.2,-1.99636,-2,1,0.0494927,0,0,0.396729,0,0,0.0122153,2,0.2,-2.99636,2,1,0.0494897,0,0,0.396848,0,0,0.00981519,3,0.2,3,2.00364,1,0,0.0494897,0,0,0.396848,0,0.00471645,4,0.2,2,2.99145,1,0,-0.116676,0,0,-0.944376,0,0.0101687,5,0.2,0,-1.00364,1,0,-0.0494927,0,0,-0.396729,0,0.0118438,6,0.2,2.99636,3,1,-0.0494897,0,0,-0.396848,0,0,0.00430564,7,0.2,0.991452,2,1,-0.116675,0,0,-0.944465,0,0,0.00846203,8,0.2,-2,-0.00854835,1,0,-0.116674,0,0,-0.944458,0,0.0129552,9,0.2,-2,-2.99636,1,0,0.0494897,0,0,0.396848,0,0.0102533,10,0.2,0.00364282,-2,1,0.0494918,0,0,0.396742,0,0,0.0111549,11,0.2,2,-2.012,1,0,-0.149995,0,0,-1.00017,0,0.0110959,12,0.2,-0.996357,3,1,0.0494927,0,0,0.396729,0,0,0.00609858,13,0.2,-3,1,1,0,0,0,0,0,0,0.00610539,14,0.2,-2,3,1,0,0,0,0,0,0,0.00483454,15,0.2,0.999996,0.991397,1,-8.04663e-05,-0.117341,0,-0.0012219,-0.948191,0,0.0192377,16,0.2,0.00854835,3,1,0.116674,0,0,0.944458,0,0,0.00626232,17,0.2,-2.99636,-3,1,0.0494897,0,0,0.396848,0,0,0.00908872,18,0.2,-1,-1.99636,1,0,0.0494927,0,0,0.396729,0,0.00837273,19,0.2,1,-1.99145,1,0,0.116673,0,0,0.944495,0,0.014627,20,0.2,0.00854835,-3,1,0.116674,0,0,0.944458,0,0,0.00781472,21,0.2,0.00364282,1,1,0.0494918,0,0,0.396742,0,0,0.00834078,22,0.2,2.00855,0,1,0.116676,0,0,0.944376,0,0,0.0149832,23,0.2,-0.996357,1,1,0.0494927,0,0,0.396729,0,0,0.00711823,24,0.2,-1.99636,1,1,0.0494927,0,0,0.396729,0,0,0.0106304,25,0.2,2.99636,-1,1,-0.0494897,0,0,-0.396848,0,0,0.00646697,26,0.2,-2.99636,0,1,0.0494897,0,0,0.396848,0,0,0.00896206,27,0.2,-3,2.99636,1,0,-0.0494897,0,0,-0.396848,0,0.00896907,28,0.2,2.9914,1,1,-0.117344,8.04663e-05,0,-0.948071,0.00119209,0,0.00599856,29,0.2,2,-0.996357,1,0,0.0494927,0,0,0.396729,0,0.0174428,30,0.2,-3,-2.00364,1,0,-0.0494897,0,0,-0.396848,0,0.00735436,31,0.2,-0.996357,-1,1,0.0494927,0,0,0.396729,0,0,0.0129719,32,0.2,-2,1.99636,1,0,-0.0494927,0,0,-0.396729,0,0.00829635,33,0.2,-0.991452,0,1,0.116675,0,0,0.944465,0,0,0.0122246,34,0.2,-1,-3,1,0,0,0,0,0,0,0.0062115,35,0.2,-3,-1.00364,1,0,-0.0494927,0,0,-0.396729,0,0.00888708
0,0.3,-1,2,1,0,0,0,0,0,0,0.00843841,1,0.3,-1.98918,-2,1,0.0959801,-8.56817e-06,0,0.513621,-0.00025332,0,0.0122153,2,0.3,-2.98918,2,1,0.0959862,8.56817e-06,0,0.513688,0.00025332,0,0.00981519,3,0.3,3,2.0101,1,0,0.0752099,0,0,0.13271,0,0.00471645,4,0.3,2,2.97495,1,0,-0.214069,0,0,-0.993043,0,0.0101687,5,0.3,-2.22752e-07,-1.01082,1,-8.82271e-06,-0.0959801,0,-0.000259694,-0.513621,0,0.0118438,6,0.3,2.9899,3,1,-0.0752106,0,0,-0.132799,0,0,0.00430564,7,0.3,0.974954,2,1,-0.214071,0,0,-0.993062,0,0,0.00846203,8,0.3,-2,-0.0250457,1,0,-0.214071,0,0,-0.993057,0,0.0129552,9,0.3,-2,-2.98918,1,-8.56817e-06,0.0959862,0,-0.00025332,0.513688,0,0.0102533,10,0.3,0.0110778,-2,1,0.103426,-0.000106543,0,0.650495,-0.00229478,0,0.0111549,11,0.3,2,-2.031,1,0,-0.22065,0,0,-0.439882,0,0.0110959,12,0.3,-0.988735,3,1,0.108872,0,0,0.75325,0,0,0.00609858,13,0.3,-3,1,1,0,0,0,0,0,0,0.00610539,14,0.3,-2,3,1,0,0,0,0,0,0,0.00483454,15,0.3,0.999983,0.974822,1,-0.000171922,-0.214912,0,-0.000633299,-0.993528,0,0.0192377,16,0.3,0.0250457,3,1,0.214071,0,0,0.993057,0,0,0.00626232,17,0.3,-2.98918,-3,1,0.095984,0,0,0.513628,0,0,0.00908872,18,0.3,-1,-1.98918,1,-8.75443e-06,0.0959801,0,-0.00026077,0.513621,0,0.00837273,19,0.3,1,-1.97495,1,0,0.214071,0,0,0.993066,0,0.014627,20,0.3,0.0250457,-3,1,0.214071,0,0,0.993057,0,0,0.00781472,21,0.3,0.0110755,1,1,0.10336,0.000144728,0,0.649278,0.00301749,0,0.00834078,22,0.3,2.02505,0,1,0.214069,0,0,0.993043,0,0,0.0149832,23,0.3,-0.988981,1,1,0.101718,0,0,0.618983,0,0,0.00711823,24,0.3,-1.98898,1,1,0.101718,0,0,0.618987,0,0,0.0106304,25,0.3,2.98918,-1,1,-0.0959862,-8.75443e-06,0,-0.513688,-0.00026077,0,0.00646697,26,0.3,-2.98892,3.39487e-06,1,0.103433,0.000106297,0,0.650555,0.0022972,0,0.00896206,27,0.3,-3,2.98918,1,0,-0.095984,0,0,-0.513628,0,0.00896907,28,0.3,2.97606,1.00002,1,-0.178861,0.000162795,0,-0.318542,0.000491738,0,0.00599856,29,0.3,2,-0.988922,1,-0.000106357,0.103426,0,-0.00228733,0.650484,0,0.0174428,30,0.3,-3,-2.01082,1,0,-0.095984,0,0,-0.513628,0,0.00735436,31,0.3,-0.989181,-1,1,0.0959801,8.9407e-06,0,0.513621,0.00026077,0,0.0129719,32,0.3,-2,1.98918,1,-8.56817e-06,-0.0959801,0,-0.00025332,-0.513621,0,0.00829635,33,0.3,-0.974954,0,1,0.214071,0,0,0.993062,0,0,0.0122246,34,0.3,-0.999054,-3,1,0.027362,0,0,0.507671,0,0,0.0062115,35,0.3,-3,-1.01102,1,0,-0.101718,0,0,-0.618987,0,0.00888708
0,0.4,-1,2,1,0,0,0,0,0,0,0.0102439,1,0.4,-1.97695,-2,1,0.148743,-6.55651e-05,0,0.526369,-0.000953674,0,0.0127406,2,0.4,-2.97695,2,1,0.148755,6.55651e-05,0,0.526428,0.000953674,0,0.00912684,3,0.4,3,2.01795,1,0,0.0788271,0,0,-0.0475645,0,0.0057115,4,0.4,2,2.94856,1,0,-0.31389,0,0,-1.00017,0,0.00990129,5,0.4,-3.39945e-06,-1.02305,1,-6.62193e-05,-0.148743,0,-0.000947804,-0.526369,0,0.015293,6,0.4,2.98205,3,1,-0.0788569,0,0,0.0472069,0,0,0.00604665,7,0.4,0.948561,2,1,-0.313897,0,0,-1.00002,0,0,0.009315,8,0.4,-2,-0.0514388,1,0,-0.313897,0,0,-0.999998,0,0.017911,9,0.4,-2,-2.97695,1,-6.55651e-05,0.148755,0,-0.000953674,0.526428,0,0.0117414,10,0.4,0.0248761,-2.00003,1,0.173925,-0.000482798,0,0.734286,-0.00548363,0,0.0141629,11,0.4,2,-2.05452,1,0,-0.24302,0,0,-0.0308752,0,0.00989842,12,0.4,-0.973752,3,1,0.193323,0,0,0.905186,0,0,0.00468452,13,0.4,-3,1,1,0,0,0,0,0,0,0.0069051,14,0.4,-2,3,1,0,0,0,0,0,0,0.00596754,15,0.4,0.999964,0.948343,1,-0.000210106,-0.31475,0,-0.000208616,-1.00002,0,0.0175308,16,0.4,0.0514388,3,1,0.313897,0,0,0.999998,0,0,0.00597499,17,0.4,-2.97695,-3,1,0.148743,0,0,0.526071,0,0,0.00751968,18,0.4,-1,-1.97695,1,-6.55651e-05,0.148743,0,-0.000953674,0.526369,0,0.0128186,19,0.4,1,-1.94856,1,0,0.313899,0,0,0.999987,0,0.0099473,20,0.4,0.0514388,-3,1,0.313897,0,0,0.999998,0,0,0.00683034,21,0.4,0.0248598,1.00004,1,0.1737,0.000619888,0,0.732394,0.00655651,0,0.0112426,22,0.4,2.05144,0,1,0.31389,0,0,1.00017,0,0,0.0110078,23,0.4,-0.975545,1,1,0.168107,0,0,0.685811,0,0,0.00805986,24,0.4,-1.97555,1,1,0.168106,0,0,0.685811,0,0,0.00661455,25,0.4,2.97695,-1,1,-0.148755,-6.55651e-05,0,-0.526428,-0.000953674,0,0.00908768,26,0.4,-2.97512,3.04487e-05,1,0.173932,0.000486918,0,0.734448,0.00541871,0,0.0112574,27,0.4,-3,2.97695,1,0,-0.148743,0,0,-0.526071,0,0.00812793,28,0.4,2.95738,1.00003,1,-0.187737,0.000187755,0,0.110626,0,0,0.00589688,29,0.4,1.99997,-0.975124,1,-0.000488758,0.173925,0,-0.00536442,0.73427,0,0.0123536,30,0.4,-3,-2.02305,1,0,-0.148743,0,0,-0.526071,0,0.00621434,31,0.4,-0.976955,-0.999997,1,0.148743,6.55651e-05,0,0.526369,0.000983477,0,0.015145,32,0.4,-2,1.97695,1,-6.55651e-05,-0.148743,0,-0.000953674,-0.526369,0,0.0115404,33,0.4,-0.948561,0,1,0.313897,0,0,1.00002,0,0,0.0125136,34,0.4,-0.993215,-3,1,0.0942305,0,0,0.796199,0,0,0.00796532,35,0.4,-3,-1.02445,1,0,-0.168106,0,0,-0.685811,0,0.00841194
0,0.5,-1,2,1,0,0,0,0,0,0,0.0102439,1,0.5,-1.95943,-2.00001,1,0.201715,-0.000173226,0,0.519946,-0.0013262,0,0.0127406,2,0.5,-2.95942,2.00001,1,0.201731,0.000173226,0,0.519976,0.0013262,0,0.00912684,3,0.5,3,2.02539,1,0,0.0683092,0,0,-0.153363,0,0.0057115,4,0.5,2,2.91249,1,0,-0.403611,0,0,-0.769377,0,0.00990129,5,0.5,-1.4171e-05,-1.04065,1,-0.000148979,-0.203841,0,-0.000928083,-0.559092,0,0.015293,6,0.5,2.9746,3,1,-0.068365,0,0,0.153065,0,0,0.00604665,7,0.5,0.912492,2,1,-0.403608,0,0,-0.769332,0,0,0.009315,8,0.5,-2,-0.0875079,1,0,-0.403607,0,0,-0.769331,0,0.017911,9,0.5,-2.00001,-2.95942,1,-0.000173226,0.201731,0,-0.0013262,0.519976,0,0.0117414,10,0.5,0.0461257,-2.00017,1,0.252289,-0.0027407,0,0.808304,-0.0371784,0,0.0141629,11,0.5,2,-2.07821,1,0,-0.223834,0,0,0.381276,0,0.00989842,12,0.5,-0.949741,3,1,0.287605,0,0,0.947591,0,0,0.00468452,13,0.5,-3,1,1,0,0,0,0,0,0,0.0069051,14,0.5,-2,3,1,0,0,0,0,0,0,0.00596754,15,0.5,0.999942,0.912194,1,-0.000215136,-0.404321,0,8.9407e-05,-0.766851,0,0.0175308,16,0.5,0.0875079,3,1,0.403607,0,0,0.769331,0,0,0.00597499,17,0.5,-2.95943,-3,1,0.201681,0,0,0.519544,0,0,0.00751968,18,0.5,-1.00001,-1.95942,1,-0.000144355,0.201933,0,-0.000797212,0.524007,0,0.0128186,19,0.5,1,-1.91249,1,0,0.403607,0,0,0.769325,0,0.0099473,20,0.5,0.0875079,-3,1,0.403607,0,0,0.769331,0,0,0.00683034,21,0.5,0.04608,1.00019,1,0.251951,0.0029536,0,0.807827,0.0376329,0,0.0112426,22,0.5,2.08751,0,1,0.403611,0,0,0.769377,0,0,0.0110078,23,0.5,-0.955136,1,1,0.241288,0,0,0.758868,0,0,0.00805986,24,0.5,-1.95516,1,1,0.240523,0,0,0.744708,0,0,0.00661455,25,0.5,2.95935,-1.00001,1,-0.203857,-0.000148825,0,-0.559121,-0.000931323,0,0.00908768,26,0.5,-2.95388,0.000162671,1,0.252173,0.00266128,0,0.806198,0.0356767,0,0.0112574,27,0.5,-3,2.95943,1,0,-0.201681,0,0,-0.519544,0,0.00812793,28,0.5,2.93963,1.00005,1,-0.162899,0.000171736,0,0.36335,-0.000298023,0,0.00589688,29,0.5,1.99983,-0.953874,1,-0.0027379,0.252288,0,-0.0371113,0.808295,0,0.0123536,30,0.5,-3,-2.04058,1,0,-0.201816,0,0,-0.522003,0,0.00621434,31,0.5,-0.959426,-0.999985,1,0.201715,0.000175647,0,0.519957,0.00136346,0,0.015145,32,0.5,-2.00002,1.95937,1,-0.000180304,-0.203243,0,-0.00151992,-0.548035,0,0.0115404,33,0.5,-0.912492,0,1,0.403608,0,0,0.769332,0,0,0.0125136,34,0.5,-0.979416,-3,1,0.184677,0,0,0.974529,0,0,0.00796532,35,0.5,-3,-1.04476,1,0,-0.238192,0,0,-0.701442,0,0.00841194
0,0.6,-1,2,1,0,0,0,0,0,0,0.0106433,1,0.6,-1.93676,-2.00004,1,0.250441,-0.000357628,0,0.44477,-0.0025034,0,0.0129899,2,0.6,-2.93675,2.00004,1,0.250453,0.000357628,0,0.444889,0.0025034,0,0.0102811,3,0.6,3,2.03135,1,0,0.0498593,0,0,-0.208139,0,0.00569107,4,0.6,2,2.86881,1,0,-0.464743,0,0,-0.447869,0,0.0113419,5,0.6,-3.51824e-05,-1.06377,1,-0.000290198,-0.25765,0,-0.00205924,-0.504553,0,0.0142227,6,0.6,2.96864,3,1,-0.0499666,0,0,0.207424,0,0,0.00470531,7,0.6,0.868805,2,1,-0.464739,0,0,-0.447869,0,0,0.00897455,8,0.6,-2,-0.131195,1,0,-0.464737,0,0,-0.447891,0,0.0156819,9,0.6,-2.00004,-2.93675,1,-0.000357628,0.250453,0,-0.0025034,0.444889,0,0.0123736,10,0.6,0.0753515,-2.00066,1,0.331313,-0.00745058,0,0.754133,-0.0549555,0,0.013069,11,0.6,2,-2.09823,1,0,-0.172794,0,0,0.612617,0,0.00819091,12,0.6,-0.916411,3,1,0.376518,0,0,0.800371,0,0,0.00446065,13,0.6,-3,1,1,0,0,0,0,0,0,0.00727262,14,0.6,-2,3,1,0,0,0,0,0,0,0.00559291,15,0.6,0.999921,0.86845,1,-0.000193715,-0.465153,0,0.000268221,-0.44468,0,0.0150183,16,0.6,0.131195,3,1,0.464737,0,0,0.447891,0,0,0.00590021,17,0.6,-2.93676,-3,1,0.250345,0,0,0.444055,0,0,0.00547605,18,0.6,-1.00003,-1.9367,1,-0.00025332,0.251192,0,-0.00149012,0.451088,0,0.0167762,19,0.6,1,-1.86881,1,0,0.464737,0,0,0.447929,0,0.0120227,20,0.6,0.131195,-3,1,0.464737,0,0,0.447891,0,0,0.00682594,21,0.6,0.0752713,1.00071,1,0.330973,0.00768602,0,0.754498,0.0548959,0,0.0136088,22,0.6,2.13119,0,1,0.464743,0,0,0.447869,0,0,0.0103938,23,0.6,-0.927224,1,1,0.316457,0,0,0.729233,0,0,0.00823296,24,0.6,-1.92741,1,1,0.313827,0,0,0.706971,0,0,0.0070917,25,0.6,2.93623,-1.00004,1,-0.257665,-0.000292063,0,-0.504613,-0.00202656,0,0.00717968,26,0.6,-2.92467,0.000640502,1,0.330985,0.00717595,0,0.752211,0.0525455,0,0.011428,27,0.6,-3,2.93676,1,0,-0.250345,0,0,-0.444055,0,0.00612446,28,0.6,2.92542,1.00007,1,-0.119168,0.00013411,0,0.49305,-0.000476837,0,0.00594759,29,0.6,1.99934,-0.924649,1,-0.00744462,0.331311,0,-0.0548363,0.754148,0,0.0132319,30,0.6,-3,-2.06327,1,0,-0.250804,0,0,-0.447631,0,0.00596721,31,0.6,-0.936755,-0.999959,1,0.250441,0.000360608,0,0.44474,0.00247359,0,0.0144512,32,0.6,-2.00004,1.93638,1,-0.000399351,-0.255612,0,-0.00298023,-0.487447,0,0.0124553,33,0.6,-0.868805,0,1,0.464739,0,0,0.447869,0,0,0.0116817,34,0.6,-0.955999,-3,1,0.28404,0,0,1.00002,0,0,0.00821696,35,0.6,-3,-1.07201,1,0,-0.305799,0,0,-0.6392,0,0.00742105
0,0.7,-1,2,1,0,0,0,0,0,0,0.0106433,1,0.7,-1.90961,-2.00009,1,0.291127,-0.000624731,0,0.362113,-0.00299513,0,0.0129899,2,0.7,-2.90959,2.00009,1,0.291492,0.000631064,0,0.368491,0.00309944,0,0.0102811,3,0.7,3,2.03526,1,0,0.0282373,0,0,-0.219479,0,0.00569107,4,0.7,1.99936,2.82063,1,-0.0186047,-0.493811,0,-0.351585,-0.152454,0,0.0113419,5,0.7,-7.27957e-05,-1.0921,1,-0.000453437,-0.309122,0,-0.00153346,-0.512846,0,0.0142227,6,0.7,2.96471,3,1,-0.0283994,0,0,0.218987,0,0,0.00470531,7,0.7,0.820627,2,1,-0.493871,0,0,-0.152491,0,0,0.00897455,8,0.7,-2,-0.179372,1,0,-0.493871,0,0,-0.152499,0,0.0156819,9,0.7,-2.00009,-2.9096,1,-0.000624359,0.291093,0,-0.00298023,0.361189,0,0.0123736,10,0.7,0.112128,-2.00163,1,0.402348,-0.011367,0,0.643048,-0.0246316,0,0.013069,11,0.7,2,-2.11228,1,0,-0.106841,0,0,0.688806,0,0.00819091,12,0.7,-0.875162,3,1,0.444101,0,0,0.539769,0,0,0.00446065,13,0.7,-3,1,1,0,0,0,0,0,0,0.00727262,14,0.7,-2,3,1,0,0,0,0,0,0,0.00559291,15,0.7,0.999904,0.820246,1,-0.000160839,-0.493998,0,0.000383705,-0.150185,0,0.0150183,16,0.7,0.179372,3,1,0.493871,0,0,0.152499,0,0,0.00590021,17,0.7,-2.90963,-3,1,0.290883,0,0,0.359893,0,0,0.00547605,18,0.7,-1.00006,-1.90944,1,-0.000358559,0.29272,0,-0.000827014,0.372246,0,0.0167762,19,0.7,1,-1.82063,1,0,0.493872,0,0,0.152484,0,0.0120227,20,0.7,0.179372,-3,1,0.493871,0,0,0.152499,0,0,0.00682594,21,0.7,0.112018,1.0017,1,0.402092,0.0115853,0,0.644196,0.0243634,0,0.0136088,22,0.7,2.17937,0,1,0.493874,0,0,0.152454,0,0,0.0103938,23,0.7,-0.892099,1,1,0.38409,0,0,0.612814,0,0,0.00823296,24,0.7,-1.89268,1,1,0.378798,0,0,0.58651,0,0,0.0070917,25,0.7,2.90789,-1.00007,1,-0.30914,-0.000452809,0,-0.512853,-0.00151247,0,0.00717968,26,0.7,-2.88794,0.00156939,1,0.401777,0.0109181,0,0.640765,0.0235053,0,0.011428,27,0.7,-3,2.90963,1,0,-0.290883,0,0,-0.359893,0,0.00612446,28,0.7,2.91605,1.00008,1,-0.067874,8.34465e-05,0,0.521094,-0.000521541,0,0.00594759,29,0.7,1.99838,-0.887872,1,-0.0113524,0.402347,0,-0.024572,0.64306,0,0.0132319,30,0.7,-3,-2.09047,1,0,-0.291854,0,0,-0.366226,0,0.00596721,31,0.7,-0.909589,-0.99991,1,0.291665,0.000618771,0,0.372037,0.00285357,0,0.0144512,32,0.7,-2.0001,1.90834,1,-0.000726059,-0.305285,0,-0.0037998,-0.490747,0,0.0124553,33,0.7,-0.820627,0,1,0.493871,0,0,0.152491,0,0,0.0116817,34,0.7,-0.922779,-3,1,0.377701,0,0,0.841912,0,0,0.00821696,35,0.7,-3,-1.10572,1,0,-0.367446,0,0,-0.583552,0,0.00742105
0,0.8,-1,2,1,0,0,0,0,0,0,0.00911815,1,0.8,-1.87887,-2.00017,1,0.321722,-0.000977516,0,0.245214,-0.00417233,0,0.0133413,2,0.8,-2.87878,2.00017,1,0.322914,0.00100732,0,0.254869,0.00429153,0,0.0090911,3,0.8,3,2.037,1,0,0.00679493,0,0,-0.205874,0,0.00594305,4,0.8,1.99531,2.77081,1,-0.0664413,-0.5,0,-0.586808,0,0,0.0100983,5,0.8,-0.000127183,-1.12551,1,-0.000654484,-0.35806,0,-0.00273548,-0.456452,0,0.0163618,6,0.8,2.96295,3,1,-0.00702739,0,0,0.204921,0,0,0.0061046,7,0.8,0.770806,2,1,-0.5,0,0,0,0,0,0.00868409,8,0.8,-2,-0.229194,1,0,-0.5,0,0,0,0,0.0129644,9,0.8,-2.00017,-2.87887,1,-0.000977516,0.321561,0,-0.00417233,0.243664,0,0.0116541,10,0.8,0.155252,-2.00284,1,0.456568,-0.0126183,0,0.431314,-0.00154972,0,0.0117807,11,0.8,2,-2.11951,1,0,-0.0381291,0,0,0.672221,0,0.00832479,12,0.8,-0.828532,3,1,0.483775,0,0,0.258237,0,0,0.00454279,13,0.8,-3,1,1,0,0,0,0,0,0,0.00768285,14,0.8,-2,3,1,0,0,0,0,0,0,0.00569919,15,0.8,0.999889,0.77042,1,-0.000117719,-0.5,0,0.000417233,-2.98023e-05,0,0.013514,16,0.8,0.229194,3,1,0.5,0,0,0,0,0,0.00474356,17,0.8,-2.87893,-3,1,0.321192,0,0,0.241637,0,0,0.00692788,18,0.8,-1.0001,-1.87849,1,-0.000455976,0.324428,0,-0.00119209,0.256956,0,0.0145822,19,0.8,1,-1.77081,1,0,0.5,0,0,5.96046e-05,0,0.0112496,20,0.8,0.229194,-3,1,0.5,0,0,0,0,0,0.00647816,21,0.8,0.155121,1.00294,1,0.45643,0.0128001,0,0.432439,0.00107288,0,0.0114943,22,0.8,2.22919,0,1,0.5,0,0,0,0,0,0.0102644,23,0.8,-0.850885,1,1,0.437465,0,0,0.449777,0,0,0.00799102,24,0.8,-1.85211,1,1,0.43028,0,0,0.440478,0,0,0.00736633,25,0.8,2.87449,-1.00013,1,-0.358081,-0.000652671,0,-0.456333,-0.00268221,0,0.00997332,26,0.8,-2.84488,0.00273908,1,0.455874,0.0121066,0,0.431418,0.00135344,0,0.0116314,27,0.8,-3,2.87893,1,0,-0.321192,0,0,-0.241637,0,0.00582007,28,0.8,2.91183,1.00008,1,-0.0169933,3.27826e-05,0,0.487685,-0.000536442,0,0.00592766,29,0.8,1.99716,-0.844749,1,-0.0125974,0.456567,0,-0.00154972,0.431329,0,0.0128739,30,0.8,-3,-2.1213,1,0,-0.322855,0,0,-0.249028,0,0.00731474,31,0.8,-0.878735,-0.999832,1,0.323549,0.000958145,0,0.260353,0.00405312,0,0.0209096,32,0.8,-2.00019,1.87545,1,-0.00119805,-0.351083,0,-0.00560284,-0.413835,0,0.0153274,33,0.8,-0.770806,0,1,0.5,0,0,0,0,0,0.0113933,34,0.8,-0.881249,-3,1,0.448018,0,0,0.551611,0,0,0.00834505,35,0.8,-3,-1.14522,1,0,-0.42071,0,0,-0.473917,0,0.00832212
0,0.9,-1,2,1,0,0,0,0,0,0,0.00911815,1,0.9,-1.84563,-2.00029,1,0.341434,-0.00134148,0,0.146136,-0.00329316,0,0.0133413,2,0.9,-2.84529,2.00029,1,0.345708,0.00137724,0,0.194535,0.00338256,0,0.0090911,3,0.9,3,2.0367,1,0,-0.0122026,0,0,-0.172555,0,0.00594305,4,0.9,1.98495,2.72081,1,-0.146579,-0.5,0,-0.942968,0,0,0.0100983,5,0.9,-0.000202776,-1.16366,1,-0.00082443,-0.405114,0,-0.000758096,-0.464343,0,0.0163618,6,0.9,2.96322,3,1,0.0118472,0,0,0.170976,0,0,0.0061046,7,0.9,0.720806,2,1,-0.5,0,0,-7.45058e-06,0,0,0.00868409,8,0.9,-2,-0.279194,1,0,-0.5,0,0,8.9407e-07,0,0.0129644,9,0.9,-2.00029,-2.84566,1,-0.00137202,0.340976,0,-0.0038594,0.141978,0,0.0116541,10,0.9,0.20266,-2.00409,1,0.487693,-0.0120427,0,0.197419,0.0123233,0,0.0117807,11,0.9,2,-2.1201,1,0,0.0248834,0,0,0.581622,0,0.00832479,12,0.9,-0.779269,3,1,0.498158,0,0,0.0571311,0,0,0.00454279,13,0.9,-3,1,1,0,0,0,0,0,0,0.00768285,14,0.9,-2,3,1,0,0,0,0,0,0,0.00569919,15,0.9,0.99988,0.72042,1,-7.40401e-05,-0.5,0,0.00045076,0,0,0.013514,16,0.9,0.279194,3,1,0.5,0,0,-8.9407e-07,0,0,0.00474356,17,0.9,-2.84577,-3,1,0.340369,0,0,0.139251,0,0,0.00692788,18,0.9,-1.00015,-1.84491,1,-0.000518374,0.345399,0,-0.000275671,0.159279,0,0.0145822,19,0.9,1,-1.72081,1,0,0.5,0,0,-1.49012e-05,0,0.0112496,20,0.9,0.279194,-3,1,0.5,0,0,-8.9407e-07,0,0,0.00647816,21,0.9,0.202521,1.0042,1,0.487641,0.0121752,0,0.198032,-0.0128224,0,0.0114943,22,0.9,2.27919,0,1,0.5,0,0,0,0,0,0.0102644,23,0.9,-0.80516,1,1,0.474208,0,0,0.281397,0,0,0.00799102,24,0.9,-1.80709,1,1,0.467725,0,0,0.301853,0,0,0.00736633,25,0.9,2.83633,-1.0002,1,-0.405124,-0.000818819,0,-0.464261,-0.000730157,0,0.00997332,26,0.9,-2.79754,0.00393264,1,0.487189,0.0115437,0,0.200585,-0.0119034,0,0.0116314,27,0.9,-3,2.84576,1,0,-0.340512,0,0,-0.141859,0,0.00582007,28,0.9,2.91245,1.00009,1,0.027946,-1.63913e-05,0,0.407293,-0.000447035,0,0.00592766,29,0.9,1.99592,-0.79734,1,-0.0120232,0.487693,0,0.0123009,0.197422,0,0.0128739,30,0.9,-3,-2.15467,1,0,-0.342789,0,0,-0.146806,0,0.00731474,31,0.9,-0.845082,-0.999719,1,0.349229,0.00130013,0,0.2429,0.00309199,0,0.0209096,32,0.9,-2.00035,1.83825,1,-0.00207201,-0.392962,0,-0.0115335,-0.412673,0,0.0153274,33,0.9,-0.720806,0,1,0.5,0,0,7.45058e-06,0,0,0.0113933,34,0.9,-0.834242,-3,1,0.486845,0,0,0.235908,0,0,0.00834505,35,0.9,-3,-1.18942,1,0,-0.460985,0,0,-0.330031,0,0.00832212
0,1,-1,2,1,0,0,0,0,0,0,0.00875423,1,1,-1.81094,-2.00044,1,0.35052,-0.00167489,0,0.0340939,-0.00345707,0,0.0138869,2,1,-2.80989,2.00044,1,0.360739,0.00172257,0,0.101566,0.0038147,0,0.00919607,3,1,3,2.03469,1,0,-0.0274777,0,0,-0.132084,0,0.00499358,4,1,1.96541,2.67081,1,-0.245064,-0.5,0,-0.999987,0,0,0.0134173,5,1,-0.000286396,-1.20637,1,-0.000823967,-0.447682,0,0.000683373,-0.374973,0,0.0141785,6,1,2.96519,3,1,0.0269234,0,0,0.12958,0,0,0.00557452,7,1,0.670806,2,1,-0.5,0,0,-2.98023e-05,0,0,0.00714827,8,1,-2,-0.329194,1,0,-0.5,0,0,1.43051e-05,0,0.0171869,9,1,-2.00044,-2.81104,1,-0.00177622,0.349569,0,-0.00441074,0.0288486,0,0.0116025,10,1,0.252101,-2.00521,1,0.49836,-0.0102937,0,0.0327969,0.0220537,0,0.0113756,11,1,2,-2.11489,1,0,0.0771701,0,0,0.460267,0,0.00999687,12,1,-0.729314,3,1,0.5,0,0,2.98023e-05,0,0,0.00473622,13,1,-3,1,1,0,0,0,0,0,0,0.00800737,14,1,-2,3,1,0,0,0,0,0,0,0.00661205,15,1,0.999875,0.67042,1,-2.83122e-05,-0.5,0,0.000447035,-2.98023e-05,0,0.0125195,16,1,0.329194,3,1,0.5,0,0,-1.43051e-05,0,0,0.00535832,17,1,-2.81122,-3,1,0.348657,0,0,0.0251532,0,0,0.00913411,18,1,-1.00021,-1.80976,1,-0.000548363,0.355795,0,-0.000476837,0.0469685,0,0.0164212,19,1,1,-1.67081,1,0,0.500003,0,0,-5.96046e-05,0,0.011358,20,1,0.329194,-3,1,0.5,0,0,-1.43051e-05,0,0,0.00582293,21,1,0.251959,1.00533,1,0.498349,0.0103772,0,0.0330204,-0.0225306,0,0.010982,22,1,2.32919,0,1,0.5,0,0,0,0,0,0.00889803,23,1,-0.756618,1,1,0.4939,0,0,0.11766,0,0,0.00678567,24,1,-1.75907,1,1,0.490192,0,0,0.14931,0,0,0.00802972,25,1,2.79362,-1.00029,1,-0.447685,-0.000816584,0,-0.374913,0.000655651,0,0.00846884,26,1,-2.74813,0.00501051,1,0.498199,0.00986005,0,0.0360012,-0.0211375,0,0.0104233,27,1,-3,2.81118,1,0,-0.349134,0,0,-0.0290871,0,0.00541576,28,1,2.91712,1.00008,1,0.0638723,-5.66244e-05,0,0.309229,-0.000357628,0,0.00523766,29,1,1.99479,-0.7479,1,-0.0102788,0.498362,0,0.0219941,0.0327528,0,0.0106302,30,1,-3,-2.1895,1,0,-0.351793,0,0,-0.0318289,0,0.00723305,31,1,-0.809044,-0.999573,1,0.37034,0.0016287,0,0.171751,0.00366569,0,0.0199076,32,1,-2.00062,1.79697,1,-0.00343919,-0.431645,0,-0.015378,-0.352263,0,0.0135653,33,1,-0.670806,0,1,0.5,0,0,2.98023e-05,0,0,0.0116296,34,1,-0.784788,-3,1,0.498717,0,0,0.0256598,0,0,0.00708301,35,1,-3,-1.23692,1,0,-0.486609,0,0,-0.182986,0,0.00836568
0,1.1,-1,2,1,0,0,0,0,0,0,0.00875423,1,1.1,-1.77584,-2.00062,1,0.350153,-0.00191927,0,-0.0426844,-0.00166893,0,0.0138869,2,1.1,-2.77317,2.00063,1,0.374855,0.00188053,0,0.165686,-0.000149012,0,0.00919607,3,1.1,3,2.03135,1,0,-0.038448,0,0,-0.0877082,0,0.00499358,4,1.1,1.936,2.62081,1,-0.341468,-0.5,0,-0.897087,0,0,0.0134173,5,1.1,-0.000363963,-1.25282,1,-0.000714544,-0.478884,0,0.00145303,-0.240602,0,0.0141785,6,1.1,2.96846,3,1,0.0375763,0,0,0.0839233,0,0,0.00557452,7,1.1,0.620806,2,1,-0.5,0,0,0,0,0,0.00714827,8,1.1,-2,-0.379194,1,0,-0.5,0,0,0,0,0.0171869,9,1.1,-2.00064,-2.77607,1,-0.00210032,0.348555,0,-0.00232458,-0.0500679,0,0.0116025,10,1.1,0.302038,-2.00612,1,0.499898,-0.00780709,0,0.00409603,0.0271946,0,0.0113756,11,1.1,2,-2.10511,1,0,0.116144,0,0,0.319675,0,0.00999687,12,1.1,-0.679314,3,1,0.5,0,0,0,0,0,0.00473622,13,1.1,-3,1,1,0,0,0,0,0,0,0.00800737,14,1.1,-2,3,1,0,0,0,0,0,0,0.00661205,15,1.1,0.999874,0.62042,1,1.36904e-05,-0.5,0,0.000391155,0,0,0.0125195,16,1.1,0.379194,3,1,0.5,0,0,0,0,0,0.00535832,17,1.1,-2.77636,-3,1,0.347242,0,0,-0.0543743,0,0,0.00913411,18,1.1,-1.00026,-1.77401,1,-0.000543334,0.358362,0,0.000365078,0.000208616,0,0.0164212,19,1.1,1,-1.62081,1,0,0.5,0,0,-7.45058e-06,0,0.011358,20,1.1,0.379194,-3,1,0.5,0,0,0,0,0,0.00582293,21,1.1,0.301895,1.00625,1,0.499897,0.00784285,0,0.00412397,-0.0276417,0,0.010982,22,1.1,2.37919,0,1,0.5,0,0,0,0,0,0.00889803,23,1.1,-0.706861,1,1,0.499565,0,0,0.0163354,0,0,0.00678567,24,1.1,-1.70952,1,1,0.498801,0,0,0.0362322,0,0,0.00802972,25,1.1,2.74717,-1.00036,1,-0.478884,-0.000709854,0,-0.240594,0.00143796,0,0.00846884,26,1.1,-2.6982,0.00588139,1,0.499887,0.00747561,0,0.00450015,-0.0260641,0,0.0104233,27,1.1,-3,2.77622,1,0,-0.349133,0,0,0.0317991,0,0.00541576,28,1.1,2.92487,1.00007,1,0.089306,-8.67993e-05,0,0.200495,-0.000238419,0,0.00523766,29,1.1,1.99388,-0.697963,1,-0.00779722,0.499898,0,0.0271276,0.00410154,0,0.0106302,30,1.1,-3,-2.2247,1,0,-0.350903,0,0,0.0505,0,0.00723305,31,1.1,-0.770906,-0.999286,1,0.39441,0.0050365,0,0.292283,0.0590794,0,0.0199076,32,1.1,-2.00103,1.7521,1,-0.00441223,-0.464831,0,-0.00458956,-0.293843,0,0.0135653,33,1.1,-0.620806,0,1,0.5,0,0,0,0,0,0.0116296,34,1.1,-0.734838,-3,1,0.49992,0,0,0.00321493,0,0,0.00708301,35,1.1,-3,-1.28626,1,0,-0.497914,0,0,-0.0517592,0,0.00836568
0,1.2,-1,2,1,0,0,0,0,0,0,0.00775987,1,1.2,-1.74117,-2.00082,1,0.341833,-0.0020504,0,-0.124037,-0.0013113,0,0.0160825,2,1.2,-2.73485,2.00081,1,0.391215,0.00178218,0,0.150084,-0.00143051,0,0.00907641,3,1.2,3,2.02714,1,0,-0.0451148,0,0,-0.0464916,0,0.0054113,4,1.2,1.89773,2.57081,1,-0.419819,-0.5,0,-0.654459,0,0,0.00985767,5,1.2,-0.000427242,-1.30165,1,-0.000543104,-0.495356,0,0.00193034,-0.092864,0,0.0119244,6,1.2,2.97256,3,1,0.0438213,0,0,0.0418425,0,0,0.00548037,7,1.2,0.570806,2,1,-0.5,0,0,-2.98023e-05,0,0,0.00711866,8,1.2,-2,-0.429194,1,0,-0.5,0,0,1.43051e-05,0,0.0137879,9,1.2,-2.00086,-2.7416,1,-0.00228286,0.339454,0,-0.00178814,-0.131845,0,0.0125959,10,1.2,0.352036,-2.00676,1,0.5,-0.00495315,0,-1.43051e-05,0.0295639,0,0.00840411,11,1.2,2,-2.09213,1,0,0.141305,0,0,0.184894,0,0.00903734,12,1.2,-0.629314,3,1,0.5,0,0,2.98023e-05,0,0,0.00447848,13,1.2,-3,1,1,0,0,0,0,0,0,0.00680342,14,1.2,-2,3,1,0,0,0,0,0,0,0.00699236,15,1.2,0.999877,0.57042,1,5.06639e-05,-0.5,0,0.000298023,-2.98023e-05,0,0.010906,16,1.2,0.429194,3,1,0.5,0,0,-1.43051e-05,0,0,0.00476728,17,1.2,-2.74204,-3,1,0.33769,0,0,-0.136852,0,0,0.00656459,18,1.2,-1.00032,-1.73828,1,-0.0005126,0.355154,0,0.000119209,-0.0668764,0,0.0138556,19,1.2,1,-1.57081,1,0,0.500003,0,0,-5.96046e-05,0,0.00902607,20,1.2,0.429194,-3,1,0.5,0,0,-1.43051e-05,0,0,0.00594822,21,1.2,0.351893,1.00689,1,0.5,0.00494421,0,-1.43051e-05,-0.0299215,0,0.0115095,22,1.2,2.42919,0,1,0.5,0,0,0,0,0,0.00926067,23,1.2,-0.65687,1,1,0.5,0,0,2.98023e-05,0,0,0.00696621,24,1.2,-1.65955,1,1,0.500003,0,0,-5.96046e-05,0,0,0.00735472,25,1.2,2.69834,-1.00042,1,-0.495356,-0.000542402,0,-0.092864,0.00196695,0,0.00780523,26,1.2,-2.6482,0.0064939,1,0.5,0.00473786,0,0,-0.0282717,0,0.00987841,27,1.2,-3,2.74158,1,0,-0.342363,0,0,0.104904,0,0.00589913,28,1.2,2.93463,1.00006,1,0.104249,-0.000104308,0,0.0997782,-0.000178814,0,0.00478032,29,1.2,1.99325,-0.647965,1,-0.00494421,0.5,0,0.0293851,2.98023e-05,0,0.00954986,30,1.2,-3,-2.2594,1,0,-0.341612,0,0,0.135541,0,0.00686723,31,1.2,-0.729923,-0.998432,1,0.425728,0.0124559,0,0.320762,0.0847876,0,0.0111721,32,1.2,-2.00148,1.70434,1,-0.00445247,-0.488129,0,0.00333786,-0.166893,0,0.0109667,33,1.2,-0.570806,0,1,0.5,0,0,2.98023e-05,0,0,0.00954412,34,1.2,-0.684839,-3,1,0.5,0,0,2.98023e-05,0,0,0.00641763,35,1.2,-3,-1.33616,1,0,-0.498828,0,0,0.023365,0,0.00790574
0,1.3,-1,2,1,0,0,0,0,0,0,0.00775987,1,1.3,-1.70764,-2.00102,1,0.328423,-0.00205003,0,-0.146814,0.00102818,0,0.0160825,2,1.3,-2.69469,2.00098,1,0.414173,0.00153929,0,0.285268,-0.00327826,0,0.00907641,3,1.3,3,2.02246,1,0,-0.0478614,0,0,-0.00964105,0,0.0054113,4,1.3,1.85298,2.52083,1,-0.470231,-0.499303,0,-0.359252,0.0159591,0,0.00985767,5,1.3,-0.000471724,-1.35147,1,-0.000345325,-0.499709,0,0.00200276,-0.011608,0,0.0119244,6,1.3,2.97709,3,1,0.0460282,0,0,0.00369549,0,0,0.00548037,7,1.3,0.520806,2,1,-0.5,0,0,2.08616e-06,0,0,0.00711866,8,1.3,-2,-0.479194,1,0,-0.5,0,0,-1.78814e-06,0,0.0137879,9,1.3,-2.00109,-2.70838,1,-0.00231639,0.324318,0,0.000804663,-0.171825,0,0.0125959,10,1.3,0.402036,-2.00711,1,0.5,-0.00208728,0,0,0.027582,0,0.00840411,11,1.3,2,-2.07729,1,0,0.153448,0,0,0.0615865,0,0.00903734,12,1.3,-0.579314,3,1,0.5,0,0,0,0,0,0.00447848,13,1.3,-3,1,1,0,0,0,0,0,0,0.00680342,14,1.3,-2,3,1,0,0,0,0,0,0,0.00699236,15,1.3,0.999884,0.52042,1,7.80448e-05,-0.5,0,0.000245869,2.08616e-06,0,0.010906,16,1.3,0.479194,3,1,0.5,0,0,1.78814e-06,0,0,0.00476728,17,1.3,-2.70902,-3,1,0.322049,0,0,-0.176921,0,0,0.00656459,18,1.3,-1.00036,-1.70274,1,-0.000471808,0.358923,0,0.000409782,0.123687,0,0.0138556,19,1.3,1,-1.52081,1,0,0.5,0,0,-7.45058e-06,0,0.00902607,20,1.3,0.479194,-3,1,0.5,0,0,1.78814e-06,0,0,0.00594822,21,1.3,0.401893,1.00724,1,0.5,0.00204444,0,0,-0.0279099,0,0.0115095,22,1.3,2.47919,0,1,0.5,0,0,0,0,0,0.00926067,23,1.3,-0.60687,1,1,0.5,0,0,0,0,0,0.00696621,24,1.3,-1.60955,1,1,0.5,0,0,-7.45058e-06,0,0,0.00735472,25,1.3,2.64852,-1.00047,1,-0.499709,-0.000341982,0,-0.011608,0.00202656,0,0.00780523,26,1.3,-2.5982,0.00682901,1,0.5,0.0019954,0,0,-0.0264142,0,0.00987841,27,1.3,-3,2.70775,1,0,-0.335205,0,0,0.0484139,0,0.00589913,28,1.3,2.9454,1.00005,1,0.109527,-0.000116043,0,0.00910461,-5.21541e-05,0,0.00478032,29,1.3,1.9929,-0.597965,1,-0.00209231,0.5,0,0.0274703,0,0,0.00954986,30,1.3,-3,-2.29281,1,0,-0.325892,0,0,0.179589,0,0.00686723,31,1.3,-0.685751,-0.996854,1,0.457239,0.0182469,0,0.293832,0.0333749,0,0.0111721,32,1.3,-2.0019,1.65492,1,-0.00389218,-0.498376,0,0.00756979,-0.0473037,0,0.0109667,33,1.3,-0.520806,0,1,0.5,0,0,-2.08616e-06,0,0,0.00954412,34,1.3,-0.634839,-3,1,0.5,0,0,0,0,0,0.00641763,35,1.3,-3,-1.38582,1,0,-0.493222,0,0,0.0905022,0,0.00790574
0,1.4,-1,2,1,0,0,0,0,0,0,0.00831078,1,1.4,-1.67559,-2.00122,1,0.312036,-0.00189543,0,-0.182569,0.00154972,0,0.0127963,2,1.4,-2.65178,2.00112,1,0.444221,0.00114441,0,0.298977,-0.00441074,0,0.00811831,3,1.4,3,2.01768,1,0,-0.0472844,0,0,0.019908,0,0.00550345,4,1.4,1.80459,2.47102,1,-0.49372,-0.496447,0,-0.125587,0.0430346,0,0.00930083,5,1.4,-0.000496281,-1.40147,1,-0.000146691,-0.500003,0,0.001951,5.96046e-05,0,0.0107474,6,1.4,2.98165,3,1,0.0448406,0,0,-0.026226,0,0,0.00586295,7,1.4,0.470806,2,1,-0.5,0,0,1.43051e-05,0,0,0.00748226,8,1.4,-2,-0.529194,1,0,-0.5,0,0,-2.98023e-05,0,0.0118527,9,1.4,-2.00132,-2.67688,1,-0.00217557,0.304967,0,0.00178814,-0.21565,0,0.01111,10,1.4,0.452036,-2.00719,1,0.5,0.000536442,0,-1.43051e-05,0.0246763,0,0.00970398,11,1.4,2,-2.06181,1,0,0.154358,0,0,-0.0396967,0,0.0087507,12,1.4,-0.529314,3,1,0.5,0,0,1.43051e-05,0,0,0.00462231,13,1.4,-3,1,1,0,0,0,0,0,0,0.00771457,14,1.4,-2,3,1,0,0,0,0,0,0,0.00625155,15,1.4,0.999893,0.47042,1,9.98378e-05,-0.5,0,0.000208616,1.43051e-05,0,0.00980606,16,1.4,0.529194,3,1,0.5,0,0,2.98023e-05,0,0,0.00496971,17,1.4,-2.67777,-3,1,0.30219,0,0,-0.220656,0,0,0.00911806,18,1.4,-1.00041,-1.66604,1,-0.000482798,0.376493,0,-0.00089407,0.212252,0,0.0137126,19,1.4,1,-1.47081,1,0,0.500003,0,0,-5.96046e-05,0,0.00899283,20,1.4,0.529194,-3,1,0.5,0,0,2.98023e-05,0,0,0.00577289,21,1.4,0.451893,1.00731,1,0.5,-0.000604987,0,-1.43051e-05,-0.025034,0,0.00972212,22,1.4,2.52919,0,1,0.5,0,0,0,0,0,0.00826791,23,1.4,-0.55687,1,1,0.5,0,0,2.98023e-05,0,0,0.00669084,24,1.4,-1.55955,1,1,0.500003,0,0,-5.96046e-05,0,0,0.00732336,25,1.4,2.59852,-1.00049,1,-0.5,-0.000143051,0,0,0.00196695,0,0.0080578,26,1.4,-2.5482,0.00690072,1,0.5,-0.000515557,0,0,-0.0236745,0,0.0120088,27,1.4,-3,2.67445,1,0,-0.330889,0,0,0.0455379,0,0.00616119,28,1.4,2.95627,1.00004,1,0.106716,-0.000116229,0,-0.0617504,0,0,0.0059417,29,1.4,1.99282,-0.547965,1,0.000521541,0.5,0,0.0246167,2.98023e-05,0,0.00993519,30,1.4,-3,-2.32442,1,0,-0.305623,0,0,0.225902,0,0.00699177,31,1.4,-0.638699,-0.994932,1,0.482203,0.0195742,0,0.198126,-0.00473857,0,0.0110386,32,1.4,-2.00224,1.60496,1,-0.00298619,-0.500003,0,0.0101328,5.96046e-05,0,0.00906203,33,1.4,-0.470806,0,1,0.5,0,0,-1.43051e-05,0,0,0.0111235,34,1.4,-0.584839,-3,1,0.5,0,0,2.98023e-05,0,0,0.00634626,35,1.4,-3,-1.43456,1,0,-0.480458,0,0,0.165641,0,0.00767261
0,1.5,-1,2,1,0,0,0,0,0,0,0.00831078,1,1.5,-1.64484,-2.0014,1,0.306872,-0.00158101,0,0.0555292,0.00423193,0,0.0127963,2,1.5,-2.60598,2.00121,1,0.470667,0.000691041,0,0.225112,-0.00460446,0,0.00811831,3,1.5,3,2.01309,1,0,-0.0441223,0,0,0.0420213,0,0.00550345,4,1.5,1.75483,2.42168,1,-0.499607,-0.48966,0,-0.0156984,0.0927448,0,0.00930083,5,1.5,-0.000209368,-1.45147,1,0.00852687,-0.5,0,0.160611,7.45058e-06,0,0.0107474,6,1.5,2.98597,3,1,0.0410229,0,0,-0.048548,0,0,0.00586295,7,1.5,0.420808,2,1,-0.499881,0,0,0.00477389,0,0,0.00748226,8,1.5,-2,-0.579191,1,0,-0.499881,0,0,0.0047721,0,0.0118527,9,1.5,-2.00152,-2.6474,1,-0.00187941,0.285038,0,0.0037998,-0.189364,0,0.01111,10,1.5,0.502036,-2.00665,1,0.5,0.013474,0,5.66244e-06,0.218585,0,0.00970398,11,1.5,2,-2.04671,1,0,0.146274,0,0,-0.117719,0,0.0087507,12,1.5,-0.479314,3,1,0.5,0,0,-1.78814e-06,0,0,0.00462231,13,1.5,-3,1,1,0,0,0,0,0,0,0.00771457,14,1.5,-2,3,1,0,0,0,0,0,0,0.00625155,15,1.5,0.999904,0.420423,1,0.000116415,-0.499873,0,0.00012666,0.00497878,0,0.00980606,16,1.5,0.579191,3,1,0.499881,0,0,-0.0047721,0,0,0.00496971,17,1.5,-2.64862,-3,1,0.281158,0,0,-0.205263,0,0,0.00911806,18,1.5,-1.00046,-1.6271,1,-0.000505894,0.403916,0,0.000372529,0.316538,0,0.0137126,19,1.5,0.999632,-1.42081,1,-0.0106528,0.49988,0,-0.197649,-0.00477582,0,0.00899283,20,1.5,0.579191,-3,1,0.499881,0,0,-0.0047721,0,0,0.00577289,21,1.5,0.501893,1.00713,1,0.5,-0.00292063,0,-1.78814e-06,-0.0211895,0,0.00972212,22,1.5,2.57919,0,1,0.499798,0,0,-0.00709295,0,0,0.00826791,23,1.5,-0.50687,1,1,0.5,0,0,-5.66244e-06,0,0,0.00669084,24,1.5,-1.50955,1,1,0.5,0,0,-7.45058e-06,0,0,0.00732336,25,1.5,2.54852,-1.0005,1,-0.5,4.45172e-05,0,0,0.00178069,0,0.0080578,26,1.5,-2.4982,0.00673655,1,0.5,-0.00270799,0,0,-0.0200866,0,0.0120088,27,1.5,-3,2.64109,1,0,-0.340799,0,0,-0.219777,0,0.00616119,28,1.5,2.96653,1.00003,1,0.0976853,-0.000111945,0,-0.115097,8.19564e-05,0,0.0059417,29,1.5,1.99299,-0.497965,1,0.00280254,0.5,0,0.0209063,-5.66244e-06,0,0.00993519,30,1.5,-3,-2.35389,1,0,-0.28383,0,0,0.21477,0,0.00699177,31,1.5,-0.5897,-0.99333,1,0.495795,0.00945115,0,0.079643,-0.185456,0,0.0110386,32,1.5,-2.00249,1.55496,1,-0.0019405,-0.5,0,0.0106543,7.45058e-06,0,0.00906203,33,1.5,-0.420808,0,1,0.499881,0,0,-0.00477389,0,0,0.0111235,34,1.5,-0.534839,-3,1,0.5,0,0,0,0,0,0.00634626,35,1.5,-3,-1.48176,1,0,-0.463109,0,0,0.186451,0,0.00767261
0,1.6,-1,2,1,0,0,0,0,0,0,0.00616584,1,1.6,-1.61364,-2.00153,1,0.318858,-0.00113249,0,0.165045,0.00441074,0,0.0113142,2,1.6,-2.55793,2.00125,1,0.488687,0.000226498,0,0.134349,-0.00429153,0,0.00838476,3,1.6,3,2.00892,1,0,-0.0391304,0,0,0.0566244,0,0.00605962,4,1.6,1.70484,2.37326,1,-0.500003,-0.47791,0,5.96046e-05,0.141978,0,0.00894643,5,1.6,0.00163275,-1.50147,1,0.0299393,-0.500003,0,0.258184,5.96046e-05,0,0.0106397,6,1.6,2.9898,3,1,0.035429,0,0,-0.062108,0,0,0.00539593,7,1.6,0.370882,2,1,-0.498091,0,0,0.0381917,0,0,0.00702558,8,1.6,-2,-0.629117,1,0,-0.498089,0,0,0.038147,0,0.0112566,9,1.6,-2.00169,-2.61984,1,-0.00148416,0.266027,0,0.00405312,-0.195146,0,0.00963679,10,1.6,0.552036,-2.004,1,0.5,0.0413954,0,2.98023e-05,0.326753,0,0.0105737,11,1.6,2,-2.03277,1,0,0.131619,0,0,-0.171423,0,0.0080003,12,1.6,-0.429314,3,1,0.5,0,0,-1.43051e-05,0,0,0.00556223,13,1.6,-3,1,1,0,0,0,0,0,0,0.00813134,14,1.6,-2,3,1,0,0,0,0,0,0,0.00783195,15,1.6,0.999916,0.370499,1,0.00012517,-0.498043,0,5.96046e-05,0.0388026,0,0.0104477,16,1.6,0.629117,3,1,0.498089,0,0,-0.038147,0,0,0.00525914,17,1.6,-2.62154,-3,1,0.26027,0,0,-0.215888,0,0,0.00811367,18,1.6,-1.00051,-1.58509,1,-0.000423193,0.436428,0,0.00119209,0.319719,0,0.0153382,19,1.6,0.997358,-1.37088,1,-0.0366852,0.498089,0,-0.310004,-0.038147,0,0.0108183,20,1.6,0.629117,-3,1,0.498089,0,0,-0.038147,0,0,0.0073276,21,1.6,0.551893,1.00674,1,0.500001,-0.00482798,0,-2.98023e-05,-0.0169277,0,0.0102706,22,1.6,2.62909,0,1,0.497544,0,0,-0.0451803,0,0,0.00946583,23,1.6,-0.45687,1,1,0.5,0,0,-1.43051e-05,0,0,0.00728477,24,1.6,-1.45955,1,1,0.500003,0,0,-5.96046e-05,0,0,0.00723749,25,1.6,2.49852,-1.00049,1,-0.5,0.000211596,0,0,0.00149012,0,0.0116237,26,1.6,-2.4482,0.00637187,1,0.5,-0.0045185,0,0,-0.0160667,0,0.0103987,27,1.6,-3,2.60563,1,0,-0.370497,0,0,-0.354648,0,0.00676006,28,1.6,2.97566,1.00002,1,0.0844002,-0.000101328,0,-0.147223,0.000178814,0,0.0060746,29,1.6,1.99337,-0.447965,1,0.00468791,0.5,0,0.0167489,-1.43051e-05,0,0.0138596,30,1.6,-3,-2.38118,1,0,-0.261885,0,0,0.227213,0,0.00703937,31,1.6,-0.539866,-0.993526,1,0.499655,-0.0152275,0,0.00689864,-0.297487,0,0.0122465,32,1.6,-2.00263,1.50496,1,-0.000882149,-0.500003,0,0.0104904,5.96046e-05,0,0.00972571,33,1.6,-0.370882,0,1,0.498091,0,0,-0.0381917,0,0,0.0119225,34,1.6,-0.484839,-3,1,0.5,0,0,-1.43051e-05,0,0,0.00667693,35,1.6,-3,-1.52707,1,0,-0.442323,0,0,0.232816,0,0.00784135
0,1.7,-1,2,1,0,0,0,0,0,0,0.00616584,1,1.7,-1.5806,-2.00162,1,0.344796,-0.000657514,0,0.334017,0.00499189,0,0.0113142,2,1.7,-2.50854,2.00126,1,0.497793,-0.000190362,0,0.05126,-0.00400841,0,0.00838476,3,1.7,2.99864,2.00529,1,-0.0388157,-0.0332076,0,-0.701979,0.0612289,0,0.00605962,4,1.7,1.65484,2.32627,1,-0.5,-0.461068,0,7.45058e-06,0.194177,0,0.00894643,5,1.7,0.00621452,-1.55147,1,0.06425,-0.5,0,0.411696,7.45058e-06,0,0.0106397,6,1.7,2.99302,3,1,0.0288621,0,0,-0.0679493,0,0,0.00539593,7,1.7,0.321354,2,1,-0.491462,0,0,0.0983812,0,0,0.00702558,8,1.7,-2,-0.678645,1,0,-0.491464,0,0,0.0983588,0,0.0112566,9,1.7,-2.00181,-2.59383,1,-0.000969693,0.257466,0,0.00582635,0.00472367,0,0.00963679,10,1.7,0.602002,-1.99799,1,0.498882,0.0805711,0,-0.0270568,0.442125,0,0.0105737,11,1.7,2,-2.02053,1,0,0.112765,0,0,-0.202209,0,0.0080003,12,1.7,-0.379387,3,1,0.497705,0,0,-0.0489838,0,0,0.00556223,13,1.7,-3,1,1,0,0,0,0,0,0,0.00813134,14,1.7,-2,3,1,0,0,0,0,0,0,0.00783195,15,1.7,1.0003,0.321054,1,0.0107804,-0.489238,0,0.197642,0.136085,0,0.0104477,16,1.7,0.678899,3,1,0.498545,0,0,0.0238642,0,0,0.00525914,17,1.7,-2.59651,-3,1,0.240958,0,0,-0.176832,0,0,0.00811367,18,1.7,-1.00054,-1.53994,1,-0.000276417,0.465458,0,0.00169873,0.253566,0,0.0153382,19,1.7,0.991925,-1.32143,1,-0.0737786,0.489367,0,-0.418074,-0.135057,0,0.0108183,20,1.7,0.67889,-3,1,0.498352,0,0,0.0222363,0,0,0.0073276,21,1.7,0.60186,1.00618,1,0.498884,-0.00624806,0,-0.0270754,-0.0115633,0,0.0102706,22,1.7,2.67845,0.000368122,1,0.488028,0.0106527,0,-0.144064,0.19765,0,0.00946583,23,1.7,-0.406885,0.999632,1,0.499425,-0.0106528,0,-0.0169351,-0.197649,0,0.00728477,24,1.7,-1.40956,1,1,0.499514,0,0,-0.0145808,0,0,0.00723749,25,1.7,2.44852,-1.00046,1,-0.5,0.00034254,0,0,0.00112504,0,0.0116237,26,1.7,-2.39823,0.00584831,1,0.498891,-0.0058686,0,-0.0269562,-0.0110184,0,0.0103987,27,1.7,-3,2.56678,1,0,-0.406565,0,0,-0.357211,0,0.00676006,28,1.7,2.98333,1.00053,1,0.0688139,0.0148954,0,-0.161484,0.272192,0,0.0060746,29,1.7,1.99428,-0.397998,1,0.0167366,0.498876,0,0.208929,-0.0272188,0,0.0138596,30,1.7,-3,-2.4063,1,0,-0.240868,0,0,0.198364,0,0.00703937,31,1.7,-0.48988,-0.996744,1,0.49997,-0.0509328,0,0.000519827,-0.405308,0,0.0122465,32,1.7,-2.00267,1.45496,1,0.000127777,-0.5,0,0.00961125,7.45058e-06,0,0.00972571,33,1.7,-0.321159,-5.78366e-16,1,0.497193,-2.60926e-14,0,0.0112038,-8.62362e-13,0,0.0119225,34,1.7,-0.43484,-3,1,0.499942,0,0,-0.00232078,0,0,0.00667693,35,1.7,-3,-1.5701,1,0,-0.417891,0,0,0.258364,0,0.00784135
0,1.8,-1,2,1,0,0,0,0,0,0,0.0100402,1,1.8,-1.54431,-2.00166,1,0.382131,-0.000149012,0,0.397086,0.005126,0,0.013286,2,1.8,-2.45861,2.00122,1,0.5,-0.000566244,0,0,-0.00345707,0,0.00730648,3,1.8,2.9906,2.00228,1,-0.126928,-0.0270009,0,-1.00005,0.0624657,0,0.0113149,4,1.8,1.60484,2.28121,1,-0.500003,-0.439221,0,5.96046e-05,0.242114,0,0.00993895,5,1.8,0.0148384,-1.60147,1,0.109285,-0.500003,0,0.475401,5.96046e-05,0,0.0130228,6,1.8,2.99556,3,1,0.0220716,0,0,-0.0671148,0,0,0.00506102,7,1.8,0.272826,2,1,-0.477777,0,0,0.177674,0,0,0.00669426,8,1.8,-2,-0.727174,1,0,-0.477782,0,0,0.177681,0,0.0105746,9,1.8,-2.00188,-2.56786,1,-0.000393391,0.2635,0,0.00548363,0.100613,0,0.00971154,10,1.8,0.651678,-1.98764,1,0.493774,0.127152,0,-0.0785291,0.477433,0,0.0114006,11,1.8,2,-2.01029,1,0,0.091809,0,0,-0.214219,0,0.00715952,12,1.8,-0.329964,3,1,0.489685,0,0,-0.113472,0,0,0.00594513,13,1.8,-3,1,1,0,0,0,0,0,0,0.0080909,14,1.8,-2,3,1,0,0,0,0,0,0,0.00775432,15,1.8,1.00258,0.272963,1,0.0368118,-0.471099,0,0.309885,0.225179,0,0.0105928,16,1.8,0.728848,3,1,0.500001,0,0,-2.98023e-05,0,0,0.00472264,17,1.8,-2.57328,-3,1,0.223809,0,0,-0.170588,0,0,0.00743818,18,1.8,-1.00056,-1.49228,1,-9.23872e-05,0.486177,0,0.00190735,0.158489,0,0.0134742,19,1.8,0.982374,-1.27332,1,-0.117783,0.471362,0,-0.450641,-0.223517,0,0.0128079,20,1.8,0.728819,-3,1,0.49987,0,0,0.0025928,0,0,0.00787968,21,1.8,0.651535,1.0055,1,0.493759,-0.00715852,0,-0.0789165,-0.00679493,0,0.0137027,22,1.8,2.72638,0.00264165,1,0.468981,0.0366861,0,-0.2352,0.309981,0,0.00561607,23,1.8,-0.357093,0.997358,1,0.495648,-0.0366852,0,-0.0628233,-0.310004,0,0.0110729,24,1.8,-1.35975,1,1,0.496119,0,0,-0.0580549,0,0,0.0105883,25,1.8,2.39852,-1.00042,1,-0.5,0.000438094,0,0,0.00077486,0,0.0107765,26,1.8,-2.34856,0.00521414,1,0.493783,-0.00673918,0,-0.0787973,-0.00648107,0,0.0107599,27,1.8,-3,2.5244,1,0,-0.440323,0,0,-0.311494,0,0.00554703,28,1.8,2.98941,1.00365,1,0.0526547,0.0494272,0,-0.159383,0.396967,0,0.00619619,29,1.8,1.99721,-0.348325,1,0.0436515,0.493733,0,0.316441,-0.0791103,0,0.0115404,30,1.8,-3,-2.4294,1,0,-0.221342,0,0,0.195742,0,0.00683972,31,1.8,-0.439886,-1.00396,1,0.499865,-0.0941992,0,-0.00271201,-0.450253,0,0.0130456,32,1.8,-2.00261,1.40496,1,0.0010252,-0.500003,0,0.00846386,5.96046e-05,0,0.00870364,33,1.8,-0.27136,-1.1254e-14,1,0.498875,-2.3142e-13,0,0.0169057,-3.49315e-12,0,0.0145784,34,1.8,-0.384876,-3,1,0.499071,0,0,-0.0185519,0,0,0.00817092,35,1.8,-3,-1.61054,1,0,-0.390252,0,0,0.295877,0,0.007746
0,1.9,-1,1.99948,1,0,-0.0149786,0,0,-0.272006,0,0.0100402,1,1.9,-1.50416,-2.00263,1,0.420153,-0.0279684,0,0.35736,-0.520512,0,0.013286,2,1.9,-2.40862,2.00114,1,0.499483,-0.000870973,0,-0.0153929,-0.00265241,0,0.00730648,3,1.9,2.97291,1.99989,1,-0.226931,-0.0209831,0,-1,0.0577569,0,0.0113149,4,1.9,1.55484,2.2383,1,-0.5,-0.420802,0,7.45058e-06,0.135139,0,0.00993895,5,1.9,0.0282117,-1.65133,1,0.158583,-0.495778,0,0.499759,0.0846758,0,0.0130228,6,1.9,2.99745,3,1,0.0156432,0,0,-0.0607371,0,0,0.00506102,7,1.9,0.226122,2,1,-0.454519,0,0,0.284321,0,0,0.00669426,8,1.9,-1.99955,-0.773878,1,0.0130616,-0.454523,0,0.239879,0.284329,0,0.0105746,9,1.9,-2.00189,-2.54042,1,0.00016205,0.290309,0,0.00552833,0.403404,0,0.00971154,10,1.9,0.700491,-1.9725,1,0.480832,0.175577,0,-0.178151,0.481531,0,0.0114006,11,1.9,2,-2.00218,1,0,0.0705292,0,0,-0.209279,0,0.00715952,12,1.9,-0.281263,3,1,0.486746,0,0,0.0321092,0,0,0.00594513,13,1.9,-3,1,1,0,0,0,0,0,0,0.0080909,14,1.9,-2,3,1,0,0,0,0,0,0,0.00775432,15,1.9,1.00821,0.227146,1,0.0792203,-0.443661,0,0.516765,0.319456,0,0.0105928,16,1.9,0.778848,3,1,0.5,0,0,3.72529e-06,0,0,0.00472264,17,1.9,-2.5514,-3,1,0.216759,0,0,0.0120401,0,0,0.00743818,18,1.9,-1.00056,-1.44323,1,9.89065e-05,0.491266,0,0.001885,-0.0511408,0,0.0134742,19,1.9,0.968308,-1.22747,1,-0.163628,0.444074,0,-0.457019,-0.317968,0,0.0128079,20,1.9,0.778814,-3,1,0.499992,0,0,0.000331551,0,0,0.00787968,21,1.9,0.700796,1.00476,1,0.493458,-0.00758637,0,0.0433289,-0.0019297,0,0.0137027,22,1.9,2.77193,0.00825934,1,0.440406,0.0791119,0,-0.331953,0.516996,0,0.00561607,23,1.9,-0.308012,0.991896,1,0.48432,-0.0746076,0,-0.162082,-0.433382,0,0.0110729,24,1.9,-1.31028,1,1,0.494454,6.51926e-06,0,0.0138059,0.000216067,0,0.0105883,25,1.9,2.34858,-1.00037,1,-0.498221,0.000499748,0,0.041917,0.000469387,0,0.0107765,26,1.9,-2.29932,0.00451588,1,0.492968,-0.00714955,0,0.0373125,-0.00189546,0,0.0107599,27,1.9,-3,2.47893,1,0,-0.467889,0,0,-0.236109,0,0.00554703,28,1.9,2.99389,1.01111,1,0.0372231,0.10435,0,-0.146806,0.668056,0,0.00619619,29,1.9,2.00339,-0.299518,1,0.0818713,0.480736,0,0.433214,-0.178866,0,0.0115404,30,1.9,-3,-2.45067,1,0,-0.204773,0,0,0.142813,0,0.00683972,31,1.9,-0.389961,-1.01578,1,0.49802,-0.14322,0,-0.0384543,-0.516474,0,0.0130456,32,1.9,-2.00247,1.35508,1,0.00176877,-0.496174,0,0.0064373,0.077419,0,0.00870364,33,1.9,-0.221413,-3.80498e-14,1,0.49986,-1.74101e-13,0,0.00421025,4.3323e-12,0,0.0145784,34,1.9,-0.334979,-3,1,0.499354,0,0,0.0116023,0,0,0.00817092,35,1.9,-3,-1.64809,1,0,-0.360633,0,0,0.298694,0,0.007746
0,2,-1,1.99636,1,0,-0.0494927,0,0,-0.396729,0,0.0151354,1,2,-1.46047,-2.00862,1,0.45253,-0.0967205,0,0.285447,-0.820041,0,0.0121757,2,2,-2.35881,2.00105,1,0.495958,-0.00109673,0,-0.0598431,-0.00178814,0,0.00857975,3,2,2.94522,1.99807,1,-0.326926,-0.0154734,0,-1.00017,0.0523329,0,0.0097907,4,2,1.50484,2.19678,1,-0.500003,-0.410563,0,5.96046e-05,0.0772476,0,0.0121356,5,2,0.0465339,-1.70034,1,0.207291,-0.483075,0,0.465745,0.169098,0,0.0118671,6,2,2.99872,3,1,0.0100374,0,0,-0.0506639,0,0,0.00389421,7,2,0.182246,2,1,-0.421561,0,0,0.371538,0,0,0.00913093,8,2,-1.99679,-0.817755,1,0.0440896,-0.421564,0,0.363231,0.371575,0,0.013391,9,2,-2.00185,-2.50909,1,0.000703335,0.338405,0,0.00500679,0.532746,0,0.00949205,10,2,0.747534,-1.9526,1,0.458589,0.221744,0,-0.264436,0.434279,0,0.0123162,11,2,2,-1.99615,1,0,0.0503182,0,0,-0.193298,0,0.00797751,12,2,-0.232334,3,1,0.492409,0,0,0.0667799,0,0,0.00670185,13,2,-3,1,1,0,0,0,0,0,0,0.00760989,14,2,-2,3,1,0,0,0,0,0,0,0.00802164,15,2,1.01891,0.184504,1,0.13622,-0.408006,0,0.605166,0.389807,0,0.00943933,16,2,0.828848,3,1,0.5,0,0,2.98023e-05,0,0,0.00487521,17,2,-2.52948,-3,1,0.223047,0,0,0.0994205,0,0,0.00502526,18,2,-1.00054,-1.39467,1,0.000280142,0.477079,0,0.00166893,-0.226974,0,0.0174606,19,2,0.949714,-1.18478,1,-0.207528,0.40859,0,-0.413716,-0.387788,0,0.0155681,20,2,0.828814,-3,1,0.5,0,0,2.98023e-05,0,0,0.00593349,21,2,0.750382,1.004,1,0.498143,-0.00758171,0,0.0371635,0.00196695,0,0.0112716,22,2,2.81418,0.0189483,1,0.403428,0.136136,0,-0.403523,0.605546,0,0.00614016,23,2,-0.260542,0.982169,1,0.463585,-0.12061,0,-0.250705,-0.474215,0,0.0131341,24,2,-1.26072,1,1,0.497037,5.96046e-05,0,0.0302792,0.000834465,0,0.0111792,25,2,2.29908,-1.00032,1,-0.490552,0.000530481,0,0.115871,0.000178814,0,0.00972496,26,2,-2.2498,0.00379787,1,0.497472,-0.0071506,0,0.0402927,0.00172004,0,0.0117203,27,2,-3,2.4311,1,0,-0.487071,0,0,-0.146627,0,0.00607144,28,2,2.99692,1.0251,1,0.0236988,0.177026,0,-0.12207,0.758767,0,0.00680293,29,2,2.01383,-0.25249,1,0.127602,0.458372,0,0.469208,-0.266291,0,0.00942663,30,2,-3,-2.47047,1,0,-0.191545,0,0,0.126958,0,0.00717382,31,2,-0.34044,-1.0327,1,0.491442,-0.195011,0,-0.096187,-0.508189,0,0.0155851,32,2,-2.00226,1.30599,1,0.00231266,-0.484404,0,0.00452995,0.15837,0,0.00932879,33,2,-0.171416,-2.30145e-14,1,0.5,5.75364e-13,0,0,1.03675e-11,0,0.0122687,34,2,-0.285001,-3,1,0.5,0,0,-7.15256e-06,0,0,0.00765297,35,2,-3,-1.68264,1,0,-0.330159,0,0,0.31209,0,0.00632177
0,2.1,-1,1.98918,1,-9.87202e-06,-0.0960225,0,-0.000290573,-0.51441,0,0.0151354,1,2.1,-1.41408,-2.02274,1,0.472423,-0.188285,0,0.116959,-0.977501,0,0.0121757,2,2.1,-2.30937,2.00093,1,0.494223,-0.00122674,0,0.014022,-0.000759959,0,0.00857975,3,2.1,2.90792,1.99677,1,-0.414492,-0.0106022,0,-0.731096,0.0451356,0,0.0097907,4,2.1,1.45484,2.15588,1,-0.499726,-0.409433,0,0.00844896,-0.043422,0,0.0121356,5,2.1,0.0695055,-1.74762,1,0.251139,-0.460861,0,0.405695,0.271298,0,0.0118671,6,2.1,2.99949,3,1,0.00555106,0,0,-0.0388771,0,0,0.00389421,7,2.1,0.142058,2,1,-0.381151,0,0,0.433636,0,0,0.00913093,8,2.1,-1.99028,-0.857919,1,0.0883704,-0.380508,0,0.501819,0.44455,0,0.013391,9,2.1,-2.00175,-2.47262,1,0.00115708,0.390455,0,0.00405312,0.498071,0,0.00949205,10,2.1,0.791917,-1.92835,1,0.427641,0.262041,0,-0.350144,0.366963,0,0.0123162,11,2.1,2,-1.99204,1,0,0.0321899,0,0,-0.168473,0,0.00797751,12,2.1,-0.182779,3,1,0.498209,0,0,0.0402358,0,0,0.00670185,13,2.1,-3,1.00048,1,0,0.0138581,0,0,0.251651,0,0.00760989,14,2.1,-2,3,1,0,0,0,0,0,0,0.00802164,15,2.1,1.03576,0.145748,1,0.202415,-0.366263,0,0.699848,0.440903,0,0.00943933,16,2.1,0.878848,3,1,0.5,0,0,0,0,0,0.00487521,17,2.1,-2.50607,-3,1,0.250563,0,0,0.420645,0,0,0.00502526,18,2.1,-1.00051,-1.34947,1,0.000432134,0.416224,0,0.00135601,-0.871636,0,0.0174606,19,2.1,0.926874,-1.14594,1,-0.24915,0.367407,0,-0.406723,-0.432447,0,0.0155681,20,2.1,0.878814,-3,1,0.5,0,0,0,0,0,0.00593349,21,2.1,0.80031,1.00326,1,0.499884,-0.00725538,0,0.00464171,0.00444055,0,0.0112716,22,2.1,2.8524,0.0359263,1,0.360126,0.206141,0,-0.457719,0.769049,0,0.00614016,23,2.1,-0.215597,0.967653,1,0.433843,-0.170253,0,-0.340122,-0.506896,0,0.0131341,24,2.1,-1.21088,1.00001,1,0.499364,0.000130944,0,0.0146478,0.00076741,0,0.0111792,25,2.1,2.2508,-1.00027,1,-0.473096,0.000534207,0,0.230804,-0.000104308,0,0.00972496,26,2.1,-2.19991,0.00309564,1,0.499713,-0.00685429,0,0.00888109,0.00409811,0,0.0117203,27,2.1,-2.99963,2.38183,1,0.0106525,-0.496728,0,0.197664,-0.045374,0,0.00607144,28,2.1,2.99873,1.04658,1,0.013059,0.251955,0,-0.0903457,0.731781,0,0.00680293,29,2.1,2.02901,-0.208137,1,0.17647,0.427252,0,0.496805,-0.352059,0,0.00942663,30,2.1,-3,-2.48934,1,0,-0.188912,0,0,-0.0564307,0,0.00717382,31,2.1,-0.291947,-1.05468,1,0.476771,-0.243717,0,-0.195195,-0.458904,0,0.0155851,32,2.1,-2.00202,1.25801,1,0.0024721,-0.478107,0,-0.0012219,-0.0143945,0,0.00932879,33,2.1,-0.121416,7.72104e-14,1,0.5,1.3432e-12,0,1.3411e-06,5.20875e-12,0,0.0122687,34,2.1,-0.235001,-3,1,0.5,0,0,0,0,0,0.00765297,35,2.1,-3,-1.71419,1,0,-0.301648,0,0,0.265114,0,0.00632177
0,2.2,-1,1.97694,1,-7.15256e-05,-0.148889,0,-0.00113249,-0.527561,0,0.0189936,1,2.2,-1.3665,-2.04652,1,0.476801,-0.287718,0,-0.0251532,-1.00017,0,0.00908599,2,2.2,-2.25982,2.0008,1,0.496876,-0.00123382,0,0.0315905,0.000596046,0,0.00888214,3,2.2,2.86337,1.99593,1,-0.471038,-0.00644028,0,-0.398636,0.0382066,0,0.010821,4,2.2,1.40495,2.1146,1,-0.497624,-0.417173,0,0.0374913,-0.102043,0,0.0122714,5,2.2,0.0965101,-1.79221,1,0.28747,-0.429574,0,0.316847,0.350893,0,0.0147594,6,2.2,2.99987,3,1,0.00227094,0,0,-0.0268221,0,0,0.0042259,7,2.2,0.106192,2,1,-0.335457,0,0,0.47702,0,0,0.011047,8,2.2,-1.97885,-0.893662,1,0.140765,-0.333603,0,0.529766,0.489086,0,0.0143596,9,2.2,-2.00162,-2.43121,1,0.001508,0.436234,0,0.00309944,0.409961,0,0.0105542,10,2.2,0.83282,-1.90046,1,0.389399,0.294325,0,-0.410706,0.275373,0,0.0139399,11,2.2,2,-1.98962,1,0,0.0167519,0,0,-0.139892,0,0.00912097,12,2.2,-0.132834,3,1,0.5,0,0,0,0,0,0.00744577,13,2.2,-3,1.00337,1,0,0.0457883,0,0,0.367105,0,0.0107745,14,2.2,-2,3,1,0,0,0,0,0,0,0.0069349,15,2.2,1.05953,0.111382,1,0.272766,-0.320612,0,0.691831,0.468437,0,0.0103772,16,2.2,0.928848,3,1,0.5,0,0,2.98023e-05,0,0,0.00461345,17,2.2,-2.47859,-3,1,0.301653,0,0,0.576138,0,0,0.00637429,18,2.2,-1.00046,-1.31256,1,0.000548363,0.319961,0,0.00101328,-0.999987,0,0.0170392,19,2.2,0.900019,-1.11141,1,-0.286783,0.322753,0,-0.337034,-0.457585,0,0.0131463,20,2.2,0.928814,-3,1,0.5,0,0,2.98023e-05,0,0,0.00607902,21,2.2,0.850308,1.00256,1,0.5,-0.00671446,0,2.98023e-05,0.00625849,0,0.0136468,22,2.2,2.88607,0.0604799,1,0.312781,0.28535,0,-0.484824,0.794666,0,0.00712986,23,2.2,-0.174032,0.948121,1,0.396338,-0.219874,0,-0.406243,-0.476092,0,0.0146489,24,2.2,-1.1609,1.00003,1,0.5,0.000241399,0,0,0.00166893,0,0.0171837,25,2.2,2.20482,-1.00021,1,-0.444913,0.0005126,0,0.329971,-0.000298023,0,0.0101608,26,2.2,-2.14992,0.00243388,1,0.5,-0.00635159,0,0,0.00585791,0,0.0138433,27,2.2,-2.99736,2.3321,1,0.0366867,-0.496006,0,0.309944,0.0602007,0,0.0087648,28,2.2,2.99963,1.07533,1,0.00563264,0.32194,0,-0.0585318,0.661433,0,0.00714922,29,2.2,2.04911,-0.167286,1,0.224918,0.388741,0,0.46289,-0.414401,0,0.00976438,30,2.2,-3,-2.50869,1,0,-0.199604,0,0,-0.142932,0,0.00598722,31,2.2,-0.245395,-1.08121,1,0.452828,-0.28556,0,-0.281438,-0.372589,0,0.0166313,32,2.2,-2.00178,1.20996,1,0.00209212,-0.484005,0,-0.00619888,-0.0888109,0,0.0106531,33,2.2,-0.071416,2.30563e-13,1,0.5,1.6587e-12,0,2.38419e-06,1.29749e-12,0,0.0119729,34,2.2,-0.185001,-3,1,0.5,0,0,0,0,0,0.00744429,35,2.2,-3,-1.74306,1,0,-0.275958,0,0,0.253558,0,0.0061538
0,2.3,-1.00002,1.95938,1,-0.000192784,-0.202309,0,-0.00145286,-0.527166,0,0.0189936,1,2.3,-1.31916,-2.08003,1,0.467828,-0.379212,0,-0.149749,-0.80809,0,0.00908599,2,2.3,-2.21,2.00068,1,0.499313,-0.00114925,0,0.015527,0.0012368,0,0.00888214,3,2.3,2.81479,1.99546,1,-0.49578,-0.00299737,0,-0.117555,0.0307709,0,0.010821,4,2.3,1.35547,2.07227,1,-0.490925,-0.430273,0,0.0971556,-0.15229,0,0.0122714,5,2.3,0.126777,-1.83331,1,0.317023,-0.391528,0,0.26643,0.406817,0,0.0147594,6,2.3,2.99998,3,1,0.000137091,0,0,-0.0163317,0,0,0.0042259,7,2.3,0.075079,2,1,-0.286425,0,0,0.499446,0,0,0.011047,8,2.3,-1.96201,-0.924539,1,0.196775,-0.28364,0,0.5766,0.50636,0,0.0143596,9,2.3,-2.00146,-2.38582,1,0.0017561,0.468776,0,0.00187755,0.241607,0,0.0105542,10,2.3,0.869638,-1.86971,1,0.346372,0.319752,0,-0.446413,0.225969,0,0.0139399,11,2.3,2,-1.98859,1,0,0.00431165,0,0,-0.109032,0,0.00912097,12,2.3,-0.0828344,3,1,0.5,0,0,1.19209e-06,0,0,0.00744577,13,2.3,-3,1.01002,1,0,0.0891663,0,0,0.481904,0,0.0107745,14,2.3,-2,3,1,0,0,0,0,0,0,0.0069349,15,2.3,1.09024,0.0816759,1,0.340878,-0.273445,0,0.657693,0.471982,0,0.0103772,16,2.3,0.978848,3,1,0.5,0,0,0,0,0,0.00461345,17,2.3,-2.44559,-3,1,0.3576,0,0,0.533298,0,0,0.00637429,18,2.3,-1.0004,-1.28556,1,0.000621751,0.219961,0,0.000476837,-1,0,0.0170392,19,2.3,0.869762,-1.08145,1,-0.317154,0.276339,0,-0.264101,-0.467248,0,0.0131463,20,2.3,0.978814,-3,1,0.5,0,0,0,0,0,0.00607902,21,2.3,0.900308,1.00192,1,0.5,-0.00602994,0,0,0.00735372,0,0.0136468,22,2.3,2.9149,0.0928845,1,0.263846,0.36125,0,-0.489995,0.705899,0,0.00712986,23,2.3,-0.136527,0.923734,1,0.35292,-0.26781,0,-0.457757,-0.472412,0,0.0146489,24,2.3,-1.1109,1.00006,1,0.5,0.00037998,0,0,0.0013411,0,0.0171837,25,2.3,2.16214,-1.00016,1,-0.407193,0.000473298,0,0.419199,-0.000484288,0,0.0101608,26,2.3,-2.09992,0.00182996,1,0.5,-0.00570924,0,0,0.00691496,0,0.0138433,27,2.3,-2.99172,2.28303,1,0.079722,-0.483293,0,0.528336,0.190035,0,0.0087648,28,2.3,2.99994,1.11091,1,0.000824407,0.389427,0,-0.0383407,0.652462,0,0.00714922,29,2.3,2.07398,-0.130562,1,0.272815,0.345044,0,0.483111,-0.455787,0,0.00976438,30,2.3,-3,-2.52991,1,0,-0.22953,0,0,-0.42817,0,0.00598722,31,2.3,-0.201664,-1.11148,1,0.420451,-0.31814,0,-0.362142,-0.276498,0,0.0166313,32,2.3,-2.00161,1.16114,1,0.00132509,-0.492169,0,-0.0090152,-0.0703856,0,0.0106531,33,2.3,-0.021416,3.97734e-13,1,0.5,1.6372e-12,0,2.98023e-07,-1.55728e-12,0,0.0119729,34,2.3,-0.135001,-3,1,0.5,0,0,1.3411e-06,0,0,0.00744429,35,2.3,-3,-1.7696,1,0,-0.256562,0,0,0.144839,0,0.0061538
0,2.4,-1.00004,1.93661,1,-0.00039041,-0.251931,0,-0.002563,-0.455022,0,0.0149657,1,2.4,-1.2733,-2.12154,1,0.447729,-0.446409,0,-0.248015,-0.528216,0,0.00913154,2,2.4,-2.16002,2.00058,1,0.5,-0.000959635,0,0,0.0025034,0,0.00972902,3,2.4,2.7649,1.9953,1,-0.5,-0.00025928,0,0,0.0240803,0,0.0100937,4,2.4,1.30697,2.02845,1,-0.478101,-0.44623,0,0.159562,-0.160336,0,0.0146185,5,2.4,0.159675,-1.87036,1,0.339435,-0.348839,0,0.176355,0.443935,0,0.0129599,6,2.4,2.99993,3,1,-0.00107288,0,0,-0.00846386,0,0,0.00435569,7,2.4,0.0489413,2,1,-0.236346,0,0,0.498537,0,0,0.0126013,8,2.4,-1.93947,-0.950369,1,0.253582,-0.233035,0,0.548422,0.502467,0,0.0145813,9,2.4,-2.00127,-2.33801,1,0.00188947,0.484771,0,0.000834465,0.0798702,0,0.00879396,10,2.4,0.902008,-1.83674,1,0.300764,0.338295,0,-0.462711,0.139832,0,0.016351,11,2.4,2,-1.98866,1,0,-0.00509918,0,0,-0.079453,0,0.00712966,12,2.4,-0.0328344,3,1,0.5,0,0,0,0,0,0.00726991,13,2.4,-3,1.02141,1,0,0.138843,0,0,0.496984,0,0.0106036,14,2.4,-2,3,1,0,0,0,0,0,0,0.00667983,15,2.4,1.12747,0.0566765,1,0.402087,-0.226752,0,0.556946,0.459423,0,0.010765,16,2.4,1.02885,3,1,0.5,0,0,0,0,0,0.00544646,17,2.4,-2.4073,-3,1,0.406641,0,0,0.440121,0,0,0.00635949,18,2.4,-1.00034,-1.26857,1,0.00064671,0.11996,0,5.96046e-05,-0.999987,0,0.0129419,19,2.4,0.836889,-1.05614,1,-0.338557,0.229937,0,-0.15977,-0.457883,0,0.0160162,20,2.4,1.02881,-3,1,0.5,0,0,0,0,0,0.00649249,21,2.4,0.950308,1.00135,1,0.5,-0.00525713,0,2.98023e-05,0.00804663,0,0.0130333,22,2.4,2.93886,0.132281,1,0.215489,0.423844,0,-0.473857,0.536546,0,0.00566303,23,2.4,-0.103578,0.894668,1,0.305607,-0.312532,0,-0.484664,-0.414044,0,0.0174435,24,2.4,-1.0609,1.00011,1,0.500003,0.000548363,0,-5.96046e-05,0.00232458,0,0.0167953,25,2.4,2.12362,-1.00012,1,-0.362074,0.000420213,0,0.478268,-0.000596046,0,0.00998964,26,2.4,-2.04992,0.00129484,1,0.5,-0.00498263,0,0,0.0075511,0,0.0131518,27,2.4,-2.9809,2.23584,1,0.138235,-0.458801,0,0.623465,0.296116,0,0.00998234,28,2.4,2.99986,1.15287,1,-0.00216961,0.446972,0,-0.0221729,0.479639,0,0.00632598,29,2.4,2.10363,-0.0983785,1,0.319397,0.298289,0,0.439048,-0.47601,0,0.0102942,30,2.4,-3,-2.55529,1,0,-0.280219,0,0,-0.562549,0,0.0050922,31,2.4,-0.161535,-1.1445,1,0.381164,-0.340462,0,-0.419908,-0.168443,0,0.016826,32,2.4,-2.00153,1.11162,1,0.000309944,-0.497586,0,-0.0112057,-0.0370145,0,0.0124099,33,2.4,0.028584,5.50131e-13,1,0.5,1.37915e-12,0,1.19209e-06,-3.45475e-12,0,0.0117326,34,2.4,-0.0850008,-3,1,0.5,0,0,2.38419e-06,0,0,0.00722728,35,2.4,-3,-1.79464,1,0,-0.245109,0,0,0.0925064,0,0.00640687
0,2.5,-1.0001,1.90925,1,-0.000672229,-0.294152,0,-0.0032261,-0.381514,0,0.0149657,1,2.5,-1.2299,-2.16833,1,0.419064,-0.484632,0,-0.321537,-0.243604,0,0.00913154,2,2.5,-2.11002,2.00049,1,0.5,-0.000723079,0,0,0.00242889,0,0.00972902,3,2.5,2.7149,1.99539,1,-0.5,0.00183992,0,0,0.0180304,0,0.0100937,4,2.5,1.26003,1.98302,1,-0.460098,-0.462297,0,0.201829,-0.156976,0,0.0146185,5,2.5,0.194362,-1.90297,1,0.352839,-0.303076,0,0.0889245,0.467546,0,0.0129599,6,2.5,2.99979,3,1,-0.00162087,0,0,-0.00281632,0,0,0.00435569,7,2.5,0.0277695,2,1,-0.187469,0,0,0.475889,0,0,0.0126013,8,2.5,-1.91125,-0.971101,1,0.311676,-0.181208,0,0.597641,0.526726,0,0.0145813,9,2.5,-2.00108,-2.28914,1,0.00190958,0.492524,0,-0.000596046,0.0692308,0,0.00879396,10,2.5,0.929761,-1.80233,1,0.254283,0.348593,0,-0.463754,0.0631064,0,0.016351,11,2.5,2,-1.98952,1,0,-0.0116423,0,0,-0.0520498,0,0.00712966,12,2.5,0.0171656,3,1,0.5,0,0,-2.98023e-07,0,0,0.00726991,13,2.5,-3,1.03788,1,0,0.191124,0,0,0.532523,0,0.0106036,14,2.5,-2,3,1,0,0,0,0,0,0,0.00667983,15,2.5,1.1702,0.0362492,1,0.449692,-0.182322,0,0.392847,0.427796,0,0.010765,16,2.5,1.07885,3,1,0.5,0,0,0,0,0,0.00544646,17,2.5,-2.36473,-2.99963,1,0.441691,0.0106525,0,0.26232,0.197664,0,0.00635949,18,2.5,-1.00027,-1.26157,1,0.000635162,0.0199609,0,-0.000283122,-1,0,0.0129419,19,2.5,0.802367,-1.0354,1,-0.350478,0.185236,0,-0.075832,-0.433825,0,0.0160162,20,2.5,1.07881,-3,1,0.5,0,0,0,0,0,0.00649249,21,2.5,1.00031,1.00087,1,0.5,-0.00444967,0,-7.45058e-06,0.00805408,0,0.0130333,22,2.5,2.95809,0.177037,1,0.169637,0.468017,0,-0.440612,0.341435,0,0.00566303,23,2.5,-0.0755399,0.861381,1,0.254362,-0.352674,0,-0.5324,-0.382349,0,0.0174435,24,2.5,-1.0109,1.00017,1,0.499992,0.000729226,0,-0.000305474,0.00157207,0,0.0167953,25,2.5,2.08986,-1.00008,1,-0.312661,0.000357442,0,0.506043,-0.000648201,0,0.00998964,26,2.5,-1.99992,0.000834488,1,0.5,-0.00422368,0,0,0.00758961,0,0.0131518,27,2.5,-2.96374,2.1916,1,0.206749,-0.42439,0,0.726908,0.387013,0,0.00998234,28,2.5,2.99955,1.19956,1,-0.00379384,0.482749,0,-0.0107884,0.240304,0,0.00632598,29,2.5,2.1378,-0.0709797,1,0.36411,0.249318,0,0.446975,-0.498234,0,0.0102942,30,2.5,-2.99963,-2.58605,1,0.0106525,-0.334168,0,0.197664,-0.507742,0,0.0050922,31,2.5,-0.125576,-1.1793,1,0.337526,-0.354599,0,-0.449967,-0.109136,0,0.016826,32,2.5,-2.00154,1.06173,1,-0.000501052,-0.499708,0,-0.00531971,-0.00885129,0,0.0124099,33,2.5,0.078584,6.69663e-13,1,0.5,1.00222e-12,0,-7.45058e-07,-4.01178e-12,0,0.0117326,34,2.5,-0.0350008,-3,1,0.5,0,0,2.98023e-07,0,0,0.00722728,35,2.5,-3,-1.81877,1,0,-0.238104,0,0,0.0540987,0,0.00640687
0,2.6,-1.00018,1.8781,1,-0.00106096,-0.326908,0,-0.00458956,-0.268161,0,0.0156104,1,2.6,-1.1897,-2.21763,1,0.384137,-0.497901,0,-0.373662,-0.0419617,0,0.00905128,2,2.6,-2.06002,2.00043,1,0.5,-0.000435114,0,0,0.00333786,0,0.0111094,3,2.6,2.6649,1.99565,1,-0.5,0.00337064,0,0,0.0126958,0,0.00927522,4,2.6,1.2151,1.93604,1,-0.437528,-0.476941,0,0.250399,-0.133157,0,0.0131022,5,2.6,0.229927,-1.93093,1,0.356796,-0.256035,0,-0.0112277,0.469923,0,0.0130555,6,2.6,2.99962,3,1,-0.00169873,0,0,0.00107288,0,0,0.00452814,7,2.6,0.0113429,2,1,-0.141714,0,0,0.436856,0,0,0.0113099,8,2.6,-1.87712,-0.9866,1,0.370318,-0.129023,0,0.563025,0.510991,0,0.0111273,9,2.6,-2.0009,-2.23959,1,0.00174046,0.497866,0,-0.0026226,0.0357628,0,0.0108986,10,2.6,0.952891,-1.7673,1,0.208589,0.350451,0,-0.447452,-0.0276566,0,0.0129241,11,2.6,2,-1.9909,1,0,-0.0156403,0,0,-0.0284314,0,0.00797033,12,2.6,0.0671656,3,1,0.5,0,0,-3.57628e-06,0,0,0.00677445,13,2.6,-3,1.0596,1,0,0.242501,0,0,0.482678,0,0.0107186,14,2.6,-2,3,1,0,0,0,0,0,0,0.00661668,15,2.6,1.21685,0.0200937,1,0.480628,-0.141436,0,0.227928,0.388876,0,0.0108824,16,2.6,1.12885,3,1,0.500003,0,0,-5.96046e-05,0,0,0.00467973,17,2.6,-2.31954,-2.99736,1,0.459445,0.0366867,0,0.0947714,0.309944,0,0.00756921,18,2.6,-1.00021,-1.26458,1,0.000593066,-0.0800401,0,-0.000536442,-0.999987,0,0.0129424,19,2.6,0.767098,-1.01899,1,-0.353299,0.143582,0,0.0209212,-0.397384,0,0.0136466,20,2.6,1.12881,-3,1,0.500003,0,0,-5.96046e-05,0,0,0.0063969,21,2.6,1.05031,1.00046,1,0.5,-0.00365376,0,0,0.00792742,0,0.0124009,22,2.6,2.97292,0.225208,1,0.12781,0.492134,0,-0.393987,0.146427,0,0.00668803,23,2.6,-0.0527899,0.824299,1,0.200562,-0.387862,0,-0.537071,-0.316381,0,0.0177712,24,2.6,-0.960907,1.00025,1,0.499879,0.000914931,0,-0.00244379,0.00238419,0,0.0181532,25,2.6,2.06115,-1.00005,1,-0.261617,0.000292063,0,0.511408,-0.000655651,0,0.0100408,26,2.6,-1.94992,0.000449858,1,0.500003,-0.00347189,0,-5.96046e-05,0.00741266,0,0.0118797,27,2.6,-2.93939,2.15121,1,0.280017,-0.38237,0,0.722051,0.448823,0,0.00876905,28,2.6,2.99913,1.2487,1,-0.00441074,0.497001,0,-0.00202656,0.0599623,0,0.00546282,29,2.6,2.1764,-0.0485395,1,0.407314,0.19959,0,0.410318,-0.492005,0,0.0101354,30,2.6,-2.99736,-2.62186,1,0.0366867,-0.380236,0,0.309944,-0.407219,0,0.00650161,31,2.6,-0.094102,-1.21517,1,0.291725,-0.361437,0,-0.4634,-0.0243187,0,0.0149075,32,2.6,-2.00161,1.01174,1,-0.000816584,-0.500001,0,-0.00119209,0,0,0.0166304,33,2.6,0.128584,7.49402e-13,1,0.5,5.89798e-13,0,-7.15256e-06,-4.17594e-12,0,0.0144106,34,2.6,0.0149992,-3,1,0.5,0,0,1.19209e-06,0,0,0.00624647,35,2.6,-3,-1.84232,1,0,-0.233141,0,0,0.0500679,0,0.00656571
0,2.7,-1.00031,1.84418,1,-0.00147671,-0.350113,0,-0.00394881,-0.190631,0,0.0156104,1,2.7,-1.15253,-2.26755,1,0.364926,-0.499868,0,-0.034079,-0.00524521,0,0.00905128,2,2.7,-2.01003,2.00041,1,0.499648,-0.000127405,0,-0.0110716,0.00301003,0,0.0111094,3,2.7,2.6149,1.99604,1,-0.5,0.00439025,0,0,0.00783801,0,0.00927522,4,2.7,1.1728,1.88769,1,-0.406753,-0.489583,0,0.359125,-0.109248,0,0.0131022,5,2.7,0.265433,-1.95421,1,0.352119,-0.20969,0,-0.0831374,0.454262,0,0.0130555,6,2.7,2.99946,3,1,-0.00146888,0,0,0.00332296,0,0,0.00452814,7,2.7,-0.000728443,2,1,-0.10059,0,0,0.384272,0,0,0.0113099,8,2.7,-1.83729,-0.997145,1,0.425246,-0.0837978,0,0.509799,0.396438,0,0.0111273,9,2.7,-2.00074,-2.18968,1,0.00147,0.49978,0,-0.00286102,0.00706315,0,0.0108986,10,2.7,0.97156,-1.73249,1,0.16531,0.344742,0,-0.416279,-0.0879467,0,0.0129241,11,2.7,2,-1.99257,1,0,-0.0174785,0,0,-0.00909716,0,0.00797033,12,2.7,0.117166,3,1,0.5,0,0,-4.47035e-07,0,0,0.00677445,13,2.7,-3,1.08631,1,0,0.291633,0,0,0.484861,0,0.0107186,14,2.7,-2,3,1,0,0,0,0,0,0,0.00661668,15,2.7,1.2658,0.00780353,1,0.495949,-0.105269,0,0.0863895,0.334842,0,0.0108824,16,2.7,1.17885,3,1,0.5,0,0,-7.45058e-06,0,0,0.00467973,17,2.7,-2.27343,-2.99167,1,0.459795,0.0812333,0,-0.0819564,0.556394,0,0.00756921,18,2.7,-1.00015,-1.27758,1,0.000531785,-0.18004,0,-0.000678003,-1,0,0.0129424,19,2.7,0.731975,-1.00655,1,-0.348086,0.106091,0,0.0846535,-0.3515,0,0.0136466,20,2.7,1.17881,-3,1,0.5,0,0,-7.45058e-06,0,0,0.0063969,21,2.7,1.10031,1.00014,1,0.5,-0.00288663,0,0,0.00738725,0,0.0124009,22,2.7,2.98382,0.274886,1,0.0911456,0.499372,0,-0.338063,0.0223899,0,0.00668803,23,2.7,-0.0354671,0.783988,1,0.145677,-0.417738,0,-0.550345,-0.279684,0,0.0177712,24,2.7,-0.91092,1.00035,1,0.499932,0.0010822,0,0.00152364,0.0012964,0,0.0181532,25,2.7,2.03849,-1.00002,1,-0.184519,0.000205636,0,0.938922,-0.0012219,0,0.0100408,26,2.7,-1.89992,0.000139008,1,0.5,-0.00275286,0,-7.45058e-06,0.0069486,0,0.0118797,27,2.7,-2.90785,2.11529,1,0.349784,-0.335575,0,0.661373,0.482991,0,0.00876905,28,2.7,2.99869,1.29858,1,-0.004296,0.499812,0,0.00399351,0.00749528,0,0.00546282,29,2.7,2.21915,-0.0309177,1,0.447046,0.15405,0,0.366405,-0.419815,0,0.0101354,30,2.7,-2.9919,-2.66162,1,0.0744458,-0.412173,0,0.43045,-0.233054,0,0.00650161,31,2.7,-0.0672467,-1.25132,1,0.245446,-0.360427,0,-0.459553,0.046216,0,0.0149075,32,2.7,-2.00169,0.961741,1,-0.000805408,-0.5,0,0.0012815,3.72529e-06,0,0.0166304,33,2.7,0.178584,7.8915e-13,1,0.5,2.20954e-13,0,0,-3.22892e-12,0,0.0144106,34,2.7,0.0649992,-3,1,0.5,0,0,-2.98023e-07,0,0,0.00624647,35,2.7,-3,-1.86537,1,0,-0.227334,0,0,0.0696927,0,0.00656571
0,2.8,-1.00048,1.80838,1,-0.00188649,-0.364161,0,-0.00447035,-0.0869632,0,0.0148105,1,2.8,-1.11581,-2.31755,1,0.373009,-0.5,0,0.176132,0,0,0.00866262,2,2.8,-1.96018,2.00041,1,0.496772,0.000208616,0,-0.0526309,0.0038147,0,0.0119589,3,2.8,2.5649,1.99651,1,-0.5,0.00496507,0,0,0.0038743,0,0.0104826,4,2.8,1.13406,1.83828,1,-0.36684,-0.497568,0,0.433743,-0.0486374,0,0.0137364,5,2.8,0.300105,-1.97295,1,0.340085,-0.165671,0,-0.15755,0.424087,0,0.0117011,6,2.8,2.99933,3,1,-0.00107288,0,0,0.00441074,0,0,0.00541891,7,2.8,-0.00896235,2,1,-0.0650722,0,0,0.325308,0,0,0.0130616,8,2.8,-1.79247,-1.00371,1,0.46851,-0.0491738,0,0.343561,0.298738,0,0.0129743,9,2.8,-2.00061,-2.13969,1,0.00115037,0.5,0,-0.00333786,0,0,0.00937474,10,2.8,0.986075,-1.69857,1,0.125661,0.332668,0,-0.375271,-0.153899,0,0.0144132,11,2.8,2,-1.99434,1,0,-0.0176102,0,0,0.00578165,0,0.0108371,12,2.8,0.167166,3,1,0.5,0,0,-7.15256e-06,0,0,0.00595049,13,2.8,-3,1.1178,1,0,0.336832,0,0,0.407934,0,0.00816999,14,2.8,-2,3,1,0,0,0,0,0,0,0.00720046,15,2.8,1.31566,-0.00113617,1,0.499848,-0.0743832,0,0.00303984,0.283328,0,0.0117366,16,2.8,1.22885,3,1,0.500003,0,0,-5.96046e-05,0,0,0.00495435,17,2.8,-2.22811,-2.98053,1,0.44418,0.14345,0,-0.224948,0.667214,0,0.00787975,18,2.8,-1.0001,-1.30058,1,0.000458956,-0.280041,0,-0.00077486,-0.999987,0,0.0121813,19,2.8,0.697703,-0.997613,1,-0.3362,0.0734299,0,0.153482,-0.301152,0,0.0151532,20,2.8,1.22881,-3,1,0.500003,0,0,-5.96046e-05,0,0,0.00597317,21,2.8,1.15031,0.999885,1,0.500003,-0.00217855,0,-5.96046e-05,0.00676513,0,0.0114264,22,2.8,2.99135,0.324872,1,0.0603795,0.5,0,-0.276566,-1.43051e-05,0,0.00810287,23,2.8,-0.0236022,0.740887,1,0.0923151,-0.443552,0,-0.50895,-0.235617,0,0.0137607,24,2.8,-0.860922,1.00047,1,0.5,0.00123382,0,2.98023e-05,0.00196695,0,0.0159224,25,2.8,2.02491,-1.00001,1,-0.0860512,2.38419e-05,0,1.00017,-0.0025034,0,0.0102581,26,2.8,-1.84992,-0.000102444,1,0.500003,-0.00208569,0,-5.96046e-05,0.00637886,0,0.0129198,27,2.8,-2.86975,2.08417,1,0.410277,-0.286537,0,0.540257,0.494123,0,0.00873186,28,2.8,2.99829,1.34858,1,-0.00367761,0.500003,0,0.00810623,-5.96046e-05,0,0.0060616,29,2.8,2.26551,-0.017499,1,0.477988,0.115426,0,0.244379,-0.353664,0,0.00897882,30,2.8,-2.98221,-2.70373,1,0.120068,-0.427216,0,0.469804,-0.0698566,0,0.00766736,31,2.8,-0.0449748,-1.28701,1,0.200298,-0.351959,0,-0.441198,0.123799,0,0.0161655,32,2.8,-2.00177,0.911741,1,-0.000584126,-0.5,0,0.00286102,-2.98023e-05,0,0.0148575,33,2.8,0.228584,7.96477e-13,1,0.5,-6.13143e-14,0,0,-2.44176e-12,0,0.0143534,34,2.8,0.114999,-3,1,0.5,0,0,-3.57628e-06,0,0,0.00730046,35,2.8,-3,-1.88769,1,0,-0.218633,0,0,0.106394,0,0.00714577
0,2.9,-1.00068,1.7715,1,-0.00212546,-0.373662,0,-0.000752509,-0.0933036,0,0.0148105,1,2.9,-1.07717,-2.36755,1,0.403239,-0.5,0,0.385977,0,0,0.00866262,2,2.9,-1.91082,2.00045,1,0.489606,0.000532717,0,-0.0938103,0.00289083,0,0.0119589,3,2.9,2.5149,1.99739,1,-0.5,0.0158446,0,0,0.198431,0,0.0104826,4,2.9,1.09961,1.78838,1,-0.32168,-0.499848,0,0.46587,-0.00607967,0,0.0137364,5,2.9,0.333271,-1.98746,1,0.322674,-0.125374,0,-0.191607,0.380687,0,0.0117011,6,2.9,2.99925,3,1,-0.000613928,0,0,0.00467896,0,0,0.00541891,7,2.9,-0.0139481,2,1,-0.0356891,0,0,0.26252,0,0,0.0130616,8,2.9,-1.74424,-1.00728,1,0.492818,-0.0235004,0,0.146143,0.217162,0,0.0129743,9,2.9,-2.00051,-2.08969,1,0.000862032,0.5,0,-0.00244379,0,0,0.00937474,10,2.9,0.996846,-1.66611,1,0.0905912,0.316002,0,-0.325628,-0.180908,0,0.0144132,11,2.9,2,-1.99605,1,0,-0.0164723,0,0,0.0162944,0,0.0108371,12,2.9,0.217166,2.99936,1,0.5,-0.0185926,0,0,-0.350878,0,0.00595049,13,2.9,-3,1.15344,1,0,0.375085,0,0,0.350274,0,0.00816999,14,2.9,-2,3,1,0,0,0,0,0,0,0.00720046,15,2.9,1.36565,-0.00724763,1,0.49999,-0.0487211,0,0.00037998,0.230814,0,0.0117366,16,2.9,1.27885,3,1,0.5,0,0,-7.45058e-06,0,0,0.00495435,17,2.9,-2.18503,-2.96266,1,0.415418,0.215158,0,-0.343829,0.749528,0,0.00787975,18,2.9,-1.00006,-1.33326,1,0.000380725,-0.369848,0,-0.000789762,-0.785746,0,0.0121813,19,2.9,0.664899,-0.991686,1,-0.319376,0.0460223,0,0.184219,-0.247259,0,0.0151532,20,2.9,1.27881,-3,1,0.5,0,0,-7.45058e-06,0,0,0.00597317,21,2.9,1.20031,0.9997,1,0.5,-0.00154618,0,-7.45058e-06,0.00588596,0,0.0114264,22,2.9,2.99611,0.374872,1,0.0358999,0.5,0,-0.213325,0,0,0.00810287,23,2.9,-0.0166368,0.695322,1,0.0496379,-0.467628,0,-0.350158,-0.229623,0,0.0137607,24,2.9,-0.810921,1.0006,1,0.5,0.00129733,0,0,-0.000558794,0,0.0159224,25,2.9,2.02131,-1.00002,1,0.0139572,-0.000171922,0,1.00002,-0.00145286,0,0.0102581,26,2.9,-1.79992,-0.000280468,1,0.5,-0.00148823,0,-7.45058e-06,0.00557219,0,0.0129198,27,2.9,-2.82632,2.05797,1,0.455423,-0.237714,0,0.363469,0.479937,0,0.00873186,28,2.9,2.99768,1.39858,1,-0.0112712,0.5,0,-0.14925,-7.45058e-06,0,0.0060616,29,2.9,2.31428,-0.00761991,1,0.495122,0.0831773,0,0.101686,-0.292359,0,0.00897882,30,2.9,-2.96775,-2.7465,1,0.169854,-0.425427,0,0.513375,0.0997931,0,0.00766736,31,2.9,-0.0270984,-1.32151,1,0.157795,-0.337363,0,-0.407411,0.168934,0,0.0161655,32,2.9,-2.00181,0.861741,1,-0.000261515,-0.5,0,0.00351667,0,0,0.0148575,33,2.9,0.278584,7.77097e-13,1,0.5,-3.34201e-13,0,-8.9407e-07,-2.91875e-12,0,0.0143534,34,2.9,0.164999,-3,1,0.5,0,0,4.47035e-07,0,0,0.00730046,35,2.9,-3,-1.90895,1,0,-0.205644,0,0,0.152543,0,0.00714577
0,3,-1.0009,1.73372,1,-0.00211298,-0.381124,0,0.000596046,-0.048697,0,0.0168264,1,3,-1.03484,-2.41755,1,0.443184,-0.5,0,0.385255,0,0,0.0077492,2,3,-1.86242,2.00052,1,0.477484,0.000822544,0,-0.150621,0.00321865,0,0.0114054,3,3,2.4649,2.00019,1,-0.5,0.0418305,0,0,0.308275,0,0.0110218,4,3,1.06979,1.73838,1,-0.274342,-0.500003,0,0.477672,5.96046e-05,0,0.0118187,5,3,0.364519,-1.99818,1,0.30164,-0.0897318,0,-0.229374,0.331223,0,0.0132667,6,3,2.99921,3,1,-0.000160933,0,0,0.00452995,0,0,0.00485327,7,3,-0.0163069,2,1,-0.012502,0,0,0.20172,0,0,0.012989,8,3,-1.69449,-1.00866,1,0.499669,-0.00527501,0,0.00661612,0.149667,0,0.0139351,9,3,-2.00043,-2.03969,1,0.000655651,0.5,0,-0.00178814,5.96046e-05,0,0.0108781,10,3,1.00436,-1.63547,1,0.060606,0.296265,0,-0.273824,-0.214577,0,0.0176763,11,3,2,-1.99761,1,0,-0.014475,0,0,0.0230074,0,0.0108117,12,3,0.267166,2.99532,1,0.5,-0.0662267,0,1.43051e-05,-0.583291,0,0.00836364,13,3,-3,1.19256,1,0,0.405687,0,0,0.256658,0,0.00617375,14,3,-2,3,1,0,0,0,0,0,0,0.00693788,15,3,1.41565,-0.0110465,1,0.500003,-0.0280428,0,-5.96046e-05,0.183628,0,0.0098498,16,3,1.32885,3,1,0.500003,0,0,-5.96046e-05,0,0,0.00470593,17,3,-2.14536,-2.93738,1,0.376636,0.290221,0,-0.426173,0.738025,0,0.00855241,18,3,-1.00003,-1.37376,1,0.000303984,-0.435892,0,-0.000715256,-0.532448,0,0.0132588,19,3,0.633941,-0.988232,1,-0.299181,0.0239089,0,0.220239,-0.195384,0,0.0139394,20,3,1.32881,-3,1,0.500003,0,0,-5.96046e-05,0,0,0.00603113,21,3,1.25031,0.999573,1,0.500003,-0.000999868,0,-5.96046e-05,0.00500679,0,0.0135233,22,3,2.99873,0.424872,1,0.0175953,0.5,0,-0.153542,-1.43051e-05,0,0.00599405,23,3,-0.0131995,0.64752,1,0.0212244,-0.487116,0,-0.223142,-0.152767,0,0.0139469,24,3,-0.760921,1.00072,1,0.5,0.00115037,0,2.98023e-05,-0.00238419,0,0.0173002,25,3,2.02771,-1.00004,1,0.113952,-0.000274181,0,1.00017,-0.000655651,0,0.00883803,26,3,-1.74992,-0.000402757,1,0.500003,-0.000970766,0,-5.96046e-05,0.00478007,0,0.0124724,27,3,-2.77924,2.03656,1,0.483465,-0.190991,0,0.201344,0.452638,0,0.00852032,28,3,2.99562,1.44858,1,-0.0315189,0.500003,0,-0.246525,-5.96046e-05,0,0.00638727,29,3,2.36411,-0.000669601,1,0.499821,0.0567471,0,0.00357628,-0.23726,0,0.00780185,30,3,-2.94821,-2.78831,1,0.220478,-0.408393,0,0.488997,0.235558,0,0.00676656,31,3,-0.0132896,-1.35432,1,0.119071,-0.31808,0,-0.365973,0.216901,0,0.0125504,32,3,-2.00182,0.811741,1,0.000113249,-0.5,0,0.00369549,-2.98023e-05,0,0.0157978,33,3,0.328584,7.28969e-13,1,0.5,-6.27487e-13,0,-1.43051e-05,-2.86842e-12,0,0.0116591,34,3,0.214999,-3,1,0.5,0,0,0,0,0,0.00704607,35,3,-3,-1.92868,1,0,-0.188333,0,0,0.192404,0,0.00703864
0,3.1,-1.00124,1.69513,1,-0.0059193,-0.39268,0,-0.0687614,-0.171624,0,0.0168264,1,3.1,-0.98876,-2.46754,1,0.476473,-0.499597,0,0.264943,0.0104308,0,0.0077492,2,3.1,-1.81532,2.00061,1,0.465367,0.00105463,0,-0.102833,0.00174344,0,0.0114054,3,3.1,2.41491,2.00615,1,-0.499683,0.0795253,0,0.0100732,0.430554,0,0.0110218,4,3.1,1.04474,1.68838,1,-0.226988,-0.5,0,0.467084,7.45058e-06,0,0.0118187,5,3.1,0.393588,-2.00558,1,0.28013,-0.0592029,0,-0.20642,0.278942,0,0.0132667,6,3.1,2.99922,3,1,0.000253692,0,0,0.00374019,0,0,0.00485327,7,3.1,-0.0166466,2,1,0.00475547,0,0,0.144541,0,0,0.012989,8,3.1,-1.64451,-1.00853,1,0.499979,0.00692904,0,0.000827014,0.0962913,0,0.0139351,9,3.1,-2.00037,-1.98969,1,0.000502914,0.5,0,-0.0012815,-1.49012e-05,0,0.0108781,10,3.1,1.00914,-1.60686,1,0.0357823,0.27635,0,-0.222661,-0.189692,0,0.0176763,11,3.1,2,-1.99893,1,0,-0.0119869,0,0,0.0262856,0,0.0108117,12,3.1,0.317166,2.985,1,0.5,-0.145882,0,-1.78814e-06,-0.939041,0,0.00836364,13,3.1,-3,1.23444,1,0,0.432016,0,0,0.259712,0,0.00617375,14,3.1,-2,3,1,0,0,0,0,0,0,0.00693788,15,3.1,1.46565,-0.0135825,1,0.5,-0.0286056,0,-7.45058e-06,-0.172346,0,0.0098498,16,3.1,1.37851,3,1,0.489924,0,0,-0.194535,0,0,0.00470593,17,3.1,-2.10991,-2.90467,1,0.331751,0.363341,0,-0.46733,0.699401,0,0.00855241,18,3.1,-1,-1.41957,1,0.000234786,-0.47619,0,-0.000666827,-0.283398,0,0.0132588,19,3.1,0.605073,-0.986739,1,-0.278538,0.00674548,0,0.198252,-0.148367,0,0.0139394,20,3.1,1.37881,-3,1,0.5,0,0,-7.45058e-06,0,0,0.00603113,21,3.1,1.30031,0.999497,1,0.5,-0.000542216,0,-7.45058e-06,0.00415742,0,0.0135233,22,3.1,2.99982,0.474872,1,0.00497028,0.5,0,-0.100523,-1.78814e-06,0,0.00599405,23,3.1,-0.0120317,0.598212,1,0.00365037,-0.497468,0,-0.132041,-0.0584349,0,0.0139469,24,3.1,-0.710921,1.00082,1,0.5,0.000871159,0,0,-0.00312179,0,0.0173002,25,3.1,2.0441,-1.00007,1,0.213961,-0.000311248,0,1.00002,-0.000111759,0,0.00883803,26,3.1,-1.69992,-0.000477288,1,0.5,-0.000533228,0,-7.45058e-06,0.00397756,0,0.0124724,27,3.1,-2.73012,2.01965,1,0.496827,-0.147903,0,0.0736862,0.408337,0,0.00852032,28,3.1,2.99103,1.49858,1,-0.0619248,0.5,0,-0.350952,-7.45058e-06,0,0.00638727,29,3.1,2.4141,0.00390659,1,0.499988,0.0356251,0,0.000447035,-0.186348,0,0.00780185,30,3.1,-2.9236,-2.82777,1,0.272669,-0.378935,0,0.539944,0.347078,0,0.00676656,31,3.1,-0.00313226,-1.38508,1,0.0848933,-0.297269,0,-0.317008,0.204578,0,0.0125504,32,3.1,-2.00326,0.761741,1,-0.0414863,-0.5,0,-0.7447,0,0,0.0157978,33,3.1,0.378584,6.68712e-13,1,0.5,-4.29462e-13,0,0,6.03621e-12,0,0.0116591,34,3.1,0.264999,-3,1,0.5,0,0,-8.9407e-07,0,0,0.00704607,35,3.1,-3,-1.94649,1,0,-0.16743,0,0,0.223324,0,0.00703864
0,3.2,-1.00223,1.65488,1,-0.0144333,-0.413454,0,-0.0952482,-0.234783,0,0.0159622,1,3.2,-0.94006,-2.51741,1,0.494811,-0.497484,0,0.103801,0.0339746,0,0.00810277,2,3.2,-1.76929,2.00072,1,0.454971,0.00122786,0,-0.113487,0.00190735,0,0.0116055,3,3.2,2.36504,2.01635,1,-0.497013,0.125194,0,0.0495911,0.470281,0,0.0104017,4,3.2,1.02434,1.63838,1,-0.181347,-0.500003,0,0.443637,5.96046e-05,0,0.0107834,5,3.2,0.42057,-2.0102,1,0.259429,-0.0339925,0,-0.211298,0.225067,0,0.012375,6,3.2,2.99926,3,1,0.000578165,0,0,0.00298023,0,0,0.00450418,7,3.2,-0.0155351,2,1,0.016637,0,0,0.0942885,0,0,0.0121636,8,3.2,-1.59451,-1.00743,1,0.500003,0.0143439,0,-5.96046e-05,0.0535846,0,0.0137672,9,3.2,-2.00033,-1.93969,1,0.000393391,0.500003,0,-0.000953674,-5.96046e-05,0,0.0109971,10,3.2,1.01169,-1.58017,1,0.0160426,0.257328,0,-0.172496,-0.194669,0,0.0141423,11,3.2,2,-2,1,0,-0.00929832,0,0,0.0269413,0,0.0108402,12,3.2,0.367166,2.96555,1,0.5,-0.244212,0,-1.43051e-05,-0.999928,0,0.00942431,13,3.2,-3,1.27887,1,0,0.455806,0,0,0.208199,0,0.0102186,14,3.2,-2,3,1,0,0,0,0,0,0,0.00789552,15,3.2,1.51565,-0.0177367,1,0.500003,-0.0582982,0,-5.96046e-05,-0.401906,0,0.0123632,16,3.2,1.42625,3,1,0.462461,0,0,-0.348032,0,0,0.00614802,17,3.2,-2.07911,-2.86507,1,0.283962,0.426179,0,-0.484705,0.543237,0,0.00761559,18,3.2,-0.999981,-1.46827,1,0.000169873,-0.494853,0,-0.000566244,-0.102937,0,0.0124385,19,3.2,0.578211,-0.986732,1,-0.258601,-0.00588,0,0.204235,-0.104785,0,0.0148256,20,3.2,1.42881,-3,1,0.500003,0,0,-5.96046e-05,0,0,0.00611277,21,3.2,1.35031,0.999462,1,0.500003,-0.000166893,0,-5.96046e-05,0.00333786,0,0.0118668,22,3.2,2.99989,0.524872,1,-0.00285506,0.500001,0,-0.0575781,-2.98023e-05,0,0.0053861,23,3.2,-0.0122018,0.54829,1,-0.00588554,-0.5,0,-0.0619912,0,0,0.0117558,24,3.2,-0.660921,1.00089,1,0.5,0.000536442,0,2.98023e-05,-0.00345707,0,0.0147065,25,3.2,2.0705,-1.0001,1,0.313956,-0.000298023,0,1.00017,0.000238419,0,0.00888418,26,3.2,-1.64992,-0.000512007,1,0.500003,-0.000173792,0,-5.96046e-05,0.00321883,0,0.010257,27,3.2,-2.68021,2.00682,1,0.5,-0.109458,0,0,0.360072,0,0.00971839,28,3.2,2.98299,1.54858,1,-0.0997484,0.500003,0,-0.39649,-5.96046e-05,0,0.0076038,29,3.2,2.4641,0.00661364,1,0.5,0.0192511,0,0,-0.142231,0,0.00713441,30,3.2,-2.89365,-2.86379,1,0.325781,-0.340217,0,0.510335,0.421524,0,0.00629181,31,3.2,0.003857,-1.41377,1,0.055748,-0.276306,0,-0.265686,0.218034,0,0.016705,32,3.2,-2.01174,0.711741,1,-0.132394,-0.5,0,-0.999928,-2.98023e-05,0,0.0152669,33,3.2,0.428584,6.65177e-13,1,0.5,4.34173e-13,0,-1.43051e-05,1.05734e-11,0,0.0130534,34,3.2,0.314999,-3,1,0.5,0,0,-1.43051e-05,0,0,0.00774733,35,3.2,-3,-1.96208,1,0,-0.144112,0,0,0.240862,0,0.00844004
0,3.3,-1.00405,1.61228,1,-0.0208922,-0.438977,0,-0.0366271,-0.262834,0,0.0159622,1,3.3,-0.890261,-2.56688,1,0.499676,-0.490943,0,0.0129715,0.0959933,0,0.00810277,2,3.3,-1.724,2.00085,1,0.454005,0.00129677,0,0.0725165,-0.000312924,0,0.0116055,3,3.3,2.31576,2.03133,1,-0.48707,0.174957,0,0.148088,0.512451,0,0.0104017,4,3.3,1.00835,1.58838,1,-0.139127,-0.5,0,0.400178,7.45058e-06,0,0.0107834,5,3.3,0.445547,-2.01256,1,0.240821,-0.0140749,0,-0.167694,0.173748,0,0.012375,6,3.3,2.99933,3,1,0.000821054,0,0,0.00187755,0,0,0.00450418,7,3.3,-0.0134747,2,1,0.023859,0,0,0.0516075,0,0,0.0121636,8,3.3,-1.54459,-1.00579,1,0.497402,0.0180222,0,-0.0546128,0.0214279,0,0.0137672,9,3.3,-2.00073,-1.88969,1,-0.0125222,0.5,0,-0.245124,-7.45058e-06,0,0.0109971,10,3.3,1.01251,-1.55533,1,0.00112299,0.240236,0,-0.126593,-0.154056,0,0.0141423,11,3.3,2,-2.00079,1,0,-0.00666305,0,0,0.0255406,0,0.0108402,12,3.3,0.417166,2.93621,1,0.5,-0.340707,0,0,-0.898823,0,0.00942431,13,3.3,-3,1.32546,1,0,0.475426,0,0,0.176728,0,0.0102186,14,3.3,-2,3,1,0,0,0,0,0,0,0.00789552,15,3.3,1.5656,-0.0262207,1,0.498444,-0.116904,0,-0.0338331,-0.733929,0,0.0123632,16,3.3,1.46994,3,1,0.404089,0,0,-0.776589,0,0,0.00614802,17,3.3,-2.05311,-2.82008,1,0.236375,0.470074,0,-0.465512,0.332221,0,0.00761559,18,3.3,-0.999966,-1.51803,1,0.000115111,-0.497913,0,-0.000528991,0.0379384,0,0.0124385,19,3.3,0.553291,-0.987778,1,-0.24046,-0.0144131,0,0.165097,-0.0668317,0,0.0148256,20,3.3,1.47881,-3,1,0.5,0,0,-7.45058e-06,0,0,0.00611277,21,3.3,1.40031,0.999461,1,0.5,0.000125356,0,-7.45058e-06,0.0025183,0,0.0118668,22,3.3,2.99937,0.57487,1,-0.0070326,0.499899,0,-0.0273883,-0.00401586,0,0.0053861,23,3.3,-0.0130105,0.49829,1,-0.00946101,-0.5,0,-0.0123021,-1.78814e-06,0,0.0117558,24,3.3,-0.610921,1.00093,1,0.5,0.000197999,0,0,-0.00328571,0,0.0147065,25,3.3,2.10656,-1.00013,1,0.403348,-0.000261329,0,0.764966,0.000484288,0,0.00888418,26,3.3,-1.59992,-0.000514637,1,0.5,0.00010815,0,-7.45058e-06,0.00243638,0,0.010257,27,3.3,-2.63021,1.99758,1,0.499909,-0.0762686,0,-0.00362098,0.304088,0,0.00971839,28,3.3,2.97088,1.59855,1,-0.143609,0.499075,0,-0.467405,-0.0237226,0,0.0076038,29,3.3,2.5141,0.00789282,1,0.5,0.00695953,0,0,-0.104605,0,0.00713441,30,3.3,-2.8585,-2.89562,1,0.377084,-0.295681,0,0.501916,0.463828,0,0.00629181,31,3.3,0.00819359,-1.44039,1,0.0318746,-0.256564,0,-0.212246,0.183053,0,0.016705,32,3.3,-2.02998,0.661741,1,-0.232116,-0.5,0,-0.988975,0,0,0.0152669,33,3.3,0.478584,7.49325e-13,1,0.5,1.13641e-12,0,1.78814e-06,3.82624e-12,0,0.0130534,34,3.3,0.364999,-3,1,0.5,0,0,0,0,0,0.00774733,35,3.3,-3,-1.97528,1,0,-0.119704,0,0,0.245169,0,0.00844004
0,3.4,-1.00624,1.5671,1,-0.0222653,-0.463912,0,0.00679493,-0.22763,0,0.0125048,1,3.4,-0.840267,-2.6154,1,0.5,-0.47847,0,2.98023e-05,0.152588,0,0.00745894,2,3.4,-1.67807,2.00098,1,0.465718,0.00120401,0,0.145972,-0.0013113,0,0.0119418,3,3.4,2.26794,2.05137,1,-0.46767,0.225425,0,0.238299,0.486612,0,0.00919939,4,3.4,0.996364,1.53838,1,-0.101408,-0.500003,0,0.353783,5.96046e-05,0,0.0105177,5,3.4,0.468817,-2.01318,1,0.22473,0.000876188,0,-0.158891,0.125766,0,0.0136845,6,3.4,2.99942,3,1,0.000953674,0,0,0.00107288,0,0,0.00526828,7,3.4,-0.0108912,2,1,0.0272415,0,0,0.0174162,0,0,0.0100806,8,3.4,-1.49523,-1.00392,1,0.488639,0.0189036,0,-0.122309,-0.00244379,0,0.0133554,9,3.4,-2.00353,-1.83969,1,-0.0463009,0.500003,0,-0.419378,-5.96046e-05,0,0.00961316,10,3.4,1.01206,-1.53205,1,-0.00942647,0.225353,0,-0.0853539,-0.148416,0,0.0124464,11,3.4,2,-2.00134,1,0,-0.00423789,0,0,0.0228882,0,0.00984462,12,3.4,0.467166,2.89801,1,0.5,-0.419283,0,0,-0.656843,0,0.0104361,13,3.4,-3,1.37379,1,0,0.490099,0,0,0.113666,0,0.00703767,14,3.4,-2,3,1,0,0,0,0,0,0,0.0068206,15,3.4,1.6152,-0.0418807,1,0.492764,-0.198552,0,-0.0818372,-0.869989,0,0.0160254,16,3.4,1.50605,3,1,0.314873,0,0,-0.973284,0,0,0.00715143,17,3.4,-2.03175,-2.77175,1,0.191146,0.493109,0,-0.437856,0.135899,0,0.00894337,18,3.4,-0.999957,-1.56741,1,6.55651e-05,-0.487587,0,-0.000447035,0.169039,0,0.0119182,19,3.4,0.530049,-0.989497,1,-0.224477,-0.0194371,0,0.159085,-0.0346601,0,0.0184148,20,3.4,1.52881,-3,1,0.500003,0,0,-5.96046e-05,0,0,0.00596471,21,3.4,1.45031,0.999484,1,0.500003,0.000341237,0,-5.96046e-05,0.00178814,0,0.0123865,22,3.4,2.99857,0.624808,1,-0.00859499,0.498393,0,-0.00524521,-0.0321567,0,0.00683829,23,3.4,-0.0139552,0.44829,1,-0.00886577,-0.5,0,0.0217929,1.43051e-05,0,0.0119528,24,3.4,-0.560921,1.00093,1,0.5,-0.000113249,0,2.98023e-05,-0.00303984,0,0.0111984,25,3.4,2.1502,-1.00015,1,0.464207,-0.000205636,0,0.44775,0.000596046,0,0.009452,26,3.4,-1.54992,-0.000492823,1,0.500003,0.000316692,0,-5.96046e-05,0.00175019,0,0.0104257,27,3.4,-2.58027,1.99139,1,0.498545,-0.0485569,0,-0.0289679,0.250697,0,0.00904456,28,3.4,2.95415,1.64826,1,-0.190818,0.494349,0,-0.465989,-0.0747442,0,0.00779254,29,3.4,2.5641,0.0081211,1,0.5,-0.00186421,0,0,-0.0728071,0,0.00721793,30,3.4,-2.81839,-2.92283,1,0.423884,-0.248444,0,0.424981,0.476241,0,0.00546028,31,3.4,0.0104049,-1.46514,1,0.0131871,-0.238645,0,-0.162156,0.179589,0,0.0166941,32,3.4,-2.05805,0.611741,1,-0.327986,-0.5,0,-0.911832,-2.98023e-05,0,0.0128976,33,3.4,0.528584,8.73398e-13,1,0.5,1.2659e-12,0,2.98023e-05,-9.26451e-13,0,0.0123592,34,3.4,0.414999,-3,1,0.5,0,0,-1.43051e-05,0,0,0.00765705,35,3.4,-3,-1.98603,1,0,-0.0954688,0,0,0.237763,0,0.00589008
0,3.5,-1.00838,1.51969,1,-0.0200573,-0.483214,0,0.0353754,-0.155434,0,0.0125048,1,3.5,-0.790267,-2.66239,1,0.5,-0.460317,0,0,0.209033,0,0.00745894,2,3.5,-1.63076,2.00109,1,0.480436,0.000992417,0,0.139125,-0.00283122,0,0.0119418,3,3.5,2.22254,2.07644,1,-0.438923,0.276646,0,0.332668,0.524133,0,0.00919939,4,3.5,0.987909,1.48838,1,-0.0685086,-0.5,0,0.304095,7.45058e-06,0,0.0105177,5,3.5,0.490632,-2.01253,1,0.212684,0.0112996,0,-0.0914913,0.0836849,0,0.0136845,6,3.5,2.99952,3,1,0.00101067,0,0,0.000104308,0,0,0.00526828,7,3.5,-0.00812639,2,1,0.0276248,0,0,-0.00839699,0,0,0.0100806,8,3.5,-1.44801,-1.00208,1,0.446683,0.0177752,0,-0.66714,-0.0189096,0,0.0133554,9,3.5,-2.0112,-1.78969,1,-0.114913,0.5,0,-0.881895,-7.45058e-06,0,0.00961316,10,3.5,1.01075,-1.51013,1,-0.0161674,0.214099,0,-0.0504702,-0.0859201,0,0.0124464,11,3.5,2,-2.00165,1,0,-0.00213198,0,0,0.0191778,0,0.00984462,12,3.5,0.517098,2.8533,1,0.497953,-0.469941,0,-0.0414939,-0.361666,0,0.0104361,13,3.5,-3,1.42325,1,0,0.497907,0,0,0.0451058,0,0.00703767,14,3.5,-2,3,1,0,0,0,0,0,0,0.0068206,15,3.5,1.6639,-0.0663155,1,0.479575,-0.291495,0,-0.17871,-0.951095,0,0.0160254,16,3.5,1.53262,3,1,0.216126,0,0,-0.996664,0,0,0.00715143,17,3.5,-2.01477,-2.72202,1,0.149237,0.499545,0,-0.399575,0.0177026,0,0.00894337,18,3.5,-0.999953,-1.61484,1,2.6729e-05,-0.456513,0,-0.000294298,0.435673,0,0.0119182,19,3.5,0.508267,-0.99157,1,-0.212213,-0.0215949,0,0.0952892,-0.00949576,0,0.0184148,20,3.5,1.57881,-3,1,0.499882,0,0,-0.00470877,0,0,0.00596471,21,3.5,1.50031,0.999526,1,0.5,0.000488665,0,-7.45058e-06,0.00118092,0,0.0123865,22,3.5,2.99771,0.674584,1,-0.00839978,0.497857,0,0.00831485,0.011798,0,0.00683829,23,3.5,-0.0147029,0.398323,1,-0.00582407,-0.498896,0,0.0376274,0.0268518,0,0.0119528,24,3.5,-0.510921,1.00091,1,0.5,-0.000394695,0,-2.08616e-06,-0.00258535,0,0.0111984,25,3.5,2.19834,-1.00017,1,0.493569,-0.00014361,0,0.156507,0.000633299,0,0.009452,26,3.5,-1.49992,-0.000453426,1,0.5,0.000461392,0,-7.45058e-06,0.00115846,0,0.0104257,27,3.5,-2.53047,1.98769,1,0.498061,-0.0262279,0,0.0106245,0.196904,0,0.00904456,28,3.5,2.93277,1.69715,1,-0.236316,0.481816,0,-0.436172,-0.174217,0,0.00779254,29,3.5,2.61404,0.00798544,1,0.497949,0.00288537,0,-0.0448525,0.15149,0,0.00721793,30,3.5,-2.77402,-2.94531,1,0.461752,-0.201433,0,0.321344,0.460625,0,0.00546028,31,3.5,0.0109925,-1.48824,1,-0.000666373,-0.224333,0,-0.115982,0.115655,0,0.0166941,32,3.5,-2.09508,0.561742,1,-0.409047,-0.499992,0,-0.693336,0.000339001,0,0.0128976,33,3.5,0.578582,9.91141e-13,1,0.499884,1.05123e-12,0,-0.00466779,-3.19321e-12,0,0.0123592,34,3.5,0.464999,-3,1,0.5,0,0,-1.78814e-06,0,0,0.00765705,35,3.5,-3,-1.99442,1,0,-0.0725156,0,0,0.220008,0,0.00589008
0,3.6,-1.01018,1.47072,1,-0.0155568,-0.494811,0,0.0529289,-0.0776052,0,0.0135671,1,3.6,-0.740267,-2.70729,1,0.5,-0.43695,0,2.98023e-05,0.256896,0,0.00759626,2,3.6,-1.58209,2.00117,1,0.4922,0.000661612,0,0.0921488,-0.0038147,0,0.010031,3,3.6,2.18043,2.10669,1,-0.401908,0.32779,0,0.403881,0.487566,0,0.00896935,4,3.6,0.982496,1.43838,1,-0.0405967,-0.500003,0,0.254214,5.96046e-05,0,0.009299,5,3.6,0.511491,-2.01105,1,0.204797,0.0178099,0,-0.0731051,0.0474453,0,0.0131593,6,3.6,2.99962,3,1,0.000983477,0,0,-0.000715256,0,0,0.00466138,7,3.6,-0.00543919,2,1,0.0258164,0,0,-0.0265813,0,0,0.0100384,8,3.6,-1.40724,-1.00041,1,0.36428,0.0153452,0,-0.939906,-0.0287294,0,0.0122427,9,3.6,-2.02741,-1.73969,1,-0.211203,0.500003,0,-1.00005,-5.96046e-05,0,0.0106379,10,3.6,1.00893,-1.48911,1,-0.0197202,0.206575,0,-0.0215173,-0.0711679,0,0.0133865,11,3.6,2,-2.00178,1,0,-0.000411272,0,0,0.0151396,0,0.00889581,12,3.6,0.566613,2.80493,1,0.491612,-0.49364,0,-0.0856817,-0.127196,0,0.00930858,13,3.6,-3,1.47318,1,0,0.499943,0,0,0.00113249,0,0.00807212,14,3.6,-2,3,1,0,0,0,0,0,0,0.00909482,15,3.6,1.71083,-0.100075,1,0.457647,-0.381335,0,-0.256717,-0.809137,0,0.013306,16,3.6,1.54924,3,1,0.116208,0,0,-0.999987,0,0,0.00744215,17,3.6,-2.00177,-2.67203,1,0.111365,0.5,0,-0.357211,0,0,0.00898519,18,3.6,-0.999951,-1.65799,1,1.3411e-05,-0.403589,0,5.96046e-05,0.608206,0,0.0118251,19,3.6,0.487478,-0.993742,1,-0.203853,-0.0215292,0,0.0784397,0.00992417,0,0.0148774,20,3.6,1.62874,-3,1,0.498116,0,0,-0.0376701,0,0,0.00793427,21,3.6,1.55031,0.99958,1,0.500003,0.000579655,0,-5.96046e-05,0.000655651,0,0.0108843,22,3.6,2.99692,0.724442,1,-0.00708699,0.499322,0,0.0170469,0.0127852,0,0.00588316,23,3.6,-0.0150808,0.348645,1,-0.00160097,-0.4938,0,0.0456423,0.0785887,0,0.0111282,24,3.6,-0.460921,1.00086,1,0.5,-0.000628829,0,-1.43051e-05,-0.00202656,0,0.0109564,25,3.6,2.24815,-1.00018,1,0.500005,-7.7486e-05,0,-0.000119209,0.000596046,0,0.00826745,26,3.6,-1.44992,-0.000402372,1,0.500003,0.000551251,0,-5.96046e-05,0.000652799,0,0.0098775,27,3.6,-2.4806,1.98597,1,0.49938,-0.00897348,0,0.0115633,0.149071,0,0.00888103,28,3.6,2.90706,1.74431,1,-0.276667,0.459871,0,-0.36478,-0.262797,0,0.0122165,29,3.6,2.66351,0.00928927,1,0.490373,0.0254168,0,-0.109434,0.285277,0,0.00639177,30,3.6,-2.72647,-2.9632,1,0.486869,-0.156915,0,0.179052,0.427127,0,0.00573752,31,3.6,0.0104148,-1.51014,1,-0.0102248,-0.213966,0,-0.0762716,0.0980496,0,0.0148457,32,3.6,-2.139,0.511747,1,-0.464725,-0.499863,0,-0.417113,0.00269711,0,0.0122053,33,3.6,0.628509,1.07776e-12,1,0.498134,6.59474e-13,0,-0.0373721,-4.49348e-12,0,0.011516,34,3.6,0.514999,-3,1,0.500001,0,0,-2.98023e-05,0,0,0.00745166,35,3.6,-3,-2.00061,1,0,-0.0516891,0,0,0.195742,0,0.00656831
0,3.7,-1.01109,1.42097,1,0.00065472,-0.499267,0,0.254966,-0.0162646,0,0.0135671,1,3.7,-0.690267,-2.74963,1,0.5,-0.409251,0,0,0.295714,0,0.00759626,2,3.7,-1.53251,2.00221,1,0.498442,0.0287991,0,0.0353679,0.524834,0,0.010031,3,3.7,2.14234,2.14198,1,-0.359168,0.378238,0,0.447184,0.503659,0,0.00896935,4,3.7,0.979615,1.38843,1,-0.0179091,-0.498273,0,0.200395,0.0384375,0,0.009299,5,3.7,0.531759,-2.00908,1,0.201848,0.0210371,0,0.00456721,0.0182539,0,0.0131593,6,3.7,2.99971,3,1,0.000887737,0,0,-0.00117719,0,0,0.00466138,7,3.7,-0.00351169,2,1,0.00822113,0,0,-0.29793,0,0,0.0100384,8,3.7,-1.37563,-0.999029,1,0.267097,0.0122401,0,-0.992492,-0.032749,0,0.0122427,9,3.7,-2.05347,-1.68969,1,-0.308609,0.5,0,-0.923991,-7.45058e-06,0,0.0106379,10,3.7,1.00689,-1.46866,1,-0.0207262,0.203603,0,0.000409782,0.00243634,0,0.0133865,11,3.7,2,-2.00227,1,0,-0.0140823,0,0,-0.260949,0,0.00889581,12,3.7,0.615249,2.75517,1,0.480173,-0.499602,0,-0.142258,-0.0158995,0,0.00930858,13,3.7,-3,1.52318,1,0,0.499996,0,0,0.000141561,0,0.00807212,14,3.7,-2,2.99948,1,-3.72529e-07,-0.0149012,0,-1.49012e-05,-0.270605,0,0.00909482,15,3.7,1.75519,-0.141799,1,0.428501,-0.448355,0,-0.322901,-0.523553,0,0.013306,16,3.7,1.55586,3,1,0.0162087,0,0,-1,0,0,0.00744215,17,3.7,-1.99233,-2.62203,1,0.0782644,0.5,0,-0.305168,0,0,0.00898519,18,3.7,-0.999949,-1.69473,1,2.93367e-05,-0.326561,0,0.000480562,0.897638,0,0.0118251,19,3.7,0.467332,-0.995823,1,-0.200347,-0.0198665,0,0.00109524,0.0225715,0,0.0148774,20,3.7,1.67854,-3,1,0.498809,0,0,0.0235438,0,0,0.00793427,21,3.7,1.60028,0.999641,1,0.498982,0.000621658,0,-0.0252426,0.00019744,0,0.0108843,22,3.7,2.9963,0.774415,1,-0.00525899,0.499948,0,0.0192374,0.00189617,0,0.00588316,23,3.7,-0.0150084,0.299762,1,0.003068,-0.482725,0,0.046788,0.14545,0,0.0111282,24,3.7,-0.410932,1.00115,1,0.499559,0.00985339,0,-0.0133607,0.196263,0,0.0109564,25,3.7,2.29815,-1.00019,1,0.5,-1.88127e-05,0,-1.49012e-05,0.000573695,0,0.00826745,26,3.7,-1.39995,-4.74395e-06,1,0.498997,0.010433,0,-0.0249892,0.182771,0,0.0098775,27,3.7,-2.43067,1.98477,1,0.498545,-0.0245167,0,-0.0305921,-0.418849,0,0.00888103,28,3.7,2.87762,1.78883,1,-0.311525,0.429005,0,-0.325724,-0.350483,0,0.0122165,29,3.7,2.71182,0.0137375,1,0.474187,0.0677277,0,-0.21182,0.536508,0,0.00639177,30,3.7,-2.67711,-2.97683,1,0.498099,-0.116458,0,0.0537187,0.380039,0,0.00573752,31,3.7,0.00907189,-1.5312,1,-0.0160611,-0.208623,0,-0.0418897,0.0182539,0,0.0148457,32,3.7,-2.18709,0.461865,1,-0.492782,-0.496859,0,-0.157893,0.0571739,0,0.0122053,33,3.7,0.678273,1.12141e-12,1,0.498049,2.16484e-13,0,0.0186786,-4.32563e-12,0,0.011516,34,3.7,0.564998,-3,1,0.499943,0,0,-0.00229105,0,0,0.00745166,35,3.7,-3,-2.00484,1,0,-0.0335712,0,0,0.166252,0,0.00656831
0,3.8,-1.00953,1.37103,1,0.0324219,-0.4987,0,0.366628,0.0259876,0,0.0131165,1,3.8,-0.640267,-2.78902,1,0.5,-0.378072,0,2.98023e-05,0.326395,0,0.00697985,2,3.8,-1.48255,2.0083,1,0.499991,0.0979781,0,0.000178814,0.823975,0,0.00849885,3,3.8,2.10871,2.18223,1,-0.313187,0.425595,0,0.469327,0.431657,0,0.00766587,4,3.8,0.978743,1.33889,1,-0.000344217,-0.491646,0,0.151753,0.0967383,0,0.0118597,5,3.8,0.552029,-2.00693,1,0.204,0.0216782,0,0.0309348,-0.00429153,0,0.0153754,6,3.8,2.99979,3,1,0.000756979,0,0,-0.00143051,0,0,0.00574938,7,3.8,-0.00444141,2,1,-0.0288867,0,0,-0.422791,0,0,0.0134279,8,3.8,-1.3539,-0.997971,1,0.167283,0.0089094,0,-0.999987,-0.0333786,0,0.0121203,9,3.8,-2.08866,-1.63969,1,-0.391954,0.500003,0,-0.726461,-5.96046e-05,0,0.00884891,10,3.8,1.00485,-1.44823,1,-0.0198245,0.205407,0,0.0166297,0.0262856,0,0.0143018,11,3.8,2,-2.00525,1,0,-0.0476837,0,0,-0.389338,0,0.0125449,12,3.8,0.662467,2.70518,1,0.463334,-0.5,0,-0.193626,0,0,0.00948892,13,3.8,-3,1.57318,1,0,0.500003,0,0,-5.96046e-05,0,0.00630099,14,3.8,-2,2.99638,1,0,-0.0492394,0,-0.000238419,-0.394583,0,0.00721634,15,3.8,1.79634,-0.188758,1,0.393701,-0.486013,0,-0.370085,-0.236965,0,0.0154913,16,3.8,1.55248,3,1,-0.0837922,0,0,-0.999987,0,0,0.00503723,17,3.8,-1.98595,-2.57203,1,0.0502586,0.5,0,-0.255406,0,0,0.00919401,18,3.8,-0.999942,-1.72266,1,0.000149012,-0.230297,0,0.00205636,0.999987,0,0.0124689,19,3.8,0.447239,-0.997681,1,-0.201951,-0.0171557,0,-0.025779,0.0309944,0,0.0156626,20,3.8,1.7285,-3,1,0.500003,0,0,-5.96046e-05,0,0,0.00500549,21,3.8,1.64998,0.999703,1,0.494102,0.000622869,0,-0.0760555,-0.000149012,0,0.0112477,22,3.8,2.99588,0.824414,1,-0.00329614,0.5,0,0.0197887,2.98023e-05,0,0.00675949,23,3.8,-0.0144723,0.252344,1,0.00758874,-0.464331,0,0.0428963,0.223666,0,0.0122467,24,3.8,-0.361101,1.00334,1,0.496364,0.0357807,0,-0.0556558,0.30911,0,0.0112119,25,3.8,2.34815,-1.00019,1,0.5,3.57628e-05,0,0,0.000596046,0,0.00747357,26,3.8,-1.35025,0.00215501,1,0.494152,0.0344818,0,-0.0756979,0.286179,0,0.0124902,27,3.8,-2.38106,1.97957,1,0.492847,-0.0851542,0,-0.0847578,-0.759184,0,0.0120025,28,3.8,2.84495,1.82986,1,-0.340647,0.39055,0,-0.25177,-0.414729,0,0.0123635,29,3.8,2.75803,0.0234386,1,0.448513,0.128232,0,-0.299096,0.653152,0,0.00683703,30,3.8,-2.62716,-2.98667,1,0.5,-0.0812292,0,0,0.323296,0,0.00607491,31,3.8,0.00730328,-1.55204,1,-0.0188736,-0.208628,0,-0.0156339,-0.010848,0,0.0126178,32,3.8,-2.23685,0.412554,1,-0.499809,-0.488485,0,-0.0038147,0.109971,0,0.0102979,33,3.8,0.728167,1.122e-12,1,0.499628,-1.98265e-13,0,0.00742078,-3.93625e-12,0,0.0129508,34,3.8,0.614962,-3,1,0.499083,0,0,-0.0183284,0,0,0.00741509,35,3.8,-3,-2.00742,1,0,-0.0184894,0,0,0.135541,0,0.00766821
0,3.9,-1.00423,1.32147,1,0.0754869,-0.490864,0,0.479691,0.129201,0,0.0131165,1,3.9,-0.590267,-2.82515,1,0.5,-0.343892,0,0,0.35505,0,0.00697985,2,3.9,-1.43268,2.02256,1,0.49617,0.189728,0,-0.0752062,0.977993,0,0.00849885,3,3.9,2.07972,2.22678,1,-0.266673,0.463507,0,0.459224,0.316754,0,0.00766587,4,3.9,0.979387,1.28998,1,0.0124545,-0.488442,0,0.10528,-0.0177994,0,0.0118597,5,3.9,0.572938,-2.00481,1,0.217195,0.0204731,0,0.212334,-0.0190288,0,0.0153754,6,3.9,2.99986,3,1,0.000607595,0,0,-0.00153482,0,0,0.00574938,7,3.9,-0.00993851,2,1,-0.0852047,-0.000141002,0,-0.672373,-0.00295788,0,0.0134279,8,3.9,-1.34217,-0.997241,1,0.067284,0.00573816,0,-1,-0.0299327,0,0.0121203,9,3.9,-2.13107,-1.58969,1,-0.45184,0.5,0,-0.467867,-7.45058e-06,0,0.00884891,10,3.9,1.00297,-1.42721,1,-0.0176597,0.218027,0,0.026077,0.205733,0,0.0143018,11,3.9,1.99998,-2.01233,1,-0.000689924,-0.0967398,0,-0.0129342,-0.5669,0,0.0125449,12,3.9,0.707749,2.65518,1,0.441484,-0.5,0,-0.242203,0,0,0.00948892,13,3.9,-3,1.6231,1,0,0.497548,0,0,-0.0519156,0,0.00630099,14,3.9,-2,2.98879,1,-1.75089e-05,-0.108529,0,-0.00013411,-0.753373,0,0.00721634,15,3.9,1.83381,-0.238146,1,0.355133,-0.498591,0,-0.398681,-0.0456616,0,0.0154913,16,3.9,1.5391,3,1,-0.183576,0,0,-0.991359,0,0,0.00503723,17,3.9,-1.98212,-2.52203,1,0.0271322,0.5,0,-0.207625,0,0,0.00919401,18,3.9,-0.999918,-1.74069,1,0.000318326,-0.130298,0,0.00174344,1,0,0.0124689,19,3.9,0.426556,-0.999236,1,-0.214784,-0.0138975,0,-0.210125,0.0338294,0,0.0156626,20,3.9,1.7785,-3,1,0.5,0,0,-7.45058e-06,0,0,0.00500549,21,3.9,1.6989,0.999764,1,0.483303,0.000594184,0,-0.142552,-0.000409782,0,0.0112477,22,3.9,2.99564,0.874414,1,-0.00139996,0.5,0,0.0180304,0,0,0.00675949,23,3.9,-0.0135144,0.2072,1,0.0114103,-0.436938,0,0.0333861,0.320708,0,0.0122467,24,3.9,-0.311911,1.0087,1,0.485805,0.0734063,0,-0.15389,0.428744,0,0.0112119,25,3.9,2.39815,-1.00018,1,0.5,8.90344e-05,0,0,0.000461936,0,0.00747357,26,3.9,-1.30138,0.00726352,1,0.48151,0.069624,0,-0.17526,0.402559,0,0.0124902,27,3.9,-2.33238,1.96679,1,0.479015,-0.173866,0,-0.188112,-0.969902,0,0.0120025,28,3.9,2.8094,1.86668,1,-0.372221,0.344374,0,-0.363469,-0.500567,0,0.0123635,29,3.9,2.80124,0.0398037,1,0.414277,0.201259,0,-0.381142,0.784978,0,0.00683703,30,3.9,-2.57716,-2.99328,1,0.5,-0.0520155,0,0,0.260621,0,0.00607491,31,3.9,0.00537386,-1.57332,1,-0.0193851,-0.220128,0,0.00417763,-0.198267,0,0.0126178,32,3.9,-2.28684,0.364358,1,-0.499988,-0.474439,0,-0.000476837,0.169659,0,0.0102979,33,3.9,0.778152,1.08496e-12,1,0.499977,-5.19489e-13,0,0.000935048,-2.54638e-12,0,0.0129508,34,3.9,0.664707,-3,1,0.49496,0,0,-0.0693277,0,0,0.00741509,35,3.9,-3,-2.00864,1,0,-0.0065133,0,0,0.104308,0,0.00766821
0,4,-0.9942,1.27319,1,0.12563,-0.473195,0,0.510782,0.222325,0,0.0172748,1,4,-0.540267,-2.85773,1,0.5,-0.307471,0,2.98023e-05,0.371337,0,0.00886574,2,4,-1.38356,2.04648,1,0.485227,0.289172,0,-0.142276,1.00017,0,0.00792172,3,4,2.05532,2.27448,1,-0.22167,0.487894,0,0.439286,0.170469,0,0.00745661,4,4,0.981089,1.24096,1,0.0209212,-0.492644,0,0.0650883,-0.0555515,0,0.0133264,5,4,0.595878,-2.00287,1,0.242752,0.0180125,0,0.282347,-0.0294447,0,0.0111852,6,4,2.99992,3,1,0.000452995,0,0,-0.00143051,0,0,0.00500263,7,4,-0.0220188,1.99996,1,-0.157741,-0.000610948,0,-0.753359,-0.0064373,0,0.0145624,8,4,-1.34045,-0.996811,1,-0.032717,0.00294298,0,-0.999987,-0.0258982,0,0.0118861,9,4,-2.17816,-1.53969,1,-0.485903,0.500003,0,-0.220537,-5.96046e-05,0,0.00864296,10,4,1.00134,-1.40422,1,-0.0147164,0.24288,0,0.0323057,0.275075,0,0.0116734,11,4,1.99983,-2.02496,1,-0.00242293,-0.156605,0,-0.0208616,-0.610709,0,0.0102825,12,4,0.750614,2.60518,1,0.415128,-0.5,0,-0.283688,0,0,0.00959461,13,4,-3,1.67249,1,0,0.489143,0,0,-0.118077,0,0.00707908,14,4,-2,2.97383,1,-2.38419e-05,-0.193048,0,-0.000119209,-0.906229,0,0.00683449,15,4,1.8673,-0.288113,1,0.31445,-0.5,0,-0.412703,1.43051e-05,0,0.0142715,16,4,1.51586,3,1,-0.280336,0,0,-0.930786,0,0,0.00623138,17,4,-1.98037,-2.47203,1,0.00862479,0.5,0,-0.163078,0,0,0.00875978,18,4,-0.999875,-1.74872,1,0.000570714,-0.030297,0,0.00360608,0.999987,0,0.0122126,19,4,0.403865,-1.00045,1,-0.24024,-0.0104487,0,-0.282407,0.0347495,0,0.0151817,20,4,1.8285,-3,1,0.500003,0,0,-5.96046e-05,0,0,0.00547222,21,4,1.74639,0.999821,1,0.465196,0.000543892,0,-0.220895,-0.000625849,0,0.0115038,22,4,2.99559,0.924414,1,0.000298023,0.5,0,0.0157356,2.98023e-05,0,0.00781544,23,4,-0.0122231,0.165245,1,0.0142453,-0.400887,0,0.0232561,0.396825,0,0.0127001,24,4,-0.26425,1.01828,1,0.465939,0.118849,0,-0.24157,0.467956,0,0.0126081,25,4,2.44815,-1.00017,1,0.5,0.00013113,0,0,0.000298023,0,0.00883472,26,4,-1.25426,0.0163332,1,0.459501,0.112416,0,-0.262916,0.441606,0,0.0144114,27,4,-2.28556,1.94447,1,0.455946,-0.273114,0,-0.269651,-0.999987,0,0.0109584,28,4,2.77029,1.89853,1,-0.410396,0.291964,0,-0.386715,-0.540555,0,0.0115252,29,4,2.84066,0.0639167,1,0.373149,0.281155,0,-0.43726,0.794616,0,0.0064732,30,4,-2.52716,-2.99728,1,0.5,-0.0291169,0,0,0.19753,0,0.00687536,31,4,0.00348053,-1.59649,1,-0.0182653,-0.244528,0,0.0171715,-0.27293,0,0.0127752,32,4,-2.33684,0.317852,1,-0.5,-0.454809,0,0,0.22167,0,0.00941702,33,4,0.828152,1.02217e-12,1,0.5,-7.18479e-13,0,2.98023e-05,-1.48465e-12,0,0.0144793,34,4,0.713737,-3,1,0.484362,0,0,-0.145942,0,0,0.00736512,35,4,-3,-2.00882,1,0,0.00244975,0,0,0.0753403,0,0.00678144
0,4.1,-0.979059,1.22715,1,0.177198,-0.445873,0,0.510801,0.319667,0,0.0172748,1,4.1,-0.490267,-2.88661,1,0.5,-0.270028,0,-5.66244e-06,0.375837,0,0.00886574,2,4.1,-1.33587,2.08013,1,0.467265,0.38051,0,-0.214413,0.805199,0,0.00792172,3,4.1,2.0353,2.32389,1,-0.179258,0.498347,0,0.407979,0.0481755,0,0.00745661,4,4.1,0.98345,1.19144,1,0.0257447,-0.497321,0,0.03241,-0.0352785,0,0.0133264,5,4.1,0.621718,-2.00122,1,0.275262,0.0149138,0,0.354797,-0.0321269,0,0.0111852,6,4.1,2.99995,3,1,0.000314415,0,0,-0.0013113,0,0,0.00500263,7,4.1,-0.0417375,1.99981,1,-0.237815,-0.00294354,0,-0.824959,-0.0377372,0,0.0145624,8,4.1,-1.34872,-0.996636,1,-0.132716,0.000641681,0,-1,-0.0202358,0,0.0118861,9,4.1,-2.22752,-1.48971,1,-0.498351,0.499227,0,-0.0505894,-0.0178814,0,0.00864296,10,4.1,1.00003,-1.3784,1,-0.0114981,0.274839,0,0.031814,0.3509,0,0.0116734,11,4.1,1.99944,-2.04369,1,-0.00576917,-0.217855,0,-0.043951,-0.603542,0,0.0102825,12,4.1,0.790629,2.55518,1,0.384424,-0.5,0,-0.328019,0,0,0.00959461,13,4.1,-3,1.72069,1,0,0.473799,0,0,-0.190049,0,0.00707908,14,4.1,-2.00001,2.94985,1,-3.12924e-05,-0.287358,0,-5.96046e-05,-0.947207,0,0.00683449,15,4.1,1.89668,-0.338113,1,0.273175,-0.5,0,-0.411041,0,0,0.0142715,16,4.1,1.48348,3,1,-0.364144,0,0,-0.740819,0,0,0.00623138,17,4.1,-1.98025,-2.42204,1,-0.00543837,0.499886,0,-0.119202,-0.00455976,0,0.00875978,18,4.1,-0.999804,-1.74675,1,0.00081202,0.0697024,0,0.00132248,1,0,0.0122126,19,4.1,0.37827,-1.00133,1,-0.272886,-0.00718255,0,-0.357287,0.0305101,0,0.0151817,20,4.1,1.8785,-3,1,0.5,0,0,-7.45058e-06,0,0,0.00547222,21,4.1,1.79163,0.999872,1,0.438052,0.000475533,0,-0.318542,-0.000730157,0,0.0115038,22,4.1,2.99569,0.974414,1,0.0017114,0.5,0,0.0125468,-7.45058e-06,0,0.00781544,23,4.1,-0.010699,0.127233,1,0.0160706,-0.358521,0,0.0132602,0.447399,0,0.0127001,24,4.1,-0.219026,1.03259,1,0.437041,0.167878,0,-0.332018,0.501066,0,0.0126081,25,4.1,2.49815,-1.00015,1,0.5,0.000156462,0,0,0.000208616,0,0.00883472,26,4.1,-1.20974,0.0299414,1,0.429581,0.16089,0,-0.333652,0.510468,0,0.0144114,27,4.1,-2.24142,1.91228,1,0.42572,-0.368425,0,-0.33167,-0.870578,0,0.0109584,28,4.1,2.72731,1.92511,1,-0.448686,0.240461,0,-0.358343,-0.489369,0,0.0115252,29,4.1,2.87571,0.0958057,1,0.327297,0.354493,0,-0.475198,0.666886,0,0.0064732,30,4.1,-2.47716,-2.99931,1,0.5,-0.0123978,0,0,0.137925,0,0.00687536,31,4.1,0.00175473,-1.62247,1,-0.0161176,-0.276184,0,0.0251643,-0.347123,0,0.0127752,32,4.1,-2.38684,0.273561,1,-0.5,-0.430257,0,0,0.267949,0,0.00941702,33,4.1,0.878152,9.42017e-13,1,0.5,-8.91313e-13,0,0,-1.88716e-12,0,0.0144793,34,4.1,0.761252,-3,1,0.464078,0,0,-0.256941,0,0,0.00736512,35,4.1,-3,-2.00825,1,0,0.00864826,0,0,0.0493079,0,0.00678144
0,4.2,-0.958853,1.18429,1,0.226042,-0.410116,0,0.45833,0.391424,0,0.0150524,1,4.2,-0.440267,-2.91173,1,0.5,-0.232619,0,-1.43051e-05,0.370979,0,0.00895263,2,4.2,-1.29032,2.12176,1,0.44283,0.447339,0,-0.271916,0.523925,0,0.00866448,3,4.2,2.01936,2.37385,1,-0.140244,0.5,0,0.371456,0,0,0.00689264,4,4.2,0.98614,1.14158,1,0.0275999,-0.49952,0,0.00569224,-0.00959635,0,0.0149499,5,4.2,0.651047,-1.9999,1,0.31134,0.0116616,0,0.356197,-0.0326633,0,0.0107161,6,4.2,2.99998,3,1,0.000190735,0,0,-0.00119209,0,0,0.00572896,7,4.2,-0.0696047,1.99929,1,-0.318694,-0.00769198,0,-0.775381,-0.0551343,0,0.0138836,8,4.2,-1.36699,-0.996664,1,-0.232717,-0.00112504,0,-0.999987,-0.0151694,0,0.0130147,9,4.2,-2.27748,-1.43993,1,-0.5,0.495994,0,0,-0.0488162,0,0.0089826,10,4.2,0.99904,-1.34912,1,-0.00839978,0.310662,0,0.0300109,0.354767,0,0.0118765,11,4.2,1.99862,-2.0684,1,-0.0108242,-0.275403,0,-0.0553131,-0.538826,0,0.0113768,12,4.2,0.827374,2.50518,1,0.349985,-0.5,0,-0.358611,0,0,0.00983678,13,4.2,-3,1.767,1,0,0.450987,0,0,-0.266433,0,0.00696394,14,4.2,-2.00001,2.91655,1,-2.98023e-05,-0.376219,0,0,-0.799775,0,0.00711482,15,4.2,1.92195,-0.388113,1,0.232571,-0.5,0,-0.399411,1.43051e-05,0,0.0130966,16,4.2,1.4437,3,1,-0.427893,0,0,-0.532508,0,0,0.00671205,17,4.2,-1.98132,-2.37211,1,-0.0154167,0.498176,0,-0.0813603,-0.0363588,0,0.0102227,18,4.2,-0.99972,-1.73478,1,0.000855327,0.169703,0,-0.000327826,0.999987,0,0.0123026,19,4.2,0.349163,-1.00191,1,-0.3093,-0.00435412,0,-0.36025,0.0260472,0,0.0118885,20,4.2,1.9285,-3,1,0.500003,0,0,-5.96046e-05,0,0,0.00646264,21,4.2,1.83371,0.999916,1,0.402182,0.000399351,0,-0.395298,-0.000745058,0,0.0118983,22,4.2,2.99592,1.02441,1,0.00281334,0.500003,0,0.00953674,-5.96046e-05,0,0.00722181,23,4.2,-0.00904199,0.0936784,1,0.0169086,-0.312033,0,0.00360075,0.479217,0,0.01346,24,4.2,-0.177101,1.05186,1,0.400372,0.216979,0,-0.397354,0.471592,0,0.0143396,25,4.2,2.54815,-1.00014,1,0.5,0.000172853,0,0,0.000178814,0,0.00764283,26,4.2,-1.16856,0.048577,1,0.393161,0.211417,0,-0.392616,0.486557,0,0.0149061,27,4.2,-2.20059,1.87152,1,0.39022,-0.442085,0,-0.375271,-0.586748,0,0.00943997,28,4.2,2.68082,1.94679,1,-0.479043,0.194111,0,-0.239372,-0.437498,0,0.00980023,29,4.2,2.90603,0.134343,1,0.278968,0.413724,0,-0.487447,0.514939,0,0.00603443,30,4.2,-2.42716,-2.99995,1,0.5,-0.00127554,0,0,0.0861883,0,0.00763695,31,4.2,0.000277703,-1.65185,1,-0.0133473,-0.311577,0,0.0297114,-0.350058,0,0.00998562,32,4.2,-2.43684,0.231941,1,-0.5,-0.401501,0,0,0.305758,0,0.00909808,33,4.2,0.928152,8.43372e-13,1,0.5,-1.08061e-12,0,2.98023e-05,-1.83065e-12,0,0.0107873,34,4.2,0.806212,-3,1,0.43356,0,0,-0.350326,0,0,0.00650572,35,4.2,-3,-2.00717,1,0,0.0124395,0,0,0.0274181,0,0.00722408
0,4.3,-0.933947,1.14533,1,0.271854,-0.368503,0,0.445258,0.437275,0,0.0150524,1,4.3,-0.390317,-2.93316,1,0.498392,-0.196011,0,-0.0362097,0.359565,0,0.00895263,2,4.3,-1.24748,2.16862,1,0.413225,0.485129,0,-0.317842,0.239447,0,0.00866448,3,4.3,2.00711,2.42385,1,-0.10544,0.5,0,0.324719,0,0,0.00689264,4,4.3,0.988898,1.0916,1,0.0272949,-0.49997,0,-0.0110529,-0.00119954,0,0.0149499,5,4.3,0.683461,-1.99889,1,0.332195,0.00842996,0,0.0716448,-0.0316054,0,0.0107161,6,4.3,2.99999,3,1,9.08971e-05,0,0,-0.000804663,0,0,0.00572896,7,4.3,-0.10522,1.9983,1,-0.391732,-0.0116097,0,-0.664059,-0.0244901,0,0.0138836,8,4.3,-1.39501,-0.996845,1,-0.325076,-0.00239974,0,-0.837743,-0.0104494,0,0.0130147,9,4.3,-2.32748,-1.39069,1,-0.5,0.487499,0,0,-0.119768,0,0.0089826,10,4.3,0.998347,-1.31678,1,-0.00551324,0.331469,0,0.0274703,0.0719875,0,0.0118765,11,4.3,1.99714,-2.09851,1,-0.0196747,-0.325488,0,-0.114441,-0.460178,0,0.0113768,12,4.3,0.860549,2.45518,1,0.313246,-0.5,0,-0.374366,0,0,0.00983678,13,4.3,-3,1.81061,1,0,0.419781,0,0,-0.35394,0,0.00696394,14,4.3,-2.00001,2.87533,1,-2.79397e-05,-0.443785,0,4.47035e-05,-0.540137,0,0.00711482,15,4.3,1.94325,-0.438113,1,0.1938,-0.5,0,-0.375144,0,0,0.0130966,16,4.3,1.3986,3,1,-0.47057,0,0,-0.32346,0,0,0.00671205,17,4.3,-1.98321,-2.32256,1,-0.0219243,0.491772,0,-0.049673,-0.0958145,0,0.0102227,18,4.3,-0.999637,-1.71282,1,0.000771973,0.26918,0,-0.00128523,0.979073,0,0.0123026,19,4.3,0.316932,-1.00222,1,-0.33061,-0.00195578,0,-0.0765715,0.0218302,0,0.0118885,20,4.3,1.9785,-3,1,0.5,0,0,-7.45058e-06,0,0,0.00646264,21,4.3,1.87186,0.999952,1,0.359933,0.000323914,0,-0.44661,-0.000752509,0,0.0118983,22,4.3,2.99624,1.07441,1,0.00359342,0.5,0,0.00613928,-7.45058e-06,0,0.00722181,23,4.3,-0.00734989,0.0644504,1,0.0167764,-0.2763,0,-0.00582382,0.252589,0,0.01346,24,4.3,-0.13914,1.07606,1,0.35808,0.268007,0,-0.444085,0.533849,0,0.0143396,25,4.3,2.59812,-1.00012,1,0.498989,0.000185147,0,-0.0255853,5.96046e-05,0,0.00764283,26,4.3,-1.1313,0.0720932,1,0.351157,0.258071,0,-0.443608,0.436687,0,0.0149061,27,4.3,-2.16349,1.82494,1,0.351282,-0.483946,0,-0.40102,-0.261687,0,0.00943997,28,4.3,2.63198,1.96411,1,-0.495413,0.153153,0,-0.0946075,-0.382081,0,0.00980023,29,4.3,2.9315,0.178029,1,0.230489,0.457314,0,-0.478655,0.354458,0,0.00603443,30,4.3,-2.37724,-2.99971,1,0.49757,0.00531077,0,-0.0514686,0.0472367,0,0.00763695,31,4.3,-0.00184888,-1.68464,1,-0.0376141,-0.342918,0,-0.476659,-0.273131,0,0.00998562,32,4.3,-2.48684,0.193388,1,-0.5,-0.368929,0,0,0.343364,0,0.00909808,33,4.3,0.978152,7.4497e-13,1,0.5,-7.22324e-13,0,0,8.09088e-12,0,0.0107873,34,4.3,0.847694,-3,1,0.394917,0,0,-0.419647,0,0,0.00650572,35,4.3,-3,-2.00582,1,0,0.0142522,0,0,0.00956655,0,0.00722408
0,4.4,-0.904643,1.11071,1,0.312889,-0.323337,0,0.365973,0.46277,0,0.0153609,1,4.4,-0.340747,-2.95099,1,0.49206,-0.16101,0,-0.093326,0.33915,0,0.00809578,2,4.4,-1.20781,2.21795,1,0.379711,0.498039,0,-0.350416,0.0392199,0,0.00769729,3,4.4,1.99812,2.47385,1,-0.0752717,0.5,0,0.278711,0,0,0.00742564,4,4.4,0.99155,1.0416,1,0.0255302,-0.500003,0,-0.0235736,5.96046e-05,0,0.0163115,5,4.4,0.716644,-1.9982,1,0.327764,0.00540316,0,-0.150055,-0.0286698,0,0.0116913,6,4.4,3,3,1,2.38419e-05,0,0,-0.000476837,0,0,0.00417068,7,4.4,-0.147398,1.99706,1,-0.448422,-0.0128329,0,-0.460245,-0.00113249,0,0.0132659,8,4.4,-1.43138,-0.99713,1,-0.398877,-0.003241,0,-0.633836,-0.0064373,0,0.0134857,9,4.4,-2.37748,-1.34265,1,-0.5,0.472304,0,0,-0.182748,0,0.00752636,10,4.4,0.997927,-1.28367,1,-0.00294447,0.327131,0,0.023663,-0.148714,0,0.010319,11,4.4,1.99455,-2.13321,1,-0.0323862,-0.366986,0,-0.133932,-0.368118,0,0.0112283,12,4.4,0.889989,2.40518,1,0.275452,-0.5,0,-0.379831,0,0,0.00801642,13,4.4,-3,1.8507,1,0,0.380933,0,0,-0.419259,0,0.00680515,14,4.4,-2.00002,2.82873,1,-2.38419e-05,-0.483555,0,0,-0.259757,0,0.00853662,15,4.4,1.9608,-0.488113,1,0.157699,-0.5,0,-0.346124,-2.98023e-05,0,0.0107213,16,4.4,1.35026,3,1,-0.493136,0,0,-0.130951,0,0,0.00589817,17,4.4,-1.98561,-2.27399,1,-0.0255287,0.478357,0,-0.0232458,-0.17488,0,0.00921923,18,4.4,-0.999568,-1.68117,1,0.000610948,0.361332,0,-0.00190735,0.832498,0,0.0123314,19,4.4,0.283882,-1.00231,1,-0.326684,-2.98023e-06,0,0.145003,0.0171661,0,0.0124858,20,4.4,2.0285,-3,1,0.5,0,0,0,0,0,0.00684101,21,4.4,1.90556,0.999981,1,0.313491,0.00025034,0,-0.479221,-0.000715256,0,0.0123749,22,4.4,2.99663,1.12441,1,0.00405908,0.500003,0,0.00345707,-5.96046e-05,0,0.00658744,23,4.4,-0.00571403,0.0378261,1,0.0158239,-0.2584,0,-0.0128448,0.119396,0,0.0154655,24,4.4,-0.105598,1.10552,1,0.312378,0.321013,0,-0.466127,0.51403,0,0.0160689,25,4.4,2.64781,-1.0001,1,0.493956,0.000187755,0,-0.079155,-5.96046e-05,0,0.00772608,26,4.4,-1.09846,0.0999341,1,0.305179,0.297067,0,-0.472426,0.336196,0,0.0173029,27,4.4,-2.1304,1.77566,1,0.310487,-0.497922,0,-0.412703,-0.0415444,0,0.011012,28,4.4,2.58214,1.9776,1,-0.499779,0.117609,0,-0.00441074,-0.329256,0,0.00950186,29,4.4,2.95219,0.225261,1,0.183868,0.484643,0,-0.451207,0.194796,0,0.00598739,30,4.4,-2.32785,-2.999,1,0.489217,0.00849366,0,-0.117302,0.0177622,0,0.0089501,31,4.4,-0.00856475,-1.72015,1,-0.101587,-0.365588,0,-0.770265,-0.177801,0,0.0175442,32,4.4,-2.53684,0.158258,1,-0.5,-0.333274,0,0,0.367619,0,0.0104594,33,4.4,1.02815,7.23322e-13,1,0.5,3.71372e-13,0,0,1.30267e-11,0,0.0127116,34,4.4,0.884994,-3,1,0.350237,0,0,-0.470847,0,0,0.00594897,35,4.4,-3,-2.00438,1,0,0.0144958,0,0,-0.00393391,0,0.00835395
0,4.5,-0.871543,1.08072,1,0.348639,-0.276375,0,0.337794,0.472881,0,0.0153609,1,4.5,-0.292117,-2.96544,1,0.479392,-0.128403,0,-0.162104,0.311852,0,0.00809578,2,4.5,-1.17163,2.26787,1,0.343491,0.499877,0,-0.37194,0.00490248,0,0.00769729,3,4.5,1.99191,2.52385,1,-0.0496851,0.5,0,0.233345,0,0,0.00742564,4,4.5,0.993975,0.991597,1,0.0228669,-0.5,0,-0.0292957,0,0,0.0163115,5,4.5,0.74749,-1.9978,1,0.279024,0.00277553,0,-0.75845,-0.0238642,0,0.0116913,6,4.5,3,3,1,-1.30385e-05,0,0,-0.00025332,0,0,0.00417068,7,4.5,-0.194159,1.9958,1,-0.483008,-0.0122108,0,-0.234401,0.012815,0,0.0132659,8,4.5,-1.47407,-0.997481,1,-0.451327,-0.00371812,0,-0.416547,-0.00320747,0,0.0134857,9,4.5,-2.42748,-1.29643,1,-0.5,0.451084,0,0,-0.240125,0,0.00752636,10,4.5,0.997744,-1.25228,1,-0.00079982,0.295391,0,0.0192523,-0.460453,0,0.010319,11,4.5,1.99053,-2.17169,1,-0.0488514,-0.401744,0,-0.185587,-0.325486,0,0.0112283,12,4.5,0.915636,2.35531,1,0.237539,-0.496191,0,-0.376757,0.0770986,0,0.00801642,13,4.5,-3,1.88662,1,0,0.336866,0,0,-0.458926,0,0.00680515,14,4.5,-2.00002,2.77948,1,-2.19792e-05,-0.498107,0,4.47035e-05,-0.0583977,0,0.00853662,15,4.5,1.9749,-0.538113,1,0.124775,-0.5,0,-0.311933,0,0,0.0107213,16,4.5,1.30058,3,1,-0.497539,0,0,0.0374317,0,0,0.00589817,17,4.5,-1.98824,-2.22768,1,-0.0267711,0.441764,0,-0.00238419,-0.530705,0,0.00921923,18,4.5,-0.999516,-1.64133,1,0.000411272,0.431149,0,-0.00206381,0.563726,0,0.0123314,19,4.5,0.252525,-1.00223,1,-0.295267,0.00147875,0,0.457683,0.012584,0,0.0124858,20,4.5,2.0785,-3,1,0.5,0,0,0,0,0,0.00684101,21,4.5,1.93448,1,1,0.264766,0.000181794,0,-0.49141,-0.000648201,0,0.0123749,22,4.5,2.99705,1.17441,1,0.00427738,0.5,0,0.000983477,-7.45058e-06,0,0.00658744,23,4.5,-0.0042051,0.0122527,1,0.0142697,-0.255905,0,-0.0179463,-0.0512503,0,0.0154655,24,4.5,-0.0766936,1.14029,1,0.265751,0.37478,0,-0.463989,0.53969,0,0.0160689,25,4.5,2.6967,-1.00008,1,0.482647,0.000178628,0,-0.149742,-0.000111759,0,0.00772608,26,4.5,-1.07032,0.131179,1,0.25742,0.326288,0,-0.479408,0.243444,0,0.0173029,27,4.5,-2.10141,1.72575,1,0.2693,-0.49987,0,-0.40935,-0.00519305,0,0.011012,28,4.5,2.53215,1.9878,1,-0.499986,0.0872495,0,-0.000551343,-0.27848,0,0.00950186,29,4.5,2.96839,0.274473,1,0.140743,0.49745,0,-0.409111,0.0664758,0,0.00598739,30,4.5,-2.27914,-2.99809,1,0.487677,0.00950284,0,0.0528395,0.00305474,0,0.0089501,31,4.5,-0.0230199,-1.75728,1,-0.190818,-0.374173,0,-0.971283,-0.000417233,0,0.0175442,32,4.5,-2.58683,0.12679,1,-0.49954,-0.29593,0,0.0139624,0.377552,0,0.0104594,33,4.5,1.07815,8.12061e-13,1,0.5,1.27725e-12,0,0,5.45297e-12,0,0.0127116,34,4.5,0.917602,-3,1,0.301426,0,0,-0.501007,0,0,0.00594897,35,4.5,-2.99948,-2.00296,1,0.014941,0.0135954,0,0.271305,-0.0134557,0,0.00835395
0,4.6,-0.835114,1.05544,1,0.378507,-0.229424,0,0.251383,0.463068,0,0.0148898,1,4.6,-0.245115,-2.97677,1,0.459347,-0.0988424,0,-0.239648,0.278473,0,0.00784875,2,4.6,-1.13916,2.31787,1,0.305712,0.5,0,-0.381827,0,0,0.00745829,3,4.6,1.98803,2.57385,1,-0.0285298,0.5,0,0.190079,0,0,0.00637486,4,4.6,0.996108,0.941597,1,0.019747,-0.5,0,-0.0327826,-2.98023e-05,0,0.0170997,5,4.6,0.771056,-1.99763,1,0.188302,0.000634789,0,-0.999957,-0.0190735,0,0.0142861,6,4.6,3,3,1,-3.57628e-05,0,0,0,0,0,0.00527623,7,4.6,-0.243306,1.99466,1,-0.497011,-0.01041,0,-0.0597763,0.0225306,0,0.0099167,8,4.6,-1.52095,-0.997864,1,-0.482902,-0.0039041,0,-0.220776,-0.000596046,0,0.0123365,9,4.6,-2.47748,-1.25261,1,-0.5,0.424591,0,0,-0.288308,0,0.00802805,10,4.6,0.997753,-1.22539,1,0.000911951,0.2397,0,0.0150204,-0.632405,0,0.0121888,11,4.6,1.9847,-2.21341,1,-0.0677407,-0.431824,0,-0.184417,-0.275016,0,0.0115887,12,4.6,0.937523,2.30621,1,0.200415,-0.484455,0,-0.364244,0.157952,0,0.00965653,13,4.6,-3,1.91797,1,0,0.289768,0,0,-0.479937,0,0.00602062,14,4.6,-2.00002,2.72952,1,-1.78814e-05,-0.5,0,0,0,0,0.00755839,15,4.6,1.98588,-0.588113,1,0.0953794,-0.5,0,-0.275731,-2.98023e-05,0,0.0105265,16,4.6,1.25127,3,1,-0.486314,0,0,0.185966,0,0,0.00620064,17,4.6,-1.9909,-2.18657,1,-0.0261545,0.377029,0,0.0140071,-0.741839,0,0.00937367,18,4.6,-0.999486,-1.59583,1,0.000204146,0.474641,0,-0.00205636,0.311911,0,0.0106017,19,4.6,0.225627,-1.00203,1,-0.239808,0.00253618,0,0.630535,0.00864267,0,0.0138622,20,4.6,2.1285,-3,1,0.5,0,0,0,0,0,0.00824232,21,4.6,1.95851,1.00002,1,0.215921,0.000119209,0,-0.482321,-0.000536442,0,0.010057,22,4.6,2.99748,1.22441,1,0.00427365,0.500003,0,-0.00107288,-5.96046e-05,0,0.00570252,23,4.6,-0.00287424,-0.0137511,1,0.0122905,-0.265368,0,-0.0213737,-0.123411,0,0.0177296,24,4.6,-0.0524177,1.18037,1,0.220028,0.425398,0,-0.448394,0.458777,0,0.0144801,25,4.6,2.74408,-1.00006,1,0.463605,0.000163913,0,-0.232697,-0.000119209,0,0.0075009,26,4.6,-1.04697,0.16484,1,0.209913,0.344989,0,-0.467956,0.127658,0,0.017589,27,4.6,-2.07651,1.67575,1,0.228935,-0.500003,0,-0.39649,5.96046e-05,0,0.0112484,28,4.6,2.48215,1.99522,1,-0.5,0.0617981,0,0,-0.231087,0,0.00957547,29,4.6,2.9805,0.324402,1,0.102413,0.5,0,-0.35584,-1.43051e-05,0,0.00717374,30,4.6,-2.23004,-2.99714,1,0.494617,0.0092268,0,0.0679493,-0.00798702,0,0.00898551,31,4.6,-0.0470442,-1.79445,1,-0.2901,-0.366917,0,-1,0.139534,0,0.0144931,32,4.6,-2.63666,0.0990885,1,-0.496173,-0.258088,0,0.0588894,0.37774,0,0.0107601,33,4.6,1.12815,9.57038e-13,1,0.500003,1.53029e-12,0,-5.96046e-05,-7.10152e-14,0,0.0133647,34,4.6,0.945221,-3,1,0.250854,0,0,-0.506639,0,0,0.00748237,35,4.6,-2.99637,-2.00168,1,0.0493705,0.0119209,0,0.395656,-0.0195503,0,0.008564
0,4.7,-0.795845,1.0347,1,0.408064,-0.186371,0,0.324063,0.399515,0,0.0148898,1,4.7,-0.200544,-2.98532,1,0.430529,-0.0728298,0,-0.333132,0.241145,0,0.00784875,2,4.7,-1.1105,2.36787,1,0.267583,0.5,0,-0.379317,0,0,0.00745829,3,4.7,1.98569,2.62376,1,-0.0223981,0.497343,0,-0.0512078,-0.0561029,0,0.00637486,4,4.7,0.997918,0.891597,1,0.0164438,-0.5,0,-0.033088,0,0,0.0170997,5,4.7,0.784887,-1.99765,1,0.0883036,-0.00099279,0,-0.999998,-0.0136197,0,0.0142861,6,4.7,2.99947,3,1,-0.0148986,0,0,-0.269905,0,0,0.00527623,7,4.7,-0.293191,1.99374,1,-0.499813,-0.00787377,0,-0.00747383,0.0276864,0,0.0099167,8,4.7,-1.57007,-0.998253,1,-0.497012,-0.00385484,0,-0.073038,0.00148639,0,0.0123365,9,4.7,-2.52748,-1.21166,1,-0.5,0.393823,0,0,-0.325665,0,0.00802805,10,4.7,0.997911,-1.20512,1,0.0021819,0.161206,0,0.0107437,-0.90152,0,0.0121888,11,4.7,1.97729,-2.25803,1,-0.0779498,-0.460658,0,-0.0272691,-0.279486,0,0.0115887,12,4.7,0.955777,2.25868,1,0.165045,-0.464801,0,-0.342086,0.235051,0,0.00965653,13,4.7,-3,1.94454,1,0,0.241523,0,0,-0.481449,0,0.00602062,14,4.7,-2.00002,2.67952,1,-1.60187e-05,-0.5,0,4.47035e-05,0,0,0.00755839,15,4.7,1.9941,-0.638001,1,0.0698464,-0.496614,0,-0.235192,0.0692829,0,0.0105265,16,4.7,1.20307,3,1,-0.481688,0,0,-0.0528917,0,0,0.00620064,17,4.7,-1.99343,-2.15307,1,-0.0243042,0.28913,0,0.0222176,-0.967726,0,0.00937367,18,4.7,-0.999476,-1.54716,1,4.56348e-06,0.495246,0,-0.00191852,0.112213,0,0.0106017,19,4.7,0.205129,-1.00174,1,-0.167506,0.0031922,0,0.790554,0.00475347,0,0.0138622,20,4.7,2.1785,-2.99996,1,0.5,0.000839308,0,0,0.00797212,0,0.00824232,21,4.7,1.97818,1.00003,1,0.182055,7.0408e-05,0,-0.213817,-0.000432134,0,0.010057,22,4.7,2.99761,1.27441,1,-0.00439361,0.5,0,-0.16132,-7.45058e-06,0,0.00570252,23,4.7,-0.00175474,-0.0410357,1,0.0100759,-0.281294,0,-0.0227904,-0.181835,0,0.0177296,24,4.7,-0.0325932,1.225,1,0.17711,0.464817,0,-0.409521,0.321493,0,0.0144801,25,4.7,2.78909,-1.00005,1,0.43497,0.00014957,0,-0.336155,-0.000156462,0,0.0075009,26,4.7,-1.02826,0.199897,1,0.164736,0.355235,0,-0.433967,0.0724159,0,0.017589,27,4.7,-2.05556,1.62575,1,0.190499,-0.5,0,-0.371426,7.45058e-06,0,0.0112484,28,4.7,2.43215,1.99995,1,-0.49993,0.0303287,0,0.00277162,-0.383705,0,0.00957547,29,4.7,2.98906,0.3736,1,0.0697758,0.476686,0,-0.296012,-0.437032,0,0.00717374,30,4.7,-2.18031,-2.99627,1,0.499167,0.00813343,0,0.0233799,-0.0135452,0,0.00898551,31,4.7,-0.0808699,-1.83027,1,-0.383684,-0.347638,0,-0.83834,0.241093,0,0.0144931,32,4.7,-2.68588,0.0751536,1,-0.487075,-0.220787,0,0.126511,0.367105,0,0.0107601,33,4.7,1.17815,1.10461e-12,1,0.5,1.37479e-12,0,-7.45058e-06,-2.85853e-12,0,0.0133647,34,4.7,0.967793,-3,1,0.200896,0,0,-0.489131,0,0,0.00748237,35,4.7,-2.98921,-2.00059,1,0.095693,0.00982638,0,0.511497,-0.0218824,0,0.008564
0,4.8,-0.753405,1.01796,1,0.440589,-0.149241,0,0.314802,0.344574,0,0.0136064,1,4.8,-0.159286,-2.99147,1,0.393433,-0.0506997,0,-0.405237,0.200987,0,0.00789504,2,4.8,-1.08562,2.41787,1,0.230119,0.5,0,-0.368774,0,0,0.00692325,3,4.8,1.9829,2.6731,1,-0.0357628,0.488287,0,-0.202239,-0.127077,0,0.00756508,4,4.8,0.999398,0.841597,1,0.0131667,-0.5,0,-0.0322759,-2.98023e-05,0,0.0165871,5,4.8,0.788717,-1.99781,1,-0.0116959,-0.00211596,0,-1.00002,-0.0089407,0,0.0124377,6,4.8,2.99637,3,1,-0.049144,0,0,-0.393748,0,0,0.0045156,7,4.8,-0.343187,1.99309,1,-0.5,-0.00496805,0,1.43051e-05,0.0299811,0,0.0108448,8,4.8,-1.61998,-0.998629,1,-0.5,-0.00362694,0,0,0.00303984,0,0.0117784,9,4.8,-2.57748,-1.17395,1,-0.5,0.359732,0,0,-0.354707,0,0.00802339,10,4.8,0.998178,-1.1937,1,0.00312626,0.0657648,0,0.00843406,-0.979424,0,0.0160756,11,4.8,1.96957,-2.30536,1,-0.0746131,-0.484484,0,0.0872612,-0.18692,0,0.011789,12,4.8,0.970616,2.2135,1,0.13219,-0.437534,0,-0.314206,0.309587,0,0.0110727,13,4.8,-3,1.9663,1,0,0.194114,0,0,-0.463724,0,0.00789645,14,4.8,-2.00002,2.62952,1,-1.19209e-05,-0.5,0,0.000119209,0,0,0.0086391,15,4.8,1.99998,-0.687191,1,0.0482827,-0.48591,0,-0.196517,0.145495,0,0.00988121,16,4.8,1.1545,3,1,-0.490427,0,0,-0.0978708,0,0,0.00570579,17,4.8,-1.99574,-2.1291,1,-0.021854,0.189942,0,0.026226,-1.00017,0,0.00946609,18,4.8,-0.999484,-1.49731,1,-0.000177324,0.500003,0,-0.00166893,-5.96046e-05,0,0.0119356,19,4.8,0.192425,-1.0014,1,-0.0861134,0.00353456,0,0.818089,0.00238419,0,0.0138958,20,4.8,2.2285,-2.99987,1,0.5,0.00064373,0,0,-0.0128746,0,0.00744358,21,4.8,1.99563,1.00003,1,0.169721,3.57628e-05,0,-0.048697,-0.000298023,0,0.0117883,22,4.8,2.99617,1.32441,1,-0.0259399,0.500003,0,-0.260234,-5.96046e-05,0,0.0064478,23,4.8,-0.000862528,-0.07008,1,0.00775715,-0.299387,0,-0.0234647,-0.169829,0,0.0192823,24,4.8,-0.0168619,1.27282,1,0.138201,0.489002,0,-0.368357,0.163376,0,0.0132614,25,4.8,2.83077,-1.00004,1,0.397158,0.00012815,0,-0.416398,-0.000119209,0,0.00693695,26,4.8,-1.01389,0.235659,1,0.123402,0.358674,0,-0.391543,-0.00677228,0,0.0153344,27,4.8,-2.03832,1.57575,1,0.154799,-0.500003,0,-0.342011,5.96046e-05,0,0.0120613,28,4.8,2.3822,2.00091,1,-0.498885,-0.0122547,0,0.0222921,-0.455737,0,0.00980688,29,4.8,2.99466,0.418563,1,0.0433266,0.417984,0,-0.232816,-0.712335,0,0.0063405,30,4.8,-2.13033,-2.99553,1,0.5,0.00658035,0,0,-0.0174046,0,0.00763755,31,4.8,-0.122963,-1.86369,1,-0.453116,-0.319645,0,-0.53712,0.314295,0,0.0121096,32,4.8,-2.73382,0.0548842,1,-0.470334,-0.184888,0,0.210047,0.349849,0,0.0106262,33,4.8,1.22815,1.22445e-12,1,0.500003,9.92378e-13,0,-5.96046e-05,-4.63215e-12,0,0.0136748,34,4.8,0.98549,-3,1,0.153629,0,0,-0.453591,0,0,0.00766851,35,4.8,-2.97702,-1.99972,1,0.148225,0.00762343,0,0.523686,-0.0218153,0,0.00859849
0,4.9,-0.707839,1.00472,1,0.469696,-0.115968,0,0.254128,0.319906,0,0.0136064,1,4.9,-0.122054,-2.9956,1,0.350429,-0.0326477,0,-0.451729,0.160128,0,0.00789504,2,4.9,-1.06442,2.46787,1,0.194161,0.5,0,-0.349484,0,0,0.00692325,3,4.9,1.97766,2.72109,1,-0.0751091,0.469454,0,-0.557445,-0.244945,0,0.00756508,4,4.9,1.00027,0.791597,1,0.00159387,-0.5,0,-0.189394,0,0,0.0165871,5,4.9,0.782547,-1.99806,1,-0.111697,-0.00280309,0,-1.00001,-0.00495464,0,0.0124377,6,4.9,2.98905,3,1,-0.101121,0,0,-0.616983,0,0,0.0045156,7,4.9,-0.393187,1.99274,1,-0.5,-0.00206213,0,0,0.0279769,0,0.0108448,8,4.9,-1.66988,-0.998974,1,-0.496799,-0.00327034,0,0.0680834,0.00401959,0,0.0117784,9,4.9,-2.62738,-1.13981,1,-0.497118,0.322802,0,0.0602901,-0.381462,0,0.00802339,10,4.9,0.99859,-1.19206,1,0.00561671,-0.0332708,0,0.0388883,-0.997432,0,0.0160756,11,4.9,1.96266,-2.35454,1,-0.0625286,-0.497054,0,0.149891,-0.0696331,0,0.011789,12,4.9,0.982319,2.17144,1,0.102433,-0.402481,0,-0.280477,0.387475,0,0.0110727,13,4.9,-3,1.98345,1,0,0.149373,0,0,-0.428848,0,0.00789645,14,4.9,-2.00002,2.57952,1,-3.72529e-07,-0.5,0,0.000104308,0,0,0.0086391,15,4.9,2.00389,-0.73493,1,0.0304906,-0.4676,0,-0.159733,0.221055,0,0.00988121,16,4.9,1.10502,3,1,-0.498232,0,0,-0.0473261,0,0,0.00570579,17,4.9,-1.99783,-2.1151,1,-0.0203224,0.0899337,0,0.00566989,-1.00002,0,0.00946609,18,4.9,-0.99951,-1.44731,1,-0.000325404,0.499996,0,-0.00128895,-0.000149012,0,0.0119356,19,4.9,0.187938,-1.00104,1,-0.00365528,0.00360701,0,0.816735,-0.000558794,0,0.0138958,20,4.9,2.2785,-2.99985,1,0.5,0.000452623,0,0,0.0277907,0,0.00744358,21,4.9,2.01303,1.00004,1,0.183903,3.12924e-05,0,0.298969,0.000476837,0,0.0117883,22,4.9,2.99207,1.37441,1,-0.057745,0.5,0,-0.365227,-7.45058e-06,0,0.0064478,23,4.9,-0.000201874,-0.100855,1,0.005478,-0.315781,0,-0.0221387,-0.150083,0,0.0192823,24,4.9,-0.00480865,1.3223,1,0.103615,0.498605,0,-0.323345,0.0416338,0,0.0132614,25,4.9,2.86829,-1.00002,1,0.352443,0.000113808,0,-0.473872,-0.000156462,0,0.00693695,26,4.9,-1.00342,0.271741,1,0.0870012,0.365098,0,-0.336409,0.120879,0,0.0153344,27,4.9,-2.02449,1.52575,1,0.1223,-0.5,0,-0.307605,7.45058e-06,0,0.0120613,28,4.9,2.33258,1.99724,1,-0.492025,-0.062648,0,0.114262,-0.538401,0,0.00980688,29,4.9,2.99794,0.456242,1,0.0232156,0.331469,0,-0.170276,-0.964042,0,0.0063405,30,4.9,-2.08033,-2.99496,1,0.5,0.0047721,0,0,-0.0185668,0,0.00763755,31,4.9,-0.170387,-1.89401,1,-0.489937,-0.28606,0,-0.212718,0.354156,0,0.0121096,32,4.9,-2.77961,0.0381084,1,-0.443722,-0.151016,0,0.318468,0.326599,0,0.0106262,33,4.9,1.27815,1.29977e-12,1,0.5,5.08366e-13,0,-7.45058e-06,-4.97227e-12,0,0.0136748,34,4.9,0.998665,-3,1,0.110726,0,0,-0.402872,0,0,0.00766851,35,4.9,-2.95952,-1.99906,1,0.202212,0.00557471,0,0.540882,-0.0188872,0,0.00859849
0,5,-0.659774,0.99468,1,0.489739,-0.0854373,0,0.14326,0.289917,0,0.0150953,1,5,-0.0893235,-2.99813,1,0.303711,-0.0186324,0,-0.479504,0.120521,0,0.00706139,2,5,-1.04672,2.51787,1,0.160387,0.5,0,-0.325203,0,0,0.00589634,3,5,1.96696,2.76665,1,-0.142178,0.440192,0,-0.760436,-0.335693,0,0.00795627,4,5,0.999288,0.741597,1,-0.0228673,-0.5,0,-0.291228,-2.98023e-05,0,0.0169936,5,5,0.766378,-1.99836,1,-0.211696,-0.0031352,0,-1.00002,-0.00172853,0,0.0123555,6,5,2.97568,3,1,-0.167358,0,0,-0.684619,0,0,0.00452571,7,5,-0.443187,1.99267,1,-0.5,0.000596046,0,1.43051e-05,0.0250936,0,0.00895202,8,5,-1.71908,-0.99928,1,-0.485733,-0.00283718,0,0.155509,0.00461936,0,0.0126256,9,5,-2.67667,-1.10946,1,-0.487512,0.283903,0,0.133753,-0.394285,0,0.00915567,10,5,0.999379,-1.20039,1,0.0104398,-0.133207,0,0.0554025,-0.999987,0,0.0151325,11,5,1.95722,-2.40445,1,-0.0454843,-0.5,0,0.187039,0,0,0.0103357,12,5,0.991219,2.13323,1,0.0761688,-0.360817,0,-0.244588,0.442028,0,0.0104082,13,5,-3,1.99632,1,0,0.108734,0,0,-0.382364,0,0.00676349,14,5,-2.00002,2.52952,1,5.96046e-06,-0.5,0,0.000119209,0,0,0.0087198,15,5,2.00619,-0.780458,1,0.0162482,-0.441715,0,-0.125408,0.296175,0,0.0107265,16,5,1.05507,3,1,-0.500003,0,0,5.96046e-05,0,0,0.00514644,17,5,-1.99986,-2.11111,1,-0.0204742,-0.0100613,0,-0.0077486,-1.00017,0,0.0113146,18,5,-0.999548,-1.39731,1,-0.000438094,0.499943,0,-0.00089407,-0.00113249,0,0.0096469,19,5,0.191555,-1.00069,1,0.0747036,0.00349283,0,0.739478,-0.00154972,0,0.0145866,20,5,2.3285,-2.99948,1,0.5,0.00930429,0,0,0.161409,0,0.00598928,21,5,2.03326,1.00004,1,0.22347,0.000175834,0,0.465274,0.002563,0,0.010918,22,5,2.98437,1.42441,1,-0.0970185,0.500003,0,-0.411034,-5.96046e-05,0,0.00622005,23,5,0.000237326,-0.133097,1,0.00332676,-0.328035,0,-0.0208921,-0.089258,0,0.0226198,24,5,0.00401095,1.37227,1,0.0735223,0.500003,0,-0.27861,-5.96046e-05,0,0.0112406,25,5,2.9011,-1.00001,1,0.303173,9.53674e-05,0,-0.507355,-0.000238419,0,0.00563679,26,5,-0.996306,0.308967,1,0.0561163,0.38023,0,-0.281483,0.169933,0,0.017504,27,5,-2.01374,1.47575,1,0.0933468,-0.500003,0,-0.27144,5.96046e-05,0,0.0128378,28,5,2.28409,1.98824,1,-0.476199,-0.117436,0,0.201106,-0.546098,0,0.0124271,29,5,2.99951,0.484461,1,0.00904799,0.232367,0,-0.114441,-0.999987,0,0.00697334,30,5,-2.03033,-2.99458,1,0.5,0.00289679,0,5.96046e-05,-0.0187159,0,0.00695589,31,5,-0.220037,-1.9208,1,-0.49963,-0.249422,0,-0.00739813,0.375628,0,0.0109133,32,5,-2.82224,0.0245941,1,-0.407392,-0.119747,0,0.404239,0.297991,0,0.0116231,33,5,1.32815,1.32571e-12,1,0.500003,1.18693e-14,0,-5.96046e-05,-4.89409e-12,0,0.0116079,34,5,1.00782,-3,1,0.0733107,0,0,-0.344336,0,0,0.00801391,35,5,-2.93667,-1.99859,1,0.253743,0.00389218,0,0.478148,-0.0146031,0,0.00892998
0,5.1,-0.610274,0.987517,1,0.498554,-0.0584882,0,0.0411421,0.2492,0,0.0150953,1,5.1,-0.0613723,-2.99946,1,0.255185,-0.00844263,0,-0.487306,0.0840276,0,0.00706139,2,5.1,-1.03225,2.56787,1,0.129359,0.499912,0,-0.294998,-0.00351667,0,0.00589634,3,5.1,1.9485,2.80886,1,-0.230146,0.402884,0,-0.952303,-0.405878,0,0.00795627,4,5.1,0.995343,0.691596,1,-0.0577919,-0.5,0,-0.397667,0,0,0.0169936,5,5.1,0.740258,-1.99868,1,-0.309694,-0.00318866,0,-0.939041,0.000558794,0,0.0123555,6,5.1,2.95524,3,1,-0.243473,0,0,-0.808075,0,0,0.00452571,7,5.1,-0.493187,1.99285,1,-0.5,0.00291783,0,1.78814e-06,0.0212565,0,0.00895202,8,5.1,-1.7662,-0.99954,1,-0.450682,-0.0023637,0,0.519164,0.00479072,0,0.0126256,9,5.1,-2.72421,-1.08303,1,-0.458276,0.244832,0,0.432044,-0.386506,0,0.00915567,10,5.1,1.00064,-1.2187,1,0.0141876,-0.233039,0,0.0211149,-0.993304,0,0.0151325,11,5.1,1.95364,-2.45445,1,-0.0260022,-0.5,0,0.199482,0,0,0.0103357,12,5.1,0.997675,2.09941,1,0.0535758,-0.315024,0,-0.207208,0.470638,0,0.0104082,13,5.1,-3,2.00537,1,0,0.0732386,0,0,-0.32685,0,0.00676349,14,5.1,-2.00002,2.47952,1,1.60187e-05,-0.5,0,7.45058e-05,0,0,0.0087198,15,5.1,2.00725,-0.823004,1,0.00536069,-0.407856,0,-0.0930727,0.377078,0,0.0107265,16,5.1,1.00507,3,1,-0.5,0,0,0,0,0,0.00514644,17,5.1,-2.00199,-2.11712,1,-0.0224181,-0.11007,0,-0.0291169,-1.00002,0,0.0113146,18,5.1,-0.999596,-1.34732,1,-0.000506174,0.499968,0,-0.000480562,0.000707805,0,0.0096469,19,5.1,0.202895,-1.00035,1,0.153248,0.00322908,0,0.809189,-0.00323355,0,0.0145866,20,5.1,2.3785,-2.99717,1,0.5,0.0422217,0,0,0.481099,0,0.00598928,21,5.1,2.05845,1.00007,1,0.284388,0.000361167,0,0.707939,0.00119954,0,0.010918,22,5.1,2.97257,1.47441,1,-0.139358,0.5,0,-0.428647,-7.45058e-06,0,0.00622005,23,5.1,0.000471503,-0.166295,1,0.00141206,-0.335297,0,-0.0175711,-0.0507228,0,0.0226198,24,5.1,0.0100527,1.42227,1,0.0481228,0.5,0,-0.230062,-7.45058e-06,0,0.0112406,25,5.1,2.92885,-1,1,0.251536,7.24569e-05,0,-0.520244,-0.000216067,0,0.00563679,26,5.1,-0.991986,0.348126,1,0.0314108,0.405222,0,-0.214357,0.306269,0,0.017504,27,5.1,-2.00569,1.42575,1,0.0682332,-0.499902,0,-0.231117,0.00391155,0,0.0128378,28,5.1,2.23765,1.97372,1,-0.451006,-0.173217,0,0.298575,-0.558414,0,0.0124271,29,5.1,2.99992,0.502698,1,-0.00010021,0.132368,0,-0.0702888,-1,0,0.00697334,30,5.1,-1.98033,-2.99438,1,0.5,0.00110753,0,-1.49012e-05,-0.017032,0,0.00695589,31,5.1,-0.270023,-1.94386,1,-0.499977,-0.211665,0,-0.000923872,0.377327,0,0.0109133,32,5.1,-2.86082,0.0136028,1,-0.363079,-0.104613,0,0.476092,0.0255198,0,0.0116231,33,5.1,1.37815,1.30379e-12,1,0.5,-4.36538e-13,0,-7.45058e-06,-4.06812e-12,0,0.0116079,34,5.1,1.01353,-3,1,0.0420518,0,0,-0.280842,0,0,0.00801391,35,5.1,-2.90891,-1.99825,1,0.301014,0.00335928,0,0.454545,0.00292808,0,0.00892998
0,5.2,-0.560312,0.982848,1,0.5,-0.0355631,0,2.98023e-05,0.209481,0,0.0143252,1,5.2,-0.038277,-2.99993,1,0.206932,-0.00165105,0,-0.474653,0.0529289,0,0.00791599,2,5.2,-1.02074,2.61781,1,0.101453,0.498593,0,-0.262976,-0.0282526,0,0.00593361,3,5.2,1.92072,2.84704,1,-0.324696,0.359881,0,-0.905991,-0.450134,0,0.00637981,4,5.2,0.987467,0.641596,1,-0.100605,-0.5,0,-0.450283,-2.98023e-05,0,0.0193442,5,5.2,0.70486,-1.99899,1,-0.394976,-0.00304282,0,-0.742257,0.00226498,0,0.0110788,6,5.2,2.92685,3,1,-0.323838,0,0,-0.777364,0,0,0.00458577,7,5.2,-0.543187,1.99324,1,-0.500001,0.00483096,0,2.98023e-05,0.0169873,0,0.00872021,8,5.2,-1.80825,-0.999753,1,-0.386742,-0.00189096,0,0.737548,0.00470877,0,0.0110526,9,5.2,-2.76752,-1.06046,1,-0.404632,0.206745,0,0.624537,-0.374436,0,0.00871179,10,5.2,1.00212,-1.24692,1,0.0149578,-0.330526,0,-0.00441074,-0.946343,0,0.0170265,11,5.2,1.95204,-2.50445,1,-0.00615716,-0.5,0,0.194848,0,0,0.0100602,12,5.2,1.00206,2.07029,1,0.0347197,-0.267303,0,-0.170052,0.480533,0,0.0120564,13,5.2,-3,2.01115,1,0,0.0434577,0,0,-0.268698,0,0.00717438,14,5.2,-2.00002,2.42952,1,2.38419e-05,-0.5,0,0,0,0,0.00793978,15,5.2,2.00737,-0.861798,1,-0.00250936,-0.367065,0,-0.0652075,0.435024,0,0.0095922,16,5.2,0.955066,3,1,-0.5,0,0,-2.98023e-05,0,0,0.00537575,17,5.2,-2.0044,-2.13312,1,-0.0259221,-0.210065,0,-0.0392199,-1.00017,0,0.00976173,18,5.2,-0.999648,-1.29732,1,-0.000537932,0.500003,0,-0.000119209,-5.96046e-05,0,0.00928436,19,5.2,0.222228,-1.00004,1,0.232597,0.00292808,0,0.760562,-0.00232458,0,0.0135824,20,5.2,2.4285,-2.99012,1,0.5,0.102335,0,0,0.705004,0,0.00634061,21,5.2,2.09053,1.00011,1,0.357318,0.000429153,0,0.718594,0.000178814,0,0.00873283,22,5.2,2.95651,1.52441,1,-0.181448,0.500003,0,-0.4071,-5.96046e-05,0,0.00616003,23,5.2,0.000529219,-0.19998,1,-0.000217407,-0.337298,0,-0.0151483,0.0142455,0,0.0169086,24,5.2,0.0137905,1.47227,1,0.0273735,0.500003,0,-0.185606,-5.96046e-05,0,0.0110699,25,5.2,2.95142,-0.999998,1,0.200069,5.06639e-05,0,-0.504851,-0.000208616,0,0.00546105,26,5.2,-0.989818,0.390248,1,0.0129104,0.437444,0,-0.157267,0.321463,0,0.0121766,27,5.2,-1.99996,1.37581,1,0.0470608,-0.498435,0,-0.192761,0.0312924,0,0.0118076,28,5.2,2.19417,1.95366,1,-0.417286,-0.227121,0,0.371933,-0.510752,0,0.0121899,29,5.2,2.99961,0.510934,1,-0.0053525,0.0323683,0,-0.0361204,-1.00002,0,0.00637897,30,5.2,-1.93033,-2.99435,1,0.500003,-0.000500679,0,-5.96046e-05,-0.0150204,0,0.00752879,31,5.2,-0.320022,-1.96315,1,-0.5,-0.174358,0,1.43051e-05,0.366867,0,0.0120077,32,5.2,-2.89467,0.00296183,1,-0.313288,-0.110841,0,0.514507,-0.132875,0,0.0122425,33,5.2,1.42815,1.24121e-12,1,0.500003,-8.00927e-13,0,-5.96046e-05,-3.21732e-12,0,0.0141047,34,5.2,1.01644,-3,1,0.0171006,0,0,-0.218451,0,0,0.00753671,35,5.2,-2.87666,-1.99787,1,0.342453,0.00428557,0,0.364661,0.0146627,0,0.00963349
0,5.3,-0.510312,0.980273,1,0.5,-0.0165731,0,-2.08616e-06,0.170633,0,0.0143252,1,5.3,-0.0199113,-2.99988,1,0.160905,0.00238307,0,-0.44338,0.0288934,0,0.00791599,2,5.3,-1.01185,2.66744,1,0.0768468,0.493086,0,-0.229076,-0.0867993,0,0.00593361,3,5.3,1.88401,2.88073,1,-0.406008,0.313569,0,-0.702366,-0.472337,0,0.00637981,4,5.3,0.975013,0.591596,1,-0.149599,-0.5,0,-0.51824,0,0,0.0193442,5,5.3,0.662144,-1.99928,1,-0.454501,-0.00276193,0,-0.452157,0.00327826,0,0.0110788,6,5.3,2.89073,3,1,-0.396512,0,0,-0.655472,0,0,0.00458577,7,5.3,-0.593172,1.9938,1,-0.499423,0.00625681,0,0.0169873,0.0116155,0,0.00872021,8,5.3,-1.84273,-0.999919,1,-0.299044,-0.00145053,0,0.967197,0.00385568,0,0.0110526,9,5.3,-2.80419,-1.04163,1,-0.323573,0.170119,0,0.938445,-0.356659,0,0.00871179,10,5.3,1.00356,-1.2843,1,0.0137402,-0.41263,0,-0.0190511,-0.685982,0,0.0170265,11,5.3,1.95235,-2.55445,1,0.0119412,-0.499971,0,0.166453,0.00114739,0,0.0100602,12,5.3,1.00474,2.04595,1,0.0195431,-0.21952,0,-0.133909,0.471964,0,0.0120564,13,5.3,-3,2.01426,1,0,0.0195626,0,0,-0.209734,0,0.00717438,14,5.3,-2.00002,2.3796,1,2.38419e-05,-0.497719,0,0,0.0487119,0,0.00793978,15,5.3,2.00683,-0.896268,1,-0.00782385,-0.321801,0,-0.0417233,0.467066,0,0.0095922,16,5.3,0.905066,3,1,-0.5,0,0,0,0,0,0.00537575,17,5.3,-2.0071,-2.1591,1,-0.027376,-0.308703,0,0.0077039,-0.955164,0,0.00976173,18,5.3,-0.999702,-1.24732,1,-0.000537653,0.5,0,0.000115484,-7.45058e-06,0,0.00928436,19,5.3,0.249441,-0.999764,1,0.312315,0.00260053,0,0.801705,-0.004109,0,0.0135824,20,5.3,2.47848,-2.97579,1,0.499486,0.188508,0,-0.0130832,0.963122,0,0.00634061,21,5.3,2.12969,1.00015,1,0.423681,0.000418723,0,0.584677,-0.000357628,0,0.00873283,22,5.3,2.93629,1.57441,1,-0.223048,0.499904,0,-0.415489,-0.0038445,0,0.00616003,23,5.3,0.000443591,-0.233753,1,-0.00138851,-0.339025,0,-0.00874117,-0.0375461,0,0.0169086,24,5.3,0.0156692,1.52227,1,0.0108779,0.5,0,-0.144999,-7.45058e-06,0,0.0110699,25,5.3,2.96895,-0.999994,1,0.151291,3.15718e-05,0,-0.466824,-0.000175089,0,0.00546105,26,5.3,-0.989229,0.43547,1,-0.000348222,0.465633,0,-0.109393,0.239635,0,0.0121766,27,5.3,-1.99615,1.32598,1,0.0298655,-0.498911,0,-0.152089,-0.0195652,0,0.0118076,28,5.3,2.15436,1.92816,1,-0.378539,-0.284695,0,0.40105,-0.620469,0,0.0121899,29,5.3,2.99894,0.509171,1,-0.007746,-0.0676323,0,-0.0129193,-1,0,0.00637897,30,5.3,-1.88033,-2.99447,1,0.5,-0.00187792,0,-7.45058e-06,-0.0125319,0,0.00752879,31,5.3,-0.370022,-1.9788,1,-0.5,-0.139024,0,0,0.339024,0,0.0120077,32,5.3,-2.92339,-0.00913671,1,-0.260921,-0.134098,0,0.527471,-0.311372,0,0.0122425,33,5.3,1.47815,1.14544e-12,1,0.5,-1.109e-12,0,-7.45058e-06,-2.88868e-12,0,0.0141047,34,5.3,1.01716,-3,1,-0.00172481,0,0,-0.1591,0,0,0.00753671,35,5.3,-2.84065,-1.99729,1,0.376912,0.00796504,0,0.319079,0.0545979,0,0.00963349
0,5.4,-0.460312,0.979407,1,0.5,-0.00136644,0,-1.43051e-05,0.133872,0,0.0122144,1,5.4,-0.00596852,-2.99953,1,0.118691,0.00433922,0,-0.399063,0.0112057,0,0.00839649,2,5.4,-1.00526,2.71619,1,0.0556409,0.480437,0,-0.195086,-0.169158,0,0.00547637,3,5.4,1.84034,2.90971,1,-0.462908,0.266105,0,-0.430882,-0.473619,0,0.00644262,4,5.4,0.957429,0.541596,1,-0.202164,-0.5,0,-0.523567,-2.98023e-05,0,0.0243217,5,5.4,0.61487,-1.99954,1,-0.486872,-0.00239909,0,-0.206023,0.0038743,0,0.0101154,6,5.4,2.84813,3,1,-0.452,0,0,-0.445366,0,0,0.00453704,7,5.4,-0.642964,1.99448,1,-0.495636,0.00717342,0,0.0629127,0.00673532,0,0.00976211,8,5.4,-1.8677,-1.00005,1,-0.199863,-0.00116229,0,0.999987,0.00172853,0,0.0114502,9,5.4,-2.83168,-1.02636,1,-0.225353,0.135663,0,0.999928,-0.331163,0,0.0088238,10,5.4,1.00483,-1.32851,1,0.0113159,-0.466833,0,-0.0286102,-0.398934,0,0.0126478,11,5.4,1.95432,-2.60443,1,0.0270247,-0.499541,0,0.134766,0.00917912,0,0.00998823,12,5.4,1.00608,2.02632,1,0.00783801,-0.173485,0,-0.100672,0.44632,0,0.010865,13,5.4,-3,2.01526,1,0,0.00137687,0,0,-0.154734,0,0.00656727,14,5.4,-2.00002,2.33017,1,2.38419e-05,-0.48973,0,0,0.11301,0,0.0107195,15,5.4,2.00587,-0.926083,1,-0.0109911,-0.274271,0,-0.0221729,0.480503,0,0.00866039,16,5.4,0.855066,3,1,-0.5,0,0,-2.98023e-05,0,0,0.00537914,17,5.4,-2.00974,-2.1945,1,-0.0248432,-0.396115,0,0.0407696,-0.760674,0,0.00975242,18,5.4,-0.999755,-1.19732,1,-0.00051707,0.500003,0,0.000327826,-5.96046e-05,0,0.0115684,19,5.4,0.284538,-0.999526,1,0.387658,0.00212938,0,0.6845,-0.00524521,0,0.0109051,20,5.4,2.52833,-2.95202,1,0.496882,0.28758,0,-0.0408888,1.00017,0,0.00704659,21,5.4,2.17462,1.00019,1,0.471073,0.000363588,0,0.355482,-0.00077486,0,0.0100375,22,5.4,2.91196,1.62435,1,-0.262868,0.498462,0,-0.373125,-0.030756,0,0.00810797,23,5.4,0.000268421,-0.267852,1,-0.00205084,-0.342825,0,-0.00488997,-0.0298768,0,0.016737,24,5.4,0.0160945,1.57227,1,-0.00176555,0.500003,0,-0.108567,-5.96046e-05,0,0.0116373,25,5.4,2.98184,-0.999992,1,0.10736,1.49012e-05,0,-0.408888,-8.9407e-05,0,0.00602621,26,5.4,-0.989742,0.483082,1,-0.00925362,0.485104,0,-0.0700951,0.149786,0,0.0116029,27,5.4,-1.99386,1.27602,1,0.0164598,-0.5,0,-0.116765,0,0,0.0111392,28,5.4,2.11854,1.89655,1,-0.337458,-0.347582,0,0.418901,-0.6212,0,0.0142565,29,5.4,2.99813,0.497408,1,-0.00815392,-0.167633,0,0.0038147,-0.999987,0,0.00634912,30,5.4,-1.83033,-2.99472,1,0.500003,-0.00301003,0,-5.96046e-05,-0.0100136,0,0.00740853,31,5.4,-0.420022,-1.99106,1,-0.5,-0.106695,0,1.43051e-05,0.306904,0,0.0116025,32,5.4,-2.94686,-0.0242548,1,-0.208783,-0.169349,0,0.511169,-0.376889,0,0.0127336,33,5.4,1.52815,1.02102e-12,1,0.500003,-1.36896e-12,0,-5.96046e-05,-2.26886e-12,0,0.0113392,34,5.4,1.01628,-3,1,-0.0149429,0,0,-0.106454,0,0,0.00819652,35,5.4,-2.80148,-1.99619,1,0.405312,0.0144124,0,0.244737,0.0708103,0,0.00853798
0,5.5,-0.410323,0.979876,1,0.499539,0.0101249,0,-0.0138971,0.0967942,0,0.0122144,1,5.5,0.00399414,-2.99906,1,0.081475,0.0048317,0,-0.344358,-0.000596046,0,0.00839649,2,5.5,-1.00061,2.76319,1,0.0378806,0.457637,0,-0.160493,-0.283644,0,0.00547637,3,5.5,1.79236,2.93397,1,-0.492305,0.219433,0,-0.168256,-0.457153,0,0.00644262,4,5.5,0.934592,0.491597,1,-0.254407,-0.499983,0,-0.513408,0.00067614,0,0.0243217,5,5.5,0.56547,-1.99976,1,-0.498473,-0.00200048,0,-0.046961,0.00406802,0,0.0101154,6,5.5,2.80109,3,1,-0.484965,0,0,-0.218153,0,0,0.00453704,7,5.5,-0.692113,1.99522,1,-0.486258,0.00763573,0,0.127729,0.0025928,0,0.00976211,8,5.5,-1.88269,-1.0002,1,-0.0998639,-0.00213943,0,1,-0.0197589,0,0.0114502,9,5.5,-2.84922,-1.0144,1,-0.125356,0.104184,0,0.999987,-0.297688,0,0.0088238,10,5.5,1.00658,-1.37672,1,0.0306757,-0.493071,0,0.388987,-0.1444,0,0.0126478,11,5.5,1.95726,-2.65419,1,0.0278587,-0.494214,0,-0.102125,0.0976622,0,0.00998823,12,5.5,1.00642,2.01114,1,-0.000702962,-0.1308,0,-0.0708848,0.40552,0,0.010865,13,5.5,-2.99948,2.01471,1,0.014979,-0.0115391,0,0.271991,-0.10483,0,0.00656727,14,5.5,-2.00001,2.28147,1,2.34693e-05,-0.486606,0,-1.49012e-05,-0.0290126,0,0.0107195,15,5.5,2.00469,-0.951109,1,-0.0124,-0.226332,0,-0.00667572,0.475001,0,0.00866039,16,5.5,0.805066,3,1,-0.5,0,0,0,0,0,0.00537914,17,5.5,-2.012,-2.2374,1,-0.0201225,-0.456737,0,0.0526905,-0.455126,0,0.00975242,18,5.5,-0.999805,-1.14732,1,-0.000478234,0.5,0,0.00044331,-7.45058e-06,0,0.0115684,19,5.5,0.326374,-0.99934,1,0.445421,0.00159265,0,0.46706,-0.0054352,0,0.0109051,20,5.5,2.5777,-2.91852,1,0.489431,0.379055,0,-0.106975,0.807837,0,0.00704659,21,5.5,2.2231,1.00023,1,0.494655,0.000278465,0,0.128075,-0.000916421,0,0.0100375,22,5.5,2.8837,1.67388,1,-0.303085,0.490573,0,-0.41841,-0.125952,0,0.00810797,23,5.5,2.78472e-05,-0.302751,1,-0.00284891,-0.359153,0,-0.0102056,-0.269948,0,0.016737,24,5.5,0.015434,1.62219,1,-0.0108786,0.497605,0,-0.0746336,-0.0508428,0,0.0116373,25,5.5,2.99064,-0.99999,1,0.0699431,6.51926e-06,0,-0.337839,-7.45058e-05,0,0.00602621,26,5.5,-0.990963,0.532201,1,-0.0146546,0.495915,0,-0.0391118,0.0687242,0,0.0116029,27,5.5,-1.99275,1.22602,1,0.00632182,-0.5,0,-0.0867844,0,0,0.0111392,28,5.5,2.08694,1.8587,1,-0.294166,-0.408393,0,0.443712,-0.568971,0,0.0142565,29,5.5,2.99735,0.475758,1,-0.00727177,-0.263951,0,0.0131428,-0.914939,0,0.00634912,30,5.5,-1.78033,-2.99506,1,0.5,-0.00386722,0,-7.45058e-06,-0.00719726,0,0.00740853,31,5.5,-0.470022,-2.00025,1,-0.5,-0.0778196,0,1.78814e-06,0.270285,0,0.0116025,32,5.5,-2.96524,-0.0432259,1,-0.159481,-0.211155,0,0.471368,-0.442269,0,0.0127336,33,5.5,1.57815,8.88237e-13,1,0.499885,-1.15004e-12,0,-0.00459701,5.94409e-12,0,0.0113392,34,5.5,1.01433,-2.99948,1,-0.0232494,0.014979,0,-0.061132,0.271991,0,0.00819652,35,5.5,-2.75954,-1.99441,1,0.434685,0.0208983,0,0.317708,0.0571981,0,0.00853798
0,5.6,-0.360498,0.981317,1,0.496256,0.0181586,0,-0.0567138,0.0647008,0,0.0115813,1,5.6,0.0105164,-2.99859,1,0.0499466,0.00436306,0,-0.285824,-0.00798702,0,0.00836823,2,5.6,-0.99757,2.80737,1,0.0234604,0.424379,0,-0.128329,-0.378132,0,0.00588602,3,5.6,1.74262,2.95368,1,-0.499821,0.17516,0,-0.00363588,-0.426292,0,0.00543898,4,5.6,0.906657,0.441607,1,-0.303416,-0.499732,0,-0.460327,0.00536442,0,0.0169158,5,5.6,0.515508,-1.99994,1,-0.5,-0.00159442,0,1.43051e-05,0.00411272,0,0.0107488,6,5.6,2.75182,3,1,-0.497556,0,0,-0.048995,0,0,0.00449313,7,5.6,-0.739972,1.99599,1,-0.469619,0.00770986,0,0.20662,-0.000953674,0,0.00876131,8,5.6,-1.88767,-1.00053,1,0.000137091,-0.00483096,0,0.999987,-0.0327229,0,0.0134026,9,5.6,-2.85675,-1.00541,1,-0.0253618,0.0762492,0,1.00017,-0.260562,0,0.00788627,10,5.6,1.01209,-1.42647,1,0.0840962,-0.49963,0,0.656068,-0.00739098,0,0.0142824,11,5.6,1.95926,-2.70298,1,0.00956059,-0.480008,0,-0.250101,0.186324,0,0.00939983,12,5.6,1.00603,2.00001,1,-0.00648201,-0.0926852,0,-0.0454783,0.355482,0,0.0107674,13,5.6,-2.99636,2.0131,1,0.0494897,-0.0198305,0,0.396848,-0.0622272,0,0.00654085,14,5.6,-2.00001,2.23257,1,2.38419e-05,-0.492001,0,0,-0.0650883,0,0.0112028,15,5.6,2.00344,-0.971399,1,-0.0124514,-0.179861,0,0.00476837,0.451744,0,0.00893278,16,5.6,0.755066,3,1,-0.5,0,0,-2.98023e-05,0,0,0.0050485,17,5.6,-2.01373,-2.28489,1,-0.014478,-0.488663,0,0.0591278,-0.195146,0,0.0115332,18,5.6,-0.99985,-1.09732,1,-0.000430644,0.500003,0,0.000566244,-5.96046e-05,0,0.0113574,19,5.6,0.372881,-0.999208,1,0.481088,0.00105351,0,0.250146,-0.00533462,0,0.0127705,20,5.6,2.626,-2.87703,1,0.475734,0.446248,0,-0.166059,0.528216,0,0.00686332,21,5.6,2.27294,1.00025,1,0.5,0.000184774,0,0,-0.00101328,0,0.00856486,22,5.6,2.85132,1.72216,1,-0.344247,0.473517,0,-0.394464,-0.213683,0,0.00944596,23,5.6,-0.000310933,-0.340232,1,-0.00393796,-0.392076,0,-0.010901,-0.36785,0,0.0131835,24,5.6,0.0140227,1.67159,1,-0.0168743,0.489339,0,-0.0461619,-0.116408,0,0.00989101,25,5.6,2.99608,-0.99999,1,0.0400007,-1.49012e-06,0,-0.260711,-2.98023e-05,0,0.00617095,26,5.6,-0.992581,0.582024,1,-0.0173002,0.499557,0,-0.014931,0.00885129,0,0.0097649,27,5.6,-1.99251,1.17602,1,-0.00105202,-0.500003,0,-0.0614524,5.96046e-05,0,0.0137375,28,5.6,2.05976,1.81527,1,-0.24932,-0.457498,0,0.450492,-0.400484,0,0.0131155,29,5.6,2.9967,0.445007,1,-0.00564456,-0.348639,0,0.0187159,-0.770435,0,0.00643033,30,5.6,-1.73033,-2.99548,1,0.500003,-0.00445843,0,-5.96046e-05,-0.00464916,0,0.00830766,31,5.6,-0.520022,-2.00674,1,-0.500001,-0.0526965,0,2.98023e-05,0.23222,0,0.0118284,32,5.6,-2.97892,-0.0665444,1,-0.115114,-0.254796,0,0.413418,-0.417433,0,0.0106058,33,5.6,1.62808,8.11653e-13,1,0.498164,-3.09721e-13,0,-0.0367761,1.02697e-11,0,0.0115442,34,5.6,1.01177,-2.99636,1,-0.0274599,0.0494897,0,-0.0243783,0.396848,0,0.00937324,35,5.6,-2.71452,-1.99207,1,0.464845,0.0255644,0,0.270486,0.0349283,0,0.00962286
0,5.7,-0.310953,0.983406,1,0.496041,0.0231388,0,0.0295509,0.0359006,0,0.0115813,1,5.7,0.0141832,-2.9982,1,0.0243928,0.0033468,0,-0.225684,-0.0118613,0,0.00836823,2,5.7,-0.995815,2.84731,1,0.0121182,0.36901,0,-0.0989735,-0.699848,0,0.00588602,3,5.7,1.69262,2.96913,1,-0.499989,0.134544,0,-0.000432134,-0.384375,0,0.00543898,4,5.7,0.873735,0.391818,1,-0.356924,-0.494523,0,-0.576288,0.0967123,0,0.0169158,5,5.7,0.465508,-2.00008,1,-0.5,-0.0011934,0,0,0.00386685,0,0.0107488,6,5.7,2.70191,3,1,-0.499848,0,0,-0.00607967,0,0,0.00449313,7,5.7,-0.785725,1.99633,1,-0.443746,-0.00469871,0,0.307459,-0.227213,0,0.00876131,8,5.7,-1.88266,-1.00124,1,0.0998968,-0.00995565,0,0.990413,-0.0666305,0,0.0134026,9,5.7,-2.85429,-0.999012,1,0.0746466,0.0524349,0,1.00002,-0.216249,0,0.00788627,10,5.7,1.02445,-1.47644,1,0.167974,-0.499618,0,0.957012,0.00953674,0,0.0142824,11,5.7,1.95856,-2.7499,1,-0.026992,-0.457056,0,-0.457659,0.271693,0,0.00939983,12,5.7,1.0052,1.99243,1,-0.00994243,-0.0599608,0,-0.0245124,0.298634,0,0.0107674,13,5.7,-2.98906,2.01088,1,0.0994414,-0.0240546,0,0.577122,-0.0237674,0,0.00654085,14,5.7,-2.00001,2.18305,1,2.34693e-05,-0.497951,0,-1.49012e-05,-0.04372,0,0.0112028,15,5.7,2.00223,-0.987186,1,-0.0115469,-0.136538,0,0.0127852,0.412766,0,0.00893278,16,5.7,0.705066,3,1,-0.5,0,0,0,0,0,0.0050485,17,5.7,-2.01475,-2.33439,1,-0.00527129,-0.498896,0,0.0964999,-0.0362396,0,0.0115332,18,5.7,-0.99989,-1.04732,1,-0.000372995,0.5,0,0.00057742,-3.72529e-06,0,0.0113574,19,5.7,0.421921,-0.998692,1,0.496873,0.0132212,0,0.0793019,0.232644,0,0.0127705,20,5.7,2.67265,-2.83025,1,0.456224,0.484505,0,-0.222534,0.24426,0,0.00686332,21,5.7,2.32294,1.00026,1,0.5,8.47504e-05,0,0,-0.000976026,0,0.00856486,22,5.7,2.81472,1.76826,1,-0.389094,0.446603,0,-0.475004,-0.319451,0,0.00944596,23,5.7,-0.00074314,-0.381279,1,-0.00455637,-0.42857,0,-0.00190683,-0.350209,0,0.0131835,24,5.7,0.0121446,1.71983,1,-0.020303,0.474176,0,-0.0231917,-0.18815,0,0.00989101,25,5.7,2.9989,-0.99999,1,0.0178132,-4.47035e-06,0,-0.183955,-2.98023e-05,0,0.00617095,26,5.7,-0.993987,0.63192,1,-0.00722995,0.497246,0,0.200067,-0.0570044,0,0.0097649,27,5.7,-1.99288,1.12602,1,-0.0061227,-0.5,0,-0.0406131,7.45058e-06,0,0.0137375,28,5.7,2.03705,1.76787,1,-0.205196,-0.486869,0,0.430584,-0.192262,0,0.0131155,29,5.7,2.99623,0.406668,1,-0.00369288,-0.414415,0,0.0199825,-0.54593,0,0.00643033,30,5.7,-1.68033,-2.99595,1,0.5,-0.00481047,0,-7.45058e-06,-0.00242889,0,0.00830766,31,5.7,-0.570021,-2.01093,1,-0.499921,-0.0316389,0,0.0031665,0.189453,0,0.0118284,32,5.7,-2.98848,-0.0941809,1,-0.0771433,-0.298236,0,0.344217,-0.435893,0,0.0106058,33,5.7,1.67762,8.20994e-13,1,0.491716,3.94701e-13,0,-0.0962764,4.15499e-12,0,0.0115442,34,5.7,1.00895,-2.98892,1,-0.0284273,0.103449,0,0.00329316,0.650927,0,0.00937324,35,5.7,-2.66686,-1.98943,1,0.486481,0.0265293,0,0.160098,-0.0130534,0,0.00962286
0,5.8,-0.261193,0.985858,1,0.498983,0.0255302,0,0.0203395,0.0128448,0,0.0155612,1,5.8,0.0155904,-2.99793,1,0.00469806,0.00207424,0,-0.168896,-0.0133514,0,0.0102794,2,5.8,-0.995053,2.88038,1,0.00357032,0.289726,0,-0.0725091,-0.861883,0,0.00637635,3,5.8,1.64262,2.98074,1,-0.500003,0.0985682,0,5.96046e-05,-0.334144,0,0.00584442,4,5.8,0.835191,0.342986,1,-0.413096,-0.480807,0,-0.524998,0.175521,0,0.0126343,5,5.8,0.415508,-2.00018,1,-0.5,-0.000822544,0,1.43051e-05,0.00345707,0,0.00881841,6,5.8,2.65192,3,1,-0.5,0,0,0,0,0,0.004698,7,5.8,-0.828419,1.99449,1,-0.408809,-0.0340909,0,0.387847,-0.344217,0,0.0101882,8,5.8,-1.8678,-1.00261,1,0.196299,-0.0175744,0,0.923336,-0.0829697,0,0.0126619,9,5.8,-2.84182,-0.99478,1,0.174642,0.0328928,0,1.00017,-0.175208,0,0.00884396,10,5.8,1.04616,-1.52631,1,0.266901,-0.497359,0,0.999987,0.0373721,0,0.0147285,11,5.8,1.95339,-2.79412,1,-0.0777572,-0.425929,0,-0.538886,0.349045,0,0.007115,12,5.8,1.00411,1.98783,1,-0.0115365,-0.0329882,0,-0.00810623,0.240803,0,0.0098713,13,5.8,-2.9761,2.00841,1,0.16042,-0.024873,0,0.622272,0.00619888,0,0.00671302,14,5.8,-2.00001,2.13312,1,2.38419e-05,-0.5,0,-0.000119209,0,0,0.0110399,15,5.8,2.00115,-0.998854,1,-0.0100017,-0.0976399,0,0.0177622,0.363797,0,0.00853621,16,5.8,0.655066,3,1,-0.5,0,0,-2.98023e-05,0,0,0.00490731,17,5.8,-2.01493,-2.38437,1,-3.57628e-05,-0.5,0,-0.0118017,0,0,0.00836844,18,5.8,-0.999925,-0.997318,1,-0.000315905,0.5,0,0.000596046,2.98023e-05,0,0.0118296,19,5.8,0.471831,-0.995925,1,0.5,0.0445858,0,0,0.380665,0,0.0135816,20,5.8,2.71708,-2.78096,1,0.431538,0.497854,0,-0.269532,0.0429153,0,0.00581117,21,5.8,2.37294,1.00027,1,0.5,-8.9407e-06,0,0,-0.00089407,0,0.00743768,22,5.8,2.77348,1.81118,1,-0.434726,0.41061,0,-0.420094,-0.395775,0,0.00959563,23,5.8,-0.00119649,-0.425782,1,-0.00440225,-0.460245,0,0.00459934,-0.276387,0,0.0126367,24,5.8,0.010031,1.76618,1,-0.0216631,0.45155,0,-0.00473671,-0.264525,0,0.0098897,25,5.8,2.99988,-0.999991,1,0.00293255,-7.45058e-06,0,-0.115514,0,0,0.00550267,26,5.8,-0.993467,0.681237,1,0.0197068,0.487855,0,0.324875,-0.131965,0,0.0124254,27,5.8,-1.99367,1.07602,1,-0.0093013,-0.500003,0,-0.0235438,5.96046e-05,0,0.010332,28,5.8,2.01864,1.71851,1,-0.16346,-0.49789,0,0.402808,-0.0422597,0,0.010824,29,5.8,2.99596,0.362862,1,-0.00169873,-0.458074,0,0.0194311,-0.328898,0,0.00588916,30,5.8,-1.63033,-2.99644,1,0.500003,-0.00495315,0,-5.96046e-05,-0.000596046,0,0.00881456,31,5.8,-0.619972,-2.01321,1,-0.498731,-0.0147045,0,0.0253618,0.149846,0,0.00989129,32,5.8,-2.9946,-0.126108,1,-0.0465214,-0.33926,0,0.267625,-0.372953,0,0.0098986,33,5.8,1.72619,8.73448e-13,1,0.478259,5.83828e-13,0,-0.175416,-8.31854e-14,0,0.00965409,34,5.8,1.00616,-2.97512,1,-0.0271261,0.174016,0,0.0213385,0.735044,0,0.0100285,35,5.8,-2.6176,-1.9869,1,0.497121,0.0234365,0,0.0575781,-0.046432,0,0.0103705
0,5.9,-0.211233,0.988447,1,0.499936,0.0259745,0,0.00254422,-0.00329688,0,0.0155612,1,5.9,0.0153056,-2.99779,1,-0.00952627,0.000761077,0,-0.116776,-0.0127107,0,0.0102794,2,5.9,-0.995017,2.90477,1,-0.00245208,0.1962,0,-0.0486933,-0.982732,0,0.00637635,3,5.9,1.59262,2.98902,1,-0.5,0.0679154,0,7.45058e-06,-0.278398,0,0.00584442,4,5.9,0.791486,0.295923,1,-0.458441,-0.459142,0,-0.372298,0.254631,0,0.0126343,5,5.9,0.365612,-2.00025,1,-0.496838,-0.000501797,0,0.0650882,0.00296533,0,0.00881841,6,5.9,2.60192,3,1,-0.5,0,0,0,0,0,0.004698,7,5.9,-0.867241,1.98908,1,-0.366563,-0.076442,0,0.452071,-0.48285,0,0.0101882,8,5.9,-1.84385,-1.00493,1,0.279757,-0.0301281,0,0.749812,-0.15796,0,0.0126619,9,5.9,-2.81947,-0.992296,1,0.270958,0.0174752,0,0.911579,-0.134151,0,0.00884396,10,5.9,1.07767,-1.57575,1,0.360654,-0.49037,0,0.849538,0.101335,0,0.0147285,11,5.9,1.94274,-2.83482,1,-0.13655,-0.386917,0,-0.617512,0.426397,0,0.007115,12,5.9,1.00294,1.98564,1,-0.011709,-0.0117911,0,0.00399351,0.183858,0,0.0098713,13,5.9,-2.95694,2.00602,1,0.222863,-0.0221122,0,0.615582,0.0462085,0,0.00671302,14,5.9,-2,2.08312,1,1.37836e-05,-0.5,0,-7.45058e-05,0,0,0.0110399,15,5.9,2.00024,-1.00689,1,-0.00809971,-0.0640589,0,0.0199303,0.307363,0,0.00853621,16,5.9,0.605066,3,1,-0.5,0,0,0,0,0,0.00490731,17,5.9,-2.01609,-2.43437,1,-0.0330295,-0.5,0,-0.597969,0,0,0.00836844,18,5.9,-0.999954,-0.947318,1,-0.000258069,0.5,0,0.000562519,0,0,0.0118296,19,5.9,0.52183,-0.988838,1,0.49995,0.103383,0,-0.00198558,0.754625,0,0.0135816,20,5.9,2.7588,-2.73105,1,0.402249,0.499865,0,-0.313997,0.00536442,0,0.00581117,21,5.9,2.42294,1.00026,1,0.5,-9.05246e-05,0,0,-0.000745058,0,0.00743768,22,5.9,2.72809,1.85017,1,-0.470769,0.368487,0,-0.2909,-0.442751,0,0.00959563,23,5.9,-0.00127734,-0.473005,1,0.00583353,-0.482426,0,0.187667,-0.169326,0,0.0126367,24,5.9,0.00786669,1.80985,1,-0.0213833,0.420513,0,0.00960432,-0.352472,0,0.0098897,25,5.9,2.99969,-0.999992,1,-0.00582635,-7.82311e-06,0,-0.0622272,-7.45058e-06,0,0.00550267,26,5.9,-0.989169,0.729183,1,0.0724057,0.469357,0,0.694871,-0.234831,0,0.0124254,27,5.9,-1.99469,1.02602,1,-0.0109933,-0.5,0,-0.0107735,0,0,0.010332,28,5.9,2.00425,1.66859,1,-0.125013,-0.499868,0,0.365436,-0.00526011,0,0.010824,29,5.9,2.99589,0.31575,1,0.000168756,-0.480816,0,0.0177175,-0.127966,0,0.00588916,30,5.9,-1.58033,-2.99693,1,0.5,-0.0049185,0,-7.45058e-06,0.0012368,0,0.00881456,31,5.9,-0.66964,-2.01399,1,-0.493722,-0.00155382,0,0.0796132,0.113711,0,0.00989129,32,5.9,-2.99804,-0.161886,1,-0.0236165,-0.375927,0,0.190511,-0.351522,0,0.0098986,33,5.9,1.77295,9.25131e-13,1,0.455214,3.93631e-13,0,-0.282347,-3.45872e-12,0,0.00965409,34,5.9,1.00355,-2.95385,1,-0.025041,0.252702,0,0.0201166,0.813484,0,0.0100285,35,5.9,-2.56771,-1.98482,1,0.49982,0.0180021,0,0.00719726,-0.0609607,0,0.0103705
0,6,-0.161234,0.991006,1,0.5,0.0249967,0,3.57628e-06,-0.0155866,0,0.0121114,1,6,0.0138469,-2.99778,1,-0.0188981,-0.000429153,0,-0.0718832,-0.0110865,0,0.00683934,2,6,-0.995471,2.91943,1,-0.00631362,0.096637,0,-0.0292361,-1.00017,0,0.00709355,3,6,1.54262,2.99451,1,-0.500003,0.0429451,0,5.96046e-05,-0.220895,0,0.00576139,4,6,0.74408,0.251391,1,-0.486676,-0.430487,0,-0.193208,0.315555,0,0.0127313,5,6,0.316374,-2.00028,1,-0.486692,-0.000232458,0,0.138879,0.0025034,0,0.0104999,6,6,2.55192,3,1,-0.5,0,0,0,0,0,0.00498595,7,6,-0.901566,1.97893,1,-0.319338,-0.127074,0,0.487953,-0.51403,0,0.0104384,8,6,-1.81239,-1.00879,1,0.346994,-0.047335,0,0.598371,-0.17786,0,0.0131775,9,6,-2.78806,-0.991158,1,0.35457,0.00586957,0,0.751615,-0.0988841,0,0.00819681,10,6,1.11757,-1.62419,1,0.433135,-0.477311,0,0.588834,0.158727,0,0.0113908,11,6,1.926,-2.87129,1,-0.197798,-0.341564,0,-0.592291,0.476241,0,0.00694026,12,6,1.0018,1.98529,1,-0.0108629,0.00394881,0,0.0123382,0.131726,0,0.0112145,13,6,-2.93166,2.00409,1,0.281572,-0.0161529,0,0.549912,0.0705719,0,0.00723515,14,6,-2,2.03312,1,5.96046e-06,-0.5,0,0,-5.96046e-05,0,0.0105126,15,6,1.99953,-1.01186,1,-0.00608265,-0.0362188,0,0.0201464,0.249386,0,0.00979367,16,6,0.555066,3,1,-0.5,0,0,-2.98023e-05,0,0,0.00485705,17,6,-2.02301,-2.48437,1,-0.11037,-0.5,0,-0.906229,0,0,0.00764186,18,6,-0.999977,-0.897318,1,-0.000204146,0.5,0,0.000536442,2.98023e-05,0,0.0109338,19,6,0.571799,-0.974387,1,0.499202,0.188203,0,-0.0159442,0.909358,0,0.0122685,20,6,2.7974,-2.68105,1,0.369161,0.5,0,-0.345469,0,0,0.00557428,21,6,2.47294,1.00025,1,0.5,-0.000154972,0,0,-0.000596046,0,0.00823251,22,6,2.67982,1.88476,1,-0.492048,0.322801,0,-0.135779,-0.46742,0,0.00785924,23,6,0.000460336,-0.521935,1,0.0308058,-0.494698,0,0.300975,-0.0798702,0,0.0128111,24,6,0.00579504,1.85002,1,-0.0198796,0.381789,0,0.0198264,-0.418305,0,0.0104997,25,6,2.99887,-0.999993,1,-0.00998974,-8.9407e-06,0,-0.023365,2.98023e-05,0,0.00547422,26,6,-0.97808,0.774797,1,0.152388,0.441517,0,0.876129,-0.318885,0,0.0127367,27,6,-1.99583,0.97602,1,-0.0115454,-0.5,0,-0.000715256,-2.98023e-05,0,0.0143704,28,6,1.99351,1.6186,1,-0.0904888,-0.500003,0,0.324488,5.96046e-05,0,0.00957534,29,6,2.99599,0.267346,1,0.00181198,-0.484163,0,0.0150204,0.0581074,0,0.0059729,30,6,-1.53033,-2.99742,1,0.500003,-0.00472069,0,-5.96046e-05,0.0026226,0,0.00945021,31,6,-0.718492,-2.01364,1,-0.482032,0.00815988,0,0.157177,0.0810623,0,0.00990979,32,6,-2.99957,-0.201139,1,-0.00827312,-0.407995,0,0.117898,-0.282996,0,0.0111818,33,6,1.81691,9.43442e-13,1,0.42243,-5.93004e-14,0,-0.369906,-5.37591e-12,0,0.00856685,34,6,1.00114,-2.92455,1,-0.0231445,0.332338,0,0.017643,0.760674,0,0.0110982,35,6,-2.51771,-1.98333,1,0.5,0.0114858,0,0,-0.0681281,0,0.0101899
0,6.1,-0.111234,0.993414,1,0.5,0.0230369,0,2.98023e-07,-0.0231825,0,0.0121114,1,6.1,0.0116633,-2.99787,1,-0.0241543,-0.00141189,0,-0.0346391,-0.00855327,0,0.00683934,2,6.1,-0.996222,2.92409,1,-0.00843396,-0.00337139,0,-0.013832,-1.00002,0,0.00709355,3,6.1,1.49262,2.9978,1,-0.5,0.0236947,0,7.45058e-06,-0.164703,0,0.00576139,4,6.1,0.694715,0.209998,1,-0.498252,-0.396642,0,-0.0516288,0.358799,0,0.0127313,5,6.1,0.268522,-2.0003,1,-0.469099,-8.9407e-06,0,0.213548,0.00196695,0,0.0104999,6,6.1,2.50192,3,1,-0.5,0,0,0,0,0,0.00498595,7,6.1,-0.931033,1.96342,1,-0.269815,-0.184847,0,0.49825,-0.61921,0,0.0104384,8,6.1,-1.77474,-1.01419,1,0.404973,-0.0586715,0,0.541352,-0.0543296,0,0.0131775,9,6.1,-2.74911,-0.991013,1,0.421384,-0.00247331,0,0.573084,-0.0688843,0,0.00819681,10,6.1,1.16335,-1.67102,1,0.477529,-0.458466,0,0.303097,0.216462,0,0.0113908,11,6.1,1.90322,-2.903,1,-0.257969,-0.292212,0,-0.598431,0.505507,0,0.00694026,12,6.1,1.00079,1.98626,1,-0.00936147,0.0147454,0,0.0172183,0.0854731,0,0.0112145,13,6.1,-2.90085,2.00296,1,0.333475,-0.0052847,0,0.48393,0.139087,0,0.00723515,14,6.1,-2,1.98312,1,5.96046e-06,-0.5,0,0,1.49012e-05,0,0.0105126,15,6.1,1.99903,-1.01433,1,-0.00413004,-0.0141913,0,0.0187382,0.19183,0,0.00979367,16,6.1,0.505066,3,1,-0.5,0,0,5.66244e-06,0,0,0.00485705,17,6.1,-2.03875,-2.53428,1,-0.205967,-0.497205,0,-0.987947,0.0556558,0,0.00764186,18,6.1,-0.999994,-0.847318,1,-0.00015432,0.5,0,0.000465661,0,0,0.0109338,19,6.1,0.621457,-0.95087,1,0.492209,0.282868,0,-0.120699,0.953134,0,0.0122685,20,6.1,2.83255,-2.63105,1,0.333574,0.5,0,-0.364482,0,0,0.00557428,21,6.1,2.52294,1.00023,1,0.5,-0.000206567,0,0,-0.000439584,0,0.00823251,22,6.1,2.63017,1.9147,1,-0.499212,0.276014,0,-0.0256896,-0.465959,0,0.00785924,23,6.1,0.00545874,-0.571679,1,0.0728161,-0.499,0,0.520471,-0.00854209,0,0.0128111,24,6.1,0.00391802,1.88603,1,-0.0175562,0.337793,0,0.0261072,-0.458457,0,0.0104997,25,6.1,2.9978,-0.999993,1,-0.0109378,-6.51926e-06,0,0.00263751,1.49012e-05,0,0.00547422,26,6.1,-0.95831,0.817214,1,0.243782,0.405531,0,0.923287,-0.396058,0,0.0127367,27,6.1,-1.99697,0.92602,1,-0.0112427,-0.5,0,0.00641495,0,0,0.0143704,28,6.1,1.986,1.5686,1,-0.0605641,-0.5,0,0.274397,7.45058e-06,0,0.00957534,29,6.1,2.99624,0.219538,1,0.00311583,-0.468991,0,0.0110567,0.238161,0,0.0059729,30,6.1,-1.48033,-2.99787,1,0.5,-0.00440143,0,-7.45058e-06,0.00371039,0,0.00945021,31,6.1,-0.76572,-2.01247,1,-0.460695,0.0147279,0,0.26663,0.0511855,0,0.00990979,32,6.1,-2.99994,-0.243297,1,-7.30157e-05,-0.434578,0,0.0507534,-0.247642,0,0.0111818,33,6.1,1.85719,9.18568e-13,1,0.382156,-3.6466e-13,0,-0.432551,-9.63951e-13,0,0.00856685,34,6.1,0.998939,-2.88769,1,-0.020753,0.402515,0,0.0294596,0.62567,0,0.0110982,35,6.1,-2.46771,-1.98253,1,0.5,0.0046188,0,0,-0.0683293,0,0.0101899
0,6.2,-0.0612341,0.995592,1,0.5,0.0204414,0,0,-0.0283718,0,0.0104657,1,6.2,0.00912652,-2.99805,1,-0.0260953,-0.00212789,0,-0.00547666,-0.00596046,0,0.00793936,2,6.2,-0.997113,2.91875,1,-0.00920445,-0.103366,0,-0.00214577,-1.00017,0,0.00909382,3,6.2,1.44262,2.99943,1,-0.500003,0.00984669,0,5.96046e-05,-0.113249,0,0.0053085,4,6.2,0.644759,0.172182,1,-0.5,-0.359215,0,-2.98023e-05,0.387408,0,0.0127594,5,6.2,0.222806,-2.00029,1,-0.443958,0.000166893,0,0.288948,0.0013113,0,0.0114551,6,6.2,2.45192,3,1,-0.5,0,0,0,0,0,0.00550288,7,6.2,-0.955536,1.94182,1,-0.220464,-0.246963,0,0.485301,-0.605702,0,0.0130306,8,6.2,-1.73176,-1.02016,1,0.452274,-0.0592381,0,0.394642,0.0380874,0,0.0112685,9,6.2,-2.70447,-0.991562,1,0.467795,-0.00808239,0,0.353098,-0.0441074,0,0.0090945,10,6.2,1.2122,-1.7157,1,0.495905,-0.434354,0,0.0818968,0.264168,0,0.0111541,11,6.2,1.87451,-2.92968,1,-0.31521,-0.241435,0,-0.536323,0.505328,0,0.00943201,12,6.2,0.99994,1.98809,1,-0.00750571,0.0212938,0,0.0195503,0.0467896,0,0.00999195,13,6.2,-2.86522,2.00319,1,0.377625,0.010252,0,0.396013,0.165343,0,0.00827791,14,6.2,-2,1.93312,1,5.96046e-06,-0.500003,0,0,5.96046e-05,0,0.0101621,15,6.2,1.9987,-1.01488,1,-0.00236928,0.00230074,0,0.0165105,0.138879,0,0.00913339,16,6.2,0.455066,3,1,-0.5,0,0,1.43051e-05,0,0,0.00491933,17,6.2,-2.06432,-2.58363,1,-0.305551,-0.488919,0,-0.997305,0.109673,0,0.00633582,18,6.2,-1.00001,-0.797318,1,-0.000110269,0.5,0,0.000417233,2.98023e-05,0,0.0117995,19,6.2,0.669924,-0.917976,1,0.475685,0.37262,0,-0.206739,0.810683,0,0.0133349,20,6.2,2.86407,-2.58105,1,0.296611,0.5,0,-0.373244,0,0,0.00559683,21,6.2,2.57294,1.00021,1,0.5,-0.000244379,0,0,-0.000238419,0,0.0081692,22,6.2,2.58019,1.93999,1,-0.5,0.230044,0,0,-0.451446,0,0.0115565,23,6.2,0.0155747,-0.62151,1,0.131412,-0.496446,0,0.635334,0.0616312,0,0.0125151,24,6.2,0.00229961,1.91748,1,-0.0147569,0.290719,0,0.0294249,-0.479877,0,0.00996915,25,6.2,2.99675,-0.999994,1,-0.00977516,-5.96046e-06,0,0.0190735,0,0,0.00640213,26,6.2,-0.929428,0.855692,1,0.332224,0.363208,0,0.825822,-0.446141,0,0.0143246,27,6.2,-1.99806,0.87602,1,-0.0103235,-0.5,0,0.0115037,-2.98023e-05,0,0.0101654,28,6.2,1.98123,1.5186,1,-0.0355214,-0.500003,0,0.226855,5.96046e-05,0,0.00993894,29,6.2,2.9966,0.174078,1,0.00402331,-0.437918,0,0.00739098,0.376567,0,0.00586178,30,6.2,-1.43033,-2.99829,1,0.500003,-0.00398755,0,-5.96046e-05,0.00441074,0,0.00961596,31,6.2,-0.810296,-2.01078,1,-0.429313,0.0185668,0,0.357836,0.0264645,0,0.00974392,32,6.2,-2.99977,-0.287927,1,0.00271797,-0.457311,0,0.00905991,-0.205874,0,0.0102848,33,6.2,1.89316,8.82929e-13,1,0.336543,-2.97149e-13,0,-0.476539,2.09622e-12,0,0.00927212,34,6.2,0.997026,-2.84464,1,-0.0173897,0.455093,0,0.0371635,0.419021,0,0.0105763,35,6.2,-2.41771,-1.9824,1,0.5,-0.00202358,0,0,-0.063777,0,0.00974405
0,6.3,-0.0112341,0.997491,1,0.5,0.0175012,0,1.49012e-07,-0.0301972,0,0.0104657,1,6.3,0.00652821,-2.99829,1,-0.0255161,-0.00258163,0,0.0158309,-0.00318885,0,0.00793936,2,6.3,-0.99803,2.90342,1,-0.00900961,-0.203057,0,0.00561029,-0.987306,0,0.00909382,3,6.3,1.39267,2.99993,1,-0.498539,0.000745431,0,0.0334829,-0.0704676,0,0.0053085,4,6.3,0.594759,0.13823,1,-0.5,-0.319553,0,0,0.403579,0,0.0127594,5,6.3,0.180002,-2.00027,1,-0.410743,0.000275671,0,0.371455,0.00089407,0,0.0114551,6,6.3,2.40194,3,1,-0.499124,0,0,0.02262,0,0,0.00550288,7,6.3,-0.97526,1.91402,1,-0.175068,-0.309403,0,0.423022,-0.628807,0,0.0130306,8,6.3,-1.68486,-1.02579,1,0.482717,-0.0522409,0,0.215687,0.0979304,0,0.0112685,9,6.3,-2.65629,-0.992556,1,0.492179,-0.011477,0,0.144467,-0.0245087,0,0.0090945,10,6.3,1.26204,-1.75774,1,0.499744,-0.405495,0,0.0102371,0.310652,0,0.0111541,11,6.3,1.84024,-2.95133,1,-0.370224,-0.191805,0,-0.54542,0.483215,0,0.00943201,12,6.3,0.999288,1.9904,1,-0.00553541,0.0243533,0,0.019595,0.0157356,0,0.00999195,13,6.3,-2.82547,2.00507,1,0.41723,0.0276159,0,0.383481,0.176236,0,0.00827791,14,6.3,-2,1.88312,1,5.96046e-06,-0.5,0,0,7.45058e-06,0,0.0101621,15,6.3,1.99854,-1.01404,1,-0.000867434,0.0137558,0,0.0134781,0.0914708,0,0.00913339,16,6.3,0.405084,3,1,-0.499321,0,0,0.0189505,0,0,0.00491933,17,6.3,-2.09952,-2.63185,1,-0.394518,-0.474417,0,-0.765637,0.178382,0,0.00633582,18,6.3,-1.00002,-0.747318,1,-7.20844e-05,0.5,0,0.000350177,0,0,0.0117995,19,6.3,0.716332,-0.877054,1,0.45129,0.441525,0,-0.278149,0.554536,0,0.0133349,20,6.3,2.89186,-2.53105,1,0.25929,0.5,0,-0.371739,0,0,0.00559683,21,6.3,2.62285,1.00018,1,0.497401,-0.000261329,0,-0.0550598,-0.000111759,0,0.0081692,22,6.3,2.53019,1.96078,1,-0.5,0.186234,0,0,-0.423282,0,0.0115565,23,6.3,0.032319,-0.670671,1,0.206806,-0.485082,0,0.836098,0.162806,0,0.0125151,24,6.3,0.000973004,1.94414,1,-0.0117648,0.242457,0,0.0300605,-0.481851,0,0.00996915,25,6.3,2.99589,-0.999995,1,-0.00740364,-5.96046e-06,0,0.0273287,0,0,0.00640213,26,6.3,-0.892301,0.889741,1,0.407533,0.317429,0,0.660956,-0.466272,0,0.0143246,27,6.3,-1.99903,0.82602,1,-0.00903234,-0.5,0,0.0141263,0,0,0.0101654,28,6.3,1.97874,1.4686,1,-0.0151193,-0.5,0,0.181712,7.45058e-06,0,0.00993894,29,6.3,2.99703,0.132339,1,0.00457652,-0.395293,0,0.00371039,0.470123,0,0.00586178,30,6.3,-1.38041,-2.99867,1,0.497767,-0.00351667,0,-0.0478178,0.00494719,0,0.00961596,31,6.3,-0.85132,-2.00883,1,-0.390045,0.0202071,0,0.424594,0.00707805,0,0.00974392,32,6.3,-2.99946,-0.33467,1,0.00326298,-0.477115,0,0.00216067,-0.179384,0,0.0102848,33,6.3,1.92438,8.63003e-13,1,0.287529,-1.07125e-13,0,-0.499547,1.75032e-12,0,0.00927212,34,6.3,0.995476,-2.7974,1,-0.0135706,0.486078,0,0.0388734,0.204399,0,0.0105763,35,6.3,-2.36781,-1.98291,1,0.496977,-0.00783056,0,-0.0624955,-0.0522584,0,0.00974405
0,6.4,0.0387659,0.999088,1,0.5,0.0144452,0,-2.38419e-06,-0.0307262,0,0.0101637,1,6.4,0.00408246,-2.99856,1,-0.0231589,-0.00277758,0,0.0302439,-0.000834465,0,0.0075664,2,6.4,-0.998893,2.87828,1,-0.00816286,-0.298291,0,0.0109076,-0.898361,0,0.00900165,3,6.4,1.34307,2.99971,1,-0.492567,-0.00457168,0,0.0889897,-0.0373125,0,0.00583319,4,6.4,0.544759,0.108303,1,-0.5,-0.278923,0,-2.98023e-05,0.407037,0,0.012322,5,6.4,0.140894,-2.00023,1,-0.370425,0.000345707,0,0.431206,0.000476837,0,0.0113048,6,6.4,2.35222,3,1,-0.494587,0,0,0.0718832,0,0,0.0053735,7,6.4,-0.990752,1.87999,1,-0.135769,-0.370157,0,0.36341,-0.574887,0,0.0115647,8,6.4,-1.63577,-1.03045,1,0.496513,-0.0403821,0,0.0697374,0.13572,0,0.0113184,9,6.4,-2.60661,-0.993799,1,0.499296,-0.013122,0,0.0140667,-0.0090301,0,0.00777735,10,6.4,1.31204,-1.79667,1,0.500003,-0.372675,0,-5.96046e-05,0.343621,0,0.010207,11,6.4,1.8006,-2.96816,1,-0.421241,-0.145501,0,-0.46283,0.439644,0,0.00900385,12,6.4,0.998831,1.99287,1,-0.00363439,0.0246912,0,0.018239,-0.007689,0,0.00900321,13,6.4,-2.78193,2.00869,1,0.452292,0.0444829,0,0.310063,0.156641,0,0.00799994,14,6.4,-2,1.83312,1,5.96046e-06,-0.500003,0,0,5.96046e-05,0,0.0106784,15,6.4,1.99852,-1.01227,1,0.000324845,0.0208437,0,0.0103116,0.051558,0,0.00847576,16,6.4,0.355315,3,1,-0.495269,0,0,0.0661314,0,0,0.00474632,17,6.4,-2.14233,-2.6783,1,-0.456667,-0.453627,0,-0.473738,0.235558,0,0.00593982,18,6.4,-1.00002,-0.697318,1,-4.17233e-05,0.5,0,0.000298023,2.98023e-05,0,0.0118527,19,6.4,0.759973,-0.83061,1,0.420636,0.482604,0,-0.332117,0.270694,0,0.0132479,20,6.4,2.91595,-2.48105,1,0.222522,0.5,0,-0.362396,0,0,0.00553887,21,6.4,2.6722,1.00016,1,0.488484,-0.000265241,0,-0.125408,5.96046e-05,0,0.00828649,22,6.4,2.48019,1.97734,1,-0.5,0.145653,0,0,-0.387311,0,0.0117533,23,6.4,0.0572656,-0.718217,1,0.292282,-0.464441,0,0.846362,0.24724,0,0.0124659,24,6.4,-5.45844e-05,1.966,1,-0.00880821,0.194994,0,0.0287934,-0.464618,0,0.0106737,25,6.4,2.99529,-0.999995,1,-0.00449419,-7.45058e-06,0,0.03016,2.98023e-05,0,0.00552457,26,6.4,-0.84863,0.919142,1,0.461826,0.270547,0,0.418425,-0.468642,0,0.0140721,27,6.4,-1.99986,0.77602,1,-0.00753999,-0.5,0,0.0157356,-2.98023e-05,0,0.0108483,28,6.4,1.97807,1.4186,1,0.000935793,-0.500003,0,0.139892,5.96046e-05,0,0.0100326,29,6.4,2.9975,0.0952737,1,0.00478029,-0.345019,0,0.000476837,0.529907,0,0.00595857,30,6.4,-1.33097,-2.999,1,0.489902,-0.00301003,0,-0.11158,0.00524521,0,0.007853,31,6.4,-0.888112,-2.0068,1,-0.345005,0.0201285,0,0.473022,-0.00810623,0,0.00995744,32,6.4,-2.99914,-0.383171,1,0.00321269,-0.491711,0,-0.00286102,-0.1086,0,0.00963334,33,6.4,1.95063,8.60783e-13,1,0.237417,6.10718e-14,0,-0.499189,1.63855e-12,0,0.00963964,34,6.4,0.994314,-2.74808,1,-0.0096783,0.497788,0,0.0386536,0.0442266,0,0.00933186,35,6.4,-2.31855,-1.98393,1,0.487173,-0.0124604,0,-0.134826,-0.0402927,0,0.0101734
0,6.5,0.0887659,1.00038,1,0.5,0.0114229,0,1.49012e-07,-0.0295863,0,0.0101637,1,6.5,0.00193345,-2.99831,1,-0.0196869,0.0122052,0,0.038322,0.272855,0,0.0075664,2,6.5,-0.999651,2.84429,1,-0.00695884,-0.378063,0,0.0129864,-0.693291,0,0.00900165,3,6.5,1.29436,2.99911,1,-0.480367,-0.0070367,0,0.157207,-0.0133067,0,0.00583319,4,6.5,0.494759,0.0824331,1,-0.5,-0.238643,0,5.66244e-06,0.397048,0,0.012322,5,6.5,0.105629,-2.0002,1,-0.338231,0.000376254,0,0.229778,0.000149012,0,0.0113048,6,6.5,2.30322,3,1,-0.484237,0,0,0.137895,0,0,0.0053735,7,6.5,-1.00257,1.8402,1,-0.101307,-0.424236,0,0.325393,-0.489585,0,0.0115647,8,6.5,-1.58591,-1.03379,1,0.499782,-0.0263425,0,0.00871718,0.143342,0,0.0113184,9,6.5,-2.55664,-0.995136,1,0.499956,-0.0134493,0,0.00175834,0.00197068,0,0.00777735,10,6.5,1.36204,-1.83218,1,0.5,-0.337246,0,-7.45058e-06,0.363126,0,0.010207,11,6.5,1.75636,-2.98061,1,-0.461413,-0.104675,0,-0.332683,0.375867,0,0.00900385,12,6.5,0.998554,1.99528,1,-0.00192905,0.0230556,0,0.0157692,-0.0239387,0,0.00900321,13,6.5,-2.73527,2.01371,1,0.479385,0.0537816,0,0.220239,0.0352412,0,0.00799994,14,6.5,-2,1.78312,1,5.7742e-06,-0.5,0,-7.45058e-06,7.45058e-06,0,0.0106784,15,6.5,1.9986,-1.00999,1,0.00119787,0.0243206,0,0.00718981,0.0193119,0,0.00847576,16,6.5,0.30622,3,1,-0.485542,0,0,0.131374,0,0,0.00474632,17,6.5,-2.18987,-2.7224,1,-0.489682,-0.427577,0,-0.19677,0.283524,0,0.00593982,18,6.5,-1.00003,-0.647318,1,-1.546e-05,0.5,0,0.000230968,0,0,0.0118527,19,6.5,0.800303,-0.78141,1,0.385288,0.497947,0,-0.37213,0.0628009,0,0.0132479,20,6.5,2.93641,-2.43105,1,0.186936,0.499925,0,-0.347927,-0.00298023,0,0.00553887,21,6.5,2.7203,1.00013,1,0.472051,-0.000255741,0,-0.204206,0.00012666,0,0.00828649,22,6.5,2.43019,1.99005,1,-0.499921,0.109282,0,0.00312924,-0.339925,0,0.0117533,23,6.5,0.0907177,-0.763278,1,0.375677,-0.435418,0,0.783316,0.3291,0,0.0124659,24,6.5,-0.000795783,1.98323,1,-0.00606348,0.150153,0,0.0259354,-0.429921,0,0.0106737,25,6.5,2.99499,-0.999996,1,-0.00153743,-5.02914e-06,0,0.0285059,1.49012e-05,0,0.00552457,26,6.5,-0.800789,0.943893,1,0.49089,0.2249,0,0.172731,-0.443205,0,0.0140721,27,6.5,-2.00053,0.72602,1,-0.00594966,-0.5,0,0.0159591,0,0,0.0108483,28,6.5,1.97879,1.36869,1,0.0128318,-0.49703,0,0.0990331,0.061512,0,0.0100326,29,6.5,2.99798,0.0634788,1,0.0046771,-0.290446,0,-0.00242889,0.555994,0,0.00595857,30,6.5,-1.28232,-2.99927,1,0.484755,-0.00248663,0,-0.0050962,0.00520051,0,0.007853,31,6.5,-0.920191,-2.00537,1,-0.296117,0.00376776,0,0.500448,-0.290871,0,0.00995744,32,6.5,-2.99883,-0.43275,1,0.00278391,-0.498637,0,-0.00552833,-0.0350121,0,0.00963334,33,6.5,1.9719,8.68598e-13,1,0.188457,3.71934e-14,0,-0.476904,-1.8472e-12,0,0.00963964,34,6.5,0.993536,-2.69816,1,-0.00592368,0.499861,0,0.0362359,0.00552833,0,0.00933186,35,6.5,-2.27062,-1.98536,1,0.470018,-0.0158949,0,-0.208944,-0.0284091,0,0.0101734
0,6.6,0.138766,1.00138,1,0.5,0.00855327,0,0,-0.0278354,0,0.0124706,1,6.6,0.000163695,-2.99546,1,-0.0156531,0.0468731,0,0.0416418,0.398755,0,0.00843081,2,6.6,-1.00028,2.80338,1,-0.00560284,-0.436604,0,0.0139475,-0.478148,0,0.00996708,3,6.6,1.24724,2.99837,1,-0.460809,-0.00746846,0,0.234962,0.00333786,0,0.00670461,4,6.6,0.444759,0.0605266,1,-0.5,-0.199794,0,1.43051e-05,0.378625,0,0.0143055,5,6.6,0.0727385,-2.00016,1,-0.321381,0.00038147,0,0.12102,-0.000119209,0,0.0118571,6,6.6,2.25561,3,1,-0.466591,0,0,0.216365,0,0,0.00625217,7,6.6,-1.01114,1.79558,1,-0.0707626,-0.465631,0,0.285208,-0.330925,0,0.0107111,8,6.6,-1.53591,-1.03571,1,0.500003,-0.0120342,0,-5.96046e-05,0.141442,0,0.0101865,9,6.6,-2.50664,-0.996457,1,0.5,-0.0128239,0,0,0.0100732,0,0.00800783,10,6.6,1.41204,-1.86407,1,0.500003,-0.300395,0,-5.96046e-05,0.372171,0,0.0102557,11,6.6,1.70881,-2.98931,1,-0.487012,-0.0704706,0,-0.179529,0.307798,0,0.00779347,12,6.6,0.998436,1.99744,1,-0.000496209,0.0201046,0,0.0128746,-0.0340939,0,0.00944805,13,6.6,-2.68644,2.0191,1,0.495195,0.0526488,0,0.0960827,-0.0528097,0,0.00828518,14,6.6,-2,1.73312,1,5.96046e-06,-0.500003,0,0,5.96046e-05,0,0.00907739,15,6.6,1.99875,-1.00751,1,0.00177622,0.0249624,0,0.00435114,-0.0051856,0,0.0073726,16,6.6,0.25845,3,1,-0.468542,0,0,0.210188,0,0,0.00563481,17,6.6,-2.23947,-2.76367,1,-0.499213,-0.397301,0,-0.0157356,0.320315,0,0.00659948,18,6.6,-1.00003,-0.597318,1,2.98023e-06,0.5,0,0.000238419,2.98023e-05,0,0.00998719,19,6.6,0.836924,-0.73146,1,0.346726,0.5,0,-0.396669,2.98023e-05,0,0.0132048,20,6.6,2.95339,-2.3811,1,0.153196,0.498807,0,-0.32568,-0.0238419,0,0.00639879,21,6.6,2.76634,1.00011,1,0.447553,-0.000238419,0,-0.285745,0.000119209,0,0.00734602,22,6.6,2.38024,1.99936,1,-0.498748,0.0776887,0,0.0251532,-0.291705,0,0.0104063,23,6.6,0.131861,-0.805068,1,0.443257,-0.399409,0,0.549636,0.387341,0,0.011528,24,6.6,-0.00127831,1.99616,1,-0.00364855,0.109398,0,0.0222551,-0.383496,0,0.00945308,25,6.6,2.99497,-0.999996,1,0.00113249,-4.47035e-06,0,0.0244379,2.98023e-05,0,0.00580283,26,6.6,-0.751147,0.964217,1,0.499283,0.182109,0,0.0143349,-0.411719,0,0.0114627,27,6.6,-2.00105,0.67602,1,-0.00436902,-0.5,0,0.015378,-2.98023e-05,0,0.0108023,28,6.6,1.98051,1.31941,1,0.0209421,-0.487357,0,0.0640154,0.133157,0,0.00904738,29,6.6,2.99843,0.0372183,1,0.00432134,-0.234839,0,-0.00452995,0.551515,0,0.00593936,30,6.6,-1.23379,-2.99949,1,0.486398,-0.00198483,0,0.0268221,0.00500679,0,0.00663576,31,6.6,-0.947286,-2.00672,1,-0.24572,-0.0330091,0,0.503749,-0.422478,0,0.00976399,32,6.6,-2.99859,-0.482712,1,0.00213981,-0.5,0,-0.00703335,1.43051e-05,0,0.00858975,33,6.6,1.98842,8.59173e-13,1,0.142589,-2.59048e-13,0,-0.438154,-3.85342e-12,0,0.00916142,34,6.6,0.993119,-2.64816,1,-0.00246763,0.5,0,0.0327229,0,0,0.00955046,35,6.6,-2.22479,-1.98707,1,0.44533,-0.0181496,0,-0.284672,-0.0168085,0,0.0143019
0,6.7,0.188766,1.00186,1,0.5,-0.00100061,0,8.9407e-07,-0.155196,0,0.0124706,1,6.7,-0.00119471,-2.98854,1,-0.0115349,0.0936288,0,0.0404447,0.516877,0,0.00843081,2,6.7,-1.00077,2.75763,1,-0.00422802,-0.475098,0,0.0134781,-0.28792,0,0.00996708,3,6.7,1.20215,2.99765,1,-0.442604,-0.00667758,0,0.139639,0.0118762,0,0.00670461,4,6.7,0.394848,0.0417018,1,-0.497315,-0.183467,0,0.0548902,-0.0275768,0,0.0143055,5,6.7,0.0409194,-2.00012,1,-0.317421,0.000373647,0,-0.0245222,1.49012e-05,0,0.0118571,6,6.7,2.20986,3,1,-0.449999,0,0,0.12596,0,0,0.00625217,7,6.7,-1.01688,1.74764,1,-0.0446407,-0.490177,0,0.237741,-0.15974,0,0.0107111,8,6.7,-1.48591,-1.03622,1,0.5,0.00160187,0,-7.45058e-06,0.130191,0,0.0101865,9,6.7,-2.45664,-0.997679,1,0.5,-0.011535,0,0,0.0153333,0,0.00800783,10,6.7,1.46204,-1.89225,1,0.5,-0.263121,0,-7.45058e-06,0.371806,0,0.0102557,11,6.7,1.66007,-2.99494,1,-0.479743,-0.0431087,0,0.295915,0.239506,0,0.00779347,12,6.7,0.998445,1.99927,1,0.000630599,0.0164226,0,0.00967458,-0.0388324,0,0.00944805,13,6.7,-2.63662,2.02402,1,0.499699,0.0449151,0,0.0120103,-0.0986755,0,0.00828518,14,6.7,-2,1.68312,1,5.7742e-06,-0.5,0,-7.45058e-06,7.45058e-06,0,0.00907739,15,6.7,1.99894,-1.00507,1,0.00208709,0.0235274,0,0.0019595,-0.0223964,0,0.0073726,16,6.7,0.212266,3,1,-0.458497,0,0,0.00834741,0,0,0.00563481,17,6.7,-2.28944,-2.80176,1,-0.49995,-0.363914,0,-0.00196695,0.345781,0,0.00659948,18,6.7,-1.00002,-0.547318,1,2.2538e-05,0.5,0,0.000156462,0,0,0.00998719,19,6.7,0.869302,-0.68146,1,0.298044,0.5,0,-0.564121,0,0,0.0132048,20,6.7,2.96713,-2.33141,1,0.121973,0.493988,0,-0.297815,-0.0774115,0,0.00639879,21,6.7,2.80948,1.0013,1,0.413467,0.0348445,0,-0.389844,0.640273,0,0.00734602,22,6.7,2.33057,2.00575,1,-0.493768,0.0509337,0,0.0792295,-0.243515,0,0.0104063,23,6.7,0.178428,-0.84301,1,0.483179,-0.358875,0,0.256941,0.420369,0,0.011528,24,6.7,-0.00153894,2.00528,1,-0.00163484,0.0737872,0,0.0180026,-0.328019,0,0.00945308,25,6.7,2.9952,-0.999997,1,0.00329763,-2.04891e-06,0,0.0187755,1.49012e-05,0,0.00580283,26,6.7,-0.701175,0.980433,1,0.499955,0.142875,0,0.00179932,-0.372462,0,0.0114627,27,6.7,-2.00141,0.62602,1,-0.00290945,-0.5,0,0.0137687,0,0,0.0108023,28,6.7,1.98287,1.27113,1,0.0257798,-0.479974,0,0.0337958,0.0277609,0,0.00904738,29,6.7,2.99884,0.0169768,1,0.00378639,-0.16595,0,-0.00602007,0.794732,0,0.00593936,30,6.7,-1.18493,-2.99967,1,0.49138,-0.00150688,0,0.0625774,0.00451505,0,0.00663576,31,6.7,-0.969367,-2.01239,1,-0.196258,-0.0823691,0,0.482466,-0.544697,0,0.00976399,32,6.7,-2.99841,-0.532712,1,0.00139475,-0.5,0,-0.0077486,-5.66244e-06,0,0.00858975,33,6.7,2.0011,-1.77836e-09,1,0.116288,-7.9897e-08,0,-0.113986,-2.62972e-06,0,0.00916142,34,6.7,0.993026,-2.59816,1,0.000519026,0.5,0,0.0270344,0,0,0.00955046,35,6.7,-2.18185,-1.98999,1,0.41192,-0.0493804,0,-0.377864,-0.562854,0,0.0143019
0,6.8,0.238766,1.00083,1,0.5,-0.0209734,0,7.15256e-06,-0.237197,0,0.0102627,1,6.8,-0.0021499,-2.97653,1,-0.00761393,0.146759,0,0.0377559,0.530243,0,0.00872782,2,6.8,-1.00113,2.709,1,-0.00292361,-0.494558,0,0.0125766,-0.108838,0,0.00894356,3,6.8,1.1585,2.99706,1,-0.43098,-0.00520349,0,0.101388,0.0169277,0,0.00640117,4,6.8,0.34549,0.0227159,1,-0.488828,-0.200725,0,0.115573,-0.296219,0,0.0167013,5,6.8,0.00893261,-2.00008,1,-0.323184,0.000405312,0,-0.0770402,0.000476837,0,0.0161729,6,6.8,2.16541,3,1,-0.439501,0,0,0.0925064,0,0,0.00462218,7,6.8,-1.02023,1.69808,1,-0.0231087,-0.498775,0,0.193298,-0.0244975,0,0.00860556,8,6.8,-1.43591,-1.03544,1,0.500003,0.0138104,0,-5.96046e-05,0.11313,0,0.00910976,9,6.8,-2.40664,-0.99875,1,0.5,-0.00982881,0,0,0.0185072,0,0.00839715,10,6.8,1.51204,-1.91671,1,0.500003,-0.226319,0,-5.96046e-05,0.362992,0,0.0110333,11,6.8,1.61417,-2.99816,1,-0.433204,-0.0224829,0,0.610173,0.173807,0,0.0116188,12,6.8,0.998551,2.00072,1,0.00144541,0.0124693,0,0.00661612,-0.0395775,0,0.00890202,13,6.8,-2.58663,2.02796,1,0.5,0.0335157,0,0,-0.1266,0,0.00791275,14,6.8,-2,1.63312,1,5.96046e-06,-0.500003,0,-5.96046e-05,5.96046e-05,0,0.00931509,15,6.8,1.99916,-1.00285,1,0.00218153,0.0206888,0,5.96046e-05,-0.0334382,0,0.00833933,16,6.8,0.166244,3,1,-0.463701,0,0,-0.0983399,0,0,0.00589115,17,6.8,-2.33944,-2.83639,1,-0.5,-0.328463,0,0,0.361681,0,0.00634799,18,6.8,-1.00002,-0.497317,1,3.27826e-05,0.5,0,0.000119209,-1.43051e-05,0,0.0111207,19,6.8,0.896098,-0.63146,1,0.236303,0.5,0,-0.659585,2.98023e-05,0,0.0129625,20,6.8,2.97789,-2.28252,1,0.0938058,0.482535,0,-0.264883,-0.154853,0,0.00574499,21,6.8,2.84875,1.00862,1,0.370741,0.116658,0,-0.458956,0.945687,0,0.00686246,22,6.8,2.28171,2.00971,1,-0.482118,0.0289381,0,0.156641,-0.196695,0,0.00851358,23,6.8,0.227635,-0.876762,1,0.497502,-0.315897,0,0.0499558,0.436544,0,0.0117092,24,6.8,-0.00161954,2.01111,1,-4.81436e-05,0.0438809,0,0.0137465,-0.269651,0,0.0093932,25,6.8,2.99561,-0.999997,1,0.00487566,-1.49012e-06,0,0.0127554,0,0,0.00599699,26,6.8,-0.651176,0.992927,1,0.5,0.107697,0,2.98023e-05,-0.330746,0,0.0115137,27,6.8,-2.00163,0.57602,1,-0.00162125,-0.5,0,0.0120401,-2.98023e-05,0,0.0100484,28,6.8,1.98557,1.22319,1,0.0279069,-0.4794,0,0.00965595,-0.00560284,0,0.0105858,29,6.8,2.99919,0.00454258,1,0.00314713,-0.0814914,0,-0.00691414,0.869986,0,0.00681305,30,6.8,-1.13549,-2.9998,1,0.497091,-0.0010848,0,0.0435114,0.0038147,0,0.00662489,31,6.8,-0.986637,-2.02341,1,-0.14977,-0.138348,0,0.444919,-0.55933,0,0.0104013,32,6.8,-2.99831,-0.582712,1,0.000619888,-0.5,0,-0.0077486,-2.98023e-05,0,0.00942912,33,6.8,2.01251,-3.42875e-08,1,0.115114,-7.03252e-07,0,0.0698566,-1.05787e-05,0,0.0101811,34,6.8,0.993204,-2.54816,1,0.00294298,0.5,0,0.0215173,0,0,0.00864334,35,6.8,-2.14266,-1.99834,1,0.370824,-0.122482,0,-0.439048,-0.861764,0,0.0106176
0,6.9,0.288766,0.997384,1,0.5,-0.0493962,0,-2.68221e-06,-0.323407,0,0.0102627,1,6.9,-0.00273217,-2.95917,1,-0.00412567,0.200333,0,0.0321009,0.527814,0,0.00872782,2,6.9,-1.00136,2.65921,1,-0.00174996,-0.499659,0,0.0109002,-0.0136048,0,0.00894356,3,6.9,1.11556,2.99662,1,-0.430807,-0.00348762,0,-0.0819117,0.0171959,0,0.00640117,4,6.9,0.297378,0.000353387,1,-0.471573,-0.253114,0,0.225166,-0.693146,0,0.0167013,5,6.9,-0.0238824,-2.00004,1,-0.333906,0.000466593,0,-0.124782,0.000871718,0,0.0161729,6,6.9,2.12162,3,1,-0.438853,0,0,-0.0624657,0,0,0.00462218,7,6.9,-1.02165,1.64813,1,-0.00605173,-0.499923,0,0.148788,-0.00306219,0,0.00860556,8,6.9,-1.38597,-1.03353,1,0.498118,0.0237782,0,-0.0413135,0.086382,0,0.00910976,9,6.9,-2.35676,-0.999639,1,0.496282,-0.00793375,0,-0.0754148,0.0192001,0,0.00839715,10,6.9,1.56204,-1.93756,1,0.499955,-0.190874,0,-0.00178069,0.344947,0,0.0110333,11,6.9,1.57465,-2.99964,1,-0.351477,-0.00813119,0,0.951275,0.115082,0,0.0116188,12,6.9,0.998724,2.00177,1,0.00196462,0.00861511,0,0.00384077,-0.0371337,0,0.00890202,13,6.9,-2.53663,2.03066,1,0.5,0.0202309,0,0,-0.136867,0,0.00791275,14,6.9,-2,1.58312,1,9.31323e-07,-0.5,0,-3.72529e-05,7.45058e-06,0,0.00931509,15,6.9,1.99937,-1.00096,1,0.00211038,0.0170403,0,-0.00140071,-0.0387765,0,0.00833933,16,6.9,0.119166,3,1,-0.479114,0,0,-0.175268,0,0,0.00589115,17,6.9,-2.38944,-2.86741,1,-0.5,-0.291711,0,0,0.37156,0,0.00634799,18,6.9,-1.00002,-0.447318,1,4.13507e-05,0.499996,0,5.96046e-05,-0.000139624,0,0.0111207,19,6.9,0.916155,-0.58146,1,0.162461,0.5,0,-0.801988,0,0,0.0129625,20,6.9,2.98601,-2.23523,1,0.0691034,0.461417,0,-0.228643,-0.264615,0,0.00574499,21,6.9,2.88345,1.02512,1,0.322719,0.214075,0,-0.496462,0.991717,0,0.00686246,22,6.9,2.23447,2.0117,1,-0.460831,0.0116389,0,0.266179,-0.150159,0,0.00851358,23,6.9,0.277538,-0.906167,1,0.499844,-0.27224,0,0.00624359,0.434577,0,0.0117092,24,6.9,-0.00156264,2.01425,1,0.00111756,0.0198901,0,0.00964068,-0.210702,0,0.0093932,25,6.9,2.99615,-0.999997,1,0.00584349,-1.58325e-06,0,0.00673532,-3.72529e-06,0,0.00599699,26,6.9,-0.601176,1.00213,1,0.5,0.0770845,0,0,-0.281915,0,0.0115137,27,6.9,-2.00174,0.52602,1,-0.000513718,-0.5,0,0.0101179,2.08616e-06,0,0.0100484,28,6.9,1.98838,1.17513,1,0.0278927,-0.482624,0,-0.00914931,-0.0484511,0,0.0105858,29,6.9,2.99947,0.000995274,1,0.00245385,0.0124142,0,-0.00686944,0.983748,0,0.00681305,30,6.9,-1.08563,-2.99989,1,0.499509,-0.000734255,0,0.00590831,0.00317395,0,0.00662489,31,6.9,-0.999477,-2.04007,1,-0.107928,-0.194683,0,0.390846,-0.553712,0,0.0104013,32,6.9,-2.99828,-0.632612,1,-0.000107288,-0.496952,0,-0.00676513,0.0629872,0,0.00942912,33,6.9,2.02473,-3.02704e-07,1,0.1323,-8.11709e-06,0,0.253648,-0.000215524,0,0.0101811,34,6.9,0.993597,-2.49816,1,0.00482388,0.5,0,0.0161454,0,0,0.00864334,35,6.9,-2.10783,-2.01516,1,0.325422,-0.216002,0,-0.465736,-0.982717,0,0.0106176
0,7,0.338766,0.99074,1,0.5,-0.0841871,0,-1.43051e-05,-0.365585,0,0.0135908,1,7,-0.00299298,-2.93659,1,-0.00117561,0.249964,0,0.0269904,0.454783,0,0.00973212,2,7,-1.00148,2.60922,1,-0.000748038,-0.5,0,0.00923872,0,0,0.00882284,3,7,1.07188,2.99636,1,-0.444421,-0.0017941,0,-0.176907,0.0164509,0,0.0069397,4,7,0.251498,-0.0286876,1,-0.444633,-0.329238,0,0.309609,-0.786591,0,0.0168223,5,7,-0.0578896,-1.99999,1,-0.34592,0.000599027,0,-0.105888,0.00184774,0,0.0146913,6,7,2.07729,3,1,-0.448889,0,0,-0.124216,0,0,0.00472129,7,7,-1.02158,1.59813,1,0.00683367,-0.500003,0,0.109673,5.96046e-05,0,0.00829928,8,7,-1.33646,-1.03077,1,0.491112,0.0311255,0,-0.101328,0.0607967,0,0.00910137,9,7,-2.30764,-1.00034,1,0.484771,-0.00602603,0,-0.15521,0.0188947,0,0.00735052,10,7,1.61201,-1.95496,1,0.49929,-0.157508,0,-0.0142455,0.321686,0,0.00965753,11,7,1.54441,-2.99996,1,-0.252694,0.000917912,0,0.999987,0.0680685,0,0.00973046,12,7,0.998936,2.00245,1,0.00222921,0.00510216,0,0.00149012,-0.0327826,0,0.00869551,13,7,-2.48663,2.032,1,0.5,0.00655055,0,0,-0.135064,0,0.00875675,14,7,-2,1.53312,1,-2.98023e-06,-0.500003,0,0,5.96046e-05,0,0.00850959,15,7,1.99958,-0.999449,1,0.00191629,0.0130683,0,-0.00244379,-0.0400543,0,0.00872614,16,7,0.0704568,3,1,-0.493881,0,0,-0.106004,0,0,0.00544373,17,7,-2.43944,-2.89472,1,-0.5,-0.254494,0,0,0.370979,0,0.00728498,18,7,-1.00001,-0.39732,1,4.17233e-05,0.499944,0,5.96046e-05,-0.00111759,0,0.0106,19,7,0.928263,-0.53146,1,0.0787377,0.5,0,-0.85941,1.43051e-05,0,0.0138098,20,7,2.99184,-2.19058,1,0.0481486,0.43022,0,-0.190139,-0.356317,0,0.00568579,21,7,2.91322,1.0515,1,0.272375,0.313339,0,-0.506043,0.988066,0,0.00633374,22,7,2.18988,2.01218,1,-0.429487,-0.00126958,0,0.357389,-0.108719,0,0.00817133,23,7,0.327535,-0.931236,1,0.5,-0.229356,0,-1.43051e-05,0.421315,0,0.0108389,24,7,-0.00140895,2.01528,1,0.00189556,0.00161529,0,0.00600185,-0.155687,0,0.0100923,25,7,2.99676,-0.999997,1,0.00624657,-1.49012e-06,0,0.00154972,-2.98023e-05,0,0.0064197,26,7,-0.551176,1.0085,1,0.5,0.0512272,0,2.98023e-05,-0.235677,0,0.0122752,27,7,-2.00174,0.47602,1,0.000393391,-0.5,0,0.00822544,1.43051e-05,0,0.00999504,28,7,1.99109,1.12662,1,0.026232,-0.487217,0,-0.023365,-0.0351071,0,0.0106409,29,7,2.99968,0.00720419,1,0.0017941,0.112008,0,-0.00631809,1,0,0.00592112,30,7,-1.03572,-2.99995,1,0.497985,-0.000452995,0,-0.0402629,0.0026226,0,0.00645699,31,7,-1.00841,-2.0622,1,-0.07177,-0.246704,0,0.3317,-0.47648,0,0.0107233,32,7,-2.99833,-0.681874,1,-0.000727177,-0.487083,0,-0.00560284,0.13563,0,0.0113412,33,7,2.0394,-3.06113e-06,1,0.162196,-5.71987e-05,0,0.328183,-0.000822189,0,0.0113452,34,7,0.994152,-2.44816,1,0.00618398,0.5,0,0.0110567,0,0,0.00965267,35,7,-2.07764,-2.04173,1,0.278294,-0.315565,0,-0.473738,-1.00017,0,0.00924671
0,7.1,0.388766,0.980367,1,0.5,-0.124301,0,0,-0.427272,0,0.0135908,1,7.1,-0.00298803,-2.90944,1,0.00115761,0.291879,0,0.0199755,0.376195,0,0.00973212,2,7.1,-1.00152,2.55922,1,7.50646e-05,-0.5,0,0.00724941,0,0,0.00882284,3,7.1,1.02641,2.99626,1,-0.465832,-0.000257045,0,-0.22649,0.0142753,0,0.0069397,4,7.1,0.208692,-0.0654053,1,-0.410478,-0.403062,0,0.369961,-0.664848,0,0.0168223,5,7.1,-0.0930002,-1.99992,1,-0.355985,0.000735745,0,-0.0876801,0.00107288,0,0.0146913,6,7.1,2.03169,3,1,-0.463584,0,0,-0.159219,0,0,0.00472129,7,7.1,-1.0204,1.54813,1,0.016078,-0.5,0,0.0760406,7.45058e-06,0,0.00829928,8,7.1,-1.28797,-1.02739,1,0.477579,0.0360096,0,-0.171147,0.037156,0,0.00910137,9,7.1,-2.26007,-1.00085,1,0.465412,-0.00419952,0,-0.231981,0.0175089,0,0.00735052,10,7.1,1.6618,-1.96915,1,0.495686,-0.126755,0,-0.0633001,0.292845,0,0.00965753,11,7.1,1.52414,-2.99959,1,-0.152694,0.00600703,0,1,0.0351816,0,0.00973046,12,7.1,0.999163,2.00281,1,0.00228062,0.00210442,0,-0.000372529,-0.0270754,0,0.00869551,13,7.1,-2.43663,2.03201,1,0.499949,-0.0060495,0,-0.00201166,-0.116423,0,0.00875675,14,7.1,-2,1.48312,1,-2.98023e-06,-0.5,0,0,7.45058e-06,0,0.00850959,15,7.1,1.99975,-0.99834,1,0.00164099,0.0091522,0,-0.00301003,-0.037875,0,0.00872614,16,7.1,0.0207205,3,1,-0.499413,0,0,-0.0193879,0,0,0.00544373,17,7.1,-2.48944,-2.91832,1,-0.5,-0.217802,0,0,0.361457,0,0.00728498,18,7.1,-1.00001,-0.347387,1,4.4331e-05,0.497994,0,0,-0.0441354,0,0.0106,19,7.1,0.931755,-0.48146,1,-0.00953255,0.5,0,-0.897471,-1.78814e-06,0,0.0138098,20,7.1,2.99577,-2.14945,1,0.031082,0.39108,0,-0.151291,-0.423595,0,0.00568579,21,7.1,2.93794,1.08747,1,0.222236,0.402468,0,-0.49302,0.768706,0,0.00633374,22,7.1,2.14883,2.01157,1,-0.390255,-0.0103205,0,0.424311,-0.0731349,0,0.00817133,23,7.1,0.377535,-0.95211,1,0.5,-0.188602,0,0,0.392888,0,0.0108389,24,7.1,-0.00119484,2.01475,1,0.00233492,-0.0113908,0,0.00289273,-0.105634,0,0.0100923,25,7.1,2.99739,-0.999997,1,0.00617169,-3.91155e-06,0,-0.00284612,-1.49012e-05,0,0.0064197,26,7.1,-0.501176,1.01252,1,0.5,0.0298841,0,-5.66244e-06,-0.191711,0,0.0122752,27,7.1,-2.00167,0.426022,1,0.0011012,-0.499903,0,0.00596046,0.00386305,0,0.00999504,28,7.1,1.99359,1.07774,1,0.0234725,-0.490108,0,-0.0313744,-0.0165328,0,0.0106409,29,7.1,2.99983,0.0234016,1,0.00120699,0.211841,0,-0.00536442,0.993342,0,0.00592112,30,7.1,-0.986192,-2.99998,1,0.491833,-0.000232458,0,-0.0858903,0.00181794,0,0.00645699,31,7.1,-1.01404,-2.08913,1,-0.0418363,-0.290436,0,0.267379,-0.390977,0,0.0107233,32,7.1,-2.99842,-0.73036,1,-0.00119917,-0.486027,0,-0.0038594,-0.0706241,0,0.0113412,33,7.1,2.05759,-2.31098e-05,1,0.20445,-0.000442466,0,0.492364,-0.00674085,0,0.0113452,34,7.1,0.994816,-2.3982,1,0.00702497,0.498889,0,0.00590831,-0.0270009,0,0.00965267,35,7.1,-2.05215,-2.07796,1,0.23176,-0.405183,0,-0.455394,-0.766814,0,0.00924671
0,7.2,0.438766,0.965765,1,0.5,-0.167903,0,-1.43051e-05,-0.436842,0,0.0117777,1,7.2,-0.00278193,-2.87855,1,0.00287576,0.323981,0,0.0146487,0.260949,0,0.0109971,2,7.2,-1.00147,2.50922,1,0.000706315,-0.5,0,0.00548363,0,0,0.00830997,3,7.2,0.978765,2.9963,1,-0.485989,0.001055,0,-0.164181,0.0119209,0,0.0062832,4,7.2,0.169569,-0.108683,1,-0.371314,-0.458667,0,0.41014,-0.436917,0,0.0155291,5,7.2,-0.128954,-1.99984,1,-0.362128,0.000846386,0,-0.0296611,0.00137091,0,0.0143839,6,7.2,1.98455,3,1,-0.479004,0,0,-0.142455,0,0,0.00481501,7,7.2,-1.01846,1.49813,1,0.0222027,-0.500003,0,0.0473261,5.96046e-05,0,0.00817097,8,7.2,-1.24119,-1.02364,1,0.456637,0.0386178,0,-0.248253,0.015378,0,0.00880952,9,7.2,-2.21482,-1.00118,1,0.438446,-0.00254512,0,-0.306606,0.0154972,0,0.00898474,10,7.2,1.71094,-1.98041,1,0.48573,-0.0990301,0,-0.139415,0.261426,0,0.00849466,11,7.2,1.51387,-2.99886,1,-0.0526935,0.00823736,0,0.999987,0.0106096,0,0.0091637,12,7.2,0.999387,2.00289,1,0.00216961,-0.000303984,0,-0.00172853,-0.0209808,0,0.0104717,13,7.2,-2.38666,2.03085,1,0.499201,-0.0166476,0,-0.0162125,-0.0953674,0,0.00830906,14,7.2,-2,1.43312,1,-2.98023e-06,-0.500003,0,0,5.96046e-05,0,0.00866152,15,7.2,1.9999,-0.997608,1,0.0013262,0.00555813,0,-0.00321865,-0.0337064,0,0.00928359,16,7.2,-0.0292657,3,1,-0.5,0,0,0,0,0,0.00620822,17,7.2,-2.53944,-2.93832,1,-0.5,-0.182462,0,0,0.344038,0,0.00733191,18,7.2,-1,-0.297921,1,4.17233e-05,0.490074,0,0,-0.118464,0,0.00926624,19,7.2,0.926312,-0.43146,1,-0.0991538,0.5,0,-0.887454,-1.43051e-05,0,0.0139798,20,7.2,2.99818,-2.11255,1,0.0178456,0.346112,0,-0.113964,-0.472546,0,0.00547112,21,7.2,2.95774,1.13105,1,0.174433,0.463867,0,-0.460148,0.452936,0,0.00507046,22,7.2,2.11202,2.01023,1,-0.345236,-0.0160694,0,0.472903,-0.0425577,0,0.00809624,23,7.2,0.427535,-0.969059,1,0.5,-0.150937,0,-1.43051e-05,0.359744,0,0.0113798,24,7.2,-0.000951274,2.01316,1,0.00249505,-0.0197589,0,0.000411877,-0.0629425,0,0.0088842,25,7.2,2.99798,-0.999998,1,0.00572205,-5.96046e-06,0,-0.00607967,0,0,0.00600575,26,7.2,-0.451176,1.01462,1,0.5,0.0127763,0,-1.43051e-05,-0.151098,0,0.011819,27,7.2,-2.00153,0.376082,1,0.00160336,-0.498455,0,0.0038147,0.0308901,0,0.00892991,28,7.2,1.99577,1.02872,1,0.0200421,-0.489441,0,-0.0368357,0.0346601,0,0.0109502,29,7.2,2.99992,0.0494992,1,0.000721216,0.309344,0,-0.00429153,0.946732,0,0.00599527,30,7.2,-0.937535,-2.99999,1,0.480285,-8.34465e-05,0,-0.147134,0.00119209,0,0.00660525,31,7.2,-1.01699,-2.11994,1,-0.0181943,-0.323701,0,0.206113,-0.269413,0,0.0107764,32,7.2,-2.99856,-0.779386,1,-0.001508,-0.494589,0,-0.0025034,-0.0783205,0,0.0104942,33,7.2,2.0806,-0.000109785,1,0.25627,-0.00137411,0,0.52464,-0.0117216,0,0.00949883,34,7.2,0.995541,-2.34852,1,0.00739396,0.493771,0,0.00160933,-0.0786781,0,0.010757,35,7.2,-2.03121,-2.12179,1,0.187498,-0.465864,0,-0.428557,-0.441551,0,0.00952875
0,7.3,0.488766,0.946731,1,0.5,-0.213164,0,1.78814e-06,-0.460409,0,0.0117777,1,7.3,-0.00243253,-2.845,1,0.00400748,0.345238,0,0.00835685,0.161141,0,0.0109971,2,7.3,-1.00138,2.45922,1,0.00117198,-0.5,0,0.0038594,0,0,0.00830997,3,7.3,0.92951,2.99646,1,-0.49743,0.00208579,0,-0.0640377,0.00877678,0,0.0062832,4,7.3,0.134525,-0.156311,1,-0.329249,-0.489767,0,0.42865,-0.190332,0,0.0155291,5,7.3,-0.165253,-1.99975,1,-0.363119,0.000891648,0,0.0140919,-0.000230968,0,0.0143839,6,7.3,1.93598,3,1,-0.491747,0,0,-0.101864,0,0,0.00481501,7,7.3,-1.01605,1.44813,1,0.0256404,-0.5,0,0.0223219,7.45058e-06,0,0.00817097,8,7.3,-1.19693,-1.01974,1,0.427051,0.0390794,0,-0.339836,-0.00539422,0,0.00880952,9,7.3,-2.17265,-1.00136,1,0.403657,-0.00113305,0,-0.38518,0.0127479,0,0.00898474,10,7.3,1.75862,-1.98906,1,0.46606,-0.0746083,0,-0.251263,0.22696,0,0.00849466,11,7.3,1.5136,-2.99801,1,0.047306,0.00848621,0,1,-0.00473857,0,0.0091637,12,7.3,0.999593,2.00277,1,0.00194646,-0.00209436,0,-0.00265986,-0.0149012,0,0.0104717,13,7.3,-2.33689,2.02875,1,0.495353,-0.0250567,0,-0.0660866,-0.0726432,0,0.00830906,14,7.3,-2,1.38318,1,-2.98023e-06,-0.497942,0,0,0.0445694,0,0.00866152,15,7.3,2.00002,-0.997211,1,0.0010049,0.00246577,0,-0.0031665,-0.0280365,0,0.00928359,16,7.3,-0.0792657,3,1,-0.5,0,0,8.9407e-07,0,0,0.00620822,17,7.3,-2.58943,-2.95488,1,-0.499455,-0.149136,0,0.0162423,0.321314,0,0.00733191,18,7.3,-1,-0.249704,1,3.94881e-05,0.472366,0,-4.47035e-05,-0.233205,0,0.00926624,19,7.3,0.911744,-0.381637,1,-0.193724,0.494779,0,-0.979777,-0.101728,0,0.0139798,20,7.3,2.99945,-2.08036,1,0.00820942,0.297242,0,-0.0795275,-0.50056,0,0.00547112,21,7.3,2.97296,1.17917,1,0.130731,0.493562,0,-0.411704,0.157766,0,0.00507046,22,7.3,2.07992,2.00845,1,-0.296352,-0.0190251,0,0.50047,-0.0175536,0,0.00809624,23,7.3,0.477535,-0.982417,1,0.5,-0.11686,0,1.78814e-06,0.321388,0,0.0113798,24,7.3,-0.00070306,2.01093,1,0.00243831,-0.024233,0,-0.00144433,-0.027895,0,0.0088842,25,7.3,2.99852,-0.999998,1,0.00500008,-5.86733e-06,0,-0.00816584,3.72529e-06,0,0.00600575,26,7.3,-0.401203,1.01521,1,0.499077,-0.000309013,0,-0.0234842,-0.111543,0,0.011819,27,7.3,-2.00135,0.326474,1,0.00190102,-0.492747,0,0.00219047,0.0877045,0,0.00892991,28,7.3,1.99759,0.979964,1,0.0163289,-0.485446,0,-0.03732,0.0505,0,0.0109502,29,7.3,2.99997,0.0849519,1,0.00035204,0.396766,0,-0.00311434,0.772096,0,0.00599527,30,7.3,-0.890238,-3,1,0.465521,9.68575e-06,0,-0.154659,0.000685453,0,0.00660525,31,7.3,-1.01788,-2.15349,1,-0.000511296,-0.345512,0,0.148706,-0.163913,0,0.0107764,32,7.3,-2.99872,-0.829128,1,-0.00169054,-0.499288,0,-0.00119209,-0.0210069,0,0.0104942,33,7.3,2.10887,-0.000432554,1,0.30915,-0.00618074,0,0.523731,-0.0778028,0,0.00949883,34,7.3,0.996282,-2.29964,1,0.00737738,0.482682,0,-0.00181794,-0.145644,0,0.010757,35,7.3,-2.01453,-2.17004,1,0.146749,-0.494293,0,-0.386149,-0.145629,0,0.00952875
0,7.4,0.538766,0.92313,1,0.5,-0.258523,0,2.98023e-05,-0.44018,0,0.0141739,1,7.4,-0.00199785,-2.80986,1,0.00461561,0.355738,0,0.0041193,0.0473261,0,0.0114121,2,7.4,-1.00125,2.40922,1,0.00148416,-0.5,0,0.00244379,0,0,0.00850235,3,7.4,0.879584,2.99671,1,-0.5,0.00282526,0,-2.98023e-05,0.00596046,0,0.00648281,4,7.4,0.103756,-0.205904,1,-0.286056,-0.499165,0,0.432994,-0.0166893,0,0.0146135,5,7.4,-0.201394,-1.99967,1,-0.358611,0.000840425,0,0.0788045,-0.000476837,0,0.0154446,6,7.4,1.88641,3,1,-0.498402,0,0,-0.0319481,0,0,0.00450577,7,7.4,-1.01341,1.39813,1,0.026837,-0.500003,0,0.0025034,5.96046e-05,0,0.00771188,8,7.4,-1.15605,-1.01589,1,0.389391,0.0376821,0,-0.409782,-0.0218749,0,0.00938912,9,7.4,-2.13431,-1.00142,1,0.362188,2.98023e-06,0,-0.440598,0.0100136,0,0.00819227,10,7.4,1.8038,-1.99545,1,0.436047,-0.0536323,0,-0.345886,0.192523,0,0.00862945,11,7.4,1.52333,-2.9972,1,0.147307,0.0074625,0,0.999987,-0.0150204,0,0.00807643,12,7.4,0.999773,2.00249,1,0.00165254,-0.0033021,0,-0.00321865,-0.00941753,0,0.00961591,13,7.4,-2.28781,2.02592,1,0.485104,-0.0311553,0,-0.142336,-0.0492334,0,0.00836768,14,7.4,-2,1.33371,1,-2.98023e-06,-0.490507,0,5.96046e-05,0.106514,0,0.00846959,15,7.4,2.0001,-0.997095,1,0.000697374,-3.57628e-05,0,-0.00286102,-0.0219643,0,0.00801239,16,7.4,-0.129266,3,1,-0.5,0,0,7.15256e-06,0,0,0.00618556,17,7.4,-2.63922,-2.96824,1,-0.495726,-0.118405,0,0.0636578,0.292301,0,0.00818212,18,7.4,-0.999997,-0.203805,1,3.42727e-05,0.443965,0,-8.9407e-05,-0.331968,0,0.0101031,19,7.4,0.88748,-0.332817,1,-0.291064,0.480181,0,-0.950724,-0.187665,0,0.0139396,20,7.4,2.99993,-2.05316,1,0.00177026,0.246805,0,-0.0501871,-0.504255,0,0.00541359,21,7.4,2.98407,1.22898,1,0.0924468,0.5,0,-0.352502,0,0,0.00568056,22,7.4,2.0528,2.00649,1,-0.245947,-0.0197649,0,0.503898,0.00178814,0,0.00991116,23,7.4,0.527535,-0.992563,1,0.5,-0.0867218,0,2.98023e-05,0.281125,0,0.0114384,24,7.4,-0.000468809,2.00841,1,0.0022254,-0.0256002,0,-0.00272394,-0.000834465,0,0.00872007,25,7.4,2.99898,-0.999999,1,0.00412464,-5.96046e-06,0,-0.00917912,2.98023e-05,0,0.00712893,26,7.4,-0.351486,1.01468,1,0.494426,-0.00971556,0,-0.0732839,-0.0774264,0,0.0119469,27,7.4,-2.00115,0.277762,1,0.0020504,-0.480197,0,0.000715256,0.166021,0,0.00910684,28,7.4,1.99903,0.931735,1,0.0126034,-0.47842,0,-0.0370741,0.0939667,0,0.0113812,29,7.4,3,0.128026,1,9.53674e-05,0.459791,0,-0.00202656,0.478275,0,0.0056509,30,7.4,-0.844515,-2.99999,1,0.448248,6.55651e-05,0,-0.195354,0.000238419,0,0.00725221,31,7.4,-1.01727,-2.18866,1,0.0117809,-0.35606,0,0.0982285,-0.0455379,0,0.00994736,32,7.4,-2.99889,-0.87911,1,-0.00175834,-0.5,0,-0.000119209,-2.98023e-05,0,0.00858963,33,7.4,2.14234,-0.00150313,1,0.359368,-0.0157259,0,0.473142,-0.10762,0,0.0100151,34,7.4,0.997006,-2.25223,1,0.00705421,0.464267,0,-0.00455976,-0.223875,0,0.0106149,35,7.4,-2.00172,-2.21988,1,0.110307,-0.5,0,-0.342488,0,0,0.00916236
0,7.5,0.588766,0.895066,1,0.5,-0.302762,0,0,-0.441298,0,0.0141739,1,7.5,-0.00152403,-2.77418,1,0.004786,0.356413,0,-0.000366983,-0.0348687,0,0.0114121,2,7.5,-1.00109,2.35934,1,0.00166036,-0.496444,0,0.00111759,0.0724047,0,0.00850235,3,7.5,0.829584,2.99701,1,-0.5,0.00329353,0,0,0.00347197,0,0.00648281,4,7.5,0.0772949,-0.255872,1,-0.243418,-0.499948,0,0.418454,-0.00208706,0,0.0146135,5,7.5,-0.236801,-1.99959,1,-0.348853,0.000732392,0,0.118699,-0.00149012,0,0.0154446,6,7.5,1.83647,3,1,-0.4999,0,0,-0.00399351,0,0,0.00450577,7,7.5,-1.01074,1.34818,1,0.0263149,-0.49819,0,-0.0122413,0.0425205,0,0.00771188,8,7.5,-1.11924,-1.01225,1,0.346042,0.0348756,0,-0.454076,-0.0336543,0,0.00938912,9,7.5,-2.10035,-1.00137,1,0.316502,0.000870787,0,-0.469923,0.00735372,0,0.00819227,10,7.5,1.84555,-1.9999,1,0.397776,-0.0360742,0,-0.416704,0.158817,0,0.00862945,11,7.5,1.54297,-2.99654,1,0.244196,0.00571609,0,0.926435,-0.0194311,0,0.00807643,12,7.5,0.999922,2.00212,1,0.00132043,-0.00399314,0,-0.00337511,-0.00457466,0,0.00961591,13,7.5,-2.2402,2.0226,1,0.46516,-0.0348017,0,-0.253782,-0.0243187,0,0.00836768,14,7.5,-2,1.2853,1,1.86265e-06,-0.476415,0,2.98023e-05,0.176974,0,0.00846959,15,7.5,2.00016,-0.997198,1,0.000428036,-0.00191871,0,-0.0025183,-0.0157654,0,0.00801239,16,7.5,-0.179266,3,1,-0.5,0,0,0,0,0,0.00618556,17,7.5,-2.68837,-2.97867,1,-0.486108,-0.0908028,0,0.13198,0.259057,0,0.00818212,18,7.5,-0.999994,-0.161229,1,2.52388e-05,0.40608,0,-9.31323e-05,-0.420505,0,0.0101031,19,7.5,0.853814,-0.285881,1,-0.37961,0.457179,0,-0.79428,-0.268963,0,0.0139396,20,7.5,2.9999,-2.03097,1,-0.00206828,0.197159,0,-0.0276268,-0.485361,0,0.00541359,21,7.5,2.99166,1.27898,1,0.060444,0.5,0,-0.286981,0,0,0.00568056,22,7.5,2.0307,2.00455,1,-0.196354,-0.0188489,0,0.48466,0.0156909,0,0.00991116,23,7.5,0.577533,-0.999905,1,0.499888,-0.0608681,0,-0.00448525,0.236347,0,0.0114384,24,7.5,-0.000261319,2.00536,1,0.00191203,-0.0396417,0,-0.00346722,-0.253595,0,0.00872007,25,7.5,2.99934,-0.999999,1,0.00319593,-3.44589e-06,0,-0.00925362,1.86265e-05,0,0.00712893,26,7.5,-0.302252,1.01338,1,0.491588,-0.0158586,0,0.00697374,-0.0463277,0,0.0119469,27,7.5,-2.00095,0.23076,1,0.00205971,-0.458031,0,-0.000461936,0.274264,0,0.00910684,28,7.5,2.00011,0.884193,1,0.00909362,-0.473807,0,-0.0333115,0.0100695,0,0.0113812,29,7.5,3,0.175872,1,-6.70552e-05,0.492163,0,-0.0012517,0.181998,0,0.0056509,30,7.5,-0.800706,-2.99999,1,0.427477,7.86036e-05,0,-0.223115,1.49012e-05,0,0.00725221,31,7.5,-1.01567,-2.22436,1,0.0194935,-0.356475,0,0.0572577,0.0382662,0,0.00994736,32,7.5,-2.99907,-0.92911,1,-0.00172891,-0.5,0,0.000670552,0,0,0.00858963,33,7.5,2.1807,-0.0035066,1,0.407811,-0.0233351,0,0.474066,-0.0470964,0,0.0100151,34,7.5,0.997685,-2.20709,1,0.00648675,0.436854,0,-0.00665709,-0.320897,0,0.0106149,35,7.5,-1.99232,-2.26988,1,0.0783889,-0.5,0,-0.296019,0,0,0.00916236
0,7.6,0.638766,0.862606,1,0.5,-0.346144,0,2.98023e-05,-0.423282,0,0.0138742,1,7.6,-0.00105231,-2.73886,1,0.0046053,0.348651,0,-0.00296079,-0.120521,0,0.0111803,2,7.6,-1.00092,2.31018,1,0.00171661,-0.485325,0,5.96046e-05,0.150323,0,0.00843835,3,7.6,0.779584,2.99736,1,-0.5,0.00354052,0,-2.98023e-05,0.0013113,0,0.00752162,4,7.6,0.0550118,-0.30587,1,-0.202608,-0.5,0,0.396615,0,0,0.0131929,5,7.6,-0.271011,-1.99952,1,-0.334504,0.000578165,0,0.16956,-0.00149012,0,0.0141857,6,7.6,1.78647,3,1,-0.500003,0,0,5.96046e-05,0,0,0.00436011,7,7.6,-1.00819,1.29869,1,0.0245214,-0.490442,0,-0.0229478,0.116587,0,0.00761627,8,7.6,-1.08696,-1.00895,1,0.299197,0.0310719,0,-0.479579,-0.0419021,0,0.00928403,9,7.6,-2.07107,-1.00125,1,0.268817,0.0014782,0,-0.480652,0.00488758,0,0.00804767,10,7.6,1.88315,-2.00277,1,0.35331,-0.0218153,0,-0.469506,0.1266,0,0.0087853,11,7.6,1.57182,-2.99607,1,0.330582,0.00365973,0,0.792503,-0.0212193,0,0.00903701,12,7.6,1.00004,2.00171,1,0.000986457,-0.00424981,0,-0.00333786,-0.000596046,0,0.009738,13,7.6,-2.19512,2.01904,1,0.434923,-0.0361383,0,-0.347853,-0.00298023,0,0.00938459,14,7.6,-2,1.23867,1,2.98023e-06,-0.454897,0,5.96046e-05,0.253856,0,0.00793022,15,7.6,2.00019,-0.997459,1,0.000196695,-0.00320822,0,-0.00214577,-0.0100732,0,0.0087366,16,7.6,-0.229266,3,1,-0.5,0,0,-7.15256e-06,0,0,0.00493354,17,7.6,-2.73619,-2.98651,1,-0.46882,-0.0667036,0,0.215292,0.222325,0,0.00684584,18,7.6,-0.999992,-0.122833,1,1.63913e-05,0.360865,0,-8.9407e-05,-0.479016,0,0.00916347,19,7.6,0.812297,-0.241619,1,-0.446279,0.427042,0,-0.528574,-0.330634,0,0.0131084,20,7.6,2.99958,-2.01363,1,-0.00395775,0.150323,0,-0.0110865,-0.448942,0,0.00529569,21,7.6,2.99638,1.32898,1,0.0350952,0.500003,0,-0.219941,-5.96046e-05,0,0.00604187,22,7.6,2.01343,2.00276,1,-0.149602,-0.0167906,0,0.447989,0.0249147,0,0.00939159,23,7.6,0.627464,-1.00488,1,0.498207,-0.0393689,0,-0.035882,0.194132,0,0.00992874,24,7.6,-8.81542e-05,1.99989,1,0.00154585,-0.0716239,0,-0.0037938,-0.365615,0,0.0111868,25,7.6,2.99962,-1,1,0.00230074,-1.49012e-06,0,-0.00858307,0,0,0.00595431,26,7.6,-0.25299,1.0116,1,0.49415,-0.0191569,0,0.0371259,-0.020504,0,0.0145507,27,7.6,-2.00075,0.186485,1,0.00196695,-0.425969,0,-0.00154972,0.36376,0,0.00832057,28,7.6,2.00086,0.836806,1,0.00591874,-0.474274,0,-0.0305176,-0.00992417,0,0.0103977,29,7.6,2.99999,0.225633,1,-0.000160933,0.5,0,-0.000596046,0,0,0.00584823,30,7.6,-0.75914,-2.99998,1,0.403133,7.7486e-05,0,-0.265628,-0.000238419,0,0.00757314,31,7.6,-1.0135,-2.25967,1,0.0234753,-0.348306,0,0.0234246,0.125289,0,0.0113228,32,7.6,-2.99924,-0.97911,1,-0.00162721,-0.5,0,0.00119209,-2.98023e-05,0,0.00829215,33,7.6,2.22371,-0.00599305,1,0.450766,-0.0256261,0,0.372529,-0.00100117,0,0.0081219,34,7.6,0.998298,-2.16515,1,0.00574738,0.400788,0,-0.00804663,-0.397086,0,0.0113779,35,7.6,-1.98589,-2.31988,1,0.0510693,-0.5,0,-0.250638,0,0,0.0099686
0,7.7,0.688491,0.825646,1,0.491894,-0.394442,0,-0.156131,-0.508461,0,0.0138742,1,7.7,-0.000611354,-2.70467,1,0.00417307,0.334325,0,-0.00541312,-0.166744,0,0.0111803,2,7.7,-1.00075,2.26253,1,0.00168011,-0.46649,0,-0.000759959,0.226557,0,0.00843835,3,7.7,0.729584,2.99772,1,-0.5,0.0035882,0,0,-0.000298023,0,0.00752162,4,7.7,0.0366848,-0.35587,1,-0.164442,-0.5,0,0.366011,3.57628e-06,0,0.0131929,5,7.7,-0.303586,-1.99947,1,-0.316687,0.000398792,0,0.188652,-0.0019595,0,0.0141857,6,7.7,1.73647,3,1,-0.5,0,0,7.45058e-06,0,0,0.00436011,7,7.7,-1.00586,1.25043,1,0.0218485,-0.472909,0,-0.0299364,0.231601,0,0.00761627,8,7.7,-1.05946,-1.00606,1,0.250768,0.0266211,0,-0.48539,-0.0465289,0,0.00928403,9,7.7,-2.04659,-1.00108,1,0.220991,0.00184979,0,-0.47271,0.00261515,0,0.00804767,10,7.7,1.91607,-2.00437,1,0.30455,-0.0106841,0,-0.50129,0.0965595,0,0.0087853,11,7.7,1.60844,-2.99581,1,0.398027,0.00159517,0,0.557907,-0.0198781,0,0.00903701,12,7.7,1.00012,2.00129,1,0.000667758,-0.00415295,0,-0.00301749,0.00238419,0,0.009738,13,7.7,-2.15349,2.01544,1,0.396488,-0.035559,0,-0.418007,0.014022,0,0.00938459,14,7.7,-2,1.19461,1,7.07805e-06,-0.424812,0,1.49012e-05,0.344172,0,0.00793022,15,7.7,2.0002,-0.997821,1,7.07805e-06,-0.00395933,0,-0.00165403,-0.00510737,0,0.0087366,16,7.7,-0.279266,3,1,-0.5,0,0,2.68221e-06,0,0,0.00493354,17,7.7,-2.78181,-2.99214,1,-0.441736,-0.0463732,0,0.322625,0.184119,0,0.00684584,18,7.7,-0.999991,-0.0891966,1,7.91624e-06,0.311409,0,-7.82311e-05,-0.506152,0,0.00916347,19,7.7,0.765535,-0.20065,1,-0.484154,0.391581,0,-0.240587,-0.375629,0,0.0131084,20,7.7,2.99915,-2.00076,1,-0.00447109,0.107913,0,8.9407e-05,-0.397712,0,0.00529569,21,7.7,2.9989,1.37898,1,0.0163704,0.5,0,-0.155896,-7.45058e-06,0,0.00604187,22,7.7,2.00063,2.00122,1,-0.107295,-0.0140345,0,0.396624,0.0296012,0,0.00939159,23,7.7,0.677017,-1.00791,1,0.49187,-0.0219552,0,-0.0949912,0.154637,0,0.00992874,24,7.7,4.71466e-05,1.99064,1,0.00115475,-0.115411,0,-0.00411599,-0.490218,0,0.0111868,25,7.7,2.99981,-1,1,0.00150055,-1.49012e-06,0,-0.00736117,0,0,0.00595431,26,7.7,-0.203369,1.00962,1,0.498203,-0.0203256,0,0.0339643,-0.00359118,0,0.0145507,27,7.7,-2.00056,0.145823,1,0.00178292,-0.386207,0,-0.00208616,0.428506,0,0.00832057,28,7.7,2.00131,0.789104,1,0.00322536,-0.481369,0,-0.023514,-0.107765,0,0.0103977,29,7.7,2.99997,0.275633,1,-0.000198185,0.5,0,-0.000178814,-8.9407e-07,0,0.00584823,30,7.7,-0.720172,-2.99997,1,0.37599,5.36442e-05,0,-0.279188,-0.000238419,0,0.00757314,31,7.7,-1.01107,-2.2938,1,0.0245981,-0.33358,0,-2.98023e-05,0.170097,0,0.0113228,32,7.7,-2.99939,-1.02911,1,-0.00148416,-0.5,0,0.00163913,7.45058e-06,0,0.00829215,33,7.7,2.27042,-0.0085042,1,0.480928,-0.0240788,0,0.225529,0.0301078,0,0.0081219,34,7.7,0.998831,-2.12715,1,0.0049063,0.358401,0,-0.0086762,-0.447556,0,0.0113779,35,7.7,-1.98195,-2.36988,1,0.0284702,-0.5,0,-0.202134,0,0,0.0099686
0,7.8,0.736683,0.78374,1,0.469925,-0.442336,0,-0.277787,-0.428617,0,0.0148771,1,7.8,-0.0002233,-2.67215,1,0.00357176,0.315225,0,-0.0063928,-0.215411,0,0.0110205,2,7.8,-1.00058,2.21714,1,0.00157356,-0.440061,0,-0.00137091,0.30148,0,0.00842125,3,7.8,0.679584,2.99807,1,-0.5,0.00348687,0,-2.98023e-05,-0.00143051,0,0.00650872,4,7.8,0.0220148,-0.40587,1,-0.129529,-0.5,0,0.331722,-1.43051e-05,0,0.0130304,5,7.8,-0.334268,-1.99944,1,-0.296477,0.000214577,0,0.216663,-0.00166893,0,0.0162744,6,7.8,1.68647,3,1,-0.500003,0,0,5.96046e-05,0,0,0.00543135,7,7.8,-1.00384,1.20447,1,0.0186384,-0.444654,0,-0.0337958,0.330806,0,0.00865882,8,7.8,-1.03679,-1.00363,1,0.20279,0.0218749,0,-0.471175,-0.0479221,0,0.009034,9,7.8,-2.02682,-1.00089,1,0.174856,0.00201166,0,-0.447512,0.000715256,0,0.00985732,10,7.8,1.944,-2.005,1,0.25388,-0.00240207,0,-0.508308,0.0698566,0,0.00790212,11,7.8,1.65066,-2.99574,1,0.442541,-0.000286102,0,0.334561,-0.0175238,0,0.0091203,12,7.8,1.00017,2.00089,1,0.00038743,-0.00380278,0,-0.002563,0.00441074,0,0.00887658,13,7.8,-2.11602,2.01198,1,0.35193,-0.0334501,0,-0.470161,0.0275373,0,0.010223,14,7.8,-2,1.15398,1,8.9407e-06,-0.386789,0,0,0.412762,0,0.00788701,15,7.8,2.0002,-0.998236,1,-0.000137091,-0.00426024,0,-0.00107288,-0.00104308,0,0.00839311,16,7.8,-0.329266,3,1,-0.5,0,0,-1.43051e-05,0,0,0.00559494,17,7.8,-2.82422,-2.99592,1,-0.405055,-0.0298738,0,0.407219,0.145793,0,0.00693686,18,7.8,-0.99999,-0.0606032,1,1.49012e-06,0.260382,0,-8.9407e-05,-0.510879,0,0.00891489,19,7.8,0.716287,-0.163424,1,-0.497586,0.352478,0,-0.0482798,-0.403769,0,0.0133713,20,7.8,2.99872,-1.99186,1,-0.00407696,0.0710279,0,0.00715256,-0.33915,0,0.00609852,21,7.8,2.99986,1.42898,1,0.00362396,0.500003,0,-0.100732,-5.96046e-05,0,0.00555025,22,7.8,1.99179,1.99997,1,-0.0705183,-0.0109762,0,0.337899,0.0311732,0,0.00953152,23,7.8,0.725604,-1.0094,1,0.478546,-0.00833571,0,-0.173986,0.118315,0,0.00904087,24,7.8,0.000140917,1.97658,1,0.000707834,-0.166103,0,-0.00488267,-0.507891,0,0.0151537,25,7.8,2.99992,-1,1,0.000840425,-1.49012e-06,0,-0.00572205,2.98023e-05,0,0.0059609,26,7.8,-0.153433,1.00759,1,0.49995,-0.0200093,0,0.000997782,0.00923872,0,0.0145296,27,7.8,-2.00039,0.10943,1,0.00155568,-0.340885,0,-0.0025034,0.474747,0,0.00844259,28,7.8,2.00153,0.740418,1,0.00118017,-0.492108,0,-0.0174046,-0.0939667,0,0.0103087,29,7.8,2.99995,0.325633,1,-0.000196695,0.5,0,0.000238419,-1.43051e-05,0,0.00645757,30,7.8,-0.684004,-2.99997,1,0.346985,2.38419e-05,0,-0.302017,-0.000119209,0,0.00892945,31,7.8,-1.00865,-2.32623,1,0.0236571,-0.314182,0,-0.0180602,0.217915,0,0.0097585,32,7.8,-2.99953,-1.07911,1,-0.00130534,-0.500003,0,0.00190735,5.96046e-05,0,0.0103728,33,7.8,2.31939,-0.0107229,1,0.495952,-0.0199499,0,0.0809431,0.0508562,0,0.00853385,34,7.8,0.999278,-2.0936,1,0.00402778,0.311899,0,-0.00879169,-0.479221,0,0.011424,35,7.8,-1.98004,-2.41988,1,0.0104874,-0.5,0,-0.158429,0,0,0.00891364
0,7.9,0.782128,0.737644,1,0.437508,-0.476741,0,-0.365783,-0.25871,0,0.0148771,1,7.9,9.9876e-05,-2.64168,1,0.002877,0.294432,0,-0.0072839,-0.205472,0,0.0110205,2,7.9,-1.00043,2.17478,1,0.00141375,-0.405729,0,-0.00178814,0.381202,0,0.00842125,3,7.9,0.629584,2.99841,1,-0.5,0.0032872,0,0,-0.0025034,0,0.00650872,4,7.9,0.0106573,-0.45587,1,-0.0982621,-0.5,0,0.293345,1.78814e-06,0,0.0130304,5,7.9,-0.362887,-1.99943,1,-0.276299,3.14787e-05,0,0.192715,-0.00185519,0,0.0162744,6,7.9,1.63647,3,1,-0.5,0,0,7.45058e-06,0,0,0.00543135,7,7.9,-1.00214,1.16182,1,0.0152029,-0.406861,0,-0.0345558,0.419803,0,0.00865882,8,7.9,-1.01882,-1.00168,1,0.157174,0.0171402,0,-0.438727,-0.0463948,0,0.009034,9,7.9,-2.01151,-1.00069,1,0.132032,0.00200532,0,-0.4071,-0.00077486,0,0.00985732,10,7.9,1.96686,-2.00493,1,0.203699,0.00338443,0,-0.491872,0.0465661,0,0.00790212,11,7.9,1.69624,-2.99586,1,0.465672,-0.00189729,0,0.130571,-0.014618,0,0.0091203,12,7.9,1.0002,2.00053,1,0.000155531,-0.00329316,0,-0.00206381,0.00566244,0,0.00887658,13,7.9,-2.08325,2.00879,1,0.303143,-0.0301689,0,-0.501171,0.0374019,0,0.010223,14,7.9,-2,1.11744,1,8.00937e-06,-0.343215,0,-2.23517e-05,0.455603,0,0.00788701,15,7.9,2.00018,-0.998661,1,-0.000224635,-0.00420073,0,-0.000670552,0.00206754,0,0.00839311,16,7.9,-0.379266,3,1,-0.5,0,0,1.78814e-06,0,0,0.00559494,17,7.9,-2.86257,-2.99824,1,-0.361033,-0.0171505,0,0.469223,0.109136,0,0.00693686,18,7.9,-0.99999,-0.0370997,1,-6.14673e-06,0.209969,0,-6.70552e-05,-0.494084,0,0.00891489,19,7.9,0.66638,-0.130218,1,-0.499849,0.311468,0,-0.00604242,-0.414314,0,0.0133713,20,7.9,2.99835,-1.98635,1,-0.00315458,0.0402821,0,0.0108778,-0.275813,0,0.00609852,21,7.9,2.99979,1.47898,1,-0.00419244,0.5,0,-0.0574589,-7.45058e-06,0,0.00555025,22,7.9,1.98632,1.99902,1,-0.0398938,-0.00790786,0,0.274643,0.0298694,0,0.00953152,23,7.9,0.772402,-1.0097,1,0.455634,0.00175647,0,-0.281129,0.0843704,0,0.00904087,24,7.9,0.000158004,1.95728,1,-0.00062937,-0.220851,0,-0.0206932,-0.568047,0,0.0151537,25,7.9,2.99998,-1,1,0.00034906,9.31323e-07,0,-0.00409782,1.49012e-05,0,0.0059609,26,7.9,-0.103435,1.00565,1,0.499997,-0.0187097,0,0.000125021,0.0163689,0,0.0145296,27,7.9,-2.00025,0.0777677,1,0.00129752,-0.291934,0,-0.00263751,0.500015,0,0.00844259,28,7.9,2.00157,0.690833,1,-0.000294298,-0.498613,0,-0.012219,-0.0356995,0,0.0103087,29,7.9,2.99993,0.375633,1,-0.000165775,0.5,0,0.000372529,0,0,0.00645757,30,7.9,-0.65079,-2.99997,1,0.317506,1.15484e-05,0,-0.28991,-0.00013411,0,0.00892945,31,7.9,-1.00639,-2.35659,1,0.0213321,-0.29325,0,-0.0278801,0.205964,0,0.0097585,32,7.9,-2.99965,-1.12911,1,-0.00110678,-0.5,0,0.00204146,7.45058e-06,0,0.0103728,33,7.9,2.36923,-0.0124499,1,0.499747,-0.0144747,0,0.0101179,0.0577715,0,0.00853385,34,7.9,0.999637,-2.06484,1,0.00316286,0.26321,0,-0.00843778,-0.49074,0,0.011424,35,7.9,-1.97971,-2.46988,1,-0.00335388,-0.5,0,-0.119165,0,0,0.00891364
0,8,0.823938,0.688947,1,0.397673,-0.494626,0,-0.42659,-0.105232,0,0.0102727,1,8,0.00035118,-2.61328,1,0.00215367,0.273323,0,-0.00701444,-0.219941,0,0.010605,2,8,-1.0003,2.13622,1,0.00122488,-0.36459,0,-0.00208616,0.437856,0,0.0081474,3,8,0.579584,2.99872,1,-0.5,0.00299811,0,-2.98023e-05,-0.00333786,0,0.00644672,4,8,0.00223219,-0.50587,1,-0.0708989,-0.5,0,0.253799,-2.98023e-05,0,0.0129455,5,8,-0.389555,-1.99944,1,-0.256968,-0.00013411,0,0.197753,-0.00137091,0,0.0162599,6,8,1.58647,3,1,-0.500003,0,0,5.96046e-05,0,0,0.00479573,7,8,-1.0008,1.12334,1,0.0117868,-0.361696,0,-0.0334084,0.478804,0,0.00824942,8,8,-1.00522,-1.00019,1,0.115466,0.012666,0,-0.393718,-0.0428557,0,0.00900313,9,8,-2.00026,-1.00049,1,0.0937521,0.00187159,0,-0.35733,-0.00184774,0,0.00854042,10,8,1.98482,-2.0044,1,0.156119,0.00704527,0,-0.457048,0.0271797,0,0.00774216,11,8,1.74314,-2.99611,1,0.469235,-0.00318885,0,-0.0560284,-0.0113249,0,0.0094805,12,8,1.00021,2.00023,1,-2.68221e-05,-0.00268817,0,-0.00160933,0.00607967,0,0.0092849,13,8,-2.05546,2.00597,1,0.252515,-0.0261009,0,-0.507593,0.0435114,0,0.00974036,14,8,-2,1.08545,1,5.96046e-06,-0.296292,0,0,0.479698,0,0.00702747,15,8,2.00015,-0.999067,1,-0.000274181,-0.00387728,0,-0.000476837,0.00429153,0,0.00737034,16,8,-0.429266,3,1,-0.5,0,0,1.43051e-05,0,0,0.00627244,17,8,-2.89626,-2.99946,1,-0.312006,-0.00793338,0,0.507236,0.0760555,0,0.00726827,18,8,-0.999991,-0.0185224,1,-1.19209e-05,0.162151,0,-2.98023e-05,-0.459718,0,0.00936854,19,8,0.616383,-0.101145,1,-0.5,0.270015,0,-2.98023e-05,-0.412866,0,0.0112701,20,8,2.99809,-1.9836,1,-0.00197887,0.0158191,0,0.0122786,-0.213921,0,0.00655387,21,8,2.99914,1.52898,1,-0.00821352,0.500003,0,-0.0245571,-5.96046e-05,0,0.00547511,22,8,1.9836,1.99838,1,-0.0155419,-0.00505745,0,0.212848,0.0269413,0,0.0116894,23,8,0.816405,-1.00915,1,0.422961,0.00870526,0,-0.369072,0.0554323,0,0.00857942,24,8,-2.63347e-05,1.93239,1,-0.0032106,-0.276354,0,-0.0298976,-0.527442,0,0.014044,25,8,3,-1,1,1.78814e-05,1.49012e-06,0,-0.0025034,2.98023e-05,0,0.00690412,26,8,-0.0534348,1.00387,1,0.5,-0.0168055,0,1.19209e-06,0.0213981,0,0.0129817,27,8,-2.00013,0.051086,1,0.00103712,-0.241674,0,-0.0026226,0.501506,0,0.00851745,28,8,2.00149,0.640871,1,-0.00129938,-0.5,0,-0.00786781,0,0,0.00915339,29,8,2.99991,0.425633,1,-0.00012517,0.5,0,0.000476837,-1.43051e-05,0,0.00738463,30,8,-0.620484,-2.99997,1,0.288612,0,0,-0.289559,-0.000238419,0,0.00891982,31,8,-1.00441,-2.38487,1,0.0181854,-0.272137,0,-0.0345111,0.219464,0,0.0128203,32,8,-2.99975,-1.17911,1,-0.000905991,-0.500003,0,0.00214577,5.96046e-05,0,0.00699321,33,8,2.41923,-0.0136032,1,0.5,-0.00855797,0,0,0.0598147,0,0.00883604,34,8,0.999912,-2.04096,1,0.0023514,0.214458,0,-0.0077486,-0.481009,0,0.0117515,35,8,-1.98058,-2.51988,1,-0.0134975,-0.5,0,-0.0845194,0,0,0.00844037
0,8.1,0.861509,0.639159,1,0.353211,-0.499636,0,-0.459209,-0.0139996,0,0.0102727,1,8.1,0.00053157,-2.58699,1,0.00145892,0.252956,0,-0.00673061,-0.192776,0,0.010605,2,8.1,-1.00019,2.10201,1,0.00101253,-0.319112,0,-0.00214577,0.468537,0,0.0081474,3,8.1,0.529584,2.99901,1,-0.5,0.00264123,0,2.08616e-06,-0.00375509,0,0.00644672,4,8.1,-0.00366209,-0.55587,1,-0.0477091,-0.499983,0,0.210472,0.000696629,0,0.0129455,5,8.1,-0.414331,-1.99946,1,-0.239094,-0.000272319,0,0.165649,-0.0012815,0,0.0162599,6,8.1,1.53647,3,1,-0.5,0,0,7.45058e-06,0,0,0.00479573,7,8.1,-0.99978,1.08962,1,0.00857059,-0.312243,0,-0.0307113,0.506289,0,0.00824942,8,8.1,-0.995557,-0.999134,1,0.0788026,0.0086355,0,-0.338726,-0.0375919,0,0.00900313,9,8.1,-1.99258,-1.00032,1,0.0608398,0.00164919,0,-0.300534,-0.0025332,0,0.00854042,10,8.1,1.99823,-2.00358,1,0.112847,0.00896528,0,-0.406735,0.0118911,0,0.00774216,11,8.1,1.78947,-2.99648,1,0.45438,-0.00411458,0,-0.233829,-0.00725687,0,0.0094805,12,8.1,1.0002,1.99999,1,-0.000162236,-0.00207312,0,-0.00111014,0.00615418,0,0.0092849,13,8.1,-2.03272,2.00358,1,0.202432,-0.0216097,0,-0.490636,0.0457764,0,0.00974036,14,8.1,-2,1.05823,1,5.21541e-06,-0.247919,0,-1.49012e-05,0.484161,0,0.00702747,15,8.1,2.00012,-0.999431,1,-0.000304356,-0.00337521,0,-0.00013411,0.00562891,0,0.00737034,16,8.1,-0.479266,3,1,-0.5,0,0,-1.78814e-06,0,0,0.00627244,17,8.1,-2.92488,-2.99993,1,-0.260167,-0.00178516,0,0.524282,0.0479817,0,0.00726827,18,8.1,-0.999993,-0.00452794,1,-1.42492e-05,0.118562,0,-1.11759e-05,-0.410412,0,0.00936854,19,8.1,0.566384,-0.0761849,1,-0.5,0.229437,0,0,-0.397436,0,0.0112701,20,8.1,2.99796,-1.98298,1,-0.00076592,-0.0025792,0,0.0117719,-0.155114,0,0.00655387,21,8.1,2.99824,1.57898,1,-0.00953637,0.499881,0,-0.00305474,-0.00473857,0,0.00547511,22,8.1,1.98301,1.998,1,0.00275783,-0.00256952,0,0.154212,0.0227317,0,0.0116894,23,8.1,0.856743,-1.00805,1,0.382756,0.0130266,0,-0.432007,0.0317395,0,0.00857942,24,8.1,-0.000611225,1.90226,1,-0.00946735,-0.324755,0,-0.0888177,-0.438392,0,0.014044,25,8.1,2.99999,-1,1,-0.000168756,3.53903e-06,0,-0.0012964,7.45058e-06,0,0.00690412,26,8.1,-0.00343476,1.0023,1,0.5,-0.0145489,0,-2.98023e-07,0.0235215,0,0.0129817,27,8.1,-2.00004,0.0293996,1,0.000783242,-0.192401,0,-0.00245124,0.480747,0,0.00851745,28,8.1,2.00132,0.590871,1,-0.0019107,-0.5,0,-0.00448525,-7.45058e-06,0,0.00915339,29,8.1,2.9999,0.475633,1,-7.59959e-05,0.5,0,0.000506639,1.78814e-06,0,0.00738463,30,8.1,-0.592965,-2.99997,1,0.262661,-2.01166e-05,0,-0.236217,-0.000149012,0,0.00891982,31,8.1,-1.00276,-2.41105,1,0.014681,-0.251935,0,-0.0353158,0.190184,0,0.0128203,32,8.1,-2.99984,-1.22911,1,-0.000700727,-0.5,0,0.00195205,7.45058e-06,0,0.00699321,33,8.1,2.46923,-0.014163,1,0.5,-0.0026825,0,0,0.0571216,0,0.00883604,34,8.1,1.00011,-2.02188,1,0.00162311,0.167679,0,-0.00679493,-0.451878,0,0.0117515,35,8.1,-1.9823,-2.56988,1,-0.0203151,-0.499903,0,-0.0528097,0.0038594,0,0.00844037
0,8.2,0.894504,0.589166,1,0.306481,-0.5,0,-0.472367,-2.98023e-05,0,0.011046,1,8.2,0.000645299,-2.56265,1,0.00083339,0.233871,0,-0.00567146,-0.192285,0,0.0129408,2,8.2,-1.0001,2.07247,1,0.000801682,-0.271499,0,-0.00208616,0.480533,0,0.00834023,3,8.2,0.479584,2.99925,1,-0.5,0.00225902,0,1.43051e-05,-0.00405312,0,0.00600048,4,8.2,-0.00744919,-0.605859,1,-0.0287055,-0.499721,0,0.170116,0.00557303,0,0.0119348,5,8.2,-0.437426,-1.99949,1,-0.222841,-0.000375509,0,0.163466,-0.000596046,0,0.0155427,6,8.2,1.48647,3,1,-0.500003,0,0,5.96046e-05,0,0,0.00505622,7,8.2,-0.999071,1.06094,1,0.00567883,-0.261185,0,-0.0269413,0.511289,0,0.0079826,8,8.2,-0.989274,-0.998448,1,0.0478357,0.00517219,0,-0.280231,-0.0315905,0,0.00807483,9,8.2,-1.9879,-1.00016,1,0.0336796,0.00137687,0,-0.242651,-0.00292063,0,0.00852076,10,8.2,2.00758,-2.00265,1,0.0750422,0.0095427,0,-0.348449,0.000357628,0,0.00846585,11,8.2,1.83349,-2.99692,1,0.423864,-0.00465512,0,-0.369728,-0.00345707,0,0.00904587,12,8.2,1.00017,1.99982,1,-0.00025332,-0.00147521,0,-0.000596046,0.00584126,0,0.00953893,13,8.2,-2.01488,2.00165,1,0.154996,-0.017035,0,-0.455499,0.0450611,0,0.0107781,14,8.2,-2,1.03584,1,2.98023e-06,-0.200117,0,0,0.46885,0,0.00788024,15,8.2,2.00009,-0.999739,1,-0.000303984,-0.00277609,0,0.000119209,0.00628829,0,0.00849655,16,8.2,-0.529266,3,1,-0.5,0,0,-2.98023e-05,0,0,0.00474888,17,8.2,-2.94828,-2.9999,1,-0.208133,0.00187159,0,0.512123,0.0264645,0,0.00724473,18,8.2,-0.999994,0.0053691,1,-1.49012e-05,0.0803363,0,0,-0.353065,0,0.00732768,19,8.2,0.516383,-0.0551937,1,-0.5,0.190762,0,1.43051e-05,-0.375001,0,0.0112445,20,8.2,2.99794,-1.98393,1,0.000345707,-0.0154287,0,0.0101328,-0.103056,0,0.00548785,21,8.2,2.9973,1.62891,1,-0.00904799,0.498104,0,0.0120401,-0.0379086,0,0.00549112,22,8.2,1.98397,1.99785,1,0.015527,-0.000524521,0,0.102282,0.0181198,0,0.0107926,23,8.2,0.892777,-1.00662,1,0.337182,0.0151992,0,-0.476331,0.0124574,0,0.00888311,24,8.2,-0.00205499,1.86776,1,-0.0198022,-0.363672,0,-0.11258,-0.338674,0,0.0170141,25,8.2,2.99997,-0.999999,1,-0.0002563,4.47035e-06,0,-0.000238419,0,0,0.00583778,26,8.2,0.0465652,1.00096,1,0.5,-0.0121385,0,1.19209e-06,0.0243783,0,0.0113148,27,8.2,-1.99997,0.0125066,1,0.000551343,-0.146091,0,-0.00214577,0.442996,0,0.00827258,28,8.2,2.00111,0.540872,1,-0.00222325,-0.5,0,-0.00178814,-2.98023e-05,0,0.00965678,29,8.2,2.9999,0.525633,1,-2.98023e-05,0.5,0,0.000476837,2.98023e-05,0,0.00948462,30,8.2,-0.567837,-2.99997,1,0.240213,-3.57628e-05,0,-0.217527,-0.000119209,0,0.0096516,31,8.2,-1.00147,-2.43531,1,0.0111669,-0.233161,0,-0.0347495,0.189185,0,0.0123444,32,8.2,-2.9999,-1.27911,1,-0.00051856,-0.500003,0,0.00178814,5.96046e-05,0,0.0108729,33,8.2,2.51923,-0.0141541,1,0.5,0.00276393,0,0,0.0513559,0,0.00768963,34,8.2,1.00024,-2.00731,1,0.000998378,0.124544,0,-0.00578165,-0.408947,0,0.0124019,35,8.2,-1.98455,-2.61982,1,-0.0242472,-0.49845,0,-0.0266433,0.0308752,0,0.00929804
0,8.3,0.922796,0.539166,1,0.259475,-0.5,0,-0.465401,0,0,0.011046,1,8.3,0.000701423,-2.54012,1,0.000303216,0.217371,0,-0.00482731,-0.144631,0,0.0129408,2,8.3,-1.00003,2.04772,1,0.000600517,-0.223621,0,-0.0019148,0.473812,0,0.00834023,3,8.3,0.429585,2.99946,1,-0.499919,0.00185706,0,0.00323907,-0.00394881,0,0.00600048,4,8.3,-0.0095324,-0.655744,1,-0.0135778,-0.497208,0,0.13298,0.0506528,0,0.0119348,5,8.3,-0.45899,-1.99953,1,-0.209206,-0.000434183,0,0.116484,-0.000484288,0,0.0155427,6,8.3,1.43647,3,1,-0.499949,0,0,0.00204146,0,0,0.00505622,7,8.3,-0.99863,1.03736,1,0.00320897,-0.210717,0,-0.0224113,0.494763,0,0.0079826,8,8.3,-0.98579,-0.998078,1,0.0228231,0.00233753,0,-0.220489,-0.0251271,0,0.00807483,9,8.3,-1.98565,-1.00004,1,0.0123044,0.00108015,0,-0.185557,-0.00297278,0,0.00852076,10,8.3,2.01344,-2.00171,1,0.043381,0.0091482,0,-0.284761,-0.0077337,0,0.00846585,11,8.3,1.87386,-2.9974,1,0.382042,-0.00484139,0,-0.460878,-0.000357628,0,0.00904587,12,8.3,1.00015,1.9997,1,-0.000295416,-0.000924431,0,-0.00025332,0.00514835,0,0.00953893,13,8.3,-2.00158,2.00017,1,0.111889,-0.0126693,0,-0.404984,0.0419468,0,0.0107781,14,8.3,-1.99999,1.01813,1,2.23517e-06,-0.154773,0,-1.49012e-05,0.435658,0,0.00788024,15,8.3,2.00006,-0.999985,1,-0.000283122,-0.00214214,0,0.000298023,0.00631437,0,0.00849655,16,8.3,-0.579263,3,1,-0.499881,0,0,0.004787,0,0,0.00474888,17,8.3,-2.96659,-2.99961,1,-0.158503,0.00369735,0,0.476405,0.0109226,0,0.00724473,18,8.3,-0.999995,0.0117418,1,-1.44355e-05,0.048164,0,1.11759e-05,-0.290306,0,0.00732768,19,8.3,0.466383,-0.0379444,1,-0.5,0.154725,0,0,-0.34501,0,0.0112445,20,8.3,2.99802,-1.98591,1,0.00125021,-0.0234311,0,0.00792742,-0.0584498,0,0.00548785,21,8.3,2.99647,1.67844,1,-0.00735521,0.491512,0,0.020951,-0.0979453,0,0.00549112,22,8.3,1.98595,1.99788,1,0.0234619,0.00104532,0,0.0578761,0.0133216,0,0.0107926,23,8.3,0.924064,-1.00506,1,0.288174,0.0156641,0,-0.499643,-0.00241399,0,0.00888311,24,8.3,-0.00474388,1.82975,1,-0.0351629,-0.39589,0,-0.184033,-0.305012,0,0.0170141,25,8.3,2.99994,-0.999999,1,-0.000254065,4.00469e-06,0,0.000268221,-1.11759e-05,0,0.00583778,26,8.3,0.0965652,0.99987,1,0.5,-0.00971956,0,-2.98023e-07,0.0238828,0,0.0113148,27,8.3,-1.99993,2.96021e-05,1,0.000352226,-0.104314,0,-0.00182539,0.391102,0,0.00827258,28,8.3,2.00089,0.490871,1,-0.0022985,-0.5,0,0.000178814,5.66244e-06,0,0.00965678,29,8.3,2.9999,0.575631,1,1.41561e-05,0.499897,0,0.00038743,-0.00414997,0,0.00948462,30,8.3,-0.544782,-2.99997,1,0.221873,-4.39584e-05,0,-0.157129,-2.98023e-05,0,0.0096516,31,8.3,-1.00052,-2.45778,1,0.00790469,-0.217065,0,-0.0305176,0.139937,0,0.0123444,32,8.3,-2.99994,-1.32911,1,-0.000357255,-0.5,0,0.00144541,7.45058e-06,0,0.0108729,33,8.3,2.56922,-0.0136385,1,0.499906,0.00737247,0,-0.00375509,0.0408128,0,0.00768963,34,8.3,1.00031,-1.99681,1,0.000480004,0.0863118,0,-0.00458211,-0.354685,0,0.0124019,35,8.3,-1.98707,-2.66942,1,-0.0258509,-0.492585,0,-0.00621378,0.0911206,0,0.00929804
0,8.4,0.946445,0.489166,1,0.213833,-0.5,0,-0.445426,1.43051e-05,0,0.00962698,1,8.4,0.000709712,-2.51908,1,-0.000114542,0.203758,0,-0.00345719,-0.132442,0,0.00922841,2,8.4,-0.999979,2.02769,1,0.000418723,-0.177324,0,-0.00166893,0.449657,0,0.00973355,3,8.4,0.379635,2.99962,1,-0.498704,0.00147223,0,0.0259131,-0.00369549,0,0.00708606,4,8.4,-0.010283,-0.705096,1,-0.00199685,-0.488596,0,0.0992236,0.125587,0,0.0124337,5,8.4,-0.479357,-1.99957,1,-0.198305,-0.000458956,0,0.106707,0.000119209,0,0.0143227,6,8.4,1.38651,3,1,-0.499186,0,0,0.0162721,0,0,0.00535711,7,8.4,-0.998414,1.01871,1,0.00120252,-0.162819,0,-0.0177622,0.460625,0,0.00838371,8,8.4,-0.984515,-0.997959,1,0.00361949,0.000140071,0,-0.16427,-0.0188947,0,0.00983196,9,8.4,-1.98526,-0.999948,1,-0.00359416,0.000788271,0,-0.133276,-0.00283122,0,0.0092932,10,8.4,2.01646,-2.00084,1,0.0180542,0.00809431,0,-0.221968,-0.0129938,0,0.00724072,11,8.4,1.90965,-2.99788,1,0.332808,-0.00474453,0,-0.518322,0.00238419,0,0.0099529,12,8.4,1.00012,1.99963,1,-0.000306964,-0.000450015,0,0,0.00423193,0,0.00899169,13,8.4,-1.99232,1.9991,1,0.0742614,-0.00869632,0,-0.346541,0.0373125,0,0.00951535,14,8.4,-1.99999,1.00476,1,0,-0.113398,0,0,0.390261,0,0.00698877,15,8.4,2.00004,-1.00017,1,-0.000244379,-0.00152886,0,0.000357628,0.00596046,0,0.00855143,16,8.4,-0.629189,3,1,-0.498086,0,0,0.0383258,0,0,0.00550191,17,8.4,-2.98014,-2.99921,1,-0.113547,0.00420809,0,0.419855,0.000119209,0,0.00609693,18,8.4,-0.999997,0.0152108,1,-1.3411e-05,0.022252,0,2.98023e-05,-0.228239,0,0.00701853,19,8.4,0.416383,-0.024142,1,-0.5,0.121886,0,1.43051e-05,-0.311244,0,0.0111411,20,8.4,2.99818,-1.98848,1,0.00191927,-0.0274092,0,0.00560284,-0.0223517,0,0.00686248,21,8.4,2.99585,1.72697,1,-0.00501275,0.477871,0,0.0253916,-0.177145,0,0.00620961,22,8.4,1.98853,1.99804,1,0.0273883,0.00215173,0,0.0220537,0.00888109,0,0.0105138,23,8.4,0.950374,-1.00353,1,0.238037,0.0148535,0,-0.499487,-0.0131726,0,0.00902579,24,8.4,-0.00922517,1.7887,1,-0.0546922,-0.424534,0,-0.197991,-0.267208,0,0.0140385,25,8.4,2.99992,-0.999998,1,-0.000214577,4.47035e-06,0,0.000596046,-5.96046e-05,0,0.00650271,26,8.4,0.146565,0.999016,1,0.5,-0.00738502,0,0,0.0227094,0,0.0122264,27,8.4,-1.9999,-0.00854207,1,0.000184774,-0.0681004,0,-0.00149012,0.332323,0,0.00842682,28,8.4,2.00066,0.440871,1,-0.00220537,-0.5,0,0.00178814,1.43051e-05,0,0.010599,29,8.4,2.9999,0.625566,1,4.76837e-05,0.49834,0,0.000476837,-0.0332296,0,0.00823096,30,8.4,-0.523333,-2.99998,1,0.207436,-4.76837e-05,0,-0.137299,0,0,0.00857718,31,8.4,-0.999877,-2.47882,1,0.00505745,-0.203943,0,-0.0264049,0.127435,0,0.0128716,32,8.4,-2.99997,-1.37911,1,-0.000232458,-0.500003,0,0.00119209,5.96046e-05,0,0.0092786,33,8.4,2.61917,-0.0127147,1,0.498497,0.0109302,0,-0.0300407,0.0303821,0,0.00652403,34,8.4,1.00034,-1.98985,1,7.7486e-05,0.0537544,0,-0.00345707,-0.295997,0,0.0117543,35,8.4,-1.98966,-2.71809,1,-0.0256419,-0.479466,0,0.00965595,0.174165,0,0.00865153
0,8.5,0.965658,0.439167,1,0.171021,-0.499961,0,-0.409786,0.00156455,0,0.00962698,1,8.5,0.000682237,-2.49922,1,-0.000419933,0.194551,0,-0.00255877,-0.0615567,0,0.00922841,2,8.5,-0.999945,2.01215,1,0.000264216,-0.134249,0,-0.00141189,0.409916,0,0.00973355,3,8.5,0.329973,2.99975,1,-0.493625,0.00112057,0,0.0804178,-0.00333786,0,0.00708606,4,8.5,-0.0100406,-0.753132,1,0.00632723,-0.47022,0,0.0681054,0.239354,0,0.0124337,5,8.5,-0.498792,-1.99962,1,-0.191506,-0.000450201,0,0.0392385,0.000156462,0,0.0143227,6,8.5,1.33674,3,1,-0.495323,0,0,0.0663251,0,0,0.00535711,7,8.5,-0.998374,1.00466,1,-0.000337418,-0.119134,0,-0.0130944,0.411414,0,0.00838371,8,8.5,-0.984886,-0.99803,1,-0.0101785,-0.00145081,0,-0.11288,-0.013046,0,0.00983196,9,8.5,-1.9862,-0.999883,1,-0.0145325,0.000519585,0,-0.086762,-0.00252947,0,0.0092932,10,8.5,2.01726,-2.0001,1,-0.00109896,0.00664927,0,-0.162154,-0.0155568,0,0.00724072,11,8.5,1.94029,-2.99834,1,0.279498,-0.00439659,0,-0.542447,0.00444055,0,0.0099529,12,8.5,1.00009,1.9996,1,-0.000295974,-7.24569e-05,0,0.000201166,0.00331551,0,0.00899169,13,8.5,-1.98652,1.99841,1,0.0427861,-0.00525266,0,-0.282958,0.0314713,0,0.00951535,14,8.5,-1.99999,0.995277,1,-1.86265e-07,-0.0770912,0,-7.45058e-06,0.335086,0,0.00698877,15,8.5,2.00001,-1.00029,1,-0.00020396,-0.000967085,0,0.000424683,0.00524521,0,0.00855143,16,8.5,-0.678716,3,1,-0.491442,0,0,0.0985451,0,0,0.00550191,17,8.5,-2.98951,-2.9988,1,-0.0750169,0.00385866,0,0.349015,-0.00655651,0,0.00609693,18,8.5,-0.999998,0.0163966,1,-1.05239e-05,0.00245536,0,2.6077e-05,-0.168676,0,0.00701853,19,8.5,0.366485,-0.0134434,1,-0.496893,0.0927472,0,0.0640656,-0.271558,0,0.0111411,20,8.5,2.9984,-1.99128,1,0.0023514,-0.0282025,0,0.00309944,0.00508875,0,0.00686248,21,8.5,2.99547,1.77369,1,-0.00247508,0.454662,0,0.0250041,-0.283882,0,0.00620961,22,8.5,1.99133,1.99829,1,0.0281569,0.00283588,0,-0.00530481,0.00490993,0,0.0105138,23,8.5,0.97171,-1.00212,1,0.189035,0.0131685,0,-0.477429,-0.0199676,0,0.00902579,24,8.5,-0.0154156,1.74479,1,-0.0666137,-0.454179,0,-0.0477019,-0.29999,0,0.0140385,25,8.5,2.9999,-0.999998,1,-0.000148639,-2.79397e-07,0,0.000700355,-4.09782e-05,0,0.00650271,26,8.5,0.196565,0.998387,1,0.5,-0.00523422,0,8.9407e-07,0.0202879,0,0.0122264,27,8.5,-1.99989,-0.0137958,1,5.32717e-05,-0.0380263,0,-0.00114739,0.269267,0,0.00842682,28,8.5,2.00045,0.39092,1,-0.0019826,-0.49843,0,0.0025928,0.0355038,0,0.010599,29,8.5,2.99991,0.675149,1,8.67993e-05,0.492338,0,0.000312924,-0.0911057,0,0.00823096,30,8.5,-0.503124,-2.99998,1,0.19801,-4.58211e-05,0,-0.0616722,4.47035e-05,0,0.00857718,31,8.5,-0.999493,-2.49872,1,0.00271127,-0.195267,0,-0.0207052,0.0561327,0,0.0128716,32,8.5,-2.99999,-1.42911,1,-0.000130758,-0.5,0,0.000849366,7.45058e-06,0,0.0092786,33,8.5,2.66878,-0.0114865,1,0.492746,0.0134662,0,-0.0897348,0.0204045,0,0.00652403,34,8.5,1.00033,-1.98586,1,-0.000214018,0.0272177,0,-0.00240654,-0.235111,0,0.0117543,35,8.5,-1.99216,-2.76497,1,-0.0240538,-0.456189,0,0.021413,0.288054,0,0.00865153
0,8.6,0.980778,0.389191,1,0.132057,-0.499374,0,-0.368744,0.0125021,0,0.0105455,1,8.6,0.000629555,-2.48002,1,-0.000611084,0.189745,0,-0.00120403,-0.0417233,0,0.0103792,2,8.6,-0.999925,2.00069,1,0.000135601,-0.0956595,0,-0.00113249,0.360548,0,0.0093142,3,8.6,0.281135,2.99985,1,-0.481848,0.000810623,0,0.158057,-0.00286102,0,0.00762337,4,8.6,-0.00911292,-0.798788,1,0.0117895,-0.441271,0,0.0419449,0.336707,0,0.0108278,5,8.6,-0.517791,-1.99966,1,-0.188734,-0.000411272,0,0.0235438,0.00077486,0,0.0155471,6,8.6,1.28766,3,1,-0.485045,0,0,0.142694,0,0,0.0052029,7,8.6,-0.998466,0.994709,1,-0.001432,-0.080806,0,-0.00885129,0.354111,0,0.00872692,8,8.6,-0.986392,-0.998231,1,-0.0192001,-0.00249594,0,-0.0687242,-0.00792742,0,0.00869616,9,8.6,-1.98802,-0.999843,1,-0.0211954,0.000286102,0,-0.0478029,-0.00214577,0,0.00844146,10,8.6,2.01643,-1.99952,1,-0.0145972,0.00504255,0,-0.108838,-0.0163317,0,0.00776574,11,8.6,1.96552,-2.99875,1,0.225312,-0.00388026,0,-0.53668,0.00584126,0,0.00840859,12,8.6,1.00006,1.99961,1,-0.000268221,0.000214577,0,0.000357628,0.00244379,0,0.0100069,13,8.6,-1.98355,1.99803,1,0.017634,-0.00241101,0,-0.220478,0.0252724,0,0.00831268,14,8.6,-1.99999,0.989147,1,0,-0.0464886,0,-5.96046e-05,0.276685,0,0.00806487,15,8.6,1.99999,-1.00036,1,-0.000160933,-0.000482798,0,0.000536442,0.00429153,0,0.00866833,16,8.6,-0.727241,3,1,-0.47774,0,0,0.17783,0,0,0.0056552,17,8.6,-2.99539,-2.99845,1,-0.0439763,0.00299215,0,0.271201,-0.0101328,0,0.00637529,18,8.6,-0.999999,0.0158903,1,-7.45058e-06,-0.0116923,0,2.98023e-05,-0.115388,0,0.00789176,19,8.6,0.317236,-0.00546087,1,-0.486882,0.0675578,0,0.137269,-0.232358,0,0.0101235,20,8.6,2.99864,-1.99404,1,0.00255108,-0.0266522,0,0.000953674,0.0246763,0,0.00689318,21,8.6,2.99535,1.81758,1,-8.34465e-05,0.421742,0,0.022769,-0.371158,0,0.00526842,22,8.6,1.99408,1.9986,1,0.0265926,0.00315607,0,-0.0248551,0.00160933,0,0.00967185,23,8.6,0.988284,-1.00091,1,0.143103,0.0109673,0,-0.43878,-0.023663,0,0.00880853,24,8.6,-0.0221174,1.69797,1,-0.0656032,-0.480646,0,0.0614673,-0.216186,0,0.0119668,25,8.6,2.99989,-0.999998,1,-7.7486e-05,-4.47035e-06,0,0.000715256,0,0,0.00558248,26,8.6,0.246565,0.99796,1,0.5,-0.0033319,0,7.15256e-06,0.0177324,0,0.0115419,27,8.6,-1.99989,-0.0163555,1,-4.47035e-05,-0.0141907,0,-0.000834465,0.207899,0,0.00816995,28,8.6,2.00026,0.341342,1,-0.00169277,-0.492191,0,0.00298023,0.0922233,0,0.0101399,29,8.6,2.99992,0.723802,1,0.000113249,0.479428,0,0.000119209,-0.169754,0,0.0065573,30,8.6,-0.483576,-2.99999,1,0.193292,-4.17233e-05,0,-0.0403225,0.000119209,0,0.0095281,31,8.6,-0.999317,-2.51802,1,0.000877678,-0.190985,0,-0.0160635,0.0369549,0,0.0103872,32,8.6,-3,-1.47911,1,-5.96046e-05,-0.500003,0,0.000596046,5.96046e-05,0,0.00891843,33,8.6,2.71747,-0.0100539,1,0.479782,0.0150289,0,-0.172496,0.0109603,0,0.00653784,34,8.6,1.0003,-1.98421,1,-0.000405312,0.00663102,0,-0.00154972,-0.177205,0,0.0121838,35,8.6,-1.99444,-2.80898,1,-0.0214905,-0.422531,0,0.0291467,0.381589,0,0.00909088
0,8.7,0.992215,0.339383,1,0.0974577,-0.495986,0,-0.322796,0.0608042,0,0.0105455,1,8.7,0.000563351,-2.46109,1,-0.000701254,0.1902,0,-0.000503504,0.040561,0,0.0103792,2,8.7,-0.999917,1.99284,1,3.56697e-05,-0.0624152,0,-0.000867993,0.303917,0,0.0093142,3,8.7,0.23393,2.99992,1,-0.460429,0.000547245,0,0.267391,-0.00236928,0,0.00762337,4,8.7,-0.00776257,-0.841074,1,0.0148557,-0.403007,0,0.0202327,0.423349,0,0.0108278,5,8.7,-0.536702,-1.9997,1,-0.190785,-0.000344217,0,-0.0543483,0.000685453,0,0.0155471,6,8.7,1.24006,3,1,-0.465065,0,0,0.254117,0,0,0.0052029,7,8.7,-0.998647,0.988294,1,-0.00212546,-0.0485308,0,-0.00513345,0.29131,0,0.00872692,8,8.7,-0.988591,-0.998513,1,-0.0241803,-0.00306843,0,-0.0322685,-0.00368431,0,0.00869616,9,8.7,-1.99032,-0.999824,1,-0.0243433,9.34117e-05,0,-0.0164956,-0.00170991,0,0.00844146,10,8.7,2.01451,-1.99909,1,-0.023118,0.00344217,0,-0.0630468,-0.0154972,0,0.00776574,11,8.7,1.98542,-2.99911,1,0.173087,-0.00325404,0,-0.504404,0.00657141,0,0.00840859,12,8.7,1.00003,1.99964,1,-0.00022836,0.000415742,0,0.000432134,0.00159442,0,0.0100069,13,8.7,-1.98279,1.99791,1,-0.00137892,-0.00019744,0,-0.160836,0.0190735,0,0.00831268,14,8.7,-2,0.985781,1,-5.02914e-06,-0.0218202,0,-3.72529e-05,0.217181,0,0.00806487,15,8.7,1.99998,-1.00039,1,-0.000109524,-9.9279e-05,0,0.000476837,0.00337511,0,0.00866833,16,8.7,-0.773941,3,1,-0.454468,0,0,0.284456,0,0,0.0056552,17,8.7,-2.99857,-2.99821,1,-0.0207838,0.00189915,0,0.193492,-0.0114441,0,0.00637529,18,8.7,-1,0.0142247,1,-4.84288e-06,-0.0208499,0,2.23517e-05,-0.0691947,0,0.00789176,19,8.7,0.269356,0.000197892,1,-0.469463,0.0462593,0,0.211728,-0.193853,0,0.0101235,20,8.7,2.9989,-1.99656,1,0.00254773,-0.0235191,0,-0.000938773,0.0369474,0,0.00689318,21,8.7,2.99545,1.85779,1,0.00201128,0.381362,0,0.0189394,-0.433393,0,0.00526842,22,8.7,1.99659,1.99892,1,0.023447,0.00318252,0,-0.0370145,-0.000953674,0,0.00967185,23,8.7,1.00048,-0.999936,1,0.101774,0.00853995,0,-0.386428,-0.024531,0,0.00880853,24,8.7,-0.0282646,1.64905,1,-0.0563833,-0.495666,0,0.118958,-0.0884831,0,0.0119668,25,8.7,2.99989,-0.999999,1,-9.68575e-06,-4.37722e-06,0,0.000625849,3.72529e-06,0,0.00558248,26,8.7,0.296565,0.997711,1,0.5,-0.00169529,0,-2.68221e-06,0.0150017,0,0.0115419,27,8.7,-1.9999,-0.0168344,1,-0.00011269,0.00364522,0,-0.000543892,0.149909,0,0.00816995,28,8.7,2.00011,0.292693,1,-0.00138059,-0.479642,0,0.00321865,0.160854,0,0.0101399,29,8.7,2.99993,0.770709,1,0.000120327,0.456913,0,4.47035e-05,-0.277471,0,0.0065573,30,8.7,-0.464285,-2.99999,1,0.193905,-3.12924e-05,0,0.0419822,8.9407e-05,0,0.0095281,31,8.7,-0.9993,-2.53709,1,-0.000448432,-0.191882,0,-0.0107549,-0.0445694,0,0.0103872,32,8.7,-3,-1.52911,1,-1.08033e-05,-0.5,0,0.000372529,7.45058e-06,0,0.00891843,33,8.7,2.76439,-0.00851243,1,0.456663,0.0156453,0,-0.286624,0.00166846,0,0.00653784,34,8.7,1.00025,-1.98434,1,-0.000518747,-0.00835955,0,-0.000752509,-0.123784,0,0.0121838,35,8.7,-1.99644,-2.8492,1,-0.0183448,-0.38057,0,0.0332743,0.453845,0,0.00909088
0,8.8,1.00043,0.290206,1,0.0675648,-0.486294,0,-0.275016,0.136644,0,0.00982204,1,8.8,0.000492518,-2.4418,1,-0.000695574,0.196016,0,0.0006833,0.0677109,0,0.00857473,2,8.8,-0.999917,1.98802,1,-3.8743e-05,-0.0349224,0,-0.000625849,0.246048,0,0.00946271,3,8.8,0.189384,2.99996,1,-0.42898,0.000333786,0,0.358433,-0.00190735,0,0.00623683,4,8.8,-0.00620584,-0.879151,1,0.0159985,-0.357597,0,0.00339258,0.480115,0,0.00956242,5,8.8,-0.556111,-1.99973,1,-0.197777,-0.00025034,0,-0.0774264,0.0012517,0,0.0139452,6,8.8,1.19499,3,1,-0.434801,0,0,0.34821,0,0,0.00581104,7,8.8,-0.99888,0.984793,1,-0.00247955,-0.0225216,0,-0.00208616,0.22915,0,0.00915889,8,8.8,-0.99112,-0.998833,1,-0.0259206,-0.00326335,0,-0.0038445,-0.000327826,0,0.00925227,9,8.8,-1.9928,-0.999823,1,-0.0247449,-5.51343e-05,0,0.00715256,-0.0012815,0,0.00852185,10,8.8,2.01195,-1.99882,1,-0.0274897,0.00197291,0,-0.0258684,-0.0137687,0,0.00749062,11,8.8,2.00028,-2.9994,1,0.125021,-0.00258088,0,-0.454426,0.00655651,0,0.00810784,12,8.8,1.00001,1.99969,1,-0.000181794,0.000536442,0,0.000417233,0.00089407,0,0.00936307,13,8.8,-1.98364,1.99797,1,-0.0147551,0.00141859,0,-0.107765,0.0133514,0,0.0102258,14,8.8,-2,0.98459,1,-5.96046e-06,-0.00293106,0,-5.96046e-05,0.16132,0,0.00909429,15,8.8,1.99997,-1.00039,1,-6.25849e-05,0.000193715,0,0.000357628,0.0025034,0,0.00860283,16,8.8,-0.817811,3,1,-0.421499,0,0,0.371665,0,0,0.00572775,17,8.8,-2.9998,-2.99807,1,-0.00501871,0.000756979,0,0.123739,-0.0112057,0,0.00704418,18,8.8,-1,0.0118601,1,-2.98023e-06,-0.0258121,0,0,-0.0314257,0,0.00762687,19,8.8,0.223595,0.00391669,1,-0.444502,0.0287299,0,0.287212,-0.15707,0,0.00969677,20,8.8,2.99915,-1.99872,1,0.00237823,-0.0194579,0,-0.00226498,0.0434518,0,0.00667155,21,8.8,2.99573,1.89368,1,0.00367761,0.335684,0,0.0141859,-0.476897,0,0.00597403,22,8.8,1.99874,1.99923,1,0.0193805,0.00298917,0,-0.0433922,-0.00280142,0,0.011106,23,8.8,1.00883,-0.999203,1,0.066039,0.00612289,0,-0.327587,-0.0235438,0,0.00792848,24,8.8,-0.0332408,1.59921,1,-0.042555,-0.499788,0,0.154145,-0.00423193,0,0.011718,25,8.8,2.99989,-0.999999,1,4.76837e-05,-4.47035e-06,0,0.000476837,2.98023e-05,0,0.00658232,26,8.8,0.346565,0.997612,1,0.5,-0.000327826,0,-1.43051e-05,0.0123084,0,0.0124513,27,8.8,-1.99991,-0.0158086,1,-0.000154972,0.0160186,0,-0.000298023,0.0987458,0,0.00840008,28,8.8,1.99999,0.24566,1,-0.00105798,-0.459722,0,0.00315905,0.238433,0,0.0100696,29,8.8,2.99994,0.814857,1,0.000119209,0.424565,0,0,-0.366181,0,0.0064903,30,8.8,-0.444621,-2.99999,1,0.199794,-2.38419e-05,0,0.0674427,0.000119209,0,0.00718944,31,8.8,-0.999392,-2.55657,1,-0.00132918,-0.198054,0,-0.00712276,-0.0705719,0,0.00977489,32,8.8,-3,-1.57911,1,1.78814e-05,-0.500003,0,0.000119209,5.96046e-05,0,0.0110629,33,8.8,2.80846,-0.00695283,1,0.423133,0.0154213,0,-0.380397,-0.00586268,0,0.00633907,34,8.8,1.0002,-1.98572,1,-0.000560284,-0.0183642,0,-0.000178814,-0.077486,0,0.0120482,35,8.8,-1.9981,-2.88489,1,-0.014928,-0.33254,0,0.0346303,0.502706,0,0.00771634
0,8.9,1.00589,0.242453,1,0.0426302,-0.466882,0,-0.224181,0.248911,0,0.00982204,1,8.9,0.000426329,-2.42147,1,-0.000624418,0.213982,0,0.000907099,0.268713,0,0.00857473,2,8.9,-0.999924,1.98566,1,-8.98726e-05,-0.0132203,0,-0.000398606,0.188693,0,0.00946271,3,8.9,0.148396,2.99999,1,-0.389662,0.000171363,0,0.42499,-0.0013411,0,0.00623683,4,8.9,-0.00461085,-0.912458,1,0.0156997,-0.308108,0,-0.0087091,0.505727,0,0.00956242,5,8.9,-0.576663,-1.99975,1,-0.216543,-0.000148825,0,-0.275068,0.000976026,0,0.0139452,6,8.9,1.15337,3,1,-0.396336,0,0,0.418238,0,0,0.00581104,7,8.9,-0.999134,0.983585,1,-0.002563,-0.00263928,0,0.000305474,0.169475,0,0.00915889,8,8.9,-0.993694,-0.999156,1,-0.0252105,-0.00316696,0,0.0168309,0.00211969,0,0.00925227,9,8.9,-1.99521,-0.999834,1,-0.0231519,-0.000162143,0,0.0236034,-0.000867993,0,0.00852185,10,8.9,2.00912,-1.99869,1,-0.0285763,0.000712834,0,0.00272691,-0.0113919,0,0.00749062,11,8.9,2.01062,-2.99963,1,0.082713,-0.00193566,0,-0.390574,0.00625849,0,0.00810784,12,8.9,0.999996,1.99975,1,-0.000139419,0.000593066,0,0.000420958,0.000268221,0,0.00936307,13,8.9,-1.98557,1.99817,1,-0.0231782,0.00249036,0,-0.0621751,0.00822544,0,0.0102258,14,8.9,-2,0.985015,1,-1.08033e-05,0.0105943,0,-2.98023e-05,0.110392,0,0.00909429,15,8.9,1.99997,-1.00036,1,-2.94298e-05,0.000400096,0,0.000312924,0.00163913,0,0.00860283,16,8.9,-0.857992,3,1,-0.381079,0,0,0.433713,0,0,0.00572775,17,8.9,-2.99978,-2.99805,1,0.00448637,-0.000292063,0,0.0689477,-0.00968575,0,0.00704418,18,8.9,-1,0.00917419,1,-2.98023e-06,-0.027418,0,0,-0.00209402,0,0.00762687,19,8.9,0.180729,0.00606565,1,-0.411443,0.0148456,0,0.370104,-0.121291,0,0.00969677,20,8.9,2.99937,-2.00044,1,0.00209771,-0.0150139,0,-0.00326335,0.0448003,0,0.00667155,21,8.9,2.99616,1.92481,1,0.00483207,0.286657,0,0.0089556,-0.499465,0,0.00597403,22,8.9,2.00046,1.99951,1,0.0149434,0.0026444,0,-0.0447109,-0.00398606,0,0.011106,23,8.9,1.0139,-0.998705,1,0.0364328,0.00388613,0,-0.264697,-0.0210367,0,0.00792848,24,8.9,-0.0367144,1.54922,1,-0.0268476,-0.499986,0,0.158309,-0.000528991,0,0.011718,25,8.9,2.9999,-1,1,8.86619e-05,-1.95578e-06,0,0.000357628,1.86265e-05,0,0.00658232,26,8.9,0.396565,0.997636,1,0.5,0.000754558,0,0,0.00939518,0,0.0124513,27,8.9,-1.99993,-0.0137894,1,-0.000173785,0.0236378,0,-9.68575e-05,0.0550981,0,0.00840008,28,8.9,1.9999,0.201045,1,-0.000752695,-0.431012,0,0.00292808,0.332189,0,0.0100696,29,8.9,2.99995,0.855369,1,0.000114739,0.384602,0,-5.96046e-05,-0.4301,0,0.0064903,30,8.9,-0.423913,-3,1,0.217695,-1.37836e-05,0,0.267213,7.45058e-05,0,0.00718944,31,8.9,-0.999553,-2.57712,1,-0.00183219,-0.216263,0,-0.00328943,-0.270709,0,0.00977489,32,8.9,-3,-1.62902,1,2.6077e-05,-0.497174,0,2.98023e-05,0.0588372,0,0.0110629,33,8.9,2.84874,-0.00545001,1,0.381268,0.0145415,0,-0.4531,-0.0114783,0,0.00633907,34,8.9,1.00014,-1.98787,1,-0.000553019,-0.0241108,0,0.000305474,-0.0388622,0,0.0120482,35,8.9,-1.99942,-2.91558,1,-0.0115024,-0.280635,0,0.0335649,0.529945,0,0.00771634
0,9,1.00912,0.197176,1,0.0226229,-0.437081,0,-0.176668,0.344143,0,0.00811093,1,9,0.000369932,-2.39856,1,-0.000485266,0.245637,0,0.00199753,0.345945,0,0.00913212,2,9,-0.999934,1.98519,1,-0.000119209,0.00297129,0,-0.000238419,0.136018,0,0.00968601,3,9,0.111643,3,1,-0.344594,5.96046e-05,0,0.473182,-0.000953674,0,0.0066474,4,9,-0.00309986,-0.940726,1,0.0143803,-0.257191,0,-0.0171018,0.509113,0,0.00868544,5,9,-0.599862,-1.99976,1,-0.248681,-2.08616e-05,0,-0.349432,0.00172853,0,0.0137794,6,9,1.11592,3,1,-0.351757,0,0,0.470161,0,0,0.0057812,7,9,-0.999386,0.984077,1,-0.00244081,0.0115827,0,0.00205636,0.11605,0,0.00898519,8,9,-0.996105,-0.999459,1,-0.0227809,-0.00286549,0,0.0307262,0.00375509,0,0.00913283,9,9,-1.99738,-0.999854,1,-0.0202239,-0.000229478,0,0.033915,-0.000506639,0,0.00856253,10,9,2.00631,-1.99867,1,-0.0272095,-0.000301003,0,0.0232458,-0.00882149,0,0.007514,11,9,2.01705,-2.99979,1,0.0470757,-0.0013411,0,-0.321746,0.00560284,0,0.00781496,12,9,0.999984,1.99981,1,-9.83477e-05,0.000593066,0,0.000417233,-0.000178814,0,0.00994328,13,9,-1.98814,1.99845,1,-0.0274777,0.00309348,0,-0.0251532,0.00393391,0,0.00966168,14,9,-2,0.986551,1,-1.19209e-05,0.0193894,0,0,0.0667572,0,0.00769862,15,9,1.99997,-1.00031,1,0,0.000527501,0,0.000178814,0.00089407,0,0.00827752,16,9,-0.893851,3,1,-0.33538,0,0,0.477076,0,0,0.0057747,17,9,-2.99906,-2.99813,1,0.00925064,-0.00116229,0,0.0283718,-0.00762939,0,0.0069822,18,9,-1,0.00646069,1,0,-0.0264959,0,-5.96046e-05,0.0192877,0,0.00775786,19,9,0.141544,0.00699832,1,-0.371238,0.00433631,0,0.43029,-0.0895746,0,0.00974585,20,9,2.99956,-2.00172,1,0.00174642,-0.0106096,0,-0.0038147,0.0427961,0,0.00631085,21,9,2.99668,1.95097,1,0.00548363,0.236571,0,0.00405312,-0.498712,0,0.00614922,22,9,2.00173,1.99975,1,0.01055,0.00220835,0,-0.0426769,-0.00458956,0,0.0111949,23,9,1.01632,-0.998416,1,0.0130385,0.00194013,0,-0.203729,-0.017792,0,0.00843911,24,9,-0.0386126,1.49922,1,-0.0112047,-0.500003,0,0.153126,5.96046e-05,0,0.0113106,25,9,2.99991,-1,1,0.000119209,-1.49012e-06,0,0.000238419,2.98023e-05,0,0.00576112,26,9,0.446565,0.997754,1,0.5,0.00156015,0,-1.43051e-05,0.00682473,0,0.0147044,27,9,-1.99995,-0.0112121,1,-0.000175834,0.0273227,0,5.96046e-05,0.0199839,0,0.00785578,28,9,1.99984,0.159734,1,-0.000476837,-0.393995,0,0.0026226,0.404612,0,0.010446,29,9,2.99997,0.891595,1,0.000101328,0.339165,0,0,-0.475466,0,0.00661436,30,9,-0.400637,-3,1,0.249034,-5.96046e-06,0,0.340924,0,0,0.00848935,31,9,-0.999749,-2.60027,1,-0.00205189,-0.248069,0,-0.00140071,-0.347018,0,0.00983158,32,9,-2.99999,-1.67833,1,2.38419e-05,-0.487855,0,0.000119209,0.128984,0,0.00955275,33,9,2.88451,-0.00406073,1,0.333291,0.0131755,0,-0.502467,-0.0155979,0,0.00637257,34,9,1.00009,-1.99043,1,-0.000503659,-0.0264108,0,0.000596046,-0.00840425,0,0.0118864,35,9,-2.00041,-2.94098,1,-0.00826716,-0.227565,0,0.030756,0.526667,0,0.0077753
0,9.1,1.01057,0.155315,1,0.00716355,-0.398954,0,-0.133179,0.415558,0,0.00811093,1,9.1,0.000329761,-2.37205,1,-0.000333188,0.286166,0,0.00109423,0.444397,0,0.00913212,2,9.1,-0.999947,1.98608,1,-0.00013439,0.0141624,0,-7.07805e-05,0.0890493,0,0.00968601,3,9.1,0.0796056,3,1,-0.295701,-1.52737e-05,0,0.500398,-0.000581145,0,0.0066474,4,9.1,-0.00175681,-0.963921,1,0.0123986,-0.207011,0,-0.0220377,0.491254,0,0.00868544,5,9.1,-0.626555,-1.99976,1,-0.285665,9.61125e-05,0,-0.379343,0.000670552,0,0.0137794,6,9.1,1.08316,3,1,-0.302974,0,0,0.501134,0,0,0.0057812,7,9.1,-0.999618,0.985734,1,-0.0021751,0.0207998,0,0.00317022,0.0697225,0,0.00898519,8,9.1,-0.998214,-0.999725,1,-0.0192824,-0.00243811,0,0.0383817,0.00469014,0,0.00913283,9,9.1,-1.99923,-0.999879,1,-0.0165515,-0.000264123,0,0.0388026,-0.000201166,0,0.00856253,10,9.1,2.00373,-1.99874,1,-0.0241749,-0.00105202,0,0.0363588,-0.00622869,0,0.007514,11,9.1,2.02027,-2.9999,1,0.0184778,-0.000834465,0,-0.250742,0.00452995,0,0.00781496,12,9.1,0.999976,1.99987,1,-5.93252e-05,0.000555813,0,0.000361353,-0.000536442,0,0.00994328,13,9.1,-1.99096,1.99878,1,-0.0285041,0.00330955,0,0.00320375,0.000536442,0,0.00966168,14,9.1,-2,0.98876,1,-1.11759e-05,0.0241967,0,1.49012e-05,0.0307709,0,0.00769862,15,9.1,1.99997,-1.00025,1,1.65775e-05,0.000584871,0,0.000141561,0.000283122,0,0.00827752,16,9.1,-0.924956,3,1,-0.286346,0,0,0.499446,0,0,0.0057747,17,9.1,-2.99804,-2.99828,1,0.0106376,-0.00180565,0,0.00114739,-0.00523031,0,0.0069822,18,9.1,-1,0.00393346,1,-4.84288e-06,-0.0238173,0,-2.98023e-05,0.0331949,0,0.00775786,19,9.1,0.106637,0.00703125,1,-0.326334,-0.00322218,0,0.464621,-0.0622465,0,0.00974585,20,9.1,2.99972,-2.00257,1,0.00135936,-0.00655614,0,-0.0038892,0.0380129,0,0.00631085,21,9.1,2.99725,1.97217,1,0.0056643,0.187673,0,-0.000283122,-0.476129,0,0.00614922,22,9.1,2.00258,1.99995,1,0.00650845,0.00173803,0,-0.0378937,-0.00474602,0,0.0111949,23,9.1,1.0167,-0.998305,1,-0.00440609,0.000347849,0,-0.146262,-0.0140481,0,0.00843911,24,9.1,-0.0389886,1.44922,1,0.00344829,-0.5,0,0.138883,7.45058e-06,0,0.0113106,25,9.1,2.99992,-1,1,0.000136346,9.31323e-07,0,0.000119209,1.49012e-05,0,0.00576112,26,9.1,0.496565,0.99794,1,0.5,0.00212574,0,5.66244e-06,0.00454113,0,0.0147044,27,9.1,-1.99996,-0.00842784,1,-0.000164472,0.0279192,0,0.000171363,-0.00668151,0,0.00785578,28,9.1,1.9998,0.122444,1,-0.00023488,-0.351039,0,0.00219792,0.451408,0,0.010446,29,9.1,2.99997,0.923083,1,9.46224e-05,0.290189,0,-0.000119209,-0.49983,0,0.00661436,30,9.1,-0.373944,-3,1,0.285386,-5.96046e-06,0,0.37501,0,0,0.00848935,31,9.1,-0.999956,-2.62702,1,-0.00204248,-0.288472,0,0.00141189,-0.440463,0,0.00983158,32,9.1,-2.99999,-1.72635,1,3.09199e-05,-0.471332,0,4.47035e-05,0.202358,0,0.00955275,33,9.1,2.91527,-0.00282616,1,0.281379,0.0114727,0,-0.530288,-0.0181988,0,0.00637257,34,9.1,1.00004,-1.99307,1,-0.000433065,-0.0260668,0,0.000797212,0.0140294,0,0.0118864,35,9.1,-2.00109,-2.96114,1,-0.00538342,-0.176062,0,0.0268072,0.498891,0,0.0077753
0,9.2,1.01069,0.117594,1,-0.00415444,-0.354568,0,-0.0939965,0.468995,0,0.00854046,1,9.2,0.000300765,-2.34118,1,-0.00025714,0.330925,0,0.000469299,0.434995,0,0.00929934,2,9.2,-0.999961,1.98788,1,-0.000135601,0.0210315,0,5.96046e-05,0.0496507,0,0.0109674,3,9.2,0.0525522,3,1,-0.245317,-5.36442e-05,0,0.503531,-0.000238419,0,0.00592607,4,9.2,-0.000631889,-0.982218,1,0.0100627,-0.159515,0,-0.0242729,0.456154,0,0.00926784,5,9.2,-0.656992,-1.99974,1,-0.322585,0.00012219,0,-0.350356,-0.000119209,0,0.0111802,6,9.2,1.05539,3,1,-0.252354,0,0,0.507474,0,0,0.00597309,7,9.2,-0.999818,0.988096,1,-0.0018239,0.0258088,0,0.00378489,0.0318289,0,0.00926266,8,9.2,-0.999944,-0.999945,1,-0.0152588,-0.00194609,0,0.0414252,0.00506639,0,0.00854295,9,9.2,-2.00068,-0.999906,1,-0.0125945,-0.000271201,0,0.0396967,2.98023e-05,0,0.00862303,10,9.2,2.00151,-1.99887,1,-0.0201404,-0.00155568,0,0.043571,-0.0038147,0,0.00812335,11,9.2,2.02097,-2.99996,1,-0.00321269,-0.000441074,0,-0.18394,0.00333786,0,0.00795416,12,9.2,0.999972,1.99992,1,-2.68221e-05,0.000488758,0,0.000327826,-0.00077486,0,0.00992254,13,9.2,-1.99376,1.99911,1,-0.0270993,0.00322759,0,0.0235438,-0.00190735,0,0.0110236,14,9.2,-2,0.991284,1,-5.96046e-06,0.0258103,0,-0.000119209,0.00277162,0,0.00773083,15,9.2,1.99997,-1.00019,1,2.98023e-05,0.000587106,0,5.96046e-05,-0.000178814,0,0.00797013,16,9.2,-0.951086,3,1,-0.23627,0,0,0.498503,0,0,0.00566167,17,9.2,-2.99701,-2.99848,1,0.009799,-0.00221133,0,-0.0164509,-0.00309944,0,0.00758511,18,9.2,-1,0.00173317,1,-5.96046e-06,-0.0200571,0,0,0.0410964,0,0.008416,19,9.2,0.0763607,0.00643844,1,-0.278934,-0.00824413,0,0.480348,-0.0388525,0,0.00851201,20,9.2,2.99984,-2.00305,1,0.000983477,-0.00305176,0,-0.00369549,0.0319481,0,0.00677439,21,9.2,2.9978,1.98861,1,0.00545979,0.141892,0,-0.00369549,-0.43714,0,0.00597319,22,9.2,2.00305,2.0001,1,0.003016,0.00126958,0,-0.0318289,-0.00464916,0,0.01052,23,9.2,1.01562,-0.998334,1,-0.0164449,-0.000870228,0,-0.0956655,-0.0103712,0,0.00854372,24,9.2,-0.0379803,1.39922,1,0.0163873,-0.500003,0,0.119109,5.96046e-05,0,0.00967622,25,9.2,2.99993,-1,1,0.000137091,1.49012e-06,0,0.000119209,2.98023e-05,0,0.00636558,26,9.2,0.546565,0.998172,1,0.5,0.00247806,0,2.98023e-05,0.002563,0,0.0102681,27,9.2,-1.99998,-0.0057039,1,-0.000143051,0.0262447,0,0.000238419,-0.0255982,0,0.00818755,28,9.2,1.99979,0.0896515,1,-3.8743e-05,-0.304338,0,0.00178814,0.47949,0,0.0110021,29,9.2,2.99998,0.949592,1,7.7486e-05,0.239986,0,-0.000119209,-0.50053,0,0.00588974,30,9.2,-0.343552,-3,1,0.322035,-5.96046e-06,0,0.34906,0.000119209,0,0.00791391,31,9.2,-1.00015,-2.65808,1,-0.00180304,-0.33251,0,0.00321865,-0.424385,0,0.00757757,32,9.2,-2.99999,-1.77234,1,2.98023e-05,-0.447297,0,-0.000119209,0.278175,0,0.0113589,33,9.2,2.94074,-0.00177237,1,0.228256,0.0095837,0,-0.52762,-0.0193602,0,0.00634942,34,9.2,1,-1.99558,1,-0.000347197,-0.0238419,0,0.00089407,0.0293851,0,0.0109308,35,9.2,-2.0015,-2.97633,1,-0.00292659,-0.128573,0,0.0224113,0.44775,0,0.00796231
0,9.3,1.00986,0.0845472,1,-0.0117837,-0.305826,0,-0.0595972,0.501437,0,0.00854046,1,9.3,0.00027666,-2.30656,1,-0.000231554,0.355596,0,7.23594e-05,0.0743419,0,0.00929934,2,9.3,-0.999974,1.98965,1,-0.000125356,0.00941716,0,0.000141561,-0.253111,0,0.0109674,3,9.3,0.0305139,2.99999,1,-0.195774,-6.70552e-05,0,0.484067,-2.98023e-05,0,0.00592607,4,9.3,0.000252517,-0.995967,1,0.00762778,-0.116306,0,-0.0241367,0.406425,0,0.00926784,5,9.3,-0.691442,-1.99973,1,-0.369625,9.70438e-05,0,-0.544664,-0.00037998,0,0.0111802,6,9.3,1.03267,3,1,-0.202285,0,0,0.490487,0,0,0.00597309,7,9.3,-1.0005,0.990784,1,-0.0164125,0.0274486,0,-0.268042,0.00237301,0,0.00926266,8,9.3,-1.00126,-1.00064,1,-0.0111444,-0.01642,0,0.0403896,-0.267044,0,0.00854295,9,9.3,-2.00175,-0.999932,1,-0.00872612,-0.000258535,0,0.0373125,0.000208616,0,0.00862303,10,9.3,1.99972,-1.99904,1,-0.0156606,-0.00183135,0,0.0453666,-0.00175834,0,0.00812335,11,9.3,2.01984,-2.99999,1,-0.0184849,-0.00016056,0,-0.122994,0.00227988,0,0.00795416,12,9.3,0.999971,1.99996,1,1.95578e-06,0.000404939,0,0.000249594,-0.000879169,0,0.00992254,13,9.3,-1.99633,1.99942,1,-0.0240441,0.00294354,0,0.036478,-0.00364333,0,0.0110236,14,9.3,-2,0.99332,1,-1.41561e-05,0.0100505,0,-2.98023e-05,-0.289209,0,0.00773083,15,9.3,1.99945,-1.00014,1,-0.0149433,0.000550598,0,-0.271961,-0.000521541,0,0.00797013,16,9.3,-0.97225,3,1,-0.187399,0,0,0.475816,0,0,0.00566167,17,9.3,-2.99613,-2.99871,1,0.00764281,-0.00240915,0,-0.0256002,-0.000908971,0,0.00758511,18,9.3,-1,-0.000583175,1,-5.7742e-06,-0.0307449,0,7.45058e-06,-0.228,0,0.008416,19,9.3,0.0508717,0.00545375,1,-0.230903,-0.011128,0,0.476951,-0.0195557,0,0.00851201,20,9.3,2.99992,-2.00268,1,0.000641495,0.014797,0,-0.00312924,0.297405,0,0.00677439,21,9.3,2.99833,2.0007,1,0.00495613,0.100738,0,-0.00619888,-0.384562,0,0.00597319,22,9.3,2.0032,2.0002,1,0.000179559,0.000828877,0,-0.0249147,-0.00412762,0,0.01052,23,9.3,1.01357,-0.99899,1,-0.0237895,-0.0167066,0,-0.0526831,-0.27886,0,0.00854372,24,9.3,-0.0357956,1.34936,1,0.0268157,-0.495814,0,0.0896978,0.0841171,0,0.00967622,25,9.3,2.99942,-0.999999,1,-0.014836,3.53903e-06,0,-0.272021,7.45058e-06,0,0.00636558,26,9.3,0.596544,0.99843,1,0.499222,0.0026416,0,-0.0208281,0.00076741,0,0.0102681,27,9.3,-1.99947,-0.00322951,1,0.0148611,0.0230485,0,0.272267,-0.0372938,0,0.00818755,28,9.3,1.99979,0.061638,1,0.000115298,-0.255799,0,0.00130385,0.48757,0,0.0110021,29,9.3,2.99999,0.971116,1,6.07222e-05,0.190841,0,-0.000193715,-0.479188,0,0.00588974,30,9.3,-0.309155,-3,1,0.369175,3.72529e-06,0,0.547186,5.96046e-05,0,0.00791391,31,9.3,-1.00031,-2.69324,1,-0.00143424,-0.368466,0,0.00405312,-0.2909,0,0.00757757,32,9.3,-2.99999,-1.81553,1,1.78814e-05,-0.415043,0,-0.000119209,0.363082,0,0.0113589,33,9.3,2.96097,-0.000910993,1,0.176652,0.00764653,0,-0.499964,-0.0192027,0,0.00634942,34,9.3,0.999451,-1.9978,1,-0.0152358,-0.0204166,0,-0.271115,0.038214,0,0.0109308,35,9.3,-2.00169,-2.98706,1,-0.000931323,-0.0870906,0,0.0175238,0.379682,0,0.00796231
0,9.4,1.00844,0.0564942,1,-0.0162691,-0.25511,0,-0.0311136,0.508983,0,0.00872782,1,9.4,0.000253414,-2.27111,1,-0.000237312,0.348824,0,-0.000163862,-0.195265,0,0.00990632,2,9.4,-0.999986,1.98902,1,-0.000108778,-0.0244439,0,0.000208616,-0.401378,0,0.0130073,3,9.4,0.0133018,2.99998,1,-0.149084,-6.55651e-05,0,0.447193,0.000119209,0,0.00678346,4,9.4,0.000896827,-1.00566,1,0.00528619,-0.0784874,0,-0.0224769,0.348985,0,0.00961578,5,9.4,-0.731149,-1.99972,1,-0.423956,5.06639e-05,0,-0.512153,-0.000536442,0,0.0116684,6,9.4,1.01484,3,1,-0.154862,0,0,0.45526,0,0,0.00578662,7,9.4,-1.00375,0.993501,1,-0.0505358,0.0265494,0,-0.392914,-0.0191331,0,0.00978249,8,9.4,-1.00218,-1.00388,1,-0.00726283,-0.0504553,0,0.0369549,-0.392199,0,0.00904705,9,9.4,-2.00244,-0.999957,1,-0.00519753,-0.000230968,0,0.033021,0.000327826,0,0.00902824,10,9.4,1.99838,-1.99923,1,-0.0111848,-0.00192225,0,0.0436902,-5.96046e-05,0,0.00944267,11,9.4,2.01746,-3,1,-0.0281036,1.78814e-05,0,-0.0708103,0.00143051,0,0.00880761,12,9.4,0.999972,2,1,2.23517e-05,0.000315905,0,0.000178814,-0.000953674,0,0.00938334,13,9.4,-1.99853,1.99969,1,-0.0200033,0.00252128,0,0.043571,-0.00464916,0,0.0101259,14,9.4,-2,0.992592,1,-1.78814e-05,-0.0269011,0,0,-0.427276,0,0.0116041,15,9.4,1.99633,-1.00009,1,-0.049454,0.000485778,0,-0.396729,-0.00077486,0,0.0123328,16,9.4,-0.98867,3,1,-0.141652,0,0,0.436753,0,0,0.00597859,17,9.4,-2.9955,-2.99895,1,0.00485778,-0.00240803,0,-0.0289679,0.000834465,0,0.00736804,18,9.4,-1,-0.00505997,1,-2.98023e-06,-0.0608753,0,-5.96046e-05,-0.353642,0,0.0121913,19,9.4,0.0301371,0.00427001,1,-0.18415,-0.0122956,0,0.455371,-0.00446824,0,0.0101238,20,9.4,2.99997,-1.99947,1,0.000363588,0.0515163,0,-0.00238419,0.415444,0,0.006024,21,9.4,2.99879,2.00895,1,0.00424981,0.0651896,0,-0.00751019,-0.325561,0,0.0058047,22,9.4,2.00311,2.00027,1,-0.00196695,0.000447035,0,-0.0181198,-0.00345707,0,0.00939245,23,9.4,1.01099,-1.00231,1,-0.0272661,-0.0517458,0,-0.0181794,-0.400543,0,0.010732,24,9.4,-0.0327126,1.30034,1,0.0343814,-0.483155,0,0.0619208,0.1688,0,0.00884228,25,9.4,2.99632,-0.999999,1,-0.0493526,4.47035e-06,0,-0.396967,0,0,0.00621823,26,9.4,0.646291,0.998695,1,0.49492,0.00264496,0,-0.0691116,-0.000655651,0,0.0118816,27,9.4,-1.99636,-0.00112334,1,0.0494033,0.0189745,0,0.396967,-0.043333,0,0.0115778,28,9.4,1.99981,0.0384831,1,0.000220537,-0.207507,0,0.00089407,0.475141,0,0.00943272,29,9.4,3,0.987862,1,4.17233e-05,0.144708,0,-0.000238419,-0.441045,0,0.00789606,30,9.4,-0.269478,-3,1,0.423788,1.19209e-05,0,0.51479,0,0,0.00716296,31,9.4,-1.00043,-2.7313,1,-0.0010103,-0.390118,0,0.00435114,-0.14019,0,0.00976464,32,9.4,-2.99998,-1.85511,1,5.96046e-06,-0.375429,0,0,0.425518,0,0.0107553,33,9.4,2.97621,-0.00024084,1,0.12905,0.00577526,0,-0.448704,-0.0180823,0,0.00577616,34,9.4,0.996309,-1.99964,1,-0.0496641,-0.0163674,0,-0.395894,0.0420809,0,0.0120099,35,9.4,-2.0017,-2.99399,1,0.000584126,-0.0529587,0,0.0128746,0.301957,0,0.00876714
0,9.5,1.00669,0.0335101,1,-0.0182044,-0.204838,0,-0.00859797,0.492992,0,0.00872782,1,9.5,0.000218976,-2.238,1,-0.000544489,0.306525,0,-0.00574627,-0.613406,0,0.00990632,2,9.5,-0.999995,1.9843,1,-7.98143e-05,-0.0723265,0,0.00045076,-0.535756,0,0.0130073,3,9.5,3.14843e-05,2.99998,1,-0.121646,-5.1409e-05,0,0.127241,0.000178814,0,0.00678346,4,9.5,0.00131759,-1.01187,1,0.00317733,-0.0467189,0,-0.01959,0.286341,0,0.00961578,5,9.5,-0.775886,-1.99972,1,-0.46808,-2.98023e-06,0,-0.352163,-0.000536442,0,0.0116684,6,9.5,1.00104,3,1,-0.126564,0,0,0.136241,0,0,0.00578662,7,9.5,-1.01101,0.996036,1,-0.0966666,0.023908,0,-0.510328,-0.0325739,0,0.00978249,8,9.5,-1.00272,-1.01124,1,-0.00345558,-0.099826,0,0.0387579,-0.570245,0,0.00904705,9,9.5,-2.0028,-0.999978,1,-0.00217631,-0.000194553,0,0.0272989,0.000391155,0,0.00902824,10,9.5,1.99747,-1.99942,1,-0.00703409,-0.00186265,0,0.039041,0.00119209,0,0.00944267,11,9.5,2.01582,-2.99999,1,0.00802241,0.000126287,0,0.705138,0.000759959,0,0.00880761,12,9.5,0.998759,2.00003,1,-0.0348871,0.000225008,0,-0.637587,-0.00089407,0,0.00938334,13,9.5,-2.00031,1.99992,1,-0.0155281,0.00203103,0,0.0452697,-0.00506639,0,0.0101259,14,9.5,-2,0.987507,1,-2.19792e-05,-0.0768559,0,-0.000193715,-0.551626,0,0.0116041,15,9.5,1.98916,-1.00004,1,-0.0959491,0.000410341,0,-0.51377,-0.000633299,0,0.0123328,16,9.5,-1.00074,2.99932,1,-0.100749,-0.0195634,0,0.380632,-0.359282,0,0.00597859,17,9.5,-2.99516,-2.99919,1,0.00198223,-0.00225119,0,-0.0280291,0.00222027,0,0.00736804,18,9.5,-1,-0.0133664,1,-7.07805e-06,-0.109032,0,-1.49012e-05,-0.580878,0,0.0121913,19,9.5,0.0139412,0.00303805,1,-0.140399,-0.01216,0,0.417611,0.00654866,0,0.0101238,20,9.5,2.99999,-1.99201,1,0.000156462,0.0995077,0,-0.00172853,0.525191,0,0.006024,21,9.5,2.99918,2.01395,1,0.00345483,0.035781,0,-0.00822544,-0.262782,0,0.0058047,22,9.5,2.00283,2.0003,1,-0.00344999,0.000136718,0,-0.0116676,-0.00275671,0,0.00939245,23,9.5,1.00822,-1.00973,1,-0.0276893,-0.0984523,0,0.00840425,-0.514343,0,0.010732,24,9.5,-0.0285518,1.253,1,0.0524277,-0.462325,0,0.277821,0.247352,0,0.00884228,25,9.5,2.98895,-0.999998,1,-0.101601,4.00469e-06,0,-0.619218,-1.11759e-05,0,0.00621823,26,9.5,0.695335,0.999408,1,0.484869,0.015586,0,-0.134759,0.238176,0,0.0118816,27,9.5,-1.98919,0.000555773,1,0.0959169,0.0146058,0,0.513896,-0.0434676,0,0.0115778,28,9.5,1.99984,0.0200626,1,0.000288151,-0.161422,0,0.000469387,0.44403,0,0.00943272,29,9.5,2.99878,1.00023,1,-0.0348661,0.103677,0,-0.637278,-0.379547,0,0.00789606,30,9.5,-0.224748,-3,1,0.468078,1.15484e-05,0,0.352941,-1.49012e-05,0,0.00716296,31,9.5,-1.00051,-2.7707,1,-0.000587106,-0.395037,0,0.00408292,0.0372976,0,0.00976464,32,9.5,-2.99998,-1.88941,1,4.09782e-06,-0.302358,0,-4.47035e-05,0.928193,0,0.0107553,33,9.5,2.98698,0.000765743,1,0.0874665,0.0188576,0,-0.38071,0.252582,0,0.00577616,34,9.5,0.989123,-2.00107,1,-0.0959714,-0.0121858,0,-0.511024,0.0412315,0,0.0120099,35,9.5,-2.00158,-2.99791,1,0.00164881,-0.0268035,0,0.00852346,0.221521,0,0.00876714
0,9.6,1.00486,0.0154406,1,-0.0181794,-0.15713,0,0.00810623,0.458474,0,0.00901022,1,9.6,0.000128246,-2.21085,1,-0.00133974,0.232869,0,-0.00992405,-0.829935,0,0.00979071,2,9.6,-1,1.9743,1,-2.98023e-06,-0.127915,0,0.00110269,-0.559628,0,0.0098379,3,9.6,-0.0118515,2.99997,1,-0.119038,-2.98023e-05,0,-0.0547716,0.000119209,0,0.0064344,4,9.6,0.0015429,-1.01521,1,0.00138562,-0.0211895,0,-0.0161802,0.224531,0,0.0106098,5,9.6,-0.824105,-1.99973,1,-0.49279,-5.36442e-05,0,-0.144184,-0.000536442,0,0.0110863,6,9.6,0.988708,3,1,-0.12304,0,0,-0.0455081,0,0,0.00668016,7,9.6,-1.02329,0.998249,1,-0.149128,0.0202388,0,-0.523627,-0.0398159,0,0.0124831,8,9.6,-1.00287,-1.0242,1,0.000408292,-0.160024,0,0.0380874,-0.613928,0,0.0128347,9,9.6,-2.0029,-0.999996,1,0.0002563,-0.000153482,0,0.0211,0.00038743,0,0.0101794,10,9.6,1.99695,-1.9996,1,-0.00342131,-0.00169575,0,0.0329018,0.00202656,0,0.00865174,11,9.6,2.02082,-2.99998,1,0.0968874,0.000178814,0,1.00005,0.000238419,0,0.00610651,12,9.6,0.991448,2.00004,1,-0.116426,0.000143051,0,-0.943273,-0.000953674,0,0.0142847,13,9.6,-2.00164,2.0001,1,-0.0110686,0.00151992,0,0.0436306,-0.00500679,0,0.00981284,14,9.6,-2.00001,0.976997,1,-7.15256e-05,-0.133608,0,-0.000834465,-0.567466,0,0.0108502,15,9.6,1.97694,-1,1,-0.148734,0.000375509,0,-0.526607,2.98023e-05,0,0.0125647,16,9.6,-1.00901,2.99519,1,-0.0656247,-0.06603,0,0.321448,-0.544071,0,0.00767509,17,9.6,-2.99509,-2.9994,1,-0.000667572,-0.00198483,0,-0.0246763,0.00321865,0,0.00831906,18,9.6,-1,-0.0273529,1,-8.9407e-06,-0.171899,0,0,-0.653559,0,0.0139536,19,9.6,0.00191264,0.00186864,1,-0.100977,-0.0111036,0,0.369391,0.0140332,0,0.0103113,20,9.6,3,-1.97938,1,1.78814e-05,0.153115,0,-0.00107288,0.531971,0,0.00688916,21,9.6,2.99948,2.01631,1,0.00263453,0.0125706,0,-0.00822544,-0.201941,0,0.00485038,22,9.6,2.00244,2.0003,1,-0.00433326,-0.000101328,0,-0.00607967,-0.00214577,0,0.00923245,23,9.6,1.00553,-1.0222,1,-0.0258356,-0.151169,0,0.0274777,-0.524759,0,0.01101,24,9.6,-0.0217087,1.20813,1,0.086105,-0.433838,0,0.378504,0.321388,0,0.0135332,25,9.6,2.97553,-0.999998,1,-0.168014,4.47035e-06,0,-0.686049,-5.96046e-05,0,0.00776717,26,9.6,0.743021,1.00241,1,0.467534,0.0464022,0,-0.213444,0.360787,0,0.0108538,27,9.6,-1.97697,0.00180277,1,0.148708,0.0103831,0,0.526667,-0.0405366,0,0.0136756,28,9.6,1.99987,0.00607148,1,0.000318885,-0.119138,0,0.000119209,0.399811,0,0.010358,29,9.6,2.99148,1.0088,1,-0.116366,0.0687867,0,-0.942707,-0.318348,0,0.0104675,30,9.6,-0.176528,-3,1,0.492803,1.19209e-05,0,0.143937,0,0,0.00650055,31,9.6,-1.00055,-2.80976,1,-0.000199676,-0.383586,0,0.00357628,0.187159,0,0.00732708,32,9.6,-2.99998,-1.91479,1,0,-0.204152,0,0,0.999987,0,0.00723192,33,9.6,2.99395,0.00417726,1,0.0532329,0.0514562,0,-0.302911,0.378182,0,0.00651244,34,9.6,0.976913,-2.00208,1,-0.148426,-0.0081718,0,-0.522912,0.0386238,0,0.0131913,35,9.6,-2.00138,-2.99962,1,0.0023067,-0.00846982,0,0.00476837,0.146508,0,0.00611093
0,9.7,1.0031,0.00194069,1,-0.0167593,-0.113705,0,0.0194907,0.408323,0,0.00901022,1,9.7,-0.000101923,-2.19204,1,-0.00368137,0.140841,0,-0.0350097,-0.978738,0,0.00979071,2,9.7,-0.999995,1.95868,1,0.000118278,-0.184525,0,0.00146776,-0.558756,0,0.0098379,3,9.7,-0.0244195,2.99997,1,-0.135675,-1.75089e-05,0,-0.256382,0.00013411,0,0.0064344,4,9.7,0.00160679,-1.01631,1,-4.55875e-05,-0.00174101,0,-0.012458,0.16544,0,0.0106098,5,9.7,-0.873825,-1.99973,1,-0.499549,-0.000103563,0,-0.0180304,-0.000461936,0,0.0110863,6,9.7,0.975623,3,1,-0.143454,0,0,-0.333574,0,0,0.00668016,7,9.7,-1.04085,1.00007,1,-0.202069,0.0161022,0,-0.521779,-0.0421628,0,0.0124831,8,9.7,-1.0026,-1.04326,1,0.00518523,-0.220957,0,0.0555366,-0.59481,0,0.0128347,9,9.7,-2.00278,-1.00001,1,0.00205971,-0.000114273,0,0.0150353,0.000383705,0,0.0101794,10,9.7,1.99677,-1.99976,1,-0.000477582,-0.00146404,0,0.0259578,0.0025481,0,0.00865174,11,9.7,2.03551,-2.99996,1,0.19689,0.000187755,0,1,-2.98023e-05,0,0.00610651,12,9.7,0.974979,2.00005,1,-0.213767,6.03497e-05,0,-0.992913,-0.000685453,0,0.0142847,13,9.7,-2.00254,2.00022,1,-0.00692867,0.00103563,0,0.0389069,-0.00461936,0,0.00981284,14,9.7,-2.00002,0.960777,1,-0.000167266,-0.190657,0,-0.00120699,-0.559989,0,0.0108502,15,9.7,1.95941,-0.999964,1,-0.201727,0.000391714,0,-0.520125,0.000439584,0,0.0125647,16,9.7,-1.01408,2.98554,1,-0.0369247,-0.129934,0,0.253811,-0.711441,0,0.00767509,17,9.7,-2.99528,-2.99958,1,-0.00287183,-0.00164062,0,-0.019297,0.00360608,0,0.00831906,18,9.7,-1,-0.0479497,1,-8.00937e-06,-0.24099,0,2.23517e-05,-0.710983,0,0.0139536,19,9.7,-0.00643035,0.00083664,1,-0.0668198,-0.00946578,0,0.313221,0.0182784,0,0.0103113,20,9.7,3,-1.96134,1,-6.29574e-05,0.207919,0,-0.000551343,0.548661,0,0.00688916,21,9.7,2.9997,2.01666,1,0.0018511,-0.00470877,0,-0.00734627,-0.14475,0,0.00485038,22,9.7,2.00198,2.00028,1,-0.00470169,-0.000280142,0,-0.00147521,-0.00143051,0,0.00923245,23,9.7,1.0031,-1.03996,1,-0.0224872,-0.203872,0,0.0386909,-0.516333,0,0.01101,24,9.7,-0.0109582,1.16649,1,0.130871,-0.397735,0,0.496904,0.396498,0,0.0135332,25,9.7,2.95523,-0.999998,1,-0.238124,-2.79397e-07,0,-0.701711,-4.09782e-05,0,0.00776717,26,9.7,0.788504,1.00924,1,0.440222,0.0935841,0,-0.327043,0.561088,0,0.0108538,27,9.7,-1.95939,0.00264697,1,0.203231,0.00659524,0,0.548229,-0.0348938,0,0.0136756,28,9.7,1.9999,-0.0039321,1,0.000317767,-0.0818454,0,-0.00013411,0.345143,0,0.010358,29,9.7,2.97502,1.01421,1,-0.213681,0.0404384,0,-0.992835,-0.250161,0,0.0104675,30,9.7,-0.126807,-2.99999,1,0.49955,1.15484e-05,0,0.0179908,-1.49012e-05,0,0.00650055,31,9.7,-1.00056,-2.84697,1,0.000128336,-0.358566,0,0.00295788,0.30829,0,0.00732708,32,9.7,-2.99998,-1.9302,1,-3.72529e-07,-0.104152,0,-1.49012e-05,1,0,0.00723192,33,9.7,2.99789,0.0117214,1,0.0269473,0.103696,0,-0.222623,0.635023,0,0.00651244,34,9.7,0.959387,-2.00271,1,-0.202385,-0.00458583,0,-0.541128,0.0331998,0,0.0131913,35,9.7,-2.00113,-2.99984,1,0.00262372,0.00294372,0,0.00168383,0.0846088,0,0.00611093
0,9.8,1.00154,-0.00748278,1,-0.0144303,-0.0757369,0,0.0264049,0.35001,0,0.0100492,1,9.8,-0.000673223,-2.18291,1,-0.00798305,0.0413775,0,-0.0493364,-1.00017,0,0.0113739,2,9.8,-0.999974,1.93753,1,0.000314415,-0.237241,0,0.0025928,-0.485122,0,0.012088,3,9.8,-0.0394539,2.99997,1,-0.166416,-5.96046e-06,0,-0.341046,0.000238419,0,0.00574629,4,9.8,0.00154599,-1.01575,1,-0.00111097,0.0121117,0,-0.00888563,0.112653,0,0.0112557,5,9.8,-0.923816,-1.99975,1,-0.5,-0.000146031,0,-2.98023e-05,-0.000357628,0,0.0111488,6,9.8,0.959334,3,1,-0.184473,0,0,-0.463247,0,0,0.00573501,7,9.8,-1.06357,1.00147,1,-0.251129,0.0119388,0,-0.449359,-0.0405312,0,0.0114588,8,9.8,-1.00179,-1.06823,1,0.0111639,-0.277224,0,0.0624061,-0.522852,0,0.0117821,9,9.8,-2.0025,-1.00002,1,0.00328422,-7.7486e-05,0,0.00941753,0.000357628,0,0.0123881,10,9.8,1.99684,-1.99989,1,0.00177026,-0.00119507,0,0.0191331,0.00280142,0,0.00986404,11,9.8,2.06019,-2.99994,1,0.296885,0.000172853,0,1.00017,-0.000238419,0,0.00692114,12,9.8,0.948616,2.00006,1,-0.313589,0,0,-1.00002,-0.000476837,0,0.0109018,13,9.8,-2.00304,2.0003,1,-0.0033319,0.000602007,0,0.0326633,-0.00417233,0,0.00767439,14,9.8,-2.00004,0.939016,1,-0.000345707,-0.243241,0,-0.00226498,-0.481546,0,0.0126093,15,9.8,1.93674,-0.999921,1,-0.250468,0.000488758,0,-0.444829,0.00163913,0,0.0147424,16,9.8,-1.01661,2.96886,1,-0.014618,-0.204211,0,0.193655,-0.755191,0,0.0083273,17,9.8,-2.99565,-2.99973,1,-0.00451207,-0.00127554,0,-0.0135899,0.00357628,0,0.00913865,18,9.8,-1.00001,-0.0755785,1,-8.9407e-06,-0.310978,0,0.000119209,-0.674884,0,0.0153236,19,9.8,-0.0116427,-1.45943e-05,1,-0.0383955,-0.00752865,0,0.255168,0.0201021,0,0.0105365,20,9.8,2.99999,-1.93788,1,-0.000101328,0.260136,0,-0.000119209,0.48393,0,0.00639349,21,9.8,2.99985,2.01555,1,0.00118017,-0.0166059,0,-0.00619888,-0.094533,0,0.00489388,22,9.8,2.00151,2.00024,1,-0.00466704,-0.000393391,0,0.00214577,-0.000834465,0,0.00994329,23,9.8,1.00106,-1.06283,1,-0.018248,-0.252169,0,0.0454485,-0.440061,0,0.0144343,24,9.8,0.00467225,1.12879,1,0.181924,-0.355342,0,0.508466,0.447452,0,0.0131008,25,9.8,2.92799,-0.999998,1,-0.305754,-4.47035e-06,0,-0.639319,0,0,0.00899014,26,9.8,0.830743,1.02158,1,0.403225,0.154632,0,-0.407755,0.641823,0,0.0136932,27,9.8,-1.9364,0.00314361,1,0.255617,0.0034591,0,0.487506,-0.0276096,0,0.0121134,28,9.8,1.99993,-0.0104875,1,0.000295043,-0.0502387,0,-0.000298023,0.286596,0,0.0104554,29,9.8,2.94866,1.0171,1,-0.313497,0.0184566,0,-1.00017,-0.190973,0,0.0108594,30,9.8,-0.0768163,-2.99999,1,0.5,1.19209e-05,0,2.38419e-06,-0.000119209,0,0.00704244,31,9.8,-1.00053,-2.88112,1,0.00039041,-0.322938,0,0.00220537,0.399113,0,0.0065478,32,9.8,-2.99998,-1.93562,1,0,-0.00415146,0,-0.000119209,0.999987,0,0.0077698,33,9.8,2.9996,0.0254734,1,0.00860095,0.17277,0,-0.145555,0.721141,0,0.0069772,34,9.8,0.936517,-2.00302,1,-0.253987,-0.001508,0,-0.479341,0.0282526,0,0.0134511,35,9.8,-2.00087,-2.99921,1,0.00267029,0.00897646,0,-0.000596046,0.0385046,0,0.00730347
0,9.9,1.00023,-0.0134125,1,-0.0116175,-0.0439205,0,0.0293255,0.286283,0,0.0100492,1,9.9,-0.00182272,-2.18365,1,-0.0158895,-0.0548005,0,-0.102404,-0.91812,0,0.0113739,2,9.9,-0.999929,1.9115,1,0.000592414,-0.281872,0,0.00310317,-0.400312,0,0.012088,3,9.9,-0.0580411,2.99997,1,-0.207208,1.41561e-05,0,-0.45432,0.000149012,0,0.00574629,4,9.9,0.00139617,-1.01405,1,-0.00183013,0.021025,0,-0.00557685,0.0670329,0,0.0112557,5,9.9,-0.973816,-1.99976,1,-0.5,-0.000177324,0,7.45058e-06,-0.000268221,0,0.0111488,6,9.9,0.938385,3,1,-0.235944,0,0,-0.549447,0,0,0.00573501,7,9.9,-1.09082,1.00246,1,-0.292517,0.00804048,0,-0.371128,-0.0370219,0,0.0114588,8,9.9,-1.00026,-1.09844,1,0.0204721,-0.325416,0,0.116795,-0.438936,0,0.0117821,9,9.9,-2.00214,-1.00002,1,0.00397786,-4.37722e-05,0,0.00458956,0.000305474,0,0.0123881,10,9.9,1.9971,-2,1,0.00334717,-0.00091549,0,0.0125319,0.00277907,0,0.00986404,11,9.9,2.09465,-2.99992,1,0.389172,0.000144169,0,0.815988,-0.000312924,0,0.00692114,12,9.9,0.912576,2.00005,1,-0.40335,-3.91155e-05,0,-0.770222,-0.000312924,0,0.0109018,13,9.9,-2.00323,2.00034,1,-0.000411645,0.000224635,0,0.0257045,-0.00335276,0,0.00767439,14,9.9,-2.00009,0.912402,1,-0.000604242,-0.287675,0,-0.00303984,-0.399664,0,0.0126093,15,9.9,1.90959,-0.999863,1,-0.291079,0.000680052,0,-0.360675,0.00231713,0,0.0147424,16,9.9,-1.0172,2.9446,1,0.00191722,-0.281233,0,0.138544,-0.768751,0,0.0083273,17,9.9,-2.99616,-2.99984,1,-0.00556745,-0.00092797,0,-0.00761449,0.00335276,0,0.00913865,18,9.9,-1.00001,-0.109967,1,5.58794e-07,-0.375598,0,5.21541e-05,-0.60431,0,0.0153236,19,9.9,-0.0143046,-0.000666785,1,-0.0158086,-0.00551988,0,0.197202,0.019826,0,0.0105365,20,9.9,2.99998,-1.90946,1,-0.000102445,0.308003,0,0.000104308,0.460245,0,0.00639349,21,9.9,2.99994,2.01349,1,0.000640005,-0.0238497,0,-0.00461936,-0.0518113,0,0.00489388,22,9.9,2.00106,2.0002,1,-0.00432022,-0.000450388,0,0.00460446,-0.000312924,0,0.00994329,23,9.9,0.999464,-1.09013,1,-0.013645,-0.292658,0,0.0462681,-0.362486,0,0.0144343,24,9.9,0.0254939,1.09556,1,0.234958,-0.308835,0,0.53584,0.478253,0,0.0131008,25,9.9,2.89428,-0.999999,1,-0.367396,-4.37722e-06,0,-0.583366,3.72529e-06,0,0.00899014,26,9.9,0.868943,1.04046,1,0.360028,0.22455,0,-0.45222,0.736676,0,0.0136932,27,9.9,-1.90836,0.00336357,1,0.305017,0.00106564,0,0.485651,-0.020088,0,0.0121134,28,9.9,1.99996,-0.0141797,1,0.000258721,-0.0246101,0,-0.000409782,0.226403,0,0.0104554,29,9.9,2.91263,1.01808,1,-0.403282,0.00201203,0,-0.770524,-0.139341,0,0.0108594,30,9.9,-0.0268163,-2.99999,1,0.5,1.86265e-06,0,4.47035e-07,-7.45058e-05,0,0.00704244,31,9.9,-1.00048,-2.91129,1,0.000574253,-0.279511,0,0.00146776,0.462607,0,0.0065478,32,9.9,-2.99998,-1.93103,1,-1.00583e-05,0.095848,0,-7.45058e-05,1,0,0.0077698,33,9.9,2.99987,0.0464709,1,-0.00212789,0.247907,0,-0.0728369,0.765077,0,0.0069772,34,9.9,0.908723,-2.00304,1,-0.301556,0.000950694,0,-0.459068,0.0212789,0,0.0134511,35,9.9,-2.00061,-2.99817,1,0.00251979,0.0111464,0,-0.00232458,0.00686944,0,0.00730347
0,10,0.999219,-0.0164787,1,-0.00865608,-0.0184495,0,0.0294447,0.223482,0,0.0108417,1,10,-0.00396715,-2.19355,1,-0.0272992,-0.141317,0,-0.120533,-0.80812,0,0.0112471,2,10,-0.999852,1.88151,1,0.000958145,-0.316104,0,0.00435114,-0.279427,0,0.0133042,3,10,-0.0810802,2.99997,1,-0.253628,2.98023e-05,0,-0.458025,0.000119209,0,0.00617285,4,10,0.00119019,-1.01168,1,-0.00224252,0.0257999,0,-0.00275357,0.0298023,0,0.012389,5,10,-1.02382,-1.99978,1,-0.500003,-0.000199676,0,5.96046e-05,-0.000178814,0,0.0110194,6,10,0.912017,3,1,-0.291334,0,0,-0.544816,0,0,0.00502718,7,10,-1.12175,1.00309,1,-0.324136,0.00461042,0,-0.25636,-0.031352,0,0.0161813,8,10,-0.997583,-1.13302,1,0.0332549,-0.364673,0,0.133187,-0.344872,0,0.0116863,9,10,-2.00172,-1.00003,1,0.00423789,-1.49012e-05,0,0.000715256,0.000238419,0,0.011582,10,10,1.99748,-2.00008,1,0.00430644,-0.00064373,0,0.00679493,0.0025034,0,0.00845031,11,10,2.13717,-2.99991,1,0.456083,0.000107288,0,0.511527,-0.000476837,0,0.00657261,12,10,0.86891,2.00005,1,-0.464588,-6.55651e-05,0,-0.449032,-0.000119209,0,0.00996288,13,10,-2.00315,2.00035,1,0.00181794,-7.7486e-05,0,0.0187159,-0.00238419,0,0.0093128,14,10,-2.00017,0.881823,1,-0.000983477,-0.321916,0,-0.00429153,-0.280112,0,0.0166329,15,10,1.87886,-0.999781,1,-0.321484,0.000976026,0,-0.242949,0.00363588,0,0.0132912,16,10,-1.0164,2.91273,1,0.0133842,-0.355041,0,0.0921488,-0.694633,0,0.0104171,17,10,-2.99674,-2.99992,1,-0.00606179,-0.000619888,0,-0.00238419,0.00298023,0,0.00898457,18,10,-1.00001,-0.150345,1,2.98023e-06,-0.429744,0,-0.000119209,-0.470832,0,0.0160408,19,10,-0.0149908,-0.00112179,1,0.00119063,-0.00360649,0,0.14361,0.0182583,0,0.0110568,20,10,2.99997,-1.87648,1,-8.9407e-05,0.349897,0,0.000357628,0.36788,0,0.00590225,21,10,2.99999,2.01091,1,0.0002563,-0.0272453,0,-0.00321865,-0.017643,0,0.00519943,22,10,2.00065,2.00015,1,-0.00377297,-0.000458956,0,0.00607967,0.000119209,0,0.00842499,23,10,0.99833,-1.12103,1,-0.00905693,-0.323454,0,0.0452101,-0.248611,0,0.0134185,24,10,0.0516019,1.06708,1,0.28621,-0.260517,0,0.476725,0.484288,0,0.0137497,25,10,2.85479,-0.999999,1,-0.420624,-4.47035e-06,0,-0.473738,0,0,0.0107211,26,10,0.902639,1.06662,1,0.313529,0.298449,0,-0.474244,0.725925,0,0.0140802,27,10,-1.87554,0.00338328,1,0.35015,-0.000533642,0,0.406027,-0.0118206,0,0.0118111,28,10,1.99998,-0.0156052,1,0.000214577,-0.00484737,0,-0.000476837,0.169534,0,0.0115142,29,10,2.86897,1.01766,1,-0.464547,-0.00968277,0,-0.449419,-0.0959039,0,0.0103342,30,10,0.0231837,-2.99999,1,0.5,-5.96046e-06,0,1.19209e-06,0,0,0.00664315,31,10,-1.00042,-2.93687,1,0.000688434,-0.231695,0,0.000715256,0.488043,0,0.00667446,32,10,-2.99999,-1.91645,1,-1.78814e-05,0.195849,0,0,0.999987,0,0.00888563,33,10,2.99938,0.075045,1,-0.00668168,0.322818,0,-0.0215769,0.719998,0,0.00727241,34,10,0.876394,-2.00284,1,-0.343546,0.0028193,0,-0.371188,0.0164509,0,0.0145538,35,10,-2.00037,-2.99706,1,0.00222921,0.010711,0,-0.00345707,-0.0140667,0,0.00720329
0,10.1,0.998498,-0.0173088,1,-0.00580968,0.00084521,0,0.0272356,0.163448,0,0.0108417,1,10.1,-0.00743016,-2.21157,1,-0.0430027,-0.217546,0,-0.183241,-0.716984,0,0.0112471,2,10.1,-0.999737,1.84866,1,0.00134176,-0.338952,0,0.00352785,-0.174589,0,0.0133042,3,10.1,-0.108731,2.99997,1,-0.299117,3.94881e-05,0,-0.442074,5.96046e-05,0,0.00617285,4,10.1,0.000956251,-1.009,1,-0.00239786,0.0272702,0,-0.000449923,0.000998378,0,0.012389,5,10.1,-1.07382,-1.9998,1,-0.5,-0.000213273,0,7.45058e-06,-9.68575e-05,0,0.0110194,6,10.1,0.880094,3,1,-0.347397,0,0,-0.562251,0,0,0.00502718,7,10.1,-1.15529,1.00341,1,-0.345018,0.00174604,0,-0.158153,-0.0257492,0,0.0161813,8,10.1,-0.993466,-1.17112,1,0.0500867,-0.396614,0,0.19294,-0.29517,0,0.0116863,9,10.1,-2.0013,-1.00003,1,0.00415258,6.33299e-06,0,-0.00227988,0.000193715,0,0.011582,10,10.1,1.99794,-2.00013,1,0.00473671,-0.000406802,0,0.00199676,0.00220537,0,0.00845031,11,10.1,2.18478,-2.9999,1,0.49092,6.14673e-05,0,0.198916,-0.000432134,0,0.00657261,12,10.1,0.820742,2.00004,1,-0.493825,-7.37607e-05,0,-0.153325,-2.98023e-05,0,0.00996288,13,10.1,-2.00289,2.00033,1,0.00335984,-0.000280142,0,0.0122339,-0.00166893,0,0.0093128,14,10.1,-2.00029,0.848331,1,-0.00136457,-0.34677,0,-0.00356138,-0.210807,0,0.0166329,15,10.1,1.84566,-0.999666,1,-0.340911,0.0013194,0,-0.142843,0.00339374,0,0.0132912,16,10.1,-1.01467,2.87401,1,0.0205958,-0.416544,0,0.0534728,-0.531062,0,0.0104171,17,10.1,-2.99735,-2.99996,1,-0.00606515,-0.000357255,0,0.00210106,0.00227988,0,0.00898457,18,10.1,-1.00001,-0.19538,1,-8.19564e-06,-0.46806,0,-0.000104308,-0.297226,0,0.0160408,19,10.1,-0.014237,-0.00139525,1,0.0130826,-0.00190593,0,0.0954678,0.0156678,0,0.0110568,20,10.1,2.99996,-1.83977,1,-5.55068e-05,0.383126,0,0.000312924,0.29169,0,0.00590225,21,10.1,3,2.00814,1,7.45058e-07,-0.0276469,0,-0.00193715,0.00825524,0,0.00519943,22,10.1,2.00031,2.00011,1,-0.00312105,-0.000431761,0,0.00685453,0.000402331,0,0.00842499,23,10.1,0.99764,-1.15451,1,-0.00485303,-0.344992,0,0.0389777,-0.17681,0,0.0134185,24,10.1,0.0826373,1.04343,1,0.334513,-0.212917,0,0.47784,0.465147,0,0.0137497,25,10.1,2.8106,-0.999999,1,-0.460907,-4.37722e-06,0,-0.330314,3.72529e-06,0,0.0107211,26,10.1,0.93162,1.10014,1,0.26615,0.371384,0,-0.471134,0.701375,0,0.0140802,27,10.1,-1.83851,0.00327764,1,0.390081,-0.00150636,0,0.383213,-0.00746308,0,0.0118111,28,10.1,2,-0.0153323,1,0.000166893,0.00943579,0,-0.000476837,0.117314,0,0.0115142,29,10.1,2.8208,1.01628,1,-0.493814,-0.0174435,0,-0.153542,-0.0604764,0,0.0103342,30,10.1,0.0731837,-2.99999,1,0.5,-5.96046e-06,0,-2.98023e-07,0,0,0.00664315,31,10.1,-1.00035,-2.9576,1,0.000731088,-0.182928,0,0.000156462,0.481635,0,0.00667446,32,10.1,-2.99999,-1.89188,1,-1.78814e-05,0.295261,0,0,0.976503,0,0.00888563,33,10.1,2.99863,0.110868,1,-0.00803284,0.392394,0,-0.00612438,0.646067,0,0.00727241,34,10.1,0.840241,-2.00249,1,-0.378758,0.00425056,0,-0.32603,0.0124276,0,0.0145538,35,10.1,-2.00016,-2.99608,1,0.00185221,0.00867434,0,-0.00402331,-0.0254959,0,0.00720329
0,10.2,0.998048,-0.0164991,1,-0.00324994,0.0144591,0,0.0237226,0.109987,0,0.010212,1,10.2,-0.0126792,-2.23676,1,-0.0620907,-0.284797,0,-0.190245,-0.628233,0,0.00991924,2,10.2,-0.999585,1.81409,1,0.00169873,-0.35058,0,0.00375509,-0.056684,0,0.011006,3,10.2,-0.140759,2.99998,1,-0.340318,4.17233e-05,0,-0.374407,0,0,0.00540294,4,10.2,0.00071735,-1.00631,1,-0.00235108,0.0262618,0,0.00129661,-0.019908,0,0.0115994,5,10.2,-1.12382,-1.99982,1,-0.500003,-0.000220537,0,5.96046e-05,0,0,0.0116899,6,10.2,0.842613,3,1,-0.401239,0,0,-0.503302,0,0,0.00470239,7,10.2,-1.1904,1.00346,1,-0.355288,-0.0005126,0,-0.0456572,-0.0191927,0,0.0132877,8,10.2,-0.987467,-1.21219,1,0.069949,-0.423908,0,0.195891,-0.251412,0,0.0122485,9,10.2,-2.0009,-1.00003,1,0.00380874,2.08616e-05,0,-0.00429153,0.000178814,0,0.0118071,10,10.2,1.99842,-2.00016,1,0.00474155,-0.000202656,0,-0.00166893,0.00190735,0,0.0118513,11,10.2,2.23448,-2.9999,1,0.499797,2.38419e-05,0,0.00405312,-0.000476837,0,0.00855476,12,10.2,0.770922,2.00003,1,-0.500001,-7.7486e-05,0,2.98023e-05,0,0,0.0118165,13,10.2,-2.0025,2.0003,1,0.00429749,-0.000417233,0,0.0064373,-0.000953674,0,0.00762732,14,10.2,-2.00044,0.812756,1,-0.00174046,-0.36305,0,-0.00417233,-0.110745,0,0.0142967,15,10.2,1.81104,-0.999517,1,-0.349647,0.00168234,0,-0.0305176,0.00399351,0,0.0151242,16,10.2,-1.01239,2.83,1,0.0243425,-0.46075,0,0.022769,-0.352502,0,0.00866944,17,10.2,-2.99794,-2.99999,1,-0.00568032,-0.000166893,0,0.00548363,0.00166893,0,0.0084254,18,10.2,-1.00001,-0.243406,1,-1.78814e-05,-0.489919,0,-0.000178814,-0.145562,0,0.014229,19,10.2,-0.0125224,-0.00151236,1,0.020532,-0.00048606,0,0.0547604,0.0126837,0,0.0125164,20,10.2,2.99996,-1.80016,1,-2.38419e-05,0.40738,0,0.000238419,0.189841,0,0.00887984,21,10.2,2.99999,2.00545,1,-0.000143051,-0.0258446,0,-0.000953674,0.0264645,0,0.00510336,22,10.2,2.00003,2.00007,1,-0.00242293,-0.00038743,0,0.00691414,0.000715256,0,0.00852389,23,10.2,0.99734,-1.18974,1,-0.00124127,-0.357935,0,0.0333488,-0.0785589,0,0.0143406,24,10.2,0.1184,1.02441,1,0.379721,-0.167957,0,0.41724,0.432014,0,0.0188106,25,10.2,2.7631,-1,1,-0.486571,-4.47035e-06,0,-0.183463,0,0,0.00972629,26,10.2,0.955901,1.14054,1,0.219716,0.433874,0,-0.455618,0.531316,0,0.0141044,27,10.2,-1.79769,0.00309805,1,0.42513,-0.00199917,0,0.310421,-0.00229268,0,0.0106513,28,10.2,2.00001,-0.0138802,1,0.000113249,0.0188561,0,-0.000357628,0.0723172,0,0.0109724,29,10.2,2.77098,1.01428,1,-0.5,-0.0220001,0,0,-0.0317097,0,0.00999448,30,10.2,0.123184,-2.99999,1,0.5,-5.96046e-06,0,-3.57628e-06,0,0,0.00630965,31,10.2,-1.00027,-2.97353,1,0.000724196,-0.136358,0,-0.000298023,0.445127,0,0.00659681,32,10.2,-2.99999,-1.85766,1,-1.78814e-05,0.38645,0,0.000119209,0.812054,0,0.00694141,33,10.2,2.99782,0.153058,1,-0.00803471,0.448252,0,0.00536442,0.458754,0,0.00631751,34,10.2,0.800858,-2.00201,1,-0.407521,0.0053525,0,-0.243902,0.00989437,0,0.0134421,35,10.2,-2,-2.99535,1,0.00144243,0.00582933,0,-0.00417233,-0.0305176,0,0.00768685
0,10.3,0.997834,-0.0145837,1,-0.00109533,0.0230799,0,0.0193231,0.0639021,0,0.010212,1,10.3,-0.0196187,-2.26853,1,-0.0745988,-0.351325,0,-0.0641207,-0.671595,0,0.00991924,2,10.3,-0.9994,1.77888,1,0.00197254,-0.352125,0,0.00196695,0.0268742,0,0.011006,3,10.3,-0.176687,2.99998,1,-0.378199,3.98606e-05,0,-0.372471,-4.47035e-05,0,0.00540294,4,10.3,0.000490948,-1.00381,1,-0.00215687,0.0235399,0,0.00250381,-0.0334457,0,0.0115994,5,10.3,-1.17382,-1.99985,1,-0.5,-0.000217371,0,7.45058e-06,5.21541e-05,0,0.0116899,6,10.3,0.800157,3,1,-0.445894,0,0,-0.384301,0,0,0.00470239,7,10.3,-1.22605,1.00332,1,-0.356615,-0.00216812,0,0.0214502,-0.013873,0,0.0132877,8,10.3,-0.979749,-1.25597,1,0.0819799,-0.452476,0,0.0505112,-0.294656,0,0.0122485,9,10.3,-2.00054,-1.00002,1,0.0033088,3.5204e-05,0,-0.00560284,0.000111759,0,0.0118071,10,10.3,1.99888,-2.00017,1,0.00443198,-3.35276e-05,0,-0.00435114,0.00146031,0,0.0118513,11,10.3,2.28447,-2.9999,1,0.499987,-1.8999e-05,0,0.000506639,-0.000402331,0,0.00855476,12,10.3,0.720922,2.00003,1,-0.5,-7.56234e-05,0,-3.72529e-06,4.47035e-05,0,0.0118165,13,10.3,-2.00205,2.00025,1,0.0047002,-0.00048615,0,0.00180304,-0.000432134,0,0.00762732,14,10.3,-2.00063,0.775812,1,-0.00192299,-0.376371,0,2.98023e-05,-0.143174,0,0.0142967,15,10.3,1.77603,-0.999332,1,-0.349436,0.00198092,0,0.0367314,0.00222772,0,0.0151242,16,10.3,-1.00989,2.78247,1,0.0254177,-0.48675,0,-0.000178814,-0.174925,0,0.00866944,17,10.3,-2.99848,-3,1,-0.00500903,-3.27826e-05,0,0.0077486,0.00104308,0,0.0084254,18,10.3,-1.00001,-0.292924,1,-3.03611e-05,-0.498669,0,-6.70552e-05,-0.0392133,0,0.014229,19,10.3,-0.0102538,-0.00150293,1,0.0242893,0.000621405,0,0.0217359,0.00948684,0,0.0125164,20,10.3,2.99996,-1.75848,1,-1.86265e-06,0.426045,0,0.000193715,0.175588,0,0.00887984,21,10.3,2.99997,2.00302,1,-0.000203773,-0.022589,0,-0.000283122,0.0376254,0,0.00510336,22,10.3,1.99982,2.00003,1,-0.00174642,-0.000314042,0,0.00655651,0.000759959,0,0.00852389,23,10.3,0.997364,-1.22597,1,0.00155298,-0.366784,0,0.0230335,-0.0886098,0,0.0143406,24,10.3,0.158475,1.00968,1,0.421553,-0.127599,0,0.403414,0.375476,0,0.0188106,25,10.3,2.71376,-1,1,-0.497907,-4.19095e-06,0,-0.0519156,-3.72529e-06,0,0.00972629,26,10.3,0.975652,1.1862,1,0.175907,0.475439,0,-0.419855,0.299655,0,0.0141044,27,10.3,-1.75367,0.00288761,1,0.454552,-0.00219667,0,0.269398,-0.00152065,0,0.0106513,28,10.3,2.00002,-0.0116987,1,7.7486e-05,0.0241503,0,-0.000357628,0.0349664,0,0.0109724,29,10.3,2.72098,1.01196,1,-0.5,-0.0240169,0,0,-0.00953674,0,0.00999448,30,10.3,0.173184,-2.99999,1,0.5,-5.96046e-06,0,4.47035e-07,0,0,0.00630965,31,10.3,-1.0002,-2.98503,1,0.000676885,-0.094603,0,-0.00064075,0.386864,0,0.00659681,32,10.3,-2.99999,-1.81546,1,-7.82311e-06,0.452171,0,7.45058e-05,0.50094,0,0.00694141,33,10.3,2.99706,0.199797,1,-0.00715926,0.482784,0,0.0117719,0.2349,0,0.00631751,34,10.3,0.758814,-2.00143,1,-0.433788,0.00597276,0,-0.269718,0.00299513,0,0.0134421,35,10.3,-1.99988,-2.99493,1,0.00103395,0.00275895,0,-0.00395626,-0.030309,0,0.00768685
0,10.4,0.997814,-0.0120221,1,0.000609457,0.0275277,0,0.0147223,0.0264626,0,0.00999419,1,10.4,-0.0272201,-2.30689,1,-0.0757388,-0.414115,0,0.0372875,-0.564933,0,0.008451,2,10.4,-0.999194,1.74395,1,0.00213832,-0.345084,0,0.00149012,0.114143,0,0.0128136,3,10.4,-0.216291,2.99999,1,-0.412899,4.17233e-05,0,-0.313125,-0.000238419,0,0.00512875,4,10.4,0.000289195,-1.00163,1,-0.00186586,0.0197679,0,0.00324472,-0.0411272,0,0.010815,5,10.4,-1.22382,-1.99987,1,-0.500003,-0.000208616,0,5.96046e-05,5.96046e-05,0,0.0112471,6,10.4,0.753875,3,1,-0.477406,0,0,-0.244528,0,0,0.00429368,7,10.4,-1.26148,1.00305,1,-0.350648,-0.00327826,0,0.0990629,-0.00834465,0,0.0130921,8,10.4,-0.971498,-1.3026,1,0.0811651,-0.47895,0,-0.0614822,-0.221133,0,0.0117499,9,10.4,-2.00024,-1.00002,1,0.00271797,4.17233e-05,0,-0.00631809,5.96046e-05,0,0.00994884,10,10.4,1.9993,-2.00017,1,0.0039041,9.53674e-05,0,-0.00607967,0.00107288,0,0.01147,11,10.4,2.33447,-2.9999,1,0.5,-5.36442e-05,0,0,-0.000238419,0,0.00781036,12,10.4,0.670922,2.00002,1,-0.5,-6.55651e-05,0,-2.98023e-05,0,0,0.0113425,13,10.4,-2.00157,2.0002,1,0.00469089,-0.000506639,0,-0.00178814,0,0,0.00909802,14,10.4,-2.00082,0.73749,1,-0.0018239,-0.389494,0,0.00154972,-0.109851,0,0.0172827,15,10.4,1.74139,-0.999124,1,-0.342011,0.00217259,0,0.112712,0.00175834,0,0.0135094,16,10.4,-1.00738,2.73316,1,0.0245094,-0.49749,0,-0.0170469,-0.0501871,0,0.00819177,17,10.4,-2.99894,-3,1,-0.00416636,4.76837e-05,0,0.0089407,0.000476837,0,0.00754276,18,10.4,-1.00001,-0.342891,1,-3.57628e-05,-0.5,0,5.96046e-05,1.43051e-05,0,0.0134766,19,10.4,-0.00776142,-0.00139848,1,0.0251375,0.00141728,0,-0.00353999,0.00646926,0,0.00979748,20,10.4,2.99996,-1.71507,1,1.78814e-05,0.441107,0,0.000119209,0.119567,0,0.00721394,21,10.4,2.99995,2.00096,1,-0.000202656,-0.0185013,0,0,0.0432134,0,0.00554924,22,10.4,1.99968,2.00001,1,-0.00112653,-0.000241399,0,0.00590086,0.00077486,0,0.00679584,23,10.4,0.997621,-1.26304,1,0.00345856,-0.373954,0,0.0154972,-0.0475049,0,0.0157438,24,10.4,0.202523,0.998707,1,0.457891,-0.092791,0,0.314206,0.321001,0,0.0130848,25,10.4,2.66387,-1,1,-0.498825,-2.98023e-06,0,0.0236034,0,0,0.0100673,26,10.4,0.991208,1.23488,1,0.13587,0.494924,0,-0.380307,0.101507,0,0.0131712,27,10.4,-1.70699,0.00266256,1,0.477746,-0.00227956,0,0.190377,-3.67872e-05,0,0.00954135,28,10.4,2.00003,-0.00916087,1,4.76837e-05,0.026119,0,-0.000357628,0.00570573,0,0.00969802,29,10.4,2.67098,1.00954,1,-0.5,-0.0240803,0,0,0.00739098,0,0.00917238,30,10.4,0.223184,-3,1,0.5,-5.96046e-06,0,0,0,0,0.00928487,31,10.4,-1.00014,-2.99268,1,0.000602007,-0.0594616,0,-0.00089407,0.313997,0,0.00762867,32,10.4,-2.99999,-1.76824,1,-5.96046e-06,0.487554,0,0.000119209,0.217378,0,0.00916144,33,10.4,2.99641,0.248928,1,-0.00575781,0.496918,0,0.0160933,0.0616384,0,0.00737261,34,10.4,0.714121,-2.00083,1,-0.459522,0.00603199,0,-0.237197,-0.00119209,0,0.0120025,35,10.4,-1.99979,-2.9948,1,0.000655651,-0.000137091,0,-0.00345707,-0.0270605,0,0.00817922
0,10.5,0.99794,-0.00918864,1,0.00185231,0.028662,0,0.010211,-0.00235304,0,0.00999419,1,10.5,-0.034456,-2.3508,1,-0.0675967,-0.460604,0,0.120248,-0.364557,0,0.008451,2,10.5,-0.998978,1.71007,1,0.00214353,-0.331857,0,-0.00107288,0.152007,0,0.0128136,3,10.5,-0.259156,2.99999,1,-0.44422,2.27243e-05,0,-0.302762,-0.000163913,0,0.00512875,4,10.5,0.000119505,-0.999869,1,-0.00152269,0.0155055,0,0.00356167,-0.0434481,0,0.010815,5,10.5,-1.27382,-1.99989,1,-0.5,-0.000200048,0,7.45058e-06,0.000104308,0,0.0112471,6,10.5,0.705165,3,1,-0.494402,0,0,-0.101648,0,0,0.00429368,7,10.5,-1.29611,1.00268,1,-0.342417,-0.00391137,0,0.0730976,-0.00428408,0,0.0130921,8,10.5,-0.963834,-1.35139,1,0.0708199,-0.494632,0,-0.140171,-0.0960901,0,0.0117499,9,10.5,-2,-1.00002,1,0.0020843,4.5076e-05,0,-0.00628829,1.49012e-05,0,0.00994884,10,10.5,1.99966,-2.00015,1,0.00324734,0.000183284,0,-0.00692904,0.000685453,0,0.01147,11,10.5,2.38447,-2.99991,1,0.5,-7.37607e-05,0,0,-0.000149012,0,0.00781036,12,10.5,0.620922,2.00001,1,-0.5,-6.33299e-05,0,0,5.96046e-05,0,0.0113425,13,10.5,-2.00112,2.00015,1,0.00437535,-0.000489503,0,-0.00436604,0.000327826,0,0.00909802,14,10.5,-2.00099,0.697733,1,-0.00160299,-0.407803,0,0.00263751,-0.238825,0,0.0172827,15,10.5,1.70771,-0.998904,1,-0.331873,0.00216691,0,0.0963733,-0.00147149,0,0.0135094,16,10.5,-1.00503,2.68326,1,0.0222506,-0.499738,0,-0.0274256,-0.00208616,0,0.00819177,17,10.5,-2.99931,-2.99999,1,-0.00325516,7.97212e-05,0,0.00911951,0.000178814,0,0.00754276,18,10.5,-1.00002,-0.392891,1,-2.8871e-05,-0.5,0,8.19564e-05,0,0,0.0134766,19,10.5,-0.00529795,-0.00122916,1,0.0238348,0.00192319,0,-0.0213795,0.00372266,0,0.00979748,20,10.5,2.99996,-1.67027,1,2.83122e-05,0.455543,0,8.9407e-05,0.157803,0,0.00721394,21,10.5,2.99993,1.99933,1,-0.000185147,-0.0141114,0,0.000342727,0.0439733,0,0.00554924,22,10.5,1.9996,1.99999,1,-0.000583567,-0.000168197,0,0.00493973,0.000692904,0,0.00679584,23,10.5,0.99803,-1.30107,1,0.0045931,-0.389941,0,0.00777841,-0.248477,0,0.0157438,24,10.5,0.249706,0.990946,1,0.48378,-0.0632767,0,0.195535,0.26983,0,0.0130848,25,10.5,2.6142,-1,1,-0.49352,-2.98023e-06,0,0.0846982,0,0,0.0100673,26,10.5,1.00297,1.28469,1,0.100082,0.499682,0,-0.335295,0.0126883,0,0.0131712,27,10.5,-1.6584,0.00243388,1,0.49246,-0.00229838,0,0.102632,-0.000299799,0,0.00954135,28,10.5,2.00003,-0.00655919,1,1.45286e-05,0.0255582,0,-0.000283122,-0.0156897,0,0.00969802,29,10.5,2.62098,1.00719,1,-0.5,-0.0227479,0,0,0.0186339,0,0.00917238,30,10.5,0.273184,-3,1,0.5,-5.96046e-06,0,-8.9407e-07,0,0,0.00928487,31,10.5,-1.00008,-2.99718,1,0.000506267,-0.0319883,0,-0.000998378,0.235319,0,0.00762867,32,10.5,-2.99999,-1.71877,1,3.72529e-06,0.498828,0,5.96046e-05,0.0389963,0,0.00916144,33,10.5,2.99592,0.298808,1,-0.00404492,0.499807,0,0.0178814,0.00770122,0,0.00737261,34,10.5,0.667063,-2.00024,1,-0.480637,0.00567082,0,-0.17722,-0.0057742,0,0.0120025,35,10.5,-1.99974,-2.99494,1,0.000335649,-0.00258125,0,-0.00292063,-0.0216514,0,0.00817922
0,10.6,0.99817,-0.00637198,1,0.00266582,0.0273254,0,0.00616908,-0.023118,0,0.0110029,1,10.6,-0.0405142,-2.39836,1,-0.0526835,-0.487566,0,0.173377,-0.180244,0,0.00942864,2,10.6,-0.998771,1.67772,1,0.00198185,-0.314444,0,-0.00196695,0.196934,0,0.0126793,3,10.6,-0.305004,2.99999,1,-0.471653,5.96046e-06,0,-0.238478,0,0,0.00610867,4,10.6,-1.48245e-05,-0.998535,1,-0.00116375,0.0111952,0,0.00357165,-0.0422299,0,0.0105828,5,10.6,-1.32382,-1.99991,1,-0.500003,-0.000187755,0,5.96046e-05,0.000178814,0,0.0114902,6,10.6,0.655396,3,1,-0.499468,0,0,-0.0106394,0,0,0.00542768,7,10.6,-1.32998,1.00228,1,-0.334707,-0.00413358,0,0.0866652,-0.000119209,0,0.013716,8,10.6,-0.957546,-1.40117,1,0.0541151,-0.499478,0,-0.189364,-0.0104308,0,0.0109031,9,10.6,-1.99982,-1.00001,1,0.00147521,4.47035e-05,0,-0.00590086,-5.96046e-05,0,0.010514,10,10.6,1.99994,-2.00013,1,0.00253618,0.000232458,0,-0.00709295,0.000476837,0,0.0116245,11,10.6,2.43447,-2.99992,1,0.5,-8.9407e-05,0,0,-0.000119209,0,0.0102072,12,10.6,0.570922,2.00001,1,-0.5,-5.96046e-05,0,-2.98023e-05,0.000119209,0,0.0123367,13,10.6,-2.0007,2.00011,1,0.0038445,-0.000447035,0,-0.00584126,0.000596046,0,0.00794249,14,10.6,-2.00114,0.655664,1,-0.0013411,-0.434184,0,0.0025034,-0.275522,0,0.0118484,15,10.6,1.67502,-0.998698,1,-0.321642,0.00195056,0,0.112891,-0.0025332,0,0.0120241,16,10.6,-1.00295,2.63333,1,0.0191569,-0.498331,0,-0.0337958,0.033617,0,0.00826488,17,10.6,-2.99959,-2.99998,1,-0.00237226,8.9407e-05,0,0.00870228,-0.000119209,0,0.00932511,18,10.6,-1.00002,-0.442891,1,-1.78814e-05,-0.5,0,0,1.43051e-05,0,0.0102885,19,10.6,-0.00304301,-0.00102225,1,0.0210722,0.00217665,0,-0.0329008,0.0014214,0,0.0101885,20,10.6,2.99996,-1.62394,1,3.57628e-05,0.470635,0,0,0.135005,0,0.00686082,21,10.6,2.99992,1.99814,1,-0.000143051,-0.00981092,0,0.000596046,0.041604,0,0.00634543,22,10.6,1.99956,1.99997,1,-0.000140071,-0.000104308,0,0.00393391,0.000596046,0,0.00803861,23,10.6,0.998519,-1.34148,1,0.00512153,-0.419435,0,0.00330806,-0.322938,0,0.0127297,24,10.6,0.298836,0.985886,1,0.496662,-0.0387147,0,0.0667572,0.221997,0,0.0135777,25,10.6,2.56538,-1,1,-0.481546,0,0,0.156283,-5.96046e-05,0,0.0102301,26,10.6,1.01138,1.33468,1,0.0688344,0.500003,0,-0.289738,-5.96046e-05,0,0.0112793,27,10.6,-1.60878,0.00220239,1,0.498667,-0.00233224,0,0.0266433,-0.00034424,0,0.00993526,28,10.6,2.00003,-0.00410865,1,-1.19209e-05,0.0232114,0,-0.000238419,-0.0301761,0,0.0112074,29,10.6,2.57098,1.00502,1,-0.5,-0.0204682,0,0,0.0263453,0,0.00892463,30,10.6,0.323184,-3,1,0.5,-5.96046e-06,0,-1.43051e-05,0,0,0.0108986,31,10.6,-1.00004,-2.99934,1,0.000405312,-0.0123024,0,-0.00101328,0.159621,0,0.0078904,32,10.6,-2.99999,-1.6688,1,5.96046e-06,0.500003,0,0,-5.96046e-05,0,0.00770134,33,10.6,2.9956,0.348804,1,-0.00222921,0.5,0,0.018239,1.43051e-05,0,0.00642109,34,10.6,0.618254,-1.99971,1,-0.494088,0.0049293,0,-0.0908673,-0.00888109,0,0.00976238,35,10.6,-1.99972,-2.99529,1,7.45058e-05,-0.00445247,0,-0.00238419,-0.0154972,0,0.00830271
0,10.7,0.998461,-0.00377981,1,0.00310186,0.024298,0,0.00266731,-0.0363396,0,0.0110029,1,10.7,-0.0448891,-2.44776,1,-0.0346106,-0.498345,0,0.185708,-0.0481904,0,0.00942864,2,10.7,-0.998587,1.64718,1,0.00165105,-0.297025,0,-0.00430644,0.157528,0,0.0126793,3,10.7,-0.353168,2.99999,1,-0.489766,5.96046e-06,0,-0.126703,0,0,0.00610867,4,10.7,-0.000113687,-0.99762,1,-0.000817696,0.0071656,0,0.00332068,-0.038065,0,0.0105828,5,10.7,-1.37382,-1.99992,1,-0.5,-0.000168942,0,7.45058e-06,0.000201166,0,0.0114902,6,10.7,0.605416,3,1,-0.499967,0,0,-0.00133738,0,0,0.00542768,7,10.7,-1.36352,1.00187,1,-0.340539,-0.00400282,0,-0.181183,0.00277162,0,0.013716,8,10.7,-0.953101,-1.45115,1,0.0346429,-0.499967,0,-0.197794,-0.00130385,0,0.0109031,9,10.7,-1.99971,-1.00001,1,0.000920519,3.7998e-05,0,-0.0051558,-7.45058e-05,0,0.010514,10,10.7,2.00016,-2.00011,1,0.00184048,0.000263005,0,-0.00674278,0.000149012,0,0.0116245,11,10.7,2.48447,-2.99993,1,0.5,-9.90927e-05,0,0,-5.96046e-05,0,0.0102072,12,10.7,0.520922,2,1,-0.5,-4.76837e-05,0,2.08616e-06,0.000119209,0,0.0123367,13,10.7,-2.00035,2.00006,1,0.00320971,-0.000381097,0,-0.00673532,0.000700355,0,0.00794249,14,10.7,-2.00126,0.610907,1,-0.00102185,-0.460337,0,0.00376999,-0.239447,0,0.0118484,15,10.7,1.64287,-0.998519,1,-0.326245,0.00158055,0,-0.17976,-0.00440702,0,0.0120241,16,10.7,-1.00121,2.58373,1,0.0156673,-0.49278,0,-0.0356063,0.080511,0,0.00826488,17,10.7,-2.99979,-2.99997,1,-0.00156537,7.26432e-05,0,0.00736117,-0.000193715,0,0.00932511,18,10.7,-1.00002,-0.492891,1,-1.546e-05,-0.5,0,3.72529e-05,-5.66244e-06,0,0.0102885,19,10.7,-0.00111187,-0.00080075,1,0.0174546,0.00222289,0,-0.0386796,-0.000412109,0,0.0101885,20,10.7,2.99997,-1.57622,1,3.57628e-05,0.483419,0,0,0.115916,0,0.00686082,21,10.7,2.9999,1.99735,1,-8.19564e-05,-0.00588764,0,0.000625849,0.0366196,0,0.00634543,22,10.7,1.99956,1.99997,1,0.000200048,-5.02914e-05,0,0.00287592,0.000476837,0,0.00803861,23,10.7,0.999039,-1.38499,1,0.0051856,-0.450237,0,-0.00177324,-0.284128,0,0.0127297,24,10.7,0.348707,0.983043,1,0.499791,-0.0189539,0,0.00834644,0.174187,0,0.0135777,25,10.7,2.51796,-1,1,-0.467137,-4.84288e-06,0,0.140324,-2.98023e-05,0,0.0102301,26,10.7,1.0169,1.38468,1,0.0424521,0.5,0,-0.23859,-7.45058e-06,0,0.0112793,27,10.7,-1.55884,0.00196803,1,0.499916,-0.00234885,0,0.00333041,1.41596e-05,0,0.00993526,28,10.7,2.00003,-0.00195416,1,-3.20375e-05,0.0197431,0,-0.000149012,-0.0383124,0,0.0112074,29,10.7,2.52098,1.00312,1,-0.5,-0.0175949,0,0,0.0306666,0,0.00892463,30,10.7,0.373184,-3,1,0.5,-5.96046e-06,0,0,0,0,0.0108986,31,10.7,-1,-2.99988,1,0.000305753,0.000322983,0,-0.00096485,0.0957102,0,0.0078904,32,10.7,-2.99999,-1.6188,1,5.58794e-06,0.5,0,-1.49012e-05,-7.45058e-06,0,0.00770134,33,10.7,2.99547,0.398804,1,-0.000493973,0.5,0,0.0163913,-1.78814e-06,0,0.00642109,34,10.7,0.568528,-1.99926,1,-0.499288,0.00397824,0,-0.0216253,-0.0100136,0,0.00976238,35,10.7,-1.99973,-2.99581,1,-0.000131875,-0.00568293,0,-0.00174344,-0.00922382,0,0.00830271
0,10.8,0.99878,-0.00154603,1,0.00322461,0.0202576,0,-0.000149012,-0.0435596,0,0.00968171,1,10.8,-0.047418,-2.49772,1,-0.0159803,-0.500005,0,0.184886,0.000119209,0,0.00923279,2,10.8,-0.998445,1.61824,1,0.00118315,-0.28187,0,-0.00479817,0.150263,0,0.0111392,3,10.8,-0.402622,2.99999,1,-0.497897,5.96046e-06,0,-0.0420654,0,0,0.00563832,4,10.8,-0.000179465,-0.997085,1,-0.000504517,0.0036329,0,0.00292275,-0.0324547,0,0.0100553,5,10.8,-1.42382,-1.99994,1,-0.500003,-0.000149012,0,5.96046e-05,0.000178814,0,0.0099563,6,10.8,0.555417,3,1,-0.5,0,0,-2.98023e-05,0,0,0.00729104,7,10.8,-1.39876,1.00149,1,-0.36689,-0.00357628,0,-0.327528,0.00584126,0,0.0124104,8,10.8,-0.950624,-1.50114,1,0.0149772,-0.500003,0,-0.193596,5.96046e-05,0,0.00972803,9,10.8,-1.99964,-1,1,0.000447035,2.98023e-05,0,-0.00423193,-5.96046e-05,0,0.0080816,10,10.8,2.00031,-2.00008,1,0.00119805,0.000268221,0,-0.00596046,-0.000119209,0,0.0117459,11,10.8,2.53447,-2.99994,1,0.5,-0.000101328,0,0,0,0,0.00975482,12,10.8,0.470922,2,1,-0.5,-3.57628e-05,0,1.43051e-05,0.000119209,0,0.0104901,13,10.8,-2.00006,2.00003,1,0.0025183,-0.000309944,0,-0.00697374,0.000834465,0,0.00931251,14,10.8,-2.00134,0.563786,1,-0.000607967,-0.480892,0,0.00452995,-0.167936,0,0.0103612,15,10.8,1.60904,-0.998383,1,-0.352961,0.00115037,0,-0.333428,-0.0038743,0,0.0113244,16,10.8,-0.999822,2.53495,1,0.0121042,-0.481707,0,-0.0353158,0.14317,0,0.00851564,17,10.8,-2.99991,-2.99997,1,-0.00090003,5.36442e-05,0,0.00560284,-0.000357628,0,0.00872186,18,10.8,-1.00002,-0.542891,1,-1.19209e-05,-0.5,0,0.000119209,-2.98023e-05,0,0.0100383,19,10.8,0.000435956,-0.000582963,1,0.0134752,0.00211035,0,-0.0402893,-0.00176208,0,0.0109408,20,10.8,2.99997,-1.52736,1,3.57628e-05,0.493136,0,0,0.0764132,0,0.00916237,21,10.8,2.9999,1.99694,1,-1.78814e-05,-0.00252426,0,0.000476837,0.030458,0,0.00609698,22,10.8,1.9996,1.99996,1,0.000441074,-8.9407e-06,0,0.00184774,0.000357628,0,0.00681963,23,10.8,0.999542,-1.43132,1,0.00481457,-0.474924,0,-0.00539422,-0.205219,0,0.0107684,24,10.8,0.398703,0.981946,1,0.5,-0.00368804,0,-1.43051e-05,0.132054,0,0.0121608,25,10.8,2.47198,-1,1,-0.452024,-5.96046e-06,0,0.168204,0,0,0.00864656,26,10.8,1.02003,1.43468,1,0.0209808,0.500003,0,-0.191569,-5.96046e-05,0,0.0105658,27,10.8,-1.50884,0.00173383,1,0.500003,-0.00232919,0,-5.96046e-05,0.000379048,0,0.00957003,28,10.8,2.00003,-0.000178813,1,-4.17233e-05,0.015708,0,-0.000119209,-0.041675,0,0.0112257,29,10.8,2.47098,1.00151,1,-0.5,-0.0144154,0,0,0.0324845,0,0.00874896,30,10.8,0.423184,-3,1,0.5,-5.96046e-06,0,-1.43051e-05,0,0,0.00937845,31,10.8,-0.999977,-2.99946,1,0.000211596,0.00736117,0,-0.000834465,0.0476837,0,0.00762064,32,10.8,-2.99999,-1.5688,1,5.96046e-06,0.500003,0,-0.000119209,-5.96046e-05,0,0.00965983,33,10.8,2.9955,0.448804,1,0.00103712,0.5,0,0.0140667,-1.43051e-05,0,0.00846792,34,10.8,0.518545,-1.99892,1,-0.5,0.00295043,0,1.43051e-05,-0.0103712,0,0.0100911,35,10.8,-1.99975,-2.99641,1,-0.000277162,-0.00631213,0,-0.00119209,-0.00369549,0,0.00781694
0,10.9,0.999098,0.000257084,1,0.00309991,0.0157733,0,-0.002224,-0.0454562,0,0.00968171,1,10.9,-0.0481104,-2.54772,1,0.00190534,-0.5,0,0.171312,1.49012e-05,0,0.00923279,2,10.9,-0.998353,1.59003,1,0.000653695,-0.289135,0,-0.00566617,-0.259623,0,0.0111392,3,10.9,-0.452541,2.99999,1,-0.499869,5.96046e-06,0,-0.00525281,0,0,0.00563832,4,10.9,-0.000216133,-0.996873,1,-0.000237298,0.000719447,0,0.00241515,-0.0257902,0,0.0100553,5,10.9,-1.47382,-1.99995,1,-0.5,-0.000130385,0,7.45058e-06,0.000193715,0,0.0099563,6,10.9,0.505417,3,1,-0.5,0,0,5.66244e-06,0,0,0.00729104,7,10.9,-1.43716,1.00116,1,-0.40128,-0.00301786,0,-0.349909,0.00533462,0,0.0124104,8,10.9,-0.95007,-1.55114,1,-0.00363104,-0.5,0,-0.17713,7.45058e-06,0,0.00972803,9,10.9,-1.99961,-1,1,7.0408e-05,2.37487e-05,0,-0.00329316,-6.33299e-05,0,0.0080816,10,10.9,2.00041,-2.00006,1,0.00064671,0.000247732,0,-0.00506639,-0.000283122,0,0.0117459,11,10.9,2.58446,-2.99995,1,0.499618,-9.94653e-05,0,-0.0118911,4.47035e-05,0,0.00975482,12,10.9,0.420924,1.99999,1,-0.499881,-2.47732e-05,0,0.0047534,9.68575e-05,0,0.0104901,13,10.9,-1.99985,2,1,0.00183359,-0.000229292,0,-0.00664592,0.000782311,0,0.00931251,14,10.9,-2.00138,0.514995,1,-0.000145659,-0.493568,0,0.00463426,-0.0866652,0,0.0103612,15,10.9,1.57197,-0.998289,1,-0.389089,0.000712182,0,-0.376463,-0.00479445,0,0.0113244,16,10.9,-0.998785,2.48746,1,0.00867024,-0.46841,0,-0.0331178,0.13113,0,0.00851564,17,10.9,-2.99997,-2.99996,1,-0.000409409,2.01166e-05,0,0.00415742,-0.000298023,0,0.00872186,18,10.9,-1.00002,-0.592877,1,-9.31323e-07,-0.499434,0,9.68575e-05,0.0167154,0,0.0100383,19,10.9,0.00158428,-0.000382393,1,0.00952407,0.00188628,0,-0.038332,-0.00264904,0,0.0109408,20,10.9,2.99997,-1.47774,1,3.57628e-05,0.498547,0,0,0.0323728,0,0.00916237,21,10.9,2.9999,1.99683,1,2.75671e-05,0.000177883,0,0.000417233,0.023596,0,0.00609698,22,10.9,1.99965,1.99996,1,0.000583194,2.14204e-05,0,0.00102073,0.000245869,0,0.00681963,23,10.9,0.999992,-1.47968,1,0.00415435,-0.490812,0,-0.00763312,-0.113226,0,0.0107684,24,10.9,0.448703,0.982171,1,0.5,0.00755284,0,0,0.0938177,0,0.0121608,25,10.9,2.42739,-1,1,-0.441818,-5.7742e-06,0,0.0491887,7.45058e-06,0,0.00864656,26,10.9,1.02124,1.48468,1,0.00401661,0.5,0,-0.148416,-7.45058e-06,0,0.0105658,27,10.9,-1.45884,0.00150341,1,0.5,-0.00227315,0,-7.45058e-06,0.000740307,0,0.00957003,28,10.9,2.00002,0.00118368,1,-4.99189e-05,0.0115551,0,-2.98023e-05,-0.0408948,0,0.0112257,29,10.9,2.42099,1.00023,1,-0.499881,-0.011212,0,0.00473857,0.0313818,0,0.00874896,30,10.9,0.473184,-3,1,0.5,-5.96046e-06,0,-1.78814e-06,0,0,0.00937845,31,10.9,-0.999959,-2.99854,1,0.000133179,0.0103448,0,-0.000730157,0.0139922,0,0.00762064,32,10.9,-2.99999,-1.5188,1,-4.09782e-06,0.5,0,-7.45058e-05,-7.45058e-06,0,0.00965983,33,10.9,2.99567,0.498804,1,0.00232048,0.5,0,0.0115484,5.66244e-06,0,0.00846792,34,10.9,0.468545,-1.99867,1,-0.5,0.00192579,0,0,-0.0100359,0,0.0100911,35,10.9,-1.99978,-2.99705,1,-0.000368617,-0.00642315,0,-0.000663102,0.0012815,0,0.00781694
0,11,0.999394,0.0016086,1,0.00280142,0.0112849,0,-0.00363588,-0.0437949,0,0.00950566,1,11,-0.0470963,-2.59772,1,0.0180144,-0.5,0,0.149703,0,0,0.00877214,2,11,-0.998316,1.55939,1,7.30157e-05,-0.327253,0,-0.00584126,-0.473261,0,0.0115478,3,11,-0.502538,2.99999,1,-0.500001,5.96046e-06,0,2.98023e-05,0,0,0.00676882,4,11,-0.000228669,-0.996919,1,-2.2287e-05,-0.00152439,0,0.00188359,-0.0191331,0,0.00937396,5,11,-1.52382,-1.99997,1,-0.500003,-0.000110269,0,5.96046e-05,0.000178814,0,0.00968616,6,11,0.455417,3,1,-0.5,0,0,1.43051e-05,0,0,0.00752744,7,11,-1.479,1.00088,1,-0.435084,-0.00250936,0,-0.318587,0.00476837,0,0.00997657,8,11,-0.951281,-1.60114,1,-0.020197,-0.500003,0,-0.153065,5.96046e-05,0,0.00899721,9,11,-1.99962,-0.999999,1,-0.000214577,1.78814e-05,0,-0.00238419,-5.96046e-05,0,0.00808282,10,11,2.00045,-2.00003,1,0.000190735,0.000220537,0,-0.00405312,-0.000476837,0,0.010914,11,11,2.63431,-2.99996,1,0.49659,-9.53674e-05,0,-0.0548363,0.000119209,0,0.00896659,12,11,0.370998,1.99999,1,-0.498099,-1.49012e-05,0,0.0380427,0.000119209,0,0.0106383,13,11,-1.9997,1.99998,1,0.00120103,-0.000154972,0,-0.00602007,0.000596046,0,0.00992057,14,11,-2.00137,0.465322,1,0.000309944,-0.498828,0,0.00429153,-0.0234395,0,0.00888781,15,11,1.53119,-0.998243,1,-0.426048,0.000210106,0,-0.353396,-0.0051856,0,0.00812245,16,11,-0.998078,2.44131,1,0.00552386,-0.454038,0,-0.0296533,0.162482,0,0.00835293,17,11,-3,-2.99996,1,-7.15256e-05,-5.96046e-06,0,0.0026226,-0.000238419,0,0.00878345,18,11,-1.00002,-0.642671,1,8.9407e-06,-0.495693,0,5.96046e-05,0.0624359,0,0.00945118,19,11,0.00235102,-0.00020799,1,0.00587798,0.00159351,0,-0.0343011,-0.00314706,0,0.0108066,20,11,2.99998,-1.42779,1,3.57628e-05,0.5,0,-0.000119209,0,0,0.00836785,21,11,2.9999,1.99695,1,6.55651e-05,0.00220239,0,0.000357628,0.0168681,0,0.00630069,22,11,1.99971,1.99997,1,0.000649691,4.17233e-05,0,0.000357628,0.000178814,0,0.00745388,23,11,1.00037,-1.52919,1,0.00332296,-0.498116,0,-0.00888109,-0.0376701,0,0.00985657,24,11,0.498703,0.983339,1,0.5,0.0152782,0,2.98023e-05,0.061661,0,0.0106738,25,11,2.38335,-1,1,-0.439781,-2.98023e-06,0,0.00238419,-5.96046e-05,0,0.00861662,26,11,1.02097,1.53468,1,-0.00884831,0.500003,0,-0.109553,-5.96046e-05,0,0.0105443,27,11,-1.40884,0.00128038,1,0.500003,-0.00218161,0,-5.96046e-05,0.00108703,0,0.00926759,28,11,2.00002,0.00213936,1,-5.36442e-05,0.00761416,0,0,-0.0375623,0,0.0112861,29,11,2.37106,0.999267,1,-0.498104,-0.00817627,0,0.0380278,0.0291169,0,0.00905041,30,11,0.523184,-3,1,0.500001,0,0,-2.98023e-05,-0.000119209,0,0.00850229,31,11,-0.99995,-2.99748,1,6.55651e-05,0.0105262,0,-0.000596046,-0.00882149,0,0.00823394,32,11,-2.99999,-1.4688,1,-1.19209e-05,0.500003,0,0,-5.96046e-05,0,0.00781194,33,11,2.99595,0.548804,1,0.00334382,0.5,0,0.00882149,2.98023e-05,0,0.00662809,34,11,0.418545,-1.99853,1,-0.5,0.000959635,0,1.43051e-05,-0.00917912,0,0.0100426,35,11,-1.99982,-2.99768,1,-0.000414252,-0.00609756,0,-0.000178814,0.00500679,0,0.00838151
0,11.1,0.999654,0.00252504,1,0.00239294,0.00712058,0,-0.004448,-0.0392023,0,0.00950566,1,11.1,-0.0446049,-2.64758,1,0.0312323,-0.495755,0,0.11483,0.0855774,0,0.00877214,2,11.1,-0.998337,1.52423,1,-0.000478514,-0.376292,0,-0.0051558,-0.491865,0,0.0115478,3,11.1,-0.552538,2.99999,1,-0.499997,5.96046e-06,0,0.000111759,0,0,0.00676882,4,11.1,-0.000222384,-0.997156,1,0.000139113,-0.00311062,0,0.00135181,-0.0127181,0,0.00937396,5,11.1,-1.57381,-1.99998,1,-0.499904,-9.23872e-05,0,0.00383705,0.000178814,0,0.00968616,6,11.1,0.405434,3,1,-0.499343,0,0,0.018537,0,0,0.00752744,7,11.1,-1.524,1.00065,1,-0.463799,-0.00205748,0,-0.251159,0.00427663,0,0.00997657,8,11.1,-0.954004,-1.651,1,-0.033643,-0.495791,0,-0.116114,0.0845343,0,0.00899721,9,11.1,-1.99965,-0.999997,1,-0.000409968,1.20141e-05,0,-0.00154227,-5.58794e-05,0,0.00808282,10,11.1,2.00045,-2.00001,1,-0.000162795,0.00017304,0,-0.00302494,-0.000469387,0,0.010914,11,11.1,2.68359,-2.99996,1,0.487945,-8.34465e-05,0,-0.121668,0.000119209,0,0.00896659,12,11.1,0.321468,1.99999,1,-0.49149,-4.09782e-06,0,0.0981502,8.9407e-05,0,0.0106383,13,11.1,-1.9996,1.99997,1,0.00064522,-9.89065e-05,0,-0.0050813,0.000528991,0,0.00992057,14,11.1,-2.00132,0.41537,1,0.00070259,-0.49979,0,0.00354648,0.00252388,0,0.00888781,15,11.1,1.48693,-0.998248,1,-0.458151,-0.000304263,0,-0.283182,-0.00504032,0,0.00812245,16,11.1,-0.997665,2.39654,1,0.00283876,-0.442904,0,-0.0241064,0.0709593,0,0.00835293,17,11.1,-2.99999,-2.99997,1,0.000127405,-2.6077e-05,0,0.00143051,-0.000149012,0,0.00878345,18,11.1,-1.00002,-0.691828,1,1.47149e-05,-0.486369,0,5.21541e-05,0.127137,0,0.00945118,19,11.1,0.00277639,-6.47364e-05,1,0.00272329,0.00126911,0,-0.0286816,-0.00329528,0,0.0108066,20,11.1,2.99998,-1.37786,1,2.57045e-05,0.497609,0,-7.45058e-05,-0.0507608,0,0.00836785,21,11.1,2.99991,1.99725,1,9.49949e-05,0.00357125,0,0.00025332,0.0106469,0,0.00630069,22,11.1,1.99978,1.99997,1,0.000656955,5.51343e-05,0,-0.000186265,8.9407e-05,0,0.00745388,23,11.1,1.00065,-1.57912,1,0.00243448,-0.499774,0,-0.00880659,-0.00037998,0,0.00985657,24,11.1,0.548703,0.985129,1,0.5,0.020091,0,0,0.0354648,0,0.0106738,25,11.1,2.33934,-1,1,-0.440563,-7.07805e-06,0,-0.00829995,-1.49012e-05,0,0.00861662,26,11.1,1.0196,1.58467,1,-0.0179276,0.499704,0,-0.0730604,-0.00949204,0,0.0105443,27,11.1,-1.35896,0.00106836,1,0.496418,-0.00205223,0,-0.0728965,0.0014839,0,0.00926759,28,11.1,2.00001,0.00272146,1,-5.17815e-05,0.00411713,0,4.47035e-05,-0.0322108,0,0.0112861,29,11.1,2.32153,0.99859,1,-0.491501,-0.00541722,0,0.0980496,0.0259392,0,0.00905041,30,11.1,0.573182,-3,1,0.499907,-5.21541e-06,0,-0.00372157,0,0,0.00850229,31,11.1,-0.999946,-2.9965,1,1.25729e-05,0.00892729,0,-0.000465661,-0.0219047,0,0.00823394,32,11.1,-2.99999,-1.41881,1,-1.19209e-05,0.499819,0,0,-0.0064224,0,0.00781194,33,11.1,2.99632,0.598778,1,0.00406429,0.499081,0,0.00566244,-0.0234433,0,0.00662809,34,11.1,0.368642,-1.99848,1,-0.497029,0.000117719,0,0.0615454,-0.0076592,0,0.0100426,35,11.1,-1.99986,-2.99826,1,-0.000414997,-0.00545457,0,0.000149012,0.0076592,0,0.00838151
0,11.2,0.999871,0.00305064,1,0.0019297,0.00349201,0,-0.00479817,-0.033183,0,0.00996154,1,11.2,-0.0409641,-2.69658,1,0.0410257,-0.482816,0,0.0813119,0.17333,0,0.00974514,2,11.2,-0.998409,1.48421,1,-0.000952184,-0.422966,0,-0.00429153,-0.430822,0,0.0105071,3,11.2,-0.602536,3,1,-0.499955,5.96046e-06,0,0.000953674,0,0,0.00650195,4,11.2,-0.00020254,-0.997521,1,0.000249736,-0.00409484,0,0.000869841,-0.00709295,0,0.00896469,5,11.2,-1.62375,-1.99998,1,-0.498465,-7.45058e-05,0,0.0306368,0.000119209,0,0.0124618,6,11.2,0.355661,3,1,-0.495345,0,0,0.0654757,0,0,0.00643267,7,11.2,-1.5715,1.00047,1,-0.484663,-0.00165403,0,-0.164211,0.00375509,0,0.0105973,8,11.2,-0.95789,-1.70002,1,-0.0434801,-0.483078,0,-0.0809729,0.169516,0,0.00953288,9,11.2,-1.9997,-0.999996,1,-0.000527501,7.45058e-06,0,-0.000834465,-5.96046e-05,0,0.00905779,10,11.2,2.00042,-2,1,-0.000417233,0.00012517,0,-0.00202656,-0.000417233,0,0.0109612,11,11.2,2.73164,-2.99997,1,0.471693,-7.15256e-05,0,-0.205278,0.000119209,0,0.00977001,12,11.2,0.272936,1.99999,1,-0.47783,2.98023e-06,0,0.177443,5.96046e-05,0,0.00948908,13,11.2,-1.99956,1.99996,1,0.000190735,-4.76837e-05,0,-0.00411272,0.000357628,0,0.0110191,14,11.2,-2.00123,0.365456,1,0.00101328,-0.497817,0,0.00286102,0.0436455,0,0.00933308,15,11.2,1.43984,-0.998303,1,-0.481886,-0.000786781,0,-0.188887,-0.00455976,0,0.00942649,16,11.2,-0.997492,2.35253,1,0.000691414,-0.437891,0,-0.0188947,0.0379086,0,0.00780541,17,11.2,-2.99997,-2.99997,1,0.000220537,-4.17233e-05,0,0.000596046,0,0,0.009531,18,11.2,-1.00002,-0.739702,1,1.78814e-05,-0.46979,0,5.96046e-05,0.206053,0,0.00939183,19,11.2,0.00291534,4.57677e-05,1,0.000157254,0.00094259,0,-0.0225944,-0.00319936,0,0.00974397,20,11.2,2.99998,-1.32846,1,2.38419e-05,0.489354,0,-0.000119209,-0.116229,0,0.00686608,21,11.2,2.99992,1.99765,1,0.000113249,0.00436008,0,0.000119209,0.00536442,0,0.00679852,22,11.2,1.99984,1.99998,1,0.000619888,6.25849e-05,0,-0.000596046,-5.96046e-05,0,0.00694098,23,11.2,1.00086,-1.62905,1,0.00157356,-0.498268,0,-0.00822544,0.0346303,0,0.00899249,24,11.2,0.598703,0.987279,1,0.5,0.022538,0,2.98023e-05,0.0142455,0,0.0113787,25,11.2,2.29529,-1,1,-0.439757,-8.9407e-06,0,0.0317097,5.96046e-05,0,0.00912013,26,11.2,1.0175,1.63455,1,-0.0236571,0.497139,0,-0.0425577,-0.0478625,0,0.0102405,27,11.2,-1.30981,0.000871092,1,0.485241,-0.00188809,0,-0.151157,0.00178316,0,0.00932048,28,11.2,2.00001,0.00298209,1,-4.17233e-05,0.00119765,0,-0.000119209,-0.0260896,0,0.0119197,29,11.2,2.273,0.998172,1,-0.47785,-0.00300705,0,0.177264,0.0221729,0,0.00777957,30,11.2,0.623124,-3,1,0.498511,-5.96046e-06,0,-0.0297725,0.000119209,0,0.00836615,31,11.2,-0.999947,-2.99573,1,-2.83122e-05,0.00636578,0,-0.000327826,-0.0283718,0,0.00898522,32,11.2,-2.99999,-1.3689,1,-1.19209e-05,0.497755,0,0,-0.0416636,0,0.00911337,33,11.2,2.99675,0.648495,1,0.00448227,0.494435,0,0.00298023,-0.0732541,0,0.00699451,34,11.2,0.319364,-1.9985,1,-0.487351,-0.000572205,0,0.133306,-0.00607967,0,0.00973601,35,11.2,-1.9999,-2.99876,1,-0.00038743,-0.00460744,0,0.000357628,0.00917912,0,0.0069636
0,11.3,1.00004,0.00272196,1,0.00145277,-0.0144791,0,-0.00469014,-0.298607,0,0.00996154,1,11.3,-0.0360502,-2.74386,1,0.0607584,-0.461232,0,0.292082,0.257745,0,0.00974514,2,11.3,-0.997559,1.44002,1,0.0266037,-0.458483,0,0.515278,-0.280306,0,0.0105071,3,11.3,-0.652471,3,1,-0.498027,5.96046e-06,0,0.0438616,0,0,0.00650195,4,11.3,-0.000173953,-0.99848,1,0.00031498,-0.0195457,0,0.000448418,-0.274517,0,0.00896469,5,11.3,-1.67358,-1.99999,1,-0.49887,-6.25849e-05,0,-0.0191703,0.000119209,0,0.0124618,6,11.3,0.306554,3,1,-0.485688,0,0,0.130642,0,0,0.00643267,7,11.3,-1.6206,1.00032,1,-0.495627,-0.00130311,0,-0.0543669,0.00327826,0,0.0105973,8,11.3,-0.962598,-1.7469,1,-0.0502159,-0.449408,0,-0.0532456,0.482246,0,0.00953288,9,11.3,-1.99976,-0.999996,1,-0.000579283,2.04891e-06,0,-0.000238419,-4.47035e-05,0,0.00905779,10,11.3,2.00037,-1.99946,1,-0.00057593,0.0150636,0,-0.00116229,0.271633,0,0.0109612,11,11.3,2.77759,-2.99998,1,0.445512,-5.96046e-05,0,-0.314668,0.000119209,0,0.00977001,12,11.3,0.226226,1.99999,1,-0.454594,8.00937e-06,0,0.284111,3.72529e-05,0,0.00948908,13,11.3,-1.99956,1.99996,1,-0.000166148,-1.45286e-05,0,-0.00302494,0.000312924,0,0.0110191,14,11.3,-2.00112,0.315992,1,0.00125505,-0.490382,0,0.00198185,0.108533,0,0.00933308,15,11.3,1.39088,-0.998771,1,-0.495589,-0.0118443,0,-0.0837818,-0.201184,0,0.00942649,16,11.3,-0.99751,2.30893,1,-0.000956189,-0.433775,0,-0.0141226,0.0512898,0,0.00780541,17,11.3,-2.99995,-2.99997,1,0.000247732,-4.17233e-05,0,-1.49012e-05,0,0,0.009531,18,11.3,-0.999564,-0.785474,1,0.0130844,-0.443969,0,0.239912,0.30699,0,0.00939183,19,11.3,0.00335076,0.000124476,1,0.0131725,0.000636601,0,0.255289,-0.00289902,0,0.00974397,20,11.3,2.99998,-1.27976,1,1.37836e-05,0.487309,0,-7.45058e-05,0.0458285,0,0.00686608,21,11.3,2.99993,1.9981,1,0.000120327,0.00466611,0,4.47035e-05,0.000946224,0,0.00679852,22,11.3,1.9999,1.99998,1,0.000547431,5.56931e-05,0,-0.000841916,-8.19564e-05,0,0.00694098,23,11.3,1.00134,-1.67853,1,0.0114577,-0.489795,0,0.190534,0.133581,0,0.00899249,24,11.3,0.648569,0.989574,1,0.495949,0.0230952,0,-0.0816397,-0.00235811,0,0.0113787,25,11.3,2.2521,-1.00001,1,-0.418307,-4.09782e-06,0,0.374749,2.98023e-05,0,0.00912013,26,11.3,1.01496,1.68393,1,-0.026644,0.489432,0,-0.0180304,-0.109896,0,0.0102405,27,11.3,-1.26183,0.000691622,1,0.47598,-0.00169756,0,-0.0469312,0.00200921,0,0.00932048,28,11.3,2,0.0029824,1,-4.80562e-05,-0.00108255,0,-2.98023e-05,-0.0195595,0,0.0119197,29,11.3,2.22628,0.997974,1,-0.454631,-0.001017,0,0.283971,0.0176579,0,0.00777957,30,11.3,0.672956,-3,1,0.498915,3.72529e-06,0,0.0186116,5.96046e-05,0,0.00836615,31,11.3,-0.999428,-2.99524,1,0.0149229,0.00345036,0,0.271779,-0.0293255,0,0.00898522,32,11.3,-2.99999,-1.31942,1,-1.19209e-05,0.490736,0,0,-0.102572,0,0.00911337,33,11.3,2.99721,0.697469,1,0.00465214,0.483938,0,0.000476837,-0.139426,0,0.00699451,34,11.3,0.271086,-1.99858,1,-0.479954,-0.00109263,0,0.0279024,-0.00435114,0,0.00973601,35,11.3,-1.99994,-2.99866,1,-0.000343099,0.0112653,0,0.000521541,0.280678,0,0.0069636
0,11.4,1.00016,-0.000469884,1,0.00100136,-0.0513134,0,-0.00435114,-0.416551,0,0.0111203,1,11.4,-0.0283118,-2.78856,1,0.0955916,-0.43146,0,0.387337,0.336409,0,0.0101059,2,11.4,-0.991741,1.39301,1,0.0947222,-0.47923,0,0.813454,-0.135779,0,0.0145473,3,11.4,-0.701941,3,1,-0.490138,5.96046e-06,0,0.118166,0,0,0.00717239,4,11.4,-0.000140816,-1.00206,1,0.000342058,-0.054121,0,0.000106145,-0.395656,0,0.0120405,5,11.4,-1.72354,-2,1,-0.5,-5.06639e-05,0,0,0.000178814,0,0.00879077,6,11.4,0.258766,3,1,-0.468761,0,0,0.209481,0,0,0.0073948,7,11.4,-1.67025,1.00021,1,-0.495473,-0.000998378,0,0.0573993,0.00274181,0,0.0102823,8,11.4,-0.967837,-1.78907,1,-0.0540718,-0.390625,0,-0.0238419,0.675082,0,0.0131608,9,11.4,-1.99981,-0.999996,1,-0.000578165,-1.49012e-06,0,0.000238419,-2.98023e-05,0,0.00896407,10,11.4,2.00031,-1.99634,1,-0.000655651,0.0495434,0,-0.000476837,0.396371,0,0.0168895,11,11.4,2.82042,-2.99998,1,0.409508,-5.36442e-05,0,-0.401616,0.000238419,0,0.00767252,12,11.4,0.182341,1.99999,1,-0.421655,8.9407e-06,0,0.371367,5.96046e-05,0,0.00883283,13,11.4,-1.99959,1.99996,1,-0.000420213,1.19209e-05,0,-0.00196695,0.000238419,0,0.0111897,14,11.4,-2.00098,0.267627,1,0.00141263,-0.475568,0,0.00107288,0.189706,0,0.00952432,15,11.4,1.34109,-1.00118,1,-0.498456,-0.0381798,0,0.0271201,-0.312507,0,0.00924522,16,11.4,-0.997668,2.26588,1,-0.00214726,-0.426453,0,-0.00977516,0.0998974,0,0.00990305,17,11.4,-2.99993,-2.99998,1,0.000220537,-4.17233e-05,0,-0.000357628,0.000119209,0,0.0068164,18,11.4,-0.996806,-0.828193,1,0.0441149,-0.409073,0,0.363201,0.38752,0,0.0120937,19,11.4,0.00621605,0.000174284,1,0.0462941,0.000366347,0,0.385545,-0.00249183,0,0.0139047,20,11.4,2.99998,-1.23072,1,1.19209e-05,0.493881,0,-0.000119209,0.0687242,0,0.00654162,21,11.4,2.99995,1.99857,1,0.000119209,0.0045836,0,0,-0.00244379,0,0.00684514,22,11.4,1.99995,1.99999,1,0.000455976,5.06639e-05,0,-0.000953674,-0.000178814,0,0.00717924,23,11.4,1.00366,-1.72669,1,0.0368357,-0.471836,0,0.304103,0.223994,0,0.0113852,24,11.4,0.697616,0.99185,1,0.483616,0.0222072,0,-0.165015,-0.0146925,0,0.0101731,25,11.4,2.21256,-1.00001,1,-0.368977,0,0,0.592709,-5.96046e-05,0,0.0101708,26,11.4,1.01224,1.7322,1,-0.0274271,0.474587,0,0.00154972,-0.189006,0,0.00973645,27,11.4,-1.21439,0.000532157,1,0.473526,-0.00148967,0,-0.0125766,0.00213242,0,0.0102588,28,11.4,2,0.00278681,1,-4.47035e-05,-0.00272669,0,0,-0.0134024,0,0.0125914,29,11.4,2.18239,0.997954,1,-0.421703,0.000531971,0,0.371218,0.0133216,0,0.00878501,30,11.4,0.722919,-3,1,0.5,1.19209e-05,0,0,0,0,0.00714721,31,11.4,-0.996315,-2.99503,1,0.0494197,0.000607967,0,0.396609,-0.0270605,0,0.00728617,32,11.4,-2.99999,-1.27099,1,-1.19209e-05,0.476629,0,0.000119209,-0.181854,0,0.00778003,33,11.4,2.99768,0.745039,1,0.00458956,0.466141,0,-0.00154972,-0.217915,0,0.0060219,34,11.4,0.223147,-1.99871,1,-0.479369,-0.00145137,0,-0.00543118,-0.00280142,0,0.0117521,35,11.4,-1.99997,-2.99587,1,-0.000286102,0.0466108,0,0.000596046,0.404596,0,0.00920932
0,11.5,1.00024,-0.00811443,1,0.000599399,-0.105153,0,-0.00368059,-0.631657,0,0.0111203,1,11.5,-0.0162504,-2.82986,1,0.15052,-0.393145,0,0.680864,0.423983,0,0.0101059,2,11.5,-0.978879,1.34463,1,0.156116,-0.486135,0,0.4302,-0.0037998,0,0.0145473,3,11.5,-0.75069,3,1,-0.487397,5.96046e-06,0,-0.0371188,0,0,0.00717239,4,11.5,-0.00010638,-1.0097,1,0.000346288,-0.100441,0,8.18062e-05,-0.511371,0,0.0120405,5,11.5,-1.77354,-2,1,-0.5,-3.44589e-05,0,0,0.000156462,0,0.00879077,6,11.5,0.212763,3,1,-0.452769,0,0,0.120856,0,0,0.0073948,7,11.5,-1.71933,1.00012,1,-0.484418,-0.000745244,0,0.163265,0.00233203,0,0.0102823,8,11.5,-0.973313,-1.82427,1,-0.0549735,-0.309502,0,0.00498071,0.917234,0,0.0131608,9,11.5,-1.99987,-0.999996,1,-0.000537187,-4.00469e-06,0,0.000566244,-1.86265e-05,0,0.00896407,10,11.5,2.00024,-1.98916,1,-0.000680983,0.0959165,0,-0.000149012,0.51184,0,0.0168895,11,11.5,2.85922,-2.99887,1,0.365182,0.0323091,0,-0.478297,0.594243,0,0.00767252,12,11.5,0.142665,1.99999,1,-0.366323,1.28523e-05,0,0.704698,7.45058e-06,0,0.00883283,13,11.5,-1.99964,1.99996,1,-0.000573136,3.22238e-05,0,-0.00111014,0.000171363,0,0.0111897,14,11.5,-2.00084,0.221203,1,0.00147633,-0.451155,0,0.000223517,0.295199,0,0.00952432,15,11.5,1.29162,-1.0068,1,-0.488669,-0.0761397,0,0.164464,-0.431985,0,0.00924522,16,11.5,-0.99748,2.22389,1,0.00990825,-0.411792,0,0.229795,0.191912,0,0.00990305,17,11.5,-2.99991,-2.99998,1,0.000172108,-3.1665e-05,0,-0.000566244,7.45058e-05,0,0.0068164,18,11.5,-0.990292,-0.867043,1,0.0885066,-0.366833,0,0.50389,0.452422,0,0.0120937,19,11.5,0.013027,0.000199512,1,0.0919621,0.000150787,0,0.508199,-0.00173942,0,0.0139047,20,11.5,2.99999,-1.18105,1,2.23517e-06,0.498947,0,-5.96046e-05,0.0287071,0,0.00654162,21,11.5,2.99996,1.99901,1,0.000114366,0.00421423,0,-7.45058e-05,-0.00477582,0,0.00684514,22,11.5,1.99999,1.99999,1,0.000357814,3.5204e-05,0,-0.000990927,-0.000141561,0,0.00717924,23,11.5,1.00922,-1.77262,1,0.0772363,-0.445552,0,0.481285,0.300072,0,0.0113852,24,11.5,0.743772,0.993982,1,0.428424,0.0203126,0,-0.833791,-0.0226833,0,0.0101731,25,11.5,2.1793,-1.00001,1,-0.290623,-0.00017602,0,0.92122,-0.00346452,0,0.0101708,26,11.5,1.00953,1.77916,1,-0.02655,0.468573,0,0.0153258,0.0397265,0,0.00973645,27,11.5,-1.1669,0.000393918,1,0.477778,-0.00127477,0,0.0829399,0.00215248,0,0.0102588,28,11.5,1.99999,0.00245683,1,-4.13507e-05,-0.00377943,0,5.96046e-05,-0.00780213,0,0.0125914,29,11.5,2.14177,0.998066,1,-0.393335,0.00164872,0,0.21179,0.00911579,0,0.00878501,30,11.5,0.772919,-3,1,0.5,1.15484e-05,0,7.45058e-06,-1.49012e-05,0,0.00714721,31,11.5,-0.988944,-2.9951,1,0.101695,-0.00182316,0,0.620019,-0.0215173,0,0.00728617,32,11.5,-3,-1.2238,1,-1.86265e-06,0.470855,0,7.45058e-05,0.0380278,0,0.00778003,33,11.5,2.99767,0.790391,1,-0.008706,0.439261,0,-0.242949,-0.316229,0,0.0060219,34,11.5,0.175086,-1.99887,1,-0.482566,-0.00167172,0,-0.0480926,-0.00172108,0,0.0117521,35,11.5,-1.99998,-2.98882,1,0.000183284,0.097166,0,0.00838935,0.581443,0,0.00920932
0,11.6,1.00028,-0.021947,1,0.000265241,-0.172503,0,-0.00298023,-0.6925,0,0.0144177,1,11.6,0.00248054,-2.86695,1,0.2262,-0.347769,0,0.807457,0.478148,0,0.00755222,2,11.6,-0.961642,1.29621,1,0.183748,-0.48033,0,0.136584,0.118077,0,0.011373,3,11.6,-0.799704,3,1,-0.493367,5.96046e-06,0,-0.066489,0,0,0.00636061,4,11.6,-7.06769e-05,-1.02235,1,0.000376421,-0.152931,0,0.000597518,-0.52309,0,0.0126989,5,11.6,-1.82354,-2,1,-0.500003,-2.38419e-05,0,5.96046e-05,0.000238419,0,0.010157,6,11.6,0.168017,3,1,-0.442692,0,0,0.0891834,0,0,0.00449289,7,11.6,-1.76679,1.00006,1,-0.462985,-0.000530481,0,0.264227,0.00190735,0,0.0088202,8,11.6,-0.978744,-1.85044,1,-0.0532463,-0.212565,0,0.0286996,0.997782,0,0.0160412,9,11.6,-1.99992,-0.999997,1,-0.000470877,-4.47035e-06,0,0.00077486,-5.96046e-05,0,0.0104915,10,11.6,2.00017,-1.97695,1,-0.000697374,0.14846,0,-0.000476837,0.523865,0,0.0129928,11,11.6,2.89326,-2.99204,1,0.315076,0.109196,0,-0.517964,0.900149,0,0.00587446,12,11.6,0.109897,2,1,-0.286244,1.19209e-05,0,0.872169,-5.96046e-05,0,0.0119074,13,11.6,-1.99971,1.99997,1,-0.00064671,4.76837e-05,0,-0.000476837,5.96046e-05,0,0.0103685,14,11.6,-2.00069,0.177714,1,0.00146031,-0.417206,0,-0.000357628,0.380367,0,0.00932595,15,11.6,1.24377,-1.01667,1,-0.466383,-0.121886,0,0.277162,-0.470817,0,0.0100298,16,11.6,-0.995089,2.18381,1,0.0399724,-0.388402,0,0.35423,0.274181,0,0.00775148,17,11.6,-2.99989,-2.99998,1,0.000107288,-2.98023e-05,0,-0.000596046,0.000119209,0,0.00679207,18,11.6,-0.978832,-0.901391,1,0.141172,-0.319503,0,0.532925,0.489831,0,0.0124667,19,11.6,0.0248321,0.000207682,1,0.14442,3.19502e-05,0,0.525422,-0.000582411,0,0.0124095,20,11.6,2.99999,-1.13107,1,-5.96046e-06,0.500003,0,0.000119209,-5.96046e-05,0,0.00711714,21,11.6,2.99997,1.9994,1,0.000101328,0.00365674,0,-0.000119209,-0.00625849,0,0.00587455,22,11.6,2.00002,2,1,0.00026226,2.38419e-05,0,-0.000953674,-0.000119209,0,0.0093351,23,11.6,1.01949,-1.81556,1,0.12902,-0.412178,0,0.536203,0.365317,0,0.0107347,24,11.6,0.782009,0.99589,1,0.33361,0.0177681,0,-0.999987,-0.0277758,0,0.0135298,25,11.6,2.15506,-1.00005,1,-0.193053,-0.000694394,0,0.999808,-0.00685453,0,0.0102596,26,11.6,1.00697,1.82641,1,-0.0244886,0.477606,0,0.0253916,0.120759,0,0.00956377,27,11.6,-1.11865,0.000277144,1,0.48756,-0.0010616,0,0.101924,0.00209986,0,0.0104149,28,11.6,1.99999,0.00204808,1,-3.27826e-05,-0.00431728,0,5.96046e-05,-0.00310689,0,0.0134688,29,11.6,2.10334,0.99827,1,-0.376529,0.00237525,0,0.136733,0.00551343,0,0.0111527,30,11.6,0.822919,-3,1,0.5,1.19209e-05,0,2.98023e-05,0,0,0.00786071,31,11.6,-0.975504,-2.99538,1,0.168225,-0.00369549,0,0.68742,-0.0158548,0,0.00757199,32,11.6,-2.99999,-1.17634,1,0,0.479433,0,0.000119209,0.114024,0,0.00715571,33,11.6,2.99533,0.832598,1,-0.040102,0.403588,0,-0.367284,-0.393808,0,0.00586079,34,11.6,0.126591,-1.99904,1,-0.487119,-0.00182092,0,-0.0347239,-0.0012517,0,0.0156821,35,11.6,-1.99991,-2.97608,1,0.00131726,0.158411,0,0.0138879,0.623584,0,0.0106051
0,11.7,1.0003,-0.0427135,1,6.70552e-06,-0.243,0,-0.00220537,-0.703205,0,0.0144177,1,11.7,0.0291769,-2.89928,1,0.307529,-0.298312,0,0.796304,0.505909,0,0.00755222,2,11.7,-0.943215,1.24894,1,0.179079,-0.463151,0,-0.206288,0.223629,0,0.011373,3,11.7,-0.84934,3,1,-0.498758,5.96046e-06,0,-0.033129,0,0,0.00636061,4,11.7,-3.09302e-05,-1.04029,1,0.000414285,-0.205754,0,0.000339393,-0.519991,0,0.0126989,5,11.7,-1.87354,-1.99971,1,-0.5,0.00866484,0,7.45058e-06,0.165619,0,0.010157,6,11.7,0.123839,3,1,-0.443882,0,0,-0.0926476,0,0,0.00449289,7,11.7,-1.81158,1.00001,1,-0.431182,-0.000358,0,0.367045,0.00154227,0,0.0088202,8,11.7,-0.983889,-1.86671,1,-0.0493457,-0.112768,0,0.0480376,0.99577,0,0.0160412,9,11.7,-1.99996,-0.999997,1,-0.000387989,-8.75443e-06,0,0.000856817,-2.98023e-05,0,0.0104915,10,11.7,2.0001,-1.95943,1,-0.000792369,0.202233,0,-0.00153482,0.536814,0,0.0129928,11,11.7,2.92215,-2.97643,1,0.262576,0.204516,0,-0.527054,0.987515,0,0.00587446,12,11.7,0.0858812,2,1,-0.192237,-1.63913e-05,0,0.984021,-0.000789762,0,0.0119074,13,11.7,-1.99977,1.99997,1,-0.000663474,5.17815e-05,0,0.000104308,1.49012e-05,0,0.0103685,14,11.7,-2.00055,0.138002,1,0.001394,-0.37604,0,-0.000923872,0.43984,0,0.00932595,15,11.7,1.19867,-1.03136,1,-0.434213,-0.173175,0,0.362605,-0.537165,0,0.0100298,16,11.7,-0.988831,2.14648,1,0.0893202,-0.356893,0,0.602663,0.351727,0,0.00775148,17,11.7,-2.99989,-2.99946,1,4.61936e-05,0.0149582,0,-0.000625849,0.27208,0,0.00679207,18,11.7,-0.962003,-0.930865,1,0.195521,-0.269808,0,0.539858,0.500295,0,0.0124667,19,11.7,0.0419822,0.000209327,1,0.198991,1.87848e-05,0,0.550273,0.00048217,0,0.0124095,20,11.7,2.99999,-1.08107,1,4.09782e-06,0.5,0,7.45058e-05,-7.45058e-06,0,0.00711714,21,11.7,2.99998,1.99974,1,8.71718e-05,0.00299402,0,-0.000178814,-0.00688434,0,0.00587455,22,11.7,2.00004,2,1,0.000171363,1.37836e-05,0,-0.000834465,-7.45058e-05,0,0.0093351,23,11.7,1.03514,-1.85484,1,0.184309,-0.372401,0,0.554517,0.425935,0,0.0107347,24,11.7,0.81037,0.997526,1,0.233611,0.0149233,0,-1,-0.0288859,0,0.0135298,25,11.7,2.14075,-1.00021,1,-0.0930618,-0.00287164,0,0.999972,-0.0346377,0,0.0102596,26,11.7,1.00466,1.87484,1,-0.021705,0.491107,0,0.0299513,0.120677,0,0.00956377,27,11.7,-1.06945,0.000181269,1,0.495712,-0.000858191,0,0.0585616,0.00196192,0,0.0104149,28,11.7,1.99999,0.00160749,1,-2.51457e-05,-0.00443213,0,9.68575e-05,0.000638429,0,0.0134688,29,11.7,2.06581,0.99853,1,-0.379008,0.00276146,0,-0.15986,0.00234321,0,0.0111527,30,11.7,0.872919,-3,1,0.5,1.15484e-05,0,0,-1.49012e-05,0,0.00786071,31,11.7,-0.955006,-2.99582,1,0.243477,-0.00495277,0,0.792358,-0.00949204,0,0.00757199,32,11.7,-2.99999,-1.12776,1,9.68575e-06,0.492174,0,5.96046e-05,0.112616,0,0.00715571,33,11.7,2.98901,0.870873,1,-0.0904802,0.360906,0,-0.610426,-0.454959,0,0.00586079,34,11.7,0.0777233,-1.99923,1,-0.489887,-0.00188649,0,-0.0145724,-0.00025332,0,0.0156821,35,11.7,-1.99966,-2.95713,1,0.00405479,0.220178,0,0.0387356,0.601903,0,0.0106051
0,11.8,1.00029,-0.0704481,1,-0.000178814,-0.310587,0,-0.00160933,-0.637203,0,0.0156533,1,11.8,0.0637422,-2.92657,1,0.381693,-0.247526,0,0.672113,0.505805,0,0.010203,2,11.8,-0.926742,1.20391,1,0.146851,-0.43602,0,-0.418335,0.31656,0,0.0110143,3,11.8,-0.899307,3,1,-0.5,0,0,-2.98023e-05,0.000119209,0,0.00605273,4,11.8,1.29957e-05,-1.06337,1,0.000475713,-0.254586,0,0.00102368,-0.446618,0,0.0149303,5,11.8,-1.92354,-1.9978,1,-0.500003,0.0315845,0,5.96046e-05,0.285506,0,0.00988109,6,11.8,0.0788241,3,1,-0.457656,0,0,-0.167521,0,0,0.00596792,7,11.8,-1.85273,0.999984,1,-0.390509,-0.000220537,0,0.441849,0.0012219,0,0.00897149,8,11.8,-0.988561,-1.87304,1,-0.043878,-0.0142634,0,0.0601709,0.968397,0,0.0133791,9,11.8,-2,-0.999998,1,-0.000301003,-1.19209e-05,0,0.00089407,2.98023e-05,0,0.00941627,10,11.8,2.00001,-1.9366,1,-0.00102818,0.253227,0,-0.00327826,0.47195,0,0.0135338,11,11.8,2.94579,-2.951,1,0.210577,0.304198,0,-0.508904,1.00017,0,0.00556709,12,11.8,0.0716256,1.99999,1,-0.092636,-0.000190735,0,1,-0.00298023,0,0.0109279,13,11.8,-1.99984,1.99998,1,-0.000631809,5.36442e-05,0,0.000596046,-5.96046e-05,0,0.00874785,14,11.8,-2.00041,0.102672,1,0.00127554,-0.329873,0,-0.0013113,0.480257,0,0.00788895,15,11.8,1.15718,-1.05135,1,-0.39458,-0.226158,0,0.426531,-0.508606,0,0.0102852,16,11.8,-0.976682,2.11265,1,0.155084,-0.318885,0,0.688463,0.404716,0,0.0101425,17,11.8,-2.99988,-2.99635,1,-1.19209e-05,0.0494778,0,-0.000596046,0.396848,0,0.00691119,18,11.8,-0.939837,-0.955354,1,0.246648,-0.220139,0,0.472009,0.489891,0,0.0139959,19,11.8,0.0645658,0.000216478,1,0.251701,0.000155741,0,0.491925,0.00236744,0,0.0123896,20,11.8,2.99999,-1.03107,1,1.19209e-05,0.500003,0,0,-5.96046e-05,0,0.00692633,21,11.8,2.99999,2,1,6.55651e-05,0.00230074,0,-0.000119209,-0.00691414,0,0.00578785,22,11.8,2.00006,2,1,8.9407e-05,5.96046e-06,0,-0.000596046,0,0,0.00949051,23,11.8,1.05627,-1.88988,1,0.237268,-0.327805,0,0.493288,0.462174,0,0.0112034,24,11.8,0.828731,0.998874,1,0.133611,0.0120342,0,-1.00002,-0.0286698,0,0.00995312,25,11.8,2.13644,-1.0007,1,0.00693202,-0.00723302,0,1.00017,-0.0508428,0,0.0117944,26,11.8,1.00264,1.92441,1,-0.0185609,0.498632,0,0.0325441,0.0273585,0,0.00853504,27,11.8,-1.01966,0.000104985,1,0.49926,-0.000670359,0,0.0148118,0.00178969,0,0.00992005,28,11.8,1.99998,0.00117247,1,-1.49012e-05,-0.00422229,0,5.96046e-05,0.00340285,0,0.012736,29,11.8,2.02681,0.998813,1,-0.403643,0.00286698,0,-0.310779,-8.9407e-05,0,0.0125906,30,11.8,0.922919,-2.99999,1,0.5,1.19209e-05,0,2.98023e-05,-0.000119209,0,0.00832135,31,11.8,-0.926695,-2.99635,1,0.322255,-0.00563264,0,0.764012,-0.00417233,0,0.00787685,32,11.8,-2.99999,-1.07813,1,1.19209e-05,0.49895,0,0.000119209,0.0209808,0,0.0065957,33,11.8,2.97671,0.904622,1,-0.156802,0.313511,0,-0.692129,-0.488639,0,0.00794429,34,11.8,0.0287368,-1.99942,1,-0.488972,-0.00190437,0,0.0374186,-0.000238419,0,0.013466,35,11.8,-1.99904,-2.93221,1,0.0086695,0.277042,0,0.0517964,0.527859,0,0.00986865
0,11.9,1.00026,-0.104623,1,-0.000307709,-0.371945,0,-0.000998378,-0.579858,0,0.0156533,1,11.9,0.105009,-2.94882,1,0.440655,-0.19791,0,0.49437,0.482917,0,0.010203,2,11.9,-0.91431,1.16204,1,0.100483,-0.399807,0,-0.497021,0.402808,0,0.0110143,3,11.9,-0.949306,3,1,-0.5,5.21541e-06,0,0,0,0,0.00605273,4,11.9,6.4005e-05,-1.09095,1,0.00053321,-0.295654,0,0.000342746,-0.367537,0,0.0149303,5,11.9,-1.97354,-1.99293,1,-0.5,0.0683084,0,-7.45058e-06,0.440136,0,0.00988109,6,11.9,0.0321642,3,1,-0.475685,0,0,-0.17703,0,0,0.00596792,7,11.9,-1.88949,0.999967,1,-0.343931,-0.000113342,0,0.48586,0.000927597,0,0.00897149,8,11.9,-0.992633,-1.86976,1,-0.0374385,0.0781087,0,0.0674687,0.868894,0,0.0133791,9,11.9,-2.00002,-0.999999,1,-0.000214763,-9.03383e-06,0,0.000841916,2.6077e-05,0,0.00941627,10,11.9,1.99987,-1.90893,1,-0.0019636,0.299672,0,-0.0146478,0.44468,0,0.0135338,11,11.9,2.96437,-2.91585,1,0.161524,0.395507,0,-0.468954,0.797614,0,0.00556709,12,11.9,0.067362,1.99989,1,0.00736403,-0.00226237,0,1,-0.0358969,0,0.0109279,13,11.9,-1.9999,1.99998,1,-0.000558235,4.76837e-05,0,0.000841916,-5.96046e-05,0,0.00874785,14,11.9,-2.00029,0.0721289,1,0.00112727,-0.280674,0,-0.00163913,0.499618,0,0.00788895,15,11.9,1.11994,-1.07644,1,-0.349269,-0.274513,0,0.47493,-0.448935,0,0.0102852,16,11.9,-0.957553,2.08284,1,0.228776,-0.276716,0,0.766236,0.434682,0,0.0101425,17,11.9,-2.99989,-2.98887,1,-6.29574e-05,0.104608,0,-0.000432134,0.67696,0,0.00691119,18,11.9,-0.912922,-0.974969,1,0.290358,-0.172732,0,0.394545,0.456318,0,0.0139959,19,11.9,0.0921973,0.000244947,1,0.300606,0.000429641,0,0.472838,0.00332045,0,0.0123896,20,11.9,2.99999,-0.981073,1,1.19209e-05,0.5,0,0,0,0,0.00692633,21,11.9,2.99999,2.0002,1,5.02914e-05,0.00163056,0,-0.000193715,-0.0064522,0,0.00578785,22,11.9,2.00006,2,1,3.39001e-05,5.7742e-06,0,-0.000491738,-7.45058e-06,0,0.00949051,23,11.9,1.08236,-1.92032,1,0.283263,-0.2806,0,0.418402,0.477947,0,0.0112034,24,11.9,0.837092,0.999938,1,0.0336106,0.00929162,0,-1.00001,-0.0261292,0,0.00995312,25,11.9,2.14213,-1.00179,1,0.10677,-0.0155302,0,0.993207,-0.108726,0,0.0117944,26,11.9,1.00095,1.97436,1,-0.0153081,0.499914,0,0.0323616,0.00341982,0,0.00853504,27,11.9,-0.969691,4.64916e-05,1,0.499954,-0.000503537,0,0.00184774,0.00154826,0,0.00992005,28,11.9,1.99998,0.000770656,1,-8.00937e-06,-0.00378361,0,8.19564e-05,0.00522798,0,0.012736,29,11.9,1.98476,0.999097,1,-0.437802,0.00277162,0,-0.347815,-0.00172853,0,0.0125906,30,11.9,0.972919,-2.99999,1,0.5,1.86265e-06,0,0,-7.45058e-05,0,0.00832135,31,11.9,-0.89082,-2.99693,1,0.393143,-0.00582188,0,0.637829,0.000178814,0,0.00787685,32,11.9,-2.99999,-1.02817,1,2.12342e-05,0.499934,0,4.47035e-05,0.00263005,0,0.0065957,33,11.9,2.95732,0.933513,1,-0.232757,0.264229,0,-0.80213,-0.493601,0,0.00794429,34,11.9,-0.0199023,-1.99961,1,-0.483026,-0.00186544,0,0.0843536,0.000812113,0,0.013466,35,11.9,-1.99797,-2.90172,1,0.0122,0.333825,0,0.0203848,0.586674,0,0.00986865
0,12,1.00023,-0.144551,1,-0.00038147,-0.424778,0,-0.000536442,-0.469103,0,0.0164878,1,12,0.151185,-2.96626,1,0.4792,-0.151569,0,0.275627,0.440955,0,0.00951918,2,12,-0.906794,1.12419,1,0.0496149,-0.3564,0,-0.510722,0.460804,0,0.0120768,3,12,-0.999307,3,1,-0.5,5.96046e-06,0,0,-0.000119209,0,0.00563116,4,12,0.000119395,-1.12217,1,0.000582374,-0.326887,0,0.000805147,-0.252306,0,0.0147649,5,12,-2.02354,-1.98371,1,-0.5,0.117913,0,0,0.543952,0,0.0109537,6,12,-0.016208,3,1,-0.490741,0,0,-0.116906,0,0,0.00611185,7,12,-1.92141,0.99996,1,-0.294086,-3.27826e-05,0,0.507534,0.000625849,0,0.00869693,8,12,-0.996035,-1.85784,1,-0.0305921,0.157773,0,0.0685453,0.717282,0,0.0156904,9,12,-2.00004,-1,1,-0.000137091,-5.96046e-06,0,0.000834465,0,0,0.0104703,10,12,1.99958,-1.87687,1,-0.00381172,0.340042,0,-0.0216365,0.353813,0,0.0121618,11,12,2.97826,-2.87281,1,0.117332,0.460029,0,-0.412583,0.484228,0,0.0055156,12,12,0.0730984,1.99945,1,0.107364,-0.00689328,0,1,-0.0545382,0,0.0110876,13,12,-1.99995,1.99999,1,-0.000467896,4.17233e-05,0,0.00101328,-5.96046e-05,0,0.00966143,14,12,-2.00019,0.0465625,1,0.000953674,-0.230714,0,-0.00178814,0.49606,0,0.00847389,15,12,1.08744,-1.10597,1,-0.300485,-0.31431,0,0.496686,-0.340223,0,0.0107817,16,12,-0.930849,2.05737,1,0.304867,-0.232691,0,0.740051,0.442386,0,0.00975431,17,12,-2.9999,-2.97476,1,-0.000101328,0.179595,0,-0.000238419,0.798583,0,0.00629365,18,12,-0.882094,-0.99003,1,0.324273,-0.129212,0,0.278473,0.412583,0,0.0169744,19,12,0.124499,0.000307493,1,0.343948,0.000854721,0,0.384152,0.00532014,0,0.0144028,20,12,2.99999,-0.931073,1,1.19209e-05,0.5,0,0,2.98023e-05,0,0.0056906,21,12,3,2.00033,1,2.98023e-05,0.00101924,0,-0.000119209,-0.00560284,0,0.0053572,22,12,2.00006,2,1,-1.19209e-05,5.96046e-06,0,-0.000357628,0,0,0.00878797,23,12,1.11259,-1.94599,1,0.319558,-0.232947,0,0.301898,0.471771,0,0.0140747,24,12,0.835453,1.00074,1,-0.0663891,0.00681281,0,-1.00002,-0.023365,0,0.0105164,25,12,2.15772,-1.00394,1,0.204217,-0.0278085,0,0.945568,-0.131428,0,0.0104106,26,12,0.999577,2.02436,1,-0.0121191,0.5,0,0.0312328,0,0,0.00838038,27,12,-0.919692,3.4889e-06,1,0.5,-0.000360377,0,2.98023e-05,0.00131674,0,0.0122282,28,12,1.99998,0.000420464,1,-2.98023e-06,-0.00320302,0,0.000178814,0.0062634,0,0.0126247,29,12,1.93934,0.999363,1,-0.469378,0.00253618,0,-0.269949,-0.00289083,0,0.0123429,30,12,1.02292,-2.99999,1,0.5,-5.96046e-06,0,0,0,0,0.00824846,31,12,-0.848622,-2.9975,1,0.447561,-0.00563264,0,0.443786,0.00345707,0,0.00833583,32,12,-2.99999,-0.978167,1,2.38419e-05,0.5,0,0.000119209,2.98023e-05,0,0.00678289,33,12,2.93003,0.957484,1,-0.312835,0.21542,0,-0.780106,-0.479698,0,0.00842183,34,12,-0.0676861,-1.99979,1,-0.471628,-0.0017792,0,0.145491,0.000834465,0,0.0119048,35,12,-1.99669,-2.86544,1,0.0130445,0.390786,0,-0.00208616,0.537872,0,0.0100746
0,12.1,1.00019,-0.189122,1,-0.000414252,-0.4641,0,-0.00013411,-0.316844,0,0.0164878,1,12.1,0.200138,-2.9793,1,0.496703,-0.110184,0,0.0870944,0.384942,0,0.00951918,2,12.1,-0.90434,1.09091,1,0.000112876,-0.30872,0,-0.472054,0.489041,0,0.0120768,3,12.1,-1.04931,3,1,-0.5,-4.09782e-06,0,0,-7.45058e-05,0,0.00563116,4,12.1,0.000179602,-1.15596,1,0.000606671,-0.34726,0,-0.000106322,-0.15223,0,0.0147649,5,12.1,-2.07354,-1.96867,1,-0.5,0.187179,0,0,0.802629,0,0.0109537,6,12.1,-0.0657382,3,1,-0.498568,0,0,-0.0402141,0,0,0.00611185,7,12.1,-1.94827,0.99996,1,-0.243196,1.93715e-05,0,0.50649,0.000424683,0,0.00869693,8,12.1,-0.998753,-1.83872,1,-0.0238135,0.222208,0,0.0663027,0.567175,0,0.0156904,9,12.1,-2.00005,-1,1,-6.22123e-05,-5.7742e-06,0,0.000670552,7.45058e-06,0,0.0104703,10,12.1,1.99902,-1.84115,1,-0.00795182,0.373612,0,-0.0571534,0.311904,0,0.0121618,11,12.1,2.98804,-2.82493,1,0.0794154,0.492433,0,-0.344619,0.178725,0,0.0055156,12,12.1,0.0888297,1.99854,1,0.207108,-0.0106988,0,0.989771,-0.022985,0,0.0110876,13,12.1,-1.99999,1.99999,1,-0.000365265,3.57628e-05,0,0.00102073,-5.96046e-05,0,0.00966143,14,12.1,-2.0001,0.0259376,1,0.000772253,-0.182198,0,-0.00180304,0.471269,0,0.00847389,15,12.1,1.05988,-1.13894,1,-0.250678,-0.343242,0,0.495784,-0.234455,0,0.0107817,16,12.1,-0.896845,2.03627,1,0.373177,-0.189574,0,0.618782,0.418544,0,0.00975431,17,12.1,-2.99991,-2.95265,1,-0.000118837,0.263652,0,-0.00013411,0.854552,0,0.00629365,18,12.1,-0.848438,-1.00098,1,0.347125,-0.0908054,0,0.175454,0.355329,0,0.0169744,19,12.1,0.1607,0.000414718,1,0.378798,0.00125056,0,0.307955,0.00295928,0,0.0144028,20,12.1,2.99999,-0.881073,1,1.19209e-05,0.5,0,0,0,0,0.0056906,21,12.1,3,2.00041,1,1.63913e-05,0.000504404,0,-0.000149012,-0.00467896,0,0.0053572,22,12.1,2.00006,2,1,-4.35859e-05,5.21541e-06,0,-0.00025332,-1.49012e-05,0,0.00878797,23,12.1,1.14595,-1.96696,1,0.346172,-0.186931,0,0.224493,0.446059,0,0.0140747,24,12.1,0.823814,1.00131,1,-0.16639,0.00464749,0,-1.00001,-0.019975,0,0.0105164,25,12.1,2.18292,-1.00728,1,0.299414,-0.0381213,0,0.926822,-0.0757426,0,0.0104106,26,12.1,0.998518,2.07436,1,-0.00910927,0.5,0,0.0288859,0,0,0.00838038,27,12.1,-0.869692,-2.63433e-05,1,0.5,-0.000239994,0,0,0.00109319,0,0.0122282,28,12.1,1.99998,0.000132255,1,1.17347e-05,-0.00255579,0,0.00012666,0.00658815,0,0.0126247,29,12.1,1.89125,0.999601,1,-0.490284,0.00222055,0,-0.143886,-0.00337884,0,0.0123429,30,12.1,1.07292,-2.99999,1,0.5,-5.96046e-06,0,0,0,0,0.00824846,31,12.1,-0.801996,-2.99805,1,0.481495,-0.00516772,0,0.237163,0.00569224,0,0.00833583,32,12.1,-2.99999,-0.928167,1,3.12924e-05,0.5,0,5.96046e-05,0,0,0.00678289,33,12.1,2.89498,0.976698,1,-0.386146,0.169583,0,-0.667244,-0.436351,0,0.00842183,34,12.1,-0.114126,-1.99996,1,-0.45705,-0.00162814,0,0.152392,0.0019446,0,0.0119048,35,12.1,-1.99542,-2.82378,1,0.0121465,0.440978,0,-0.015147,0.44629,0,0.0100746
0,12.2,1.00015,-0.236865,1,-0.000411272,-0.48826,0,0.000178814,-0.167981,0,0.0147376,1,12.2,0.250046,-2.9885,1,0.5,-0.0748694,0,-1.43051e-05,0.320435,0,0.0093698,2,12.2,-0.906576,1.0625,1,-0.0435799,-0.259304,0,-0.396878,0.49597,0,0.0138922,3,12.2,-1.09931,3,1,-0.500003,-5.96046e-06,0,5.96046e-05,-0.000119209,0,0.0057761,4,12.2,0.000239688,-1.19126,1,0.000598767,-0.356889,0,0.000111969,-0.0389218,0,0.0159149,5,12.2,-2.12354,-1.94577,1,-0.5,0.271624,0,0,0.856876,0,0.0103121,6,12.2,-0.115701,3,1,-0.5,0,0,0,0,0,0.00528482,7,12.2,-1.97008,0.999963,1,-0.19348,5.21541e-05,0,0.484824,0.000298023,0,0.00861133,8,12.2,-1.00081,-1.81394,1,-0.0174582,0.270554,0,0.0602007,0.397384,0,0.0147359,9,12.2,-2.00005,-1,1,-5.96046e-06,-5.96046e-06,0,0.000476837,5.96046e-05,0,0.0105384,10,12.2,1.99791,-1.80234,1,-0.0145108,0.401425,0,-0.0707507,0.240147,0,0.0118253,11,12.2,2.99438,-2.77516,1,0.0485599,0.5,0,-0.272393,0,0,0.00629048,12,12.2,0.114408,1.9974,1,0.303272,-0.01176,0,0.918168,0.000536442,0,0.0119625,13,12.2,-2.00002,1.99999,1,-0.000268221,2.98023e-05,0,0.00107288,-5.96046e-05,0,0.0092312,14,12.2,-2.00003,0.0100124,1,0.000590086,-0.136985,0,-0.00166893,0.430732,0,0.00917039,15,12.2,1.03727,-1.17423,1,-0.201997,-0.360581,0,0.474811,-0.110149,0,0.0112546,16,12.2,-0.856681,2.01936,1,0.427544,-0.149238,0,0.465155,0.387192,0,0.00969781,17,12.2,-2.99992,-2.92211,1,-0.00012517,0.345761,0,-0.000119209,0.768185,0,0.00625589,18,12.2,-0.813039,-1.00838,1,0.358896,-0.0581622,0,0.0583231,0.297487,0,0.0148344,19,12.2,0.19996,0.00055315,1,0.404702,0.00151118,0,0.206665,0.00253646,0,0.014723,20,12.2,2.99999,-0.831073,1,1.19209e-05,0.5,0,0,2.98023e-05,0,0.00858129,21,12.2,3,2.00043,1,5.96046e-06,8.34465e-05,0,-0.000119209,-0.00357628,0,0.00498495,22,12.2,2.00006,2,1,-6.55651e-05,5.96046e-06,0,-0.000238419,0,0,0.00864234,23,12.2,1.18152,-1.98348,1,0.363487,-0.144175,0,0.118017,0.407219,0,0.0117882,24,12.2,0.802175,1.00168,1,-0.26639,0.00281334,0,-1.00002,-0.0167489,0,0.0106573,25,12.2,2.21726,-1.01139,1,0.384438,-0.0431538,0,0.75376,-0.0258684,0,0.0109873,26,12.2,0.997747,2.12436,1,-0.00635684,0.5,0,0.0261664,0,0,0.00832868,27,12.2,-0.819692,-4.52317e-05,1,0.5,-0.00014126,0,2.98023e-05,0.000883996,0,0.0121513,28,12.2,1.99999,-9.04874e-05,1,2.08616e-05,-0.00190196,0,5.96046e-05,0.0064157,0,0.00978316,29,12.2,1.84171,0.999806,1,-0.498536,0.00186712,0,-0.0292659,-0.00366569,0,0.0110644,30,12.2,1.12292,-3,1,0.500003,-5.96046e-06,0,-5.96046e-05,0,0,0.00792266,31,12.2,-0.752964,-2.99853,1,0.496386,-0.00452399,0,0.0722706,0.00691414,0,0.00934436,32,12.2,-2.99998,-0.878167,1,2.98023e-05,0.5,0,0,2.98023e-05,0,0.00783771,33,12.2,2.85333,0.991552,1,-0.443536,0.128269,0,-0.47195,-0.389427,0,0.0103431,34,12.2,-0.159015,-2.00012,1,-0.440075,-0.00143051,0,0.191517,0.00178814,0,0.0125159,35,12.2,-1.99429,-2.77772,1,0.0101537,0.477397,0,-0.0241399,0.275016,0,0.00924364
0,12.3,1.00011,-0.2863,1,-0.000382587,-0.498357,0,0.000372529,-0.0430942,0,0.0147376,1,12.3,0.300046,-2.9945,1,0.5,-0.0462439,0,0,0.251964,0,0.0093698,2,12.3,-0.912753,1.03903,1,-0.0782643,-0.210239,0,-0.295851,0.482105,0,0.0138922,3,12.3,-1.14931,3,1,-0.5,-1.56462e-05,0,7.45058e-06,-5.96046e-05,0,0.0057761,4,12.3,0.00029825,-1.22701,1,0.000558388,-0.356736,0,-0.000737063,0.0429079,0,0.0159149,5,12.3,-2.17354,-1.91443,1,-0.5,0.353655,0,0,0.763416,0,0.0103121,6,12.3,-0.165701,3,1,-0.5,0,0,-8.9407e-07,0,0,0.00528482,7,12.3,-1.98707,0.99997,1,-0.146884,7.37607e-05,0,0.444807,0.000141561,0,0.00861133,8,12.3,-1.00227,-1.78513,1,-0.0117838,0.303151,0,0.0529438,0.253782,0,0.0147359,9,12.3,-2.00005,-1,1,3.46452e-05,-9.31323e-07,0,0.000342727,3.72529e-05,0,0.0105384,10,12.3,1.99616,-1.76077,1,-0.0200514,0.431468,0,-0.0403225,0.33205,0,0.0118253,11,12.3,2.998,-2.72516,1,0.0249643,0.5,0,-0.200257,0,0,0.00629048,12,12.3,0.149123,1.99625,1,0.388353,-0.0110714,0,0.758782,0.012584,0,0.0119625,13,12.3,-2.00004,2,1,-0.000168383,2.38419e-05,0,0.000923872,-5.96046e-05,0,0.0092312,14,12.3,-1.99998,-0.00161836,1,0.000428781,-0.0965218,0,-0.00154972,0.377269,0,0.00917039,15,12.3,1.01938,-1.2107,1,-0.156349,-0.367403,0,0.436231,-0.0241846,0,0.0112546,16,12.3,-0.811833,2.0063,1,0.466891,-0.112761,0,0.315215,0.342213,0,0.00969781,17,12.3,-2.99993,-2.88394,1,-0.000130758,0.414761,0,-1.49012e-05,0.598416,0,0.00625589,18,12.3,-0.777,-1.01282,1,0.360436,-0.0315415,0,-0.0284128,0.235848,0,0.0148344,19,12.3,0.241459,0.000711439,1,0.425032,0.00160975,0,0.192217,-0.000162276,0,0.014723,20,12.3,2.99999,-0.781073,1,1.19209e-05,0.5,0,0,0,0,0.00858129,21,12.3,3,2.00043,1,-3.72529e-06,-0.000225008,0,-5.96046e-05,-0.0026226,0,0.00498495,22,12.3,2.00005,2,1,-8.3074e-05,5.96046e-06,0,-0.00013411,0,0,0.00864234,23,12.3,1.21853,-1.99595,1,0.377232,-0.105985,0,0.144683,0.355802,0,0.0117882,24,12.3,0.770786,1.00188,1,-0.358436,0.00130869,0,-0.824165,-0.0133961,0,0.0106573,25,12.3,2.25907,-1.01571,1,0.447423,-0.0423409,0,0.499353,0.0385046,0,0.0109873,26,12.3,0.997236,2.17436,1,-0.00393176,0.5,0,0.0223629,0,0,0.00832868,27,12.3,-0.769692,-5.52908e-05,1,0.5,-6.33428e-05,0,0,0.000678715,0,0.0121513,28,12.3,1.99999,-0.000249476,1,2.49594e-05,-0.00128764,0,1.49012e-05,0.00582715,0,0.00978316,29,12.3,1.79177,0.999974,1,-0.499908,0.00150362,0,-0.00365824,-0.00359491,0,0.0110644,30,12.3,1.17292,-3,1,0.5,-5.96046e-06,0,-7.45058e-06,0,0,0.00792266,31,12.3,-0.703104,-2.99895,1,0.499774,-0.00379086,0,0.00904128,0.00762939,0,0.00934436,32,12.3,-2.99998,-0.828167,1,2.79397e-05,0.5,0,-4.47035e-05,0,0,0.00783771,33,12.3,2.80698,1.00253,1,-0.47993,0.0923559,0,-0.256494,-0.329606,0,0.0103431,34,12.3,-0.202029,-2.00025,1,-0.419781,-0.00120401,0,0.217402,0.0025332,0,0.0125159,35,12.3,-1.99341,-2.72891,1,0.00748839,0.495851,0,-0.0286624,0.100762,0,0.00924364
0,12.4,1.00007,-0.336214,1,-0.000336766,-0.498819,0,0.000476837,0.023663,0,0.0137192,1,12.4,0.350046,-2.99798,1,0.5,-0.024426,0,-1.43051e-05,0.185132,0,0.00811804,2,12.4,-0.921886,1.02038,1,-0.10267,-0.163466,0,-0.192404,0.45085,0,0.0128534,3,12.4,-1.19931,3,1,-0.500003,-1.78814e-05,0,5.96046e-05,0,0,0.0062127,4,12.4,0.00035025,-1.26233,1,0.000483712,-0.34821,0,-0.000615371,0.127554,0,0.0135563,5,12.4,-2.22354,-1.87553,1,-0.5,0.421187,0,0,0.576198,0,0.00936669,6,12.4,-0.215701,3,1,-0.5,0,0,-7.15256e-06,0,0,0.00695651,7,12.4,-1.99962,0.999978,1,-0.104901,8.34465e-05,0,0.393093,0,0,0.00803235,8,12.4,-1.0032,-1.75379,1,-0.00692606,0.321269,0,0.043869,0.108898,0,0.0137633,9,12.4,-2.00005,-1,1,6.55651e-05,0,0,0.000119209,0.000119209,0,0.00989343,10,12.4,1.994,-1.716,1,-0.0226498,0.463244,0,-0.0119209,0.286162,0,0.0117072,11,12.4,2.99961,-2.67516,1,0.00829697,0.5,0,-0.134587,0,0,0.00550082,12,12.4,0.19134,1.99522,1,0.451602,-0.00936985,0,0.496619,0.0209808,0,0.00933685,13,12.4,-2.00005,2,1,-8.34465e-05,1.78814e-05,0,0.000715256,0,0,0.00954642,14,12.4,-1.99995,-0.00948125,1,0.000283122,-0.0617251,0,-0.00137091,0.31798,0,0.00992756,15,12.4,1.00585,-1.24741,1,-0.115082,-0.365126,0,0.387698,0.0707507,0,0.0104359,16,12.4,-0.763844,1.99666,1,0.49018,-0.080806,0,0.153005,0.296772,0,0.00929162,17,12.4,-2.99995,-2.83983,1,-0.00012517,0.463754,0,0,0.377655,0,0.0077293,18,12.4,-0.741248,-1.01489,1,0.353126,-0.0108004,0,-0.11766,0.179827,0,0.01563,19,12.4,0.284846,0.000869909,1,0.441783,0.00155092,0,0.136882,-0.000694941,0,0.0145,20,12.4,2.99999,-0.731073,1,1.19209e-05,0.5,0,0,2.98023e-05,0,0.00911896,21,12.4,3,2.00039,1,-5.96046e-06,-0.000447035,0,-0.000119209,-0.00166893,0,0.00533246,22,12.4,2.00004,2,1,-8.9407e-05,0,0,-0.000119209,0.000119209,0,0.00911525,23,12.4,1.25694,-2.00486,1,0.390288,-0.0731349,0,0.107288,0.300884,0,0.0160327,24,12.4,0.731215,1.00195,1,-0.428869,0.00012219,0,-0.577599,-0.0104308,0,0.0111581,25,12.4,2.30586,-1.01967,1,0.484204,-0.0361323,0,0.242114,0.0824928,0,0.00799808,26,12.4,0.996948,2.22436,1,-0.00188053,0.5,0,0.0187159,0,0,0.00850274,27,12.4,-0.719692,-5.85413e-05,1,0.5,-4.66071e-06,0,2.98023e-05,0.000499134,0,0.0118475,28,12.4,1.99999,-0.000350374,1,2.68221e-05,-0.00074379,0,0,0.00502076,0,0.0116278,29,12.4,1.74177,1.00011,1,-0.500003,0.00115335,0,5.96046e-05,-0.00339746,0,0.0125123,30,12.4,1.22292,-3,1,0.500003,-5.96046e-06,0,-5.96046e-05,0,0,0.00981894,31,12.4,-0.653109,-2.99929,1,0.5,-0.00302196,0,2.98023e-05,0.00762939,0,0.00919252,32,12.4,-2.99998,-0.778167,1,2.38419e-05,0.5,0,-0.000119209,2.98023e-05,0,0.00952979,33,12.4,2.75803,1.01021,1,-0.496083,0.0621945,0,-0.0783205,-0.274301,0,0.00896723,34,12.4,-0.242858,-2.00036,1,-0.396105,-0.000953674,0,0.258021,0.00226498,0,0.0130919,35,12.4,-1.99281,-2.67903,1,0.00450909,0.5,0,-0.0303984,0,0,0.00923423
0,12.5,1.00004,-0.385892,1,-0.00028573,-0.493826,0,0.000536442,0.0788346,0,0.0137192,1,12.5,0.400046,-2.9996,1,0.5,-0.00902675,0,0,0.124857,0,0.00811804,2,12.5,-0.932942,1.00621,1,-0.116785,-0.120608,0,-0.09216,0.404615,0,0.0128534,3,12.5,-1.24931,2.99999,1,-0.5,-1.75089e-05,0,7.45058e-06,1.49012e-05,0,0.0062127,4,12.5,0.000394207,-1.29644,1,0.000385708,-0.333232,0,-0.00120206,0.172704,0,0.0135563,5,12.5,-2.27354,-1.83091,1,-0.5,0.467479,0,0,0.349514,0,0.00936669,6,12.5,-0.265701,3,1,-0.5,0,0,2.68221e-06,0,0,0.00695651,7,12.5,-2.00824,0.999986,1,-0.0685817,7.96281e-05,0,0.332706,-7.07805e-05,0,0.00803235,8,12.5,-1.00368,-1.72129,1,-0.00296645,0.326955,0,0.0352561,0.00519305,0,0.0137633,9,12.5,-2.00004,-1,1,7.37607e-05,8.6613e-06,0,2.98023e-05,6.33299e-05,0,0.00989343,10,12.5,1.99174,-1.66843,1,-0.0220945,0.485992,0,0.0211522,0.167117,0,0.0117072,11,12.5,2.99985,-2.62516,1,-0.00244975,0.5,0,-0.0823438,0,0,0.00550082,12,12.5,0.238488,1.99439,1,0.486664,-0.00710711,0,0.216809,0.0239611,0,0.00933685,13,12.5,-2.00006,2,1,-2.04891e-05,1.63913e-05,0,0.000551343,-1.49012e-05,0,0.00954642,14,12.5,-1.99992,-0.0141688,1,0.000157021,-0.0330694,0,-0.00113994,0.255365,0,0.00992756,15,12.5,0.996185,-1.2836,1,-0.079155,-0.358856,0,0.330463,0.0616163,0,0.0104359,16,12.5,-0.714295,1.98998,1,0.498844,-0.0536688,0,0.0354052,0.246629,0,0.00929162,17,12.5,-2.99996,-2.79193,1,-0.000119954,0.49062,0,8.9407e-05,0.165507,0,0.0077293,18,12.5,-0.706605,-1.01516,1,0.33888,0.00446811,0,-0.167783,0.126988,0,0.01563,19,12.5,0.329801,0.0010179,1,0.457976,0.00138162,0,0.175811,-0.00233373,0,0.0145,20,12.5,2.99999,-0.681073,1,1.19209e-05,0.5,0,0,0,0,0.00911896,21,12.5,3,2.00034,1,-1.41561e-05,-0.000574067,0,-2.98023e-05,-0.000908971,0,0.00533246,22,12.5,2.00003,2,1,-9.49949e-05,9.68575e-06,0,-1.49012e-05,5.96046e-05,0,0.00911525,23,12.5,1.29683,-2.01077,1,0.41019,-0.0460017,0,0.266276,0.242814,0,0.0160327,24,12.5,0.685883,1.00192,1,-0.473436,-0.000783615,0,-0.31855,-0.00774115,0,0.0111581,25,12.5,2.35513,-1.02284,1,0.49809,-0.0269419,0,0.0579357,0.0995323,0,0.00799808,26,12.5,0.996847,2.27436,1,-0.000192411,0.5,0,0.0150874,0,0,0.00850274,27,12.5,-0.669692,-5.67957e-05,1,0.5,3.6862e-05,0,0,0.000336436,0,0.0118475,28,12.5,1.99999,-0.000401236,1,2.58908e-05,-0.000289473,0,-2.23517e-05,0.00405972,0,0.0116278,29,12.5,1.69177,1.00021,1,-0.5,0.000827387,0,7.45058e-06,-0.00311434,0,0.0125123,30,12.5,1.27292,-3,1,0.5,-5.96046e-06,0,-7.45058e-06,0,0,0.00981894,31,12.5,-0.603109,-2.99955,1,0.5,-0.00227652,0,0,0.00719726,0,0.00919252,32,12.5,-2.99998,-0.728167,1,1.22935e-05,0.5,0,-0.000104308,0,0,0.00952979,33,12.5,2.70818,1.01515,1,-0.499755,0.0373989,0,-0.00979006,-0.222445,0,0.00896723,34,12.5,-0.281162,-2.00044,1,-0.369784,-0.0007011,0,0.270386,0.0026226,0,0.0130919,35,12.5,-1.9925,-2.62903,1,0.0015799,0.5,0,-0.0280291,0,0,0.00923423
0,12.6,1.00001,-0.434771,1,-0.000229478,-0.48262,0,0.000566244,0.14697,0,0.0164351,1,12.6,0.450046,-2.99996,1,0.5,0.000935793,0,-1.43051e-05,0.0762939,0,0.0114013,2,12.6,-0.944932,0.996084,1,-0.121583,-0.0828221,0,-0.00625849,0.349998,0,0.0121097,3,12.6,-1.29931,2.99999,1,-0.500003,-1.19209e-05,0,5.96046e-05,-0.000119209,0,0.00616254,4,12.6,0.000426776,-1.32882,1,0.000268571,-0.313598,0,-0.00103064,0.220001,0,0.0125843,5,12.6,-2.32354,-1.78277,1,-0.5,0.491905,0,0,0.147223,0,0.00853495,6,12.6,-0.315701,3,1,-0.5,0,0,1.43051e-05,0,0,0.00721678,7,12.6,-2.01354,0.999993,1,-0.0384271,7.00355e-05,0,0.270367,-8.9407e-05,0,0.00751611,8,12.6,-1.00382,-1.68874,1,0.000113249,0.322452,0,0.0264049,-0.0942349,0,0.0143462,9,12.6,-2.00003,-1,1,7.7486e-05,1.3411e-05,0,0,2.98023e-05,0,0.00932437,10,12.6,1.98967,-1.61919,1,-0.0187695,0.49704,0,0.0436306,0.0591874,0,0.0117689,11,12.6,2.99927,-2.57516,1,-0.00855923,0.5,0,-0.0414848,0,0,0.00500002,12,12.6,0.287885,1.99381,1,0.498239,-0.00463724,0,0.0352257,0.0251532,0,0.00891646,13,12.6,-2.00006,2,1,2.98023e-05,1.78814e-05,0,0.000357628,-0.000119209,0,0.00919285,14,12.6,-1.99991,-0.0163007,1,5.66244e-05,-0.0105743,0,-0.000953674,0.195082,0,0.00972999,15,12.6,0.989825,-1.31914,1,-0.0490338,-0.351596,0,0.271916,0.0886321,0,0.0103209,16,12.6,-0.664324,1.98576,1,0.5,-0.031355,0,2.98023e-05,0.20045,0,0.0112032,17,12.6,-2.99997,-2.74232,1,-0.000107288,0.499046,0,0.000119209,0.0190735,0,0.00660253,18,12.6,-0.673642,-1.01416,1,0.319529,0.0148773,0,-0.219136,0.082612,0,0.0133625,19,12.6,0.376465,0.00114414,1,0.474938,0.00114791,0,0.154525,-0.00206067,0,0.0147975,20,12.6,3,-0.631073,1,5.96046e-06,0.5,0,0.000119209,2.98023e-05,0,0.0093406,21,12.6,3,2.00028,1,-1.78814e-05,-0.00063777,0,0,-0.000119209,0,0.00508835,22,12.6,2.00002,2,1,-8.9407e-05,1.19209e-05,0,0,0,0,0.00934498,23,12.6,1.33928,-2.01424,1,0.43934,-0.0243545,0,0.299156,0.190854,0,0.0107157,24,12.6,0.637321,1.00181,1,-0.494356,-0.00143945,0,-0.112891,-0.00536442,0,0.010567,25,12.6,2.40508,-1.02502,1,0.5,-0.0165552,0,0,0.106692,0,0.00773464,26,12.6,0.996898,2.32436,1,0.0011459,0.5,0,0.0116825,0,0,0.00837796,27,12.6,-0.619692,-5.16612e-05,1,0.5,6.36071e-05,0,2.98023e-05,0.000203154,0,0.0126151,28,12.6,2,-0.00041151,1,2.38419e-05,6.77712e-05,0,-5.96046e-05,0.00308722,0,0.0109835,29,12.6,1.64177,1.00027,1,-0.500003,0.000533462,0,5.96046e-05,-0.00280142,0,0.0113229,30,12.6,1.32292,-3,1,0.500003,-5.96046e-06,0,-5.96046e-05,0,0,0.00995662,31,12.6,-0.553109,-2.99975,1,0.5,-0.0015974,0,2.98023e-05,0.0064373,0,0.00880387,32,12.6,-2.99998,-0.678167,1,0,0.5,0,-0.000119209,2.98023e-05,0,0.00907859,33,12.6,2.65819,1.01786,1,-0.5,0.0175357,0,0,-0.175595,0,0.0101257,34,12.6,-0.316755,-2.0005,1,-0.34171,-0.000452995,0,0.292256,0.00214577,0,0.011054,35,12.6,-1.99248,-2.57903,1,-0.00106692,0.5,0,-0.0248551,0,0,0.00940776
0,12.7,0.999993,-0.482366,1,-0.000173412,-0.469692,0,0.000551343,0.1211,0,0.0164351,1,12.7,0.500046,-2.99955,1,0.5,0.00664555,0,5.66244e-06,0.0395626,0,0.0114013,2,12.7,-0.956997,0.989452,1,-0.118562,-0.0508349,0,0.0634342,0.289582,0,0.0121097,3,12.7,-1.34931,2.99999,1,-0.5,-2.01166e-05,0,7.45058e-06,-2.98023e-05,0,0.00616254,4,12.7,0.000447542,-1.35911,1,0.000140676,-0.292407,0,-0.00139853,0.208765,0,0.0125843,5,12.7,-2.37354,-1.73311,1,-0.5,0.49931,0,0,0.0239015,0,0.00853495,6,12.7,-0.365701,3,1,-0.5,0,0,0,0,0,0.00721678,7,12.7,-2.01613,1,1,-0.0145439,5.89527e-05,0,0.208005,-0.000115484,0,0.00751611,8,12.7,-1.00369,-1.65705,1,0.0023637,0.310412,0,0.0186861,-0.146724,0,0.0143462,9,12.7,-2.00003,-0.999998,1,7.52509e-05,1.47149e-05,0,-5.96046e-05,0,0,0.00932437,10,12.7,1.98803,-1.56931,1,-0.0139302,0.499815,0,0.052236,0.00739843,0,0.0117689,11,12.7,2.99826,-2.52516,1,-0.0111494,0.5,0,-0.0118464,0,0,0.00500002,12,12.7,0.337816,1.99347,1,0.49989,-0.00215452,0,0.00439964,0.0243112,0,0.00891646,13,12.7,-2.00005,2,1,5.88596e-05,7.82311e-06,0,0.000238419,-7.45058e-05,0,0.00919285,14,12.7,-1.99991,-0.0164795,1,-2.55182e-05,0.00605801,0,-0.000692904,0.138703,0,0.00972999,15,12.7,0.986171,-1.35436,1,-0.025105,-0.357144,0,0.208203,-0.176363,0,0.0103209,16,12.7,-0.614324,1.98355,1,0.5,-0.0136232,0,0,0.155173,0,0.0112032,17,12.7,-2.99998,-2.69236,1,-9.08971e-05,0.49994,0,0.000178814,0.00238419,0,0.00660253,18,12.7,-0.64276,-1.01232,1,0.298234,0.0212362,0,-0.211526,0.0458285,0,0.0133625,19,12.7,0.42466,0.00124665,1,0.488169,0.000886025,0,0.107652,-0.00303733,0,0.0147975,20,12.7,3,-0.581073,1,1.30385e-05,0.5,0,4.47035e-05,0,0,0.0093406,21,12.7,2.99999,2.00022,1,-1.60187e-05,-0.000627339,0,4.47035e-05,0.000298023,0,0.00508835,22,12.7,2.00001,2,1,-8.45641e-05,1.04308e-05,0,7.45058e-05,-2.98023e-05,0,0.00934498,23,12.7,1.38463,-2.01581,1,0.466535,-0.00772104,0,0.238113,0.143021,0,0.0107157,24,12.7,0.58754,1.00164,1,-0.499648,-0.00186767,0,-0.0141077,-0.0032708,0,0.010567,25,12.7,2.45508,-1.02615,1,0.5,-0.00595171,0,0,0.104196,0,0.00773464,26,12.7,0.997065,2.37436,1,0.0021399,0.5,0,0.00828132,0,0,0.00837796,27,12.7,-0.569692,-4.44681e-05,1,0.5,7.85225e-05,0,0,9.91592e-05,0,0.0126151,28,12.7,2,-0.000390913,1,1.80677e-05,0.00032839,0,-5.21541e-05,0.00214163,0,0.0109835,29,12.7,1.59177,1.00031,1,-0.5,0.000276789,0,7.45058e-06,-0.00232458,0,0.0113229,30,12.7,1.37292,-3,1,0.5,-5.96046e-06,0,-7.45058e-06,0,0,0.00995662,31,12.7,-0.503109,-2.99988,1,0.5,-0.00101328,0,-5.66244e-06,0.00521541,0,0.00880387,32,12.7,-2.99998,-0.628167,1,-1.00583e-05,0.5,0,-7.45058e-05,0,0,0.00907859,33,12.7,2.60819,1.01881,1,-0.5,0.00224467,0,0,-0.131302,0,0.0101257,34,12.7,-0.349491,-2.00053,1,-0.313205,-0.000230223,0,0.280194,0.00220537,0,0.011054,35,12.7,-1.99271,-2.52903,1,-0.00335537,0.5,0,-0.0208318,0,0,0.00940776
0,12.8,0.999979,-0.528708,1,-0.000120699,-0.456743,0,0.000506639,0.144899,0,0.0130132,1,12.8,0.550046,-2.99874,1,0.5,0.00915527,0,2.98023e-05,0.0121593,0,0.00797218,2,12.8,-0.968444,0.985715,1,-0.109522,-0.0248998,0,0.114381,0.229388,0,0.0120629,3,12.8,-1.39931,2.99999,1,-0.500003,-2.38419e-05,0,5.96046e-05,0.000119209,0,0.00670758,4,12.8,0.000454884,-1.3873,1,1.13301e-05,-0.271037,0,-0.00109244,0.221848,0,0.0148971,5,12.8,-2.42354,-1.68312,1,-0.5,0.500003,0,0,-5.96046e-05,0,0.00942976,6,12.8,-0.415701,3,1,-0.5,0,0,1.43051e-05,0,0,0.00817735,7,12.8,-2.01665,1.00001,1,0.0033319,4.47035e-05,0,0.150442,-0.000119209,0,0.00740251,8,12.8,-1.00337,-1.62683,1,0.00386536,0.29313,0,0.0115037,-0.198543,0,0.0163912,9,12.8,-2.00002,-0.999997,1,7.15256e-05,1.3411e-05,0,-0.000119209,-2.98023e-05,0,0.010099,10,12.8,1.98691,-1.51931,1,-0.00849366,0.500003,0,0.0557899,-5.96046e-05,0,0.00973889,11,12.8,2.99712,-2.47516,1,-0.0112176,0.5,0,0.00929832,0,0,0.00571025,12,12.8,0.387814,1.99337,1,0.5,0.000187755,0,-1.43051e-05,0.0224113,0,0.00959482,13,12.8,-2.00005,2,1,7.7486e-05,0,0,0.000238419,0,0,0.00927472,14,12.8,-1.99992,-0.0152654,1,-8.34465e-05,0.0174015,0,-0.000476837,0.0893804,0,0.0103802,15,12.8,0.984607,-1.39123,1,-0.00709593,-0.382644,0,0.153452,-0.314653,0,0.0110548,16,12.8,-0.564324,1.9829,1,0.5,-0.00013113,0,2.98023e-05,0.115693,0,0.00993699,17,12.8,-2.99999,-2.64236,1,-7.15256e-05,0.5,0,0.000238419,0,0,0.00669235,18,12.8,-0.614013,-1.01002,1,0.276448,0.0242949,0,-0.227153,0.0163913,0,0.0150808,19,12.8,0.473926,0.00131942,1,0.496272,0.000565848,0,0.0548512,-0.00325177,0,0.0107497,20,12.8,3,-0.531073,1,1.19209e-05,0.5,0,0,1.43051e-05,0,0.00843077,21,12.8,2.99999,2.00016,1,-1.78814e-05,-0.000584126,0,0.000238419,0.000715256,0,0.00518126,22,12.8,2,2.00001,1,-7.7486e-05,5.96046e-06,0,0.000238419,0,0,0.0102874,23,12.8,1.43233,-2.01593,1,0.486082,0.00448227,0,0.1508,0.102043,0,0.00965708,24,12.8,0.537547,1.00144,1,-0.5,-0.00210702,0,-1.43051e-05,-0.00149012,0,0.0100486,25,12.8,2.50508,-1.02623,1,0.5,0.004071,0,0,0.0953078,0,0.00713059,26,12.8,0.997315,2.42436,1,0.00281781,0.5,0,0.00533462,0,0,0.00842145,27,12.8,-0.519692,-3.62643e-05,1,0.5,8.42012e-05,0,-1.43051e-05,1.80307e-05,0,0.0115885,28,12.8,2,-0.000348813,1,1.19209e-05,0.000499629,0,0,0.00130205,0,0.00987125,29,12.8,1.54177,1.00033,1,-0.500003,6.55651e-05,0,5.96046e-05,-0.00190735,0,0.0102113,30,12.8,1.42292,-3,1,0.500003,0,0,-5.96046e-05,-0.000119209,0,0.00787754,31,12.8,-0.453109,-2.99995,1,0.5,-0.000554323,0,-1.43051e-05,0.00393391,0,0.0078349,32,12.8,-2.99998,-0.578167,1,-1.78814e-05,0.5,0,-0.000119209,2.98023e-05,0,0.00804349,33,12.8,2.55819,1.01845,1,-0.5,-0.00893474,0,0,-0.0932217,0,0.00957927,34,12.8,-0.379415,-2.00054,1,-0.285276,-2.98023e-05,0,0.279978,0.00166893,0,0.010377,35,12.8,-1.99314,-2.47903,1,-0.00521839,0.5,0,-0.0164509,0,0,0.00941357
0,12.9,0.999969,-0.573882,1,-7.40401e-05,-0.448661,0,0.000428408,0.0296012,0,0.0130132,1,12.9,0.600017,-2.99779,1,0.499003,0.00946,0,-0.0248887,-0.00503659,0,0.00797218,2,12.9,-0.978762,0.984273,1,-0.0963069,-0.00491804,0,0.147041,0.171151,0,0.0120629,3,12.9,-1.44931,2.99999,1,-0.5,-1.22935e-05,0,7.45058e-06,0.000104308,0,0.00670758,4,12.9,0.000450185,-1.41335,1,-0.000106439,-0.250562,0,-0.00116233,0.193059,0,0.0148971,5,12.9,-2.47354,-1.63312,1,-0.499962,0.5,0,0.00151992,-7.45058e-06,0,0.00942976,6,12.9,-0.465701,3,1,-0.5,0,0,0,0,0,0.00817735,7,12.9,-2.01565,1.00001,1,0.01573,3.25963e-05,0,0.0988692,-0.00012666,0,0.00740251,8,12.9,-1.00294,-1.59848,1,0.00474583,0.274136,0,0.00617653,-0.186324,0,0.0163912,9,12.9,-2.00001,-0.999996,1,5.96046e-05,9.96515e-06,0,-0.000119209,-4.09782e-05,0,0.010099,10,12.9,1.98634,-1.46931,1,-0.00295825,0.5,0,0.0542998,-7.45058e-06,0,0.00973889,11,12.9,2.99607,-2.42516,1,-0.00967942,0.499899,0,0.0206083,-0.00400841,0,0.00571025,12,12.9,0.437814,1.9935,1,0.5,0.00223238,0,0,0.0184849,0,0.00959482,13,12.9,-2.00004,2,1,9.42498e-05,0,0,0.000104308,0,0,0.00927472,14,12.9,-1.99993,-0.0131515,1,-0.000120141,0.0241832,0,-0.000275671,0.0477082,0,0.0103802,15,12.9,0.984582,-1.43111,1,0.00583082,-0.415053,0,0.106506,-0.323951,0,0.0110548,16,12.9,-0.514324,1.9834,1,0.5,0.00969451,0,-2.08616e-06,0.0816956,0,0.00993699,17,12.9,-2.99999,-2.59236,1,-4.80562e-05,0.5,0,0.000223517,0,0,0.00669235,18,12.9,-0.587446,-1.00755,1,0.255322,0.0247315,0,-0.200573,-0.0064373,0,0.0150808,19,12.9,0.523749,0.00135845,1,0.499521,0.00020415,0,0.0142511,-0.00389234,0,0.0107497,20,12.9,3,-0.481073,1,7.82311e-06,0.5,0,-4.47035e-05,-1.78814e-06,0,0.00843077,21,12.9,2.99999,2.0001,1,1.11759e-06,-0.000504404,0,0.000163913,0.000864267,0,0.00518126,22,12.9,2,2.00001,1,-5.47618e-05,5.58794e-06,0,0.000208616,-1.49012e-05,0,0.0102874,23,12.9,1.48154,-2.01503,1,0.496655,0.0129335,0,0.0634789,0.0680089,0,0.00965708,24,12.9,0.487547,1.00122,1,-0.5,-0.00218656,0,1.78814e-06,-0.000156462,0,0.0100486,25,12.9,2.55508,-1.02538,1,0.499968,0.0126835,0,-0.0012666,0.0768602,0,0.00713059,26,12.9,0.997619,2.47436,1,0.0032248,0.5,0,0.00287592,0,0,0.00842145,27,12.9,-0.469692,-2.78596e-05,1,0.5,8.29159e-05,0,0,-4.06764e-05,0,0.0115885,28,12.9,2,-0.000293599,1,1.15484e-05,0.000592684,0,-1.49012e-05,0.000584108,0,0.00987125,29,12.9,1.49177,1.00033,1,-0.5,-0.000103004,0,7.45058e-06,-0.00146776,0,0.0102113,30,12.9,1.47292,-3,1,0.5,-4.09782e-06,0,-7.45058e-06,1.49012e-05,0,0.00787754,31,12.9,-0.403131,-2.99999,1,0.499198,-0.000218675,0,-0.0212304,0.00275671,0,0.0078349,32,12.9,-2.99998,-0.528167,1,-2.75671e-05,0.5,0,-5.96046e-05,-2.08616e-06,0,0.00804349,33,12.9,2.50819,1.01714,1,-0.5,-0.0166161,0,0,-0.0613257,0,0.00957927,34,12.9,-0.406647,-2.00054,1,-0.26023,0.000139698,0,0.227673,0.00159442,0,0.010377,35,12.9,-1.99373,-2.42903,1,-0.00658743,0.499916,0,-0.0110269,-0.00333786,0,0.00941357
0,13,0.999964,-0.618702,1,-3.42727e-05,-0.448482,0,0.000327826,-0.0154972,0,0.0120467,1,13,0.649718,-2.9969,1,0.494164,0.00833869,0,-0.0754893,-0.0165701,0,0.00812971,2,13,-0.987624,0.984547,1,-0.0806451,0.00952333,0,0.163764,0.118732,0,0.0133747,3,13,-1.49931,2.99999,1,-0.500003,-5.96046e-06,0,5.96046e-05,0.000119209,0,0.00695289,4,13,0.000434297,-1.43746,1,-0.00020375,-0.231519,0,-0.000710657,0.191391,0,0.0155053,5,13,-2.52352,-1.58312,1,-0.499392,0.500003,0,0.0121593,-5.96046e-05,0,0.00789331,6,13,-0.515701,3,1,-0.5,0,0,-2.98023e-05,0,0,0.00835539,7,13,-2.01366,1.00001,1,0.023371,2.08616e-05,0,0.0554323,-0.000119209,0,0.00731064,8,13,-1.00244,-1.57201,1,0.00511408,0.255048,0,0.0013113,-0.198483,0,0.0159801,9,13,-2.00001,-0.999995,1,4.76837e-05,7.45058e-06,0,-0.000119209,-8.9407e-05,0,0.00846071,10,13,1.98631,-1.41931,1,0.002262,0.500003,0,0.0495315,-5.96046e-05,0,0.00894971,11,13,2.99522,-2.37522,1,-0.00725389,0.498396,0,0.0270605,-0.0321865,0,0.00593609,12,13,0.487814,1.9938,1,0.5,0.00388324,0,-1.43051e-05,0.0146031,0,0.00852984,13,13,-2.00003,2,1,0.000101328,0,0,-0.000119209,-0.000119209,0,0.0101361,14,13,-1.99994,-0.0105534,1,-0.000137091,0.0272251,0,-0.000119209,0.0144941,0,0.0117519,15,13,0.98563,-1.47419,1,0.014478,-0.445813,0,0.0677109,-0.284672,0,0.0101336,16,13,-0.464324,1.98473,1,0.5,0.0163734,0,-1.43051e-05,0.0528097,0,0.0108421,17,13,-3,-2.54236,1,-2.98023e-05,0.5,0,0.000119209,0,0,0.00727203,18,13,-0.562907,-1.00514,1,0.235467,0.0232399,0,-0.200063,-0.0222921,0,0.0142852,19,13,0.573737,0.00135897,1,0.5,-0.000196195,0,2.98023e-05,-0.00404008,0,0.0109541,20,13,3,-0.431073,1,0,0.5,0,0,-1.43051e-05,0,0.00878935,21,13,2.99999,2.00005,1,5.96046e-06,-0.000417233,0,0.000238419,0.000953674,0,0.00647283,22,13,1.99999,2.00001,1,-3.27826e-05,5.96046e-06,0,0.000119209,-0.000119209,0,0.0101893,23,13,1.53141,-2.01345,1,0.499743,0.0182688,0,0.005126,0.0399351,0,0.00945125,24,13,0.437547,1.001,1,-0.5,-0.00214875,0,1.43051e-05,0.00089407,0,0.00929699,25,13,2.60506,-1.02376,1,0.499499,0.0194371,0,-0.010252,0.0582337,0,0.00726217,26,13,0.997953,2.52436,1,0.00340641,0.5,0,0.000804663,0,0,0.00941657,27,13,-0.419692,-1.98472e-05,1,0.5,7.6642e-05,0,-1.43051e-05,-8.20991e-05,0,0.0117555,28,13,2,-0.000232422,1,1.19209e-05,0.000621338,0,-0.000119209,1.28208e-05,0,0.00990419,29,13,1.44177,1.00031,1,-0.500003,-0.000232458,0,5.96046e-05,-0.00101328,0,0.00996662,30,13,1.52292,-3,1,0.500003,0,0,-5.96046e-05,0,0,0.00672237,31,13,-0.353388,-3,1,0.494845,0,0,-0.0697374,0.00178814,0,0.00897981,32,13,-2.99998,-0.478167,1,-2.98023e-05,0.5,0,-0.000119209,-1.43051e-05,0,0.00870035,33,13,2.45819,1.01522,1,-0.5,-0.0213772,0,0,-0.0346899,0,0.00999033,34,13,-0.431574,-2.00052,1,-0.238594,0.000274181,0,0.209823,0.00107288,0,0.0134078,35,13,-1.99444,-2.37908,1,-0.00744462,0.49867,0,-0.00613928,-0.0268221,0,0.00842599
0,13.1,0.999962,-0.663629,1,-4.74975e-06,-0.449876,0,0.000257045,-0.00409037,0,0.0120467,1,13.1,0.698653,-2.99616,1,0.483423,0.00632256,0,-0.141978,-0.0230074,0,0.00812971,2,13.1,-0.994861,0.986013,1,-0.0640573,0.0190391,0,0.166081,0.0729598,0,0.0133747,3,13.1,-1.54931,2.99999,1,-0.5,4.09782e-06,0,7.45058e-06,7.45058e-05,0,0.00695289,4,13.1,0.000410243,-1.45975,1,-0.000276255,-0.215182,0,-0.000648994,0.142373,0,0.0155053,5,13.1,-2.57334,-1.53312,1,-0.496518,0.5,0,0.0478625,-7.45058e-06,0,0.00789331,6,13.1,-0.5657,3,1,-0.49994,0,0,0.00241399,0,0,0.00835539,7,13.1,-2.01111,1.00001,1,0.0270836,9.68575e-06,0,0.0202656,-0.000104308,0,0.00731064,8,13.1,-1.00193,-1.54742,1,0.00507087,0.237401,0,-0.00208616,-0.160843,0,0.0159801,9,13.1,-2,-0.999995,1,3.59491e-05,-1.86265e-07,0,-0.000111759,-6.70552e-05,0,0.00846071,10,13.1,1.98676,-1.36941,1,0.00673309,0.497076,0,0.0398606,-0.060685,0,0.00894971,11,13.1,2.99463,-2.32563,1,-0.00439771,0.49253,0,0.0294596,-0.0894964,0,0.00593609,12,13.1,0.537814,1.99426,1,0.5,0.00514872,0,5.66244e-06,0.0107288,0,0.00852984,13,13.1,-2.00002,2,1,8.79169e-05,-9.68575e-06,0,-0.000149012,-5.96046e-05,0,0.0101361,14,13.1,-1.99996,-0.00780327,1,-0.000141375,0.027363,0,2.23517e-05,-0.0104019,0,0.0117519,15,13.1,0.987362,-1.52009,1,0.0196512,-0.471061,0,0.0368915,-0.216387,0,0.0101336,16,13.1,-0.414331,1.98659,1,0.499672,0.020366,0,-0.0103581,0.0279173,0,0.0108421,17,13.1,-3,-2.49236,1,-1.52737e-05,0.5,0,0.00013411,0,0,0.00727203,18,13.1,-0.540263,-1.00294,1,0.21823,0.0204496,0,-0.15153,-0.0325441,0,0.0142852,19,13.1,0.623657,0.00131996,1,0.497516,-0.000575391,0,-0.0525154,-0.00352035,0,0.0109541,20,13.1,3,-0.381143,1,0,0.497815,0,0,-0.0469349,0,0.00878935,21,13.1,3,2.00002,1,1.9744e-05,-0.000322983,0,4.47035e-05,0.000923872,0,0.00647283,22,13.1,1.99999,2.00001,1,-2.08616e-05,-4.09782e-06,0,0.000119209,-7.45058e-05,0,0.0101893,23,13.1,1.5814,-2.01146,1,0.49985,0.0210632,0,-0.00461191,0.016883,0,0.00945125,24,13.1,0.387603,1.0008,1,-0.498222,-0.00201892,0,0.0393837,0.00166148,0,0.00929699,25,13.1,2.65489,-1.02155,1,0.496296,0.0243491,0,-0.059858,0.0400767,0,0.00726217,26,13.1,0.998294,2.57435,1,0.00339644,0.499883,0,-0.000927597,-0.00464916,0,0.00941657,27,13.1,-0.369787,-1.26362e-05,1,0.497101,6.72e-05,0,-0.0602081,-0.000104825,0,0.0117555,28,13.1,2,-0.000170993,1,1.86265e-06,0.000600157,0,-7.45058e-05,-0.000412442,0,0.00990419,29,13.1,1.39182,1.00028,1,-0.498485,-0.00031516,0,0.0344738,-0.00064075,0,0.00996662,30,13.1,1.57292,-3,1,0.499908,0,0,-0.00368059,0,0,0.00672237,31,13.1,-0.304355,-2.99999,1,0.484728,0.00013262,0,-0.135444,0.000923872,0,0.00897981,32,13.1,-2.99999,-0.428169,1,-3.68804e-05,0.499913,0,-4.47035e-05,-0.0034868,0,0.00870035,33,13.1,2.4082,1.01295,1,-0.499469,-0.0237046,0,0.0157505,-0.0127181,0,0.00999033,34,13.1,-0.454501,-2.00048,1,-0.220934,0.000375137,0,0.151101,0.000879169,0,0.0134078,35,13.1,-1.99521,-2.32943,1,-0.0078477,0.493483,0,-0.00201166,-0.0816137,0,0.00842599
0,13.2,0.999962,-0.708562,1,1.93715e-05,-0.447874,0,0.000149012,0.0500679,0,0.0116217,1,13.2,0.746158,-2.99565,1,0.465374,0.0038743,0,-0.220388,-0.02563,0,0.00856977,2,13.2,-1.00045,0.988216,1,-0.0477642,0.0243843,0,0.158191,0.0352859,0,0.0134871,3,13.2,-1.59931,2.99999,1,-0.500003,1.19209e-05,0,5.96046e-05,0,0,0.00494655,4,13.2,0.000380088,-1.48059,1,-0.00031801,-0.201842,0,-0.00012113,0.129342,0,0.015136,5,13.2,-2.62268,-1.48312,1,-0.489384,0.500003,0,0.0967979,-5.96046e-05,0,0.00796622,6,13.2,-0.615662,3,1,-0.499032,0,0,0.0192821,0,0,0.00796979,7,13.2,-2.00835,1.00001,1,0.0277042,0,0,-0.0064373,-5.96046e-05,0,0.00907878,8,13.2,-1.00143,-1.52446,1,0.00471473,0.221798,0,-0.00500679,-0.155687,0,0.0162855,9,13.2,-2,-0.999995,1,2.68221e-05,-5.96046e-06,0,-0.000178814,-2.98023e-05,0,0.00943364,10,13.2,1.98762,-1.32012,1,0.0102311,0.487515,0,0.0301003,-0.131965,0,0.00864056,11,13.2,2.99434,-2.27695,1,-0.00147223,0.479788,0,0.0287294,-0.167966,0,0.00643606,12,13.2,0.587814,1.99482,1,0.5,0.00603497,0,2.98023e-05,0.00709295,0,0.00878501,13,13.2,-2.00001,2,1,7.15256e-05,-1.19209e-05,0,-0.000119209,-0.000119209,0,0.0105965,14,13.2,-1.99997,-0.00515089,1,-0.00013411,0.025395,0,0.000119209,-0.027788,0,0.0114795,15,13.2,0.989469,-1.56814,1,0.0220746,-0.488582,0,0.0125766,-0.132978,0,0.0106556,16,13.2,-0.364467,1.98873,1,0.496965,0.0221282,0,-0.0495911,0.00804663,0,0.011418,17,13.2,-3,-2.44236,1,0,0.5,0,0.000119209,0,0,0.00735124,18,13.2,-0.519163,-1.00107,1,0.203985,0.0169098,0,-0.138223,-0.0375211,0,0.015459,19,13.2,0.67304,0.00124584,1,0.489028,-0.000896244,0,-0.11906,-0.00287994,0,0.00972909,20,13.2,3,-0.331696,1,0,0.490067,0,0,-0.110254,0,0.00758743,21,13.2,3,1.99999,1,1.78814e-05,-0.000232458,0,0,0.000834465,0,0.0060229,22,13.2,1.99999,2.00001,1,-1.19209e-05,-5.96046e-06,0,0.000178814,-0.000119209,0,0.0114761,23,13.2,1.63132,-2.00931,1,0.497934,0.0218153,0,-0.0408292,-0.000953674,0,0.00898695,24,13.2,0.338069,1.0006,1,-0.491471,-0.00182092,0,0.0983477,0.00214577,0,0.00921089,25,13.2,2.7041,-1.01895,1,0.486517,0.0274748,0,-0.139594,0.0227094,0,0.00682612,26,13.2,0.998627,2.62428,1,0.00323504,0.498134,0,-0.00226498,-0.0370741,0,0.00937791,27,13.2,-0.320492,-6.46452e-06,1,0.4876,5.60336e-05,0,-0.13119,-0.000116856,0,0.0140227,28,13.2,2,-0.000113576,1,0,0.000543355,0,-0.000119209,-0.000702552,0,0.00985625,29,13.2,1.34223,1.00025,1,-0.492382,-0.000363588,0,0.0905395,-0.000357628,0,0.00843205,30,13.2,1.62286,-3,1,0.498527,0,0,-0.0293851,0,0,0.00670688,31,13.2,-0.256686,-2.99998,1,0.467325,0.000196695,0,-0.214062,0.000119209,0,0.00940451,32,13.2,-2.99999,-0.378223,1,-3.57628e-05,0.498605,0,0,-0.0278801,0,0.0103414,33,13.2,2.3584,1.01054,1,-0.495881,-0.0240833,0,0.0605583,0.00423193,0,0.0103517,34,13.2,-0.475885,-2.00044,1,-0.207043,0.000429153,0,0.132278,0.000238419,0,0.0129759,35,13.2,-1.996,-2.28061,1,-0.00786483,0.481582,0,0.00149012,-0.159383,0,0.00871256
0,13.3,1.00042,-0.75292,1,0.0130939,-0.437507,0,0.239979,0.156023,0,0.0116217,1,13.3,0.791422,-2.99496,1,0.438273,0.0134636,0,-0.318158,0.197932,0,0.00856977,2,13.3,-1.00446,0.990778,1,-0.0327151,0.0263678,0,0.141919,0.00575185,0,0.0134871,3,13.3,-1.64917,2.99999,1,-0.495907,1.19209e-05,0,0.082396,0,0,0.00494655,4,13.3,0.000347501,-1.50027,1,-0.000332937,-0.192976,0,-7.64576e-05,0.0579134,0,0.015136,5,13.3,-2.67099,-1.43317,1,-0.475502,0.49844,0,0.179037,-0.0336841,0,0.00796622,6,13.3,-0.665397,3,1,-0.494788,0,0,0.0707507,0,0,0.00796979,7,13.3,-2.00564,1.00001,1,0.0260625,-5.7742e-06,0,-0.0251681,-5.21541e-05,0,0.00907878,8,13.3,-1.00099,-1.50293,1,0.00414122,0.210029,0,-0.00642985,-0.0890642,0,0.0162855,9,13.3,-2,-0.999996,1,1.15484e-05,-8.3819e-06,0,-0.00013411,-1.49012e-05,0,0.00943364,10,13.3,1.98877,-1.27182,1,0.012685,0.480259,0,0.0192225,-0.026457,0,0.00864056,11,13.3,2.99433,-2.23,1,0.00119768,0.457441,0,0.0245124,-0.275895,0,0.00643606,12,13.3,0.637703,1.99545,1,0.496633,0.00654347,0,-0.0689365,0.00317395,0,0.00878501,13,13.3,-2.00001,2,1,5.92321e-05,-2.03028e-05,0,-0.00013411,-5.21541e-05,0,0.0105965,14,13.3,-1.99998,-0.00277017,1,-0.000118837,0.022046,0,0.000178814,-0.0382102,0,0.0114795,15,13.3,0.992075,-1.61751,1,0.0330421,-0.497167,0,0.192259,-0.0373572,0,0.0106556,16,13.3,-0.315113,1.99096,1,0.489065,0.0221603,0,-0.111964,-0.00670552,0,0.011418,17,13.3,-3,-2.39241,1,9.68575e-06,0.498524,0,5.96046e-05,-0.033766,0,0.00735124,18,13.3,-0.49931,-0.999572,1,0.194271,0.0130675,0,-0.0659097,-0.0386797,0,0.015459,19,13.3,0.72123,0.000689486,1,0.473576,-0.0142103,0,-0.191193,-0.242032,0,0.00972909,20,13.3,3,-0.282908,1,0,0.488259,0,0,0.044954,0,0.00758743,21,13.3,3,1.99997,1,1.3411e-05,-0.000153668,0,-5.96046e-05,0.000737607,0,0.0060229,22,13.3,1.99999,2,1,3.35276e-06,-1.56462e-05,0,0.00013411,-5.96046e-05,0,0.0114761,23,13.3,1.68074,-2.00752,1,0.488869,0.0103991,0,-0.139162,-0.211284,0,0.00898695,24,13.3,0.289525,1.00043,1,-0.47826,-0.00158902,0,0.167767,0.00245124,0,0.00921089,25,13.3,2.75185,-1.01612,1,0.466456,0.0288447,0,-0.258714,0.00523776,0,0.00682612,26,13.3,0.998938,2.67382,1,0.00296189,0.491471,0,-0.00314787,-0.100464,0,0.00937791,27,13.3,-0.272179,-1.44685e-06,1,0.480421,4.43296e-05,0,-0.0256775,-0.000116282,0,0.0140227,28,13.3,2.00052,-6.30718e-05,1,0.0149693,0.000463984,0,0.271931,-0.00086702,0,0.00985625,29,13.3,1.29355,1.00021,1,-0.480014,-0.000386126,0,0.158973,-9.68575e-05,0,0.00843205,30,13.3,1.67269,-3,1,0.498934,0,0,0.018388,0,0,0.00670688,31,13.3,-0.210848,-2.99996,1,0.450934,0.00019297,0,-0.124236,-0.000178814,0,0.00940451,32,13.3,-2.99999,-0.328583,1,-3.35276e-05,0.493277,0,5.96046e-05,-0.0833087,0,0.0103414,33,13.3,2.30921,1.00818,1,-0.486767,-0.0230165,0,0.124872,0.0164434,0,0.0103517,34,13.3,-0.496076,-2.0004,1,-0.198011,0.00045076,0,0.0585876,8.9407e-05,0,0.0129759,35,13.3,-1.99677,-2.23344,1,-0.00755172,0.460041,0,0.00462681,-0.268489,0,0.00871256
0,13.4,1.00318,-0.795724,1,0.0441313,-0.416976,0,0.363231,0.252813,0,0.0121755,1,13.4,0.833521,-2.99239,1,0.402436,0.0399172,0,-0.395089,0.315189,0,0.0077576,2,13.4,-1.00705,0.993404,1,-0.0195235,0.0257939,0,0.121355,-0.0160038,0,0.0120709,3,13.4,-1.69821,2.99999,1,-0.483477,1.19209e-05,0,0.166178,0,0,0.00645126,4,13.4,0.000314584,-1.51933,1,-0.000315921,-0.188544,0,0.000489614,0.0380278,0,0.0143073,5,13.4,-2.71752,-1.38357,1,-0.453943,0.492835,0,0.250101,-0.0802279,0,0.00673917,6,13.4,-0.714402,3,1,-0.484039,0,0,0.147521,0,0,0.00847171,7,13.4,-2.00318,1.00001,1,0.0228882,-1.19209e-05,0,-0.0369549,0,0,0.00770098,8,13.4,-1.00061,-1.48232,1,0.00343621,0.20237,0,-0.00756979,-0.0709891,0,0.0143245,9,13.4,-2,-0.999997,1,0,-8.9407e-06,0,-5.96046e-05,0,0,0.00915941,10,13.4,1.99012,-1.22384,1,0.0141233,0.479817,0,0.00971556,0.00679493,0,0.0121686,11,13.4,2.99456,-2.18579,1,0.00339746,0.425231,0,0.0194311,-0.365138,0,0.0062047,12,13.4,0.686897,1.99612,1,0.485976,0.0066936,0,-0.144988,-0.000119209,0,0.00879567,13,13.4,-2,2,1,4.76837e-05,-2.08616e-05,0,-0.000178814,-5.96046e-05,0,0.0102195,14,13.4,-1.99999,-0.000767079,1,-9.83477e-05,0.0179322,0,0.000238419,-0.0432564,0,0.0108847,15,13.4,0.996537,-1.66724,1,0.0578508,-0.495863,0,0.291675,0.0638366,0,0.012325,16,13.4,-0.266893,1.99312,1,0.474013,0.0209183,0,-0.19113,-0.0175834,0,0.00960613,17,13.4,-3,-2.34281,1,1.19209e-05,0.492519,0,0,-0.0895262,0,0.00886092,18,13.4,-0.480159,-0.998456,1,0.189096,0.00928789,0,-0.0447929,-0.0364482,0,0.0150194,19,13.4,0.767505,-0.00219,1,0.45065,-0.0454152,0,-0.267506,-0.364561,0,0.0119932,20,13.4,3,-0.233784,1,0,0.494521,0,0,0.0640529,0,0.00547203,21,13.4,3,1.99996,1,5.96046e-06,-8.64267e-05,0,-0.000119209,0.000655651,0,0.00583652,22,13.4,1.99999,2,1,1.49012e-05,-1.78814e-05,0,0,0,0,0.0103582,23,13.4,1.72878,-2.00777,1,0.470394,-0.0174701,0,-0.228643,-0.332475,0,0.0120894,24,13.4,0.242664,1.00029,1,-0.457655,-0.00133514,0,0.245064,0.002563,0,0.00811881,25,13.4,2.79703,-1.01323,1,0.435388,0.0286251,0,-0.359297,-0.0090003,0,0.00611406,26,13.4,0.999217,2.72233,1,0.00261664,0.477356,0,-0.00369549,-0.184417,0,0.00761636,27,13.4,-0.224183,2.41227e-06,1,0.480054,3.29482e-05,0,0.00751793,-0.000110576,0,0.0145973,28,13.4,2.00364,-2.11571e-05,1,0.0494778,0.000373197,0,0.396729,-0.00093411,0,0.0101264,29,13.4,1.24647,1.00017,1,-0.460279,-0.00038445,0,0.236571,0.000119209,0,0.00905208,30,13.4,1.72266,-3,1,0.5,0,0,0,0,0,0.00751169,31,13.4,-0.1663,-2.99994,1,0.440579,0.000166893,0,-0.0913739,-0.000476837,0,0.0109611,32,13.4,-3,-0.279794,1,-2.38419e-05,0.481194,0,0,-0.161238,0,0.00913702,33,13.4,2.26129,1.00597,1,-0.470412,-0.0209242,0,0.203729,0.0249147,0,0.0106239,34,13.4,-0.515637,-2.00035,1,-0.193556,0.000429153,0,0.037998,-0.000596046,0,0.0134153,35,13.4,-1.9975,-2.18894,1,-0.0069648,0.428492,0,0.00685453,-0.359178,0,0.0085701
0,13.5,1.0097,-0.83599,1,0.0885904,-0.386791,0,0.50512,0.346106,0,0.0121755,1,13.5,0.871676,-2.98654,1,0.359653,0.0794873,0,-0.4558,0.456452,0,0.0077576,2,13.5,-1.00844,0.995877,1,-0.00856109,0.0234188,0,0.0978261,-0.030417,0,0.0120709,3,13.5,-1.7456,2.99999,1,-0.462934,1.19209e-05,0,0.244342,0,0,0.00645126,4,13.5,0.00028508,-1.53816,1,-0.000274628,-0.189335,0,0.000457636,-0.043571,0,0.0143073,5,13.5,-2.76157,-1.33478,1,-0.425929,0.482024,0,0.30838,-0.137158,0,0.00673917,6,13.5,-0.761877,3,1,-0.463607,0,0,0.2583,0,0,0.00847171,7,13.5,-2.00109,1.00001,1,0.018858,-1.21072e-05,0,-0.0428334,-7.45058e-06,0,0.00770098,8,13.5,-1.0003,-1.46228,1,0.00268724,0.199904,0,-0.00745803,0.0116825,0,0.0143245,9,13.5,-2,-0.999997,1,-4.84288e-06,-8.56817e-06,0,-2.98023e-05,7.45058e-06,0,0.00915941,10,13.5,1.99157,-1.17573,1,0.0146348,0.483165,0,0.000745058,0.0497028,0,0.0121686,11,13.5,2.99499,-2.14521,1,0.00506714,0.385357,0,0.0139177,-0.429362,0,0.0062047,12,13.5,0.734645,1.99678,1,0.467722,0.00654887,0,-0.220455,-0.00267476,0,0.00879567,13,13.5,-2,2,1,3.09199e-05,-2.34693e-05,0,-0.000149012,0,0,0.0102195,14,13.5,-2,0.000807855,1,-7.43195e-05,0.0135612,0,0.000216067,-0.0435885,0,0.0108847,15,13.5,1.00401,-1.71629,1,0.0934531,-0.482919,0,0.406008,0.191234,0,0.012325,16,13.5,-0.220629,1.99511,1,0.449538,0.0187788,0,-0.295087,-0.0246614,0,0.00960613,17,13.5,-3,-2.29411,1,1.15484e-05,0.480263,0,-1.49012e-05,-0.157773,0,0.00886092,18,13.5,-0.461308,-0.997703,1,0.1893,0.00585625,0,0.0385642,-0.0319295,0,0.0150194,19,13.5,0.811078,-0.00884106,1,0.41934,-0.0899427,0,-0.355035,-0.505192,0,0.0119932,20,13.5,3,-0.18407,1,0,0.499089,0,0,0.0250793,0,0.00547203,21,13.5,3,1.99995,1,-3.72529e-06,-2.84985e-05,0,-5.96046e-05,0.00051409,0,0.00583652,22,13.5,1.99999,2,1,1.49012e-05,-1.69501e-05,0,0,2.23517e-05,0,0.0103582,23,13.5,1.77449,-2.01153,1,0.442308,-0.060701,0,-0.328638,-0.512645,0,0.0120894,24,13.5,0.198287,1.00017,1,-0.428354,-0.0010794,0,0.33734,0.00254065,0,0.00811881,25,13.5,2.8386,-1.01043,1,0.394585,0.0271147,0,-0.450671,-0.020586,0,0.00611406,26,13.5,0.99946,2.76894,1,0.00223136,0.453076,0,-0.00396743,-0.297666,0,0.00761636,27,13.5,-0.176042,5.53335e-06,1,0.483484,3.54296e-05,0,0.050593,0.000244403,0,0.0145973,28,13.5,2.01096,-4.68908e-06,1,0.100099,-0.000193548,0,0.589371,-0.00991973,0,0.0101264,29,13.5,1.20179,1.00014,1,-0.431734,-0.000363961,0,0.330761,0.000283122,0,0.00905208,30,13.5,1.77266,-3,1,0.5,0,0,0,0,0,0.00751169,31,13.5,-0.12257,-2.99992,1,0.435059,0.000117347,0,-0.0289202,-0.000521541,0,0.0109611,32,13.5,-3,-0.23267,1,-1.78814e-05,0.459476,0,8.9407e-05,-0.270134,0,0.00913702,33,13.5,2.21544,1.00402,1,-0.4448,-0.0181681,0,0.305161,0.0297353,0,0.0106239,34,13.5,-0.534963,-2.00031,1,-0.194287,0.000375509,0,-0.042364,-0.000596046,0,0.0134153,35,13.5,-1.99816,-2.148,1,-0.00619907,0.389113,0,0.0083372,-0.425473,0,0.0085701
0,13.6,1.02117,-0.872818,1,0.141418,-0.348675,0,0.534832,0.411719,0,0.0117235,1,13.6,0.905296,-2.97621,1,0.312173,0.127667,0,-0.489533,0.491381,0,0.00907693,2,13.6,-1.00884,0.99805,1,4.47035e-05,0.0199109,0,0.0743866,-0.038892,0,0.0124335,3,13.6,-1.79054,2.99999,1,-0.434744,1.19209e-05,0,0.318527,0,0,0.00640786,4,13.6,0.000260681,-1.55737,1,-0.000203287,-0.195423,0,0.00105887,-0.0700951,0,0.0148264,5,13.6,-2.80253,-1.28736,1,-0.392628,0.465229,0,0.35584,-0.199258,0,0.00798478,6,13.6,-0.806783,3,1,-0.432968,0,0,0.351399,0,0,0.00859991,7,13.6,-1.99942,1.00001,1,0.014472,-1.19209e-05,0,-0.0442266,0,0,0.00750285,8,13.6,-1.00007,-1.44216,1,0.00193864,0.202921,0,-0.00762939,0.04071,0,0.0159827,9,13.6,-2,-0.999998,1,-8.9407e-06,-7.45058e-06,0,0,0,0,0.00947559,10,13.6,1.99302,-1.12716,1,0.01432,0.487882,0,-0.00679493,0.0362396,0,0.0135076,11,13.6,2.99556,-2.1089,1,0.00617504,0.339967,0,0.00822544,-0.47493,0,0.00603133,12,13.6,0.780189,1.99742,1,0.441897,0.00617504,0,-0.295579,-0.00464916,0,0.00814882,13,13.6,-1.99999,1.99999,1,1.78814e-05,-2.08616e-05,0,-0.000119209,0,0,0.0102284,14,13.6,-2.00001,0.00194942,1,-4.76837e-05,0.0093152,0,0.000119209,-0.0408984,0,0.011079,15,13.6,1.01547,-1.76344,1,0.136429,-0.458372,0,0.44167,0.295997,0,0.0115563,16,13.6,-0.177299,1.99686,1,0.415659,0.0160873,0,-0.379145,-0.028789,0,0.0115698,17,13.6,-3,-2.247,1,1.19209e-05,0.460649,0,-0.000119209,-0.235558,0,0.00731446,18,13.6,-0.442118,-0.997267,1,0.194966,0.00294298,0,0.066638,-0.0261068,0,0.0136358,19,13.6,0.851118,-0.0204507,1,0.380367,-0.142722,0,-0.420868,-0.533863,0,0.0156293,20,13.6,3,-0.134094,1,0,0.5,0,0,3.57628e-06,0,0.00744395,21,13.6,3,1.99995,1,-5.96046e-06,1.49012e-05,0,-0.000119209,0.000357628,0,0.00597856,22,13.6,1.99999,2,1,1.49012e-05,-1.49012e-05,0,0,5.96046e-05,0,0.0114528,23,13.6,1.81695,-2.02033,1,0.405523,-0.116432,0,-0.402927,-0.585914,0,0.0108699,24,13.6,0.157265,1.00007,1,-0.390904,-0.000831485,0,0.408098,0.00238419,0,0.00945379,25,13.6,2.8757,-1.00784,1,0.34641,0.0246227,0,-0.507236,-0.0286698,0,0.00613269,26,13.6,0.999663,2.8126,1,0.00183135,0.418538,0,-0.00399351,-0.389576,0,0.00802326,27,13.6,-0.127442,1.14596e-05,1,0.488291,9.62749e-05,0,0.0372308,0.00103277,0,0.0161662,28,13.6,2.02406,-8.50871e-05,1,0.162631,-0.00151749,0,0.640392,-0.0161077,0,0.0107278,29,13.6,1.1604,1.0001,1,-0.394836,-0.000327826,0,0.403643,0.000357628,0,0.00832188,30,13.6,1.82266,-3,1,0.500003,0,0,-5.96046e-05,0,0,0.0083268,31,13.6,-0.0791734,-2.99991,1,0.433013,6.55651e-05,0,-0.0199378,-0.000476837,0,0.00979845,32,13.6,-3,-0.188232,1,-5.96046e-06,0.427783,0,0,-0.360548,0,0.00804973,33,13.6,2.17263,1.00235,1,-0.410056,-0.0150651,0,0.386119,0.0318289,0,0.0101268,34,13.6,-0.554666,-2.00028,1,-0.200196,0.000292063,0,-0.0677407,-0.0013113,0,0.0166883,35,13.6,-1.99873,-2.11131,1,-0.00531971,0.344014,0,0.00923872,-0.47338,0,0.00807672
0,13.7,1.03803,-0.905545,1,0.195777,-0.305154,0,0.538364,0.453878,0,0.0117235,1,13.7,0.934042,-2.96092,1,0.262618,0.178593,0,-0.497848,0.512689,0,0.00907693,2,13.7,-1.0085,0.99984,1,0.00633858,0.0158323,0,0.0519007,-0.0419989,0,0.0124335,3,13.7,-1.83229,2.99999,1,-0.398894,1.19209e-05,0,0.394411,0,0,0.00640786,4,13.7,0.000244791,-1.57765,1,-0.000118241,-0.213456,0,0.000831057,-0.267908,0,0.0148264,5,13.7,-2.83995,-1.24194,1,-0.355197,0.442292,0,0.390947,-0.259705,0,0.00798478,6,13.7,-0.848201,3,1,-0.394237,0,0,0.420354,0,0,0.00859991,7,13.7,-1.99819,1.00001,1,0.0101481,-1.19209e-05,0,-0.0418276,0,0,0.00750285,8,13.7,-0.999916,-1.42127,1,0.0012368,0.218233,0,-0.00657141,0.242896,0,0.0159827,9,13.7,-2,-0.999999,1,-8.75443e-06,-6.98492e-06,0,7.45058e-06,1.11759e-05,0,0.00947559,10,13.7,1.99441,-1.07818,1,0.0133501,0.491614,0,-0.0124648,0.0311509,0,0.0135076,11,13.7,2.99621,-2.07733,1,0.00671782,0.291019,0,0.00278652,-0.49977,0,0.00603133,12,13.7,0.822756,1.99801,1,0.408091,0.00562631,0,-0.376616,-0.00622869,0,0.00814882,13,13.7,-1.99999,1.99999,1,7.07805e-06,-1.86265e-05,0,-8.9407e-05,2.98023e-05,0,0.0102284,14,13.7,-2.00001,0.00268444,1,-3.53903e-05,0.00547078,0,0.00013411,-0.035768,0,0.011079,15,13.7,1.03139,-1.80764,1,0.182408,-0.424008,0,0.467017,0.386417,0,0.0115563,16,13.7,-0.137735,1.99832,1,0.374653,0.0131253,0,-0.437912,-0.0300854,0,0.0115698,17,13.7,-3,-2.20228,1,1.86265e-06,0.432197,0,-7.45058e-05,-0.329942,0,0.00731446,18,13.7,-0.421898,-0.997095,1,0.212755,0.000607315,0,0.266396,-0.020463,0,0.0136358,19,13.7,0.886962,-0.0374376,1,0.335736,-0.197107,0,-0.467371,-0.539675,0,0.0156293,20,13.7,3,-0.0840944,1,0,0.5,0,0,2.98023e-07,0,0.00744395,21,13.7,3,1.99996,1,-1.41561e-05,4.45172e-05,0,-2.98023e-05,0.000230968,0,0.00597856,22,13.7,1.99999,2,1,1.47149e-05,-9.12696e-06,0,-7.45058e-06,5.21541e-05,0,0.0114528,23,13.7,1.85534,-2.03501,1,0.361137,-0.178049,0,-0.478536,-0.63251,0,0.0108699,24,13.7,0.120298,0.999998,1,-0.347683,-0.000603776,0,0.4532,0.00215694,0,0.00945379,25,13.7,2.90774,-1.00553,1,0.294115,0.0214983,0,-0.533625,-0.0333637,0,0.00613269,26,13.7,0.999826,2.85238,1,0.00143927,0.375904,0,-0.00382215,-0.459224,0,0.00802326,27,13.7,-0.0784455,2.63914e-05,1,0.491281,0.000207042,0,0.0164727,0.00131002,0,0.0161662,28,13.7,2.04354,-0.000372482,1,0.227088,-0.00471832,0,0.637174,-0.045416,0,0.0107278,29,13.7,1.12302,1.00007,1,-0.351953,-0.000287779,0,0.450917,0.000439584,0,0.00832188,30,13.7,1.87266,-3,1,0.5,0,0,-7.45058e-06,0,0,0.0083268,31,13.7,-0.0359497,-2.99991,1,0.431522,2.01166e-05,0,-0.0162167,-0.000417233,0,0.00979845,32,13.7,-3,-0.147373,1,-1.86265e-06,0.388289,0,4.47035e-05,-0.426386,0,0.00804973,33,13.7,2.13366,1.001,1,-0.368505,-0.0118783,0,0.441805,0.0315979,0,0.0101268,34,13.7,-0.575408,-2.00026,1,-0.217921,0.000184029,0,-0.264179,-0.00104308,0,0.0166883,35,13.7,-1.99922,-2.07933,1,-0.00438131,0.295116,0,0.00944734,-0.500306,0,0.00807672
0,13.8,1.06021,-0.933755,1,0.246635,-0.258799,0,0.468194,0.469118,0,0.0125966,1,13.8,0.957827,-2.94056,1,0.213286,0.227666,0,-0.485659,0.457525,0,0.0120087,2,13.8,-1.00764,1.00121,1,0.0105143,0.0116348,0,0.0320077,-0.0414252,0,0.0105478,3,13.8,-1.87011,2.99999,1,-0.356644,1.19209e-05,0,0.446677,0,0,0.00578717,4,13.8,0.000238035,-1.60051,1,-4.08618e-06,-0.244924,0,0.00159293,-0.343323,0,0.0138994,5,13.8,-2.87347,-1.19911,1,-0.314802,0.413316,0,0.414729,-0.319242,0,0.00701372,6,13.8,-0.88543,3,1,-0.349504,0,0,0.471145,0,0,0.0093429,7,13.8,-1.99738,1.00001,1,0.00617802,-1.19209e-05,0,-0.0371933,0,0,0.00756833,8,13.8,-0.999824,-1.39805,1,0.000594556,0.247428,0,-0.0064075,0.322819,0,0.0129284,9,13.8,-2,-1,1,-8.9407e-06,-7.45058e-06,0,5.96046e-05,5.96046e-05,0,0.00955944,10,13.8,1.99567,-1.02893,1,0.0118554,0.492832,0,-0.0172853,-0.012368,0,0.0128254,11,13.8,2.99689,-2.05074,1,0.00675917,0.240797,0,-0.00178814,-0.500798,0,0.00604135,12,13.8,0.861575,1.99854,1,0.36734,0.00495017,0,-0.434726,-0.00721216,0,0.00780576,13,13.8,-1.99999,1.99999,1,0,-1.19209e-05,0,-0.000119209,0,0,0.0103028,14,13.8,-2.00002,0.00306266,1,-2.38419e-05,0.00219696,0,0.000238419,-0.0295768,0,0.0116185,15,13.8,1.05193,-1.84799,1,0.227875,-0.382018,0,0.433624,0.448942,0,0.0104918,16,13.8,-0.102534,1.99948,1,0.328702,0.0101358,0,-0.477929,-0.0293851,0,0.00964664,17,13.8,-3,-2.16084,1,0,0.39537,0,-0.000119209,-0.403047,0,0.00886547,18,13.8,-0.399117,-0.997126,1,0.244148,-0.00112653,0,0.343248,-0.0141859,0,0.0133232,19,13.8,0.918152,-0.059759,1,0.287715,-0.248169,0,-0.489175,-0.470869,0,0.0164256,20,13.8,3,-0.0340944,1,0,0.5,0,0,0,0,0.00545091,21,13.8,3,1.99996,1,-1.78814e-05,6.25849e-05,0,0,0.000119209,0,0.00564386,22,13.8,1.99999,2,1,1.49012e-05,-5.96046e-06,0,0,5.96046e-05,0,0.010253,23,13.8,1.88898,-2.05596,1,0.310993,-0.240427,0,-0.518918,-0.603795,0,0.0105462,24,13.8,0.0878477,0.999948,1,-0.300888,-0.000402331,0,0.479597,0.00187755,0,0.00892292,25,13.8,2.93448,-1.00355,1,0.240636,0.0180334,0,-0.531554,-0.0354648,0,0.00586909,26,13.8,0.999951,2.88759,1,0.00107288,0.327486,0,-0.00351667,-0.50509,0,0.0088751,27,13.8,-0.0293114,5.49703e-05,1,0.49052,0.000380154,0,-0.0362402,0.00224351,0,0.0194334,28,13.8,2.06935,-0.00110242,1,0.287998,-0.0101359,0,0.572085,-0.0607815,0,0.0110097,29,13.8,1.09014,1.00004,1,-0.305277,-0.000241399,0,0.47946,0.000476837,0,0.00917324,30,13.8,1.92266,-3,1,0.500003,0,0,-5.96046e-05,0,0,0.0083787,31,13.8,0.00708383,-2.99991,1,0.428648,-1.78814e-05,0,-0.0461364,-0.000476837,0,0.0102212,32,13.8,-3,-0.110763,1,0,0.34312,0,0.000119209,-0.473804,0,0.00896652,33,13.8,2.09908,0.999972,1,-0.322324,-0.00880361,0,0.478745,0.0296533,0,0.0099558,34,13.8,-0.598691,-2.00024,1,-0.248964,4.76837e-05,0,-0.338674,-0.00166893,0,0.011294,35,13.8,-1.99961,-2.05233,1,-0.00344813,0.244755,0,0.00911951,-0.503182,0,0.00742877
0,13.9,1.0871,-0.957296,1,0.289982,-0.212177,0,0.391036,0.459995,0,0.0125966,1,13.9,0.97678,-2.91557,1,0.166354,0.271245,0,-0.451121,0.404865,0,0.0120087,2,13.9,-1.00646,1.00217,1,0.0128409,0.00765733,0,0.0151172,-0.0378042,0,0.0105478,3,13.9,-1.90349,3,1,-0.310499,1.19209e-05,0,0.473037,0,0,0.00578717,4,13.9,0.000243587,-1.62694,1,9.6745e-05,-0.285376,0,0.000489566,-0.445247,0,0.0138994,5,13.9,-2.90284,-1.15949,1,-0.272249,0.378006,0,0.433028,-0.383466,0,0.00701372,6,13.9,-0.917964,3,1,-0.300682,0,0,0.500921,0,0,0.0093429,7,13.9,-1.99694,1.00001,1,0.00276491,-1.19209e-05,0,-0.0309646,0,0,0.00756833,8,13.9,-0.999793,-1.37147,1,6.43544e-05,0.286077,0,-0.00427291,0.429615,0,0.0129284,9,13.9,-2,-1,1,-3.91155e-06,-2.70084e-06,0,3.72529e-05,4.09782e-05,0,0.00955944,10,13.9,1.99676,-0.979691,1,0.0098465,0.491812,0,-0.0226125,-0.0147112,0,0.0128254,11,13.9,2.99755,-2.02914,1,0.00638627,0.191606,0,-0.00546873,-0.479847,0,0.00604135,12,13.9,0.896074,1.999,1,0.3221,0.00420418,0,-0.466906,-0.00763685,0,0.00780576,13,13.9,-1.99999,1.99999,1,-9.49949e-06,-1.00583e-05,0,-8.19564e-05,4.47035e-05,0,0.0103028,14,13.9,-2.00002,0.00314592,1,-2.23517e-06,-0.000417555,0,0.000178814,-0.0227332,0,0.0116185,15,13.9,1.07687,-1.88387,1,0.270383,-0.335056,0,0.408515,0.486195,0,0.0104918,16,13.9,-0.0720954,2.00035,1,0.279743,0.0073066,0,-0.497166,-0.0269935,0,0.00964664,17,13.9,-3,-2.12341,1,-8.19564e-06,0.352532,0,-2.98023e-05,-0.450581,0,0.00886547,18,13.9,-0.372764,-0.997302,1,0.284616,-0.00233296,0,0.445619,-0.0100136,0,0.0133232,19,13.9,0.944477,-0.0868181,1,0.23884,-0.291695,0,-0.485174,-0.392106,0,0.0164256,20,13.9,3,0.0159056,1,0,0.5,0,0,-2.98023e-07,0,0.00545091,21,13.9,2.99999,1.99997,1,-1.60187e-05,7.02217e-05,0,4.47035e-05,3.72529e-05,0,0.00564386,22,13.9,2,2,1,1.47149e-05,-9.31323e-07,0,-7.45058e-06,3.72529e-05,0,0.010253,23,13.9,1.91737,-2.08299,1,0.255901,-0.299634,0,-0.574306,-0.571966,0,0.0105462,24,13.9,0.060177,0.999917,1,-0.252419,-0.000230782,0,0.486122,0.00154972,0,0.00892292,25,13.9,2.95592,-1.00193,1,0.188583,0.0144785,0,-0.505328,-0.0352934,0,0.00586909,26,13.9,1.00004,2.91776,1,0.000742823,0.275561,0,-0.00308454,-0.528157,0,0.0088751,27,13.9,0.0194809,0.000102989,1,0.484473,0.000572382,0,-0.0873039,0.00176941,0,0.0194334,28,13.9,2.10089,-0.00256484,1,0.341529,-0.0203375,0,0.495419,-0.134437,0,0.0110097,29,13.9,1.06203,1.00002,1,-0.256719,-0.000193715,0,0.487961,0.000476837,0,0.00917324,30,13.9,1.97266,-3,1,0.5,0,0,7.45058e-06,0,0,0.0083787,31,13.9,0.0497599,-2.99991,1,0.425056,-5.88596e-05,0,-0.0349041,-0.000357628,0,0.0102212,32,13.9,-3,-0.0788751,1,9.68575e-06,0.294203,0,5.96046e-05,-0.500246,0,0.00896652,33,13.9,2.06928,0.999235,1,-0.273438,-0.00599762,0,0.495002,0.0263192,0,0.0099558,34,13.9,-0.625369,-2.00025,1,-0.285192,-6.59376e-05,0,-0.374671,-0.000670552,0,0.011294,35,13.9,-1.99991,-2.03035,1,-0.00256915,0.195256,0,0.0083968,-0.483528,0,0.00742877
0,14,1.11788,-0.976252,1,0.323543,-0.167397,0,0.274837,0.432968,0,0.0140289,1,14,0.99123,-2.88657,1,0.123391,0.307065,0,-0.406772,0.304937,0,0.0112727,2,14,-1.00513,1.00276,1,0.0136554,0.00412762,0,0.00160933,-0.0326633,0,0.0116392,3,14,-1.93215,3,1,-0.262657,5.96046e-06,0,0.480831,0.000119209,0,0.00598209,4,14,0.000254338,-1.65773,1,0.000106002,-0.330335,0,-0.000248561,-0.437975,0,0.0130418,5,14,-2.92789,-1.12369,1,-0.22881,0.337297,0,0.432849,-0.427425,0,0.00718319,6,14,-0.945509,3,1,-0.250134,0,0,0.506192,0,0,0.00839239,7,14,-1.99681,1.00001,1,0,-8.9407e-06,0,-0.0242591,-5.96046e-05,0,0.00773558,8,14,-0.999805,-1.34067,1,-0.000274181,0.329694,0,-0.002563,0.426769,0,0.0112105,9,14,-2,-1,1,0,0,0,0,5.96046e-05,0,0.00807859,10,14,1.99763,-0.930633,1,0.007388,0.488713,0,-0.0263453,-0.0523329,0,0.0137901,11,14,2.99815,-2.01232,1,0.00570416,0.1454,0,-0.00798702,-0.442028,0,0.00547983,12,14,0.925919,1.99938,1,0.274578,0.00343621,0,-0.480503,-0.00756979,0,0.00808363,13,14,-1.99999,1.99999,1,-1.49012e-05,-5.96046e-06,0,0,5.96046e-05,0,0.0105607,14,14,-2.00002,0.00300165,1,5.96046e-06,-0.00235789,0,0.000238419,-0.0161356,0,0.0127856,15,14,1.10585,-1.91492,1,0.30815,-0.285548,0,0.340641,0.500321,0,0.00998105,16,14,-0.04661,2.00095,1,0.230026,0.00476837,0,-0.493672,-0.0237226,0,0.0104217,17,14,-3,-2.09046,1,-1.19209e-05,0.305873,0,0,-0.479341,0,0.00888157,18,14,-0.342045,-0.997579,1,0.329629,-0.00314265,0,0.438675,-0.00628829,0,0.0110129,19,14,0.965963,-0.117766,1,0.19125,-0.325322,0,-0.464022,-0.275295,0,0.0198733,20,14,3,0.0659056,1,0,0.5,0,0,-3.57628e-06,0,0.00593841,21,14,2.99999,1.99998,1,-1.78814e-05,7.45058e-05,0,0.000238419,-0.000119209,0,0.00581169,22,14,2,2,1,1.19209e-05,2.98023e-06,0,0,0,0,0.0102373,23,14,1.94006,-2.1157,1,0.197721,-0.353336,0,-0.582099,-0.495553,0,0.011176,24,14,0.0373507,0.999901,1,-0.204337,-9.38773e-05,0,0.472453,0.0012517,0,0.0086681,25,14,2.97232,-1.00065,1,0.140303,0.0110358,0,-0.45681,-0.0334382,0,0.00578769,26,14,1.0001,2.94267,1,0.000458956,0.222826,0,-0.002563,-0.521898,0,0.00801461,27,14,0.0673895,0.000169437,1,0.472634,0.000763493,0,-0.151124,0.00217907,0,0.0180921,28,14,2.13738,-0.0053315,1,0.386542,-0.0354179,0,0.40257,-0.159932,0,0.00994852,29,14,1.03879,1,1,-0.208369,-0.000144541,0,0.475883,0.000417233,0,0.00809522,30,14,2.02266,-3,1,0.5,0,0,0,0,0,0.00672616,31,14,0.092047,-2.99992,1,0.420072,-8.34465e-05,0,-0.0715142,-0.000357628,0,0.0088328,32,14,-3,-0.0519695,1,1.19209e-05,0.243869,0,0,-0.502726,0,0.00966781,33,14,2.04441,0.99876,1,-0.224066,-0.00356138,0,0.489116,0.0223219,0,0.0092423,34,14,-0.655743,-2.00025,1,-0.321877,-9.53674e-05,0,-0.349998,0.000119209,0,0.00847953,35,14,-2.00013,-2.01318,1,-0.00177622,0.148624,0,0.00739098,-0.446439,0,0.00716307
0,14.1,1.15149,-0.990896,1,0.347425,-0.126209,0,0.197366,0.389308,0,0.0140289,1,14.1,1.00164,-2.85443,1,0.0856999,0.334531,0,-0.347055,0.237957,0,0.0112727,2,14.1,-1.00377,1.00302,1,0.0132896,0.00117831,0,-0.00835955,-0.0262856,0,0.0116392,3,14.1,-1.95602,3,1,-0.214956,1.15484e-05,0,0.470102,1.49012e-05,0,0.00598209,4,14.1,-0.00019052,-1.69275,1,-0.0130008,-0.367914,0,-0.240495,-0.309728,0,0.0130418,5,14.1,-2.94863,-1.09214,1,-0.186167,0.29336,0,0.417456,-0.448555,0,0.00718319,6,14.1,-0.968013,3,1,-0.200233,0,0,0.488449,0,0,0.00839239,7,14.1,-1.99692,1,1,-0.00208076,-1.30385e-05,0,-0.0174418,-1.49012e-05,0,0.00773558,8,14.1,-0.999389,-1.30577,1,0.0125992,0.366356,0,0.238609,0.302471,0,0.0112105,9,14.1,-2,-1,1,0,4.37722e-06,0,0,3.35276e-05,0,0.00807859,10,14.1,1.99816,-0.881931,1,0.00262093,0.486038,0,-0.0649318,-0.00938028,0,0.0137901,11,14.1,2.99868,-1.9999,1,0.00482462,0.103725,0,-0.00943244,-0.39003,0,0.00547983,12,14.1,0.950975,1.99969,1,0.226633,0.00269376,0,-0.475131,-0.00722706,0,0.00808363,13,14.1,-2,1.99999,1,-1.47149e-05,0,0,7.45058e-06,5.96046e-05,0,0.0105607,14,14.1,-2.00001,0.00269577,1,2.45869e-05,-0.0036576,0,0.000149012,-0.0100048,0,0.0127856,15,14.1,1.13835,-1.94094,1,0.34132,-0.23485,0,0.315696,0.509113,0,0.00998105,16,14.1,-0.0260423,2.00132,1,0.181739,0.00259764,0,-0.469104,-0.0196546,0,0.0104217,17,14.1,-3,-2.0623,1,-1.04308e-05,0.257312,0,2.98023e-05,-0.488132,0,0.00888157,18,14.1,-0.307093,-0.998373,1,0.367288,-0.0166556,0,0.310639,-0.242725,0,0.0110129,19,14.1,0.982833,-0.151511,1,0.146815,-0.347839,0,-0.423282,-0.172005,0,0.0198733,20,14.1,3,0.115906,1,0,0.5,0,0,4.47035e-07,0,0.00593841,21,14.1,2.99999,1.99998,1,1.11759e-06,6.25849e-05,0,0.000163913,-0.000119209,0,0.00581169,22,14.1,2,2,1,1.11759e-05,2.98023e-06,0,-1.49012e-05,0,0,0.0102373,23,14.1,1.95684,-2.15334,1,0.137199,-0.397588,0,-0.616349,-0.391886,0,0.011176,24,14.1,0.0192321,0.999897,1,-0.158569,1.4063e-05,0,0.440441,0.000912696,0,0.0086681,25,14.1,2.98417,-0.999711,1,0.0977188,0.00785617,0,-0.392616,-0.0299998,0,0.00578769,26,14.1,1.00014,2.96239,1,0.00022836,0.171905,0,-0.00205636,-0.49223,0,0.00801461,27,14.1,0.113891,0.000255778,1,0.457195,0.000958813,0,-0.163486,0.00190362,0,0.0180921,28,14.1,2.17809,-0.00962104,1,0.427591,-0.0497975,0,0.398561,-0.125471,0,0.00994852,29,14.1,1.02028,0.999992,1,-0.162197,-0.000103936,0,0.445016,0.00038743,0,0.00809522,30,14.1,2.07266,-3,1,0.5,0,0,0,0,0,0.00672616,31,14.1,0.133659,-2.99993,1,0.411663,-0.000110269,0,-0.101542,-0.000178814,0,0.0088328,32,14.1,-3,-0.0300711,1,1.15484e-05,0.194433,0,-1.49012e-05,-0.482747,0,0.00966781,33,14.1,2.02441,0.998508,1,-0.176332,-0.00155214,0,0.462726,0.017859,0,0.0092423,34,14.1,-0.689577,-1.99981,1,-0.353592,0.0130009,0,-0.277434,0.240415,0,0.00847953,35,14.1,-2.00027,-2.00047,1,-0.00109486,0.106477,0,0.00621378,-0.394993,0,0.00716307
0,14.2,1.18705,-1.00165,1,0.362128,-0.0897825,0,0.0931025,0.338256,0,0.0134637,1,14.2,1.00857,-2.81994,1,0.0539541,0.353575,0,-0.288188,0.13864,0,0.0110912,2,14.2,-1.0025,1.00302,1,0.0120878,-0.00112355,0,-0.0151396,-0.0197887,0,0.0120627,3,14.2,-1.97521,3,1,-0.169194,1.19209e-05,0,0.442684,-0.000119209,0,0.00655142,4,14.2,-0.00294302,-1.73085,1,-0.0441005,-0.391692,0,-0.363968,-0.163734,0,0.01213,5,14.2,-2.9652,-1.06506,1,-0.145793,0.248125,0,0.388145,-0.453591,0,0.00714162,6,14.2,-0.985647,3,1,-0.153044,0,0,0.452757,0,0,0.00906863,7,14.2,-1.9972,1,1,-0.00350773,-1.49012e-05,0,-0.0112057,0,0,0.00832945,8,14.2,-0.996685,-1.26785,1,0.0435516,0.389579,0,0.362903,0.15974,0,0.0134547,9,14.2,-2,-0.999999,1,0,5.96046e-06,0,0,0,0,0.00879171,10,14.2,1.99806,-0.83336,1,-0.00485778,0.485362,0,-0.0812411,-0.0107586,0,0.0125825,11,14.2,2.99911,-1.99139,1,0.00385046,0.0676215,0,-0.00977516,-0.331283,0,0.00571466,12,14.2,0.971295,1.99992,1,0.180143,0.00199974,0,-0.451952,-0.00661612,0,0.00857217,13,14.2,-2,1.99999,1,-1.19209e-05,5.96046e-06,0,-5.96046e-05,0,0,0.0104502,14,14.2,-2.00001,0.00228909,1,3.57628e-05,-0.00438876,0,0.000119209,-0.00477152,0,0.0107295,15,14.2,1.17397,-1.9619,1,0.370044,-0.184554,0,0.25332,0.49305,0,0.0103033,16,14.2,-0.0101525,2.00149,1,0.136727,0.000840425,0,-0.428871,-0.015378,0,0.0101783,17,14.2,-3,-2.039,1,-5.96046e-06,0.208932,0,0,-0.47636,0,0.00909585,18,14.2,-0.269048,-1.0015,1,0.391163,-0.0478238,0,0.164784,-0.36329,0,0.0125451,19,14.2,0.995475,-0.186964,1,0.106837,-0.359264,0,-0.37533,-0.0549406,0,0.0155427,20,14.2,3,0.165906,1,0,0.5,0,0,0,0,0.0056747,21,14.2,2.99999,1.99999,1,5.96046e-06,5.36442e-05,0,0.000238419,-0.000178814,0,0.00719378,22,14.2,2,2,1,8.9407e-06,2.98023e-06,0,0,0,0,0.00959655,23,14.2,1.9675,-2.1949,1,0.0766158,-0.432163,0,-0.585854,-0.301719,0,0.0100233,24,14.2,0.00550738,0.999903,1,-0.116673,9.08971e-05,0,0.39568,0.000596046,0,0.00970194,25,14.2,2.9921,-0.999069,1,0.0621259,0.00506192,0,-0.31805,-0.025779,0,0.00600979,26,14.2,1.00015,2.97719,1,5.06639e-05,0.125134,0,-0.00160933,-0.44024,0,0.00862583,27,14.2,0.158734,0.000361908,1,0.438954,0.00117434,0,-0.205338,0.00253168,0,0.0210984,28,14.2,2.22271,-0.0151561,1,0.463188,-0.0601442,0,0.302672,-0.0799736,0,0.00969706,29,14.2,1.00622,0.999984,1,-0.119805,-6.70552e-05,0,0.400931,0.000327826,0,0.00847933,30,14.2,2.12266,-3,1,0.5,0,0,0,0,0,0.00743587,31,14.2,0.174235,-2.99994,1,0.398954,-0.000119209,0,-0.155874,0,0,0.00936769,32,14.2,-3,-0.0129858,1,5.96046e-06,0.147895,0,0.000119209,-0.445524,0,0.00942104,33,14.2,2.00903,0.998435,1,-0.132024,1.3411e-05,0,0.421464,0.0135303,0,0.00866843,34,14.2,-0.726157,-1.99706,1,-0.376214,0.0440955,0,-0.17038,0.363886,0,0.0121015,35,14.2,-2.00035,-1.9917,1,-0.000536442,0.0698656,0,0.00500679,-0.336349,0,0.00780015
0,14.3,1.2238,-1.00904,1,0.373165,-0.0589726,0,0.116266,0.278182,0,0.0134637,1,14.3,1.01263,-2.7839,1,0.02828,0.367037,0,-0.226401,0.122085,0,0.0110912,2,14.3,-1.00137,1.00282,1,0.0103557,-0.00278,0,-0.0190958,-0.0134632,0,0.0120627,3,14.3,-1.99168,3,1,-0.175541,1.86265e-06,0,-0.472471,-7.45058e-05,0,0.00655142,4,14.3,-0.00945981,-1.77054,1,-0.0885762,-0.39921,0,-0.504845,0.00916421,0,0.01213,5,14.3,-2.9779,-1.04205,1,-0.108887,0.216083,0,0.347972,-0.20548,0,0.00714162,6,14.3,-0.999285,3,1,-0.125043,0,0,0.132881,0,0,0.00906863,7,14.3,-1.9976,1,1,-0.00434518,-1.4063e-05,0,-0.00570714,1.86265e-05,0,0.00832945,8,14.3,-0.990227,-1.22839,1,0.0879548,0.396837,0,0.504438,-0.0104904,0,0.0134547,9,14.3,-2,-0.999999,1,0,5.4948e-06,0,0,-1.11759e-05,0,0.00879171,10,14.3,1.99724,-0.784711,1,-0.0108913,0.488825,0,-0.0410527,0.0628382,0,0.0125825,11,14.3,2.99945,-1.98618,1,0.00288673,0.037651,0,-0.00937283,-0.268243,0,0.00571466,12,14.3,0.987109,1.99957,1,0.136794,-0.0136022,0,-0.413071,-0.277832,0,0.00857217,13,14.3,-2,1.99999,1,-1.56462e-05,6.70552e-06,0,-2.98023e-05,1.49012e-05,0,0.0104502,14,14.3,-2.00001,0.00183392,1,4.28408e-05,-0.00464343,0,4.47035e-05,-0.000502454,0,0.0107295,15,14.3,1.21222,-1.97778,1,0.394954,-0.132375,0,0.244781,0.537843,0,0.0103033,16,14.3,0.00147984,2.00271,1,0.0969579,0.0343159,0,-0.366616,0.624716,0,0.0101783,17,14.3,-3,-2.01998,1,-4.09782e-06,0.175836,0,4.47035e-05,-0.204653,0,0.00909585,18,14.3,-0.229407,-1.00838,1,0.398787,-0.0921167,0,-0.00811636,-0.502005,0,0.0125451,19,14.3,1.00438,-0.223045,1,0.0722439,-0.361105,0,-0.316661,0.0199759,0,0.0155427,20,14.3,3,0.215906,1,0,0.5,0,0,0,0,0.0056747,21,14.3,3,2.0017,1,1.9744e-05,0.0476684,0,4.47035e-05,0.814959,0,0.00719378,22,14.3,1.99948,2,1,-0.0149699,2.98023e-06,0,-0.272013,0,0,0.00959655,23,14.3,1.97257,-2.23961,1,0.0280948,-0.461532,0,-0.390701,-0.27132,0,0.0100233,24,14.3,-0.00427808,0.99931,1,-0.0800108,-0.0172574,0,0.337204,-0.319146,0,0.00970194,25,14.3,2.99685,-0.998684,1,0.0342268,0.00272039,0,-0.239864,-0.0210404,0,0.00600979,26,14.3,1.00137,2.98761,1,0.0350177,0.0843808,0,0.639588,-0.372618,0,0.00862583,27,14.3,0.201568,0.000489685,1,0.417301,0.00136333,0,-0.230617,0.00145388,0,0.0210984,28,14.3,2.27033,-0.0213748,1,0.487037,-0.0624207,0,0.170395,0.0286453,0,0.00969706,29,14.3,0.99564,0.999978,1,-0.0971882,-3.6601e-05,0,0.0776872,0.000279397,0,0.00847933,30,14.3,2.17266,-3,1,0.5,0,0,0,0,0,0.00743587,31,14.3,0.21333,-2.99996,1,0.382642,-0.000114366,0,-0.17414,7.45058e-05,0,0.00936769,32,14.3,-2.99999,0.000835462,1,1.41561e-05,0.139807,0,2.98023e-05,0.231929,0,0.00942104,33,14.3,1.99785,0.998497,1,-0.0925025,0.00115391,0,0.367813,0.00936538,0,0.00866843,34,14.3,-0.764373,-1.99054,1,-0.385594,0.0885637,0,-0.0196435,0.504784,0,0.0121015,35,14.3,-2.00038,-1.98629,1,-9.76026e-05,0.0393936,0,0.00378489,-0.273161,0,0.00780015
0,14.4,1.26166,-1.01365,1,0.383395,-0.0340819,0,0.079751,0.220239,0,0.0144343,1,14.4,1.01442,-2.74667,1,0.00845194,0.376523,0,-0.171363,0.0616312,0,0.0119134,2,14.4,-1.00043,1.00248,1,0.00834465,-0.00383854,0,-0.0207424,-0.00786781,0,0.0137571,3,14.4,-2.01245,3,1,-0.246561,0,0,-0.873685,-0.000238419,0,0.00531262,4,14.4,-0.0209322,-1.81016,1,-0.141354,-0.390717,0,-0.534261,0.156403,0,0.0166499,5,14.4,-2.98713,-1.02119,1,-0.0765264,0.203705,0,0.297785,-0.0571012,0,0.00713121,6,14.4,-1.01148,3,1,-0.121874,0,0,-0.0492334,0,0,0.0065512,7,14.4,-1.99805,1,1,-0.00468493,-1.19209e-05,0,-0.00119209,2.98023e-05,0,0.0085155,8,14.4,-0.978818,-1.18901,1,0.140719,0.388315,0,0.534326,-0.155687,0,0.0140033,9,14.4,-2,-0.999998,1,0,4.47035e-06,0,0,0,0,0.00845668,10,14.4,1.996,-0.7355,1,-0.0133753,0.495291,0,-0.0101924,0.0573397,0,0.013024,11,14.4,2.99969,-1.98365,1,0.00199676,0.0139147,0,-0.00834465,-0.206947,0,0.0054444,12,14.4,0.998801,1.99656,1,0.0978649,-0.0486523,0,-0.364244,-0.401676,0,0.0133917,13,14.4,-2,1.99999,1,-1.49012e-05,8.9407e-06,0,-5.96046e-05,0,0,0.0117001,14,14.4,-2,0.00137286,1,4.17233e-05,-0.00452393,0,5.96046e-05,0.00272627,0,0.0106269,15,14.4,1.25293,-1.98835,1,0.418919,-0.0792444,0,0.233769,0.514805,0,0.0101141,16,14.4,0.00944515,2.00991,1,0.0633683,0.11481,0,-0.30544,0.935793,0,0.0105113,17,14.4,-3,-2.0031,1,0,0.164512,0,0,-0.0375509,0,0.00686845,18,14.4,-0.189825,-1.02019,1,0.390395,-0.144529,0,-0.15536,-0.530005,0,0.0133333,19,14.4,1.01012,-0.258919,1,0.0434548,-0.355006,0,-0.25934,0.102773,0,0.0165212,20,14.4,3,0.265906,1,0,0.5,0,0,0,0,0.00629071,21,14.4,3,2.01104,1,1.78814e-05,0.142044,0,0,0.999928,0,0.00519517,22,14.4,1.99636,2,1,-0.0494868,2.98023e-06,0,-0.396729,0,0,0.010631,23,14.4,1.97371,-2.28698,1,-0.00270903,-0.484365,0,-0.231028,-0.178933,0,0.00861667,24,14.4,-0.0106925,0.995656,1,-0.0492749,-0.0585675,0,0.277457,-0.483811,0,0.0160359,25,14.4,2.99921,-0.998509,1,0.0140548,0.000855327,0,-0.164747,-0.0163615,0,0.00599477,26,14.4,1.00871,2.99431,1,0.116792,0.0509381,0,0.945508,-0.295281,0,0.0064913,27,14.4,0.242084,0.000632893,1,0.39237,0.00150081,0,-0.269763,0.00144719,0,0.0197064,28,14.4,2.31966,-0.0273343,1,0.497597,-0.0555064,0,0.0480413,0.104526,0,0.00815791,29,14.4,0.985954,0.999976,1,-0.0995561,-1.19209e-05,0,-0.104249,0.000238419,0,0.013194,30,14.4,2.22266,-3,1,0.5,0,0,0,0,0,0.00752897,31,14.4,0.250668,-2.99997,1,0.363501,-0.000107288,0,-0.211164,0.000238419,0,0.00857122,32,14.4,-2.99999,0.0167391,1,1.78814e-05,0.184802,0,0,0.625028,0,0.00831049,33,14.4,1.99034,0.998653,1,-0.0586361,0.00190437,0,0.308871,0.00569224,0,0.00992954,34,14.4,-0.802799,-1.97907,1,-0.380678,0.141338,0,0.115067,0.534236,0,0.0133021,35,14.4,-2.00037,-1.98362,1,0.000220537,0.0151813,0,0.00274181,-0.211477,0,0.00843856
0,14.5,1.30076,-1.01605,1,0.40157,-0.0149662,0,0.259027,0.163801,0,0.0144343,1,14.5,1.01444,-2.7084,1,-0.00772029,0.39148,0,-0.150234,0.220507,0,0.0119134,2,14.5,-0.999704,1.00207,1,0.00627209,-0.0043774,0,-0.0204667,-0.00307709,0,0.0137571,3,14.5,-2.04165,3,1,-0.337878,-1.86265e-05,0,-0.902399,-0.000149012,0,0.00531262,4,14.5,-0.0377841,-1.84822,1,-0.195775,-0.368323,0,-0.54003,0.284903,0,0.0166499,5,14.5,-2.99339,-1.0003,1,-0.0495192,0.221172,0,0.241801,0.369746,0,0.00713121,6,14.5,-1.02493,3,1,-0.155841,0,0,-0.576153,0,0,0.0065512,7,14.5,-1.99852,0.999999,1,-0.00462383,-8.9407e-06,0,0.00225008,2.98023e-05,0,0.0085155,8,14.5,-0.962029,-1.15119,1,0.195167,0.366066,0,0.540476,-0.282802,0,0.0140033,9,14.5,-2,-0.999998,1,0,4.00469e-06,0,0,-1.11759e-05,0,0.00845668,10,14.5,1.99465,-0.685743,1,-0.0132667,0.499245,0,0.0111684,0.0209883,0,0.013024,11,14.5,2.99986,-1.98319,1,0.00123866,-0.00383109,0,-0.00678003,-0.149071,0,0.0054444,12,14.5,1.00687,1.98944,1,0.0644421,-0.0955595,0,-0.304289,-0.517093,0,0.0133917,13,14.5,-2,1.99999,1,-1.76951e-05,9.12696e-06,0,-7.45058e-06,7.45058e-06,0,0.0117001,14,14.5,-2,0.000938196,1,4.33996e-05,-0.00413242,0,-2.23517e-05,0.00494732,0,0.0106269,15,14.5,1.29613,-1.99398,1,0.446092,-0.0361925,0,0.286862,0.351883,0,0.0101141,16,14.5,0.0143702,2.02619,1,0.0362493,0.211801,0,-0.238495,0.99197,0,0.0105113,17,14.5,-3,-1.98627,1,0,0.177251,0,0,0.262842,0,0.00686845,18,14.5,-0.151793,-1.03733,1,0.368098,-0.198484,0,-0.283997,-0.535034,0,0.0133333,19,14.5,1.01327,-0.293951,1,0.0204993,-0.345901,0,-0.200875,0.0860523,0,0.0165212,20,14.5,3,0.315906,1,0,0.5,0,0,-3.57628e-06,0,0.00629071,21,14.5,3,2.03024,1,1.3411e-05,0.24195,0,-5.96046e-05,0.996351,0,0.00519517,22,14.5,1.98918,2,1,-0.0959819,1.04308e-05,0,-0.51377,0.000223517,0,0.010631,23,14.5,1.97252,-2.33613,1,-0.0189958,-0.496821,0,-0.100724,-0.072524,0,0.00861667,24,14.5,-0.0143349,0.986983,1,-0.0245779,-0.118145,0,0.217063,-0.679523,0,0.0160359,25,14.5,2.9999,-0.998498,1,0.000932813,-0.000548363,0,-0.100404,-0.0117868,0,0.00599477,26,14.5,1.02522,2.99807,1,0.214238,0.0255268,0,0.993192,-0.214502,0,0.0064913,27,14.5,0.279975,0.00078682,1,0.365411,0.00154999,0,-0.272048,-0.000221881,0,0.0197064,28,14.5,2.36957,-0.0322993,1,0.499849,-0.0432383,0,0.00600517,0.137884,0,0.00815791,29,14.5,0.9751,0.999976,1,-0.120757,1.35973e-05,0,-0.298321,0.000372529,0,0.013194,30,14.5,2.27266,-3,1,0.5,0,0,0,0,0,0.00752897,31,14.5,0.286043,-2.99998,1,0.344613,-8.53091e-05,0,-0.173474,0.000193715,0,0.00857122,32,14.5,-2.99999,0.0390569,1,1.75089e-05,0.266709,0,-1.49012e-05,0.937395,0,0.00831049,33,14.5,1.98592,0.998866,1,-0.0308521,0.0023148,0,0.247091,0.00262633,0,0.00992954,34,14.5,-0.840067,-1.96222,1,-0.362585,0.195758,0,0.241041,0.540055,0,0.0133021,35,14.5,-2.00034,-1.98305,1,0.000441819,-0.00299066,0,0.00169873,-0.153035,0,0.00843856
0,14.6,1.34234,-1.01681,1,0.430903,-0.000995398,0,0.309467,0.117302,0,0.0109417,1,14.6,1.01296,-2.66801,1,-0.0212818,0.417507,0,-0.119746,0.285864,0,0.0101285,2,14.6,-0.999177,1.00162,1,0.00429302,-0.00448823,0,-0.0189543,0.000715256,0,0.015582,3,14.6,-2.07968,3,1,-0.419003,-2.98023e-05,0,-0.689864,0,0,0.0050311,4,14.6,-0.0599743,-1.88346,1,-0.24688,-0.33499,0,-0.471396,0.375748,0,0.0160849,5,14.6,-2.99723,-0.975881,1,-0.0282109,0.27094,0,0.184298,0.595182,0,0.00731947,6,14.6,-1.0439,3,1,-0.227457,0,0,-0.813663,0,0,0.00560235,7,14.6,-1.99897,0.999998,1,-0.00427067,-5.96046e-06,0,0.00470877,2.98023e-05,0,0.00798273,8,14.6,-0.939897,-1.11616,1,0.24633,0.332993,0,0.472128,-0.372708,0,0.0157077,9,14.6,-2,-0.999998,1,0,2.98023e-06,0,0,0,0,0.010235,10,14.6,1.99341,-0.635762,1,-0.0113666,0.5,0,0.0258684,2.98023e-05,0,0.00930071,11,14.6,2.99995,-1.98423,1,0.00064373,-0.016129,0,-0.00500679,-0.09799,0,0.00578825,12,14.6,1.01189,1.97724,1,0.0369728,-0.148603,0,-0.245512,-0.528574,0,0.0130547,13,14.6,-2,1.99999,1,-1.78814e-05,8.9407e-06,0,0,5.96046e-05,0,0.0127517,14,14.6,-1.99999,0.000552276,1,3.8743e-05,-0.00356354,0,-5.96046e-05,0.00629635,0,0.01282,15,14.6,1.34212,-1.99607,1,0.472695,-0.00779033,0,0.232041,0.221252,0,0.00896911,16,14.6,0.0169029,2.05236,1,0.015368,0.311595,0,-0.180586,1.00017,0,0.00931678,17,14.6,-3,-1.96693,1,0,0.211746,0,0,0.403106,0,0.0050748,18,14.6,-0.11657,-1.05977,1,0.33485,-0.249076,0,-0.375003,-0.466049,0,0.0154433,19,14.6,1.0144,-0.328093,1,0.0030607,-0.336628,0,-0.149071,0.104368,0,0.0148057,20,14.6,3,0.365906,1,0,0.5,0,0,1.43051e-05,0,0.00580633,21,14.6,3,2.05939,1,5.96046e-06,0.340581,0,-0.000119209,0.971079,0,0.00437793,22,14.6,1.97695,2,1,-0.148767,6.55651e-05,0,-0.526547,0.000834465,0,0.0105127,23,14.6,1.97029,-2.38603,1,-0.0239909,-0.5,0,-0.00452995,0,0,0.00946805,24,14.6,-0.0158033,0.971641,1,-0.00573155,-0.189407,0,0.160592,-0.723243,0,0.0187337,25,14.6,2.99958,-0.998604,1,-0.00653863,-0.00151992,0,-0.0517368,-0.0077188,0,0.00558714,26,14.6,1.05163,2.99967,1,0.314069,0.00769496,0,0.999987,-0.143886,0,0.0061516,27,14.6,0.315135,0.000939592,1,0.337524,0.00149904,0,-0.287399,-0.000612724,0,0.0219739,28,14.6,2.41957,-0.0358992,1,0.5,-0.0284794,0,0,0.154747,0,0.00778724,29,14.6,0.961359,0.99998,1,-0.155352,8.04663e-05,0,-0.376344,0.00104308,0,0.01233,30,14.6,2.32266,-3,1,0.5,0,0,0,0,0,0.00694463,31,14.6,0.319652,-2.99998,1,0.327604,-6.55651e-05,0,-0.171855,0.000238419,0,0.00713809,32,14.6,-2.99999,0.0704479,1,1.19209e-05,0.360251,0,0,0.888876,0,0.0094483,33,14.6,1.98397,0.999107,1,-0.00913143,0.00244975,0,0.187874,0.000238419,0,0.00952705,34,14.6,-0.874952,-1.94003,1,-0.333579,0.246871,0,0.333786,0.471473,0,0.0116521,35,14.6,-2.00029,-1.98403,1,0.000566244,-0.0156492,0,0.000953674,-0.101388,0,0.008543
0,14.7,1.38691,-1.01638,1,0.459605,0.00891071,0,0.257142,0.0818297,0,0.0109417,1,14.7,1.01035,-2.62481,1,-0.0300322,0.446318,0,-0.0578165,0.278682,0,0.0101285,2,14.7,-0.998839,1.00118,1,0.00251997,-0.00426974,0,-0.0164136,0.00347942,0,0.015582,3,14.7,-2.12449,2.99999,1,-0.471765,-2.79397e-05,0,-0.367671,4.47035e-05,0,0.0050311,4,14.7,-0.0869084,-1.91497,1,-0.290496,-0.294207,0,-0.393288,0.434071,0,0.0160849,5,14.7,-2.99922,-0.945502,1,-0.0125982,0.338597,0,0.129253,0.715148,0,0.00731947,6,14.7,-1.07084,3,1,-0.311837,0,0,-0.840232,0,0,0.00560235,7,14.7,-1.99937,0.999998,1,-0.00371933,-3.07336e-06,0,0.00618398,2.6077e-05,0,0.00798273,8,14.7,-0.913014,-1.08483,1,0.290025,0.292538,0,0.394151,-0.430629,0,0.0157077,9,14.7,-2,-0.999997,1,0,2.51457e-06,0,0,-1.11759e-05,0,0.010235,10,14.7,1.99241,-0.585762,1,-0.00846144,0.5,0,0.0316426,0,0,0.00930071,11,14.7,2.99999,-1.98626,1,0.000227243,-0.0236811,0,-0.00336766,-0.0545159,0,0.00578825,12,14.7,1.01446,1.95972,1,0.0153916,-0.201844,0,-0.187017,-0.522986,0,0.0130547,13,14.7,-2.00001,1.99999,1,-1.60187e-05,1.37836e-05,0,4.47035e-05,2.98023e-05,0,0.0127517,14,14.7,-1.99999,0.000228599,1,3.1665e-05,-0.00290076,0,-8.9407e-05,0.00685287,0,0.01282,15,14.7,1.39036,-1.99591,1,0.490338,0.00941008,0,0.12286,0.1266,0,0.00896911,16,14.7,0.0176237,2.08821,1,-0.000116328,0.401666,0,-0.130504,0.77574,0,0.00931678,17,14.7,-3,-1.94332,1,0,0.263874,0,0,0.609837,0,0.0050748,18,14.7,-0.0850721,-1.0869,1,0.294134,-0.292166,0,-0.433478,-0.38816,0,0.0154433,19,14.7,1.01405,-0.361851,1,-0.00927951,-0.343893,0,-0.0993833,-0.217972,0,0.0148057,20,14.7,3,0.415906,1,0,0.5,0,0,-1.78814e-06,0,0.00580633,21,14.7,3,2.09786,1,-3.72529e-06,0.424089,0,-5.96046e-05,0.682801,0,0.00437793,22,14.7,1.95942,2.00001,1,-0.201864,0.000163168,0,-0.522085,0.0012517,0,0.0105127,23,14.7,1.96796,-2.43603,1,-0.0216078,-0.5,0,0.0488758,0,0,0.00946805,24,14.7,-0.0156622,0.949157,1,0.00769609,-0.259299,0,0.109233,-0.665188,0,0.0187337,25,14.7,2.99873,-0.998789,1,-0.00989102,-0.00211131,0,-0.0173002,-0.00422448,0,0.00558714,26,14.7,1.08771,2.99982,1,0.403748,-0.00386611,0,0.768796,-0.0893176,0,0.0061516,27,14.7,0.347564,0.00108224,1,0.312031,0.00131961,0,-0.228934,-0.00268133,0,0.0219739,28,14.7,2.46957,-0.0379671,1,0.5,-0.0128639,0,0,0.155573,0,0.00778724,29,14.7,0.943766,0.999993,1,-0.19782,0.000170246,0,-0.455275,0.000968575,0,0.01233,30,14.7,2.37266,-3,1,0.5,0,0,0,0,0,0.00694463,31,14.7,0.352041,-2.99999,1,0.324463,-4.39584e-05,0,0.0868011,0.000178814,0,0.00713809,32,14.7,-2.99999,0.110482,1,1.15484e-05,0.435701,0,-1.49012e-05,0.606824,0,0.0094483,33,14.7,1.9839,0.99935,1,0.00684354,0.00237823,0,0.132762,-0.00157207,0,0.00952705,34,14.7,-0.906519,-1.9131,1,-0.296673,0.290493,0,0.398714,0.393353,0,0.0116521,35,14.7,-2.00023,-1.98602,1,0.000623614,-0.0235038,0,0.000238419,-0.0571683,0,0.008543
0,14.8,1.43402,-1.01514,1,0.481287,0.0155687,0,0.173509,0.0521541,0,0.0102391,1,14.8,1.00714,-2.57887,1,-0.0333309,0.471413,0,-0.0104308,0.216484,0,0.00967742,2,14.8,-0.998664,1.00077,1,0.00102371,-0.00382066,0,-0.0134706,0.00530481,0,0.0147762,3,14.8,-2.17302,2.99999,1,-0.494611,-2.38419e-05,0,-0.107765,0,0,0.00541654,4,14.8,-0.117743,-1.94217,1,-0.324254,-0.249255,0,-0.276648,0.459969,0,0.0166202,5,14.8,-2.99992,-0.908148,1,-0.0020802,0.406961,0,0.0824928,0.624895,0,0.00973756,6,14.8,-1.10605,3,1,-0.39002,0,0,-0.702322,0,0,0.0058011,7,14.8,-1.99971,0.999997,1,-0.0030607,0,0,0.00691414,0,0,0.00762806,8,14.8,-0.882222,-1.05779,1,0.323872,0.247937,0,0.277579,-0.456393,0,0.0114127,9,14.8,-2,-0.999997,1,0,1.49012e-06,0,0,0,0,0.00862062,10,14.8,1.99173,-0.535762,1,-0.00514686,0.5,0,0.0341535,1.43051e-05,0,0.0103463,11,14.8,3,-1.98884,1,-3.57628e-05,-0.0273138,0,-0.00202656,-0.0195503,0,0.00573611,12,14.8,1.01515,1.93702,1,-0.000619888,-0.250882,0,-0.134289,-0.447929,0,0.0143491,13,14.8,-2.00001,1.99999,1,-1.78814e-05,1.78814e-05,0,0.000238419,-5.96046e-05,0,0.0111322,14,14.8,-1.99999,-2.70261e-05,1,2.08616e-05,-0.00221205,0,-5.96046e-05,0.00683666,0,0.0130454,15,14.8,1.43985,-1.99447,1,0.498086,0.0182569,0,0.0382662,0.0537634,0,0.0101832,16,14.8,0.0170328,2.13174,1,-0.0110031,0.463581,0,-0.0885287,0.456452,0,0.00883448,17,14.8,-3,-1.91375,1,0,0.328454,0,0,0.65881,0,0.00550531,18,14.8,-0.057882,-1.11787,1,0.249235,-0.325432,0,-0.45953,-0.271916,0,0.0145623,19,14.8,1.0127,-0.397647,1,-0.0171304,-0.374565,0,-0.0591874,-0.370562,0,0.0128223,20,14.8,3,0.465906,1,0,0.5,0,0,0,0,0.00627207,21,14.8,3,2.14313,1,-1.19209e-05,0.47574,0,0,0.352502,0,0.00491471,22,14.8,1.93672,2.00004,1,-0.250858,0.000333786,0,-0.447929,0.0025034,0,0.0145958,23,14.8,1.96611,-2.48603,1,-0.0148386,-0.5,0,0.0836849,0,0,0.00817259,24,14.8,-0.0144226,0.920063,1,0.0163645,-0.320785,0,0.0653597,-0.557333,0,0.0169938,25,14.8,2.9977,-0.999016,1,-0.0103652,-0.00238568,0,0.00631809,-0.00143051,0,0.00544371,26,14.8,1.13141,2.99906,1,0.464815,-0.01055,0,0.447273,-0.0460148,0,0.0058945,27,14.8,0.377675,0.0011994,1,0.290594,0.00101534,0,-0.204816,-0.00317302,0,0.0167584,28,14.8,2.51957,-0.0384881,1,0.5,0.00227559,0,0,0.14561,0,0.00840198,29,14.8,0.921699,1.00002,1,-0.243253,0.000309944,0,-0.439614,0.00196695,0,0.0135771,30,14.8,2.42266,-3,1,0.5,0,0,0,0,0,0.00655079,31,14.8,0.385195,-2.99999,1,0.34088,-2.98023e-05,0,0.222936,0.000119209,0,0.0115981,32,14.8,-2.99999,0.156562,1,5.96046e-06,0.480708,0,0.000119209,0.297517,0,0.00650589,33,14.8,1.98516,0.999577,1,0.0176609,0.0021562,0,0.0846982,-0.00280142,0,0.00911566,34,14.8,-0.934125,-1.88226,1,-0.254883,0.324261,0,0.432193,0.276744,0,0.0148625,35,14.8,-2.00016,-1.9886,1,0.000619888,-0.0273675,0,-0.000476837,-0.0215173,0,0.0088272
0,14.9,1.48287,-1.01336,1,0.494107,0.0195501,0,0.08481,0.0283048,0,0.0102391,1,14.9,1.00381,-2.53079,1,-0.0326183,0.488754,0,0.022769,0.129327,0,0.00967742,2,14.9,-0.998624,1.00042,1,-0.00016354,-0.00323337,0,-0.0102893,0.00631064,0,0.0147762,3,14.9,-2.22281,2.99999,1,-0.499663,-2.19792e-05,0,-0.0134706,4.47035e-05,0,0.00541654,4,14.9,-0.151389,-1.96479,1,-0.346935,-0.203232,0,-0.173801,0.456706,0,0.0166202,5,14.9,-2.99977,-0.864642,1,0.00444576,0.459667,0,0.0492632,0.417523,0,0.00973756,6,14.9,-1.14822,3,1,-0.4497,0,0,-0.479892,0,0,0.0058011,7,14.9,-1.99998,0.999997,1,-0.00236314,9.31323e-08,0,0.00693649,3.72529e-06,0,0.00762806,8,14.9,-0.84861,-1.03528,1,0.346645,0.202263,0,0.17469,-0.453331,0,0.0114127,9,14.9,-2,-0.999997,1,0,1.11759e-06,0,0,-7.45058e-06,0,0.00862062,10,14.9,1.99139,-0.485762,1,-0.00174511,0.5,0,0.0334904,-1.78814e-06,0,0.0103463,11,14.9,2.99999,-1.99162,1,-0.000183284,-0.0278739,0,-0.000983477,0.00696629,0,0.00573611,12,14.9,1.0145,1.90979,1,-0.0116451,-0.292422,0,-0.0874326,-0.375085,0,0.0143491,13,14.9,-2.00001,1.99999,1,1.11759e-06,1.28523e-05,0,0.000163913,-3.72529e-05,0,0.0111322,14,14.9,-1.99999,-0.000214751,1,1.39698e-05,-0.00155083,0,-8.19564e-05,0.0063343,0,0.0130454,15,14.9,1.48978,-1.99247,1,0.49988,0.0209056,0,0.00478327,0.00210106,0,0.0101832,16,14.9,0.0155492,2.17984,1,-0.0181024,0.493506,0,-0.0545874,0.159025,0,0.00883448,17,14.9,-3,-1.87763,1,0,0.393097,0,0,0.609227,0,0.00550531,18,14.9,-0.0352604,-1.15161,1,0.20325,-0.347674,0,-0.456388,-0.169747,0,0.0145623,19,14.9,1.01074,-0.436958,1,-0.0214297,-0.411444,0,-0.028044,-0.358472,0,0.0128223,20,14.9,3,0.515906,1,0,0.5,0,0,2.08616e-06,0,0.00627207,21,14.9,3,2.19197,1,-1.15484e-05,0.496825,0,1.49012e-05,0.0938177,0,0.00491471,22,14.9,1.90952,2.00008,1,-0.291836,0.000604615,0,-0.364758,0.00302494,0,0.0145958,23,14.9,1.96508,-2.53603,1,-0.00551846,-0.5,0,0.100397,0,0,0.00817259,24,14.9,-0.0125174,0.88533,1,0.0211872,-0.372407,0,0.0321139,-0.468824,0,0.0169938,25,14.9,2.99672,-0.999258,1,-0.00898279,-0.00241501,0,0.0200719,0.000733882,0,0.00544371,26,14.9,1.17959,2.99783,1,0.493894,-0.0136156,0,0.152074,-0.0165552,0,0.0058945,27,14.9,0.406517,0.00128306,1,0.293372,0.000640963,0,0.223784,-0.00420032,0,0.0167584,28,14.9,2.56956,-0.0375747,1,0.499904,0.0155643,0,-0.0038147,0.119915,0,0.00840198,29,14.9,0.895155,1.00005,1,-0.287493,0.00045374,0,-0.432104,0.00120699,0,0.0135771,30,14.9,2.47266,-3,1,0.5,0,0,0,0,0,0.00655079,31,14.9,0.420632,-2.99999,1,0.369789,-1.9744e-05,0,0.338539,7.45058e-05,0,0.0115981,32,14.9,-2.99999,0.205671,1,1.41561e-05,0.49769,0,2.98023e-05,0.0703099,0,0.00650589,33,14.9,1.98728,0.999778,1,0.0240399,0.00183759,0,0.0443086,-0.0034906,0,0.00911566,34,14.9,-0.957433,-1.84862,1,-0.211186,0.34695,0,0.437833,0.173859,0,0.0148625,35,14.9,-2.00011,-1.99139,1,0.000556931,-0.0280913,0,-0.000759959,0.00566244,0,0.0088272
0,15,1.53258,-1.0113,1,0.499028,0.0213891,0,0.0194311,0.00917912,0,0.0101423,1,15,1.00071,-2.48141,1,-0.0291392,0.49752,0,0.0452399,0.0495911,0,0.00930207,2,15,-0.998686,1.00013,1,-0.00103861,-0.0025779,0,-0.00727177,0.00670552,0,0.0187485,3,15,-2.27281,2.99999,1,-0.5,-2.38419e-05,0,0,0.000238419,0,0.00702421,4,15,-0.18676,-1.98286,1,-0.358534,-0.158593,0,-0.0565499,0.432909,0,0.0124488,5,15,-2.99913,-0.816981,1,0.0080049,0.489675,0,0.0232458,0.186414,0,0.00632837,6,15,-1.19517,3,1,-0.485176,0,0,-0.232875,0,0,0.00617143,7,15,-2.00018,0.999998,1,-0.00168681,0,0,0.00655651,2.98023e-05,0,0.00703436,8,15,-0.813263,-1.01729,1,0.35833,0.157949,0,0.0573695,-0.429988,0,0.0132244,9,15,-2,-0.999997,1,0,0,0,0,0,0,0.0101495,10,15,1.99138,-0.435762,1,0.00148118,0.5,0,0.0306964,-1.43051e-05,0,0.0103191,11,15,2.99996,-1.99434,1,-0.000244379,-0.0261754,0,-0.000238419,0.0256896,0,0.00530095,12,15,1.01297,1.87885,1,-0.0183523,-0.324586,0,-0.0478029,-0.262797,0,0.0141584,13,15,-2.00001,2,1,1.78814e-05,8.9407e-06,0,0,0,0,0.0111521,14,15,-1.99999,-0.000339358,1,5.96046e-06,-0.000954255,0,-5.96046e-05,0.00556011,0,0.0120261,15,15,1.53978,-1.99043,1,0.500003,0.0192165,0,-5.96046e-05,-0.0333786,0,0.00852259,16,15,0.0135144,2.22965,1,-0.022137,0.5,0,-0.0271383,0,0,0.00813546,17,15,-3,-1.83551,1,0,0.44654,0,0,0.446856,0,0.00515242,18,15,-0.0171856,-1.18704,1,0.15864,-0.358906,0,-0.432787,-0.0531673,0,0.0127779,19,15,1.0085,-0.479817,1,-0.0229746,-0.444826,0,-0.0038743,-0.303417,0,0.0124004,20,15,3,0.565906,1,0,0.5,0,0,2.98023e-05,0,0.00512074,21,15,3,2.24189,1,-1.19209e-05,0.5,0,0,0,0,0.00598996,22,15,1.87869,2.00016,1,-0.322664,0.000965595,0,-0.24718,0.00417233,0,0.0150012,23,15,1.96504,-2.58603,1,0.00481606,-0.5,0,0.104308,0,0,0.00843769,24,15,-0.010286,0.845935,1,0.0229858,-0.413468,0,0.00482336,-0.347883,0,0.0150012,25,15,2.99593,-0.999493,1,-0.00657439,-0.00225902,0,0.0271797,0.00223517,0,0.00570992,26,15,1.22942,2.99642,1,0.5,-0.0141025,0,0,0.00548363,0,0.0047976,27,15,0.437429,0.00132526,1,0.328682,0.000196238,0,0.45231,-0.00459875,0,0.0143684,28,15,2.61951,-0.035463,1,0.498474,0.0262234,0,-0.0303984,0.0931621,0,0.00716924,29,15,0.864347,1.00011,1,-0.327389,0.000599027,0,-0.356078,0.00196695,0,0.0139991,30,15,2.52266,-3,1,0.5,0,0,0,0,0,0.00662079,31,15,0.459381,-3,1,0.405627,-1.19209e-05,0,0.365302,0.000119209,0,0.00869457,32,15,-2.99999,0.255613,1,1.78814e-05,0.5,0,0,0,0,0.0105192,33,15,1.98985,0.999943,1,0.0267982,0.00147074,0,0.0122786,-0.00378489,0,0.00984197,34,15,-0.97638,-1.81324,1,-0.168024,0.358555,0,0.42221,0.0566244,0,0.0147841,35,15,-2.00005,-1.99414,1,0.000470877,-0.0264972,0,-0.000953674,0.0249743,0,0.0100851
0,15.1,1.58254,-1.00914,1,0.49981,0.0215411,0,-0.00270456,-0.00545382,0,0.0101423,1,15.1,0.998038,-2.43151,1,-0.02406,0.499786,0,0.0552982,0.0038594,0,0.00930207,2,15.1,-0.998822,0.999904,1,-0.00162274,-0.00191499,0,-0.0044778,0.00648201,0,0.0187485,3,15.1,-2.32281,2.99998,1,-0.5,-3.72529e-06,0,0,0.000149012,0,0.00702421,4,15.1,-0.222755,-1.99662,1,-0.359946,-0.117337,0,0.029318,0.390582,0,0.0124488,5,15.1,-2.99824,-0.767414,1,0.00941418,0.499104,0,0.00570714,0.0308417,0,0.00632837,6,15.1,-1.24449,3,1,-0.498278,0,0,-0.0529587,0,0,0.00617143,7,15.1,-2.00032,0.999998,1,-0.00106841,2.51457e-06,0,0.00578165,1.86265e-05,0,0.00703436,8,15.1,-0.777284,-1.00358,1,0.359818,0.116964,0,-0.0286102,-0.388086,0,0.0132244,9,15.1,-2,-0.999997,1,0,-3.72529e-07,0,0,-7.45058e-06,0,0.0101495,10,15.1,1.99167,-0.385822,1,0.00425633,0.49811,0,0.0247732,-0.0414643,0,0.0103191,11,15.1,2.99994,-1.99681,1,-0.000242516,-0.0229735,0,0.00025332,0.0373125,0,0.00530095,12,15.1,1.01095,1.84519,1,-0.0215713,-0.347298,0,-0.0176579,-0.18619,0,0.0141584,13,15.1,-2,2,1,1.75089e-05,8.75443e-06,0,-1.49012e-05,-7.45058e-06,0,0.0111521,14,15.1,-1.99999,-0.00040858,1,0,-0.000446467,0,-5.96046e-05,0.00458416,0,0.0120261,15,15.1,1.58977,-1.98871,1,0.499536,0.014969,0,-0.0139847,-0.050053,0,0.00852259,16,15.1,0.0112022,2.27965,1,-0.0237572,0.5,0,-0.00614853,0,0,0.00813546,17,15.1,-3,-1.78896,1,0,0.480942,0,0,0.242345,0,0.00515242,18,15.1,-0.00341928,-1.22306,1,0.117393,-0.36002,0,-0.390518,0.0319108,0,0.0127779,19,15.1,1.00622,-0.525694,1,-0.0224575,-0.471393,0,0.0132769,-0.224493,0,0.0124004,20,15.1,3,0.615842,1,0,0.498008,0,0,-0.0433885,0,0.00512074,21,15.1,3,2.29189,1,-1.15484e-05,0.5,0,1.49012e-05,0,0,0.00598996,22,15.1,1.84535,2.00028,1,-0.342588,0.00134222,0,-0.148349,0.00356138,0,0.0150012,23,15.1,1.96602,-2.63592,1,0.0146126,-0.496549,0,0.0910088,0.070855,0,0.00843769,24,15.1,-0.00798845,0.802823,1,0.0227294,-0.448521,0,-0.00929928,-0.333961,0,0.0150012,25,15.1,2.99542,-0.999706,1,-0.00375025,-0.00198288,0,0.0286847,0.00320747,0,0.00570992,26,15.1,1.27942,2.99507,1,0.5,-0.0127755,0,0,0.0201166,0,0.0047976,27,15.1,0.472647,0.00132244,1,0.376143,-0.000246021,0,0.480697,-0.00420993,0,0.0143684,28,15.1,2.66911,-0.0324195,1,0.492669,0.0342014,0,-0.0904351,0.0664137,0,0.00716924,29,15.1,0.829861,1.00017,1,-0.361711,0.000717863,0,-0.319798,0.000730157,0,0.0139991,30,15.1,2.57266,-3,1,0.499891,0,0,-0.00433624,0,0,0.00662079,31,15.1,0.501727,-3,1,0.440633,-2.23517e-06,0,0.326153,5.96046e-05,0,0.00869457,32,15.1,-2.99998,0.305613,1,1.60187e-05,0.5,0,-4.47035e-05,-3.57628e-06,0,0.0105192,33,15.1,1.99255,1.00007,1,0.0267657,0.00109402,0,-0.0116304,-0.00370666,0,0.00984197,34,15.1,-0.991125,-1.77725,1,-0.127453,0.359971,0,0.387337,-0.0293031,0,0.0147841,35,15.1,-2.00001,-1.99664,1,0.000372902,-0.0233442,0,-0.00101328,0.0370443,0,0.0100851
0,15.2,1.63246,-1.00703,1,0.497946,0.0204295,0,-0.0411272,-0.0162125,0,0.00995744,1,15.2,0.995918,-2.38155,1,-0.0182718,0.49907,0,0.059545,-0.0188351,0,0.00857349,2,15.2,-0.999002,0.999744,1,-0.00194758,-0.00129193,0,-0.00211596,0.00590086,0,0.0172481,3,15.2,-2.37281,2.99999,1,-0.5,1.19209e-05,0,0,0,0,0.00557902,4,15.2,-0.258455,-2.00648,1,-0.352564,-0.0807524,0,0.118345,0.339985,0,0.0147428,5,15.2,-2.99729,-0.717435,1,0.00930429,0.5,0,-0.00751019,2.98023e-05,0,0.00730937,6,15.2,-1.29445,3,1,-0.500003,0,0,5.96046e-05,0,0,0.00461552,7,15.2,-2.0004,0.999998,1,-0.000536442,2.98023e-06,0,0.00476837,2.98023e-05,0,0.00708128,8,15.2,-0.741594,-0.993743,1,0.3525,0.0806063,0,-0.117779,-0.337929,0,0.0126716,9,15.2,-2,-0.999997,1,0,-1.49012e-06,0,0,0,0,0.0104355,10,15.2,1.99221,-0.336312,1,0.00643432,0.491083,0,0.0187159,-0.101611,0,0.00911084,11,15.2,2.99992,-1.9989,1,-0.000202656,-0.0189006,0,0.000596046,0.0433922,0,0.00630141,12,15.2,1.00874,1.80969,1,-0.0220895,-0.360966,0,0.00625849,-0.0836849,0,0.0159065,13,15.2,-2,2,1,1.78814e-05,8.9407e-06,0,-0.000119209,0,0,0.0102298,14,15.2,-1.99999,-0.000431995,1,-5.96046e-06,-3.87852e-05,0,-5.96046e-05,0.00356733,0,0.0116957,15,15.2,1.63959,-1.98748,1,0.496238,0.0094831,0,-0.0569224,-0.0583529,0,0.00908103,16,15.2,0.00882433,2.32965,1,-0.0235345,0.5,0,0.00980821,0,0,0.00861621,17,15.2,-3,-1.73996,1,0,0.496247,0,0,0.0751019,0,0.00603206,18,15.2,0.00644881,-1.25875,1,0.0808125,-0.352415,0,-0.339953,0.120223,0,0.0149495,19,15.2,1.00406,-0.573806,1,-0.0204921,-0.489298,0,0.0250936,-0.13274,0,0.0110463,20,15.2,3,0.66533,1,0,0.490727,0,0,-0.104696,0,0.00665428,21,15.2,2.99999,2.34189,1,-1.19209e-05,0.5,0,0.000119209,0,0,0.00689607,22,15.2,1.81053,2.00043,1,-0.351885,0.00171065,0,-0.03618,0.00393391,0,0.0117962,23,15.2,1.96791,-2.68509,1,0.022915,-0.485551,0,0.0745654,0.150204,0,0.00827218,24,15.2,-0.00578082,0.756444,1,0.0212498,-0.477391,0,-0.0197061,-0.233889,0,0.0145117,25,15.2,2.99518,-0.999887,1,-0.000959635,-0.00163466,0,0.0269413,0.00369549,0,0.00584947,26,15.2,1.32942,2.99391,1,0.500003,-0.010252,0,-5.96046e-05,0.0295639,0,0.00510608,27,15.2,0.512603,0.00127769,1,0.422066,-0.000639321,0,0.426412,-0.00362843,0,0.0105537,28,15.2,2.7178,-0.0287113,1,0.479627,0.0395246,0,-0.17333,0.0402201,0,0.00752639,29,15.2,0.792223,1.00025,1,-0.389531,0.000801682,0,-0.229001,0.0012517,0,0.0133429,30,15.2,2.62259,-3,1,0.498259,0,0,-0.0348091,0,0,0.00607665,31,15.2,0.547299,-3,1,0.469466,5.96046e-06,0,0.245303,0,0,0.0075124,32,15.2,-2.99998,0.355613,1,1.19209e-05,0.5,0,0,1.43051e-05,0,0.00811121,33,15.2,1.99514,1.00016,1,0.0247151,0.000736117,0,-0.028193,-0.00339746,0,0.0092288,34,15.2,-1.002,-1.74154,1,-0.0908852,0.352591,0,0.342786,-0.118375,0,0.0126047,35,15.2,-1.99998,-1.99878,1,0.000274181,-0.0192791,0,-0.00101328,0.0433326,0,0.0090137
0,15.3,1.68195,-1.00508,1,0.490851,0.0184357,0,-0.10445,-0.0231564,0,0.00995744,1,15.3,0.994389,-2.33181,1,-0.0123302,0.494641,0,0.0585914,-0.0745207,0,0.00857349,2,15.3,-0.999204,0.999643,1,-0.00205887,-0.000743009,0,-0.00019744,0.00505149,0,0.0172481,3,15.3,-2.42281,2.99999,1,-0.5,1.19209e-05,0,0,0,0,0.00557902,4,15.3,-0.293038,-2.01296,1,-0.338256,-0.0497058,0,0.168415,0.281006,0,0.0147428,5,15.3,-2.99642,-0.667435,1,0.00811256,0.5,0,-0.0157505,0,0,0.00730937,6,15.3,-1.34445,3,1,-0.5,0,0,7.45058e-06,0,0,0.00461552,7,15.3,-2.00043,0.999998,1,-0.000111014,5.40167e-06,0,0.00375509,1.49012e-05,0,0.00708128,8,15.3,-0.707015,-0.987274,1,0.338229,0.0497511,0,-0.168219,-0.279255,0,0.0126716,9,15.3,-2,-0.999997,1,0,-1.58325e-06,0,0,-3.72529e-06,0,0.0104355,10,15.3,1.99293,-0.287499,1,0.00796206,0.486967,0,0.0119805,0.00534676,0,0.00911084,11,15.3,2.9999,-2.00057,1,-0.000137091,-0.0144828,0,0.000685453,0.0443608,0,0.00630141,12,15.3,1.00659,1.77321,1,-0.0207461,-0.367993,0,0.0199825,-0.0506267,0,0.0159065,13,15.3,-2,2,1,7.82311e-06,8.75443e-06,0,-7.45058e-05,-7.45058e-06,0,0.0102298,14,15.3,-1.99999,-0.000419762,1,-1.09896e-05,0.00026656,0,-3.72529e-05,0.0025541,0,0.0116957,15,15.3,1.68883,-1.98683,1,0.487527,0.00355151,0,-0.120603,-0.0592545,0,0.00908103,16,15.3,0.00653858,2.37965,1,-0.0220089,0.5,0,0.0201167,0,0,0.00861621,17,15.3,-3,-1.69011,1,0,0.499766,0,0,0.00936538,0,0.00603206,18,15.3,0.012929,-1.29331,1,0.0497765,-0.337943,0,-0.280852,0.169836,0,0.0149495,19,15.3,1.00215,-0.62323,1,-0.0176515,-0.497466,0,0.0311583,-0.0298209,0,0.0110463,20,15.3,3,0.714219,1,0,0.48961,0,0,0.0500828,0,0.00665428,21,15.3,2.99999,2.39189,1,-1.86265e-06,0.5,0,7.45058e-05,0,0,0.00689607,22,15.3,1.77527,2.00062,1,-0.35216,0.0020083,0,0.0326931,0.00227988,0,0.0117962,23,15.3,1.97055,-2.73276,1,0.0294602,-0.466448,0,0.0560656,0.231996,0,0.00827218,24,15.3,-0.00376644,0.707748,1,0.0189291,-0.494361,0,-0.0262381,-0.105824,0,0.0145117,25,15.3,2.99522,-1.00003,1,0.00151843,-0.0012585,0,0.0224411,0.00378117,0,0.00584947,26,15.3,1.37942,2.99304,1,0.5,-0.0071492,0,-7.45058e-06,0.0320822,0,0.00510608,27,15.3,0.556766,0.00119715,1,0.459341,-0.000956385,0,0.315718,-0.0027192,0,0.0105537,28,15.3,2.76469,-0.0246043,1,0.456428,0.0421707,0,-0.287369,0.0134726,0,0.00752639,29,15.3,0.7519,1.00034,1,-0.418583,0.000920147,0,-0.328012,0.00105798,0,0.0133429,30,15.3,2.67215,-3,1,0.491886,0,0,-0.097096,0,0,0.00607665,31,15.3,0.595307,-3,1,0.488966,5.58794e-06,0,0.142474,-1.49012e-05,0,0.0075124,32,15.3,-2.99998,0.405613,1,1.00583e-05,0.5,0,-4.47035e-05,-1.78814e-06,0,0.00811121,33,15.3,1.99797,1.00022,1,0.0363356,0.000419281,0,0.234,-0.00292808,0,0.0092288,34,15.3,-1.00947,-1.70696,1,-0.0593169,0.338279,0,0.288405,-0.168465,0,0.0126047,35,15.3,-1.99996,-2.00048,1,0.000178441,-0.0148507,0,-0.00089407,0.0445917,0,0.0090137
0,15.4,1.73038,-1.00336,1,0.476483,0.0158966,0,-0.185072,-0.0272989,0,0.00929135,1,15.4,0.993442,-2.28285,1,-0.00667721,0.483394,0,0.0538826,-0.153661,0,0.00886157,2,15.4,-0.999408,0.999592,1,-0.00200123,-0.000284612,0,0.0012219,0.00411272,0,0.0118025,3,15.4,-2.47281,2.99999,1,-0.5,1.19209e-05,0,0,0,0,0.00658506,4,15.4,-0.325935,-2.01662,1,-0.31883,-0.0245094,0,0.220001,0.22316,0,0.0123344,5,15.4,-2.99569,-0.617435,1,0.00625849,0.5,0,-0.0208616,2.98023e-05,0,0.00771745,6,15.4,-1.39445,3,1,-0.500003,0,0,5.96046e-05,0,0,0.00490326,7,15.4,-2.00043,0.999999,1,0.000214577,5.96046e-06,0,0.00274181,0,0,0.00800793,8,15.4,-0.67412,-0.983599,1,0.318807,0.0247151,0,-0.220031,-0.221759,0,0.0152313,9,15.4,-2,-0.999997,1,0,-1.49012e-06,0,0,-2.98023e-05,0,0.00860994,10,15.4,1.99378,-0.238695,1,0.00886023,0.489629,0,0.00607967,0.0365895,0,0.0111374,11,15.4,2.99989,-2.0018,1,-6.55651e-05,-0.0101388,0,0.000715256,0.0422001,0,0.00634723,12,15.4,1.00463,1.73626,1,-0.0182122,-0.370038,0,0.03016,0.0140667,0,0.0159311,13,15.4,-2,2,1,5.96046e-06,8.9407e-06,0,-0.000119209,-5.96046e-05,0,0.0134146,14,15.4,-1.99999,-0.000381906,1,-1.49012e-05,0.000475271,0,-5.96046e-05,0.00163798,0,0.0106135,15,15.4,1.73686,-1.98676,1,0.471607,-0.00219047,0,-0.199616,-0.0547767,0,0.00962169,16,15.4,0.00445123,2.42965,1,-0.0196217,0.5,0,0.027108,0,0,0.00772754,17,15.4,-3,-1.64011,1,0,0.500003,0,0,-5.96046e-05,0,0.00734871,18,15.4,0.0165996,-1.32617,1,0.0246016,-0.318396,0,-0.222969,0.220954,0,0.0140229,19,15.4,1.00054,-0.67295,1,-0.0143647,-0.495175,0,0.0341237,0.0757575,0,0.0110147,20,15.4,3,0.763487,1,0,0.495854,0,0,0.0582337,0,0.0051617,21,15.4,2.99999,2.44189,1,5.96046e-06,0.5,0,0,0,0,0.0056542,22,15.4,1.74035,2.00083,1,-0.345054,0.00220537,0,0.110269,0.00190735,0,0.0141985,23,15.4,1.97374,-2.77811,1,0.0340879,-0.439203,0,0.0364184,0.311971,0,0.00893576,24,15.4,-0.00201223,0.65797,1,0.0160905,-0.499579,0,-0.0301217,-0.00843406,0,0.0141481,25,15.4,2.99547,-1.00014,1,0.00349283,-0.000888109,0,0.0170469,0.00357628,0,0.00604601,26,15.4,1.42942,2.99248,1,0.500003,-0.00391603,0,-5.96046e-05,0.0320673,0,0.00530137,27,15.4,0.604074,0.00108937,1,0.484705,-0.00118467,0,0.189841,-0.00185519,0,0.0107046,28,15.4,2.80874,-0.0203587,1,0.422829,0.0423715,0,-0.381112,-0.00870407,0,0.00672218,29,15.4,0.708395,1.00043,1,-0.451148,0.00100434,0,-0.307441,0.000596046,0,0.012031,30,15.4,2.72072,-3,1,0.478131,0,0,-0.180721,0,0,0.00628562,31,15.4,0.64473,-3,1,0.497615,5.96046e-06,0,0.0293255,0,0,0.00957785,32,15.4,-2.99998,0.455613,1,1.19209e-05,0.5,0,-0.000238419,-1.43051e-05,0,0.00758566,33,15.4,2.00303,1.00025,1,0.066787,0.000151992,0,0.354052,-0.00232458,0,0.010643,34,15.4,-1.01405,-1.67406,1,-0.0332147,0.318846,0,0.233769,-0.22006,0,0.0139178,35,15.4,-1.99994,-2.00175,1,9.53674e-05,-0.0104666,0,-0.00077486,0.0425577,0,0.00999535
0,15.5,1.77645,-1.00191,1,0.438884,0.0130784,0,-0.540368,-0.0287145,0,0.00929135,1,15.5,0.99303,-2.23547,1,-0.00171941,0.462334,0,0.0451282,-0.264585,0,0.00886157,2,15.5,-0.999601,0.999583,1,-0.00182549,7.59959e-05,0,0.002224,0.00310689,0,0.0118025,3,15.5,-2.52281,2.99999,1,-0.5,1.19209e-05,0,0,0,0,0.00658506,4,15.5,-0.356744,-2.01804,1,-0.29747,-0.00490658,0,0.21206,0.169352,0,0.0123344,5,15.5,-2.99517,-0.567435,1,0.00411794,0.5,0,-0.0216961,0,0,0.00771745,6,15.5,-1.44445,3,1,-0.5,0,0,7.45058e-06,0,0,0.00490326,7,15.5,-2.00039,1,1,0.000439957,5.4948e-06,0,0.00180304,-1.11759e-05,0,0.00800793,8,15.5,-0.643314,-0.982146,1,0.29744,0.00523254,0,-0.212181,-0.168331,0,0.0152313,9,15.5,-2,-0.999998,1,0,-3.91155e-06,0,0,-1.49012e-05,0,0.00860994,10,15.5,1.99468,-0.189504,1,0.00917502,0.494442,0,0.000327826,0.0518141,0,0.0111374,11,15.5,2.99989,-2.00261,1,1.86265e-06,-0.00615381,0,0.000610948,0.037238,0,0.00634723,12,15.5,1.00297,1.69889,1,-0.0148671,-0.380978,0,0.0360832,-0.209108,0,0.0159311,13,15.5,-2,2,1,-3.72529e-06,3.91155e-06,0,-5.96046e-05,-3.72529e-05,0,0.0134146,14,15.5,-1.99999,-0.000327585,1,-1.9744e-05,0.000597832,0,-2.98023e-05,0.000838836,0,0.0106135,15,15.5,1.78284,-1.98724,1,0.446367,-0.00715405,0,-0.301845,-0.0443012,0,0.00962169,16,15.5,0.00263183,2.47965,1,-0.0167046,0.5,0,0.0308137,0,0,0.00772754,17,15.5,-3,-1.59011,1,0,0.5,0,0,-7.45058e-06,0,0.00734871,18,15.5,0.0180357,-1.35693,1,0.00501747,-0.296965,0,-0.169154,0.21255,0,0.0140229,19,15.5,0.999278,-0.721465,1,-0.0108967,-0.469454,0,0.0347495,0.416856,0,0.0110147,20,15.5,3,0.813286,1,0,0.499432,0,0,0.0165403,0,0.0051617,21,15.5,2.99999,2.49189,1,5.96046e-06,0.5,0,0,0,0,0.0056542,22,15.5,1.7064,2.00105,1,-0.333805,0.00223145,0,0.118949,-0.00101328,0,0.0141985,23,15.5,1.97729,-2.82031,1,0.0366142,-0.403473,0,0.0146255,0.398129,0,0.00893576,24,15.5,-0.000555034,0.607986,1,0.0130468,-0.499974,0,-0.0305218,-0.00105053,0,0.0141481,25,15.5,2.99539,-1.00021,1,-0.00946745,-0.000549853,0,-0.249743,0.00317395,0,0.00604601,26,15.5,1.47942,2.99225,1,0.5,-0.000792369,0,-7.45058e-06,0.0301152,0,0.00530137,27,15.5,0.653272,0.000963058,1,0.497218,-0.00133038,0,0.0672564,-0.00117818,0,0.0107046,28,15.5,2.84896,-0.0166506,1,0.38035,0.0275,0,-0.462592,-0.266472,0,0.00672218,29,15.5,0.661886,1.00053,1,-0.477455,0.000976585,0,-0.213023,-0.00105053,0,0.012031,30,15.5,2.76743,-3,1,0.45422,0,0,-0.29406,0,0,0.00628562,31,15.5,0.694449,-3,1,0.494855,5.58794e-06,0,-0.0850745,-1.49012e-05,0,0.00957785,32,15.5,-2.99998,0.505613,1,-8.19564e-06,0.5,0,-0.000149012,-1.78814e-06,0,0.00758566,33,15.5,2.01185,1.00023,1,0.112773,-0.000772811,0,0.540391,-0.0152513,0,0.010643,34,15.5,-1.01629,-1.64325,1,-0.0124497,0.297485,0,0.181772,-0.212051,0,0.0139178,35,15.5,-1.99994,-2.00259,1,2.66358e-05,-0.0064373,0,-0.000603497,0.0377595,0,0.00999535
0,15.6,1.81723,-1.00075,1,0.373271,0.0102162,0,-0.749767,-0.0281632,0,0.01096,1,15.6,0.993068,-2.19072,1,0.00232905,0.431091,0,0.035733,-0.357032,0,0.00992246,2,15.6,-0.999771,0.999604,1,-0.00157058,0.000338256,0,0.00286102,0.00217557,0,0.0122822,3,15.6,-2.57281,2.99999,1,-0.5,1.19209e-05,0,0,0,0,0.00624862,4,15.6,-0.385412,-2.01777,1,-0.275628,0.00947118,0,0.227824,0.118852,0,0.0122298,5,15.6,-2.99487,-0.517435,1,0.00196695,0.5,0,-0.0211,-1.43051e-05,0,0.00823857,6,15.6,-1.49445,3,1,-0.500003,0,0,5.96046e-05,0,0,0.00553986,7,15.6,-2.00034,1,1,0.000584126,5.96046e-06,0,0.000834465,-5.96046e-05,0,0.00762602,8,15.6,-0.61465,-0.982379,1,0.275582,-0.0090614,0,-0.227958,-0.118256,0,0.0157082,9,15.6,-2,-0.999998,1,0,-5.96046e-06,0,0,2.98023e-05,0,0.00802883,10,15.6,1.9956,-0.139828,1,0.00894666,0.498655,0,-0.00464916,0.0269109,0,0.0148794,11,15.6,2.99989,-2.00305,1,5.36442e-05,-0.00272989,0,0.000596046,0.0311136,0,0.00595847,12,15.6,1.00167,1.65954,1,-0.0111192,-0.407633,0,0.0383854,-0.305474,0,0.0145847,13,15.6,-2,2,1,-5.96046e-06,0,0,-0.000119209,0,0,0.0122758,14,15.6,-1.99999,-0.00026475,1,-2.08616e-05,0.00064808,0,0,0.000190899,0,0.0114815,15,15.6,1.82582,-1.98816,1,0.41191,-0.0110239,0,-0.383854,-0.033021,0,0.00907098,16,15.6,0.00111863,2.52965,1,-0.0135368,0.5,0,0.0321836,0,0,0.00729619,17,15.6,-3,-1.54011,1,0,0.500003,0,0,-5.96046e-05,0,0.00628111,18,15.6,0.0177774,-1.38555,1,-0.00934242,-0.275093,0,-0.118733,0.227928,0,0.0154713,19,15.6,0.99836,-0.765913,1,-0.00750124,-0.415851,0,0.0328124,0.636518,0,0.0142188,20,15.6,3,0.863272,1,0,0.5,0,0,2.98023e-05,0,0.0064681,21,15.6,3,2.54189,1,5.96046e-06,0.5,0,0,0,0,0.00552985,22,15.6,1.67365,2.00127,1,-0.320548,0.00206828,0,0.149131,-0.00214577,0,0.014299,23,15.6,1.981,-2.85856,1,0.0371188,-0.360453,0,-0.00399351,0.458002,0,0.00780862,24,15.6,0.000598004,0.557986,1,0.0100285,-0.5,0,-0.02965,-2.98023e-05,0,0.0154113,25,15.6,2.99294,-1.00025,1,-0.0417352,-0.00025928,0,-0.374794,0.00274181,0,0.0061596,26,15.6,1.52942,2.99232,1,0.500003,0.0020504,0,-5.96046e-05,0.0267029,0,0.00526379,27,15.6,0.70319,0.000824432,1,0.5,-0.0014415,0,2.98023e-05,-0.00113697,0,0.0121572,28,15.6,2.88459,-0.0155059,1,0.331426,-0.00686706,0,-0.510335,-0.402566,0,0.00844844,29,15.6,0.613258,1.00062,1,-0.493285,0.000810623,0,-0.104606,-0.00220537,0,0.0108085,30,15.6,2.81122,-3,1,0.420022,0,0,-0.386477,0,0,0.005581,31,15.6,0.743317,-3,1,0.4806,5.96046e-06,0,-0.199527,-0.000119209,0,0.00962892,32,15.6,-2.99998,0.555613,1,-1.78814e-05,0.500001,0,-0.000119209,-2.98023e-05,0,0.00937474,33,15.6,2.02597,1.00006,1,0.170338,-0.00272691,0,0.59092,-0.0229776,0,0.0102022,34,15.6,-1.01671,-1.61458,1,0.00321865,0.275648,0,0.132084,-0.227749,0,0.0141348,35,15.6,-1.99994,-2.00305,1,-2.68221e-05,-0.00296235,0,-0.000417233,0.0318289,0,0.00926441
0,15.7,1.85036,-0.999864,1,0.285868,0.00748523,0,-0.959262,-0.0263527,0,0.01096,1,15.7,0.993464,-2.14952,1,0.00543091,0.39185,0,0.0263005,-0.424817,0,0.00992246,2,15.7,-0.999913,0.999647,1,-0.00127098,0.000511203,0,0.00308827,0.00130758,0,0.0122822,3,15.7,-2.62272,2.99999,1,-0.497408,1.19209e-05,0,0.0549257,0,0,0.00624862,4,15.7,-0.411896,-2.01631,1,-0.254507,0.0191182,0,0.199955,0.0751317,0,0.0122298,5,15.7,-2.99478,-0.467435,1,-6.37025e-05,0.5,0,-0.0193566,0,0,0.00823857,6,15.7,-1.54445,3,1,-0.5,0,0,7.45058e-06,0,0,0.00553986,7,15.7,-2.00028,1,1,0.00063628,9.31323e-07,0,0.000238419,-3.72529e-05,0,0.00762602,8,15.7,-0.588171,-0.983802,1,0.254456,-0.0186743,0,-0.199929,-0.0750199,0,0.0157082,9,15.7,-2,-0.999998,1,0,-3.44589e-06,0,0,1.86265e-05,0,0.00802883,10,15.7,1.99646,-0.0898811,1,0.00830479,0.499863,0,-0.00819564,0.00123307,0,0.0148794,11,15.7,2.9999,-2.00318,1,0.000102818,3.39001e-05,0,0.00038743,0.0241846,0,0.00595847,12,15.7,1.00074,1.61723,1,-0.00768099,-0.438553,0,0.0305697,-0.301152,0,0.0145847,13,15.7,-2,2,1,-1.41561e-05,0,0,-2.98023e-05,0,0,0.0122758,14,15.7,-1.99999,-0.000199877,1,-2.01166e-05,0.000641123,0,1.49012e-05,-0.000304221,0,0.0114815,15,15.7,1.86499,-1.9894,1,0.370537,-0.0137612,0,-0.44053,-0.0217259,0,0.00907098,16,15.7,-7.61203e-05,2.57965,1,-0.0103827,0.499782,0,0.0307131,-0.00752509,0,0.00729619,17,15.7,-3,-1.49011,1,0,0.5,0,0,-7.45058e-06,0,0.00628111,18,15.7,0.0163247,-1.41198,1,-0.0189857,-0.253986,0,-0.075157,0.199601,0,0.0154713,19,15.7,0.997768,-0.803793,1,-0.00441605,-0.337336,0,0.0285916,0.902467,0,0.0142188,20,15.7,3,0.913272,1,0,0.5,0,0,0,0,0.0064681,21,15.7,3,2.59188,1,5.96046e-06,0.499375,0,0,-0.0183731,0,0.00552985,22,15.7,1.64163,2.00146,1,-0.326274,0.00175163,0,-0.227973,-0.0038147,0,0.014299,23,15.7,1.98466,-2.89224,1,0.0359517,-0.312647,0,-0.01885,0.493944,0,0.00780862,24,15.7,0.00145581,0.507986,1,0.00716337,-0.5,0,-0.0275093,5.66244e-06,0,0.0154113,25,15.7,2.98644,-1.00026,1,-0.0920665,-1.86265e-05,0,-0.603095,0.00208616,0,0.0061596,26,15.7,1.57941,2.99264,1,0.499878,0.00442602,0,-0.00484288,0.0208169,0,0.00526379,27,15.7,0.75319,0.000676425,1,0.5,-0.00150579,0,0,-0.000361415,0,0.0121572,28,15.7,2.91513,-0.018507,1,0.278915,-0.055622,0,-0.534058,-0.551082,0,0.00844844,29,15.7,0.563566,1.00069,1,-0.499209,0.000567921,0,-0.0242144,-0.00260025,0,0.0108085,30,15.7,2.85116,-3,1,0.377652,0,0,-0.457063,0,0,0.005581,31,15.7,0.790164,-2.99999,1,0.454287,-3.72529e-06,0,-0.321828,-5.96046e-05,0,0.00962892,32,15.7,-2.99998,0.605572,1,-2.75671e-05,0.498651,0,-5.96046e-05,-0.0314116,0,0.00937474,33,15.7,2.046,0.999622,1,0.230579,-0.00646533,0,0.601888,-0.0494011,0,0.0102022,34,15.7,-1.0158,-1.58809,1,0.0141863,0.254533,0,0.0881702,-0.199884,0,0.0141348,35,15.7,-1.99994,-2.0032,1,-6.14673e-05,-0.000129268,0,-0.000283122,0.0248402,0,0.00926441
0,15.8,1.87404,-0.999244,1,0.187042,0.00496209,0,-0.999928,-0.0240803,0,0.0141441,1,15.8,0.994123,-2.11254,1,0.00759512,0.346744,0,0.0170469,-0.474095,0,0.0101897,2,15.8,-1.00002,0.999704,1,-0.000962615,0.000604987,0,0.00309944,0.000566244,0,0.0154478,3,15.8,-2.67208,2.99999,1,-0.488514,1.19209e-05,0,0.125289,0,0,0.00628976,4,15.8,-0.436358,-2.01409,1,-0.234743,0.0247061,0,0.198916,0.0376701,0,0.0146766,5,15.8,-2.99488,-0.417435,1,-0.00187159,0.5,0,-0.0168085,-1.43051e-05,0,0.0105995,6,15.8,-1.59445,3,1,-0.500003,0,0,5.96046e-05,0,0,0.00549412,7,15.8,-2.00021,1,1,0.000631809,0,0,-0.000238419,-5.96046e-05,0,0.00753061,8,15.8,-0.563714,-0.98598,1,0.234701,-0.024271,0,-0.198811,-0.037998,0,0.0164101,9,15.8,-2,-0.999999,1,0,-2.98023e-06,0,0,2.98023e-05,0,0.00766258,10,15.8,1.99724,-0.0399158,1,0.00731051,0.499148,0,-0.0115633,-0.0170463,0,0.0131976,11,15.8,2.99991,-2.00307,1,0.00013113,0.00211,0,0.000357628,0.0174046,0,0.00626765,12,15.8,1.00011,1.57195,1,-0.00496954,-0.465986,0,0.0237525,-0.240564,0,0.0109296,13,15.8,-2,2,1,-1.78814e-05,0,0,0,0,0,0.00878681,14,15.8,-2,-0.000137925,1,-1.78814e-05,0.000592106,0,5.96046e-05,-0.000653217,0,0.0103952,15,15.8,1.89977,-1.99087,1,0.324428,-0.015375,0,-0.478387,-0.0107288,0,0.0091285,16,15.8,-0.000964568,2.62954,1,-0.00742739,0.49746,0,0.0282461,-0.0460148,0,0.00868999,17,15.8,-3,-1.44011,1,0,0.500003,0,0,-5.96046e-05,0,0.00729795,18,15.8,0.0141152,-1.43639,1,-0.0245836,-0.234273,0,-0.037875,0.198245,0,0.0169461,19,15.8,0.99746,-0.83279,1,-0.00182986,-0.24097,0,0.022918,0.999957,0,0.0139572,20,15.8,3,0.963272,1,0,0.5,0,0,0,0,0.00617203,21,15.8,3,2.64165,1,5.96046e-06,0.495291,0,0,-0.0678301,0,0.00605504,22,15.8,1.60748,2.00162,1,-0.359732,0.00137091,0,-0.412703,-0.00369549,0,0.0115106,23,15.8,1.98814,-2.92101,1,0.0334501,-0.262463,0,-0.0306368,0.505805,0,0.00769007,24,15.8,0.00203916,0.457986,1,0.00455207,-0.5,0,-0.0246061,1.43051e-05,0,0.0141011,25,15.8,2.97404,-1.00026,1,-0.157183,0.000160933,0,-0.676274,0.00143051,0,0.00763269,26,15.8,1.62934,2.99318,1,0.498068,0.00621676,0,-0.038445,0.0151396,0,0.00563227,27,15.8,0.80319,0.000523862,1,0.5,-0.00155145,0,2.98023e-05,-0.000715954,0,0.0140784,28,15.8,2.94035,-0.0269225,1,0.225687,-0.113229,0,-0.525713,-0.583971,0,0.00880108,29,15.8,0.513586,1.00074,1,-0.5,0.000298023,0,1.43051e-05,-0.00274181,0,0.0127303,30,15.8,2.88655,-3,1,0.329399,0,0,-0.504136,0,0,0.0055236,31,15.8,0.833816,-3,1,0.417197,-1.19209e-05,0,-0.415295,0.000119209,0,0.00863367,32,15.8,-2.99999,0.655198,1,-2.98023e-05,0.492951,0,0,-0.0857413,0,0.00901349,33,15.8,2.07201,0.998702,1,0.288564,-0.0121623,0,0.548363,-0.0624359,0,0.0115222,34,15.8,-1.01401,-1.56363,1,0.0210434,0.234777,0,0.0499487,-0.198841,0,0.0161822,35,15.8,-1.99995,-2.0031,1,-8.34465e-05,0.00200868,0,-0.000178814,0.0180006,0,0.0090962
0,15.9,1.88775,-0.998861,1,0.0872174,0.0027718,0,-0.993125,-0.0199154,0,0.0141441,1,15.9,0.994953,-2.0803,1,0.00885669,0.297715,0,0.00840425,-0.502154,0,0.0101897,2,15.9,-1.00011,0.999766,1,-0.000664406,0.000631437,0,0.00283867,-7.45058e-06,0,0.0154478,3,15.9,-2.72017,2.99999,1,-0.472097,1.19209e-05,0,0.204012,0,0,0.00628976,4,15.9,-0.458939,-2.01148,1,-0.217734,0.0270426,0,0.14835,0.010103,0,0.0146766,5,15.9,-2.99514,-0.367534,1,-0.00335127,0.496959,0,-0.012815,-0.06284,0,0.0105995,6,15.9,-1.64433,3,1,-0.496212,0,0,0.0767261,0,0,0.00549412,7,15.9,-2.00015,1,1,0.000590459,-4.56348e-06,0,-0.000581145,-2.6077e-05,0,0.00753061,8,15.9,-0.541136,-0.988549,1,0.217709,-0.0266557,0,-0.148129,-0.0107028,0,0.0164101,9,15.9,-2,-0.999999,1,0,-5.58794e-07,0,0,1.49012e-05,0,0.00766258,10,15.9,1.99791,0.00994772,1,0.00591855,0.498268,0,-0.0160858,-0.00810273,0,0.0131976,11,15.9,2.99992,-2.00278,1,0.000153854,0.0035271,0,0.00013411,0.0110865,0,0.00626765,12,15.9,0.999725,1.5243,1,-0.00289073,-0.485644,0,0.017982,-0.15112,0,0.0109296,13,15.9,-2.00001,2,1,-1.60187e-05,0,0,4.47035e-05,0,0,0.00878681,14,15.9,-2,-8.23838e-05,1,-1.28523e-05,0.000515197,0,3.72529e-05,-0.000865028,0,0.0103952,15,15.9,1.92978,-1.99244,1,0.275526,-0.0159206,0,-0.49565,-0.000499189,0,0.0091285,16,15.9,-0.00157136,2.67896,1,-0.00476399,0.489778,0,0.024917,-0.111565,0,0.00868999,17,15.9,-3,-1.39016,1,0,0.498382,0,0,-0.0364184,0,0.00729795,18,15.9,0.0115158,-1.45893,1,-0.0269461,-0.217343,0,-0.0103905,0.147469,0,0.0169461,19,15.9,0.997384,-0.851887,1,0.000204891,-0.141,0,0.017561,0.998873,0,0.0139572,20,15.9,3,1.01327,1,0,0.5,0,0,0,0,0.00617203,21,15.9,3,2.69074,1,5.96046e-06,0.485206,0,0,-0.137001,0,0.00605504,22,15.9,1.56944,2.00173,1,-0.400714,0.000934675,0,-0.397675,-0.00490248,0,0.0115106,23,15.9,1.99132,-2.94473,1,0.0299284,-0.212077,0,-0.0391677,0.497445,0,0.00769007,24,15.9,0.00237823,0.408,1,0.002298,-0.499462,0,-0.0204838,0.0159498,0,0.0141011,25,15.9,2.95486,-1.00023,1,-0.226801,0.00027623,0,-0.701204,0.00090152,0,0.00763269,26,15.9,1.67886,2.99387,1,0.491405,0.00745095,0,-0.0988021,0.00961125,0,0.00563227,27,15.9,0.85319,0.000366975,1,0.5,-0.00157494,0,0,-2.89633e-05,0,0.0140784,28,15.9,2.96034,-0.041254,1,0.174631,-0.173861,0,-0.491515,-0.612023,0,0.00880108,29,15.9,0.463586,1.00075,1,-0.5,2.70084e-05,0,0,-0.00264496,0,0.0127303,30,15.9,2.91692,-3,1,0.277488,0,0,-0.528768,0,0,0.0055236,31,15.9,0.873347,-3,1,0.372425,-2.23517e-06,0,-0.476055,5.96046e-05,0,0.00863367,32,15.9,-2.99999,0.703957,1,-2.83122e-05,0.481103,0,2.98023e-05,-0.153538,0,0.00901349,33,15.9,2.1035,0.997033,1,0.340073,-0.0224025,0,0.478536,-0.133667,0,0.0115222,34,15.9,-1.01171,-1.54104,1,0.0245349,0.21777,0,0.0208542,-0.148371,0,0.0161822,35,15.9,-1.99996,-2.00282,1,-9.574e-05,0.00347979,0,-5.96046e-05,0.0115484,0,0.0090962
0,16,1.89156,-0.998678,1,-0.0102043,0.000941753,0,-0.945032,-0.0168383,0,0.0121884,1,16,0.995867,-2.05305,1,0.00932217,0.247121,0,0.00113249,-0.505805,0,0.00922462,2,16,-1.00016,0.999828,1,-0.000396371,0.000609457,0,0.00238419,-0.000476837,0,0.0136082,3,16,-2.76623,2.99999,1,-0.447619,1.19209e-05,0,0.285387,-0.000119209,0,0.005383,4,16,-0.480008,-2.00876,1,-0.203861,0.0269175,0,0.134155,-0.0113249,0,0.0123278,5,16,-2.99553,-0.31827,1,-0.00443459,0.487109,0,-0.00905991,-0.135317,0,0.00826129,6,16,-1.69343,3,1,-0.484529,0,0,0.157177,0,0,0.0054405,7,16,-2.0001,1,1,0.00051856,-5.96046e-06,0,-0.000834465,-2.98023e-05,0,0.00760046,8,16,-0.520069,-0.99123,1,0.203861,-0.026606,0,-0.133902,0.0107586,0,0.0167403,9,16,-2,-0.999999,1,0,0,0,0,2.98023e-05,0,0.00846135,10,16,1.99842,0.0596967,1,0.00412762,0.496187,0,-0.0194907,-0.0393671,0,0.0171106,11,16,2.99994,-2.00238,1,0.000154972,0.00435114,0,0,0.00572205,0,0.00695386,12,16,0.999517,1.47512,1,-0.00134408,-0.496337,0,0.0130832,-0.0655055,0,0.0108728,13,16,-2.00001,2,1,-1.19209e-05,0,0,0,0,0,0.0105266,14,16,-2,-3.54016e-05,1,-5.96046e-06,0.000422746,0,-5.96046e-05,-0.000967478,0,0.012167,15,16,1.95486,-1.99402,1,0.226045,-0.015536,0,-0.490546,0.00780821,0,0.0102224,16,16,-0.00192941,2.72724,1,-0.00246126,0.47453,0,0.0210695,-0.195622,0,0.0101201,17,16,-3,-1.3406,1,0,0.492024,0,0,-0.0936389,0,0.00700319,18,16,0.00880757,-1.47996,1,-0.0268591,-0.203565,0,0.0111726,0.133216,0,0.0174768,19,16,0.997482,-0.861002,1,0.00165105,-0.0414222,0,0.0112057,0.990987,0,0.0182427,20,16,3,1.06327,1,0,0.500003,0,0,-5.96046e-05,0,0.00652776,21,16,3,2.73844,1,5.96046e-06,0.46742,0,0,-0.220299,0,0.00661614,22,16,1.52747,2.0018,1,-0.437728,0.000411272,0,-0.336409,-0.00548363,0,0.0127985,23,16,1.99411,-2.96349,1,0.0257343,-0.163776,0,-0.0441074,0.465155,0,0.00709442,24,16,0.00251239,0.358197,1,0.000452431,-0.495845,0,-0.0164481,0.0608414,0,0.0129954,25,16,2.92873,-1.0002,1,-0.294745,0.000342727,0,-0.645876,0.000476837,0,0.0107203,26,16,1.72738,2.99465,1,0.477675,0.00814795,0,-0.178099,0.00452995,0,0.00608066,27,16,0.90319,0.000208586,1,0.5,-0.00160577,0,2.98023e-05,-0.000797575,0,0.0163147,28,16,2.97543,-0.0616323,1,0.128061,-0.232697,0,-0.437021,-0.551965,0,0.00818498,29,16,0.413586,1.00074,1,-0.5,-0.000226498,0,1.43051e-05,-0.00238419,0,0.0114819,30,16,2.94202,-3,1,0.224632,0,0,-0.523686,0,0,0.00593233,31,16,0.908139,-3,1,0.32279,5.96046e-06,0,-0.51266,-0.000119209,0,0.00980834,32,16,-2.99999,0.751173,1,-2.38419e-05,0.461906,0,0,-0.231415,0,0.00989767,33,16,2.13976,0.994066,1,0.383699,-0.0373125,0,0.391841,-0.157446,0,0.0107079,34,16,-1.00919,-1.51997,1,0.0254065,0.20389,0,-0.00244379,-0.134289,0,0.0156328,35,16,-1.99997,-2.00243,1,-9.83477e-05,0.00435114,0,0,0.00596046,0,0.0102482
0,16.1,1.88593,-0.998659,1,-0.100822,-0.000493601,0,-0.856161,-0.0122041,0,0.0121884,1,16.1,0.996795,-2.03085,1,0.00913097,0.197329,0,-0.00467524,-0.486717,0,0.00922462,2,16.1,-1.00019,0.999886,1,-0.000178069,0.000547338,0,0.00196695,-0.000748783,0,0.0136082,3,16.1,-2.8094,3,1,-0.414228,2.23517e-06,0,0.378057,-5.96046e-05,0,0.005383,4,16.1,-0.499868,-2.00615,1,-0.194557,0.0249974,0,0.0618845,-0.0261962,0,0.0123278,5,16.1,-2.99602,-0.270358,1,-0.00515468,0.4699,0,-0.00537932,-0.209535,0,0.00826129,6,16.1,-1.74097,3,1,-0.464957,0,0,0.234224,0,0,0.0054405,7,16.1,-2.00005,0.999999,1,0.000429153,-7.72998e-06,0,-0.000923872,-1.11759e-05,0,0.00760046,8,16.1,-0.500207,-0.99381,1,0.194582,-0.0247504,0,-0.0616331,0.0254847,0,0.0167403,9,16.1,-2,-0.999999,1,0,2.04891e-06,0,0,7.45058e-06,0,0.00846135,10,16.1,1.99866,0.10921,1,2.96161e-05,0.494793,0,-0.0584647,0.00301167,0,0.0171106,11,16.1,2.99996,-2.00193,1,0.000146404,0.00468642,0,-0.000163913,0.00119209,0,0.00695386,12,16.1,0.999441,1.42528,1,-0.000246055,-0.499597,0,0.00900775,-0.00803173,0,0.0108728,13,16.1,-2.00001,2,1,-1.00583e-05,0,0,4.47035e-05,0,0,0.0105266,14,16.1,-2,1.99565e-06,1,-1.00583e-05,0.000325107,0,-1.49012e-05,-0.000973269,0,0.012167,15,16.1,1.97504,-1.99553,1,0.178133,-0.0144178,0,-0.464797,0.0141785,0,0.0102224,16,16.1,-0.00207778,2.77352,1,-0.000581159,0.449215,0,0.016569,-0.307038,0,0.0101201,17,16.1,-3,-1.29197,1,0,0.479323,0,0,-0.162438,0,0.00700319,18,16.1,0.00620436,-1.4998,1,-0.0249589,-0.194354,0,0.0259549,0.0609532,0,0.0174768,19,16.1,0.997694,-0.860301,1,0.00250591,0.054017,0,0.00582263,0.906397,0,0.0182427,20,16.1,3,1.11327,1,0,0.5,0,0,-7.45058e-06,0,0.00652776,21,16.1,3,2.78389,1,5.96046e-06,0.439884,0,0,-0.326619,0,0.00661614,22,16.1,1.48216,2.00181,1,-0.467055,-0.000139698,0,-0.247315,-0.00546873,0,0.0127985,23,16.1,1.99645,-2.97762,1,0.0212174,-0.119658,0,-0.0457466,0.414312,0,0.00709442,24,16.1,0.00248191,0.309016,1,-0.000997405,-0.486697,0,-0.0125787,0.125274,0,0.0129954,25,16.1,2.89608,-1.00017,1,-0.357473,0.000371411,0,-0.597939,0.000119209,0,0.0107203,26,16.1,1.77407,2.99548,1,0.454376,0.00833981,0,-0.284709,-0.000521541,0,0.00608066,27,16.1,0.95319,4.65296e-05,1,0.5,-0.00161868,0,0,0.000211152,0,0.0163147,28,16.1,2.98616,-0.0876507,1,0.0877034,-0.28721,0,-0.368312,-0.524643,0,0.00818498,29,16.1,0.363694,1.00071,1,-0.496718,-0.000439957,0,0.067329,-0.00189245,0,0.0114819,30,16.1,2.9619,-3,1,0.173494,0,0,-0.494719,0,0,0.00593233,31,16.1,0.937824,-3,1,0.270721,-3.72529e-06,0,-0.524379,-5.96046e-05,0,0.00980834,32,16.1,-3,0.796038,1,-2.19792e-05,0.433822,0,4.47035e-05,-0.326734,0,0.00989767,33,16.1,2.18014,0.989589,1,0.424114,-0.0517664,0,0.396982,-0.128847,0,0.0107079,34,16.1,-1.00669,-1.50011,1,0.0242868,0.194571,0,-0.019066,-0.0620335,0,0.0156328,35,16.1,-1.99998,-2.00197,1,-9.42498e-05,0.00470839,0,7.45058e-05,0.00138581,0,0.0102482
0,16.2,1.87179,-0.998764,1,-0.179526,-0.00155866,0,-0.709832,-0.00938773,0,0.0154233,1,16.2,0.997677,-2.01349,1,0.00844002,0.150365,0,-0.00888109,-0.449896,0,0.0094841,2,16.2,-1.0002,0.999937,1,-2.98023e-06,0.000464916,0,0.00154972,-0.00089407,0,0.0155052,3,16.2,-2.84881,3,1,-0.372869,-5.96046e-06,0,0.445008,0.000119209,0,0.00638299,4,16.2,-0.519067,-2.0038,1,-0.189763,0.0218451,0,0.0412166,-0.0360012,0,0.0113648,5,16.2,-2.99655,-0.224542,1,-0.00551939,0.445157,0,-0.00214577,-0.285119,0,0.00897328,6,16.2,-1.78617,3,1,-0.437769,0,0,0.308812,0,0,0.00612468,7,16.2,-2.00001,0.999998,1,0.000333786,-7.45058e-06,0,-0.00089407,0,0,0.00826037,8,16.2,-0.481004,-0.99614,1,0.189812,-0.0216737,0,-0.041008,0.0353754,0,0.0175546,9,16.2,-2,-0.999999,1,0,2.98023e-06,0,0,0,0,0.00891897,10,16.2,1.99833,0.158716,1,-0.00682771,0.495265,0,-0.0754595,-0.00031352,0,0.0177168,11,16.2,2.99997,-2.00146,1,0.00012517,0.00462532,0,-0.000238419,-0.00238419,0,0.00615339,12,16.2,0.999456,1.37534,1,0.000482798,-0.498775,0,0.00569224,0.0245571,0,0.0107678,13,16.2,-2.00001,2,1,-1.19209e-05,0,0,0.000238419,0,0,0.00946749,14,16.2,-2,2.97132e-05,1,-1.19209e-05,0.000230211,0,0,-0.000915485,0,0.0102517,15,16.2,1.9906,-1.99689,1,0.133592,-0.0127703,0,-0.423789,0.0184178,0,0.00933003,16,16.2,-0.00206025,2.81675,1,0.000861118,0.413853,0,0.0123261,-0.396371,0,0.0092681,17,16.2,-3,-1.24498,1,0,0.459248,0,0,-0.239968,0,0.00775935,18,16.2,0.00385659,-1.51898,1,-0.0218325,-0.189647,0,0.0358043,0.0402927,0,0.0185808,19,16.2,0.997964,-0.850586,1,0.00280738,0.137889,0,0.000178814,0.76282,0,0.0173072,20,16.2,3,1.16327,1,0,0.500003,0,0,-5.96046e-05,0,0.00664059,21,16.2,3,2.8261,1,0,0.402868,0,0.000119209,-0.41008,0,0.00586568,22,16.2,1.43438,2.00177,1,-0.486907,-0.000673532,0,-0.149727,-0.00488758,0,0.0127382,23,16.2,1.99835,-2.98762,1,0.0166774,-0.0813842,0,-0.0447631,0.349283,0,0.0073753,24,16.2,0.00232547,0.2611,1,-0.0020706,-0.470306,0,-0.00892766,0.204257,0,0.0151033,25,16.2,2.8575,-1.00013,1,-0.412428,0.000369549,0,-0.493169,-0.000178814,0,0.00989075,26,16.2,1.81793,2.99631,1,0.421381,0.00808239,0,-0.371873,-0.00441074,0,0.0051921,27,16.2,1.00319,-0.000114866,1,0.5,-0.00162155,0,0,-0.000520402,0,0.0147754,28,16.2,2.99321,-0.118856,1,0.0546575,-0.335255,0,-0.291944,-0.42621,0,0.0114281,29,16.2,0.314482,1.00066,1,-0.486275,-0.000604987,0,0.142395,-0.00137091,0,0.011005,30,16.2,2.97686,-3,1,0.126451,0,0,-0.442982,0,0,0.00594604,31,16.2,0.962285,-3,1,0.218712,-5.96046e-06,0,-0.512183,-0.000119209,0,0.011294,32,16.2,-3,0.837654,1,-1.78814e-05,0.397263,0,0.000119209,-0.400931,0,0.00861628,33,16.2,2.22442,0.983834,1,0.460035,-0.0626042,0,0.310183,-0.0859499,0,0.00988793,34,16.2,-1.00438,-1.48091,1,0.0217617,0.189766,0,-0.0306368,-0.0414252,0,0.0165311,35,16.2,-1.99999,-2.0015,1,-8.34465e-05,0.00466108,0,0.000119209,-0.00214577,0,0.0091405
0,16.3,1.85053,-0.998959,1,-0.243308,-0.00226824,0,-0.56117,-0.00517443,0,0.0154233,1,16.3,0.998472,-2.00062,1,0.00740709,0.107869,0,-0.0115372,-0.398472,0,0.0094841,2,16.3,-1.00019,0.999979,1,0.00012964,0.000372343,0,0.00110269,-0.000946224,0,0.0155052,3,16.3,-2.88379,3,1,-0.326057,3.72529e-06,0,0.487193,5.96046e-05,0,0.00638299,4,16.3,-0.538001,-2.0018,1,-0.19027,0.0180263,0,-0.0410788,-0.0398904,0,0.0113648,5,16.3,-2.99711,-0.1816,1,-0.00556558,0.412284,0,0.00110269,-0.368479,0,0.00897328,6,16.3,-1.82826,3,1,-0.402784,0,0,0.386886,0,0,0.00612468,7,16.3,-1.99998,0.999997,1,0.000245683,-6.89179e-06,0,-0.000856817,1.49012e-05,0,0.00826037,8,16.3,-0.462065,-0.998122,1,0.190337,-0.0179179,0,0.0412241,0.0392646,0,0.0175546,9,16.3,-2,-0.999998,1,0,2.6077e-06,0,0,-7.45058e-06,0,0.00891897,10,16.3,1.99734,0.20832,1,-0.0123307,0.497267,0,-0.0362098,0.0284649,0,0.0177168,11,16.3,2.99998,-2.00101,1,9.94653e-05,0.0042595,0,-0.000283122,-0.00476837,0,0.00615339,12,16.3,0.999528,1.32567,1,0.000918098,-0.493461,0,0.00312179,0.0858754,0,0.0107678,13,16.3,-2.00001,2,1,7.07805e-06,0,0,0.000163913,0,0,0.00946749,14,16.3,-2,4.83271e-05,1,-1.15484e-05,0.000143895,0,1.49012e-05,-0.000805964,0,0.0102517,15,16.3,2.00192,-1.99807,1,0.0938226,-0.0108024,0,-0.370398,0.0206456,0,0.00933003,16,16.3,-0.00191908,2.85603,1,0.00189794,0.370664,0,0.00846721,-0.463456,0,0.0092681,17,16.3,-3,-1.20042,1,0,0.430402,0,0,-0.333376,0,0.00775935,18,16.3,0.00186004,-1.53791,1,-0.0180341,-0.190237,0,0.0396859,-0.0418201,0,0.0185808,19,16.3,0.99824,-0.83319,1,0.00265045,0.207795,0,-0.00337884,0.629071,0,0.0173072,20,16.3,3,1.21327,1,0,0.5,0,0,-7.45058e-06,0,0.00664059,21,16.3,3,2.86422,1,4.09782e-06,0.358625,0,-1.49012e-05,-0.470817,0,0.00586568,22,16.3,1.3851,2.00168,1,-0.497014,-0.00111498,0,-0.0510514,-0.00391901,0,0.0127382,23,16.3,1.9998,-2.99413,1,0.012359,-0.0500623,0,-0.0413358,0.276491,0,0.0073753,24,16.3,0.00207992,0.215268,1,-0.00278133,-0.444647,0,-0.00538305,0.305559,0,0.0151033,25,16.3,2.81402,-1.00009,1,-0.454905,0.000342913,0,-0.354141,-0.000350177,0,0.00989075,26,16.3,1.8581,2.99709,1,0.380942,0.0074815,0,-0.43387,-0.00743568,0,0.0051921,27,16.3,1.05319,-0.000276148,1,0.5,-0.00157922,0,0,0.000981338,0,0.0147754,28,16.3,2.99735,-0.154383,1,0.0294268,-0.373846,0,-0.213534,-0.340633,0,0.0114281,29,16.3,0.26669,1.00059,1,-0.468301,-0.000718608,0,0.217533,-0.00089407,0,0.011005,30,16.3,2.98739,-3,1,0.0854462,0,0,-0.374973,0,0,0.00594604,31,16.3,0.981645,-3,1,0.169043,-1.15484e-05,0,-0.478353,-1.49012e-05,0,0.011294,32,16.3,-3,0.875287,1,-7.82311e-06,0.354586,0,7.45058e-05,-0.449516,0,0.00861628,33,16.3,2.27178,0.97735,1,0.485034,-0.0651622,0,0.184506,0.0286847,0,0.00988793,34,16.3,-1.00237,-1.46198,1,0.0183938,0.190255,0,-0.0362024,0.0409335,0,0.0165311,35,16.3,-1.99999,-2.00105,1,-7.05943e-05,0.00431389,0,0.000141561,-0.00461936,0,0.0091405
0,16.4,1.82367,-0.999207,1,-0.291032,-0.00266135,0,-0.390649,-0.00298023,0,0.012041,1,16.4,0.999152,-1.99173,1,0.00617504,0.0709176,0,-0.0128746,-0.339687,0,0.00921567,2,16.4,-1.00017,1.00001,1,0.000220537,0.000280142,0,0.000655651,-0.00101328,0,0.0125455,3,16.4,-2.91392,3,1,-0.276226,5.96046e-06,0,0.505686,0.000119209,0,0.00498971,4,16.4,-0.557299,-2.0002,1,-0.19614,0.0139594,0,-0.0682175,-0.0411272,0,0.0105584,5,16.4,-2.99766,-0.142325,1,-0.00532269,0.372216,0,0.00357628,-0.429187,0,0.00826305,6,16.4,-1.8665,3,1,-0.361168,0,0,0.44167,0,0,0.00597412,7,16.4,-1.99996,0.999997,1,0.000160933,-5.96046e-06,0,-0.000715256,5.96046e-05,0,0.00915921,8,16.4,-0.442759,-0.999715,1,0.196219,-0.0139087,0,0.0682771,0.0405908,0,0.0153237,9,16.4,-2,-0.999998,1,0,1.49012e-06,0,0,0,0,0.00901484,10,16.4,1.99598,0.258169,1,-0.0143766,0.49943,0,-0.00607967,0.0113988,0,0.014316,11,16.4,2.99999,-2.00061,1,6.55651e-05,0.00370145,0,-0.000119209,-0.00631809,0,0.00575176,12,16.4,0.999632,1.27689,1,0.00112653,-0.480932,0,0.00116229,0.16731,0,0.00979895,13,16.4,-2.00001,2,1,1.78814e-05,0,0,0.000119209,0,0,0.0116086,14,16.4,-2,5.89008e-05,1,-1.19209e-05,6.97994e-05,0,0.000119209,-0.000673013,0,0.0110047,15,16.4,2.00955,-1.99905,1,0.0596941,-0.0086993,0,-0.311494,0.0212789,0,0.00960138,16,16.4,-0.00169292,2.8907,1,0.0025673,0.321966,0,0.00499032,-0.50652,0,0.00950445,17,16.4,-3,-1.15917,1,0,0.393286,0,0,-0.405371,0,0.00701511,18,16.4,0.000258129,-1.55721,1,-0.0139836,-0.196171,0,0.0409191,-0.0687242,0,0.0180618,19,16.4,0.998482,-0.809529,1,0.00212193,0.262688,0,-0.00718236,0.464857,0,0.0177322,20,16.4,3,1.26327,1,0,0.500003,0,0,-5.96046e-05,0,0.00802519,21,16.4,3,2.89766,1,0,0.309509,0,0,-0.507593,0,0.00503068,22,16.4,1.33531,2.00155,1,-0.496927,-0.00146031,0,0.0532866,-0.00286102,0,0.0123938,23,16.4,2.00083,-2.99788,1,0.00845194,-0.0261128,0,-0.0363588,0.203013,0,0.00722407,24,16.4,0.00178006,0.172474,1,-0.00316615,-0.409874,0,-0.00240654,0.386499,0,0.0133682,25,16.4,2.767,-1.00006,1,-0.48303,0.000301003,0,-0.208497,-0.000476837,0,0.00958236,26,16.4,1.89395,2.99779,1,0.335231,0.00662804,0,-0.477135,-0.00953674,0,0.00638626,27,16.4,1.10319,-0.00042933,1,0.500003,-0.00149379,0,-5.96046e-05,0.000427752,0,0.0154679,28,16.4,2.99935,-0.193294,1,0.0117123,-0.402535,0,-0.142574,-0.229657,0,0.00842735,29,16.4,0.221074,1.00051,1,-0.442765,-0.000786781,0,0.292778,-0.000476837,0,0.0111896,30,16.4,2.99419,-3,1,0.0517607,0,0,-0.297546,0,0,0.00555455,31,16.4,0.996233,-3,1,0.123532,-1.19209e-05,0,-0.429839,0.000119209,0,0.0103063,32,16.4,-3,0.908441,1,-5.96046e-06,0.307985,0,0.000238419,-0.47937,0,0.00914138,33,16.4,2.32099,0.971125,1,0.496984,-0.0580177,0,0.0603199,0.108838,0,0.00954913,34,16.4,-1.00071,-1.44268,1,0.014621,0.196111,0,-0.0388622,0.0681877,0,0.0152365,35,16.4,-2,-2.00064,1,-5.36442e-05,0.00376701,0,0.000119209,-0.00619888,0,0.0104774
0,16.5,1.79284,-0.999482,1,-0.323245,-0.00278447,0,-0.252113,0.000178814,0,0.012041,1,16.5,0.999704,-1.98623,1,0.00487128,0.0401285,0,-0.0130422,-0.276163,0,0.00921567,2,16.5,-1.00015,1.00003,1,0.000269338,0.000184588,0,0.000327826,-0.000886619,0,0.0125455,3,16.5,-2.93901,3,1,-0.225615,1.30385e-05,0,0.502229,4.47035e-05,0,0.00498971,4,16.5,-0.577643,-1.99901,1,-0.214056,0.00998918,0,-0.267368,-0.0381991,0,0.0105584,5,16.5,-2.99817,-0.107315,1,-0.00486746,0.327396,0,0.00542402,-0.464054,0,0.00826305,6,16.5,-1.90036,3,1,-0.315402,0,0,0.470474,0,0,0.00597412,7,16.5,-1.99995,0.999996,1,9.38773e-05,-9.31323e-07,0,-0.000625849,3.72529e-05,0,0.00915921,8,16.5,-0.422407,-1.00091,1,0.214139,-0.00998788,0,0.267383,0.0377446,0,0.0153237,9,16.5,-2,-0.999998,1,0,1.11759e-06,0,0,-7.45058e-06,0,0.00901484,10,16.5,1.99455,0.308147,1,-0.0138991,0.499964,0,0.0144541,0.00142127,0,0.014316,11,16.5,2.99999,-2.00028,1,4.73112e-05,0.00303276,0,-0.000223517,-0.00695884,0,0.00575176,12,16.5,0.999748,1.22982,1,0.00116853,-0.458555,0,-0.000242144,0.277065,0,0.00979895,13,16.5,-2.00001,2,1,2.6077e-05,0,0,2.98023e-05,0,0,0.0116086,14,16.5,-2,6.27625e-05,1,-1.86265e-06,9.89915e-06,0,7.45058e-05,-0.000525227,0,0.0110047,15,16.5,2.01407,-1.99981,1,0.0316527,-0.00660811,0,-0.249609,0.0203624,0,0.00960138,16,16.5,-0.00141651,2.92032,1,0.00291058,0.269996,0,0.00197833,-0.527576,0,0.00950445,17,16.5,-3,-1.12196,1,0,0.350272,0,0,-0.451788,0,0.00701511,18,16.5,-0.000940223,-1.57756,1,-0.0100314,-0.21413,0,0.0380439,-0.267722,0,0.0180618,19,16.5,0.998656,-0.781044,1,0.00133673,0.305733,0,-0.0086017,0.388198,0,0.0177322,20,16.5,3,1.31327,1,0,0.5,0,0,-7.45058e-06,0,0.00802519,21,16.5,3,2.92603,1,0,0.2577,0,0,-0.523359,0,0.00503068,22,16.5,1.28606,2.00139,1,-0.486513,-0.0016991,0,0.155032,-0.00189245,0,0.0123938,23,16.5,2.00151,-2.99959,1,0.00510141,-0.00929646,0,-0.0305772,0.135019,0,0.00722407,24,16.5,0.00145557,0.13352,1,-0.00328439,-0.368294,0,-4.25644e-05,0.442012,0,0.0133682,25,16.5,2.7179,-1.00003,1,-0.496764,0.000251085,0,-0.0751615,-0.000506639,0,0.00958236,26,16.5,1.92504,2.99841,1,0.286194,0.00560731,0,-0.499435,-0.0107288,0,0.00638626,27,16.5,1.15319,-0.00057394,1,0.5,-0.00137419,0,-7.45058e-06,0.00188203,0,0.0154679,28,16.5,2.9999,-0.234682,1,0.000351667,-0.424879,0,-0.0869036,-0.209271,0,0.00842735,29,16.5,0.178407,1.00043,1,-0.409209,-0.000810996,0,0.374435,-2.98023e-05,0,0.0111896,30,16.5,2.99801,-3,1,0.0260025,0,0,-0.217974,0,0,0.00555455,31,16.5,1.00653,-3,1,0.0835075,-2.23517e-06,0,-0.369694,5.96046e-05,0,0.0103063,32,16.5,-3,0.936817,1,1.15484e-05,0.259373,0,0.00013411,-0.489097,0,0.00914138,33,16.5,2.37087,0.965934,1,0.499811,-0.0452114,0,0.00753999,0.144176,0,0.00954913,34,16.5,-0.999444,-1.42234,1,0.0108159,0.214025,0,-0.0371076,0.267357,0,0.0152365,35,16.5,-2.00001,-2.0003,1,-4.13507e-05,0.0031054,0,0.00013411,-0.00691414,0,0.0104774
0,16.6,1.75949,-0.999757,1,-0.341284,-0.00268817,0,-0.10848,0.00146031,0,0.0125145,1,16.6,1.00013,-1.9835,1,0.00359118,0.0156403,0,-0.0123382,-0.2141,0,0.0099327,2,16.6,-1.00012,1.00005,1,0.000289083,0.000101328,0,0,-0.000715256,0,0.0149826,3,16.6,-2.95909,3,1,-0.176567,1.19209e-05,0,0.475168,-0.000119209,0,0.00528467,4,16.6,-0.600559,-1.9982,1,-0.245517,0.00633299,0,-0.343621,-0.0348091,0,0.00970597,5,16.6,-2.99862,-0.0769306,1,-0.00425577,0.280025,0,0.00655651,-0.480307,0,0.00908804,6,16.6,-1.92952,3,1,-0.267693,0,0,0.480771,0,0,0.00609183,7,16.6,-1.99994,0.999996,1,3.57628e-05,2.98023e-06,0,-0.000536442,2.98023e-05,0,0.00832382,8,16.6,-0.399483,-1.00172,1,0.2456,-0.00637174,0,0.343636,0.0343919,0,0.0114644,9,16.6,-2,-0.999998,1,0,0,0,0,0,0,0.00847264,10,16.6,1.99326,0.358147,1,-0.0117093,0.5,0,0.0284314,-1.43051e-05,0,0.0112374,11,16.6,3,-2.00001,1,1.78814e-05,0.00233054,0,-0.000119209,-0.00691414,0,0.00606218,12,16.6,0.999861,1.18551,1,0.00109226,-0.426173,0,-0.0012219,0.367343,0,0.00864851,13,16.6,-2,2,1,2.98023e-05,0,0,0,0,0,0.0093345,14,16.6,-2,6.13684e-05,1,0,-3.53873e-05,0,0.000238419,-0.000381684,0,0.00958373,15,16.6,2.01608,-2.00037,1,0.00969768,-0.00465512,0,-0.190258,0.0184774,0,0.00973285,16,16.6,-0.00111982,2.94468,1,0.00298317,0.217438,0,-0.000427356,-0.518918,0,0.00791382,17,16.6,-3,-1.08924,1,0,0.303555,0,0,-0.479579,0,0.00891303,18,16.6,-0.0017585,-1.60048,1,-0.00638929,-0.245619,0,0.0347356,-0.343859,0,0.0129329,19,16.6,0.998744,-0.74871,1,0.00039041,0.339007,0,-0.0103712,0.271916,0,0.0194206,20,16.6,3,1.36327,1,0,0.500003,0,0,-5.96046e-05,0,0.00548665,21,16.6,3,2.9492,1,0,0.205809,0,0,-0.510216,0,0.00480955,22,16.6,1.23835,2.00122,1,-0.466001,-0.00184178,0,0.254393,-0.000953674,0,0.0130686,23,16.6,2.00187,-2.99995,1,0.00234246,0.00129342,0,-0.0244379,0.0793934,0,0.00738193,24,16.6,0.00113023,0.0989696,1,-0.00319129,-0.322097,0,0.00182257,0.478748,0,0.0122485,25,16.6,2.668,-1.00001,1,-0.5,0.000199676,0,0,-0.000536442,0,0.00950383,26,16.6,1.95115,2.99891,1,0.236121,0.00451803,0,-0.498414,-0.0110865,0,0.00542231,27,16.6,1.20319,-0.000700118,1,0.500003,-0.00113291,0,-5.96046e-05,0.00287039,0,0.0131231,28,16.6,2.99958,-0.278128,1,-0.00609756,-0.442987,0,-0.0439882,-0.146806,0,0.00849609,29,16.6,0.139466,1.00035,1,-0.368641,-0.000792742,0,0.433233,0.000357628,0,0.0111967,30,16.6,2.99965,-3,1,0.00798106,0,0,-0.143886,0,0,0.00626388,31,16.6,1.01314,-3,1,0.0497311,5.96046e-06,0,-0.305414,0,0,0.00956493,32,16.6,-3,0.960319,1,1.78814e-05,0.210859,0,0.000119209,-0.47794,0,0.0087455,33,16.6,2.42087,0.96217,1,0.5,-0.0297621,0,0,0.162125,0,0.00878976,34,16.6,-0.998544,-1.39943,1,0.0072211,0.245485,0,-0.0346303,0.34368,0,0.0122162,35,16.6,-2.00001,-2.00002,1,-2.98023e-05,0.00240207,0,0.000119209,-0.00697374,0,0.00889525
0,16.7,1.72492,-1.00001,1,-0.349132,-0.00243466,0,-0.044927,0.00330061,0,0.0125145,1,16.7,1.00043,-1.9829,1,0.00241827,-0.00276808,0,-0.0110492,-0.155143,0,0.0099327,2,16.7,-1.00009,1.00006,1,0.000279583,3.68804e-05,0,-0.000186265,-0.000581145,0,0.0149826,3,16.7,-2.97444,3,1,-0.131198,2.23517e-06,0,0.429288,-5.96046e-05,0,0.00528467,4,16.7,-0.627048,-1.99772,1,-0.285949,0.00318605,0,-0.444613,-0.0281557,0,0.00970597,5,16.7,-2.99902,-0.0513332,1,-0.00356212,0.231972,0,0.00718236,-0.477406,0,0.00908804,6,16.7,-1.95389,3,1,-0.219883,0,0,0.472277,0,0,0.00609183,7,16.7,-1.99994,0.999997,1,-1.15484e-05,5.40167e-06,0,-0.000402331,1.49012e-05,0,0.00832382,8,16.7,-0.372985,-1.0022,1,0.286031,-0.00326,0,0.44458,0.0278801,0,0.0114644,9,16.7,-2,-0.999998,1,0,-9.31323e-08,0,0,-3.72529e-06,0,0.00847264,10,16.7,1.99224,0.408147,1,-0.00858195,0.5,0,0.0335425,0,0,0.0112374,11,16.7,3,-1.99981,1,6.33299e-06,0.00165831,0,-0.000104308,-0.00647455,0,0.00606218,12,16.7,0.999963,1.14484,1,0.000938866,-0.386046,0,-0.00178441,0.432156,0,0.00864851,13,16.7,-2,2,1,2.79397e-05,0,0,-4.47035e-05,0,0,0.0093345,14,16.7,-2,5.61529e-05,1,1.73226e-05,-6.66808e-05,0,0.00012666,-0.000247189,0,0.00958373,15,16.7,2.0162,-2.00075,1,-0.00649728,-0.0029318,0,-0.134781,0.0159144,0,0.00973285,16,16.7,-0.000826892,2.96387,1,0.00284556,0.167001,0,-0.00222231,-0.485808,0,0.00791382,17,16.7,-3,-1.06131,1,0,0.255027,0,0,-0.487268,0,0.00891303,18,16.7,-0.00223485,-1.62698,1,-0.00324791,-0.286068,0,0.028128,-0.444725,0,0.0129329,19,16.7,0.998503,-0.7134,1,-0.00714669,0.367566,0,-0.126738,0.294976,0,0.0194206,20,16.7,3,1.41327,1,0,0.5,0,0,-7.45058e-06,0,0.00548665,21,16.7,3,2.96728,1,0,0.156411,0,0,-0.473768,0,0.00480955,22,16.7,1.19321,2.00103,1,-0.435131,-0.00188686,0,0.358358,1.49012e-05,0,0.0130686,23,16.7,2.002,-2.9995,1,0.000203401,0.00708885,0,-0.0184178,0.0386089,0,0.00738193,24,16.7,0.000822695,0.0691905,1,-0.00293683,-0.273217,0,0.00317952,0.494881,0,0.0122485,25,16.7,2.61809,-0.999994,1,-0.497073,0.000148267,0,0.0610799,-0.000491738,0,0.00950383,26,16.7,1.9723,2.99931,1,0.187261,0.00343174,0,-0.47569,-0.0105202,0,0.00542231,27,16.7,1.25319,-0.000798107,1,0.5,-0.000818764,0,-7.45058e-06,0.00335676,0,0.0131231,28,16.7,2.9988,-0.323253,1,-0.00900589,-0.460146,0,-0.0156015,-0.184616,0,0.00849609,29,16.7,0.104831,1.00028,1,-0.323513,-0.000743009,0,0.466138,0.000633299,0,0.0111967,30,16.7,2.99984,-3,1,-0.00320785,0,0,-0.0826865,0,0,0.00626388,31,16.7,1.0167,-3,1,0.0225073,5.96046e-06,0,-0.239573,0,0,0.00956493,32,16.7,-2.99999,0.979059,1,2.49594e-05,0.164442,0,4.47035e-05,-0.447806,0,0.0087455,33,16.7,2.47087,0.960012,1,0.5,-0.0133926,0,0,0.16316,0,0.00878976,34,16.7,-0.997985,-1.37294,1,0.00405675,0.285922,0,-0.0286512,0.444666,0,0.0122162,35,16.7,-2.00001,-1.99982,1,-1.78814e-05,0.00172164,0,0.000119209,-0.00656396,0,0.00889525
0,16.8,1.68991,-1.00024,1,-0.349697,-0.0020802,0,0.035584,0.00351667,0,0.0144097,1,16.8,1.00062,-1.98387,1,0.00139177,-0.0156134,0,-0.00935793,-0.102937,0,0.0102157,2,16.8,-1.00006,1.00006,1,0.0002563,-1.19209e-05,0,-0.000357628,-0.000476837,0,0.012132,3,16.8,-2.98551,3,1,-0.0911951,-5.96046e-06,0,0.368834,0,0,0.00485092,4,16.8,-0.657893,-1.99754,1,-0.330812,0.000691414,0,-0.436783,-0.0218153,0,0.0118612,5,16.8,-2.99934,-0.0304946,1,-0.00283122,0.185154,0,0.00715256,-0.456222,0,0.00675587,6,16.8,-1.97355,3,1,-0.173813,0,0,0.446677,0,0,0.00924495,7,16.8,-1.99995,0.999997,1,-4.47035e-05,5.96046e-06,0,-0.000357628,2.98023e-05,0,0.00843845,8,16.8,-0.342133,-1.0024,1,0.330889,-0.000786781,0,0.436693,0.0216365,0,0.0105706,9,16.8,-2,-0.999998,1,0,0,0,0,-2.98023e-05,0,0.00805572,10,16.8,1.99155,0.458147,1,-0.00510514,0.5,0,0.0354648,-1.43051e-05,0,0.0134142,11,16.8,3,-1.99967,1,-5.96046e-06,0.00104904,0,0,-0.00578165,0,0.00628079,12,16.8,1.00005,1.10848,1,0.000742078,-0.340375,0,-0.00196695,0.478029,0,0.0090037,13,16.8,-2,2,1,2.38419e-05,0,0,-5.96046e-05,0,0,0.010296,14,16.8,-2,4.84501e-05,1,2.68221e-05,-8.54441e-05,0,5.96046e-05,-0.000131267,0,0.0109463,15,16.8,2.01496,-2.00097,1,-0.017494,-0.00148416,0,-0.0863075,0.013113,0,0.00914665,16,16.8,-0.000555702,2.97823,1,0.002558,0.12098,0,-0.00343855,-0.431776,0,0.00957136,17,16.8,-3,-1.03823,1,0,0.20678,0,0,-0.474513,0,0.00799327,18,16.8,-0.00242969,-1.65784,1,-0.000754406,-0.330934,0,0.021799,-0.436842,0,0.0109972,19,16.8,0.997056,-0.675161,1,-0.0225097,0.397208,0,-0.169605,0.294179,0,0.0153325,20,16.8,3,1.46327,1,0,0.500003,0,0,-5.96046e-05,0,0.00599381,21,16.8,3,2.98064,1,0,0.111741,0,0,-0.416636,0,0.00429668,22,16.8,1.15162,2.00084,1,-0.395235,-0.00184178,0,0.435114,0.000715256,0,0.0120481,23,16.8,2.00193,-2.99865,1,-0.00135303,0.00939965,0,-0.0128746,0.00941753,0,0.00809506,24,16.8,0.000546546,0.0443417,1,-0.00257173,-0.223859,0,0.00404604,0.488878,0,0.012179,25,16.8,2.56881,-0.999981,1,-0.487363,0.000101328,0,0.134587,-0.000417233,0,0.00987607,26,16.8,1.98871,2.9996,1,0.141528,0.00242591,0,-0.436604,-0.00929832,0,0.00523101,27,16.8,1.30319,-0.000862787,1,0.500003,-0.000471924,0,-5.96046e-05,0.00353224,0,0.0142194,28,16.8,2.99786,-0.370172,1,-0.0094831,-0.4778,0,0.00464916,-0.159144,0,0.00877062,29,16.8,0.0748415,1.0002,1,-0.276033,-0.000670552,0,0.480455,0.000834465,0,0.0104584,30,16.8,2.99918,-3,1,-0.00908375,0,0,-0.0371933,0,0,0.00634037,31,16.8,1.01786,-3,1,0.00168681,0,0,-0.177622,0.000119209,0,0.0072867,32,16.8,-2.99999,0.993332,1,2.38419e-05,0.121748,0,0,-0.404149,0,0.00802018,33,16.8,2.52087,0.959475,1,0.5,0.00249147,0,0,0.152826,0,0.00758825,34,16.8,-0.997713,-1.3421,1,0.00148863,0.330788,0,-0.022769,0.436842,0,0.0103894,35,16.8,-2.00001,-1.99968,1,-1.19209e-05,0.00109971,0,0.000238419,-0.00584126,0,0.00970084
0,16.9,1.65468,-1.00043,1,-0.358677,-0.00171866,0,-0.195242,0.00355393,0,0.0144097,1,16.9,1.00019,-1.98586,1,-0.0144347,-0.0235997,0,-0.279587,-0.0582486,0,0.0102157,2,16.9,-1.00004,1.00005,1,0.000217371,-5.15953e-05,0,-0.000409782,-0.000320375,0,0.012132,3,16.9,-2.9929,3,1,-0.0577345,-5.58794e-06,0,0.299305,1.49012e-05,0,0.00485092,4,16.9,-0.692788,-1.99927,1,-0.363547,-0.0485752,0,-0.224382,-0.824481,0,0.0118612,5,16.9,-2.99958,-0.0142031,1,-0.00213124,0.141301,0,0.00678003,-0.418749,0,0.00675587,6,16.9,-1.98876,3,1,-0.13109,0,0,0.405937,0,0,0.00924495,7,16.9,-1.99995,0.999998,1,-7.28294e-05,8.00937e-06,0,-0.000216067,7.45058e-06,0,0.00843845,8,16.9,-0.3075,-1.00238,1,0.355773,0.00108276,0,0.0767522,0.0158176,0,0.0105706,9,16.9,-2,-0.999998,1,0,-2.51457e-06,0,0,-1.86265e-05,0,0.00805572,10,16.9,1.99122,0.508147,1,-0.00159573,0.5,0,0.0343397,5.66244e-06,0,0.0134142,11,16.9,3,-2.00012,1,-5.96046e-06,-0.0144623,0,0,-0.276849,0,0.00628079,12,16.9,1.00011,1.07689,1,0.000540726,-0.291133,0,-0.00201911,0.502549,0,0.0090037,13,16.9,-2,2,1,1.76951e-05,0,0,-6.70552e-05,0,0,0.010296,14,16.9,-2,3.94185e-05,1,2.94298e-05,-9.35907e-05,0,0,-3.55016e-05,0,0.0109463,15,16.9,2.01232,-2.00106,1,-0.0390567,-0.0003241,0,-0.318676,0.010103,0,0.00914665,16,16.9,-0.000318416,2.98828,1,0.00217647,0.081129,0,-0.00411465,-0.363275,0,0.00957136,17,16.9,-3,-1.01988,1,0,0.160769,0,0,-0.44319,0,0.00799327,18,16.9,-0.0024061,-1.69248,1,0.00112808,-0.355828,0,0.0159175,-0.0768155,0,0.0109972,19,16.9,0.994135,-0.633887,1,-0.034228,0.428702,0,-0.0692979,0.320334,0,0.0153325,20,16.9,3,1.51327,1,0,0.5,0,0,-7.45058e-06,0,0.00599381,21,16.9,3,2.98984,1,0,0.0735361,0,0,-0.345781,0,0.00429668,22,16.9,1.11436,2.00066,1,-0.349216,-0.0017371,0,0.481486,0.00135601,0,0.0120481,23,16.9,2.00174,-2.99717,1,-0.0023853,0.0243127,0,-0.00791252,0.262648,0,0.00809506,24,16.9,0.000310449,0.0243634,1,-0.00214339,-0.17615,0,0.00445543,0.462448,0,0.012179,25,16.9,2.52071,-0.999973,1,-0.474713,6.23055e-05,0,0.126675,-0.000361353,0,0.00987607,26,16.9,2.00076,2.9998,1,0.10043,0.00156797,0,-0.383981,-0.00779331,0,0.00523101,27,16.9,1.35319,-0.000892777,1,0.5,-0.000132898,0,-7.45058e-06,0.00323137,0,0.0142194,28,16.9,2.99695,-0.418652,1,-0.00853129,-0.4908,0,0.0138134,-0.0996366,0,0.00877062,29,16.9,0.0496409,1.00014,1,-0.228059,-0.000580586,0,0.475743,0.000946224,0,0.0104584,30,16.9,2.99762,-3,1,-0.0261314,0,0,-0.278145,0,0,0.00634037,31,16.9,1.01724,-3,1,-0.0131778,9.68575e-06,0,-0.121012,5.96046e-05,0,0.0072867,32,16.9,-2.99999,1.00357,1,2.19792e-05,0.0840077,0,-4.47035e-05,-0.349715,0,0.00802018,33,16.9,2.57087,0.960444,1,0.499899,0.0164406,0,-0.00403821,0.125892,0,0.00758825,34,16.9,-0.997667,-1.30653,1,-0.000449643,0.382546,0,-0.0161827,0.557125,0,0.0103894,35,16.9,-1.99953,-1.99959,1,0.0138711,0.000562705,0,0.251919,-0.00488013,0,0.00970084
0,17,1.61759,-1.00059,1,-0.385088,-0.00139475,0,-0.316262,0.00274181,0,0.0119011,1,17,0.997088,-1.98845,1,-0.0496149,-0.0275522,0,-0.40254,-0.0221133,0,0.010842,2,17,-1.00002,1.00005,1,0.000178814,-7.7486e-05,0,-0.000536442,-0.000119209,0,0.012382,3,17,-2.9973,3,1,-0.0314474,-5.96046e-06,0,0.226259,0,0,0.0054077,4,17,-0.729958,-2.00872,1,-0.376932,-0.143301,0,-0.049293,-0.999928,0,0.0103872,5,17,-2.99976,-0.00209031,1,-0.00148416,0.101756,0,0.00584126,-0.3707,0,0.00755018,6,17,-1.99992,3,1,-0.0929356,0,0,0.355959,0,0,0.00473276,7,17,-1.99996,0.999999,1,-8.64267e-05,8.9407e-06,0,-0.000119209,-2.98023e-05,0,0.00792844,8,17,-0.272024,-1.0022,1,0.349252,0.00239313,0,-0.192821,0.0104904,0,0.00974982,9,17,-2,-0.999998,1,0,-2.98023e-06,0,0,-2.98023e-05,0,0.00801747,10,17,1.99122,0.558147,1,0.00169873,0.5,0,0.0311732,2.98023e-05,0,0.011697,11,17,3,-2.00321,1,0,-0.0494123,0,-0.000119209,-0.400543,0,0.0058668,12,17,1.00016,1.0503,1,0.000342727,-0.240663,0,-0.00190735,0.503242,0,0.00877252,13,17,-1.99999,2,1,1.19209e-05,0,0,-5.96046e-05,0,0,0.0108133,14,17,-1.99999,3.00135e-05,1,2.68221e-05,-9.32836e-05,0,-5.96046e-05,3.80905e-05,0,0.0107334,15,17,2.00662,-2.00104,1,-0.0765741,0.000542402,0,-0.411451,0.00727177,0,0.011933,16,17,-0.000121925,2.9947,1,0.00174915,0.0486016,0,-0.00436818,-0.28646,0,0.00871503,17,17,-3,-1.00595,1,0,0.118575,0,0,-0.398815,0,0.00783325,18,17,-0.00222295,-1.72796,1,0.00244482,-0.34931,0,0.0105079,0.192821,0,0.0150797,19,17,0.9905,-0.589472,1,-0.0372276,0.458772,0,0.00527501,0.27138,0,0.0122001,20,17,3,1.56327,1,0,0.500003,0,0,-5.96046e-05,0,0.00453134,21,17,3,2.99559,1,0,0.042814,0,0,-0.268221,0,0.00444122,22,17,1.0819,2.0005,1,-0.299677,-0.00157356,0,0.505686,0.00178814,0,0.0127693,23,17,2.00147,-2.99319,1,-0.00296235,0.0572741,0,-0.0038147,0.376105,0,0.00825347,24,17,0.000118612,0.00899704,1,-0.00169247,-0.131868,0,0.00451011,0.421055,0,0.0122514,25,17,2.47392,-0.999969,1,-0.460601,2.83122e-05,0,0.161648,-0.000298023,0,0.00934275,26,17,2.00898,2.99992,1,0.0649393,0.000876188,0,-0.324965,-0.00607967,0,0.00705032,27,17,1.40319,-0.000890529,1,0.500003,0.000171336,0,-5.96046e-05,0.00284007,0,0.0136306,28,17,2.99618,-0.468129,1,-0.00683069,-0.497788,0,0.0196695,-0.0419766,0,0.0088375,29,17,0.0291829,1.00009,1,-0.181481,-0.000482798,0,0.453116,0.00101328,0,0.0114494,30,17,2.9934,-3,1,-0.060159,0,0,-0.382423,0,0,0.00851562,31,17,1.0154,-3,1,-0.0227839,1.19209e-05,0,-0.0724792,0,0,0.00779191,32,17,-2.99999,1.01032,1,1.19209e-05,0.0519454,0,0,-0.291169,0,0.0100736,33,17,2.6208,0.962671,1,0.498384,0.0276327,0,-0.0323057,0.097841,0,0.00784745,34,17,-0.997783,-1.26556,1,-0.00178516,0.435576,0,-0.0106692,0.478327,0,0.0113378,35,17,-1.99664,-1.99956,1,0.045827,0.00012219,0,0.367343,-0.00375509,0,0.0112576
0,17.1,1.57747,-1.00071,1,-0.41763,-0.00108276,0,-0.32445,0.00343472,0,0.0119011,1,17.1,0.989877,-1.99127,1,-0.0964807,-0.0283116,0,-0.515603,0.00540167,0,0.010842,2,17.1,-0.999482,1.00004,1,0.0151068,-8.51229e-05,0,0.271536,-3.72529e-05,0,0.012382,3,17.1,-2.99943,3,1,-0.0123858,-5.58794e-06,0,0.155777,1.49012e-05,0,0.0054077,4,17.1,-0.767796,-2.02805,1,-0.378935,-0.243095,0,0.00464544,-0.991821,0,0.0103872,5,17.1,-2.99988,0.00579555,1,-0.000943616,0.0523265,0,0.00490248,-0.589412,0,0.00755018,6,17.1,-2.00753,3,1,-0.0601646,0,0,0.299111,0,0,0.00473276,7,17.1,-1.99997,1,1,-9.2946e-05,6.14673e-06,0,-7.45058e-06,-2.23517e-05,0,0.00792844,8,17.1,-0.238858,-1.00192,1,0.307077,0.00289977,0,-0.613208,2.98023e-05,0,0.00974982,9,17.1,-2,-1.00055,1,-1.11759e-06,-0.0157166,0,-7.45058e-05,-0.28535,0,0.00801747,10,17.1,1.99154,0.6081,1,0.0045063,0.498495,0,0.0249669,-0.0343397,0,0.011697,11,17.1,3,-2.0104,1,-9.68575e-06,-0.0962216,0,-5.96046e-05,-0.516251,0,0.0058668,12,17.1,1.00018,1.02872,1,0.000164099,-0.191261,0,-0.00164658,0.481613,0,0.00877252,13,17.1,-1.99999,2,1,6.14673e-06,0,0,-5.21541e-05,0,0,0.0108133,14,17.1,-2.00051,2.09706e-05,1,-0.0149569,-8.66769e-05,0,-0.272043,9.19432e-05,0,0.0107334,15,17.1,1.9965,-2.00096,1,-0.128957,0.00113025,0,-0.608779,0.00458956,0,0.011933,16,17.1,3.12307e-05,2.99826,1,0.00131591,0.0238784,0,-0.00425186,-0.208259,0,0.00871503,17,17.1,-3,-0.997247,1,0,0.0467552,0,0,-0.924855,0,0.00783325,18,17.1,-0.00193403,-1.76129,1,0.00325781,-0.31177,0,0.0059622,0.529364,0,0.0150797,19,17.1,0.986895,-0.542382,1,-0.0340555,0.481486,0,0.0548214,0.179889,0,0.0122001,20,17.1,3,1.61321,1,0,0.498169,0,0,-0.0403598,0,0.00453134,21,17.1,2.99948,2.99867,1,-0.014979,0.0199098,0,-0.271991,-0.19072,0,0.00444122,22,17.1,1.05447,2.00035,1,-0.248832,-0.00137761,0,0.50737,0.00211596,0,0.0127693,23,17.1,2.00116,-2.98534,1,-0.00316091,0.10149,0,-0.000223517,0.489414,0,0.00825347,24,17.1,-2.84145e-05,-0.00217086,1,-0.0012523,-0.0923842,0,0.00425705,0.367463,0,0.0122514,25,17.1,2.42843,-0.999967,1,-0.451193,2.32831e-06,0,0.0397116,-0.000227243,0,0.00934275,26,17.1,2.01397,2.99878,1,0.0360146,-0.0341788,0,-0.254899,-0.635505,0,0.00705032,27,17.1,1.45319,-0.00085997,1,0.5,0.00043188,0,-7.45058e-06,0.00236241,0,0.0136306,28,17.1,2.9956,-0.51804,1,-0.00470541,-0.499834,0,0.0223964,-0.0060983,0,0.0088375,29,17.1,0.0132247,1.00127,1,-0.138462,0.0348769,0,0.406352,0.644237,0,0.0114494,30,17.1,2.98524,-3,1,-0.104669,0,0,-0.489324,0,0,0.00851562,31,17.1,1.01283,-3,1,-0.0279544,1.04308e-05,0,-0.0324771,-2.98023e-05,0,0.00779191,32,17.1,-2.99999,1.01416,1,1.00583e-05,0.0258753,0,-4.47035e-05,-0.230633,0,0.0100736,33,17.1,2.67039,0.965877,1,0.492332,0.0360121,0,-0.0933409,0.0697561,0,0.00784745,34,17.1,-0.998007,-1.21987,1,-0.00263527,0.475153,0,-0.0064671,0.299856,0,0.0113378,35,17.1,-1.98979,-1.99952,1,0.0948086,0.00103433,0,0.589058,0.0203475,0,0.0112576
0,17.2,1.53413,-1.0008,1,-0.448284,-0.000721216,0,-0.28187,0.00375509,0,0.011063,1,17.2,0.977596,-1.99404,1,-0.149304,-0.0267565,0,-0.525713,0.0243187,0,0.012085,2,17.2,-0.996351,1.00003,1,0.0495762,-8.64267e-05,0,0.396371,5.96046e-05,0,0.0166542,3,17.2,-3,3,1,0,-5.96046e-06,0,0.0940561,0,0,0.00713933,4,17.2,-0.805609,-2.05725,1,-0.376834,-0.340039,0,0.0335872,-0.93472,0,0.0155799,5,17.2,-2.99996,0.00791332,1,-0.0005126,-0.0110848,0,0.0038147,-0.65689,0,0.00839906,6,17.2,-2.01215,3,1,-0.0331521,0,0,0.24128,0,0,0.0052323,7,17.2,-1.99998,1,1,-9.23872e-05,2.98023e-06,0,0.000119209,0,0,0.0083584,8,17.2,-0.211655,-1.00165,1,0.23336,0.00247359,0,-0.831082,-0.00810623,0,0.0155022,9,17.2,-2,-1.00382,1,-2.38419e-05,-0.0519216,0,-0.000476837,-0.416279,0,0.0100863,10,17.2,1.99211,0.657692,1,0.00669062,0.492409,0,0.0187755,-0.0904202,0,0.00983034,11,17.2,3,-2.02266,1,-1.19209e-05,-0.14919,0,0,-0.527978,0,0.00521552,12,17.2,1.00019,1.01194,1,1.19209e-05,-0.144905,0,-0.0013113,0.443041,0,0.00912616,13,17.2,-1.99999,2,1,0,0,0,0,0,0,0.0105535,14,17.2,-2.00363,1.2837e-05,1,-0.0494719,-7.53025e-05,0,-0.396729,0.000133569,0,0.0103556,15,17.2,1.98043,-2.00082,1,-0.193399,0.00147223,0,-0.658333,0.00226498,0,0.0130244,16,17.2,0.000142063,2.99973,1,0.000906589,0.00677109,0,-0.00390138,-0.135422,0,0.00966131,17,17.2,-3,-0.997422,1,0,-0.0513658,0,0,-1.00002,0,0.00932985,18,17.2,-0.00158449,-1.78946,1,0.00367712,-0.248626,0,0.00261224,0.710309,0,0.0187918,19,17.2,0.983822,-0.493496,1,-0.0268877,0.494646,0,0.0856817,0.0852644,0,0.0100674,20,17.2,3,1.66274,1,0,0.491288,0,0,-0.0998378,0,0.00814257,21,17.2,2.99636,2.99982,1,-0.0494897,0.00440478,0,-0.396848,-0.121355,0,0.00415368,22,17.2,1.0321,2.00022,1,-0.198907,-0.00115037,0,0.488043,0.00214577,0,0.0126704,23,17.2,2.00085,-2.97269,1,-0.00302196,0.151789,0,0.00274181,0.501513,0,0.0102637,24,17.2,-0.000133027,-0.00966854,1,-0.0008473,-0.0585515,0,0.00381673,0.308589,0,0.0128208,25,17.2,2.3834,-0.999968,1,-0.450265,-1.63913e-05,0,-0.010252,-0.000208616,0,0.0086454,26,17.2,2.01641,2.99155,1,0.0136912,-0.115383,0,-0.193,-0.939488,0,0.00769885,27,17.2,1.50319,-0.00080582,1,0.500003,0.000642493,0,-5.96046e-05,0.00184501,0,0.0122275,28,17.2,2.99524,-0.568036,1,-0.00242591,-0.5,0,0.0228882,-2.98023e-05,0,0.0088108,29,17.2,0.00132618,1.00862,1,-0.100367,0.117087,0,0.354922,0.949144,0,0.012329,30,17.2,2.97228,-3,1,-0.154722,0,0,-0.497103,0,0,0.0109072,31,17.2,1.00993,-2.99999,1,-0.0295758,5.96046e-06,0,-0.00143051,0,0,0.00785559,32,17.2,-2.99999,1.0157,1,5.96046e-06,0.00571012,0,-0.000119209,-0.173211,0,0.010146,33,17.2,2.71902,0.969781,1,0.478983,0.0416026,0,-0.176668,0.0422597,0,0.00742535,34,17.2,-0.998297,-1.1712,1,-0.00310391,0.494903,0,-0.00306964,0.101924,0,0.0132768,35,17.2,-1.97716,-1.99929,1,0.159383,0.00387728,0,0.683069,0.0351071,0,0.0118347
0,17.3,1.48801,-1.00085,1,-0.47292,-0.000344776,0,-0.207722,0.00373274,0,0.011063,1,17.3,0.960019,-1.99657,1,-0.202085,-0.0237117,0,-0.516999,0.0354722,0,0.012085,2,17.3,-0.988912,1.00002,1,0.103404,-0.000237301,0,0.648845,-0.00315905,0,0.0166542,3,17.3,-2.99961,3,1,0.00697672,-5.58794e-06,0,0.0477731,1.49012e-05,0,0.00713933,4,17.3,-0.84312,-2.0956,1,-0.373441,-0.422969,0,0.0304878,-0.695318,0,0.0155799,5,17.3,-2.99999,0.00291323,1,-0.000197068,-0.0936239,0,0.0025481,-0.942084,0,0.00839906,6,17.3,-2.01435,3,1,-0.0119098,0,0,0.184268,0,0,0.0052323,7,17.3,-1.99999,1,1,-7.93487e-05,2.98023e-06,0,0.000149012,0,0,0.0083584,8,17.3,-0.192801,-1.0015,1,0.141278,0.000127591,0,-0.978884,-0.0367388,0,0.0155022,9,17.3,-2.00001,-1.01146,1,-8.12113e-05,-0.103974,0,-0.000923872,-0.599161,0,0.0100863,10,17.3,1.99286,0.706372,1,0.0082653,0.480054,0,0.0127405,-0.158824,0,0.00983034,11,17.3,3,-2.04024,1,-1.15484e-05,-0.202407,0,1.49012e-05,-0.523016,0,0.00521552,12,17.3,1.00019,0.999584,1,-0.000102632,-0.103156,0,-0.000990927,0.390518,0,0.00912616,13,17.3,-1.99999,2,1,-7.45058e-07,0,0,-1.49012e-05,0,0,0.0105535,14,17.3,-2.01081,6.21712e-06,1,-0.0959773,-5.25484e-05,0,-0.513956,0.000403983,0,0.0103556,15,17.3,1.95775,-2.00067,1,-0.260208,0.00160895,0,-0.664212,0.000551343,0,0.0130244,16,17.3,0.000214069,2.99983,1,0.000542497,-0.00371411,0,-0.00336454,-0.0769794,0,0.00966131,17,17.3,-3,-1.00756,1,0,-0.151367,0,0,-1.00001,0,0.00932985,18,17.3,-0.00120955,-1.81042,1,0.00377259,-0.167566,0,-0.000347794,0.882901,0,0.0187918,19,17.3,0.98158,-0.443739,1,-0.0178236,0.499393,0,0.0940524,0.018835,0,0.0100674,20,17.3,3,1.7116,1,0,0.487941,0,0,0.0180826,0,0.00814257,21,17.3,2.98892,2.99975,1,-0.103404,-0.0049118,0,-0.649899,-0.0674576,0,0.00415368,22,17.3,1.01459,2.00012,1,-0.151892,-0.000931695,0,0.449859,0.00219047,0,0.0126704,23,17.3,2.00057,-2.95492,1,-0.00263974,0.203924,0,0.00497699,0.525817,0,0.0102637,24,17.3,-0.000199621,-0.0140843,1,-0.000494351,-0.0307935,0,0.00323152,0.246852,0,0.0128208,25,17.3,2.33831,-0.999971,1,-0.451314,-3.33413e-05,0,-0.00217557,-0.00013411,0,0.0086454,26,17.3,2.01691,2.9752,1,-0.00266358,-0.212547,0,-0.135809,-0.992432,0,0.00769885,27,17.3,1.55319,-0.000733423,1,0.499994,0.000794953,0,-0.000230968,0.00121581,0,0.0122275,28,17.3,2.99511,-0.617968,1,-0.0002563,-0.497874,0,0.0203848,0.0458695,0,0.0088108,29,17.3,-0.00704544,1.02517,1,-0.0681326,0.214704,0,0.290915,0.993647,0,0.012329,30,17.3,2.9543,-3,1,-0.204759,0,0,-0.490904,0,0,0.0109072,31,17.3,1.007,-2.99999,1,-0.0285281,5.58794e-06,0,0.0210479,-1.49012e-05,0,0.00785559,32,17.3,-2.99999,1.01549,1,-4.09782e-06,-0.00891276,0,-7.45058e-05,-0.120431,0,0.010146,33,17.3,2.76584,0.974103,1,0.45547,0.0443821,0,-0.290245,0.0141449,0,0.00742535,34,17.3,-0.998619,-1.1214,1,-0.00327639,0.499681,0,-0.000484288,0.0127405,0,0.0132768,35,17.3,-1.95772,-1.99854,1,0.230057,0.0127012,0,0.717796,0.132687,0,0.0118347
0,17.4,1.43982,-1.00087,1,-0.489497,1.49012e-05,0,-0.12368,0.00351667,0,0.0108126,1,17.4,0.937328,-1.99875,1,-0.250445,-0.0198632,0,-0.440538,0.0405908,0,0.012427,2,17.4,-0.975125,0.999971,1,0.173701,-0.000731647,0,0.732005,-0.00673532,0,0.0156458,3,17.4,-2.99874,3,1,0.00998378,-5.96046e-06,0,0.0144243,0.000119209,0,0.00657957,4,17.4,-0.880342,-2.14083,1,-0.371394,-0.475943,0,0.00762939,-0.360966,0,0.0125494,5,17.4,-3,-0.0113183,1,5.96046e-06,-0.191926,0,0.00154972,-1,0,0.00909871,6,17.4,-2.01471,3,1,0.00386834,0,0,0.131965,0,0,0.00611092,7,17.4,-1.99999,1,1,-6.55651e-05,0,0,0.000178814,5.96046e-05,0,0.0083781,8,17.4,-0.183631,-1.0017,1,0.041806,-0.00447631,0,-0.999987,-0.0535846,0,0.0153485,9,17.4,-2.00002,-1.02498,1,-0.000244379,-0.167155,0,-0.0026226,-0.644088,0,0.0133162,10,17.4,1.99374,0.753457,1,0.00924766,0.460336,0,0.00697374,-0.236511,0,0.00906084,11,17.4,2.99999,-2.063,1,-5.96046e-06,-0.251454,0,0,-0.447989,0,0.0071828,12,17.4,1.00017,0.991125,1,-0.000184774,-0.0670254,0,-0.000655651,0.331253,0,0.00951065,13,17.4,-1.99999,2,1,-2.98023e-06,0,0,0,0,0,0.0111069,14,17.4,-2.02304,3.99037e-06,1,-0.148785,1.96252e-05,0,-0.526905,0.00109833,0,0.0114227,15,17.4,1.9285,-2.00051,1,-0.323796,0.0015974,0,-0.596762,-0.000715256,0,0.0130646,16,17.4,0.000252491,2.99916,1,0.000236122,-0.00913143,0,-0.00275444,-0.033617,0,0.00980823,17,17.4,-3,-1.02769,1,0,-0.251368,0,0,-0.999987,0,0.00719465,18,17.4,-0.00083648,-1.82266,1,0.00367147,-0.0769854,0,-0.00139053,0.907242,0,0.0178441,19,17.4,0.980271,-0.393754,1,-0.00836253,0.5,0,0.0939369,-1.43051e-05,0,0.00973679,20,17.4,3,1.76058,1,0,0.492218,0,0,0.0553727,0,0.00552567,21,17.4,2.97513,2.999,1,-0.173789,-0.0095427,0,-0.732541,-0.0274181,0,0.00532551,22,17.4,1.00157,2.00004,1,-0.109342,-0.000715256,0,0.39947,0.00214577,0,0.0131483,23,17.4,2.00033,-2.93197,1,-0.00202656,0.25425,0,0.00751019,0.46885,0,0.00928907,24,17.4,-0.000233938,-0.0160294,1,-0.000202507,-0.00909492,0,0.00260094,0.187701,0,0.0132045,25,17.4,2.29324,-0.999975,1,-0.449234,-4.32134e-05,0,0.0498295,-8.9407e-05,0,0.00961209,26,17.4,2.01605,2.94896,1,-0.0137985,-0.312352,0,-0.0883341,-1.00017,0,0.00928632,27,17.4,1.60319,-0.000648809,1,0.499907,0.00088801,0,-0.00178814,0.000657252,0,0.0111074,28,17.4,2.99518,-0.667428,1,0.00162721,-0.490265,0,0.0171661,0.108629,0,0.0105966,29,17.4,-0.0125023,1.05163,1,-0.0419575,0.314546,0,0.233693,0.999987,0,0.0125972,30,17.4,2.93147,-3,1,-0.250673,0,0,-0.417948,0,0,0.00751086,31,17.4,1.00428,-2.99999,1,-0.0256181,5.96046e-06,0,0.0360012,-0.000119209,0,0.0096182,32,17.4,-2.99999,1.01408,1,-1.19209e-05,-0.0186145,0,-0.000119209,-0.0748038,0,0.011917,33,17.4,2.80977,0.978571,1,0.421619,0.0445902,0,-0.383377,-0.00914931,0,0.0060056,34,17.4,-0.998945,-1.0714,1,-0.00322014,0.500003,0,0.00151992,-5.96046e-05,0,0.0154363,35,17.4,-1.93115,-1.99651,1,0.300679,0.0288069,0,0.684619,0.182092,0,0.0119339
0,17.5,1.39038,-1.00085,1,-0.497825,0.000334345,0,-0.0406653,0.00286847,0,0.0108126,1,17.5,0.910195,-2.00053,1,-0.290889,-0.0157529,0,-0.361275,0.0409558,0,0.012427,2,17.5,-0.95391,0.99981,1,0.251824,-0.00296822,0,0.80603,-0.0356846,0,0.0156458,3,17.5,-2.99771,3,1,0.0102568,3.72529e-06,0,-0.00740588,5.96046e-05,0,0.00657957,4,17.5,-0.918034,-2.1897,1,-0.38732,-0.496994,0,-0.286322,-0.0901818,0,0.0125494,5,17.5,-2.99999,-0.0354987,1,0.000124425,-0.291319,0,0.000834465,-0.975729,0,0.00909871,6,17.5,-2.01375,3,1,0.0146884,0,0,0.0856966,0,0,0.00611092,7,17.5,-2,1,1,-4.84288e-05,4.84288e-06,0,0.000178814,2.98023e-05,0,0.0083781,8,17.5,-0.184338,-1.00252,1,-0.0546671,-0.012964,0,-0.923799,-0.109494,0,0.0153485,9,17.5,-2.0001,-1.04501,1,-0.00163615,-0.233898,0,-0.023663,-0.676289,0,0.0133162,10,17.5,1.99424,0.798142,1,-0.00339225,0.431797,0,-0.23827,-0.33069,0,0.00906084,11,17.5,2.99999,-2.09026,1,-5.58794e-06,-0.29251,0,1.49012e-05,-0.366047,0,0.0071828,12,17.5,1.00015,0.985484,1,-0.000235997,-0.0510611,0,-0.000365078,0.0138953,0,0.00951065,13,17.5,-1.99999,2,1,-3.1665e-06,0,0,-7.45058e-06,0,0,0.0111069,14,17.5,-2.04068,1.24028e-05,1,-0.205107,0.000164131,0,-0.584781,0.00202202,0,0.0114227,15,17.5,1.8932,-2.00035,1,-0.381131,0.00148192,0,-0.540204,-0.00151992,0,0.0130646,16,17.5,0.000263423,2.99813,1,-6.64122e-06,-0.0109244,0,-0.0021048,-0.00409782,0,0.00980823,17,17.5,-3,-1.05776,1,0,-0.348586,0,0,-0.916205,0,0.00719465,18,17.5,-0.000473129,-1.8258,1,0.00363051,0.014073,0,0.000700515,0.898227,0,0.0178441,19,17.5,0.980255,-0.343905,1,0.0111625,0.495473,0,0.280663,-0.0904462,0,0.00973679,20,17.5,3,1.81005,1,0,0.497029,0,0,0.0376105,0,0.00552567,21,17.5,2.95398,2.99797,1,-0.249863,-0.0103816,0,-0.772536,0.00813603,0,0.00532551,22,17.5,0.992538,1.99997,1,-0.0723497,-0.000509992,0,0.339705,0.00195205,0,0.0131483,23,17.5,2.00017,-2.90419,1,-0.00123903,0.300995,0,0.00840425,0.452846,0,0.00928907,24,17.5,-0.000242278,-0.016095,1,2.49282e-05,0.00686449,0,0.00195425,0.132634,0,0.0132045,25,17.5,2.24874,-0.999979,1,-0.438936,-4.88944e-05,0,0.154987,-3.35276e-05,0,0.00961209,26,17.5,2.01429,2.91304,1,-0.0207141,-0.402324,0,-0.05126,-0.773877,0,0.00928632,27,17.5,1.65318,-0.000557692,1,0.499948,0.000925168,0,0.00113994,0.000106806,0,0.0111074,28,17.5,2.99543,-0.715797,1,0.00316612,-0.475942,0,0.0135452,0.179376,0,0.0105966,29,17.5,-0.0156207,1.08776,1,-0.0212914,0.404148,0,0.18087,0.767432,0,0.0125972,30,17.5,2.90441,-3,1,-0.289246,0,0,-0.346124,0,0,0.00751086,31,17.5,1.00192,-2.99999,1,-0.0215677,-3.72529e-06,0,0.044059,-5.96046e-05,0,0.0096182,32,17.5,-2.99999,1.01191,1,-2.16067e-05,-0.0241272,0,-5.96046e-05,-0.0368506,0,0.011917,33,17.5,2.84989,0.982953,1,0.379512,0.0427419,0,-0.454932,-0.0270978,0,0.0060056,34,17.5,-0.999626,-1.0214,1,-0.0137749,0.5,0,-0.200998,0,0,0.0154363,35,17.5,-1.89754,-1.99271,1,0.37167,0.0470804,0,0.697821,0.177987,0,0.0119339
0,17.6,1.34055,-1.00081,1,-0.497288,0.000587106,0,0.0527501,0.00226498,0,0.0102254,1,17.6,0.879479,-2.00191,1,-0.321518,-0.0117898,0,-0.246495,0.0377893,0,0.0134048,2,17.6,-0.924741,0.999303,1,0.330675,-0.00743717,0,0.753105,-0.0516474,0,0.0150261,3,17.6,-2.99674,3,1,0.00878572,5.96046e-06,0,-0.0207424,0.000119209,0,0.00607934,4,17.6,-0.958417,-2.23962,1,-0.421798,-0.5,0,-0.374496,0,0,0.0106954,5,17.6,-2.99998,-0.0693151,1,0.000184774,-0.382217,0,0.000238419,-0.805833,0,0.00784761,6,17.6,-2.01192,3,1,0.021261,0,0,0.0468493,0,0,0.00402012,7,17.6,-2,1,1,-2.98023e-05,5.96046e-06,0,0,0,0,0.00957304,8,17.6,-0.194258,-1.00441,1,-0.141951,-0.0251621,0,-0.817508,-0.128806,0,0.0194322,9,17.6,-2.0004,-1.07173,1,-0.00467896,-0.299811,0,-0.0357628,-0.630379,0,0.0129344,10,17.6,1.99245,0.839538,1,-0.0344872,0.394908,0,-0.365973,-0.403553,0,0.0123914,11,17.6,2.99999,-2.12116,1,-5.96046e-06,-0.323474,0,0.000119209,-0.248432,0,0.00788209,12,17.6,1.00012,0.980099,1,-0.00026226,-0.0596046,0,-0.000119209,-0.164211,0,0.0119694,13,17.6,-1.99999,2,1,-2.98023e-06,0,0,-5.96046e-05,0,0,0.0103308,14,17.6,-2.06411,4.20184e-05,1,-0.263071,0.000463343,0,-0.562549,0.00412513,0,0.0114359,15,17.6,1.85255,-2.00021,1,-0.430125,0.00129342,0,-0.432372,-0.00190735,0,0.0125627,16,17.6,0.000253279,2.99705,1,-0.000185975,-0.0102937,0,-0.00148922,0.0151396,0,0.0093435,17,17.6,-3,-1.09685,1,0,-0.42882,0,0,-0.658751,0,0.00610114,18,17.6,-0.000102284,-1.82003,1,0.00383112,0.0998974,0,0.00337801,0.806391,0,0.0151101,19,17.6,0.982973,-0.294959,1,0.0448406,0.48198,0,0.379533,-0.178814,0,0.0114766,20,17.6,3,1.8599,1,0,0.499448,0,0,0.0110269,0,0.00499587,21,17.6,2.92518,2.99702,1,-0.325352,-0.00838041,0,-0.724077,0.0299215,0,0.00615982,22,17.6,0.986898,1.99993,1,-0.0414863,-0.000330806,0,0.27743,0.00178814,0,0.0131833,23,17.6,2.00009,-2.87194,1,-0.000321865,0.342518,0,0.0100136,0.367999,0,0.0101522,24,17.6,-0.000231036,-0.0148284,1,0.000189909,0.0176675,0,0.00135454,0.0846372,0,0.0140127,25,17.6,2.20579,-0.999984,1,-0.418526,-4.91738e-05,0,0.251651,0,0,0.010843,26,17.6,2.01201,2.86945,1,-0.0243008,-0.463992,0,-0.0216961,-0.453711,0,0.0100614,27,17.6,1.70318,-0.000465406,1,0.500003,0.000913368,0,-5.96046e-05,-0.000323737,0,0.0111071,28,17.6,2.9958,-0.762368,1,0.00433326,-0.454186,0,0.00965595,0.256181,0,0.00828855,29,17.6,-0.0169244,1.13149,1,-0.00554295,0.465053,0,0.135262,0.445426,0,0.0133293,30,17.6,2.87393,-3,1,-0.318658,0,0,-0.236988,0,0,0.00835203,31,17.6,0.999986,-2.99999,1,-0.0169769,-1.19209e-05,0,0.0469983,0,0,0.00934208,32,17.6,-2.99999,1.00936,1,-2.38419e-05,-0.0262558,0,0,-0.00703335,0,0.0103763,33,17.6,2.88548,0.987067,1,0.331408,0.0393108,0,-0.503063,-0.0407696,0,0.0060994,34,17.6,-1.00226,-0.971404,1,-0.0412226,0.5,0,-0.337601,2.98023e-05,0,0.0199595,35,17.6,-1.8571,-1.98716,1,0.434428,0.0634551,0,0.536621,0.145257,0,0.0124889
0,17.7,1.29124,-1.00074,1,-0.487293,0.00077989,0,0.14779,0.00160187,0,0.0102254,1,17.7,0.846214,-2.00291,1,-0.342469,-0.00824295,0,-0.167821,0.0328273,0,0.0134048,2,17.7,-0.888034,0.998353,1,0.401576,-0.0110949,0,0.641949,-0.0227205,0,0.0150261,3,17.7,-2.99598,3,1,0.00635795,1.15484e-05,0,-0.0269264,1.49012e-05,0,0.00607934,4,17.7,-1.00244,-2.28962,1,-0.457882,-0.5,0,-0.327475,0,0,0.0106954,5,17.7,-2.99996,-0.111115,1,0.000193343,-0.449015,0,-4.47035e-05,-0.521686,0,0.00784761,6,17.7,-2.00961,3,1,0.024328,0,0,0.0158101,0,0,0.00402012,7,17.7,-2.00001,1,1,-2.79397e-05,5.21541e-06,0,4.47035e-05,-1.49012e-05,0,0.00957304,8,17.7,-0.212814,-1.00742,1,-0.23102,-0.0335356,0,-0.928901,-0.0426993,0,0.0194322,9,17.7,-2.00101,-1.10496,1,-0.00716411,-0.364951,0,-0.0148863,-0.644743,0,0.0129344,10,17.7,1.98688,0.876906,1,-0.0792401,0.351536,0,-0.508346,-0.459064,0,0.0123914,11,17.7,2.99999,-2.15459,1,3.72529e-06,-0.343474,0,5.96046e-05,-0.14849,0,0.00788209,12,17.7,1.0001,0.972972,1,-0.000270456,-0.0858685,0,-0.00013411,-0.34079,0,0.0119694,13,17.7,-1.99999,2,1,-7.82311e-06,0,0,-2.98023e-05,0,0,0.0103308,14,17.7,-2.09334,0.000203999,1,-0.322307,0.00360628,0,-0.60536,0.0540039,0,0.0114359,15,17.7,1.8076,-2.00009,1,-0.466597,0.00108741,0,-0.295766,-0.00219047,0,0.0125627,16,17.7,0.000228211,2.99612,1,-0.000306007,-0.00820495,0,-0.000925617,0.0254959,0,0.0093435,17,17.7,-3,-1.14245,1,0,-0.477516,0,0,-0.322483,0,0.00610114,18,17.7,0.00037259,-1.80605,1,0.00632061,0.178945,0,0.0426924,0.761151,0,0.0151101,19,17.7,0.989987,-0.247835,1,0.100923,0.458791,0,0.709757,-0.281057,0,0.0114766,20,17.7,3,1.90988,1,0,0.499965,0,0,0.00137836,0,0.00499587,21,17.7,2.8891,2.99632,1,-0.394847,-0.00554323,0,-0.641346,0.0267923,0,0.00615982,22,17.7,0.98403,1.99991,1,-0.0169075,-0.000169687,0,0.214789,0.00143796,0,0.0131833,23,17.7,2.0001,-2.83596,1,0.000509247,0.375927,0,0.00695884,0.295296,0,0.0101522,24,17.7,-0.000206206,-0.0127094,1,0.00029772,0.0240407,0,0.000816529,0.0442592,0,0.0140127,25,17.7,2.16536,-0.999989,1,-0.388435,-4.71249e-05,0,0.345498,3.72529e-05,0,0.010843,26,17.7,2.00951,2.82132,1,-0.0253718,-0.493645,0,-0.000610948,-0.156626,0,0.0100614,27,17.7,1.75318,-0.000376179,1,0.5,0.000866605,0,-7.45058e-06,-0.000598496,0,0.0111071,28,17.7,2.99628,-0.806346,1,0.00508055,-0.423893,0,0.00536442,0.345986,0,0.00828855,29,17.7,-0.0168709,1.17969,1,0.00595635,0.493967,0,0.0958495,0.150755,0,0.0133293,30,17.7,2.84097,-3,1,-0.339366,0,0,-0.171423,0,0,0.00835203,31,17.7,0.998522,-3,1,-0.012325,-1.19209e-05,0,0.0455268,0,0,0.00934208,32,17.7,-2.99999,1.00674,1,-2.23517e-05,-0.0258021,0,2.98023e-05,0.0148565,0,0.0103763,33,17.7,2.91604,0.990777,1,0.279513,0.0347303,0,-0.529438,-0.0500605,0,0.0060994,34,17.7,-1.00842,-0.921404,1,-0.0850512,0.5,0,-0.52505,0,0,0.0199595,35,17.7,-1.81138,-1.98023,1,0.475996,0.0736004,0,0.296302,0.0589713,0,0.0124889
0,17.8,1.24341,-1.00065,1,-0.4677,0.000905991,0,0.243783,0.00101328,0,0.0122497,1,17.8,0.81129,-2.00358,1,-0.354318,-0.00527501,0,-0.0662506,0.026226,0,0.0134293,2,17.8,-0.844991,0.997169,1,0.45578,-0.01221,0,0.432342,-0.000685453,0,0.0151908,3,17.8,-2.99548,3,1,0.00355244,1.19209e-05,0,-0.0282526,-0.000119209,0,0.00455922,4,17.8,-1.04967,-2.33962,1,-0.484601,-0.5,0,-0.199676,0,0,0.0109678,5,17.8,-2.99994,-0.158128,1,0.000178814,-0.486438,0,-0.000238419,-0.234022,0,0.00923777,6,17.8,-2.00714,3,1,0.0246763,0,0,-0.00751019,0,0,0.00499232,7,17.8,-2.00001,1,1,-1.78814e-05,2.98023e-06,0,0,0,0,0.00929388,8,17.8,-0.240511,-1.01087,1,-0.321768,-0.0344664,0,-0.861399,0.0205636,0,0.0170204,9,17.8,-2.00178,-1.14452,1,-0.00783205,-0.424308,0,0.000596046,-0.525534,0,0.0148681,10,17.8,1.97632,0.909706,1,-0.132436,0.304002,0,-0.538945,-0.487417,0,0.0108859,11,17.8,2.99999,-2.1895,1,1.19209e-05,-0.352716,0,0,-0.0346899,0,0.00750834,12,17.8,1.00007,0.962529,1,-0.000303984,-0.124103,0,-0.000596046,-0.407577,0,0.0122677,13,17.8,-2,2,1,-1.19209e-05,0,0,0,0,0,0.00903446,14,17.8,-2.12856,0.000884331,1,-0.381207,0.0103966,0,-0.559926,0.0778564,0,0.0118465,15,17.8,1.75969,-2,1,-0.489217,0.000864267,0,-0.157177,-0.00238419,0,0.0120559,16,17.8,0.000193814,2.99543,1,-0.000373973,-0.00539422,0,-0.00044825,0.0299215,0,0.00886761,17,17.8,-3,-1.19134,1,0,-0.496265,0,0,-0.0746846,0,0.00857579,18,17.8,0.00125727,-1.78451,1,0.0116849,0.249809,0,0.0614647,0.646353,0,0.017535,19,17.8,1.00395,-0.203503,1,0.180852,0.426529,0,0.861824,-0.360482,0,0.0128527,20,17.8,3,1.95988,1,0,0.500003,0,0,-5.96046e-05,0,0.00658321,21,17.8,2.8467,2.9959,1,-0.450015,-0.00302792,0,-0.450373,0.023365,0,0.00583051,22,17.8,0.983315,1.9999,1,0.00162125,-4.47035e-05,0,0.156671,0.00119209,0,0.0118058,23,17.8,2.00018,-2.79705,1,0.00113249,0.40074,0,0.00584126,0.197411,0,0.0100197,24,17.8,-0.000173137,-0.0101408,1,0.000356181,0.0267969,0,0.000367487,0.0122073,0,0.0136599,25,17.8,2.12837,-0.999994,1,-0.350326,-4.17233e-05,0,0.412226,5.96046e-05,0,0.00988587,26,17.8,2.007,2.77151,1,-0.0245929,-0.5,0,0.0152588,0,0,0.00923802,27,17.8,1.80318,-0.000292874,1,0.500003,0.000796155,0,-5.96046e-05,-0.000798667,0,0.0102988,28,17.8,2.99681,-0.846884,1,0.00542998,-0.385717,0,0.00166893,0.413924,0,0.00737475,29,17.8,-0.0158535,1.22951,1,0.0138435,0.5,0,0.0629336,0,0,0.0120516,30,17.8,2.80632,-3,1,-0.351983,0,0,-0.0772476,0,0,0.00713302,31,17.8,0.997511,-3,1,-0.00796169,-5.96046e-06,0,0.0413954,-0.000119209,0,0.00693439,32,17.8,-2.99999,1.00426,1,-1.78814e-05,-0.023517,0,0,0.0298023,0,0.0104527,33,17.8,2.94134,0.99399,1,0.226533,0.0294447,0,-0.525713,-0.0549555,0,0.00644497,34,17.8,-1.01976,-0.871404,1,-0.143614,0.5,0,-0.633955,2.98023e-05,0,0.0176219,35,17.8,-1.76266,-1.97271,1,0.495094,0.0755399,0,0.0981092,-0.018537,0,0.0115387
0,17.9,1.19805,-1.00056,1,-0.437901,0.000973046,0,0.347786,0.000342727,0,0.0122497,1,17.9,0.775504,-2.00399,1,-0.361393,-0.00317097,0,-0.0665784,0.0161231,0,0.0134293,2,17.9,-0.79765,0.995968,1,0.48716,-0.0115863,0,0.201009,0.0124536,0,0.0151908,3,17.9,-2.99527,3,1,0.000818819,2.23517e-06,0,-0.0260472,-5.96046e-05,0,0.00455922,4,17.9,-1.0989,-2.38962,1,-0.497596,-0.5,0,-0.0655726,0,0,0.0109678,5,17.9,-2.99992,-0.207542,1,0.000148639,-0.498687,0,-0.000342727,-0.0432132,0,0.00923777,6,17.9,-2.00474,3,1,0.0230562,0,0,-0.0237972,0,0,0.00499232,7,17.9,-2.00001,1,1,-1.60187e-05,2.79397e-06,0,4.47035e-05,-7.45058e-06,0,0.00929388,8,17.9,-0.27674,-1.01415,1,-0.399825,-0.0305606,0,-0.683189,0.0552908,0,0.0170204,9,17.9,-2.00254,-1.18929,1,-0.00735335,-0.467929,0,0.00853837,-0.339925,0,0.0148681,10,17.9,1.96034,0.937653,1,-0.187311,0.254876,0,-0.544503,-0.49128,0,0.0108859,11,17.9,3,-2.22483,1,1.19209e-05,-0.352916,0,0,0.0329763,0,0.00750834,12,17.9,1.00004,0.947805,1,-0.00038119,-0.172561,0,-0.00119582,-0.539217,0,0.0122677,13,17.9,-2,2,1,-1.17347e-05,0,0,7.45058e-06,0,0,0.00903446,14,17.9,-2.1694,0.00223753,1,-0.434256,0.0159548,0,-0.478953,0.0350837,0,0.0118465,15,17.9,1.71021,-1.99992,1,-0.498516,0.000632927,0,-0.038445,-0.00222027,0,0.0120559,16,17.9,0.000154861,2.99504,1,-0.000398654,-0.00240505,0,-6.19875e-05,0.0293255,0,0.00886761,17,17.9,-3,-1.2412,1,0,-0.499766,0,0,-0.00933558,0,0.00857579,18,17.9,0.00266181,-1.75615,1,0.0157401,0.31819,0,0.0214967,0.696212,0,0.017535,19,17.9,1.02643,-0.162771,1,0.268881,0.387032,0,0.874124,-0.424909,0,0.0128527,20,17.9,3,2.00988,1,0,0.5,0,0,-7.45058e-06,0,0.00658321,21,17.9,2.79982,2.9957,1,-0.483716,-0.000900775,0,-0.227034,0.0192225,0,0.00583051,22,17.9,0.984169,1.9999,1,0.014602,5.58794e-05,0,0.104271,0.000819564,0,0.0118058,23,17.9,2.00032,-2.75599,1,0.00152625,0.420237,0,0.00242889,0.184894,0,0.0100197,24,17.9,-0.000136317,-0.00744317,1,0.000374269,0.0267582,0,1.04815e-05,-0.0116796,0,0.0136599,25,17.9,2.09547,-0.999997,1,-0.307035,-3.51109e-05,0,0.449926,7.82311e-05,0,0.00988587,26,17.9,2.00464,2.72151,1,-0.0225019,-0.5,0,0.0258833,0,0,0.00923802,27,17.9,1.85318,-0.000217465,1,0.5,0.000710124,0,-7.45058e-06,-0.000913145,0,0.0102988,28,17.9,2.99735,-0.883307,1,0.00543632,-0.342053,0,-0.00144541,0.456199,0,0.00737475,29,17.9,-0.0142012,1.27951,1,0.018759,0.5,0,0.0362973,0,0,0.0120516,30,17.9,2.77073,-3,1,-0.359789,0,0,-0.0703931,0,0,0.00713302,31,17.9,0.996912,-3,1,-0.00412585,-1.15484e-05,0,0.035163,-1.49012e-05,0,0.00693439,32,17.9,-3,1.00208,1,-1.60187e-05,-0.0200696,0,4.47035e-05,0.0382662,0,0.0104527,33,17.9,2.9614,0.996657,1,0.175155,0.0238783,0,-0.497431,-0.0557937,0,0.00644497,34,17.9,-1.03758,-0.821404,1,-0.214824,0.5,0,-0.765122,0,0,0.0176219,35,17.9,-1.71285,-1.96541,1,0.499693,0.068845,0,0.0122637,-0.109725,0,0.0115387
0,18,1.15614,-1.00046,1,-0.399008,0.000980496,0,0.425816,-0.000238419,0,0.0121223,1,18,0.739091,-2.00424,1,-0.366136,-0.00199676,0,-0.0219643,0.00751019,0,0.0144623,2,18,-0.748244,0.994889,1,0.498195,-0.00985414,0,0.0361204,0.0215769,0,0.0116798,3,18,-2.99531,3,1,-0.00159144,-5.96046e-06,0,-0.0218153,0,0,0.00580354,4,18,-1.14883,-2.43962,1,-0.500003,-0.5,0,5.96046e-05,0,0,0.00981384,5,18,-2.99991,-0.257511,1,0.000113249,-0.5,0,-0.000357628,1.43051e-05,0,0.00800149,6,18,-2.00258,3,1,0.0201166,0,0,-0.0339746,0,0,0.00582581,7,18,-2.00001,1,1,-1.19209e-05,2.98023e-06,0,0.000119209,-5.96046e-05,0,0.00920747,8,18,-0.319746,-1.01689,1,-0.456232,-0.0238329,0,-0.439778,0.0774264,0,0.0133832,9,18,-2.00322,-1.23745,1,-0.00619888,-0.492057,0,0.0138283,-0.147343,0,0.0144613,10,18,1.93897,0.960705,1,-0.238866,0.206444,0,-0.476003,-0.474274,0,0.0125357,11,18,3,-2.25983,1,5.96046e-06,-0.34579,0,0.000119209,0.110745,0,0.00730126,12,18,0.999989,0.927789,1,-0.000585616,-0.227946,0,-0.00301003,-0.550896,0,0.0147992,13,18,-2,2,1,-1.19209e-05,0,0,5.96046e-05,0,0,0.00896181,14,18,-2.21495,0.00395,1,-0.473917,0.0177509,0,-0.305533,0.0024382,0,0.0108705,15,18,1.66029,-1.99987,1,-0.498745,0.000420213,0,0.025034,-0.00196695,0,0.0109341,16,18,0.000115208,2.99495,1,-0.000389551,0.000375509,0,0.000228865,0.0261068,0,0.0110309,17,18,-3,-1.29119,1,0,-0.500003,0,0,5.96046e-05,0,0.00799386,18,18,0.00429008,-1.72094,1,0.0163349,0.384834,0,-0.00795141,0.619471,0,0.0122795,19,18,1.05754,-0.126267,1,0.351545,0.342405,0,0.762403,-0.463605,0,0.0115387,20,18,3,2.05988,1,0,0.5,0,0,0,0,0.00438173,21,18,2.75064,2.9957,1,-0.49718,0.000828505,0,-0.056386,0.0152588,0,0.00735593,22,18,0.986074,1.99991,1,0.0227422,0.00012219,0,0.0598431,0.000536442,0,0.0128222,23,18,2.00048,-2.71311,1,0.00169277,0.43636,0,0.0013113,0.131607,0,0.00935412,24,18,-9.93149e-05,-0.00485622,1,0.000361362,0.024705,0,-0.000253978,-0.0282448,0,0.0112019,25,18,2.06705,-1,1,-0.261045,-2.98023e-05,0,0.466347,0.000119209,0,0.00874067,26,18,2.00253,2.67151,1,-0.0195384,-0.5,0,0.0327826,0,0,0.00888944,27,18,1.90318,-0.000151145,1,0.500003,0.000615192,0,-5.96046e-05,-0.000977623,0,0.00967147,28,18,2.99788,-0.915185,1,0.00516176,-0.2951,0,-0.00393391,0.479817,0,0.00648355,29,18,-0.0121815,1.32951,1,0.0212788,0.500003,0,0.014937,-5.96046e-05,0,0.0114583,30,18,2.73447,-3,1,-0.364596,0,0,-0.0196695,0,0,0.00835973,31,18,0.996664,-3,1,-0.000953674,-1.19209e-05,0,0.028193,0.000119209,0,0.00732411,32,18,-3,1.00027,1,-1.19209e-05,-0.0160277,0,0,0.0419021,0,0.00977224,33,18,2.97651,0.998768,1,0.127822,0.0183895,0,-0.445962,-0.0535548,0,0.00728304,34,18,-1.06293,-0.771403,1,-0.292221,0.5,0,-0.763834,2.98023e-05,0,0.0133301,35,18,-1.66286,-1.95919,1,0.500003,0.0546545,0,-5.96046e-05,-0.169218,0,0.0101027
0,18.1,1.11845,-1.00036,1,-0.353818,0.000935979,0,0.474341,-0.000633299,0,0.0121223,1,18.1,0.701998,-2.00444,1,-0.37891,-0.00241622,0,-0.21372,-0.0135899,0,0.0144623,2,18.1,-0.698314,0.994021,1,0.499887,-0.00743121,0,0.00451133,0.0263974,0,0.0116798,3,18.1,-2.99557,3,1,-0.00349768,-5.96046e-06,0,-0.0162572,0,0,0.00580354,4,18.1,-1.19883,-2.48959,1,-0.5,-0.498808,0,7.45058e-06,0.0253767,0,0.00981384,5,18.1,-2.9999,-0.307511,1,7.56234e-05,-0.5,0,-0.000402331,0,0,0.00800149,6,18.1,-2.00074,3,1,0.016444,0,0,-0.0387654,0,0,0.00582581,7,18.1,-2.00001,1,1,-1.49012e-06,-2.04891e-06,0,8.9407e-05,-3.72529e-05,0,0.00920747,8,18.1,-0.367129,-1.01888,1,-0.487322,-0.0158062,0,-0.194343,0.0820979,0,0.0133832,9,18.1,-2.00377,-1.28712,1,-0.00465475,-0.499359,0,0.016734,-0.0227317,0,0.0144613,10,18.1,1.91277,0.979033,1,-0.284225,0.160707,0,-0.421546,-0.438344,0,0.0125357,11,18.1,3,-2.29387,1,1.15484e-05,-0.335039,0,1.49012e-05,0.109583,0,0.00730126,12,18.1,0.999863,0.902164,1,-0.00239629,-0.284983,0,-0.030838,-0.576854,0,0.0147992,13,18.1,-2,2,1,-6.89179e-06,0,0,3.72529e-05,0,0,0.00896181,14,18.1,-2.26355,0.00569715,1,-0.494888,0.0168233,0,-0.119239,-0.0196985,0,0.0108705,15,18.1,1.61056,-1.99984,1,-0.495486,0.000238791,0,0.0454709,-0.00165403,0,0.0109341,16,18.1,7.77644e-05,2.99511,1,-0.00035601,0.00271834,0,0.000427836,0.0206083,0,0.0110309,17,18.1,-3,-1.34119,1,0,-0.5,0,0,7.45058e-06,0,0.00799386,18,18.1,0.00585377,-1.67959,1,0.0146651,0.43948,0,-0.0243969,0.464119,0,0.0122795,19,18.1,1.09627,-0.0943665,1,0.420216,0.295453,0,0.595018,-0.47262,0,0.0115387,20,18.1,3,2.10988,1,0,0.5,0,0,0,0,0.00438173,21,18.1,2.70075,2.99586,1,-0.499823,0.00217222,0,-0.00704825,0.0116676,0,0.00735593,22,18.1,0.988583,1.99992,1,0.0268487,0.000161864,0,0.0237525,0.00026077,0,0.0128222,23,18.1,2.00065,-2.66871,1,0.00169165,0.452511,0,-0.000968575,0.179708,0,0.00935412,24,18.1,-6.47756e-05,-0.00254565,1,0.000326491,0.0213435,0,-0.00043016,-0.0380357,0,0.0112019,25,18.1,2.04328,-1,1,-0.214458,-1.88127e-05,0,0.461966,9.68575e-05,0,0.00874067,26,18.1,2.00074,2.62151,1,-0.0161381,-0.5,0,0.0348613,0,0,0.00888944,27,18.1,1.95318,-9.45123e-05,1,0.5,0.000517601,0,0,-0.000969791,0,0.00967147,28,18.1,2.99838,-0.94228,1,0.00466444,-0.246744,0,-0.00588596,0.483721,0,0.00648355,29,18.1,-0.0100073,1.37951,1,0.0219391,0.5,0,-0.00103342,-7.45058e-06,0,0.0114583,30,18.1,2.69773,-3,1,-0.371512,0,0,-0.103131,0,0,0.00835973,31,18.1,0.996697,-3,1,0.00149719,-2.23517e-06,0,0.020884,5.96046e-05,0,0.00732411,32,18.1,-3,0.998878,1,-9.68575e-06,-0.011844,0,5.96046e-05,0.0412688,0,0.00977224,33,18.1,2.98717,1.00035,1,0.0865161,0.0132644,0,-0.377953,-0.048656,0,0.00728304,34,18.1,-1.0959,-0.721404,1,-0.365972,0.5,0,-0.691414,0,0,0.0133301,35,18.1,-1.61286,-1.9546,1,0.5,0.0367843,0,-7.45058e-06,-0.185609,0,0.0101027
0,18.2,1.0855,-1.00027,1,-0.304863,0.000855327,0,0.501335,-0.00089407,0,0.0109258,1,18.2,0.662856,-2.00477,1,-0.405331,-0.00429749,0,-0.299066,-0.0220537,0,0.0120277,2,18.2,-0.648316,0.993414,1,0.5,-0.00466406,0,2.98023e-05,0.028491,0,0.0117649,3,18.2,-2.99599,3,1,-0.00483394,0,0,-0.0107288,-0.000119209,0,0.00573938,4,18.2,-1.24883,-2.53929,1,-0.500003,-0.494653,0,5.96046e-05,0.0588894,0,0.00924484,5,18.2,-2.99989,-0.357511,1,3.57628e-05,-0.5,0,-0.000357628,1.43051e-05,0,0.00847687,6,18.2,-1.9993,3,1,0.0124931,0,0,-0.0395775,0,0,0.00577257,7,18.2,-2.00001,1,1,5.96046e-06,-2.98023e-06,0,0.000119209,-0.000119209,0,0.0101397,8,18.2,-0.41653,-1.02005,1,-0.498082,-0.00759661,0,-0.0383699,0.0812411,0,0.0153138,9,18.2,-2.00415,-1.33711,1,-0.00290275,-0.500003,0,0.0180006,5.96046e-05,0,0.0134902,10,18.2,1.8824,0.992986,1,-0.321519,0.119142,0,-0.317514,-0.391394,0,0.013553,11,18.2,3,-2.3268,1,5.96046e-06,-0.322974,0,0.000119209,0.135541,0,0.00757196,12,18.2,0.999439,0.870829,1,-0.00631511,-0.340979,0,-0.0454783,-0.532627,0,0.0197619,13,18.2,-2,2,1,-2.98023e-06,0,0,0,0,0,0.00907178,14,18.2,-2.31339,0.00725338,1,-0.5,0.0140541,0,0,-0.0345495,0,0.0103359,15,18.2,1.56131,-1.99982,1,-0.488725,8.9407e-05,0,0.0938177,-0.00143051,0,0.0129694,16,18.2,4.45337e-05,2.99547,1,-0.000306599,0.00448823,0,0.00054834,0.0145435,0,0.0116594,17,18.2,-3,-1.39119,1,0,-0.500003,0,0,5.96046e-05,0,0.00909536,18,18.2,0.0071784,-1.63363,1,0.0116515,0.476602,0,-0.0349602,0.276923,0,0.0110466,19,18.2,1.1409,-0.0671792,1,0.468498,0.248408,0,0.366092,-0.465838,0,0.0112413,20,18.2,3,2.15988,1,0,0.5,0,0,0,0,0.00431989,21,18.2,2.65075,2.99613,1,-0.5,0.00317097,0,0,0.00846386,0,0.00619731,22,18.2,0.991337,1.99994,1,0.0277743,0.000175834,0,-0.00393391,5.96046e-05,0,0.0126117,23,18.2,2.00081,-2.62256,1,0.0015676,0.470191,0,-0.00119209,0.164509,0,0.00964373,24,18.2,-3.44766e-05,-0.000611107,1,0.000277782,0.0172711,0,-0.000532783,-0.0426298,0,0.0117071,25,18.2,2.02411,-1,1,-0.169271,-1.19209e-05,0,0.439167,0.000119209,0,0.0102645,26,18.2,1.99931,2.57151,1,-0.0126243,-0.5,0,0.0349879,0,0,0.0105178,27,18.2,2.00318,-4.75565e-05,1,0.5,0.000422057,0,0,-0.000937268,0,0.00995595,28,18.2,2.99881,-0.964555,1,0.00401735,-0.199011,0,-0.00715256,0.467956,0,0.00671949,29,18.2,-0.00784012,1.42951,1,0.0212045,0.500003,0,-0.0130329,-5.96046e-05,0,0.00995153,30,18.2,2.66003,-3,1,-0.382477,0,0,-0.10407,0,0,0.00846907,31,18.2,0.99694,-3,1,0.00323951,5.96046e-06,0,0.0140667,0,0,0.00845758,32,18.2,-3,0.997895,1,-5.96046e-06,-0.00786036,0,0.000119209,0.0380278,0,0.0100778,33,18.2,2.99406,1.00144,1,0.0525475,0.00870526,0,-0.300407,-0.0422597,0,0.00701561,34,18.2,-1.13571,-0.671403,1,-0.427437,0.5,0,-0.526965,2.98023e-05,0,0.0145155,35,18.2,-1.56286,-1.95186,1,0.500003,0.0180125,0,-5.96046e-05,-0.187755,0,0.00944439
0,18.3,1.05754,-1.00019,1,-0.254302,0.000754185,0,0.505984,-0.00111014,0,0.0109258,1,18.3,0.620788,-2.00528,1,-0.436097,-0.00552982,0,-0.303634,-0.00354648,0,0.0120277,2,18.3,-0.598316,0.993087,1,0.5,-0.001904,0,0,0.0265464,0,0.0117649,3,18.3,-2.99652,3,1,-0.00561923,-9.68575e-06,0,-0.005126,-5.96046e-05,0,0.00573938,4,18.3,-1.29883,-2.58837,1,-0.5,-0.486165,0,7.45058e-06,0.11079,0,0.00924484,5,18.3,-2.99989,-0.407511,1,1.49012e-06,-0.5,0,-0.000327826,0,0,0.00847687,6,18.3,-1.99824,3,1,0.0086382,0,0,-0.0371486,0,0,0.00577257,7,18.3,-2.00001,1,1,1.56462e-05,-1.17347e-05,0,5.96046e-05,-6.70552e-05,0,0.0101397,8,18.3,-0.466455,-1.02041,1,-0.49988,0.000246428,0,-0.00479266,0.0749901,0,0.0153138,9,18.3,-2.00435,-1.38711,1,-0.0011608,-0.5,0,0.0167191,7.45058e-06,0,0.0134902,10,18.3,1.84861,1.00304,1,-0.354299,0.0827742,0,-0.32454,-0.335369,0,0.013553,11,18.3,3,-2.35865,1,5.58794e-06,-0.31595,0,-7.45058e-05,0.0194162,0,0.00757196,12,18.3,0.998628,0.834054,1,-0.00946112,-0.394186,0,-0.0186786,-0.513498,0,0.0197619,13,18.3,-2,2,1,-2.98023e-06,0,0,0,0,0,0.00907178,14,18.3,-2.36339,0.00847588,1,-0.5,0.0103102,0,0,-0.0397071,0,0.0103359,15,18.3,1.51267,-1.99982,1,-0.486076,-3.5204e-05,0,-0.0256598,-0.00106543,0,0.0129694,16,18.3,1.67217e-05,2.99598,1,-0.000248821,0.0056304,0,0.000597748,0.00840425,0,0.0116594,17,18.3,-3,-1.44119,1,0,-0.5,0,0,7.45058e-06,0,0.00909536,18,18.3,0.0081633,-1.5849,1,0.00800392,0.495075,0,-0.0375184,0.103384,0,0.0110466,19,18.3,1.18918,-0.0446146,1,0.49342,0.203433,0,0.142425,-0.43288,0,0.0112413,20,18.3,3,2.20988,1,0,0.5,0,0,0,0,0.00431989,21,18.3,2.60075,2.99648,1,-0.5,0.00384934,0,0,0.00520051,0,0.00619731,22,18.3,0.994059,1.99996,1,0.0263408,0.000173412,0,-0.0234917,-9.68575e-05,0,0.0126117,23,18.3,2.00096,-2.57478,1,0.00135452,0.484761,0,-0.00295043,0.123471,0,0.00964373,24,18.3,-9.44486e-06,0.000901391,1,0.000222248,0.0129783,0,-0.000569256,-0.0426781,0,0.0117071,25,18.3,2.00932,-1,1,-0.127211,-1.86265e-06,0,0.400081,7.45058e-05,0,0.0102645,26,18.3,1.99822,2.52151,1,-0.00919774,-0.5,0,0.033319,0,0,0.0105178,27,18.3,2.05318,-9.93205e-06,1,0.5,0.000331536,0,0,-0.000871048,0,0.00995595,28,18.3,2.99918,-0.982166,1,0.00327602,-0.153774,0,-0.00756979,0.434428,0,0.00671949,29,18.3,-0.0057996,1.47951,1,0.0194714,0.5,0,-0.0211074,-7.45058e-06,0,0.00995153,30,18.3,2.62094,-3,1,-0.401976,0,0,-0.265107,0,0,0.00846907,31,18.3,0.997323,-3,1,0.00433037,5.96046e-06,0,0.00792369,0,0,0.00845758,32,18.3,-3,0.997291,1,3.72529e-06,-0.004315,0,5.96046e-05,0.0327006,0,0.0100778,33,18.3,2.99795,1.00211,1,0.0265341,0.0048466,0,-0.220254,-0.0348687,0,0.00701561,34,18.3,-1.18075,-0.621404,1,-0.469875,0.5,0,-0.321388,0,0,0.0145155,35,18.3,-1.51286,-1.95099,1,0.5,-0.000254065,0,-7.45058e-06,-0.175923,0,0.00944439
0,18.4,1.03462,-1.00012,1,-0.204375,0.00063777,0,0.489295,-0.0012517,0,0.00939596,1,18.4,0.575735,-2.00583,1,-0.464028,-0.0051856,0,-0.247329,0.00965595,0,0.0100518,2,18.4,-0.548316,0.993025,1,0.5,0.000616908,0,2.98023e-05,0.0237525,0,0.0129092,3,18.4,-2.9971,3,1,-0.00588298,-1.19209e-05,0,-0.000357628,0,0,0.00606009,4,18.4,-1.34883,-2.63635,1,-0.500003,-0.472528,0,5.96046e-05,0.161409,0,0.00896662,5,18.4,-2.99989,-0.457511,1,-2.98023e-05,-0.5,0,-0.000238419,1.43051e-05,0,0.00921382,6,18.4,-1.99756,3,1,0.005126,0,0,-0.0328422,0,0,0.00668663,7,18.4,-2.00001,1,1,2.38419e-05,-1.49012e-05,0,0,-2.98023e-05,0,0.00911278,8,18.4,-0.516453,-1.02002,1,-0.5,0.00728965,0,-2.98023e-05,0.0653267,0,0.0159914,9,18.4,-2.00439,-1.43711,1,0.000423193,-0.500003,0,0.0149012,5.96046e-05,0,0.0119502,10,18.4,1.81164,1.00973,1,-0.38406,0.0521481,0,-0.260592,-0.276804,0,0.0128337,11,18.4,3,-2.39024,1,0,-0.316495,0,0,-0.0190735,0,0.00989285,12,18.4,0.997625,0.792216,1,-0.0102833,-0.440812,0,0.00107288,-0.408351,0,0.0136364,13,18.4,-2,2,1,-2.98023e-06,0,0,5.96046e-05,0,0,0.00867957,14,18.4,-2.41339,0.0093042,1,-0.5,0.00622789,0,0,-0.0414075,0,0.00998349,15,18.4,1.46384,-1.99983,1,-0.491211,-0.00012517,0,-0.0657439,-0.00077486,0,0.0102515,16,18.4,-5.15527e-06,2.99658,1,-0.000188747,0.00619292,0,0.000596232,0.00298023,0,0.0094937,17,18.4,-3,-1.49119,1,0,-0.500003,0,0,5.96046e-05,0,0.00719546,18,18.4,0.0087752,-1.53508,1,0.00423542,0.49977,0,-0.0374508,0.00458956,0,0.0102111,19,18.4,1.23896,-0.0263754,1,0.499815,0.161971,0,0.00369549,-0.395747,0,0.0135358,20,18.4,3,2.25988,1,0,0.5,0,0,0,0,0.00545839,21,18.4,2.55075,2.99689,1,-0.5,0.00422597,0,0,0.00238419,0,0.00644771,22,18.4,0.996552,1.99997,1,0.0233054,0.000157952,0,-0.0361502,-0.000238419,0,0.0118899,23,18.4,2.00108,-2.52577,1,0.000995398,0.494492,0,-0.00393391,0.0705719,0,0.0084414,24,18.4,9.93286e-06,0.00198951,1,0.000165472,0.00883176,0,-0.000559486,-0.0398386,0,0.0124953,25,18.4,1.99852,-1,1,-0.0895828,5.96046e-06,0,0.351071,0,0,0.010614,26,18.4,1.99746,2.47151,1,-0.00599921,-0.5,0,0.0303984,0,0,0.0105103,27,18.4,2.10318,1.89914e-05,1,0.5,0.000248228,0,0,-0.000793411,0,0.00838663,28,18.4,2.99947,-0.995443,1,0.00252128,-0.112531,0,-0.00727177,0.388771,0,0.00655358,29,18.4,-0.00396772,1.52951,1,0.0170808,0.500003,0,-0.0262492,-5.96046e-05,0,0.0109841,30,18.4,2.5793,-3,1,-0.43177,0,0,-0.314474,0,0,0.00691586,31,18.4,0.997787,-3,1,0.00485927,0,0,0.00280142,0.000119209,0,0.00839404,32,18.4,-3,0.997013,1,5.96046e-06,-0.00134557,0,0.000119209,0.0265539,0,0.0118389,33,18.4,2.99963,1.00243,1,0.00831485,0.0017345,0,-0.145674,-0.0272989,0,0.00669797,34,18.4,-1.22901,-0.571403,1,-0.492406,0.5,0,-0.136554,2.98023e-05,0,0.0192803,35,18.4,-1.46286,-1.95186,1,0.500003,-0.0168741,0,-5.96046e-05,-0.15521,0,0.00991649
0,18.5,1.01657,-1.00006,1,-0.157115,0.000512041,0,0.453427,-0.00125915,0,0.00939596,1,18.5,0.528255,-2.00726,1,-0.483992,-0.0322089,0,-0.153352,-0.509769,0,0.0100518,2,18.5,-0.498316,0.9932,1,0.5,0.0028138,0,-5.66244e-06,0.0201054,0,0.0129092,3,18.5,-2.99768,3,1,-0.00571385,-1.04308e-05,0,0.00354648,2.98023e-05,0,0.00606009,4,18.5,-1.39883,-2.68271,1,-0.5,-0.453903,0,7.45058e-06,0.210583,0,0.00896662,5,18.5,-2.9999,-0.507511,1,-5.32717e-05,-0.5,0,-0.000223517,-5.66244e-06,0,0.00921382,6,18.5,-1.9972,3,1,0.00212286,0,0,-0.0271425,0,0,0.00668663,7,18.5,-2.00001,0.999999,1,2.34693e-05,-1.6205e-05,0,-1.49012e-05,0,0,0.00911278,8,18.5,-0.566452,-1.01899,1,-0.499937,0.0130579,0,0.0025481,0.0501275,0,0.0159914,9,18.5,-2.00427,-1.48711,1,0.00180043,-0.5,0,0.0125915,7.45058e-06,0,0.0119502,10,18.5,1.77184,1.0137,1,-0.412459,0.028535,0,-0.297047,-0.198215,0,0.0128337,11,18.5,3,-2.42244,1,0,-0.33155,0,0,-0.259995,0,0.00989285,12,18.5,0.996623,0.746296,1,-0.00955053,-0.475273,0,0.0128672,-0.271149,0,0.0136364,13,18.5,-2,2,1,1.86265e-06,0,0,2.98023e-05,0,0,0.00867957,14,18.5,-2.46339,0.00972169,1,-0.5,0.00214985,0,0,-0.0397453,0,0.00998349,15,18.5,1.41443,-1.99984,1,-0.496567,-0.000187196,0,-0.035964,-0.000484288,0,0.0102515,16,18.5,-2.11113e-05,2.9972,1,-0.000131121,0.00624545,0,0.000551596,-0.00171363,0,0.0094937,17,18.5,-3,-1.54119,1,0,-0.5,0,0,7.45058e-06,0,0.00719546,18,18.5,0.00901509,-1.48509,1,0.000606182,0.499985,0,-0.0348311,0.000573695,0,0.0102111,19,18.5,1.28895,-0.012086,1,0.499988,0.124532,0,0.000461936,-0.352794,0,0.0135358,20,18.5,3,2.30988,1,0,0.5,0,0,0,0,0.00545839,21,18.5,2.50075,2.99732,1,-0.5,0.00434779,0,0,0.00013411,0,0.00644771,22,18.5,0.998689,1.99999,1,0.0193294,0.000131689,0,-0.0425279,-0.000275671,0,0.0118899,23,18.5,2.0017,-2.47605,1,0.0162367,0.499034,0,0.288978,0.0233352,0,0.0084414,24,18.5,2.37533e-05,0.00268157,1,0.000111747,0.00509558,0,-0.000510937,-0.034678,0,0.0124953,25,18.5,1.99123,-1,1,-0.057267,5.96046e-06,0,0.294834,0,0,0.010614,26,18.5,1.997,2.42151,1,-0.0031909,-0.499883,0,0.0257418,0.00464916,0,0.0105103,27,18.5,2.15318,4.00237e-05,1,0.5,0.000174172,0,0,-0.000688158,0,0.00838663,28,18.5,2.99968,-1.00484,1,0.00182204,-0.0763763,0,-0.00663102,0.33354,0,0.00655358,29,18.5,-0.00239478,1.57951,1,0.0143468,0.499875,0,-0.0281268,-0.00493228,0,0.0109841,30,18.5,2.53461,-3,1,-0.460999,0,0,-0.261873,0,0,0.00691586,31,18.5,0.99828,-3,1,0.00492884,9.68575e-06,0,-0.00121817,5.96046e-05,0,0.00839404,32,18.5,-3,0.997,1,1.41561e-05,0.000979844,0,2.98023e-05,0.0199936,0,0.0118389,33,18.5,2.99984,1.00248,1,-0.00302829,-0.000624172,0,-0.0839978,-0.019975,0,0.00669797,34,18.5,-1.2787,-0.521404,1,-0.499333,0.499963,0,-0.0228137,-0.00147164,0,0.0192803,35,18.5,-1.41287,-1.95426,1,0.499623,-0.0306407,0,-0.0116602,-0.12023,0,0.00991649
0,18.6,1.00305,-1.00002,1,-0.114116,0.00039041,0,0.404745,-0.0012219,0,0.00862729,1,18.6,0.479231,-2.01361,1,-0.495151,-0.0997186,0,-0.0729561,-0.80657,0,0.010164,2,18.6,-0.448316,0.993575,1,0.5,0.00462383,0,-1.43051e-05,0.0160336,0,0.00922572,3,18.6,-2.99823,2.99999,1,-0.00521541,-5.96046e-06,0,0.00631809,0,0,0.00545198,4,18.6,-1.44883,-2.72697,1,-0.500003,-0.430536,0,5.96046e-05,0.256181,0,0.00969517,5,18.6,-2.9999,-0.557511,1,-7.15256e-05,-0.5,0,-0.000238419,-2.98023e-05,0,0.0109092,6,18.6,-1.99711,3,1,-0.000286102,0,0,-0.0211596,0,0,0.00622097,7,18.6,-2,0.999998,1,2.38419e-05,-1.49012e-05,0,-0.000119209,2.98023e-05,0,0.00797325,8,18.6,-0.616412,-1.01746,1,-0.498982,0.017336,0,0.0203848,0.0355244,0,0.0173294,9,18.6,-2.00403,-1.53711,1,0.00292659,-0.500003,0,0.0101328,5.96046e-05,0,0.0114308,10,18.6,1.72912,1.01567,1,-0.44167,0.0119805,0,-0.279546,-0.135422,0,0.0150996,11,18.6,3,-2.45714,1,0,-0.364476,0,0,-0.380397,0,0.00592299,12,18.6,0.995747,0.697683,1,-0.00784099,-0.494348,0,0.020653,-0.11304,0,0.0124412,13,18.6,-2,2,1,2.98023e-06,0,0,5.96046e-05,0,0,0.00894234,14,18.6,-2.51339,0.00974356,1,-0.5,-0.00164816,0,0,-0.0358922,0,0.00809849,15,18.6,1.36468,-1.99986,1,-0.497457,-0.000220537,0,0.0221133,-0.000298023,0,0.00949333,16,18.6,-3.15713e-05,2.99781,1,-7.92236e-05,0.00588298,0,0.000483091,-0.005126,0,0.00968765,17,18.6,-3,-1.59119,1,0,-0.500003,0,0,5.96046e-05,0,0.00701249,18,18.6,0.00890801,-1.43509,1,-0.00267713,0.500003,0,-0.0306014,-5.96046e-05,0,0.0106701,19,18.6,1.33895,-0.00132373,1,0.500003,0.0914473,0,-5.96046e-05,-0.308788,0,0.0117936,20,18.6,3,2.35988,1,0,0.5,0,0,0,0,0.00510915,21,18.6,2.45075,2.99775,1,-0.5,0.00426173,0,0,-0.00154972,0,0.00576156,22,18.6,1.0004,2,1,0.0149518,0.000104308,0,-0.0442863,-0.000298023,0,0.00973827,23,18.6,2.00511,-2.42609,1,0.0550807,0.499874,0,0.470996,-0.00274181,0,0.00944933,24,18.6,3.24814e-05,0.00302767,1,6.39693e-05,0.00192887,0,-0.000441854,-0.0285361,0,0.0127575,25,18.6,1.98688,-1,1,-0.0306547,5.96046e-06,0,0.237346,0,0,0.00924782,26,18.6,1.9968,2.37158,1,-0.000852346,-0.49814,0,0.0210404,0.0371933,0,0.0116937,27,18.6,2.20318,5.41719e-05,1,0.5,0.000110494,0,0,-0.000585975,0,0.00882559,28,18.6,2.99983,-1.01091,1,0.00120401,-0.0459254,0,-0.00572205,0.275135,0,0.0063973,29,18.6,-0.00110171,1.62943,1,0.0115113,0.498053,0,-0.0283275,-0.0386834,0,0.00958526,30,18.6,2.48734,-3,1,-0.482965,0,0,-0.174284,0,0,0.00815204,31,18.6,0.998761,-3,1,0.00465065,1.19209e-05,0,-0.00411272,0,0,0.00905408,32,18.6,-3,0.997187,1,1.78814e-05,0.00266433,0,0,0.0137985,0,0.0104236,33,18.6,2.9992,1.00233,1,-0.00900626,-0.00228584,0,-0.0382662,-0.0133514,0,0.0103361,34,18.6,-1.32868,-0.471427,1,-0.500003,0.499412,0,5.96046e-05,-0.011757,0,0.0133113,35,18.6,-1.36302,-1.95787,1,0.496703,-0.0409544,0,-0.0522137,-0.0863075,0,0.012061
0,18.7,0.993045,-0.999987,1,-0.0915003,0.000274368,0,0.0742935,-0.00110269,0,0.00862729,1,18.7,0.429529,-2.02799,1,-0.497157,-0.190652,0,0.0304468,-0.975817,0,0.010164,2,18.7,-0.398349,0.994109,1,0.498898,0.00596857,0,-0.026822,0.0109412,0,0.00922572,3,18.7,-2.99871,2.99999,1,-0.00449196,-5.58794e-06,0,0.00798702,1.49012e-05,0,0.00545198,4,18.7,-1.49883,-2.76865,1,-0.5,-0.402183,0,7.45058e-06,0.308529,0,0.00969517,5,18.7,-2.99991,-0.607466,1,-9.12696e-05,-0.498534,0,-0.00013411,0.0335947,0,0.0109092,6,18.7,-1.99724,3,1,-0.00209063,0,0,-0.0150055,0,0,0.00622097,7,18.7,-2,0.999996,1,1.37836e-05,-1.14553e-05,0,-7.45058e-05,4.09782e-05,0,0.00797325,8,18.7,-0.666305,-1.01558,1,-0.499398,0.0200285,0,-0.0127293,0.0188723,0,0.0173294,9,18.7,-2.0037,-1.5871,1,0.00377409,-0.499624,0,0.00686944,0.0116378,0,0.0114308,10,18.7,1.68359,1.01625,1,-0.468333,0.000172295,0,-0.240803,-0.101544,0,0.0150996,11,18.7,2.99963,-2.49557,1,-0.0106525,-0.404408,0,-0.197664,-0.404194,0,0.00592299,12,18.7,0.995071,0.647902,1,-0.00563599,-0.499647,0,0.0231117,-0.0141375,0,0.0124412,13,18.7,-2,2,1,7.07805e-06,0,0,1.49012e-05,0,0,0.00894234,14,18.7,-2.56339,0.00941131,1,-0.499931,-0.00487628,0,0.00274181,-0.028662,0,0.00809849,15,18.7,1.31516,-1.99989,1,-0.491592,-0.000239164,0,0.0981018,-8.9407e-05,0,0.00949333,16,18.7,-3.72193e-05,2.99837,1,-3.51734e-05,0.00523254,0,0.000396942,-0.0076592,0,0.00968765,17,18.7,-3,-1.64107,1,0,-0.496416,0,0,0.0729188,0,0.00701249,18,18.7,0.00813068,-1.38515,1,-0.0160453,0.498066,0,-0.221384,-0.0422671,0,0.0106701,19,18.7,1.38895,0.00636098,1,0.5,0.0630719,0,-7.45058e-06,-0.259281,0,0.0117936,20,18.7,3,2.40988,1,0,0.5,0,0,0,0,0.00510915,21,18.7,2.40078,2.99816,1,-0.49905,0.00402443,0,0.0239611,-0.00311434,0,0.00576156,22,18.7,1.00168,2.00001,1,0.0106055,7.58097e-05,0,-0.0422001,-0.000290573,0,0.00973827,23,18.7,2.01387,-2.3763,1,0.127057,0.494225,0,0.898674,-0.107348,0,0.00944933,24,18.7,3.68071e-05,0.00308915,1,2.39439e-05,-0.000586976,0,-0.000358021,-0.0218069,0,0.0127575,25,18.7,1.98439,-1,1,-0.0245698,5.96046e-06,0,-0.087738,0,0,0.00924782,26,18.7,1.99682,2.32205,1,0.00101887,-0.491637,0,0.0163913,0.096947,0,0.0116937,27,18.7,2.25318,6.24643e-05,1,0.5,5.70563e-05,0,0,-0.000483804,0,0.00882559,28,18.7,2.99941,-1.01423,1,-0.01413,-0.0214059,0,-0.273675,0.215769,0,0.0063973,29,18.7,-9.04726e-05,1.67895,1,0.00873592,0.491366,0,-0.0269821,-0.0990331,0,0.00958526,30,18.7,2.43833,-2.99956,1,-0.495758,0.0127349,0,-0.082612,0.236467,0,0.00815204,31,18.7,0.999202,-3,1,0.00413563,1.04308e-05,0,-0.00602752,-2.98023e-05,0,0.00905408,32,18.7,-2.99999,0.997513,1,1.60187e-05,0.00375295,0,-4.47035e-05,0.00812486,0,0.0104236,33,18.7,2.99816,1.00205,1,-0.0111569,-0.00332501,0,-0.00669062,-0.00760704,0,0.0103361,34,18.7,-1.37868,-0.421655,1,-0.5,0.494945,0,7.45058e-06,-0.0770018,0,0.0133113,35,18.7,-1.31348,-1.96233,1,0.495011,-0.0475416,0,0.00920892,-0.0464991,0,0.012061
0,18.8,0.983902,-0.999965,1,-0.0944629,0.000168383,0,-0.112355,-0.000953674,0,0.0114191,1,18.8,0.38012,-2.05201,1,-0.489533,-0.290042,0,0.119746,-1.00017,0,0.0099671,2,18.8,-0.34867,0.994753,1,0.493805,0.00683069,0,-0.0785291,0.0063777,0,0.010989,3,18.8,-2.99912,2.99999,1,-0.00365376,-5.96046e-06,0,0.00858307,0.000119209,0,0.0076903,4,18.8,-1.54883,-2.80726,1,-0.500003,-0.369287,0,5.96046e-05,0.347376,0,0.00849954,5,18.8,-2.99992,-0.657067,1,-0.000107288,-0.492547,0,0,0.0892878,0,0.0121741,6,18.8,-1.99751,3,1,-0.00330806,0,0,-0.00941753,0,0,0.00563127,7,18.8,-2,0.999995,1,5.96046e-06,-7.45058e-06,0,0,2.98023e-05,0,0.00857249,8,18.8,-0.716287,-1.01351,1,-0.5,0.0212163,0,-2.98023e-05,0.00536442,0,0.0152823,9,18.8,-2.00329,-1.63695,1,0.00431538,-0.496709,0,0.00393391,0.0521541,0,0.00990219,10,18.8,1.63569,1.01581,1,-0.488055,-0.00848174,0,-0.148892,-0.07236,0,0.0127642,11,18.8,2.99736,-2.53797,1,-0.0366867,-0.44288,0,-0.309944,-0.354767,0,0.00732632,12,18.8,0.994625,0.597909,1,-0.00328124,-0.5,0,0.0237226,-2.98023e-05,0,0.012076,13,18.8,-2,2,1,8.9407e-06,0,0,0,0,0,0.00806244,14,18.8,-2.61335,0.0087924,1,-0.498897,-0.00738194,0,0.0219345,-0.0214721,0,0.00856137,15,18.8,1.26664,-1.99991,1,-0.4774,-0.000238419,0,0.187218,0.000119209,0,0.0129232,16,18.8,-3.89007e-05,2.99885,1,5.26597e-08,0.00439286,0,0.000307429,-0.00905991,0,0.00972112,17,18.8,-3,-1.69022,1,0,-0.485235,0,0,0.151217,0,0.00768986,18,18.8,0.00521042,-1.33565,1,-0.0441173,0.490937,0,-0.327067,-0.102758,0,0.012639,19,18.8,1.43895,0.01145,1,0.500003,0.0394771,0,-5.96046e-05,-0.213196,0,0.0102046,20,18.8,3,2.45988,1,0,0.5,0,0,0,0,0.00526252,21,18.8,2.35107,2.99855,1,-0.494331,0.00365376,0,0.0739098,-0.00405312,0,0.00584729,22,18.8,1.00254,2.00001,1,0.00658929,4.76837e-05,0,-0.0377893,-0.000238419,0,0.0151086,23,18.8,2.03133,-2.32756,1,0.223941,0.478971,0,0.999928,-0.195146,0,0.00932533,24,18.8,3.7554e-05,0.00293234,1,-7.58082e-06,-0.00244175,0,-0.000272563,-0.0153551,0,0.0114917,25,18.8,1.98115,-1,1,-0.0431985,5.96046e-06,0,-0.262737,-5.96046e-05,0,0.010901,26,18.8,1.99699,2.27349,1,0.00243187,-0.478107,0,0.0119209,0.176072,0,0.0112254,27,18.8,2.30317,6.59133e-05,1,0.5,1.35213e-05,0,0,-0.000388001,0,0.00819431,28,18.8,2.99637,-1.01538,1,-0.0486791,-0.00264943,0,-0.396013,0.160098,0,0.0073649,29,18.8,0.000651818,1.72747,1,0.00614989,0.477615,0,-0.0245866,-0.178397,0,0.00979617,30,18.8,2.38848,-2.99684,1,-0.499874,0.0439227,0,-0.0025034,0.371695,0,0.00826757,31,18.8,0.999583,-2.99999,1,0.00347495,5.96046e-06,0,-0.00709295,0,0,0.008637,32,18.8,-2.99999,0.997921,1,1.78814e-05,0.00431836,0,-0.000238419,0.00339746,0,0.0096074,33,18.8,2.99705,1.00169,1,-0.010705,-0.00384152,0,0.0140667,-0.00298023,0,0.0116072,34,18.8,-1.42868,-0.372649,1,-0.500003,0.484142,0,5.96046e-05,-0.138372,0,0.0148093,35,18.8,-1.26389,-1.96726,1,0.497034,-0.0504643,0,0.0255108,-0.0129938,0,0.0144108
0,18.9,0.973339,-0.999952,1,-0.121578,8.27946e-05,0,-0.400074,-0.000771135,0,0.0114191,1,18.9,0.331748,-2.0858,1,-0.478122,-0.382835,0,0.107061,-0.826657,0,0.0099671,2,18.9,-0.301468,0.995461,1,0.436999,0.0072672,0,-0.884816,0.00244007,0,0.010989,3,18.9,-2.99944,2.99999,1,-0.0027936,3.72529e-06,0,0.00847876,5.96046e-05,0,0.0076903,4,18.9,-1.5988,-2.8424,1,-0.499075,-0.333203,0,0.0235215,0.37232,0,0.00849954,5,18.9,-2.99993,-0.70609,1,-0.000105426,-0.489709,0,4.47035e-05,-0.0183284,0,0.0121741,6,18.9,-1.99788,3,1,-0.00399891,0,0,-0.00456721,0,0,0.00563127,7,18.9,-2,0.999995,1,5.96046e-06,-4.37722e-06,0,0,3.35276e-05,0,0.00857249,8,18.9,-0.766287,-1.01138,1,-0.5,0.0212424,0,0,-0.00445545,0,0.0152823,9,18.9,-2.00284,-1.68627,1,0.00458211,-0.488526,0,0.00146031,0.114977,0,0.00990219,10,18.9,1.58632,1.01465,1,-0.497831,-0.0143964,0,-0.0523627,-0.04673,0,0.0127642,11,18.9,2.99189,-2.58384,1,-0.0747301,-0.472566,0,-0.43571,-0.236079,0,0.00732632,12,18.9,0.994414,0.547909,1,-0.000958983,-0.5,0,0.0225045,0,0,0.012076,13,18.9,-2,2,1,8.00937e-06,0,0,-2.23517e-05,0,0,0.00806244,14,18.9,-2.66297,0.0075916,1,-0.492048,-0.0197991,0,0.114799,-0.211607,0,0.00856137,15,18.9,1.21949,-1.99993,1,-0.468495,-0.000177696,0,0.00786781,0.0012219,0,0.0129232,16,18.9,-3.75098e-05,2.99925,1,2.62815e-05,0.00346303,0,0.000218464,-0.00935793,0,0.00972112,17,18.9,-3,-1.73838,1,0,-0.481156,0,0,-0.04071,0,0.00768986,18,18.9,-0.00149832,-1.28724,1,-0.0958395,0.475526,0,-0.674518,-0.202954,0,0.012639,19,18.9,1.48895,0.0153519,1,0.5,0.0477964,0,-7.45058e-06,0.341478,0,0.0102046,20,18.9,3,2.50866,1,0,0.464887,0,0,-0.642091,0,0.00526252,21,18.9,2.30255,2.99889,1,-0.47092,0.0032112,0,0.376433,-0.00473857,0,0.00584729,22,18.9,1.00249,2.00002,1,-0.0118923,2.57045e-05,0,-0.304092,-0.000193715,0,0.0151086,23,18.9,2.05867,-2.28079,1,0.32169,0.455109,0,0.931948,-0.278428,0,0.00932533,24,18.9,3.55759e-05,0.00262169,1,-3.05884e-05,-0.0036717,0,-0.000189004,-0.00939034,0,0.0114917,25,18.9,1.9759,-1,1,-0.058062,1.11759e-06,0,-0.0482649,-2.98023e-05,0,0.010901,26,18.9,1.99729,2.22722,1,0.0034146,-0.441399,0,0.00779331,0.531778,0,0.0112254,27,18.9,2.35317,6.5478e-05,1,0.5,-2.07339e-05,0,0,-0.000298323,0,0.00819431,28,18.9,2.99,-1.01493,1,-0.0743948,0.0107633,0,-0.133425,0.109367,0,0.0073649,29,18.9,-0.000248139,1.77411,1,-0.0359738,0.452934,0,-0.735634,-0.308871,0,0.00979617,30,18.9,2.33867,-2.9902,1,-0.494488,0.0922889,0,0.107735,0.577271,0,0.00826757,31,18.9,0.999895,-2.99947,1,0.0027474,0.0149827,0,-0.00736117,0.271991,0,0.008637,32,18.9,-2.99999,0.998362,1,-1.11759e-06,0.0044575,0,-0.000163913,-0.000439584,0,0.0096074,33,18.9,2.99608,1.00077,1,-0.00866763,-0.0189307,0,0.0254661,-0.271413,0,0.0116072,34,18.9,-1.47868,-0.32503,1,-0.5,0.467226,0,7.45058e-06,-0.198841,0,0.0148093,35,18.9,-1.21449,-1.97233,1,0.487003,-0.0506794,0,-0.21553,0.00809878,0,0.0144108
0,19,0.958911,-0.999947,1,-0.169073,1.19209e-05,0,-0.525653,-0.000655651,0,0.0125771,1,19,0.284441,-2.12776,1,-0.468352,-0.45135,0,0.0874329,-0.532627,0,0.011701,2,19,-0.262537,0.996194,1,0.339878,0.00733435,0,-0.999987,-0.000953674,0,0.0122467,3,19,-2.99968,2.99999,1,-0.00197887,1.19209e-05,0,0.0077486,0,0,0.00619421,4,19,-1.64852,-2.87383,1,-0.494421,-0.295204,0,0.0733137,0.38588,0,0.00880292,5,19,-2.99994,-0.755233,1,-0.000101328,-0.493641,0,0,-0.0488162,0,0.00891229,6,19,-1.9983,3,1,-0.00424981,0,0,-0.000655651,0,0,0.00487747,7,19,-2,0.999994,1,5.96046e-06,-1.49012e-06,0,-0.000119209,2.98023e-05,0,0.00965705,8,19,-0.816287,-1.00929,1,-0.5,0.0203997,0,-2.98023e-05,-0.0119805,0,0.0143559,9,19,-2.00238,-1.73442,1,0.00461936,-0.473168,0,-0.000715256,0.194013,0,0.00961311,10,19,1.53638,1.01301,1,-0.500003,-0.0179797,0,5.96046e-05,-0.02563,0,0.0129816,11,19,2.98214,-2.63206,1,-0.121051,-0.489652,0,-0.478029,-0.103951,0,0.00648632,12,19,0.994427,0.497909,1,0.00118166,-0.5,0,0.0201166,1.43051e-05,0,0.01095,13,19,-2,2,1,5.96046e-06,0,0,0,0,0,0.00924276,14,19,-2.71145,0.00434512,1,-0.476038,-0.0468878,0,0.204682,-0.317275,0,0.0108049,15,19,1.1725,-1.99994,1,-0.472817,2.68221e-05,0,-0.0812411,0.00298023,0,0.0119127,16,19,-3.3927e-05,2.99955,1,4.40375e-05,0.00254512,0,0.000138251,-0.00882149,0,0.00820138,17,19,-3,-1.78683,1,0,-0.488621,0,0,-0.090003,0,0.00943366,18,19,-0.0148013,-1.24085,1,-0.172985,0.450853,0,-0.840877,-0.28795,0,0.0144991,19,19,1.53895,0.0224919,1,0.500003,0.100705,0,-5.96046e-05,0.684133,0,0.0130958,20,19,3,2.55129,1,0,0.382608,0,0,-0.953197,0,0.00461634,21,19,2.25772,2.99919,1,-0.4224,0.00271797,0,0.578284,-0.005126,0,0.00583673,22,19,0.999532,2.00002,1,-0.049293,5.96046e-06,0,-0.422299,-0.000119209,0,0.0168564,23,19,2.09521,-2.23678,1,0.405473,0.423992,0,0.718355,-0.340819,0,0.00844547,24,19,3.17001e-05,0.0022164,1,-4.56871e-05,-0.00434965,0,-0.000114611,-0.00432064,0,0.0140793,25,19,1.97012,-1,1,-0.0553578,-2.98023e-06,0,0.0909567,5.96046e-05,0,0.0126187,26,19,1.99766,2.18615,1,0.00400245,-0.37657,0,0.00405312,0.742674,0,0.0098982,27,19,2.40317,6.2053e-05,1,0.5,-4.63961e-05,0,0,-0.000216231,0,0.00766768,28,19,2.98222,-1.01339,1,-0.0781536,0.0194669,0,0.0456572,0.0659227,0,0.00722392,29,19,-0.00813221,1.81768,1,-0.126088,0.417051,0,-1,-0.403106,0,0.0102678,30,19,2.28993,-2.97787,1,-0.478828,0.155967,0,0.203013,0.680566,0,0.00864496,31,19,1.00013,-2.99635,1,0.0020206,0.0494957,0,-0.00709295,0.396729,0,0.00794593,32,19,-2.99999,0.998801,1,-5.96046e-06,0.00426322,0,-0.000238419,-0.00327826,0,0.0106108,33,19,2.99535,0.997262,1,-0.00581741,-0.0532478,0,0.0303984,-0.39354,0,0.00860903,34,19,-1.52868,-0.279394,1,-0.500003,0.444606,0,5.96046e-05,-0.252389,0,0.0119606,35,19,-1.16719,-1.97733,1,0.455961,-0.0489593,0,-0.395656,0.0256896,0,0.0116626
0,19.1,0.939019,-0.999949,1,-0.231655,-4.1537e-05,0,-0.69996,-0.000424683,0,0.0125771,1,19.1,0.237647,-2.17497,1,-0.470648,-0.48761,0,-0.101544,-0.21334,0,0.011701,2,19.1,-0.23355,0.996917,1,0.239879,0.00707339,0,-0.999997,-0.00411272,0,0.0122467,3,19.1,-2.99984,3,1,-0.00126511,1.19209e-05,0,0.0064671,0,0,0.00619421,4,19.1,-1.69749,-2.90141,1,-0.483917,-0.256363,0,0.139475,0.389189,0,0.00880292,5,19.1,-2.99995,-0.804836,1,-9.90927e-05,-0.498187,0,5.96046e-05,-0.0347048,0,0.00891229,6,19.1,-1.99872,3,1,-0.00415724,0,0,0.00234693,0,0,0.00487747,7,19.1,-2,0.999994,1,-3.72529e-06,1.39698e-06,0,-5.96046e-05,2.6077e-05,0,0.00965705,8,19.1,-0.866287,-1.00732,1,-0.5,0.0189278,0,0,-0.0171661,0,0.0143559,9,19.1,-2.00193,-1.78058,1,0.00444949,-0.448434,0,-0.0025928,0.297405,0,0.00961311,10,19.1,1.48638,1.01112,1,-0.5,-0.019682,0,7.45058e-06,-0.00905246,0,0.0129816,11,19.1,2.96747,-2.68126,1,-0.173608,-0.491393,0,-0.557616,0.064835,0,0.00648632,12,19.1,0.994639,0.447909,1,0.00298293,-0.499999,0,0.0159107,3.71784e-05,0,0.01095,13,19.1,-2,2,1,5.21541e-06,0,0,-1.49012e-05,0,0,0.00924276,14,19.1,-2.75786,-0.00232792,1,-0.450357,-0.0899996,0,0.304908,-0.523238,0,0.0108049,15,19.1,1.12464,-1.99993,1,-0.485257,0.000255555,0,-0.137761,0.00165403,0,0.0119127,16,19.1,-2.89539e-05,2.99976,1,5.42621e-05,0.00171438,0,6.85171e-05,-0.0077188,0,0.00820138,17,19.1,-3,-1.83614,1,0,-0.497062,0,0,-0.0628531,0,0.00943366,18,19.1,-0.0364215,-1.19736,1,-0.259933,0.417547,0,-0.872499,-0.373289,0,0.0144991,19,19.1,1.5888,0.0365951,1,0.495397,0.185899,0,-0.0898317,0.960517,0,0.0130958,20,19.1,3,2.58469,1,0,0.284801,0,0,-0.994146,0,0.00461634,21,19.1,2.21914,2.99943,1,-0.343346,0.00220016,0,0.934452,-0.0051856,0,0.00583673,22,19.1,0.991723,2.00002,1,-0.113378,-4.47035e-06,0,-0.813335,-8.9407e-05,0,0.0168564,23,19.1,2.13887,-2.19617,1,0.462956,0.387678,0,0.427857,-0.382572,0,0.00844547,24,19.1,2.66702e-05,0.00176714,1,-5.38488e-05,-0.00456715,0,-5.08364e-05,-0.000206723,0,0.0140793,25,19.1,1.96518,-1,1,-0.04218,2.04891e-06,0,0.164628,3.72529e-05,0,0.0126187,26,19.1,1.99808,2.15266,1,0.00422746,-0.28971,0,0.000476837,0.956073,0,0.0098982,27,19.1,2.45268,5.62364e-05,1,0.485466,-7.37509e-05,0,-0.276297,-0.000442029,0,0.00766768,28,19.1,2.97484,-1.01117,1,-0.0678405,0.0242013,0,0.151128,0.030145,0,0.00722392,29,19.1,-0.0257388,1.85729,1,-0.22598,0.374217,0,-0.99568,-0.449851,0,0.0102678,30,19.1,2.24324,-2.95843,1,-0.453067,0.236262,0,0.307351,0.881523,0,0.00864496,31,19.1,1.0003,-2.98906,1,0.00135954,0.0993658,0,-0.00589341,0.575855,0,0.00794593,32,19.1,-3,0.999207,1,-1.9744e-05,0.00383332,0,-4.47035e-05,-0.00517815,0,0.0106108,33,19.1,2.99492,0.989735,1,-0.00281706,-0.099157,0,0.0292361,-0.505634,0,0.00860903,34,19.1,-1.57868,-0.236273,1,-0.499883,0.417064,0,0.00468642,-0.297314,0,0.0119606,35,19.1,-1.12379,-1.98207,1,0.410075,-0.045694,0,-0.513844,0.0390708,0,0.0116626
0,19.2,0.912245,-0.999955,1,-0.304386,-7.45058e-05,0,-0.733912,-0.000238419,0,0.0128753,1,19.2,0.189968,-2.22443,1,-0.483466,-0.498533,0,-0.134669,-0.0293255,0,0.0155307,2,19.2,-0.214562,0.997599,1,0.139879,0.00654161,0,-0.999987,-0.0063777,0,0.0146024,3,19.2,-2.99994,3,1,-0.000691414,5.96046e-06,0,0.00500679,0.000119209,0,0.00700068,4,19.2,-1.74506,-2.92511,1,-0.466117,-0.217706,0,0.217974,0.382423,0,0.0090163,5,19.2,-2.99996,-0.854771,1,-8.9407e-05,-0.499937,0,0,-0.0012517,0,0.00972859,6,19.2,-1.99912,3,1,-0.00380874,0,0,0.00441074,0,0,0.00553518,7,19.2,-2,0.999995,1,-5.96046e-06,4.47035e-06,0,-0.000119209,0,0,0.00921131,8,19.2,-0.916287,-1.00552,1,-0.5,0.0170201,0,-2.98023e-05,-0.020802,0,0.0131877,9,19.2,-2.0015,-1.82379,1,0.00411272,-0.414354,0,-0.0038147,0.380754,0,0.00865203,10,19.2,1.43638,1.00913,1,-0.500003,-0.0199109,0,5.96046e-05,0.0038147,0,0.0128807,11,19.2,2.9473,-2.72982,1,-0.229764,-0.47754,0,-0.553012,0.207782,0,0.00711795,12,19.2,0.995009,0.397909,1,0.00436604,-0.499985,0,0.0117719,0.000298023,0,0.0130898,13,19.2,-2,2,1,2.98023e-06,0,0,0,0,0,0.00914764,14,19.2,-2.80123,-0.0141338,1,-0.415832,-0.147555,0,0.381589,-0.60978,0,0.00902599,15,19.2,1.07551,-1.99989,1,-0.496337,0.000366569,0,-0.0732541,0.000596046,0,0.0128963,16,19.2,-2.32845e-05,2.99989,1,5.8188e-05,0.00101924,0,1.21945e-05,-0.00619888,0,0.00801825,17,19.2,-3,-1.88605,1,0,-0.5,0,0,0,0,0.00760481,18,19.2,-0.0666585,-1.15758,1,-0.343159,0.377116,0,-0.774361,-0.430882,0,0.0110148,19,19.2,1.63775,0.0601061,1,0.482473,0.284912,0,-0.166595,1,0,0.0127192,20,19.2,3,2.60819,1,0,0.184953,0,0,-1.00017,0,0.00710675,21,19.2,2.18966,2.99963,1,-0.245202,0.00169277,0,1.00005,-0.00488758,0,0.00740108,22,19.2,0.975987,2.00002,1,-0.203736,-1.19209e-05,0,-0.957668,-0.000119209,0,0.0138116,23,19.2,2.18684,-2.15936,1,0.491881,0.348026,0,0.162363,-0.408053,0,0.00872441,24,19.2,2.11211e-05,0.00131495,1,-5.62868e-05,-0.004425,0,-3.08501e-08,0.00288724,0,0.014215,25,19.2,1.96185,-1,1,-0.0238568,2.98023e-06,0,0.195503,5.96046e-05,0,0.0109366,26,19.2,1.9985,2.12859,1,0.00410676,-0.191003,0,-0.00292063,1.00005,0,0.0124666,27,19.2,2.49949,4.55203e-05,1,0.447446,-0.000153969,0,-0.471473,-0.00124283,0,0.0100074,28,19.2,2.96892,-1.00865,1,-0.0496447,0.0257641,0,0.205398,0.00226498,0,0.00665607,29,19.2,-0.0532806,1.89241,1,-0.32436,0.327787,0,-0.965437,-0.475466,0,0.00974453,30,19.2,2.19961,-2.93036,1,-0.418293,0.324762,0,0.383854,0.857353,0,0.00869264,31,19.2,1.00041,-2.97612,1,0.000882149,0.160199,0,-0.00357628,0.620961,0,0.00997839,32,19.2,-3,0.999563,1,-1.78814e-05,0.00325441,0,0,-0.00622869,0,0.0100467,33,19.2,2.99478,0.977237,1,-3.57628e-05,-0.150973,0,0.0259876,-0.515699,0,0.00717969,34,19.2,-1.62861,-0.196119,1,-0.498125,0.385382,0,0.0374317,-0.33506,0,0.0111438,35,19.2,-1.08549,-1.98643,1,0.354749,-0.0412524,0,-0.585318,0.0492334,0,0.0112683
0,19.3,0.87822,-0.999964,1,-0.374811,-9.12696e-05,0,-0.656493,-9.68575e-05,0,0.0128753,1,19.3,0.141012,-2.27437,1,-0.494779,-0.499908,0,-0.0824765,-0.00366569,0,0.0155307,2,19.3,-0.205574,0.998219,1,0.0398793,0.00583446,0,-0.999997,-0.00766292,0,0.0146024,3,19.3,-2.99999,3,1,-0.000272691,1.15484e-05,0,0.00342727,1.49012e-05,0,0.00700068,4,19.3,-1.79041,-2.94499,1,-0.439233,-0.180047,0,0.316262,0.368774,0,0.0090163,5,19.3,-2.99997,-0.904769,1,-8.49366e-05,-0.499996,0,5.96046e-05,-0.000163913,0,0.00972859,6,19.3,-1.99948,3,1,-0.00329819,0,0,0.00568479,0,0,0.00553518,7,19.3,-2,0.999995,1,-1.41561e-05,4.56348e-06,0,-2.98023e-05,3.72529e-06,0,0.00921131,8,19.3,-0.966287,-1.00392,1,-0.5,0.01486,0,0,-0.0222251,0,0.0131877,9,19.3,-2.00111,-1.86322,1,0.0036791,-0.373223,0,-0.00476837,0.438817,0,0.00865203,10,19.3,1.38644,1.00717,1,-0.498147,-0.0190308,0,0.0407696,0.0132844,0,0.0128807,11,19.3,2.92151,-2.7763,1,-0.286168,-0.449859,0,-0.565812,0.339136,0,0.00711795,12,19.3,0.995497,0.347911,1,0.0053213,-0.499992,0,0.00755861,-0.000182465,0,0.0130898,13,19.3,-2,2,1,2.23517e-06,0,0,-1.49012e-05,0,0,0.00914764,14,19.3,-2.84079,-0.0321677,1,-0.374217,-0.214933,0,0.445575,-0.718766,0,0.00902599,15,19.3,1.02565,-1.99986,1,-0.499771,0.000394322,0,-0.00916421,-7.45058e-06,0,0.0128963,16,19.3,-1.74818e-05,2.99997,1,5.71537e-05,0.000483915,0,-3.06061e-05,-0.00448525,0,0.00801825,17,19.3,-3,-1.93605,1,0,-0.5,0,0,0,0,0.00760481,18,19.3,-0.104628,-1.12208,1,-0.413581,0.332456,0,-0.616698,-0.458904,0,0.0110148,19,19.3,1.68504,0.0933312,1,0.461951,0.376383,0,-0.240959,0.808861,0,0.0127192,20,19.3,3,2.62168,1,0,0.0849448,0,0,-1.00002,0,0.00710675,21,19.3,2.17014,2.99978,1,-0.145199,0.00122897,0,1,-0.00433624,0,0.00740108,22,19.3,0.95081,2.00002,1,-0.299202,-2.16067e-05,0,-0.922538,-5.96046e-05,0,0.0138116,23,19.3,2.23652,-2.12661,1,0.499492,0.306773,0,0.0202954,-0.415072,0,0.00872441,24,19.3,1.55607e-05,0.000890785,1,-5.429e-05,-0.00402322,0,3.78314e-05,0.00499588,0,0.014215,25,19.3,1.96044,-1,1,-0.00435617,7.82311e-06,0,0.190847,2.98023e-05,0,0.0109366,26,19.3,1.99889,2.11449,1,0.0037184,-0.091048,0,-0.00498444,0.998095,0,0.0124666,27,19.3,2.54103,-7.26465e-05,1,0.37658,-0.00307467,0,-0.886366,-0.0532094,0,0.0100074,28,19.3,2.96501,-1.0061,1,-0.028275,0.0249278,0,0.21711,-0.0178069,0,0.00665607,29,19.3,-0.0902158,1.9228,1,-0.410432,0.280078,0,-0.732645,-0.476345,0,0.00974453,30,19.3,2.15979,-2.89377,1,-0.377357,0.404441,0,0.431195,0.707909,0,0.00869264,31,19.3,1.00055,-2.9569,1,0.00240114,0.224539,0,0.0313446,0.651956,0,0.00997839,32,19.3,-3,0.999856,1,-1.3411e-05,0.00260789,0,5.96046e-05,-0.00660866,0,0.0100467,33,19.3,2.99489,0.959466,1,0.00229701,-0.204961,0,0.0206232,-0.547633,0,0.00717969,34,19.3,-1.67832,-0.159334,1,-0.496849,0.349624,0,-0.00560284,-0.376856,0,0.0111438,35,19.3,-1.053,-1.9903,1,0.294536,-0.0359671,0,-0.612214,0.0558123,0,0.0112683
0,19.4,0.837699,-0.999973,1,-0.432898,-9.68575e-05,0,-0.495523,2.98023e-05,0,0.0116463,1,19.4,0.0912448,-2.32437,1,-0.499371,-0.5,0,-0.0125748,0,0,0.0121645,2,19.4,-0.206586,0.998763,1,-0.060121,0.00502765,0,-0.999987,-0.00840425,0,0.0121725,3,19.4,-3,3,1,0,1.19209e-05,0,0.00202656,0,0,0.00520348,4,19.4,-1.83261,-2.96119,1,-0.403556,-0.144315,0,0.393808,0.344396,0,0.00817343,5,19.4,-2.99998,-0.954769,1,-7.15256e-05,-0.5,0,0.000119209,-2.98023e-05,0,0.00967455,6,19.4,-1.99978,3,1,-0.00269413,0,0,0.00625849,0,0,0.00584229,7,19.4,-2,0.999996,1,-1.78814e-05,4.47035e-06,0,0,0,0,0.00859952,8,19.4,-1.01629,-1.00255,1,-0.5,0.0126034,0,0,-0.0227094,0,0.0120734,9,19.4,-2.00076,-1.89827,1,0.00317097,-0.327215,0,-0.00536442,0.478089,0,0.00863759,10,19.4,1.33692,1.00535,1,-0.491214,-0.0173509,0,0.100493,0.0198483,0,0.0114211,11,19.4,2.89011,-2.81942,1,-0.341231,-0.410986,0,-0.527859,0.432134,0,0.00817532,12,19.4,0.996062,0.297911,1,0.00591874,-0.5,0,0.00458956,1.43051e-05,0,0.0137632,13,19.4,-1.99999,2,1,0,0,0,0,0,0,0.00802839,14,19.4,-2.87591,-0.0573038,1,-0.327682,-0.287889,0,0.48089,-0.725173,0,0.0102495,15,19.4,0.975652,-1.99982,1,-0.5,0.000369549,0,-2.98023e-05,-0.000476837,0,0.0134025,16,19.4,-1.19744e-05,3,1,5.24954e-05,0.000113249,0,-6.05464e-05,-0.00286102,0,0.00713595,17,19.4,-3,-1.98605,1,0,-0.5,0,0,0,0,0.00803657,18,19.4,-0.148707,-1.09115,1,-0.464196,0.285971,0,-0.389926,-0.467896,0,0.0111014,19,19.4,1.72992,0.134575,1,0.434831,0.443896,0,-0.298679,0.534072,0,0.0109816,20,19.4,3,2.62518,1,0,-0.0150502,0,0,-1.00017,0,0.00627652,21,19.4,2.16062,2.99988,1,-0.0452042,0.000828505,0,1.00017,-0.00357628,0,0.00600471,22,19.4,0.916525,2.00002,1,-0.38356,-2.98023e-05,0,-0.746906,0,0,0.0156558,23,19.4,2.28651,-2.09801,1,0.5,0.265384,0,0,-0.411153,0,0.00827354,24,19.4,1.03686e-05,0.000515872,1,-4.91216e-05,-0.00345404,0,6.36617e-05,0.00625788,0,0.0179128,25,19.4,1.96093,-1,1,0.0136942,7.45058e-06,0,0.167429,5.96046e-05,0,0.00994326,26,19.4,1.99923,2.11036,1,0.00309348,0.00824332,0,-0.007689,0.984669,0,0.0100101,27,19.4,2.57396,-0.000704308,1,0.280219,-0.0100519,0,-1.00017,-0.082856,0,0.0122899,28,19.4,2.96326,-1.00372,1,-0.00707507,0.0224262,0,0.203133,-0.0311732,0,0.00574497,29,19.4,-0.134409,1.94844,1,-0.468137,0.232962,0,-0.417285,-0.463903,0,0.0105665,30,19.4,2.12426,-2.8502,1,-0.332749,0.46249,0,0.457644,0.442743,0,0.00830281,31,19.4,1.00098,-2.93124,1,0.00666082,0.288105,0,0.0516176,0.608206,0,0.0121563,32,19.4,-3,1.00008,1,-5.96046e-06,0.00194907,0,0.000119209,-0.0064373,0,0.0111215,33,19.4,2.99522,0.936292,1,0.00408292,-0.257599,0,0.0151396,-0.492603,0,0.00784961,34,19.4,-1.72806,-0.126302,1,-0.498188,0.310625,0,-0.0168085,-0.400223,0,0.0137829,35,19.4,-1.02661,-1.99361,1,0.233525,-0.0302136,0,-0.602603,0.058651,0,0.0110623
0,19.5,0.79225,-0.999982,1,-0.472837,-9.12696e-05,0,-0.301562,8.19564e-05,0,0.0116463,1,19.5,0.0412691,-2.37437,1,-0.499961,-0.5,0,-0.00157215,0,0,0.0121645,2,19.5,-0.217598,0.999224,1,-0.16012,0.00418443,0,-0.999997,-0.00840425,0,0.0121725,3,19.5,-2.99999,3,1,0.000150502,7.45058e-06,0,0.00101328,-5.96046e-05,0,0.00520348,4,19.5,-1.87091,-2.97395,1,-0.361419,-0.111445,0,0.445843,0.311688,0,0.00817343,5,19.5,-2.99999,-1.00477,1,-5.92321e-05,-0.5,0,0.00013411,7.45058e-06,0,0.00967455,6,19.5,-2.00001,3,1,-0.00206493,0,0,0.00624359,0,0,0.00584229,7,19.5,-2.00001,0.999996,1,-1.60187e-05,4.47035e-06,0,4.47035e-05,0,0,0.00859952,8,19.5,-1.06629,-1.0014,1,-0.5,0.0103584,0,0,-0.0221059,0,0.0120734,9,19.5,-2.00047,-1.92856,1,0.0026226,-0.278275,0,-0.00554323,0.496648,0,0.00863759,10,19.5,1.28801,1.00371,1,-0.489313,-0.015226,0,-0.0375584,0.0224113,0,0.0114211,11,19.5,2.85326,-2.85824,1,-0.396093,-0.364456,0,-0.541776,0.492662,0,0.00817532,12,19.5,0.996669,0.247911,1,0.00616685,-0.5,0,0.000536442,-1.78814e-06,0,0.0137632,13,19.5,-1.99999,2,1,-1.86265e-07,0,0,-7.45058e-06,0,0,0.00802839,14,19.5,-2.90625,-0.089727,1,-0.278851,-0.360028,0,0.491709,-0.693333,0,0.0102495,15,19.5,0.925652,-1.99978,1,-0.5,0.000307709,0,0,-0.000730157,0,0.0134025,16,19.5,-7.06177e-06,2.99999,1,4.54591e-05,-0.000106916,0,-7.84369e-05,-0.00159442,0,0.00713595,17,19.5,-3,-2.03605,1,0,-0.5,0,0,0,0,0.00803657,18,19.5,-0.196673,-1.06486,1,-0.491307,0.240097,0,-0.161704,-0.448264,0,0.0111014,19,19.5,1.77183,0.181152,1,0.402674,0.482958,0,-0.341959,0.254203,0,0.0109816,20,19.5,3,2.61867,1,0,-0.115059,0,0,-1.00002,0,0.00627652,21,19.5,2.1611,2.99994,1,0.0548042,0.000505149,0,1.00002,-0.00289083,0,0.00600471,22,19.5,0.874794,2.00001,1,-0.447082,-2.94298e-05,0,-0.510517,1.49012e-05,0,0.0156558,23,19.5,2.33651,-2.0735,1,0.5,0.225019,0,0,-0.394925,0,0.00827354,24,19.5,5.80315e-06,0.000202839,1,-4.19441e-05,-0.00279842,0,7.82956e-05,0.00675219,0,0.0179128,25,19.5,1.96308,-0.999999,1,0.0286177,1.1269e-05,0,0.130236,1.86265e-05,0,0.00994326,26,19.5,1.99944,2.11612,1,0.000599213,0.107086,0,-0.0396892,0.983015,0,0.0100101,27,19.5,2.59699,-0.0020759,1,0.180211,-0.0169099,0,-1.00002,-0.0546599,0,0.0122899,28,19.5,2.96351,-1.00165,1,0.0116453,0.0189042,0,0.169665,-0.0384375,0,0.00574497,29,19.5,-0.182792,1.96947,1,-0.494799,0.188205,0,-0.134654,-0.430405,0,0.0105665,30,19.5,2.09328,-2.80222,1,-0.286888,0.492572,0,0.457481,0.170439,0,0.00830281,31,19.5,1.00202,-2.89949,1,0.0149479,0.345536,0,0.107206,0.537246,0,0.0121563,32,19.5,-3,1.00025,1,3.72529e-06,0.00133086,0,5.96046e-05,-0.00589341,0,0.0111215,33,19.5,2.99569,0.908017,1,0.00527091,-0.308103,0,0.00883639,-0.504993,0,0.00784961,34,19.5,-1.77796,-0.0972559,1,-0.499643,0.270216,0,-0.00938773,-0.40566,0,0.0137829,35,19.5,-1.00621,-1.99634,1,0.175154,-0.0243543,0,-0.560951,0.0580475,0,0.0110623
0,19.6,0.743773,-0.999991,1,-0.493729,-8.04663e-05,0,-0.123113,8.9407e-05,0,0.00958097,1,19.6,-0.00873009,-2.42437,1,-0.5,-0.5,0,-1.19209e-06,0,0,0.0113222,2,19.6,-0.23861,0.9996,1,-0.260121,0.00335723,0,-0.999987,-0.00816584,0,0.0109207,3,19.6,-2.99997,3,1,0.000214577,0,0,0.000357628,0,0,0.00511219,4,19.6,-1.90476,-2.9836,1,-0.315017,-0.0822067,0,0.479162,0.272393,0,0.00744877,5,19.6,-2.99999,-1.05477,1,-4.76837e-05,-0.5,0,0.000238419,0,0,0.00845367,6,19.6,-2.00019,3,1,-0.00146031,0,0,0.00596046,0,0,0.00647048,7,19.6,-2.00001,0.999997,1,-1.78814e-05,4.47035e-06,0,0.000238419,2.98023e-05,0,0.00826872,8,19.6,-1.11629,-1.00047,1,-0.500003,0.0082016,0,5.96046e-05,-0.020951,0,0.0123979,9,19.6,-2.00024,-1.95391,1,0.00207424,-0.22864,0,-0.00548363,0.492632,0,0.00912699,10,19.6,1.23882,1.00231,1,-0.494802,-0.0129074,0,-0.0579953,0.023663,0,0.0135103,11,19.6,2.81109,-2.89217,1,-0.445247,-0.313532,0,-0.425458,0.520825,0,0.00857527,12,19.6,0.997283,0.197911,1,0.00605583,-0.5,0,-0.0025928,0,0,0.0150237,13,19.6,-2,2,1,0,0,0,-5.96046e-05,0,0,0.00820956,14,19.6,-2.93168,-0.128987,1,-0.230074,-0.422712,0,0.480413,-0.546172,0,0.00791862,15,19.6,0.875652,-1.99976,1,-0.5,0.000223517,0,-2.98023e-05,-0.000834465,0,0.0117863,16,19.6,-2.92557e-06,2.99998,1,3.71265e-05,-0.000214577,0,-8.67741e-05,-0.000715256,0,0.00704613,17,19.6,-3,-2.08605,1,0,-0.5,0,0,0,0,0.00527465,18,19.6,-0.246324,-1.04305,1,-0.499253,0.19657,0,-0.0149381,-0.421226,0,0.0109595,19,19.6,1.81034,0.230337,1,0.366911,0.497356,0,-0.37092,0.0528765,0,0.0117656,20,19.6,3,2.60216,1,0,-0.215054,0,0,-1.00017,0,0.00525639,21,19.6,2.17158,2.99998,1,0.154799,0.0002563,0,1.00017,-0.00214577,0,0.00612893,22,19.6,0.827983,2.00001,1,-0.484696,-2.98023e-05,0,-0.245124,0.000119209,0,0.0126945,23,19.6,2.38651,-2.05294,1,0.5,0.186628,0,0,-0.371814,0,0.007642,24,19.6,2.01341e-06,-4.31309e-05,1,-3.37524e-05,-0.00212196,0,8.42322e-05,0.00669593,0,0.0145216,25,19.6,1.96652,-0.999998,1,0.0396341,1.19209e-05,0,0.0898242,0,0,0.0111197,26,19.6,1.99927,2.13166,1,-0.00437498,0.202453,0,-0.0576973,0.909567,0,0.0107544,27,19.6,2.61001,-0.00399599,1,0.0802159,-0.0210601,0,-1.00017,-0.0287532,0,0.0104785,28,19.6,2.96546,-0.999957,1,0.0266135,0.0148892,0,0.128865,-0.0411272,0,0.00646413,29,19.6,-0.232645,1.9862,1,-0.5,0.147033,0,-7.15256e-06,-0.392497,0,0.00958217,30,19.6,2.06687,-2.75245,1,-0.241643,0.499988,0,0.445485,0.000238419,0,0.00817481,31,19.6,1.00409,-2.86239,1,0.0268489,0.39503,0,0.12511,0.450373,0,0.0115096,32,19.6,-3,1.00035,1,5.96046e-06,0.000780821,0,0.000119209,-0.005126,0,0.0116449,33,19.6,2.99625,0.874748,1,0.00588894,-0.356361,0,0.00357628,-0.450283,0,0.00733731,34,19.6,-1.82795,-0.0722553,1,-0.500003,0.229919,0,5.96046e-05,-0.398332,0,0.013173,35,19.6,-0.991404,-1.99848,1,0.121993,-0.018695,0,-0.499576,0.0547171,0,0.0114217
0,19.7,0.694019,-0.999999,1,-0.499579,-6.96629e-05,0,-0.0162572,0.000119209,0,0.00958097,1,19.7,-0.0587301,-2.47435,1,-0.5,-0.499352,0,2.98023e-07,0.0150353,0,0.0113222,2,19.7,-0.269432,0.999896,1,-0.353813,0.00257632,0,-0.851078,-0.00743195,0,0.0109207,3,19.7,-2.99995,3,1,0.000224262,0,0,-0.000149012,0,0,0.00511219,4,19.7,-1.93383,-2.99053,1,-0.266263,-0.0571243,0,0.492051,0.228643,0,0.00744877,5,19.7,-3,-1.10477,1,-2.75671e-05,-0.5,0,0.000149012,0,0,0.00845367,6,19.7,-2.00031,3,1,-0.000901148,0,0,0.00520051,0,0,0.00647048,7,19.7,-2.00001,0.999997,1,1.11759e-06,6.89179e-06,0,0.000163913,1.49012e-05,0,0.00826872,8,19.7,-1.16629,-0.999754,1,-0.5,0.00621043,0,7.45058e-06,-0.0188574,0,0.0123979,9,19.7,-2.00006,-1.97434,1,0.00154655,-0.18048,0,-0.00504404,0.467643,0,0.00912699,10,19.7,1.1891,1.00113,1,-0.4991,-0.0105808,0,-0.0244826,0.0227913,0,0.0135103,11,19.7,2.76473,-2.9209,1,-0.478926,-0.261164,0,-0.247434,0.522166,0,0.00857527,12,19.7,0.997872,0.147911,1,0.00569336,-0.5,0,-0.0045523,-1.3411e-06,0,0.0150237,13,19.7,-2,2,1,-5.02914e-06,0,0,-3.72529e-05,0,0,0.00820956,14,19.7,-2.95233,-0.173656,1,-0.183365,-0.467241,0,0.451058,-0.341875,0,0.00791862,15,19.7,0.825652,-1.99974,1,-0.5,0.000138022,0,0,-0.000856817,0,0.0117863,16,19.7,3.50727e-07,2.99995,1,2.84013e-05,-0.000251457,0,-8.66872e-05,-4.47035e-05,0,0.00704613,17,19.7,-3,-2.13605,1,0,-0.5,0,0,0,0,0.00527465,18,19.7,-0.296295,-1.02544,1,-0.499953,0.156225,0,-0.00186905,-0.385024,0,0.0109595,19,19.7,1.84515,0.280234,1,0.328996,0.499835,0,-0.385508,0.00661135,0,0.0117656,20,19.7,3,2.57588,1,0,-0.308063,0,0,-0.851631,0,0.00525639,21,19.7,2.19205,3,1,0.254409,7.6741e-05,0,0.984088,-0.00146031,0,0.00612893,22,19.7,0.778675,2.00001,1,-0.498282,-1.9744e-05,0,-0.0535026,7.45058e-05,0,0.0126945,23,19.7,2.43651,-2.03608,1,0.5,0.151088,0,0,-0.338599,0,0.007642,24,19.7,-9.41135e-07,-0.000222589,1,-2.53668e-05,-0.00147593,0,8.25599e-05,0.00617385,0,0.0145216,25,19.7,1.97087,-0.999997,1,0.0465291,1.08033e-05,0,0.0487939,-1.49012e-05,0,0.0111197,26,19.7,1.99858,2.15649,1,-0.00920072,0.293718,0,-0.0389963,0.889212,0,0.0107544,27,19.7,2.61303,-0.00617896,1,-0.0197925,-0.0219807,0,-1.00002,0.00838115,0,0.0104785,28,19.7,2.96869,-0.998673,1,0.0372134,0.0108138,0,0.0835657,-0.0399277,0,0.00646413,29,19.7,-0.282645,1.99902,1,-0.5,0.109984,0,2.68221e-06,-0.34824,0,0.00958217,30,19.7,2.04489,-2.70245,1,-0.198302,0.499999,0,0.420064,2.98023e-05,0,0.00817481,31,19.7,1.00726,-2.82063,1,0.0352053,0.439594,0,0.045456,0.417411,0,0.0115096,32,19.7,-3,1.00041,1,1.41561e-05,0.000316091,0,2.98023e-05,-0.00414997,0,0.0116449,33,19.7,2.99685,0.836725,1,0.00602528,-0.404713,0,-0.000655651,-0.48833,0,0.00733731,34,19.7,-1.87795,-0.0512164,1,-0.5,0.191266,0,7.45058e-06,-0.373942,0,0.013173,35,19.7,-0.981578,-2.00009,1,0.0758115,-0.0134876,0,-0.422969,0.0491813,0,0.0114217
0,19.8,0.644028,-1.00001,1,-0.5,-5.66244e-05,0,-2.98023e-05,0.000119209,0,0.0145818,1,19.8,-0.10873,-2.52417,1,-0.5,-0.496608,0,3.57628e-06,0.041604,0,0.012979,2,19.8,-0.308681,1.00012,1,-0.427026,0.00187457,0,-0.602826,-0.00661612,0,0.0109752,3,19.8,-2.99993,3,1,0.000196695,0,0,-0.000476837,0,0,0.00562394,4,19.8,-1.958,-2.99517,1,-0.217324,-0.0365555,0,0.483453,0.182867,0,0.00764759,5,19.8,-3,-1.15477,1,-1.19209e-05,-0.500003,0,0.000119209,5.96046e-05,0,0.00684795,6,19.8,-2.00037,3,1,-0.000423193,0,0,0.00417233,0,0,0.00560727,7,19.8,-2.00001,0.999998,1,1.78814e-05,7.45058e-06,0,0,0,0,0.00909938,8,19.8,-1.21629,-0.999224,1,-0.500003,0.00443459,0,5.96046e-05,-0.0166893,0,0.0118001,9,19.8,-1.99993,-1.99011,1,0.0010699,-0.13563,0,-0.00447035,0.427186,0,0.00901156,10,19.8,1.13912,1.00019,1,-0.500003,-0.00836253,0,5.96046e-05,0.0214875,0,0.0162466,11,19.8,2.71588,-2.94444,1,-0.495452,-0.209898,0,-0.0909567,0.499725,0,0.00849687,12,19.8,0.998416,0.097911,1,0.00516474,-0.5,0,-0.00596046,-2.38419e-06,0,0.0183394,13,19.8,-2,2,1,-5.96046e-06,0,0,-5.96046e-05,0,0,0.00850729,14,19.8,-2.96848,-0.221753,1,-0.140327,-0.491479,0,0.407577,-0.149332,0,0.0085622,15,19.8,0.775652,-1.99973,1,-0.5,5.06639e-05,0,-2.98023e-05,-0.000834465,0,0.0127208,16,19.8,2.76473e-06,2.99993,1,1.99721e-05,-0.000232458,0,-8.11071e-05,0.000357628,0,0.00861964,17,19.8,-3,-2.18605,1,0,-0.5,0,0,0,0,0.00618118,18,19.8,-0.346294,-1.01168,1,-0.5,0.119683,0,1.43051e-05,-0.345409,0,0.0106568,19,19.8,1.87611,0.330231,1,0.290167,0.5,0,-0.389457,-1.43051e-05,0,0.0123581,20,19.8,3,2.54112,1,0,-0.384092,0,0,-0.664473,0,0.00547857,21,19.8,2.22229,3,1,0.348443,-3.57628e-05,0,0.872493,-0.000953674,0,0.0061297,22,19.8,0.728717,2.00001,1,-0.5,-1.19209e-05,0,-2.98023e-05,0.000119209,0,0.0142396,23,19.8,2.48651,-2.02261,1,0.5,0.118971,0,0,-0.303507,0,0.00780097,24,19.8,-3.07409e-06,-0.000340522,1,-1.7401e-05,-0.000895741,0,7.6071e-05,0.00539511,0,0.016356,25,19.8,1.9757,-0.999996,1,0.0495553,8.9407e-06,0,0.0126362,-5.96046e-05,0,0.00969089,26,19.8,1.99749,2.1901,1,-0.012216,0.375962,0,-0.0215173,0.73874,0,0.00831187,27,19.8,2.60605,-0.00828735,1,-0.119787,-0.0197531,0,-1.00017,0.0344394,0,0.0101357,28,19.8,2.97276,-0.997786,1,0.0434399,0.00698268,0,0.0417233,-0.0363588,0,0.00589777,29,19.8,-0.332645,2.00835,1,-0.5,0.0774205,0,1.43051e-05,-0.302792,0,0.0100479,30,19.8,2.02711,-2.65245,1,-0.157857,0.5,0,0.387907,0,0,0.00826579,31,19.8,1.0109,-2.77479,1,0.0365943,0.475067,0,-0.0144839,0.280976,0,0.0104378,32,19.8,-3,1.00042,1,1.78814e-05,-5.36442e-05,0,0,-0.00309944,0,0.011255,33,19.8,2.99745,0.793931,1,0.00579357,-0.449534,0,-0.0038147,-0.391573,0,0.00660048,34,19.8,-1.92795,-0.0339134,1,-0.500003,0.15527,0,5.96046e-05,-0.34535,0,0.0177229,35,19.8,-0.975978,-2.0012,1,0.037542,-0.00889897,0,-0.342041,0.0424385,0,0.0098924
0,19.9,0.594028,-1.00001,1,-0.5,-4.45172e-05,0,0,0.00012666,0,0.0145818,1,19.9,-0.15873,-2.57352,1,-0.5,-0.489261,0,-4.47035e-07,0.104353,0,0.012979,2,19.9,-0.353913,1.00027,1,-0.472967,0.00126362,0,-0.32456,-0.00560284,0,0.0109752,3,19.9,-2.99991,3,1,0.000142306,0,0,-0.000596046,0,0,0.00562394,4,19.9,-1.97736,-2.99799,1,-0.17026,-0.0205789,0,0.455126,0.137076,0,0.00764759,5,19.9,-3,-1.20477,1,-1.86265e-06,-0.5,0,7.45058e-05,7.45058e-06,0,0.00684795,6,19.9,-2.0004,3,1,-5.21541e-05,0,0,0.00324845,0,0,0.00560727,7,19.9,-2,0.999999,1,1.75089e-05,7.07805e-06,0,-1.49012e-05,-7.45058e-06,0,0.00909938,8,19.9,-1.26629,-0.998861,1,-0.5,0.00286521,0,7.45058e-06,-0.0146665,0,0.0118001,9,19.9,-1.99984,-2.0011,1,0.000658631,-0.080359,0,-0.00375509,0.64905,0,0.00901156,10,19.9,1.08912,0.999455,1,-0.5,-0.00632284,0,7.45058e-06,0.0192933,0,0.0162466,11,19.9,2.66606,-2.96299,1,-0.499715,-0.161858,0,-0.0113696,0.458315,0,0.00849687,12,19.9,0.998902,0.047911,1,0.00453386,-0.5,0,-0.00660121,-4.47035e-07,0,0.0183394,13,19.9,-2,2,1,-1.08033e-05,0,0,-2.98023e-05,0,0,0.00850729,14,19.9,-2.98056,-0.271389,1,-0.10219,-0.499204,0,0.353828,-0.0265752,0,0.0085622,15,19.9,0.725652,-1.99973,1,-0.5,-2.94298e-05,0,0,-0.00077486,0,0.0127208,16,19.9,4.37208e-06,2.99991,1,1.23424e-05,-0.000183657,0,-7.10769e-05,0.000581145,0,0.00861964,17,19.9,-3,-2.23605,1,0,-0.5,0,0,0,0,0.00618118,18,19.9,-0.396294,-1.00059,1,-0.5,0.109961,0,0,0.124022,0,0.0106568,19,19.9,1.90318,0.380231,1,0.251489,0.5,0,-0.382736,0,0,0.0123581,20,19.9,3,2.49973,1,0,-0.440366,0,0,-0.461072,0,0.00547857,21,19.9,2.26111,2.99999,1,0.42396,-0.000106916,0,0.626624,-0.000491738,0,0.0061297,22,19.9,0.678717,2,1,-0.5,-2.23517e-06,0,0,5.96046e-05,0,0.0142396,23,19.9,2.53651,-2.01217,1,0.5,0.090491,0,0,-0.266016,0,0.00780097,24,19.9,-4.45021e-06,-0.000404708,1,-1.02938e-05,-0.000404103,0,6.5739e-05,0.00442766,0,0.016356,25,19.9,1.98067,-0.999995,1,0.0492353,3.53903e-06,0,-0.0177622,-4.47035e-05,0,0.00969089,26,19.9,1.9962,2.23103,1,-0.01323,0.438927,0,0.000208616,0.514418,0,0.00831187,27,19.9,2.5891,-0.0100684,1,-0.218667,-0.0156715,0,-0.965312,0.0461841,0,0.0101357,28,19.9,2.97724,-0.997261,1,0.0456501,0.00361167,0,0.0038594,-0.0309125,0,0.00589777,29,19.9,-0.382645,2.01467,1,-0.5,0.0497445,0,0,-0.251353,0,0.0100479,30,19.9,2.01319,-2.60245,1,-0.121269,0.5,0,0.34374,0,0,0.00826579,31,19.9,1.01442,-2.72615,1,0.033045,0.494808,0,-0.0540242,0.116482,0,0.0104378,32,19.9,-2.99999,1.0004,1,1.60187e-05,-0.000316836,0,-4.47035e-05,-0.00218302,0,0.011255,33,19.9,2.998,0.747272,1,0.00529662,-0.480965,0,-0.00596046,-0.23181,0,0.00660048,34,19.9,-1.97795,-0.0200472,1,-0.5,0.122709,0,7.45058e-06,-0.306053,0,0.0177229,35,19.9,-0.973795,-2.00189,1,0.00747871,-0.00503473,0,-0.260092,0.034824,0,0.0098924
0,20,0.544028,-1.00001,1,-0.5,-3.27826e-05,0,-2.98023e-05,0.000178814,0,0.0113857,1,20,-0.20873,-2.62183,1,-0.5,-0.475943,0,0,0.161052,0,0.011842,2,20,-0.402449,1.00037,1,-0.494236,0.000751019,0,-0.115275,-0.00464916,0,0.00921847,3,20,-2.9999,3,1,7.7486e-05,0,0,-0.000596046,0,0,0.00603132,4,20,-1.99217,-2.99943,1,-0.126773,-0.00901818,0,0.412643,0.0948906,0,0.00846547,5,20,-3,-1.25477,1,0,-0.500003,0,0.000119209,5.96046e-05,0,0.00846418,6,20,-2.00039,3,1,0.000226498,0,0,0.00238419,0,0,0.00590278,7,20,-2,0.999999,1,1.78814e-05,5.96046e-06,0,-0.000119209,0,0,0.00800274,8,20,-1.31629,-0.998644,1,-0.500003,0.00150651,0,5.96046e-05,-0.0124574,0,0.0137479,9,20,-1.99979,-2.00572,1,0.000321865,-0.0109971,0,-0.00303984,0.715733,0,0.00998532,10,20,1.03912,0.998915,1,-0.500003,-0.00450462,0,5.96046e-05,0.0170469,0,0.012158,11,20,2.61606,-2.97697,1,-0.5,-0.118709,0,0,0.402689,0,0.00914,12,20,0.999322,-0.00208897,1,0.00385642,-0.5,0,-0.00691414,-1.19209e-06,0,0.0126065,13,20,-2,2,1,-1.19209e-05,0,0,0,0,0,0.00804541,14,20,-2.98911,-0.32137,1,-0.0697613,-0.5,0,0.29397,1.43051e-05,0,0.00864442,15,20,0.675651,-1.99973,1,-0.5,-0.000101328,0,-2.98023e-05,-0.000655651,0,0.011428,16,20,5.27029e-06,2.99989,1,5.82215e-06,-0.000119209,0,-5.9084e-05,0.000715256,0,0.00765481,17,20,-3,-2.28605,1,0,-0.5,0,0,0,0,0.00749343,18,20,-0.446294,-0.988382,1,-0.5,0.139424,0,1.43051e-05,0.441551,0,0.0133217,19,20,1.92644,0.430231,1,0.213879,0.5,0,-0.368237,-1.43051e-05,0,0.0136134,20,20,3,2.45372,1,0,-0.47667,0,0,-0.268459,0,0.00523948,21,20,2.30618,2.99998,1,0.472748,-0.000137091,0,0.350237,-0.000238419,0,0.00562857,22,20,0.628717,2,1,-0.5,5.96046e-06,0,-2.98023e-05,0,0,0.0137874,23,20,2.58651,-2.00438,1,0.5,0.0657678,0,0,-0.228524,0,0.00673039,24,20,-5.17022e-06,-0.000424644,1,-4.30449e-06,-1.13127e-05,0,5.38664e-05,0.00342709,0,0.0140944,25,20,1.98546,-0.999995,1,0.0462502,-1.49012e-06,0,-0.0406504,-2.98023e-05,0,0.00992085,26,20,1.99491,2.2771,1,-0.012368,0.478524,0,0.0160336,0.280499,0,0.00765501,27,20,2.56256,-0.0113922,1,-0.310081,-0.0107044,0,-0.847697,0.0522849,0,0.0106067,28,20,2.98177,-0.997044,1,0.0444889,0.000821054,0,-0.0258684,-0.0247955,0,0.0057761,29,20,-0.432645,2.01846,1,-0.5,0.0270188,0,1.43051e-05,-0.203609,0,0.00994636,30,20,2.00271,-2.55245,1,-0.0891179,0.5,0,0.299275,0,0,0.00795977,31,20,1.0174,-2.67632,1,0.0262558,0.499982,0,-0.0795722,0.000357628,0,0.00935805,32,20,-2.99999,1.00036,1,1.78814e-05,-0.000491738,0,-0.000238419,-0.00137091,0,0.0107082,33,20,2.9985,0.69829,1,0.00462532,-0.496095,0,-0.00715256,-0.0781119,0,0.00781148,34,20,-2.02795,-0.00924252,1,-0.5,0.0940211,0,0,-0.26791,0,0.0157786,35,20,-0.974218,-2.00224,1,-0.0146791,-0.00193715,0,-0.184268,0.0272989,0,0.0104971
0,20.1,0.494028,-1.00002,1,-0.5,-1.6205e-05,0,5.66244e-06,0.000141561,0,0.0113857,1,20.1,-0.25873,-2.66852,1,-0.5,-0.456984,0,-8.9407e-07,0.216633,0,0.011842,2,20.1,-0.452225,1.00043,1,-0.49964,0.00033211,0,-0.0144058,-0.00374764,0,0.00921847,3,20.1,-2.9999,3,1,1.9744e-05,0,0,-0.000551343,0,0,0.00603132,4,20.1,-2.00288,-2.99992,1,-0.0881597,-0.00138804,0,0.358567,0.0590086,0,0.00846547,5,20.1,-3,-1.30477,1,9.68575e-06,-0.5,0,5.96046e-05,7.45058e-06,0,0.00846418,6,20.1,-2.00035,3,1,0.00042133,0,0,0.00153482,0,0,0.00590278,7,20.1,-2,1,1,7.82311e-06,5.7742e-06,0,-7.45058e-05,-7.45058e-06,0,0.00800274,8,20.1,-1.36596,-0.998553,1,-0.490404,0.000338443,0,0.185557,-0.01093,0,0.0137479,9,20.1,-1.99977,-2.0031,1,4.28408e-05,0.0641631,0,-0.00265241,0.768624,0,0.00998532,10,20.1,0.989121,0.998545,1,-0.5,-0.00293171,0,0,0.0144355,0,0.012158,11,20.1,2.56606,-2.98694,1,-0.5,-0.081639,0,0,0.337571,0,0.00914,12,20.1,0.999673,-0.052089,1,0.00316808,-0.5,0,-0.00682101,2.98023e-07,0,0.0126065,13,20.1,-2,2,1,-1.09896e-05,0,0,2.23517e-05,0,0,0.00804541,14,20.1,-2.99472,-0.37137,1,-0.0434663,-0.5,0,0.231817,0,0,0.00864442,15,20.1,0.625651,-1.99975,1,-0.5,-0.000159815,0,0,-0.000521541,0,0.011428,16,20.1,5.57918e-06,2.99988,1,5.75694e-07,-4.84288e-05,0,-4.58799e-05,0.000685453,0,0.00765481,17,20.1,-3,-2.33605,1,0,-0.5,0,0,0,0,0.00749343,18,20.1,-0.496251,-0.971427,1,-0.498694,0.20617,0,0.0274684,0.833344,0,0.0133217,19,20.1,1.94602,0.480231,1,0.178155,0.5,0,-0.345409,1.78814e-06,0,0.0136134,20,20.1,3,2.40499,1,0,-0.495074,0,0,-0.107884,0,0.00523948,21,20.1,2.35477,2.99996,1,0.495269,-0.000147149,0,0.116825,1.49012e-05,0,0.00562857,22,20.1,0.578717,2.00001,1,-0.5,5.58794e-06,0,0,-1.49012e-05,0,0.0137874,23,20.1,2.6364,-1.99888,1,0.496515,0.0449231,0,-0.0714958,-0.188865,0,0.00673039,24,20.1,-5.35273e-06,-0.000410328,1,4.42034e-07,0.000281098,0,4.11355e-05,0.00243608,0,0.0140944,25,20.1,1.98985,-0.999995,1,0.0413446,-4.00469e-06,0,-0.0562593,-1.86265e-05,0,0.00992085,26,20.1,1.99377,2.32601,1,-0.0102418,0.496455,0,0.0257567,0.0909418,0,0.00765501,27,20.1,2.52761,-0.0121985,1,-0.385959,-0.00541133,0,-0.663787,0.0528936,0,0.0106067,28,20.1,2.98605,-0.997075,1,0.0407141,-0.00133496,0,-0.0480562,-0.0183806,0,0.0057761,29,20.1,-0.482645,2.02022,1,-0.5,0.00888929,0,-1.78814e-06,-0.159651,0,0.00994636,30,20.1,1.99522,-2.50245,1,-0.0614554,0.5,0,0.254154,0,0,0.00795977,31,20.1,1.01962,-2.62632,1,0.0179138,0.499998,0,-0.0861436,4.47035e-05,0,0.00935805,32,20.1,-2.99999,1.0003,1,-1.11759e-06,-0.00059139,0,-0.000163913,-0.000648201,0,0.0107082,33,20.1,2.99892,0.648441,1,0.00387058,-0.499756,0,-0.00780821,-0.00976026,0,0.00781148,34,20.1,-2.07795,-0.00111429,1,-0.5,0.0691899,0,0,-0.229134,0,0.0157786,35,20.1,-0.97649,-2.00231,1,-0.0296128,0.000417978,0,-0.11624,0.019908,0,0.0104971
0,20.2,0.444028,-1.00002,1,-0.5,-2.98023e-06,0,1.43051e-05,0.000119209,0,0.0119012,1,20.2,-0.30873,-2.71305,1,-0.5,-0.432914,0,0,0.263453,0,0.0109274,2,20.2,-0.502218,1.00044,1,-0.5,0,0,-2.98023e-05,-0.00286102,0,0.0109169,3,20.2,-2.9999,3,1,-2.98023e-05,0,0,-0.000596046,0,0,0.00497626,4,20.2,-2.01,-2.99982,1,-0.0552177,0.00305176,0,0.299931,0.0314713,0,0.00729033,5,20.2,-3,-1.35477,1,1.19209e-05,-0.500003,0,0.000119209,5.96046e-05,0,0.00997926,6,20.2,-2.0003,3,1,0.000536442,0,0,0.000834465,0,0,0.00530162,7,20.2,-2,1,1,5.96046e-06,5.96046e-06,0,-0.000119209,-5.96046e-05,0,0.00868393,8,20.2,-1.41381,-0.998571,1,-0.464141,-0.000682473,0,0.333607,-0.00956655,0,0.01433,9,20.2,-1.99978,-1.99289,1,-0.000229478,0.139388,0,-0.00292063,0.721276,0,0.0131736,10,20.2,0.939121,0.99832,1,-0.5,-0.00161231,0,-2.98023e-05,0.0120103,0,0.0165006,11,20.2,2.51606,-2.99353,1,-0.5,-0.0513494,0,0,0.268102,0,0.00829439,12,20.2,0.999956,-0.102089,1,0.00249743,-0.5,0,-0.00649691,3.57628e-06,0,0.0195527,13,20.2,-2,2,1,-1.19209e-05,0,0,0.000119209,0,0,0.00843241,14,20.2,-2.99801,-0.42137,1,-0.0233591,-0.5,0,0.171065,1.43051e-05,0,0.0079514,15,20.2,0.575651,-1.99977,1,-0.5,-0.000205636,0,-2.98023e-05,-0.000357628,0,0.00947216,16,20.2,5.42889e-06,2.99988,1,-3.36884e-06,1.78814e-05,0,-3.31265e-05,0.000596046,0,0.00896774,17,20.2,-3,-2.38605,1,0,-0.5,0,0,0,0,0.00696229,18,20.2,-0.545928,-0.946399,1,-0.494266,0.295693,0,0.0621378,0.913143,0,0.013176,19,20.2,1.96216,0.530231,1,0.144953,0.5,0,-0.31805,2.98023e-05,0,0.0129244,20,20.2,3,2.35515,1,0,-0.5,0,0,0,0,0.00612018,21,20.2,2.40464,2.99995,1,0.5,-0.000137091,0,0,0.000238419,0,0.0054854,22,20.2,0.528717,2.00001,1,-0.5,5.96046e-06,0,-1.43051e-05,0,0,0.0127454,23,20.2,2.68556,-1.99527,1,0.485432,0.027892,0,-0.151038,-0.15229,0,0.00634859,24,20.2,-5.12335e-06,-0.00037157,1,3.9438e-06,0.0004792,0,2.90395e-05,0.00154399,0,0.0128135,25,20.2,1.99369,-0.999996,1,0.0352234,-5.96046e-06,0,-0.0651479,0,0,0.00918902,26,20.2,1.99288,2.3759,1,-0.00735223,0.5,0,0.0314713,0,0,0.00750428,27,20.2,2.48603,-0.0124789,1,-0.442111,-0.000249222,0,-0.458121,0.0497969,0,0.0093039,28,20.2,2.98986,-0.997291,1,0.0351787,-0.00286996,0,-0.061512,-0.0123382,0,0.00653775,29,20.2,-0.532645,2.02038,1,-0.5,-0.00504255,0,-2.98023e-05,-0.119925,0,0.0102588,30,20.2,1.99027,-2.45245,1,-0.0382394,0.5,0,0.210404,0,0,0.00818026,31,20.2,1.02097,-2.57632,1,0.00923574,0.5,0,-0.0863671,0,0,0.00898355,32,20.2,-2.99999,1.00024,1,-5.96046e-06,-0.000625849,0,-0.000238419,0,0,0.0111231,33,20.2,2.99927,0.598446,1,0.00308156,-0.5,0,-0.0077486,-2.98023e-05,0,0.0073266,34,20.2,-2.12795,0.00472048,1,-0.5,0.0481095,0,0,-0.192901,0,0.0154392,35,20.2,-0.979932,-2.00218,1,-0.0382915,0.00207424,0,-0.0591874,0.0133514,0,0.0088603
0,20.3,0.39407,-1.00002,1,-0.498628,7.63685e-06,0,0.0318214,8.19564e-05,0,0.0119012,1,20.3,-0.35873,-2.75496,1,-0.5,-0.404634,0,3.57628e-06,0.300765,0,0.0109274,2,20.3,-0.552218,1.00043,1,-0.499999,-0.000244007,0,5.96046e-05,-0.00204146,0,0.0109169,3,20.3,-2.9999,3,1,-8.04663e-05,0,0,-0.000417233,0,0,0.00497626,4,20.3,-2.01412,-2.99939,1,-0.0283014,0.00516064,0,0.238732,0.0118166,0,0.00729033,5,20.3,-2.99999,-1.40477,1,2.01166e-05,-0.5,0,2.98023e-05,7.45058e-06,0,0.00997926,6,20.3,-2.00025,3,1,0.000588596,0,0,0.000238419,0,0,0.00530162,7,20.3,-2,1,1,-3.72529e-06,9.31323e-07,0,-5.96046e-05,-3.72529e-05,0,0.00868393,8,20.3,-1.45782,-0.998802,1,-0.40962,-0.00493834,0,0.721775,-0.0702851,0,0.01433,9,20.3,-1.99982,-1.97535,1,-0.000532717,0.210994,0,-0.00333786,0.695772,0,0.0131736,10,20.3,0.889121,0.998215,1,-0.5,-0.000532623,0,0,0.00962242,0,0.0165006,11,20.3,2.46606,-2.99744,1,-0.5,-0.0280403,0,0,0.198722,0,0.00829439,12,20.3,1.00017,-0.152089,1,0.00187811,-0.5,0,-0.00589341,-4.47035e-07,0,0.0195527,13,20.3,-2,2,1,-1.86265e-06,0,0,7.45058e-05,0,0,0.00843241,14,20.3,-2.99958,-0.47137,1,-0.00909902,-0.5,0,0.115618,1.78814e-06,0,0.0079514,15,20.3,0.525651,-1.99979,1,-0.5,-0.000235811,0,2.08616e-06,-0.000238419,0,0.00947216,16,20.3,4.94686e-06,2.99989,1,-6.07345e-06,7.0408e-05,0,-2.12392e-05,0.000461936,0,0.00896774,17,20.3,-3,-2.43605,1,0,-0.5,0,0,0,0,0.00696229,18,20.3,-0.594933,-0.912457,1,-0.484755,0.380618,0,0.126723,0.762396,0,0.013176,19,20.3,1.97512,0.580228,1,0.11481,0.499853,0,-0.28456,-0.00553951,0,0.0129244,20,20.3,3,2.30532,1,0,-0.494888,0,0,0.10325,0,0.00612018,21,20.3,2.45464,2.99994,1,0.5,-0.000108406,0,0,0.000312924,0,0.0054854,22,20.3,0.478717,2.00001,1,-0.5,5.58794e-06,0,1.78814e-06,-1.49012e-05,0,0.0127454,23,20.3,2.73321,-1.99319,1,0.466232,0.0143562,0,-0.233039,-0.118971,0,0.00634859,24,20.3,-4.60297e-06,-0.000317284,1,6.27889e-06,0.000593608,0,1.79408e-05,0.000769516,0,0.0128135,25,20.3,1.99688,-0.999997,1,0.0285318,-5.96046e-06,0,-0.0678524,0,0,0.00918902,26,20.3,1.99231,2.4259,1,-0.00419766,0.5,0,0.0313371,0,0,0.00750428,27,20.3,2.43988,-0.0122687,1,-0.477661,0.00431254,0,-0.25849,0.0413417,0,0.0093039,28,20.3,2.99305,-0.99763,1,0.0286739,-0.00382718,0,-0.0673383,-0.00695139,0,0.00653775,29,20.3,-0.58264,2.01934,1,-0.499773,-0.0150912,0,0.00767037,-0.0820756,0,0.0102588,30,20.3,1.98742,-2.40247,1,-0.0194887,0.499157,0,0.16541,-0.0219941,0,0.00818026,31,20.3,1.02147,-2.52632,1,0.000850856,0.5,0,-0.0806004,0,0,0.00898355,32,20.3,-3,1.00018,1,-1.9744e-05,-0.000604242,0,-4.47035e-05,0.000417233,0,0.0111231,33,20.3,2.99954,0.548446,1,0.00232421,-0.5,0,-0.00731647,0,0,0.0073266,34,20.3,-2.17795,0.00862892,1,-0.5,0.0306622,0,0,-0.156713,0,0.0154392,35,20.3,-0.983976,-2.00191,1,-0.0418241,0.00311434,0,-0.0134595,0.00762939,0,0.0088603
0,20.4,0.344449,-1.00002,1,-0.492876,1.49012e-05,0,0.0864267,5.96046e-05,0,0.0108365,1,20.4,-0.40873,-2.79387,1,-0.5,-0.37303,0,-1.43051e-05,0.329852,0,0.0101448,2,20.4,-0.602217,1.0004,1,-0.499977,-0.000411272,0,0.000506639,-0.00137091,0,0.00845701,3,20.4,-2.99991,3,1,-0.000113249,0,0,-0.000357628,0,0,0.00498662,4,20.4,-2.01586,-2.99884,1,-0.00737906,0.00561476,0,0.180602,-0.00166893,0,0.00809045,5,20.4,-2.99999,-1.45477,1,2.38419e-05,-0.500003,0,0,5.96046e-05,0,0.00778981,6,20.4,-2.00019,3,1,0.000584126,0,0,-0.000119209,0,0,0.00409382,7,20.4,-2,1,1,-5.96046e-06,0,0,-0.000119209,-5.96046e-05,0,0.00925019,8,20.4,-1.49477,-0.999711,1,-0.32607,-0.0137627,0,0.921488,-0.101626,0,0.0161129,9,20.4,-1.99989,-1.95091,1,-0.000932813,0.275913,0,-0.00482798,0.591397,0,0.0126005,10,20.4,0.839121,0.998206,1,-0.5,0.000320375,0,-2.98023e-05,0.00748038,0,0.0159565,11,20.4,2.41606,-2.99936,1,-0.5,-0.0114083,0,0,0.135183,0,0.00891035,12,20.4,1.00033,-0.202089,1,0.00132322,-0.5,0,-0.00524521,0,0,0.016704,13,20.4,-2,2,1,0,0,0,0.000119209,0,0,0.00987188,14,20.4,-3,-0.52137,1,8.9407e-05,-0.500001,0,0.0702143,2.98023e-05,0,0.00752275,15,20.4,0.475651,-1.99981,1,-0.5,-0.00025332,0,1.43051e-05,-0.000119209,0,0.0105008,16,20.4,4.25105e-06,2.9999,1,-7.67278e-06,0.000113249,0,-1.10349e-05,0.000238419,0,0.00956715,17,20.4,-3,-2.48605,1,0,-0.5,0,0,0,0,0.00656693,18,20.4,-0.642677,-0.870972,1,-0.469188,0.444935,0,0.183284,0.514567,0,0.0141737,19,20.4,1.98523,0.630145,1,0.0880748,0.49793,0,-0.250041,-0.0399649,0,0.0121827,20,20.4,3,2.25652,1,0,-0.479263,0,0,0.209212,0,0.00510058,21,20.4,2.50464,2.99993,1,0.5,-7.15256e-05,0,0,0.000476837,0,0.00533051,22,20.4,0.428717,2.00001,1,-0.5,5.96046e-06,0,1.43051e-05,-0.000119209,0,0.0136776,23,20.4,2.77854,-1.9923,1,0.438881,0.00399053,0,-0.313044,-0.0888705,0,0.0062999,24,20.4,-3.90177e-06,-0.000255179,1,7.5884e-06,0.000638081,0,8.53574e-06,0.000144362,0,0.011546,25,20.4,1.99939,-0.999997,1,0.0218064,-5.96046e-06,0,-0.0661016,2.98023e-05,0,0.00934879,26,20.4,1.99204,2.4759,1,-0.00114143,0.5,0,0.0296235,0,0,0.00742184,27,20.4,2.3911,-0.0116454,1,-0.495112,0.00800488,0,-0.0977516,0.0324599,0,0.00937753,28,20.4,2.99558,-0.99804,1,0.0219345,-0.00429004,0,-0.0662804,-0.0025034,0,0.00607489,29,20.4,-0.632534,2.01748,1,-0.497502,-0.0216544,0,0.0441968,-0.0503063,0,0.0110578,30,20.4,1.98623,-2.35274,1,-0.00499487,0.494701,0,0.125229,-0.0708103,0,0.00883753,31,20.4,1.02117,-2.47632,1,-0.00675321,0.5,0,-0.0710487,0,0,0.00925334,32,20.4,-3,1.00012,1,-1.78814e-05,-0.000548363,0,0,0.000655651,0,0.00913479,33,20.4,2.99974,0.498446,1,0.00162721,-0.5,0,-0.00631809,1.43051e-05,0,0.00859924,34,20.4,-2.22795,0.010967,1,-0.5,0.0166362,0,0,-0.124447,0,0.0152785,35,20.4,-0.988164,-2.00157,1,-0.0413626,0.00363588,0,0.0208914,0.00298023,0,0.00984874
0,20.5,0.295701,-1.00001,1,-0.480954,1.9744e-05,0,0.154302,2.98023e-05,0,0.0108365,1,20.5,-0.45873,-2.82947,1,-0.5,-0.338606,0,3.57628e-06,0.35651,0,0.0101448,2,20.5,-0.652157,1.00035,1,-0.498106,-0.000517629,0,0.0432022,-0.00076741,0,0.00845701,3,20.5,-2.99993,3,1,-0.000138208,0,0,-0.00013411,0,0,0.00498662,4,20.5,-2.01578,-2.9983,1,0.00792071,0.00500344,0,0.12657,-0.00984967,0,0.00809045,5,20.5,-2.99999,-1.50477,1,2.19792e-05,-0.5,0,-4.47035e-05,7.45058e-06,0,0.00778981,6,20.5,-2.00013,3,1,0.000551715,0,0,-0.000491738,0,0,0.00409382,7,20.5,-2,1,1,-1.41561e-05,-4.84288e-06,0,-2.98023e-05,-2.98023e-05,0,0.00925019,8,20.5,-1.52262,-1.00165,1,-0.22975,-0.0253351,0,0.99019,-0.12476,0,0.0161129,9,20.5,-2.00002,-1.92043,1,-0.00165757,0.332939,0,-0.00955909,0.540115,0,0.0126005,10,20.5,0.789121,0.998272,1,-0.5,0.000962801,0,0,0.00542402,0,0.0159565,11,20.5,2.36617,-2.99991,1,-0.496873,-0.000564009,0,0.0644326,0.0837743,0,0.00891035,12,20.5,1.00044,-0.252089,1,0.000835396,-0.5,0,-0.0045076,-8.9407e-07,0,0.016704,13,20.5,-2,2,1,9.12696e-06,0,0,5.21541e-05,0,0,0.00987188,14,20.5,-2.9997,-0.571369,1,0.00539087,-0.499915,0,0.0372678,0.00340119,0,0.00752275,15,20.5,0.425653,-1.99984,1,-0.499902,-0.000259653,0,0.00392638,0,0,0.0105008,16,20.5,3.44343e-06,2.99991,1,-8.33971e-06,0.000131875,0,-2.64574e-06,0.000149012,0,0.00956715,17,20.5,-3,-2.53605,1,0,-0.5,0,0,0,0,0.00656693,18,20.5,-0.688584,-0.824358,1,-0.448041,0.482912,0,0.237852,0.25019,0,0.0141737,19,20.5,1.99285,0.679647,1,0.0648422,0.4911,0,-0.214659,-0.100549,0,0.0121827,20,20.5,3,2.20985,1,0,-0.452302,0,0,0.325441,0,0.00510058,21,20.5,2.55463,2.99992,1,0.49997,-2.6077e-05,0,-0.00117719,0.000417233,0,0.00533051,22,20.5,0.378792,2.00001,1,-0.497667,-4.09782e-06,0,0.0496823,-7.45058e-05,0,0.0136776,23,20.5,2.8207,-1.99229,1,0.40306,-0.00349227,0,-0.398889,-0.0615343,0,0.0062999,24,20.5,-3.11376e-06,-0.000191504,1,8.04495e-06,0.000627514,0,9.2379e-07,-0.000330468,0,0.011546,25,20.5,2.00125,-0.999998,1,0.0154609,-3.53903e-06,0,-0.060387,1.49012e-05,0,0.00934879,26,20.5,1.99207,2.5259,1,0.0016639,0.5,0,0.026308,0,0,0.00742184,27,20.5,2.34131,-0.0106976,1,-0.499053,0.0108034,0,0.00861287,0.0235058,0,0.00937753,28,20.5,2.99745,-0.998475,1,0.0155695,-0.00435431,0,-0.0602603,0.00105053,0,0.00607489,29,20.5,-0.68197,2.01511,1,-0.490201,-0.0253487,0,0.105597,-0.024423,0,0.0110578,30,20.5,1.98629,-2.30373,1,0.0057321,0.484462,0,0.0900775,-0.136748,0,0.00883753,31,20.5,1.02017,-2.42632,1,-0.0130571,0.499905,0,-0.0550896,-0.0037998,0,0.00925334,32,20.5,-3,1.00007,1,-1.3411e-05,-0.000472926,0,5.96046e-05,0.000827014,0,0.00913479,33,20.5,2.99987,0.448446,1,0.00104085,-0.5,0,-0.00533462,0,0,0.00859924,34,20.5,-2.27795,0.0120581,1,-0.5,0.00566695,0,0,-0.0955727,0,0.0152785,35,20.5,-0.992153,-2.0012,1,-0.038019,0.00374578,0,0.044331,-0.000610948,0,0.00984874
0,20.6,0.248504,-1.00001,1,-0.461683,2.38419e-05,0,0.23216,-5.96046e-05,0,0.00994463,1,20.6,-0.50873,-2.86152,1,-0.500001,-0.302124,0,2.98023e-05,0.371099,0,0.010885,2,20.6,-0.701639,1.0003,1,-0.490285,-0.000569224,0,0.117421,-0.000238419,0,0.00860588,3,20.6,-2.99994,3,1,-0.000149012,0,0,0.000119209,0,0,0.00473783,4,20.6,-2.01444,-2.99786,1,0.0181735,0.00377297,0,0.079751,-0.0143051,0,0.0112231,5,20.6,-2.99999,-1.55477,1,1.78814e-05,-0.500003,0,-0.000119209,5.96046e-05,0,0.00878689,6,20.6,-2.00008,3,1,0.000488758,0,0,-0.000715256,0,0,0.0038258,7,20.6,-2,1,1,-1.78814e-05,-5.96046e-06,0,0,-2.98023e-05,0,0.00967425,8,20.6,-1.54062,-1.00481,1,-0.129995,-0.0377953,0,0.999987,-0.120461,0,0.0111164,9,20.6,-2.00024,-1.88458,1,-0.00280738,0.382343,0,-0.0134706,0.441074,0,0.0146273,10,20.6,0.739121,0.998392,1,-0.5,0.00141412,0,-2.98023e-05,0.00363588,0,0.0152128,11,20.6,2.31692,-2.99962,1,-0.486815,0.00573397,0,0.137925,0.0439882,0,0.0099253,12,20.6,1.0005,-0.302089,1,0.000420213,-0.5,0,-0.0038147,0,0,0.0148669,13,20.6,-2,2,1,1.19209e-05,0,0,5.96046e-05,0,0,0.00990507,14,20.6,-2.99901,-0.621316,1,0.00782609,-0.498636,0,0.012517,0.0272095,0,0.00904433,15,20.6,0.375714,-1.99986,1,-0.498429,-0.0002563,0,0.0313967,0.000119209,0,0.00963081,16,20.6,2.60772e-06,2.99992,1,-8.26772e-06,0.000143051,0,3.76975e-06,0,0,0.00793061,17,20.6,-3,-2.58605,1,0,-0.5,0,0,0,0,0.0062972,18,20.6,-0.732122,-0.775185,1,-0.421971,0.497268,0,0.281841,0.0546277,0,0.0118796,19,20.6,1.99832,0.728128,1,0.0451267,0.477195,0,-0.179887,-0.179857,0,0.0115242,20,20.6,3,2.16641,1,0,-0.415081,0,0,0.41461,0,0.00711026,21,20.6,2.60462,2.99992,1,0.499529,5.96046e-06,0,-0.00953674,0.000476837,0,0.00455017,22,20.6,0.329377,2.00001,1,-0.489556,-5.96046e-06,0,0.11459,-0.000119209,0,0.0116483,23,20.6,2.85891,-1.99291,1,0.359976,-0.00846386,0,-0.458241,-0.0386238,0,0.00665275,24,20.6,-2.31494e-06,-0.000131014,1,7.83601e-06,0.000576741,0,-4.8022e-06,-0.000662691,0,0.0144298,25,20.6,2.00251,-0.999998,1,0.009799,-1.49012e-06,0,-0.0524521,0,0,0.00869937,26,20.6,1.99236,2.5759,1,0.00409186,0.5,0,0.0220537,0,0,0.00632151,27,20.6,2.29159,-0.00951452,1,-0.49358,0.0127106,0,0.109076,0.0146879,0,0.00946369,28,20.6,2.99873,-0.9989,1,0.0100076,-0.00411272,0,-0.0505447,0.00366569,0,0.00622296,29,20.6,-0.730336,2.01249,1,-0.475788,-0.0267088,0,0.184834,-0.00345707,0,0.0106825,30,20.6,1.98726,-2.25609,1,0.0131726,0.466931,0,0.0594258,-0.215411,0,0.00898829,31,20.6,1.01861,-2.37638,1,-0.017789,0.498474,0,-0.0396371,-0.0303984,0,0.0105788,32,20.6,-3,1.00003,1,-5.96046e-06,-0.00038445,0,0.000119209,0.000923872,0,0.00834776,33,20.6,2.99995,0.398446,1,0.000566244,-0.5,0,-0.00405312,1.43051e-05,0,0.00729789,34,20.6,-2.32795,0.0121903,1,-0.5,-0.002602,0,0,-0.070408,0,0.01128,35,20.6,-0.995706,-2.00083,1,-0.0328019,0.00355244,0,0.0586808,-0.00321865,0,0.0100921
0,20.7,0.203664,-1.00001,1,-0.433533,1.88127e-05,0,0.32731,-3.72529e-05,0,0.00994463,1,20.7,-0.558729,-2.88987,1,-0.49997,-0.264775,0,0.00119209,0.374213,0,0.010885,2,20.7,-0.749882,1.00024,1,-0.472676,-0.000573136,0,0.232302,0.000141561,0,0.00860588,3,20.7,-2.99995,3,1,-0.000134856,0,0,0.000178814,0,0,0.00473783,4,20.7,-2.01229,-2.99756,1,0.0241149,0.00226535,0,0.0405163,-0.0154823,0,0.0112231,5,20.7,-2.99999,-1.60473,1,7.45058e-06,-0.498702,0,-8.9407e-05,0.0304431,0,0.00878689,6,20.7,-2.00003,3,1,0.000409037,0,0,-0.000864267,0,0,0.0038258,7,20.7,-2.00001,0.999999,1,-1.60187e-05,-7.72998e-06,0,4.47035e-05,-1.11759e-05,0,0.00967425,8,20.7,-1.54862,-1.009,1,-0.0299953,-0.0443881,0,1,-0.0169799,0,0.0111164,9,20.7,-2.00057,-1.84413,1,-0.00371858,0.42639,0,-0.005126,0.420392,0,0.0146273,10,20.7,0.689121,0.998549,1,-0.5,0.00170115,0,0,0.00214577,0,0.0152128,11,20.7,2.26854,-2.99887,1,-0.483787,0.00888631,0,-0.0468194,0.020057,0,0.0099253,12,20.7,1.00053,-0.352089,1,8.00937e-05,-0.5,0,-0.00301003,3.57628e-06,0,0.0148669,13,20.7,-2,2,1,1.546e-05,0,0,2.23517e-05,0,0,0.00990507,14,20.7,-2.9982,-0.670963,1,0.00817776,-0.493391,0,-0.00441074,0.0823475,0,0.00904433,15,20.7,0.326112,-1.99989,1,-0.492657,-0.000241026,0,0.0884552,0.000178814,0,0.00963081,16,20.7,1.80804e-06,2.99994,1,-7.65086e-06,0.000139326,0,8.26716e-06,-8.9407e-05,0,0.00793061,17,20.7,-3,-2.63593,1,0,-0.496548,0,0,0.0708699,0,0.0062972,18,20.7,-0.772836,-0.725291,1,-0.391628,0.499829,0,0.322752,0.00683591,0,0.0118796,19,20.7,2.00199,0.774764,1,0.0289068,0.453738,0,-0.144988,-0.286087,0,0.0115242,20,20.7,3,2.12708,1,0,-0.370524,0,0,0.47265,0,0.00711026,21,20.7,2.65445,2.99993,1,0.496412,4.65661e-05,0,-0.0589043,0.000342727,0,0.00455017,22,20.7,0.28111,2,1,-0.474589,-1.56462e-05,0,0.186111,-5.96046e-05,0,0.0116483,23,20.7,2.89207,-1.99392,1,0.298575,-0.0113731,0,-0.740439,-0.0202134,0,0.00665275,24,20.7,-1.56257e-06,-7.70332e-05,1,7.14637e-06,0.000499574,0,-8.71101e-06,-0.000861345,0,0.0144298,25,20.7,2.00324,-0.999998,1,0.00501536,-1.49012e-06,0,-0.0431687,0,0,0.00869937,26,20.7,1.99287,2.62581,1,0.00599921,0.497216,0,0.0161529,-0.0584871,0,0.00632151,27,20.7,2.24301,-0.00818575,1,-0.47586,0.013714,0,0.241548,0.00563438,0,0.00946369,28,20.7,2.99949,-0.99929,1,0.00553317,-0.00365553,0,-0.0387579,0.00533834,0,0.00622296,29,20.7,-0.776807,2.00983,1,-0.451882,-0.0261951,0,0.290073,0.0128895,0,0.0106825,30,20.7,1.98883,-2.21113,1,0.0178,0.426544,0,0.0338331,-0.56532,0,0.00898829,31,20.7,1.01666,-2.32677,1,-0.0210239,0.492825,0,-0.0252053,-0.0870526,0,0.0105788,32,20.7,-3,0.999994,1,3.72529e-06,-0.000292063,0,5.96046e-05,0.000908971,0,0.00834776,33,20.7,2.99999,0.3485,1,0.000220537,-0.498215,0,-0.00283122,0.0420417,0,0.00729789,34,20.7,-2.37795,0.0116171,1,-0.5,-0.00848824,0,0,-0.0479723,0,0.01128,35,20.7,-0.99868,-2.00049,1,-0.0265778,0.00314415,0,0.0647195,-0.00482798,0,0.0100921
0,20.8,0.162079,-1.00001,1,-0.396927,1.49012e-05,0,0.401295,0,0,0.0104083,1,20.8,-0.608711,-2.91448,1,-0.499521,-0.227588,0,0.00959635,0.367999,0,0.00864228,2,20.8,-0.795817,1.00018,1,-0.444356,-0.000542402,0,0.331253,0.000417233,0,0.0080892,3,20.8,-2.99997,3,1,-0.000113249,0,0,0.000119209,0,0,0.00447731,4,20.8,-2.00973,-2.99741,1,0.0265539,0.000739098,0,0.00941753,-0.0146627,0,0.00961236,5,20.8,-2.99999,-1.65437,1,0,-0.493133,0,-0.000119209,0.0842214,0,0.00836345,6,20.8,-2,3,1,0.000318885,0,0,-0.00089407,0,0,0.00377083,7,20.8,-2.00001,0.999998,1,-1.19209e-05,-7.45058e-06,0,0,0,0,0.00953681,8,20.8,-1.54661,-1.01339,1,0.0700057,-0.0422359,0,0.999987,0.0552535,0,0.0111968,9,20.8,-2.00096,-1.79954,1,-0.00389814,0.463453,0,0.00119209,0.310719,0,0.0122793,10,20.8,0.639121,0.998728,1,-0.5,0.00185221,0,-2.98023e-05,0.000923872,0,0.0128769,11,20.8,2.21982,-2.99791,1,-0.491261,0.00993013,0,-0.0838041,0.00166893,0,0.00987812,12,20.8,1.00052,-0.402089,1,-0.000181794,-0.5,0,-0.00226498,-1.43051e-05,0,0.0150176,13,20.8,-2,2,1,1.49012e-05,0,0,0,0,0,0.00889866,14,20.8,-2.99742,-0.719768,1,0.0071466,-0.48141,0,-0.0152588,0.160217,0,0.00854775,15,20.8,0.277413,-1.99991,1,-0.480027,-0.000220537,0,0.166855,0.000178814,0,0.00931163,16,20.8,1.08965e-06,2.99995,1,-6.67012e-06,0.00013113,0,1.10897e-05,-0.000238419,0,0.00662613,17,20.8,-3,-2.6851,1,0,-0.485545,0,0,0.150084,0,0.00584526,18,20.8,-0.810333,-0.675294,1,-0.357854,0.5,0,0.350654,2.98023e-05,0,0.0115656,19,20.8,2.00421,0.818554,1,0.0160277,0.420627,0,-0.11301,-0.372797,0,0.0131852,20,20.8,3,2.09246,1,0,-0.321311,0,0,0.507712,0,0.00788887,21,20.8,2.70368,2.99993,1,0.486732,7.7486e-05,0,-0.138521,0.000119209,0,0.00493541,22,20.8,0.234708,2,1,-0.452167,-1.78814e-05,0,0.262655,0,0,0.0114898,23,20.8,2.91796,-1.99513,1,0.217164,-0.0126302,0,-0.864387,-0.00560284,0,0.00715493,24,20.8,-8.96011e-07,-3.15775e-05,1,6.14559e-06,0.000407997,0,-1.10664e-05,-0.000954237,0,0.0132271,25,20.8,2.00354,-0.999998,1,0.00118017,-1.49012e-06,0,-0.0337362,-2.98023e-05,0,0.00754662,26,20.8,1.99354,2.67513,1,0.00733733,0.487846,0,0.0106692,-0.130773,0,0.00847113,27,20.8,2.19683,-0.00679938,1,-0.446039,0.0138877,0,0.350952,-0.00191201,0,0.0103807,28,20.8,2.99987,-0.999627,1,0.00225902,-0.00306964,0,-0.0265837,0.00622869,0,0.00656297,29,20.8,-0.820394,2.00729,1,-0.418429,-0.0242889,0,0.375599,0.0246763,0,0.0104023,30,20.8,1.99075,-2.17169,1,0.0200838,0.358808,0,0.012517,-0.766993,0,0.00804309,31,20.8,1.01445,-2.27804,1,-0.0228643,0.480342,0,-0.0118017,-0.165343,0,0.00921345,32,20.8,-3,0.99997,1,5.96046e-06,-0.000204146,0,0.000119209,0.000864267,0,0.0130003,33,20.8,3,0.299001,1,0,-0.490529,0,-0.00178814,0.115961,0,0.00897403,34,20.8,-2.42795,0.010561,1,-0.5,-0.0123226,0,0,-0.0293213,0,0.0100812,35,20.8,-1.00101,-2.00021,1,-0.020054,0.00261068,0,0.0648499,-0.00572205,0,0.00970177
0,20.9,0.124482,-1.00001,1,-0.354222,1.47149e-05,0,0.449699,-7.45058e-06,0,0.0104083,1,20.9,-0.658468,-2.93542,1,-0.494143,-0.191334,0,0.0979118,0.355497,0,0.00864228,2,20.9,-0.838435,1.00013,1,-0.406527,-0.000489876,0,0.420075,0.000610948,0,0.0080892,3,20.9,-2.99998,3,1,-9.68575e-05,0,0,0.000178814,0,0,0.00447731,4,20.9,-2.00707,-2.9974,1,0.026289,-0.000623614,0,-0.0134259,-0.0124574,0,0.00961236,5,20.9,-2.99903,-1.70309,1,0.0277136,-0.479821,0,0.514701,0.179857,0,0.00836345,6,20.9,-1.99997,3,1,0.000230595,0,0,-0.000864267,0,0,0.00377083,7,20.9,-2.00001,0.999997,1,-1.00583e-05,-6.89179e-06,0,4.47035e-05,1.49012e-05,0,0.00953681,8,20.9,-1.53462,-1.01727,1,0.169848,-0.0347486,0,0.993721,0.0914708,0,0.0111968,9,20.9,-2.00134,-1.75187,1,-0.00355691,0.487729,0,0.00536442,0.170343,0,0.0122793,10,20.9,0.589121,0.998916,1,-0.5,0.00189133,0,0,-9.68575e-05,0,0.0128769,11,20.9,2.17031,-2.99693,1,-0.498235,0.00960194,0,-0.0446141,-0.0077635,0,0.00987812,12,20.9,1.00049,-0.452089,1,-0.00037495,-0.5,0,-0.00161678,1.78814e-06,0,0.0150176,13,20.9,-1.99999,2,1,1.37836e-05,0,0,-2.98023e-05,0,0,0.00889866,14,20.9,-2.9968,-0.766919,1,0.00534579,-0.459789,0,-0.0201464,0.269249,0,0.00854775,15,20.9,0.230432,-1.99993,1,-0.457783,-0.000199489,0,0.274982,0.000230968,0,0.00931163,16,20.9,4.80763e-07,2.99996,1,-5.48607e-06,0.000108778,0,1.2384e-05,-0.000208616,0,0.00662613,17,20.9,-3,-2.73236,1,0,-0.454659,0,0,0.448227,0,0.00584526,18,20.9,-0.844336,-0.625294,1,-0.321964,0.5,0,0.365414,0,0,0.0115656,19,20.9,2.00392,0.858616,1,-0.0330297,0.379382,0,-0.784241,-0.446729,0,0.0131852,20,20.9,2.99879,2.06289,1,-0.0346411,-0.269949,0,-0.633016,0.51567,0,0.00788887,21,20.9,2.75145,2.99949,1,0.466769,-0.0129577,0,-0.257835,-0.239477,0,0.00493541,22,20.9,0.190961,2,1,-0.421297,-1.75089e-05,0,0.351013,1.49012e-05,0,0.0114898,23,20.9,2.93585,-1.9964,1,0.145384,-0.0126088,0,-0.584245,0.00543147,0,0.00715493,24,20.9,-3.38835e-07,4.42259e-06,1,4.98218e-06,0.000312015,0,-1.20143e-05,-0.000953884,0,0.0132271,25,20.9,2.00351,-0.999476,1,-0.00171512,0.0149745,0,-0.0243187,0.271991,0,0.00754662,26,20.9,1.99432,2.72313,1,0.00815392,0.470832,0,0.00575185,-0.21027,0,0.00847113,27,20.9,2.15326,-0.00543148,1,-0.431554,0.0133651,0,-0.0229329,-0.00822346,0,0.0103807,28,20.9,2.99946,-0.999902,1,-0.0148449,-0.00243001,0,-0.288352,0.00647455,0,0.00656297,29,20.9,-0.860251,2.005,1,-0.3777,-0.0214357,0,0.435941,0.0317842,0,0.0104023,30,20.9,1.99279,-2.1401,1,0.0204701,0.26973,0,-0.00374019,-0.97087,0,0.00804309,31,20.9,1.01261,-2.23102,1,-0.00960156,0.458243,0,0.25411,-0.273556,0,0.00921345,32,20.9,-3,0.999431,1,1.41561e-05,-0.0151018,0,2.98023e-05,-0.271261,0,0.0130003,33,20.9,2.99999,0.250725,1,-0.00013262,-0.473061,0,-0.000923872,0.23094,0,0.00897403,34,20.9,-2.47685,0.00920481,1,-0.468397,-0.0145854,0,0.582948,-0.0163164,0,0.0100812,35,20.9,-1.0027,-1.99997,1,-0.0137791,0.00202544,0,0.0601113,-0.00590086,0,0.00970177
0,21,0.0913652,-1.00001,1,-0.307611,1.49012e-05,0,0.47937,-5.96046e-05,0,0.0100483,1,21,-0.707247,-2.9528,1,-0.480004,-0.156778,0,0.184298,0.334382,0,0.0100775,2,21,-0.876877,1.00008,1,-0.361343,-0.000423193,0,0.478834,0.00077486,0,0.00825404,3,21,-2.99999,3,1,-7.15256e-05,0,0,0.000119209,0,0,0.00453448,4,21,-2.00454,-2.99752,1,0.0241041,-0.00172853,0,-0.0290871,-0.00977516,0,0.00658874,5,21,-2.99311,-1.75003,1,0.0956059,-0.4576,0,0.809789,0.262141,0,0.0121092,6,21,-1.99995,3,1,0.000149012,0,0,-0.000834465,0,0,0.00417003,7,21,-2.00001,0.999997,1,-1.19209e-05,-5.96046e-06,0,0.000238419,2.98023e-05,0,0.00923734,8,21,-1.51271,-1.02025,1,0.267494,-0.0244975,0,0.949681,0.110924,0,0.0113962,9,21,-2.00166,-1.70248,1,-0.00287294,0.497916,0,0.00810623,0.0416636,0,0.0122576,10,21,0.539121,0.999103,1,-0.5,0.00184029,0,-1.43051e-05,-0.00089407,0,0.0117345,11,21,2.12036,-2.99602,1,-0.5,0.00846386,0,0,-0.0146627,0,0.00846072,12,21,1.00045,-0.502089,1,-0.000506639,-0.5,0,-0.00107288,-2.98023e-05,0,0.013634,13,21,-1.99999,2,1,1.19209e-05,0,0,-0.000119209,0,0,0.00816943,14,21,-2.99637,-0.811393,1,0.00322461,-0.428173,0,-0.0218153,0.359833,0,0.00842785,15,21,0.186186,-1.99995,1,-0.425656,-0.000172853,0,0.364304,0.000238419,0,0.00956113,16,21,-5.21451e-09,2.99997,1,-4.23063e-06,8.9407e-05,0,1.25591e-05,-0.000119209,0,0.00782288,17,21,-3,-2.77523,1,0,-0.3995,0,0,0.638247,0,0.00621561,18,21,-0.874693,-0.575294,1,-0.285101,0.5,0,0.370324,2.98023e-05,0,0.0110305,19,21,1.99616,0.894236,1,-0.125638,0.332296,0,-1.00005,-0.490278,0,0.0122268,20,21,2.99153,2.03846,1,-0.115699,-0.218886,0,-0.938892,0.502467,0,0.0118292,21,21,2.79666,2.99674,1,0.435776,-0.0439405,0,-0.358582,-0.362635,0,0.00410281,22,21,0.150706,2,1,-0.382698,-1.49012e-05,0,0.417355,5.96046e-05,0,0.00999635,23,21,2.94784,-1.99762,1,0.0979066,-0.0116527,0,-0.376344,0.0130534,0,0.0061204,24,21,9.90367e-08,3.09345e-05,1,3.77631e-06,0.000219246,0,-1.19547e-05,-0.000892764,0,0.0121208,25,21,2.00323,-0.996356,1,-0.00371337,0.0494868,0,-0.0158548,0.396729,0,0.0103162,26,21,1.99516,2.76902,1,0.0085026,0.445735,0,0.00137091,-0.291586,0,0.0058974,27,21,2.10963,-0.00414433,1,-0.443906,0.0123027,0,-0.195384,-0.0127417,0,0.0125331,28,21,2.99629,-1.00011,1,-0.0505865,-0.00179112,0,-0.405312,0.00625849,0,0.00802648,29,21,-0.895764,2.00303,1,-0.331865,-0.0180423,0,0.477523,0.0355244,0,0.0092353,30,21,1.9948,-2.11807,1,0.0195295,0.170463,0,-0.0141859,-1.00017,0,0.00894299,31,21,1.0132,-2.18672,1,0.0237733,0.426263,0,0.394583,-0.362635,0,0.00910703,32,21,-3,0.996302,1,1.78814e-05,-0.0495464,0,0,-0.396132,0,0.0122324,33,21,2.99998,0.204746,1,-0.000196695,-0.444867,0,-0.000119209,0.330127,0,0.00655857,34,21,-2.52015,0.00768348,1,-0.392413,-0.0156631,0,0.895858,-0.00562936,0,0.0104562,35,21,-1.00379,-1.9998,1,-0.00812411,0.00144541,0,0.0526905,-0.00566244,0,0.0093201
0,21.1,0.0630263,-1,1,-0.259008,9.87202e-06,0,0.488934,-3.72529e-05,0,0.0100483,1,21.1,-0.754194,-2.96685,1,-0.457639,-0.124672,0,0.26226,0.306651,0,0.0100775,2,21.1,-0.910562,1.00005,1,-0.311893,-0.000343658,0,0.5062,0.000797212,0,0.00825404,3,21.1,-2.99999,3,1,-5.51343e-05,0,0,0.000178814,0,0,0.00453448,4,21.1,-2.00229,-2.99774,1,0.0206932,-0.00254102,0,-0.0382066,-0.00651181,0,0.00658874,5,21.1,-2.97913,-1.79431,1,0.18669,-0.42642,0,0.97622,0.356369,0,0.0121092,6,21.1,-1.99994,3,1,7.26432e-05,0,0,-0.000700355,0,0,0.00417003,7,21.1,-2.00001,0.999996,1,7.07805e-06,-2.98023e-06,0,0.000163913,2.98023e-05,0,0.00923734,8,21.1,-1.48151,-1.02215,1,0.353619,-0.0134092,0,0.767618,0.109613,0,0.0113962,9,21.1,-2.0019,-1.65256,1,-0.00201873,0.499869,0,0.00886619,0.00520796,0,0.0122576,10,21.1,0.489121,0.999282,1,-0.5,0.00172136,0,1.78814e-06,-0.00144914,0,0.0117345,11,21.1,2.07036,-2.99525,1,-0.5,0.00680983,0,0,-0.0181496,0,0.00846072,12,21.1,1.00039,-0.552089,1,-0.000586174,-0.499999,0,-0.000543892,3.72529e-05,0,0.013634,13,21.1,-1.99999,2,1,1.86265e-06,0,0,-7.45058e-05,0,0,0.00816943,14,21.1,-2.99615,-0.852293,1,0.00106692,-0.388739,0,-0.020951,0.425912,0,0.00842785,15,21.1,0.145556,-1.99997,1,-0.38585,-0.000147894,0,0.428865,0.000268221,0,0.00956113,16,21.1,-3.66513e-07,2.99998,1,-3.00842e-06,7.56234e-05,0,1.17778e-05,-0.000163913,0,0.00782288,17,21.1,-3,-2.81135,1,0,-0.318,0,0,0.937954,0,0.00621561,18,21.1,-0.901359,-0.525294,1,-0.248302,0.5,0,0.364464,-2.08616e-06,0,0.0110305,19,21.1,1.9786,0.925018,1,-0.22554,0.283421,0,-0.996031,-0.485212,0,0.0122268,20,21.1,2.97515,2.01899,1,-0.212835,-0.171229,0,-0.992358,0.450477,0,0.0118292,21,21.1,2.83826,2.99015,1,0.394557,-0.0913266,0,-0.458464,-0.56313,0,0.00410281,22,21.1,0.114599,2,1,-0.338775,-9.12696e-06,0,0.457962,5.21541e-05,0,0.00999635,23,21.1,2.95601,-1.99871,1,0.0678729,-0.0100948,0,-0.232354,0.0176579,0,0.0061204,24,21.1,4.18181e-07,4.85677e-05,1,2.62182e-06,0.00013526,0,-1.10424e-05,-0.000782411,0,0.0121208,25,21.1,2.0028,-0.988945,1,-0.00452958,0.102759,0,-0.000998378,0.63822,0,0.0103162,26,21.1,1.99601,2.81198,1,0.00842568,0.411789,0,-0.00273436,-0.382885,0,0.0058974,27,21.1,2.06409,-0.00298123,1,-0.467634,0.0109282,0,-0.246763,-0.0146042,0,0.0125331,28,21.1,2.98897,-1.00026,1,-0.0976503,-0.00120681,0,-0.516832,0.00532717,0,0.00802648,29,21.1,-0.926518,2.0014,1,-0.28287,-0.0144362,0,0.498261,0.03618,0,0.0092353,30,21.1,1.99671,-2.10602,1,0.0191715,0.0704549,0,0.00564754,-1.00002,0,0.00894299,31,21.1,1.01793,-2.14605,1,0.0739207,0.385929,0,0.583254,-0.43875,0,0.00910703,32,21.1,-2.99999,0.988859,1,1.63913e-05,-0.103568,0,-2.98023e-05,-0.652499,0,0.0122324,33,21.1,2.99996,0.162072,1,-0.00019148,-0.407133,0,0.000208616,0.419317,0,0.00655857,34,21.1,-2.55471,0.0061085,1,-0.297294,-0.0156549,0,0.986978,0.00526174,0,0.0104562,35,21.1,-1.00435,-1.99968,1,-0.00332482,0.000908971,0,0.0431836,-0.00503659,0,0.0093201
0,21.2,0.0395595,-1,1,-0.210518,5.96046e-06,0,0.477687,0,0,0.0098233,1,21.2,-0.798524,-2.97784,1,-0.427757,-0.0956416,0,0.334054,0.273108,0,0.00925892,2,21.2,-0.939203,1.00002,1,-0.260851,-0.000268221,0,0.51114,0.000864267,0,0.00863111,3,21.2,-3,3,1,-2.98023e-05,0,0,0.000119209,0,0,0.00408594,4,21.2,-2.00042,-2.99802,1,0.0166327,-0.00303388,0,-0.0423789,-0.00333786,0,0.00903975,5,21.2,-2.95551,-1.83505,1,0.28609,-0.38729,0,1.00017,0.421643,0,0.00944215,6,21.2,-1.99994,3,1,8.9407e-06,0,0,-0.000476837,0,0,0.00395106,7,21.2,-2.00001,0.999996,1,1.78814e-05,-1.49012e-06,0,0.000119209,5.96046e-05,0,0.00873755,8,21.2,-1.44264,-1.02295,1,0.420266,-0.00279844,0,0.563025,0.101745,0,0.00887612,9,21.2,-2.00206,-1.60256,1,-0.00112057,0.500003,0,0.0089407,-5.96046e-05,0,0.0114597,10,21.2,0.439121,0.999446,1,-0.5,0.00155568,0,1.43051e-05,-0.00184774,0,0.0088662,11,21.2,2.02036,-2.99467,1,-0.5,0.00489354,0,-5.96046e-05,-0.0201464,0,0.00943622,12,21.2,1.00033,-0.602088,1,-0.000616908,-0.499986,0,-0.000119209,0.000327826,0,0.0139387,13,21.2,-1.99999,2,1,-5.96046e-06,0,0,-5.96046e-05,0,0,0.0095347,14,21.2,-2.99615,-0.88895,1,-0.000905991,-0.343603,0,-0.018239,0.473619,0,0.00806055,15,21.2,0.109201,-1.99998,1,-0.340501,-0.00012219,0,0.474904,0.000298023,0,0.00909998,16,21.2,-6.10493e-07,2.99999,1,-1.89343e-06,5.96046e-05,0,1.04459e-05,-0.000119209,0,0.00973358,17,21.2,-3,-2.83829,1,0,-0.219828,0,0,0.999928,0,0.0065322,18,21.2,-0.924385,-0.475294,1,-0.212434,0.5,0,0.351846,-1.43051e-05,0,0.0112313,19,21.2,1.9511,0.950957,1,-0.32405,0.235628,0,-0.968158,-0.46888,0,0.011889,20,21.2,2.94888,2.00403,1,-0.312638,-0.128812,0,-1.00017,0.397742,0,0.0115572,21,21.2,2.87531,2.97802,1,0.345463,-0.152546,0,-0.51713,-0.642896,0,0.00561323,22,21.2,0.0830551,2,1,-0.291728,-5.96046e-06,0,0.479912,5.96046e-05,0,0.0103866,23,21.2,2.96182,-1.99963,1,0.0499725,-0.0082016,0,-0.132084,0.0198483,0,0.00733482,24,21.2,6.27292e-07,5.83948e-05,1,1.58351e-06,6.34877e-05,0,-9.65957e-06,-0.000650338,0,0.0118732,25,21.2,2.00237,-0.975288,1,-0.00401735,0.171643,0,0.010848,0.715047,0,0.0121735,26,21.2,1.99683,2.85112,1,0.00798404,0.370026,0,-0.00584126,-0.448346,0,0.00632664,27,21.2,2.0162,-0.00196349,1,-0.488615,0.00940931,0,-0.159085,-0.0156445,0,0.0112988,28,21.2,2.97657,-1.00036,1,-0.150537,-0.000745058,0,-0.525832,0.0038743,0,0.00664912,29,21.2,-0.952308,2.00014,1,-0.232981,-0.0108808,0,0.496,0.0346303,0,0.011178,30,21.2,1.99868,-2.10397,1,0.0203997,-0.0295401,0,0.017643,-1.00017,0,0.0115335,31,21.2,1.02838,-2.10974,1,0.135905,0.33952,0,0.636399,-0.484705,0,0.00995001,32,21.2,-2.99999,0.975035,1,1.19209e-05,-0.174314,0,-0.000119209,-0.736892,0,0.0136599,33,21.2,2.99994,0.123566,1,-0.000154972,-0.362006,0,0.000357628,0.47845,0,0.00770826,34,21.2,-2.57947,0.00458363,1,-0.197625,-0.0147114,0,1.00017,0.0131342,0,0.0109751,35,21.2,-1.00449,-1.99962,1,0.000500679,0.000444055,0,0.033319,-0.00429153,0,0.00942212
0,21.3,0.0208521,-1,1,-0.164133,5.96046e-06,0,0.447434,0,0,0.0098233,1,21.3,-0.8395,-2.9861,1,-0.390588,-0.0701636,0,0.405252,0.235885,0,0.00925892,2,21.3,-0.962752,0.999993,1,-0.210404,-0.000186916,0,0.494506,0.000756234,0,0.00863111,3,21.3,-3,3,1,-1.60187e-05,0,0,0.000163913,0,0,0.00408594,4,21.3,-1.99897,-2.99834,1,0.0123857,-0.00322685,0,-0.0420287,-0.000625849,0,0.00903975,5,21.3,-2.92206,-1.87161,1,0.380317,-0.343405,0,0.849545,0.452794,0,0.00944215,6,21.3,-1.99994,3,1,-3.31551e-05,0,0,-0.000357628,0,0,0.00395106,7,21.3,-2.00001,0.999996,1,2.6077e-05,3.25963e-06,0,2.98023e-05,4.09782e-05,0,0.00873755,8,21.3,-1.39816,-1.02275,1,0.465866,0.00649653,0,0.351094,0.0840127,0,0.00887612,9,21.3,-2.00213,-1.55256,1,-0.000272319,0.5,0,0.00800192,-7.45058e-06,0,0.0114597,10,21.3,0.389173,0.999592,1,-0.49832,0.00135973,0,0.0375471,-0.00204891,0,0.0088662,11,21.3,1.97036,-2.99428,1,-0.5,0.0029102,0,1.49012e-05,-0.0194013,0,0.00943622,12,21.3,1.00027,-0.652087,1,-0.000640191,-0.499992,0,-0.000454485,-0.00018999,0,0.0139387,13,21.3,-1.99999,2,1,-1.08033e-05,0,0,-2.98023e-05,0,0,0.0095347,14,21.3,-2.99632,-0.920887,1,-0.00252686,-0.294693,0,-0.0141114,0.50031,0,0.00806055,15,21.3,0.0775774,-1.99999,1,-0.291545,-9.33185e-05,0,0.499974,0.000275671,0,0.00909998,16,21.3,-7.50451e-07,2.99999,1,-9.3492e-07,4.58211e-05,0,8.69717e-06,-0.000163913,0,0.00973358,17,21.3,-3,-2.85527,1,0,-0.119831,0,0,0.999987,0,0.0065322,18,21.3,-0.943899,-0.425296,1,-0.178162,0.4999,0,0.332691,-0.00398971,0,0.0112313,19,21.3,1.91418,0.972225,1,-0.410398,0.190257,0,-0.735015,-0.437539,0,0.011889,20,21.3,2.91293,1.99304,1,-0.402563,-0.0920435,0,-0.773028,0.338279,0,0.0115572,21,21.3,2.90722,2.95946,1,0.29218,-0.21944,0,-0.542581,-0.684351,0,0.00561323,22,21.3,0.0562947,2,1,-0.243441,-9.31323e-07,0,0.482295,3.72529e-05,0,0.0103866,23,21.3,2.96627,-2.00035,1,0.0401121,-0.00619926,0,-0.0696033,0.0199378,0,0.00733482,24,21.3,7.4018e-07,6.17353e-05,1,7.03106e-07,5.74692e-06,0,-7.92987e-06,-0.000504856,0,0.0118732,25,21.3,2.00211,-0.954426,1,-0.000195578,0.246404,0,0.0615269,0.763621,0,0.0121735,26,21.3,1.9976,2.8858,1,0.00728257,0.322916,0,-0.00806153,-0.489652,0,0.00632664,27,21.3,1.96676,-0.00110068,1,-0.49843,0.0078497,0,-0.0456125,-0.0154772,0,0.0112988,28,21.3,2.95881,-1.00042,1,-0.205018,-0.00046622,0,-0.548109,0.00157207,0,0.00664912,29,21.3,-0.973158,1.99922,1,-0.184414,-0.00757799,0,0.472318,0.0312328,0,0.011178,30,21.3,2.00084,-2.11193,1,0.0228914,-0.129548,0,0.0306442,-1.00002,0,0.0115335,31,21.3,1.04521,-2.07825,1,0.20101,0.289935,0,0.652634,-0.502661,0,0.00995001,32,21.3,-2.99999,0.953651,1,1.86265e-06,-0.255187,0,-7.45058e-05,-0.847481,0,0.0136599,33,21.3,2.99992,0.0898135,1,-0.000112504,-0.312578,0,0.000476837,0.506143,0,0.00770826,34,21.3,-2.59423,0.00318686,1,-0.0976168,-0.013146,0,1.00002,0.0178209,0,0.0109751,35,21.3,-1.00429,-1.99959,1,0.00333283,6.14673e-05,0,0.0234768,-0.00335276,0,0.00942212
0,21.4,0.00660795,-1,1,-0.12148,5.96046e-06,0,0.403732,-5.96046e-05,0,0.0105725,1,21.4,-0.876444,-2.992,1,-0.347495,-0.0485539,0,0.452816,0.196099,0,0.0101678,2,21.4,-0.98137,0.999978,1,-0.162537,-0.000117719,0,0.460237,0.000625849,0,0.00792217,3,21.4,-3,3,1,-5.96046e-06,0,0,0.000119209,0,0,0.00395363,4,21.4,-1.99794,-2.99866,1,0.00831485,-0.00317693,0,-0.0389218,0.00166893,0,0.00683412,5,21.4,-2.88024,-1.90366,1,0.451076,-0.297347,0,0.551224,0.465333,0,0.00983001,6,21.4,-1.99994,3,1,-6.25849e-05,0,0,-0.000238419,0,0,0.00388461,7,21.4,-2,0.999997,1,2.98023e-05,5.96046e-06,0,0,2.98023e-05,0,0.00827327,8,21.4,-1.35015,-1.02171,1,0.490972,0.0139862,0,0.15372,0.0658035,0,0.00831222,9,21.4,-2.00212,-1.50256,1,0.000470877,0.500003,0,0.00691414,-5.96046e-05,0,0.0103887,10,21.4,0.339619,0.999718,1,-0.491812,0.00115037,0,0.0954568,-0.00214577,0,0.0103966,11,21.4,1.92036,-2.99408,1,-0.500003,0.0010252,0,5.96046e-05,-0.0180006,0,0.008343,12,21.4,1.0002,-0.702087,1,-0.000727177,-0.5,0,-0.0013113,-2.98023e-05,0,0.0140037,13,21.4,-1.99999,2,1,-1.19209e-05,0,0,-5.96046e-05,0,0,0.00870569,14,21.4,-2.99664,-0.947841,1,-0.00371933,-0.24434,0,-0.00953674,0.502974,0,0.00833859,15,21.4,0.0509342,-2,1,-0.241298,-6.55651e-05,0,0.501296,0.000119209,0,0.00969997,16,21.4,-8.03528e-07,3,1,-1.57576e-07,2.98023e-05,0,6.84096e-06,-0.000119209,0,0.00665104,17,21.4,-3,-2.86226,1,0,-0.0198364,0,0,1.00017,0,0.00519356,18,21.4,-0.96009,-0.375358,1,-0.14606,0.498404,0,0.308633,-0.0319183,0,0.00981455,19,21.4,1.86998,0.989122,1,-0.468248,0.148299,0,-0.417829,-0.400841,0,0.0126074,20,21.4,2.86933,1.98543,1,-0.464135,-0.0610203,0,-0.452518,0.282824,0,0.0109066,21,21.4,2.93372,2.9341,1,0.238037,-0.287455,0,-0.535488,-0.667214,0,0.00567869,22,21.4,0.0343412,2,1,-0.195914,2.98023e-06,0,0.465326,0,0,0.0101006,23,21.4,2.97001,-2.00087,1,0.0352442,-0.00426173,0,-0.031352,0.0187159,0,0.0070007,24,21.4,7.73823e-07,6.0023e-05,1,-3.39639e-10,-3.76485e-05,0,-6.13659e-06,-0.000364327,0,0.0102932,25,21.4,2.00246,-0.926002,1,0.00752211,0.321385,0,0.0895262,0.722766,0,0.0132756,26,21.4,1.99828,2.91561,1,0.00639856,0.272912,0,-0.00953674,-0.506759,0,0.0060297,27,21.4,1.9168,-0.000392309,1,-0.500003,0.00632707,0,5.96046e-05,-0.0149143,0,0.0108161,28,21.4,2.93563,-1.00046,1,-0.257403,-0.000450015,0,-0.487804,-0.00137091,0,0.0101084,29,21.4,-0.989298,1.99861,1,-0.139052,-0.00466704,0,0.43264,0.0268817,0,0.0108917,30,21.4,2.00329,-2.12988,1,0.0262439,-0.229543,0,0.0351667,-1.00017,0,0.010782,31,21.4,1.06851,-2.05177,1,0.264081,0.239784,0,0.598371,-0.496864,0,0.0120183,32,21.4,-2.99999,0.923934,1,-5.96046e-06,-0.338162,0,0,-0.788689,0,0.0103979,33,21.4,2.99992,0.061104,1,-6.55651e-05,-0.261526,0,0.000596046,0.511365,0,0.00837603,34,21.4,-2.59899,0.00196665,1,0.00237823,-0.0112132,0,1.00017,0.0205297,0,0.00954364,35,21.4,-1.00385,-1.9996,1,0.00523031,-0.000229478,0,0.0146031,-0.00244379,0,0.00854023
0,21.5,-0.00360976,-0.999479,1,-0.0837831,0.0149796,0,0.349259,0.271961,0,0.0105725,1,21.5,-0.908885,-2.99595,1,-0.300963,-0.0309739,0,0.47465,0.155583,0,0.0101678,2,21.5,-0.9954,0.999478,1,-0.118893,-0.0141265,0,0.410993,-0.254914,0,0.00792217,3,21.5,-3,3,1,3.72529e-06,0,0,5.96046e-05,0,0,0.00395363,4,21.5,-1.99729,-2.99897,1,0.0046758,-0.00292771,0,-0.0336692,0.00323355,0,0.00683412,5,21.5,-2.83296,-1.93109,1,0.489068,-0.251363,0,0.221908,0.452675,0,0.00983001,6,21.5,-1.99995,3,1,-8.10251e-05,0,0,-0.00012666,0,0,0.00388461,7,21.5,-2,0.999998,1,2.79397e-05,8.00937e-06,0,-4.47035e-05,7.45058e-06,0,0.00827327,8,21.5,-1.30055,-1.02002,1,0.4991,0.0195049,0,0.0292733,0.0449866,0,0.00831222,9,21.5,-2.00204,-1.45256,1,0.00109933,0.5,0,0.00564754,-7.45058e-06,0,0.0103887,10,21.5,0.290705,0.999822,1,-0.488212,0.000938773,0,-0.00956655,-0.00207871,0,0.0103966,11,21.5,1.87036,-2.99407,1,-0.5,-0.000666082,0,7.45058e-06,-0.0157952,0,0.008343,12,21.5,1.00012,-0.752087,1,-0.000841916,-0.5,0,-0.00116229,0,0,0.0140037,13,21.5,-2,2,1,-1.60187e-05,0,0,-1.49012e-05,0,0,0.00870569,14,21.5,-2.99705,-0.969785,1,-0.00444725,-0.19487,0,-0.0050962,0.483174,0,0.00833859,15,21.5,0.0292842,-2.00001,1,-0.192053,-5.21541e-05,0,0.480404,0.000149012,0,0.00969997,16,21.5,-7.88267e-07,3,1,4.31489e-07,1.78814e-05,0,4.964e-06,-0.000119209,0,0.00665104,17,21.5,-3,-2.85924,1,0,0.080172,0,0,1.00002,0,0.00519356,18,21.5,-0.9732,-0.326213,1,-0.116629,0.479578,0,0.279501,-0.32784,0,0.00981455,19,21.5,1.82159,1.00203,1,-0.494877,0.110676,0,-0.133678,-0.351757,0,0.0126074,20,21.5,2.82119,1.98065,1,-0.493686,-0.0355622,0,-0.155851,0.227399,0,0.0109066,21,21.5,2.95491,2.90186,1,0.186294,-0.357969,0,-0.496358,-0.706568,0,0.00567869,22,21.5,0.0170248,2,1,-0.150987,2.98023e-06,0,0.430915,0,0,0.0101006,23,21.5,2.97341,-2.00121,1,0.0331346,-0.00250451,0,-0.0129789,0.0163466,0,0.0070007,24,21.5,7.46118e-07,0.000577407,1,-5.20516e-07,0.0149107,0,-4.14681e-06,0.271764,0,0.0102932,25,21.5,2.00357,-0.890314,1,0.0138871,0.391083,0,0.0399947,0.646647,0,0.0132756,26,21.5,1.99887,2.94036,1,0.00540391,0.222274,0,-0.0102371,-0.501618,0,0.0060297,27,21.5,1.8668,0.000167594,1,-0.5,0.00488953,0,7.45058e-06,-0.0138038,0,0.0108161,28,21.5,2.90748,-1.00052,1,-0.305159,-0.000865944,0,-0.458479,-0.00677258,0,0.0101084,29,21.5,-1.00113,1.99827,1,-0.0983659,-0.00223052,0,0.379764,0.0218377,0,0.0108917,30,21.5,2.00602,-2.15775,1,0.0276465,-0.326268,0,-0.0051707,-0.907391,0,0.010782,31,21.5,1.09799,-2.03023,1,0.326044,0.191477,0,0.624388,-0.466958,0,0.0120183,32,21.5,-2.99999,0.886326,1,-5.96046e-06,-0.41175,0,0,-0.655539,0,0.0103979,33,21.5,2.99991,0.0374893,1,-9.68575e-06,-0.211043,0,0.000506639,0.494986,0,0.00837603,34,21.5,-2.59376,0.000949172,1,0.102387,-0.00912911,0,1.00002,0.0209646,0,0.00954364,35,21.5,-1.00327,-1.99963,1,0.00629444,-0.000429899,0,0.00692159,-0.00157952,0,0.00854023
0,21.6,-0.0103383,-0.996359,1,-0.0517661,0.0494897,0,0.290648,0.396699,0,0.0127282,1,21.6,-0.936595,-2.99833,1,-0.253172,-0.0173926,0,0.478297,0.116587,0,0.00905421,2,21.6,-1.00533,0.996545,1,-0.0806093,-0.0464916,0,0.353694,-0.372171,0,0.00999646,3,21.6,-3,3,1,5.96046e-06,0,0,0.000119209,0,0,0.00599509,4,21.6,-1.99698,-2.99924,1,0.00160933,-0.00255108,0,-0.0274777,0.00429153,0,0.00678478,5,21.6,-2.78336,-1.95399,1,0.499421,-0.20712,0,0.0115633,0.430763,0,0.00895269,6,21.6,-1.99996,3,1,-9.23872e-05,0,0,0,0,0,0.00394049,7,21.6,-2,0.999999,1,2.38419e-05,8.9407e-06,0,-5.96046e-05,0,0,0.0102833,8,21.6,-1.25057,-1.01787,1,0.500003,0.023067,0,-5.96046e-05,0.0265837,0,0.0114955,9,21.6,-2.0019,-1.40256,1,0.00159144,0.500003,0,0.00441074,-5.96046e-05,0,0.0108855,10,21.6,0.241758,0.999906,1,-0.49121,0.000737607,0,-0.0391227,-0.00196695,0,0.0136585,11,21.6,1.82036,-2.99421,1,-0.500003,-0.00212789,0,5.96046e-05,-0.0133514,0,0.00855167,12,21.6,1.00003,-0.802087,1,-0.000989437,-0.5,0,-0.00193715,-2.98023e-05,0,0.0169683,13,21.6,-2,2,1,-1.78814e-05,0,0,5.96046e-05,0,0,0.00809241,14,21.6,-2.99751,-0.986912,1,-0.00475645,-0.148284,0,-0.00119209,0.446111,0,0.00838573,15,21.6,0.012424,-2.00001,1,-0.145782,-3.57628e-05,0,0.442563,0.000119209,0,0.00951701,16,21.6,-7.23231e-07,3,1,8.40659e-07,5.96046e-06,0,3.25005e-06,-0.000119209,0,0.00613845,17,21.6,-3,-2.84622,1,0,0.180167,0,0,1.00017,0,0.00533961,18,21.6,-0.983517,-0.280267,1,-0.0902399,0.435979,0,0.247985,-0.529506,0,0.0110833,19,21.6,1.77173,1.01142,1,-0.5,0.0779122,0,0,-0.303745,0,0.015277,20,21.6,2.77137,1.97815,1,-0.5,-0.0153363,0,0,0.178218,0,0.01093,21,21.6,2.97114,2.8627,1,0.13929,-0.422955,0,-0.44167,-0.571489,0,0.00622262,22,21.6,0.00400783,2,1,-0.110124,2.98023e-06,0,0.38471,0,0,0.00964956,23,21.6,2.97668,-2.00138,1,0.0322759,-0.00100732,0,-0.00584126,0.0133514,0,0.00631622,24,21.6,6.77434e-07,0.0036897,1,-8.10172e-07,0.0494059,0,-1.57118e-06,0.396613,0,0.0118065,25,21.6,2.00509,-0.848251,1,0.0159383,0.447066,0,0.00286102,0.461072,0,0.0104889,26,21.6,1.99936,2.96012,1,0.004372,0.173372,0,-0.0103116,-0.472665,0,0.00636228,27,21.6,1.8168,0.000589608,1,-0.500003,0.00357222,0,5.96046e-05,-0.0125162,0,0.0124926,28,21.6,2.87478,-1.00065,1,-0.347531,-0.00176728,0,-0.381947,-0.0109673,0,0.0120295,29,21.6,-1.00916,1.99814,1,-0.0633031,-0.000301003,0,0.320852,0.0168085,0,0.0099393,30,21.6,2.0087,-2.19459,1,0.0255704,-0.406849,0,-0.0344515,-0.689507,0,0.0086341,31,21.6,1.13365,-2.01336,1,0.386089,0.146794,0,0.564277,-0.424743,0,0.0103531,32,21.6,-2.99999,0.842256,1,-5.96046e-06,-0.465515,0,0,-0.409693,0,0.00812362,33,21.6,2.99991,0.0188096,1,3.57628e-05,-0.163118,0,0.000476837,0.460919,0,0.00765148,34,21.6,-2.57852,0.000140486,1,0.202382,-0.00705459,0,1.00017,0.0203698,0,0.0110371,35,21.6,-1.00261,-1.99968,1,0.00666678,-0.000551343,0,0.000715256,-0.000834465,0,0.0102551
0,21.7,-0.0141701,-0.988984,1,-0.0259271,0.101712,0,0.227119,0.618972,0,0.0127282,1,21.7,-0.959537,-2.99955,1,-0.205918,-0.00756942,0,0.463862,0.0806898,0,0.00905421,2,21.7,-1.01173,0.989591,1,-0.0485811,-0.09629,0,0.287458,-0.595473,0,0.00999646,3,21.7,-3,3,1,1.41561e-05,0,0,2.98023e-05,0,0,0.00599509,4,21.7,-1.99695,-2.99947,1,-0.000804849,-0.00209659,0,-0.0208393,0.00470877,0,0.00678478,5,21.7,-2.73338,-1.9726,1,0.499963,-0.165646,0,0.00144541,0.397824,0,0.00895269,6,21.7,-1.99997,3,1,-8.97795e-05,0,0,4.47035e-05,0,0,0.00394049,7,21.7,-2,0.999999,1,1.78814e-05,8.3819e-06,0,-5.96046e-05,-1.49012e-05,0,0.0102833,8,21.7,-1.20057,-1.01546,1,0.5,0.0248399,0,-7.45058e-06,0.00935793,0,0.0114955,9,21.7,-2.00173,-1.35269,1,0.00195131,0.496024,0,0.00280142,-0.0802204,0,0.0108855,10,21.7,0.192415,0.99997,1,-0.495747,0.000567827,0,-0.0449625,-0.00134483,0,0.0136585,11,21.7,1.77036,-2.99448,1,-0.5,-0.00330731,0,7.45058e-06,-0.0102818,0,0.00855167,12,21.7,0.999927,-0.852087,1,-0.00111414,-0.5,0,-0.000726432,0,0,0.0169683,13,21.7,-2,2,1,-1.22935e-05,0,0,4.47035e-05,0,0,0.00809241,14,21.7,-2.99799,-0.999592,1,-0.0047043,-0.106177,0,0.00208616,0.394553,0,0.00838573,15,21.7,-2.43086e-05,-2.00001,1,-0.104051,-2.38419e-05,0,0.390621,0.000119209,0,0.00951701,16,21.7,-6.25549e-07,3,1,1.08782e-06,-3.72529e-06,0,1.73944e-06,-5.96046e-05,0,0.00613845,17,21.7,-3,-2.82322,1,0,0.279618,0,0,0.97774,0,0.00533961,18,21.7,-0.991357,-0.239838,1,-0.0671157,0.368099,0,0.214297,-0.800262,0,0.0110833,19,21.7,1.72173,1.01777,1,-0.5,0.049983,0,0,-0.255257,0,0.015277,20,21.7,2.72137,1.97743,1,-0.5,0.000243261,0,0,0.134364,0,0.01093,21,21.7,2.98297,2.8179,1,0.0983592,-0.469176,0,-0.375703,-0.348806,0,0.00622262,22,21.7,-0.00517156,2,1,-0.0743879,2.98023e-06,0,0.329297,0,0,0.00964956,23,21.7,2.97988,-2.00142,1,0.0316396,0.000173971,0,-0.00753999,0.0102669,0,0.00631622,24,21.7,8.15276e-07,0.0108595,1,8.06652e-06,0.0959542,0,0.000265934,0.514844,0,0.0118065,25,21.7,2.00667,-0.801612,1,0.0152204,0.482021,0,-0.0161976,0.240333,0,0.0104889,26,21.7,1.99975,2.97517,1,0.00336338,0.128335,0,-0.00978261,-0.425175,0,0.00636228,27,21.7,1.7668,0.000887163,1,-0.5,0.00240782,0,7.45058e-06,-0.0107809,0,0.0124926,28,21.7,2.83805,-1.00093,1,-0.387447,-0.00423491,0,-0.404254,-0.0356734,0,0.0120295,29,21.7,-1.01399,1.99819,1,-0.0343546,0.00112969,0,0.258312,0.0118986,0,0.0099393,30,21.7,2.01106,-2.23825,1,0.0213519,-0.461753,0,-0.0489056,-0.411019,0,0.0086341,31,21.7,1.17495,-2.00069,1,0.438162,0.107477,0,0.459962,-0.362299,0,0.0103531,32,21.7,-2.99999,0.794105,1,-5.96046e-06,-0.493259,0,0,-0.156213,0,0.00812362,33,21.7,2.99992,0.00472473,1,7.63685e-05,-0.119399,0,0.000342727,0.411794,0,0.00765148,34,21.7,-2.5534,-0.000466191,1,0.298149,-0.00511117,0,0.898346,0.0184374,0,0.0110371,35,21.7,-1.00195,-1.99974,1,0.00649281,-0.000602938,0,-0.00393391,-0.000230968,0,0.0102551
0,21.8,-0.0157255,-0.975548,1,-0.00613914,0.168101,0,0.169684,0.685781,0,0.0130923,1,21.8,-0.977854,-2.99996,1,-0.160927,-0.00107884,0,0.433654,0.0501871,0,0.00896962,2,21.8,-1.01526,0.976811,1,-0.0229865,-0.160486,0,0.225186,-0.665754,0,0.0145571,3,21.8,-3,3,1,1.78814e-05,0,0,0,0,0,0.00649729,4,21.8,-1.99712,-2.99966,1,-0.00256896,-0.00162721,0,-0.0145435,0.00476837,0,0.00779431,5,21.8,-2.68338,-1.98724,1,0.5,-0.127715,0,0,0.360072,0,0.00824608,6,21.8,-1.99998,3,1,-8.34465e-05,0,0,0.000119209,0,0,0.00502716,7,21.8,-1.99999,1,1,8.9407e-06,8.9407e-06,0,0,-5.96046e-05,0,0.0114363,8,21.8,-1.15057,-1.01296,1,0.500003,0.025034,0,-5.96046e-05,-0.00500679,0,0.0127741,9,21.8,-2.00152,-1.30363,1,0.00216365,0.483879,0,0.00143051,-0.162661,0,0.00794436,10,21.8,0.142649,1.00002,1,-0.499106,0.000482798,0,-0.0178885,-0.000357628,0,0.0118707,11,21.8,1.72036,-2.99486,1,-0.500003,-0.00419021,0,5.96046e-05,-0.00739098,0,0.00786557,12,21.8,0.999813,-0.902087,1,-0.00116527,-0.5,0,-0.00038743,-2.98023e-05,0,0.0166853,13,21.8,-2,2,1,-5.96046e-06,0,0,0,0,0,0.00756519,14,21.8,-2.99844,-1.00833,1,-0.00436902,-0.0696123,0,0.00452995,0.335813,0,0.00791212,15,21.8,-0.00857212,-2.00001,1,-0.0678863,-1.19209e-05,0,0.331828,0.000119209,0,0.0110997,16,21.8,-5.10242e-07,3,1,1.19771e-06,-5.96046e-06,0,5.03692e-07,-0.000119209,0,0.0082856,17,21.8,-3,-2.79055,1,0,0.371265,0,0,0.82171,0,0.00610361,18,21.8,-0.997054,-0.207286,1,-0.0474036,0.280944,0,0.179887,-0.920497,0,0.0131287,19,21.8,1.67173,1.02157,1,-0.500003,0.0267714,0,5.96046e-05,-0.209391,0,0.0152334,20,21.8,2.67137,1.97806,1,-0.5,0.0117302,0,0,0.0963211,0,0.0102034,21,21.8,2.99104,2.76961,1,0.0643313,-0.493109,0,-0.30458,-0.137806,0,0.00769827,22,21.8,-0.0110604,2,1,-0.0443609,2.98023e-06,0,0.270995,0,0,0.00887023,23,21.8,2.98299,-2.00136,1,0.0306487,0.001055,0,-0.0123978,0.00727177,0,0.00586137,24,21.8,3.98497e-06,0.0230905,1,6.72771e-05,0.148882,0,0.000980453,0.528284,0,0.0116957,25,21.8,2.00808,-0.75253,1,0.0128925,0.496688,0,-0.0295639,0.0662208,0,0.0087908,26,21.8,2.00004,2.98597,1,0.00243187,0.0888169,0,-0.0089407,-0.36335,0,0.00616155,27,21.8,1.7168,0.00107686,1,-0.500003,0.00141401,0,5.96046e-05,-0.00910659,0,0.0112098,28,21.8,2.79733,-1.00155,1,-0.42631,-0.00840425,0,-0.364542,-0.0455976,0,0.0115473,29,21.8,-1.01624,1.99836,1,-0.0115693,0.0020951,0,0.198007,0.00756979,0,0.0112285,30,21.8,2.01294,-2.28606,1,0.015986,-0.490379,0,-0.0574589,-0.172496,0,0.00844659,31,21.8,1.22079,-1.99166,1,0.475764,0.0741929,0,0.286043,-0.304163,0,0.010314,32,21.8,-3,0.744311,1,-5.96046e-06,-0.5,0,0,0,0,0.0117858,33,21.8,2.99993,-0.00524902,1,9.53674e-05,-0.0810312,0,0.000357628,0.354521,0,0.00872899,34,21.8,-2.51938,-0.000888757,1,0.379366,-0.00337766,0,0.715971,0.0161885,0,0.00966765,35,21.8,-1.00133,-1.9998,1,0.0059247,-0.000602007,0,-0.00709295,0.000238419,0,0.00803885
0,21.9,-0.0155856,-0.955246,1,0.00803254,0.238215,0,0.115433,0.701975,0,0.0130923,1,21.9,-0.991848,-2.99986,1,-0.119674,0.00271425,0,0.389803,0.0267923,0,0.00896962,2,21.9,-1.01654,0.957351,1,-0.00366345,-0.229142,0,0.162959,-0.692468,0,0.0145571,3,21.9,-2.99999,3,1,1.60187e-05,0,0,-4.47035e-05,0,0,0.00649729,4,21.9,-1.99744,-2.9998,1,-0.0037251,-0.00117123,0,-0.00872463,0.00432134,0,0.00779431,5,21.9,-2.63338,-1.99829,1,0.5,-0.0941012,0,0,0.312373,0,0.00824608,6,21.9,-1.99998,3,1,-7.13393e-05,0,0,0.00012666,0,0,0.00502716,7,21.9,-1.99999,1,1,8.00937e-06,3.91155e-06,0,-2.23517e-05,-3.72529e-05,0,0.0114363,8,21.9,-1.10057,-1.0105,1,0.5,0.0239799,0,-7.45058e-06,-0.0157431,0,0.0127741,9,21.9,-2.0013,-1.25618,1,0.0022471,0.463714,0,0.000268221,-0.240415,0,0.00794436,10,21.9,0.0926853,1.00007,1,-0.499882,0.000468269,0,0.000241175,0.000223517,0,0.0118707,11,21.9,1.67036,-2.99531,1,-0.5,-0.00479855,0,7.45058e-06,-0.00481308,0,0.00786557,12,21.9,0.999697,-0.952087,1,-0.00113426,-0.5,0,0.000942498,3.72529e-06,0,0.0166853,13,21.9,-2,2,1,-5.96046e-06,0,0,0,0,0,0.00756519,14,21.9,-2.99885,-1.01372,1,-0.00382736,-0.039194,0,0.00613928,0.272624,0,0.00791212,15,21.9,-0.0138069,-2.00002,1,-0.037861,-3.72529e-07,0,0.268791,0.000104308,0,0.0110997,16,21.9,-3.89666e-07,3,1,1.19789e-06,-1.41561e-05,0,-4.51975e-07,-2.98023e-05,0,0.0082856,17,21.9,-3,-2.74974,1,0,0.440343,0,0,0.552118,0,0.00610361,18,21.9,-1.00095,-0.183947,1,-0.0310805,0.184737,0,0.146672,-0.987399,0,0.0131287,19,21.9,1.62173,1.02328,1,-0.5,0.00822134,0,7.45058e-06,-0.162557,0,0.0152334,20,21.9,2.62137,1.97966,1,-0.5,0.0196254,0,0,0.0626072,0,0.0102034,21,21.9,2.99607,2.71988,1,0.0375062,-0.499569,0,-0.232339,-0.0172257,0,0.00769827,22,21.9,-0.0142413,2,1,-0.0202422,2.98023e-06,0,0.211908,0,0,0.00887023,23,21.9,2.98598,-2.00122,1,0.0290371,0.00164136,0,-0.0197589,0.00450015,0,0.00586137,24,21.9,1.48894e-05,0.0406492,1,0.000147915,0.20224,0,0.00080228,0.525465,0,0.0116957,25,21.9,2.00921,-0.702659,1,0.00955015,0.499793,0,-0.0365973,0.00828505,0,0.0087908,26,21.9,2.00024,2.99315,1,0.00159889,0.0559513,0,-0.0077188,-0.292972,0,0.00616155,27,21.9,1.6668,0.00117554,1,-0.5,0.000587392,0,7.45058e-06,-0.00744382,0,0.0112098,28,21.9,2.75291,-1.00257,1,-0.461214,-0.0113947,0,-0.313863,-0.015609,0,0.0115473,29,21.9,-1.0165,1.9986,1,0.00534244,0.00265781,0,0.141352,0.00380725,0,0.0112285,30,21.9,2.01501,-2.33565,1,0.0325486,-0.499149,0,0.362456,-0.0290275,0,0.00844659,31,21.9,1.26949,-1.98567,1,0.495312,0.0465784,0,0.110261,-0.248954,0,0.010314,32,21.9,-3,0.694311,1,-5.96046e-06,-0.5,0,0,-7.45058e-06,0,0.0117858,33,21.9,2.99994,-0.0116839,1,0.000120327,-0.0487139,0,0.00013411,0.291738,0,0.00872899,34,21.9,-2.47826,-0.00115033,1,0.439097,-0.00190073,0,0.48165,0.0133691,0,0.00966765,35,21.9,-1.00078,-1.99986,1,0.00510942,-0.000560842,0,-0.00902265,0.000573695,0,0.00803885
0,22,-0.0142833,-0.927989,1,0.0172707,0.305893,0,0.0708779,0.640005,0,0.0135638,1,22,-1.00195,-2.99948,1,-0.083226,0.00449419,0,0.338078,0.00965595,0,0.00857568,2,22,-1.01618,0.931034,1,0.00993311,-0.296298,0,0.110626,-0.638813,0,0.0134113,3,22,-2.99999,3,1,1.78814e-05,0,0,-0.000238419,0,0,0.00640524,4,22,-1.99785,-2.9999,1,-0.00434518,-0.0007689,0,-0.00375509,0.00357628,0,0.00840636,5,22,-2.58338,-2.00622,1,0.5,-0.0651956,0,0,0.265956,0,0.00922396,6,22,-1.99999,3,1,-5.96046e-05,0,0,0.000178814,0,0,0.00583143,7,22,-1.99999,1,1,2.98023e-06,0,0,5.96046e-05,0,0,0.0106851,8,22,-1.05057,-1.0082,1,0.500003,0.0219554,0,-5.96046e-05,-0.0244975,0,0.0164902,9,22,-2.00107,-1.21114,1,0.00222325,0.43591,0,-0.000715256,-0.314713,0,0.0094574,10,22,0.0427248,1.00012,1,-0.499009,0.000554323,0,0.0198174,0.00166893,0,0.014151,11,22,1.62036,-2.99581,1,-0.500003,-0.0051558,0,5.96046e-05,-0.0026226,0,0.00814241,12,22,0.99959,-1.00209,1,-0.000990927,-0.500003,0,0.00187755,5.96046e-05,0,0.0176334,13,22,-2,2,1,0,0,0,-0.000119209,0,0,0.00761875,14,22,-2.9992,-1.01638,1,-0.00317097,-0.0150353,0,0.00703335,0.211,0,0.0077057,15,22,-0.0163524,-2.00002,1,-0.0140711,5.96046e-06,0,0.207462,0.000119209,0,0.0110423,16,22,-2.73383e-07,3,1,1.11641e-06,-1.78814e-05,0,-1.13489e-06,0,0,0.00883612,17,22,-3,-2.70342,1,0,0.481439,0,0,0.275135,0,0.00672078,18,22,-1.00338,-0.170419,1,-0.0180364,0.0859842,0,0.114501,-0.978701,0,0.0127041,19,22,1.57173,1.02336,1,-0.500003,-0.0059247,0,5.96046e-05,-0.121176,0,0.0159053,20,22,2.57137,1.98188,1,-0.5,0.0244468,0,0,0.0348091,0,0.011388,21,22,2.99878,2.66989,1,0.0177145,-0.5,0,-0.164628,0,0,0.00782553,22,22,-0.0152999,2,1,-0.00185114,2.98023e-06,0,0.156666,0,0,0.00831187,23,22,2.98878,-2.00104,1,0.0267327,0.00197291,0,-0.0263453,0.00214577,0,0.0065777,24,22,3.4558e-05,0.0634038,1,0.000257386,0.251624,0,0.00151368,0.452112,0,0.0150913,25,22,2.00998,-0.652663,1,0.00570416,0.5,0,-0.0396967,2.98023e-05,0,0.0105688,26,22,2.00036,2.9974,1,0.00090003,0.0303149,0,-0.0064373,-0.219703,0,0.00680066,27,22,1.6168,0.0011997,1,-0.500003,-7.84756e-05,0,5.96046e-05,-0.00589271,0,0.0129309,28,22,2.70542,-1.00375,1,-0.486457,-0.0117928,0,-0.184536,0.0064373,0,0.0118353,29,22,-1.01534,1.99888,1,0.0169337,0.00288188,0,0.0916719,0.000834465,0,0.0123633,30,22,2.02059,-2.38564,1,0.0835538,-0.5,0,0.63467,0,0,0.0101351,31,22,1.31935,-1.98217,1,0.5,0.0242352,0,0,-0.198781,0,0.0109005,32,22,-3,0.644311,1,-5.96046e-06,-0.5,0,0,-2.98023e-05,0,0.0113127,33,22,2.99995,-0.0152009,1,0.00012517,-0.0226628,0,0,0.229577,0,0.00744442,34,22,-2.4323,-0.0012781,1,0.476563,-0.000699499,0,0.273466,0.0106799,0,0.0115771,35,22,-1.00031,-1.99991,1,0.00415444,-0.000488758,0,-0.00983477,0.000715256,0,0.00961982
0,22.1,-0.0122645,-0.894265,1,0.0225145,0.367666,0,0.0354079,0.585195,0,0.0135638,1,22.1,-1.00868,-2.999,1,-0.052269,0.00485666,0,0.280894,-0.00165403,0,0.00857568,2,22.1,-1.01471,0.898256,1,0.0187296,-0.358522,0,0.0668466,-0.594731,0,0.0134113,3,22.1,-2.99999,3,1,-1.11759e-06,0,0,-0.000163913,0,0,0.00640524,4,22.1,-1.9983,-2.99996,1,-0.00451487,-0.000447035,0,0.000186265,0.00286102,0,0.00840636,5,22.1,-2.53338,-2.01148,1,0.5,-0.0408899,0,0,0.220522,0,0.00922396,6,22.1,-1.99999,3,1,-4.28408e-05,0,0,0.000149012,0,0,0.00583143,7,22.1,-1.99999,1,1,6.51926e-06,0,0,2.23517e-05,0,0,0.0106851,8,22.1,-1.00057,-1.00613,1,0.499954,0.0193045,0,-0.00182539,-0.0284165,0,0.0164902,9,22.1,-2.00086,-1.16926,1,0.00210851,0.400398,0,-0.00154972,-0.391483,0,0.0094574,10,22.1,-0.00711694,1.00018,1,-0.498025,0.000692159,0,0.00766158,0.0013262,0,0.014151,11,22.1,1.57036,-2.99634,1,-0.5,-0.00529774,0,7.45058e-06,-0.000283122,0,0.00814241,12,22.1,0.999501,-1.05209,1,-0.000782125,-0.5,0,0.00226498,7.45058e-06,0,0.0176334,13,22.1,-2,2,1,-9.68575e-06,0,0,-5.96046e-05,0,0,0.00761875,14,22.1,-2.99949,-1.01693,1,-0.00246093,0.00309087,0,0.00706315,0.152603,0,0.0077057,15,22.1,-0.0168215,-2.00001,1,0.00372392,1.60187e-05,0,0.14953,7.45058e-05,0,0.0110423,16,22.1,-1.68221e-07,2.99999,1,9.79745e-07,-1.60187e-05,0,-1.56049e-06,4.47035e-05,0,0.00883612,17,22.1,-3,-2.65429,1,0,0.497638,0,0,0.0704229,0,0.00672078,18,22.1,-1.00466,-0.16663,1,-0.00807922,-0.00907613,0,0.0851378,-0.910836,0,0.0127041,19,22.1,1.52173,1.02223,1,-0.5,-0.0162037,0,7.45058e-06,-0.0852421,0,0.0159053,20,22.1,2.52137,1.98446,1,-0.5,0.0267854,0,0,0.0127777,0,0.011388,21,22.1,2.99983,2.61989,1,0.00421517,-0.5,0,-0.107422,0,0,0.00782553,22,22.1,-0.0147884,2,1,0.0112451,2.98023e-06,0,0.106471,0,0,0.00831187,23,22.1,2.99131,-2.00083,1,0.0238042,0.0020884,0,-0.0318438,0.000238419,0,0.0065777,24,22.1,6.62042e-05,0.0907238,1,0.000364524,0.293549,0,0.000847555,0.378658,0,0.0150913,25,22.1,2.01035,-0.602663,1,0.00185966,0.5,0,-0.0369549,0,0,0.0105688,26,22.1,2.00042,2.99946,1,0.000329316,0.01188,0,-0.00497699,-0.149935,0,0.00680066,27,22.1,1.5668,0.0011651,1,-0.5,-0.00058732,0,7.45058e-06,-0.00431985,0,0.0129309,28,22.1,2.65609,-1.00487,1,-0.498001,-0.0105012,0,-0.0554323,0.0186116,0,0.0118353,29,22.1,-1.01327,1.99916,1,0.0239244,0.00284519,0,0.0495985,-0.00143796,0,0.0123633,30,22.1,2.03283,-2.43564,1,0.16643,-0.499989,0,0.95433,0.000417233,0,0.0101351,31,22.1,1.36935,-1.98066,1,0.5,0.00681859,0,0,-0.150673,0,0.0109005,32,22.1,-3,0.594311,1,-5.96046e-06,-0.5,0,0,0,0,0.0113127,33,22.1,2.99996,-0.0164213,1,0.000118464,-0.00273956,0,-0.000119209,0.169863,0,0.00744442,34,22.1,-2.38357,-0.00129935,1,0.495135,0.000228874,0,0.104278,0.00794591,0,0.0115771,35,22.1,-0.999945,-1.99996,1,0.00316743,-0.000409782,0,-0.00979006,0.000849366,0,0.00961982
0,22.2,-0.00988495,-0.854734,1,0.0246201,0.421119,0,0.00797026,0.476003,0,0.0138052,1,22.2,-1.0126,-2.99854,1,-0.0270456,0.00430346,0,0.223696,-0.00870228,0,0.00962445,2,22.2,-1.01257,0.859579,1,0.0235975,-0.413306,0,0.0320077,-0.492483,0,0.0112805,3,22.2,-2.99999,3,1,-5.96046e-06,0,0,-0.000238419,0,0,0.00581955,4,22.2,-1.99874,-2.99999,1,-0.0043422,-0.000202656,0,0.00315905,0.00202656,0,0.00775681,5,22.2,-2.48338,-2.01454,1,0.5,-0.0210047,0,0,0.177503,0,0.008506,6,22.2,-2,3,1,-2.98023e-05,0,0,0.000119209,0,0,0.00558209,7,22.2,-1.99999,1,1,5.96046e-06,0,0,0,0,0,0.00968628,8,22.2,-0.950596,-1.00435,1,0.499269,0.0162989,0,-0.0146031,-0.0316501,0,0.0151835,9,22.2,-2.00065,-1.13128,1,0.00191927,0.358394,0,-0.00202656,-0.44471,0,0.00953047,10,22.2,-0.0568474,1.00026,1,-0.496092,0.000867248,0,0.0370628,0.00220537,0,0.0166908,11,22.2,1.52036,-2.99686,1,-0.500003,-0.00522733,0,5.96046e-05,0.00154972,0,0.00904942,12,22.2,0.999434,-1.10209,1,-0.000545382,-0.500003,0,0.00247359,5.96046e-05,0,0.0131966,13,22.2,-2,2,1,-1.19209e-05,0,0,0,0,0,0.00797327,14,22.2,-2.9997,-1.01595,1,-0.00178218,0.0157118,0,0.00667572,0.10097,0,0.00886776,15,22.2,-0.0157896,-2.00001,1,0.0160626,1.78814e-05,0,0.098431,0.000119209,0,0.011398,16,22.2,-7.8491e-08,2.99999,1,8.11241e-07,-1.78814e-05,0,-1.77807e-06,0.000238419,0,0.00813303,17,22.2,-3,-2.60435,1,0,0.5,0,0,0,0,0.00576763,18,22.2,-1.00509,-0.171899,1,-0.000908971,-0.0941575,0,0.0587702,-0.782222,0,0.0115625,19,22.2,1.47173,1.02023,1,-0.500003,-0.0231415,0,5.96046e-05,-0.0543594,0,0.0128599,20,22.2,2.47137,1.98717,1,-0.5,0.0271618,0,0,-0.00447035,0,0.00894791,21,22.2,2.99979,2.56989,1,-0.00417233,-0.5,0,-0.0619888,0,0,0.00733896,22,22.2,-0.013206,2,1,0.0196873,2.98023e-06,0,0.0636028,-5.96046e-05,0,0.00888782,23,22.2,2.99352,-2.00062,1,0.0204384,0.00203848,0,-0.0348091,-0.0013113,0,0.0061902,24,22.2,0.000107286,0.121798,1,0.000465315,0.32605,0,0.00133399,0.266052,0,0.0133739,25,22.2,2.01036,-0.552663,1,-0.00164509,0.5,0,-0.0331402,2.98023e-05,0,0.0116185,26,22.2,2.00043,3,1,-0.000101328,0,0,-0.00369549,-0.090003,0,0.00742383,27,22.2,1.5168,0.00108712,1,-0.500003,-0.000949408,0,5.96046e-05,-0.00295584,0,0.0138134,28,22.2,2.60614,-1.00581,1,-0.5,-0.00821948,0,0,0.0264645,0,0.0119624,29,22.2,-1.01069,1.99944,1,0.027135,0.00261366,0,0.0159144,-0.00298023,0,0.0124856,30,22.2,2.05438,-2.48563,1,0.265282,-0.499833,0,1.00017,0.00321865,0,0.00753593,31,22.2,1.41935,-1.98065,1,0.500003,-0.00611544,0,-5.96046e-05,-0.109196,0,0.0103302,32,22.2,-3,0.544311,1,-5.96046e-06,-0.5,0,0,-2.98023e-05,0,0.0105708,33,22.2,2.99998,-0.0159378,1,0.000101328,0.0115181,0,-0.000238419,0.116396,0,0.00617418,34,22.2,-2.33377,-0.00124085,1,0.498742,0.00090118,0,-0.025034,0.00555679,0,0.0107771,35,22.2,-0.999677,-2,1,0.00221729,-0.000318885,0,-0.00914931,0.00077486,0,0.00970758
0,22.3,-0.00741775,-0.810485,1,0.0244031,0.461406,0,-0.0112953,0.328571,0,0.0138052,1,22.3,-1.01428,-2.99816,1,-0.00748802,0.00323318,0,0.168286,-0.0122339,0,0.00962445,2,22.3,-1.01009,0.816018,1,0.0254253,-0.455557,0,0.0057593,-0.350695,0,0.0112805,3,22.3,-3,3,1,-1.9744e-05,0,0,-4.47035e-05,0,0,0.00581955,4,22.3,-1.99916,-3,1,-0.00392105,-3.72529e-05,0,0.00511855,0.0012815,0,0.00775681,5,22.3,-2.43338,-2.01583,1,0.499935,-0.00544675,0,-0.0025779,0.134543,0,0.008506,6,22.3,-2,3,1,-1.93715e-05,0,0,8.9407e-05,0,0,0.00558209,7,22.3,-1.99999,1,1,5.02914e-06,0,0,-2.23517e-05,0,0,0.00968628,8,22.3,-0.900685,-1.00287,1,0.499319,0.0131954,0,0.00817329,-0.0305176,0,0.0151835,9,22.3,-2.00047,-1.09771,1,0.00169501,0.312396,0,-0.00241399,-0.472046,0,0.00953047,10,22.3,-0.106336,1.00035,1,-0.494102,0.00102147,0,0.0111806,0.00117719,0,0.0166908,11,22.3,1.47036,-2.99738,1,-0.5,-0.00499338,0,7.45058e-06,0.00303984,0,0.00904942,12,22.3,0.999392,-1.15209,1,-0.000304263,-0.5,0,0.00233576,7.45058e-06,0,0.0131966,13,22.3,-2,2,1,-1.04308e-05,0,0,2.98023e-05,0,0,0.00797327,14,22.3,-2.99984,-1.01395,1,-0.00116639,0.0235289,0,0.00558794,0.056833,0,0.00886776,15,22.3,-0.0137674,-2.00001,1,0.0236537,2.75671e-05,0,0.0548516,5.96046e-05,0,0.011398,16,22.3,-6.37073e-09,2.99999,1,6.30627e-07,1.11759e-06,0,-1.81088e-06,0.000163913,0,0.00813303,17,22.3,-3,-2.55435,1,0,0.5,0,0,0,0,0.00576763,18,22.3,-1.00492,-0.185063,1,0.00390951,-0.167303,0,0.0380501,-0.672907,0,0.0115625,19,22.3,1.42173,1.0177,1,-0.499884,-0.0271672,0,0.00461936,-0.0270978,0,0.0128599,20,22.3,2.42137,1.98985,1,-0.499883,0.0260403,0,0.00466406,-0.0172928,0,0.00894791,21,22.3,2.99912,2.51989,1,-0.00860095,-0.5,0,-0.0281632,0,0,0.00733896,22,22.3,-0.0109814,2,1,0.0242187,-1.86265e-06,0,0.0283999,-2.98023e-05,0,0.00888782,23,22.3,2.99539,-2.00043,1,0.0168767,0.00185631,0,-0.0360161,-0.00227988,0,0.0061902,24,22.3,0.000158321,0.155621,1,0.000539823,0.349164,0,0.000395589,0.190835,0,0.0133739,25,22.3,2.01004,-0.502663,1,-0.00470392,0.5,0,-0.0279099,-5.66244e-06,0,0.0116185,26,22.3,2.0004,2.99963,1,-0.000406429,-0.00667535,0,-0.00245869,-0.0457317,0,0.00742383,27,22.3,1.4668,0.000979412,1,-0.5,-0.00118554,0,7.45058e-06,-0.00179791,0,0.0138134,28,22.3,2.55614,-1.0065,1,-0.5,-0.0054704,0,0,0.0281706,0,0.0119624,29,22.3,-1.00794,1.99968,1,0.027396,0.00226293,0,-0.00936538,-0.00394136,0,0.0124856,30,22.3,2.08572,-2.5355,1,0.359026,-0.496748,0,0.849873,0.0582784,0,0.00753593,31,22.3,1.46935,-1.98175,1,0.5,-0.0152256,0,-7.45058e-06,-0.0739843,0,0.0103302,32,22.3,-3,0.494311,1,-5.96046e-06,-0.5,0,0,5.66244e-06,0,0.0105708,33,22.3,2.99998,-0.0142849,1,7.7486e-05,0.0207665,0,-0.000238419,0.0700047,0,0.00617418,34,22.3,-2.28423,-0.00112647,1,0.490201,0.0013528,0,-0.144839,0.00352778,0,0.0107771,35,22.3,-0.999499,-2.00002,1,0.00135805,-0.000240095,0,-0.00799447,0.000782311,0,0.00970758
0,22.4,-0.00505873,-0.76295,1,0.0225519,0.486813,0,-0.0248365,0.180602,0,0.0137925,1,22.4,-1.01427,-2.9979,1,0.00678897,0.00193715,0,0.118196,-0.0133514,0,0.0106745,2,22.4,-1.00756,0.768953,1,0.0249743,-0.483309,0,-0.0136495,-0.204742,0,0.010799,3,22.4,-3,3,1,-1.78814e-05,0,0,0,0,0,0.00391471,4,22.4,-1.99952,-3,1,-0.00334382,6.55651e-05,0,0.00619888,0.000596046,0,0.00790838,5,22.4,-2.38342,-2.01577,1,0.498974,0.00608563,0,-0.0207424,0.0970364,0,0.00765592,6,22.4,-2,3,1,-1.19209e-05,0,0,0.000119209,0,0,0.0039378,7,22.4,-1.99999,1,1,0,0,0,5.96046e-05,0,0,0.0102222,8,22.4,-0.850725,-1.0017,1,0.499618,0.0101775,0,-0.00762939,-0.0298619,0,0.0159359,9,22.4,-2.00032,-1.06886,1,0.00143647,0.264603,0,-0.0025034,-0.480831,0,0.0093013,10,22.4,-0.155674,1.00046,1,-0.492346,0.00115633,0,0.0305921,0.00172853,0,0.0158665,11,22.4,1.42036,-2.99786,1,-0.500003,-0.00462532,0,5.96046e-05,0.00405312,0,0.00986729,12,22.4,0.999373,-1.20209,1,-8.04663e-05,-0.500003,0,0.00214577,5.96046e-05,0,0.0177607,13,22.4,-2.00001,2,1,-5.96046e-06,0,0,0,0,0,0.0079032,14,22.4,-2.99994,-1.01137,1,-0.000667572,0.0273645,0,0.00441074,0.0212789,0,0.00803341,15,22.4,-0.0111897,-2.00001,1,0.0273173,2.98023e-05,0,0.0198027,0,0,0.0111224,16,22.4,4.77438e-08,2.99999,1,4.53188e-07,5.96046e-06,0,-1.72001e-06,0.000238419,0,0.00980885,17,22.4,-3,-2.50435,1,0,0.5,0,0,0,0,0.00787558,18,22.4,-1.00437,-0.204924,1,0.00679195,-0.227434,0,0.0200272,-0.524446,0,0.0124528,19,22.4,1.37181,1.01488,1,-0.498158,-0.0287443,0,0.0369549,-0.00530481,0,0.0153827,20,22.4,2.37145,1.99235,1,-0.498128,0.0238329,0,0.0373125,-0.0262856,0,0.00985771,21,22.4,2.99817,2.46989,1,-0.0101089,-0.5,0,-0.00345707,0,0,0.00827269,22,22.4,-0.00846616,2,1,0.0256313,-2.98023e-06,0,0.00111759,-5.96046e-05,0,0.00905211,23,22.4,2.9969,-2.00025,1,0.0133097,0.0015974,0,-0.0349283,-0.00286102,0,0.00700811,24,22.4,0.000214367,0.191331,1,0.000586703,0.363334,0,0.000725274,0.0891018,0,0.0131476,25,22.4,2.00944,-0.452663,1,-0.00721216,0.5,0,-0.0220537,-1.43051e-05,0,0.0101831,26,22.4,2.00035,2.99879,1,-0.000590086,-0.00955462,0,-0.00154972,-0.0138283,0,0.00802856,27,22.4,1.4168,0.000853569,1,-0.500003,-0.00131507,0,5.96046e-05,-0.000822388,0,0.0126105,28,22.4,2.50614,-1.0069,1,-0.5,-0.00264943,0,0,0.0279546,0,0.0120622,29,22.4,-1.00528,1.99989,1,0.0255167,0.00184178,0,-0.0271201,-0.00435114,0,0.0119433,30,22.4,2.12547,-2.5848,1,0.431675,-0.488228,0,0.592113,0.11158,0,0.00804575,31,22.4,1.51935,-1.98359,1,0.500003,-0.0210971,0,-5.96046e-05,-0.0444651,0,0.0107476,32,22.4,-3,0.444311,1,-5.96046e-06,-0.5,0,0.000119209,1.43051e-05,0,0.0101627,33,22.4,2.99999,-0.0119249,1,5.96046e-05,0.0258,0,-0.000357628,0.0320417,0,0.00709626,34,22.4,-2.23612,-0.00097654,1,0.470036,0.00161704,0,-0.256658,0.00180793,0,0.0100878,35,22.4,-0.999401,-2.00004,1,0.000627339,-0.000160933,0,-0.00664592,0.000715256,0,0.00959565
0,22.5,-0.00294141,-0.713606,1,0.0196732,0.497963,0,-0.0321173,0.0535212,0,0.0137925,1,22.5,-1.01308,-2.99777,1,0.0163483,0.000631064,0,0.0742599,-0.0125766,0,0.0106745,2,22.5,-1.00515,0.719837,1,0.0229562,-0.496819,0,-0.0259057,-0.0740029,0,0.010799,3,22.5,-3,3,1,-1.3411e-05,0,0,5.96046e-05,0,0,0.00391471,4,22.5,-1.99982,-2.99999,1,-0.00269711,0.000105053,0,0.00664592,0.000238419,0,0.00790838,5,22.5,-2.3337,-2.01473,1,0.494554,0.0141442,0,-0.0727177,0.0649393,0,0.00765592,6,22.5,-2,3,1,-1.86265e-06,0,0,7.45058e-05,0,0,0.0039378,7,22.5,-1.99999,1,1,3.53903e-06,0,0,2.23517e-05,0,0,0.0102222,8,22.5,-0.800771,-1.00083,1,0.499675,0.00740141,0,0.00476837,-0.0259131,0,0.0159359,9,22.5,-2.00018,-1.04479,1,0.00118017,0.216857,0,-0.0025928,-0.470966,0,0.0093013,10,22.5,-0.204864,1.00058,1,-0.492263,0.00122078,0,-0.0187038,-7.45058e-05,0,0.0158665,11,22.5,1.37046,-2.9983,1,-0.497142,-0.00417084,0,0.0594556,0.00497699,0,0.00986729,12,22.5,0.999375,-1.25209,1,0.000120047,-0.5,0,0.00185892,7.45058e-06,0,0.0177607,13,22.5,-2.00001,2,1,-5.58794e-06,0,0,1.49012e-05,0,0,0.0079032,14,22.5,-2.99998,-1.00858,1,-0.00029467,0.0280686,0,0.00308454,-0.00582635,0,0.00803341,15,22.5,-0.00840673,-2,1,0.0278987,2.79397e-05,0,-0.00680267,-4.47035e-05,0,0.0111224,16,22.5,8.47581e-08,3,1,2.90312e-07,1.9744e-05,0,-1.52762e-06,4.47035e-05,0,0.00980885,17,22.5,-3,-2.45435,1,0,0.5,0,0,0,0,0.00787558,18,22.5,-1.00361,-0.230179,1,0.00816416,-0.27634,0,0.00772625,-0.445611,0,0.0124528,19,22.5,1.32226,1.01201,1,-0.491688,-0.028421,0,0.0965223,0.0110269,0,0.0153827,20,22.5,2.32191,1.99459,1,-0.491606,0.0209151,0,0.0971854,-0.031583,0,0.00985771,21,22.5,2.99717,2.41989,1,-0.00966527,-0.499856,0,0.0113994,0.00542402,0,0.00827269,22,22.5,-0.00593314,2,1,0.0247023,-7.07805e-06,0,-0.0185127,-1.49012e-05,0,0.00905211,23,22.5,2.99806,-2.00011,1,0.00994205,0.00129845,0,-0.0321567,-0.00307709,0,0.00700811,24,22.5,0.000274476,0.228091,1,0.000600089,0.3715,0,-0.000203845,0.0669378,0,0.0131476,25,22.5,2.00862,-0.402686,1,-0.0090491,0.49917,0,-0.0148267,-0.0217538,0,0.0101831,26,22.5,2.00029,2.99781,1,-0.000695139,-0.00981838,0,-0.000596046,0.00709295,0,0.00802856,27,22.5,1.3669,0.000719425,1,-0.496918,-0.0013539,0,0.0636131,1.2409e-05,0,0.0126105,28,22.5,2.45614,-1.00703,1,-0.5,5.17815e-05,0,0,0.0258535,0,0.0120622,29,22.5,-1.00288,2.00005,1,0.0222202,0.00140257,0,-0.0378191,-0.00438094,0,0.0119433,30,22.5,2.17112,-2.63296,1,0.476548,-0.474071,0,0.309244,0.170439,0,0.00804575,31,22.5,1.56935,-1.98588,1,0.499924,-0.0242541,0,-0.00305474,-0.0196174,0,0.0107476,32,22.5,-3,0.394353,1,3.72529e-06,-0.498646,0,5.96046e-05,0.0314935,0,0.0101627,33,22.5,3,-0.00923745,1,3.01749e-05,0.0274581,0,-0.00025332,0.00252627,0,0.00709626,34,22.5,-2.1906,-0.000808368,1,0.438564,0.00172219,0,-0.367552,0.000354849,0,0.0100878,35,22.5,-0.999369,-2.00006,1,3.84636e-05,-9.31323e-05,0,-0.00513718,0.000625849,0,0.00959565
0,22.6,-0.0011424,-0.663666,1,0.0162435,0.499909,0,-0.0359452,-0.00184774,0,0.0132569,1,22.6,-1.01113,-2.99777,1,0.0218958,-0.000542402,0,0.0379086,-0.010848,0,0.00965797,2,22.6,-1.003,0.669935,1,0.0199437,-0.5,0,-0.0337362,-2.98023e-05,0,0.012656,3,22.6,-3,3,1,-5.96046e-06,0,0,0.000119209,0,0,0.00446645,4,22.6,-2.00006,-2.99998,1,-0.00203252,0.000107288,0,0.00655651,0.000119209,0,0.00822881,5,22.6,-2.28473,-2.01304,1,0.483602,0.0192344,0,-0.149727,0.0376701,0,0.00794047,6,22.6,-2,3,1,0,0,0,0.000238419,0,0,0.00389375,7,22.6,-1.99999,1,1,2.98023e-06,0,0,0,0,0,0.00995648,8,22.6,-0.750783,-1.00021,1,0.500001,0.00495017,0,-2.98023e-05,-0.0233352,0,0.0151054,9,22.6,-2.00008,-1.02542,1,0.000923872,0.170973,0,-0.0026226,-0.444233,0,0.00880164,10,22.6,-0.254195,1.0007,1,-0.494251,0.00120401,0,-0.0129044,0,0,0.017031,11,22.6,1.32115,-2.99869,1,-0.487742,-0.00364184,0,0.129998,0.00536442,0,0.0115209,12,22.6,0.999396,-1.30209,1,0.000290573,-0.500003,0,0.00151992,5.96046e-05,0,0.0145623,13,22.6,-2.00001,2,1,-5.96046e-06,0,0,0.000119209,0,0,0.00769686,14,22.6,-3,-1.00584,1,-4.76837e-05,0.0264615,0,0.00190735,-0.0250936,0,0.0076724,15,22.6,-0.00568535,-2,1,0.0262148,2.98023e-05,0,-0.0256678,-0.000178814,0,0.0115365,16,22.6,1.06536e-07,3,1,1.49269e-07,1.78814e-05,0,-1.28706e-06,0,0,0.00886017,17,22.6,-3,-2.40435,1,0,0.5,0,0,0,0,0.00770863,18,22.6,-1.00278,-0.259855,1,0.00839829,-0.315196,0,-0.00274181,-0.325948,0,0.0121333,19,22.6,1.2737,1.00925,1,-0.478202,-0.026682,0,0.175655,0.023067,0,0.0145651,20,22.6,2.27336,1.99652,1,-0.478047,0.0176072,0,0.17643,-0.0341535,0,0.00898486,21,22.6,2.99627,2.36997,1,-0.00801086,-0.497949,0,0.0209808,0.0398159,0,0.0086963,22,22.6,-0.00357973,2,1,0.0221492,-8.9407e-06,0,-0.0315274,0,0,0.0104035,23,22.6,2.9989,-2,1,0.00692606,0.000989437,0,-0.027895,-0.00303984,0,0.00709726,24,22.6,0.000333666,0.26549,1,0.00059071,0.375476,0,0.000210349,0.00740588,0,0.0132759,25,22.6,2.00765,-0.352949,1,-0.0102043,0.494748,0,-0.00822544,-0.070557,0,0.0100481,26,22.6,2.00022,2.99688,1,-0.000715256,-0.00841022,0,0,0.0197887,0,0.00888386,27,22.6,1.31764,0.000585246,1,-0.48697,-0.00131897,0,0.136554,0.000655726,0,0.0122198,28,22.6,2.40614,-1.0069,1,-0.5,0.00247955,0,0,0.0226498,0,0.01229,29,22.6,-1.00086,2.00017,1,0.0181317,0.000977516,0,-0.0430346,-0.00417233,0,0.0108536,30,22.6,2.21991,-2.67943,1,0.495589,-0.454366,0,0.0882149,0.222683,0,0.00712413,31,22.6,1.6193,-1.98837,1,0.498778,-0.0252008,0,-0.0244379,-0.000119209,0,0.0098475,32,22.6,-3,0.344728,1,1.19209e-05,-0.492937,0,-0.000119209,0.0858903,0,0.0113257,33,22.6,3,-0.00651806,1,1.19209e-05,0.026571,0,-0.000119209,-0.0190169,0,0.00665833,34,22.6,-2.14873,-0.000636363,1,0.397539,0.00169941,0,-0.448227,-0.000756292,0,0.0103053,35,22.6,-0.999388,-2.00006,1,-0.000400841,-3.57628e-05,0,-0.00372529,0.000596046,0,0.0101743
0,22.7,0.000301954,-0.613715,1,0.0126483,0.49867,0,-0.035664,-0.0281744,0,0.0132569,1,22.7,-1.0088,-2.99787,1,0.0241872,-0.00149943,0,0.00920892,-0.00827014,0,0.00965797,2,22.7,-1.00118,0.619948,1,0.0164156,-0.499467,0,-0.0363849,0.015948,0,0.012656,3,22.7,-3,3,1,3.72529e-06,0,0,5.96046e-05,0,0,0.00446645,4,22.7,-2.00023,-2.99997,1,-0.00140183,0.000106171,0,0.00600517,-0.000104308,0,0.00822881,5,22.7,-2.23731,-2.01097,1,0.462968,0.0218004,0,-0.260144,0.0145733,0,0.00794047,6,22.7,-2,3,1,1.73226e-05,0,0,0.00012666,0,0,0.00389375,7,22.7,-1.99999,1,1,2.04891e-06,0,0,-2.23517e-05,0,0,0.00995648,8,22.7,-0.700783,-0.999825,1,0.5,0.00289483,0,3.72529e-06,-0.0181235,0,0.0151054,9,22.7,-2,-1.01048,1,0.000672974,0.128535,0,-0.00237674,-0.40273,0,0.00880164,10,22.7,-0.303727,1.00082,1,-0.49666,0.00110492,0,-0.0289567,-0.00163913,0,0.017031,11,22.7,1.27266,-2.99903,1,-0.48508,-0.00308827,0,-0.0465736,0.00563264,0,0.0115209,12,22.7,0.999432,-1.35209,1,0.000422634,-0.5,0,0.00112504,7.45058e-06,0,0.0145623,13,22.7,-2.00001,2,1,4.09782e-06,0,0,7.45058e-05,0,0,0.00769686,14,22.7,-2.99999,-1.00334,1,9.68575e-05,0.0232998,0,0.00104308,-0.0371039,0,0.0076724,15,22.7,-0.00321422,-2,1,0.0230138,1.45286e-05,0,-0.0373207,-0.00013411,0,0.0115365,16,22.7,1.15481e-07,3,1,3.41721e-08,1.3411e-05,0,-1.01476e-06,-5.96046e-05,0,0.00886017,17,22.7,-3,-2.35448,1,0,0.496139,0,0,-0.078097,0,0.00770863,18,22.7,-1.00196,-0.293063,1,0.0078436,-0.349192,0,-0.00825524,-0.339922,0,0.0121333,19,22.7,1.22695,1.00671,1,-0.455135,-0.0239417,0,0.282556,0.0311285,0,0.0145651,20,22.7,2.22662,1.99811,1,-0.454906,0.0141852,0,0.283241,-0.0340044,0,0.00898486,21,22.7,2.99559,2.32047,1,-0.00564009,-0.491138,0,0.025779,0.10033,0,0.0086963,22,22.7,-0.00153613,2,1,0.018607,-8.00937e-06,0,-0.0384936,2.23517e-05,0,0.0104035,23,22.7,2.99946,-1.99991,1,0.00438616,0.000695884,0,-0.022769,-0.00281632,0,0.00709726,24,22.7,0.000391787,0.303237,1,0.000559141,0.380714,0,-0.000551099,0.0828896,0,0.0132759,25,22.7,2.0066,-0.30393,1,-0.0107441,0.484543,0,-0.00269711,-0.136374,0,0.0100481,26,22.7,2.00015,2.99615,1,-0.000684708,-0.00609085,0,0.000566244,0.0257492,0,0.00888386,27,22.7,1.26975,0.000457445,1,-0.469629,-0.00122953,0,0.210896,0.0011075,0,0.0122198,28,22.7,2.35627,-1.00655,1,-0.49625,0.00447966,0,0.0760108,0.0173897,0,0.01229,29,22.7,-0.999264,2.00025,1,0.0137717,0.000585988,0,-0.0435822,-0.00365078,0,0.0108536,30,22.7,2.26974,-2.72365,1,0.499724,-0.429239,0,0.0110269,0.277638,0,0.00712413,31,22.7,1.66898,-1.99086,1,0.493885,-0.0244699,0,-0.0782385,0.0140071,0,0.0098475,32,22.7,-3,0.295971,1,2.23517e-06,-0.481073,0,-5.96046e-05,0.153707,0,0.0113257,33,22.7,3,-0.0039822,1,2.23517e-06,0.0239124,0,-5.96046e-05,-0.033061,0,0.00665833,34,22.7,-2.1113,-0.000471607,1,0.350134,0.00158284,0,-0.495717,-0.001529,0,0.0103053,35,22.7,-0.999445,-2.00006,1,-0.000703614,1.67638e-05,0,-0.00236556,0.000461936,0,0.0101743
0,22.8,0.001391,-0.564068,1,0.00916428,0.493363,0,-0.0337752,-0.081867,0,0.0139168,1,22.8,-1.00638,-2.99806,1,0.0239849,-0.00219345,0,-0.0121593,-0.00548363,0,0.0126654,2,22.8,-0.999721,0.570147,1,0.0127465,-0.49578,0,-0.0366569,0.0628531,0,0.013406,3,22.8,-3,3,1,5.96046e-06,0,0,0.000119209,0,0,0.00633,4,22.8,-2.00034,-2.99996,1,-0.000834465,8.9407e-05,0,0.005126,-0.000357628,0,0.00884562,5,22.8,-2.19248,-2.00874,1,0.432169,0.0223219,0,-0.352859,-0.00345707,0,0.00836484,6,22.8,-2,3,1,2.68221e-05,0,0,5.96046e-05,0,0,0.00512977,7,22.8,-1.99999,1,1,0,0,0,-5.96046e-05,0,0,0.0103867,8,22.8,-0.650783,-0.99962,1,0.5,0.00126064,0,2.98023e-05,-0.0148118,0,0.0147709,9,22.8,-1.99994,-0.99956,1,0.000450015,0.0907272,0,-0.00208616,-0.352263,0,0.0106457,10,22.8,-0.353526,1.00092,1,-0.499125,0.000941753,0,-0.0175083,-0.00143051,0,0.017976,11,22.8,1.22382,-2.99931,1,-0.492233,-0.00252128,0,-0.0784397,0.00548363,0,0.00990918,12,22.8,0.999479,-1.40209,1,0.00051707,-0.500003,0,0.00077486,5.96046e-05,0,0.0129047,13,22.8,-2.00001,2,1,5.96046e-06,0,0,0.000238419,0,0,0.0083384,14,22.8,-2.99998,-1.00121,1,0.000160933,0.0192314,0,0.000476837,-0.0433624,0,0.00749173,15,22.8,-0.00111159,-2,1,0.0189388,2.98023e-06,0,-0.0433269,-5.96046e-05,0,0.00917437,16,22.8,1.14275e-07,3,1,-5.3846e-08,5.96046e-06,0,-7.4736e-07,-0.000119209,0,0.00866233,17,22.8,-3,-2.30539,1,0,0.484276,0,0,-0.159383,0,0.00783163,18,22.8,-1.00122,-0.329609,1,0.00676513,-0.380722,0,-0.0131726,-0.280157,0,0.013625,19,22.8,1.183,1.00448,1,-0.422335,-0.0205725,0,0.370204,0.0357628,0,0.0130842,20,22.8,2.1827,1.99936,1,-0.422043,0.01086,0,0.370741,-0.0322461,0,0.00970759,21,22.8,2.99516,2.27198,1,-0.00298023,-0.477254,0,0.0268221,0.179529,0,0.00991381,22,22.8,0.000126263,2,1,0.0145996,-8.9407e-06,0,-0.0409863,0.000119209,0,0.00932956,23,22.8,2.9998,-1.99986,1,0.00239015,0.000432134,0,-0.0174046,-0.0025034,0,0.00742258,24,22.8,0.000445675,0.341749,1,0.000531589,0.389495,0,0.000220446,0.0815839,0,0.016153,25,22.8,2.00552,-0.256285,1,-0.0107706,0.467049,0,0.00214577,-0.214971,0,0.00912187,26,22.8,2.00008,2.99568,1,-0.000613928,-0.00340939,0,0.00107288,0.0270605,0,0.00905038,27,22.8,1.22397,0.000340597,1,-0.444752,-0.00110233,0,0.2864,0.00141359,0,0.0124197,28,22.8,2.30715,-1.00602,1,-0.484663,0.00596344,0,0.156164,0.0123382,0,0.0119539,29,22.8,-0.998102,2.00029,1,0.00951886,0.00025034,0,-0.0410676,-0.00286102,0,0.0116196,30,22.8,2.31974,-2.76511,1,0.5,-0.399268,0,0,0.3196,0,0.00632229,31,22.8,1.71786,-1.99322,1,0.482339,-0.0225365,0,-0.155628,0.0239611,0,0.00949681,32,22.8,-3,0.248759,1,-5.96046e-06,-0.46186,0,0,0.231586,0,0.0120204,33,22.8,3,-0.00177193,1,-5.96046e-06,0.0201599,0,0,-0.0410714,0,0.00835416,34,22.8,-2.07882,-0.000321924,1,0.299191,0.0014023,0,-0.519037,-0.00204081,0,0.0117382,35,22.8,-0.999525,-2.00006,1,-0.000880659,5.36442e-05,0,-0.00119209,0.000357628,0,0.00849759
0,22.9,0.00214521,-0.515094,1,0.0059881,0.486414,0,-0.0296804,-0.0644177,0,0.0139168,1,22.9,-1.00459,-2.9983,1,0.00702497,-0.00260659,0,-0.298448,-0.00284612,0,0.0126654,2,22.9,-0.998626,0.520829,1,0.00921274,-0.490901,0,-0.0338517,0.0425633,0,0.013406,3,22.9,-3,3,1,1.41561e-05,0,0,2.98023e-05,0,0,0.00633,4,22.9,-2.00162,-2.99995,1,-0.0353582,5.40167e-05,0,-0.63473,-0.000342727,0,0.00884562,5,22.9,-2.15114,-2.00655,1,0.393319,0.0213049,0,-0.421271,-0.0161827,0,0.00836484,6,22.9,-2,3,1,2.94298e-05,0,0,0,0,0,0.00512977,7,22.9,-2.00122,1,1,-0.035248,8.3819e-06,0,-0.64303,0.000290573,0,0.0103867,8,22.9,-0.600783,-0.99956,1,0.5,3.85568e-05,0,0,-0.00980496,0,0.0147709,9,22.9,-1.99991,-0.992154,1,0.000259466,0.0583362,0,-0.00172108,-0.295237,0,0.0106457,10,22.9,-0.403492,1.00101,1,-0.499945,0.000736862,0,-0.00218496,-0.0025779,0,0.017976,11,22.9,1.17424,-2.99953,1,-0.498553,-0.00198297,0,-0.0386387,0.00526011,0,0.00990918,12,22.9,0.999534,-1.45209,1,0.000577979,-0.5,0,0.000454485,7.45058e-06,0,0.0129047,13,22.9,-2,2,1,2.34693e-05,0,0,0.00013411,0,0,0.0083384,14,22.9,-2.99996,-0.999503,1,0.000183284,0.0148023,0,0,-0.0445955,0,0.00749173,15,22.9,0.00056239,-2,1,0.014524,-1.86265e-06,0,-0.0443544,-2.98023e-05,0,0.00917437,16,22.9,1.05588e-07,3,1,-1.15661e-07,-3.72529e-06,0,-4.94246e-07,-5.96046e-05,0,0.00866233,17,22.9,-3,-2.25789,1,0,0.464465,0,0,-0.236735,0,0.00783163,18,22.9,-1.00061,-0.369235,1,0.00543818,-0.412835,0,-0.0134557,-0.34353,0,0.013625,19,22.9,1.14276,1.00382,1,-0.381143,0.018098,0,0.447854,0.674985,0,0.0130842,20,22.9,2.14299,2.00029,1,-0.366742,0.00778064,0,0.704691,-0.0291616,0,0.00970759,21,22.9,2.99498,2.2246,1,-0.000556186,-0.474813,0,0.0217408,-0.0850111,0,0.00991381,22,22.9,0.00138244,2,1,0.0105469,5.58794e-07,0,-0.039622,8.19564e-05,0,0.00932956,23,22.9,2.99946,-1.99982,1,-0.0133883,0.000204146,0,-0.271991,-0.00205636,0,0.00742258,24,22.9,0.000498009,0.381426,1,0.000503205,0.406701,0,-0.000499482,0.241511,0,0.016153,25,22.9,2.00446,-0.210074,1,-0.0103265,0.461933,0,0.00652671,0.0724381,0,0.00912187,26,22.9,2.00002,2.99547,1,-0.000499375,-0.000790879,0,0.00119954,0.0249296,0,0.00905038,27,22.9,1.18156,0.000237744,1,-0.397792,-0.000952213,0,0.62453,0.0015657,0,0.0124197,28,22.9,2.25905,-1.00538,1,-0.480689,0.0068998,0,-0.0456423,0.00657886,0,0.0119539,29,22.9,-0.997348,2.0003,1,0.00565248,-4.84288e-06,0,-0.0360273,-0.00222027,0,0.0116196,30,22.9,2.36974,-2.80339,1,0.5,-0.365756,0,0,0.348747,0,0.00632229,31,22.9,1.76508,-1.99651,1,0.460058,-0.0532974,0,-0.284687,-0.584871,0,0.00949681,32,22.9,-3,0.203899,1,-5.96046e-06,-0.433761,0,0,0.326867,0,0.0120204,33,22.9,3,3.2588e-05,1,-5.58794e-06,0.0158868,0,1.49012e-05,-0.0437056,0,0.00835416,34,22.9,-2.0515,-0.000192431,1,0.247116,0.00118312,0,-0.518471,-0.0023071,0,0.0117382,35,22.9,-0.999617,-2.00005,1,-0.000950508,8.23289e-05,0,-0.000245869,0.000223517,0,0.00849759
0,23,0.00260289,-0.466796,1,0.00323926,0.47918,0,-0.0252543,-0.0859052,0,0.0108509,1,23,-1.00566,-2.99857,1,-0.030604,-0.00277162,0,-0.431716,-0.000596046,0,0.00837876,2,23,-0.997868,0.471973,1,0.00600368,-0.485867,0,-0.0302196,0.0642687,0,0.0114638,3,23,-3,3,1,1.78814e-05,0,0,0,0,0,0.00541945,4,23,-2.00897,-2.99994,1,-0.116688,2.38419e-05,0,-0.941992,-0.000357628,0,0.00847612,5,23,-2.11401,-2.00452,1,0.34852,0.0192165,0,-0.471354,-0.0247955,0,0.00896369,6,23,-1.99999,3,1,2.68221e-05,0,0,-5.96046e-05,0,0,0.00511571,7,23,-2.00859,1,1,-0.11735,8.04663e-05,0,-0.948191,0.00119209,0,0.00852937,8,23,-0.550783,-0.999598,1,0.5,-0.000731647,0,2.98023e-05,-0.00584126,0,0.013113,9,23,-1.99989,-0.987701,1,0.000104308,0.0317052,0,-0.0013113,-0.237435,0,0.00861205,10,23,-0.453491,1.00107,1,-0.5,0.000441074,0,1.43051e-05,-0.00321865,0,0.0127675,11,23,1.12428,-2.99971,1,-0.500003,-0.00148416,0,5.96046e-05,0.00488758,0,0.00739529,12,23,0.999594,-1.50209,1,0.000607967,-0.500003,0,0.000178814,5.96046e-05,0,0.0119564,13,23,-2,2,1,2.98023e-05,0,0,5.96046e-05,0,0,0.0101574,14,23,-2.99995,-0.998244,1,0.000166893,0.0104234,0,-0.000238419,-0.0424981,0,0.00853912,15,23,0.00179555,-2,1,0.0101765,-5.96046e-06,0,-0.0421258,0,0,0.00920043,16,23,9.19321e-08,3,1,-1.538e-07,-5.96046e-06,0,-2.74277e-07,-0.000119209,0,0.00754707,17,23,-3,-2.21275,1,0,0.437027,0,0,-0.311136,0,0.00833286,18,23,-1.00014,-0.412218,1,0.00405759,-0.446327,0,-0.0141561,-0.313878,0,0.0104778,19,23,1.10697,1.00963,1,-0.333849,0.102979,0,0.49305,0.970781,0,0.0165543,20,23,2.11018,2.00092,1,-0.286645,0.00505447,0,0.872731,-0.0252724,0,0.00940244,21,23,2.99503,2.17655,1,0.00138283,-0.486946,0,0.0169277,-0.130177,0,0.00674479,22,23,0.00224433,2,1,0.0067524,8.9407e-06,0,-0.0359429,0,0,0.00970429,23,23,2.99652,-1.99981,1,-0.0473499,2.38419e-05,0,-0.386834,-0.00166893,0,0.00899925,24,23,0.000546624,0.423425,1,0.000482729,0.434095,0,0.000311673,0.290409,0,0.0138162,25,23,2.00346,-0.163307,1,-0.0095129,0.474818,0,0.00977516,0.158303,0,0.0134763,26,23,1.99998,2.99551,1,-0.000378489,0.00151396,0,0.0012517,0.0209808,0,0.00771031,27,23,1.14527,0.000150442,1,-0.324985,-0.000793405,0,0.808418,0.00159131,0,0.0122339,28,23,2.21062,-1.00466,1,-0.488704,0.00731349,0,-0.0948906,0.00190735,0,0.0182181,29,23,-0.996953,2.00029,1,0.00234842,-0.000196695,0,-0.0298619,-0.00166893,0,0.00944356,30,23,2.41974,-2.83819,1,0.5,-0.329882,0,0,0.367284,0,0.00582016,31,23,1.80949,-2.0054,1,0.426424,-0.12964,0,-0.383079,-0.897408,0,0.0105314,32,23,-3,0.162289,1,-5.96046e-06,-0.397192,0,0.000119209,0.400997,0,0.00911936,33,23,3,0.00140309,1,-5.96046e-06,0.0115405,0,0,-0.0426875,0,0.00628977,34,23,-2.02935,-8.5847e-05,1,0.196218,0.000947404,0,-0.496268,-0.00237782,0,0.00991972,35,23,-0.999712,-2.00004,1,-0.000937283,9.53674e-05,0,0.000476837,0.000119209,0,0.00897152
0,23.1,0.00280938,-0.419187,1,0.000977582,0.473963,0,-0.0200431,-0.0281092,0,0.0108509,1,23.1,-1.01157,-2.99885,1,-0.0936761,-0.00272468,0,-0.791281,0.00143051,0,0.00837876,2,23.1,-0.99741,0.423607,1,0.00323448,-0.482219,0,-0.025183,0.0179,0,0.0114638,3,23.1,-2.99999,3,1,1.60187e-05,0,0,-4.47035e-05,0,0,0.00541945,4,23.1,-2.02546,-2.99994,1,-0.213969,-7.07805e-06,0,-0.992745,-0.000283122,0,0.00847612,5,23.1,-2.08158,-2.00273,1,0.299701,0.0164568,0,-0.500694,-0.0298321,0,0.00896369,6,23.1,-1.99999,3,1,1.99303e-05,0,0,-8.19564e-05,0,0,0.00511571,7,23.1,-2.02517,1.00002,1,-0.214922,0.000169873,0,-0.99352,0.000610948,0,0.00852937,8,23.1,-0.500783,-0.999695,1,0.5,-0.00115568,0,-5.66244e-06,-0.00277534,0,0.013113,9,23.1,-1.99989,-0.985621,1,-9.87202e-06,0.0108345,0,-0.000976026,-0.180725,0,0.00861205,10,23.1,-0.503491,1.00109,1,-0.5,0.000104867,0,1.78814e-06,-0.00343472,0,0.0127675,11,23.1,1.07428,-2.99983,1,-0.5,-0.0010334,0,7.45058e-06,0.00411272,0,0.00739529,12,23.1,0.999655,-1.55209,1,0.000611506,-0.499999,0,-9.68575e-05,3.72529e-05,0,0.0119564,13,23.1,-2,2,1,3.241e-05,0,0,0,0,0,0.0101574,14,23.1,-2.99993,-0.997406,1,0.000132993,0.00640126,0,-0.000432134,-0.0376813,0,0.00853912,15,23.1,0.00261007,-2,1,0.00619551,-5.7742e-06,0,-0.037242,7.45058e-06,0,0.00920043,16,23.1,7.55043e-08,3,1,-1.71698e-07,-1.41561e-05,0,-9.07734e-08,-2.98023e-05,0,0.00754707,17,23.1,-3,-2.17075,1,0,0.401834,0,0,-0.388712,0,0.00833286,18,23.1,-0.9998,-0.458284,1,0.00275886,-0.473489,0,-0.0118352,-0.224749,0,0.0104778,19,23.1,1.07606,1.02484,1,-0.284464,0.201609,0,0.492238,0.996351,0,0.0165543,20,23.1,2.08612,2.00132,1,-0.19261,0.00298209,0,0.984088,-0.0161976,0,0.00940244,21,23.1,2.99524,2.12727,1,0.00283308,-0.497383,0,0.0121742,-0.0653714,0,0.00674479,22,23.1,0.00274865,2,1,0.00342535,8.75443e-06,0,-0.0304586,-7.45058e-06,0,0.00970429,23,23.1,2.98935,-1.99982,1,-0.100097,-0.000103563,0,-0.637278,-0.000625849,0,0.00899925,24,23.1,0.000594042,0.468241,1,0.000443743,0.461529,0,-0.00100237,0.249596,0,0.0138162,25,23.1,2.00256,-0.115023,1,-0.00846572,0.490331,0,0.0110716,0.129404,0,0.0134763,26,23.1,1.99995,2.99576,1,-0.000257976,0.00334606,0,0.00115484,0.0156164,0,0.00771031,27,23.1,1.11718,7.85129e-05,1,-0.233966,-0.00065783,0,0.976056,0.000839752,0,0.0122339,28,23.1,2.16129,-1.00393,1,-0.497327,0.0073228,0,-0.0610203,-0.00157952,0,0.0182181,29,23.1,-0.996856,2.00026,1,-0.000296161,-0.000332296,0,-0.0230446,-0.00107288,0,0.00944356,30,23.1,2.46974,-2.86931,1,0.5,-0.2925,0,0,0.37837,0,0.00582016,31,23.1,1.85011,-2.02304,1,0.385068,-0.224717,0,-0.439972,-0.982583,0,0.0105314,32,23.1,-3,0.124664,1,3.72529e-06,-0.354509,0,5.96046e-05,0.449549,0,0.00911936,33,23.1,3,0.00234968,1,-5.58794e-06,0.0074589,0,1.49012e-05,-0.0386359,0,0.00628977,34,23.1,-2.01215,-2.88048e-06,1,0.148537,0.000713612,0,-0.455007,-0.00227723,0,0.00991972,35,23.1,-0.999802,-2.00003,1,-0.000863057,0.000100955,0,0.000979751,1.49012e-05,0,0.00897152
0,23.2,0.00281512,-0.371902,1,-0.000782683,0.471817,0,-0.0152317,-0.0225604,0,0.0105927,1,23.2,-1.02523,-2.99911,1,-0.181893,-0.00250936,0,-0.941813,0.00274181,0,0.0105412,2,23.2,-0.997204,0.375462,1,0.000964105,-0.480631,0,-0.0202656,0.0211895,0,0.00984889,3,23.2,-2.99999,3,1,1.78814e-05,0,0,-0.000238419,0,0,0.00655713,4,23.2,-2.05184,-2.99995,1,-0.313783,-2.98023e-05,0,-1.00017,-0.000238419,0,0.00817336,5,23.2,-2.05413,-2.00124,1,0.249201,0.0133514,0,-0.505686,-0.0318289,0,0.00920882,6,23.2,-1.99999,3,1,1.49012e-05,0,0,-0.000178814,0,0,0.00488595,7,23.2,-2.05165,1.00004,1,-0.314754,0.000208616,0,-1.00017,0.000119209,0,0.00772451,8,23.2,-0.450783,-0.99982,1,0.5,-0.00131279,0,-1.43051e-05,-0.000476837,0,0.0116277,9,23.2,-1.99989,-0.985352,1,-9.23872e-05,-0.00460446,0,-0.000655651,-0.129014,0,0.00825501,10,23.2,-0.553491,1.00109,1,-0.500001,-0.000238419,0,2.98023e-05,-0.00327826,0,0.0127729,11,23.2,1.02428,-2.99991,1,-0.500003,-0.000655651,0,5.96046e-05,0.00321865,0,0.00971823,12,23.2,0.999715,-1.60209,1,0.000590086,-0.499985,0,-0.000327826,0.000298023,0,0.0138544,13,23.2,-2,2,1,2.98023e-05,0,0,-5.96046e-05,0,0,0.0108169,14,23.2,-2.99992,-0.996945,1,8.34465e-05,0.00292808,0,-0.000357628,-0.0315607,0,0.00796879,15,23.2,0.00305319,-2,1,0.00276881,-5.96046e-06,0,-0.0311363,0,0,0.00987358,16,23.2,5.81345e-08,3,1,-1.73323e-07,-1.78814e-05,0,5.1667e-08,0,0,0.00861842,17,23.2,-3,-2.13261,1,0,0.360066,0,0,-0.442982,0,0.00714336,18,23.2,-0.99958,-0.506586,1,0.00168532,-0.490849,0,-0.00962615,-0.122815,0,0.0103326,19,23.2,1.05006,1.04999,1,-0.23585,0.301519,0,0.478029,0.999987,0,0.0118034,20,23.2,2.07183,2.00155,1,-0.093013,0.00180006,0,1.00017,-0.00739098,0,0.00989546,21,23.2,2.99558,2.07735,1,0.0038445,-0.5,0,0.00822544,0,0,0.0083058,22,23.2,0.00294889,2,1,0.00068135,8.9407e-06,0,-0.0243546,-5.96046e-05,0,0.00861532,23,23.2,2.97595,-1.99983,1,-0.169247,-5.36442e-05,0,-0.720859,0.00184774,0,0.00941992,24,23.2,0.000631849,0.51552,1,0.000298787,0.48274,0,-0.00182044,0.170559,0,0.0119886,25,23.2,2.00178,-0.0655032,1,-0.00731945,0.498409,0,0.0118017,0.0318104,0,0.0133022,26,23.2,1.99993,2.99616,1,-0.000151992,0.00463128,0,0.00101328,0.010252,0,0.00779952,27,23.2,1.09874,1.37731e-05,1,-0.134563,-0.000673786,0,0.999987,-0.00136175,0,0.0112613,28,23.2,2.11137,-1.00321,1,-0.5,0.00702441,0,0,-0.00429153,0,0.0148592,29,23.2,-0.996989,2.00023,1,-0.00226796,-0.000411272,0,-0.0164509,-0.000596046,0,0.0123332,30,23.2,2.51974,-2.89667,1,0.5,-0.254583,0,0,0.378489,0,0.00650636,31,23.2,1.88635,-2.05043,1,0.339204,-0.322676,0,-0.473678,-0.96333,0,0.0094907,32,23.2,-3,0.0915182,1,5.96046e-06,-0.307907,0,0.000119209,0.479367,0,0.00808302,33,23.2,3,0.00291119,1,-5.96046e-06,0.00386462,0,0.000119209,-0.0330455,0,0.00714119,34,23.2,-1.99949,5.74039e-05,1,0.105613,0.000495566,0,-0.401676,-0.00206839,0,0.0100741,35,23.2,-0.999883,-2.00002,1,-0.000749528,9.53674e-05,0,0.0013113,0,0,0.00842466
0,23.3,0.00266811,-0.324876,1,-0.00208495,0.468136,0,-0.0108843,-0.0570696,0,0.0105927,1,23.3,-1.04823,-2.99935,1,-0.278629,-0.00218637,0,-0.971302,0.00365078,0,0.0105412,2,23.3,-0.997201,0.327558,1,-0.000825524,-0.476755,0,-0.0155717,0.0620037,0,0.00984889,3,23.3,-2.99999,3,1,-1.11759e-06,0,0,-0.000163913,0,0,0.00655713,4,23.3,-2.0879,-2.99995,1,-0.403513,-4.88013e-05,0,-0.769585,-0.000163913,0,0.00817336,5,23.3,-2.03171,-2.00006,1,0.19937,0.0101838,0,-0.487581,-0.031203,0,0.00920882,6,23.3,-1.99999,3,1,-3.72529e-07,0,0,-0.00013411,0,0,0.00488595,7,23.3,-2.0878,1.00006,1,-0.404333,0.000206754,0,-0.766873,-0.000149012,0,0.00772451,8,23.3,-0.40081,-0.999951,1,0.499052,-0.00128327,0,-0.0239461,0.000987202,0,0.0116277,9,23.3,-1.9999,-0.986378,1,-0.000144541,-0.0151493,0,-0.00038743,-0.0831485,0,0.00825501,10,23.3,-0.603455,1.00105,1,-0.498784,-0.00054054,0,0.0289343,-0.00274181,0,0.0127729,11,23.3,0.974282,-2.99997,1,-0.5,-0.000369549,0,0,0.0025034,0,0.00971823,12,23.3,0.999772,-1.65208,1,0.000548735,-0.499991,0,-0.000491738,-0.000186265,0,0.0138544,13,23.3,-1.99999,2,1,2.29105e-05,0,0,-8.19564e-05,0,0,0.0108169,14,23.3,-2.99991,-0.996799,1,4.35859e-05,0.000116881,0,-0.000402331,-0.0246651,0,0.00796879,15,23.3,0.00370864,-2,1,0.0149788,-4.84288e-06,0,0.247776,0,0,0.00987358,16,23.3,4.12469e-08,2.99999,1,-1.62727e-07,-1.60187e-05,0,1.53855e-07,4.47035e-05,0,0.00861842,17,23.3,-3,-2.09887,1,0,0.314199,0,0,-0.471145,0,0.00714336,18,23.3,-0.999456,-0.556126,1,0.000832789,-0.498544,0,-0.00746548,-0.0379346,0,0.0103326,19,23.3,1.0288,1.08489,1,-0.189797,0.393228,0,0.442222,0.80502,0,0.0118034,20,23.3,2.06753,2.00176,1,0.00699535,0.00294521,0,1.00002,0.0276864,0,0.00989546,21,23.3,2.996,2.02735,1,0.00448562,-0.5,0,0.00472367,0,0,0.0083058,22,23.3,0.00290604,2,1,-0.00143182,3.91155e-06,0,-0.0179671,-3.72529e-05,0,0.00861532,23,23.3,2.95523,-1.99975,1,-0.246419,0.0022294,0,-0.799015,0.0408068,0,0.00941992,24,23.3,0.000652169,0.564503,1,0.000104054,0.49547,0,-0.00203471,0.0842214,0,0.0119886,25,23.3,2.0011,-0.0155648,1,-0.00614449,0.499901,0,0.0116527,0.00397645,0,0.0133022,26,23.3,1.99992,2.99666,1,-5.97909e-05,0.00538118,0,0.000827014,0.00487268,0,0.00779952,27,23.3,1.09028,-0.000115373,1,-0.034564,-0.00240097,0,1,-0.0309025,0,0.0112613,28,23.3,2.06137,-1.00253,1,-0.5,0.00650492,0,0,-0.00601262,0,0.0148592,29,23.3,-0.997288,2.00018,1,-0.00359816,-0.000447035,0,-0.010293,-0.000149012,0,0.0123332,30,23.3,2.56973,-2.92025,1,0.499903,-0.217143,0,-0.0038445,0.368789,0,0.00650636,31,23.3,1.91789,-2.0872,1,0.291359,-0.408947,0,-0.48057,-0.737697,0,0.0094907,32,23.3,-3,0.06315,1,1.41561e-05,-0.259297,0,2.98023e-05,0.489063,0,0.00808302,33,23.3,3,0.00314344,1,3.72529e-06,0.000891778,0,5.96046e-05,-0.0263769,0,0.00714119,34,23.3,-1.99083,9.70913e-05,1,0.0685299,0.000303092,0,-0.339411,-0.00177407,0,0.0100741,35,23.3,-0.999429,-2.00002,1,0.0143458,9.05246e-05,0,0.273045,-7.45058e-05,0,0.00842466
0,23.4,0.0024119,-0.278445,1,-0.0029743,0.459395,0,-0.00697968,-0.121824,0,0.0106491,1,23.4,-1.0808,-2.99955,1,-0.37041,-0.00180602,0,-0.828505,0.00417233,0,0.00923313,2,23.4,-0.997354,0.280298,1,-0.00215769,-0.467288,0,-0.0111759,0.131122,0,0.0094936,3,23.4,-2.99999,3,1,-5.96046e-06,0,0,-0.000238419,0,0,0.0049196,4,23.4,-2.13158,-2.99996,1,-0.464678,-5.96046e-05,0,-0.448227,-0.000119209,0,0.00773352,5,23.4,-2.01416,-1.9992,1,0.152278,0.00717342,0,-0.451684,-0.0289083,0,0.00889924,6,23.4,-1.99999,3,1,-1.19209e-05,0,0,-5.96046e-05,0,0,0.00578376,7,23.4,-2.13154,1.00008,1,-0.465167,0.000181794,0,-0.444531,-0.000298023,0,0.00886501,8,23.4,-0.351099,-1.00007,1,0.49434,-0.00113547,0,-0.0739843,0.00202656,0,0.010158,9,23.4,-1.99992,-0.988242,1,-0.000172853,-0.0214875,0,-0.000119209,-0.0448525,0,0.00991635,10,23.4,-0.653109,1.00098,1,-0.493412,-0.000786781,0,0.0818372,-0.00220537,0,0.0106996,11,23.4,0.924282,-2.99999,1,-0.5,-0.000160933,0,-2.98023e-05,0.00190735,0,0.00888884,12,23.4,0.999825,-1.70208,1,0.000493228,-0.500003,0,-0.000596046,5.96046e-05,0,0.0146877,13,23.4,-1.99999,2,1,1.49012e-05,0,0,-5.96046e-05,0,0,0.00993829,14,23.4,-2.99991,-0.996899,1,0,-0.00200719,0,-0.000357628,-0.0179112,0,0.00884269,15,23.4,0.00671903,-2,1,0.0474111,-5.96046e-06,0,0.379301,0,0,0.0104583,16,23.4,2.5868e-08,2.99999,1,-1.43749e-07,-1.78814e-05,0,2.2016e-07,0.000238419,0,0.00781989,17,23.4,-3,-2.06983,1,0,0.266451,0,0,-0.480771,0,0.00678588,18,23.4,-0.999406,-0.606085,1,0.000183284,-0.5,0,-0.00557303,-2.98023e-05,0,0.0108649,19,23.4,1.01197,1.12775,1,-0.147548,0.458664,0,0.402033,0.494361,0,0.0125225,20,23.4,2.07323,2.00223,1,0.10699,0.00686049,0,1.00017,0.0481606,0,0.00911988,21,23.4,2.99647,1.97735,1,0.00480413,-0.500003,0,0.00190735,5.96046e-05,0,0.00717611,22,23.4,0.00268315,2,1,-0.00292676,2.98023e-06,0,-0.0120201,-5.96046e-05,0,0.00825558,23,23.4,2.92663,-1.99928,1,-0.324941,0.00754893,0,-0.75388,0.0630617,0,0.0097809,24,23.4,0.000652322,0.614333,1,-0.00010095,0.499792,0,-0.00203287,0.00417233,0,0.0109249,25,23.4,2.00055,0.0344332,1,-0.00500083,0.5,0,0.0113249,0,0,0.0109162,26,23.4,1.99992,2.99722,1,1.19209e-05,0.00563264,0,0.000596046,0.000357628,0,0.00649269,27,23.4,1.09182,-0.000542907,1,0.065437,-0.00642885,0,0.999987,-0.04768,0,0.0122505,28,23.4,2.01137,-1.00191,1,-0.500003,0.00584126,0,5.96046e-05,-0.00715256,0,0.0146354,29,23.4,-0.99769,2.00014,1,-0.00435561,-0.000441074,0,-0.00503659,0.000238419,0,0.00999844,30,23.4,2.61967,-2.94014,1,0.498468,-0.181109,0,-0.0308752,0.350595,0,0.00569958,31,23.4,1.94463,-2.13127,1,0.243583,-0.467283,0,-0.472724,-0.424266,0,0.0105972,32,23.4,-3,0.0396551,1,1.78814e-05,-0.210789,0,0,0.47792,0,0.00786807,33,23.4,3,0.00311197,1,5.96046e-06,-0.00140936,0,0.000119209,-0.0196664,0,0.00582598,34,23.4,-1.98557,0.000119064,1,0.0377983,0.000141802,0,-0.275135,-0.00144825,0,0.0124462,35,23.4,-0.996368,-2.00001,1,0.0489518,8.34465e-05,0,0.397652,-0.000238419,0,0.0102865
0,23.5,0.00208582,-0.233293,1,-0.00348772,0.441928,0,-0.00340695,-0.22533,0,0.0106491,1,23.5,-1.12157,-2.99971,1,-0.44063,-0.00139214,0,-0.563651,0.00406802,0,0.00923313,2,23.5,-0.997619,0.234877,1,-0.00307122,-0.435256,0,-0.00715628,0.484288,0,0.0094936,3,23.5,-3,3,1,-1.9744e-05,0,0,-4.47035e-05,0,0,0.0049196,4,23.5,-2.17975,-2.99996,1,-0.493849,-6.78003e-05,0,-0.152856,-2.98023e-05,0,0.00773352,5,23.5,-2.00111,-1.99862,1,0.109577,0.00446625,0,-0.400744,-0.0251085,0,0.00889924,6,23.5,-1.99999,3,1,-1.67638e-05,0,0,-2.98023e-05,0,0,0.00578376,7,23.5,-2.17975,1.00009,1,-0.494,0.000146963,0,-0.150114,-0.000394881,0,0.00886501,8,23.5,-0.302138,-1.00017,1,0.483763,-0.000904873,0,-0.140259,0.0025183,0,0.010158,9,23.5,-1.99941,-0.990561,1,0.0148017,-0.0243769,0,0.272036,-0.0142641,0,0.00991635,10,23.5,-0.702314,1.00089,1,-0.492727,-0.00096336,0,-0.0408962,-0.0013411,0,0.0106996,11,23.5,0.874282,-3,1,-0.5,-5.21541e-06,0,0,0.0012219,0,0.00888884,12,23.5,0.999871,-1.75208,1,0.000431482,-0.5,0,-0.000637025,7.45058e-06,0,0.0146877,13,23.5,-1.99999,2,1,8.75443e-06,0,0,-6.70552e-05,0,0,0.00993829,14,23.5,-2.99991,-0.996655,1,-3.39001e-05,0.0115069,0,-0.000312924,0.260495,0,0.00884269,15,23.5,0.0136944,-2,1,0.0948726,0.000109151,0,0.546427,0.00232458,0,0.0104583,16,23.5,1.26609e-08,2.99999,1,-1.19838e-07,1.11759e-06,0,2.53497e-07,0.000163913,0,0.00781989,17,23.5,-3,-2.04513,1,0,0.231703,0,0,-0.232309,0,0.00678588,18,23.5,-0.999413,-0.656085,1,-0.000292156,-0.5,0,-0.00407174,0,0,0.0108649,19,23.5,0.999139,1.17554,1,-0.109911,0.492002,0,0.350948,0.186436,0,0.0125225,20,23.5,2.08892,2.0031,1,0.206756,0.0100937,0,0.990316,0.0178963,0,0.00911988,21,23.5,2.99695,1.92735,1,0.00487193,-0.5,0,-0.000447035,7.45058e-06,0,0.00717611,22,23.5,0.00233966,2,1,-0.00385411,-1.86265e-06,0,-0.00667889,-2.98023e-05,0,0.00825558,23,23.5,2.89047,-1.99827,1,-0.396445,0.012091,0,-0.652522,0.0291839,0,0.0097809,24,23.5,0.000632308,0.664242,1,-0.000296246,0.497351,0,-0.00184798,-0.057701,0,0.0109249,25,23.5,2.0001,0.0844332,1,-0.00390988,0.5,0,0.0104532,-4.47035e-07,0,0.0109162,26,23.5,1.99992,2.99778,1,6.27711e-05,0.00547208,0,0.000424683,-0.00338256,0,0.00649269,27,23.5,1.10337,-0.00137431,1,0.165399,-0.0097322,0,0.998497,-0.0196507,0,0.0122505,28,23.5,1.96137,-1.00136,1,-0.5,0.00509955,0,7.45058e-06,-0.00762939,0,0.0146354,29,23.5,-0.998143,2.00009,1,-0.00463398,-0.000404194,0,-0.00071153,0.000461936,0,0.00999844,30,23.5,2.66928,-2.95654,1,0.492615,-0.147258,0,-0.0909269,0.325382,0,0.00569958,31,23.5,1.96667,-2.1796,1,0.197808,-0.494552,0,-0.441782,-0.139326,0,0.0105972,32,23.5,-2.99948,0.020922,1,0.0148352,-0.164376,0,0.26907,0.447744,0,0.00786807,33,23.5,3,0.00288381,1,1.15484e-05,-0.00304575,0,1.49012e-05,-0.0131836,0,0.00582598,34,23.5,-1.98306,-0.000396184,1,0.0135258,-0.0149645,0,-0.211045,-0.273114,0,0.0124462,35,23.5,-0.989041,-2,1,0.101272,6.07222e-05,0,0.619955,-0.000208616,0,0.0102865
0,23.6,0.0017251,-0.190382,1,-0.00367856,0.4148,0,-0.000520493,-0.314698,0,0.0109239,1,23.6,-1.16796,-2.99983,1,-0.482336,-0.00100136,0,-0.274599,0.00369549,0,0.00881787,2,23.6,-0.997956,0.194183,1,-0.0036031,-0.37507,0,-0.00348687,0.698254,0,0.0117261,3,23.6,-3,3,1,-1.78814e-05,0,0,0,0,0,0.00407858,4,23.6,-2.22957,-2.99997,1,-0.5,-6.55651e-05,0,0,-0.000119209,0,0.00801118,5,23.6,-1.99206,-1.99829,1,0.0723839,0.00216961,0,-0.34225,-0.0207424,0,0.00979236,6,23.6,-1.99999,3,1,-1.78814e-05,0,0,0,0,0,0.00394526,7,23.6,-2.22958,1.00011,1,-0.5,0.000104308,0,0,-0.000417233,0,0.00915775,8,23.6,-0.25459,-1.00025,1,0.465882,-0.00064373,0,-0.218689,0.00274181,0,0.0107488,9,23.6,-1.99631,-0.993028,1,0.0493228,-0.0245899,0,0.396848,0.00876188,0,0.0118974,10,23.6,-0.751828,1.00079,1,-0.497532,-0.00106096,0,-0.0419021,-0.000596046,0,0.0162872,11,23.6,0.824282,-2.99999,1,-0.5,8.9407e-05,0,-2.98023e-05,0.000715256,0,0.0089949,12,23.6,0.999911,-1.80208,1,0.000366569,-0.500003,0,-0.000655651,5.96046e-05,0,0.0136604,13,23.6,-1.99999,2,1,2.98023e-06,0,0,-5.96046e-05,0,0,0.0109622,14,23.6,-2.99992,-0.99393,1,-6.55651e-05,0.045155,0,-0.000238419,0.390798,0,0.00789136,15,23.6,0.0260285,-1.99997,1,0.152477,0.000458956,0,0.586968,0.00464916,0,0.0129012,16,23.6,1.96828e-09,2.99999,1,-9.3871e-08,5.96046e-06,0,2.62181e-07,0.000238419,0,0.0109433,17,23.6,-3,-2.02283,1,0,0.216687,0,0,-0.0827312,0,0.00650938,18,23.6,-0.999461,-0.706085,1,-0.000657141,-0.5,0,-0.00330806,-2.98023e-05,0,0.0123965,19,23.6,0.98982,1.2253,1,-0.0773042,0.5,0,0.30148,0,0,0.0141984,20,23.6,2.11447,2.00416,1,0.303125,0.010711,0,0.922322,-0.00452995,0,0.00899926,21,23.6,2.99743,1.87735,1,0.00473261,-0.500003,0,-0.00226498,5.96046e-05,0,0.00607824,22,23.6,0.00192861,2,1,-0.00429293,-2.98023e-06,0,-0.0022495,-5.96046e-05,0,0.00887058,23,23.6,2.84788,-1.99696,1,-0.452024,0.0136495,0,-0.448346,0.00327826,0,0.0116912,24,23.6,0.000593921,0.713555,1,-0.000466227,0.487493,0,-0.0015336,-0.142395,0,0.0106888,25,23.6,1.99976,0.134433,1,-0.00291467,0.5,0,0.00953674,0,0,0.0150544,26,23.6,1.99993,2.9983,1,9.53674e-05,0.00498891,0,0.000298023,-0.00584126,0,0.00801692,27,23.6,1.12489,-0.00240818,1,0.264832,-0.0105979,0,0.988007,0.00121094,0,0.0121331,28,23.6,1.91137,-1.00089,1,-0.500003,0.0043273,0,5.96046e-05,-0.00780821,0,0.0140217,29,23.6,-0.998604,2.00006,1,-0.00453293,-0.000351667,0,0.002563,0.000596046,0,0.0121029,30,23.6,2.71795,-2.96969,1,0.479519,-0.116223,0,-0.173688,0.294566,0,0.00613258,31,23.6,1.9843,-2.22945,1,0.155407,-0.5,0,-0.40549,0,0,0.00923888,32,23.6,-2.99639,0.00665517,1,0.0489771,-0.121689,0,0.392437,0.404087,0,0.00920405,33,23.6,3,0.00252316,1,1.19209e-05,-0.00407203,0,0,-0.00747911,0,0.00640288,34,23.6,-1.98266,-0.00351986,1,-0.0045836,-0.0495727,0,-0.151932,-0.397531,0,0.0105668,35,23.6,-0.975645,-1.99999,1,0.16776,3.8743e-05,0,0.686735,-0.000119209,0,0.0113841
0,23.7,0.00135851,-0.150595,1,-0.00361691,0.379787,0,0.00165642,-0.383108,0,0.0109239,1,23.7,-1.21715,-2.99991,1,-0.497912,-0.000659749,0,-0.0638291,0.00311434,0,0.00881787,2,23.7,-0.998326,0.160752,1,-0.00372762,-0.289214,0,0.00105426,0.962281,0,0.0117261,3,23.7,-3,3,1,-1.3411e-05,0,0,5.96046e-05,0,0,0.00407858,4,23.7,-2.27957,-2.99998,1,-0.5,-7.07805e-05,0,0,0,0,0.00801118,5,23.7,-1.98643,-1.99817,1,0.0413332,0.000331365,0,-0.278801,-0.0160411,0,0.00979236,6,23.7,-1.99999,3,1,-1.71363e-05,0,0,1.49012e-05,0,0,0.00394526,7,23.7,-2.27958,1.00012,1,-0.5,6.16536e-05,0,0,-0.000439584,0,0.00915775,8,23.7,-0.209268,-1.0003,1,0.438933,-0.000377744,0,-0.316843,0.0025481,0,0.0107488,9,23.7,-1.98915,-0.995415,1,0.0958737,-0.022867,0,0.514701,0.0247397,0,0.0118974,10,23.7,-0.80172,1.00068,1,-0.499753,-0.0010917,0,-0.00803918,-3.72529e-05,0,0.0162872,11,23.7,0.774282,-2.99998,1,-0.5,0.000141189,0,0,0.000312924,0,0.0089949,12,23.7,0.999944,-1.85208,1,0.000302773,-0.5,0,-0.000622123,7.45058e-06,0,0.0136604,13,23.7,-1.99999,2,1,-2.79397e-06,0,0,-5.21541e-05,0,0,0.0109622,14,23.7,-2.99992,-0.987209,1,-8.53091e-05,0.091283,0,-0.00013411,0.51216,0,0.00789136,15,23.7,0.0441968,-1.99987,1,0.210513,0.00190698,0,0.564576,0.0228435,0,0.0129012,16,23.7,-6.12266e-09,3,1,-6.81584e-08,1.9744e-05,0,2.49616e-07,4.47035e-05,0,0.0109433,17,23.7,-3,-2.00102,1,0,0.224309,0,0,0.206493,0,0.00650938,18,23.7,-0.999542,-0.756085,1,-0.000941008,-0.5,0,-0.00254065,0,0,0.0123965,19,23.7,0.983513,1.2753,1,-0.0496428,0.5,0,0.252239,0,0,0.0141984,20,23.7,2.14919,2.00519,1,0.388485,0.00969432,0,0.760332,-0.0151843,0,0.00899926,21,23.7,2.99789,1.82735,1,0.00443384,-0.5,0,-0.00363588,7.45058e-06,0,0.00607824,22,23.7,0.0014943,2,1,-0.00433533,-7.07805e-06,0,0.00123448,-1.49012e-05,0,0.00887058,23,23.7,2.80083,-1.99561,1,-0.48511,0.0131534,0,-0.217974,-0.0123754,0,0.0116912,24,23.7,0.000540415,0.761391,1,-0.000596098,0.467284,0,-0.00106579,-0.258647,0,0.0106888,25,23.7,1.99951,0.184433,1,-0.00202693,0.5,0,0.00822544,8.9407e-07,0,0.0150544,26,23.7,1.99994,2.99877,1,0.000117347,0.00430867,0,0.000149012,-0.00756979,0,0.00801692,27,23.7,1.15616,-0.0034428,1,0.35827,-0.00991783,0,0.853196,0.0118077,0,0.0121331,28,23.7,1.86137,-1.0005,1,-0.5,0.00355616,0,7.45058e-06,-0.00756979,0,0.0140217,29,23.7,-0.99904,2.00003,1,-0.004155,-0.000287779,0,0.00483543,0.000648201,0,0.0121029,30,23.7,2.76484,-2.97989,1,0.456287,-0.0884607,0,-0.287667,0.259995,0,0.00613258,31,23.7,1.99789,-2.27945,1,0.117023,-0.5,0,-0.361845,0,0,0.00923888,32,23.7,-2.98929,-0.00358878,1,0.0950161,-0.0841501,0,0.509068,0.346487,0,0.00920405,33,23.7,3,0.00208705,1,7.45058e-06,-0.00456989,0,-5.96046e-05,-0.00265664,0,0.00640288,34,23.7,-1.98378,-0.0107082,1,-0.0169644,-0.0961318,0,-0.0975206,-0.514259,0,0.0105668,35,23.7,-0.955335,-1.99999,1,0.23903,2.70084e-05,0,0.722606,-0.000111759,0,0.0113841
0,23.8,0.00100802,-0.114627,1,-0.00336602,0.338708,0,0.00327115,-0.435617,0,0.011664,1,23.8,-1.2671,-2.99996,1,-0.500003,-0.00038147,0,5.96046e-05,0.0025034,0,0.0103822,2,23.8,-0.998686,0.136755,1,-0.00338852,-0.190157,0,0.00578165,0.999991,0,0.0136551,3,23.8,-3,3,1,-5.96046e-06,0,0,0.000119209,0,0,0.00392896,4,23.8,-2.32957,-2.99998,1,-0.5,-6.55651e-05,0,0,0.000119209,0,0.00856905,5,23.8,-1.98358,-1.99821,1,0.016579,-0.00104606,0,-0.216544,-0.0115633,0,0.0092448,6,23.8,-2,3,1,-1.49012e-05,0,0,0,0,0,0.00396141,7,23.8,-2.32958,1.00012,1,-0.5,1.78814e-05,0,0,-0.000417233,0,0.00883781,8,23.8,-0.167096,-1.00033,1,0.403206,-0.000140071,0,-0.394202,0.00232458,0,0.010886,9,23.8,-1.97693,-0.997558,1,0.148773,-0.01982,0,0.527978,0.0353754,0,0.0138176,10,23.8,-0.851714,1.00058,1,-0.5,-0.00107288,0,-2.98023e-05,0.000417233,0,0.0107136,11,23.8,0.724282,-2.99997,1,-0.5,0.000160933,0,-2.98023e-05,0,0,0.00824677,12,23.8,0.999972,-1.90208,1,0.000241399,-0.500003,0,-0.000536442,5.96046e-05,0,0.012507,13,23.8,-1.99999,2,1,-8.9407e-06,0,0,0,0,0,0.0104352,14,23.8,-2.99993,-0.975454,1,-0.000101328,0.144075,0,0,0.528216,0,0.00892623,15,23.8,0.0679701,-1.99954,1,0.263764,0.00475645,0,0.49334,0.0329018,0,0.0116583,16,23.8,-1.1728e-08,3,1,-4.43708e-08,1.78814e-05,0,2.24363e-07,0,0,0.0090955,17,23.8,-3,-1.97728,1,0,0.252801,0,0,0.340164,0,0.00620455,18,23.8,-0.999648,-0.806085,1,-0.00119656,-0.5,0,-0.00271201,-2.98023e-05,0,0.0156745,19,23.8,0.979732,1.3253,1,-0.0267535,0.500003,0,0.206083,-5.96046e-05,0,0.0124837,20,23.8,2.19143,2.00607,1,0.451803,0.00779033,0,0.496387,-0.0222921,0,0.00861062,21,23.8,2.99832,1.77735,1,0.00402331,-0.500003,0,-0.00464916,5.96046e-05,0,0.00654437,22,23.8,0.00107153,2,1,-0.0040778,-8.9407e-06,0,0.00376557,0,0,0.00855114,23,23.8,2.75155,-1.99438,1,-0.497615,0.0113308,0,-0.0476837,-0.023365,0,0.0130488,24,23.8,0.000476235,0.806656,1,-0.000680007,0.436412,0,-0.000616652,-0.355512,0,0.0105911,25,23.8,1.99935,0.234433,1,-0.00126958,0.5,0,0.00697374,7.15256e-06,0,0.0130537,26,23.8,1.99995,2.99916,1,0.00012517,0.00350475,0,0,-0.00822544,0,0.00720015,27,23.8,1.19586,-0.00436208,1,0.431457,-0.00834647,0,0.597954,0.019101,0,0.0109948,28,23.8,1.81137,-1.00018,1,-0.500003,0.00281632,0,5.96046e-05,-0.00715256,0,0.0133234,29,23.8,-0.999429,2,1,-0.00359416,-0.000220537,0,0.00622869,0.000655651,0,0.0102527,30,23.8,2.80887,-2.9875,1,0.422662,-0.0643373,0,-0.381231,0.222325,0,0.00752078,31,23.8,2.00786,-2.32945,1,0.0831008,-0.5,0,-0.316501,0,0,0.00879233,32,23.8,-2.97718,-0.0103683,1,0.147343,-0.0524084,0,0.522256,0.288394,0,0.0103779,33,23.8,3,0.0016235,1,0,-0.00463804,0,0,0.00112516,0,0.00536199,34,23.8,-1.98589,-0.0229522,1,-0.0244409,-0.148953,0,-0.0536442,-0.526836,0,0.0156859,35,23.8,-0.927871,-1.99999,1,0.309391,1.49012e-05,0,0.671744,-5.96046e-05,0,0.0106985
0,23.9,0.000689771,-0.0830002,1,-0.00298135,0.293268,0,0.00433389,-0.469034,0,0.011664,1,23.9,-1.3171,-2.99999,1,-0.5,-0.000170991,0,7.45058e-06,0.00174344,0,0.0103822,2,23.9,-0.998946,0.122739,1,-0.00137398,-0.0901571,0,0.0325702,0.999999,0,0.0136551,3,23.9,-3,3,1,3.72529e-06,0,0,5.96046e-05,0,0,0.00392896,4,23.9,-2.37957,-2.99999,1,-0.5,-5.32717e-05,0,0,0.00013411,0,0.00856905,5,23.9,-1.98291,-1.99836,1,-0.00206698,-0.00199005,0,-0.157438,-0.00742078,0,0.0092448,6,23.9,-2,3,1,-1.39698e-05,0,0,2.23517e-05,0,0,0.00396141,7,23.9,-2.37958,1.00012,1,-0.5,-2.12342e-05,0,0,-0.000372529,0,0.00883781,8,23.9,-0.128841,-1.00033,1,0.361039,7.07805e-05,0,-0.446053,0.00189245,0,0.010886,9,23.9,-1.95937,-0.999353,1,0.202459,-0.0159993,0,0.531696,0.0405349,0,0.0138176,10,23.9,-0.901714,1.00047,1,-0.5,-0.00101551,0,0,0.000715256,0,0.0107136,11,23.9,0.674282,-2.99995,1,-0.5,0.000150502,0,0,-0.000208616,0,0.00824677,12,23.9,0.999993,-1.95208,1,0.00018999,-0.5,0,-0.000491738,7.45058e-06,0,0.012507,13,23.9,-1.99999,2,1,-9.12696e-06,0,0,-7.45058e-06,0,0,0.0104352,14,23.9,-2.99994,-0.958373,1,-9.94653e-05,0.197542,0,4.47035e-05,0.527553,0,0.00892623,15,23.9,0.0967088,-1.9988,1,0.309873,0.010941,0,0.425252,0.0851378,0,0.0116583,16,23.9,-1.50999e-08,3,1,-2.36514e-08,1.3411e-05,0,1.89301e-07,-5.96046e-05,0,0.0090955,17,23.9,-3,-1.95012,1,0,0.29189,0,0,0.425875,0,0.00620455,18,23.9,-0.999779,-0.856085,1,-0.00140835,-0.5,0,-0.00176579,0,0,0.0156745,19,23.9,0.978007,1.3753,1,-0.00852393,0.5,0,0.159476,-7.45058e-06,0,0.0124837,20,23.9,2.23859,2.00674,1,0.486801,0.00544488,0,0.215888,-0.0243485,0,0.00861062,21,23.9,2.9987,1.72735,1,0.00352897,-0.5,0,-0.0051707,7.45058e-06,0,0.00654437,22,23.9,0.000685631,2,1,-0.00361324,-8.00937e-06,0,0.00538998,2.23517e-05,0,0.00855114,23,23.9,2.70164,-1.99337,1,-0.499851,0.00866875,0,-0.00596046,-0.0293106,0,0.0130488,24,23.9,0.000405842,0.848393,1,-0.000721083,0.39715,0,-0.000210386,-0.42662,0,0.0105911,25,23.9,1.99926,0.284433,1,-0.000635721,0.5,0,0.0057295,-2.68221e-06,0,0.0130537,26,23.9,1.99996,2.99947,1,0.000120886,0.00267848,0,-8.19564e-05,-0.00816584,0,0.00720015,27,23.9,1.24148,-0.00509625,1,0.476223,-0.00629422,0,0.306346,0.0216612,0,0.0109948,28,23.9,1.76137,-0.999933,1,-0.5,0.00213655,0,7.45058e-06,-0.00644103,0,0.0133234,29,23.9,-0.999756,1.99998,1,-0.00293581,-0.000156462,0,0.00682846,0.000610948,0,0.0102527,30,23.9,2.8491,-2.99289,1,0.380729,-0.0440754,0,-0.453636,0.182837,0,0.00752078,31,23.9,2.01467,-2.37945,1,0.0541024,-0.5,0,-0.264049,0,0,0.00879233,32,23.9,-2.95981,-0.0142709,1,0.2,-0.0266567,0,0.517756,0.227629,0,0.0103779,33,23.9,3,0.00117033,1,0,-0.00437955,0,0,0.00387754,0,0.00536199,34,23.9,-1.98854,-0.0405033,1,-0.0279823,-0.201948,0,-0.0188872,-0.519996,0,0.0156859,35,23.9,-0.893658,-1.99999,1,0.373711,8.9407e-06,0,0.602528,-5.96046e-05,0,0.0106985
0,24,0.000414448,-0.0560444,1,-0.00251559,0.245686,0,0.00490614,-0.478936,0,0.0125782,1,24,-1.3671,-3,1,-0.500003,-2.98023e-05,0,5.96046e-05,0.00107288,0,0.00701821,2,24,-0.99889,0.118724,1,0.00276119,0.00984278,0,0.0483692,1,0,0.0158006,3,24,-3,3,1,5.96046e-06,0,0,0.000119209,0,0,0.0058488,4,24,-2.42957,-2.99999,1,-0.5,-4.17233e-05,0,0,0.000238419,0,0.00852809,5,24,-1.98381,-1.99859,1,-0.0151306,-0.0025481,0,-0.105023,-0.0038743,0,0.00959062,6,24,-2,3,1,-1.49012e-05,0,0,0.000119209,0,0,0.00541858,7,24,-2.42958,1.00012,1,-0.5,-5.36442e-05,0,0,-0.000298023,0,0.00934508,8,24,-0.0950304,-1.00032,1,0.314621,0.000235438,0,-0.479132,0.00143051,0,0.0113503,9,24,-1.93656,-1.00075,1,0.252646,-0.0118077,0,0.461578,0.0428557,0,0.0153305,10,24,-0.951714,1.00037,1,-0.5,-0.000932813,0,-2.98023e-05,0.000953674,0,0.0129719,11,24,0.624282,-2.99994,1,-0.5,0.00013113,0,-2.98023e-05,-0.000476837,0,0.00812506,12,24,1.00001,-2.00208,1,0.000143051,-0.5,0,-0.000417233,0,0,0.0105596,13,24,-1.99999,2,1,-8.9407e-06,0,0,0,0,0,0.00922958,14,24,-2.99995,-0.936075,1,-9.53674e-05,0.247206,0,0.000119209,0.455528,0,0.0100485,15,24,0.129685,-1.99723,1,0.3482,0.0207484,0,0.338741,0.106275,0,0.0118466,16,24,-1.65813e-08,3,1,-6.61413e-09,5.96046e-06,0,1.51134e-07,-0.000119209,0,0.0083834,17,24,-3,-1.91876,1,0,0.335124,0,0,0.426114,0,0.00720258,18,24,-0.999929,-0.906085,1,-0.00159293,-0.5,0,-0.00205636,-2.98023e-05,0,0.0146134,19,24,0.977881,1.4253,1,0.00532866,0.500003,0,0.118524,-5.96046e-05,0,0.0151459,20,24,2.288,2.00716,1,0.498283,0.00297427,0,0.0343323,-0.0246763,0,0.00852858,21,24,2.99902,1.67735,1,0.00299811,-0.500003,0,-0.00524521,5.96046e-05,0,0.00589144,22,24,0.000353003,2,1,-0.00302478,-5.96046e-06,0,0.00626514,0,0,0.00836555,23,24,2.65165,-1.99266,1,-0.5,0.00557303,0,0,-0.0320673,0,0.012166,24,24,0.000333311,0.885881,1,-0.00072343,0.351731,0,0.000155488,-0.478387,0,0.0127973,25,24,1.99922,0.334433,1,-0.00012517,0.5,0,0.00458956,-1.43051e-05,0,0.0121879,26,24,1.99998,2.9997,1,0.000110269,0.00188947,0,-0.000178814,-0.00739098,0,0.00705814,27,24,1.29024,-0.00561512,1,0.495341,-0.00406716,0,0.0931621,0.0226339,0,0.0116684,28,24,1.71137,-0.999751,1,-0.500003,0.00153035,0,5.96046e-05,-0.00569224,0,0.0142599,29,24,-1.00002,1.99997,1,-0.0022471,-9.83477e-05,0,0.00679493,0.000596046,0,0.0117112,30,24,2.88481,-2.99645,1,0.332713,-0.0277579,0,-0.502586,0.143409,0,0.00657272,31,24,2.01885,-2.42945,1,0.0301719,-0.5,0,-0.215173,0,0,0.00891298,32,24,-2.93732,-0.0158922,1,0.248593,-0.00668108,0,0.444174,0.172907,0,0.0125543,33,24,3,0.000755155,1,0,-0.00389378,0,0,0.00569255,0,0.00534607,34,24,-1.99139,-0.0631971,1,-0.0285387,-0.250664,0,0.00625849,-0.444517,0,0.0150557,35,24,-0.853469,-1.99999,1,0.427938,2.98023e-06,0,0.474453,-5.96046e-05,0,0.011076
0,24.1,0.000187782,-0.0338581,1,-0.00201566,0.198249,0,0.00503259,-0.466444,0,0.0125782,1,24.1,-1.4171,-3,1,-0.5,5.36442e-05,0,7.45058e-06,0.000625849,0,0.00701821,2,24.1,-0.998292,0.124706,1,0.00989856,0.109762,0,0.0902824,0.996759,0,0.0158006,3,24.1,-3,3,1,1.41561e-05,0,0,2.98023e-05,0,0,0.0058488,4,24.1,-2.47957,-3,1,-0.5,-2.16067e-05,0,0,0.000149012,0,0.00852809,5,24.1,-1.98577,-1.99886,1,-0.0233097,-0.00278465,0,-0.0600293,-0.000968575,0,0.00959062,6,24.1,-2,3,1,-5.40167e-06,0,0,8.19564e-05,0,0,0.00541858,7,24.1,-2.47957,1.00011,1,-0.5,-8.00937e-05,0,0,-0.000238419,0,0.00934508,8,24.1,-0.0659949,-1.00029,1,0.265878,0.000352971,0,-0.491867,0.000931323,0,0.0113503,9,24.1,-1.90904,-1.00171,1,0.296807,-0.00744797,0,0.41151,0.0439733,0,0.0153305,10,24.1,-1.00171,1.00028,1,-0.5,-0.000832044,0,7.45058e-06,0.00106543,0,0.0129719,11,24.1,0.574282,-2.99993,1,-0.5,8.49366e-05,0,0,-0.000447035,0,0.00812506,12,24.1,1.00002,-2.05208,1,0.000103377,-0.5,0,-0.000365078,0,0,0.0105596,13,24.1,-1.99999,2,1,-8.9407e-06,0,0,0,0,0,0.00922958,14,24.1,-2.99996,-0.909189,1,-8.34465e-05,0.289212,0,0.000119209,0.377227,0,0.0100485,15,24.1,0.166068,-1.9945,1,0.378239,0.0350397,0,0.264942,0.169814,0,0.0118466,16,24.1,-1.65536e-08,3,1,6.51149e-09,-3.72529e-06,0,1.11782e-07,-5.96046e-05,0,0.0083834,17,24.1,-3,-1.88309,1,0,0.378375,0,0,0.427201,0,0.00720258,18,24.1,-1.0001,-0.956086,1,-0.00171559,-0.5,0,-0.000651926,0,0,0.0146134,19,24.1,0.978946,1.4753,1,0.0153641,0.5,0,0.0830479,-7.45058e-06,0,0.0151459,20,24.1,2.33793,2.00733,1,0.499892,0.000566244,0,0.00429153,-0.0233352,0,0.00852858,21,24.1,2.9993,1.62735,1,0.00247061,-0.5,0,-0.00524521,7.45058e-06,0,0.00589144,22,24.1,8.24097e-05,2,1,-0.0023837,-5.02914e-06,0,0.00647012,2.23517e-05,0,0.00836555,23,24.1,2.60165,-1.99226,1,-0.5,0.00245329,0,0,-0.0301376,0,0.012166,24,24.1,0.000262298,0.918601,1,-0.000691656,0.302181,0,0.00046628,-0.508167,0,0.0127973,25,24.1,1.99923,0.384433,1,0.000273064,0.5,0,0.00339746,0,0,0.0121879,26,24.1,1.99999,2.99985,1,9.16421e-05,0.00120662,0,-0.000193715,-0.00618398,0,0.00705814,27,24.1,1.34006,-0.00590962,1,0.499708,-0.00183653,0,0.0116453,0.0218061,0,0.0116684,28,24.1,1.66137,-0.999625,1,-0.5,0.00100136,0,7.45058e-06,-0.00488758,0,0.0142599,29,24.1,-1.00021,1.99996,1,-0.00158772,-4.4331e-05,0,0.00633299,0.000476837,0,0.0117112,30,24.1,2.91551,-2.99857,1,0.280811,-0.0153016,0,-0.530005,0.10623,0,0.00657272,31,24.1,2.02086,-2.47945,1,0.0109602,-0.5,0,-0.169709,0,0,0.00891298,32,24.1,-2.91036,-0.0157847,1,0.289273,0.00797955,0,0.36256,0.1218,0,0.0125543,33,24.1,3,0.000396126,1,0,-0.00327102,0,0,0.00664161,0,0.00534607,34,24.1,-1.99418,-0.0903691,1,-0.0269935,-0.291427,0,0.0233501,-0.36373,0,0.0150557,35,24.1,-0.808599,-1.99999,1,0.466565,-4.28408e-06,0,0.300702,-9.68575e-05,0,0.011076
0,24.2,1.11741e-05,-0.0163213,1,-0.00151974,0.152996,0,0.00483886,-0.435972,0,0.0137783,1,24.2,-1.4671,-2.99999,1,-0.500003,9.53674e-05,0,5.96046e-05,0.000357628,0,0.00995709,2,24.2,-0.99681,0.14064,1,0.020057,0.208547,0,0.109375,0.974074,0,0.0172494,3,24.2,-3,3,1,1.78814e-05,0,0,0,0,0,0.00679079,4,24.2,-2.52957,-3,1,-0.5,-5.96046e-06,0,0,0,0,0.00885111,5,24.2,-1.98834,-1.99914,1,-0.0274211,-0.00276566,0,-0.023663,0.0012517,0,0.00996451,6,24.2,-2,3,1,0,0,0,0.000119209,0,0,0.0050175,7,24.2,-2.52958,1.0001,1,-0.5,-0.000101328,0,0,-0.000119209,0,0.00863324,8,24.2,-0.0418602,-1.00025,1,0.216963,0.000426173,0,-0.483147,0.000417233,0,0.0118103,9,24.2,-1.87745,-1.00223,1,0.333217,-0.00308156,0,0.309408,0.0429153,0,0.0163225,10,24.2,-1.05171,1.00021,1,-0.500003,-0.000721216,0,5.96046e-05,0.00107288,0,0.0138251,11,24.2,0.524282,-2.99992,1,-0.5,4.17233e-05,0,-1.43051e-05,-0.000357628,0,0.00950228,12,24.2,1.00003,-2.10208,1,6.85453e-05,-0.5,0,-0.000298023,0,0,0.010951,13,24.2,-1.99999,2,1,-8.9407e-06,0,0,-5.96046e-05,0,0,0.0100686,14,24.2,-2.99997,-0.878561,1,-7.15256e-05,0.321412,0,0,0.261724,0,0.0108504,15,24.2,0.205114,-1.99011,1,0.401699,0.0529557,0,0.206456,0.180602,0,0.0121971,16,24.2,-1.54057e-08,3,1,1.58399e-08,-5.96046e-06,0,7.53562e-08,-0.000119209,0,0.00992478,17,24.2,-3,-1.8432,1,0,0.418475,0,0,0.365674,0,0.00744825,18,24.2,-1.00027,-1.00609,1,-0.00176728,-0.5,0,-0.000655651,0,0,0.0173916,19,24.2,0.980844,1.5253,1,0.0221059,0.500003,0,0.0526011,-5.96046e-05,0,0.012784,20,24.2,2.38793,2.00728,1,0.5,-0.00165701,0,0,-0.0211,0,0.00792445,21,24.2,2.99952,1.57735,1,0.00195503,-0.500003,0,-0.00500679,5.96046e-05,0,0.0058517,22,24.2,-0.000123865,2,1,-0.00174607,-5.96046e-06,0,0.00621572,0.000119209,0,0.00898587,23,24.2,2.55165,-1.99216,1,-0.5,-0.000417233,0,0,-0.0271797,0,0.0123904,24,24.2,0.000195881,0.946261,1,-0.000632854,0.250934,0,0.000696665,-0.512868,0,0.0127527,25,24.2,1.99927,0.434433,1,0.000560284,0.5,0,0.00238419,-1.43051e-05,0,0.012049,26,24.2,1.99999,2.99994,1,7.15256e-05,0.000655651,0,-0.000178814,-0.00464916,0,0.00767923,27,24.2,1.39005,-0.00598683,1,0.500003,0.000262691,0,-5.96046e-05,0.0200369,0,0.0108027,28,24.2,1.61137,-0.999548,1,-0.500003,0.000552833,0,5.96046e-05,-0.00408292,0,0.0168198,29,24.2,-1.00033,1.99996,1,-0.000986457,-2.98023e-06,0,0.00554323,0.000417233,0,0.0110707,30,24.2,2.94093,-2.99963,1,0.227726,-0.00639558,0,-0.526905,0.0727177,0,0.00660264,31,24.2,2.02118,-2.52945,1,-0.0039041,-0.5,0,-0.128388,0,0,0.00918659,32,24.2,-2.8798,-0.014452,1,0.319958,0.0179672,0,0.246525,0.0793399,0,0.0143719,33,24.2,3,0.000102965,1,0,-0.0025874,0,0,0.00693246,0,0.00492734,34,24.2,-1.99674,-0.121149,1,-0.0241041,-0.322239,0,0.0333786,-0.247781,0,0.0152903,35,24.2,-0.760701,-1.99999,1,0.4889,-1.49012e-05,0,0.151604,-0.000238419,0,0.0123639
0,24.3,-0.000117305,-0.0031296,1,-0.00105756,0.111602,0,0.00437624,-0.390215,0,0.0137783,1,24.3,-1.5171,-2.99998,1,-0.5,0.000115857,0,7.45058e-06,7.45058e-05,0,0.00995709,2,24.3,-0.994285,0.166309,1,0.0301024,0.303646,0,0.0898242,0.904459,0,0.0172494,3,24.3,-2.99999,3,1,1.60187e-05,0,0,-4.47035e-05,0,0,0.00679079,4,24.3,-2.57957,-3,1,-0.499785,-5.96046e-06,0,0.00745058,0,0,0.00885111,5,24.3,-1.99115,-1.99941,1,-0.028323,-0.00255872,0,0.00421703,0.00277907,0,0.00996451,6,24.3,-2,3,1,8.75443e-06,0,0,6.70552e-05,0,0,0.0050175,7,24.3,-2.57957,1.00009,1,-0.499785,-0.000110641,0,0.00745058,-7.45058e-05,0,0.00863324,8,24.3,-0.0225391,-1.0002,1,0.169933,0.000449643,0,-0.454729,5.96046e-05,0,0.0118103,9,24.3,-1.84264,-1.00229,1,0.362383,0.00233166,0,0.265285,0.0627339,0,0.0163225,10,24.3,-1.10171,1.00014,1,-0.5,-0.000612997,0,7.45058e-06,0.00109524,0,0.0138251,11,24.3,0.474282,-2.99992,1,-0.5,7.82311e-06,0,1.78814e-06,-0.000312924,0,0.00950228,12,24.3,1.00004,-2.15208,1,4.07919e-05,-0.5,0,-0.000245869,0,0,0.010951,13,24.3,-1.99999,2,1,-1.37836e-05,0,0,-2.98023e-05,0,0,0.0100686,14,24.3,-2.99998,-0.845271,1,-6.78003e-05,0.342691,0,8.9407e-05,0.160825,0,0.0108504,15,24.3,0.24653,-1.98392,1,0.42817,0.0703603,0,0.299834,0.160545,0,0.0121971,16,24.3,-1.35015e-08,3,1,2.17009e-08,-1.41561e-05,0,4.27979e-08,-2.98023e-05,0,0.00992478,17,24.3,-3,-1.79961,1,0,0.452079,0,0,0.299655,0,0.00744825,18,24.3,-1.00045,-1.05609,1,-0.00171289,-0.5,0,0.00160933,0,0,0.0173916,19,24.3,0.983271,1.5753,1,0.0259914,0.499897,0,0.0260472,-0.00409782,0,0.012784,20,24.3,2.43793,2.00701,1,0.5,-0.00355728,0,0,-0.0169426,0,0.00792445,21,24.3,2.99969,1.52735,1,0.00147671,-0.5,0,-0.00452995,7.45058e-06,0,0.0058517,22,24.3,-0.000268355,1.99999,1,-0.00115433,3.53903e-06,0,0.00558047,8.19564e-05,0,0.00898587,23,24.3,2.50165,-1.99233,1,-0.5,-0.00293963,0,0,-0.0231564,0,0.0123904,24,24.3,0.000136362,0.968813,1,-0.000555037,0.200417,0,0.000846111,-0.494063,0,0.0127527,25,24.3,1.99934,0.484433,1,0.00075344,0.5,0,0.00151247,1.78814e-06,0,0.012049,26,24.3,2,2.99999,1,5.43892e-05,0.00025779,0,-0.000163913,-0.00327826,0,0.00767923,27,24.3,1.44005,-0.00586629,1,0.5,0.00208891,0,-7.45058e-06,0.0164877,0,0.0108027,28,24.3,1.56137,-0.999512,1,-0.5,0.000187848,0,7.45058e-06,-0.00322983,0,0.0168198,29,24.3,-1.00041,1.99996,1,-0.000478141,3.18512e-05,0,0.00461191,0.000290573,0,0.0110707,30,24.3,2.9611,-2.99995,1,0.176198,-0.000578538,0,-0.499174,0.0446588,0,0.00660264,31,24.3,2.02022,-2.57944,1,-0.0147101,-0.499789,0,-0.0887662,0.00733137,0,0.00918659,32,24.3,-2.84673,-0.0123244,1,0.339805,0.0239657,0,0.147536,0.0422092,0,0.0143719,33,24.3,3,-0.00012141,1,0,-0.00190478,0,0,0.00665274,0,0.00492734,34,24.3,-1.99897,-0.154481,1,-0.0204623,-0.342992,0,0.038594,-0.163082,0,0.0152903,35,24.3,-0.711248,-1.99999,1,0.498377,-3.46452e-05,0,0.0453517,-0.000163913,0,0.0123639
0,24.4,-0.00020214,0.00616688,1,-0.000649224,0.0752289,0,0.00377172,-0.336184,0,0.0133539,1,24.4,-1.5671,-2.99997,1,-0.500003,0.000113249,0,5.96046e-05,-0.000119209,0,0.0103589,2,24.4,-0.99087,0.200928,1,0.0377297,0.38569,0,0.0614822,0.722408,0,0.0141472,3,24.4,-2.99999,3,1,1.78814e-05,0,0,-0.000238419,0,0,0.00535531,4,24.4,-2.62946,-3,1,-0.497478,0,0,0.0460148,-0.000119209,0,0.00879718,5,24.4,-1.99392,-1.99965,1,-0.026843,-0.00222921,0,0.0241995,0.00375509,0,0.0102654,6,24.4,-2,3,1,1.19209e-05,0,0,0,0,0,0.00433086,7,24.4,-2.62946,1.00008,1,-0.497478,-0.000116229,0,0.0460148,0,0,0.00885595,8,24.4,-0.00775352,-1.00016,1,0.12649,0.000441074,0,-0.412131,-0.000238419,0,0.0109888,9,24.4,-1.8052,-1.00173,1,0.384817,0.00898838,0,0.177324,0.0683069,0,0.0165607,10,24.4,-1.15171,1.00008,1,-0.500003,-0.000506639,0,5.96046e-05,0.00113249,0,0.012757,11,24.4,0.424282,-2.99992,1,-0.5,-2.38419e-05,0,1.43051e-05,-0.000357628,0,0.00867838,12,24.4,1.00004,-2.20208,1,1.78814e-05,-0.5,0,-0.000238419,0,0,0.0098269,13,24.4,-2,2,1,-1.49012e-05,0,0,0,0,0,0.0114979,14,24.4,-2.99998,-0.810385,1,-5.96046e-05,0.353117,0,0,0.0461638,0,0.00934296,15,24.4,0.290849,-1.97617,1,0.457843,0.0838786,0,0.278547,0.104785,0,0.0110486,16,24.4,-1.11647e-08,3,1,2.45856e-08,-1.78814e-05,0,1.5826e-08,0,0,0.0102976,17,24.4,-3,-1.75306,1,0,0.477237,0,0,0.198543,0,0.00792906,18,24.4,-1.00061,-1.10609,1,-0.00146627,-0.500003,0,0.00309944,5.96046e-05,0,0.0159483,19,24.4,0.985963,1.62523,1,0.0274941,0.498363,0,0.00485778,-0.0327826,0,0.0130956,20,24.4,2.48793,2.00658,1,0.5,-0.00504851,0,0,-0.0127554,0,0.00791058,21,24.4,2.99981,1.47735,1,0.001055,-0.500003,0,-0.00393391,5.96046e-05,0,0.00525653,22,24.4,-0.000357198,2,1,-0.000636319,8.9407e-06,0,0.00475488,5.96046e-05,0,0.00829631,23,24.4,2.45165,-1.99273,1,-0.5,-0.00503063,0,0,-0.0186563,0,0.0108402,24,24.4,8.52409e-05,0.986439,1,-0.000466153,0.152725,0,0.000919945,-0.457108,0,0.0109973,25,24.4,1.99942,0.534433,1,0.000864267,0.5,0,0.00077486,2.98023e-05,0,0.0113646,26,24.4,2,3,1,3.57628e-05,-5.96046e-06,0,-0.000119209,-0.00178814,0,0.007903,27,24.4,1.49005,-0.00558085,1,0.500003,0.00356128,0,-5.96046e-05,0.0129701,0,0.0102332,28,24.4,1.51137,-0.999508,1,-0.500003,-9.53674e-05,0,5.96046e-05,-0.00247359,0,0.0163498,29,24.4,-1.00043,1.99996,1,-6.85453e-05,5.36442e-05,0,0.00369549,0.000178814,0,0.00948838,30,24.4,2.97631,-2.99983,1,0.128675,0.00275373,0,-0.44775,0.0231266,0,0.00630055,31,24.4,2.01836,-2.62934,1,-0.021857,-0.497496,0,-0.0554323,0.0455379,0,0.00780555,32,24.4,-2.81219,-0.00976728,1,0.349039,0.0267063,0,0.0356436,0.0139957,0,0.0142047,33,24.4,3,-0.000279547,1,0,-0.00126846,0,0,0.0060248,0,0.00505529,34,24.4,-2.00082,-0.189428,1,-0.0165462,-0.354182,0,0.0391006,-0.0581884,0,0.0152725,35,24.4,-0.661291,-1.99999,1,0.5,-4.76837e-05,0,0,-0.000238419,0,0.00966544
0,24.5,-0.000249368,0.012108,1,-0.000307107,0.0445889,0,0.00306712,-0.276502,0,0.0133539,1,24.5,-1.61703,-2.99996,1,-0.497929,9.49949e-05,0,0.0448376,-0.000223517,0,0.0103589,2,24.5,-0.986921,0.242754,1,0.0400458,0.446998,0,-0.0113435,0.493715,0,0.0141472,3,24.5,-2.99999,3,1,-1.11759e-06,0,0,-0.000163913,0,0,0.00535531,4,24.5,-2.67888,-3,1,-0.4898,-5.21541e-06,0,0.111461,0,0,0.00879718,5,24.5,-1.99646,-1.99985,1,-0.0237422,-0.00182856,0,0.0367537,0.00419468,0,0.0102654,6,24.5,-2,3,1,1.09896e-05,0,0,-2.23517e-05,0,0,0.00433086,7,24.5,-2.67888,1.00007,1,-0.4898,-0.000114925,0,0.111461,3.72529e-05,0,0.00885595,8,24.5,0.00292222,-1.00012,1,0.0879271,0.000407174,0,-0.358071,-0.000417233,0,0.0109888,9,24.5,-1.76592,-1.00029,1,0.400026,0.0213588,0,0.129789,0.165395,0,0.0165607,10,24.5,-1.20171,1.00004,1,-0.5,-0.000398792,0,7.45058e-06,0.00102073,0,0.012757,11,24.5,0.374367,-2.99992,1,-0.497389,-5.43892e-05,0,0.0548548,-0.000268221,0,0.00867838,12,24.5,1.00004,-2.25208,1,-3.35276e-06,-0.5,0,-0.000193715,0,0,0.0098269,13,24.5,-2,2,1,-1.41561e-05,0,0,1.49012e-05,0,0,0.0114979,14,24.5,-2.99999,-0.77498,1,-5.32717e-05,0.353601,0,0.000104308,-0.0374243,0,0.00934296,15,24.5,0.337888,-1.96753,1,0.481421,0.0864001,0,0.187805,-0.0462309,0,0.0110486,16,24.5,-8.66493e-09,2.99999,1,2.50573e-08,-1.60187e-05,0,-5.38303e-09,4.47035e-05,0,0.0102976,17,24.5,-3,-1.70449,1,0,0.492591,0,0,0.105642,0,0.00792906,18,24.5,-1.00074,-1.15609,1,-0.00113267,-0.5,0,0.00353903,7.45058e-06,0,0.0159483,19,24.5,0.988709,1.67482,1,0.0271531,0.492419,0,-0.0109375,-0.0904277,0,0.0130956,20,24.5,2.53793,2.00602,1,0.5,-0.00613034,0,0,-0.00891089,0,0.00791058,21,24.5,2.9999,1.42735,1,0.000697374,-0.499909,0,-0.00321865,0.00363588,0,0.00525653,22,24.5,-0.000398642,2,1,-0.000208494,1.30385e-05,0,0.00379868,1.49012e-05,0,0.00829631,23,24.5,2.40167,-1.99332,1,-0.499107,-0.00660252,0,0.0229478,-0.0128821,0,0.0108402,24,24.5,4.32569e-05,0.999509,1,-0.000373455,0.109539,0,0.000924529,-0.405028,0,0.0109973,25,24.5,1.99951,0.584426,1,0.000908785,0.499714,0,0.000141561,-0.0092499,0,0.0113646,26,24.5,2.00001,2.99999,1,2.38419e-05,-0.000138208,0,-0.000119209,-0.000908971,0,0.007903,27,24.5,1.54005,-0.00516571,1,0.5,0.00468365,0,-7.45058e-06,0.0094994,0,0.0102332,28,24.5,1.46137,-0.999528,1,-0.5,-0.000307802,0,7.45058e-06,-0.00178441,0,0.0163498,29,24.5,-1.00042,1.99997,1,0.000248663,6.63102e-05,0,0.00265986,7.45058e-05,0,0.00948838,30,24.5,2.98704,-2.99946,1,0.0871789,0.00426434,0,-0.379905,0.00797212,0,0.00630055,31,24.5,2.01595,-2.67876,1,-0.0259884,-0.489861,0,-0.0280738,0.111088,0,0.00780555,32,24.5,-2.77723,-0.00706766,1,0.349037,0.0269111,0,-0.0372827,-0.00853458,0,0.0142047,33,24.5,3,-0.000377715,1,0,-0.000709921,0,0,0.00512461,0,0.00505529,34,24.5,-2.00229,-0.225122,1,-0.012796,-0.359377,0,0.0355095,-0.0388519,0,0.0152725,35,24.5,-0.611291,-2,1,0.5,-6.33299e-05,0,7.45058e-06,-8.9407e-05,0,0.00966544
0,24.6,-0.00026593,0.0152837,1,-3.59578e-05,0.019914,0,0.00235777,-0.217254,0,0.0137401,1,24.6,-1.6665,-2.99995,1,-0.490463,7.15256e-05,0,0.10699,-0.000357628,0,0.0091544,2,24.6,-0.983067,0.289501,1,0.03618,0.483772,0,-0.0625551,0.245199,0,0.0127593,3,24.6,-2.99999,3,1,-5.96046e-06,0,0,-0.000238419,0,0,0.00481459,4,24.6,-2.72717,-3,1,-0.47456,-5.96046e-06,0,0.195265,0.000119209,0,0.00888776,5,24.6,-1.99864,-2.00001,1,-0.0196904,-0.00140667,0,0.0435114,0.00429153,0,0.00968131,6,24.6,-2,3,1,8.9407e-06,0,0,0,0,0,0.00436515,7,24.6,-2.72717,1.00005,1,-0.47456,-0.000110269,0,0.195384,5.96046e-05,0,0.00798423,8,24.6,0.0100212,-1.00008,1,0.0550317,0.000357628,0,-0.299323,-0.000596046,0,0.00992662,9,24.6,-1.72533,-0.997261,1,0.411263,0.0396177,0,0.0969172,0.189006,0,0.0137017,10,24.6,-1.25171,1,1,-0.500003,-0.000299513,0,5.96046e-05,0.00089407,0,0.0141684,11,24.6,0.325011,-2.99993,1,-0.488594,-7.7486e-05,0,0.122726,-0.000119209,0,0.0101071,12,24.6,1.00004,-2.30208,1,-2.08616e-05,-0.5,0,-0.000119209,0,0,0.00928271,13,24.6,-2,2,1,-1.19209e-05,0,0,0,0,0,0.00973453,14,24.6,-2.99999,-0.739951,1,-4.17233e-05,0.34554,0,0.000238419,-0.123829,0,0.0086699,15,24.6,0.386797,-1.95931,1,0.495034,0.0761628,0,0.0859648,-0.151336,0,0.00937338,16,24.6,-6.21415e-09,2.99999,1,2.37009e-08,-1.78814e-05,0,-2.08349e-08,0.000238419,0,0.00937656,17,24.6,-3,-1.65488,1,0,0.497898,0,0,-0.0012517,0,0.00708553,18,24.6,-1.00083,-1.20609,1,-0.0007689,-0.500003,0,0.00369549,5.96046e-05,0,0.015419,19,24.6,0.991349,1.72348,1,0.0254467,0.479582,0,-0.0225604,-0.169039,0,0.0119289,20,24.6,2.58793,2.00537,1,0.5,-0.00684261,0,0,-0.00524521,0,0.00906446,21,24.6,2.99996,1.37741,1,0.000411272,-0.498548,0,-0.0025034,0.0290871,0,0.0058189,22,24.6,-0.000402095,2,1,0.000123545,1.49012e-05,0,0.00284633,0,0,0.00897301,23,24.6,2.35195,-1.99403,1,-0.494528,-0.00762641,0,0.07236,-0.00762939,0,0.0104454,24,24.6,1.04759e-05,1.00853,1,-0.000282935,0.0719726,0,0.000878481,-0.345349,0,0.0118421,25,24.6,1.9996,0.634303,1,0.00089705,0.497186,0,-0.000357628,-0.0473857,0,0.0106099,26,24.6,2.00001,2.99997,1,1.78814e-05,-0.000196695,0,-0.000238419,-0.000238419,0,0.00734377,27,24.6,1.59005,-0.00465544,1,0.500003,0.00546658,0,-5.96046e-05,0.00619143,0,0.00947355,28,24.6,1.41137,-0.999567,1,-0.500003,-0.000455976,0,5.96046e-05,-0.00116229,0,0.0153572,29,24.6,-1.00039,1.99998,1,0.000467896,6.85453e-05,0,0.00166893,5.96046e-05,0,0.00992595,30,24.6,2.99399,-2.99902,1,0.0530183,0.00450611,0,-0.302196,-0.00238419,0,0.00818251,31,24.6,2.01325,-2.72706,1,-0.0276446,-0.474662,0,-0.00584126,0.195146,0,0.00793484,32,24.6,-2.74264,-0.00444706,1,0.341368,0.0252521,0,-0.116467,-0.0234839,0,0.0134777,33,24.6,3,-0.000424715,1,0,-0.000246677,0,0,0.0041302,0,0.00515876,34,24.6,-2.0034,-0.261176,1,-0.00950694,-0.360785,0,0.0299215,0.0155121,0,0.0157612,35,24.6,-0.561291,-2.00001,1,0.5,-6.55651e-05,0,2.98023e-05,0,0,0.00915639
0,24.7,-0.000258913,0.0162862,1,0.000164837,0.00108602,0,0.00166985,-0.160234,0,0.0137401,1,24.7,-1.7149,-2.99994,1,-0.476321,3.61353e-05,0,0.177465,-0.000342727,0,0.0091544,2,24.7,-0.979805,0.338743,1,0.0286562,0.497994,0,-0.0859573,0.0604074,0,0.0127593,3,24.7,-3,3,1,-1.9744e-05,0,0,-4.47035e-05,0,0,0.00481459,4,24.7,-2.77345,-3,1,-0.449275,3.72529e-06,0,0.30683,5.96046e-05,0,0.00888776,5,24.7,-2.00039,-2.00013,1,-0.0152325,-0.000990927,0,0.045009,0.00399351,0,0.00968131,6,24.7,-2,3,1,8.00937e-06,0,0,-2.23517e-05,0,0,0.00436515,7,24.7,-2.77346,1.00004,1,-0.449266,-0.000103191,0,0.306875,8.9407e-05,0,0.00798423,8,24.7,0.0141304,-1.00004,1,0.0281714,0.000295788,0,-0.238226,-0.000625849,0,0.00992662,9,24.7,-1.68346,-0.992475,1,0.428201,0.054875,0,0.221796,0.114881,0,0.0137017,10,24.7,-1.30171,0.999978,1,-0.5,-0.000215601,0,7.45058e-06,0.000778586,0,0.0141684,11,24.7,0.276408,-2.99994,1,-0.486268,-8.56817e-05,0,-0.0463267,-2.98023e-05,0,0.0101071,12,24.7,1.00004,-2.35208,1,-3.09199e-05,-0.5,0,-7.45058e-05,0,0,0.00928271,13,24.7,-2,2,1,-1.15484e-05,0,0,1.49012e-05,0,0,0.00973453,14,24.7,-3,-0.706088,1,-2.16067e-05,0.330966,0,0.000149012,-0.16848,0,0.0086699,15,24.7,0.436582,-1.95254,1,0.499523,0.0585619,0,0.0157542,-0.196576,0,0.00937338,16,24.7,-3.96693e-09,2.99999,1,2.10775e-08,1.11759e-06,0,-3.08156e-08,0.000163913,0,0.00937656,17,24.7,-3,-1.60516,1,0,0.495869,0,0,-0.0459775,0,0.00708553,18,24.7,-1.00089,-1.25609,1,-0.000403449,-0.5,0,0.00357628,7.45058e-06,0,0.015419,19,24.7,0.993766,1.77041,1,0.0227787,0.457134,0,-0.0302047,-0.276834,0,0.0119289,20,24.7,2.63781,2.00466,1,0.496415,-0.00717528,0,-0.0733286,-0.00153482,0,0.00906446,21,24.7,2.99999,1.32778,1,0.000198185,-0.493071,0,-0.00175834,0.0850186,0,0.0058189,22,24.7,-0.000377074,2,1,0.00036164,1.39698e-05,0,0.00193311,-2.23517e-05,0,0.00897301,23,24.7,2.30296,-1.99483,1,-0.484124,-0.00816043,0,0.138447,-0.00313669,0,0.0104454,24,24.7,-1.35614e-05,1.01411,1,-0.00019929,0.0406675,0,0.00078991,-0.280812,0,0.0118421,25,24.7,1.99969,0.683691,1,0.000842661,0.489532,0,-0.000700355,-0.109356,0,0.0106099,26,24.7,2.00001,2.99995,1,-2.23517e-06,-0.000198558,0,-0.000149012,0.000163913,0,0.00734377,27,24.7,1.63994,-0.00408386,1,0.496488,0.00590707,0,-0.0716001,0.00271623,0,0.00947355,28,24.7,1.36148,-0.999617,1,-0.496577,-0.000544265,0,0.0699461,-0.000618398,0,0.0153572,29,24.7,-1.00033,1.99998,1,0.000593811,7.02217e-05,0,0.000879169,-2.23517e-05,0,0.00992595,30,24.7,2.99791,-2.99859,1,0.0268359,0.00393353,0,-0.221834,-0.00850856,0,0.00818251,31,24.7,2.01048,-2.77336,1,-0.0273064,-0.449388,0,0.0117421,0.306726,0,0.00793484,32,24.7,-2.70908,-0.0020602,1,0.329664,0.0223034,0,-0.121951,-0.0344001,0,0.0134777,33,24.7,3,-0.000430482,1,0,0.000114037,0,0,0.0030932,0,0.00515876,34,24.7,-2.00427,-0.29739,1,-0.00870042,-0.36533,0,-0.00976026,-0.0946186,0,0.0157612,35,24.7,-0.511291,-2.00001,1,0.5,-6.07222e-05,0,-2.08616e-06,7.45058e-05,0,0.00915639
0,24.8,-0.000235134,0.0156814,1,0.000300525,-0.0123316,0,0.00105734,-0.109176,0,0.0115802,1,24.8,-1.76152,-2.99994,1,-0.454757,0,0,0.254333,-0.000238419,0,0.00806253,2,24.8,-0.977395,0.388693,1,0.0193581,0.5,0,-0.0983775,-1.43051e-05,0,0.0132215,3,24.8,-3,3,1,-1.78814e-05,0,0,0,0,0,0.00415266,4,24.8,-2.81669,-3,1,-0.413936,1.19209e-05,0,0.396252,-0.000119209,0,0.00967712,5,24.8,-2.00169,-2.00021,1,-0.0108063,-0.000613928,0,0.0431538,0.00345707,0,0.0105374,6,24.8,-2,3,1,5.96046e-06,0,0,0,0,0,0.00422415,7,24.8,-2.81669,1.00003,1,-0.413924,-9.23872e-05,0,0.396252,5.96046e-05,0,0.00797177,8,24.8,0.0158549,-1.00002,1,0.00728988,0.000232458,0,-0.18003,-0.000655651,0,0.0100842,9,24.8,-1.63946,-0.986543,1,0.452191,0.0624537,0,0.243723,0.0365376,0,0.0128639,10,24.8,-1.35171,0.999961,1,-0.500003,-0.000141561,0,5.96046e-05,0.000655651,0,0.0132207,11,24.8,0.227459,-2.99995,1,-0.493129,-8.9407e-05,0,-0.0734484,0,0,0.00860472,12,24.8,1.00003,-2.40208,1,-3.57628e-05,-0.5,0,-0.000119209,0,0,0.0100123,13,24.8,-2,2,1,-1.19209e-05,0,0,0.000119209,0,0,0.0101745,14,24.8,-3,-0.673913,1,-1.19209e-05,0.311749,0,0.000238419,-0.216037,0,0.00865841,15,24.8,0.486571,-1.94771,1,0.5,0.0376135,0,2.98023e-05,-0.218928,0,0.0101858,16,24.8,-2.02409e-09,2.99999,1,1.76881e-08,5.96046e-06,0,-3.6286e-08,0.000238419,0,0.00954285,17,24.8,-3,-1.55592,1,0,0.487596,0,0,-0.123858,0,0.00561339,18,24.8,-1.00091,-1.30609,1,-5.66244e-05,-0.500003,0,0.00327826,5.96046e-05,0,0.0132104,19,24.8,0.995884,1.81458,1,0.0195146,0.424844,0,-0.0345111,-0.365734,0,0.0119133,20,24.8,2.68695,2.00394,1,0.485092,-0.00717044,0,-0.154018,0.00154972,0,0.00668629,21,24.8,3,1.27902,1,5.36442e-05,-0.480807,0,-0.00107288,0.163078,0,0.00566359,22,24.8,-0.00033263,2,1,0.000513865,1.19209e-05,0,0.00113086,0,0,0.00847069,23,24.8,2.25537,-1.99565,1,-0.466424,-0.00827014,0,0.216961,0.000715256,0,0.0122023,24,24.8,-2.97181e-05,1.01688,1,-0.000125696,0.0157654,0,0.000679044,-0.217676,0,0.0109279,25,24.8,1.99977,0.73197,1,0.000759959,0.474741,0,-0.00089407,-0.188559,0,0.0100024,26,24.8,2.00001,2.99994,1,-1.19209e-05,-0.000166893,0,-0.000119209,0.000357628,0,0.0103857,27,24.8,1.6891,-0.00348464,1,0.485483,0.00602897,0,-0.149131,-0.000184868,0,0.0095653,28,24.8,1.3123,-0.999674,1,-0.485793,-0.000584126,0,0.146508,-0.000178814,0,0.0127887,29,24.8,-1.00027,1.99999,1,0.00064671,6.55651e-05,0,0.000238419,-0.000119209,0,0.00924564,30,24.8,2.99962,-2.99824,1,0.00848174,0.00289679,0,-0.146866,-0.0116825,0,0.00878123,31,24.8,2.00784,-2.8166,1,-0.0254631,-0.41405,0,0.0243187,0.396013,0,0.00755558,32,24.8,-2.67676,-1.23929e-05,1,0.316244,0.0185703,0,-0.14925,-0.0393679,0,0.0137169,33,24.8,3,-0.00040526,1,0,0.000374267,0,0,0.00212526,0,0.00469467,34,24.8,-2.00523,-0.334496,1,-0.0107348,-0.377548,0,-0.0277758,-0.139907,0,0.01617,35,24.8,-0.461291,-2.00002,1,0.5,-5.36442e-05,0,-1.43051e-05,0.000238419,0,0.0094575
0,24.9,-0.000200716,0.0139796,1,0.000379065,-0.0209661,0,0.000531206,-0.0648895,0,0.0115802,1,24.9,-1.80556,-2.99949,1,-0.424631,0.01304,0,0.344522,0.23967,0,0.00806253,2,24.9,-0.975654,0.438693,1,0.0181504,0.5,0,0.0640899,0,0,0.0132215,3,24.9,-3,3,1,-1.3411e-05,0,0,5.96046e-05,0,0,0.00415266,4,24.9,-2.85598,-3,1,-0.370755,2.23517e-06,0,0.463396,-5.96046e-05,0,0.00967712,5,24.9,-2.00353,-2.00026,1,-0.0347566,-0.000309199,0,-0.476763,0.00232458,0,0.0105374,6,24.9,-1.99999,3,1,5.02914e-06,0,0,-2.23517e-05,0,0,0.00422415,7,24.9,-2.85595,1.00125,1,-0.369813,0.0350241,0,0.478968,0.640869,0,0.00797177,8,24.9,0.0152498,-0.999998,1,-0.0230496,0.000169314,0,-0.400113,-0.000603497,0,0.0100842,9,24.9,-1.59306,-0.979745,1,0.475091,0.0770364,0,0.203021,0.248238,0,0.0128639,10,24.9,-1.40171,0.99995,1,-0.5,-8.20495e-05,0,7.45058e-06,0.000540167,0,0.0132207,11,24.9,0.17783,-2.99996,1,-0.498771,-8.75443e-05,0,-0.0331716,4.47035e-05,0,0.00860472,12,24.9,1.00003,-2.45208,1,-4.45172e-05,-0.5,0,-6.70552e-05,0,0,0.0100123,13,24.9,-2,2,1,-1.86265e-06,0,0,7.45058e-05,0,0,0.0101745,14,24.9,-3,-0.64379,1,6.70552e-06,0.290904,0,0.000149012,-0.204157,0,0.00865841,15,24.9,0.536571,-1.94468,1,0.5,0.0262277,0,0,-0.021331,0,0.0101858,16,24.9,-4.40412e-10,3,1,1.39618e-08,1.9744e-05,0,-3.77217e-08,4.47035e-05,0,0.00954285,17,24.9,-3,-1.50787,1,0,0.472456,0,0,-0.181735,0,0.00561339,18,24.9,-1.0009,-1.35609,1,0.000244193,-0.5,0,0.00273436,7.45058e-06,0,0.0132104,19,24.9,0.99766,1.85513,1,0.0159788,0.384919,0,-0.0357963,-0.429787,0,0.0119133,20,24.9,2.73448,2.00421,1,0.463525,0.0213042,0,-0.272229,0.527084,0,0.00668629,21,24.9,3,1.23194,1,-2.94298e-05,-0.458917,0,-0.000610948,0.271708,0,0.00566359,22,24.9,-0.000799513,2,1,-0.0143859,1.15484e-05,0,-0.271539,-1.49012e-05,0,0.00847069,23,24.9,2.20998,-1.99647,1,-0.439629,-0.00801459,0,0.315502,0.00423193,0,0.0122023,24,24.9,0.00118923,1.01748,1,0.0352087,-0.00267606,0,0.644038,-0.153162,0,0.0109279,25,24.9,1.99984,0.778955,1,0.000665337,0.468727,0,-0.000998378,0.0393875,0,0.0100024,26,24.9,2.00001,2.99992,1,-2.16067e-05,-0.000122935,0,-5.96046e-05,0.000506639,0,0.0103857,27,24.9,1.73678,-0.00288668,1,0.466782,0.00589221,0,-0.225104,-0.00246806,0,0.0095653,28,24.9,1.26425,-0.999733,1,-0.477026,-0.000583939,0,0.0417903,0.000163913,0,0.0127887,29,24.9,-1.00021,1.99949,1,0.000643916,-0.0145946,0,-0.00026077,-0.26612,0,0.00924564,30,24.9,2.99984,-2.99801,1,-0.00296012,0.00167713,0,-0.0848174,-0.0124276,0,0.00878123,31,24.9,2.00543,-2.8559,1,-0.0226036,-0.370885,0,0.0322461,0.463292,0,0.00755558,32,24.9,-2.64546,0.00164086,1,0.313377,0.0144482,0,0.0691414,-0.0421756,0,0.0137169,33,24.9,3,-0.000358721,1,0,0.000541958,0,0,0.00125248,0,0.00469467,34,24.9,-2.00639,-0.373244,1,-0.0120513,-0.399808,0,0,-0.283711,0,0.01617,35,24.9,-0.411302,-2.00002,1,0.499571,-3.1665e-05,0,-0.0130329,0.000193715,0,0.0094575
0,25,-0.0001609,0.0116222,1,0.000410233,-0.0255794,0,0.000109081,-0.0286992,0,0.0173767,1,25,-1.84618,-2.99674,1,-0.386575,0.0440478,0,0.412881,0.362992,0,0.00807527,2,25,-0.973321,0.488693,1,0.0302821,0.5,0,0.169694,2.98023e-05,0,0.01347,3,25,-3,3,1,-5.96046e-06,0,0,0.000119209,0,0,0.00432209,4,25,-2.89066,-3,1,-0.322056,0,0,0.50652,-0.000119209,0,0.00721084,5,25,-2.00994,-2.00028,1,-0.0979006,-0.000214577,0,-0.748754,-0.000476837,0,0.0105974,6,25,-1.99999,3,1,2.98023e-06,0,0,0,0,0,0.00407781,7,25,-2.89044,1.00859,1,-0.319433,0.116897,0,0.522494,0.946283,0,0.0069503,8,25,0.0107615,-0.999984,1,-0.0680187,0.000113249,0,-0.478773,-0.000536442,0,0.0111172,9,25,-1.54467,-0.9705,1,0.491318,0.110672,0,0.118017,0.417024,0,0.0148167,10,25,-1.45171,0.999944,1,-0.500003,-3.42727e-05,0,5.96046e-05,0.000447035,0,0.0133425,11,25,0.127862,-2.99996,1,-0.5,-7.7486e-05,0,-3.57628e-06,-0.000119209,0,0.00984122,12,25,1.00002,-2.50208,1,-4.76837e-05,-0.5,0,0,0,0,0.00802783,13,25,-2,2,1,0,0,0,0.000119209,0,0,0.00925579,14,25,-3,-0.615723,1,1.78814e-05,0.270353,0,0,-0.209212,0,0.00869678,15,25,0.586571,-1.94193,1,0.5,0.0310183,0,2.98023e-05,0.106394,0,0.013491,16,25,7.68359e-10,3,1,1.02361e-08,1.78814e-05,0,-3.63888e-08,0,0,0.0108465,17,25,-3,-1.46164,1,0,0.45082,0,0,-0.252426,0,0.00778294,18,25,-1.00087,-1.40609,1,0.000488758,-0.500003,0,0.00220537,5.96046e-05,0,0.0133551,19,25,0.99908,1.89138,1,0.0124291,0.339502,0,-0.0348687,-0.475228,0,0.0119331,20,25,2.77931,2.00956,1,0.431621,0.0907302,0,-0.361085,0.827312,0,0.00634504,21,25,2.99999,1.18757,1,-7.7486e-05,-0.427085,0,-0.000119209,0.3618,0,0.00607136,22,25,-0.00385895,2,1,-0.0488804,1.19209e-05,0,-0.396805,-0.000119209,0,0.00961867,23,25,2.16774,-1.99724,1,-0.404012,-0.00745356,0,0.393271,0.00685453,0,0.0126593,24,25,0.00856657,1.01654,1,0.117402,-0.0152498,0,0.949012,-0.100136,0,0.0142498,25,25,1.9999,0.82621,1,0.000560284,0.477712,0,-0.000953674,0.120133,0,0.0106547,26,25,2.00001,2.99991,1,-2.38419e-05,-7.15256e-05,0,0,0.000596046,0,0.00804491,27,25,1.7822,-0.002313,1,0.440496,0.00555147,0,-0.30005,-0.00426796,0,0.0109906,28,25,1.21667,-0.99979,1,-0.475082,-0.000552833,0,0.00756979,0.00038743,0,0.0148884,29,25,-1.00014,1.99644,1,0.000599027,-0.0483602,0,-0.000655651,-0.388086,0,0.0144069,30,25,2.9992,-2.99791,1,-0.00900626,0.000458956,0,-0.0386238,-0.0115633,0,0.00880458,31,25,2.00334,-2.89059,1,-0.0191391,-0.322193,0,0.0365973,0.50652,0,0.00747351,32,25,-2.61358,0.00287637,1,0.325978,0.0102957,0,0.16439,-0.0401692,0,0.0119552,33,25,3,-0.000299538,1,0,0.000629557,0,0,0.000523506,0,0.00597969,34,25,-2.00756,-0.414736,1,-0.011003,-0.430547,0,0.0195503,-0.315204,0,0.0128625,35,25,-0.361467,-2.00003,1,0.496429,-1.19209e-05,0,-0.0549853,0.000238419,0,0.0108544
0,25.1,-0.000119904,0.00897092,1,0.000404368,-0.026978,0,-0.000209263,-0.000624019,0,0.0173767,1,25.1,-1.88268,-2.99014,1,-0.342503,0.0911377,0,0.464112,0.553697,0,0.00807527,2,25.1,-0.96878,0.538686,1,0.0664785,0.499731,0,0.527281,-0.00834092,0,0.01347,3,25.1,-3,3,1,3.72529e-06,0,0,5.96046e-05,0,0,0.00432209,4,25.1,-2.92028,-3,1,-0.270082,-5.58794e-06,0,0.527605,-1.49012e-05,0,0.00721084,5,25.1,-2.0238,-2.00031,1,-0.18171,-0.00022985,0,-0.896916,0.00013411,0,0.0105974,6,25.1,-1.99999,3,1,2.23517e-06,0,0,-1.49012e-05,0,0,0.00407781,7,25.1,-2.91975,1.02512,1,-0.266574,0.214379,0,0.529826,0.993289,0,0.0069503,8,25.1,0.00115137,-0.999979,1,-0.127583,-5.64381e-05,0,-0.683392,-0.00301749,0,0.0111172,9,25.1,-1.4951,-0.956475,1,0.498614,0.176977,0,0.0312701,0.847604,0,0.0148167,10,25.1,-1.50171,0.999943,1,-0.5,5.02914e-06,0,7.45058e-06,0.000335276,0,0.0133425,11,25.1,0.0778622,-2.99997,1,-0.5,-8.23289e-05,0,-2.98023e-07,1.49012e-05,0,0.00984122,12,25.1,1.00002,-2.55208,1,-4.65661e-05,-0.499982,0,2.98023e-05,0.000715256,0,0.00802783,13,25.1,-2,2,1,9.68575e-06,0,0,5.96046e-05,0,0,0.00925579,14,25.1,-3,-0.58934,1,1.63913e-05,0.260722,0,-2.98023e-05,-0.00325218,0,0.00869678,15,25.1,0.636463,-1.93799,1,0.49672,0.050294,0,-0.0672415,0.264689,0,0.013491,16,25.1,1.61548e-09,3,1,6.7671e-09,1.3411e-05,0,-3.2757e-08,-5.96046e-05,0,0.0108465,17,25.1,-3,-1.41786,1,0,0.424533,0,0,-0.275828,0,0.00778294,18,25.1,-1.00081,-1.45609,1,0.000681542,-0.5,0,0.00164658,7.45058e-06,0,0.0133551,19,25.1,1.00015,1.92291,1,0.00907099,0.290539,0,-0.032071,-0.4998,0,0.0119331,20,25.1,2.82055,2.02311,1,0.392119,0.182636,0,-0.4244,0.97841,0,0.00634504,21,25.1,2.99999,1.14678,1,-8.08388e-05,-0.387488,0,4.47035e-05,0.427201,0,0.00607136,22,25.1,-0.0109741,2,1,-0.0953595,1.04308e-05,0,-0.513416,0.000178814,0,0.00961867,23,25.1,2.1294,-1.99795,1,-0.361915,-0.00667702,0,0.445589,0.00856072,0,0.0126593,24,25.1,0.0251507,1.01459,1,0.215012,-0.0230391,0,0.993626,-0.0571907,0,0.0142498,25,25.1,1.99995,0.874641,1,0.000465102,0.490823,0,-0.000946224,0.117175,0,0.0106547,26,25.1,2,2.99991,1,-2.23517e-05,-1.41561e-05,0,2.98023e-05,0.000536442,0,0.00804491,27,25.1,1.82461,-0.00178173,1,0.406292,0.00505091,0,-0.380069,-0.00565125,0,0.0109906,28,25.1,1.16902,-0.999843,1,-0.479429,-0.000504311,0,-0.0803769,0.000569969,0,0.0148884,29,25.1,-1.00009,1.98944,1,0.000512414,-0.0932772,0,-0.00113994,-0.492185,0,0.0144069,30,25.1,2.99817,-2.99792,1,-0.0111837,-0.000610948,0,-0.00686944,-0.00971556,0,0.00880458,31,25.1,2.00161,-2.92023,1,-0.0154063,-0.270214,0,0.0376403,0.527725,0,0.00747351,32,25.1,-2.57984,0.00371357,1,0.351425,0.00653397,0,0.325471,-0.0350347,0,0.0119552,33,25.1,3,-0.000234997,1,0,0.000651609,0,0,-5.58948e-05,0,0.00597969,34,25.1,-2.00854,-0.459306,1,-0.00840649,-0.460004,0,0.0313222,-0.265142,0,0.0128625,35,25.1,-0.311958,-2.00003,1,0.494878,1.49012e-06,0,0.013331,-5.96046e-05,0,0.0108544
0,25.2,-8.09213e-05,0.00630705,1,0.000371601,-0.0259594,0,-0.000430993,0.0197948,0,0.0154894,1,25.2,-1.91455,-2.97811,1,-0.294593,0.150275,0,0.490189,0.60904,0,0.0106835,2,25.2,-0.959093,0.588579,1,0.130717,0.497636,0,0.73424,-0.0374615,0,0.0122708,3,25.2,-3,3,1,5.96046e-06,0,0,0.000119209,0,0,0.0055434,4,25.2,-2.94465,-3,1,-0.217521,-5.96046e-06,0,0.519156,0,0,0.00566099,5,25.2,-2.04649,-2.00033,1,-0.27194,-0.000196695,0,-0.88501,0.000357628,0,0.0102941,6,25.2,-1.99999,3,1,0,0,0,0,0,0,0.00399063,7,25.2,-2.94378,1.05154,1,-0.21435,0.314212,0,0.510693,0.999987,0,0.00687171,8,25.2,-0.0151619,-1.00001,1,-0.199468,-0.0005126,0,-0.731135,-0.00625849,0,0.014899,9,25.2,-1.4452,-0.934242,1,0.498262,0.269482,0,-0.0347495,0.956804,0,0.0154916,10,25.2,-1.55171,0.999945,1,-0.500003,3.42727e-05,0,5.96046e-05,0.000268221,0,0.0104131,11,25.2,0.0278622,-2.99998,1,-0.5,-7.7486e-05,0,0,0.000119209,0,0.010675,12,25.2,1.00001,-2.60207,1,-4.47035e-05,-0.499713,0,0.000119209,0.00572205,0,0.00879837,13,25.2,-2,2,1,1.19209e-05,0,0,5.96046e-05,0,0,0.00781248,14,25.2,-2.99999,-0.56308,1,1.19209e-05,0.26612,0,0,0.0952184,0,0.00989924,15,25.2,0.685677,-1.93148,1,0.486305,0.0813037,0,-0.141889,0.343502,0,0.0146803,16,25.2,2.13601e-09,3,1,3.7233e-09,5.96046e-06,0,-2.79664e-08,-0.000119209,0,0.00979303,17,25.2,-3,-1.37684,1,0,0.395256,0,0,-0.311077,0,0.00659521,18,25.2,-1.00073,-1.50609,1,0.000816584,-0.500003,0,0.00119209,5.96046e-05,0,0.0141427,19,25.2,1.00091,1.94945,1,0.00604987,0.240329,0,-0.0281334,-0.500679,0,0.0120848,20,25.2,2.85757,2.04633,1,0.347596,0.282091,0,-0.462055,1.00017,0,0.00487117,21,25.2,2.99998,1.11026,1,-6.55651e-05,-0.342259,0,0,0.474095,0,0.0069144,22,25.2,-0.0231368,2.00001,1,-0.148097,5.96046e-05,0,-0.526043,0.000953674,0,0.0107646,23,25.2,2.0955,-1.99857,1,-0.315523,-0.00576377,0,0.479102,0.00953674,0,0.0131906,24,25.2,0.0516392,1.01206,1,0.314853,-0.02698,0,1,-0.023067,0,0.0169073,25,25.2,1.99999,0.924175,1,0.000369549,0.498405,0,-0.000834465,0.0318885,0,0.0120464,26,25.2,2,2.99991,1,-1.78814e-05,2.98023e-05,0,0,0.000596046,0,0.00589028,27,25.2,1.86324,-0.00130654,1,0.365251,0.00443853,0,-0.437021,-0.00651519,0,0.0107179,28,25.2,1.12062,-0.99989,1,-0.488725,-0.000441074,0,-0.0953674,0.000655651,0,0.0163747,29,25.2,-1.00004,1.97761,1,0.000360608,-0.14357,0,-0.00190735,-0.499308,0,0.0153205,30,25.2,2.99705,-2.99802,1,-0.0107467,-0.0014782,0,0.0140667,-0.00739098,0,0.00914781,31,25.2,2.00025,-2.94462,1,-0.0116944,-0.21764,0,0.0362992,0.519276,0,0.00760719,32,25.2,-2.54293,0.00420053,1,0.387657,0.00329305,0,0.384092,-0.0297709,0,0.0107783,33,25.2,3,-0.000170889,1,0,0.000623442,0,0,-0.000483394,0,0.00471242,34,25.2,-2.00922,-0.506496,1,-0.0049293,-0.482322,0,0.0374317,-0.177443,0,0.0110851,35,25.2,-0.26236,-2.00003,1,0.497317,-3.57628e-05,0,0.0282669,-0.000834465,0,0.0105401
0,25.3,-4.6168e-05,0.00383476,1,0.000321276,-0.0232664,0,-0.000562613,0.0330153,0,0.0154894,1,25.3,-1.94153,-2.95986,1,-0.244782,0.215924,0,0.501953,0.68669,0,0.0106835,2,25.3,-0.94196,0.637983,1,0.214843,0.488779,0,0.909075,-0.136763,0,0.0122708,3,25.3,-3,3,1,1.41561e-05,0,0,2.98023e-05,0,0,0.0055434,4,25.3,-2.96386,-3,1,-0.167067,-1.86265e-06,0,0.485942,4.47035e-05,0,0.00566099,5,25.3,-2.07807,-2.00034,1,-0.358409,-0.000146031,0,-0.812024,0.000625849,0,0.0102941,6,25.3,-1.99999,3,1,-7.45058e-07,0,0,-1.49012e-05,0,0,0.00399063,7,25.3,-2.96272,1.08764,1,-0.165127,0.403869,0,0.470653,0.768408,0,0.00687171,8,25.3,-0.0389327,-1.00011,1,-0.276972,-0.00177231,0,-0.793304,-0.0181869,0,0.014899,9,25.3,-1.3957,-0.902669,1,0.490429,0.359746,0,-0.119656,0.823945,0,0.0154916,10,25.3,-1.60168,0.999949,1,-0.498894,5.61588e-05,0,0.0268742,0.000167638,0,0.0104131,11,25.3,-0.0221378,-2.99999,1,-0.5,-6.37025e-05,0,0,0.000163913,0,0.010675,12,25.3,1.00001,-2.65195,1,-3.39001e-05,-0.497061,0,8.9407e-05,0.0536442,0,0.00879837,13,25.3,-2,2,1,1.546e-05,0,0,2.23517e-05,0,0,0.00781248,14,25.3,-2.99999,-0.535414,1,1.15484e-05,0.292174,0,-1.49012e-05,0.394281,0,0.00989924,15,25.3,0.733421,-1.92147,1,0.466889,0.120116,0,-0.243057,0.420295,0,0.0146803,16,25.3,2.37777e-09,3,1,1.20523e-09,-3.72529e-06,0,-2.23741e-08,-5.96046e-05,0,0.00979303,17,25.3,-3,-1.33867,1,0,0.369726,0,0,-0.210665,0,0.00659521,18,25.3,-1.00065,-1.55609,1,0.000905059,-0.499981,0,0.000588596,0.000737607,0,0.0141427,19,25.3,1.00138,1.97101,1,0.00346862,0.191162,0,-0.0234544,-0.479467,0,0.0120848,20,25.3,2.88999,2.07939,1,0.30045,0.376702,0,-0.477344,0.856757,0,0.00487117,21,25.3,2.99997,1.07846,1,-5.88596e-05,-0.293335,0,0.000119209,0.500113,0,0.0069144,22,25.3,-0.0406004,2.00002,1,-0.201075,0.000137836,0,-0.520395,0.00077486,0,0.0107646,23,25.3,2.06637,-1.9991,1,-0.266762,-0.00478663,0,0.49226,0.00989437,0,0.0131906,24,25.3,0.0877983,1.00929,1,0.404407,-0.0280362,0,0.766554,0.00089407,0,0.0169073,25,25.3,2.00002,0.974113,1,0.000288337,0.4999,0,-0.00077486,0.00398606,0,0.0120464,26,25.3,2,2.99991,1,-1.69501e-05,7.89762e-05,0,2.23517e-05,0.00038743,0,0.00589028,27,25.3,1.89752,-0.000896017,1,0.319837,0.00376599,0,-0.468075,-0.00686965,0,0.0107179,28,25.3,1.07134,-0.999931,1,-0.496142,-0.00037346,0,-0.0521094,0.000692904,0,0.0163747,29,25.3,-1.00002,1.96051,1,5.7742e-05,-0.200167,0,-0.00430644,-0.609875,0,0.0153205,30,25.3,2.99607,-2.9982,1,-0.00870712,-0.0020884,0,0.0255257,-0.00485778,0,0.00914781,31,25.3,1.99926,-2.96383,1,-0.00822209,-0.16717,0,0.0329316,0.486121,0,0.00760719,32,25.3,-2.50225,0.00439001,1,0.425604,0.000586564,0,0.364318,-0.0243703,0,0.0107783,33,25.3,3,-0.000111487,1,0,0.000559886,0,0,-0.000765835,0,0.00471242,34,25.3,-2.00952,-0.555456,1,-0.00123344,-0.49533,0,0.0361055,-0.0842661,0,0.0110851,35,25.3,-0.212509,-2.00003,1,0.499454,-0.000107288,0,0.0130552,-0.000745058,0,0.0105401
0,25.4,-1.69819e-05,0.0016878,1,0.000261431,-0.019549,0,-0.000623647,0.040455,0,0.0155551,1,25.4,-1.96351,-2.93483,1,-0.194958,0.284499,0,0.491023,0.670791,0,0.00975906,2,25.4,-0.915904,0.686033,1,0.30579,0.470851,0,0.881553,-0.218987,0,0.0142106,3,25.4,-3,3,1,1.78814e-05,0,0,0,0,0,0.00606225,4,25.4,-2.97822,-3,1,-0.121027,0,0,0.431776,0.000119209,0,0.00621884,5,25.4,-2.11765,-2.00036,1,-0.429469,-7.15256e-05,0,-0.59247,0.000715256,0,0.0090471,6,25.4,-1.99999,3,1,-2.98023e-06,0,0,0,0,0,0.00507469,7,25.4,-2.97697,1.13135,1,-0.120753,0.464889,0,0.41461,0.446737,0,0.00731284,8,25.4,-0.0705267,-1.00039,1,-0.353732,-0.00400543,0,-0.723578,-0.025928,0,0.0124166,9,25.4,-1.34738,-0.862946,1,0.474769,0.430681,0,-0.191331,0.583351,0,0.0155993,10,25.4,-1.65136,0.999955,1,-0.493795,6.85453e-05,0,0.0785589,8.9407e-05,0,0.0125128,11,25.4,-0.0721378,-2.99999,1,-0.5,-4.76837e-05,0,3.57628e-06,0.000238419,0,0.0092247,12,25.4,1.00001,-2.70127,1,-2.38419e-05,-0.487942,0,0,0.133276,0,0.0083336,13,25.4,-2,2,1,1.49012e-05,0,0,0,0,0,0.00802805,14,25.4,-2.99999,-0.503947,1,5.96046e-06,0.339303,0,0,0.523165,0,0.00997118,15,25.4,0.778751,-1.90732,1,0.438358,0.163096,0,-0.324309,0.429153,0,0.0124281,16,25.4,2.39579e-09,3,1,-7.5161e-10,-5.96046e-06,0,-1.67846e-08,-0.000119209,0,0.0115846,17,25.4,-3,-1.30266,1,0,0.35114,0,0,-0.169694,0,0.00740891,18,25.4,-1.00055,-1.60607,1,0.000935793,-0.499704,0,0.000178814,0.00584126,0,0.0121376,19,25.4,1.00162,1.98778,1,0.00136495,0.144994,0,-0.0185966,-0.441372,0,0.0134519,20,25.4,2.91764,2.12089,1,0.252789,0.448418,0,-0.472903,0.562429,0,0.00435314,21,25.4,2.99997,1.05164,1,-4.76837e-05,-0.243032,0,0.000357628,0.502169,0,0.00772626,22,25.4,-0.0632105,2.00004,1,-0.249881,0.000244379,0,-0.44588,0.00143051,0,0.0113572,23,25.4,2.04215,-1.99953,1,-0.217789,-0.0037998,0,0.483871,0.00965595,0,0.013201,24,25.4,0.131549,1.00652,1,0.465204,-0.0269979,0,0.4443,0.0188351,0,0.0124077,25,25.4,2.00005,1.02411,1,0.000214577,0.500003,0,-0.000834465,-5.96046e-05,0,0.0131094,26,25.4,2,2.99992,1,-1.19209e-05,0.000107288,0,0,0.000357628,0,0.00717037,27,25.4,1.92713,-0.000553888,1,0.272256,0.00307677,0,-0.480592,-0.00685886,0,0.0100104,28,25.4,1.02154,-0.999965,1,-0.499311,-0.000303984,0,-0.0137985,0.000685453,0,0.020072,29,25.4,-1.00004,1.93742,1,-0.000521541,-0.261495,0,-0.00745058,-0.598848,0,0.0180584,30,25.4,2.99534,-2.99843,1,-0.00585318,-0.00245571,0,0.0306368,-0.00238419,0,0.00957153,31,25.4,1.9986,-2.9782,1,-0.00514388,-0.121111,0,0.028491,0.432134,0,0.007251,32,25.4,-2.45798,0.00433569,1,0.458771,-0.00158498,0,0.292182,-0.0190886,0,0.0104486,33,25.4,3,-5.96433e-05,1,0,0.000474312,0,0,-0.000927156,0,0.00462656,34,25.4,-2.00947,-0.605272,1,0.00222325,-0.499684,0,0.0325441,-0.00631809,0,0.0109714,35,25.4,-0.162525,-2.00005,1,0.5,-0.000220537,0,3.57628e-06,-0.00154972,0,0.0137985
0,25.5,6.02553e-06,-5.93547e-05,1,0.000198737,-0.0153561,0,-0.00062263,0.0427492,0,0.0155551,1,25.5,-1.98066,-2.90297,1,-0.149005,0.352743,0,0.428319,0.669733,0,0.00975906,2,25.5,-0.881055,0.73189,1,0.389046,0.44506,0,0.753906,-0.293467,0,0.0142106,3,25.5,-2.99999,3,1,1.60187e-05,0,0,-4.47035e-05,0,0,0.00606225,4,25.5,-2.98827,-3,1,-0.0811741,9.68575e-06,0,0.36335,5.96046e-05,0,0.00621884,5,25.5,-2.1631,-2.00036,1,-0.474993,1.86265e-06,0,-0.319749,0.000759959,0,0.0090471,6,25.5,-1.99999,3,1,-3.1665e-06,0,0,-7.45058e-06,0,0,0.00507469,7,25.5,-2.98708,1.17953,1,-0.0826001,0.493918,0,0.347316,0.151642,0,0.00731284,8,25.5,-0.109339,-1.0009,1,-0.420201,-0.00582729,0,-0.585894,-0.0111386,0,0.0124166,9,25.5,-1.30097,-0.817417,1,0.452328,0.475367,0,-0.255063,0.313323,0,0.0155993,10,25.5,-1.70059,0.999963,1,-0.492781,7.40401e-05,0,-0.034675,2.6077e-05,0,0.0125128,11,25.5,-0.122138,-3,1,-0.5,-2.75671e-05,0,-4.47035e-07,0.000149012,0,0.0092247,12,25.5,1.00001,-2.74919,1,-2.29105e-05,-0.468473,0,2.23517e-05,0.253245,0,0.0083336,13,25.5,-1.99999,2,1,1.37836e-05,0,0,-2.98023e-05,0,0,0.00802805,14,25.5,-2.99999,-0.467426,1,5.58794e-06,0.390621,0,-1.49012e-05,0.493012,0,0.00997118,15,25.5,0.820835,-1.88875,1,0.402128,0.209082,0,-0.395697,0.477858,0,0.0124281,16,25.5,2.24592e-09,3,1,-2.15623e-09,-1.41561e-05,0,-1.14095e-08,-2.98023e-05,0,0.0115846,17,25.5,-3,-1.26823,1,0,0.338981,0,0,-0.0847057,0,0.00740891,18,25.5,-1.00046,-1.65595,1,0.00093095,-0.497157,0,-0.000268221,0.0510737,0,0.0121376,19,25.5,1.00167,2.00016,1,-0.000250526,0.103387,0,-0.0137761,-0.389352,0,0.0134519,20,25.5,2.94059,2.16797,1,0.206387,0.487594,0,-0.452504,0.23374,0,0.00435314,21,25.5,2.99996,1.02982,1,-1.41561e-05,-0.193666,0,0.000298023,0.481933,0,0.00772626,22,25.5,-0.0903755,2.00007,1,-0.292638,0.000348315,0,-0.399332,0.000879169,0,0.0113572,23,25.5,2.02275,-1.99986,1,-0.170675,-0.00286419,0,0.455692,0.00899285,0,0.013201,24,25.5,0.179756,1.00394,1,0.494014,-0.0245575,0,0.149897,0.0293404,0,0.0124077,25,25.5,2.00007,1.07411,1,0.000137836,0.5,0,-0.000715256,-7.45058e-06,0,0.0131094,26,25.5,2,2.99994,1,-1.09896e-05,0.000131875,0,2.23517e-05,0.000119209,0,0.00717037,27,25.5,1.95196,-0.000280046,1,0.224357,0.0024058,0,-0.474155,-0.00651597,0,0.0100104,28,25.5,0.971565,-0.999992,1,-0.499957,-0.000237301,0,-0.00172108,0.000648201,0,0.020072,29,25.5,-1.0002,1.9082,1,-0.00336282,-0.323337,0,-0.0462979,-0.622481,0,0.0180584,30,25.5,2.99491,-2.99869,1,-0.00277087,-0.0025861,0,0.0304282,-0.000298023,0,0.00957153,31,25.5,1.99822,-2.98826,1,-0.00255406,-0.0812288,0,0.0232756,0.363573,0,0.007251,32,25.5,-2.41081,0.0040914,1,0.482771,-0.00320725,0,0.185341,-0.0134775,0,0.0104486,33,25.5,3,-1.69711e-05,1,0,0.000378263,0,0,-0.000979616,0,0.00462656,34,25.5,-2.00909,-0.655203,1,0.0052359,-0.498106,0,0.0274628,0.0436567,0,0.0109714,35,25.5,-0.112525,-2.00008,1,0.5,-0.000340492,0,0,-0.00110269,0,0.0137985
0,25.6,2.284e-05,-0.00138192,1,0.000138241,-0.0111152,0,-0.00058156,0.0415614,0,0.0139972,1,25.6,-1.99352,-2.8645,1,-0.109231,0.414509,0,0.367582,0.550508,0,0.00964471,2,25.6,-0.838772,0.774829,1,0.452343,0.412801,0,0.499457,-0.348657,0,0.0119511,3,25.6,-2.99999,3,1,1.78814e-05,0,0,-0.000238419,0,0,0.00494841,4,25.6,-2.99469,-3,1,-0.0486314,1.19209e-05,0,0.28646,0,0,0.00825607,5,25.6,-2.21179,-2.00036,1,-0.495112,7.7486e-05,0,-0.0977516,0.000715256,0,0.00765848,6,25.6,-1.99999,3,1,-2.98023e-06,0,0,-5.96046e-05,0,0,0.00534362,7,25.6,-2.99372,1.22936,1,-0.0514388,0.5,0,0.275612,0,0,0.00845702,8,25.6,-0.153943,-1.00151,1,-0.468224,-0.00635087,0,-0.367612,0.000119209,0,0.01206,9,25.6,-1.2571,-0.768711,1,0.424221,0.49514,0,-0.304818,0.0971854,0,0.0135555,10,25.6,-1.75009,0.99997,1,-0.497159,7.45058e-05,0,-0.0407696,-2.98023e-05,0,0.0141796,11,25.6,-0.172138,-3,1,-0.5,-1.19209e-05,0,0,0.000119209,0,0.00719528,12,25.6,1,-2.79459,1,-2.08616e-05,-0.437886,0,5.96046e-05,0.355005,0,0.00902482,13,25.6,-1.99999,2,1,1.19209e-05,0,0,-5.96046e-05,0,0,0.0104194,14,25.6,-2.99999,-0.426019,1,5.96046e-06,0.436101,0,-0.000119209,0.408724,0,0.00704361,15,25.6,0.858983,-1.86546,1,0.360085,0.256377,0,-0.440985,0.457644,0,0.014847,16,25.6,1.98141e-09,3,1,-3.05503e-09,-1.78814e-05,0,-6.68016e-09,0,0,0.0114741,17,25.6,-3,-1.23469,1,0,0.332204,0,0,-0.0594854,0,0.00798774,18,25.6,-1.00037,-1.7053,1,0.000888109,-0.488499,0,-0.000655651,0.126064,0,0.0120673,19,25.6,1.00158,2.00865,1,-0.00140369,0.0673473,0,-0.00941753,-0.330448,0,0.0121836,20,25.6,2.95901,2.21748,1,0.16275,0.498998,0,-0.417829,0.0200272,0,0.00416241,21,25.6,2.99996,1.0128,1,5.96046e-06,-0.147215,0,0.000357628,0.444472,0,0.00622012,22,25.6,-0.121491,2.00011,1,-0.32804,0.000464916,0,-0.301585,0.00154972,0,0.0110958,23,25.6,2.0079,-2.00011,1,-0.127131,-0.00201464,0,0.413239,0.00810623,0,0.0120796,24,25.6,0.229583,1.00164,1,0.5,-0.0212491,0,7.15256e-06,0.0362396,0,0.0112678,25,25.6,2.00008,1.12411,1,7.15256e-05,0.500003,0,-0.000476837,-5.96046e-05,0,0.0119506,26,25.6,1.99999,2.99995,1,-8.9407e-06,0.000137091,0,5.96046e-05,-0.000119209,0,0.00635045,27,25.6,1.97205,-7.11687e-05,1,0.178006,0.00178139,0,-0.450075,-0.00593897,0,0.0108837,28,25.6,0.921566,-1.00001,1,-0.5,-0.000175834,0,-2.98023e-05,0.000596046,0,0.0146611,29,25.6,-1.00081,1.87282,1,-0.00920594,-0.383279,0,-0.0678897,-0.564635,0,0.0148848,30,25.6,2.99478,-2.99894,1,0.00013113,-0.00252724,0,0.0272989,0.00143051,0,0.00880794,31,25.6,1.99807,-2.99469,1,-0.000491738,-0.0486672,0,0.0180602,0.286698,0,0.0069176,32,25.6,-2.3618,0.00371174,1,0.495452,-0.00430439,0,0.0668764,-0.008584,0,0.0105962,33,25.6,3,1.59682e-05,1,0,0.000280919,0,0,-0.00095616,0,0.00466381,34,25.6,-2.00844,-0.704674,1,0.00768304,-0.489998,0,0.0212193,0.122368,0,0.00989613,35,25.6,-0.0625249,-2.00012,1,0.5,-0.000482798,0,-1.19209e-06,-0.00190735,0,0.0119026
0,25.7,3.38712e-05,-0.00229169,1,8.3608e-05,-0.00714819,0,-0.000508151,0.0374882,0,0.0139972,1,25.7,-2.00271,-2.82057,1,-0.0758152,0.46133,0,0.301927,0.376001,0,0.00964471,2,25.7,-0.791541,0.814296,1,0.487502,0.375912,0,0.214923,-0.386335,0,0.0119511,3,25.7,-2.99999,3,1,-1.11759e-06,0,0,-0.000163913,0,0,0.00494841,4,25.7,-2.99826,-3,1,-0.0238977,1.15484e-05,0,0.208408,-1.49012e-05,0,0.00825607,5,25.7,-2.2616,-2.00034,1,-0.499694,0.000146776,0,-0.012219,0.000655651,0,0.00765848,6,25.7,-2,3,1,-7.82311e-06,0,0,-2.98023e-05,0,0,0.00534362,7,25.7,-2.99761,1.27936,1,-0.0274777,0.5,0,0.204265,0,0,0.00845702,8,25.7,-0.202216,-1.00214,1,-0.493508,-0.00598766,0,-0.145661,0.00678003,0,0.01206,9,25.7,-1.21628,-0.718899,1,0.391539,0.499696,0,-0.346296,0.0121556,0,0.0135555,10,25.7,-1.79995,0.999977,1,-0.499622,6.99423e-05,0,-0.0111088,-5.58794e-05,0,0.0141796,11,25.7,-0.222138,-3,1,-0.5,-1.86265e-06,0,-8.9407e-07,7.45058e-05,0,0.00719528,12,25.7,1,-2.83643,1,-1.50874e-05,-0.397423,0,5.21541e-05,0.448138,0,0.00902482,13,25.7,-1.99999,2,1,5.96046e-06,0,0,-5.96046e-05,0,0,0.0104194,14,25.7,-2.99962,-0.380658,1,0.0106491,0.46823,0,0.19756,0.235043,0,0.00704361,15,25.7,0.89284,-1.83741,1,0.317535,0.305563,0,-0.411533,0.512742,0,0.014847,16,25.7,1.64954e-09,2.99999,1,-3.51564e-09,-1.60187e-05,0,-2.67789e-09,4.47035e-05,0,0.0114741,17,25.7,-3,-1.20149,1,0,0.334067,0,0,0.0818223,0,0.00798774,18,25.7,-1.00028,-1.75332,1,0.000809692,-0.470078,0,-0.00090152,0.239782,0,0.0120673,19,25.7,1.0014,2.01384,1,-0.00214521,0.0374541,0,-0.00552088,-0.267535,0,0.0121836,20,25.7,2.97327,2.26744,1,0.123133,0.499937,0,-0.372946,0.0025034,0,0.00416241,21,25.7,2.99997,1.00022,1,3.46452e-05,-0.105277,0,0.000223517,0.39281,0,0.00622012,22,25.7,-0.155824,2.00016,1,-0.358606,0.000580773,0,-0.300555,0.00105798,0,0.0110958,23,25.7,1.99716,-2.00027,1,-0.0884552,-0.00126548,0,0.359222,0.00686944,0,0.0120796,24,25.7,0.279583,0.999704,1,0.5,-0.0174507,0,-2.68221e-06,0.0392981,0,0.0112678,25,25.7,2.00008,1.17411,1,2.75671e-05,0.5,0,-0.00038743,-7.45058e-06,0,0.0119506,26,25.7,1.99999,2.99996,1,-3.1665e-06,0.000121817,0,5.21541e-05,-0.000193715,0,0.00635045,27,25.7,1.98767,7.85083e-05,1,0.134876,0.00122495,0,-0.410601,-0.00517225,0,0.0108837,28,25.7,0.871566,-1.00003,1,-0.5,-0.000120699,0,0,0.000506639,0,0.0146611,29,25.7,-1.00201,1.83177,1,-0.0140447,-0.436126,0,-0.0304431,-0.472136,0,0.0148848,30,25.7,2.99492,-2.99919,1,0.00259429,-0.00231974,0,0.0218153,0.00263751,0,0.00880794,31,25.7,1.9981,-2.99825,1,0.00105165,-0.0239182,0,0.0129044,0.208542,0,0.0069176,32,25.7,-2.31219,0.00287806,1,0.494241,-0.0155852,0,-0.0871122,-0.201783,0,0.0105962,33,25.7,3,3.94075e-05,1,0,0.00018932,0,0,-0.000869191,0,0.00466381,34,25.7,-2.00803,-0.752861,1,-0.00362583,-0.471805,0,-0.225946,0.238772,0,0.00989613,35,25.7,-0.0125249,-2.00017,1,0.5,-0.000622123,0,-1.49012e-07,-0.00116229,0,0.0119026
0,25.8,3.98325e-05,-0.00282778,1,3.70772e-05,-0.00366584,0,-0.000420743,0.0319676,0,0.013079,1,25.8,-2.00889,-2.77289,1,-0.0486076,0.488967,0,0.243187,0.179052,0,0.0109113,2,25.8,-0.742081,0.849913,1,0.498588,0.336061,0,0.0282228,-0.408113,0,0.0112564,3,25.8,-2.99999,3,1,-5.96046e-06,0,0,-0.000238419,0,0,0.00487034,4,25.8,-2.99973,-3,1,-0.00677705,5.96046e-06,0,0.135541,0.000119209,0,0.00691407,5,25.8,-2.3116,-2.00033,1,-0.5,0.000202656,0,0,0.000715256,0,0.00831978,6,25.8,-2,3,1,-1.19209e-05,0,0,5.96046e-05,0,0,0.00535899,7,25.8,-2.99945,1.32936,1,-0.0103891,0.500003,0,0.138998,-5.96046e-05,0,0.00743797,8,25.8,-0.252009,-1.00269,1,-0.49994,-0.00506341,0,-0.0012064,0.0113845,0,0.0110603,9,25.8,-1.1789,-0.668905,1,0.355437,0.5,0,-0.373363,2.98023e-05,0,0.0112544,10,25.8,-1.84994,0.999984,1,-0.500003,6.25849e-05,0,5.96046e-05,-5.96046e-05,0,0.013996,11,25.8,-0.272138,-3,1,-0.5,0,0,0,0.000119209,0,0.0087948,12,25.8,1,-2.87383,1,-1.04308e-05,-0.349426,0,5.96046e-05,0.506401,0,0.00979613,13,25.8,-1.99999,2,1,2.98023e-06,0,0,-0.000119209,0,0,0.0106306,14,25.8,-2.99735,-0.332939,1,0.0366747,0.483405,0,0.309944,0.0702292,0,0.00743749,15,25.8,0.922574,-1.80429,1,0.27751,0.35651,0,-0.390083,0.495434,0,0.0146876,16,25.8,1.29019e-09,2.99999,1,-3.61899e-09,-1.78814e-05,0,4.73177e-10,0.000238419,0,0.011032,17,25.8,-3,-1.16755,1,0,0.345844,0,0,0.141323,0,0.00715305,18,25.8,-1.00021,-1.79896,1,0.000712276,-0.441092,0,-0.00101328,0.337064,0,0.0104192,19,25.8,1.00116,2.01635,1,-0.0025332,0.0137866,0,-0.00232458,-0.20647,0,0.0111755,20,25.8,2.9838,2.31744,1,0.0884295,0.5,0,-0.320196,0,0,0.00408959,21,25.8,2.99997,0.991564,1,5.36442e-05,-0.0688881,0,0,0.334114,0,0.00826178,22,25.8,-0.193123,2.00022,1,-0.386515,0.000727177,0,-0.250421,0.00202656,0,0.0113256,23,25.8,1.99002,-2.00037,1,-0.0554442,-0.00064373,0,0.300407,0.00548363,0,0.0143509,24,25.8,0.329583,0.998158,1,0.5,-0.0134692,0,-1.43051e-05,0.0399649,0,0.0113217,25,25.8,2.00008,1.22411,1,-5.96046e-06,0.500003,0,-0.000357628,-5.96046e-05,0,0.0122323,26,25.8,1.99999,2.99997,1,0,0.000101328,0,5.96046e-05,-0.000238419,0,0.00738585,27,25.8,1.99918,0.00017653,1,0.0962079,0.000749607,0,-0.361204,-0.00432539,0,0.0124427,28,25.8,0.821566,-1.00004,1,-0.5,-7.45058e-05,0,-2.98023e-05,0.000417233,0,0.0135418,29,25.8,-1.00351,1.78607,1,-0.0155896,-0.474939,0,-0.00184774,-0.296474,0,0.013721,30,25.8,2.99528,-2.9994,1,0.00447631,-0.00201464,0,0.0156164,0.00333786,0,0.00853034,31,25.8,1.99826,-2.99973,1,0.00210702,-0.00678301,0,0.00828505,0.13566,0,0.00802811,32,25.8,-2.26342,9.69221e-05,1,0.478828,-0.0418463,0,-0.217319,-0.310543,0,0.0120595,33,25.8,3,5.41825e-05,1,0,0.000108188,0,0,-0.000748994,0,0.00456056,34,25.8,-2.00979,-0.798675,1,-0.0335991,-0.442818,0,-0.356197,0.337958,0,0.011517,35,25.8,0.0374751,-2.00024,1,0.5,-0.0007689,0,0,-0.00178814,0,0.0116227
0,25.9,4.15971e-05,-0.00304533,1,-1.8569e-07,-0.000793938,0,-0.000324822,0.0254424,0,0.013079,1,25.9,-2.01262,-2.72338,1,-0.0269707,0.49879,0,0.19069,0.0379831,0,0.0109113,2,25.9,-0.692135,0.881465,1,0.499912,0.294895,0,0.0035353,-0.413239,0,0.0112564,3,25.9,-3,3,1,-1.9744e-05,0,0,-4.47035e-05,0,0,0.00487034,4,25.9,-2.99983,-2.99999,1,0.00371784,1.41561e-05,0,0.077039,2.98023e-05,0,0.00691407,5,25.9,-2.3616,-2.0003,1,-0.5,0.000263378,0,0,0.000491738,0,0.00831978,6,25.9,-2,3,1,-6.89179e-06,0,0,3.72529e-05,0,0,0.00535899,7,25.9,-2.99988,1.37936,1,0.000797212,0.5,0,0.086695,-7.45058e-06,0,0.00743797,8,25.9,-0.302007,-1.00314,1,-0.499996,-0.00379235,0,-0.000147223,0.0137985,0,0.0110603,9,25.9,-1.14525,-0.618905,1,0.317387,0.5,0,-0.385769,0,0,0.0112544,10,25.9,-1.89994,0.99999,1,-0.5,5.60656e-05,0,7.45058e-06,-7.45058e-05,0,0.013996,11,25.9,-0.322138,-3,1,-0.5,9.68575e-06,0,3.57628e-06,5.96046e-05,0,0.0087948,12,25.9,0.999999,-2.90618,1,-5.12227e-06,-0.297192,0,4.09782e-05,0.533357,0,0.00979613,13,25.9,-1.99999,2,1,-6.51926e-06,0,0,-8.19564e-05,0,0,0.0106306,14,25.9,-2.9919,-0.284555,1,0.0744365,0.481344,0,0.430554,-0.105591,0,0.00743749,15,25.9,0.94834,-1.76612,1,0.237529,0.406691,0,-0.406694,0.486881,0,0.0146876,16,25.9,9.34845e-10,2.99999,1,-3.44938e-09,1.11759e-06,0,2.78246e-09,0.000163913,0,0.011032,17,25.9,-3,-1.13212,1,0,0.363653,0,0,0.202768,0,0.00715305,18,25.9,-1.00014,-1.84123,1,0.000606664,-0.4028,0,-0.00109524,0.423573,0,0.0104192,19,25.9,1.0009,2.01679,1,-0.00263434,-0.00391491,0,0.000186265,-0.148639,0,0.0111755,20,25.9,2.99114,2.36744,1,0.0592761,0.5,0,-0.262499,0,0,0.00408959,21,25.9,2.99997,0.98624,1,5.21541e-05,-0.0386366,0,-2.98023e-05,0.271011,0,0.00826178,22,25.9,-0.233283,2.0003,1,-0.418512,0.00083372,0,-0.360154,0.000208616,0,0.0113256,23,25.9,1.98587,-2.0004,1,-0.0284785,-0.000159815,0,0.239246,0.00418723,0,0.0143509,24,25.9,0.379583,0.997006,1,0.5,-0.00961116,0,0,0.037048,0,0.0113217,25,25.9,2.00008,1.27411,1,-3.68804e-05,0.5,0,-0.000283122,-7.45058e-06,0,0.0122323,26,25.9,1.99999,2.99998,1,5.02914e-06,7.78586e-05,0,3.72529e-05,-0.000223517,0,0.00738585,27,25.9,2.00709,0.000231357,1,0.0628889,0.000361794,0,-0.304729,-0.00343521,0,0.0124427,28,25.9,0.771566,-1.00004,1,-0.5,-3.70666e-05,0,0,0.000335276,0,0.0135418,29,25.9,-1.00505,1.73741,1,-0.0147503,-0.495173,0,0.0175089,-0.113837,0,0.013721,30,25.9,2.99579,-2.99959,1,0.00571497,-0.00165813,0,0.00925362,0.00374019,0,0.00853034,31,25.9,1.99851,-2.99983,1,0.00272989,0.00372082,0,0.00430644,0.0771284,0,0.00802811,32,25.9,-2.21681,-0.00598674,1,0.451823,-0.0827155,0,-0.319183,-0.484316,0,0.0120595,33,25.9,3,6.14938e-05,1,0,4.0435e-05,0,0,-0.000605166,0,0.00456056,34,25.9,-2.01523,-0.841108,1,-0.0776928,-0.404377,0,-0.504628,0.425454,0,0.011517,35,25.9,0.0874751,-2.00033,1,0.5,-0.000862032,0,-4.47035e-07,-0.000447035,0,0.0116227
0,26,4.01105e-05,-0.00300846,1,-2.80067e-05,0.00142226,0,-0.000232483,0.0189056,0,0.0138784,1,26,-2.01445,-2.67341,1,-0.010252,0.5,0,0.14472,0,0,0.0105078,2,26,-0.642137,0.908894,1,0.5,0.253782,0,2.98023e-05,-0.407279,0,0.0101413,3,26,-3,3,1,-1.78814e-05,0,0,0,0,0,0.00374464,4,26,-2.99915,-2.99999,1,0.00913739,1.78814e-05,0,0.0337362,-0.000119209,0,0.00774039,5,26,-2.4116,-2.00027,1,-0.5,0.000303984,0,0,0.000357628,0,0.00951308,6,26,-2,3,1,-5.96046e-06,0,0,5.96046e-05,0,0,0.00369866,7,26,-2.99944,1.42936,1,0.00732541,0.500003,0,0.0457764,-5.96046e-05,0,0.00818145,8,26,-0.352007,-1.00345,1,-0.5,-0.0023514,0,1.43051e-05,0.0148416,0,0.0101379,9,26,-1.11545,-0.568905,1,0.278634,0.5,0,-0.387549,2.98023e-05,0,0.0103124,10,26,-1.94994,0.999995,1,-0.500003,4.76837e-05,0,5.96046e-05,-8.9407e-05,0,0.00991141,11,26,-0.372138,-3,1,-0.5,1.19209e-05,0,-1.43051e-05,0.000119209,0,0.0121102,12,26,0.999999,-2.93322,1,-1.49012e-06,-0.243688,0,2.98023e-05,0.532389,0,0.0086397,13,26,-1.99999,2,1,-1.19209e-05,0,0,-5.96046e-05,0,0,0.00827832,14,26,-2.9822,-0.237198,1,0.120091,0.463424,0,0.470281,-0.2473,0,0.00860517,15,26,0.970052,-1.72317,1,0.196706,0.450546,0,-0.407279,0.378191,0,0.0141902,16,26,6.0669e-10,2.99999,1,-3.08805e-09,5.96046e-06,0,4.32502e-09,0.000238419,0,0.0106538,17,26,-3,-1.09472,1,0,0.38422,0,0,0.198901,0,0.0066398,18,26,-1.00009,-1.87929,1,0.000494719,-0.357375,0,-0.00107288,0.480175,0,0.0105813,19,26,1.00064,2.01574,1,-0.00252128,-0.0161707,0,0.00208616,-0.0977516,0,0.0112373,20,26,2.99585,2.41744,1,0.0359476,0.5,0,-0.204086,0,0,0.00496835,21,26,2.99998,0.983628,1,4.76837e-05,-0.0146329,0,0,0.20951,0,0.00949731,22,26,-0.276926,2.00038,1,-0.45375,0.000786781,0,-0.326008,-0.00119209,0,0.0110224,23,26,1.98412,-2.0004,1,-0.00750124,0.000196695,0,0.18096,0.00298023,0,0.0131306,24,26,0.429583,0.996224,1,0.5,-0.00608712,0,-1.43051e-05,0.0333786,0,0.0116308,25,26,2.00008,1.32411,1,-5.96046e-05,0.500003,0,-0.000238419,-5.96046e-05,0,0.0103987,26,26,2,2.99999,1,5.96046e-06,5.36442e-05,0,5.96046e-05,-0.000119209,0,0.00539222,27,26,2.01195,0.000251801,1,0.0353098,6.12585e-05,0,-0.247002,-0.0025842,0,0.013137,28,26,0.721566,-1.00004,1,-0.5,-8.9407e-06,0,-2.98023e-05,0.000298023,0,0.0127943,29,26,-1.00641,1.68756,1,-0.0123024,-0.5,0,0.030458,-5.96046e-05,0,0.0115086,30,26,2.9964,-2.99974,1,0.00634789,-0.0012815,0,0.00369549,0.00369549,0,0.00963906,31,26,1.9988,-2.99915,1,0.00299513,0.00914931,0,0.00113249,0.033617,0,0.00709468,32,26,-2.17336,-0.0168122,1,0.415713,-0.134655,0,-0.39947,-0.536461,0,0.013146,33,26,3,6.27549e-05,1,0,-1.27824e-05,0,0,-0.000459473,0,0.00491612,34,26,-2.02562,-0.879312,1,-0.130743,-0.358756,0,-0.539422,0.482082,0,0.0102087,35,26,0.137475,-2.00041,1,0.5,-0.000929832,0,0,-0.000953674,0,0.0115621
0,26.1,3.62954e-05,-0.0027825,1,-4.68657e-05,0.00299221,0,-0.000146721,0.0126148,0,0.0138784,1,26.1,-2.01482,-2.62341,1,0.00211969,0.5,0,0.103861,0,0,0.0105078,2,26.1,-0.592137,0.932266,1,0.5,0.213967,0,0,-0.387929,0,0.0101413,3,26.1,-3,3,1,-1.3411e-05,0,0,5.96046e-05,0,0,0.00374464,4,26.1,-2.99813,-2.99999,1,0.0109378,7.45058e-06,0,0.00415742,-8.9407e-05,0,0.00774039,5,26.1,-2.4616,-2.00024,1,-0.5,0.000330806,0,0,0.000178814,0,0.00951308,6,26.1,-2,3,1,-1.11759e-06,0,0,2.98023e-05,0,0,0.00369866,7,26.1,-2.99854,1.47936,1,0.0103228,0.5,0,0.015676,-7.45058e-06,0,0.00818145,8,26.1,-0.402007,-1.00361,1,-0.5,-0.00091698,0,0,0.0137612,0,0.0101379,9,26.1,-1.08951,-0.518905,1,0.240292,0.5,0,-0.37802,-2.08616e-06,0,0.0103124,10,26.1,-1.99994,1,1,-0.5,3.91155e-05,0,7.45058e-06,-8.19564e-05,0,0.00991141,11,26.1,-0.422138,-3,1,-0.5,2.01166e-05,0,1.78814e-06,2.98023e-05,0,0.0121102,12,26.1,0.999999,-2.95496,1,1.02445e-06,-0.191469,0,1.86265e-05,0.507742,0,0.0086397,13,26.1,-2,2,1,-1.60187e-05,0,0,-1.49012e-05,0,0,0.00827832,14,26.1,-2.96768,-0.19228,1,0.17137,0.433169,0,0.53747,-0.352921,0,0.00860517,15,26.1,0.987711,-1.67648,1,0.156767,0.480686,0,-0.389747,0.223473,0,0.0141902,16,26.1,3.21149e-10,3,1,-2.6089e-09,1.9744e-05,0,5.15848e-09,4.47035e-05,0,0.0106538,17,26.1,-3,-1.05532,1,0,0.403485,0,0,0.179179,0,0.0066398,18,26.1,-1.00004,-1.91257,1,0.000388734,-0.307885,0,-0.00103563,0.505701,0,0.0105813,19,26.1,1.0004,2.01371,1,-0.00225026,-0.0236996,0,0.003241,-0.0542998,0,0.0112373,20,26.1,2.99852,2.46744,1,0.0183765,0.5,0,-0.148132,0,0,0.00496835,21,26.1,2.99998,0.983112,1,4.58211e-05,0.00335425,0,-4.47035e-05,0.151314,0,0.00949731,22,26.1,-0.323748,2.00046,1,-0.480745,0.000635162,0,-0.209384,-0.00180304,0,0.0110224,23,26.1,1.98418,-2.00037,1,0.00783578,0.000439957,0,0.126943,0.00189245,0,0.0131306,24,26.1,0.479583,0.995775,1,0.5,-0.00297138,0,-1.78814e-06,0.0288673,0,0.0116308,25,26.1,2.00007,1.37411,1,-7.86036e-05,0.5,0,-0.000163913,-7.45058e-06,0,0.0103987,26,26.1,2,2.99999,1,1.08033e-05,3.98606e-05,0,2.98023e-05,-0.000163913,0,0.00539222,27,26.1,2.01434,0.000246364,1,0.0135135,-0.000156821,0,-0.189617,-0.00179445,0,0.013137,28,26.1,0.671566,-1.00004,1,-0.5,1.65775e-05,0,0,0.000216067,0,0.0127943,29,26.1,-1.00748,1.63756,1,-0.00900552,-0.5,0,0.0349283,1.49012e-05,0,0.0115086,30,26.1,2.99705,-2.99985,1,0.0064563,-0.000922754,0,-0.0012964,0.00344217,0,0.00963906,31,26.1,1.9991,-2.99812,1,0.00297967,0.0109408,0,-0.00130385,0.00406802,0,0.00709468,32,26.1,-2.13391,-0.0330297,1,0.372293,-0.190002,0,-0.463739,-0.555272,0,0.013146,33,26.1,3,5.94217e-05,1,0,-5.15186e-05,0,0,-0.000317725,0,0.00491612,34,26.1,-2.04145,-0.912715,1,-0.18592,-0.308831,0,-0.549644,0.511523,0,0.0102087,35,26.1,0.187475,-2.00051,1,0.5,-0.000944361,0,8.9407e-07,0.000581145,0,0.0115621
0,26.2,3.10027e-05,-0.00242974,1,-5.7765e-05,0.00397087,0,-7.33835e-05,0.00709388,0,0.0127427,1,26.2,-2.01415,-2.57341,1,0.0107348,0.5,0,0.0697374,0,0,0.0101468,2,26.2,-0.542137,0.951762,1,0.5,0.176395,0,2.98023e-05,-0.362575,0,0.0111404,3,26.2,-3,3,1,-5.96046e-06,0,0,0.000119209,0,0,0.00405266,4,26.2,-2.99705,-2.99999,1,0.0103116,0,0,-0.0151396,0,0,0.00827356,5,26.2,-2.5116,-2.00021,1,-0.5,0.000339746,0,0,0,0,0.00903974,6,26.2,-2,3,1,0,0,0,5.96046e-05,0,0,0.00449873,7,26.2,-2.99746,1.52936,1,0.0107467,0.500003,0,-0.00584126,-5.96046e-05,0,0.00804477,8,26.2,-0.452007,-1.00363,1,-0.5,0.00038743,0,1.43051e-05,0.0122786,0,0.00979542,9,26.2,-1.06735,-0.468905,1,0.203267,0.5,0,-0.361443,-1.43051e-05,0,0.00991195,10,26.2,-2.04994,1,1,-0.5,2.98023e-05,0,0,-5.96046e-05,0,0.00882551,11,26.2,-0.472138,-2.99999,1,-0.5,2.38419e-05,0,1.43051e-05,0,0,0.0107341,12,26.2,0.999999,-2.97164,1,1.49012e-06,-0.142878,0,2.98023e-05,0.460625,0,0.00817834,13,26.2,-2,2,1,-1.78814e-05,0,0,0,0,0,0.00854453,14,26.2,-2.94787,-0.150868,1,0.224411,0.393787,0,0.509739,-0.430118,0,0.00919795,15,26.2,1.00148,-1.62754,1,0.119078,0.495771,0,-0.362635,0.084579,0,0.0122636,16,26.2,8.67418e-11,3,1,-2.0744e-09,1.78814e-05,0,5.45067e-09,0,0,0.00998698,17,26.2,-3,-1.01416,1,0,0.418779,0,0,0.121266,0,0.00833403,18,26.2,-1.00001,-1.94082,1,0.000287592,-0.256976,0,-0.000923872,0.509024,0,0.0096843,19,26.2,1.0002,2.01114,1,-0.00188947,-0.0273168,0,0.0038743,-0.0193119,0,0.0107438,20,26.2,2.99971,2.51744,1,0.0061214,0.5,0,-0.0982285,0,0,0.00516138,21,26.2,2.99999,0.984116,1,3.57628e-05,0.0158563,0,0.000119209,0.099957,0,0.010638,22,26.2,-0.372661,2.00051,1,-0.49548,0.000441074,0,-0.0883639,-0.00226498,0,0.011727,23,26.2,1.98552,-2.00032,1,0.0181228,0.000584126,0,0.0801086,0.000953674,0,0.0126066,24,26.2,0.529583,0.995615,1,0.500001,-0.000324845,0,-2.98023e-05,0.0239909,0,0.0122623,25,26.2,2.00006,1.42411,1,-8.9407e-05,0.500003,0,0,-5.96046e-05,0,0.0113152,26,26.2,2,3,1,1.19209e-05,2.38419e-05,0,0,-0.000119209,0,0.00501586,27,26.2,2.01483,0.000222896,1,-0.00276566,-0.00030113,0,-0.136852,-0.00110963,0,0.0141515,28,26.2,0.621566,-1.00004,1,-0.5,3.27826e-05,0,-2.98023e-05,0.000238419,0,0.0113167,29,26.2,-1.0082,1.58756,1,-0.00541508,-0.500003,0,0.0363588,5.96046e-05,0,0.0104901,30,26.2,2.99768,-2.99992,1,0.00612736,-0.000602007,0,-0.005126,0.00298023,0,0.00887228,31,26.2,1.99938,-2.99705,1,0.00275671,0.0103056,0,-0.00303984,-0.0151396,0,0.00765865,32,26.2,-2.09907,-0.0547329,1,0.323939,-0.243032,0,-0.498772,-0.493758,0,0.0165677,33,26.2,3,5.28979e-05,1,0,-7.68582e-05,0,0,-0.000191905,0,0.0046076,34,26.2,-2.0627,-0.941026,1,-0.238132,-0.257351,0,-0.483513,0.513941,0,0.0108352,35,26.2,0.237475,-2.0006,1,0.5,-0.000828505,0,-1.43051e-05,0.00166893,0,0.0120446
0,26.3,2.49656e-05,-0.00200538,1,-6.19788e-05,0.00443886,0,-1.33889e-05,0.00244003,0,0.0127427,1,26.3,-2.01277,-2.52341,1,0.0162665,0.5,0,0.0418276,0,0,0.0101468,2,26.3,-0.492137,0.967641,1,0.5,0.141702,0,-5.66244e-06,-0.330709,0,0.0111404,3,26.3,-3,3,1,3.72529e-06,0,0,5.96046e-05,0,0,0.00405266,4,26.3,-2.99611,-2.99999,1,0.00822134,-3.72529e-07,0,-0.0255257,-1.49012e-05,0,0.00827356,5,26.3,-2.56159,-2.00017,1,-0.499939,0.000333041,0,0.00242889,-0.000119209,0,0.00903974,6,26.3,-2,3,1,4.09782e-06,0,0,1.49012e-05,0,0,0.00449873,7,26.3,-2.99644,1.57935,1,0.00951886,0.49988,0,-0.0178516,-0.00480562,0,0.00804477,8,26.3,-0.502007,-1.00354,1,-0.5,0.00152085,0,1.78814e-06,0.0103489,0,0.00979542,9,26.3,-1.04879,-0.418909,1,0.168287,0.499823,0,-0.33737,-0.00631429,0,0.00991195,10,26.3,-2.09994,1.00001,1,-0.5,2.38419e-05,0,0,-5.96046e-05,0,0.00882551,11,26.3,-0.522138,-2.99999,1,-0.5,2.19792e-05,0,-5.66244e-06,-4.47035e-05,0,0.0107341,12,26.3,0.999999,-2.98372,1,3.91155e-06,-0.0998583,0,1.49012e-05,0.397429,0,0.00817834,13,26.3,-2,2,1,-1.67638e-05,0,0,2.98023e-05,0,0,0.00854453,14,26.3,-2.92295,-0.113745,1,0.27295,0.347775,0,0.451386,-0.484731,0,0.00919795,15,26.3,1.01165,-1.5777,1,0.0849992,0.499735,0,-0.318766,0.0105724,0,0.0122636,16,26.3,-9.36011e-11,3,1,-1.53545e-09,1.3411e-05,0,5.27249e-09,-5.96046e-05,0,0.00998698,17,26.3,-3,-0.971669,1,0,0.430885,0,0,0.110548,0,0.00833403,18,26.3,-0.999983,-1.96399,1,0.000199862,-0.20681,0,-0.000827014,0.49109,0,0.0096843,19,26.3,1.00003,2.00835,1,-0.00148993,-0.027857,0,0.00406057,0.00715256,0,0.0107438,20,26.3,2.9999,2.56743,1,-0.00164323,0.499913,0,-0.0586957,-0.00344217,0,0.00516138,21,26.3,2.99999,0.986124,1,3.91155e-05,0.0235832,0,-4.47035e-05,0.0560395,0,0.010638,22,26.3,-0.422483,2.00054,1,-0.499692,0.000218675,0,-0.0118072,-0.00216067,0,0.011727,23,26.3,1.98766,-2.00025,1,0.0240982,0.000642985,0,0.0408292,0.000238419,0,0.0126066,24,26.3,0.57958,0.995692,1,0.499873,0.00178292,0,-0.00498071,0.0182465,0,0.0122623,25,26.3,2.00005,1.47411,1,-8.75443e-05,0.5,0,4.47035e-05,-7.45058e-06,0,0.0113152,26,26.3,2,3,1,1.11759e-05,1.19209e-05,0,-1.49012e-05,-0.000119209,0,0.00501586,27,26.3,2.01396,0.000188241,1,-0.0140347,-0.000382429,0,-0.0897646,-0.000537388,0,0.0141515,28,26.3,0.571566,-1.00004,1,-0.5,5.1409e-05,0,0,0.00013411,0,0.0113167,29,26.3,-1.00856,1.53756,1,-0.00183526,-0.5,0,0.0348762,7.45058e-06,0,0.0104901,30,26.3,2.99826,-2.99997,1,0.00547282,-0.000338256,0,-0.0077635,0.00229478,0,0.00887228,31,26.3,1.99964,-2.99611,1,0.00239648,0.00821538,0,-0.00406802,-0.0255257,0,0.00765865,32,26.3,-2.0692,-0.0813983,1,0.273351,-0.288998,0,-0.50877,-0.4174,0,0.0165677,33,26.3,3,4.44413e-05,1,0,-9.04836e-05,0,0,-8.43732e-05,0,0.0046076,34,26.3,-2.08882,-0.964221,1,-0.28298,-0.206918,0,-0.405639,0.491645,0,0.0108352,35,26.3,0.287475,-2.00067,1,0.5,-0.000627711,0,0,0.00230968,0,0.0120446
0,26.4,1.87825e-05,-0.00155577,1,-6.09225e-05,0.00449268,0,3.22152e-05,-0.00120001,0,0.0128288,1,26.4,-2.01098,-2.47341,1,0.0192821,0.5,0,0.0193119,0,0,0.010648,2,26.4,-0.442137,0.980214,1,0.5,0.110354,0,-1.43051e-05,-0.295818,0,0.010911,3,26.4,-3,3,1,5.96046e-06,0,0,0.000119209,0,0,0.00576947,4,26.4,-2.99543,-2.99999,1,0.00540018,0,0,-0.0296831,-0.000119209,0,0.00970598,5,26.4,-2.61156,-2.00014,1,-0.499022,0.000309944,0,0.0194311,-0.000119209,0,0.00841797,6,26.4,-2,3,1,5.96046e-06,0,0,0,0,0,0.005403,7,26.4,-2.99559,1.62928,1,0.00733733,0.498077,0,-0.025034,-0.0383854,0,0.00889457,8,26.4,-0.552007,-1.00334,1,-0.500001,0.00244975,0,2.98023e-05,0.00822544,0,0.0109515,9,26.4,-1.0336,-0.369,1,0.135937,0.497775,0,-0.30899,-0.0414699,0,0.00911096,10,26.4,-2.14994,1.00001,1,-0.5,1.49012e-05,0,0,0,0,0.0113654,11,26.4,-0.572138,-2.99999,1,-0.5,1.78814e-05,0,-2.98023e-05,-0.000119209,0,0.0112941,12,26.4,1,-2.99184,1,4.47035e-06,-0.0637531,0,0,0.323296,0,0.00790979,13,26.4,-2,2,1,-1.78814e-05,0,0,0.000119209,0,0,0.0087083,14,26.4,-2.89356,-0.0814434,1,0.313026,0.297845,0,0.343442,-0.50921,0,0.00993624,15,26.4,1.01863,-1.52771,1,0.0553519,0.500003,0,-0.274122,-5.96046e-05,0,0.0116878,16,26.4,-2.21461e-10,3,1,-1.02958e-09,5.96046e-06,0,4.80403e-09,-0.000119209,0,0.00900432,17,26.4,-3,-0.928115,1,0,0.439109,0,0,0.0464916,0,0.00939374,18,26.4,-0.999967,-1.98227,1,0.00012368,-0.159335,0,-0.000715256,0.455916,0,0.00900702,19,26.4,0.999898,2.00564,1,-0.00108778,-0.0261486,0,0.00393391,0.0259876,0,0.011475,20,26.4,2.99949,2.61738,1,-0.00591874,0.498623,0,-0.028491,-0.0276566,0,0.00426805,21,26.4,3,0.9887,1,2.98023e-05,0.0273496,0,-0.000119209,0.020653,0,0.00845915,22,26.4,-0.472476,2.00055,1,-0.5,1.19209e-05,0,1.43051e-05,-0.00202656,0,0.0108646,23,26.4,1.99022,-2.00019,1,0.0265598,0.00063777,0,0.00983477,-0.000238419,0,0.011642,24,26.4,0.629504,0.995953,1,0.498042,0.00334084,0,-0.0388026,0.0130534,0,0.0117508,25,26.4,2.00004,1.52411,1,-8.9407e-05,0.500003,0,0.000238419,-5.96046e-05,0,0.0123584,26,26.4,2,3,1,8.9407e-06,0,0,0,-0.000119209,0,0.0069538,27,26.4,2.01217,0.000148111,1,-0.0209749,-0.000412673,0,-0.0500679,-8.70856e-05,0,0.0121245,28,26.4,0.521566,-1.00003,1,-0.5,5.96046e-05,0,-1.43051e-05,0.000119209,0,0.0139417,29,26.4,-1.00858,1.48756,1,0.00149608,-0.500003,0,0.0314713,5.96046e-05,0,0.0111651,30,26.4,2.99877,-2.99999,1,0.0046134,-0.000143051,0,-0.00905991,0.00154972,0,0.00834385,31,26.4,1.99986,-2.99543,1,0.00196099,0.00540018,0,-0.00452995,-0.0299215,0,0.00747669,32,26.4,-2.04439,-0.112203,1,0.222951,-0.325133,0,-0.495672,-0.299674,0,0.0155749,33,26.4,3,3.51225e-05,1,0,-9.44682e-05,0,0,1.09401e-06,0,0.00466876,34,26.4,-2.11897,-0.982513,1,-0.317943,-0.159565,0,-0.288367,0.453055,0,0.0127761,35,26.4,0.337475,-2.00072,1,0.5,-0.000375509,0,-1.43051e-05,0.0025034,0,0.0101441
0,26.5,1.29096e-05,-0.0011173,1,-5.60098e-05,0.00423264,0,6.38666e-05,-0.00383898,0,0.0128288,1,26.5,-2.00898,-2.42341,1,0.0203036,0.499891,0,0.00190735,-0.00432134,0,0.010648,2,26.5,-0.392183,0.989838,1,0.49851,0.0827823,0,-0.0340305,-0.255749,0,0.010911,3,26.5,-3,3,1,1.41561e-05,0,0,2.98023e-05,0,0,0.00576947,4,26.5,-2.99504,-2.99999,1,0.00242777,-9.68575e-06,0,-0.0292212,-5.96046e-05,0,0.00970598,5,26.5,-2.66129,-2.00011,1,-0.494675,0.000291318,0,0.0730604,-0.000238419,0,0.00841797,6,26.5,-2,3,1,5.21541e-06,0,0,-1.49012e-05,0,0,0.005403,7,26.5,-2.99499,1.6788,1,0.0046555,0.491422,0,-0.0279993,-0.0986904,0,0.00889457,8,26.5,-0.601974,-1.00305,1,-0.498877,0.00313744,0,0.0272058,0.00557303,0,0.0109515,9,26.5,-1.0215,-0.319522,1,0.106651,0.490777,0,-0.276357,-0.102349,0,0.00911096,10,26.5,-2.19994,1.00001,1,-0.5,1.39698e-05,0,0,-2.23517e-05,0,0.0113654,11,26.5,-0.622061,-2.99999,1,-0.497616,7.45058e-06,0,0.0506565,-8.9407e-05,0,0.0112941,12,26.5,1,-2.99673,1,4.19095e-06,-0.0353362,0,3.72529e-06,0.24505,0,0.00790979,13,26.5,-2,2,1,-7.82311e-06,0,0,7.45058e-05,0,0,0.0087083,14,26.5,-2.86071,-0.0542119,1,0.342298,0.246814,0,0.237972,-0.507509,0,0.00993624,15,26.5,1.02287,-1.47771,1,0.0302261,0.5,0,-0.228532,-7.45058e-06,0,0.0116878,16,26.5,-3.01513e-10,3,1,-5.83096e-10,-3.72529e-06,0,4.10704e-09,-5.96046e-05,0,0.00900432,17,26.5,-3,-0.884069,1,0,0.440727,0,0,-0.0185221,0,0.00939374,18,26.5,-0.999958,-1.996,1,5.93252e-05,-0.116151,0,-0.000569969,0.406176,0,0.00900702,19,26.5,0.999809,2.00318,1,-0.000712369,-0.0229247,0,0.0035502,0.0374615,0,0.011475,20,26.5,2.9988,2.66702,1,-0.00762306,0.493195,0,-0.00680983,-0.0858605,0,0.00426805,21,26.5,3,0.99149,1,1.63913e-05,0.0280016,0,-0.000149012,-0.00623241,0,0.00845915,22,26.5,-0.522476,2.00055,1,-0.5,-0.000177324,0,-5.66244e-06,-0.00172853,0,0.0108646,23,26.5,1.99289,-2.00013,1,0.0263294,0.000592321,0,-0.0131652,-0.000625849,0,0.011642,24,26.5,0.679023,0.996344,1,0.491341,0.00440935,0,-0.0991821,0.00840798,0,0.0117508,25,26.5,2.00004,1.57411,1,-6.92904e-05,0.499903,0,0.000149012,-0.0038892,0,0.0123584,26,26.5,2,3,1,8.3819e-06,-9.68575e-06,0,7.45058e-06,-5.96046e-05,0,0.0069538,27,26.5,2.00988,0.000107008,1,-0.0243232,-0.000403882,0,-0.018239,0.000244043,0,0.0121245,28,26.5,0.471566,-1.00003,1,-0.5,6.72415e-05,0,1.78814e-06,3.72529e-05,0,0.0139417,29,26.5,-1.00828,1.43756,1,0.00432562,-0.499954,0,0.0251159,0.00184774,0,0.0111651,30,26.5,2.99918,-3,1,0.00367314,-1.63913e-05,0,-0.00956655,0.000983477,0,0.00834385,31,26.5,2.00003,-2.99504,1,0.00150278,0.00241064,0,-0.00458956,-0.0293404,0,0.00747669,32,26.5,-2.02453,-0.146046,1,0.174937,-0.349942,0,-0.462264,-0.193184,0,0.0155749,33,26.5,3,2.5796e-05,1,0,-9.10032e-05,0,0,6.45982e-05,0,0.00466876,34,26.5,-2.15204,-0.996291,1,-0.34166,-0.116896,0,-0.182822,0.399217,0,0.0127761,35,26.5,0.387475,-2.00075,1,0.5,-0.000127777,0,0,0.00242889,0,0.0101441
0,26.6,7.66516e-06,-0.000716472,1,-4.85528e-05,0.00375513,0,8.3412e-05,-0.00557059,0,0.0118646,1,26.6,-2.00697,-2.37348,1,0.0198007,0.498277,0,-0.0109673,-0.0346899,0,0.00923965,2,26.6,-0.342588,0.996903,1,0.492465,0.0591695,0,-0.0898838,-0.216752,0,0.0103762,3,26.6,-3,3,1,1.78814e-05,0,0,0,0,0,0.00589533,4,26.6,-2.99494,-2.99999,1,-0.000345707,-1.19209e-05,0,-0.0261068,-0.000119209,0,0.0077931,5,26.6,-2.71026,-2.00008,1,-0.483501,0.000268221,0,0.15378,-0.000476837,0,0.00807749,6,26.6,-2,3,1,2.98023e-06,0,0,0,0,0,0.00477835,7,26.6,-2.99466,1.72733,1,0.00184774,0.477704,0,-0.0277758,-0.178039,0,0.00814044,8,26.6,-0.651648,-1.00272,1,-0.493734,0.0035733,0,0.0790954,0.00321865,0,0.0101908,9,26.6,-1.01216,-0.271082,1,0.0807256,0.476691,0,-0.241935,-0.181638,0,0.00928899,10,26.6,-2.24994,1.00001,1,-0.5,1.19209e-05,0,0,-5.96046e-05,0,0.00965111,11,26.6,-0.671465,-2.99999,1,-0.489375,0,0,0.11614,-0.000119209,0,0.0110612,12,26.6,1,-2.99917,1,2.98023e-06,-0.0146449,0,0,0.169754,0,0.00872326,13,26.6,-2,2,1,0,0,0,0,0,0,0.00856875,14,26.6,-2.82549,-0.0320378,1,0.359994,0.197051,0,0.113606,-0.484573,0,0.00966025,15,26.6,1.02482,-1.42771,1,0.00960529,0.500003,0,-0.184059,-5.96046e-05,0,0.0107374,16,26.6,-3.40564e-10,3,1,-2.10956e-10,-5.96046e-06,0,3.32645e-09,-0.000119209,0,0.00887686,17,26.6,-3,-0.840226,1,0,0.434695,0,0,-0.104785,0,0.00772919,18,26.6,-0.999955,-2.00568,1,7.45058e-06,-0.0783622,0,-0.00038743,0.348687,0,0.0110525,19,26.6,0.999754,2.00108,1,-0.00038296,-0.018841,0,0.00303984,0.0433922,0,0.0133447,20,26.6,2.99803,2.71578,1,-0.00751019,0.480652,0,0.00798702,-0.168204,0,0.00557183,21,26.6,3,0.994224,1,5.96046e-06,0.0263616,0,-0.000119209,-0.025332,0,0.00946692,22,26.6,-0.572476,2.00052,1,-0.5,-0.000333786,0,-2.98023e-05,-0.00143051,0,0.01047,23,26.6,1.99542,-2.00007,1,0.0241667,0.00051856,0,-0.0290275,-0.000953674,0,0.0114465,24,26.6,0.727535,0.99682,1,0.477573,0.00503957,0,-0.178516,0.00432134,0,0.0105827,25,26.6,2.00003,1.62405,1,-5.36442e-05,0.498447,0,0.000119209,-0.0311136,0,0.0124352,26,26.6,2,3,1,5.96046e-06,-1.19209e-05,0,0,0,0,0.00745603,27,26.6,2.0074,6.82563e-05,1,-0.024873,-0.000367393,0,0.00596046,0.000469316,0,0.0124677,28,26.6,0.421566,-1.00002,1,-0.5,6.55651e-05,0,1.43051e-05,0,0,0.0117018,29,26.6,-1.00773,1.38759,1,0.00652075,-0.49926,0,0.0187755,0.014782,0,0.00977388,30,26.6,2.9995,-3,1,0.00272989,5.36442e-05,0,-0.00917912,0.000596046,0,0.00817587,31,26.6,2.00016,-2.99494,1,0.001055,-0.000375509,0,-0.00429153,-0.0259876,0,0.00840874,32,26.6,-2.00927,-0.181808,1,0.130916,-0.363264,0,-0.416398,-0.0715256,0,0.0162999,33,26.6,3,1.70986e-05,1,0,-8.22258e-05,0,0,0.000107786,0,0.00473706,34,26.6,-2.18692,-1.00608,1,-0.35404,-0.079897,0,-0.0630617,0.340164,0,0.0106866,35,26.6,0.437475,-2.00075,1,0.5,0.000107288,0,-1.43051e-05,0.00226498,0,0.010091
0,26.7,3.2449e-06,-0.000370597,1,-3.9711e-05,0.00314752,0,9.19377e-05,-0.00646504,0,0.0118646,1,26.7,-2.00506,-2.32391,1,0.0182346,0.492097,0,-0.0197887,-0.0931323,0,0.00923965,2,26.7,-0.293899,1.0018,1,0.480169,0.0393974,0,-0.158221,-0.178993,0,0.0103762,3,26.7,-2.99999,3,1,1.60187e-05,0,0,-4.47035e-05,0,0,0.00589533,4,26.7,-2.99509,-3,1,-0.00269227,-1.75089e-05,0,-0.0206977,-1.49012e-05,0,0.0077931,5,26.7,-2.75764,-2.00006,1,-0.462114,0.000222027,0,0.270873,-0.000447035,0,0.00807749,6,26.7,-2,3,1,2.23517e-06,0,0,-1.49012e-05,0,0,0.00477835,7,26.7,-2.99461,1.77402,1,-0.000751019,0.454412,0,-0.0240207,-0.284642,0,0.00814044,8,26.7,-0.70052,-1.00235,1,-0.482603,0.00379048,0,0.146046,0.00116229,0,0.0101908,9,26.7,-1.00524,-0.224506,1,0.058374,0.453074,0,-0.205256,-0.287514,0,0.00928899,10,26.7,-2.29994,1.00001,1,-0.5,6.14673e-06,0,0,-5.21541e-05,0,0.00965111,11,26.7,-0.720167,-2.99999,1,-0.487333,-1.00583e-05,0,-0.0457875,-7.45058e-05,0,0.0110612,12,26.7,1,-2.9999,1,2.98023e-06,-0.00105985,0,0,0.104144,0,0.00872326,13,26.7,-2,2,1,0,0,0,0,0,0,0.00856875,14,26.7,-2.78908,-0.0146906,1,0.366532,0.150593,0,0.0160187,-0.442691,0,0.00966025,15,26.7,1.02494,-1.37778,1,-0.0064265,0.497603,0,-0.137508,-0.0508875,0,0.0107374,16,26.7,-3.46412e-10,3,1,8.0316e-11,-1.41561e-05,0,2.50534e-09,-2.98023e-05,0,0.00887686,17,26.7,-3,-0.797379,1,0,0.421226,0,0,-0.166185,0,0.00772919,18,26.7,-0.999956,-2.01188,1,-2.57045e-05,-0.0466235,0,-0.000283122,0.286072,0,0.0110525,19,26.7,0.99973,1.99942,1,-0.00010971,-0.0144254,0,0.00242889,0.0443012,0,0.0133447,20,26.7,2.99733,2.76281,1,-0.00627637,0.457946,0,0.015974,-0.282735,0,0.00557183,21,26.7,3,0.996712,1,-3.72529e-06,0.0231834,0,-5.96046e-05,-0.0371933,0,0.00946692,22,26.7,-0.622399,2.00048,1,-0.497595,-0.000454485,0,0.0510477,-0.00101328,0,0.01047,23,26.7,1.99768,-2.00003,1,0.0207597,0.000418723,0,-0.0381991,-0.00101328,0,0.0114465,24,26.7,0.774215,0.997339,1,0.454238,0.00527995,0,-0.285018,0.000622123,0,0.0105827,25,26.7,2.00002,1.67365,1,-4.35859e-05,0.492713,0,7.45058e-05,-0.0879988,0,0.0124352,26,26.7,2,3,1,5.58794e-06,-1.15484e-05,0,-1.49012e-05,1.49012e-05,0,0.00745603,27,26.7,2.00497,3.41106e-05,1,-0.0233777,-0.000313398,0,0.0228584,0.000597021,0,0.0124677,28,26.7,0.371657,-1.00001,1,-0.497218,6.29574e-05,0,0.0580232,-4.47035e-05,0,0.0117018,29,26.7,-1.007,1.3378,1,0.00809338,-0.495587,0,0.0127181,0.0641122,0,0.00977388,30,26.7,2.99973,-2.99999,1,0.00186227,9.38773e-05,0,-0.00806153,0.000208616,0,0.00817587,31,26.7,2.00025,-2.9951,1,0.000650063,-0.00271015,0,-0.00376999,-0.0205785,0,0.00840874,32,26.7,-1.99817,-0.21834,1,0.0921218,-0.365852,0,-0.358917,0.0206177,0,0.0162999,33,26.7,3,9.4622e-06,1,0,-7.00979e-05,0,0,0.000132095,0,0.00473706,34,26.7,-2.2225,-1.01248,1,-0.356027,-0.0490323,0,0.0243187,0.277415,0,0.0106866,35,26.7,0.487475,-2.00073,1,0.5,0.000320002,0,1.78814e-06,0.00195205,0,0.010091
0,26.8,-2.62665e-07,-8.88429e-05,1,-3.04321e-05,0.00248325,0,9.24561e-05,-0.00672566,0,0.0155627,1,26.8,-2.00334,-2.27529,1,0.0159562,0.478971,0,-0.0253916,-0.171781,0,0.0121448,2,26.8,-0.2468,1.0049,1,0.46051,0.0232995,0,-0.235923,-0.14329,0,0.00928816,3,26.8,-2.99999,3,1,1.78814e-05,0,0,-0.000238419,0,0,0.00454185,4,26.8,-2.99545,-3,1,-0.00446439,-1.78814e-05,0,-0.0146627,0.000119209,0,0.00757187,5,26.8,-2.80233,-2.00004,1,-0.429964,0.000178814,0,0.368714,-0.000357628,0,0.00721786,6,26.8,-2,3,1,0,0,0,0,0,0,0.00560503,7,26.8,-2.9948,1.81789,1,-0.00292659,0.421426,0,-0.0191927,-0.371814,0,0.00798241,8,26.8,-0.747923,-1.00197,1,-0.46415,0.00381768,0,0.224262,-0.000596046,0,0.00968685,9,26.8,-1.00037,-0.180788,1,0.0396326,0.419841,0,-0.169843,-0.373811,0,0.00963663,10,26.8,-2.34994,1.00001,1,-0.5,0,0,0,-5.96046e-05,0,0.00955977,11,26.8,-0.76921,-2.99999,1,-0.493897,-1.19209e-05,0,-0.0686347,-0.000119209,0,0.0130712,12,26.8,1,-2.99957,1,0,0.00668764,0,5.96046e-05,0.053525,0,0.00869822,13,26.8,-2,2,1,0,0,0,0,0,0,0.00937723,14,26.8,-2.75252,-0.00176199,1,0.363082,0.108841,0,-0.0853539,-0.390969,0,0.01153,15,26.8,1.02368,-1.32838,1,-0.0180811,0.489333,0,-0.0964999,-0.116408,0,0.0122025,16,26.8,-3.27164e-10,3,1,2.91784e-10,-1.78814e-05,0,1.7344e-09,0,0,0.00989015,17,26.8,-3,-0.756199,1,0,0.401242,0,0,-0.234097,0,0.0069116,18,26.8,-0.999959,-2.01521,1,-4.76837e-05,-0.0211179,0,-0.000208616,0.224233,0,0.00972952,19,26.8,0.99973,1.99819,1,0.000101328,-0.0100851,0,0.00184774,0.0419617,0,0.0107158,20,26.8,2.99679,2.80702,1,-0.00444055,0.424767,0,0.019908,-0.377297,0,0.00619979,21,26.8,3,0.998832,1,-5.96046e-06,0.0191122,0,-0.000119209,-0.0433624,0,0.00876683,22,26.8,-0.671798,2.00043,1,-0.489302,-0.000536442,0,0.116795,-0.000596046,0,0.0125014,23,26.8,1.99955,-1.99999,1,0.0166953,0.000312924,0,-0.0423193,-0.000953674,0,0.0120277,24,26.8,0.81806,0.997865,1,0.421219,0.00519007,0,-0.372052,-0.00223517,0,0.011777,25,26.8,2.00002,1.72236,1,-3.57628e-05,0.480133,0,0,-0.166357,0,0.0117496,26,26.8,2,3,1,5.96046e-06,-5.96046e-06,0,0,-0.000119209,0,0.00711692,27,26.8,2.00277,5.87344e-06,1,-0.020504,-0.000250453,0,0.0334978,0.000650791,0,0.0143362,28,26.8,0.322337,-1.00001,1,-0.488006,5.66244e-05,0,0.127733,-0.000119209,0,0.0119922,29,26.8,-1.00613,1.28868,1,0.00907481,-0.485545,0,0.00691414,0.140309,0,0.00969198,30,26.8,2.99988,-2.99998,1,0.00112653,0.000107288,0,-0.00655651,-0.000119209,0,0.00894347,31,26.8,2.00029,-2.99546,1,0.000303984,-0.00447631,0,-0.00321865,-0.0145435,0,0.00820087,32,26.8,-1.99065,-0.254665,1,0.0592053,-0.359064,0,-0.299096,0.115037,0,0.0159666,33,26.8,3,3.13456e-06,1,0,-5.6294e-05,0,0,0.00014179,0,0.00449755,34,26.8,-2.25783,-1.01609,1,-0.349075,-0.0243336,0,0.114918,0.21714,0,0.0107896,35,26.8,0.537475,-2.00069,1,0.5,0.000500679,0,2.98023e-05,0.00143051,0,0.0099398
0,26.9,-2.85219e-06,-0.000396695,1,-2.14636e-05,-0.0131597,0,8.6157e-05,-0.278497,0,0.0155627,1,26.9,-2.00143,-2.22844,1,0.026346,0.456264,0,0.212222,-0.279233,0,0.0121448,2,26.9,-0.201743,1.00658,1,0.44222,0.0107983,0,-0.140355,-0.107624,0,0.00928816,3,26.9,-2.99999,3,1,-1.11759e-06,0,0,-0.000163913,0,0,0.00454185,4,26.9,-2.99596,-2.99948,1,-0.00561848,0.0149705,0,-0.00852346,0.272095,0,0.00757187,5,26.9,-2.84286,-2.00002,1,-0.375355,0.000143051,0,0.694096,-0.000357628,0,0.00721786,6,26.9,-1.99879,3,1,0.0346115,0,0,0.632502,0,0,0.00560503,7,26.9,-2.99473,1.85804,1,0.00849366,0.38036,0,0.2262,-0.444427,0,0.00798241,8,26.9,-0.793047,-1.00114,1,-0.436704,0.0167376,0,0.321172,0.237714,0,0.00968685,9,26.9,-0.996739,-0.140805,1,0.0374606,0.378627,0,0.104517,-0.445402,0,0.00963663,10,26.9,-2.39911,1.00001,1,-0.475725,-5.21541e-06,0,0.45453,-2.98023e-05,0,0.00955977,11,26.9,-0.818887,-2.99999,1,-0.498951,-2.01166e-05,0,-0.028614,-2.98023e-05,0,0.0130712,12,26.9,1,-2.9987,1,4.84288e-06,0.0101611,0,2.98023e-05,0.0180006,0,0.00869822,13,26.9,-2,2.00052,1,0,0.0149783,0,0,0.272006,0,0.00937723,14,26.9,-2.71674,0.00726919,1,0.351424,0.0728056,0,-0.148118,-0.329599,0,0.01153,15,26.9,1.02145,-1.28015,1,-0.0259304,0.474169,0,-0.0613406,-0.188194,0,0.0122025,16,26.9,-2.90528e-10,2.99999,1,4.29257e-10,-1.60187e-05,0,1.03382e-09,4.47035e-05,0,0.00989015,17,26.9,-3,-0.717295,1,0,0.376309,0,0,-0.26555,0,0.0069116,18,26.9,-0.998749,-2.01631,1,0.0348722,-0.00198968,0,0.637781,0.159964,0,0.00972952,19,26.9,0.999749,1.99739,1,0.000255182,-0.00612177,0,0.0012368,0.0370592,0,0.0107158,20,26.9,2.99645,2.84748,1,-0.00237711,0.38316,0,0.0208765,-0.451088,0,0.00619979,21,26.9,3,1.00052,1,-1.41561e-05,0.0146879,0,-2.98023e-05,-0.0445098,0,0.00876683,22,26.9,-0.720028,2.00037,1,-0.474097,-0.00057891,0,0.188604,-0.000268221,0,0.0125014,23,26.9,2.00101,-1.99996,1,0.0124503,0.000219792,0,-0.0420362,-0.00089407,0,0.0120277,24,26.9,0.858179,0.997146,1,0.379883,-0.0302726,0,-0.448968,-0.64525,0,0.011777,25,26.9,2.00002,1.76936,1,-3.53903e-05,0.457937,0,1.49012e-05,-0.274539,0,0.0117496,26,26.9,2,2.99999,1,5.58794e-06,-1.41561e-05,0,-1.49012e-05,-2.98023e-05,0,0.00711692,27,26.9,2.0009,-1.59162e-05,1,-0.0168569,-0.000185519,0,0.0386983,0.00064024,0,0.0143362,28,26.9,0.273966,-1,1,-0.481186,4.47035e-05,0,0.0220425,-0.000119209,0,0.0119922,29,26.9,-1.0052,1.24102,1,0.00947434,-0.465791,0,0.00124425,0.252053,0,0.00969198,30,26.9,2.99996,-2.99997,1,0.000555813,8.90344e-05,0,-0.00482798,-0.000223517,0,0.00894347,31,26.9,2.00031,-2.99597,1,1.78814e-05,-0.00562035,0,-0.0025034,-0.00844896,0,0.00820087,32,26.9,-1.98612,-0.289907,1,0.0324113,-0.344874,0,-0.237443,0.169195,0,0.0159666,33,26.9,3,-1.78713e-06,1,0,-4.21917e-05,0,0,0.000138718,0,0.00449755,34,26.9,-2.29208,-1.01754,1,-0.335205,-0.00545327,0,0.163287,0.161432,0,0.0107896,35,26.9,0.587466,-2.00063,1,0.499613,0.000623614,0,-0.0119358,0.00101328,0,0.0099398
0,27,-4.58335e-06,-0.00336648,1,-1.33295e-05,-0.0482948,0,7.59953e-05,-0.402628,0,0.0134552,1,27,-1.99748,-2.18437,1,0.05458,0.423759,0,0.335276,-0.367641,0,0.00984059,2,27,-0.158137,1.00717,1,0.430536,0.00160038,0,-0.101842,-0.077188,0,0.0170577,3,27,-2.99999,3,1,-5.96046e-06,0,0,-0.000238419,0,0,0.00671282,4,27,-2.99656,-2.99636,1,-0.00618696,0.0494897,0,-0.00321865,0.396848,0,0.00776767,5,27,-2.87659,-2.00001,1,-0.296462,0.000113249,0,0.859976,-0.000476837,0,0.0085037,6,27,-1.99153,3,1,0.115615,0,0,0.938535,0,0,0.00438494,7,27,-2.99249,1.89377,1,0.0384092,0.333503,0,0.354767,-0.488222,0,0.00841042,8,27,-0.834976,-0.998026,1,-0.400615,0.0474885,0,0.397116,0.359833,0,0.0137692,9,27,-0.992168,-0.105252,1,0.0565425,0.331717,0,0.259042,-0.488278,0,0.0141566,10,27,-2.44387,1.00001,1,-0.414795,-2.98023e-06,0,0.738025,0.000119209,0,0.0107637,11,27,-0.868859,-2.99999,1,-0.5,-2.38419e-05,0,-2.98023e-05,0.000119209,0,0.00963496,12,27,1,-2.99764,1,5.96046e-06,0.0106633,0,0,-0.00631809,0,0.00731264,13,27,-2,2.00364,1,0,0.0494897,0,0,0.396729,0,0.0105387,14,27,-2.68245,0.0130044,1,0.333452,0.0429222,0,-0.210762,-0.268205,0,0.0105078,15,27,1.01861,-1.2338,1,-0.0305176,0.451541,0,-0.0312924,-0.264645,0,0.0132888,16,27,-2.4346e-10,2.99999,1,5.02318e-10,-1.78814e-05,0,4.46331e-10,0.000238419,0,0.00987525,17,27,-3,-0.68105,1,0,0.348008,0,0,-0.300735,0,0.0106004,18,27,-0.991438,-2.01581,1,0.116432,0.0111997,0,0.943422,0.105381,0,0.0139702,19,27,0.99978,1.99695,1,0.000353158,-0.00271499,0,0.000685453,0.0309944,0,0.0111332,20,27,2.99632,2.88344,1,-0.000351667,0.335324,0,0.0195503,-0.501752,0,0.00434498,21,27,3,1.00177,1,-1.78814e-05,0.0103205,0,0,-0.0423193,0,0.00813327,22,27,-0.766368,2.00031,1,-0.451428,-0.000590086,0,0.265032,0,0,0.011463,23,27,2.00205,-1.99994,1,0.00837445,0.00013411,0,-0.0389814,-0.000834465,0,0.0140664,24,27,0.893835,0.990256,1,0.332496,-0.112604,0,-0.493765,-0.950575,0,0.015082,25,27,2.00001,1.81362,1,-3.57628e-05,0.425851,0,0.000119209,-0.363946,0,0.0107873,26,27,2,2.99999,1,5.96046e-06,-1.78814e-05,0,0,0.000119209,0,0.00661751,27,27,1.99941,-3.13368e-05,1,-0.0128984,-0.000123738,0,0.0398755,0.000589713,0,0.0127803,28,27,0.225875,-0.999997,1,-0.481173,3.27826e-05,0,-0.0109375,-8.9407e-05,0,0.0136749,29,27,-1.00426,1.19587,1,0.00936091,-0.435713,0,-0.00339746,0.346601,0,0.00961427,30,27,2.99999,-2.99996,1,0.000154972,5.96046e-05,0,-0.00309944,-0.000119209,0,0.00933457,31,27,2.0003,-2.99657,1,-0.000190735,-0.00618696,0,-0.00190735,-0.00298023,0,0.00746055,32,27,-1.98397,-0.323457,1,0.0115693,-0.325205,0,-0.180125,0.223935,0,0.017496,33,27,3,-5.32834e-06,1,0,-2.88186e-05,0,0,0.000127599,0,0.00475923,34,27,-2.3247,-1.01736,1,-0.316328,0.0081569,0,0.214219,0.111699,0,0.0112258,35,27,0.637313,-2.00056,1,0.49665,0.000703335,0,-0.0528097,0.000596046,0,0.00884503
0,27.1,-5.32827e-06,-0.0104539,1,2.76559e-06,-0.0954031,0,0.000333579,-0.520009,0,0.0134552,1,27.1,-1.98962,-2.14398,1,0.109066,0.38276,0,0.715978,-0.446588,0,0.00984059,2,27.1,-0.115234,1.00699,1,0.430622,-0.00475347,0,0.0845086,-0.0505,0,0.0170577,3,27.1,-3,3,1,-1.9744e-05,0,0,-4.47035e-05,0,0,0.00671282,4,27.1,-2.99718,-2.98918,1,-0.00624359,0.0960037,0,0.00181794,0.513971,0,0.00776767,5,27.1,-2.90167,-2,1,-0.203025,7.13393e-05,0,0.982493,-0.00037998,0,0.0085037,6,27.1,-1.97516,3,1,0.212734,0,0,0.99232,0,0,0.00438494,7,27.1,-2.98658,1.92464,1,0.0821896,0.283609,0,0.499994,-0.505514,0,0.00841042,8,27.1,-0.872941,-0.991193,1,-0.357704,0.0914873,0,0.456192,0.499502,0,0.0137692,9,27.1,-0.984882,-0.0745591,1,0.0919834,0.281876,0,0.428312,-0.504281,0,0.0141566,10,27.1,-2.48115,1.00001,1,-0.327074,5.40167e-06,0,0.967249,5.21541e-05,0,0.0107637,11,27.1,-0.918859,-2.99999,1,-0.5,-1.37836e-05,0,0,7.45058e-05,0,0.00963496,12,27.1,1,-2.99663,1,5.21541e-06,0.00925548,0,-1.49012e-05,-0.0205487,0,0.00731264,13,27.1,-2,2.01107,1,-9.49949e-05,0.103313,0,-0.00210106,0.648469,0,0.0105387,14,27.1,-2.65018,0.0160594,1,0.311475,0.0191956,0,-0.229865,-0.207223,0,0.0105078,15,27.1,1.01544,-1.19012,1,-0.0323048,0.420494,0,-0.00549108,-0.352569,0,0.0132888,16,27.1,-1.91831e-10,2.99999,1,5.22429e-10,1.11759e-06,0,-2.29036e-11,0.000163913,0,0.00987525,17,27.1,-3,-0.647702,1,0,0.319306,0,0,-0.278477,0,0.0106004,18,27.1,-0.974968,-2.01423,1,0.21378,0.0195537,0,0.992931,0.063166,0,0.0139702,19,27.1,0.999818,1.99682,1,0.000399165,3.89293e-05,0,0.00025332,0.0240877,0,0.0111332,20,27.1,2.99637,2.91441,1,0.00143908,0.2834,0,0.016138,-0.531152,0,0.00434498,21,27.1,2.99999,1.0026,1,-1.60187e-05,0.00631753,0,4.47035e-05,-0.0374839,0,0.00813327,22,27.1,-0.81003,2.00026,1,-0.420346,-0.000576302,0,0.352863,0.00025332,0,0.011463,23,27.1,2.0027,-1.99994,1,0.00472814,5.84871e-05,0,-0.033766,-0.000685453,0,0.0140664,24,27.1,0.924613,0.974147,1,0.283085,-0.210287,0,-0.492088,-0.993826,0,0.015082,25,27.1,2.00001,1.85427,1,-2.57045e-05,0.386075,0,7.45058e-05,-0.42861,0,0.0107873,26,27.1,2,2.99999,1,5.58794e-06,-7.45058e-06,0,-1.49012e-05,8.9407e-05,0,0.00661751,27,27.1,1.99832,-4.08924e-05,1,-0.00900403,-6.87463e-05,0,0.0376403,0.000507437,0,0.0127803,28,27.1,0.177606,-0.999995,1,-0.484904,1.08965e-05,0,-0.0531933,-0.000428408,0,0.0136749,29,27.1,-1.00334,1.15415,1,0.0088416,-0.397383,0,-0.00682473,0.417158,0,0.00961427,30,27.1,3,-2.99996,1,-8.45641e-05,4.32134e-05,0,-0.00177324,-0.000178814,0,0.00933457,31,27.1,2.00027,-2.99719,1,-0.000346079,-0.00624098,0,-0.00120699,0.00168383,0,0.00746055,32,27.1,-1.98363,-0.354879,1,-0.00389181,-0.303346,0,-0.129864,0.218004,0,0.017496,33,27.1,3,-7.60002e-06,1,0,-1.69075e-05,0,0,0.000110074,0,0.00475923,34,27.1,-2.35529,-1.01606,1,-0.295623,0.0172665,0,0.20501,0.0713244,0,0.0112258,35,27.1,0.686617,-2.00049,1,0.488394,0.000745431,0,-0.11576,0.00025332,0,0.00884503
0,27.2,-2.36116e-06,-0.022654,1,6.84359e-05,-0.1488,0,0.00104265,-0.532495,0,0.0182541,1,27.2,-1.97477,-2.10802,1,0.190789,0.335521,0,0.887156,-0.493169,0,0.0116907,2,27.2,-0.0715732,1.00631,1,0.443961,-0.00861883,0,0.166569,-0.0274181,0,0.013482,3,27.2,-3,3,1,-1.78814e-05,0,0,0,0,0,0.00519937,4,27.2,-2.99779,-2.97695,1,-0.00587106,0.148809,0,0.00548363,0.526667,0,0.00643318,5,27.2,-2.917,-2,1,-0.103468,3.8743e-05,0,1.00017,-0.000238419,0,0.00796201,6,27.2,-1.9489,3,1,0.312543,0,0,0.999987,0,0,0.00524284,7,27.2,-2.97576,1.95047,1,0.134671,0.233161,0,0.532985,-0.499964,0,0.00897021,8,27.2,-0.906367,-0.979458,1,-0.310299,0.143684,0,0.487596,0.528067,0,0.0169554,9,27.2,-0.97341,-0.0488894,1,0.138342,0.231646,0,0.481635,-0.496751,0,0.0190961,10,27.2,-2.50892,1.00001,1,-0.227898,8.9407e-06,0,1.00017,-5.96046e-05,0,0.00963268,11,27.2,-0.968859,-3,1,-0.5,-5.96046e-06,0,0,0,0,0.0103478,12,27.2,1,-2.99582,1,2.98023e-06,0.00678301,0,0,-0.027895,0,0.00879577,13,27.2,-2.00003,2.02485,1,-0.000447035,0.173557,0,-0.00500679,0.731111,0,0.00984628,14,27.2,-2.62022,0.0170376,1,0.287324,0.00129039,0,-0.253677,-0.151856,0,0.0103631,15,27.2,1.01222,-1.14996,1,-0.031814,0.381762,0,0.0143051,-0.418365,0,0.0148175,16,27.2,-1.40331e-10,2.99999,1,5.0178e-10,5.96046e-06,0,-3.70839e-10,0.000238419,0,0.0109117,17,27.2,-3,-0.617161,1,0,0.291461,0,0,-0.281751,0,0.00968455,18,27.2,-0.948604,-2.01202,1,0.313602,0.024116,0,1.00002,0.0293255,0,0.00956328,19,27.2,0.999858,1.99694,1,0.000406802,0.00210702,0,-8.9407e-05,0.0174046,0,0.0117882,20,27.2,2.99659,2.94008,1,0.00285506,0.230128,0,0.0119209,-0.529528,0,0.00426294,21,27.2,2.99999,1.00305,1,-1.78814e-05,0.002864,0,0.000238419,-0.031352,0,0.00929056,22,27.2,-0.850182,2.0002,1,-0.381592,-0.000536442,0,0.418633,0.000357628,0,0.0129052,23,27.2,2.00301,-1.99993,1,0.00165701,-2.98023e-06,0,-0.0277758,-0.000536442,0,0.0121736,24,27.2,0.950481,0.94813,1,0.234517,-0.310132,0,-0.477195,-1.00002,0,0.0157804,25,27.2,2.00001,1.89065,1,-1.78814e-05,0.340742,0,0,-0.474691,0,0.0104765,26,27.2,2,2.99999,1,5.96046e-06,0,0,-0.000119209,0,0,0.00528507,27,27.2,1.9976,-4.53839e-05,1,-0.00543594,-2.26637e-05,0,0.0333786,0.00041276,0,0.0139814,28,27.2,0.128852,-0.999997,1,-0.489929,-6.85453e-05,0,-0.0389963,-0.00116229,0,0.0125493,29,27.2,-1.0025,1.1166,1,0.00802577,-0.352883,0,-0.00941753,0.469744,0,0.00920478,30,27.2,2.99998,-2.99995,1,-0.000208616,1.78814e-05,0,-0.000834465,-0.000119209,0,0.00854973,31,27.2,2.00023,-2.9978,1,-0.000435114,-0.00588894,0,-0.000596046,0.00524521,0,0.00715247,32,27.2,-1.98459,-0.384103,1,-0.0145733,-0.280836,0,-0.0846982,0.235066,0,0.0151022,33,27.2,3,-8.77308e-06,1,0,-6.88826e-06,0,0,9.00145e-05,0,0.00465093,34,27.2,-2.38381,-1.01403,1,-0.274491,0.0225991,0,0.220656,0.0361204,0,0.0114091,35,27.2,0.734751,-2.00042,1,0.47296,0.000751019,0,-0.194848,0,0,0.00801179
0,27.3,8.9355e-06,-0.0402258,1,0.000154334,-0.202582,0,0.000848452,-0.529648,0,0.0182541,1,27.3,-1.95106,-2.07695,1,0.284196,0.285736,0,0.944912,-0.499457,0,0.0116907,2,27.3,-0.0262644,1.00533,1,0.462659,-0.0105692,0,0.193837,-0.0120774,0,0.013482,3,27.3,-3,3,1,-1.3411e-05,0,0,5.96046e-05,0,0,0.00519937,4,27.3,-2.99835,-2.95936,1,-0.00519529,0.203281,0,0.00780821,0.547171,0,0.00643318,5,27.3,-2.92235,-1.99999,1,-0.0034593,1.82539e-05,0,1.00002,-0.000178814,0,0.00796201,6,27.3,-1.91296,3,1,0.402473,0,0,0.773273,0,0,0.00524284,7,27.3,-2.95953,1.97133,1,0.190615,0.184453,0,0.569239,-0.471942,0,0.00897021,8,27.3,-0.934938,-0.962403,1,-0.261009,0.197519,0,0.494249,0.534467,0,0.0169554,9,27.3,-0.957085,-0.0281654,1,0.188611,0.183332,0,0.508767,-0.467001,0,0.0190961,10,27.3,-2.52671,1.00001,1,-0.12789,2.98023e-06,0,1.00002,-5.96046e-05,0,0.00963268,11,27.3,-1.01886,-3,1,-0.5,-5.96046e-06,0,0,0,0,0.0103478,12,27.3,1,-2.99529,1,2.79397e-06,0.0038825,0,-7.45058e-06,-0.0294745,0,0.00879577,13,27.3,-2.00016,2.04604,1,-0.0026118,0.251453,0,-0.0358671,0.802994,0,0.00984628,14,27.3,-2.59269,0.0164877,1,0.26404,-0.0115073,0,-0.21787,-0.104962,0,0.0103631,15,27.3,1.00914,-1.11395,1,-0.0296483,0.337762,0,0.0282004,-0.458479,0,0.0148175,16,27.3,-9.24379e-11,3,1,4.52229e-10,1.9744e-05,0,-6.02453e-10,4.47035e-05,0,0.0109117,17,27.3,-3,-0.589342,1,0,0.265581,0,0,-0.241574,0,0.00968455,18,27.3,-0.912563,-2.00951,1,0.403361,0.0257902,0,0.770185,0.0051558,0,0.00956328,19,27.3,0.999898,1.99722,1,0.000384729,0.00352338,0,-0.000331551,0.0110716,0,0.0117882,20,27.3,2.99693,2.96048,1,0.00382699,0.178291,0,0.00755489,-0.502601,0,0.00426294,21,27.3,2.99999,1.00319,1,1.11759e-06,7.28294e-05,0,0.000163913,-0.0244752,0,0.00929056,22,27.3,-0.886173,2.00015,1,-0.337572,-0.000490621,0,0.458628,0.000551343,0,0.0129052,23,27.3,2.00305,-1.99994,1,-0.000782311,-4.8615e-05,0,-0.0210404,-0.00037998,0,0.0121736,24,27.3,0.971605,0.912417,1,0.188569,-0.400436,0,-0.440989,-0.779998,0,0.0157804,25,27.3,2.00001,1.9223,1,-1.75089e-05,0.291798,0,1.49012e-05,-0.499934,0,0.0104765,26,27.3,2,2.99999,1,-4.09782e-06,3.72529e-07,0,-7.45058e-05,1.49012e-05,0,0.00528507,27,27.3,1.99721,-4.57571e-05,1,-0.00237543,1.35077e-05,0,0.0277236,0.000311304,0,0.0139814,28,27.3,0.0796834,-1.00001,1,-0.493101,-0.000170618,0,-0.0183066,-0.00103563,0,0.0125493,29,27.3,-1.00174,1.08372,1,0.00699703,-0.304113,0,-0.0110045,0.501268,0,0.00920478,30,27.3,2.99996,-2.99995,1,-0.000254437,4.09782e-06,0,-0.00013411,-0.000163913,0,0.00854973,31,27.3,2.00019,-2.99836,1,-0.000470132,-0.00523292,0,-0.000119209,0.0076741,0,0.00715247,32,27.3,-1.98641,-0.411071,1,-0.0211557,-0.258972,0,-0.0480041,0.207497,0,0.0151022,33,27.3,3,-9.04789e-06,1,0,1.03435e-06,0,0,6.85656e-05,0,0.00465093,34,27.3,-2.41022,-1.01164,1,-0.254104,0.0248572,0,0.192642,0.00993162,0,0.0114091,35,27.3,0.780893,-2.00034,1,0.44815,0.000733882,0,-0.298053,-0.000327826,0,0.00801179
0,27.4,2.94719e-05,-0.0630349,1,0.000268336,-0.252365,0,0.00156055,-0.455856,0,0.0176427,1,27.4,-1.91808,-2.05087,1,0.373203,0.236201,0,0.805676,-0.488877,0,0.0113819,2,27.4,0.0209292,1.00424,1,0.480587,-0.0111282,0,0.156863,0.000298023,0,0.0119796,3,27.4,-3,3,1,-5.96046e-06,0,0,0.000119209,0,0,0.00482336,4,27.4,-2.99883,-2.93637,1,-0.00434518,0.255495,0,0.0089407,0.48542,0,0.0060872,5,27.4,-2.9177,-1.99999,1,0.0965357,5.96046e-06,0,1.00017,-0.000178814,0,0.0077153,6,27.4,-1.86936,3,1,0.464079,0,0,0.452936,0,0,0.00730768,7,27.4,-2.93767,1.98748,1,0.245571,0.139174,0,0.517249,-0.431895,0,0.00911896,8,27.4,-0.958585,-0.940065,1,-0.212169,0.248094,0,0.479251,0.466317,0,0.0144729,9,27.4,-0.935737,-0.0121002,1,0.237457,0.138691,0,0.456721,-0.423901,0,0.01967,10,27.4,-2.5345,1.00001,1,-0.027895,0,0,1.00017,-0.000119209,0,0.0105242,11,27.4,-1.06886,-3,1,-0.500003,-5.96046e-06,0,5.96046e-05,0,0,0.00829212,12,27.4,1,-2.99505,1,2.98023e-06,0.00100732,0,-5.96046e-05,-0.0276566,0,0.00979671,13,27.4,-2.00063,2.07516,1,-0.00717044,0.330025,0,-0.0530481,0.750661,0,0.0090603,14,27.4,-2.56735,0.0148835,1,0.24277,-0.0198853,0,-0.211477,-0.0635656,0,0.0120221,15,27.4,1.00633,-1.08251,1,-0.0263244,0.290686,0,0.0374317,-0.479877,0,0.0116821,16,27.4,-5.04874e-11,3,1,3.84562e-10,1.78814e-05,0,-7.35902e-10,0,0,0.0099628,17,27.4,-3,-0.563963,1,0,0.24218,0,0,-0.230342,0,0.00832254,18,27.4,-0.868896,-2.00694,1,0.464594,0.0253439,0,0.448972,-0.013113,0,0.00998315,19,27.4,0.999934,1.99762,1,0.000341237,0.00435114,0,-0.000476837,0.00560284,0,0.0123541,20,27.4,2.99734,2.97587,1,0.00437498,0.130403,0,0.00357628,-0.451684,0,0.00414962,21,27.4,2.99999,1.00309,1,5.96046e-06,-0.0020355,0,0.000238419,-0.0177026,0,0.00954368,22,27.4,-0.917594,2.0001,1,-0.290489,-0.000429153,0,0.479996,0.000715256,0,0.0121908,23,27.4,2.00288,-1.99994,1,-0.00256896,-8.04663e-05,0,-0.0145435,-0.000178814,0,0.0125877,24,27.4,0.988322,0.868985,1,0.146459,-0.462866,0,-0.400573,-0.461996,0,0.0128308,25,27.4,2,1.94897,1,-1.78814e-05,0.241548,0,0,-0.501394,0,0.0116031,26,27.4,2,2.99999,1,-5.96046e-06,0,0,-0.000119209,0.000119209,0,0.0058248,27,27.4,1.9971,-4.30127e-05,1,9.53674e-05,3.97787e-05,0,0.0217557,0.000215301,0,0.0129087,28,27.4,0.0303583,-1.00003,1,-0.492518,-0.000301003,0,0.0345564,-0.00172853,0,0.0139396,29,27.4,-1.0011,1.05584,1,0.00585318,-0.253454,0,-0.0117421,0.50801,0,0.00981576,30,27.4,2.99993,-2.99995,1,-0.000244379,-1.19209e-05,0,0.000357628,-0.000238419,0,0.0104321,31,27.4,2.00014,-2.99884,1,-0.000464916,-0.00439286,0,0.000238419,0.00905991,0,0.00695272,32,27.4,-1.98871,-0.435941,1,-0.0243813,-0.238457,0,-0.0175238,0.206321,0,0.0147576,33,27.4,3,-8.63612e-06,1,0,6.86189e-06,0,0,4.82264e-05,0,0.0048412,34,27.4,-2.43467,-1.00914,1,-0.235039,0.0247598,0,0.192523,-0.0109673,0,0.0116779,35,27.4,0.82407,-2.00027,1,0.414017,0.000691414,0,-0.381202,-0.000715256,0,0.00935504
0,27.5,6.23859e-05,-0.0904363,1,0.000378219,-0.294333,0,0.000851933,-0.376224,0,0.0176427,1,27.5,-1.87712,-2.02962,1,0.441656,0.18932,0,0.55097,-0.448138,0,0.0113819,2,27.5,0.0697045,1.00314,1,0.493907,-0.0107681,0,0.0976906,0.00659376,0,0.0119796,3,27.5,-3,3,1,3.72529e-06,0,0,5.96046e-05,0,0,0.00482336,4,27.5,-2.99922,-2.90841,1,-0.00343211,0.303299,0,0.00916421,0.4614,0,0.0060872,5,27.5,-2.90304,-1.99999,1,0.196544,-8.3819e-06,0,1.00002,-0.000111759,0,0.0077153,6,27.5,-1.82123,3,1,0.493668,0,0,0.156179,0,0,0.00730768,7,27.5,-2.91052,1.99931,1,0.297368,0.0984257,0,0.508159,-0.382371,0,0.00911896,8,27.5,-0.977457,-0.913033,1,-0.16585,0.291258,0,0.444911,0.389297,0,0.0144729,9,27.5,-0.909795,-0.000260945,1,0.280297,0.0990125,0,0.39174,-0.368865,0,0.01967,10,27.5,-2.53229,1.00001,1,0.0721134,-9.49949e-06,0,1.00002,-8.19564e-05,0,0.0105242,11,27.5,-1.11886,-3,1,-0.5,-5.96046e-06,0,7.45058e-06,0,0,0.00829212,12,27.5,1,-2.99508,1,-2.04891e-06,-0.00153966,0,-3.72529e-05,-0.0230819,0,0.00979671,13,27.5,-2.00156,2.11179,1,-0.0109527,0.400726,0,-0.0237972,0.64072,0,0.0090603,14,27.5,-2.54402,0.0126347,1,0.224629,-0.0245431,0,-0.158563,-0.0306492,0,0.0120221,15,27.5,1.0039,-1.05585,1,-0.0223,0.242425,0,0.0424087,-0.481829,0,0.0116821,16,27.5,-1.5818e-11,3,1,3.08049e-10,1.3411e-05,0,-7.82803e-10,-5.96046e-05,0,0.0099628,17,27.5,-3,-0.540783,1,0,0.222395,0,0,-0.172667,0,0.00832254,18,27.5,-0.820727,-2.00449,1,0.493827,0.0234425,0,0.153303,-0.0242889,0,0.00998315,19,27.5,0.999966,1.99808,1,0.000288244,0.00467803,0,-0.000569969,0.00111014,0,0.0123541,20,27.5,2.99779,2.98676,1,0.00454374,0.0885196,0,-4.47035e-05,-0.383675,0,0.00414962,21,27.5,3,1.00281,1,1.9744e-05,-0.00348147,0,4.47035e-05,-0.0113621,0,0.00954368,22,27.5,-0.944231,2.00006,1,-0.242224,-0.000355765,0,0.481799,0.000759959,0,0.0121908,23,27.5,2.00256,-1.99995,1,-0.00372529,-9.31323e-05,0,-0.00873208,-7.45058e-05,0,0.0125877,24,27.5,1.00105,0.820927,1,0.108974,-0.493288,0,-0.349384,-0.163011,0,0.0128308,25,27.5,2,1.97064,1,-1.75089e-05,0.192287,0,1.49012e-05,-0.480615,0,0.0116031,26,27.5,2,2.99999,1,-1.56462e-05,9.68575e-06,0,-5.96046e-05,5.96046e-05,0,0.0058248,27,27.5,1.99721,-3.81102e-05,1,0.00195783,5.68115e-05,0,0.0155792,0.000127648,0,0.0129087,28,27.5,-0.0186473,-1.00007,1,-0.486786,-0.000429899,0,0.082926,-0.00102818,0,0.0139396,29,27.5,-1.00057,1.03301,1,0.00467785,-0.203309,0,-0.0116527,0.491448,0,0.00981576,30,27.5,2.99991,-2.99995,1,-0.000195205,-3.35276e-05,0,0.000596046,-0.000178814,0,0.0104321,31,27.5,2.0001,-2.99923,1,-0.000427663,-0.0034675,0,0.000476837,0.00929832,0,0.00695272,32,27.5,-1.9912,-0.458857,1,-0.0249999,-0.220689,0,0.00420958,0.156013,0,0.0147576,33,27.5,3,-7.74102e-06,1,0,1.07296e-05,0,0,2.96013e-05,0,0.0048412,34,27.5,-2.45732,-1.00674,1,-0.218591,0.0229847,0,0.143543,-0.0238568,0,0.0116779,35,27.5,0.863462,-2.0002,1,0.372851,0.000615045,0,-0.439063,-0.000789762,0,0.00935504
0,27.6,0.000104764,-0.121569,1,0.000476535,-0.326388,0,0.00127771,-0.259939,0,0.0212004,1,27.6,-1.83068,-2.01286,1,0.48252,0.146681,0,0.270128,-0.404239,0,0.010218,2,27.6,0.119436,1.0021,1,0.499305,-0.00986755,0,0.0138986,0.0110865,0,0.0150883,3,27.6,-3,3,1,5.96046e-06,0,0,0.000119209,0,0,0.00561952,4,27.6,-2.99951,-2.87588,1,-0.00253916,0.346142,0,0.00870228,0.388384,0,0.00727368,5,27.6,-2.87839,-1.99999,1,0.296539,-1.78814e-05,0,1.00017,-5.96046e-05,0,0.00862885,6,27.6,-1.77141,3,1,0.5,0,0,0,0,0,0.00724807,7,27.6,-2.87833,2.00733,1,0.345325,0.0628054,0,0.442743,-0.329494,0,0.0100799,8,27.6,-0.99189,-0.882141,1,-0.123569,0.324661,0,0.399083,0.273496,0,0.0138481,9,27.6,-0.879971,0.00789268,1,0.314391,0.0650381,0,0.284314,-0.310211,0,0.0183013,10,27.6,-2.52008,1.00001,1,0.172108,-1.78814e-05,0,1.00017,0,0,0.00935522,11,27.6,-1.16886,-3,1,-0.500003,-5.96046e-06,0,5.96046e-05,0.000119209,0,0.00895989,12,27.6,1,-2.99534,1,-2.98023e-06,-0.00357628,0,-0.000119209,-0.0175238,0,0.0093992,13,27.6,-2.00274,2.15474,1,-0.0121653,0.454932,0,-0.00143051,0.433683,0,0.00794992,14,27.6,-2.52231,0.0100741,1,0.20982,-0.0262233,0,-0.142932,-0.00397768,0,0.0108669,15,27.6,1.00188,-1.03399,1,-0.0179648,0.194964,0,0.0439286,-0.464559,0,0.0123866,16,27.6,1.10749e-11,3,1,2.30064e-10,5.96046e-06,0,-7.67814e-10,-0.000119209,0,0.0108831,17,27.6,-3,-0.51936,1,0,0.206389,0,0,-0.152677,0,0.00672502,18,27.6,-0.770907,-2.00228,1,0.5,0.0206053,0,2.98023e-05,-0.0318289,0,0.0100911,19,27.6,0.999992,1.99854,1,0.000229478,0.00461042,0,-0.000655651,-0.00238419,0,0.0114023,20,27.6,2.99824,2.99382,1,0.0043869,0.0539958,0,-0.00274181,-0.305414,0,0.00411911,21,27.6,3,1.00241,1,1.78814e-05,-0.00433624,0,0,-0.00584126,0,0.00893459,22,27.6,-0.966066,2.00003,1,-0.19477,-0.000286102,0,0.46438,0.000834465,0,0.0101256,23,27.6,2.00215,-1.99996,1,-0.00434518,-9.83477e-05,0,-0.0038147,0,0,0.0112323,24,27.6,1.01029,0.771126,1,0.0765264,-0.5,0,-0.299931,-2.98023e-05,0,0.0124925,25,27.6,2,1.98752,1,-1.78814e-05,0.14599,0,0.000119209,-0.442803,0,0.011753,26,27.6,2,2.99999,1,-1.49012e-05,1.19209e-05,0,-0.000119209,0.000119209,0,0.00636393,27,27.6,1.99747,-3.19195e-05,1,0.00322759,6.57712e-05,0,0.00995398,5.3884e-05,0,0.0142217,28,27.6,-0.0668119,-1.00012,1,-0.475463,-0.000539422,0,0.145387,-0.0013113,0,0.0153288,29,27.6,-1.00016,1.01509,1,0.00354052,-0.155777,0,-0.0109375,0.456512,0,0.0103748,30,27.6,2.99989,-2.99996,1,-0.00013113,-4.76837e-05,0,0.000715256,-0.000119209,0,0.00986601,31,27.6,2.00006,-2.99953,1,-0.000369549,-0.00255704,0,0.000596046,0.00870228,0,0.00762091,32,27.6,-1.99364,-0.480182,1,-0.0237226,-0.206059,0,0.020504,0.141531,0,0.0136835,33,27.6,3,-6.54752e-06,1,0,1.28778e-05,0,0,1.38464e-05,0,0.00511842,34,27.6,-2.47849,-1.00458,1,-0.205106,0.0201225,0,0.13113,-0.0328422,0,0.0115671,35,27.6,0.898479,-2.00015,1,0.32683,0.000530481,0,-0.478148,-0.000953674,0,0.00834905
0,27.7,0.000156621,-0.155347,1,0.000544217,-0.347473,0,0.000290381,-0.158778,0,0.0212004,1,27.7,-1.78148,-2.00012,1,0.497914,0.108949,0,0.0635609,-0.350773,0,0.010218,2,27.7,0.169409,1.00118,1,0.499957,-0.00863671,0,0.00173911,0.0133663,0,0.0150883,3,27.7,-3,3,1,1.41561e-05,0,0,2.98023e-05,0,0,0.00561952,4,27.7,-2.99973,-2.83949,1,-0.00173002,0.379902,0,0.00742078,0.290796,0,0.00727368,5,27.7,-2.84402,-2,1,0.387358,-2.19792e-05,0,0.794768,-1.49012e-05,0,0.00862885,6,27.7,-1.72141,3,1,0.5,0,0,0,0,0,0.00724807,7,27.7,-2.84149,2.01207,1,0.391927,0.032983,0,0.46955,-0.267357,0,0.0100799,8,27.7,-1.00234,-0.848469,1,-0.0864279,0.347066,0,0.343211,0.17143,0,0.0138481,9,27.7,-0.847263,0.0129479,1,0.338161,0.0370801,0,0.187468,-0.2494,0,0.0183013,10,27.7,-2.49798,1.00001,1,0.26842,-1.76951e-05,0,0.913203,7.45058e-06,0,0.00935522,11,27.7,-1.21886,-3,1,-0.5,3.72529e-06,0,7.45058e-06,5.96046e-05,0,0.00895989,12,27.7,1,-2.99577,1,-1.17347e-05,-0.00501797,0,-6.70552e-05,-0.0113547,0,0.0093992,13,27.7,-2.00394,2.20201,1,-0.0116054,0.486597,0,0.011906,0.204861,0,0.00794992,14,27.7,-2.5019,0.00746672,1,0.199681,-0.025602,0,-0.0698417,0.0154231,0,0.0108669,15,27.7,1.0003,-1.01677,1,-0.01364,0.150129,0,0.0421852,-0.429869,0,0.0123866,16,27.7,3.0341e-11,3,1,1.56385e-10,-3.72529e-06,0,-7.00293e-10,-5.96046e-05,0,0.0108831,17,27.7,-3,-0.499329,1,0,0.195517,0,0,-0.0749901,0,0.00672502,18,27.7,-0.720907,-2.00038,1,0.5,0.0172108,0,0,-0.0356138,0,0.0100911,19,27.7,1.00001,1.99899,1,0.000165962,0.0042459,0,-0.000603497,-0.00474602,0,0.0114023,20,27.7,2.99866,2.99783,1,0.00399575,0.0275094,0,-0.00491738,-0.224635,0,0.00411911,21,27.7,3,1.00196,1,1.3411e-05,-0.00468455,0,-5.96046e-05,-0.0013113,0,0.00893459,22,27.7,-0.983273,2.00001,1,-0.149956,-0.00020694,0,0.429627,0.000722706,0,0.0101256,23,27.7,2.00171,-1.99997,1,-0.00452027,-9.49949e-05,0,0.000149012,5.96046e-05,0,0.0112323,24,27.7,1.01652,0.721126,1,0.049019,-0.5,0,-0.250719,0,0,0.0124925,25,27.7,2,1.99999,1,-7.82311e-06,0.104231,0,7.45058e-05,-0.390932,0,0.011753,26,27.7,2,3,1,-2.2538e-05,1.75089e-05,0,-3.72529e-05,1.49012e-05,0,0.00636393,27,27.7,1.99784,-2.51782e-05,1,0.00396725,6.80703e-05,0,0.00499934,-5.24631e-06,0,0.0142217,28,27.7,-0.113633,-1.00018,1,-0.460813,-0.000604056,0,0.15387,-0.000201166,0,0.0153288,29,27.7,-0.999863,1.00171,1,0.00250097,-0.11256,0,-0.00980496,0.406168,0,0.0103748,30,27.7,2.99988,-2.99996,1,-5.99772e-05,-5.73695e-05,0,0.000700355,-5.96046e-05,0,0.00986601,31,27.7,2.00002,-2.99975,1,-0.000305101,-0.00173561,0,0.000670552,0.00761449,0,0.00762091,32,27.7,-1.9959,-0.500227,1,-0.0211297,-0.196055,0,0.0306293,0.0684559,0,0.0136835,33,27.7,3,-5.21309e-06,1,0,1.35987e-05,0,0,1.12444e-06,0,0.00511842,34,27.7,-2.49849,-1.00274,1,-0.196076,0.0166703,0,0.0594705,-0.0358075,0,0.0115671,35,27.7,0.92873,-2.0001,1,0.277894,0.000435859,0,-0.496518,-0.000923872,0,0.00834905
0,27.8,0.00021233,-0.190701,1,0.000572576,-0.357694,0,0.000441992,-0.0441295,0,0.0190303,1,27.8,-1.73153,-1.9909,1,0.500003,0.0764489,0,-5.96046e-05,-0.299513,0,0.00948874,2,27.8,0.219408,1.00038,1,0.5,-0.00723004,0,7.15256e-06,0.0146925,0,0.0142024,3,27.8,-3,3,1,1.78814e-05,0,0,0,0,0,0.00667468,4,27.8,-2.99986,-2.80018,1,-0.00106692,0.405014,0,0.00584126,0.214696,0,0.00658872,5,27.8,-2.80178,-2,1,0.452673,-2.38419e-05,0,0.504375,0,0,0.00871618,6,27.8,-1.67141,3,1,0.500003,0,0,-5.96046e-05,0,0,0.00580858,7,27.8,-2.80003,2.01413,1,0.435996,0.00923872,0,0.399351,-0.20802,0,0.00888186,8,27.8,-1.00937,-0.813095,1,-0.0549972,0.358464,0,0.285149,0.0548065,0,0.0132877,9,27.8,-0.812694,0.0155064,1,0.351319,0.0150515,0,0.0735819,-0.191787,0,0.0208859,10,27.8,-2.4668,1.00001,1,0.352591,-1.78814e-05,0,0.761628,5.96046e-05,0,0.0110111,11,27.8,-1.26886,-3,1,-0.500003,1.19209e-05,0,5.96046e-05,0,0,0.0117727,12,27.8,1,-2.99632,1,-1.49012e-05,-0.0058651,0,-2.98023e-05,-0.00572205,0,0.00772434,13,27.8,-2.00502,2.25138,1,-0.00991821,0.498021,0,0.0212193,0.0395775,0,0.00708803,14,27.8,-2.48223,0.00500889,1,0.194126,-0.0233244,0,-0.0485182,0.0292543,0,0.0120679,15,27.8,0.999144,-1.00383,1,-0.00959486,0.109379,0,0.0384748,-0.383496,0,0.0130298,16,27.8,4.2627e-11,3,1,9.09234e-11,-5.96046e-06,0,-6.05242e-10,-0.000119209,0,0.0120137,17,27.8,-3,-0.480093,1,0,0.189616,0,0,-0.0505596,0,0.00959549,18,27.8,-0.670907,-1.99884,1,0.5,0.0135601,0,2.98023e-05,-0.0369549,0,0.0100094,19,27.8,1.00003,1.99939,1,0.000107288,0.00368953,0,-0.000536442,-0.00619888,0,0.0116676,20,27.8,2.99904,2.99959,1,0.00343323,0.00889897,0,-0.00619888,-0.149012,0,0.00406629,21,27.8,3,1.00149,1,5.96046e-06,-0.00463426,0,-0.000119209,0.00214577,0,0.0102957,22,27.8,-0.996194,1.99999,1,-0.109233,-0.000137091,0,0.383228,0.000596046,0,0.00970269,23,27.8,2.00126,-1.99998,1,-0.00435114,-8.64267e-05,0,0.00309944,5.96046e-05,0,0.0119747,24,27.8,1.02025,0.671126,1,0.0262797,-0.5,0,-0.204682,-2.98023e-05,0,0.0109476,25,27.8,2,2.00856,1,-2.98023e-06,0.0680327,0,0.000119209,-0.332117,0,0.0107803,26,27.8,2,3,1,-2.38419e-05,1.78814e-05,0,0,-0.000119209,0,0.00653673,27,27.8,1.99825,-1.84767e-05,1,0.00425577,6.52294e-05,0,0.00101328,-4.91526e-05,0,0.0122982,28,27.8,-0.158889,-1.00024,1,-0.443626,-0.000616908,0,0.194229,-0.000298023,0,0.0122504,29,27.8,-0.99966,0.992394,1,0.00158846,-0.0748098,0,-0.00840425,0.347793,0,0.0104785,30,27.8,2.99988,-2.99997,1,5.96046e-06,-5.96046e-05,0,0.000715256,0,0,0.0105826,31,27.8,1.99999,-2.99989,1,-0.000235438,-0.00104308,0,0.000715256,0.00607967,0,0.00763201,32,27.8,-1.99784,-0.519545,1,-0.0177324,-0.190653,0,0.0365973,0.0468194,0,0.0127119,33,27.8,3,-3.86478e-06,1,0,1.32086e-05,0,0,-8.42125e-06,0,0.00526747,34,27.8,-2.51785,-1.00125,1,-0.191474,0.0130296,0,0.0398159,-0.0366569,0,0.00896337,35,27.8,0.954035,-2.00006,1,0.22828,0.000345707,0,-0.492334,-0.000953674,0,0.00848204
0,27.9,0.000269771,-0.226555,1,0.000560721,-0.357993,0,-0.00049351,0.0390717,0,0.0190303,1,27.9,-1.68153,-1.98466,1,0.5,0.0490367,0,-7.45058e-06,-0.249311,0,0.00948874,2,27.9,0.269408,0.999733,1,0.5,-0.00574738,0,-2.68221e-06,0.014849,0,0.0142024,3,27.9,-2.99999,3,1,1.60187e-05,0,0,-4.47035e-05,0,0,0.00667468,4,27.9,-2.99994,-2.75841,1,-0.000568107,0.431971,0,0.00418723,0.300825,0,0.00658872,5,27.9,-2.75451,-2,1,0.487751,-2.34693e-05,0,0.211418,1.49012e-05,0,0.00871618,6,27.9,-1.62141,3,1,0.5,0,0,-7.45058e-06,0,0,0.00580858,7,27.9,-2.75463,2.01414,1,0.470138,-0.00798926,0,0.276834,-0.138819,0,0.00888186,8,27.9,-1.01354,-0.777115,1,-0.0294778,0.359724,0,0.225857,-0.0306144,0,0.0132877,9,27.9,-0.777333,0.0161439,1,0.354488,-0.00141743,0,-0.0114329,-0.138691,0,0.0208859,10,27.9,-2.42806,1.00001,1,0.418839,-1.28523e-05,0,0.562325,3.72529e-05,0,0.0110111,11,27.9,-1.31886,-3,1,-0.5,1.15484e-05,0,7.45058e-06,-1.49012e-05,0,0.0117727,12,27.9,0.999999,-2.99693,1,-1.6205e-05,-0.00616945,0,0,-0.000551343,0,0.00772434,13,27.9,-2.0059,2.30131,1,-0.00752397,0.499876,0,0.0261813,0.00494719,0,0.00708803,14,27.9,-2.46289,0.00283633,1,0.193929,-0.0200065,0,0.0342876,0.0364877,0,0.0120679,15,27.9,0.998368,-0.99472,1,-0.0060075,0.0737685,0,0.0331439,-0.328016,0,0.0130298,16,27.9,4.88802e-11,3,1,3.60356e-11,-1.41561e-05,0,-4.91622e-10,-2.98023e-05,0,0.0120137,17,27.9,-3,-0.461213,1,0,0.1894,0,0,0.0355821,0,0.00959549,18,27.9,-0.620907,-1.99767,1,0.5,0.0099631,0,0,-0.0348166,0,0.0100094,19,27.9,1.00003,1.99972,1,5.81145e-05,0.0030309,0,-0.000447035,-0.00686944,0,0.0116676,20,27.9,2.99935,2.99984,1,0.00278018,-0.00272766,0,-0.00675023,-0.0863671,0,0.00406629,21,27.9,3,1.00104,1,-3.72529e-06,-0.00428837,0,-5.96046e-05,0.00461191,0,0.0102957,22,27.9,-1.00529,1.99998,1,-0.0736502,-8.27014e-05,0,0.327725,0.000491738,0,0.00970269,23,27.9,2.00084,-1.99999,1,-0.00393316,-7.80448e-05,0,0.0050962,9.68575e-05,0,0.0119747,24,27.9,1.02193,0.621126,1,0.00818279,-0.5,0,-0.158213,0,0,0.0109476,25,27.9,2,2.0138,1,6.14673e-06,0.0379767,0,6.70552e-05,-0.2691,0,0.0107803,26,27.9,1.99999,3,1,-2.16067e-05,7.82311e-06,0,2.98023e-05,-7.45058e-05,0,0.00653673,27,27.9,1.99868,-1.22539e-05,1,0.00419337,5.87379e-05,0,-0.00210851,-7.84477e-05,0,0.0122982,28,27.9,-0.202242,-1.0003,1,-0.422978,-0.000593998,0,0.221668,0.000573695,0,0.0122504,29,27.9,-0.999541,0.986546,1,0.000826269,-0.0432105,0,-0.00683963,0.284176,0,0.0104785,30,27.9,2.99989,-2.99998,1,6.85453e-05,-5.7742e-05,0,0.000536442,4.47035e-05,0,0.0105826,31,27.9,1.99997,-2.99996,1,-0.000165962,-0.000512972,0,0.000663102,0.00448525,0,0.00763201,32,27.9,-1.99943,-0.538542,1,-0.0140101,-0.190678,0,0.0375211,-0.0369884,0,0.0127119,33,27.9,3,-2.59802e-06,1,0,1.20186e-05,0,0,-1.49093e-05,0,0.00526747,34,27.9,-2.53696,-1.00013,1,-0.192101,0.00952613,0,-0.0420511,-0.0333786,0,0.00896337,35,27.9,0.974436,-2.00003,1,0.180155,0.000257045,0,-0.46723,-0.000834465,0,0.00848204
0,28,0.0003231,-0.262015,1,0.000506818,-0.349786,0,-0.00044069,0.12508,0,0.0176612,1,28,-1.63153,-1.98093,1,0.500003,0.0264734,0,-5.96046e-05,-0.202656,0,0.0113794,2,28,0.319408,0.999232,1,0.5,-0.0042811,0,-1.43051e-05,0.0143647,0,0.0120467,3,28,-2.99999,3,1,1.78814e-05,0,0,-0.000238419,0,0,0.00715659,4,28,-2.99998,-2.71372,1,-0.000220537,0.461322,0,0.00286102,0.271082,0,0.00648138,5,28,-2.70504,-2,1,0.498611,-1.78814e-05,0,0.0277758,0,0,0.00874551,6,28,-1.57141,3,1,0.500003,0,0,-5.96046e-05,0,0,0.00574191,7,28,-2.70646,2.01274,1,0.490838,-0.0189543,0,0.138402,-0.082612,0,0.00764265,8,28,-1.01545,-0.741443,1,-0.00968277,0.352235,0,0.170648,-0.119209,0,0.0141756,9,28,-0.74209,0.0153889,1,0.348884,-0.0129073,0,-0.10094,-0.0922112,0,0.0166564,10,28,-2.38371,1,1,0.464964,-8.9407e-06,0,0.360131,0,0,0.0101434,11,28,-1.36886,-3,1,-0.500003,1.19209e-05,0,5.96046e-05,-0.000119209,0,0.00872414,12,28,0.999998,-2.99754,1,-1.49012e-05,-0.00602007,0,2.98023e-05,0.00357628,0,0.00793686,13,28,-2.00651,2.3513,1,-0.00477433,0.5,0,0.0283718,0,0,0.00794934,14,28,-2.44326,0.00102579,1,0.199151,-0.016141,0,0.062108,0.0402972,0,0.0114345,15,28,0.997923,-0.988887,1,-0.00298768,0.0438705,0,0.0272393,-0.269741,0,0.0116879,16,28,5.02192e-11,3,1,-7.32123e-12,-1.78814e-05,0,-3.75613e-10,0,0,0.00965824,17,28,-3,-0.442026,1,0,0.194825,0,0,0.0644922,0,0.00754614,18,28,-0.570907,-1.99684,1,0.5,0.00662506,0,2.98023e-05,-0.0317693,0,0.00935707,19,28,1.00004,1.99999,1,1.78814e-05,0.00233352,0,-0.000417233,-0.00685453,0,0.010626,20,28,2.99959,2.99922,1,0.00210404,-0.00890493,0,-0.00655651,-0.0398159,0,0.00423924,21,28,3,1.00064,1,-5.96046e-06,-0.00374615,0,-0.000119209,0.00619888,0,0.00918669,22,28,-1.01111,1.99997,1,-0.0437796,-3.8743e-05,0,0.269473,0.000357628,0,0.00975079,23,28,2.00048,-1.99999,1,-0.0033617,-6.55651e-05,0,0.00631809,0.000119209,0,0.0121763,24,28,1.02203,0.571126,1,-0.00555217,-0.5,0,-0.117362,-2.98023e-05,0,0.0101698,25,28,2,2.01636,1,1.19209e-05,0.0141621,0,0,-0.207901,0,0.0102437,26,28,1.99999,3,1,-1.78814e-05,5.96046e-06,0,0.000119209,-0.000238419,0,0.00711359,27,28,1.99908,-6.80533e-06,1,0.00386536,4.99518e-05,0,-0.00435114,-9.53864e-05,0,0.0117546,28,28,-0.243367,-1.00035,1,-0.398824,-0.000533462,0,0.263184,0.000476837,0,0.0145326,29,28,-0.99949,0.98354,1,0.000220537,-0.017941,0,-0.00527501,0.22158,0,0.0101237,30,28,2.99989,-2.99998,1,0.000113249,-5.36442e-05,0,0.000357628,0.000119209,0,0.00982697,31,28,1.99996,-2.99999,1,-0.000101328,-0.000143051,0,0.000536442,0.00298023,0,0.00759642,32,28,-2.00065,-0.557862,1,-0.0102818,-0.196205,0,0.0365973,-0.0653565,0,0.0127277,33,28,3,-1.47817e-06,1,0,1.03136e-05,0,0,-1.87914e-05,0,0.00466288,34,28,-2.55645,-0.999335,1,-0.198036,0.00635982,0,-0.0686646,-0.0299513,0,0.00864229,35,28,0.990177,-2.00001,1,0.135349,0.000178814,0,-0.42671,-0.000655651,0,0.00754893
0,28.1,0.000370112,-0.296293,1,0.000422487,-0.334986,0,-0.00110007,0.171579,0,0.0176612,1,28.1,-1.58153,-1.97921,1,0.5,0.00858158,0,-7.45058e-06,-0.156164,0,0.0113794,2,28.1,0.369408,0.998874,1,0.5,-0.00291802,0,0,0.0128746,0,0.0120467,3,28.1,-2.99999,3,1,-1.11759e-06,0,0,-0.000163913,0,0,0.00715659,4,28.1,-2.99999,-2.66638,1,1.00583e-05,0.483914,0,0.00180304,0.176117,0,0.00648138,5,28.1,-2.65509,-2.00001,1,0.499913,-1.75089e-05,0,0.00347197,1.49012e-05,0,0.00874551,6,28.1,-1.52141,3,1,0.5,0,0,-7.45058e-06,0,0,0.00574191,7,28.1,-2.65689,2.01051,1,0.498867,-0.0249617,0,0.0341088,-0.0392795,0,0.00764265,8,28.1,-1.01565,-0.706894,1,0.00483822,0.337951,0,0.120915,-0.167191,0,0.0141756,9,28.1,-0.707789,0.0137049,1,0.336271,-0.0201273,0,-0.152029,-0.0534374,0,0.0166564,10,28.1,-2.33574,1,1,0.491191,-8.9407e-06,0,0.165194,0,0,0.0101434,11,28.1,-1.41886,-2.99999,1,-0.5,1.86265e-06,0,7.45058e-06,-7.45058e-05,0,0.00872414,12,28.1,0.999996,-2.99812,1,-1.14553e-05,-0.00550412,0,4.09782e-05,0.00654161,0,0.00793686,13,28.1,-2.00685,2.4013,1,-0.00202097,0.5,0,0.0265092,0,0,0.00794934,14,28.1,-2.42265,-0.000388094,1,0.216531,-0.0121543,0,0.262678,0.0392491,0,0.0114345,15,28.1,0.99775,-0.985749,1,-0.00057919,0.0198738,0,0.0209771,-0.210736,0,0.0116879,16,28.1,4.78031e-11,2.99999,1,-3.91029e-11,-1.60187e-05,0,-2.61817e-10,4.47035e-05,0,0.00965824,17,28.1,-3,-0.421825,1,0,0.212546,0,0,0.266524,0,0.00754614,18,28.1,-0.520907,-1.99633,1,0.5,0.00363775,0,-2.08616e-06,-0.0278801,0,0.00935707,19,28.1,1.00004,2.00019,1,-1.75089e-05,0.00166614,0,-0.000283122,-0.00644475,0,0.010626,20,28.1,2.99977,2.99819,1,0.00147484,-0.0111792,0,-0.00594556,-0.0076443,0,0.00423924,21,28.1,3,1.0003,1,-1.41561e-05,-0.00308529,0,-2.98023e-05,0.00689924,0,0.00918669,22,28.1,-1.01425,1.99997,1,-0.019809,-7.26432e-06,0,0.210486,0.000275671,0,0.00975079,23,28.1,2.00018,-2,1,-0.00270493,-5.32717e-05,0,0.00672042,0.00013411,0,0.0121763,24,28.1,1.02095,0.521126,1,-0.0154808,-0.5,0,-0.0820756,2.08616e-06,0,0.0101698,25,28.1,2,2.01683,1,1.15484e-05,-0.00367202,0,-1.49012e-05,-0.149891,0,0.0102437,26,28.1,1.99999,3,1,-7.07805e-06,-1.15484e-05,0,8.9407e-05,-0.00013411,0,0.00711359,27,28.1,1.99945,-2.30044e-06,1,0.00335835,4.005e-05,0,-0.00566244,-0.000101181,0,0.0117546,28,28.1,-0.281916,-1.0004,1,-0.371957,-0.000442378,0,0.276065,0.00119954,0,0.0145326,29,28.1,-0.999491,0.982752,1,-0.000230968,0.00117607,0,-0.00377744,0.161804,0,0.0101237,30,28.1,2.99991,-2.99999,1,0.000140443,-4.20958e-05,0,0.000193715,0.000104308,0,0.00982697,31,28.1,1.99995,-3,1,-5.12227e-05,8.75443e-05,0,0.000469387,0.00168383,0,0.00759642,32,28.1,-2.0015,-0.578203,1,-0.00682287,-0.213951,0,0.0326186,-0.26669,0,0.0127277,33,28.1,3,-5.44097e-07,1,0,8.34262e-06,0,0,-2.03151e-05,0,0.00466288,34,28.1,-2.57698,-0.998839,1,-0.216023,0.00365041,0,-0.268236,-0.0244528,0,0.00864229,35,28.1,1.00166,-1.99999,1,0.0952796,0.00011865,0,-0.373449,-0.000543892,0,0.00754893
0,28.2,0.000406771,-0.328853,1,0.000312681,-0.315405,0,-0.000983171,0.220016,0,0.0174574,1,28.2,-1.53153,-1.97907,1,0.500003,-0.00495613,0,-5.96046e-05,-0.115454,0,0.00953933,2,28.2,0.419408,0.998643,1,0.5,-0.00171214,0,-1.43051e-05,0.0112057,0,0.0135789,3,28.2,-2.99999,3,1,-5.96046e-06,0,0,-0.000238419,0,0,0.00562767,4,28.2,-2.99998,-2.61728,1,0.000143051,0.496304,0,0.000953674,0.0739098,0,0.00924673,5,28.2,-2.60509,-2.00001,1,0.5,-1.19209e-05,0,0,0,0,0.00905335,6,28.2,-1.47141,3,1,0.500003,0,0,-5.96046e-05,0,0,0.00635651,7,28.2,-2.60692,2.00788,1,0.5,-0.0271499,0,0,-0.00596046,0,0.00816173,8,28.2,-1.01464,-0.674018,1,0.0147253,0.318722,0,0.0779033,-0.217408,0,0.0136237,9,28.2,-0.675011,0.0114805,1,0.318404,-0.0238362,0,-0.205308,-0.0219066,0,0.0155985,10,28.2,-2.28611,1,1,0.498271,-5.96046e-06,0,-0.0215769,-5.96046e-05,0,0.00935136,11,28.2,-1.46886,-3,1,-0.500003,0,0,5.96046e-05,-0.000238419,0,0.00828895,12,28.2,0.999995,-2.99863,1,-7.45058e-06,-0.00475049,0,2.98023e-05,0.00834465,0,0.00984584,13,28.2,-2.00692,2.4513,1,0.000500679,0.5,0,0.0237226,0,0,0.00690569,14,28.2,-2.3995,-0.00141034,1,0.24758,-0.00832513,0,0.339985,0.0371809,0,0.0107557,15,28.2,0.997787,-0.984721,1,0.00121742,0.00159591,0,0.01508,-0.155658,0,0.0155403,16,28.2,4.2759e-11,2.99999,1,-6.00777e-11,-1.78814e-05,0,-1.59813e-10,0.000238419,0,0.0117343,17,28.2,-3,-0.399065,1,0,0.243919,0,0,0.34225,0,0.00886337,18,28.2,-0.470907,-1.9961,1,0.5,0.00106394,0,-1.43051e-05,-0.0235438,0,0.010016,19,28.2,1.00003,2.00033,1,-4.17233e-05,0.001055,0,-0.000178814,-0.00572205,0,0.0125735,20,28.2,2.99989,2.99707,1,0.000923872,-0.0108004,0,-0.00488758,0.0135899,0,0.00541323,21,28.2,3,1.00002,1,-1.78814e-05,-0.00238866,0,0,0.00700355,0,0.00853265,22,28.2,-1.01527,1.99997,1,-0.0015527,1.49012e-05,0,0.155389,0.000238419,0,0.0118636,23,28.2,1.99994,-2,1,-0.0020355,-4.17233e-05,0,0.00667572,0.000238419,0,0.0107324,24,28.2,1.01904,0.471126,1,-0.0221372,-0.5,0,-0.0517964,1.43051e-05,0,0.0103036,25,28.2,2,2.01581,1,1.19209e-05,-0.0160456,0,-0.000119209,-0.0985861,0,0.0121025,26,28.2,1.99999,3,1,2.98023e-06,-1.78814e-05,0,5.96046e-05,-0.000119209,0,0.00669881,27,28.2,1.99975,1.19918e-06,1,0.00275373,2.99773e-05,0,-0.00625849,-9.91212e-05,0,0.0125957,28,28.2,-0.317698,-1.00044,1,-0.34331,-0.000318885,0,0.297964,0.00107288,0,0.0128674,29,28.2,-0.999531,0.983587,1,-0.000540912,0.0146404,0,-0.00244379,0.108629,0,0.00986747,30,28.2,2.99992,-2.99999,1,0.000149012,-3.57628e-05,0,0.000119209,0.000119209,0,0.00877523,31,28.2,1.99995,-2.99998,1,-8.9407e-06,0.000202656,0,0.000357628,0.000834465,0,0.00750252,32,28.2,-2.00202,-0.601107,1,-0.00375509,-0.245421,0,0.0288486,-0.344425,0,0.0121725,33,28.2,3,1.8823e-07,1,0,6.30668e-06,0,0,-2.01561e-05,0,0.00464927,34,28.2,-2.6001,-0.998589,1,-0.247574,0.001432,0,-0.344515,-0.0201166,0,0.00928373,35,28.2,1.00942,-1.99998,1,0.0608504,6.85453e-05,0,-0.314593,-0.000417233,0,0.00807825
0,28.3,0.0004321,-0.359323,1,0.000187051,-0.294161,0,-0.00139832,0.209777,0,0.0174574,1,28.3,-1.48153,-1.98008,1,0.5,-0.0147069,0,-7.45058e-06,-0.080429,0,0.00953933,2,28.3,0.469408,0.998525,1,0.5,-0.000679959,0,-1.78814e-06,0.00942871,0,0.0135789,3,28.3,-3,3,1,-1.9744e-05,0,0,-4.47035e-05,0,0,0.00562767,4,28.3,-2.99997,-2.56742,1,0.000207871,0.499769,0,0.00038743,0.00923872,0,0.00924673,5,28.3,-2.55509,-2.00001,1,0.5,-1.15484e-05,0,0,1.49012e-05,0,0.00905335,6,28.3,-1.42142,3,1,0.499883,0,0,-0.00467151,0,0,0.00635651,7,28.3,-2.55692,2.00517,1,0.5,-0.0266016,0,0,0.0157952,0,0.00816173,8,28.3,-1.01284,-0.643205,1,0.0207497,0.297681,0,0.0435635,-0.208389,0,0.0136237,9,28.3,-0.644175,0.0090279,1,0.298402,-0.0248333,0,-0.199627,0.000994396,0,0.0155985,10,28.3,-2.23672,1,1,0.486353,-1.00583e-05,0,-0.209883,-1.49012e-05,0,0.00935136,11,28.3,-1.51886,-3,1,-0.5,-1.49012e-05,0,7.45058e-06,-5.96046e-05,0,0.00828895,12,28.3,0.999995,-2.99906,1,-4.37722e-06,-0.00386909,0,3.35276e-05,0.00911951,0,0.00984584,13,28.3,-2.00676,2.5013,1,0.00269935,0.5,0,0.0201464,0,0,0.00690569,14,28.3,-2.37283,-0.00206677,1,0.287611,-0.00490255,0,0.440314,0.03124,0,0.0107557,15,28.3,0.997975,-0.985254,1,0.0024477,-0.0114061,0,0.00965595,-0.105597,0,0.0155403,16,28.3,3.6104e-11,2.99999,1,-7.15785e-11,1.11759e-06,0,-7.31261e-11,0.000163913,0,0.0117343,17,28.3,-3,-0.372738,1,0,0.284323,0,0,0.445312,0,0.00886337,18,28.3,-0.420909,-1.9961,1,0.499881,-0.00102278,0,-0.00475526,-0.0182465,0,0.010016,19,28.3,1.00003,2.00041,1,-5.51343e-05,0.000529736,0,-8.9407e-05,-0.00476837,0,0.0125735,20,28.3,2.99996,2.99608,1,0.000490993,-0.00879355,0,-0.00375509,0.0253171,0,0.00541323,21,28.3,2.99999,0.999819,1,-1.60187e-05,-0.00170749,0,4.47035e-05,0.00656396,0,0.00853265,22,28.3,-1.01473,1.99997,1,0.0114253,3.42727e-05,0,0.105388,0.000149012,0,0.0118636,23,28.3,1.99977,-2.00001,1,-0.00139549,-2.01166e-05,0,0.00607967,0.000178814,0,0.0107324,24,28.3,1.01662,0.421128,1,-0.0259532,-0.499882,0,-0.0254437,0.00471801,0,0.0103036,25,28.3,2,2.01379,1,1.86265e-06,-0.0236504,0,-7.45058e-05,-0.0549853,0,0.0121025,26,28.3,1.99999,2.99999,1,8.00937e-06,-2.49594e-05,0,3.72529e-05,-4.47035e-05,0,0.00669881,27,28.3,2,3.71397e-06,1,0.00212193,2.04631e-05,0,-0.00627339,-9.04642e-05,0,0.0125957,28,28.3,-0.350566,-1.00047,1,-0.314247,-0.000189245,0,0.285588,0.00140071,0,0.0128674,29,28.3,-0.999595,0.985514,1,-0.000726432,0.0231404,0,-0.00130385,0.0628456,0,0.00986747,30,28.3,2.99994,-2.99999,1,0.000152364,-2.57045e-05,0,-4.47035e-05,7.45058e-05,0,0.00877523,31,28.3,1.99995,-2.99996,1,2.23517e-05,0.000248849,0,0.000268221,0.000149012,0,0.00750252,32,28.3,-2.00227,-0.627589,1,-0.0012029,-0.285877,0,0.0222772,-0.444371,0,0.0121725,33,28.3,3,7.20364e-07,1,0,4.36243e-06,0,0,-1.85752e-05,0,0.00464927,34,28.3,-2.62679,-0.998536,1,-0.287834,-0.00027027,0,-0.440016,-0.0140965,0,0.00928373,35,28.3,1.01404,-1.99998,1,0.0325114,3.12924e-05,0,-0.252441,-0.000327826,0,0.00807825
0,28.4,0.00044402,-0.387675,1,5.59296e-05,-0.27265,0,-0.00112611,0.223517,0,0.0166147,1,28.4,-1.43153,-1.9819,1,0.500003,-0.0212163,0,-5.96046e-05,-0.0504851,0,0.0105702,2,28.4,0.519408,0.998501,1,0.500001,0.000172853,0,-2.98023e-05,0.00762939,0,0.0145999,3,28.4,-3,3,1,-1.78814e-05,0,0,0,0,0,0.00636601,4,28.4,-2.99994,-2.51743,1,0.000220537,0.5,0,0,0,0,0.00742184,5,28.4,-2.50509,-2.00001,1,0.5,-5.96046e-06,0,0,-0.000119209,0,0.00837394,6,28.4,-1.37149,3,1,0.498134,0,0,-0.0373721,0,0,0.00528719,7,28.4,-2.50692,2.00262,1,0.5,-0.0242054,0,0,0.0311136,0,0.00901194,8,28.4,-1.01059,-0.614496,1,0.0236332,0.276236,0,0.01508,-0.223666,0,0.0134899,9,28.4,-0.615356,0.00658063,1,0.277682,-0.0238238,0,-0.217795,0.0183038,0,0.0152589,10,28.4,-2.1894,1,1,0.457644,-1.19209e-05,0,-0.357985,-2.98023e-05,0,0.00972923,11,28.4,-1.56886,-3,1,-0.500003,-1.78814e-05,0,5.96046e-05,0.000119209,0,0.00945581,12,28.4,0.999994,-2.9994,1,-1.49012e-06,-0.00295639,0,2.98023e-05,0.00882149,0,0.00758241,13,28.4,-2.0064,2.5513,1,0.00451803,0.5,0,0.0160933,0,0,0.00766815,14,28.4,-2.34184,-0.00241087,1,0.332034,-0.00208007,0,0.432372,0.0252109,0,0.0101922,15,28.4,0.99826,-0.986848,1,0.00317693,-0.0197679,0,0.00503659,-0.0629127,0,0.0139371,16,28.4,2.87034e-11,2.99999,1,-7.52758e-11,5.96046e-06,0,-3.62474e-12,0.000238419,0,0.0131042,17,28.4,-3,-0.34205,1,0,0.329331,0,0,0.438854,0,0.00892545,18,28.4,-0.370983,-1.99629,1,0.498097,-0.00260174,0,-0.0380427,-0.0133514,0,0.0110672,19,28.4,1.00002,2.00044,1,-6.25849e-05,0.000101328,0,0,-0.00369549,0,0.0115162,20,28.4,2.99999,2.99534,1,0.000178814,-0.00594854,0,-0.0026226,0.0305176,0,0.0057483,21,28.4,2.99999,0.99968,1,-1.78814e-05,-0.00108629,0,0.000238419,0.00584126,0,0.0101579,22,28.4,-1.01314,1.99998,1,0.0197709,4.47035e-05,0,0.0627041,5.96046e-05,0,0.0118115,23,28.4,1.99966,-2.00001,1,-0.000825524,-5.96046e-06,0,0.00524521,0.000119209,0,0.0123174,24,28.4,1.01393,0.371201,1,-0.0274062,-0.498113,0,-0.00447035,0.0377446,0,0.00933604,25,28.4,2,2.01121,1,-5.96046e-06,-0.0273287,0,0,-0.0197887,0,0.0128432,26,28.4,1.99999,2.99999,1,1.19209e-05,-2.38419e-05,0,0,0,0,0.00508829,27,28.4,2.00018,5.32705e-06,1,0.001508,1.20016e-05,0,-0.00596046,-7.82952e-05,0,0.0120521,28,28.4,-0.380568,-1.00048,1,-0.285806,-5.36442e-05,0,0.284806,0.00107288,0,0.0140969,29,28.4,-0.999673,0.988077,1,-0.000809133,0.0274971,0,-0.00038743,0.0256598,0,0.0111547,30,28.4,2.99995,-2.99999,1,0.000143051,-1.78814e-05,0,-0.000119209,0.000119209,0,0.00956483,31,28.4,1.99996,-2.99993,1,4.76837e-05,0.000238419,0,0.000119209,-0.000357628,0,0.00746146,32,28.4,-2.00229,-0.658424,1,0.000721216,-0.330681,0,0.0162125,-0.435919,0,0.0105639,33,28.4,3,1.0674e-06,1,0,2.61763e-06,0,0,-1.62149e-05,0,0.00451634,34,28.4,-2.65779,-0.998624,1,-0.331903,-0.00142157,0,-0.425339,-0.0090003,0,0.00741093,35,28.4,1.01613,-1.99998,1,0.0102848,2.98023e-06,0,-0.192702,-0.000238419,0,0.00807058
0,28.5,0.000443569,-0.413883,1,-6.64562e-05,-0.251976,0,-0.00121942,0.195319,0,0.0166147,1,28.5,-1.3816,-1.98423,1,0.497843,-0.0249278,0,-0.0464246,-0.0246614,0,0.0105702,2,28.5,0.569407,0.998553,1,0.499923,0.000833441,0,-0.00305846,0.00561401,0,0.0145999,3,28.5,-3,3,1,-1.3411e-05,0,0,5.96046e-05,0,0,0.00636601,4,28.5,-2.99992,-2.46743,1,0.000203773,0.5,0,-0.000312924,0,0,0.00742184,5,28.5,-2.45509,-2.00001,1,0.5,-1.41561e-05,0,0,-2.98023e-05,0,0.00837394,6,28.5,-1.32195,3,1,0.49161,0,0,-0.0971481,0,0,0.00528719,7,28.5,-2.45692,2.00037,1,0.5,-0.0206023,0,0,0.0401288,0,0.00901194,8,28.5,-1.00819,-0.587932,1,0.0240605,0.255516,0,-0.00560284,-0.196133,0,0.0134899,9,28.5,-0.588623,0.00430995,1,0.257364,-0.0214081,0,-0.193764,0.0292281,0,0.0152589,10,28.5,-2.14561,1,1,0.416394,-1.33179e-05,0,-0.461251,-3.72529e-06,0,0.00972923,11,28.5,-1.61879,-3,1,-0.497818,-7.82311e-06,0,0.0468791,7.45058e-05,0,0.00945581,12,28.5,0.999994,-2.99966,1,1.39698e-06,-0.00210367,0,2.6077e-05,0.00812113,0,0.00758241,13,28.5,-2.00587,2.60127,1,0.00587255,0.498792,0,0.0110567,-0.0292063,0,0.00766815,14,28.5,-2.30668,-0.00250357,1,0.369051,0.000121368,0,0.304177,0.0189231,0,0.0101922,15,28.5,0.998596,-0.989078,1,0.00348603,-0.0242379,0,0.00130013,-0.0278652,0,0.0139371,16,28.5,2.12508e-11,3,1,-7.29161e-11,1.9744e-05,0,4.7954e-11,4.47035e-05,0,0.0131042,17,28.5,-3,-0.306615,1,0,0.381378,0,0,0.560708,0,0.00892545,18,28.5,-0.321454,-1.99661,1,0.491487,-0.00371449,0,-0.0981688,-0.0089705,0,0.0110672,19,28.5,1.00002,2.00043,1,-6.01634e-05,-0.000217557,0,3.72529e-05,-0.00271201,0,0.0115162,20,28.5,3,2.9949,1,-2.68221e-05,-0.00286922,0,-0.00154972,0.0304878,0,0.0057483,21,28.5,2.99999,0.999599,1,1.11759e-06,-0.000550412,0,0.000163913,0.00486523,0,0.0101579,22,28.5,-1.01091,1.99998,1,0.0242235,4.80562e-05,0,0.0277236,1.49012e-05,0,0.0118115,23,28.5,1.9996,-2.00001,1,-0.000349432,4.09782e-06,0,0.00427663,7.45058e-05,0,0.0123174,24,28.5,1.0112,0.321669,1,-0.0270339,-0.491541,0,0.0111833,0.0977255,0,0.00933604,25,28.5,2,2.00842,1,-5.96046e-06,-0.0279095,0,0,0.00680983,0,0.0128432,26,28.5,1.99999,2.99999,1,1.19209e-05,-2.19792e-05,0,0,4.47035e-05,0,0.00508829,27,28.5,2.0003,6.15993e-06,1,0.000946969,4.90125e-06,0,-0.00524521,-6.36022e-05,0,0.0120521,28,28.5,-0.40783,-1.00048,1,-0.260318,6.78003e-05,0,0.231665,0.0012368,0,0.0140969,29,28.5,-0.999755,0.990904,1,-0.000811275,0.0285653,0,0.000309199,-0.00288337,0,0.0111547,30,28.5,2.99997,-3,1,0.000126287,-7.82311e-06,0,-0.000193715,7.45058e-05,0,0.00956483,31,28.5,1.99996,-2.99991,1,5.71832e-05,0.000189617,0,8.19564e-05,-0.000581145,0,0.00746146,32,28.5,-2.00259,-0.693467,1,-0.010993,-0.36803,0,-0.228986,-0.307281,0,0.0105639,33,28.5,3,1.2529e-06,1,0,1.14126e-06,0,0,-1.32829e-05,0,0.00451634,34,28.5,-2.6929,-0.998351,1,-0.36799,0.0109552,0,-0.292525,0.235017,0,0.00741093,35,28.5,1.01629,-1.99998,1,-0.00613593,-1.67638e-05,0,-0.136837,-0.000163913,0,0.00807058
0,28.6,0.000431366,-0.438115,1,-0.000170278,-0.232693,0,-0.000782384,0.193968,0,0.0168935,1,28.6,-1.33215,-1.98681,1,0.490162,-0.0263274,0,-0.109375,-0.00411272,0,0.010261,2,28.6,0.619359,0.998662,1,0.498775,0.00130534,0,-0.0245273,0.0038147,0,0.0123271,3,28.6,-3,3,1,-5.96046e-06,0,0,0.000119209,0,0,0.00599772,4,28.6,-2.9999,-2.41743,1,0.000160933,0.5,0,-0.000476837,0,0,0.00769005,5,28.6,-2.40509,-2.00001,1,0.5,-1.78814e-05,0,0,0.000119209,0,0.0089429,6,28.6,-1.2734,3,1,0.478059,0,0,-0.17637,0,0,0.00491295,7,28.6,-2.40692,1.99852,1,0.5,-0.0163347,0,0,0.0445843,0,0.0100362,8,28.6,-1.00584,-0.563351,1,0.0226915,0.23611,0,-0.0209808,-0.195593,0,0.0148478,9,28.6,-0.56385,0.00232792,1,0.238059,-0.018123,0,-0.195771,0.0358057,0,0.0166601,10,28.6,-2.1064,0.999998,1,0.366515,-1.19209e-05,0,-0.53072,0,0,0.00917862,11,28.6,-1.66824,-3,1,-0.490078,0,0,0.110149,0,0,0.0101949,12,28.6,0.999995,-2.99983,1,4.47035e-06,-0.00135303,0,0,0.00691414,0,0.00789351,13,28.6,-2.00524,2.65092,1,0.00674725,0.49327,0,0.00655651,-0.0846386,0,0.00619196,14,28.6,-2.26849,-0.00240649,1,0.392294,0.00172619,0,0.158548,0.0132847,0,0.0110986,15,28.6,0.998946,-0.991592,1,0.00346601,-0.0256032,0,-0.00149012,-0.000745058,0,0.0134161,16,28.6,1.42644e-11,3,1,-6.62232e-11,1.78814e-05,0,8.33851e-11,0,0,0.0122832,17,28.6,-3,-0.265739,1,0,0.434797,0,0,0.482329,0,0.00592115,18,28.6,-0.272922,-1.99702,1,0.477825,-0.00441372,0,-0.177458,-0.00506639,0,0.0104893,19,28.6,1.00001,2.0004,1,-5.66244e-05,-0.000441074,0,0.000119209,-0.00178814,0,0.0108178,20,28.6,2.99999,2.99476,1,-0.000137091,4.76837e-05,0,-0.000834465,0.0274181,0,0.00411954,21,28.6,2.99999,0.999567,1,5.96046e-06,-0.000116229,0,0.000238419,0.0038743,0,0.00859459,22,28.6,-1.0084,1.99999,1,0.0255793,4.76837e-05,0,0.000655651,-5.96046e-05,0,0.0102041,23,28.6,1.99958,-2.00001,1,2.68221e-05,1.19209e-05,0,0.00327826,0,0,0.0115641,24,28.6,1.00857,0.273129,1,-0.0253081,-0.477926,0,0.0226498,0.176958,0,0.00867815,25,28.6,2,2.0057,1,-5.96046e-06,-0.026232,0,0,0.0257492,0,0.0106575,26,28.6,1.99999,2.99999,1,1.19209e-05,-1.19209e-05,0,-5.96046e-05,0,0,0.00584128,27,28.6,2.00037,6.35703e-06,1,0.000464916,-7.09622e-07,0,-0.00441074,-4.86318e-05,0,0.0116433,28,28.6,-0.432747,-1.00047,1,-0.238328,0.000175834,0,0.212878,0.000834465,0,0.0140285,29,28.6,-0.999833,0.993709,1,-0.000753999,0.0271887,0,0.000804663,-0.0234246,0,0.0113572,30,28.6,2.99998,-3,1,0.000101328,-5.96046e-06,0,-0.000238419,0.000119209,0,0.00915934,31,28.6,1.99997,-2.9999,1,6.25849e-05,0.00012517,0,0,-0.000715256,0,0.00751942,32,28.6,-2.0051,-0.731568,1,-0.041163,-0.391556,0,-0.356793,-0.16129,0,0.00990285,33,28.6,3,1.30565e-06,1,0,-3.56891e-08,0,0,-1.02534e-05,0,0.00469631,34,28.6,-2.73091,-0.995825,1,-0.389826,0.0416666,0,-0.142097,0.361532,0,0.00801535,35,28.6,1.01507,-1.99998,1,-0.0173211,-2.98023e-05,0,-0.0879765,-5.96046e-05,0,0.00729398
0,28.7,0.000410293,-0.460514,1,-0.000250163,-0.2161,0,-0.0007241,0.144886,0,0.0168935,1,28.7,-1.2838,-1.98943,1,0.475758,-0.0259412,0,-0.180237,0.0111088,0,0.010261,2,28.7,0.669037,0.998809,1,0.493872,0.00160821,0,-0.0783689,0.00227988,0,0.0123271,3,28.7,-3,3,1,3.72529e-06,0,0,5.96046e-05,0,0,0.00599772,4,28.7,-2.99989,-2.36753,1,0.000108778,0.496959,0,-0.000536442,-0.0628382,0,0.00769005,5,28.7,-2.35522,-2.00001,1,0.496185,-7.45058e-06,0,-0.0772327,8.9407e-05,0,0.0089429,6,28.7,-1.22666,3,1,0.454925,0,0,-0.283182,0,0,0.00491295,7,28.7,-2.35704,1.99711,1,0.496299,-0.0119166,0,-0.075087,0.0434294,0,0.0100362,8,28.7,-1.0037,-0.54062,1,0.0200896,0.219303,0,-0.0303462,-0.147495,0,0.0148478,9,28.7,-0.540929,0.000698954,1,0.221138,-0.0144252,0,-0.149481,0.0376768,0,0.0166601,10,28.7,-2.07248,0.999997,1,0.311388,-1.09896e-05,0,-0.565961,2.23517e-05,0,0.00917862,11,28.7,-1.71703,-3,1,-0.488274,0,0,-0.0449419,0,0,0.0101949,12,28.7,0.999995,-2.99993,1,4.56348e-06,-0.00074394,0,3.72529e-06,0.00526011,0,0.00789351,13,28.7,-2.00454,2.69971,1,0.0072021,0.481334,0,0.0026077,-0.156567,0,0.00619196,14,28.7,-2.22876,-0.00217638,1,0.399333,0.0027906,0,-0.0136197,0.00816065,0,0.0110986,15,28.7,0.999282,-0.994121,1,0.00321055,-0.0246435,0,-0.00348315,0.0187606,0,0.0134161,16,28.7,8.10174e-12,3,1,-5.66599e-11,1.3411e-05,0,1.05576e-10,-5.96046e-05,0,0.0122832,17,28.7,-3,-0.220101,1,0,0.474989,0,0,0.305448,0,0.00592115,18,28.7,-0.226212,-1.99748,1,0.454587,-0.00473484,0,-0.284133,-0.00147521,0,0.0104893,19,28.7,1.00001,2.00034,1,-4.48897e-05,-0.000578165,0,0.000111759,-0.000983477,0,0.0108178,20,28.7,2.99997,2.9949,1,-0.000188127,0.00252761,0,-0.000223517,0.022009,0,0.00411954,21,28.7,3,0.999573,1,1.9744e-05,0.000217278,0,4.47035e-05,0.00281259,0,0.00859459,22,28.7,-1.00587,1.99999,1,0.0246132,4.09782e-05,0,-0.0187978,-7.45058e-05,0,0.0102041,23,28.7,1.9996,-2.00001,1,0.000304915,1.19209e-05,0,0.00228733,0,0,0.0115641,24,28.7,1.00617,0.226407,1,-0.0226356,-0.454735,0,0.0302047,0.283703,0,0.00867815,25,28.7,2,2.00323,1,-5.96046e-06,-0.0230253,0,0,0.0373423,0,0.0106575,26,28.7,2,2.99999,1,7.07805e-06,-1.00583e-05,0,-2.98023e-05,4.47035e-05,0,0.00584128,27,28.7,2.0004,6.06792e-06,1,7.33882e-05,-4.82855e-06,0,-0.00344217,-3.39913e-05,0,0.0116433,28,28.7,-0.455635,-1.00044,1,-0.220431,0.000261888,0,0.15286,0.000789762,0,0.0140285,29,28.7,-0.999904,0.996286,1,-0.000657234,0.0241407,0,0.00109896,-0.036452,0,0.0113572,30,28.7,2.99999,-3,1,7.71135e-05,3.72529e-06,0,-0.00025332,5.96046e-05,0,0.00915934,31,28.7,1.99997,-2.99989,1,6.14673e-05,5.40167e-05,0,-2.98023e-05,-0.000700355,0,0.00751942,32,28.7,-2.01129,-0.771232,1,-0.0850257,-0.398851,0,-0.49974,0.0111647,0,0.00990285,33,28.7,3,1.25592e-06,1,0,-9.08875e-07,0,0,-7.25623e-06,0,0.00469631,34,28.7,-2.77026,-0.989222,1,-0.393955,0.0958681,0,0.0523627,0.690565,0,0.00801535,35,28.7,1.01298,-1.99998,1,-0.0239875,-3.39001e-05,0,-0.0468045,-1.49012e-05,0,0.00729398
0,28.8,0.000382371,-0.481434,1,-0.00029942,-0.202519,0,-0.000195505,0.131696,0,0.0154995,1,28.8,-1.23725,-1.99195,1,0.453916,-0.0242442,0,-0.257015,0.0222325,0,0.0118863,2,28.8,0.717911,0.998979,1,0.482315,0.00176877,0,-0.155866,0.000923872,0,0.010404,3,28.8,-3,3,1,5.96046e-06,0,0,0.000119209,0,0,0.00751354,4,28.8,-2.99988,-2.31826,1,5.36442e-05,0.487107,0,-0.000476837,-0.135303,0,0.0084711,5,28.8,-2.30612,-2.00001,1,0.484437,0,0,-0.158072,0.000119209,0,0.0102361,6,28.8,-1.18274,3,1,0.422069,0,0,-0.370622,0,0,0.00491391,7,28.8,-2.30792,1.99613,1,0.48483,-0.00771582,0,-0.154614,0.0403523,0,0.00838034,8,28.8,-1.00185,-0.519394,1,0.0167578,0.205423,0,-0.0357628,-0.135005,0,0.0129955,9,28.8,-0.519531,-0.000555359,1,0.207001,-0.0106723,0,-0.138134,0.0370084,0,0.0156215,10,28.8,-2.04419,0.999996,1,0.254411,-8.9407e-06,0,-0.568867,2.98023e-05,0,0.0089914,11,28.8,-1.76615,-3,1,-0.494534,0,0,-0.0639558,0,0,0.00913567,12,28.8,0.999996,-2.99998,1,4.47035e-06,-0.000303984,0,0,0.00369549,0,0.0104629,13,28.8,-2.00381,2.74692,1,0.00728369,0.461596,0,-0.000715256,-0.239491,0,0.00608454,14,28.8,-2.18915,-0.0018639,1,0.39041,0.0033888,0,-0.160456,0.00395084,0,0.011331,15,28.8,0.999583,-0.996467,1,0.00279546,-0.0220701,0,-0.00476837,0.0316203,0,0.0122904,16,28.8,2.98436e-12,3,1,-4.5529e-11,5.96046e-06,0,1.15138e-10,-0.000119209,0,0.0139571,17,28.8,-3,-0.171431,1,0,0.494961,0,0,0.100776,0,0.00677312,18,28.8,-0.182328,-1.99795,1,0.421646,-0.00473559,0,-0.371397,0.00137091,0,0.0113729,19,28.8,1,2.00028,1,-3.27826e-05,-0.00064373,0,8.9407e-05,-0.000238419,0,0.0107584,20,28.8,2.99995,2.99525,1,-0.000190735,0.00442863,0,0.000238419,0.015974,0,0.00726562,21,28.8,3,0.999607,1,1.78814e-05,0.000450015,0,0,0.00181794,0,0.0091156,22,28.8,-1.00353,2,1,0.0220388,3.27826e-05,0,-0.0316501,-5.96046e-05,0,0.0119253,23,28.8,1.99964,-2.00001,1,0.000491738,1.19209e-05,0,0.00137091,0,0,0.0107946,24,28.8,1.00406,0.182506,1,-0.0193775,-0.421831,0,0.0344515,0.371061,0,0.00857035,25,28.8,2,2.00112,1,-5.96046e-06,-0.0189483,0,0.000119209,0.0433922,0,0.00948335,26,28.8,2,2.99999,1,2.98023e-06,-5.96046e-06,0,0,0.000119209,0,0.00672858,27,28.8,2.00039,5.43757e-06,1,-0.000220537,-7.56073e-06,0,-0.0025034,-2.09368e-05,0,0.010696,28,28.8,-0.476961,-1.00041,1,-0.206418,0.000315905,0,0.133008,0.000298023,0,0.0144823,29,28.8,-0.999964,0.998504,1,-0.000539422,0.0200972,0,0.0012517,-0.0435114,0,0.0108958,30,28.8,2.99999,-3,1,5.36442e-05,5.96046e-06,0,-0.000238419,0,0,0.00851908,31,28.8,1.99998,-2.99988,1,5.66244e-05,-5.96046e-06,0,0,-0.000715256,0,0.00794307,32,28.8,-2.02238,-0.810807,1,-0.137395,-0.390185,0,-0.531077,0.157744,0,0.0101008,33,28.8,3,1.13338e-06,1,0,-1.49703e-06,0,0,-4.56214e-06,0,0.00465647,34,28.8,-2.80913,-0.97586,1,-0.380743,0.173916,0,0.205278,0.843734,0,0.00793226,35,28.8,1.0104,-1.99999,1,-0.0269592,-3.57628e-05,0,-0.0139475,0,0,0.00767958
0,28.9,0.000351286,-0.501173,1,-0.000321344,-0.193459,0,-0.000141681,0.0594687,0,0.0154995,1,28.9,-1.19332,-1.99593,1,0.423014,-0.0686603,0,-0.35581,-0.788592,0,0.0118863,2,28.9,0.765761,0.999158,1,0.477942,0.00180146,0,0.0403374,-0.000219792,0,0.010404,3,28.9,-3,3,1,1.41561e-05,0,0,2.98023e-05,0,0,0.00751354,4,28.9,-2.99943,-2.27035,1,0.0130672,0.469899,0,0.239417,-0.20954,0,0.0084711,5,28.9,-2.2586,-1.99951,1,0.464776,0.0144029,0,-0.234976,0.264458,0,0.0102361,6,28.9,-1.1425,3,1,0.381737,0,0,-0.43302,0,0,0.00491391,7,28.9,-2.26033,1.99555,1,0.465532,-0.00390727,0,-0.231355,0.0356212,0,0.00838034,8,28.9,-1.00035,-0.499383,1,0.0131133,0.195989,0,-0.0367202,-0.0635553,0,0.0129955,9,28.9,-0.499379,-0.00144306,1,0.197232,-0.00714106,0,-0.0670608,0.0334567,0,0.0156215,10,28.9,-2.02156,0.999995,1,0.19866,-5.86733e-06,0,-0.542253,3.35276e-05,0,0.0089914,11,28.9,-1.81587,-3,1,-0.499091,0,0,-0.0250041,0,0,0.00913567,12,28.9,0.999996,-3,1,4.47035e-06,-1.08033e-05,0,0,0.00222027,0,0.0104629,13,28.9,-2.00309,2.79171,1,0.00705011,0.432373,0,-0.0037998,-0.341102,0,0.00608454,14,28.9,-2.15112,-0.00151105,1,0.368403,0.0036137,0,-0.275657,0.000677844,0,0.011331,15,28.9,0.999838,-0.997989,1,0.00228668,-0.00380659,0,-0.00532344,0.305738,0,0.0122904,16,28.9,-9.94939e-13,3,1,-3.41091e-11,-3.72529e-06,0,1.12043e-10,-5.96046e-05,0,0.0139571,17,28.9,-3,-0.121626,1,0,0.499685,0,0,0.0125974,0,0.00677312,18,28.9,-0.142637,-1.99842,1,0.366765,-0.00448916,0,-0.696482,0.00344962,0,0.0113729,19,28.9,1,2.00022,1,-2.3935e-05,-0.000641868,0,8.56817e-05,0.00025332,0,0.0107584,20,28.9,2.99994,2.99576,1,-0.000156462,0.00569969,0,0.000447035,0.00956655,0,0.00726562,21,28.9,3,0.999659,1,1.3411e-05,0.000588875,0,-5.96046e-05,0.000979751,0,0.0091156,22,28.9,-1.00149,2,1,0.0184901,2.68221e-05,0,-0.0385046,-5.96046e-05,0,0.0119253,23,28.9,1.9997,-2,1,0.00059139,1.19209e-05,0,0.000648201,0,0,0.0107946,24,28.9,1.0023,0.142812,1,-0.0158511,-0.366503,0,0.0356585,0.704894,0,0.00857035,25,28.9,2,1.99945,1,3.72529e-06,-0.014529,0,5.96046e-05,0.0443906,0,0.00948335,26,28.9,2,2.99999,1,2.98023e-06,4.09782e-06,0,0,7.45058e-05,0,0.00672858,27,28.9,2.00035,4.59647e-06,1,-0.000425056,-9.07441e-06,0,-0.00159442,-9.72065e-06,0,0.010696,28,28.9,-0.497089,-1.00038,1,-0.197394,0.000347011,0,0.0578109,0.000216067,0,0.0144823,29,28.9,-1.00001,1.00029,1,-0.00041239,0.015623,0,0.0012666,-0.0453033,0,0.0108958,30,28.9,3,-3,1,3.20375e-05,5.58794e-06,0,-0.000178814,-1.49012e-05,0,0.00851908,31,28.9,1.99998,-2.99989,1,5.43892e-05,-6.85453e-05,0,-2.98023e-05,-0.000536442,0,0.00794307,32,28.9,-2.03886,-0.848795,1,-0.19253,-0.367351,0,-0.559255,0.291429,0,0.0101008,33,28.9,3,9.64949e-07,1,0,-1.83265e-06,0,0,-2.2273e-06,0,0.00465647,34,28.9,-2.84595,-0.954137,1,-0.3537,0.260998,0,0.328079,0.872515,0,0.00793226,35,28.9,1.00768,-1.99999,1,-0.0270613,-3.46452e-05,0,0.0105798,2.98023e-05,0,0.00767958
0,29,0.000319219,-0.520274,1,-0.000310326,-0.188901,0,0.000435073,0.0389516,0,0.0162804,1,29,-1.15292,-2.00729,1,0.38375,-0.161982,0,-0.424683,-0.999928,0,0.0110648,2,29,0.813898,0.999336,1,0.485723,0.0017345,0,0.0968277,-0.00110269,0,0.0119689,3,29,-3,3,1,1.78814e-05,0,0,0,0,0,0.00897204,4,29,-2.99667,-2.22453,1,0.0440478,0.445151,0,0.362873,-0.285029,0,0.00867647,5,29,-2.21342,-1.99647,1,0.43754,0.0486165,0,-0.308752,0.400603,0,0.0127236,6,29,-1.10657,3,1,0.336087,0,0,-0.476718,0,0,0.00484132,7,29,-2.21506,1.99533,1,0.438631,-0.000628829,0,-0.306129,0.0298619,0,0.00971989,8,29,-0.999225,-0.48005,1,0.00948459,0.191003,0,-0.0355542,-0.0434071,0,0.0149112,9,29,-0.479939,-0.00199685,1,0.191892,-0.004007,0,-0.0469089,0.0291249,0,0.0139513,10,29,-2.00433,0.999995,1,0.146642,-2.98023e-06,0,-0.495136,2.98023e-05,0,0.00874403,11,29,-1.86584,-3,1,-0.500003,0,0,5.96046e-05,0,0,0.00713132,12,29,0.999997,-2.99999,1,4.47035e-06,0.000154972,0,2.98023e-05,0.00119209,0,0.0081947,13,29,-2.00241,2.8331,1,0.00655055,0.39416,0,-0.00607967,-0.419497,0,0.00523379,14,29,-2.11582,-0.00115079,1,0.336111,0.00354961,0,-0.365734,-0.00183794,0,0.00968411,15,29,1.00004,-0.996578,1,0.0017494,0.0341043,0,-0.00536442,0.430644,0,0.0140872,16,29,-3.85911e-12,3,1,-2.33326e-11,-5.96046e-06,0,1.02583e-10,-0.000119209,0,0.0123209,17,29,-3,-0.0716321,1,0,0.5,0,0,3.57628e-06,0,0.00552728,18,29,-0.109776,-1.99885,1,0.28773,-0.00406504,0,-0.860162,0.00488758,0,0.0121095,19,29,0.999998,2.00016,1,-1.63913e-05,-0.000596046,0,5.96046e-05,0.000476837,0,0.0110954,20,29,2.99992,2.99637,1,-0.000107288,0.00635982,0,0.000596046,0.0038147,0,0.00720043,21,29,3,0.999722,1,5.96046e-06,0.000651181,0,-0.000119209,0.000298023,0,0.00930581,22,29,-0.999843,2,1,0.0144869,1.78814e-05,0,-0.0409186,0,0,0.00944439,23,29,1.99976,-2,1,0.000625849,1.19209e-05,0,0,-0.000119209,0,0.00902755,24,29,1.00089,0.110028,1,-0.0123173,-0.286388,0,0.0346303,0.872675,0,0.0110128,25,29,2,1.99822,1,5.96046e-06,-0.0101805,0,0.000119209,0.0420809,0,0.0111412,26,29,2,2.99999,1,2.98023e-06,1.19209e-05,0,5.96046e-05,0.000119209,0,0.00705879,27,29,2.0003,3.65628e-06,1,-0.000548363,-9.57992e-06,0,-0.000834465,-7.56136e-07,0,0.0135377,28,29,-0.516594,-1.00035,1,-0.193065,0.000339746,0,0.0363588,-0.000357628,0,0.0151727,29,29,-1.00005,1.00163,1,-0.000289083,0.011155,0,0.00113249,-0.0436306,0,0.00939446,30,29,3,-2.99999,1,1.19209e-05,5.96046e-06,0,-0.000119209,-0.000119209,0,0.0100021,31,29,1.99999,-2.9999,1,4.76837e-05,-0.000113249,0,0,-0.000238419,0,0.00817719,32,29,-2.06086,-0.883904,1,-0.247008,-0.333315,0,-0.520468,0.382602,0,0.0100799,33,29,3,7.73868e-07,1,0,-1.95763e-06,0,0,-3.4669e-07,0,0.00469886,34,29,-2.87953,-0.923797,1,-0.316548,0.344129,0,0.408411,0.772625,0,0.00746196,35,29,1.00506,-1.99999,1,-0.0250906,-3.27826e-05,0,0.0277162,5.96046e-05,0,0.00739563
0,29.1,0.000290026,-0.539135,1,-0.00027378,-0.189687,0,0.000417524,-0.0442788,0,0.0162804,1,29.1,-1.11673,-2.02848,1,0.339567,-0.261616,0,-0.455774,-0.985488,0,0.0110648,2,29.1,0.862987,0.999503,1,0.495775,0.00159815,0,0.0817962,-0.00159442,0,0.0119689,3,29.1,-2.99999,3,1,1.60187e-05,0,0,-4.47035e-05,0,0,0.00897204,4,29.1,-2.99016,-2.18159,1,0.0886284,0.412278,0,0.507623,-0.368699,0,0.00867647,5,29.1,-2.17135,-1.98923,1,0.402561,0.0994297,0,-0.386596,0.589885,0,0.0127236,6,29.1,-1.0754,3,1,0.287068,0,0,-0.499487,0,0,0.00484132,7,29.1,-2.17287,1.9954,1,0.403884,0.00199936,0,-0.384793,0.0227541,0,0.00971989,8,29.1,-0.998447,-0.461002,1,0.00614906,0.19133,0,-0.0311546,0.0396185,0,0.0149112,9,29.1,-0.460819,-0.00226267,1,0.191895,-0.00141242,0,0.0366569,0.0229408,0,0.0139513,10,29.1,-1.99204,0.999995,1,0.100239,-9.31323e-08,0,-0.431389,2.6077e-05,0,0.00874403,11,29.1,-1.91584,-3,1,-0.5,0,0,7.45058e-06,0,0,0.00713132,12,29.1,0.999997,-2.99997,1,6.89179e-06,0.000232458,0,1.49012e-05,0.00038743,0,0.0081947,13,29.1,-2.00179,2.87031,1,0.00586286,0.349227,0,-0.00756979,-0.475168,0,0.00523379,14,29.1,-2.08415,-0.000808272,1,0.296136,0.00327124,0,-0.428319,-0.00361083,0,0.00968411,15,29.1,1.00019,-0.990573,1,0.0012327,0.0896659,0,-0.00494719,0.651561,0,0.0140872,16,29.1,-5.70274e-12,3,1,-1.37829e-11,-1.41561e-05,0,8.80217e-11,-2.98023e-05,0,0.0123209,17,29.1,-3,-0.0216321,1,0,0.5,0,0,0,0,0.00552728,18,29.1,-0.085575,-1.99921,1,0.194284,-0.00310019,0,-0.982521,0.0140369,0,0.0121095,19,29.1,0.999996,2.0001,1,-1.05239e-05,-0.000533462,0,5.58794e-05,0.000745058,0,0.0110954,20,29.1,2.99991,2.99702,1,-4.84288e-05,0.00647865,0,0.000566244,-0.00120699,0,0.00720043,21,29.1,3,0.999788,1,-3.72529e-06,0.000653043,0,-5.96046e-05,-0.000230968,0,0.00930581,22,29.1,-0.998598,2,1,0.0104442,1.63913e-05,0,-0.0394955,-2.98023e-05,0,0.00944439,23,29.1,1.99982,-2,1,0.000604242,2.23517e-06,0,-0.000417233,-5.96046e-05,0,0.00902755,24,29.1,0.999827,0.085999,1,-0.00902647,-0.192356,0,0.0307672,0.984085,0,0.0110128,25,29.1,2,1.9974,1,1.41561e-05,-0.00620354,0,2.98023e-05,0.0372157,0,0.0111412,26,29.1,2,2.99999,1,7.82311e-06,2.16067e-05,0,2.98023e-05,5.96046e-05,0,0.00705879,27,29.1,2.00025,2.70663e-06,1,-0.000599027,-9.30118e-06,0,-0.000208616,5.95878e-06,0,0.0135377,28,29.1,-0.535882,-1.00031,1,-0.194054,0.000309013,0,-0.0456981,-0.00037998,0,0.0151727,29,29.1,-1.00007,1.00253,1,-0.000181422,0.00701007,0,0.00101328,-0.0389889,0,0.00939446,30,29.1,3,-2.99999,1,2.23517e-06,-3.72529e-06,0,-5.96046e-05,-5.96046e-05,0,0.0100021,31,29.1,1.99999,-2.99991,1,4.52623e-05,-0.000131875,0,-3.72529e-05,-0.000149012,0,0.00817719,32,29.1,-2.08834,-0.915254,1,-0.303712,-0.293117,0,-0.596464,0.417341,0,0.0100799,33,29.1,3,5.78937e-07,1,0,-1.91728e-06,0,0,1.07721e-06,0,0.00469886,34,29.1,-2.90906,-0.88574,1,-0.273241,0.414362,0,0.451952,0.614624,0,0.00746196,35,29.1,1.00271,-2,1,-0.0217596,-2.68221e-05,0,0.0379309,5.96046e-05,0,0.00739563
0,29.2,0.000265537,-0.558391,1,-0.000205672,-0.195898,0,0.00103441,-0.0717044,0,0.017037,1,29.2,-1.08508,-2.05945,1,0.293201,-0.356179,0,-0.468671,-0.884056,0,0.00953077,2,29.2,0.91284,0.999654,1,0.499915,0.00142157,0,0.00169873,-0.00196695,0,0.0134718,3,29.2,-2.99999,3,1,1.78814e-05,0,0,-0.000238419,0,0,0.00963463,4,29.2,-2.97866,-2.14232,1,0.141788,0.372148,0,0.538826,-0.430107,0,0.00733704,5,29.2,-2.13313,-1.9762,1,0.361037,0.161961,0,-0.439763,0.640154,0,0.0108583,6,29.2,-1.04919,3,1,0.23697,0,0,-0.498891,0,0,0.00607583,7,29.2,-2.13451,1.99571,1,0.362444,0.00393689,0,-0.44024,0.0160336,0,0.00854619,8,29.2,-0.997981,-0.441604,1,0.00325143,0.197079,0,-0.0267923,0.0672191,0,0.0135695,9,29.2,-0.441379,-0.00229825,1,0.197376,0.000614498,0,0.0648052,0.0177571,0,0.0161122,10,29.2,-1.98406,0.999995,1,0.0605971,2.98023e-06,0,-0.360548,0,0,0.00907121,11,29.2,-1.96584,-3,1,-0.500003,0,0,5.96046e-05,0,0,0.00658689,12,29.2,0.999998,-2.99995,1,7.45058e-06,0.000244379,0,0,-0.000238419,0,0.00704646,13,29.2,-2.00124,2.9028,1,0.00505447,0.299919,0,-0.00846386,-0.506997,0,0.0052262,14,29.2,-2.05674,-0.00050131,1,0.251472,0.00284952,0,-0.460386,-0.00472135,0,0.0114068,15,29.2,1.00029,-0.978183,1,0.0007689,0.159192,0,-0.00441074,0.715822,0,0.0110248,16,29.2,-6.66761e-12,3,1,-5.78695e-12,-1.78814e-05,0,7.16994e-11,0,0,0.0123981,17,29.2,-3,0.0283679,1,0,0.5,0,0,1.19209e-06,0,0.00851285,18,29.2,-0.0711116,-1.99944,1,0.0947215,-0.00132918,0,-1,0.0210404,0,0.010787,19,29.2,0.999995,2.00005,1,-5.96046e-06,-0.000447035,0,5.96046e-05,0.000834465,0,0.0113251,20,29.2,2.99991,2.99765,1,5.96046e-06,0.00615716,0,0.000476837,-0.00500679,0,0.00785428,21,29.2,3,0.999851,1,-5.96046e-06,0.000609457,0,-0.000119209,-0.000596046,0,0.00858382,22,29.2,-0.997745,2,1,0.00666529,1.19209e-05,0,-0.0357926,0,0,0.0101799,23,29.2,1.99988,-2,1,0.000548363,-5.96046e-06,0,-0.000655651,0.000119209,0,0.0120981,24,29.2,0.999069,0.0717316,1,-0.00623465,-0.0927541,0,0.0247359,1,0,0.0115146,25,29.2,2,1.99696,1,1.78814e-05,-0.00278056,0,0,0.0311136,0,0.0103797,26,29.2,2,2.99999,1,8.9407e-06,2.38419e-05,0,5.96046e-05,0,0,0.00771852,27,29.2,2.00019,1.81483e-06,1,-0.000596046,-8.45809e-06,0,0.000238419,1.05759e-05,0,0.011681,28,29.2,-0.55558,-1.00029,1,-0.20034,0.000244379,0,-0.0718534,-0.00107288,0,0.0172179,29,29.2,-1.00008,1.00305,1,-8.64267e-05,0.00340641,0,0.00089407,-0.033021,0,0.0100506,30,29.2,3,-3,1,-5.96046e-06,-1.19209e-05,0,0,0.000119209,0,0.00823648,31,29.2,2,-2.99992,1,4.17233e-05,-0.000143051,0,-0.000119209,0,0,0.00848202,32,29.2,-2.1217,-0.94245,1,-0.363201,-0.250596,0,-0.579476,0.42969,0,0.0107138,33,29.2,3,3.94417e-07,1,0,-1.75659e-06,0,0,2.069e-06,0,0.00470817,34,29.2,-2.93409,-0.841594,1,-0.227219,0.464749,0,0.463605,0.38752,0,0.00801498,35,29.2,1.00073,-2,1,-0.0176817,-2.08616e-05,0,0.0429153,0.000119209,0,0.00826352
0,29.3,0.000249302,-0.578736,1,-0.000122549,-0.214377,0,0.000818322,-0.274722,0,0.017037,1,29.3,-1.0581,-2.09909,1,0.246685,-0.432249,0,-0.459701,-0.620946,0,0.00953077,2,29.3,0.962837,0.999786,1,0.499995,0.0012191,0,0.000219792,-0.00207126,0,0.0134718,3,29.3,-2.99999,3,1,-1.11759e-06,0,0,-0.000163913,0,0,0.00963463,4,29.3,-2.96172,-2.10734,1,0.197528,0.326854,0,0.560343,-0.471547,0,0.00733704,5,29.3,-2.09929,-1.95668,1,0.315061,0.229243,0,-0.475064,0.689514,0,0.0108583,6,29.3,-1.02796,3,1,0.188047,0,0,-0.476457,0,0,0.00607583,7,29.3,-2.10052,1.99617,1,0.316785,0.00523459,0,-0.469744,0.0100061,0,0.00854619,8,29.3,-0.997779,-0.421163,1,0.000877492,0.21512,0,-0.0209287,0.270493,0,0.0135695,9,29.3,-0.420919,-0.0021585,1,0.215222,0.00208392,0,0.268988,0.011963,0,0.0161122,10,29.3,-1.97967,0.999995,1,0.0282919,3.07336e-06,0,-0.285916,3.72529e-06,0,0.00907121,11,29.3,-2.01584,-3,1,-0.5,0,0,7.45058e-06,0,0,0.00658689,12,29.3,0.999999,-2.99992,1,7.07805e-06,0.000205263,0,-7.45058e-06,-0.000521541,0,0.00704646,13,29.3,-2.00078,2.93022,1,0.00418983,0.248398,0,-0.00874698,-0.518337,0,0.0052262,14,29.3,-2.03392,-0.000241013,1,0.205076,0.00234805,0,-0.463277,-0.00522488,0,0.0114068,15,29.3,1.00034,-0.958537,1,0.000372343,0.234727,0,-0.00352412,0.776563,0,0.0110248,16,29.3,-6.91681e-12,2.99999,1,5.16007e-13,-1.60187e-05,0,5.44835e-11,4.47035e-05,0,0.0123981,17,29.3,-3,0.0783679,1,0,0.5,0,0,1.49012e-07,0,0.00851285,18,29.3,-0.0666394,-1.99948,1,-0.00527861,0.000327267,0,-1,0.012435,0,0.010787,19,29.3,0.999995,2.00001,1,-5.58794e-07,-0.000358373,0,4.47035e-05,0.000908971,0,0.0113251,20,29.3,2.99991,2.99824,1,4.84288e-05,0.00551157,0,0.00038743,-0.0076741,0,0.00785428,21,29.3,3,0.999909,1,-1.41561e-05,0.000536442,0,-2.98023e-05,-0.000841916,0,0.00858382,22,29.3,-0.997249,2.00001,1,0.00335444,1.04308e-05,0,-0.0302866,-2.98023e-05,0,0.0101799,23,29.3,1.99993,-2,1,0.000472926,3.72529e-06,0,-0.000827014,5.96046e-05,0,0.0120981,24,29.3,0.998504,0.0674562,1,-0.00567595,0.00724594,0,-0.0111125,1,0,0.0115146,25,29.3,2.00001,1.99682,1,1.60187e-05,-1.37836e-05,0,-4.47035e-05,0.0242293,0,0.0103797,26,29.3,2,2.99999,1,1.28523e-05,2.23517e-05,0,7.45058e-06,-2.98023e-05,0,0.00771852,27,29.3,2.00013,1.02704e-06,1,-0.000554696,-7.25343e-06,0,0.000581145,1.32382e-05,0,0.011681,28,29.3,-0.576367,-1.00027,1,-0.218736,0.000157394,0,-0.272986,-0.000856817,0,0.0172179,29,29.3,-1.00009,1.00324,1,-6.89179e-06,0.000454858,0,0.000692904,-0.0260025,0,0.0100506,30,29.3,3,-3,1,-5.96046e-06,-2.23517e-06,0,0,5.96046e-05,0,0.00823648,31,29.3,2,-2.99994,1,2.98023e-05,-0.000139326,0,-0.000119209,8.9407e-05,0,0.00848202,32,29.3,-2.16084,-0.965356,1,-0.418457,-0.207538,0,-0.506803,0.428822,0,0.0107138,33,29.3,3,2.30229e-07,1,0,-1.5174e-06,0,0,2.65654e-06,0,0.00470817,34,29.3,-2.95451,-0.793585,1,-0.181417,0.491616,0,0.44857,0.159282,0,0.00801498,35,29.3,0.999179,-2,1,-0.01335,-1.09896e-05,0,0.0431538,9.68575e-05,0,0.00826352
0,29.4,0.00024208,-0.601724,1,-8.80937e-06,-0.246672,0,0.00159819,-0.352681,0,0.0153166,1,29.4,-1.0357,-2.14491,1,0.201622,-0.478929,0,-0.439882,-0.314832,0,0.00926292,2,29.4,1.01284,0.999897,1,0.5,0.0010103,0,0,-0.00208616,0,0.0139525,3,29.4,-2.99999,3,1,-5.96046e-06,0,0,-0.000238419,0,0,0.00750373,4,29.4,-2.93923,-2.07705,1,0.251108,0.27864,0,0.499249,-0.489116,0,0.00915833,5,29.4,-2.07019,-1.93034,1,0.266898,0.296977,0,-0.48399,0.652373,0,0.0139944,6,29.4,-1.01148,3,1,0.142229,0,0,-0.437617,0,0,0.00582397,7,29.4,-2.07122,1.99673,1,0.269109,0.00596046,0,-0.480533,0.00458956,0,0.00967757,8,29.4,-0.997788,-0.398122,1,-0.000977516,0.247017,0,-0.0164211,0.348926,0,0.0113529,9,29.4,-0.397873,-0.0018976,1,0.247005,0.00306819,0,0.348106,0.00800192,0,0.0176396,10,29.4,-1.97815,0.999996,1,0.00330508,2.98023e-06,0,-0.214398,2.98023e-05,0,0.00882635,11,29.4,-2.06584,-3,1,-0.5,0,0,0,0,0,0.00980403,12,29.4,0.999999,-2.99991,1,5.96046e-06,0.000149012,0,0,-0.000715256,0,0.00876707,13,29.4,-2.0004,2.95249,1,0.00331998,0.197178,0,-0.00858307,-0.501633,0,0.00466157,14,29.4,-2.0157,-3.25903e-05,1,0.159585,0.00181954,0,-0.443101,-0.00527869,0,0.00921823,15,29.4,1.00036,-0.931209,1,5.96046e-05,0.311196,0,-0.00268221,0.738084,0,0.010877,16,29.4,-6.62033e-12,2.99999,1,5.14302e-12,-1.78814e-05,0,3.82658e-11,0.000238419,0,0.0124575,17,29.4,-3,0.128368,1,0,0.5,0,0,0,0,0.00635212,18,29.4,-0.0721673,-1.9994,1,-0.105279,0.00122488,0,-1,0.00572205,0,0.0161757,19,29.4,0.999995,1.99998,1,2.98023e-06,-0.000268221,0,2.98023e-05,0.000953674,0,0.012295,20,29.4,2.99992,2.99875,1,8.34465e-05,0.00466108,0,0.000119209,-0.00905991,0,0.00539315,21,29.4,3,0.999958,1,-1.78814e-05,0.000445545,0,0,-0.000983477,0,0.00830332,22,29.4,-0.997055,2.00001,1,0.000627339,5.96046e-06,0,-0.0241697,0,0,0.0102656,23,29.4,1.99997,-2,1,0.00038445,1.19209e-05,0,-0.000953674,0,0,0.0123858,24,29.4,0.997838,0.0731808,1,-0.00800043,0.107246,0,-0.0331998,1,0,0.0128897,25,29.4,2.00001,1.99693,1,1.19209e-05,0.00206828,0,0,0.0175238,0,0.0107098,26,29.4,2,3,1,1.78814e-05,1.78814e-05,0,-0.000119209,0,0,0.00496156,27,29.4,2.00008,3.70357e-07,1,-0.000482798,-5.86128e-06,0,0.000715256,1.43755e-05,0,0.0111668,28,29.4,-0.599779,-1.00026,1,-0.250781,4.17233e-05,0,-0.349492,-0.00172853,0,0.0136067,29,29.4,-1.00009,1.00316,1,5.36442e-05,-0.00179708,0,0.000476837,-0.0190139,0,0.00985518,30,29.4,3,-3,1,0,5.96046e-06,0,-0.000119209,-0.000119209,0,0.0109159,31,29.4,2,-2.99995,1,2.38419e-05,-0.00013113,0,-0.000238419,0.000238419,0,0.00815938,32,29.4,-2.20499,-0.983986,1,-0.461805,-0.165316,0,-0.351548,0.413358,0,0.00976879,33,29.4,3,9.23396e-08,1,0,-1.23592e-06,0,0,2.92492e-06,0,0.00482613,34,29.4,-2.97046,-0.743915,1,-0.138199,0.499342,0,0.412822,0.0131428,0,0.008231,35,29.4,0.998056,-2,1,-0.00914931,-5.96046e-06,0,0.0404119,0.000119209,0,0.00881889
0,29.5,0.000247181,-0.628361,1,9.24102e-05,-0.287616,0,0.000492283,-0.446241,0,0.0153166,1,29.5,-1.01767,-2.19392,1,0.159525,-0.49735,0,-0.401527,-0.0793189,0,0.00926292,2,29.5,1.06284,0.999988,1,0.5,0.000805408,0,0,-0.00201166,0,0.0139525,3,29.5,-3,3,1,-1.9744e-05,0,0,-4.47035e-05,0,0,0.00750373,4,29.5,-2.91162,-2.05162,1,0.300958,0.229983,0,0.484034,-0.481144,0,0.00915833,5,29.5,-2.04589,-1.89731,1,0.219462,0.363535,0,-0.462949,0.652783,0,0.0139944,6,29.5,-0.999362,3,1,0.101024,0,0,-0.385091,0,0,0.00582397,7,29.5,-2.04671,1.99735,1,0.221284,0.0061797,0,-0.472769,-2.23517e-05,0,0.00967757,8,29.5,-0.997957,-0.371467,1,-0.00230968,0.287645,0,-0.0104085,0.443669,0,0.0113529,9,29.5,-0.371223,-0.00155949,1,0.287554,0.00361227,0,0.442907,0.00309312,0,0.0176396,10,29.5,-1.97878,0.999996,1,-0.0147503,5.40167e-06,0,-0.148147,1.49012e-05,0,0.00882635,11,29.5,-2.11584,-3,1,-0.5,0,0,0,0,0,0.00980403,12,29.5,1,-2.99989,1,5.7742e-06,7.78586e-05,0,-7.45058e-06,-0.000700355,0,0.00876707,13,29.5,-2.00011,2.96975,1,0.0024911,0.148757,0,-0.00795722,-0.462979,0,0.00466157,14,29.5,-2.00189,0.000123412,1,0.117156,0.00130606,0,-0.403233,-0.00494726,0,0.00921823,15,29.5,1.00036,-0.896603,1,-0.000167638,0.378706,0,-0.00189245,0.606067,0,0.010877,16,29.5,-5.94628e-12,2.99999,1,8.03792e-12,1.11759e-06,0,2.02588e-11,0.000163913,0,0.0124575,17,29.5,-3,0.178368,1,0,0.5,0,0,8.9407e-07,0,0.00635212,18,29.5,-0.0876952,-1.99926,1,-0.205279,0.00159033,0,-1,0.00175834,0,0.0161757,19,29.5,0.999996,1.99996,1,5.4948e-06,-0.000177324,0,1.86265e-05,0.000864267,0,0.012295,20,29.5,2.99993,2.99917,1,9.35048e-05,0.00371896,0,7.45058e-05,-0.00961125,0,0.00539315,21,29.5,2.99999,0.999997,1,-1.60187e-05,0.0003458,0,4.47035e-05,-0.0010021,0,0.00830332,22,29.5,-0.997102,2.00001,1,-0.00146804,5.58794e-06,0,-0.0177957,-1.49012e-05,0,0.0102656,23,29.5,2.00001,-2,1,0.000289269,1.15484e-05,0,-0.000916421,-1.49012e-05,0,0.0123858,24,29.5,0.996907,0.0888992,1,-0.0102868,0.20694,0,-0.0133291,0.987751,0,0.0128897,25,29.5,2.00001,1.99722,1,1.04308e-05,0.00349656,0,-2.98023e-05,0.0111908,0,0.0107098,26,29.5,2,3,1,7.82311e-06,1.60187e-05,0,-7.45058e-05,-4.47035e-05,0,0.00496156,27,29.5,2.00003,-1.43817e-07,1,-0.000403076,-4.42559e-06,0,0.000864267,1.41758e-05,0,0.0111668,28,29.5,-0.626678,-1.00026,1,-0.287652,-7.52509e-05,0,-0.377163,-0.000670552,0,0.0136067,29,29.5,-1.00008,1.0029,1,9.25735e-05,-0.00336319,0,0.000305474,-0.0124425,0,0.00985518,30,29.5,3,-3,1,-9.68575e-06,-3.72529e-06,0,-5.96046e-05,-5.96046e-05,0,0.0109159,31,29.5,2.00001,-2.99996,1,3.72529e-06,-0.000108778,0,-0.000149012,0.000208616,0,0.00815938,32,29.5,-2.25264,-0.998512,1,-0.488255,-0.125831,0,-0.176743,0.375584,0,0.00976879,33,29.5,3,-1.6562e-08,1,0,-9.42333e-07,0,0,2.91229e-06,0,0.00482613,34,29.5,-2.98229,-0.69394,1,-0.0993647,0.499959,0,0.36177,0.0016503,0,0.008231,35,29.5,0.997335,-2,1,-0.00535278,3.72529e-06,0,0.0353046,5.96046e-05,0,0.00881889
0,29.6,0.00025751,-0.659371,1,0.00010186,-0.332375,0,-0.000247208,-0.433505,0,0.0145317,1,29.6,-1.00366,-2.24385,1,0.121409,-0.5,0,-0.360459,0,0,0.0100946,2,29.6,1.11284,1.00006,1,0.500003,0.000610948,0,-5.96046e-05,-0.00184774,0,0.0125967,3,29.6,-3,3,1,-1.78814e-05,0,0,0,0,0,0.00718971,4,29.6,-2.87922,-2.031,1,0.345528,0.182939,0,0.397205,-0.457406,0,0.00965916,5,29.6,-2.02621,-1.85786,1,0.174624,0.423363,0,-0.432253,0.528097,0,0.0139061,6,29.6,-0.991089,3,1,0.0654235,0,0,-0.326097,0,0,0.00530296,7,29.6,-2.02691,1.99796,1,0.175136,0.00599027,0,-0.447869,-0.00363588,0,0.00880791,8,29.6,-0.998232,-0.340465,1,-0.00309497,0.332199,0,-0.00551343,0.431851,0,0.00974514,9,29.6,-0.340234,-0.00118944,1,0.332037,0.00372717,0,0.43121,-0.000604866,0,0.0151576,10,29.6,-1.9809,0.999997,1,-0.0266194,7.45058e-06,0,-0.0907183,0,0,0.0086754,11,29.6,-2.16584,-3,1,-0.5,0,0,0,0,0,0.00693138,12,29.6,1,-2.99989,1,5.96046e-06,5.96046e-06,0,-5.96046e-05,-0.000476837,0,0.00927428,13,29.6,-1.9999,2.9824,1,0.00174046,0.105232,0,-0.00703335,-0.404954,0,0.00567853,14,29.6,-1.99211,0.000230128,1,0.0793189,0.000837546,0,-0.352025,-0.00439202,0,0.010854,15,29.6,1.00033,-0.855958,1,-0.000321865,0.431561,0,-0.0012517,0.448614,0,0.012217,16,29.6,-5.06656e-12,2.99999,1,9.31806e-12,5.96046e-06,0,5.94988e-12,0.000238419,0,0.00936505,17,29.6,-3,0.228368,1,0,0.5,0,0,7.15256e-06,0,0.00956279,18,29.6,-0.113223,-1.99909,1,-0.305279,0.00160933,0,-1,-0.00113249,0,0.0120739,19,29.6,0.999996,1.99994,1,5.96046e-06,-9.83477e-05,0,2.98023e-05,0.00077486,0,0.0119152,20,29.6,2.99994,2.99949,1,9.53674e-05,0.00277162,0,0.000119209,-0.00917912,0,0.00925851,21,29.6,2.99999,1.00003,1,-1.78814e-05,0.000247359,0,0.000238419,-0.00089407,0,0.00908235,22,29.6,-0.997328,2.00001,1,-0.00294745,0,0,-0.0118613,0.000119209,0,0.010217,23,29.6,2.00003,-2,1,0.000196695,1.19209e-05,0,-0.000715256,-5.96046e-05,0,0.0127677,24,29.6,0.995839,0.114434,1,-0.0108197,0.302346,0,0.00193715,0.902012,0,0.0125596,25,29.6,2.00001,1.99761,1,5.96046e-06,0.00433624,0,0,0.00566244,0,0.0116746,26,29.6,2,3,1,0,1.19209e-05,0,0,0,0,0.00605604,27,29.6,2,-5.16944e-07,1,-0.000315905,-3.05457e-06,0,0.000953674,1.3123e-05,0,0.0104449,28,29.6,-0.6573,-1.00027,1,-0.324276,-0.000104308,0,-0.34669,0.000178814,0,0.0114211,29,29.6,-1.00007,1.00251,1,0.000116229,-0.0043124,0,0.000178814,-0.00673532,0,0.0105615,30,29.6,3,-3,1,-1.19209e-05,-5.96046e-06,0,0,-0.000119209,0,0.0110199,31,29.6,2.00001,-2.99997,1,-5.96046e-06,-8.9407e-05,0,-0.000119209,0.000238419,0,0.00658452,32,29.6,-2.30208,-1.00929,1,-0.498247,-0.0903338,0,-0.0350475,0.333786,0,0.00937047,33,29.6,3,-9.64925e-08,1,0,-6.5954e-07,0,0,2.71743e-06,0,0.00469468,34,29.6,-2.99052,-0.643941,1,-0.066185,0.5,0,0.300765,2.98023e-05,0,0.00768602,35,29.6,0.996966,-2,1,-0.00212342,8.9407e-06,0,0.0291467,5.96046e-05,0,0.00891011
0,29.7,0.000266029,-0.695015,1,6.46804e-05,-0.382041,0,-0.000478856,-0.527184,0,0.0145317,1,29.7,-0.993245,-2.29385,1,0.0876343,-0.5,0,-0.314988,0,0,0.0100946,2,29.7,1.16284,1.00011,1,0.5,0.000436231,0,-7.45058e-06,-0.00163913,0,0.0125967,3,29.7,-3,3,1,-1.3411e-05,0,0,5.96046e-05,0,0,0.00718971,4,29.7,-2.84262,-2.01505,1,0.386792,0.135672,0,0.417113,-0.480473,0,0.00965916,5,29.7,-2.01082,-1.81318,1,0.133971,0.467321,0,-0.380933,0.343665,0,0.0139061,6,29.7,-0.986072,3,1,0.0359624,0,0,-0.263285,0,0,0.00530296,7,29.7,-2.01157,1.99853,1,0.132275,0.00548959,0,-0.407502,-0.00619888,0,0.00880791,8,29.7,-0.998108,-0.305293,1,0.00962019,0.369061,0,0.238284,0.301769,0,0.00974514,9,29.7,-0.305081,-0.00127789,1,0.368844,-0.00953002,0,0.301307,-0.243021,0,0.0151576,10,29.7,-1.98393,0.999997,1,-0.0332063,7.35745e-06,0,-0.0427887,-3.72529e-06,0,0.0086754,11,29.7,-2.21584,-3,1,-0.5,0,0,0,0,0,0.00693138,12,29.7,1,-2.99989,1,9.31323e-07,-3.94881e-05,0,-3.72529e-05,-0.000417233,0,0.00927428,13,29.7,-1.99976,2.99101,1,0.00109095,0.0682201,0,-0.00595301,-0.333741,0,0.00567853,14,29.7,-1.98584,0.000293103,1,0.0470717,0.000434034,0,-0.292525,-0.003667,0,0.010854,15,29.7,1.0003,-0.810795,1,-0.00041835,0.46919,0,-0.000700355,0.298653,0,0.012217,16,29.7,-4.11743e-12,3,1,9.54684e-12,1.9744e-05,0,-1.11363e-12,4.47035e-05,0,0.00936505,17,29.7,-3,0.278368,1,0,0.5,0,0,-2.68221e-06,0,0.00956279,18,29.7,-0.148438,-1.99894,1,-0.395336,0.00140984,0,-0.780244,-0.00274926,0,0.0120739,19,29.7,0.999997,1.99994,1,8.00937e-06,-2.8871e-05,0,7.45058e-06,0.000618398,0,0.0119152,20,29.7,2.99995,2.99972,1,0.000102445,0.00189841,0,4.47035e-05,-0.00819564,0,0.00925851,21,29.7,2.99999,1.00005,1,1.11759e-06,0.000161678,0,0.000163913,-0.000819564,0,0.00908235,22,29.7,-0.997673,2.00001,1,-0.0038607,8.19564e-06,0,-0.00655651,2.98023e-05,0,0.010217,23,29.7,2.00005,-2,1,0.000127405,6.89179e-06,0,-0.000655651,-3.72529e-05,0,0.0127677,24,29.7,0.994788,0.149,1,-0.0100008,0.386502,0,0.0137798,0.755577,0,0.0125596,25,29.7,2.00001,1.99807,1,4.47035e-06,0.00466984,0,-2.98023e-05,0.00118464,0,0.0116746,26,29.7,2,3,1,0,7.82311e-06,0,0,-4.47035e-05,0,0.00605604,27,29.7,1.99997,-7.59527e-07,1,-0.000222959,-1.82608e-06,0,0.000886619,1.13864e-05,0,0.0104449,28,29.7,-0.691351,-1.00028,1,-0.355469,-6.37025e-05,0,-0.270624,0.000596046,0,0.0114211,29,29.7,-1.00005,1.00205,1,0.000127405,-0.00473764,0,5.96046e-05,-0.0019595,0,0.0105615,30,29.7,3,-3,1,-1.04308e-05,-1.15484e-05,0,2.98023e-05,-1.49012e-05,0,0.0110199,31,29.7,2,-2.99998,1,-1.56462e-05,-6.78003e-05,0,-5.96046e-05,0.000178814,0,0.00658452,32,29.7,-2.35201,-1.01714,1,-0.49989,-0.0713892,0,-0.00438094,0.0606328,0,0.00937047,33,29.7,3,-1.49395e-07,1,0,-4.0423e-07,0,0,2.37533e-06,0,0.00469468,34,29.7,-2.99574,-0.593941,1,-0.0393964,0.5,0,0.234634,0,0,0.00768602,35,29.7,0.996888,-2,1,0.000451598,1.24797e-05,0,0.0223704,2.23517e-05,0,0.00891011
0,29.8,0.000269843,-0.735797,1,9.36197e-06,-0.432473,0,-0.000612359,-0.460744,0,0.0163485,1,29.8,-0.985981,-2.34385,1,0.0584066,-0.5,0,-0.269622,0,0,0.00998057,2,29.8,1.21284,1.00015,1,0.500003,0.000283122,0,-5.96046e-05,-0.00143051,0,0.0118903,3,29.8,-3,3,1,-5.96046e-06,0,0,0.000119209,0,0,0.0070712,4,29.8,-2.8019,-2.00387,1,0.426996,0.088197,0,0.37837,-0.46289,0,0.0112546,5,29.8,-1.99924,-1.76506,1,0.0984013,0.491798,0,-0.330806,0.150263,0,0.0121582,6,29.8,-0.983689,3,1,0.0127003,0,0,-0.202388,0,0,0.00582551,7,29.8,-2.0003,1.99905,1,0.0939518,0.00478327,0,-0.357687,-0.00786781,0,0.0096297,8,29.8,-0.9957,-0.267118,1,0.0406429,0.392006,0,0.364542,0.15527,0,0.0105634,9,29.8,-0.26693,-0.00369866,1,0.391752,-0.0409613,0,0.154979,-0.367964,0,0.0187218,10,29.8,-1.9874,0.999998,1,-0.0355214,7.45058e-06,0,-0.0051856,-2.98023e-05,0,0.00947767,11,29.8,-2.26584,-3,1,-0.5,0,0,0,0,0,0.0074375,12,29.8,1,-2.9999,1,0,-7.7486e-05,0,-5.96046e-05,-0.000357628,0,0.00926052,13,29.8,-1.99968,2.9963,1,0.000554323,0.0386715,0,-0.00482798,-0.256658,0,0.00578186,14,29.8,-1.9825,0.000319444,1,0.0208497,0.000105634,0,-0.231922,-0.00289734,0,0.0100629,15,29.8,1.00025,-0.762651,1,-0.000461936,0.491069,0,-0.000298023,0.142008,0,0.0107656,16,29.8,-3.17815e-12,3,1,9.14679e-12,1.78814e-05,0,-6.63346e-12,0,0,0.0116371,17,29.8,-3,0.328368,1,0,0.5,0,0,-1.43051e-05,0,0.00929559,18,29.8,-0.191389,-1.99882,1,-0.458651,0.00107586,0,-0.480205,-0.0038147,0,0.0124169,19,29.8,0.999998,1.99994,1,8.9407e-06,2.38419e-05,0,0,0.000476837,0,0.0111884,20,29.8,2.99996,2.99987,1,0.000101328,0.00115037,0,-0.000119209,-0.00667572,0,0.00709115,21,29.8,2.99999,1.00006,1,5.96046e-06,8.64267e-05,0,0.000238419,-0.000715256,0,0.00891425,22,29.8,-0.998084,2.00001,1,-0.00428855,1.19209e-05,0,-0.00214577,0,0,0.00974701,23,29.8,2.00006,-2,1,6.55651e-05,2.98023e-06,0,-0.000596046,-5.96046e-05,0,0.0114866,24,29.8,0.993872,0.191031,1,-0.00818968,0.449868,0,0.0218749,0.501335,0,0.0119485,25,29.8,2.00001,1.99853,1,0,0.00460744,0,0,-0.00226498,0,0.00987875,26,29.8,2,3,1,0,0,0,0,0,0,0.0058982,27,29.8,1.99995,-8.88481e-07,1,-0.000137091,-7.86704e-07,0,0.000715256,9.36723e-06,0,0.0104359,28,29.8,-0.728081,-1.00028,1,-0.377309,8.9407e-06,0,-0.161856,0.00077486,0,0.0123945,29,29.8,-1.00004,1.00158,1,0.00012517,-0.00473857,0,0,0.00172853,0,0.0104082,30,29.8,2.99999,-3,1,-5.96046e-06,-1.19209e-05,0,0,0.000119209,0,0.00860801,31,29.8,2,-2.99999,1,-1.78814e-05,-4.76837e-05,0,0,0.000119209,0,0.00896143,32,29.8,-2.40201,-1.02432,1,-0.5,-0.0752956,0,0,-0.12517,0,0.00858634,33,29.8,3,-1.78598e-07,1,0,-1.86605e-07,0,0,1.96929e-06,0,0.00519648,34,29.8,-2.99862,-0.543941,1,-0.0192344,0.5,0,0.169039,2.98023e-05,0,0.00784402,35,29.8,0.997034,-2,1,0.00236034,1.49012e-05,0,0.015825,-5.96046e-05,0,0.00940603
0,29.9,0.000267813,-0.781144,1,-4.89411e-05,-0.471978,0,-0.000551927,-0.313178,0,0.0163485,1,29.9,-0.981403,-2.39385,1,0.0339753,-0.5,0,-0.219736,0,0,0.00998057,2,29.9,1.26284,1.00017,1,0.5,0.000151433,0,-7.45058e-06,-0.00121444,0,0.0118903,3,29.9,-3,3,1,3.72529e-06,0,0,5.96046e-05,0,0,0.0070712,4,29.9,-2.75741,-1.99715,1,0.461542,0.0482058,0,0.301018,-0.340499,0,0.0112546,5,29.9,-1.99097,-1.7154,1,0.0678709,0.499315,0,-0.280239,0.0239462,0,0.0121582,6,29.9,-0.983333,3,1,-0.00462066,0,0,-0.145137,0,0,0.00582551,7,29.9,-1.9926,1.99949,1,0.0610027,0.0039557,0,-0.300914,-0.00856072,0,0.0096297,8,29.9,-0.989522,-0.227438,1,0.0852823,0.398716,0,0.507429,-0.0167815,0,0.0105634,9,29.9,-0.227317,-0.0102154,1,0.397309,-0.0944176,0,-0.0368533,-0.671155,0,0.0187218,10,29.9,-1.99092,0.999999,1,-0.0345806,4.93601e-06,0,0.0224188,-1.86265e-05,0,0.00947767,11,29.9,-2.31584,-3,1,-0.5,0,0,0,0,0,0.0074375,12,29.9,1,-2.99991,1,-4.84288e-06,-0.000106543,0,-2.98023e-05,-0.000238419,0,0.00926052,13,29.9,-1.99965,2.99901,1,0.000130013,0.0168558,0,-0.00366569,-0.180557,0,0.00578186,14,29.9,-1.98147,0.000316842,1,0.000674278,-0.00014468,0,-0.172436,-0.00211849,0,0.0100629,15,29.9,1.0002,-0.713057,1,-0.000473484,0.498984,0,5.96046e-05,0.0314824,0,0.0107656,16,29.9,-2.31432e-12,3,1,7.97606e-12,1.3411e-05,0,-1.5878e-11,-5.96046e-05,0,0.0116371,17,29.9,-3,0.378368,1,0,0.5,0,0,0,0,0.00929559,18,29.9,-0.239125,-1.99873,1,-0.491132,0.000680052,0,-0.185,-0.00406057,0,0.0124169,19,29.9,0.999999,1.99994,1,8.47504e-06,6.35162e-05,0,-1.11759e-05,0.000320375,0,0.0111884,20,29.9,2.99997,2.99996,1,8.90344e-05,0.000569224,0,-0.00013411,-0.00491738,0,0.00709115,21,29.9,3,1.00006,1,1.9744e-05,2.2538e-05,0,4.47035e-05,-0.000573695,0,0.00891425,22,29.9,-0.998517,2.00001,1,-0.00432264,1.00583e-05,0,0.00130385,-4.47035e-05,0,0.00974701,23,29.9,2.00006,-2,1,1.2666e-05,-1.86265e-06,0,-0.000476837,-2.98023e-05,0,0.0114866,24,29.9,0.992192,0.238023,1,-0.0340834,0.485293,0,-0.498705,0.221911,0,0.0119485,25,29.9,2.00001,1.99898,1,-3.72529e-07,0.00425298,0,-1.49012e-05,-0.00467151,0,0.00987875,26,29.9,2,3,1,0,0,0,0,0,0,0.0058982,27,29.9,1.99994,-9.23978e-07,1,-7.02217e-05,4.03869e-08,0,0.000618398,7.18498e-06,0,0.0104359,28,29.9,-0.766363,-1.00027,1,-0.385831,8.75443e-05,0,-0.0110604,0.00077486,0,0.0123945,29,29.9,-1.00003,1.00112,1,0.000120699,-0.00442415,0,-8.9407e-05,0.00438094,0,0.0104082,30,29.9,2.99999,-3,1,-5.58794e-06,-2.23517e-06,0,1.49012e-05,5.96046e-05,0,0.00860801,31,29.9,2,-2.99999,1,-1.69501e-05,-3.61353e-05,0,2.23517e-05,0.000104308,0,0.00896143,32,29.9,-2.45201,-1.03305,1,-0.5,-0.10442,0,0,-0.433803,0,0.00858634,33,29.9,3,-1.88157e-07,1,0,-1.19909e-08,0,0,1.52441e-06,0,0.00519648,34,29.9,-2.9998,-0.493941,1,-0.00535063,0.5,0,0.110194,-5.66244e-06,0,0.00784402,35,29.9,0.997339,-2,1,0.00363356,9.12696e-06,0,0.00978634,-5.21541e-05,0,0.00940603
0,30,0.000260273,-0.829589,1,-0.000100704,-0.493753,0,-0.00048193,-0.124931,0,0.0137921,1,30,-0.979027,-2.44385,1,0.0143141,-0.5,0,-0.174284,0,0,0.0101486,2,30,1.31284,1.00018,1,0.500003,4.17233e-05,0,-5.96046e-05,-0.00101328,0,0.0121534,3,30,-3,3,1,5.96046e-06,0,0,0.000119209,0,0,0.00937466,4,30,-2.70994,-1.99385,1,0.485718,0.0194073,0,0.179052,-0.238657,0,0.011605,5,30,-1.9855,-1.66541,1,0.0422627,0.500003,0,-0.232458,-5.96046e-05,0,0.0120493,6,30,-0.984434,3,1,-0.0165582,0,0,-0.0948012,0,0,0.00596397,7,30,-1.98791,1.99984,1,0.0338078,0.0030905,0,-0.243068,-0.00858307,0,0.00865413,8,30,-0.978364,-0.187905,1,0.138392,0.38952,0,0.5382,-0.162691,0,0.0126606,9,30,-0.188039,-0.0233059,1,0.385723,-0.169685,0,-0.188425,-0.809122,0,0.0141439,10,30,-1.99424,0.999999,1,-0.0313371,2.98023e-06,0,0.0411272,-2.98023e-05,0,0.00799941,11,30,-2.36584,-3,1,-0.5,0,0,0,0,0,0.00886983,12,30,1,-2.99992,1,-5.96046e-06,-0.00013113,0,-2.98023e-05,0,0,0.00766089,13,30,-1.99965,2.99991,1,-0.000181794,0.00228286,0,-0.0026226,-0.112772,0,0.00531316,14,30,-1.98217,0.000293001,1,-0.0138223,-0.000320267,0,-0.118494,-0.00140574,0,0.00962775,15,30,1.00016,-0.663081,1,-0.000455976,0.5,0,0.000357628,2.98023e-05,0,0.0116228,16,30,-1.60514e-12,3,1,6.13608e-12,5.96046e-06,0,-2.01756e-11,-0.000119209,0,0.0105046,17,30,-3,0.428368,1,0,0.5,0,0,-1.43051e-05,0,0.00873244,18,30,-0.288809,-1.99868,1,-0.499595,0.000274181,0,-0.00810564,-0.00405312,0,0.0128851,19,30,1,1.99995,1,7.45058e-06,8.64267e-05,0,0,0.000238419,0,0.0123317,20,30,2.99998,2.99999,1,7.7486e-05,0.000160933,0,-0.000238419,-0.00321865,0,0.00427763,21,30,3,1.00006,1,1.78814e-05,-2.68221e-05,0,0,-0.000417233,0,0.00869633,22,30,-0.998939,2.00001,1,-0.00406057,5.96046e-06,0,0.0038445,0,0,0.0113446,23,30,2.00006,-2,1,-2.98023e-05,-5.96046e-06,0,-0.000357628,0,0,0.0119134,24,30,0.985712,0.287319,1,-0.100413,0.4977,0,-0.793755,0.0459993,0,0.0131001,25,30,2.00001,1.99938,1,0,0.00370443,0,-0.000119209,-0.00619888,0,0.0110107,26,30,2,3,1,0,0,0,0,0,0,0.00701132,27,30,1.99994,-8.87541e-07,1,-1.49012e-05,6.53594e-07,0,0.000536442,5.10184e-06,0,0.00949984,28,30,-0.80477,-1.00026,1,-0.380066,0.000163913,0,0.123382,0.000655651,0,0.0129798,29,30,-1.00002,1.0007,1,0.000107288,-0.00389516,0,-0.000178814,0.00613928,0,0.00949848,30,30,2.99999,-3,1,-5.96046e-06,5.96046e-06,0,0.000119209,0,0,0.00925566,31,30,2,-2.99999,1,-1.49012e-05,-2.98023e-05,0,5.96046e-05,0.000238419,0,0.00854353,32,30,-2.50201,-1.04601,1,-0.5,-0.157678,0,0,-0.611246,0,0.0104975,33,30,3,-1.82458e-07,1,0,1.18827e-07,0,0,1.09603e-06,0,0.00528469,34,30,-2.99987,-0.443941,1,0.00319481,0.5,0,0.0631809,-1.43051e-05,0,0.0100994,35,30,0.997742,-2,1,0.00434816,2.98023e-06,0,0.00461936,0,0,0.00993393
0,30.1,0.000247965,-0.879347,1,-0.000143754,-0.49961,0,-0.000380148,-0.0156239,0,0.0137921,1,30.1,-0.978396,-2.49385,1,-0.00101281,-0.5,0,-0.132989,0,0,0.0101486,2,30.1,1.36284,1.00018,1,0.5,-4.73112e-05,0,-7.45058e-06,-0.00077486,0,0.0121534,3,30.1,-3,3,1,1.41561e-05,0,0,2.98023e-05,0,0,0.00937466,4,30.1,-2.66068,-1.99361,1,0.497448,-0.0192422,0,0.0623465,-0.51643,0,0.011605,5,30.1,-1.98236,-1.61541,1,0.0213103,0.499958,0,-0.187136,-0.00169128,0,0.0120493,6,30.1,-0.986489,3,1,-0.0238262,0,0,-0.05202,0,0,0.00596397,7,30.1,-1.98565,2.0001,1,0.0123935,0.00225585,0,-0.185929,-0.00802428,0,0.00865413,8,30.1,-0.961774,-0.150006,1,0.193704,0.366251,0,0.556331,-0.295228,0,0.0126606,9,30.1,-0.150618,-0.044444,1,0.360774,-0.253704,0,-0.304202,-0.847416,0,0.0141439,10,30.1,-1.99714,0.999999,1,-0.026645,5.58794e-07,0,0.0515804,-1.49012e-05,0,0.00799941,11,30.1,-2.41584,-3,1,-0.5,0,0,0,0,0,0.00886983,12,30.1,0.999999,-2.99993,1,-7.72998e-06,-0.000129268,0,-1.11759e-05,4.47035e-05,0,0.00766089,13,30.1,-1.99968,2.99967,1,-0.000394322,-0.00623055,0,-0.00166148,-0.0600666,0,0.00531316,14,30.1,-1.98407,0.000255043,1,-0.0232344,-0.000428397,0,-0.0711605,-0.000775807,0,0.00962775,15,30.1,1.00011,-0.613081,1,-0.000412762,0.5,0,0.000491738,0,0,0.0116228,16,30.1,-1.07419e-12,3,1,4.64624e-12,-3.72529e-06,0,-1.0364e-11,-5.96046e-05,0,0.0105046,17,30.1,-3,0.478368,1,0,0.5,0,0,1.78814e-06,0,0.00873244,18,30.1,-0.338793,-1.99838,1,-0.499975,0.00835247,0,-0.00100963,0.154749,0,0.0128851,19,30.1,1,1.99996,1,7.17118e-06,0.000102632,0,3.72529e-06,9.68575e-05,0,0.0123317,20,30.1,2.99998,3,1,5.58794e-05,-8.82894e-05,0,-0.000178814,-0.00183284,0,0.00427763,21,30.1,3,1.00006,1,1.3411e-05,-6.16536e-05,0,-5.96046e-05,-0.000290573,0,0.00869633,22,30.1,-0.999322,2.00001,1,-0.00359034,4.47035e-06,0,0.0054203,-2.98023e-05,0,0.0113446,23,30.1,2.00005,-2,1,-5.88596e-05,-5.96046e-06,0,-0.000238419,0,0,0.0119134,24,30.1,0.971305,0.33723,1,-0.190644,0.499856,0,-0.970174,0.00574633,0,0.0131001,25,30.1,2.00001,1.99971,1,-1.00583e-05,0.0030458,0,-7.45058e-05,-0.00686944,0,0.0110107,26,30.1,2,3,1,0,0,0,0,0,0,0.00701132,27,30.1,1.99994,-7.9999e-07,1,3.11062e-05,1.06542e-06,0,0.000394881,3.18184e-06,0,0.00949984,28,30.1,-0.842404,-1.00024,1,-0.374629,0.0002224,0,0.00173971,0.000521541,0,0.0129798,29,30.1,-1.00001,1.00034,1,8.84756e-05,-0.00323467,0,-0.000201166,0.00695884,0,0.00949848,30,30.1,2.99999,-3,1,3.72529e-06,5.96046e-06,0,5.96046e-05,0,0,0.00925566,31,30.1,2,-3,1,-9.12696e-06,-1.08033e-05,0,5.21541e-05,0.000163913,0,0.00854353,32,30.1,-2.55189,-1.06532,1,-0.496574,-0.232279,0,0.0676215,-0.837319,0,0.0104975,33,30.1,3,-1.65782e-07,1,0,2.08057e-07,0,0,6.97887e-07,0,0.00528469,34,30.1,-2.99929,-0.393983,1,0.00777505,0.498623,0,0.0299662,-0.0319257,0,0.0100994,35,30.1,0.998193,-2,1,0.00459142,2.23517e-06,0,0.000424683,-1.49012e-05,0,0.00993393
0,30.2,0.00023185,-0.929339,1,-0.000176955,-0.5,0,-0.000284977,-2.98023e-05,0,0.0151312,1,30.2,-0.979099,-2.54385,1,-0.012432,-0.5,0,-0.0961423,0,0,0.00921658,2,30.2,1.41284,1.00017,1,0.500003,-0.000113249,0,-5.96046e-05,-0.000536442,0,0.0118434,3,30.2,-3,3,1,1.78814e-05,0,0,0,0,0,0.00917968,4,30.2,-2.61076,-1.99845,1,0.5,-0.0804991,0,0,-0.692904,0,0.0102465,5,30.2,-1.9811,-1.56544,1,0.00472069,0.499326,0,-0.145316,-0.0134706,0,0.0115756,6,30.2,-0.989071,3,1,-0.0272453,0,0,-0.0177026,0,0,0.00510139,7,30.2,-1.98525,2.00029,1,-0.00353754,0.00149012,0,-0.133634,-0.00703335,0,0.00860595,8,30.2,-0.939674,-0.115024,1,0.247549,0.331883,0,0.511229,-0.385516,0,0.0133433,9,30.2,-0.116208,-0.0739548,1,0.326085,-0.335106,0,-0.383891,-0.763834,0,0.0119984,10,30.2,-1.99954,0.999999,1,-0.0212282,-1.49012e-06,0,0.0557303,2.98023e-05,0,0.00872217,11,30.2,-2.46584,-3,1,-0.5,0,0,0,0,0,0.00731462,12,30.2,0.999998,-2.99994,1,-7.45058e-06,-0.000119209,0,0,0,0,0.0097097,13,30.2,-1.99973,2.99881,1,-0.000521541,-0.0102043,0,-0.00077486,-0.0215769,0,0.00613397,14,30.2,-1.98668,0.000209233,1,-0.0283331,-0.000479184,0,-0.0321269,-0.000258529,0,0.00874601,15,30.2,1.00008,-0.563081,1,-0.000357628,0.5,0,0.000536442,2.98023e-05,0,0.0110214,16,30.2,-6.50263e-13,3,1,3.92798e-12,-5.96046e-06,0,-4.61175e-12,-0.000119209,0,0.0130655,17,30.2,-3,0.528368,1,0,0.5,0,0,2.98023e-05,0,0.0076841,18,30.2,-0.388793,-1.99658,1,-0.5,0.0291973,0,1.43051e-05,0.252724,0,0.013406,19,30.2,1,1.99997,1,2.98023e-06,0.000107288,0,5.96046e-05,-5.96046e-05,0,0.0141767,20,30.2,2.99999,2.99998,1,4.17233e-05,-0.000220537,0,-0.000238419,-0.000715256,0,0.00624173,21,30.2,3,1.00005,1,5.96046e-06,-8.34465e-05,0,-0.000119209,-0.000178814,0,0.00867961,22,30.2,-0.999653,2.00001,1,-0.0029996,0,0,0.00625849,0,0,0.011372,23,30.2,2.00005,-2,1,-7.7486e-05,0,0,-0.000119209,-0.000119209,0,0.011581,24,30.2,0.947344,0.387227,1,-0.288481,0.5,0,-0.967652,-1.43051e-05,0,0.0138514,25,30.2,2.00001,1.99998,1,-1.19209e-05,0.0023514,0,-0.000119209,-0.00697374,0,0.0101011,26,30.2,2,3,1,0,0,0,0,0,0,0.00825581,27,30.2,1.99994,-6.80382e-07,1,6.25849e-05,1.29954e-06,0,0.000298023,1.5491e-06,0,0.00947885,28,30.2,-0.879947,-1.00022,1,-0.3768,0.000265241,0,-0.0323653,0.000357628,0,0.0140067,29,30.2,-1,1.00005,1,6.70552e-05,-0.00252426,0,-0.000178814,0.00712276,0,0.0100826,30,30.2,2.99999,-3,1,1.19209e-05,0,0,0,0.000119209,0,0.00921157,31,30.2,2,-3,1,-5.96046e-06,0,0,5.96046e-05,0.000119209,0,0.00823263,32,30.2,-2.60111,-1.09282,1,-0.48666,-0.317651,0,0.1297,-0.838757,0,0.00753413,33,30.2,3,-1.4208e-07,1,0,2.60311e-07,0,0,3.56948e-07,0,0.00634843,34,30.2,-2.99841,-0.344363,1,0.0094831,0.492857,0,0.00548363,-0.0865906,0,0.00806898,35,30.2,0.998648,-2,1,0.00446886,0,0,-0.00277162,0,0,0.00946896
0,30.3,0.000212905,-0.979339,1,-0.000200253,-0.5,0,-0.000183314,0,0,0.0151312,1,30.3,-0.980763,-2.59383,1,-0.020284,-0.499256,0,-0.0618994,0.0206083,0,0.00921658,2,30.3,1.46284,1.00016,1,0.5,-0.000157952,0,-7.45058e-06,-0.000357628,0,0.0118434,3,30.3,-2.99999,3,1,1.60187e-05,0,0,-4.47035e-05,0,0,0.00917968,4,30.3,-2.56076,-2.01056,1,0.499989,-0.166105,0,-0.000432134,-0.961609,0,0.0102465,5,30.3,-1.98129,-1.51662,1,-0.00804849,0.46775,0,-0.110149,-0.572465,0,0.0115756,6,30.3,-0.991837,3,1,-0.027653,0,0,0.00819564,0,0,0.00510139,7,30.3,-1.98619,2.00041,1,-0.0145072,0.000840798,0,-0.0870302,-0.00594556,0,0.00860595,8,30.3,-0.912196,-0.0838447,1,0.303233,0.291001,0,0.585485,-0.4274,0,0.0133433,9,30.3,-0.0855927,-0.111106,1,0.285594,-0.405627,0,-0.421947,-0.627822,0,0.0119984,10,30.3,-2.00139,0.999999,1,-0.0156792,9.31323e-07,0,0.0546351,1.49012e-05,0,0.00872217,11,30.3,-2.51584,-3,1,-0.5,0,0,0,0,0,0.00731462,12,30.3,0.999997,-2.99996,1,-6.89179e-06,-0.000114366,0,1.49012e-05,7.45058e-05,0,0.0097097,13,30.3,-1.99978,2.99773,1,-0.000567175,-0.0110008,0,-0.000171363,0.00393391,0,0.00613397,14,30.3,-1.98962,0.000160742,1,-0.0299467,-0.000483935,0,-0.00158697,0.000143703,0,0.00874601,15,30.3,1.00004,-0.513081,1,-0.000300817,0.5,0,0.000588596,-2.08616e-06,0,0.0110214,16,30.3,-2.84165e-13,3,1,3.36229e-12,-1.41561e-05,0,-6.51643e-12,-2.98023e-05,0,0.0130655,17,30.3,-3,0.578366,1,0,0.499885,0,0,-0.00463054,0,0.0076841,18,30.3,-0.438793,-1.9922,1,-0.5,0.0602199,0,0,0.357054,0,0.013406,19,30.3,1,1.99998,1,7.07805e-06,9.81614e-05,0,1.49012e-05,-0.000111759,0,0.0141767,20,30.3,2.99999,2.99996,1,2.27243e-05,-0.000257418,0,-0.000163913,-4.47035e-05,0,0.00624173,21,30.3,3,1.00004,1,-3.72529e-06,-9.59262e-05,0,-5.96046e-05,-6.70552e-05,0,0.00867961,22,30.3,-0.999921,2.00001,1,-0.00236044,-3.72529e-07,0,0.00644103,-1.49012e-05,0,0.011372,23,30.3,2.00004,-2,1,-8.45641e-05,-9.68575e-06,0,-4.47035e-05,-5.96046e-05,0,0.011581,24,30.3,0.913891,0.437227,1,-0.377678,0.499994,0,-0.794172,-0.000234619,0,0.0138514,25,30.3,2.00001,2.00019,1,-2.16067e-05,0.00167433,0,-5.96046e-05,-0.00650436,0,0.0101011,26,30.3,2,3,1,0,0,0,0,0,0,0.00825581,27,30.3,1.99995,-5.45035e-07,1,8.54954e-05,1.38528e-06,0,0.000171363,2.22102e-07,0,0.00947885,28,30.3,-0.917948,-1.00019,1,-0.384421,0.000320189,0,-0.104941,0.000797212,0,0.0140067,29,30.3,-0.999995,0.999837,1,4.9267e-05,-0.00182744,0,-0.000175089,0.00675023,0,0.0100826,30,30.3,3,-3,1,1.19209e-05,9.68575e-06,0,0,5.96046e-05,0,0.00921157,31,30.3,2,-3,1,-9.31323e-07,8.19564e-06,0,3.72529e-05,2.98023e-05,0,0.00823263,32,30.3,-2.64902,-1.12864,1,-0.470498,-0.396737,0,0.192031,-0.714496,0,0.00753413,33,30.3,3,-1.14758e-07,1,0,2.81456e-07,0,0,7.74713e-08,0,0.00634843,34,30.3,-2.99747,-0.295618,1,0.00915565,0.480918,0,-0.0108927,-0.154486,0,0.00806898,35,30.3,0.999077,-2,1,0.00407575,-1.86265e-07,0,-0.00493601,-7.45058e-06,0,0.00946896
0,30.4,0.000192115,-1.02934,1,-0.000214071,-0.5,0,-9.52568e-05,0,0,0.0142452,1,30.4,-0.983051,-2.64358,1,-0.0250056,-0.494874,0,-0.033468,0.0712872,0,0.00921921,2,30.4,1.51284,1.00014,1,0.500003,-0.000184774,0,-5.96046e-05,-0.000238419,0,0.0104437,3,30.4,-2.99999,3,1,1.78814e-05,0,0,-0.000238419,0,0,0.00795178,4,30.4,-2.51077,-2.0321,1,0.499821,-0.265139,0,-0.00345707,-1.00017,0,0.0105198,5,30.4,-1.98259,-1.47332,1,-0.0173479,0.393173,0,-0.0761151,-0.881314,0,0.0167579,6,30.4,-0.994528,3,1,-0.025861,0,0,0.0264645,0,0,0.00555963,7,30.4,-1.98801,2.00046,1,-0.0211954,0.000303984,0,-0.0479221,-0.00464916,0,0.0104783,8,30.4,-0.878941,-0.0569178,1,0.361577,0.247281,0,0.567645,-0.442956,0,0.018427,9,30.4,-0.0591779,-0.15447,1,0.242444,-0.458074,0,-0.437558,-0.413917,0,0.0153583,10,30.4,-2.00269,0.999999,1,-0.0104189,2.98023e-06,0,0.0501871,0,0,0.00910062,11,30.4,-2.56584,-3,1,-0.5,0,0,0,0,0,0.00867144,12,30.4,0.999997,-2.99997,1,-5.96046e-06,-0.000107288,0,2.98023e-05,0.000238419,0,0.0088954,13,30.4,-1.99984,2.99668,1,-0.000560284,-0.00973344,0,0.000298023,0.019908,0,0.00678502,14,30.4,-1.99258,0.000113594,1,-0.0289232,-0.000454195,0,0.0208616,0.000433385,0,0.00918456,15,30.4,1.00002,-0.463081,1,-0.000241399,0.5,0,0.000625849,-1.43051e-05,0,0.0115036,16,30.4,1.76137e-14,3,1,2.65851e-12,-1.78814e-05,0,-7.4065e-12,0,0,0.0101517,17,30.4,-3,0.628294,1,0,0.498149,0,0,-0.0370443,0,0.00915428,18,30.4,-0.488793,-1.9843,1,-0.5,0.0986338,0,1.43051e-05,0.402153,0,0.0136232,19,30.4,1,1.99999,1,8.9407e-06,8.34465e-05,0,0,-0.000119209,0,0.0138839,20,30.4,2.99999,2.99993,1,5.96046e-06,-0.000238419,0,0,0.000357628,0,0.00548016,21,30.4,3,1.00003,1,-5.96046e-06,-9.83477e-05,0,-0.000119209,5.96046e-05,0,0.0114421,22,30.4,-1.00012,2.00001,1,-0.00172555,-5.96046e-06,0,0.00619888,0.000119209,0,0.00974985,23,30.4,2.00003,-2,1,-8.9407e-05,-1.19209e-05,0,0.000119209,0,0,0.013728,24,30.4,0.872572,0.487224,1,-0.444257,0.499907,0,-0.528932,-0.00187755,0,0.0127384,25,30.4,2,2.00032,1,-2.38419e-05,0.001055,0,0,-0.00572205,0,0.0110431,26,30.4,2,3,1,0,0,0,0,0,0,0.00809806,27,30.4,1.99996,-4.07197e-07,1,9.53674e-05,1.35478e-06,0,5.96046e-05,-7.80417e-07,0,0.00905744,28,30.4,-0.956932,-1.00015,1,-0.395121,0.000432134,0,-0.0974238,0.00154972,0,0.0149989,29,30.4,-0.999991,0.999687,1,3.12924e-05,-0.00118613,0,-0.000119209,0.00604987,0,0.010203,30,30.4,3,-3,1,5.96046e-06,1.19209e-05,0,0.000119209,0,0,0.0110921,31,30.4,2,-2.99999,1,2.98023e-06,1.19209e-05,0,0,0,0,0.00828408,32,30.4,-2.69501,-1.17151,1,-0.448555,-0.456512,0,0.245452,-0.469029,0,0.00959686,33,30.4,3,-8.66073e-08,1,0,2.78019e-07,0,0,-1.35593e-07,0,0.00461458,34,30.4,-2.99662,-0.248426,1,0.00751615,0.461629,0,-0.0208616,-0.232339,0,0.00899785,35,30.4,0.999458,-2,1,0.00351071,0,0,-0.00625849,-5.96046e-05,0,0.00892491
0,30.5,0.000170368,-1.07934,1,-0.000219568,-0.5,0,-1.70348e-05,0,0,0.0142452,1,30.5,-0.98568,-2.6926,1,-0.0271848,-0.484412,0,-0.0109412,0.14095,0,0.00921921,2,30.5,1.56284,1.00012,1,0.499952,-0.000200793,0,-0.00192225,-8.9407e-05,0,0.0104437,3,30.5,-2.99999,3,1,-1.11759e-06,0,0,-0.000163913,0,0,0.00795178,4,30.5,-2.46089,-2.06345,1,0.496723,-0.359433,0,-0.0582635,-0.858128,0,0.0105198,5,30.5,-1.98465,-1.43864,1,-0.0232415,0.298736,0,-0.0428483,-0.985168,0,0.0167579,6,30.5,-0.997484,3,1,-0.0375854,0,0,-0.234403,0,0,0.00555963,7,30.5,-1.99031,1.99995,1,-0.0243533,-0.0150843,0,-0.0165701,-0.275545,0,0.0104783,8,30.5,-0.840017,-0.0343944,1,0.415713,0.203344,0,0.498179,-0.433537,0,0.018427,9,30.5,-0.0370913,-0.201955,1,0.19962,-0.487857,0,-0.417593,-0.189208,0,0.0153583,10,30.5,-2.00401,1,1,-0.0207063,2.32831e-06,0,-0.228629,-1.86265e-05,0,0.00910062,11,30.5,-2.61577,-3,1,-0.497841,0,0,0.0468642,0,0,0.00867144,12,30.5,0.999996,-2.99998,1,-2.98023e-06,-8.53091e-05,0,2.98023e-05,0.000193715,0,0.0088954,13,30.5,-1.99989,2.9953,1,-0.00051409,-0.0222754,0,0.000610948,-0.244185,0,0.00678502,14,30.5,-1.99534,7.06862e-05,1,-0.0260461,-0.000400908,0,0.0355542,0.000616671,0,0.00918456,15,30.5,0.999995,-0.41309,1,-0.000181049,0.499631,0,0.000581145,-0.0114533,0,0.0115036,16,30.5,2.47191e-13,2.99999,1,1.94214e-12,-1.60187e-05,0,-6.8628e-12,4.47035e-05,0,0.0101517,17,30.5,-3,0.678076,1,0,0.498446,0,0,0.0219531,0,0.00915428,18,30.5,-0.538786,-1.97237,1,-0.499704,0.140184,0,0.00906914,0.42145,0,0.0136232,19,30.5,1,1.99999,1,8.00937e-06,7.0408e-05,0,-2.23517e-05,-0.000149012,0,0.0138839,20,30.5,2.99999,2.99991,1,5.96046e-06,-0.000189617,0,0,0.000581145,0,0.00548016,21,30.5,3,1.00002,1,-1.41561e-05,-8.99658e-05,0,-2.98023e-05,9.68575e-05,0,0.0114421,22,30.5,-1.00027,2.00001,1,-0.00113659,2.23517e-06,0,0.00554323,2.98023e-05,0,0.00974985,23,30.5,2.00002,-2,1,-7.7486e-05,-1.15484e-05,0,0.000119209,1.49012e-05,0,0.013728,24,30.5,0.825994,0.537114,1,-0.482635,0.497002,0,-0.249363,-0.0560284,0,0.0127384,25,30.5,2,2.0004,1,-2.21655e-05,0.000529736,0,3.72529e-05,-0.00476837,0,0.0110431,26,30.5,2,3,1,0,0,0,0,0,0,0.00809806,27,30.5,1.99997,-2.76892e-07,1,9.68575e-05,1.23985e-06,0,-2.98023e-05,-1.46957e-06,0,0.00905744,28,30.5,-0.997036,-1.0001,1,-0.407756,0.000574067,0,-0.144456,0.00153482,0,0.0149989,29,30.5,-0.999988,0.999597,1,1.94646e-05,-0.000628363,0,-0.000115484,0.00508502,0,0.010203,30,30.5,3,-3,1,1.15484e-05,1.04308e-05,0,1.49012e-05,-2.98023e-05,0,0.0110921,31,30.5,2,-2.99999,1,2.98023e-06,1.04308e-05,0,0,-2.98023e-05,0,0.00828408,32,30.5,-2.73855,-1.21902,1,-0.42127,-0.489185,0,0.297904,-0.19598,0,0.00959686,33,30.5,3,-5.97563e-08,1,0,2.56526e-07,0,0,-2.8422e-07,0,0.00461458,34,30.5,-2.99598,-0.203592,1,0.00521317,0.433463,0,-0.0246167,-0.327448,0,0.00899785,35,30.5,0.999777,-2,1,0.00285348,-5.02914e-06,0,-0.00678375,-3.72529e-05,0,0.00892491
0,30.6,0.00014844,-1.12934,1,-0.00021793,-0.500003,0,4.76211e-05,5.96046e-05,0,0.0126087,1,30.6,-0.988421,-2.7402,1,-0.0273511,-0.466233,0,0.00679493,0.224113,0,0.00813987,2,30.6,1.61281,1.0001,1,0.499234,-0.000202656,0,-0.0152588,5.96046e-05,0,0.0094973,3,30.6,-2.99999,3,1,-5.96046e-06,0,0,-0.000238419,0,0,0.00825494,4,30.6,-2.4116,-2.10328,1,0.488234,-0.432777,0,-0.111222,-0.596285,0,0.00991983,5,30.6,-1.98714,-1.41373,1,-0.0261277,0.199106,0,-0.015974,-0.999987,0,0.0109197,6,30.6,-1.00267,3,1,-0.0680178,0,0,-0.353634,0,0,0.00685093,7,30.6,-1.99278,1.9968,1,-0.0247627,-0.049901,0,0.00715256,-0.399172,0,0.0110997,8,30.6,-0.796175,-0.0161961,1,0.458716,0.160986,0,0.353873,-0.411735,0,0.0121742,9,30.6,-0.0191746,-0.25139,1,0.159171,-0.49826,0,-0.390275,-0.0348085,0,0.015798,10,30.6,-2.0075,1,1,-0.0512719,-1.49012e-06,0,-0.361323,-8.9407e-05,0,0.00915994,11,30.6,-2.66522,-3,1,-0.490004,0,0,0.112534,0,0,0.00784575,12,30.6,0.999996,-2.99998,1,-1.49012e-06,-6.55651e-05,0,5.96046e-05,0.000238419,0,0.00768428,13,30.6,-1.99994,2.9916,1,-0.000444055,-0.0538409,0,0.000834465,-0.366449,0,0.00646067,14,30.6,-1.99775,3.38732e-05,1,-0.0220239,-0.000333744,0,0.0439882,0.000713486,0,0.0113738,15,30.6,0.999979,-0.363238,1,-0.00012666,0.496746,0,0.000566244,-0.0518113,0,0.0115718,16,30.6,4.08384e-13,2.99999,1,1.29566e-12,-1.78814e-05,0,-6.02784e-12,0.000238419,0,0.0110873,17,30.6,-3,0.728011,1,0,0.499904,0,0,0.00193715,0,0.00994745,18,30.6,-0.58867,-1.95626,1,-0.497469,0.181565,0,0.0396073,0.400186,0,0.0122983,19,30.6,1,2,1,5.96046e-06,5.36442e-05,0,0,-0.000119209,0,0.014142,20,30.6,2.99999,2.99989,1,5.96046e-06,-0.000119209,0,0,0.000596046,0,0.00720072,21,30.6,3,1.00002,1,-1.78814e-05,-8.04663e-05,0,0,0.000178814,0,0.00783704,22,30.6,-1.00035,2.00001,1,-0.000619888,5.96046e-06,0,0.00464916,0,0,0.0113153,23,30.6,2.00001,-2,1,-5.96046e-05,-5.96046e-06,0,0,-0.000119209,0,0.0110693,24,30.6,0.776848,0.586446,1,-0.497082,0.488752,0,-0.0583827,-0.108629,0,0.0129843,25,30.6,2,2.00043,1,-2.08616e-05,0.000107288,0,5.96046e-05,-0.0038147,0,0.0105562,26,30.6,2,3,1,0,0,0,0,0,0,0.0055553,27,30.6,1.99998,-1.61058e-07,1,9.23872e-05,1.06984e-06,0,-0.000119209,-1.8893e-06,0,0.00831009,28,30.6,-1.03854,-1.00004,1,-0.42206,0.000780821,0,-0.133097,0.00277162,0,0.016637,29,30.6,-0.999987,0.999558,1,8.9407e-06,-0.000171363,0,-0.000119209,0.00402331,0,0.0112959,30,30.6,3,-2.99999,1,1.19209e-05,5.96046e-06,0,-0.000119209,0,0,0.00773449,31,30.6,2,-2.99999,1,2.98023e-06,5.96046e-06,0,0,0,0,0.00852765,32,30.6,-2.77912,-1.26858,1,-0.389427,-0.498965,0,0.336766,-0.0206828,0,0.00887269,33,30.6,3,-3.57008e-08,1,0,2.23043e-07,0,0,-3.76805e-07,0,0.00509868,34,30.6,-2.99559,-0.162015,1,0.00270009,0.396845,0,-0.025034,-0.401392,0,0.00846008,35,30.6,1.00003,-2,1,0.00217259,-5.96046e-06,0,-0.00673532,-5.96046e-05,0,0.00973165
0,30.7,0.000126982,-1.17934,1,-0.000210312,-0.5,0,0.000102465,7.45058e-06,0,0.0126087,1,30.7,-0.991098,-2.78552,1,-0.0259609,-0.438358,0,0.020247,0.329569,0,0.00813987,2,30.7,1.66258,1.00008,1,0.495496,-0.000192411,0,-0.0648797,0.000141561,0,0.0094973,3,30.7,-3,3,1,-1.9744e-05,0,0,-4.47035e-05,0,0,0.00825494,4,30.7,-2.36344,-2.14904,1,0.474064,-0.477678,0,-0.170901,-0.305384,0,0.00991983,5,30.7,-1.98979,-1.39882,1,-0.0266146,0.0991069,0,0.00521541,-1,0,0.0109197,6,30.7,-1.01148,3,1,-0.110156,0,0,-0.470221,0,0,0.00685093,7,30.7,-1.99519,1.98958,1,-0.0231709,-0.0965888,0,0.0236928,-0.5152,0,0.0110997,8,30.7,-0.748798,-0.00208838,1,0.486094,0.121859,0,0.190847,-0.370276,0,0.0121742,9,30.7,-0.00514973,-0.301322,1,0.121935,-0.499891,0,-0.353801,-0.00434749,0,0.015798,10,30.7,-2.01481,0.999985,1,-0.0981033,-0.000424124,0,-0.550002,-0.00796467,0,0.00915994,11,30.7,-2.71353,-3,1,-0.474979,0,0,0.189379,0,0,0.00784575,12,30.7,0.999996,-2.99999,1,3.25963e-06,-4.39584e-05,0,4.09782e-05,0.000178814,0,0.00768428,13,30.7,-1.99998,2.98393,1,-0.000358187,-0.10316,0,0.000871718,-0.591442,0,0.00646067,14,30.7,-1.99973,4.12393e-06,1,-0.0174489,-0.000260914,0,0.0468045,0.00073331,0,0.0113738,15,30.7,0.999969,-0.313918,1,-7.45058e-05,0.4886,0,0.000476837,-0.114581,0,0.0115718,16,30.7,5.07642e-13,2.99999,1,6.90605e-13,1.11759e-06,0,-5.96475e-12,0.000163913,0,0.0110873,17,30.7,-3,0.778008,1,0,0.499994,0,0,0.000238419,0,0.00994745,18,30.7,-0.638143,-1.93602,1,-0.491161,0.223804,0,0.0893027,0.43305,0,0.0122983,19,30.7,1,2.00001,1,5.02914e-06,4.13507e-05,0,-2.23517e-05,-0.00013411,0,0.014142,20,30.7,3,2.99988,1,5.96046e-06,-5.7742e-05,0,0,0.00064075,0,0.00720072,21,30.7,2.99999,1.00001,1,-1.60187e-05,-6.27711e-05,0,4.47035e-05,0.000171363,0,0.00783704,22,30.7,-1.0004,2.00001,1,-0.000200979,4.47035e-06,0,0.00371784,-2.98023e-05,0,0.0113153,23,30.7,2.00001,-2.00001,1,-5.73695e-05,-1.41561e-05,0,5.96046e-05,-2.98023e-05,0,0.0110693,24,30.7,0.726961,0.634675,1,-0.499818,0.47484,0,-0.00729412,-0.168342,0,0.0129843,25,30.7,2,2.00042,1,-1.49012e-05,-0.00022091,0,5.96046e-05,-0.00275671,0,0.0105562,26,30.7,2,3,1,0,0,0,0,0,0,0.0055553,27,30.7,1.99999,-6.38949e-08,1,7.93487e-05,8.70517e-07,0,-0.000149012,-2.06447e-06,0,0.00831009,28,30.7,-1.08156,-0.999945,1,-0.439674,0.00099577,0,-0.205278,0.00174344,0,0.016637,29,30.7,-0.999986,0.999559,1,-1.67638e-06,0.000177789,0,-9.68575e-05,0.00296906,0,0.0112959,30,30.7,3,-2.99999,1,2.23517e-06,5.58794e-06,0,-5.96046e-05,-1.49012e-05,0,0.00773449,31,30.7,2,-2.99999,1,2.98023e-06,5.58794e-06,0,0,-1.49012e-05,0,0.00852765,32,30.7,-2.81633,-1.31854,1,-0.35439,-0.499935,0,0.362054,-0.00258535,0,0.00887269,33,30.7,3,-1.53671e-08,1,0,1.82941e-07,0,0,-4.18325e-07,0,0.00509868,34,30.7,-2.99544,-0.124426,1,0.000273064,0.354133,0,-0.0231415,-0.449747,0,0.00846008,35,30.7,1.00021,-2,1,0.00152159,-1.00583e-05,0,-0.00623614,-1.49012e-05,0,0.00973165
0,30.8,0.000106538,-1.22934,1,-0.000197872,-0.500003,0,0.000144249,5.96046e-05,0,0.0115979,1,30.8,-0.993576,-2.82756,1,-0.023444,-0.401086,0,0.0294149,0.411868,0,0.00970763,2,30.8,1.71169,1.00006,1,0.485373,-0.000175834,0,-0.141203,0.000178814,0,0.0125889,3,30.8,-3,3,1,-1.78814e-05,0,0,0,0,0,0.00454477,4,30.8,-2.31698,-2.19792,1,0.454313,-0.496024,0,-0.222921,-0.0795126,0,0.00856628,5,30.8,-1.9924,-1.39391,1,-0.0252753,-0.00089407,0,0.0205636,-0.999987,0,0.0100942,6,30.8,-1.02491,3,1,-0.158677,0,0,-0.485182,0,0,0.00565238,7,30.8,-1.99737,1.97728,1,-0.020206,-0.149474,0,0.0346899,-0.527263,0,0.0100816,8,30.8,-0.699494,0.00831879,1,0.497574,0.0870209,0,0.048548,-0.326118,0,0.0108727,9,30.8,0.00533987,-0.35132,1,0.08852,-0.5,0,-0.31404,1.43051e-05,0,0.0156544,10,30.8,-2.02751,0.999893,1,-0.156724,-0.00151694,0,-0.602245,-0.0134706,0,0.00987422,11,30.8,-2.75995,-3,1,-0.451958,0,0,0.27132,0,0,0.00792911,12,30.8,0.999997,-2.99999,1,5.96046e-06,-2.98023e-05,0,2.98023e-05,0.000119209,0,0.00783898,13,30.8,-2.00001,2.97048,1,-0.000268221,-0.166994,0,0.000834465,-0.662208,0,0.00777944,14,30.8,-2.00124,-1.83355e-05,1,-0.0127971,-0.000188815,0,0.0458956,0.000701142,0,0.0113539,15,30.8,0.999964,-0.265758,1,-3.27826e-05,0.473285,0,0.000417233,-0.1937,0,0.0111089,16,30.8,5.47728e-13,2.99999,1,1.21698e-13,5.96046e-06,0,-5.33205e-12,0.000238419,0,0.00949793,17,30.8,-3,0.828007,1,0,0.5,0,0,2.98023e-05,0,0.00783052,18,30.8,-0.686711,-1.9115,1,-0.479156,0.266096,0,0.152588,0.403523,0,0.012803,19,30.8,1,2.00001,1,5.96046e-06,2.98023e-05,0,-0.000119209,-0.000119209,0,0.0136843,20,30.8,3,2.99988,1,5.96046e-06,0,0,0,0.000715256,0,0.0102354,21,30.8,2.99999,1,1,-1.78814e-05,-4.76837e-05,0,0.000238419,0.000178814,0,0.00874743,22,30.8,-1.0004,2.00001,1,0.00012517,0,0,0.00274181,0,0,0.01103,23,30.8,2,-2.00001,1,-4.76837e-05,-1.78814e-05,0,0,0.000119209,0,0.0117229,24,30.8,0.676964,0.681227,1,-0.5,0.455336,0,-2.98023e-05,-0.220418,0,0.014299,25,30.8,2,2.00039,1,-8.9407e-06,-0.000452995,0,0,-0.00166893,0,0.0118189,26,30.8,2,3,1,0,0,0,0,0,0,0.00539569,27,30.8,1.99999,1.27706e-08,1,6.55651e-05,6.6282e-07,0,-0.000178814,-2.0635e-06,0,0.00793179,28,30.8,-1.12658,-0.999837,1,-0.460747,0.00116825,0,-0.20647,0.00187755,0,0.0204249,29,30.8,-0.999987,0.99959,1,-1.04308e-05,0.000424683,0,-2.98023e-05,0.00202656,0,0.0103293,30,30.8,3,-2.99999,1,-5.96046e-06,5.96046e-06,0,0,-0.000119209,0,0.01092,31,30.8,2,-2.99999,1,2.98023e-06,0,0,0,0,0,0.00784685,32,30.8,-2.84993,-1.36854,1,-0.317383,-0.500003,0,0.376344,5.96046e-05,0,0.0108299,33,30.8,3,8.14384e-10,1,0,1.40619e-07,0,0,-4.22606e-07,0,0.00470808,34,30.8,-2.99552,-0.0913183,1,-0.00186563,0.30752,0,-0.0195503,-0.479374,0,0.00764771,35,30.8,1.00033,-2,1,0.000932813,-1.19209e-05,0,-0.00542402,-5.96046e-05,0,0.00920762
0,30.9,8.7524e-05,-1.27934,1,-0.000181924,-0.5,0,0.000172961,7.45058e-06,0,0.0115979,1,30.9,-0.995764,-2.8655,1,-0.0202201,-0.356707,0,0.0345111,0.471696,0,0.00970763,2,30.9,1.75933,1.00004,1,0.465534,-0.000155531,0,-0.252828,0.000216067,0,0.0125889,3,30.9,-3,3,1,-1.3411e-05,0,0,5.96046e-05,0,0,0.00454477,4,30.9,-2.27276,-2.24776,1,0.429098,-0.499751,0,-0.27898,-0.00993907,0,0.00856628,5,30.9,-1.99481,-1.399,1,-0.022772,-0.100894,0,0.0289381,-1,0,0.0100942,6,30.9,-1.04328,3,1,-0.209296,0,0,-0.511736,0,0,0.00565238,7,30.9,-1.99921,1.95963,1,-0.0164948,-0.203794,0,0.0391006,-0.544026,0,0.0100816,8,30.9,-0.649588,0.0151912,1,0.499849,0.0486971,0,0.00606477,-0.430068,0,0.0108727,9,30.9,0.0134559,-0.40132,1,0.0814873,-0.5,0,0.14751,0,0,0.0156544,10,30.9,-2.0462,0.999627,1,-0.216936,-0.00420585,0,-0.591606,-0.0381991,0,0.00987422,11,30.9,-2.80362,-3,1,-0.419897,0,0,0.365749,0,0,0.00792911,12,30.9,0.999998,-3,1,8.00937e-06,-1.9744e-05,0,7.45058e-06,7.45058e-05,0,0.00783898,13,30.9,-2.00003,2.9504,1,-0.000188872,-0.235048,0,0.000730157,-0.684306,0,0.00777944,14,30.9,-2.00229,-3.38256e-05,1,-0.00840612,-0.00012224,0,0.0415891,0.000626104,0,0.0113539,15,30.9,0.999963,-0.219579,1,3.25963e-06,0.448579,0,0.000309199,-0.297137,0,0.0111089,16,30.9,5.47209e-13,3,1,-6.69563e-15,1.9744e-05,0,2.19754e-12,4.47035e-05,0,0.00949793,17,30.9,-3,0.878007,1,0,0.5,0,0,0,0,0.00783052,18,30.9,-0.733706,-1.88265,1,-0.459207,0.312658,0,0.244156,0.509523,0,0.012803,19,30.9,1,2.00001,1,-3.53903e-06,1.78814e-05,0,-8.19564e-05,-0.000119209,0,0.0136843,20,30.9,3,2.99988,1,5.96046e-06,6.29574e-05,0,0,0.000551343,0,0.0102354,21,30.9,2.99999,0.999999,1,1.11759e-06,-3.14787e-05,0,0.000163913,0.000149012,0,0.00874743,22,30.9,-1.00037,2.00001,1,0.000355206,-1.49012e-06,0,0.0018701,-2.98023e-05,0,0.01103,23,30.9,2,-2.00001,1,-4.45172e-05,-7.45058e-06,0,5.21541e-05,8.9407e-05,0,0.0117229,24,30.9,0.626964,0.725578,1,-0.5,0.430899,0,0,-0.266902,0,0.014299,25,30.9,2,2.00034,1,-8.00937e-06,-0.000580028,0,2.23517e-05,-0.000908971,0,0.0118189,26,30.9,2,3,1,0,0,0,0,0,0,0.00539569,27,30.9,2,6.89443e-08,1,4.84288e-05,4.6317e-07,0,-0.000163913,-1.9131e-06,0,0.00793179,28,30.9,-1.1737,-0.999715,1,-0.481037,0.00125421,0,-0.181995,-6.33299e-05,0,0.0204249,29,30.9,-0.999988,0.999641,1,-1.29454e-05,0.00058217,0,-1.86265e-05,0.00114366,0,0.0103293,30,30.9,3,-2.99999,1,-5.96046e-06,-3.72529e-06,0,0,-5.96046e-05,0,0.01092,31,30.9,2,-2.99999,1,2.98023e-06,-3.72529e-07,0,0,-1.49012e-05,0,0.00784685,32,30.9,-2.87977,-1.41854,1,-0.279354,-0.5,0,0.382349,7.45058e-06,0,0.0108299,33,30.9,3,1.27969e-08,1,0,9.94706e-08,0,0,-3.96357e-07,0,0.00470808,34,30.9,-2.9958,-0.0629885,1,-0.00356585,0.258918,0,-0.0144243,-0.488894,0,0.00764771,35,30.9,1.0004,-2,1,0.000437163,-1.52737e-05,0,-0.0044778,0,0,0.00920762
0,31,7.02316e-05,-1.32934,1,-0.000163613,-0.500003,0,0.000191662,5.96046e-05,0,0.0127502,1,31,-0.997608,-2.89875,1,-0.0166431,-0.307542,0,0.0365973,0.507474,0,0.00884159,2,31,1.80445,1.00003,1,0.435385,-0.00013411,0,-0.347197,0.000298023,0,0.0098831,3,31,-3,3,1,-5.96046e-06,0,0,0.000119209,0,0,0.00483914,4,31,-2.23132,-2.29776,1,0.398976,-0.5,0,-0.32115,0,0,0.00865415,5,31,-1.99693,-1.41409,1,-0.019595,-0.200894,0,0.0340939,-0.999987,0,0.00922806,6,31,-1.06671,3,1,-0.258297,0,0,-0.456333,0,0,0.00546122,7,31,-2.00066,1.93661,1,-0.0124693,-0.25562,0,0.0411272,-0.48089,0,0.00983728,8,31,-0.599591,0.0178106,1,0.5,0.00291648,0,2.98023e-05,-0.476742,0,0.0129581,9,31,0.022925,-0.45132,1,0.113144,-0.5,0,0.462724,1.43051e-05,0,0.0189969,10,31,-2.07076,0.998989,1,-0.273204,-0.00876486,0,-0.525594,-0.0511408,0,0.010047,11,31,-2.84365,-3,1,-0.379622,0,0,0.435591,0,0,0.00819066,12,31,0.999999,-3,1,8.9407e-06,-1.19209e-05,0,0,0.000119209,0,0.00776214,13,31,-2.00005,2.92354,1,-0.000113249,-0.30123,0,0.000476837,-0.627756,0,0.0103085,14,31,-2.00294,-4.3072e-05,1,-0.00452995,-6.42887e-05,0,0.0356436,0.000530217,0,0.0128192,15,31,0.999964,-0.176354,1,2.83122e-05,0.414524,0,0.000238419,-0.380568,0,0.0113534,16,31,5.66021e-13,3,1,4.55389e-13,1.78814e-05,0,6.5527e-12,0,0,0.00841526,17,31,-3,0.928007,1,0,0.5,0,0,2.98023e-05,0,0.0102587,18,31,-0.77827,-1.84879,1,-0.430784,0.3647,0,0.321984,0.516534,0,0.0136674,19,31,1,2.00001,1,-8.9407e-06,1.19209e-05,0,-5.96046e-05,-0.000238419,0,0.0118851,20,31,3,2.99989,1,5.96046e-06,0.000107288,0,0,0.000357628,0,0.0102074,21,31,2.99999,0.999997,1,5.96046e-06,-1.93715e-05,0,0.000238419,0.000149012,0,0.00942705,22,31,-1.00033,2.00001,1,0.000500679,-5.96046e-06,0,0.00119209,0,0,0.0109426,23,31,1.99999,-2.00001,1,-3.57628e-05,0,0,5.96046e-05,0.000119209,0,0.0121718,24,31,0.576964,0.767266,1,-0.5,0.402236,0,-2.98023e-05,-0.304937,0,0.0128331,25,31,2,2.00028,1,-5.96046e-06,-0.00063777,0,0,-0.000238419,0,0.00918579,26,31,2,3,1,0,0,0,0,0,0,0.00423005,27,31,2,1.06057e-07,1,3.57628e-05,2.8298e-07,0,-0.000238419,-1.6793e-06,0,0.00742257,28,31,-1.22257,-0.999592,1,-0.494945,0.00117272,0,-0.0914931,-0.00146031,0,0.0160711,29,31,-0.99999,0.999704,1,-1.49012e-05,0.000658631,0,-2.98023e-05,0.000417233,0,0.0110442,30,31,3,-2.99999,1,0,-1.19209e-05,0,-0.000119209,0,0,0.00941943,31,31,2,-2.99999,1,2.98023e-06,0,0,0,-0.000119209,0,0.00796848,32,31,-2.9058,-1.46854,1,-0.241262,-0.500003,0,0.377893,5.96046e-05,0,0.00789806,33,31,3,2.08324e-08,1,0,6.20119e-08,0,0,-3.50188e-07,0,0.00489847,34,31,-2.99622,-0.0395303,1,-0.00474453,0.210434,0,-0.00929832,-0.477612,0,0.00817856,35,31,1.00042,-2,1,3.8743e-05,-1.78814e-05,0,-0.00345707,0.000119209,0,0.00987028
0,31.1,5.48456e-05,-1.37934,1,-0.000143969,-0.5,0,0.000199961,7.45058e-06,0,0.0127502,1,31.1,-0.99909,-2.92692,1,-0.0129978,-0.255786,0,0.0359602,0.522405,0,0.00884159,2,31.1,1.84613,1.00002,1,0.397005,-0.000105426,0,-0.41756,0.000268221,0,0.0098831,3,31.1,-3,3,1,3.72529e-06,0,0,5.96046e-05,0,0,0.00483914,4,31.1,-2.19308,-2.34776,1,0.36532,-0.5,0,-0.349998,0,0,0.00865415,5,31.1,-1.99872,-1.43907,1,-0.0160644,-0.297029,0,0.0361279,-0.904657,0,0.00922806,6,31.1,-1.09483,3,1,-0.303874,0,0,-0.441805,0,0,0.00546122,7,31.1,-2.00171,1.90864,1,-0.00852197,-0.30335,0,0.0378489,-0.460677,0,0.00983728,8,31.1,-0.549591,0.0154328,1,0.5,-0.0529228,0,0,-0.62398,0,0.0129581,9,31.1,0.0374876,-0.501272,1,0.185413,-0.498515,0,0.905067,0.0308435,0,0.0189969,10,31.1,-2.10058,0.997737,1,-0.321859,-0.017288,0,-0.445291,-0.112005,0,0.010047,11,31.1,-2.87935,-3,1,-0.333552,0,0,0.481874,0,0,0.00819066,12,31.1,0.999999,-3,1,8.3819e-06,-2.23517e-06,0,-1.49012e-05,5.96046e-05,0,0.00776214,13,31.1,-2.00006,2.89032,1,-6.74278e-05,-0.362485,0,0.000432134,-0.586286,0,0.0103085,14,31.1,-2.00322,-4.70324e-05,1,-0.00131689,-1.67536e-05,0,0.0285953,0.000420293,0,0.0128192,15,31.1,0.999968,-0.136909,1,4.72181e-05,0.373407,0,0.000137836,-0.438704,0,0.0113534,16,31.1,6.35174e-13,3,1,8.44316e-13,1.3411e-05,0,1.54569e-12,-5.96046e-05,0,0.00841526,17,31.1,-3,0.978007,1,0,0.5,0,0,0,0,0.0102587,18,31.1,-0.819616,-1.80971,1,-0.395008,0.416516,0,0.389326,0.494912,0,0.0136674,19,31.1,1,2.00001,1,-1.30385e-05,-7.07805e-06,0,-1.49012e-05,-0.000163913,0,0.0118851,20,31.1,3,2.99991,1,5.96046e-06,0.000134483,0,0,0.000193715,0,0.0102074,21,31.1,3,0.999996,1,1.9744e-05,-6.70552e-06,0,4.47035e-05,0.000104308,0,0.00942705,22,31.1,-1.00028,2.00001,1,0.000583567,-6.33299e-06,0,0.000499189,-1.49012e-05,0,0.0109426,23,31.1,1.99999,-2.00001,1,-2.86847e-05,9.68575e-06,0,8.9407e-05,5.96046e-05,0,0.0121718,24,31.1,0.526964,0.805896,1,-0.5,0.369728,0,2.08616e-06,-0.342879,0,0.0128331,25,31.1,1.99999,2.00021,1,-5.02914e-06,-0.000635907,0,2.23517e-05,0.00025332,0,0.00918579,26,31.1,2,3,1,0,0,0,0,0,0,0.00423005,27,31.1,2.00001,1.26442e-07,1,1.56462e-05,1.29659e-07,0,-0.000149012,-1.38358e-06,0,0.00742257,28,31.1,-1.27236,-0.999484,1,-0.499564,0.000979565,0,-0.0150353,-0.00233948,0,0.0160711,29,31.1,-0.999991,0.999771,1,-1.69501e-05,0.000670273,0,-7.45058e-06,-0.000152737,0,0.0110442,30,31.1,3,-3,1,-9.68575e-06,-1.19209e-05,0,-5.96046e-05,0,0,0.00941943,31,31.1,2,-2.99999,1,2.98023e-06,-9.68575e-06,0,0,-5.96046e-05,0,0.00796848,32,31.1,-2.92805,-1.51854,1,-0.204073,-0.5,0,0.364468,7.45058e-06,0,0.00789806,33,31.1,3,2.53804e-08,1,0,2.99468e-08,0,0,-2.90288e-07,0,0.00489847,34,31.1,-2.99673,-0.020831,1,-0.00541136,0.164058,0,-0.00417233,-0.447336,0,0.00817856,35,31.1,1.00041,-2,1,-0.000258163,-7.82311e-06,0,-0.00248849,7.45058e-05,0,0.00987028
0,31.2,4.14533e-05,-1.42934,1,-0.000123859,-0.500003,0,0.000201135,5.96046e-05,0,0.0121582,1,31.2,-1.00021,-2.9499,1,-0.0095129,-0.204021,0,0.0334978,0.508547,0,0.00932605,2,31.2,1.88365,1.00001,1,0.352475,-7.7486e-05,0,-0.469923,0.000178814,0,0.00853893,3,31.2,-3,3,1,5.96046e-06,0,0,0.000119209,0,0,0.00718352,4,31.2,-2.15833,-2.39776,1,0.329345,-0.5,0,-0.367761,0,0,0.00814532,5,31.2,-2.00014,-1.47302,1,-0.0124454,-0.37894,0,0.0360012,-0.722706,0,0.0100979,6,31.2,-1.12731,3,1,-0.344324,0,0,-0.35733,0,0,0.0048913,7,31.2,-2.00238,1.87613,1,-0.0048995,-0.345489,0,0.0346899,-0.372469,0,0.01054,8,31.2,-0.499591,0.00688951,1,0.5,-0.118907,0,-1.43051e-05,-0.682052,0,0.0147382,9,31.2,0.0608113,-0.55091,1,0.282577,-0.493626,0,0.999998,0.0678301,0,0.0133127,10,31.2,-2.13485,0.995399,1,-0.36189,-0.0298321,0,-0.353694,-0.132889,0,0.00944826,11,31.2,-2.91025,-3,1,-0.284028,0,0,0.504732,0,0,0.00706942,12,31.2,1,-3,1,8.9407e-06,5.96046e-06,0,-5.96046e-05,-0.000119209,0,0.00957585,13,31.2,-2.00006,2.85128,1,-2.98023e-05,-0.416529,0,0.000476837,-0.486135,0,0.00931314,14,31.2,-2.00322,-4.67889e-05,1,0.00118613,1.98104e-05,0,0.0213385,0.000311589,0,0.0127895,15,31.2,0.999973,-0.101835,1,5.81145e-05,0.327408,0,5.96046e-05,-0.478085,0,0.0121749,16,31.2,7.2125e-13,3,1,8.23137e-13,5.96046e-06,0,-1.70301e-12,-0.000119209,0,0.0100793,17,31.2,-3,1.02801,1,0,0.5,0,0,0,0,0.00755333,18,31.2,-0.857088,-1.76578,1,-0.353716,0.459915,0,0.43273,0.360131,0,0.0117795,19,31.2,1,2.00001,1,-1.49012e-05,-2.38419e-05,0,0,0,0,0.0115533,20,31.2,3,2.99992,1,5.96046e-06,0.000149012,0,-0.000119209,0.000119209,0,0.00953971,21,31.2,3,0.999995,1,1.78814e-05,2.98023e-06,0,0,2.98023e-05,0,0.00810416,22,31.2,-1.00022,2.00001,1,0.000604987,-5.96046e-06,0,-5.96046e-05,-0.000119209,0,0.0122855,23,31.2,1.99999,-2.00001,1,-2.08616e-05,1.78814e-05,0,0.000119209,0,0,0.0100678,24,31.2,0.476964,0.841108,1,-0.5,0.334106,0,1.43051e-05,-0.367403,0,0.0133382,25,31.2,1.99999,2.00015,1,-2.98023e-06,-0.000590086,0,0,0.000596046,0,0.0106274,26,31.2,2,3,1,0,0,0,0,0,0,0.00411837,27,31.2,2.00001,1.33002e-07,1,0,6.68336e-09,0,-0.000119209,-1.07526e-06,0,0.00879538,28,31.2,-1.32235,-0.999399,1,-0.500003,0.000716746,0,5.96046e-05,-0.00283122,0,0.014783,29,31.2,-0.999993,0.999836,1,-1.78814e-05,0.000633299,0,0,-0.000566244,0,0.0100024,30,31.2,3,-3,1,-1.19209e-05,-5.96046e-06,0,0,-0.000119209,0,0.00869079,31,31.2,2,-2.99999,1,2.98023e-06,-1.19209e-05,0,-5.96046e-05,-0.000119209,0,0.00796195,32,31.2,-2.94667,-1.56854,1,-0.168633,-0.500003,0,0.343084,5.96046e-05,0,0.00731655,33,31.2,3,2.70281e-08,1,0,4.0588e-09,0,0,-2.27252e-07,0,0.00549693,34,31.2,-2.99729,-0.00659382,1,-0.0056088,0.121415,0,0.000238419,-0.40362,0,0.00697142,35,31.2,1.00038,-2,1,-0.000458956,0,0,-0.00166893,0,0,0.00842593
0,31.3,3.00648e-05,-1.47934,1,-0.000104014,-0.5,0,0.000194912,7.45058e-06,0,0.0121582,1,31.3,-1.001,-2.96781,1,-0.00635702,-0.154811,0,0.0294819,0.471666,0,0.00932605,2,31.3,1.91648,1,1,0.303697,-5.96046e-05,0,-0.50123,0.000178814,0,0.00853893,3,31.3,-3,3,1,1.41561e-05,0,0,2.98023e-05,0,0,0.00718352,4,31.3,-2.12726,-2.44776,1,0.29204,-0.5,0,-0.376552,0,0,0.00814532,5,31.3,-2.00121,-1.51412,1,-0.00898689,-0.43918,0,0.033021,-0.484943,0,0.0100979,6,31.3,-1.16344,3,1,-0.377167,0,0,-0.293791,0,0,0.0048913,7,31.3,-2.0027,1.83977,1,-0.00173375,-0.381049,0,0.0288785,-0.331327,0,0.01054,8,31.3,-0.449674,-0.00860143,1,0.497498,-0.192349,0,-0.050567,-0.768706,0,0.0147382,9,31.3,0.0938111,-0.599821,1,0.374285,-0.483516,0,0.813249,0.132933,0,0.0133127,10,31.3,-2.17274,0.991627,1,-0.395236,-0.0465858,0,-0.312909,-0.191834,0,0.00944826,11,31.3,-2.93612,-3,1,-0.233248,0,0,0.506356,0,0,0.00706942,12,31.3,1,-3,1,3.91155e-06,-3.72529e-06,0,-3.72529e-05,-5.96046e-05,0,0.00957585,13,31.3,-2.00006,2.80745,1,1.15484e-05,-0.457674,0,0.000372529,-0.336275,0,0.00931314,14,31.3,-2.00301,-4.34277e-05,1,0.00297204,4.5688e-05,0,0.0144839,0.000208054,0,0.0127895,15,31.3,0.999979,-0.0715261,1,6.07222e-05,0.278465,0,0,-0.496717,0,0.0121749,16,31.3,7.92197e-13,3,1,5.71478e-13,-3.72529e-06,0,-3.16606e-12,-5.96046e-05,0,0.0100793,17,31.3,-3,1.07801,1,0,0.5,0,0,0,0,0.00755333,18,31.3,-0.890258,-1.71828,1,-0.309387,0.487042,0,0.450879,0.183389,0,0.0117795,19,31.3,1,2.00001,1,-1.39698e-05,-2.34693e-05,0,2.23517e-05,1.49012e-05,0,0.0115533,20,31.3,3,2.99994,1,-3.72529e-06,0.000152737,0,-5.96046e-05,-2.98023e-05,0,0.00953971,21,31.3,3,0.999996,1,1.3411e-05,5.4948e-06,0,-5.96046e-05,1.86265e-05,0,0.00810416,22,31.3,-1.00016,2.00001,1,0.000578351,-1.56462e-05,0,-0.000454485,-5.96046e-05,0,0.0122855,23,31.3,1.99999,-2,1,-9.87202e-06,1.75089e-05,0,9.68575e-05,-1.49012e-05,0,0.0100678,24,31.3,0.426966,0.872661,1,-0.499907,0.29677,0,0.00369728,-0.37761,0,0.0133382,25,31.3,1.99999,2.00009,1,-2.23517e-06,-0.000517815,0,1.49012e-05,0.000804663,0,0.0106274,26,31.3,2,3,1,0,0,0,0,0,0,0.00411837,27,31.3,2.00001,1.28817e-07,1,-9.68575e-06,-8.52563e-08,0,-5.96046e-05,-7.6795e-07,0,0.00879538,28,31.3,-1.37235,-0.999341,1,-0.5,0.000432041,0,7.45058e-06,-0.00283495,0,0.014783,29,31.3,-0.999995,0.999896,1,-1.73226e-05,0.000562239,0,1.49012e-05,-0.00083819,0,0.0100024,30,31.3,3,-3,1,-1.04308e-05,-1.15484e-05,0,2.98023e-05,-1.49012e-05,0,0.00869079,31,31.3,2,-3,1,-1.86265e-06,-1.75089e-05,0,-2.98023e-05,-1.49012e-05,0,0.00796195,32,31.3,-2.96186,-1.61847,1,-0.135612,-0.497838,0,0.316262,0.0464991,0,0.00731655,33,31.3,3,2.64053e-08,1,0,-1.54584e-08,0,0,-1.63941e-07,0,0.00549693,34,31.3,-2.99784,0.003618,1,-0.00540093,0.08373,0,0.00372529,-0.349142,0,0.00697142,35,31.3,1.00032,-2,1,-0.000584126,0,0,-0.000864267,0,0,0.00842593
0,31.4,2.06217e-05,-1.52934,1,-8.50308e-05,-0.500003,0,0.000184052,5.96046e-05,0,0.0138394,1,31.4,-1.0015,-2.98102,1,-0.00364184,-0.110364,0,0.0247955,0.414371,0,0.00788591,2,31.4,1.94433,0.999996,1,0.253052,-4.32134e-05,0,-0.507832,0.000178814,0,0.00969175,3,31.4,-3,3,1,1.78814e-05,0,0,0,0,0,0.00781291,4,31.4,-2.09994,-2.49776,1,0.254375,-0.5,0,-0.375032,0,0,0.00851259,5,31.4,-2.00195,-1.5601,1,-0.00587106,-0.476801,0,0.0294447,-0.273228,0,0.0100856,6,31.4,-1.20248,3,1,-0.402093,0,0,-0.20051,0,0,0.00602064,7,31.4,-2.00274,1.80012,1,0.000917912,-0.410455,0,0.0244379,-0.251234,0,0.00996126,8,31.4,-0.400265,-0.0316989,1,0.489806,-0.269429,0,-0.103518,-0.758762,0,0.0159008,9,31.4,0.134872,-0.64741,1,0.442369,-0.467321,0,0.540755,0.189543,0,0.0150247,10,31.4,-2.21376,0.985983,1,-0.424397,-0.0663325,0,-0.270009,-0.194788,0,0.00952768,11,31.4,-2.95694,-3,1,-0.183576,0,0,0.483394,0,0,0.00732727,12,31.4,1,-3,1,0,-5.96046e-06,0,0,0,0,0.010719,13,31.4,-2.00006,2.76025,1,4.17233e-05,-0.483972,0,0.000238419,-0.192165,0,0.010421,14,31.4,-2.00265,-3.7975e-05,1,0.00411272,6.1859e-05,0,0.00846386,0.000117658,0,0.0128311,15,31.4,0.999985,-0.0461653,1,5.96046e-05,0.228819,0,-8.9407e-05,-0.492736,0,0.0128948,16,31.4,8.32215e-13,3,1,2.19219e-13,-5.96046e-06,0,-3.75031e-12,-0.000119209,0,0.0120263,17,31.4,-3,1.12801,1,0,0.500003,0,0,-5.96046e-05,0,0.00761622,18,31.4,-0.918934,-1.66892,1,-0.264096,0.497827,0,0.452399,0.0434518,0,0.0120902,19,31.4,0.999999,2.00001,1,-1.19209e-05,-2.38419e-05,0,2.98023e-05,0.000119209,0,0.0131355,20,31.4,3,2.99995,1,-5.96046e-06,0.000143051,0,-0.000119209,-0.000119209,0,0.00945547,21,31.4,3,0.999996,1,5.96046e-06,5.96046e-06,0,-0.000119209,2.98023e-05,0,0.00914193,22,31.4,-1.0001,2.00001,1,0.00051558,-2.38419e-05,0,-0.000655651,0.000119209,0,0.013024,23,31.4,1.99999,-2,1,0,1.78814e-05,0,0.000119209,-0.000119209,0,0.0116256,24,31.4,0.377024,0.900445,1,-0.498521,0.258911,0,0.0295937,-0.378072,0,0.0122946,25,31.4,1.99999,2.00005,1,0,-0.000429153,0,0,0.000834465,0,0.00966543,26,31.4,2,3,1,0,0,0,0,0,0,0.00591709,27,31.4,2.00001,1.16928e-07,1,-1.78814e-05,-1.47892e-07,0,0,-4.90196e-07,0,0.00908158,28,31.4,-1.42235,-0.999312,1,-0.500003,0.000153482,0,5.96046e-05,-0.00265241,0,0.013858,29,31.4,-0.999996,0.999948,1,-1.63913e-05,0.000470877,0,2.98023e-05,-0.000953674,0,0.0102037,30,31.4,2.99999,-3,1,-5.96046e-06,-1.19209e-05,0,0,0,0,0.0100513,31,31.4,2,-3,1,-2.98023e-06,-1.78814e-05,0,-5.96046e-05,0,0,0.00699143,32,31.4,-2.97389,-1.66792,1,-0.105578,-0.49015,0,0.283837,0.109553,0,0.00751688,33,31.4,3,2.41384e-08,1,0,-2.89212e-08,0,0,-1.06387e-07,0,0.00480069,34,31.4,-2.99836,0.0103418,1,-0.0048995,0.0517245,0,0.00631809,-0.290535,0,0.00862016,35,31.4,1.00026,-2,1,-0.00063777,0,0,-0.000238419,0.000119209,0,0.00874853
0,31.5,1.30119e-05,-1.57934,1,-6.74407e-05,-0.49988,0,0.000167425,0.00480562,0,0.0138394,1,31.5,-1.00175,-2.9901,1,-0.00142083,-0.0723921,0,0.0196397,0.343412,0,0.00788591,2,31.5,1.96711,0.999993,1,0.202934,-2.66358e-05,0,-0.491105,0.000156462,0,0.00969175,3,31.5,-2.99999,3,1,1.60187e-05,0,0,-4.47035e-05,0,0,0.00781291,4,31.5,-2.07636,-2.54776,1,0.217424,-0.5,0,-0.362784,0,0,0.00851259,5,31.5,-2.0024,-1.60884,1,-0.00318065,-0.495252,0,0.0244081,-0.103749,0,0.0100856,6,31.5,-1.24375,3,1,-0.423738,0,0,-0.221685,0,0,0.00602064,7,31.5,-2.00254,1.75775,1,0.00291541,-0.437361,0,0.0159442,-0.274122,0,0.00996126,8,31.5,-0.351929,-0.0625881,1,0.475698,-0.3488,0,-0.176622,-0.787248,0,0.0159008,9,31.5,0.181331,-0.6931,1,0.482123,-0.445577,0,0.261016,0.243504,0,0.0150247,10,31.5,-2.25766,0.97865,1,-0.454086,-0.0777477,0,-0.299111,-0.0404827,0,0.00952768,11,31.5,-2.97294,-3,1,-0.137193,0,0,0.44097,0,0,0.00732727,12,31.5,1,-3,1,0,-5.96046e-06,0,0,0,0,0.010719,13,31.5,-2.00006,2.7111,1,6.07222e-05,-0.496879,0,0.000163913,-0.0721663,0,0.010421,14,31.5,-2.00221,-3.13344e-05,1,0.00469163,6.96905e-05,0,0.00330806,4.18415e-05,0,0.0128311,15,31.5,0.999991,-0.025713,1,5.01983e-05,0.180644,0,-0.000100583,-0.467803,0,0.0128948,16,31.5,8.35614e-13,3,1,-1.47356e-13,-1.41561e-05,0,-3.51842e-12,-2.98023e-05,0,0.0120263,17,31.5,-3,1.17801,1,0,0.5,0,0,-7.45058e-06,0,0.00761622,18,31.5,-0.943111,-1.619,1,-0.219778,0.499864,0,0.432469,0.00543147,0,0.0120902,19,31.5,0.999998,2.00001,1,-8.84756e-06,-1.37836e-05,0,3.35276e-05,7.45058e-05,0,0.0131355,20,31.5,3,2.99996,1,-1.41561e-05,0.000126287,0,-2.98023e-05,-0.000193715,0,0.00945547,21,31.5,3,0.999997,1,-3.72529e-06,8.00937e-06,0,-5.96046e-05,7.45058e-06,0,0.00914193,22,31.5,-1.00005,2.00001,1,0.000440329,-1.37836e-05,0,-0.000819564,7.45058e-05,0,0.013024,23,31.5,1.99999,-2,1,1.00583e-05,7.82311e-06,0,7.45058e-05,-7.45058e-05,0,0.0116256,24,31.5,0.327402,0.92446,1,-0.492978,0.221567,0,0.085786,-0.367615,0,0.0122946,25,31.5,1.99999,2.00001,1,7.45058e-07,-0.000341423,0,1.49012e-05,0.000886619,0,0.00966543,26,31.5,2,3,1,0,0,0,0,0,0,0.00591709,27,31.5,2,1.00111e-07,1,-1.75089e-05,-1.84415e-07,0,1.49012e-05,-2.48055e-07,0,0.00908158,28,31.5,-1.47235,-0.999309,1,-0.5,-9.90927e-05,0,7.45058e-06,-0.00238419,0,0.013858,29,31.5,-0.999998,0.99999,1,-1.3411e-05,0.000372157,0,2.98023e-05,-0.00100583,0,0.0102037,30,31.5,2.99999,-3,1,-5.58794e-06,-7.45058e-06,0,1.49012e-05,5.96046e-05,0,0.0100513,31,31.5,2,-3,1,-7.07805e-06,-1.3411e-05,0,-1.49012e-05,5.96046e-05,0,0.00699143,32,31.5,-2.98309,-1.71627,1,-0.0789907,-0.475728,0,0.247344,0.180416,0,0.00751688,33,31.5,3,2.08024e-08,1,0,-3.69564e-08,0,0,-5.58954e-08,0,0.00480069,34,31.5,-2.99881,0.0141634,1,-0.00419132,0.0257147,0,0.0077039,-0.230063,0,0.00862016,35,31.5,1.0002,-2,1,-0.000634417,9.68575e-06,0,0.000268221,5.96046e-05,0,0.00874853
0,31.6,7.0751e-06,-1.62926,1,-5.16014e-05,-0.49808,0,0.00014913,0.0383854,0,0.0124743,1,31.6,-1.0018,-2.99575,1,0.000292063,-0.0419021,0,0.0146031,0.265837,0,0.00802078,2,31.6,1.985,0.999991,1,0.15544,-1.3411e-05,0,-0.456035,0.000149012,0,0.00915366,3,31.6,-2.99999,3,1,1.78814e-05,0,0,-0.000238419,0,0,0.0062913,4,31.6,-2.0564,-2.59776,1,0.182045,-0.5,0,-0.343919,0,0,0.00735799,5,31.6,-2.0026,-1.65867,1,-0.000983477,-0.499231,0,0.0195503,0.0154972,0,0.0102151,6,31.6,-1.2872,3,1,-0.444514,0,0,-0.18537,0,0,0.00719346,7,31.6,-2.00218,1.71269,1,0.00418425,-0.463197,0,0.00977516,-0.234365,0,0.00923988,8,31.6,-0.305349,-0.101187,1,0.454879,-0.420364,0,-0.237823,-0.620291,0,0.0156383,9,31.6,0.230463,-0.736364,1,0.497118,-0.418982,0,0.0576377,0.286669,0,0.0136535,10,31.6,-2.30446,0.97088,1,-0.480479,-0.075756,0,-0.216007,0.0740588,0,0.010406,11,31.6,-2.98455,-3,1,-0.0959396,0,0,0.381827,0,0,0.00715218,12,31.6,1,-3,1,0,0,0,0,-0.000119209,0,0.00828268,13,31.6,-2.00005,2.6612,1,7.15256e-05,-0.5,0,0.000119209,0,0,0.00904499,14,31.6,-2.00173,-2.42614e-05,1,0.00481009,7.07828e-05,0,-0.000834465,-1.73095e-05,0,0.01234,15,31.6,0.999995,-0.00992576,1,4.02331e-05,0.135776,0,-8.9407e-05,-0.427343,0,0.0124425,16,31.6,8.04092e-13,3,1,-4.73901e-13,-1.78814e-05,0,-2.96963e-12,0,0,0.0106227,17,31.6,-3,1.22801,1,0,0.500003,0,0,-5.96046e-05,0,0.00800858,18,31.6,-0.96297,-1.56901,1,-0.177874,0.500003,0,0.404358,-5.96046e-05,0,0.0138326,19,31.6,0.999997,2,1,-5.96046e-06,-1.19209e-05,0,2.98023e-05,0.000238419,0,0.0125271,20,31.6,3,2.99998,1,-1.78814e-05,0.000107288,0,0,-0.000357628,0,0.00786095,21,31.6,3,0.999998,1,-5.96046e-06,8.9407e-06,0,-0.000119209,0,0,0.0118995,22,31.6,-1.00001,2.00001,1,0.000351667,-1.19209e-05,0,-0.000864267,0.000119209,0,0.0137999,23,31.6,1.99999,-2,1,1.49012e-05,5.96046e-06,0,0.000119209,-0.000119209,0,0.0118274,24,31.6,0.278656,0.944805,1,-0.480632,0.18561,0,0.16392,-0.350505,0,0.014715,25,31.6,1.99999,1.99998,1,2.98023e-06,-0.00025332,0,0,0.00089407,0,0.0102604,26,31.6,2,3,1,0,0,0,0,0,0,0.00617113,27,31.6,2,8.0775e-08,1,-1.78814e-05,-1.99037e-07,0,0.000119209,-5.19407e-08,0,0.008796,28,31.6,-1.52235,-0.999331,1,-0.500003,-0.000320375,0,5.96046e-05,-0.00202656,0,0.0112943,29,31.6,-0.999999,1.00002,1,-1.04308e-05,0.000274181,0,2.98023e-05,-0.00101328,0,0.0107112,30,31.6,2.99999,-3,1,-5.96046e-06,0,0,0.000119209,0,0,0.0108181,31,31.6,2,-3,1,-8.9407e-06,-5.96046e-06,0,0,0,0,0.00681943,32,31.6,-2.98982,-1.76282,1,-0.0561953,-0.453871,0,0.208378,0.257194,0,0.00949356,33,31.6,3,1.68997e-08,1,0,-4.0412e-08,0,0,-1.47536e-08,0,0.00464713,34,31.6,-2.99919,0.0156816,1,-0.0033915,0.00560554,0,0.00822544,-0.172784,0,0.00731796,35,31.6,1.00014,-2,1,-0.000587106,1.19209e-05,0,0.000596046,0.000119209,0,0.00905311
0,31.7,2.62793e-06,-1.67879,1,-3.76719e-05,-0.491426,0,0.000129348,0.098668,0,0.0124743,1,31.7,-1.00171,-2.99874,1,0.00151359,-0.0192232,0,0.00993907,0.188619,0,0.00802078,2,31.7,1.99835,0.99999,1,0.112274,-6.51926e-07,0,-0.405617,0.000108033,0,0.00915366,3,31.7,-2.99999,3,1,-1.11759e-06,0,0,-0.000163913,0,0,0.0062913,4,31.7,-2.03987,-2.64762,1,0.148943,-0.495753,0,-0.317484,0.0856221,0,0.00735799,5,31.7,-2.00261,-1.70832,1,0.000740215,-0.49195,0,0.0149459,0.129841,0,0.0102151,6,31.7,-1.3326,3,1,-0.463679,0,0,-0.188649,0,0,0.00719346,7,31.7,-2.00173,1.6653,1,0.00482872,-0.483492,0,0.00336766,-0.165001,0,0.00923988,8,31.7,-0.261156,-0.145902,1,0.427998,-0.469611,0,-0.297065,-0.36164,0,0.0156383,9,31.7,0.280352,-0.776757,1,0.49982,-0.388225,0,0.0072065,0.326216,0,0.0136535,10,31.7,-2.35336,0.963801,1,-0.495504,-0.0646929,0,-0.0889748,0.142444,0,0.010406,11,31.7,-2.99235,-3,1,-0.0611946,0,0,0.311852,0,0,0.00715218,12,31.7,1,-3,1,0,-5.21541e-06,0,0,0,0,0.00828268,13,31.7,-2.00004,2.6112,1,7.97212e-05,-0.5,0,2.98023e-05,0,0,0.00904499,14,31.7,-2.00126,-1.73476e-05,1,0.00457056,6.67823e-05,0,-0.0037998,-6.00728e-05,0,0.01234,15,31.7,0.999999,0.00160062,1,3.11993e-05,0.0956395,0,-9.31323e-05,-0.374146,0,0.0124425,16,31.7,7.43122e-13,2.99999,1,-7.32546e-13,-1.60187e-05,0,-2.1938e-12,4.47035e-05,0,0.0106227,17,31.7,-3,1.27801,1,0,0.5,0,0,-7.45058e-06,0,0.00800858,18,31.7,-0.978795,-1.51901,1,-0.139232,0.5,0,0.367653,-7.45058e-06,0,0.0138326,19,31.7,0.999997,2,1,-3.07336e-06,5.58794e-06,0,2.6077e-05,0.00013411,0,0.0125271,20,31.7,2.99999,2.99998,1,-1.60187e-05,7.52509e-05,0,4.47035e-05,-0.000268221,0,0.00786095,21,31.7,3,0.999999,1,-1.41561e-05,8.47504e-06,0,-2.98023e-05,-1.11759e-05,0,0.0118995,22,31.7,-0.999982,2,1,0.000264402,-2.23517e-06,0,-0.000867993,5.96046e-05,0,0.0137999,23,31.7,1.99999,-2,1,2.34693e-05,-3.72529e-06,0,5.96046e-05,-5.96046e-05,0,0.0118274,24,31.7,0.231601,0.961649,1,-0.458664,0.151666,0,0.272445,-0.327371,0,0.014715,25,31.7,1.99999,1.99996,1,3.1665e-06,-0.000167638,0,7.45058e-06,0.000819564,0,0.0102604,26,31.7,2,3,1,0,0,0,0,0,0,0.00617113,27,31.7,2,6.08806e-08,1,-7.82311e-06,-1.96357e-07,0,7.45058e-05,9.76861e-08,0,0.008796,28,31.7,-1.57235,-0.999372,1,-0.49991,-0.000496861,0,0.00358373,-0.00150874,0,0.0112943,29,31.7,-1,1.00005,1,-7.91624e-06,0.000178441,0,3.35276e-05,-0.00089407,0,0.0107112,30,31.7,2.99999,-3,1,3.72529e-06,0,0,5.96046e-05,0,0,0.0108181,31,31.7,2,-3,1,-8.00937e-06,-1.86265e-06,0,2.23517e-05,4.47035e-05,0,0.00681943,32,31.7,-2.99446,-1.80676,1,-0.0373609,-0.423489,0,0.168353,0.346765,0,0.00949356,33,31.7,3,1.28416e-08,1,0,-4.0224e-08,0,0,1.6896e-08,0,0.00464713,34,31.7,-2.99949,0.0154691,1,-0.0025779,-0.00897742,0,0.00795722,-0.120053,0,0.00731796,35,31.7,1.00008,-2,1,-0.000514835,2.03028e-05,0,0.000834465,5.21541e-05,0,0.00905311
0,31.8,-5.26089e-07,-1.72731,1,-2.57449e-05,-0.47771,0,0.000109172,0.177979,0,0.0118909,1,31.8,-1.00151,-2.99984,1,0.00229776,-0.00391006,0,0.00590086,0.119448,0,0.00870188,2,31.8,2.00764,0.99999,1,0.0745773,7.45058e-06,0,-0.347376,8.9407e-05,0,0.00857286,3,31.8,-2.99999,3,1,-5.96046e-06,0,0,-0.000238419,0,0,0.00508123,4,31.8,-2.02652,-2.69662,1,0.118667,-0.482804,0,-0.287771,0.173211,0,0.00770608,5,31.8,-2.00247,-1.75668,1,0.00201464,-0.47341,0,0.0107288,0.239909,0,0.00970438,6,31.8,-1.37986,3,1,-0.480783,0,0,-0.148177,0,0,0.00616942,7,31.8,-2.00123,1.61627,1,0.00491738,-0.495577,0,-0.00154972,-0.0769496,0,0.00821646,8,31.8,-0.21992,-0.194256,1,0.395989,-0.493555,0,-0.340618,-0.128895,0,0.0144241,9,31.8,0.330348,-0.813899,1,0.5,-0.354169,0,-1.43051e-05,0.35283,0,0.0133743,10,31.8,-2.40319,0.958123,1,-0.499719,-0.0481576,0,-0.00560284,0.184119,0,0.00958504,11,31.8,-2.99703,-3,1,-0.0337124,0,0,0.237703,0,0,0.00793628,12,31.8,1,-3,1,0,-5.96046e-06,0,0,0.000119209,0,0.0092772,13,31.8,-2.00003,2.5612,1,7.7486e-05,-0.5,0,0.000119209,0,0,0.00938229,14,31.8,-2.00082,-1.10222e-05,1,0.00408292,5.92591e-05,0,-0.00560284,-8.81086e-05,0,0.0131631,15,31.8,1,0.00939031,1,2.38419e-05,0.061137,0,-0.000119209,-0.315233,0,0.0108085,16,31.8,6.60239e-13,2.99999,1,-9.117e-13,-1.78814e-05,0,-1.38911e-12,0.000238419,0,0.010379,17,31.8,-3,1.32801,1,0,0.500003,0,0,-5.96046e-05,0,0.00806498,18,31.8,-0.990946,-1.46901,1,-0.104484,0.500003,0,0.326723,-5.96046e-05,0,0.0138718,19,31.8,0.999997,2.00001,1,0,1.19209e-05,0,0,0.000119209,0,0.0111345,20,31.8,2.99999,2.99999,1,-1.19209e-05,5.36442e-05,0,0,-0.000238419,0,0.0074444,21,31.8,3,1,1,-1.78814e-05,7.45058e-06,0,0,0,0,0.00763972,22,31.8,-0.99996,2,1,0.000180304,0,0,-0.000804663,0.000119209,0,0.0124299,23,31.8,1.99999,-2,1,2.68221e-05,-5.96046e-06,0,5.96046e-05,-0.000119209,0,0.00967626,24,31.8,0.187254,0.975225,1,-0.426764,0.120316,0,0.362344,-0.298858,0,0.0139299,25,31.8,1.99999,1.99994,1,2.98023e-06,-9.23872e-05,0,5.96046e-05,0.000715256,0,0.0099724,26,31.8,2,3,1,0,0,0,0,0,0,0.0061956,27,31.8,2,4.19261e-08,1,-5.96046e-06,-1.8098e-07,0,0.000238419,2.02893e-07,0,0.00801294,28,31.8,-1.62229,-0.999428,1,-0.498569,-0.000622869,0,0.0286102,-0.00101328,0,0.00987954,29,31.8,-1,1.00006,1,-5.96046e-06,9.23872e-05,0,5.96046e-05,-0.000655651,0,0.00922611,30,31.8,2.99999,-3,1,1.19209e-05,0,0,0,0,0,0.00838085,31,31.8,2,-3,1,-5.96046e-06,0,0,0,0.000119209,0,0.00727269,32,31.8,-2.99742,-1.84725,1,-0.0224948,-0.385249,0,0.129342,0.414491,0,0.00814148,33,31.8,3,8.94473e-09,1,0,-3.73383e-08,0,0,3.93785e-08,0,0.0047363,34,31.8,-2.99971,0.01405,1,-0.00181794,-0.018645,0,0.00715256,-0.0745184,0,0.00855341,35,31.8,1.00003,-2,1,-0.000423193,2.08616e-05,0,0.000953674,5.96046e-05,0,0.0084572
0,31.9,-2.5903e-06,-1.77401,1,-1.5889e-05,-0.454423,0,8.81914e-05,0.28459,0,0.0118909,1,31.9,-1.00126,-2.99973,1,0.00271127,0.0052046,0,0.00248849,0.0654012,0,0.00870188,2,31.9,2.01347,0.999991,1,0.0430226,1.42492e-05,0,-0.283718,4.84288e-05,0,0.00857286,3,31.9,-3,3,1,-1.9744e-05,0,0,-4.47035e-05,0,0,0.00508123,4,31.9,-2.01603,-2.74389,1,0.091539,-0.461226,0,-0.254527,0.257716,0,0.00770608,5,31.9,-2.00222,-1.80262,1,0.00287406,-0.443523,0,0.00657141,0.352837,0,0.00970438,6,31.9,-1.42858,3,1,-0.492535,0,0,-0.0866875,0,0,0.00616942,7,31.9,-2.00076,1.56646,1,0.00460632,-0.499579,0,-0.00451505,-0.0139326,0,0.00821646,8,31.9,-0.182081,-0.244006,1,0.360283,-0.499597,0,-0.371112,-0.016111,0,0.0144241,9,31.9,0.380348,-0.847525,1,0.5,-0.318123,0,0,0.366379,0,0.0133743,10,31.9,-2.45318,0.954263,1,-0.499982,-0.0287959,0,-0.000700355,0.199817,0,0.00958504,11,31.9,-2.99934,-3,1,-0.0136252,0,0,0.16506,0,0,0.00793628,12,31.9,1,-3,1,0,3.72529e-06,0,0,5.96046e-05,0,0.0092772,13,31.9,-2.00003,2.5112,1,8.41916e-05,-0.5,0,2.98023e-05,0,0,0.00938229,14,31.9,-2.00044,-5.56566e-06,1,0.00345893,4.96305e-05,0,-0.00672042,-0.000102581,0,0.0131631,15,31.9,1,0.014032,1,1.30385e-05,0.0327334,0,-8.9407e-05,-0.253075,0,0.0108085,16,31.9,5.63406e-13,2.99999,1,-1.01224e-12,1.11759e-06,0,-6.26859e-13,0.000163913,0,0.010379,17,31.9,-3,1.37801,1,0,0.5,0,0,-7.45058e-06,0,0.00806498,18,31.9,-0.999842,-1.41901,1,-0.074246,0.499826,0,0.278264,-0.00624359,0,0.0138718,19,31.9,0.999997,2.00001,1,3.72529e-07,1.8999e-05,0,7.45058e-06,4.47035e-05,0,0.0111345,20,31.9,2.99999,2.99999,1,-1.00583e-05,3.241e-05,0,4.47035e-05,-0.000163913,0,0.0074444,21,31.9,2.99999,1,1,-1.60187e-05,6.98492e-06,0,4.47035e-05,-3.72529e-06,0,0.00763972,22,31.9,-0.999946,2,1,0.000104867,8.19564e-06,0,-0.000700355,2.98023e-05,0,0.0124299,23,31.9,2,-2,1,2.96161e-05,-1.41561e-05,0,7.45058e-06,-2.98023e-05,0,0.00967626,24,31.9,0.146506,0.985817,1,-0.387121,0.0920798,0,0.427568,-0.265379,0,0.0139299,25,31.9,2,1.99994,1,7.82311e-06,-2.79397e-05,0,2.98023e-05,0.000581145,0,0.0099724,26,31.9,2,3,1,0,0,0,0,0,0,0.0061956,27,31.9,2,2.49636e-08,1,1.15484e-05,-1.57213e-07,0,0.00013411,2.66414e-07,0,0.00801294,28,31.9,-1.67192,-0.999495,1,-0.493149,-0.000702031,0,0.0843778,-0.000573695,0,0.00987954,29,31.9,-1,1.00006,1,-9.31323e-07,3.22238e-05,0,3.72529e-05,-0.000543892,0,0.00922611,30,31.9,3,-3,1,1.19209e-05,0,0,0,0,0,0.00838085,31,31.9,2,-3,1,-5.21541e-06,9.68575e-06,0,1.49012e-05,5.96046e-05,0,0.00727269,32,31.9,-2.99909,-1.88363,1,-0.0114176,-0.341544,0,0.0928789,0.456482,0,0.00814148,33,31.9,3,5.43405e-09,1,0,-3.26448e-08,0,0,5.32315e-08,0,0.0047363,34,31.9,-2.99986,0.0118796,1,-0.00116117,-0.0241319,0,0.00594556,-0.0366259,0,0.00855341,35,31.9,0.999996,-2,1,-0.000326429,2.34693e-05,0,0.000972301,0,0,0.0084572
0,32,-3.77129e-06,-1.81787,1,-8.05442e-06,-0.421441,0,6.87774e-05,0.371754,0,0.0120732,1,32,-1.00098,-2.99896,1,0.00282228,0.00964999,0,-0.000238419,0.0257492,0,0.00819752,2,32,2.01646,0.999993,1,0.0177979,1.93715e-05,0,-0.221133,-2.98023e-05,0,0.00770792,3,32,-3,3,1,-1.78814e-05,0,0,0,0,0,0.00404138,4,32,-2.0081,-2.78859,1,0.0678003,-0.431448,0,-0.22018,0.336409,0,0.00787271,5,32,-2.00191,-1.84506,1,0.00335574,-0.403818,0,0.00309944,0.436544,0,0.00879561,6,32,-1.47817,3,1,-0.498369,0,0,-0.0326037,0,0,0.00462146,7,32,-2.00032,1.51647,1,0.00404716,-0.500003,0,-0.0064373,5.96046e-05,0,0.00794493,8,32,-0.147942,-0.293998,1,0.32222,-0.5,0,-0.388004,1.43051e-05,0,0.0130417,9,32,0.430348,-0.877495,1,0.5,-0.281218,0,-1.43051e-05,0.370145,0,0.01356,10,32,-2.50318,0.952385,1,-0.5,-0.00879467,0,0,0.19747,0,0.00942949,11,32,-2.99998,-3,1,-0.000405312,0,0,0.101089,0,0,0.00743927,12,32,1,-3,1,0,5.96046e-06,0,0,0.000119209,0,0.00991627,13,32,-2.00002,2.4612,1,8.34465e-05,-0.5,0,-0.000119209,0,0,0.00787623,14,32,-2.00013,-1.12645e-06,1,0.0027597,3.90835e-05,0,-0.00715256,-0.000106835,0,0.0155713,15,32,1,0.016141,1,5.96046e-06,0.0104438,0,-0.000119209,-0.193265,0,0.0122184,16,32,4.60263e-13,2.99999,1,-1.03873e-12,5.96046e-06,0,8.56108e-14,0.000238419,0,0.00935032,17,32,-3,1.42801,1,0,0.500003,0,0,-5.96046e-05,0,0.00749935,18,32,-1.00595,-1.3691,1,-0.0487745,0.497794,0,0.231445,-0.0414252,0,0.0132886,19,32,0.999997,2.00001,1,1.49012e-06,2.38419e-05,0,0,-0.000119209,0,0.0112039,20,32,2.99999,3,1,-1.19209e-05,1.78814e-05,0,0.000238419,-0.000119209,0,0.00828652,21,32,2.99999,1,1,-1.78814e-05,5.96046e-06,0,0.000238419,0,0,0.0094272,22,32,-0.999939,2.00001,1,4.02331e-05,1.19209e-05,0,-0.000566244,0,0,0.0119847,23,32,2,-2,1,2.68221e-05,-1.78814e-05,0,5.96046e-05,0,0,0.0109822,24,32,0.110017,0.993757,1,-0.341867,0.0673175,0,0.474323,-0.229597,0,0.0126672,25,32,2,1.99994,1,1.19209e-05,2.08616e-05,0,-5.96046e-05,0.000417233,0,0.00954118,26,32,2,3,1,0,0,0,0,0,0,0.00462454,27,32,2,1.06376e-08,1,1.78814e-05,-1.28804e-07,0,0.000119209,2.96752e-07,0,0.00963278,28,32,-1.72069,-0.999567,1,-0.480953,-0.000740588,0,0.162363,-0.000149012,0,0.00901489,29,32,-1,1.00007,1,0,-1.49012e-05,0,5.96046e-05,-0.000476837,0,0.00861664,30,32,3,-3,1,5.96046e-06,0,0,0.000119209,0,0,0.00972789,31,32,2,-3,1,-2.98023e-06,1.19209e-05,0,0,0,0,0.00833422,32,32,-2.99982,-1.91545,1,-0.00376701,-0.294575,0,0.0610352,0.479817,0,0.00725134,33,32,3,2.4499e-09,1,0,-2.69231e-08,0,0,6.01517e-08,0,0.00472614,34,32,-2.99995,0.00933618,1,-0.00063777,-0.0262412,0,0.00464916,-0.00686571,0,0.0085804,35,32,0.999969,-1.99999,1,-0.000232458,2.38419e-05,0,0.000953674,-0.000119209,0,0.00795768
0,32.1,-4.2628e-06,-1.85805,1,-2.06798e-06,-0.381013,0,5.12451e-05,0.433788,0,0.0120732,1,32.1,-1.0007,-2.99791,1,0.0026973,0.0108059,0,-0.00215322,-0.000879169,0,0.00819752,2,32.1,2.01723,0.999995,1,-0.00127628,1.63913e-05,0,-0.16138,-2.98023e-05,0,0.00770792,3,32.1,-3,3,1,-1.3411e-05,0,0,5.96046e-05,0,0,0.00404138,4,32.1,-2.00236,-2.8299,1,0.0475977,-0.393503,0,-0.184149,0.417709,0,0.00787271,5,32.1,-2.00156,-1.88316,1,0.00352338,-0.357397,0,0.000357628,0.487819,0,0.00879561,6,32.1,-1.52811,3,1,-0.499898,0,0,-0.00407547,0,0,0.00462146,7,32.1,-1.99995,1.46647,1,0.00334401,-0.5,0,-0.00750273,7.45058e-06,0,0.00794493,8,32.1,-0.117669,-0.343998,1,0.283206,-0.5,0,-0.390593,0,0,0.0130417,9,32.1,0.480348,-0.903774,1,0.5,-0.244483,0,-1.78814e-06,0.363369,0,0.01356,10,32.1,-2.55318,0.95245,1,-0.499977,0.00963425,0,0.000908971,0.170346,0,0.00942949,11,32.1,-2.99961,-3,1,0.00711903,0,0,0.0518262,0,0,0.00743927,12,32.1,1,-3,1,0,1.41561e-05,0,0,2.98023e-05,0,0.00991627,13,32.1,-2.00001,2.41121,1,7.1153e-05,-0.499568,0,-0.00013411,0.013113,0,0.00787623,14,32.1,-1.99989,2.25276e-06,1,0.0020517,2.85775e-05,0,-0.00693649,-0.000102255,0,0.0155713,15,32.1,1,0.0163151,1,-3.53903e-06,-0.00603077,0,-8.19564e-05,-0.137358,0,0.0122184,16,32.1,3.57903e-13,3,1,-9.98005e-13,1.9744e-05,0,7.13093e-13,4.47035e-05,0,0.00935032,17,32.1,-3,1.47801,1,0,0.5,0,0,-7.45058e-06,0,0.00749935,18,32.1,-1.00975,-1.31962,1,-0.0278845,0.490806,0,0.186771,-0.1022,0,0.0132886,19,32.1,0.999997,2.00001,1,1.58325e-06,1.22935e-05,0,3.72529e-06,-0.000104308,0,0.0112039,20,32.1,2.99999,3,1,6.70552e-06,7.82311e-06,0,0.000149012,-7.45058e-05,0,0.00828652,21,32.1,2.99999,1,1,1.11759e-06,5.7742e-06,0,0.000163913,-7.45058e-06,0,0.0094272,22,32.1,-0.999937,2.00001,1,-9.77889e-06,1.04308e-05,0,-0.000435859,-2.98023e-05,0,0.0119847,23,32.1,2,-2.00001,1,2.92435e-05,-1.60187e-05,0,-7.45058e-06,4.47035e-05,0,0.0109822,24,32.1,0.0782559,0.999402,1,-0.292932,0.0462199,0,0.500109,-0.192381,0,0.0126672,25,32.1,2,1.99994,1,6.89179e-06,5.56931e-05,0,-3.72529e-05,0.000290573,0,0.00954118,26,32.1,2,3,1,0,0,0,0,0,0,0.00462454,27,32.1,2.00001,-7.48092e-10,1,2.49594e-05,-9.88949e-08,0,4.47035e-05,2.97782e-07,0,0.00963278,28,32.1,-1.76779,-0.999641,1,-0.45913,-0.000736862,0,0.271104,0.000208616,0,0.00901489,29,32.1,-1,1.00006,1,4.84288e-06,-5.47618e-05,0,2.98023e-05,-0.000327826,0,0.00861664,30,32.1,3,-3,1,1.15484e-05,0,0,1.49012e-05,0,0,0.00972789,31,32.1,1.99999,-3,1,-2.23517e-06,1.15484e-05,0,1.49012e-05,-1.49012e-05,0,0.00833422,32,32.1,-2.99994,-1.94249,1,0.0010021,-0.246232,0,0.0355244,0.483483,0,0.00725134,33,32.1,3,6.15832e-11,1,0,-2.08306e-08,0,0,6.09274e-08,0,0.00472614,34,32.1,-2.99999,0.00671726,1,-0.000249967,-0.0257735,0,0.00314415,0.0149751,0,0.0085804,35,32.1,0.99995,-1.99999,1,-0.000142772,1.28523e-05,0,0.00083074,-9.68575e-05,0,0.00795768
0,32.2,-4.2403e-06,-1.8939,1,2.25674e-06,-0.335309,0,3.55776e-05,0.477135,0,0.0126596,1,32.2,-1.00045,-2.99687,1,0.00241697,0.009799,0,-0.00351667,-0.0178814,0,0.00921769,2,32.2,2.01639,0.999996,1,-0.0146985,1.3411e-05,0,-0.108361,0,0,0.00780659,3,32.2,-3,3,1,-5.96046e-06,0,0,0.000119209,0,0,0.0039492,4,32.2,-1.99846,-2.86707,1,0.030911,-0.348824,0,-0.149906,0.471354,0,0.00748235,5,32.2,-2.00121,-1.91641,1,0.00344515,-0.307044,0,-0.00178814,0.515401,0,0.00878957,6,32.2,-1.5781,3,1,-0.500003,0,0,5.96046e-05,0,0,0.0046579,7,32.2,-1.99966,1.41647,1,0.00256896,-0.500003,0,-0.00792742,5.96046e-05,0,0.00754222,8,32.2,-0.0912931,-0.393998,1,0.244419,-0.5,0,-0.38366,1.43051e-05,0,0.012812,9,32.2,0.530348,-0.926426,1,0.500001,-0.208767,0,-2.98023e-05,0.349969,0,0.0122774,10,32.2,-2.60317,0.954215,1,-0.49963,0.0251457,0,0.00727177,0.139385,0,0.00849998,11,32.2,-2.9987,-3,1,0.0104189,0,0,0.0162125,0,0,0.00959293,12,32.2,1,-3,1,0,1.78814e-05,0,0,0,0,0.00845609,13,32.2,-2,2.36138,1,5.96046e-05,-0.496417,0,-0.000238419,0.0551939,0,0.00755005,14,32.2,-1.99972,4.61387e-06,1,0.00138283,1.88104e-05,0,-0.00625849,-9.2338e-05,0,0.013199,15,32.2,1,0.0151097,1,-8.9407e-06,-0.0172616,0,-5.96046e-05,-0.088464,0,0.0149298,16,32.2,2.62574e-13,3,1,-9.00087e-13,1.78814e-05,0,1.22133e-12,0,0,0.0103703,17,32.2,-3,1.52801,1,0,0.500003,0,0,-5.96046e-05,0,0.00781211,18,32.2,-1.01168,-1.27118,1,-0.0113249,0.476736,0,0.144958,-0.181437,0,0.0109873,19,32.2,0.999997,2.00001,1,1.49012e-06,0,0,2.98023e-05,0,0,0.0121591,20,32.2,2.99999,3,1,1.78814e-05,5.96046e-06,0,0.000119209,-0.000238419,0,0.00785018,21,32.2,2.99999,1,1,5.96046e-06,2.98023e-06,0,0.000238419,5.96046e-05,0,0.00793909,22,32.2,-0.99994,2.00001,1,-4.76837e-05,5.96046e-06,0,-0.000298023,0,0,0.0100336,23,32.2,2.00001,-2.00001,1,2.98023e-05,-1.19209e-05,0,-0.000119209,0,0,0.00947337,24,32.2,0.0514757,1.00312,1,-0.24264,0.0288188,0,0.502035,-0.155985,0,0.0129532,25,32.2,2,1.99995,1,5.96046e-06,7.7486e-05,0,-5.96046e-05,0.000178814,0,0.0102893,26,32.2,2,3,1,0,0,0,0,0,0,0.00601069,27,32.2,2.00001,-9.17201e-09,1,2.38419e-05,-6.98882e-08,0,0.000119209,2.79585e-07,0,0.00876895,28,32.2,-1.81219,-0.999714,1,-0.427347,-0.000701845,0,0.361264,0.000506639,0,0.0103352,29,32.2,-1,1.00006,1,5.96046e-06,-8.34465e-05,0,2.98023e-05,-0.000119209,0,0.00886782,30,32.2,3,-3,1,1.19209e-05,0,0,0,0,0,0.00839019,31,32.2,1.99999,-3,1,0,5.96046e-06,0,0,0.000119209,0,0.0073904,32,32.2,-2.99969,-1.96472,1,0.00355244,-0.198534,0,0.0165701,0.467598,0,0.00764159,33,32.2,3,-1.72086e-09,1,0,-1.48737e-08,0,0,5.76215e-08,0,0.00564266,34,32.2,-3,0.00424227,1,0,-0.023479,0,0.00190735,0.0298329,0,0.00933628,35,32.2,0.99994,-1.99999,1,-6.70552e-05,2.98023e-06,0,0.000685453,-5.96046e-05,0,0.00838906
0,32.3,-3.86041e-06,-1.925,1,5.11467e-06,-0.286271,0,2.19958e-05,0.499457,0,0.0126596,1,32.3,-1.00022,-2.996,1,0.00202935,0.00752434,0,-0.00414997,-0.0265539,0,0.00921769,2,32.3,2.01446,0.999998,1,-0.0231724,1.28523e-05,0,-0.0625998,-1.49012e-05,0,0.00780659,3,32.3,-3,3,1,3.72529e-06,0,0,5.96046e-05,0,0,0.0039492,4,32.3,-1.99606,-2.89953,1,0.0175357,-0.300077,0,-0.118002,0.499487,0,0.00748235,5,32.3,-2.00088,-1.94452,1,0.00318363,-0.255122,0,-0.00336766,0.518978,0,0.00878957,6,32.3,-1.62801,3,1,-0.497238,0,0,0.05766,0,0,0.0046579,7,32.3,-1.99944,1.36657,1,0.00179764,-0.496897,0,-0.00745803,0.063993,0,0.00754222,8,32.3,-0.0687417,-0.443998,1,0.206911,-0.5,0,-0.365516,0,0,0.012812,9,32.3,0.580345,-0.945584,1,0.499848,-0.174723,0,-0.00565872,0.330038,0,0.0122774,10,32.3,-2.65303,0.957371,1,-0.496785,0.0374363,0,0.0558645,0.106145,0,0.00849998,11,32.3,-2.99762,-3,1,0.0107922,0,0,-0.00709295,0,0,0.00959293,12,32.3,1,-2.99999,1,0,1.60187e-05,0,0,-4.47035e-05,0,0.00845609,13,32.3,-2,2.31211,1,3.81842e-05,-0.487898,0,-0.000201166,0.118554,0,0.00755005,14,32.3,-1.99961,6.05586e-06,1,0.000799075,1.02643e-05,0,-0.00539422,-7.82664e-05,0,0.013199,15,32.3,1,0.0130136,1,-1.30385e-05,-0.0239712,0,-1.49012e-05,-0.0471711,0,0.0149298,16,32.3,1.7929e-13,3,1,-7.59891e-13,1.3411e-05,0,1.56138e-12,-5.96046e-05,0,0.0103703,17,32.3,-3,1.57801,1,0,0.499886,0,0,-0.00456721,0,0.00781211,18,32.3,-1.01215,-1.2246,1,0.00112392,0.453138,0,0.104949,-0.287324,0,0.0109873,19,32.3,0.999997,2.00001,1,3.91155e-06,-3.72529e-07,0,1.49012e-05,-1.49012e-05,0,0.0121591,20,32.3,2.99999,3,1,2.34693e-05,-1.15484e-05,0,1.49012e-05,-0.00013411,0,0.00785018,21,32.3,3,1,1,1.9744e-05,7.07805e-06,0,4.47035e-05,1.49012e-05,0,0.00793909,22,32.3,-0.999946,2.00001,1,-7.1805e-05,4.47035e-06,0,-0.00018999,-2.98023e-05,0,0.0100336,23,32.3,2.00001,-2.00001,1,1.82539e-05,-1.00583e-05,0,-0.000104308,4.47035e-05,0,0.00947337,24,32.3,0.029696,1.00529,1,-0.193296,0.0149963,0,0.481622,-0.12096,0,0.0129532,25,32.3,2,1.99996,1,1.11759e-06,8.99658e-05,0,-2.98023e-05,6.70552e-05,0,0.0102893,26,32.3,2,3,1,0,0,0,0,0,0,0.00601069,27,32.3,2.00001,-1.48156e-08,1,3.05474e-05,-4.35477e-08,0,2.98023e-05,2.45763e-07,0,0.00876895,28,32.3,-1.853,-0.999781,1,-0.387793,-0.000641309,0,0.426874,0.000692904,0,0.0103352,29,32.3,-0.999999,1.00005,1,7.72998e-06,-9.10833e-05,0,1.11759e-05,-3.72529e-05,0,0.00886782,30,32.3,3,-3,1,7.45058e-06,0,0,-5.96046e-05,0,0,0.00839019,31,32.3,1.99999,-2.99999,1,1.86265e-07,1.41561e-05,0,7.45058e-06,2.98023e-05,0,0.0073904,32,32.3,-2.99928,-1.98229,1,0.00451021,-0.153342,0,0.00341237,0.433907,0,0.00764159,33,32.3,3,-2.93039e-09,1,0,-9.42773e-09,0,0,5.0978e-08,0,0.00564266,34,32.3,-2.99999,0.00205983,1,0.000140816,-0.0200296,0,0.000953674,0.0382647,0,0.00933628,35,32.3,0.999936,-1.99999,1,-6.23986e-06,-2.79397e-06,0,0.000525266,-5.21541e-05,0,0.00838906
0,32.4,-3.25853e-06,-1.95112,1,6.73727e-06,-0.236195,0,1.08545e-05,0.498533,0,0.0138029,1,32.4,-1.00004,-2.99538,1,0.00160038,0.00466704,0,-0.00432134,-0.0295639,0,0.00931068,2,32.4,2.01189,0.999999,1,-0.0275016,1.19209e-05,0,-0.02563,-2.98023e-05,0,0.00826252,3,32.4,-3,3,1,5.96046e-06,0,0,0.000119209,0,0,0.00591293,4,32.4,-1.99485,-2.92703,1,0.0072211,-0.249714,0,-0.0886917,0.504136,0,0.00738413,5,32.4,-2.00058,-1.96746,1,0.00279546,-0.203991,0,-0.00441074,0.500321,0,0.0104531,6,32.4,-1.67734,3,1,-0.488076,0,0,0.127196,0,0,0.00464952,7,32.4,-1.99929,1.31732,1,0.00108778,-0.486898,0,-0.00667572,0.13715,0,0.00859892,8,32.4,-0.049841,-0.493998,1,0.171496,-0.5,0,-0.341965,-2.98023e-05,0,0.0118136,9,32.4,0.630261,-0.961445,1,0.497906,-0.142916,0,-0.0401437,0.305414,0,0.0111059,10,32.4,-2.7023,0.961589,1,-0.487423,0.0463426,0,0.135422,0.0719428,0,0.00859668,11,32.4,-2.9966,-3,1,0.00929832,0,0,-0.0215769,0,0,0.00658049,12,32.4,1,-2.99999,1,0,1.78814e-05,0,0,-0.000238419,0,0.00920361,13,32.4,-2,2.26404,1,2.38419e-05,-0.472182,0,-0.000238419,0.197649,0,0.00905932,14,32.4,-1.99956,6.71634e-06,1,0.000306964,3.20338e-06,0,-0.00435114,-6.28058e-05,0,0.0103715,15,32.4,1,0.0104389,1,-1.49012e-05,-0.0269755,0,0,-0.0142697,0,0.0126791,16,32.4,1.11456e-13,3,1,-5.94349e-13,5.96046e-06,0,1.72309e-12,-0.000119209,0,0.0103729,17,32.4,-3,1.62793,1,0,0.498173,0,0,-0.0365376,0,0.00770761,18,32.4,-1.01158,-1.18087,1,0.00984669,0.419921,0,0.0705123,-0.373602,0,0.013304,19,32.4,0.999998,2.00001,1,5.96046e-06,-5.96046e-06,0,0,0.000119209,0,0.012933,20,32.4,3,3,1,2.38419e-05,-1.78814e-05,0,-0.000119209,-0.000119209,0,0.00648094,21,32.4,3,1,1,1.78814e-05,8.9407e-06,0,0,-5.96046e-05,0,0.0098584,22,32.4,-0.999954,2.00001,1,-8.49366e-05,0,0,-0.000119209,0,0,0.0127551,23,32.4,2.00001,-2.00001,1,5.96046e-06,-1.19209e-05,0,0,0.000238419,0,0.0112209,24,32.4,0.0127182,1.00623,1,-0.146886,0.00451803,0,0.444105,-0.0891685,0,0.0139633,25,32.4,2,1.99997,1,0,9.23872e-05,0,-5.96046e-05,0,0,0.0110962,26,32.4,2,3,1,0,0,0,0,0,0,0.00653394,27,32.4,2.00001,-1.80073e-08,1,2.98023e-05,-2.09694e-08,0,0,2.04925e-07,0,0.00861649,28,32.4,-1.88956,-0.999841,1,-0.342587,-0.000566244,0,0.473976,0.000834465,0,0.010623,29,32.4,-0.999998,1.00004,1,7.45058e-06,-9.23872e-05,0,0,0,0,0.00903163,30,32.4,3,-3,1,0,0,0,0,0,0,0.00814298,31,32.4,1.99999,-2.99999,1,0,1.78814e-05,0,5.96046e-05,-0.000119209,0,0.0077803,32,32.4,-2.99883,-1.99552,1,0.0043869,-0.112158,0,-0.00548363,0.388145,0,0.00816231,33,32.4,3,-3.63143e-09,1,0,-4.72986e-09,0,0,4.27819e-08,0,0.00640425,34,32.4,-2.99997,0.000256002,1,0.000202656,-0.0159877,0,0.000357628,0.0418471,0,0.00872831,35,32.4,0.999938,-1.99999,1,4.02331e-05,-5.96046e-06,0,0.000357628,-5.96046e-05,0,0.00726913
0,32.5,-2.54614e-06,-1.97178,1,7.37308e-06,-0.173214,0,2.58661e-06,0.731938,0,0.0138029,1,32.5,-0.999903,-2.99506,1,0.00117365,0.00175014,0,-0.00416487,-0.0283122,0,0.00931068,2,32.5,2.00906,1,1,-0.0285648,9.12696e-06,0,0.00295043,-3.72529e-05,0,0.00826252,3,32.5,-3,3,1,1.41561e-05,0,0,2.98023e-05,0,0,0.00591293,4,32.5,-1.99453,-2.94949,1,-0.000307336,-0.199889,0,-0.0625104,0.488356,0,0.00738413,5,32.5,-2.00032,-1.98541,1,0.00232719,-0.155756,0,-0.00487268,0.461869,0,0.0104531,6,32.5,-1.72539,3,1,-0.471748,0,0,0.200301,0,0,0.00464952,7,32.5,-1.99922,1.26944,1,0.000464544,-0.469493,0,-0.00575185,0.211567,0,0.00859892,8,32.5,-0.0339852,-0.543998,1,0.149402,-0.5,0,-0.114753,0,0,0.0118136,9,32.5,0.680011,-0.974268,1,0.498123,-0.114119,0,0.0230409,0.270661,0,0.0111059,10,32.5,-2.75016,0.96652,1,-0.467749,0.0516593,0,0.255182,0.0352859,0,0.00859668,11,32.5,-2.9958,-3,1,0.00676103,0,0,-0.0282079,0,0,0.00658049,12,32.5,1,-2.99999,1,0,-1.11759e-06,0,0,-0.000163913,0,0.00920361,13,32.5,-1.99999,2.21799,1,4.28408e-06,-0.447121,0,-0.000156462,0.300273,0,0.00905932,14,32.5,-1.99955,6.74978e-06,1,-7.58097e-05,-2.26699e-06,0,-0.00331551,-4.67525e-05,0,0.0103715,15,32.5,1,0.00771439,1,-1.39698e-05,-0.0271038,0,2.23517e-05,0.0103816,0,0.0126791,16,32.5,6.0698e-14,3,1,-4.20931e-13,-3.72529e-06,0,1.71574e-12,-5.96046e-05,0,0.0103729,17,32.5,-3,1.67748,1,0,0.491753,0,0,-0.095956,0,0.00770761,18,32.5,-1.01029,-1.14086,1,0.0154221,0.379349,0,0.041835,-0.434808,0,0.013304,19,32.5,0.999998,2.00001,1,5.86733e-06,2.23517e-06,0,-3.72529e-06,2.98023e-05,0,0.012933,20,32.5,3,2.99999,1,1.37836e-05,-2.49594e-05,0,-7.45058e-05,-4.47035e-05,0,0.00648094,21,32.5,3,1,1,1.3411e-05,3.72529e-06,0,-5.96046e-05,-4.47035e-05,0,0.0098584,22,32.5,-0.999963,2.00001,1,-9.20147e-05,-3.72529e-07,0,-2.23517e-05,-1.49012e-05,0,0.0127551,23,32.5,2.00001,-2.00001,1,4.47035e-06,7.07805e-06,0,-2.98023e-05,0.000163913,0,0.0112209,24,32.5,0.000167582,1.00629,1,-0.10499,-0.00295527,0,0.392338,-0.0610501,0,0.0139633,25,32.5,2,1.99998,1,-4.09782e-06,8.90344e-05,0,-1.49012e-05,-5.96046e-05,0,0.0110962,26,32.5,2,3,1,0,0,0,0,0,0,0.00653394,27,32.5,2.00002,-1.91553e-08,1,2.75671e-05,-2.74354e-09,0,-5.96046e-05,1.59681e-07,0,0.00861649,28,32.5,-1.92139,-0.999894,1,-0.293666,-0.000479538,0,0.500172,0.000890344,0,0.010623,29,32.5,-0.999998,1.00003,1,6.89179e-06,-8.90344e-05,0,-1.49012e-05,5.96046e-05,0,0.00903163,30,32.5,3,-3,1,0,0,0,0,0,0,0.00814298,31,32.5,2,-2.99999,1,5.02914e-06,7.45058e-06,0,3.72529e-05,-8.9407e-05,0,0.0077803,32,32.5,-2.99843,-2.00489,1,0.00357665,-0.0760693,0,-0.0102371,0.332877,0,0.00816231,33,32.5,3,-3.90585e-09,1,0,-9.11985e-10,0,0,3.35798e-08,0,0.00640425,34,32.5,-2.99995,-0.00113332,1,0.000212714,-0.0118096,0,-0.00013411,0.0412147,0,0.00872831,35,32.5,0.999943,-1.99999,1,6.93835e-05,-1.08033e-05,0,0.000227243,-2.98023e-05,0,0.00726913
0,32.6,-1.80457e-06,-1.98526,1,7.38664e-06,-0.0949919,0,-1.71992e-06,0.809729,0,0.0146837,1,32.6,-0.999806,-2.99502,1,0.00077486,-0.000905991,0,-0.0038147,-0.0246763,0,0.00850916,2,32.6,2.00626,1,1,-0.0271797,5.96046e-06,0,0.0236034,0,0,0.00765103,3,32.6,-3,3,1,1.78814e-05,0,0,0,0,0,0.00590367,4,32.6,-1.99483,-2.9671,1,-0.00540912,-0.152767,0,-0.0401735,0.451088,0,0.0068503,5,32.6,-2.00012,-1.99876,1,0.00183582,-0.112045,0,-0.00500679,0.410438,0,0.00970567,6,32.6,-1.77144,3,1,-0.44792,0,0,0.276268,0,0,0.00571387,7,32.6,-1.9992,1.22367,1,-5.96046e-05,-0.444552,0,-0.00470877,0.287116,0,0.00866972,8,32.6,-0.0193457,-0.593998,1,0.145798,-0.5,0,0.0300324,-2.98023e-05,0,0.0148093,9,32.6,0.729923,-0.984383,1,0.499783,-0.0887498,0,0.00432134,0.236958,0,0.011696,10,32.6,-2.79549,0.971807,1,-0.436997,0.0535786,0,0.356793,0.00399351,0,0.00912637,11,32.6,-2.99527,-3,1,0.0038147,0,0,-0.0296831,0,0,0.00714751,12,32.6,1,-2.99999,1,0,-5.96046e-06,0,0,-0.000238419,0,0.00972934,13,32.6,-1.99999,2.17492,1,-8.9407e-06,-0.412798,0,-5.96046e-05,0.382781,0,0.0072753,14,32.6,-1.99957,6.31475e-06,1,-0.000357628,-6.18454e-06,0,-0.00232458,-3.18216e-05,0,0.0115215,15,32.6,0.999999,0.00508751,1,-1.19209e-05,-0.0251474,0,2.98023e-05,0.0275891,0,0.013573,16,32.6,2.69488e-14,3,1,-2.5715e-13,-5.96046e-06,0,1.52993e-12,-0.000119209,0,0.00926719,17,32.6,-3,1.72605,1,0,0.478327,0,0,-0.175059,0,0.00739837,18,32.6,-1.00858,-1.10517,1,0.0183791,0.333586,0,0.0181794,-0.477314,0,0.012507,19,32.6,0.999999,2.00001,1,5.96046e-06,5.96046e-06,0,-2.98023e-05,0,0,0.0107449,20,32.6,3,2.99999,1,5.96046e-06,-2.38419e-05,0,0,-0.000119209,0,0.00516868,21,32.6,3,1,1,5.96046e-06,0,0,-0.000119209,-5.96046e-05,0,0.00833081,22,32.6,-0.999972,2.00001,1,-9.08971e-05,0,0,2.98023e-05,-0.000119209,0,0.0103403,23,32.6,2.00001,-2.00001,1,0,1.78814e-05,0,0,0.000119209,0,0.0116027,24,32.6,-0.00846547,1.00573,1,-0.0686508,-0.00784099,0,0.333595,-0.0373125,0,0.0132179,25,32.6,2,1.99998,1,-5.96046e-06,8.04663e-05,0,0,-0.000119209,0,0.0111097,26,32.6,2,3,1,0,0,0,0,0,0,0.00589944,27,32.6,2.00002,-1.87052e-08,1,1.78814e-05,1.10127e-08,0,-0.000119209,1.15818e-07,0,0.00770883,28,32.6,-1.94825,-0.999937,1,-0.243348,-0.00039041,0,0.502348,0.000923872,0,0.0115116,29,32.6,-0.999997,1.00002,1,5.96046e-06,-8.34465e-05,0,-2.98023e-05,0.000178814,0,0.00821175,30,32.6,3,-3,1,0,0,0,0,0,0,0.00873596,31,32.6,2,-2.99999,1,5.96046e-06,0,0,5.96046e-05,0,0,0.00817463,32,32.6,-2.99812,-2.01093,1,0.00242591,-0.045687,0,-0.0123978,0.274539,0,0.00875796,33,32.6,3,-3.84429e-09,1,0,1.99308e-09,0,0,2.45874e-08,0,0.00562179,34,32.6,-2.99993,-0.00211268,1,0.000184774,-0.00783179,0,-0.000357628,0.0379699,0,0.0092642,35,32.6,0.999951,-1.99999,1,8.79169e-05,-1.49012e-05,0,8.9407e-05,0,0,0.00875929
0,32.7,-1.36648e-06,-1.99057,1,-3.95717e-06,-0.0104409,0,-0.000318973,0.862375,0,0.0146837,1,32.7,-0.999746,-2.99523,1,0.00042161,-0.00309981,0,-0.00323728,-0.0190884,0,0.00850916,2,32.7,2.00368,1,1,-0.024116,5.7742e-06,0,0.0365973,-7.45058e-06,0,0.00765103,3,32.7,-2.99999,3,1,1.60187e-05,0,0,-4.47035e-05,0,0,0.00590367,4,32.7,-1.99554,-2.9802,1,-0.00847373,-0.110219,0,-0.0218078,0.397384,0,0.0068503,5,32.7,-1.99996,-2.00801,1,0.00134837,-0.0740252,0,-0.00470132,0.349253,0,0.00970567,6,32.7,-1.81469,3,1,-0.415838,0,0,0.361569,0,0,0.00571387,7,32.7,-1.99922,1.1808,1,-0.000468642,-0.411503,0,-0.00348687,0.370003,0,0.00866972,8,32.7,-0.00405185,-0.643815,1,0.165142,-0.494571,0,0.33411,0.106193,0,0.0148093,9,32.7,0.779915,-0.992135,1,0.499986,-0.066899,0,0.000547618,0.200622,0,0.011696,10,32.7,-2.83723,0.977137,1,-0.396392,0.0525706,0,0.44921,-0.0229478,0,0.00912637,11,32.7,-2.99503,-3,1,0.000937656,0,0,-0.027433,0,0,0.00714751,12,32.7,1,-3,1,0,-1.9744e-05,0,0,-4.47035e-05,0,0.00972934,13,32.7,-2,2.13566,1,-1.30385e-05,-0.371509,0,-1.49012e-05,0.439912,0,0.0072753,14,32.7,-1.99961,5.56048e-06,1,-0.000543706,-8.67732e-06,0,-0.00142306,-1.84094e-05,0,0.0115215,15,32.7,0.999997,0.00273034,1,-8.84756e-06,-0.0218245,0,3.35276e-05,0.0378953,0,0.013573,16,32.7,8.34803e-15,3,1,-1.20978e-13,-1.41561e-05,0,1.16313e-12,-2.98023e-05,0,0.00926719,17,32.7,-3,1.77282,1,0,0.455315,0,0,-0.282049,0,0.00739837,18,32.7,-1.00668,-1.07425,1,0.0192231,0.284571,0,-0.000424683,-0.498846,0,0.012507,19,32.7,0.999999,2.00001,1,3.44589e-06,4.47035e-06,0,-1.86265e-05,-2.98023e-05,0,0.0107449,20,32.7,3,2.99999,1,5.58794e-06,-3.05474e-05,0,-1.49012e-05,-2.98023e-05,0,0.00516868,21,32.7,3,1,1,-3.72529e-06,-4.84288e-06,0,-5.96046e-05,-2.98023e-05,0,0.00833081,22,32.7,-0.999981,2.00001,1,-8.46572e-05,-9.68575e-06,0,8.56817e-05,-5.96046e-05,0,0.0103403,23,32.7,2.00001,-2.00001,1,-3.72529e-07,2.6077e-05,0,-1.49012e-05,2.98023e-05,0,0.0116027,24,32.7,-0.013768,1.00479,1,-0.0384514,-0.0105759,0,0.270492,-0.0181422,0,0.0132179,25,32.7,2,1.99999,1,-5.21541e-06,6.7614e-05,0,1.49012e-05,-0.000141561,0,0.0111097,26,32.7,2,3,1,0,0,0,0,0,0,0.00589944,27,32.7,2.00002,-1.70955e-08,1,5.96046e-06,2.0497e-08,0,-0.000119209,7.47911e-08,0,0.00770883,28,32.7,-1.97009,-0.999972,1,-0.193957,-0.000300538,0,0.482231,0.000867993,0,0.0115116,29,32.7,-0.999997,1.00001,1,3.07336e-06,-6.63102e-05,0,-2.6077e-05,0.000163913,0,0.00821175,30,32.7,3,-3,1,0,0,0,0,0,0,0.00873596,31,32.7,2,-2.99999,1,1.08033e-05,-3.72529e-07,0,2.98023e-05,-1.49012e-05,0,0.00817463,32,32.7,-2.99794,-2.01422,1,0.0011757,-0.0212263,0,-0.012368,0.215188,0,0.00875796,33,32.7,3,-3.53662e-09,1,0,4.019e-09,0,0,1.61138e-08,0,0.00562179,34,32.7,-2.99992,-0.00271443,1,0.000140443,-0.00429195,0,-0.000521541,0.0326523,0,0.0092642,35,32.7,0.99996,-1.99999,1,9.2946e-05,-1.47149e-05,0,1.49012e-05,7.45058e-06,0,0.00875929
0,32.8,-4.51987e-06,-1.98735,1,-7.24783e-05,0.0741214,0,-0.00111834,0.814021,0,0.0161229,1,32.8,-0.999719,-2.99563,1,0.00012964,-0.00471473,0,-0.0025928,-0.0132322,0,0.0115787,2,32.8,2.00147,1,1,-0.0200629,2.98023e-06,0,0.043571,5.96046e-05,0,0.00745239,3,32.8,-2.99999,3,1,1.78814e-05,0,0,-0.000238419,0,0,0.00561963,4,32.8,-1.99647,-2.98934,1,-0.00990331,-0.0736952,0,-0.00733137,0.331521,0,0.006937,5,32.8,-1.99984,-2.01377,1,0.00090301,-0.0422895,0,-0.00417233,0.285387,0,0.0114137,6,32.8,-1.85436,3,1,-0.376353,0,0,0.424504,0,0,0.00564067,7,32.8,-1.99929,1.14161,1,-0.000759959,-0.37131,0,-0.00238419,0.430226,0,0.00820599,8,32.8,0.0144773,-0.692582,1,0.208387,-0.479242,0,0.511198,0.197947,0,0.0144289,9,32.8,0.829914,-0.997878,1,0.5,-0.0485167,0,2.98023e-05,0.167608,0,0.0111628,10,32.8,-2.87451,0.982244,1,-0.348318,0.0492185,0,0.506759,-0.0430048,0,0.008272,11,32.8,-2.99507,-3,1,-0.00160336,0,0,-0.0231266,0,0,0.00738015,12,32.8,1,-3,1,0,-1.78814e-05,0,0,0,0,0.00755611,13,32.8,-2,2.10078,1,-1.49012e-05,-0.325435,0,0,0.478268,0,0.00755165,14,32.8,-1.99967,4.62024e-06,1,-0.00064373,-9.9415e-06,0,-0.000715256,-7.2498e-06,0,0.0102861,15,32.8,0.999997,0.000747695,1,-5.96046e-06,-0.0177458,0,2.98023e-05,0.0428765,0,0.0142132,16,32.8,0,3,1,0,-1.78814e-05,0,0,0,0,0.0119101,17,32.8,-3,1.81679,1,0,0.422558,0,0,-0.369728,0,0.00799979,18,32.8,-1.00479,-1.04829,1,0.0184596,0.234589,0,-0.0140667,-0.497162,0,0.012502,19,32.8,1,2.00001,1,1.49012e-06,0,0,0,0,0,0.0118192,20,32.8,3,2.99999,1,5.96046e-06,-2.98023e-05,0,-0.000119209,0,0,0.00545321,21,32.8,3,1,1,-5.96046e-06,-8.9407e-06,0,-0.000119209,0,0,0.0095722,22,32.8,-0.999989,2.00001,1,-7.45058e-05,-1.78814e-05,0,0.000119209,0,0,0.0130362,23,32.8,2.00001,-2,1,0,2.98023e-05,0,-0.000119209,0,0,0.0122411,24,32.8,-0.0163642,1.00367,1,-0.014498,-0.0116199,0,0.20902,-0.00327826,0,0.0141691,25,32.8,2,2,1,-2.98023e-06,5.06639e-05,0,0,-5.96046e-05,0,0.00996787,26,32.8,2,3,1,0,0,0,0,0,0,0.00768111,27,32.8,2.00002,-1.47332e-08,1,0,2.61613e-08,0,-0.000238419,3.94747e-08,0,0.00814591,28,32.8,-1.98713,-0.999998,1,-0.147474,-0.000219047,0,0.444949,0.000804663,0,0.0107674,29,32.8,-0.999996,1.00001,1,0,-5.06639e-05,0,-2.98023e-05,0.000119209,0,0.00789289,30,32.8,3,-3,1,0,0,0,0,0,0,0.00823142,31,32.8,2,-2.99999,1,1.19209e-05,0,0,0,-0.000119209,0,0.00700685,32,32.8,-2.99789,-2.01536,1,-1.19209e-05,-0.00252724,0,-0.0109673,0.159621,0,0.00791403,33,32.8,3,-3.06687e-09,1,0,5.25373e-09,0,0,8.77664e-09,0,0.00479799,34,32.8,-2.99991,-0.00299033,1,8.34465e-05,-0.00132825,0,-0.000596046,0.0265274,0,0.0105478,35,32.8,0.99997,-2,1,8.9407e-05,-1.49012e-05,0,0,5.96046e-05,0,0.00884021
0,32.9,-2.08119e-05,-1.97577,1,-0.000292155,0.157882,0,-0.00343893,0.841007,0,0.0161229,1,32.9,-0.999718,-2.99615,1,-9.62988e-05,-0.00572838,0,-0.0019297,-0.00716746,0,0.0115787,2,32.9,1.99969,1,1,-0.0155842,7.07805e-06,0,0.0453368,1.49012e-05,0,0.00745239,3,32.9,-2.99999,3,1,-1.11759e-06,0,0,-0.000163913,0,0,0.00561963,4,32.9,-1.99748,-2.99517,1,-0.0100791,-0.0441223,0,0.00323355,0.259519,0,0.006937,5,32.9,-1.99977,-2.01668,1,0.000518188,-0.0170063,0,-0.00351667,0.22094,0,0.0114137,6,32.9,-1.8898,3,1,-0.331889,0,0,0.461616,0,0,0.00564067,7,32.9,-1.99937,1.1067,1,-0.000947341,-0.326412,0,-0.00138581,0.464566,0,0.00820599,8,32.9,0.0382414,-0.739356,1,0.26976,-0.454727,0,0.683966,0.288472,0,0.0144289,9,32.9,0.879914,-1.00195,1,0.5,-0.0333314,0,0,0.136714,0,0.0111628,10,32.9,-2.90676,0.986926,1,-0.296057,0.0442179,0,0.533462,-0.0560805,0,0.008272,11,32.9,-2.99533,-3,1,-0.00362657,0,0,-0.0173002,0,0,0.00738015,12,32.9,1,-3,1,0,-1.3411e-05,0,0,5.96046e-05,0,0.00755611,13,32.9,-2,2.07067,1,-1.39698e-05,-0.276522,0,2.23517e-05,0.496,0,0.00755165,14,32.9,-1.99974,3.60559e-06,1,-0.000681356,-1.02046e-05,0,-5.96046e-05,1.57541e-06,0,0.0102861,15,32.9,0.999996,-0.000810549,1,-2.98023e-06,-0.0134141,0,2.98023e-05,0.0431892,0,0.0142132,16,32.9,0,2.99999,1,0,-1.60187e-05,0,0,4.47035e-05,0,0.0119101,17,32.9,-3,1.85708,1,0,0.382299,0,0,-0.432447,0,0.00799979,18,32.9,-1.00303,-1.02729,1,0.0165718,0.185878,0,-0.022985,-0.473991,0,0.012502,19,32.9,1,2.00001,1,1.49012e-06,-1.49012e-06,0,0,-2.98023e-05,0,0.0118192,20,32.9,3,2.99998,1,-3.72529e-06,-2.75671e-05,0,-5.96046e-05,5.96046e-05,0,0.00545321,21,32.9,3,1,1,-1.41561e-05,-8.75443e-06,0,-2.98023e-05,7.45058e-06,0,0.0095722,22,32.9,-0.999996,2.00001,1,-6.14673e-05,-1.75089e-05,0,0.00013411,1.49012e-05,0,0.0130362,23,32.9,2.00001,-2,1,-1.00583e-05,2.79397e-05,0,-7.45058e-05,-4.47035e-05,0,0.0122411,24,32.9,-0.0168685,1.00251,1,0.00344283,-0.0113895,0,0.150883,0.00726432,0,0.0141691,25,32.9,2,2,1,-2.23517e-06,4.30271e-05,0,1.49012e-05,-8.19564e-05,0,0.00996787,26,32.9,2,3,1,0,0,0,0,0,0,0.00768111,27,32.9,2.00002,-1.19712e-08,1,-1.8999e-05,2.85936e-08,0,-0.000163913,1.03433e-08,0,0.00814591,28,32.9,-1.99974,-1.00002,1,-0.105488,-0.000144634,0,0.393271,0.000689179,0,0.0107674,29,32.9,-0.999997,1,1,-2.51457e-06,-3.88362e-05,0,-1.86265e-05,0.000115484,0,0.00789289,30,32.9,3,-3,1,0,0,0,0,0,0,0.00823142,31,32.9,2,-2.99999,1,1.11759e-05,-9.68575e-06,0,-1.49012e-05,-5.96046e-05,0,0.00700685,32,32.9,-2.99794,-2.01491,1,-0.0010062,0.0108406,0,-0.00886619,0.108957,0,0.00791403,33,32.9,3,-2.50837e-09,1,0,5.8147e-09,0,0,2.68198e-09,0,0.00479799,34,32.9,-2.9999,-0.00300156,1,2.57045e-05,0.000994118,0,-0.000551343,0.0199615,0,0.0105478,35,32.9,0.999978,-2,1,8.59611e-05,-9.87202e-06,0,-6.33299e-05,3.72529e-05,0,0.00884021
0,33,-7.21388e-05,-1.95587,1,-0.000786087,0.238761,0,-0.0065342,0.761211,0,0.0141464,1,33,-0.999736,-2.99675,1,-0.00025928,-0.006181,0,-0.0012815,-0.00178814,0,0.0119411,2,33,1.99835,1,1,-0.0111133,8.9407e-06,0,0.043571,-5.96046e-05,0,0.00819784,3,33,-2.99999,3,1,-5.96046e-06,0,0,-0.000238419,0,0,0.00613096,4,33,-1.99846,-2.99841,1,-0.00936389,-0.0217795,0,0.0104904,0.187874,0,0.00796486,5,33,-1.99974,-2.01738,1,0.000199676,0.0020504,0,-0.00280142,0.161052,0,0.00884248,6,33,-1.92064,3,1,-0.284648,0,0,0.480115,0,0,0.00574785,7,33,-1.99947,1.07641,1,-0.00104308,-0.279015,0,-0.000476837,0.480354,0,0.0086087,8,33,0.0687052,-0.783264,1,0.339582,-0.422294,0,0.688798,0.356644,0,0.0128662,9,33,0.929914,-1.00464,1,0.5,-0.0210553,0,2.98023e-05,0.109315,0,0.0129696,10,33,-2.93369,0.991053,1,-0.242561,0.0381768,0,0.532031,-0.063926,0,0.00732683,11,33,-2.99577,-3,1,-0.00505447,0,0,-0.0113249,0,0,0.00756354,12,33,1,-3,1,0,-5.96046e-06,0,0,0.000119209,0,0.0084868,13,33,-2,2.0455,1,-1.19209e-05,-0.226986,0,0,0.491261,0,0.00724743,14,33,-1.99981,2.60472e-06,1,-0.000661612,-9.70488e-06,0,0.000357628,8.04681e-06,0,0.0123723,15,33,0.999996,-0.00193939,1,-1.49012e-06,-0.00920766,0,5.96046e-05,0.0405108,0,0.0146586,16,33,0,2.99999,1,0,-1.78814e-05,0,0,0.000238419,0,0.0108392,17,33,-3,1.89307,1,0,0.336692,0,0,-0.47648,0,0.00678779,18,33,-1.0015,-1.01101,1,0.0139892,0.14033,0,-0.0280142,-0.434637,0,0.0118252,19,33,1,2.00001,1,1.49012e-06,-5.96046e-06,0,-2.98023e-05,0,0,0.0112845,20,33,3,2.99998,1,-5.96046e-06,-1.78814e-05,0,-0.000119209,0.000119209,0,0.00612176,21,33,3,1,1,-1.78814e-05,-8.9407e-06,0,0,5.96046e-05,0,0.0100168,22,33,-1,2,1,-4.76837e-05,-1.78814e-05,0,0.000178814,0.000119209,0,0.00999014,23,33,2.00001,-2,1,-1.19209e-05,2.38419e-05,0,-0.000119209,-5.96046e-05,0,0.0113994,24,33,-0.0158583,1.00142,1,0.0159056,-0.0102878,0,0.0995556,0.0143051,0,0.014054,25,33,2,2.00001,1,0,3.57628e-05,0,0,-0.000238419,0,0.0106142,26,33,2,3,1,0,0,0,0,0,0,0.00657309,27,33,2.00002,-9.10009e-09,1,-2.98023e-05,2.84559e-08,0,-0.000119209,-1.20097e-08,0,0.00784122,28,33,-2.00842,-1.00003,1,-0.069052,-8.34465e-05,0,0.334501,0.000596046,0,0.00992466,29,33,-0.999997,0.999998,1,-4.47035e-06,-2.83122e-05,0,0,0.000119209,0,0.00801967,30,33,3,-3,1,0,0,0,0,0,0,0.00862426,31,33,2,-2.99999,1,5.96046e-06,-1.19209e-05,0,0.000119209,-0.000119209,0,0.00848819,32,33,-2.99808,-2.01335,1,-0.00177622,0.0195026,0,-0.00631809,0.0655651,0,0.0100024,33,33,3,-1.9219e-09,1,0,5.83628e-09,0,0,-2.02799e-09,0,0.0050161,34,33,-2.9999,-0.00281288,1,-2.38419e-05,0.00267592,0,-0.000596046,0.0137516,0,0.0101846,35,33,0.999987,-2,1,7.7486e-05,-5.96046e-06,0,-0.000119209,0,0,0.00919803
0,33.1,-0.000235893,-1.92823,1,-0.00295677,0.313443,0,-0.0346316,0.720851,0,0.0141464,1,33.1,-0.999768,-2.99737,1,-0.000359863,-0.00613146,0,-0.000745058,0.0025779,0,0.0119411,2,33.1,1.99745,1,1,-0.0069743,3.72529e-06,0,0.0389293,-4.47035e-05,0,0.00819784,3,33.1,-3,3,1,-1.9744e-05,0,0,-4.47035e-05,0,0,0.00613096,4,33.1,-1.99933,-2.99976,1,-0.0080796,-0.00634491,0,0.0147894,0.122517,0,0.00796486,5,33.1,-1.99973,-2.01647,1,-4.48897e-05,0.0153873,0,-0.00209361,0.107065,0,0.00884248,6,33.1,-1.9467,3,1,-0.236506,0,0,0.479303,0,0,0.00574785,7,33.1,-1.99958,1.05092,1,-0.00105351,-0.230983,0,0.000238419,0.476971,0,0.0086087,8,33.1,0.105946,-0.82362,1,0.403284,-0.384,0,0.572003,0.405755,0,0.0128662,9,33.1,0.979914,-1.00624,1,0.5,-0.0113817,0,0,0.0847504,0,0.0129696,10,33.1,-2.95531,0.994544,1,-0.190416,0.0316052,0,0.506714,-0.0667647,0,0.00732683,11,33.1,-2.99632,-3,1,-0.0058867,0,0,-0.00545382,0,0,0.00756354,12,33.1,1,-3,1,0,3.72529e-06,0,0,5.96046e-05,0,0.0084868,13,33.1,-2,2.02522,1,-1.15484e-05,-0.178988,0,1.49012e-05,0.46581,0,0.00724743,14,33.1,-1.99987,1.68236e-06,1,-0.000606477,-8.67193e-06,0,0.000715256,1.22755e-05,0,0.0123723,15,33.1,0.999996,-0.00266554,1,3.25963e-06,-0.00540025,0,4.09782e-05,0.035418,0,0.0146586,16,33.1,0,2.99999,1,0,1.11759e-06,0,0,0.000163913,0,0.0108392,17,33.1,-3,1.92431,1,0,0.28768,0,0,-0.499561,0,0.00678779,18,33.1,-1.00024,-0.999066,1,0.0110836,0.0994361,0,-0.0296496,-0.38192,0,0.0118252,19,33.1,1,2.00001,1,-9.31323e-07,-6.33299e-06,0,-1.49012e-05,-1.49012e-05,0,0.0112845,20,33.1,3,2.99998,1,-1.41561e-05,-5.96046e-06,0,-2.98023e-05,0.000119209,0,0.00612176,21,33.1,2.99999,1,1,-1.60187e-05,-3.91155e-06,0,4.47035e-05,3.72529e-05,0,0.0100168,22,33.1,-1.00001,2,1,-3.09199e-05,-7.82311e-06,0,0.000149012,7.45058e-05,0,0.00999014,23,33.1,2.00001,-2,1,-2.16067e-05,1.76951e-05,0,-5.96046e-05,-6.70552e-05,0,0.0113994,24,33.1,-0.0138467,1.00047,1,0.0235969,-0.0086464,0,0.0557331,0.0180975,0,0.014054,25,33.1,2,2.00001,1,1.86265e-07,1.41561e-05,0,7.45058e-06,-0.000178814,0,0.0106142,26,33.1,2,3,1,0,0,0,0,0,0,0.00657309,27,33.1,2.00001,-6.34341e-09,1,-3.7998e-05,2.64154e-08,0,-2.98023e-05,-2.77637e-08,0,0.00784122,28,33.1,-2.01376,-1.00003,1,-0.038762,-3.14787e-05,0,0.271365,0.000454485,0,0.00992466,29,33.1,-0.999997,0.999996,1,-4.47035e-06,-1.73226e-05,0,0,9.68575e-05,0,0.00801967,30,33.1,3,-3,1,0,0,0,0,0,0,0.00862426,31,33.1,2,-3,1,1.41561e-05,-1.75089e-05,0,2.98023e-05,-1.49012e-05,0,0.00848819,32,33.1,-2.99829,-2.01114,1,-0.002281,0.0242054,0,-0.0038296,0.0298619,0,0.0100024,33,33.1,3,-1.35455e-09,1,0,5.45493e-09,0,0,-5.38428e-09,0,0.0050161,34,33.1,-2.99991,-0.00248634,1,-7.45058e-05,0.00376034,0,-0.000417233,0.00808596,0,0.0101846,35,33.1,0.999994,-2,1,6.44475e-05,-5.96046e-06,0,-0.00013411,0,0,0.00919803
0,33.2,-0.000735477,-1.89343,1,-0.00729299,0.38088,0,-0.0501465,0.618875,0,0.014569,1,33.2,-0.999807,-2.99797,1,-0.000409782,-0.00570416,0,-0.000327826,0.00572205,0,0.00903237,2,33.2,1.99694,1,1,-0.00337362,0,0,0.0329018,0,0,0.00922225,3,33.2,-3,3,1,-1.78814e-05,0,0,0,0,0,0.00424041,4,33.2,-2.00006,-2.99987,1,-0.00648499,0.0031352,0,0.0169277,0.0693798,0,0.00737872,5,33.2,-1.99974,-2.01447,1,-0.000223517,0.0237405,0,-0.00137091,0.0612736,0,0.0122468,6,33.2,-1.96798,3,1,-0.189412,0,0,0.45985,0,0,0.00480359,7,33.2,-1.99968,1.03017,1,-0.000998378,-0.184226,0,0.000715256,0.455379,0,0.00744415,8,33.2,0.148861,-0.859934,1,0.452109,-0.341806,0,0.399001,0.434995,0,0.013513,9,33.2,1.02991,-1.00699,1,0.5,-0.00399053,0,0,0.0635386,0,0.00957658,10,33.2,-2.97189,0.997371,1,-0.14196,0.024958,0,0.459313,-0.0655651,0,0.00741538,11,33.2,-2.99693,-3,1,-0.00617504,0,0,-0.000476837,0,0,0.0069807,12,33.2,1,-3,1,0,5.96046e-06,0,0,0.000119209,0,0.00946988,13,33.2,-2,2.00959,1,-1.19209e-05,-0.134337,0,0.000119209,0.424922,0,0.00834173,14,33.2,-1.99993,8.81205e-07,1,-0.000521541,-7.31183e-06,0,0.00089407,1.46427e-05,0,0.0138428,15,33.2,0.999997,-0.00303837,1,5.96046e-06,-0.00215897,0,2.98023e-05,0.0292776,0,0.0159413,16,33.2,0,2.99999,1,0,5.96046e-06,0,0,0.000238419,0,0.0099826,17,33.2,-3,1.95057,1,0,0.23756,0,0,-0.499189,0,0.00752792,18,33.2,-0.99928,-0.990935,1,0.00813752,0.0641555,0,-0.0289381,-0.322998,0,0.0115321,19,33.2,1,2.00001,1,-1.49012e-06,-5.96046e-06,0,-2.98023e-05,-0.000119209,0,0.0116345,20,33.2,3,2.99998,1,-1.78814e-05,0,0,0,0.000238419,0,0.00743309,21,33.2,2.99999,1,1,-1.78814e-05,-2.98023e-06,0,0.000238419,5.96046e-05,0,0.00880492,22,33.2,-1.00001,2,1,-1.78814e-05,-5.96046e-06,0,0.000178814,0.000119209,0,0.0105314,23,33.2,2,-1.99999,1,-2.38419e-05,1.19209e-05,0,0,-5.96046e-05,0,0.0121439,24,33.2,-0.0112706,0.999702,1,0.0273369,-0.00674725,0,0.0204518,0.0195503,0,0.0143264,25,33.2,2,2.00001,1,0,0,0,5.96046e-05,-0.000119209,0,0.00997623,26,33.2,2,3,1,0,0,0,0,0,0,0.00484035,27,33.2,2.00001,-3.85954e-09,1,-4.17233e-05,2.30962e-08,0,0.000119209,-3.7728e-08,0,0.00832181,28,33.2,-2.01638,-1.00003,1,-0.0147223,5.96046e-06,0,0.209928,0.000357628,0,0.00993352,29,33.2,-0.999998,0.999995,1,-4.47035e-06,-8.9407e-06,0,0,8.9407e-05,0,0.00848987,30,33.2,3,-3,1,0,0,0,0,0,0,0.00752577,31,33.2,2,-3,1,1.78814e-05,-1.78814e-05,0,0,0.000119209,0,0.00718419,32,33.2,-2.99853,-2.00862,1,-0.00255108,0.0257432,0,-0.00143051,0.00214577,0,0.00945104,33,33.2,3,-8.40035e-10,1,0,4.7994e-09,0,0,-7.54113e-09,0,0.00481473,34,33.2,-2.99991,-0.0020782,1,-0.000113249,0.00432322,0,-0.000119209,0.00332371,0,0.00991783,35,33.2,1,-2,1,5.06639e-05,-2.98023e-06,0,-0.000178814,-5.96046e-05,0,0.00884258
0,33.3,-0.00166182,-1.85244,1,-0.0107315,0.436448,0,-0.0199934,0.479653,0,0.014569,1,33.3,-0.999849,-2.9985,1,-0.00042282,-0.00500977,0,4.47035e-05,0.00795722,0,0.00903237,2,33.3,1.99676,1,1,-0.000431761,-1.86265e-07,0,0.0259131,-7.45058e-06,0,0.00922225,3,33.3,-3,3,1,-1.3411e-05,0,0,5.96046e-05,0,0,0.00424041,4,33.3,-2.00063,-2.99928,1,-0.00477955,0.0080552,0,0.0169575,0.0310391,0,0.00737872,5,33.3,-1.99977,-2.01186,1,-0.000331923,0.0279326,0,-0.000819564,0.0240952,0,0.0122468,6,33.3,-1.98468,3,1,-0.145133,0,0,0.423573,0,0,0.00480359,7,33.3,-1.99978,1.01397,1,-0.000904873,-0.140472,0,0.00111759,0.417642,0,0.00744415,8,33.3,0.195763,-0.891926,1,0.482882,-0.297945,0,0.217221,0.440095,0,0.013513,9,33.3,1.07991,-1.00711,1,0.5,0.00143573,0,0,0.0454932,0,0.00957658,10,33.3,-2.98389,0.999546,1,-0.0990972,0.0186146,0,0.395685,-0.0608824,0,0.00741538,11,33.3,-2.99754,-3,1,-0.00600852,0,0,0.00362098,0,0,0.0069807,12,33.3,1,-3,1,0,1.41561e-05,0,0,2.98023e-05,0,0.00946988,13,33.3,-2,1.99819,1,-1.86265e-06,-0.0944486,0,7.45058e-05,0.371628,0,0.00834173,14,33.3,-1.99998,2.24944e-07,1,-0.000425614,-5.80185e-06,0,0.00100583,1.53405e-05,0,0.0138428,15,33.3,0.999998,-0.00311924,1,8.00937e-06,0.000428602,0,7.45058e-06,0.0224939,0,0.0159413,16,33.3,0,3,1,0,1.9744e-05,0,0,4.47035e-05,0,0.0099826,17,33.3,-3,1.97186,1,0,0.188595,0,0,-0.476979,0,0.00752792,18,33.3,-0.998607,-0.98603,1,0.00536926,0.0349975,0,-0.0262186,-0.260342,0,0.0115321,19,33.3,0.999999,2.00001,1,-3.53903e-06,-1.56462e-05,0,-7.45058e-06,-5.96046e-05,0,0.0116345,20,33.3,2.99999,2.99998,1,-1.60187e-05,1.8999e-05,0,4.47035e-05,0.000163913,0,0.00743309,21,33.3,2.99999,1,1,1.11759e-06,1.86265e-06,0,0.000163913,2.98023e-05,0,0.00880492,22,33.3,-1.00001,2,1,-2.6077e-06,3.72529e-06,0,0.00013411,5.96046e-05,0,0.0105314,23,33.3,2,-1.99999,1,-2.27243e-05,6.14673e-06,0,2.98023e-05,-5.21541e-05,0,0.0121439,24,33.3,-0.00848277,0.999124,1,0.0279723,-0.00480786,0,-0.00636833,0.0190064,0,0.0143264,25,33.3,2,2.00001,1,5.02914e-06,-1.00583e-05,0,3.72529e-05,-7.45058e-05,0,0.00997623,26,33.3,2,3,1,0,0,0,0,0,0,0.00484035,27,33.3,2.00001,-1.74816e-09,1,-3.01749e-05,1.90537e-08,0,0.000104308,-4.24014e-08,0,0.00832181,28,33.3,-2.0169,-1.00003,1,0.00330284,3.48315e-05,0,0.151664,0.000230968,0,0.00993352,29,33.3,-0.999998,0.999994,1,-4.47035e-06,-1.21072e-06,0,0,7.07805e-05,0,0.00848987,30,33.3,3,-3,1,0,0,0,0,0,0,0.00752577,31,33.3,2,-3,1,1.60187e-05,-7.82311e-06,0,-4.47035e-05,7.45058e-05,0,0.00718419,32,33.3,-2.99879,-2.00607,1,-0.00259504,0.0248965,0,0.000476837,-0.0178665,0,0.00945104,33,33.3,3,-3.99935e-10,1,0,3.98507e-09,0,0,-8.59565e-09,0,0.00481473,34,33.3,-2.99993,-0.00163604,1,-0.000121444,0.0044564,0,-2.98023e-05,-0.000487585,0,0.00991783,35,33.3,1,-2,1,3.39001e-05,-7.26432e-06,0,-0.000149012,-2.23517e-05,0,0.00884258
0,33.4,-0.00279456,-1.8067,1,-0.0115505,0.475195,0,0.00239443,0.291944,0,0.0113952,1,33.4,-0.99989,-2.99896,1,-0.000403821,-0.00415444,0,0.000298023,0.00917912,0,0.00840979,2,33.4,1.99683,1,1,0.00181198,0,0,0.0190139,-5.96046e-05,0,0.00808424,3,33.4,-3,3,1,-5.96046e-06,0,0,0.000119209,0,0,0.00418519,4,33.4,-2.00102,-2.99837,1,-0.00312924,0.00972748,0,0.0157356,0.00393391,0,0.00713015,5,33.4,-1.99981,-2.00899,1,-0.000393391,0.0288427,0,-0.000298023,-0.00429153,0,0.0119478,6,33.4,-1.99715,3,1,-0.105065,0,0,0.376225,0,0,0.00442082,7,33.4,-1.99986,1.00193,1,-0.000777841,-0.101043,0,0.0013113,0.36943,0,0.00754499,8,33.4,0.244863,-0.919527,1,0.496623,-0.254187,0,0.0675464,0.433147,0,0.0111951,9,33.4,1.12991,-1.00676,1,0.500003,0.00520647,0,-5.96046e-05,0.0303984,0,0.0115099,10,33.4,-2.99194,1.00111,1,-0.063175,0.0128508,0,0.321627,-0.0540614,0,0.00792211,11,33.4,-2.99812,-3,1,-0.00549555,0,0,0.00655651,0,0,0.00738831,12,33.4,1,-3,1,0,1.78814e-05,0,0,0,0,0.00909029,13,33.4,-2,1.99051,1,0,-0.0601977,0,0.000238419,0.312805,0,0.00860585,14,33.4,-2.00001,-2.78874e-07,1,-0.000327826,-4.28223e-06,0,0.00119209,1.48831e-05,0,0.0107268,15,33.4,0.999998,-0.00297495,1,8.9407e-06,0.00234802,0,0,0.0159566,0,0.0141328,16,33.4,0,3,1,0,1.78814e-05,0,0,0,0,0.00997654,17,33.4,-3,1.98839,1,0,0.142714,0,0,-0.438213,0,0.00738212,18,33.4,-0.998195,-0.98373,1,0.00292659,0.0120178,0,-0.022471,-0.199765,0,0.0136191,19,33.4,0.999999,2.00001,1,-4.47035e-06,-2.38419e-05,0,0,0.000119209,0,0.0123667,20,33.4,2.99999,2.99998,1,-1.78814e-05,2.98023e-05,0,0.000238419,0,0,0.00886846,21,33.4,2.99999,1,1,5.96046e-06,2.98023e-06,0,0.000238419,5.96046e-05,0,0.00822149,22,33.4,-1.00001,2,1,8.9407e-06,5.96046e-06,0,5.96046e-05,0.000119209,0,0.0106374,23,33.4,2,-1.99999,1,-2.08616e-05,0,0,0.000119209,0,0,0.0113982,24,33.4,-0.00575218,0.998736,1,0.0263223,-0.00298619,0,-0.0254183,0.0172853,0,0.0146026,25,33.4,2,2.00001,1,5.96046e-06,-1.19209e-05,0,5.96046e-05,-0.000119209,0,0.0110406,26,33.4,2,3,1,0,0,0,0,0,0,0.00430792,27,33.4,2,-5.75563e-11,1,-2.38419e-05,1.47457e-08,0,0.000119209,-4.31816e-08,0,0.00814944,28,33.4,-2.0159,-1.00003,1,0.015837,5.36442e-05,0,0.100136,0.000119209,0,0.0107355,29,33.4,-0.999999,0.999995,1,-2.98023e-06,2.98023e-06,0,-2.98023e-05,8.9407e-05,0,0.00850645,30,33.4,3,-3,1,0,0,0,0,0,0,0.0083187,31,33.4,2.00001,-3,1,1.78814e-05,-5.96046e-06,0,-0.000238419,0.000238419,0,0.00852414,32,33.4,-2.99904,-2.00369,1,-0.00247359,0.0223875,0,0.00202656,-0.0312328,0,0.00922008,33,33.4,3,-4.51137e-11,1,0,3.10739e-09,0,0,-8.8367e-09,0,0.00477644,34,33.4,-2.99994,-0.00119794,1,-0.00012517,0.00425863,0,0.000119209,-0.00331097,0,0.0116132,35,33.4,1.00001,-2,1,1.78814e-05,-5.96046e-06,0,-5.96046e-05,-0.000119209,0,0.00869254
0,33.5,-0.00391736,-1.75804,1,-0.0107185,0.495098,0,0.0136197,0.113048,0,0.0113952,1,33.5,-0.999929,-2.99933,1,-0.000363775,-0.00322573,0,0.000491738,0.00925362,0,0.00840979,2,33.5,1.9971,1,1,0.00337735,-4.84288e-06,0,0.0124276,-2.98023e-05,0,0.00808424,3,33.5,-3,3,1,3.72529e-06,0,0,5.96046e-05,0,0,0.00418519,4,33.5,-2.00126,-2.99741,1,-0.00165738,0.0092078,0,0.0136048,-0.0129789,0,0.00713015,5,33.5,-1.99985,-2.00617,1,-0.000405684,0.0273392,0,4.47035e-05,-0.0244975,0,0.0119478,6,33.5,-2.00586,3,1,-0.0702038,0,0,0.320405,0,0,0.00442082,7,33.5,-1.99993,0.993585,1,-0.000639446,-0.0668805,0,0.00143796,0.313289,0,0.00754499,8,33.5,0.294733,-0.942811,1,0.499789,-0.21183,0,0.00843972,0.412676,0,0.0111951,9,33.5,1.17991,-1.00611,1,0.5,0.00761617,0,-7.45058e-06,0.0182018,0,0.0115099,10,33.5,-2.99678,1.00214,1,-0.0349145,0.00786111,0,0.24347,-0.0456125,0,0.00792211,11,33.5,-2.99863,-3,1,-0.00474341,0,0,0.00829995,0,0,0.00738831,12,33.5,1,-2.99999,1,0,1.60187e-05,0,0,-4.47035e-05,0,0.00909029,13,33.5,-2,1.98595,1,1.73226e-05,-0.0320295,0,0.00012666,0.250809,0,0.00860585,14,33.5,-2.00004,-6.34798e-07,1,-0.000215694,-2.85997e-06,0,0.00105798,1.34628e-05,0,0.0107268,15,33.5,0.999999,-0.00267085,1,8.56817e-06,0.00363277,0,-7.45058e-06,0.00988362,0,0.0141328,16,33.5,0,3,1,0,1.3411e-05,0,0,-5.96046e-05,0,0.00997654,17,33.5,-3,2.00056,1,0,0.101444,0,0,-0.385799,0,0.00738212,18,33.5,-0.998008,-0.983429,1,0.000899844,-0.00505829,0,-0.0180379,-0.142876,0,0.0136191,19,33.5,0.999999,2.00001,1,-4.00469e-06,-1.37836e-05,0,1.11759e-05,7.45058e-05,0,0.0123667,20,33.5,2.99999,2.99999,1,1.11759e-06,2.94298e-05,0,0.000163913,-1.49012e-05,0,0.00886846,21,33.5,3,1,1,1.9744e-05,7.07805e-06,0,4.47035e-05,1.49012e-05,0,0.00822149,22,33.5,-1.00001,2,1,1.37836e-05,1.41561e-05,0,2.98023e-05,2.98023e-05,0,0.0106374,23,33.5,2,-1.99999,1,-1.00583e-05,-7.45058e-07,0,8.9407e-05,-1.49012e-05,0,0.0113982,24,33.5,-0.00326932,0.99852,1,0.0231384,-0.00138804,0,-0.0372238,0.0146106,0,0.0146026,25,33.5,2,2.00001,1,1.00583e-05,-2.16067e-05,0,1.49012e-05,-5.96046e-05,0,0.0110406,26,33.5,2,3,1,0,0,0,0,0,0,0.00430792,27,33.5,2,1.20441e-09,1,-1.37836e-05,1.05363e-08,0,7.45058e-05,-4.06286e-08,0,0.00814944,28,33.5,-2.01389,-1.00002,1,0.0235792,6.1281e-05,0,0.0561923,3.72529e-05,0,0.0107355,29,33.5,-0.999999,0.999995,1,-5.02914e-06,9.77889e-06,0,-7.45058e-06,4.84288e-05,0,0.00850645,30,33.5,3,-3,1,0,0,0,0,0,0,0.0083187,31,33.5,2.00001,-3,1,-1.11759e-06,1.15484e-05,0,-0.000163913,0.00013411,0,0.00852414,32,33.5,-2.99928,-2.00162,1,-0.00221655,0.0188606,0,0.00303984,-0.0384673,0,0.00922008,33,33.5,3,2.21944e-10,1,0,2.24111e-09,0,0,-8.39922e-09,0,0.00477644,34,33.5,-2.99995,-0.000792121,1,-0.000113249,0.00382652,0,0.000119209,-0.00518678,0,0.0116132,35,33.5,1.00001,-2,1,1.19209e-05,-1.41561e-05,0,-5.96046e-05,-2.98023e-05,0,0.00869254
0,33.6,-0.00490692,-1.70819,1,-0.00894481,0.500003,0,0.0212982,-5.96046e-05,0,0.0131034,1,33.6,-0.999963,-2.99961,1,-0.000308454,-0.00233054,0,0.000596046,0.00870228,0,0.0101173,2,33.6,1.99749,1,1,0.0043273,-8.9407e-06,0,0.00667572,0,0,0.00809061,3,33.6,-3,3,1,5.96046e-06,0,0,0.000119209,0,0,0.0060894,4,33.6,-2.00136,-2.99657,1,-0.000417233,0.00736713,0,0.0109673,-0.0226498,0,0.00701161,5,33.6,-1.99989,-2.00358,1,-0.00038743,0.0241756,0,0.000298023,-0.0374317,0,0.0112506,6,33.6,-2.01138,3,1,-0.0410676,0,0,0.26226,0,0,0.00436735,7,33.6,-1.99999,0.988367,1,-0.000491738,-0.038448,0,0.00137091,0.255257,0,0.0073088,8,33.6,0.344728,-0.961974,1,0.5,-0.171892,0,-1.43051e-05,0.384986,0,0.0107254,9,33.6,1.22991,-1.00528,1,0.500003,0.0089258,0,-5.96046e-05,0.00834465,0,0.0098976,10,33.6,-2.99918,1.00271,1,-0.0143886,0.00374019,0,0.167966,-0.0367165,0,0.00722015,11,33.6,-2.99907,-3,1,-0.00386834,0,0,0.00905991,0,0,0.00773495,12,33.6,1,-2.99999,1,0,1.78814e-05,0,0,-0.000238419,0,0.0080289,13,33.6,-2,1.9839,1,2.68221e-05,-0.00995696,0,0,0.191271,0,0.00758505,14,33.6,-2.00006,-8.56505e-07,1,-0.000119209,-1.60616e-06,0,0.000834465,1.15477e-05,0,0.0103526,15,33.6,1,-0.00226717,1,5.96046e-06,0.00435443,0,0,0.00470114,0,0.0135216,16,33.6,0,3,1,0,5.96046e-06,0,0,-0.000119209,0,0.00812025,17,33.6,-3,2.00887,1,0,0.0657678,0,0,-0.326872,0,0.00864841,18,33.6,-0.998,-0.984563,1,-0.000679493,-0.0167876,0,-0.0135601,-0.0929534,0,0.0134265,19,33.6,0.999998,2.00001,1,-2.98023e-06,-1.19209e-05,0,0,0.000119209,0,0.0129031,20,33.6,2.99999,2.99999,1,5.96046e-06,2.98023e-05,0,0.000238419,-0.000119209,0,0.00663292,21,33.6,3,1,1,1.78814e-05,8.9407e-06,0,0,0,0,0.00919988,22,33.6,-1.00001,2.00001,1,1.49012e-05,1.78814e-05,0,5.96046e-05,0,0,0.0116054,23,33.6,2,-1.99999,1,-2.98023e-06,-2.98023e-06,0,5.96046e-05,0,0,0.0120434,24,33.6,-0.00115397,0.998449,1,0.0190669,-7.45058e-05,0,-0.0433481,0.0116229,0,0.0137148,25,33.6,2,2,1,1.19209e-05,-2.38419e-05,0,5.96046e-05,0,0,0.0113581,26,33.6,2,3,1,0,0,0,0,0,0,0.00417497,27,33.6,2,2.0617e-09,1,-5.96046e-06,6.68447e-09,0,5.96046e-05,-3.61401e-08,0,0.00786314,28,33.6,-2.01132,-1.00001,1,0.0273585,5.96046e-05,0,0.0208616,0,0,0.00956358,29,33.6,-1,0.999996,1,-5.96046e-06,1.3411e-05,0,0,2.98023e-05,0,0.00895673,30,33.6,3,-3,1,0,0,0,0,0,0,0.00867458,31,33.6,2.00001,-3,1,-1.19209e-05,1.78814e-05,0,-0.000119209,0.000119209,0,0.00757802,32,33.6,-2.99948,-1.99994,1,-0.00188351,0.0148475,0,0.00369549,-0.0411868,0,0.0100471,33,33.6,3,4.05385e-10,1,0,1.44255e-09,0,0,-7.51166e-09,0,0.00706021,34,33.6,-2.99996,-0.000437503,1,-9.53674e-05,0.00324794,0,0,-0.00626269,0,0.0084334,35,33.6,1.00001,-2,1,2.98023e-06,-1.78814e-05,0,0,0,0,0.00890553
0,33.7,-0.0056874,-1.65819,1,-0.00660048,0.5,0,0.025162,-7.45058e-06,0,0.0131034,1,33.7,-0.99999,-2.9998,1,-0.000246335,-0.00152402,0,0.000629574,0.00734627,0,0.0101173,2,33.7,1.99794,1,1,0.00474695,-8.75443e-06,0,0.0019148,7.45058e-06,0,0.00809061,3,33.7,-3,3,1,1.41561e-05,0,0,2.98023e-05,0,0,0.0060894,4,33.7,-2.00135,-2.99596,1,0.000545382,0.00488125,0,0.00828505,-0.0263602,0,0.00701161,5,33.7,-1.99993,-2.00136,1,-0.000348873,0.0200568,0,0.000469387,-0.0440851,0,0.0112506,6,33.7,-2.01427,3,1,-0.0177946,0,0,0.203773,0,0,0.00436735,7,33.7,-2.00003,0.9857,1,-0.000358187,-0.0158518,0,0.00130385,0.197303,0,0.0073088,8,33.7,0.394728,-0.977303,1,0.5,-0.135353,0,0,0.345554,0,0.0107254,9,33.7,1.27991,-1.00435,1,0.5,0.00937115,0,-7.45058e-06,0.000871718,0,0.0098976,10,33.7,-2.9999,1.00292,1,-0.000972673,0.000520609,0,0.102744,-0.0277683,0,0.00722015,11,33.7,-2.99941,-3,1,-0.00296347,0,0,0.0089258,0,0,0.00773495,12,33.7,1,-2.99999,1,0,-1.11759e-06,0,0,-0.000163913,0,0.0080289,13,33.7,-2,1.98376,1,2.49594e-05,0.00633281,0,-4.47035e-05,0.135668,0,0.00758505,14,33.7,-2.00007,-9.63124e-07,1,-4.4331e-05,-5.63942e-07,0,0.000670552,9.2853e-06,0,0.0103526,15,33.7,1,-0.00181572,1,5.7742e-06,0.0046043,0,-7.45058e-06,0.000475303,0,0.0135216,16,33.7,0,3,1,0,-3.72529e-06,0,0,-5.96046e-05,0,0.00812025,17,33.7,-3,2.01392,1,0,0.0362292,0,0,-0.264049,0,0.00864841,18,33.7,-0.998129,-0.986632,1,-0.00181505,-0.0238917,0,-0.00922754,-0.0505783,0,0.0134265,19,33.7,0.999998,2,1,-2.6077e-06,-2.23517e-06,0,7.45058e-06,5.96046e-05,0,0.0129031,20,33.7,3,2.99999,1,1.9744e-05,1.9744e-05,0,4.47035e-05,-7.45058e-05,0,0.00663292,21,33.7,3,1,1,1.3411e-05,8.00937e-06,0,-5.96046e-05,-2.23517e-05,0,0.00919988,22,33.7,-1,2.00001,1,1.86265e-05,1.60187e-05,0,2.98023e-05,-4.47035e-05,0,0.0116054,23,33.7,2,-1.99999,1,2.04891e-06,-3.1665e-06,0,3.72529e-05,-7.45058e-06,0,0.0120434,24,33.7,0.000532564,0.998494,1,0.0146454,0.00092946,0,-0.0444605,0.00848621,0,0.0137148,25,33.7,2,2,1,1.52737e-05,-2.27243e-05,0,0,2.98023e-05,0,0.0113581,26,33.7,2,3,1,0,0,0,0,0,0,0.00417497,27,33.7,2,2.55913e-09,1,-9.31323e-07,3.36355e-09,0,3.72529e-05,-3.01795e-08,0,0.00786314,28,33.7,-2.00853,-1.00001,1,0.0280272,5.64381e-05,0,-0.00612438,-5.21541e-05,0,0.00956358,29,33.7,-1,0.999998,1,-5.7742e-06,1.4808e-05,0,7.45058e-06,3.72529e-06,0,0.00895673,30,33.7,3,-3,1,0,0,0,0,0,0,0.00867458,31,33.7,2,-2.99999,1,-2.01166e-05,2.49594e-05,0,-2.98023e-05,4.47035e-05,0,0.00757802,32,33.7,-2.99965,-1.99866,1,-0.0015039,0.0107687,0,0.0038296,-0.0399351,0,0.0100471,33,33.7,3,5.13952e-10,1,0,7.48412e-10,0,0,-6.3365e-09,0,0.00706021,34,33.7,-2.99997,-0.000144853,1,-9.05246e-05,0.00259919,0,7.45058e-05,-0.0066177,0,0.0084334,35,33.7,1.00001,-2.00001,1,2.04891e-06,-1.60187e-05,0,-2.23517e-05,4.47035e-05,0,0.00890553
0,33.8,-0.00621824,-1.60819,1,-0.00399158,0.500003,0,0.0266505,-5.96046e-05,0,0.0125251,1,33.8,-1.00001,-2.99992,1,-0.000181794,-0.000864267,0,0.000596046,0.00572205,0,0.00860304,2,33.8,1.99842,1,1,0.00474453,-8.9407e-06,0,-0.00178814,5.96046e-05,0,0.00848901,3,33.8,-3,3,1,1.78814e-05,0,0,0,0,0,0.00612045,4,33.8,-2.00126,-2.9956,1,0.00124574,0.00222325,0,0.00560284,-0.0263453,0,0.00760857,5,33.8,-1.99996,-1.99958,1,-0.000295043,0.015521,0,0.000536442,-0.0460148,0,0.0113208,6,33.8,-2.01513,3,1,-0.000172853,0,0,0.149488,0,0,0.00474376,7,33.8,-2.00006,0.98501,1,-0.000232458,0.00115633,0,0.00119209,0.143737,0,0.00745787,8,33.8,0.444728,-0.989178,1,0.5,-0.102821,0,-1.43051e-05,0.304937,0,0.0104769,9,33.8,1.32991,-1.00342,1,0.500003,0.00916123,0,-5.96046e-05,-0.00476837,0,0.0121914,10,33.8,-2.99957,1.00285,1,0.00666976,-0.00183582,0,0.0528097,-0.0195503,0,0.00685241,11,33.8,-2.99966,-3,1,-0.00210404,0,0,0.00810623,0,0,0.00793324,12,33.8,1,-2.99999,1,0,-5.96046e-06,0,0,-0.000238419,0,0.00844097,13,33.8,-1.99999,1.98499,1,2.08616e-05,0.0174075,0,-5.96046e-05,0.087142,0,0.00851261,14,33.8,-2.00007,-9.769e-07,1,1.19209e-05,2.50444e-07,0,0.000596046,7.00908e-06,0,0.0112818,15,33.8,1,-0.00135865,1,5.96046e-06,0.00448387,0,-5.96046e-05,-0.0027194,0,0.012738,16,33.8,0,3,1,0,-5.96046e-06,0,0,-0.000119209,0,0.0101844,17,33.8,-3,2.01632,1,0,0.0128925,0,0,-0.203133,0,0.00736467,18,33.8,-0.99835,-0.989215,1,-0.00254214,-0.0271857,0,-0.00539422,-0.0166893,0,0.0125658,19,33.8,0.999998,2,1,-1.49012e-06,0,0,0,0.000119209,0,0.0118736,20,33.8,3,2.99999,1,1.78814e-05,1.19209e-05,0,0,0,0,0.00534273,21,33.8,3,1,1,5.96046e-06,5.96046e-06,0,-0.000119209,0,0,0.00918928,22,33.8,-1,2.00001,1,1.78814e-05,1.19209e-05,0,0,0,0,0.0108783,23,33.8,2,-1.99999,1,2.98023e-06,-2.98023e-06,0,5.96046e-05,-5.96046e-05,0,0.0114149,24,33.8,0.00177723,0.998625,1,0.0102843,0.00163019,0,-0.0422874,0.00557303,0,0.0143629,25,33.8,2,2,1,1.78814e-05,-2.08616e-05,0,-0.000119209,0.000119209,0,0.0104777,26,33.8,2,3,1,0,0,0,0,0,0,0.00607239,27,33.8,2,2.75509e-09,1,0,6.61915e-10,0,5.96046e-05,-2.38187e-08,0,0.00774151,28,33.8,-2.00579,-1,1,0.0263929,5.06639e-05,0,-0.0251532,-0.000119209,0,0.0100372,29,33.8,-1,0.999999,1,-5.96046e-06,1.49012e-05,0,5.96046e-05,-2.98023e-05,0,0.00932358,30,33.8,3,-3,1,0,0,0,0,0,0,0.00834034,31,33.8,2,-2.99999,1,-2.38419e-05,2.38419e-05,0,0,0,0,0.00777978,32,33.8,-2.99978,-1.99777,1,-0.00113249,0.00693798,0,0.0038147,-0.0362992,0,0.00713471,33,33.8,3,5.5927e-10,1,0,1.79895e-10,0,0,-5.0219e-09,0,0.00769513,34,33.8,-2.99998,8.2043e-05,1,-7.7486e-05,0.00194129,0,0,-0.00646597,0,0.0101897,35,33.8,1.00001,-2.00001,1,0,-1.78814e-05,0,-5.96046e-05,0.000238419,0,0.0107729
0,33.9,-0.00648735,-1.55819,1,-0.00142603,0.5,0,0.024527,-7.45058e-06,0,0.0125251,1,33.9,-1.00003,-2.99998,1,-0.000124238,-0.000374392,0,0.000543892,0.00406802,0,0.00860304,2,33.9,1.99888,1,1,0.00442564,-3.91155e-06,0,-0.00442564,3.72529e-05,0,0.00848901,3,33.9,-2.99999,3,1,1.60187e-05,0,0,-4.47035e-05,0,0,0.00612045,4,33.9,-2.00111,-2.99551,1,0.00168681,-0.000264868,0,0.00327826,-0.0231415,0,0.00760857,5,33.9,-1.99999,-1.99826,1,-0.000238419,0.0110064,0,0.000581145,-0.0438094,0,0.0113208,6,33.9,-2.01448,3,1,0.0122607,0,0,0.100404,0,0,0.00474376,7,33.9,-2.00008,0.985761,1,-0.000122562,0.0130599,0,0.000998378,0.0955686,0,0.00745787,8,33.9,0.494728,-0.998006,1,0.5,-0.0744384,0,-1.78814e-06,0.262775,0,0.0104769,9,33.9,1.37991,-1.00254,1,0.5,0.00849366,0,-7.45058e-06,-0.00835955,0,0.0121914,10,33.9,-2.9987,1.00258,1,0.0100914,-0.00341106,0,0.0176281,-0.0121668,0,0.00685241,11,33.9,-2.99983,-3,1,-0.00135452,0,0,0.00682473,0,0,0.00793324,12,33.9,1,-3,1,0,-1.9744e-05,0,0,-4.47035e-05,0,0.00844097,13,33.9,-1.99999,1.9871,1,1.47149e-05,0.024,0,-6.70552e-05,0.0461414,0,0.00851261,14,33.9,-2.00006,-9.20579e-07,1,6.10948e-05,8.39273e-07,0,0.00038743,4.80754e-06,0,0.0112818,15,33.9,1,-0.000927909,1,9.31323e-07,0.00409436,0,-3.72529e-05,-0.00491558,0,0.012738,16,33.9,0,3,1,0,-1.41561e-05,0,0,-2.98023e-05,0,0.0101844,17,33.9,-3,2.01669,1,0,-0.00449717,0,0,-0.145763,0,0.00736467,18,33.9,-0.998625,-0.991971,1,-0.00291327,-0.0275094,0,-0.00214949,0.00886619,0,0.0125658,19,33.9,0.999998,2,1,-1.11759e-06,8.19564e-06,0,7.45058e-06,2.98023e-05,0,0.0118736,20,33.9,3,2.99999,1,1.3411e-05,1.19209e-05,0,-5.96046e-05,0,0,0.00534273,21,33.9,3,1,1,-3.72529e-06,5.02914e-06,0,-5.96046e-05,-2.23517e-05,0,0.00918928,22,33.9,-1,2.00001,1,1.67638e-05,1.00583e-05,0,-1.49012e-05,-4.47035e-05,0,0.0108783,23,33.9,2,-1.99999,1,7.82311e-06,-7.82311e-06,0,2.98023e-05,-2.98023e-05,0,0.0114149,24,33.9,0.00260167,0.998811,1,0.00628559,0.00205291,0,-0.0374321,0.00296161,0,0.0143629,25,33.9,2,2,1,7.82311e-06,-1.00583e-05,0,-7.45058e-05,8.9407e-05,0,0.0104777,26,33.9,2,3,1,0,0,0,0,0,0,0.00607239,27,33.9,2,2.71315e-09,1,4.09782e-06,-1.39309e-09,0,1.49012e-05,-1.73595e-08,0,0.00774151,28,33.9,-2.0033,-0.999999,1,0.0232268,3.8743e-05,0,-0.0371188,-0.000119209,0,0.0100372,29,33.9,-1,1,1,-9.31323e-07,1.15484e-05,0,3.72529e-05,-3.72529e-05,0,0.00932358,30,33.9,3,-3,1,0,0,0,0,0,0,0.00834034,31,33.9,2,-2.99999,1,-2.27243e-05,2.19792e-05,0,2.98023e-05,-4.47035e-05,0,0.00777978,32,33.9,-2.99988,-1.99725,1,-0.000778213,0.00357348,0,0.00326335,-0.0308529,0,0.00713471,33,33.9,3,5.54351e-10,1,0,-2.56328e-10,0,0,-3.7071e-09,0,0.00769513,34,33.9,-2.99999,0.00024469,1,-6.92904e-05,0.00132129,0,0.000149012,-0.00588925,0,0.0101897,35,33.9,1.00001,-2.00001,1,-5.02914e-06,1.11759e-06,0,-3.72529e-05,0.000163913,0,0.0107729
0,34,-0.00651178,-1.50819,1,0.000889972,0.500003,0,0.0216884,-5.96046e-05,0,0.0122075,1,34,-1.00004,-3,1,-7.15256e-05,-4.17233e-05,0,0.000476837,0.0025034,0,0.0112326,2,34,1.9993,1,1,0.00389218,-2.98023e-06,0,-0.00613928,0.000119209,0,0.00917701,3,34,-2.99999,3,1,1.78814e-05,0,0,-0.000238419,0,0,0.00538993,4,34,-2.00093,-2.99564,1,0.00191331,-0.00235438,0,0.0013113,-0.0185966,0,0.00783208,5,34,-2.00001,-1.99737,1,-0.000178814,0.00683665,0,0.000596046,-0.0392199,0,0.0105868,6,34,-2.01282,3,1,0.0201583,0,0,0.058651,0,0,0.00502185,7,34,-2.00009,0.987474,1,-2.98023e-05,0.0205189,0,0.000715256,0.0548661,0,0.00816365,8,34,0.544728,-1.00421,1,0.500001,-0.0502437,0,-2.98023e-05,0.221252,0,0.00946234,9,34,1.42991,-1.00173,1,0.500003,0.00752509,0,-5.96046e-05,-0.0106692,0,0.0108752,10,34,-2.99765,1.00219,1,0.0105739,-0.00430942,0,-0.00619888,-0.00590086,0,0.00753082,11,34,-2.99994,-3,1,-0.000745058,0,0,0.00524521,0,0,0.00703183,12,34,1,-3,1,0,-1.78814e-05,0,0,0,0,0.00722614,13,34,-1.99999,1.98967,1,8.9407e-06,0.0269175,0,-5.96046e-05,0.0135303,0,0.00780736,14,34,-2.00006,-8.1597e-07,1,8.9407e-05,1.22048e-06,0,0.000238419,2.86187e-06,0,0.0115161,15,34,1,-0.000545605,1,0,0.00352954,0,-0.000119209,-0.00624806,0,0.0130425,16,34,0,3,1,0,-1.78814e-05,0,0,0,0,0.0121074,17,34,-3,2.0156,1,0,-0.0164986,0,0,-0.095129,0,0.00686908,18,34,-0.998923,-0.994644,1,-0.00299513,-0.0256658,0,0.000447035,0.0268221,0,0.0136708,19,34,0.999997,2.00001,1,0,1.19209e-05,0,0,0,0,0.0118083,20,34,3,3,1,5.96046e-06,5.96046e-06,0,-0.000119209,0.000119209,0,0.005922,21,34,3,1,1,-5.96046e-06,5.96046e-06,0,-0.000119209,-0.000119209,0,0.00876474,22,34,-0.999999,2.00001,1,1.3411e-05,1.19209e-05,0,0,-0.000238419,0,0.0123996,23,34,2,-2,1,8.9407e-06,-1.19209e-05,0,0,0,0,0.0121832,24,34,0.00305283,0.999027,1,0.00283931,0.00223815,0,-0.0313352,0.00077486,0,0.013395,25,34,2,2,1,0,-2.98023e-06,0,0,5.96046e-05,0,0.010406,26,34,2,3,1,0,0,0,0,0,0,0.00530508,27,34,2,2.49716e-09,1,5.96046e-06,-2.82811e-09,0,0.000119209,-1.1444e-08,0,0.00707524,28,34,-2.00117,-0.999996,1,0.0191569,2.68221e-05,0,-0.043273,-8.9407e-05,0,0.00957756,29,34,-1,1,1,0,8.9407e-06,0,5.96046e-05,-5.96046e-05,0,0.00807667,30,34,3,-3,1,0,0,0,0,0,0,0.0067026,31,34,2,-2.99999,1,-1.78814e-05,1.19209e-05,0,0,0,0,0.00818477,32,34,-2.99994,-1.99704,1,-0.000488758,0.000792742,0,0.00274181,-0.0247955,0,0.00793117,33,34,3,5.12305e-10,1,0,-5.63789e-10,0,0,-2.46017e-09,0,0.00876432,34,34,-2.99999,0.000348632,1,-5.36442e-05,0.000770931,0,0.000238419,-0.00508779,0,0.010314,35,34,1.00001,-2.00001,1,-8.9407e-06,1.78814e-05,0,-5.96046e-05,0,0,0.00905017
0,34.1,-0.00632005,-1.45819,1,0.00288598,0.5,0,0.0181639,-7.45058e-06,0,0.0122075,1,34.1,-1.00004,-2.99999,1,-2.81259e-05,0.000146776,0,0.000394881,0.0013411,0,0.0112326,2,34.1,1.99966,1,1,0.00323169,5.7742e-06,0,-0.00695884,6.70552e-05,0,0.00917701,3,34.1,-2.99999,3,1,-1.11759e-06,0,0,-0.000163913,0,0,0.00538993,4,34.1,-2.00073,-2.99596,1,0.00196137,-0.00393726,0,-0.000283122,-0.0130683,0,0.00783208,5,34.1,-2.00002,-1.99687,1,-0.000121444,0.00322685,0,0.000536442,-0.0328571,0,0.0105868,6,34.1,-2.01058,3,1,0.0242569,0,0,0.0246763,0,0,0.00502185,7,34.1,-2.00009,0.989742,1,3.27826e-05,0.0242854,0,0.000536442,0.0218116,0,0.00816365,8,34.1,0.594711,-1.0082,1,0.499334,-0.0303177,0,-0.0187233,0.177942,0,0.00946234,9,34.1,1.47991,-1.00104,1,0.5,0.00638776,0,-7.45058e-06,-0.0119358,0,0.0108752,10,34.1,-2.99665,1.00174,1,0.00918247,-0.00464432,0,-0.0203699,-0.00101328,0,0.00753082,11,34.1,-2.99999,-3,1,-0.000296161,0,0,0.00371039,0,0,0.00703183,12,34.1,1,-3,1,0,-1.3411e-05,0,0,5.96046e-05,0,0.00722614,13,34.1,-1.99999,1.99238,1,2.98023e-06,0.0269851,0,-5.96046e-05,-0.0108555,0,0.00780736,14,34.1,-2.00005,-6.82519e-07,1,0.000106171,1.42097e-06,0,0.000104308,1.20705e-06,0,0.0115161,15,34.1,1,-0.000225069,1,-8.6613e-06,0.00287209,0,-6.33299e-05,-0.00679572,0,0.0130425,16,34.1,0,2.99999,1,0,-1.60187e-05,0,0,4.47035e-05,0,0.0121074,17,34.1,-3,2.01355,1,0,-0.0237983,0,0,-0.052318,0,0.00686908,18,34.1,-0.999217,-0.997056,1,-0.00285143,-0.0223879,0,0.00232086,0.0377372,0,0.0136708,19,34.1,0.999997,2.00001,1,9.31323e-08,1.04308e-05,0,3.72529e-06,-2.98023e-05,0,0.0118083,20,34.1,3,3,1,-3.72529e-06,1.30385e-05,0,-5.96046e-05,4.47035e-05,0,0.005922,21,34.1,3,1,1,-1.41561e-05,-3.53903e-06,0,-2.98023e-05,-8.19564e-05,0,0.00876474,22,34.1,-0.999997,2.00001,1,1.22935e-05,-7.07805e-06,0,-1.49012e-05,-0.000163913,0,0.0123996,23,34.1,2,-2,1,8.75443e-06,-1.17347e-05,0,-7.45058e-06,7.45058e-06,0,0.0121832,24,34.1,0.00319159,0.999252,1,5.11722e-05,0.00222772,0,-0.024429,-0.00090152,0,0.013395,25,34.1,2,2,1,0,2.04891e-06,0,0,3.72529e-05,0,0.010406,26,34.1,2,3,1,0,0,0,0,0,0,0.00530508,27,34.1,2,2.16624e-09,1,1.41561e-05,-3.70309e-09,0,2.98023e-05,-6.21373e-09,0,0.00707524,28,34.1,-1.99948,-0.999994,1,0.0147363,1.79745e-05,0,-0.0445023,-8.56817e-05,0,0.00957756,29,34.1,-1,1,1,4.84288e-06,3.91155e-06,0,2.98023e-05,-3.72529e-05,0,0.00807667,30,34.1,3,-3,1,0,0,0,0,0,0,0.0067026,31,34.1,2,-2.99999,1,-1.67638e-05,1.00583e-05,0,2.98023e-05,-4.47035e-05,0,0.00818477,32,34.1,-2.99998,-1.99707,1,-0.000256673,-0.00136141,0,0.00192225,-0.0183508,0,0.00793117,33,34.1,3,4.45498e-10,1,0,-7.54244e-10,0,0,-1.37435e-09,0,0.00876432,34,34.1,-3,0.000401873,1,-3.1665e-05,0.000309935,0,0.000193715,-0.00412555,0,0.010314,35,34.1,1.00001,-2,1,-1.37836e-05,1.75089e-05,0,-2.98023e-05,-1.49012e-05,0,0.00905017
0,34.2,-0.00594694,-1.40819,1,0.00451192,0.500003,0,0.014314,-5.96046e-05,0,0.01291,1,34.2,-1.00004,-2.99997,1,5.96046e-06,0.000232458,0,0.000298023,0.000476837,0,0.0107454,2,34.2,1.99994,1,1,0.00252426,8.9407e-06,0,-0.00709295,5.96046e-05,0,0.0101154,3,34.2,-2.99999,3,1,-5.96046e-06,0,0,-0.000238419,0,0,0.00500053,4,34.2,-2.00054,-2.99641,1,0.00187159,-0.00497699,0,-0.00154972,-0.00762939,0,0.00785558,5,34.2,-2.00003,-1.9967,1,-7.15256e-05,0.000286102,0,0.000476837,-0.0259876,0,0.0124342,6,34.2,-2.00807,3,1,0.0253499,0,0,-0.00143051,0,0,0.00519944,7,34.2,-2.00008,0.992234,1,7.7486e-05,0.0251397,0,0.000476837,-0.00348687,0,0.0083424,8,34.2,0.644482,-1.01041,1,0.495313,-0.0145197,0,-0.0657737,0.13876,0,0.00852433,9,34.2,1.52991,-1.00046,1,0.500003,0.00516772,0,-5.96046e-05,-0.0123382,0,0.0106711,10,34.2,-2.99585,1.00127,1,0.00672936,-0.00455379,0,-0.0276566,0.0026226,0,0.00843692,11,34.2,-3,-3,1,0,0,0,0.00226498,0,0,0.00768543,12,34.2,1,-3,1,0,-5.96046e-06,0,0,0.000119209,0,0.0072126,13,34.2,-1.99999,1.995,1,0,0.0249922,0,-0.000119209,-0.0278354,0,0.00832585,14,34.2,-2.00003,-5.36709e-07,1,0.000107288,1.47341e-06,0,0.000119209,-1.02204e-07,0,0.0136761,15,34.2,1,2.79821e-05,1,-1.3411e-05,0.00218929,0,-2.98023e-05,-0.00677654,0,0.0118182,16,34.2,0,2.99999,1,0,-1.78814e-05,0,0,0.000238419,0,0.0107804,17,34.2,-3,2.01097,1,0,-0.0272453,0,0,-0.0178814,0,0.00699248,18,34.2,-0.999488,-0.999095,1,-0.00255257,-0.0183001,0,0.00354648,0.043124,0,0.0129383,19,34.2,0.999998,2.00001,1,0,5.96046e-06,0,2.98023e-05,0,0,0.0125849,20,34.2,3,3,1,-5.96046e-06,1.19209e-05,0,-0.000119209,-0.000119209,0,0.0074076,21,34.2,3,1,1,-1.78814e-05,-8.9407e-06,0,0,-5.96046e-05,0,0.00741715,22,34.2,-0.999996,2.00001,1,8.9407e-06,-1.78814e-05,0,0,-0.000119209,0,0.0118118,23,34.2,2,-2,1,5.96046e-06,-1.19209e-05,0,0,5.96046e-05,0,0.00890837,24,34.2,0.00308594,0.999468,1,-0.00205153,0.00207424,0,-0.0176742,-0.00208616,0,0.0132865,25,34.2,2,2,1,0,2.98023e-06,0,-0.000119209,5.96046e-05,0,0.010863,26,34.2,2,3,1,0,0,0,0,0,0,0.0062258,27,34.2,2,1.7724e-09,1,1.78814e-05,-4.10217e-09,0,0,-1.92308e-09,0,0.00842875,28,34.2,-1.99822,-0.999992,1,0.0103652,8.9407e-06,0,-0.0423789,-5.96046e-05,0,0.00884902,29,34.2,-1,1,1,5.96046e-06,0,0,2.98023e-05,-5.96046e-05,0,0.0082042,30,34.2,3,-3,1,0,0,0,0,0,0,0.00832952,31,34.2,1.99999,-2.99999,1,-1.19209e-05,5.96046e-06,0,0,-0.000119209,0,0.00811285,32,34.2,-2.99999,-1.99729,1,-9.53674e-05,-0.00289083,0,0.00119209,-0.0123382,0,0.00870055,33,34.2,3,3.64808e-10,1,0,-8.44269e-10,0,0,-4.56801e-10,0,0.00836297,34,34.2,-3,0.000413871,1,-1.19209e-05,-5.36675e-05,0,0.000119209,-0.00314799,0,0.00826751,35,34.2,1.00001,-2,1,-1.49012e-05,1.78814e-05,0,-5.96046e-05,-0.000119209,0,0.00892365
0,34.3,-0.00543225,-1.35831,1,0.00570325,0.496378,0,0.00959676,-0.0736564,0,0.01291,1,34.3,-1.00004,-2.99995,1,3.12924e-05,0.000249594,0,0.000208616,-8.9407e-05,0,0.0107454,2,34.3,2.00016,1,1,0.00183005,1.24797e-05,0,-0.00671297,2.23517e-05,0,0.0101154,3,34.3,-3,3,1,-1.9744e-05,0,0,-4.47035e-05,0,0,0.00500053,4,34.3,-2.00036,-2.99694,1,0.00167601,-0.00548437,0,-0.00230968,-0.00265241,0,0.00785558,5,34.3,-2.00004,-1.99679,1,-2.86847e-05,-0.00195187,0,0.000402331,-0.0188425,0,0.0124342,6,34.3,-2.00558,3,1,0.0242166,0,0,-0.0200868,0,0,0.00519944,7,34.3,-2.00007,0.994698,1,0.000114739,0.0238411,0,0.000268221,-0.0213459,0,0.0083424,8,34.3,0.693584,-1.01122,1,0.485625,-0.00242386,0,-0.130959,0.103824,0,0.00852433,9,34.3,1.57991,-1,1,0.499862,0.00396166,0,-0.00528991,-0.0117123,0,0.0106711,10,34.3,-2.99532,1.00084,1,0.0038527,-0.0041591,0,-0.0292361,0.00508875,0,0.00843692,11,34.3,-2.99999,-3,1,0.000168011,0,0,0.00114739,0,0,0.00768543,12,34.3,1,-3,1,0,3.72529e-06,0,0,5.96046e-05,0,0.0072126,13,34.3,-1.99999,1.99734,1,-9.49949e-06,0.021654,0,-8.19564e-05,-0.0379533,0,0.00832585,14,34.3,-2.00002,-3.9163e-07,1,0.000112131,1.41207e-06,0,-1.49012e-05,-1.06856e-06,0,0.0136761,15,34.3,0.999998,0.000213729,1,-1.47149e-05,0.00153401,0,0,-0.0062763,0,0.0118182,16,34.3,0,2.99999,1,0,1.11759e-06,0,0,0.000163913,0,0.0107804,17,34.3,-3,2.0082,1,0,-0.0276703,0,0,0.00803173,0,0.00699248,18,34.3,-0.999724,-1.00071,1,-0.00215955,-0.0139263,0,0.00423193,0.0437684,0,0.0129383,19,34.3,0.999998,2.00001,1,2.51457e-06,4.47035e-06,0,1.86265e-05,-2.98023e-05,0,0.0125849,20,34.3,3,3,1,-1.41561e-05,2.23517e-06,0,-2.98023e-05,-5.96046e-05,0,0.0074076,21,34.3,2.99999,1,1,-1.60187e-05,-1.30385e-05,0,4.47035e-05,-1.49012e-05,0,0.00741715,22,34.3,-0.999995,2.00001,1,8.00937e-06,-2.6077e-05,0,-2.23517e-05,-2.98023e-05,0,0.0118118,23,34.3,2,-2,1,5.96046e-06,-6.89179e-06,0,0,3.72529e-05,0,0.00890837,24,34.3,0.00280337,0.999664,1,-0.0034938,0.00182409,0,-0.0113118,-0.00284612,0,0.0132865,25,34.3,2,2,1,-9.68575e-06,7.82311e-06,0,-5.96046e-05,2.98023e-05,0,0.010863,26,34.3,2,3,1,0,0,0,0,0,0,0.0062258,27,34.3,2,1.35853e-09,1,1.60187e-05,-4.11967e-09,0,-4.47035e-05,1.40773e-09,0,0.00842875,28,34.3,-1.99739,-0.999992,1,0.00635404,3.07336e-06,0,-0.0375733,-5.58794e-05,0,0.00884902,29,34.3,-0.999999,1,1,7.72998e-06,-4.84288e-06,0,1.11759e-05,-2.98023e-05,0,0.0082042,30,34.3,3,-3,1,0,0,0,0,0,0,0.00832952,31,34.3,1.99999,-2.99999,1,-1.08033e-05,-4.09782e-06,0,2.98023e-05,-7.45058e-05,0,0.00811285,32,34.3,-3,-1.99763,1,-7.45058e-07,-0.00384655,0,0.000715256,-0.00693649,0,0.00870055,33,34.3,3,2.79348e-10,1,0,-8.53195e-10,0,0,2.47195e-10,0,0.00836297,34,34.3,-3,0.000394394,1,-1.86265e-06,-0.000319969,0,7.45058e-05,-0.00219425,0,0.00826751,35,34.3,1,-2,1,-1.86265e-05,7.82311e-06,0,-2.98023e-05,-7.45058e-05,0,0.00892365
0,34.4,-0.00482117,-1.30917,1,0.00644836,0.485101,0,0.00539236,-0.15229,0,0.0140349,1,34.4,-1.00004,-2.99992,1,5.06639e-05,0.000220537,0,5.96046e-05,-0.000476837,0,0.0108112,2,34.4,2.00031,1,1,0.00119209,1.19209e-05,0,-0.00607967,5.96046e-05,0,0.00882874,3,34.4,-3,3,1,-1.78814e-05,0,0,0,0,0,0.00413557,4,34.4,-2.00021,-2.99749,1,0.00141859,-0.00553727,0,-0.0026226,0.0013113,0,0.00779837,5,34.4,-2.00004,-1.99707,1,5.96046e-06,-0.00350475,0,0.000238419,-0.0122786,0,0.0107801,6,34.4,-2.00328,3,1,0.021553,0,0,-0.0324249,0,0,0.00457712,7,34.4,-2.00006,0.996954,1,0.00013113,0.0210807,0,0.000119209,-0.032872,0,0.00702875,8,34.4,0.741364,-1.011,1,0.468668,0.0063777,0,-0.209808,0.0730157,0,0.00826331,9,34.4,1.62983,-0.999664,1,0.497982,0.00283718,0,-0.0393987,-0.0107586,0,0.00990406,10,34.4,-2.99508,1.00045,1,0.000995398,-0.00356734,0,-0.0272989,0.00649691,0,0.00919248,11,34.4,-2.99997,-3,1,0.000238419,0,0,0.000357628,0,0,0.00789046,12,34.4,1,-3,1,0,5.96046e-06,0,0,0.000119209,0,0.00924564,13,34.4,-1.99999,1.9993,1,-1.49012e-05,0.0175774,0,-5.96046e-05,-0.0427961,0,0.00728545,14,34.4,-2.00001,-2.56975e-07,1,0.000107288,1.27019e-06,0,-0.000238419,-1.72019e-06,0,0.0114484,15,34.4,0.999997,0.000336937,1,-1.3411e-05,0.00094299,0,2.98023e-05,-0.00550735,0,0.0134707,16,34.4,0,2.99999,1,0,5.96046e-06,0,0,0.000238419,0,0.0113997,17,34.4,-3,2.00551,1,0,-0.0258863,0,0,0.026226,0,0.00734218,18,34.4,-0.999918,-1.00188,1,-0.00172108,-0.00964999,0,0.00450015,0.041306,0,0.0106561,19,34.4,0.999998,2.00001,1,2.98023e-06,0,0,2.98023e-05,0,0,0.0115583,20,34.4,3,3,1,-1.78814e-05,-5.96046e-06,0,0,0,0,0.00728849,21,34.4,2.99999,1,1,-1.78814e-05,-1.49012e-05,0,0.000238419,0,0,0.00955339,22,34.4,-0.999995,2,1,5.96046e-06,-2.98023e-05,0,-2.98023e-05,0,0,0.0108964,23,34.4,2,-2,1,0,-2.98023e-06,0,0.000119209,0,0,0.013639,24,34.4,0.00240696,0.999831,1,-0.00434294,0.00151694,0,-0.00582112,-0.00324845,0,0.0135015,25,34.4,2,2,1,-1.19209e-05,8.9407e-06,0,-0.000119209,0,0,0.0107377,26,34.4,2,3,1,0,0,0,0,0,0,0.00614614,27,34.4,2.00001,9.57962e-10,1,1.78814e-05,-3.85196e-09,0,-0.000238419,3.79871e-09,0,0.00722235,28,34.4,-1.99693,-0.999992,1,0.00289083,-1.49012e-06,0,-0.0314713,-5.96046e-05,0,0.00967435,29,34.4,-0.999999,1,1,7.45058e-06,-8.9407e-06,0,0,5.96046e-05,0,0.00780592,30,34.4,3,-3,1,0,0,0,0,0,0,0.00915524,31,34.4,1.99999,-2.99999,1,-8.9407e-06,-1.19209e-05,0,5.96046e-05,-0.000119209,0,0.00700688,32,34.4,-3,-1.99805,1,5.36442e-05,-0.00430644,0,0.000357628,-0.00238419,0,0.00770511,33,34.4,3,1.96206e-10,1,0,-8.00988e-10,0,0,7.66462e-10,0,0.0072762,34,34.4,-3,0.000352887,1,5.96046e-06,-0.000496008,0,0,-0.00134525,0,0.0114012,35,34.4,1,-2,1,-1.78814e-05,5.96046e-06,0,0,-0.000238419,0,0.00992953
0,34.5,-0.00415558,-1.26155,1,0.00680333,0.466057,0,0.00178882,-0.22871,0,0.0140349,1,34.5,-1.00003,-2.9999,1,5.47618e-05,0.000164285,0,1.49012e-05,-0.00064075,0,0.0108112,2,34.5,2.0004,1.00001,1,0.000631437,1.52737e-05,0,-0.0051111,1.49012e-05,0,0.00882874,3,34.5,-3,3,1,-1.3411e-05,0,0,5.96046e-05,0,0,0.00413557,4,34.5,-2.00008,-2.99804,1,0.00114534,-0.00523217,0,-0.00279397,0.00457466,0,0.00779837,5,34.5,-2.00004,-1.99747,1,2.71946e-05,-0.0044331,0,0.000163913,-0.0064671,0,0.0107801,6,34.5,-2.0013,3,1,0.0179589,0,0,-0.0386536,0,0,0.00457712,7,34.5,-2.00005,0.998886,1,0.000136346,0.017465,0,0,-0.0386722,0,0.00702875,8,34.5,0.787007,-1.01005,1,0.442512,0.0122584,0,-0.309922,0.0454783,0,0.00826331,9,34.5,1.67934,-0.999432,1,0.491215,0.00182474,0,-0.0998825,-0.00945851,0,0.00990406,10,34.5,-2.99511,1.00013,1,-0.00152215,-0.00288021,0,-0.0228286,0.00713021,0,0.00919248,11,34.5,-2.99994,-3,1,0.000245497,0,0,-0.000163913,0,0,0.00789046,12,34.5,1,-3,1,0,1.41561e-05,0,0,2.98023e-05,0,0.00924564,13,34.5,-1.99999,2.00085,1,-1.8999e-05,0.0132587,0,-1.49012e-05,-0.0430197,0,0.00728545,14,34.5,-2,-1.3926e-07,1,8.34465e-05,1.07812e-06,0,-0.000238419,-2.08003e-06,0,0.0114484,15,34.5,0.999996,0.000405284,1,-9.96515e-06,0.000440101,0,4.09782e-05,-0.00453912,0,0.0134707,16,34.5,0,3,1,0,1.9744e-05,0,0,4.47035e-05,0,0.0113997,17,34.5,-3,2.00307,1,0,-0.0226516,0,0,0.0374764,0,0.00734218,18,34.5,-1.00007,-1.00265,1,-0.00127638,-0.00575799,0,0.00435486,0.0363067,0,0.0106561,19,34.5,0.999998,2.00001,1,5.40167e-06,-3.72529e-07,0,1.49012e-05,-1.49012e-05,0,0.0115583,20,34.5,2.99999,3,1,-1.60187e-05,-5.58794e-06,0,4.47035e-05,1.49012e-05,0,0.00728849,21,34.5,2.99999,1,1,1.11759e-06,-1.39698e-05,0,0.000163913,2.23517e-05,0,0.00955339,22,34.5,-0.999994,2,1,2.98023e-06,-2.79397e-05,0,-2.98023e-05,4.47035e-05,0,0.0108964,23,34.5,2,-2,1,9.68575e-06,-2.98023e-06,0,5.96046e-05,0,0,0.013639,24,34.5,0.00195158,0.999966,1,-0.004689,0.00118688,0,-0.00128298,-0.00331551,0,0.0135015,25,34.5,2,2,1,-2.03028e-05,8.75443e-06,0,-5.21541e-05,-7.45058e-06,0,0.0107377,26,34.5,2,3,1,0,0,0,0,0,0,0.00614614,27,34.5,2.00001,5.94594e-10,1,-1.11759e-06,-3.39041e-09,0,-0.000163913,5.30116e-09,0,0.00722235,28,34.5,-1.99679,-0.999992,1,8.82894e-05,-6.51926e-06,0,-0.0245869,-3.72529e-05,0,0.00967435,29,34.5,-0.999998,1,1,6.89179e-06,-3.91155e-06,0,-1.49012e-05,3.72529e-05,0,0.00780592,30,34.5,3,-3,1,0,0,0,0,0,0,0.00915524,31,34.5,1.99999,-2.99999,1,-3.1665e-06,-2.16067e-05,0,5.21541e-05,-5.96046e-05,0,0.00700688,32,34.5,-2.99999,-1.99848,1,7.59959e-05,-0.00436008,0,0.000119209,0.00114739,0,0.00770511,33,34.5,3,1.2055e-10,1,0,-7.06715e-10,0,0,1.09193e-09,0,0.0072762,34,34.5,-3,0.000297836,1,5.96046e-06,-0.000592875,0,0,-0.0006172,0,0.0114012,35,34.5,1,-2,1,-1.67638e-05,-1.15484e-05,0,1.49012e-05,-0.00013411,0,0.00992953
0,34.6,-0.00347169,-1.21621,1,0.00682285,0.439411,0,-0.00131281,-0.303507,0,0.0145926,1,34.6,-1.00003,-2.99989,1,5.66244e-05,9.53674e-05,0,-5.96046e-05,-0.000715256,0,0.0091052,2,34.6,2.00044,1.00001,1,0.000172853,1.49012e-05,0,-0.00405312,0,0,0.00857193,3,34.6,-3,3,1,-5.96046e-06,0,0,0.000119209,0,0,0.00427573,4,34.6,-1.99998,-2.99853,1,0.000867248,-0.00466108,0,-0.00286102,0.00679493,0,0.00787099,5,34.6,-2.00003,-1.99794,1,4.17233e-05,-0.00483394,0,0.000119209,-0.00166893,0,0.0110541,6,34.6,-1.9997,3,1,0.0139624,0,0,-0.0406504,0,0,0.00511803,7,34.6,-2.00003,1.00043,1,0.00012517,0.0134856,0,0,-0.0402927,0,0.00728848,8,34.6,0.829567,-1.00863,1,0.407369,0.0156403,0,-0.389516,0.0229478,0,0.00865519,9,34.6,1.72784,-0.999295,1,0.47738,0.000952184,0,-0.179231,-0.00798702,0,0.0113325,10,34.6,-2.99537,0.999873,1,-0.00354052,-0.00216365,0,-0.0172853,0.00712276,0,0.00912231,11,34.6,-2.99992,-3,1,0.000214577,0,0,-0.000596046,0,0,0.00865173,12,34.6,1,-3,1,0,1.78814e-05,0,0,0,0,0.00932878,13,34.6,-2,2.00196,1,-2.08616e-05,0.00907183,0,5.96046e-05,-0.0401735,0,0.00849741,14,34.6,-2,-4.21592e-08,1,5.96046e-05,8.6166e-07,0,-0.000178814,-2.21555e-06,0,0.0117775,15,34.6,0.999995,0.000428273,1,-7.45058e-06,3.64977e-05,0,8.9407e-05,-0.00353091,0,0.0131656,16,34.6,0,3,1,0,1.78814e-05,0,0,0,0,0.0103743,17,34.6,-3,2.00101,1,0,-0.0185788,0,0,0.0431538,0,0.00696194,18,34.6,-1.00017,-1.00305,1,-0.000858307,-0.00242889,0,0.00393391,0.03016,0,0.0109172,19,34.6,0.999999,2.00001,1,5.96046e-06,0,0,0,-0.000119209,0,0.012716,20,34.6,2.99999,3,1,-1.78814e-05,-5.96046e-06,0,0.000238419,0,0,0.00624127,21,34.6,2.99999,0.999999,1,5.96046e-06,-1.19209e-05,0,0.000238419,2.98023e-05,0,0.00931312,22,34.6,-0.999994,2,1,0,-2.38419e-05,0,-5.96046e-05,0,0,0.0105806,23,34.6,2,-2,1,1.19209e-05,-2.98023e-06,0,0,5.96046e-05,0,0.00906054,24,34.6,0.00148249,1.00007,1,-0.00463482,0.000861287,0,0.00219681,-0.00309944,0,0.0146965,25,34.6,2,2,1,-2.08616e-05,5.96046e-06,0,-5.96046e-05,0,0,0.0106781,26,34.6,2,3,1,0,0,0,0,0,0,0.00441491,27,34.6,2.00001,2.83636e-10,1,-1.19209e-05,-2.81576e-09,0,-0.000119209,6.08249e-09,0,0.00789103,28,34.6,-1.99689,-0.999993,1,-0.00202954,-1.04308e-05,0,-0.0178218,0,0,0.0102386,29,34.6,-0.999997,1,1,5.96046e-06,-2.98023e-06,0,-2.98023e-05,5.96046e-05,0,0.00815522,30,34.6,3,-3,1,0,0,0,0,0,0,0.00901632,31,34.6,1.99999,-2.99999,1,2.98023e-06,-2.38419e-05,0,0,0,0,0.00876199,32,34.6,-2.99998,-1.99891,1,7.7486e-05,-0.00410974,0,0,0.00369549,0,0.00798649,33,34.6,3,5.56875e-11,1,0,-5.87633e-10,0,0,1.26642e-09,0,0.00891388,34,34.6,-3,0.000236491,1,0,-0.000624352,0,0.000119209,-3.62855e-05,0,0.0103416,35,34.6,0.999999,-2,1,-1.3411e-05,-1.78814e-05,0,0,-0.000119209,0,0.00924232
0,34.7,-0.00280081,-1.17393,1,0.00654946,0.404898,0,-0.00402899,-0.382781,0,0.0145926,1,34.7,-1.00002,-2.99989,1,5.06639e-05,2.6077e-05,0,-5.96046e-05,-0.000655651,0,0.0091052,2,34.7,2.00044,1.00001,1,-0.000178814,1.37836e-05,0,-0.00298023,-2.98023e-05,0,0.00857193,3,34.7,-3,3,1,3.72529e-06,0,0,5.96046e-05,0,0,0.00427573,4,34.7,-1.99991,-2.99896,1,0.000593625,-0.00391603,0,-0.00258535,0.00795722,0,0.00787099,5,34.7,-2.00003,-1.99842,1,5.1409e-05,-0.00480767,0,5.96046e-05,0.00201911,0,0.0110541,6,34.7,-1.99851,3,1,0.00996348,0,0,-0.0389144,0,0,0.00511803,7,34.7,-2.00002,1.00158,1,0.000118837,0.00953339,0,-0.000104308,-0.0383556,0,0.00728848,8,34.7,0.868258,-1.00698,1,0.365558,0.0170302,0,-0.44363,0.00557303,0,0.00865519,9,34.7,1.77449,-0.999237,1,0.45398,0.000240188,0,-0.285588,-0.00626221,0,0.0113325,10,34.7,-2.9958,0.999691,1,-0.00496432,-0.00147559,0,-0.0112653,0.00657886,0,0.00912231,11,34.7,-2.9999,-3,1,0.000148639,0,0,-0.000700355,0,0,0.00865173,12,34.7,1,-2.99999,1,0,1.60187e-05,0,0,-4.47035e-05,0,0.00932878,13,34.7,-2,2.00267,1,-1.50874e-05,0.00529699,0,5.21541e-05,-0.0350922,0,0.00849741,14,34.7,-1.99999,3.297e-08,1,4.19095e-05,6.41934e-07,0,-0.000171363,-2.15559e-06,0,0.0117775,15,34.7,0.999995,0.000415977,1,1.86265e-07,-0.000265661,0,6.70552e-05,-0.00252672,0,0.0131656,16,34.7,0,3,1,0,1.3411e-05,0,0,-5.96046e-05,0,0.0103743,17,34.7,-3,1.99937,1,0,-0.0141921,0,0,0.0439808,0,0.00696194,18,34.7,-1.00024,-1.00316,1,-0.000492297,0.00024382,0,0.00337511,0.0233129,0,0.0109172,19,34.7,1,2.00001,1,5.4948e-06,-9.68575e-06,0,-1.11759e-05,-5.96046e-05,0,0.012716,20,34.7,2.99999,3,1,1.11759e-06,-5.58794e-06,0,0.000163913,1.49012e-05,0,0.00624127,21,34.7,3,0.999998,1,1.9744e-05,-8.84756e-06,0,4.47035e-05,3.35276e-05,0,0.00931312,22,34.7,-0.999994,2,1,-5.02914e-06,-2.19792e-05,0,-3.72529e-05,4.47035e-05,0,0.0105806,23,34.7,2,-2,1,1.04308e-05,1.86265e-06,0,-2.98023e-05,2.98023e-05,0,0.00906054,24,34.7,0.00103448,1.00014,1,-0.00428463,0.000566244,0,0.00464388,-0.00278652,0,0.0146965,25,34.7,2,2,1,-2.34693e-05,5.96046e-06,0,0,0,0,0.0106781,26,34.7,2,3,1,0,0,0,0,0,0,0.00441491,27,34.7,2,3.291e-11,1,-2.01166e-05,-2.19645e-09,0,-2.98023e-05,6.22226e-09,0,0.00789103,28,34.7,-1.99718,-0.999994,1,-0.00348575,-1.04308e-05,0,-0.0114441,0,0,0.0102386,29,34.7,-0.999997,1,1,3.07336e-06,1.86265e-06,0,-2.6077e-05,2.98023e-05,0,0.00815522,30,34.7,3,-3,1,0,0,0,0,0,0,0.00901632,31,34.7,1.99999,-2.99999,1,3.1665e-06,-2.23517e-05,0,7.45058e-06,2.98023e-05,0,0.00876199,32,34.7,-2.99997,-1.9993,1,7.07805e-05,-0.00365041,0,-0.000119209,0.00536442,0,0.00798649,33,34.7,3,3.36661e-12,1,0,-4.58152e-10,0,0,1.30479e-09,0,0.00891388,34,34.7,-3,0.000174659,1,9.68575e-06,-0.000605063,0,5.96046e-05,0.000397837,0,0.0103416,35,34.7,0.999997,-2.00001,1,-1.22935e-05,-2.49594e-05,0,1.49012e-05,-4.47035e-05,0,0.00924232
0,34.8,-0.00216962,-1.13546,1,0.00604114,0.363627,0,-0.0060224,-0.438869,0,0.0132533,1,34.8,-1.00002,-2.99989,1,4.47035e-05,-3.57628e-05,0,-5.96046e-05,-0.000476837,0,0.0113963,2,34.8,2.00041,1.00001,1,-0.000429153,8.9407e-06,0,-0.00202656,-5.96046e-05,0,0.00913917,3,34.8,-3,3,1,5.96046e-06,0,0,0.000119209,0,0,0.00605785,4,34.8,-1.99986,-2.99931,1,0.000351667,-0.00309944,0,-0.00220537,0.00810623,0,0.00771806,5,34.8,-2.00002,-1.99889,1,5.36442e-05,-0.00446737,0,0,0.00458956,0,0.0115236,6,34.8,-1.9977,3,1,0.00624955,0,0,-0.0349283,0,0,0.00532919,7,34.8,-2.00001,1.00235,1,0.000101328,0.00588596,0,-5.96046e-05,-0.0342727,0,0.00718636,8,34.8,0.902529,-1.00528,1,0.319269,0.016892,0,-0.478953,-0.007689,0,0.00865674,9,34.8,1.81831,-0.999241,1,0.420913,-0.000305474,0,-0.372469,-0.00464916,0,0.00999693,10,34.8,-2.99634,0.999576,1,-0.00580549,-0.000858307,0,-0.00560284,0.00575185,0,0.00916819,11,34.8,-2.99989,-3,1,7.7486e-05,0,0,-0.000715256,0,0,0.007491,12,34.8,1,-2.99999,1,0,1.78814e-05,0,0,-0.000238419,0,0.00945592,13,34.8,-2,2.00304,1,-1.19209e-05,0.00208616,0,5.96046e-05,-0.0289679,0,0.0072673,14,34.8,-1.99999,8.66449e-08,1,2.38419e-05,4.34606e-07,0,-0.000119209,-1.97368e-06,0,0.0128407,15,34.8,0.999995,0.000378335,1,5.96046e-06,-0.000472063,0,2.98023e-05,-0.00161906,0,0.0143723,16,34.8,0,3,1,0,5.96046e-06,0,0,-0.000119209,0,0.0105837,17,34.8,-3,1.99817,1,0,-0.00988841,0,0,0.041604,0,0.00757957,18,34.8,-1.00028,-1.00303,1,-0.000184774,0.00224113,0,0.00268221,0.0166297,0,0.0103022,19,34.8,1,2.00001,1,5.96046e-06,-1.78814e-05,0,-5.96046e-05,0,0,0.0113997,20,34.8,2.99999,3,1,5.96046e-06,-5.96046e-06,0,0.000238419,0,0,0.00588673,21,34.8,3,0.999997,1,1.78814e-05,-5.96046e-06,0,0,2.98023e-05,0,0.0104207,22,34.8,-0.999995,1.99999,1,-7.45058e-06,-1.78814e-05,0,-2.98023e-05,5.96046e-05,0,0.0112236,23,34.8,2.00001,-2,1,5.96046e-06,2.98023e-06,0,0,5.96046e-05,0,0.00969334,24,34.8,0.00063215,1.00018,1,-0.00373637,0.000309944,0,0.0061811,-0.00244379,0,0.0134222,25,34.8,1.99999,2,1,-2.38419e-05,0,0,0.000119209,0.000119209,0,0.00945153,26,34.8,2,3,1,0,0,0,0,0,0,0.00482231,27,34.8,2,-1.55953e-10,1,-2.38419e-05,-1.58571e-09,0,0,5.9301e-09,0,0.00853068,28,34.8,-1.99757,-0.999995,1,-0.00434816,-8.9407e-06,0,-0.00590086,-2.98023e-05,0,0.0105203,29,34.8,-0.999997,1,1,0,2.98023e-06,0,0,5.96046e-05,0,0.00839446,30,34.8,3,-3,1,0,0,0,0,0,0,0.00782928,31,34.8,1.99999,-3,1,5.96046e-06,-1.78814e-05,0,-5.96046e-05,0,0,0.00789906,32,34.8,-2.99997,-1.99963,1,5.36442e-05,-0.00306368,0,-0.000238419,0.00625849,0,0.00949727,33,34.8,3,-3.59868e-11,1,0,-3.29895e-10,0,0,1.24656e-09,0,0.00858315,34,34.8,-3,0.000116691,1,1.19209e-05,-0.000549334,0,0,0.000695472,0,0.00970237,35,34.8,0.999996,-2.00001,1,-8.9407e-06,-2.38419e-05,0,0,0,0,0.0107464
0,34.9,-0.00159795,-1.10135,1,0.0053713,0.318072,0,-0.00727741,-0.469051,0,0.0132533,1,34.9,-1.00001,-2.99989,1,3.8743e-05,-7.82311e-05,0,-5.96046e-05,-0.00038743,0,0.0113963,2,34.9,2.00036,1.00001,1,-0.000585988,2.98023e-06,0,-0.00111759,-5.96046e-05,0,0.00913917,3,34.9,-3,3,1,1.41561e-05,0,0,2.98023e-05,0,0,0.00605785,4,34.9,-1.99984,-2.99958,1,0.000151247,-0.00229888,0,-0.00178814,0.00779331,0,0.00771806,5,34.9,-2.00002,-1.99931,1,5.17815e-05,-0.00391789,0,-4.47035e-05,0.00624359,0,0.0115236,6,34.9,-1.99724,3,1,0.00302717,0,0,-0.0293851,0,0,0.00532919,7,34.9,-2,1.00278,1,9.08971e-05,0.00273231,0,-0.000149012,-0.0286773,0,0.00718636,8,34.9,0.932027,-1.00364,1,0.270435,0.015628,0,-0.493784,-0.0169724,0,0.00865674,9,34.9,1.85843,-0.999293,1,0.380429,-0.000696257,0,-0.434175,-0.00318885,0,0.00999693,10,34.9,-2.99694,0.999517,1,-0.00610463,-0.000335369,0,-0.000551343,0.00469759,0,0.00916819,11,34.9,-2.99989,-3,1,1.00583e-05,0,0,-0.000610948,0,0,0.007491,12,34.9,1,-2.99999,1,0,-1.11759e-06,0,0,-0.000163913,0,0.00945592,13,34.9,-2,2.00311,1,-6.70552e-06,-0.000473484,0,4.47035e-05,-0.0222474,0,0.0072673,14,34.9,-1.99999,1.20681e-07,1,1.21072e-05,2.50761e-07,0,-0.000111759,-1.69517e-06,0,0.0128407,15,34.9,0.999996,0.000324416,1,8.3819e-06,-0.000593126,0,1.49012e-05,-0.000827588,0,0.0143723,16,34.9,0,3,1,0,-3.72529e-06,0,0,-5.96046e-05,0,0.0105837,17,34.9,-3,1.99738,1,0,-0.00596195,0,0,0.0366718,0,0.00757957,18,34.9,-1.00028,-1.00273,1,5.12227e-05,0.00358801,0,0.00203401,0.0104532,0,0.0103022,19,34.9,1,2.00001,1,9.31323e-07,-1.75089e-05,0,-3.72529e-05,1.49012e-05,0,0.0113997,20,34.9,3,3,1,1.9744e-05,-5.58794e-06,0,4.47035e-05,1.49012e-05,0,0.00588673,21,34.9,3,0.999997,1,1.3411e-05,-3.07336e-06,0,-5.96046e-05,2.6077e-05,0,0.0104207,22,34.9,-0.999996,1.99999,1,-9.49949e-06,-1.19209e-05,0,-7.45058e-06,5.96046e-05,0,0.0112236,23,34.9,2.00001,-2,1,5.58794e-06,7.07805e-06,0,-1.49012e-05,1.49012e-05,0,0.00969334,24,34.9,0.000290879,1.0002,1,-0.00307733,9.12696e-05,0,0.00688645,-0.00193715,0,0.0134222,25,34.9,1.99999,2,1,-1.28523e-05,9.68575e-06,0,9.68575e-05,5.96046e-05,0,0.00945153,26,34.9,2,3,1,0,0,0,0,0,0,0.00482231,27,34.9,2,-2.85864e-10,1,-2.27243e-05,-1.02333e-09,0,2.98023e-05,5.28253e-09,0,0.00853068,28,34.9,-1.99803,-0.999996,1,-0.0047015,-1.09896e-05,0,-0.00134856,-7.45058e-06,0,0.0105203,29,34.9,-0.999997,1,1,-3.72529e-07,7.07805e-06,0,-7.45058e-06,1.49012e-05,0,0.00839446,30,34.9,3,-3,1,0,0,0,0,0,0,0.00782928,31,34.9,1.99999,-3,1,1.86265e-06,-1.60187e-05,0,-1.49012e-05,4.47035e-05,0,0.00789906,32,34.9,-2.99996,-1.99991,1,2.98023e-05,-0.00242107,0,-0.000238419,0.00649691,0,0.00949727,33,34.9,3,-6.29378e-11,1,0,-2.1131e-10,0,0,1.11585e-09,0,0.00858315,34,34.9,-3,6.5565e-05,1,1.04308e-05,-0.000470353,0,-2.98023e-05,0.000866044,0,0.00970237,35,34.9,0.999995,-2.00001,1,-8.00937e-06,-2.19792e-05,0,2.23517e-05,4.47035e-05,0,0.0107464
0,35,-0.0010986,-1.07191,1,0.00460403,0.270438,0,-0.00798131,-0.480592,0,0.0117282,1,35,-1.00001,-2.9999,1,3.27826e-05,-0.000113249,0,-0.000119209,-0.000238419,0,0.00873827,2,35,2.00029,1.00001,1,-0.000661612,0,0,-0.000476837,-0.000119209,0,0.0085048,3,35,-3,3,1,1.78814e-05,0,0,0,0,0,0.00616709,4,35,-1.99983,-2.99977,1,-5.96046e-06,-0.00156164,0,-0.00143051,0.00691414,0,0.00707062,5,35,-2.00001,-1.99967,1,4.76837e-05,-0.00324547,0,0,0.00703335,0,0.0113175,6,35,-1.99707,3,1,0.00038743,0,0,-0.0232458,0,0,0.00569141,7,35,-1.99999,1.00292,1,7.45058e-05,0.000166893,0,-0.000238419,-0.0225902,0,0.00774582,8,35,0.956605,-1.00218,1,0.221242,0.0136167,0,-0.486761,-0.0228286,0,0.00812907,9,35,1.89422,-0.999376,1,0.334701,-0.000947714,0,-0.477135,-0.00187755,0,0.00996008,10,35,-2.99755,0.999505,1,-0.0059545,8.04663e-05,0,0.00333786,0.00357628,0,0.00898457,11,35,-2.99989,-3,1,-4.76837e-05,0,0,-0.000596046,0,0,0.00821635,12,35,1,-2.99999,1,0,-5.96046e-06,0,0,-0.000238419,0,0.00869088,13,35,-2,2.00297,1,-5.96046e-06,-0.00237226,0,0.000119209,-0.0157356,0,0.00738479,14,35,-1.99998,1.37796e-07,1,2.98023e-06,9.68008e-08,0,-0.000119209,-1.37981e-06,0,0.0109073,15,35,0.999997,0.000262096,1,8.9407e-06,-0.00064258,0,0,-0.000186083,0,0.0120361,16,35,0,3,1,0,-5.96046e-06,0,0,-0.000119209,0,0.00918749,17,35,-3,1.99695,1,0,-0.00259578,0,0,0.0306368,0,0.00714608,18,35,-1.00027,-1.00233,1,0.000223517,0.0043571,0,0.00143051,0.00524521,0,0.0122125,19,35,1,2,1,0,-1.78814e-05,0,-5.96046e-05,0.000119209,0,0.0118247,20,35,3,3,1,1.78814e-05,-5.96046e-06,0,0,0.000119209,0,0.0052872,21,35,3,0.999997,1,5.96046e-06,0,0,-0.000119209,0,0,0.00882429,22,35,-0.999997,1.99999,1,-1.04308e-05,-5.96046e-06,0,0,0.000119209,0,0.0105056,23,35,2.00001,-2,1,5.96046e-06,8.9407e-06,0,-0.000119209,0,0,0.0115116,24,35,1.79622e-05,1.0002,1,-0.0023795,-7.45058e-05,0,0.00697928,-0.00149012,0,0.0146772,25,35,1.99999,2,1,-2.98023e-06,1.19209e-05,0,5.96046e-05,0,0,0.0108964,26,35,2,3,1,0,0,0,0,0,0,0.00648063,27,35,2,-3.63092e-10,1,-1.78814e-05,-5.34903e-10,0,0,4.46389e-09,0,0.00886375,28,35,-1.9985,-0.999997,1,-0.00465214,-1.19209e-05,0,0.00208616,2.98023e-05,0,0.0119743,29,35,-0.999997,1,1,-1.49012e-06,8.9407e-06,0,0,0,0,0.00849653,30,35,3,-3,1,0,0,0,0,0,0,0.0089938,31,35,1.99999,-3,1,0,-1.19209e-05,0,0,0,0,0.00730939,32,35,-2.99996,-2.00012,1,5.96046e-06,-0.00178218,0,-0.000238419,0.00631809,0,0.0101952,33,35,3,-7.87666e-11,1,0,-1.08177e-10,0,0,9.4157e-10,0,0.00992606,34,35,-2.99999,2.30168e-05,1,5.96046e-06,-0.000379421,0,0,0.000937734,0,0.01028,35,35,0.999995,-2.00001,1,-5.96046e-06,-1.19209e-05,0,2.98023e-05,0,0,0.0109271
0,35.1,-0.000678597,-1.04727,1,0.00379306,0.222579,0,-0.0081586,-0.473388,0,0.0117282,1,35.1,-1.00001,-2.99991,1,2.19792e-05,-0.000130758,0,-8.9407e-05,-0.00013411,0,0.00873827,2,35.1,2.00023,1.00001,1,-0.000676885,-9.49949e-06,0,0.00013411,-8.19564e-05,0,0.0085048,3,35.1,-2.99999,3,1,1.60187e-05,0,0,-4.47035e-05,0,0,0.00616709,4,35.1,-1.99984,-2.9999,1,-0.000126846,-0.000938028,0,-0.000990927,0.00551343,0,0.00707062,5,35.1,-2.00001,-1.99996,1,4.58211e-05,-0.0025304,0,-4.47035e-05,0.00717491,0,0.0113175,6,35.1,-1.99714,3,1,-0.00162143,0,0,-0.0169948,0,0,0.00569141,7,35.1,-1.99998,1.00283,1,5.08502e-05,-0.00177696,0,-0.000230968,-0.0163615,0,0.00774582,8,35.1,0.976333,-1.00093,1,0.173786,0.0111814,0,-0.459556,-0.0254549,0,0.00812907,9,35.1,1.92526,-0.999478,1,0.285675,-0.00107707,0,-0.499204,-0.000748783,0,0.00996008,10,35.1,-2.99812,0.999529,1,-0.00546053,0.000383798,0,0.00634789,0.00250712,0,0.00898457,11,35.1,-2.9999,-3,1,-9.79751e-05,0,0,-0.000402331,0,0,0.00821635,12,35.1,1,-3,1,0,-1.9744e-05,0,0,-4.47035e-05,0,0.00869088,13,35.1,-2,2.00266,1,3.72529e-06,-0.00363849,0,5.96046e-05,-0.00973046,0,0.00738479,14,35.1,-1.99999,1.4114e-07,1,-7.82311e-06,-2.43324e-08,0,-8.9407e-05,-1.04514e-06,0,0.0109073,15,35.1,0.999997,0.000197788,1,8.56817e-06,-0.00063541,0,-7.45058e-06,0.000303918,0,0.0120361,16,35.1,0,3,1,0,-1.41561e-05,0,0,-2.98023e-05,0,0.00918749,17,35.1,-3,1.99684,1,0,0.000123307,0,0,0.0237525,0,0.00714608,18,35.1,-1.00024,-1.00188,1,0.000337698,0.0046527,0,0.000871718,0.000841916,0,0.0122125,19,35.1,1,2,1,-4.56348e-06,-7.82311e-06,0,-2.6077e-05,7.45058e-05,0,0.0118247,20,35.1,3,3,1,1.3411e-05,3.72529e-06,0,-5.96046e-05,5.96046e-05,0,0.0052872,21,35.1,3,0.999997,1,-3.72529e-06,3.72529e-07,0,-5.96046e-05,7.45058e-06,0,0.00882429,22,35.1,-0.999998,1.99999,1,-9.96515e-06,4.09782e-06,0,1.11759e-05,7.45058e-05,0,0.0105056,23,35.1,2.00001,-2,1,-4.09782e-06,8.00937e-06,0,-7.45058e-05,-2.23517e-05,0,0.0115116,24,35.1,-0.000185661,1.00019,1,-0.00170018,-0.000197999,0,0.00654794,-0.000990927,0,0.0146772,25,35.1,1.99999,2,1,2.79397e-06,1.04308e-05,0,5.21541e-05,-2.98023e-05,0,0.0108964,26,35.1,2,3,1,0,0,0,0,0,0,0.00648063,27,35.1,2,-3.95815e-10,1,-1.67638e-05,-1.35099e-10,0,2.98023e-05,3.53111e-09,0,0.00886375,28,35.1,-1.99895,-0.999998,1,-0.00431072,-9.03383e-06,0,0.00456721,2.6077e-05,0,0.0119743,29,35.1,-0.999997,1,1,-1.58325e-06,8.00937e-06,0,-3.72529e-06,-2.23517e-05,0,0.00849653,30,35.1,3,-3,1,0,0,0,0,0,0,0.0089938,31,35.1,1.99999,-3,1,7.45058e-07,-7.82311e-06,0,1.49012e-05,4.47035e-05,0,0.00730939,32,35.1,-2.99996,-2.00026,1,-1.56462e-05,-0.00118054,0,-0.000178814,0.00567734,0,0.0101952,33,35.1,3,-8.51949e-11,1,0,-2.36299e-11,0,0,7.47363e-10,0,0.00992606,34,35.1,-2.99999,-1.0235e-05,1,5.58794e-06,-0.000285868,0,-1.49012e-05,0.00092282,0,0.01028,35,35.1,0.999994,-2.00001,1,-2.98023e-06,-1.00583e-05,0,2.98023e-05,4.47035e-05,0,0.0109271
0,35.2,-0.000339823,-1.02734,1,0.00298669,0.176343,0,-0.00790452,-0.448823,0,0.0157628,1,35.2,-1,-2.99993,1,1.49012e-05,-0.000137091,0,-5.96046e-05,0,0,0.00753413,2,35.2,2.00016,1.00001,1,-0.00064373,-1.49012e-05,0,0.000596046,-5.96046e-05,0,0.00908574,3,35.2,-2.99999,3,1,1.78814e-05,0,0,-0.000238419,0,0,0.00552206,4,35.2,-1.99985,-2.99997,1,-0.000208616,-0.000458956,0,-0.000536442,0.00405312,0,0.00801823,5,35.2,-2,-2.00018,1,3.57628e-05,-0.00182986,0,5.96046e-05,0.00691414,0,0.010794,6,35.2,-1.99738,3,1,-0.00302792,0,0,-0.0111461,0,0,0.00741638,7,35.2,-1.99998,1.00258,1,2.68221e-05,-0.00312328,0,-0.000178814,-0.0106692,0,0.00712741,8,35.2,0.991479,-0.999945,1,0.129819,0.00860244,0,-0.41768,-0.025779,0,0.00790207,9,35.2,1.95132,-0.999588,1,0.235635,-0.00110418,0,-0.497997,0.000119209,0,0.00974491,10,35.2,-2.99863,0.999578,1,-0.00472069,0.000585616,0,0.00798702,0.00154972,0,0.00833436,11,35.2,-2.99991,-3,1,-0.00013113,0,0,-0.000238419,0,0,0.00838108,12,35.2,1,-3,1,0,-1.78814e-05,0,0,0,0,0.00780442,13,35.2,-2,2.00226,1,8.9407e-06,-0.00434518,0,5.96046e-05,-0.00464916,0,0.00702584,14,35.2,-1.99999,1.34017e-07,1,-1.49012e-05,-1.12858e-07,0,0,-7.29358e-07,0,0.0141671,15,35.2,0.999998,0.000136399,1,7.45058e-06,-0.000586623,0,0,0.000649117,0,0.013808,16,35.2,0,3,1,0,-1.78814e-05,0,0,0,0,0.0125979,17,35.2,-3,1.99696,1,0,0.00216067,0,0,0.0171065,0,0.00726388,18,35.2,-1.0002,-1.00141,1,0.000402331,0.00456274,0,0.000357628,-0.002563,0,0.0118854,19,35.2,1,2,1,-5.96046e-06,-5.96046e-06,0,-2.98023e-05,0.000119209,0,0.012603,20,35.2,3,3,1,5.96046e-06,5.96046e-06,0,-0.000119209,0.000119209,0,0.00660165,21,35.2,3,0.999997,1,-5.96046e-06,1.49012e-06,0,-0.000119209,0,0,0.00849279,22,35.2,-0.999999,1.99999,1,-8.9407e-06,8.9407e-06,0,0,0.000119209,0,0.0102768,23,35.2,2.00001,-2,1,-5.96046e-06,5.96046e-06,0,-0.000119209,0,0,0.0101349,24,35.2,-0.000324057,1.00016,1,-0.00108002,-0.000274181,0,0.00581323,-0.000536442,0,0.0156481,25,35.2,1.99999,2.00001,1,5.96046e-06,5.96046e-06,0,5.96046e-05,0,0,0.0111822,26,35.2,2,3,1,0,0,0,0,0,0,0.00574741,27,35.2,1.99999,-3.93215e-10,1,-1.19209e-05,1.71761e-10,0,0,2.61161e-09,0,0.00895584,28,35.2,-1.99935,-0.999999,1,-0.00376701,-5.96046e-06,0,0.00619888,0,0,0.00997076,29,35.2,-0.999997,1,1,-1.49012e-06,5.96046e-06,0,-2.98023e-05,0,0,0.00870221,30,35.2,3,-3,1,0,0,0,0,0,0,0.00765046,31,35.2,1.99999,-3,1,2.98023e-06,0,0,0,0,0,0.00712657,32,35.2,-2.99996,-2.00036,1,-2.98023e-05,-0.000655651,0,-0.000238419,0.00476837,0,0.011272,33,35.2,3,-8.41526e-11,1,0,4.11714e-11,0,0,5.49411e-10,0,0.00862451,34,35.2,-2.99999,-3.43045e-05,1,5.96046e-06,-0.000196693,0,-0.000119209,0.000852839,0,0.0103239,35,35.2,0.999994,-2.00001,1,1.49012e-06,-5.96046e-06,0,0,0.000119209,0,0.0108085
0,35.3,-7.97407e-05,-1.01189,1,0.00222546,0.133366,0,-0.00727555,-0.408813,0,0.0157628,1,35.3,-1,-2.99994,1,9.87202e-06,-0.000133365,0,-3.72529e-05,8.9407e-05,0,0.00753413,2,35.3,2.0001,1.00001,1,-0.000569224,-1.8999e-05,0,0.000864267,-1.49012e-05,0,0.00908574,3,35.3,-2.99999,3,1,-1.11759e-06,0,0,-0.000163913,0,0,0.00552206,4,35.3,-1.99988,-3,1,-0.0002468,-0.000128523,0,-0.000245869,0.0026077,0,0.00801823,5,35.3,-2,-2.00033,1,3.81842e-05,-0.0011757,0,-7.45058e-06,0.00613928,0,0.010794,6,35.3,-1.99773,3,1,-0.00387784,0,0,-0.00601262,0,0,0.00741638,7,35.3,-1.99998,1.00223,1,9.87202e-06,-0.00392813,0,-0.000156462,-0.00558048,0,0.00712741,8,35.3,1.00246,-0.999211,1,0.0906842,0.00609523,0,-0.363901,-0.0241436,0,0.00790207,9,35.3,1.97243,-0.999697,1,0.186824,-0.00105584,0,-0.475131,0.000808388,0,0.00974491,10,35.3,-2.99906,0.999643,1,-0.00386611,0.000697561,0,0.0089407,0.000722706,0,0.00833436,11,35.3,-2.99992,-3,1,-0.000146404,0,0,-7.45058e-05,0,0,0.00838108,12,35.3,1,-3,1,0,-1.3411e-05,0,0,5.96046e-05,0,0.00780442,13,35.3,-2,2.00181,1,1.24797e-05,-0.00459068,0,2.23517e-05,-0.000461936,0,0.00702584,14,35.3,-1.99999,1.19583e-07,1,-1.49012e-05,-1.7103e-07,0,0,-4.41573e-07,0,0.0141671,15,35.3,0.999999,8.13809e-05,1,6.98492e-06,-0.00051026,0,-1.11759e-05,0.000858407,0,0.013808,16,35.3,0,2.99999,1,0,-1.60187e-05,0,0,4.47035e-05,0,0.0125979,17,35.3,-3,1.99725,1,0,0.00354983,0,0,0.0108182,0,0.00726388,18,35.3,-1.00016,-1.00097,1,0.000419095,0.00418406,0,0,-0.00485033,0,0.0118854,19,35.3,0.999999,2,1,-7.72998e-06,3.72529e-06,0,-1.11759e-05,5.96046e-05,0,0.012603,20,35.3,3,3,1,-3.72529e-06,1.15484e-05,0,-5.96046e-05,1.49012e-05,0,0.00660165,21,35.3,3,0.999997,1,-1.41561e-05,1.58325e-06,0,-2.98023e-05,3.72529e-06,0,0.00849279,22,35.3,-1,1.99999,1,-8.3819e-06,1.76951e-05,0,1.49012e-05,6.70552e-05,0,0.0102768,23,35.3,2,-2,1,-1.56462e-05,5.21541e-06,0,-5.96046e-05,-1.49012e-05,0,0.0101349,24,35.3,-0.000404563,1.00014,1,-0.000546183,-0.000309572,0,0.00484844,-0.000178814,0,0.0156481,25,35.3,1.99999,2.00001,1,1.08033e-05,5.58794e-06,0,2.98023e-05,-1.49012e-05,0,0.0111822,26,35.3,2,3,1,0,0,0,0,0,0,0.00574741,27,35.3,1.99999,-3.64481e-10,1,-1.08033e-05,3.88355e-10,0,2.98023e-05,1.73822e-09,0,0.00895584,28,35.3,-1.9997,-1,1,-0.00310596,-5.58794e-06,0,0.00690669,7.45058e-06,0,0.00997076,29,35.3,-0.999997,1,1,-3.91155e-06,5.02914e-06,0,-1.49012e-05,-2.23517e-05,0,0.00870221,30,35.3,3,-3,1,0,0,0,0,0,0,0.00765046,31,35.3,1.99999,-3,1,3.1665e-06,0,0,7.45058e-06,0,0,0.00712657,32,35.3,-2.99997,-2.0004,1,-4.73112e-05,-0.000225753,0,-0.00013411,0.0038147,0,0.011272,33,35.3,3,-7.76008e-11,1,0,8.67968e-11,0,0,3.65479e-10,0,0.00862451,34,35.3,-2.99999,-4.98899e-05,1,-3.72529e-06,-0.000116918,0,-5.96046e-05,0.0007388,0,0.0103239,35,35.3,0.999994,-2.00001,1,1.95578e-06,4.09782e-06,0,1.11759e-05,7.45058e-05,0,0.0108085
