0,0,1,-3,1,0,0,0,0,0,0,0.0245891,1,0,0,-3,1,0,0,0,0,0,0,0.00476059,2,0,-2,-3,1,0,0,0,0,0,0,0.0066008,3,0,1,3,1,0,0,0,0,0,0,0.00535849,4,0,-2,1,1,0,0,0,0,0,0,0.00492993,5,0,-3,-2,1,0,0,0,0,0,0,0.00761368,6,0,-3,-1,1,0,0,0,0,0,0,0.00400341,7,0,2,1,1,0,0,0,0,0,0,0.00580332,8,0,-1,3,1,0,0,0,0,0,0,0.00447136,9,0,-3,0,1,0,0,0,0,0,0,0.00444047,10,0,-3,1,1,0,0,0,0,0,0,0.00445816,11,0,2,-3,1,0,0,0,0,0,0,0.00403172,12,0,-1,1,1,0,0,0,0,0,0,0.00493838,13,0,3,-1,1,0,0,0,0,0,0,0.00444278,14,0,0,0,1,0,0,0,0,0,0,0.00617145,15,0,0,-1,1,0,0,0,0,0,0,0.00509993,16,0,2,-1,1,0,0,0,0,0,0,0.00597781,17,0,0,1,1,0,0,0,0,0,0,0.00575232,18,0,1,1,1,0,0,0,0,0,0,0.00829308,19,0,-1,2,1,0,0,0,0,0,0,0.00509851,20,0,3,0,1,0,0,0,0,0,0,0.00911524,21,0,1,2,1,0,0,0,0,0,0,0.00529025,22,0,3,1,1,0,0,0,0,0,0,0.00438409,23,0,0,2,1,0,0,0,0,0,0,0.00536745,24,0,-1,0,1,0,0,0,0,0,0,0.00536666,25,0,2,3,1,0,0,0,0,0,0,0.0105649,26,0,1,-1,1,0,0,0,0,0,0,0.00911467,27,0,-3,3,1,0,0,0,0,0,0,0.00498056,28,0,-3,2,1,0,0,0,0,0,0,0.00690357,29,0,0,3,1,0,0,0,0,0,0,0.00485542,30,0,2,-2,1,0,0,0,0,0,0,0.00742704,31,0,3,-3,1,0,0,0,0,0,0,0.00700062,32,0,-2,-1,1,0,0,0,0,0,0,0.00467373,33,0,-2,0,1,0,0,0,0,0,0,0.00505142,34,0,3,2,1,0,0,0,0,0,0,0.00902601,35,0,-1,-1,1,0,0,0,0,0,0,0.00625917
0,0.1,1,-2.99877,1,-8.3819e-06,0.0352427,0,-0.000290573,0.642985,0,0.0245891,1,0.1,0,-2.9986,1,0,0.0399802,0,0,0.718936,0,0.00476059,2,0.1,-1.9986,-3,1,0.03998,0,0,0.718929,0,0,0.0066008,3,0.1,1,2.99948,1,0,-0.014979,0,0,-0.271991,0,0.00535849,4,0.1,-2,0.999477,1,0,-0.0149784,0,0,-0.272002,0,0.00492993,5,0.1,-2.99878,-2,1,0.0349991,0,0,0.638932,0,0,0.00761368,6,0.1,-3,-1.00052,1,0,-0.0149786,0,0,-0.272006,0,0.00400341,7,0.1,2,0.998773,1,-8.00937e-06,-0.0352424,0,-0.000305474,-0.642993,0,0.00580332,8,0.1,-0.999477,3,1,0.0149784,0,0,0.272002,0,0,0.00447136,9,0.1,-3,0,1,0,0,0,0,0,0,0.00444047,10,0.1,-2.99948,1,1,0.014979,0,0,0.271991,0,0,0.00445816,11,0.1,1.99948,-3,1,-0.0149786,0,0,-0.272006,0,0,0.00403172,12,0.1,-1,1,1,0,0,0,0,0,0,0.00493838,13,0.1,2.99948,-1,1,-0.014979,0,0,-0.271991,0,0,0.00444278,14,0.1,-0.000522755,0,1,-0.0149784,0,0,-0.272003,0,0,0.00617145,15,0.1,0,-1,1,0,0,0,0,0,0,0.00509993,16,0.1,1.99948,-1,1,-0.0149786,0,0,-0.272006,0,0,0.00597781,17,0.1,0,0.999477,1,0,-0.0149784,0,0,-0.272002,0,0.00575232,18,0.1,0.999477,1,1,-0.0149784,0,0,-0.272002,0,0,0.00829308,19,0.1,-1,2.00052,1,0,0.014979,0,0,0.271991,0,0.00509851,20,0.1,3,-0.000522755,1,0,-0.0149784,0,0,-0.272003,0,0.00911524,21,0.1,1,1.99948,1,0,-0.0149786,0,0,-0.272006,0,0.00529025,22,0.1,2.99948,1,1,-0.014979,0,0,-0.271991,0,0,0.00438409,23,0.1,-0.000522755,2,1,-0.0149784,0,0,-0.272003,0,0,0.00536745,24,0.1,-1,-0.000522755,1,0,-0.0149784,0,0,-0.272003,0,0.00536666,25,0.1,1.99948,3,1,-0.0149786,0,0,-0.272006,0,0,0.0105649,26,0.1,1,-0.998773,1,8.3819e-06,0.0352424,0,0.000290573,0.642993,0,0.00911467,27,0.1,-3,2.99948,1,0,-0.014979,0,0,-0.271991,0,0.00498056,28,0.1,-2.99877,2,1,0.0352427,8.9407e-06,0,0.642985,0.000298023,0,0.00690357,29,0.1,0,2.99948,1,0,-0.014979,0,0,-0.271991,0,0.00485542,30,0.1,2,-2,1,0,0,0,0,0,0,0.00742704,31,0.1,3,-2.99878,1,0,0.0349991,0,0,0.638932,0,0.00700062,32,0.1,-2.00052,-1,1,-0.014979,0,0,-0.271991,0,0,0.00467373,33,0.1,-2,-0.000522755,1,0,-0.0149784,0,0,-0.272003,0,0.00505142,34,0.1,2.99878,2,1,-0.0349991,0,0,-0.638932,0,0,0.00902601,35,0.1,-1,-1.0017,1,0,-0.0474744,0,0,-0.813365,0,0.00625917
0,0.2,0.999996,-2.9914,1,-8.04663e-05,0.117344,0,-0.0012219,0.948071,0,0.0101689,1,0.2,0,-2.99037,1,0,0.129187,0,0,1.00017,0,0.00746549,2,0.2,-1.99037,-3,1,0.129193,0,0,0.999928,0,0,0.00618655,3,0.2,1,2.99636,1,0,-0.0494897,0,0,-0.396848,0,0.00496786,4,0.2,-2,0.996357,1,0,-0.0494927,0,0,-0.396729,0,0.00698076,5,0.2,-2.99145,-2,1,0.116676,0,0,0.944376,0,0,0.0104672,6,0.2,-3,-1.00364,1,0,-0.0494927,0,0,-0.396729,0,0.00868452,7,0.2,2,0.991397,1,-8.04663e-05,-0.117341,0,-0.00119209,-0.948191,0,0.0120405,8,0.2,-0.996357,3,1,0.0494927,0,0,0.396729,0,0,0.00628399,9,0.2,-3,0,1,0,0,0,0,0,0,0.00663813,10,0.2,-2.99636,1,1,0.0494897,0,0,0.396848,0,0,0.00764839,11,0.2,1.99636,-3,1,-0.0494927,0,0,-0.396729,0,0,0.00925851,12,0.2,-1,1,1,0,0,0,0,0,0,0.0068701,13,0.2,2.99636,-1,1,-0.0494897,0,0,-0.396848,0,0,0.00650711,14,0.2,-0.00364282,0,1,-0.0494918,0,0,-0.396742,0,0,0.0120763,15,0.2,0,-1,1,0,0,0,0,0,0,0.0101967,16,0.2,1.99636,-1,1,-0.0494927,0,0,-0.396729,0,0,0.00874751,17,0.2,0,0.996357,1,0,-0.0494927,0,0,-0.396729,0,0.0106023,18,0.2,0.996357,1,1,-0.0494927,0,0,-0.396729,0,0,0.01052,19,0.2,-1,2.00364,1,0,0.0494897,0,0,0.396848,0,0.00765746,20,0.2,3,-0.00364282,1,0,-0.0494918,0,0,-0.396742,0,0.00711462,21,0.2,1,1.99636,1,0,-0.0494927,0,0,-0.396729,0,0.00971417,22,0.2,2.99636,1,1,-0.0494897,0,0,-0.396848,0,0,0.00800247,23,0.2,-0.00364282,2,1,-0.0494918,0,0,-0.396742,0,0,0.00982666,24,0.2,-1,-0.00364282,1,0,-0.0494918,0,0,-0.396742,0,0.00704253,25,0.2,1.99636,3,1,-0.0494927,0,0,-0.396729,0,0,0.00473334,26,0.2,1,-0.991397,1,8.04663e-05,0.117341,0,0.00119209,0.948191,0,0.0154681,27,0.2,-3,2.99636,1,0,-0.0494897,0,0,-0.396848,0,0.00828576,28,0.2,-2.9914,2,1,0.117344,7.7486e-05,0,0.948071,0.0013113,0,0.00962895,29,0.2,0,2.99636,1,0,-0.0494897,0,0,-0.396848,0,0.006245,30,0.2,2,-2,1,0,0,0,0,0,0,0.0108465,31,0.2,3,-2.99145,1,0,0.116676,0,0,0.944376,0,0.00457023,32,0.2,-2.00364,-1,1,-0.0494897,0,0,-0.396848,0,0,0.00975864,33,0.2,-2,-0.00364282,1,0,-0.0494918,0,0,-0.396742,0,0.00519068,34,0.2,2.99145,2,1,-0.116676,0,0,-0.944376,0,0,0.0105122,35,0.2,-1,-1.01101,1,0,-0.141782,0,0,-0.999987,0,0.0100809
0,0.3,0.999983,-2.97482,1,-0.000171922,0.21491,0,-0.000633299,0.993505,0,0.0101689,1,0.3,0,-2.97245,1,0,0.229196,0,0,1.00002,0,0.00746549,2,0.3,-1.97245,-3,1,0.22919,0,0,0.999995,0,0,0.00618655,3,0.3,1,2.98898,1,0,-0.101724,0,0,-0.619039,0,0.00496786,4,0.3,-2,0.989903,1,0,-0.0752036,0,0,-0.132658,0,0.00698076,5,0.3,-2.97495,-2,1,0.214069,0,0,0.993043,0,0,0.0104672,6,0.3,-3,-1.01108,1,0,-0.103411,0,0,-0.650026,0,0.00868452,7,0.3,1.99998,0.974822,1,-0.000169873,-0.214912,0,-0.000610948,-0.993528,0,0.0120405,8,0.3,-0.989181,3,1,0.0959781,0,0,0.513565,0,0,0.00628399,9,0.3,-3,0,1,0,0,0,0,0,0,0.00663813,10,0.3,-2.9899,1,1,0.0752106,0,0,0.132799,0,0,0.00764839,11,0.3,1.98892,-3,1,-0.103567,0,0,-0.652954,0,0,0.00925851,12,0.3,-1,1,1,0,0,0,0,0,0,0.0068701,13,0.3,2.98898,-1,1,-0.101724,0,0,-0.619039,0,0,0.00650711,14,0.3,-0.0108194,2.22784e-07,1,-0.0959801,8.82367e-06,0,-0.513627,0.000259712,0,0.0120763,15,0.3,0,-1,1,0,0,0,0,0,0,0.0101967,16,0.3,1.98892,-1,1,-0.103361,-0.000144728,0,-0.649266,-0.00301749,0,0.00874751,17,0.3,2.22751e-07,0.989181,1,8.82271e-06,-0.0959801,0,0.000259694,-0.513621,0,0.0106023,18,0.3,0.989181,1,1,-0.0959801,8.75443e-06,0,-0.513621,0.00026077,0,0.01052,19,0.3,-1,2.01082,1,-8.75443e-06,0.0959862,0,-0.00026077,0.513688,0,0.00765746,20,0.3,3,-0.0108193,1,0,-0.0959782,0,0,-0.513574,0,0.00711462,21,0.3,1,1.98918,1,8.75443e-06,-0.0959801,0,0.00026077,-0.513621,0,0.00971417,22,0.3,2.98892,1,1,-0.103583,1.37836e-05,0,-0.653371,0.000566244,0,0.00800247,23,0.3,-0.0108194,2,1,-0.0959801,-8.75443e-06,0,-0.513627,-0.00026077,0,0.00982666,24,0.3,-1,-0.0114195,1,0,-0.113162,0,0,-0.825153,0,0.00704253,25,0.3,1.9899,3,1,-0.0752037,0,0,-0.132658,0,0,0.00473334,26,0.3,1.00002,-0.974822,1,0.000169873,0.214912,0,0.000610948,0.993528,0,0.0154681,27,0.3,-3,2.98892,1,0,-0.10337,0,0,-0.649214,0,0.00828576,28,0.3,-2.97482,2.00002,1,0.21491,0.000175834,0,0.993505,0.000685453,0,0.00962895,29,0.3,2.23074e-07,2.98918,1,8.83214e-06,-0.0959862,0,0.000259872,-0.513688,0,0.006245,30,0.3,2,-2,1,0,0,0,0,0,0,0.0108465,31,0.3,3,-2.97495,1,0,0.214069,0,0,0.993043,0,0.00457023,32,0.3,-2.01082,-1,1,-0.0959862,8.9407e-06,0,-0.513688,0.00026077,0,0.00975864,33,0.3,-2,-0.0100975,1,0,-0.0752047,0,0,-0.132741,0,0.00519068,34,0.3,2.97495,2,1,-0.214069,0,0,-0.993043,0,0,0.0105122,35,0.3,-1,-1.03019,1,0,-0.241692,0,0,-0.996448,0,0.0100809
0,0.4,0.999964,-2.94834,1,-0.000210106,0.314742,0,-0.000208616,1.00017,0,0.00960925,1,0.4,0,-2.94453,1,0,0.32919,0,0,1.00017,0,0.00642691,2,0.4,-1.94454,-3,1,0.32919,0,0,0.999987,0,0,0.00548052,3,0.4,1,2.97554,1,0,-0.168115,0,0,-0.68593,0,0.00748996,4,0.4,-2,0.982051,1,0,-0.0788182,0,0,0.0476241,0,0.00694392,5,0.4,-2.94856,-2,1,0.31389,0,0,1.00017,0,0,0.0102917,6,0.4,-3,-1.02487,1,0,-0.173801,0,0,-0.732422,0,0.00817934,7,0.4,1.99996,0.948343,1,-0.000208616,-0.31475,0,-0.000119209,-1.00002,0,0.0133795,8,0.4,-0.976955,3,1,0.148731,0,0,0.5261,0,0,0.00510936,9,0.4,-3,0,1,0,0,0,0,0,0,0.0077533,10,0.4,-2.98205,1,1,0.0788569,0,0,-0.0472069,0,0,0.00738557,11,0.4,1.97509,-3,1,-0.17435,0,0,-0.73719,0,0,0.00825549,12,0.4,-1,1,1,0,0,0,0,0,0,0.00968195,13,0.4,2.97554,-1,1,-0.168115,0,0,-0.68593,0,0,0.00930889,14,0.4,-0.0230453,3.3997e-06,1,-0.148745,6.62228e-05,0,-0.52634,0.000947836,0,0.0193122,15,0.4,0,-1,1,0,0,0,0,0,0,0.00941766,16,0.4,1.97514,-1.00004,1,-0.1737,-0.000619888,0,-0.732362,-0.00655651,0,0.014042,17,0.4,3.39945e-06,0.976955,1,6.62193e-05,-0.148743,0,0.000947803,-0.526369,0,0.0165859,18,0.4,0.976955,1,1,-0.148743,6.55651e-05,0,-0.526369,0.000953674,0,0.0186747,19,0.4,-1,2.02305,1,-6.55651e-05,0.148755,0,-0.000953674,0.526428,0,0.00939339,20,0.4,3,-0.0230446,1,0,-0.148731,0,0,-0.526144,0,0.0062032,21,0.4,1,1.97695,1,6.55651e-05,-0.148743,0,0.000953674,-0.526369,0,0.0131298,22,0.4,2.97509,1.00001,1,-0.174463,0.000163913,0,-0.738978,0.002563,0,0.00780165,23,0.4,-0.0230453,2,1,-0.148745,-6.55651e-05,0,-0.526338,-0.000953674,0,0.0134528,24,0.4,-1,-0.0272188,1,0,-0.205367,0,0,-0.9789,0,0.00915932,25,0.4,1.98205,3,1,-0.0788182,0,0,0.0476241,0,0,0.00668442,26,0.4,1.00004,-0.948343,1,0.000208616,0.31475,0,0.000119209,1.00002,0,0.0137157,27,0.4,-3,2.97514,1,0,-0.17364,0,0,-0.731111,0,0.00893271,28,0.4,-2.94834,2.00004,1,0.314742,0.000220537,0,1.00017,0.000119209,0,0.010991,29,0.4,3.40184e-06,2.97695,1,6.62531e-05,-0.148755,0,0.000948103,-0.526428,0,0.00789937,30,0.4,2,-2,1,0,0,0,0,0,0,0.0123518,31,0.4,3,-2.94856,1,0,0.31389,0,0,1.00017,0,0.00586169,32,0.4,-2.02305,-0.999997,1,-0.148755,6.70552e-05,0,-0.526428,0.000923872,0,0.0118346,33,0.4,-2,-0.0179496,1,0,-0.078844,0,0,0.0471407,0,0.00768603,34,0.4,2.94856,2,1,-0.31389,0,0,-1.00017,0,0,0.00842297,35,0.4,-1,-1.05931,1,0,-0.340357,0,0,-0.971496,0,0.0093886
0,0.5,0.999942,-2.91219,1,-0.000215136,0.404323,0,8.9407e-05,0.766888,0,0.00960925,1,0.5,0,-2.90703,1,0,0.416343,0,0,0.723764,0,0.00642691,2,0.5,-1.90703,-3,1,0.416332,0,0,0.723757,0,0,0.00548052,3,0.5,1,2.95524,1,0,-0.238211,0,0,-0.701547,0,0.00748996,4,0.5,-2,0.974608,1,0,-0.0682971,0,0,0.15337,0,0.00694392,5,0.5,-2.91249,-2,1,0.403611,0,0,0.769377,0,0,0.0102917,6,0.5,-3,-1.04602,1,0,-0.249823,0,0,-0.771679,0,0.00817934,7,0.5,1.99994,0.912194,1,-0.000206754,-0.404321,0,0.000149012,-0.766851,0,0.0133795,8,0.5,-0.959422,3,1,0.201897,0,0,0.523742,0,0,0.00510936,9,0.5,-3,0,1,0,0,0,0,0,0,0.0077533,10,0.5,-2.9746,1,1,0.068365,0,0,-0.153065,0,0,0.00738557,11,0.5,1.95387,-3,1,-0.250781,0,0,-0.775099,0,0,0.00825549,12,0.5,-1,1,1,0,0,0,0,0,0,0.00968195,13,0.5,2.95513,-1,1,-0.241304,0,0,-0.758916,0,0,0.00930889,14,0.5,-0.0407214,2.02531e-05,1,-0.206063,0.000327161,0,-0.603783,0.00432226,0,0.0193122,15,0.5,0,-1,1,0,0,0,0,0,0,0.00941766,16,0.5,1.95392,-1.00019,1,-0.251824,-0.00287797,0,-0.805788,-0.0362471,0,0.014042,17,0.5,1.50592e-05,0.959426,1,0.000173566,-0.201715,0,0.00133903,-0.519954,0,0.0165859,18,0.5,0.959426,1.00002,1,-0.201715,0.00017304,0,-0.519954,0.00134856,0,0.0186747,19,0.5,-1.00002,2.04058,1,-0.000174902,0.201866,0,-0.00136346,0.52245,0,0.00939339,20,0.5,3,-0.0406234,1,0,-0.203194,0,0,-0.547465,0,0.0062032,21,0.5,1.00002,1.95943,1,0.00017304,-0.201715,0,0.00134856,-0.519961,0,0.0131298,22,0.5,2.95377,1.00009,1,-0.253081,0.00207275,0,-0.809088,0.0332296,0,0.00780165,23,0.5,-0.0405814,1.99999,1,-0.201932,-0.000144355,0,-0.523983,-0.000797212,0,0.0134528,24,0.5,-1,-0.0526359,1,0,-0.30219,0,0,-0.932261,0,0.00915932,25,0.5,1.97461,3,1,-0.0682969,0,0,0.153363,0,0,0.00668442,26,0.5,1.00006,-0.912194,1,0.000206754,0.404321,0,-0.000149012,0.766851,0,0.0137157,27,0.5,-3,2.95401,1,0,-0.249565,0,0,-0.771016,0,0.00893271,28,0.5,-2.91219,2.00006,1,0.404323,0.000217557,0,0.766888,-0.000149012,0,0.010991,29,0.5,1.4073e-05,2.95942,1,0.000144547,-0.201949,0,0.000786383,-0.524014,0,0.00789937,30,0.5,2,-2,1,0,0,0,0,0,0,0.0123518,31,0.5,3,-2.91249,1,0,0.403611,0,0,0.769377,0,0.00586169,32,0.5,-2.04065,-0.999985,1,-0.203785,0.000183098,0,-0.557765,0.00157952,0,0.0118346,33,0.5,-2,-0.0253978,1,0,-0.0683568,0,0,0.153157,0,0.00768603,34,0.5,2.91249,2,1,-0.403611,0,0,-0.769377,0,0,0.00842297,35,0.5,-1,-1.09777,1,0,-0.423929,0,0,-0.683583,0,0.0093886
0,0.6,0.999921,-2.86845,1,-0.000193715,0.465155,0,0.000268221,0.44477,0,0.00857713,1,0.6,0,-2.86233,1,0,0.472021,0,0,0.389814,0,0.00632331,2,0.6,-1.86233,-3,1,0.472015,0,0,0.389755,0,0,0.00816813,3,0.6,1,2.92799,1,0,-0.305825,0,0,-0.6392,0,0.00930195,4,0.6,-2,0.968655,1,0,-0.0498459,0,0,0.208139,0,0.00732254,5,0.6,-2.86881,-2,1,0.464743,0,0,0.447869,0,0,0.0103012,6,0.6,-3,-1.07481,1,0,-0.325203,0,0,-0.722826,0,0.00790176,7,0.6,1.99992,0.86845,1,-0.000181794,-0.465153,0,0.000298023,-0.44468,0,0.0146488,8,0.6,-0.93671,3,1,0.251117,0,0,0.450552,0,0,0.00565031,9,0.6,-3,0,1,0,0,0,0,0,0,0.00669013,10,0.6,-2.96864,1,1,0.0499666,0,0,-0.207424,0,0,0.00678151,11,0.6,1.92496,-3,1,-0.326443,0,0,-0.72515,0,0,0.00685405,12,0.6,-1,1,1,0,0,0,0,0,0,0.00882355,13,0.6,2.92722,-1,1,-0.316477,0,0,-0.729203,0,0,0.00917115,14,0.6,-0.0643618,8.04716e-05,1,-0.26656,0.000936379,0,-0.592977,0.00786779,0,0.0196465,15,0.6,0,-1,1,0,0,0,0,0,0,0.00877462,16,0.6,1.92476,-1.00069,1,-0.330642,-0.00742674,0,-0.752747,-0.0526905,0,0.0123886,17,0.6,4.07036e-05,0.936755,1,0.000357802,-0.250442,0,0.00244355,-0.44471,0,0.0184195,18,0.6,0.936755,1.00004,1,-0.250442,0.000357628,0,-0.44471,0.00244379,0,0.0191239,19,0.6,-1.00004,2.06328,1,-0.000360608,0.250912,0,-0.0025034,0.448465,0,0.00952204,20,0.6,3,-0.063608,1,0,-0.255472,0,0,-0.486206,0,0.00638654,21,0.6,1.00004,1.93676,1,0.000357628,-0.250441,0,0.00244379,-0.44477,0,0.0149629,22,0.6,2.92446,1.0005,1,-0.332069,0.00636876,0,-0.753045,0.0505447,0,0.00864455,23,0.6,-0.0632985,1.99997,1,-0.25119,-0.00025332,0,-0.451088,-0.00149012,0,0.0155577,24,0.6,-1,-0.0872611,1,0,-0.387238,0,0,-0.748191,0,0.0104895,25,0.6,1.96866,3,1,-0.0498444,0,0,0.20808,0,0,0.00583426,26,0.6,1.00008,-0.86845,1,0.000181794,0.465153,0,-0.000298023,0.44468,0,0.0121795,27,0.6,-3,2.92525,1,0,-0.324905,0,0,-0.722766,0,0.00576896,28,0.6,-2.86845,2.00008,1,0.465155,0.000190735,0,0.44477,-0.000238419,0,0.00920061,29,0.6,3.33431e-05,2.9367,1,0.000252932,-0.25121,0,0.00150673,-0.451088,0,0.00842111,30,0.6,2,-2,1,0,0,0,0,0,0,0.0120596,31,0.6,3,-2.86881,1,0,0.464743,0,0,0.447869,0,0.00508085,32,0.6,-2.06375,-0.999956,1,-0.257415,0.000415742,0,-0.502229,0.00315905,0,0.0122329,33,0.6,-2,-0.0313571,1,0,-0.0499156,0,0,0.208085,0,0.0081612,34,0.6,2.86881,2,1,-0.464743,0,0,-0.447869,0,0,0.00781824,35,0.6,-1,-1.14303,1,0,-0.47566,0,0,-0.353277,0,0.00766283
0,0.7,0.999904,-2.82025,1,-0.000160839,0.494001,0,0.000383705,0.150174,0,0.00857713,1,0.7,0,-2.81369,1,0,0.496048,0,0,0.112385,0,0.00632331,2,0.7,-1.81369,-3,1,0.496044,0,0,0.112452,0,0,0.00816813,3,0.7,1,2.89428,1,0,-0.367456,0,0,-0.583246,0,0.00930195,4,0.7,-2,0.964742,1,0,-0.0282249,0,0,0.219475,0,0.00732254,5,0.7,-2.82063,-2,1,0.493874,0,0,0.152454,0,0,0.0103012,6,0.7,-3,-1.11088,1,0,-0.394762,0,0,-0.643156,0,0.00790176,7,0.7,2.00009,0.820243,1,0.00532921,-0.494052,0,0.105627,-0.150181,0,0.0146488,8,0.7,-0.909456,3,1,0.292643,0,0,0.372577,0,0,0.00565031,9,0.7,-3,0,1,0,0,0,0,0,0,0.00669013,10,0.7,-2.96471,1,1,0.0283994,0,0,-0.218987,0,0,0.00678151,11,0.7,1.88876,-3,1,-0.396199,0,0,-0.64417,0,0,0.00685405,12,0.7,-1,1,1,0,0,0,0,0,0,0.00882355,13,0.7,2.8921,-1,1,-0.384036,0,0,-0.611678,0,0,0.00917115,14,0.7,-0.0940247,0.000243812,1,-0.326766,0.00259676,0,-0.597482,0.0238702,0,0.0196465,15,0.7,0,-1,1,0,0,0,0,0,0,0.00877462,16,0.7,1.88805,-1.00165,1,-0.401539,-0.0111667,0,-0.642128,-0.0233278,0,0.0123886,17,0.7,8.94233e-05,0.909503,1,0.000628948,-0.294151,0,0.00317841,-0.417762,0,0.0184195,18,0.7,0.90961,1.00009,1,-0.291071,0.000620633,0,-0.3611,0.00295043,0,0.0191239,19,0.7,-1.00009,2.0905,1,-0.000628643,0.292108,0,-0.00298768,0.368312,0,0.00952204,20,0.7,3,-0.0916446,1,0,-0.305428,0,0,-0.496738,0,0.00638654,21,0.7,1.00009,1.90961,1,0.000620633,-0.291074,0,0.00295043,-0.361137,0,0.0149629,22,0.7,2.88762,1.00134,1,-0.402822,0.00999738,0,-0.63926,0.0231639,0,0.00864455,23,0.7,-0.0905612,1.99994,1,-0.292757,-0.000358559,0,-0.372953,-0.000827014,0,0.0155577,24,0.7,-1,-0.129338,1,0,-0.450119,0,0,-0.498369,0,0.0104895,25,0.7,1.96474,3,1,-0.028228,0,0,0.219449,0,0,0.00583426,26,0.7,1.00009,-0.820246,1,0.000146963,0.493998,0,-0.000394881,0.150185,0,0.0121795,27,0.7,-3,2.88921,1,0,-0.394539,0,0,-0.644416,0,0.00576896,28,0.7,-2.82025,2.0001,1,0.494001,0.000160187,0,0.150174,-0.000357628,0,0.00920061,29,0.7,6.45151e-05,2.90943,1,0.000359364,-0.292775,0,0.000833091,-0.372916,0,0.00842111,30,0.7,2,-2,1,0,0,0,0,0,0,0.0120596,31,0.7,3,-2.82063,1,0,0.493874,0,0,0.152454,0,0.00508085,32,0.7,-2.09201,-0.999891,1,-0.307597,0.000962336,0,-0.490934,0.00767782,0,0.0122329,33,0.7,-2,-0.0352769,1,0,-0.0282929,0,0,0.219558,0,0.0081612,34,0.7,2.82063,2,1,-0.493874,0,0,-0.152454,0,0,0.00781824,35,0.7,-1,-1.19186,1,0,-0.496809,0,0,-0.0942275,0,0.00766283
0,0.8,0.999889,-2.77042,1,-0.000117719,0.5,0,0.000417233,0,0,0.00869989,1,0.8,0,-2.76379,1,0,0.5,0,0,0,0,0.00763172,2,0.8,-1.7638,-3,1,0.5,0,0,0,0,0,0.00780927,3,0.8,1,2.85478,1,0,-0.420684,0,0,-0.47338,0,0.0107165,4,0.8,-2,0.963003,1,0,-0.0067845,0,0,0.205755,0,0.00645286,5,0.8,-2.77081,-2,1,0.5,0,0,0,0,0,0.00886662,6,0.8,-3,-1.15328,1,0,-0.450113,0,0,-0.451863,0,0.00541042,7,0.8,2.0013,0.770414,1,0.0201046,-0.5,0,0.185728,0,0,0.0110557,8,0.8,-0.878509,3,1,0.324391,0,0,0.257373,0,0,0.00505298,9,0.8,-3,0,1,0,0,0,0,0,0,0.00736549,10,0.8,-2.96295,1,1,0.00702739,0,0,-0.204921,0,0,0.0073974,11,0.8,1.84621,-3,1,-0.451481,0,0,-0.4493,0,0,0.00589968,12,0.8,-1,1,1,0,0,0,0,0,0,0.0100699,13,0.8,2.85089,-1,1,-0.437301,0,0,-0.448942,0,0,0.00874333,14,0.8,-0.129604,0.000639064,1,-0.383716,0.00543883,0,-0.531793,0.031725,0,0.0182957,15,0.8,0,-1,1,0,0,0,0,0,0,0.00834307,16,0.8,1.84501,-1.00284,1,-0.455767,-0.0123262,0,-0.432551,-0.000953674,0,0.0103672,17,0.8,0.000170758,0.878124,1,0.0010267,-0.331965,0,0.00490987,-0.329942,0,0.0169377,18,0.8,0.878882,1.00017,1,-0.321536,0.000971556,0,-0.243664,0.00411272,0,0.0180896,19,0.8,-1.00017,2.12137,1,-0.000983477,0.323373,0,-0.00417233,0.252128,0,0.0103686,20,0.8,3,-0.124578,1,0,-0.351986,0,0,-0.42228,0,0.00503821,21,0.8,1.00017,1.87888,1,0.000971556,-0.32154,0,0.00411272,-0.243723,0,0.0141281,22,0.8,2.84447,1.00242,1,-0.456679,0.0112176,0,-0.428319,0.00220537,0,0.0093701,23,0.8,-0.121523,1.9999,1,-0.324555,-0.000455976,0,-0.258051,-0.0012517,0,0.0153221,24,0.8,-1,-0.176384,1,0,-0.486299,0,0,-0.230141,0,0.00939997,25,0.8,1.963,3,1,-0.00678897,0,0,0.205755,0,0,0.00528406,26,0.8,1.00011,-0.77042,1,0.000104308,0.5,0,-0.000417233,2.98023e-05,0,0.0141989,27,0.8,-3,2.84682,1,0,-0.450021,0,0,-0.453234,0,0.0070546,28,0.8,-2.77042,2.00011,1,0.5,0.000119209,0,0,-0.000476837,0,0.0103717,29,0.8,0.000104947,2.87847,1,0.000456704,-0.324571,0,0.00127406,-0.257969,0,0.00967624,30,0.8,2,-2,1,0,0,0,0,0,0,0.0110823,31,0.8,3,-2.77081,1,0,0.5,0,0,0,0,0.00554646,32,0.8,-2.12514,-0.99975,1,-0.35373,0.00192821,0,-0.423431,0.0115633,0,0.0140416,33,0.8,-2,-0.0370222,1,0,-0.00684038,0,0,0.205936,0,0.00751416,34,0.8,2.77081,2,1,-0.5,0,0,0,0,0,0.00832548,35,0.8,-1,-1.24178,1,0,-0.500003,0,0,5.96046e-05,0,0.00764577
0,0.9,0.99988,-2.72042,1,-7.40401e-05,0.5,0,0.00045076,0,0,0.00869989,1,0.9,0,-2.71379,1,0,0.5,0,0,0,0,0.00763172,2,0.9,-1.7138,-3,1,0.5,0,0,0,0,0,0.00780927,3,0.9,1,2.81058,1,0,-0.460937,0,0,-0.330076,0,0.0107165,4,0.9,-2,0.963302,1,0,0.012204,0,0,0.17247,0,0.00645286,5,0.9,-2.72081,-2,1,0.5,0,0,0,0,0,0.00886662,6,0.9,-3,-1.20017,1,0,-0.483852,0,0,-0.22655,0,0.00541042,7,0.9,2.00456,0.720414,1,0.0481125,-0.5,0,0.361547,-7.45058e-06,0,0.0110557,8,0.9,-0.84494,3,1,0.345333,0,0,0.158288,0,0,0.00505298,9,0.9,-3,0,1,0,0,0,0,0,0,0.00736549,10,0.9,-2.96322,1,1,-0.0118472,0,0,-0.170976,0,0,0.0073974,11,0.9,1.79921,-3,1,-0.484743,0,0,-0.220329,0,0,0.00589968,12,0.9,-1,1,1,0,0,0,0,0,0,0.0100699,13,0.9,2.80519,-1,1,-0.474009,0,0,-0.281543,0,0,0.00874333,14,0.9,-0.170584,0.00130843,1,-0.434771,0.00763702,0,-0.466398,0.0130311,0,0.0182957,15,0.9,0,-1,1,0,0,0,0,0,0,0.00834307,16,0.9,1.79767,-1.00405,1,-0.48716,-0.0117177,0,-0.201069,0.0124052,0,0.0103672,17,0.9,0.000340635,0.843233,1,0.00274378,-0.366041,0,0.0273216,-0.341639,0,0.0169377,18,0.9,0.845635,1.00028,1,-0.342032,0.00134502,0,-0.161894,0.00355393,0,0.0180896,19,0.9,-1.00029,2.15481,1,-0.00135135,0.343794,0,-0.00339001,0.153199,0,0.0103686,20,0.9,3,-0.161884,1,0,-0.39387,0,0,-0.406432,0,0.00503821,21,0.9,1.00028,1.84567,1,0.00136252,-0.34094,0,0.00385195,-0.141665,0,0.0141281,22,0.9,2.79706,1.00353,1,-0.487643,0.0107752,0,-0.196964,-0.0103787,0,0.0093701,23,0.9,-0.155111,1.99985,1,-0.345539,-0.000523217,0,-0.158564,-0.000305474,0,0.0153221,24,0.9,-1.00059,-0.225782,1,-0.0172244,-0.498595,0,-0.324555,-0.0452248,0,0.00939997,25,0.9,1.9633,3,1,0.0121996,0,0,0.172481,0,0,0.00528406,26,0.9,1.00011,-0.72042,1,6.16536e-05,0.5,0,-0.000439584,0,0,0.0141989,27,0.9,-3,2.79994,1,0,-0.483844,0,0,-0.22696,0,0.0070546,28,0.9,-2.72042,2.00012,1,0.5,7.1153e-05,0,0,-0.000491738,0,0.0103717,29,0.9,0.000154848,2.84488,1,0.000525341,-0.345549,0,0.000310854,-0.158548,0,0.00967624,30,0.9,2,-2,1,0,0,0,0,0,0,0.0110823,31,0.9,3,-2.72081,1,0,0.5,0,0,0,0,0.00554646,32,0.9,-2.1627,-0.999474,1,-0.397918,0.00380175,0,-0.442654,0.0243001,0,0.0140416,33,0.9,-2,-0.036728,1,0,0.0121675,0,0,0.172675,0,0.00751416,34,0.9,2.72081,2,1,-0.5,0,0,0,0,0,0.00832548,35,0.9,-1,-1.29178,1,0,-0.5,0,0,7.45058e-06,0,0.00764577
0,1,0.999875,-2.67042,1,-2.83122e-05,0.5,0,0.000447035,0,0,0.00923373,1,1,0,-2.66379,1,0,0.5,0,0,0,0,0.00697231,2,1,-1.6638,-3,1,0.500003,0,0,-5.96046e-05,0,0,0.00774659,3,1,1,2.76308,1,0,-0.486583,0,0,-0.183225,0,0.00951357,4,1,-2,0.96532,1,0,0.0274703,0,0,0.132024,0,0.00593692,5,1,-2.67081,-2,1,0.5,0,0,0,0,0,0.00953618,6,1,-3,-1.24937,1,0,-0.497228,0,0,-0.0554323,0,0.007204,7,1,2.01138,0.670414,1,0.090009,-0.5,0,0.464916,-2.98023e-05,0,0.012152,8,1,-0.8098,3,1,0.355566,0,0,0.0446737,0,0,0.00594118,9,1,-3,0,1,0,0,0,0,0,0,0.00637218,10,1,-2.96519,1,1,-0.0269234,0,0,-0.12958,0,0,0.006894,11,1,1.74996,-3,1,-0.497499,0,0,-0.0500083,0,0,0.00949278,12,1,-1,1,1,0,0,0,0,0,0,0.00965359,13,1,2.75666,-1,1,-0.493759,0,0,-0.118613,0,0,0.00968149,14,1,-0.216146,0.00211187,1,-0.473732,0.00819557,0,-0.303119,-0.00114715,0,0.0165168,15,1,0,-1,1,0,0,0,0,0,0,0.0092913,16,1,1.74827,-1.00515,1,-0.498196,-0.00998378,0,-0.0360608,0.0217557,0,0.010263,17,1,0.000774049,0.80497,1,0.00610389,-0.398514,0,0.0381194,-0.299931,0,0.0176407,18,1,0.810787,1.00044,1,-0.353213,0.00171661,0,-0.0590682,0.00411272,0,0.0177334,19,1,-1.00044,2.18977,1,-0.00169575,0.353551,0,-0.00363588,0.0402927,0,0.00884426,20,1,3,-0.203214,1,0,-0.431679,0,0,-0.342764,0,0.00589259,21,1,1.00044,1.81106,1,0.00177026,-0.349492,0,0.00435114,-0.0283122,0,0.0137442,22,1,2.74762,1.00454,1,-0.498331,0.00926554,0,-0.0333786,-0.0192523,0,0.00898378,23,1,-0.190272,1.99979,1,-0.355805,-0.000551343,0,-0.0451803,-0.000536442,0,0.014585,24,1,-1.00433,-0.275748,1,-0.0611544,-0.5,0,-0.536501,1.43051e-05,0,0.0165499,25,1,1.96532,3,1,0.0274688,0,0,0.132024,0,0,0.00489035,26,1,1.00012,-0.67042,1,1.78814e-05,0.5,0,-0.000357628,2.98023e-05,0,0.014404,27,1,-3,2.75074,1,0,-0.497228,0,0,-0.0555515,0,0.00678555,28,1,-2.67042,2.00013,1,0.5,2.38419e-05,0,0,-0.000476837,0,0.00985539,29,1,0.000208796,2.80972,1,0.000556426,-0.355816,0,0.000474167,-0.0451803,0,0.0108214,30,1,2,-2,1,0,0,0,0,0,0,0.0110145,31,1,3,-2.67081,1,0,0.5,0,0,0,0,0.00482058,32,1,-2.20462,-0.998962,1,-0.43937,0.00649542,0,-0.375032,0.0282824,0,0.0101945,33,1,-2,-0.0347131,1,0,0.0274546,0,0,0.132216,0,0.00745502,34,1,2.67081,2,1,-0.5,0,0,0,0,0,0.00785409,35,1,-1,-1.34178,1,0,-0.500003,0,0,5.96046e-05,0,0.0125919
0,1.1,0.999874,-2.62042,1,1.36904e-05,0.5,0,0.000391155,0,0,0.00923373,1,1.1,0,-2.6138,1,0,0.5,0,0,0,0,0.00697231,2,1.1,-1.6138,-3,1,0.5,0,0,-7.45058e-06,0,0,0.00774659,3,1.1,1,2.71374,1,0,-0.497906,0,0,-0.0518262,0,0.00951357,4,1.1,-2,0.968652,1,0,0.0384358,0,0,0.0876673,0,0.00593692,5,1.1,-2.62081,-2,1,0.5,0,0,0,0,0,0.00953618,6,1.1,-3,-1.29926,1,0,-0.499826,0,0,-0.00692904,0,0.007204,7,1.1,2.02298,0.620414,1,0.14425,-0.5,0,0.605926,0,0,0.012152,8,1.1,-0.774153,3,1,0.356017,0,0,-0.0367947,0,0,0.00594118,9,1.1,-3,0,1,0,0,0,0,0,0,0.00637218,10,1.1,-2.96846,1,1,-0.0375763,0,0,-0.0839233,0,0,0.006894,11,1.1,1.70005,-3,1,-0.499843,0,0,-0.00625104,0,0,0.00949278,12,1.1,-1,1,1,0,0,0,0,0,0,0.00965359,13,1.1,2.70691,-1,1,-0.499532,0,0,-0.0171512,0,0,0.00968149,14,1.1,-0.264722,0.00290845,1,-0.494732,0.00757821,0,-0.121229,-0.0106262,0,0.0165168,15,1.1,0,-1,1,0,0,0,0,0,0,0.0092913,16,1.1,1.69834,-1.00603,1,-0.499887,-0.00753887,0,-0.0045076,0.0266433,0,0.010263,17,1.1,0.00153286,0.763438,1,0.00867801,-0.43319,0,0.0144491,-0.36433,0,0.0176407,18,1.1,0.775049,1.00062,1,-0.362422,0.00199229,0,-0.112023,0.00172853,0,0.0177334,19,1.1,-1.00062,2.2252,1,-0.00196509,0.353638,0,-0.00199676,-0.0397116,0,0.00884426,20,1.1,3,-0.248063,1,0,-0.464451,0,0,-0.293637,0,0.00589259,21,1.1,1.00064,1.77608,1,0.00209026,-0.348789,0,0.00230968,0.0438765,0,0.0137442,22,1.1,2.69769,1.00536,1,-0.499895,0.00708029,0,-0.00417233,-0.0239909,0,0.00898378,23,1.1,-0.225945,1.99974,1,-0.356271,-0.000548549,0,0.0368674,0.000409782,0,0.014585,24,1.1,-1.01377,-0.325748,1,-0.132902,-0.5,0,-0.855803,0,0,0.0165499,25,1.1,1.96865,3,1,0.0384346,0,0,0.0876635,0,0,0.00489035,26,1.1,1.00012,-0.62042,1,-1.67638e-05,0.5,0,-0.000327826,0,0,0.014404,27,1.1,-3,2.70085,1,0,-0.499828,0,0,-0.00689924,0,0.00678555,28,1.1,-2.62042,2.00013,1,0.5,-2.01166e-05,0,0,-0.00038743,0,0.00985539,29,1.1,0.000264801,2.77404,1,0.00054831,-0.356287,0,-0.000451753,0.0367612,0,0.0108214,30,1.1,2,-2,1,0,0,0,0,0,0,0.0110145,31,1.1,3,-2.62081,1,0,0.5,0,0,0,0,0.00482058,32,1.1,-2.2503,-0.998207,1,-0.47247,0.00828048,0,-0.273496,0.00836328,0,0.0101945,33,1.1,-2,-0.0313815,1,0,0.0384385,0,0,0.0878355,0,0.00745502,34,1.1,2.62081,2,1,-0.5,0,0,0,0,0,0.00785409,35,1.1,-1,-1.39151,1,0,-0.491987,0,0,0.156589,0,0.0125919
0,1.2,0.999877,-2.57042,1,5.06639e-05,0.5,0,0.000298023,0,0,0.00816761,1,1.2,0,-2.5638,1,0,0.5,0,0,0,0,0.00717695,2,1.2,-1.5638,-3,1,0.500003,0,0,-5.96046e-05,0,0,0.0071758,3,1.2,1,2.66385,1,0,-0.498796,0,0,0.0240803,0,0.00996908,4,1.2,-2,0.972863,1,0,0.0451058,0,0,0.0463426,0,0.00631545,5,1.2,-2.57081,-2,1,0.5,0,0,0,0,0,0.00973733,6,1.2,-3,-1.34925,1,0,-0.500003,0,0,5.96046e-05,0,0.00678874,7,1.2,2.04057,0.570414,1,0.20858,-0.5,0,0.668526,-2.98023e-05,0,0.0101033,8,1.2,-0.738877,3,1,0.348076,0,0,-0.122219,0,0,0.00787997,9,1.2,-3,0,1,0,0,0,0,0,0,0.00753569,10,1.2,-2.97256,1,1,-0.0438213,0,0,-0.0418425,0,0,0.00713757,11,1.2,1.65006,-3,1,-0.500003,0,0,5.96046e-05,0,0,0.00879402,12,1.2,-1,1,1,0,0,0,0,0,0,0.00984873,13,1.2,2.65692,-1,1,-0.5,0,0,0,0,0,0.0090946,14,1.2,-0.314561,0.00360146,1,-0.5,0.00617802,0,0,-0.0168744,0,0.0142127,15,1.2,0,-1,1,0,0,0,0,0,0,0.00873182,16,1.2,1.64834,-1.00664,1,-0.500003,-0.00474155,0,5.96046e-05,0.0287294,0,0.00967393,17,1.2,0.00244129,0.718377,1,0.00919893,-0.466786,0,-0.00306452,-0.29093,0,0.0138467,18,1.2,0.738248,1.00083,1,-0.373308,0.00212491,0,-0.0957251,0.00113249,0,0.0162018,19,1.2,-1.00083,2.26023,1,-0.00213981,0.34548,0,-0.00154972,-0.123739,0,0.00975124,20,1.2,3,-0.295785,1,0,-0.487895,0,0,-0.169173,0,0.00568706,21,1.2,1.00085,1.74155,1,0.00227988,-0.340512,0,0.00160933,0.12219,0,0.0137785,22,1.2,2.64769,1.00594,1,-0.5,0.00455081,0,0,-0.0261664,0,0.00823109,23,1.2,-0.261245,1.99968,1,-0.348322,-0.000500679,0,0.12219,0.000357628,0,0.0158772,24,1.2,-1.03158,-0.375748,1,-0.224757,-0.5,0,-0.94837,1.43051e-05,0,0.0200743,25,1.2,1.97286,3,1,0.0451058,0,0,0.0463128,0,0,0.00746688,26,1.2,1.00011,-0.57042,1,-4.47035e-05,0.5,0,-0.000357628,2.98023e-05,0,0.0129241,27,1.2,-3,2.65085,1,0,-0.5,0,0,0,0,0.00602016,28,1.2,-2.57042,2.00012,1,0.5,-5.96046e-05,0,0,-0.000238419,0,0.0103008,29,1.2,0.000317108,2.73874,1,0.000498861,-0.348353,0,-0.000394066,0.12219,0,0.0116558,30,1.2,2,-2,1,0,0,0,0,0,0,0.00963169,31,1.2,3,-2.57081,1,0,0.5,0,0,0,0,0.00452381,32,1.2,-2.29868,-0.997363,1,-0.492644,0.00834614,0,-0.129104,-0.00619888,0,0.00849094,33,1.2,-2,-0.0271689,1,0,0.0451233,0,0,0.0465009,0,0.00676446,34,1.2,2.57081,2,1,-0.5,0,0,0,0,0,0.00803886,35,1.2,-1,-1.4397,1,0,-0.469443,0,0,0.290215,0,0.0130344
0,1.3,0.999884,-2.52042,1,7.80448e-05,0.5,0,0.000245869,0,0,0.00816761,1,1.3,0,-2.5138,1,0,0.5,0,0,0,0,0.00717695,2,1.3,-1.5138,-3,1,0.5,0,0,-7.45058e-06,0,0,0.0071758,3,1.3,1,2.61419,1,-5.58794e-07,-0.493249,0,-1.49012e-05,0.0887811,0,0.00996908,4,1.3,-2,0.977541,1,0,0.0478413,0,0,0.00958145,0,0.00631545,5,1.3,-2.52081,-2,1,0.5,0,0,0,0,0,0.00973733,6,1.3,-3,-1.39925,1,0,-0.5,0,0,7.45058e-06,0,0.00678874,7,1.3,2.06518,0.520436,1,0.286546,-0.499291,0,0.842392,0.0161976,0,0.0101033,8,1.3,-0.704754,3,1,0.333619,0,0,-0.167761,0,0,0.00787997,9,1.3,-3,0,1,0,0,0,0,0,0,0.00753569,10,1.3,-2.97709,1,1,-0.0460282,0,0,-0.00369549,0,0,0.00713757,11,1.3,1.60006,-3,1,-0.5,0,0,7.45058e-06,0,0,0.00879402,12,1.3,-1,1,1,0,0,0,0,0,0,0.00984873,13,1.3,2.60692,-0.999523,1,-0.5,0.0138647,0,0,0.259701,0,0.0090946,14,1.3,-0.364561,0.00413104,1,-0.5,0.00438194,0,3.57628e-06,-0.0187788,0,0.0142127,15,1.3,0,-1,1,0,0,0,0,0,0,0.00873182,16,1.3,1.59834,-1.00697,1,-0.499899,-0.00187606,0,0.00403076,0.0282526,0,0.00967393,17,1.3,0.00332779,0.67048,1,0.00836593,-0.488814,0,-0.0129792,-0.150986,0,0.0138467,18,1.3,0.700061,1.00104,1,-0.393543,0.00206064,0,-0.282854,-0.00222772,0,0.0162018,19,1.3,-1.00105,2.29409,1,-0.00216719,0.330995,0,0.000722706,-0.166953,0,0.00975124,20,1.3,3,-0.345197,1,0,-0.498332,0,0,-0.0484958,0,0.00568706,21,1.3,1.00108,1.70803,1,0.0022348,-0.330426,0,-0.00208616,0.0872463,0,0.0137785,22,1.3,2.59769,1.00627,1,-0.5,0.00200719,0,0,-0.0245571,0,0.00823109,23,1.3,-0.295392,1.99964,1,-0.333832,-0.000423379,0,0.168314,0.00103563,0,0.0158772,24,1.3,-1.05883,-0.425748,1,-0.319847,-0.5,0,-0.919826,0,0,0.0200743,25,1.3,1.97754,3,1,0.0478392,0,0,0.009574,0,0,0.00746688,26,1.3,1.00011,-0.52042,1,-7.61822e-05,0.5,0,-0.000275671,-2.08616e-06,0,0.0129241,27,1.3,-3,2.60085,1,0,-0.5,0,0,0,0,0.00602016,28,1.3,-2.52042,2.00011,1,0.5,-8.15839e-05,0,0,-0.000193715,0,0.0103008,29,1.3,0.000363552,2.70459,1,0.000419036,-0.333872,0,-0.00105634,0.168175,0,0.0116558,30,1.3,2,-2,1,0,0,0,0,0,0,0.00963169,31,1.3,3,-2.52081,1,0,0.5,0,0,0,0,0.00452381,32,1.3,-2.34837,-0.996574,1,-0.499315,0.0073066,0,-0.0228882,-0.0140667,0,0.00849094,33,1.3,-2,-0.0224885,1,0,0.0478722,0,0,0.009691,0,0.00676446,34,1.3,2.52081,2,1,-0.5,0,0,0,0,0,0.00803886,35,1.3,-0.999979,-1.48438,1,0.000604615,-0.417114,0,0.0116751,0.717692,0,0.0130344
0,1.4,0.999893,-2.47042,1,9.98378e-05,0.5,0,0.000208616,0,0,0.00954705,1,1.4,0,-2.4638,1,0,0.5,0,0,0,0,0.00740527,2,1.4,-1.4638,-3,1,0.500003,0,0,-5.96046e-05,0,0,0.00720202,3,1.4,1,2.56543,1,-2.98023e-06,-0.480747,0,-2.98023e-05,0.162363,0,0.0097658,4,1.4,-2,0.982321,1,0,0.0472635,0,0,-0.0199676,0,0.00675723,5,1.4,-2.47081,-2,1,0.5,0,0,0,0,0,0.010809,6,1.4,-3,-1.44925,1,0,-0.500003,0,0,5.96046e-05,0,0.00676194,7,1.4,2.09801,0.470629,1,0.368977,-0.496397,0,0.773907,0.0433326,0,0.00967503,8,1.4,-0.672312,3,1,0.314428,0,0,-0.216246,0,0,0.00796815,9,1.4,-3,0,1,0,0,0,0,0,0,0.00759534,10,1.4,-2.98165,1,1,-0.0448406,0,0,0.026226,0,0,0.00746688,11,1.4,1.55006,-3,1,-0.500003,0,0,5.96046e-05,0,0,0.00701246,12,1.4,-1,1,1,0,0,0,0,0,0,0.00989082,13,1.4,2.55692,-0.996531,1,-0.5,0.0486553,0,0,0.420809,0,0.0111081,14,1.4,-0.414561,0.00447408,1,-0.5,0.00247199,0,-1.43051e-05,-0.0191911,0,0.0135391,15,1.4,0,-1,1,0,0,0,0,0,0,0.0081083,16,1.4,1.5484,-1.00702,1,-0.49839,0.000852346,0,0.0321865,0.025928,0,0.0110302,17,1.4,0.00408739,0.621048,1,0.00671868,-0.49797,0,-0.0194262,-0.0405908,0,0.0119554,18,1.4,0.659159,1.00123,1,-0.425346,0.00171661,0,-0.333965,-0.00447035,0,0.014094,19,1.4,-1.00126,2.32627,1,-0.0020504,0.311971,0,0.00149012,-0.213742,0,0.0126707,20,1.4,3,-0.395155,1,0,-0.5,0,0,1.43051e-05,0,0.0051002,21,1.4,1.00129,1.67542,1,0.00194013,-0.321713,0,-0.00345707,0.0928044,0,0.0135669,22,1.4,2.54769,1.00635,1,-0.5,-0.000327826,0,0,-0.0221729,0,0.00964177,23,1.4,-0.327853,1.9996,1,-0.314584,-0.000318885,0,0.216708,0.000953674,0,0.0153033,24,1.4,-1.09514,-0.475748,1,-0.403044,-0.5,0,-0.720978,0,0,0.0158612,25,1.4,1.98232,3,1,0.0472605,0,0,-0.0199676,0,0,0.00633371,26,1.4,1.0001,-0.47042,1,-9.83477e-05,0.5,0,-0.000238419,-1.43051e-05,0,0.0129989,27,1.4,-3,2.55085,1,0,-0.5,0,0,0,0,0.0070959,28,1.4,-2.47042,2.00011,1,0.5,-0.000101328,0,0,-0.000119209,0,0.0108491,29,1.4,0.00040008,2.67213,1,0.000313511,-0.314641,0,-0.000941101,0.216484,0,0.00876782,30,1.4,2,-2,1,0,0,0,0,0,0,0.0086555,31,1.4,3,-2.47081,1,0,0.5,0,0,0,0,0.00436626,32,1.4,-2.39835,-0.995923,1,-0.5,0.00562966,0,0,-0.0189841,0,0.00786576,33,1.4,-2,-0.0177051,1,0,0.0473027,0,0,-0.0198809,0,0.00734855,34,1.4,2.47081,2,1,-0.5,0,0,0,0,0,0.00703964,35,1.4,-0.999844,-1.52206,1,0.00224859,-0.332913,0,0.020802,0.93478,0,0.0134184
0,1.5,0.999904,-2.42042,1,0.000116415,0.499873,0,0.00012666,-0.00497699,0,0.00954705,1,1.5,0,-2.4138,1,0,0.499654,0,0,-0.0108182,0,0.00740527,2,1.5,-1.41381,-3,1,0.499654,0,0,-0.0108406,0,0,0.00720202,3,1.5,0.999999,2.5181,1,-5.02914e-06,-0.466175,0,-7.45058e-06,0.138134,0,0.0097658,4,1.5,-2,0.986908,1,0,0.044099,0,0,-0.0420101,0,0.00675723,5,1.5,-2.42081,-2,1,0.49988,0,0,-0.00476837,0,0,0.010809,6,1.5,-3,-1.49925,1,0,-0.5,0,0,7.45058e-06,0,0.00676194,7,1.5,2.13842,0.421313,1,0.435274,-0.48887,0,0.544176,0.106147,0,0.00967503,8,1.5,-0.64192,3,1,0.293583,0,0,-0.205725,0,0,0.00796815,9,1.5,-3,0,1,0,0,0,0,0,0,0.00759534,10,1.5,-2.98597,1,1,-0.0410229,0,0,0.048548,0,0,0.00746688,11,1.5,1.50006,-3,1,-0.5,0,0,7.45058e-06,0,0,0.00701246,12,1.5,-1,1,1,0,0,0,0,0,0,0.00989082,13,1.5,2.50693,-0.989122,1,-0.499955,0.103356,0,0.00178814,0.651322,0,0.0111081,14,1.5,-0.464561,0.00462661,1,-0.5,0.000596021,0,3.57628e-06,-0.0181539,0,0.0135391,15,1.5,0,-1,1,0,0,0,0,0,0,0.0081083,16,1.5,1.49909,-1.00681,1,-0.484551,0.00326838,0,0.236027,0.0221655,0,0.0110302,17,1.5,0.00465849,0.571126,1,0.00467425,-0.499873,0,-0.021179,-0.0050813,0,0.0119554,18,1.5,0.615031,1.00138,1,-0.456231,0.00122245,0,-0.276186,-0.00531226,0,0.014094,19,1.5,-1.00145,2.35643,1,-0.00178497,0.291479,0,0.00347942,-0.201359,0,0.0126707,20,1.5,3,-0.445155,1,0,-0.5,0,0,0,0,0.0051002,21,1.5,1.00147,1.64318,1,0.00151005,-0.327748,0,-0.00501424,-0.19072,0,0.0135669,22,1.5,2.49769,1.00621,1,-0.5,-0.00238363,0,0,-0.0188574,0,0.00964177,23,1.5,-0.358257,1.99957,1,-0.29366,-0.000195578,0,0.206705,0.00138581,0,0.0153033,24,1.5,-1.13857,-0.52567,1,-0.460592,-0.497647,0,-0.431083,0.0472718,0,0.0158612,25,1.5,1.98691,3,1,0.0440966,0,0,-0.0420064,0,0,0.00633371,26,1.5,1.00009,-0.420423,1,-0.000116788,0.499873,0,-0.00012666,-0.00497878,0,0.0129989,27,1.5,-3,2.50085,1,0,-0.5,0,0,0,0,0.0070959,28,1.5,-2.42042,2.0001,1,0.499873,-0.000111386,0,-0.00497699,-7.45058e-05,0,0.0108491,29,1.5,0.000425686,2.64171,1,0.000191582,-0.293744,0,-0.00136573,0.206441,0,0.00876782,30,1.5,2,-2,1,0,0,0,0,0,0,0.0086555,31,1.5,3,-2.42081,1,0,0.49988,0,0,-0.00476837,0,0.00436626,32,1.5,-2.44835,-0.995457,1,-0.5,0.00367612,0,0,-0.0198632,0,0.00786576,33,1.5,-2,-0.0131143,1,0,0.044144,0,0,-0.0419777,0,0.00734855,34,1.5,2.42081,2,1,-0.49988,0,0,0.00476837,0,0,0.00703964,35,1.5,-0.999429,-1.55055,1,0.00682566,-0.23597,0,0.0672117,0.991851,0,0.0134184
0,1.6,0.999916,-2.3705,1,0.00012517,0.498044,0,5.96046e-05,-0.0388622,0,0.00981845,1,1.6,0,-2.36394,1,0,0.49687,0,0,-0.0504255,0,0.00751894,2,1.6,-1.36395,-3,1,0.496873,0,0,-0.0506639,0,0,0.00889418,3,1.6,0.999999,2.4722,1,-5.96046e-06,-0.451559,0,2.98023e-05,0.161052,0,0.010303,4,1.6,-2,0.99108,1,0,0.0391081,0,0,-0.0566542,0,0.00619234,5,1.6,-2.37088,-2,1,0.498092,0,0,-0.0382662,0,0,0.00918783,6,1.6,-3,-1.54925,1,0,-0.500003,0,0,5.96046e-05,0,0.00666825,7,1.6,2.18425,0.373054,1,0.47726,-0.475384,0,0.297904,0.162482,0,0.00905438,8,1.6,-0.613606,3,1,0.272454,0,0,-0.220031,0,0,0.00727188,9,1.6,-3,0,1,0,0,0,0,0,0,0.00680033,10,1.6,-2.9898,1,1,-0.035429,0,0,0.062108,0,0,0.00693985,11,1.6,1.45006,-3,1,-0.500003,0,0,5.96046e-05,0,0,0.00738808,12,1.6,-1,1,1,0,0,0,0,0,0,0.00882153,13,1.6,2.45695,-0.975301,1,-0.499284,0.174902,0,0.0141859,0.76136,0,0.0116509,14,1.6,-0.514561,0.00459838,1,-0.500001,-0.0011277,0,2.98023e-05,-0.0161841,0,0.0113769,15,1.6,0,-1,1,0,0,0,0,0,0,0.00791632,16,1.6,1.45209,-1.00638,1,-0.452834,0.00524819,0,0.390351,0.0172853,0,0.0127788,17,1.6,0.00501911,0.521129,1,0.00253526,-0.5,0,-0.0213597,-1.43051e-05,0,0.0114139,18,1.6,0.568169,1.00148,1,-0.479528,0.000670552,0,-0.186801,-0.00560284,0,0.0132958,19,1.6,-1.00161,2.38456,1,-0.00141561,0.270838,0,0.00369549,-0.214934,0,0.0101449,20,1.6,3,-0.495155,1,0,-0.5,0,0,1.43051e-05,0,0.00576592,21,1.6,1.00159,1.60914,1,0.000959635,-0.355664,0,-0.00578165,-0.348389,0,0.0106351,22,1.6,2.44769,1.00589,1,-0.5,-0.00408292,0,0,-0.0151992,0,0.00985185,23,1.6,-0.386574,1.99956,1,-0.272437,-6.55651e-05,0,0.220865,0.00113249,0,0.0162189,24,1.6,-1.18633,-0.575119,1,-0.490481,-0.490519,0,-0.17786,0.0953376,0,0.0164431,25,1.6,1.99108,3,1,0.0391036,0,0,-0.0565648,0,0,0.00677338,26,1.6,1.00008,-0.370499,1,-0.00012815,0.498043,0,0,-0.0388026,0,0.0133489,27,1.6,-3,2.45085,1,0,-0.5,0,0,0,0,0.00682927,28,1.6,-2.3705,2.00008,1,0.498044,-0.000113249,0,-0.0388622,-0.000119209,0,0.0101864,29,1.6,0.00043821,2.61339,1,6.33983e-05,-0.272548,0,-0.00109937,0.220537,0,0.0102442,30,1.6,2,-2,1,0,0,0,0,0,0,0.010745,31,1.6,3,-2.37088,1,0,0.498092,0,0,-0.0382662,0,0.00481037,32,1.6,-2.49835,-0.995189,1,-0.5,0.00170022,0,0,-0.0194609,0,0.00777783,33,1.6,-2,-0.00893719,1,0,0.0391548,0,0,-0.0566451,0,0.00715696,34,1.6,2.37088,2,1,-0.498092,0,0,0.0382662,0,0,0.00789003,35,1.6,-0.998359,-1.56917,1,0.0150234,-0.136173,0,0.0935793,0.999987,0,0.012653
0,1.7,0.999928,-2.32078,1,0.00011865,0.497082,0,-0.000327826,0.0102967,0,0.00981845,1,1.7,0.000368122,-2.31468,1,0.0106527,0.486845,0,0.19765,-0.148624,0,0.00751894,2,1.7,-1.31461,-3,1,0.48886,0,0,-0.113137,0,0,0.00889418,3,1.7,0.999998,2.4276,1,-3.35276e-06,-0.442617,0,2.23517e-05,0.0314564,0,0.010303,4,1.7,-2,0.994692,1,0,0.0330097,0,0,-0.0643022,0,0.00619234,5,1.7,-2.32112,-2,1,0.498044,0,0,0.019446,0,0,0.00918783,6,1.7,-2.99963,-1.59923,1,0.0106525,-0.499049,0,0.197664,0.0240132,0,0.00666825,7,1.7,2.2331,0.326427,1,0.496293,-0.45622,0,0.0960678,0.219088,0,0.00905438,8,1.7,-0.5874,3,1,0.252106,0,0,-0.192381,0,0,0.00727188,9,1.7,-3,0,1,0,0,0,0,0,0,0.00680033,10,1.7,-2.99302,1,1,-0.0288621,0,0,0.0679493,0,0,0.00693985,11,1.7,1.40009,-3,1,-0.499005,0,0,0.0248179,0,0,0.00738808,12,1.7,-1,1,1,0,0,0,0,0,0,0.00882153,13,1.7,2.40724,-0.953615,1,-0.493449,0.261482,0,0.100389,0.922784,0,0.0116509,14,1.7,-0.564559,0.00441045,1,-0.499945,-0.00257366,0,0.00221282,-0.0127402,0,0.0113769,15,1.7,0,-1.00049,1,0,-0.0141051,0,0,-0.256136,0,0.00791632,16,1.7,1.40945,-1.00579,1,-0.393929,0.00643563,0,0.754237,0.00653416,0,0.0127788,17,1.7,0.00516762,0.471129,1,0.000457469,-0.5,0,-0.0200137,1.78814e-06,0,0.0114139,18,1.7,0.519444,1.00152,1,-0.493397,0.000115298,0,-0.0926107,-0.00544637,0,0.0132958,19,1.7,-1.00173,2.41063,1,-0.000968948,0.251055,0,0.00491738,-0.186309,0,0.0101449,20,1.7,3,-0.545155,1,0,-0.5,0,0,-5.66244e-06,0,0.00576592,21,1.7,1.00166,1.57176,1,0.000386126,-0.392601,0,-0.00564009,-0.378467,0,0.0106351,22,1.7,2.39772,1.00541,1,-0.498858,-0.00536256,0,0.0275522,-0.0104606,0,0.00985185,23,1.7,-0.412772,1.99956,1,-0.25199,5.7742e-05,0,0.193417,0.0012219,0,0.0162189,24,1.7,-1.23594,-0.623594,1,-0.499248,-0.478029,0,-0.0269264,0.153456,0,0.0164431,25,1.7,1.99469,3,1,0.0330122,0,0,-0.0642464,0,0,0.00677338,26,1.7,1.00006,-0.320979,1,-0.000125729,0.491342,0,3.72529e-05,-0.0991803,0,0.0133489,27,1.7,-3,2.40088,1,0,-0.499057,0,0,0.0238568,0,0.00682927,28,1.7,-2.32098,2.00007,1,0.491339,-0.000121444,0,-0.0992268,-2.98023e-05,0,0.0101864,29,1.7,0.000438617,2.58718,1,-5.69794e-05,-0.252128,0,-0.00120523,0.193194,0,0.0102442,30,1.7,2,-2,1,0,0,0,0,0,0,0.010745,31,1.7,3,-2.32135,1,0,0.491457,0,0,-0.0984222,0,0.00481037,32,1.7,-2.54835,-0.995114,1,-0.499998,-0.000172202,0,7.45058e-05,-0.0178404,0,0.00777783,33,1.7,-2,-0.00532031,1,0,0.0330552,0,0,-0.0643291,0,0.00715696,34,1.7,2.32135,2,1,-0.491457,0,0,0.0984222,0,0,0.00789003,35,1.7,-0.9965,-1.57778,1,0.0211149,-0.0361733,0,0.0313893,1,0,0.012653
0,1.8,0.999937,-2.271,1,3.72529e-05,0.498676,0,-0.00140071,0.0165701,0,0.0133197,1,1.8,0.00264165,-2.26689,1,0.0366861,0.467467,0,0.309981,-0.237346,0,0.0121422,2,1.8,-1.26641,-3,1,0.473693,0,0,-0.192285,0,0,0.00948569,3,1.8,0.999998,2.38337,1,-1.49012e-06,-0.442785,0,2.98023e-05,-0.0234842,0,0.0109874,4,1.8,-2,0.997666,1,0,0.0264317,0,0,-0.0663996,0,0.00650446,5,1.8,-2.27123,-2,1,0.499648,0,0,0.00703335,0,0,0.010244,6,1.8,-2.99736,-1.64894,1,0.0366867,-0.494328,0,0.309944,0.0740886,0,0.00728186,7,1.8,2.28299,0.281982,1,0.5,-0.431897,0,0,0.26574,0,0.00898678,8,1.8,-0.563142,3,1,0.233068,0,0,-0.192076,0,0,0.00760548,9,1.8,-3,0,1,0,0,0,0,0,0,0.00780212,10,1.8,-2.99556,1,1,-0.0220716,0,0,0.0671148,0,0,0.00723745,11,1.8,1.35038,-3,1,-0.494179,0,0,0.0753403,0,0,0.00930524,12,1.8,-1,1,1,0,0,0,0,0,0,0.0101693,13,1.8,2.35853,-0.9229,1,-0.479627,0.351508,0,0.174046,0.845641,0,0.0144632,14,1.8,-0.614525,0.00409505,1,-0.499113,-0.00367801,0,0.0177026,-0.00936457,0,0.0108366,15,1.8,0,-1.00343,1,0,-0.0466049,0,0,-0.373602,0,0.012366,16,1.8,1.3742,-1.00513,1,-0.308043,0.00658333,0,0.936449,-0.00345707,0,0.0132143,17,1.8,0.00511681,0.421129,1,-0.00143506,-0.5,0,-0.0176956,1.43051e-05,0,0.0111885,18,1.8,0.469772,1.0015,1,-0.498862,-0.000408292,0,-0.0227684,-0.00488758,0,0.0103181,19,1.8,-1.0018,2.43482,1,-0.000485778,0.232631,0,0.00452995,-0.185847,0,0.0106827,20,1.8,3,-0.595155,1,0,-0.5,0,0,-2.98023e-05,0,0.00610714,21,1.8,1.00167,1.53063,1,-0.000160933,-0.429305,0,-0.0051856,-0.347078,0,0.0085975,22,1.8,2.34805,1.00483,1,-0.49367,-0.00619292,0,0.0796318,-0.00625849,0,0.010583,23,1.8,-0.437014,1.99957,1,-0.232863,0.000163913,0,0.192702,0.000715256,0,0.0142445,24,1.8,-1.28593,-0.670541,1,-0.500003,-0.460038,0,5.96046e-05,0.205278,0,0.0130915,25,1.8,1.99766,3,1,0.0264376,0,0,-0.06634,0,0,0.00688802,26,1.8,1.00005,-0.272467,1,-0.000119209,0.477575,0,0.000119209,-0.178493,0,0.0108664,27,1.8,-3,2.35117,1,0,-0.494361,0,0,0.074029,0,0.00630852,28,1.8,-2.27247,2.00006,1,0.47757,-0.000119209,0,-0.178576,-0.000119209,0,0.0103119,29,1.8,0.000427417,2.56292,1,-0.000159827,-0.233018,0,-0.000776461,0.192642,0,0.0128193,30,1.8,2,-2,1,0,0,0,0,0,0,0.0124607,31,1.8,3,-2.27283,1,0,0.477773,0,0,-0.177741,0,0.00540021,32,1.8,-2.59835,-0.995216,1,-0.499976,-0.00184327,0,0.000715256,-0.0154674,0,0.00803232,33,1.8,-2,-0.00234209,1,0,0.026474,0,0,-0.0664622,0,0.00713465,34,1.8,2.27283,2,1,-0.477773,0,0,0.177741,0,0,0.00737603,35,1.8,-0.994313,-1.5764,1,0.0218913,0.0638276,0,-0.0131428,0.999987,0,0.0110763
0,1.9,0.999933,-2.22107,1,-0.000112597,0.499793,0,-0.00175461,0.00578165,0,0.0133197,1,1.9,0.008217,-2.22145,1,0.0778031,0.439955,0,0.48937,-0.311345,0,0.0121422,2,1.9,-1.22019,-3,1,0.449116,0,0,-0.295974,0,0,0.00948569,3,1.9,0.999998,2.33896,1,1.02445e-06,-0.445304,0,1.86265e-05,-0.0180453,0,0.0109874,4,1.9,-2,0.999981,1,0,0.0198992,0,0,-0.0636727,0,0.00650446,5,1.9,-2.22124,-2,1,0.499978,0,0,0.000879169,0,0,0.010244,6,1.9,-2.9915,-1.69783,1,0.0861399,-0.481854,0,0.647396,0.17345,0,0.00728186,7,1.9,2.33299,0.240188,1,0.5,-0.403342,0,0,0.303769,0,0.00898678,8,1.9,-0.540698,3,1,0.216614,0,0,-0.144035,0,0,0.00760548,9,1.9,-3,0,1,0,0,0,0,0,0,0.00780212,10,1.9,-2.99745,1,1,-0.0156432,0,0,0.0607371,0,0,0.00723745,11,1.9,1.3011,-3,1,-0.493362,0,0,-0.0350773,0,0,0.00930524,12,1.9,-1,1,1,0,0,0,0,0,0,0.0101693,13,1.9,2.31155,-0.883835,1,-0.45877,0.426122,0,0.240713,0.627402,0,0.0144632,14,1.9,-0.664277,0.00368582,1,-0.495069,-0.00445317,0,0.0684261,-0.00616397,0,0.0108366,15,1.9,-1.87131e-07,-1.0102,1,-7.69379e-06,-0.0907307,0,-0.000234789,-0.490077,0,0.012366,16,1.9,1.3482,-1.00457,1,-0.211022,0.00399277,0,0.99206,-0.0454485,0,0.0132143,17,1.9,0.00489133,0.371221,1,-0.00300983,-0.497191,0,-0.0138117,0.0585317,0,0.0111885,18,1.9,0.419818,1.00144,1,-0.499812,-0.000847876,0,0.00184387,-0.0039041,0,0.0103181,19,1.9,-1.00183,2.45725,1,-4.28408e-06,0.216796,0,0.00483543,-0.13797,0,0.0106827,20,1.9,3,-0.645028,1,0,-0.496172,0,0,0.0774972,0,0.00610714,21,1.9,1.00163,1.48608,1,-0.000648573,-0.460535,0,-0.00452995,-0.272706,0,0.0085975,22,1.9,2.29919,1.00419,1,-0.48248,-0.00662971,0,0.146672,-0.00255555,0,0.010583,23,1.9,-0.459435,1.99959,1,-0.216341,0.000238977,0,0.144651,0.000692904,0,0.0142445,24,1.9,-1.33593,-0.715436,1,-0.5,-0.437058,0,7.45058e-06,0.25304,0,0.0130915,25,1.9,1.99998,3,1,0.0199089,0,0,-0.0636354,0,0,0.00688802,26,1.9,1.00004,-0.225788,1,-0.000106543,0.454241,0,0.00013411,-0.285004,0,0.0108664,27,1.9,-3,2.30221,1,0,-0.483784,0,0,0.140205,0,0.00630852,28,1.9,-2.22579,2.00005,1,0.454231,-0.000124425,0,-0.285044,0,0,0.0103119,29,1.9,0.000407401,2.54048,1,-0.000239653,-0.216495,0,-0.000728451,0.144765,0,0.0128193,30,1.9,2,-2,1,0,0,0,0,0,0,0.0124607,31,1.9,3,-2.22612,1,0,0.45451,0,0,-0.284344,0,0.00540021,32,1.9,-2.6482,-0.995472,1,-0.49564,-0.00320468,0,0.0866354,-0.0117868,0,0.00803232,33,1.9,-2,-2.39388e-05,1,0,0.0199347,0,0,-0.0637339,0,0.00713465,34,1.9,2.22612,2,1,-0.45451,0,0,0.284344,0,0,0.00737603,35,1.9,-0.992235,-1.56502,1,0.0192607,0.163764,0,-0.0376999,0.997476,0,0.0110763
0,2,0.999912,-2.17107,1,-0.000342727,0.5,0,-0.00295043,0,0,0.0139182,1,2,0.0185826,-2.17913,1,0.130422,0.405538,0,0.544608,-0.375152,0,0.0152953,2,2,-1.1769,-3,1,0.415164,0,0,-0.379801,0,0,0.00662107,3,2,0.999998,2.29441,1,1.49012e-06,-0.444859,0,2.98023e-05,0.0331402,0,0.0124653,4,2,-2,1.00166,1,0,0.0138015,0,0,-0.0578165,0,0.00601915,5,2,-2.17124,-2,1,0.5,0,0,0,0,0,0.0094393,6,2,-2.97931,-1.745,1,0.160342,-0.460044,0,0.810027,0.260651,0,0.00802545,7,2,2.38299,0.201424,1,0.5,-0.371457,0,0,0.332415,0,0.00789585,8,2,-0.519724,3,1,0.203057,0,0,-0.132114,0,0,0.0078431,9,2,-3,0,1,0,0,0,0,0,0,0.00676379,10,2,-2.99872,1,1,-0.0100374,0,0,0.0506639,0,0,0.00785235,11,2,1.25155,-3,1,-0.497612,0,0,-0.0380278,0,0,0.00684792,12,2,-1,1,1,0,0,0,0,0,0,0.00899143,13,2,2.26697,-0.838549,1,-0.431949,0.474855,0,0.293493,0.34523,0,0.011268,14,2,-0.713322,0.00321479,1,-0.484568,-0.00491721,0,0.145018,-0.00315544,0,0.00959114,15,2,-3.06967e-06,-1.02179,1,-6.08587e-05,-0.141245,0,-0.000886605,-0.505388,0,0.0119996,16,2,1.33208,-1.00444,1,-0.111219,-0.00195801,0,0.999987,-0.0709891,0,0.0153031,17,2,0.00452764,0.321907,1,-0.00420108,-0.487911,0,-0.0100376,0.128537,0,0.00992712,18,2,0.369892,1.00133,1,-0.498125,-0.00118911,0,0.0374764,-0.00286102,0,0.0121027,19,2,-1.00181,2.47827,1,0.000438094,0.203818,0,0.0038743,-0.126481,0,0.00977751,20,2,3,-0.694124,1,0,-0.484385,0,0,0.158489,0,0.00420188,21,2,1.00154,1.43882,1,-0.00106096,-0.483179,0,-0.00375509,-0.178337,0,0.0082032,22,2,2.2518,1.00352,1,-0.463963,-0.00672042,0,0.224829,0.000655651,0,0.00984298,23,2,-0.480379,1.99962,1,-0.202748,0.000286102,0,0.132114,0.000238419,0,0.0122651,24,2,-1.38593,-0.757806,1,-0.500003,-0.409685,0,5.96046e-05,0.293106,0,0.0136383,25,2,2.00166,3,1,0.0138164,0,0,-0.0579357,0,0,0.0092157,26,2,1.00003,-0.181942,1,-9.23872e-05,0.421223,0,0.000119209,-0.372052,0,0.0104469,27,2,-3,2.25465,1,0,-0.465912,0,0,0.21863,0,0.0070883,28,2,-2.18194,2.00004,1,0.421208,-0.00012517,0,-0.372052,0.000238419,0,0.00898863,29,2,0.000380494,2.51953,1,-0.000289765,-0.202888,0,-0.00020786,0.132322,0,0.0118067,30,2,2,-2,1,0,0,0,0,0,0,0.00858288,31,2,3,-2.18225,1,0,0.421548,0,0,-0.371456,0,0.00475987,32,2,-2.69718,-0.995845,1,-0.482583,-0.0042066,0,0.174522,-0.00828505,0,0.00834869,33,2,-2,0.00165943,1,0,0.0138296,0,0,-0.0579344,0,0.00649622,34,2,2.18225,2,1,-0.421548,0,0,0.371456,0,0,0.00709003,35,2,-0.990526,-1.54368,1,0.0146806,0.262818,0,-0.0523925,0.979722,0,0.0113499
0,2.1,0.999866,-2.12107,1,-0.000549387,0.5,0,-0.00126287,0,0,0.0139182,1,2.1,0.0344552,-2.14056,1,0.187667,0.364922,0,0.58318,-0.433281,0,0.0152953,2,2.1,-1.13739,-3,1,0.374109,0,0,-0.438251,0,0,0.00662107,3,2.1,0.999999,2.25027,1,3.91155e-06,-0.43618,0,1.49012e-05,0.13943,0,0.0124653,4,2.1,-2,1.00276,1,0,0.0084199,0,0,-0.049606,0,0.00601915,5,2.1,-2.12124,-2,1,0.5,0,0,0,0,0,0.0094393,6,2.1,-2.95906,-1.78953,1,0.245588,-0.429071,0,0.868365,0.353813,0,0.00802545,7,2.1,2.43299,0.165988,1,0.5,-0.336855,0,0,0.357522,0,0.00789585,8,2.1,-0.499936,3,1,0.193889,0,0,-0.0612177,0,0,0.0078431,9,2.1,-3,0,1,0,0,0,0,0,0,0.00676379,10,2.1,-2.99949,1,1,-0.00555106,0,0,0.0388771,0,0,0.00785235,11,2.1,1.20166,-3,1,-0.499729,0,0,-0.0083968,0,0,0.00684792,12,2.1,-1,1,1,0,0,0,0,0,0,0.00899143,13,2.1,2.22533,-0.789788,1,-0.400202,0.49631,0,0.338852,0.102274,0,0.011268,14,2.1,-0.760862,0.00271243,1,-0.464371,-0.00508103,0,0.256125,-0.00021835,0,0.00959114,15,2.1,-1.26533e-05,-1.03759,1,-0.000122177,-0.167123,0,-0.00036796,-0.0418946,0,0.0119996,16,2.1,1.32596,-1.00493,1,-0.0112198,-0.00708718,0,1,-0.0332668,0,0.0153031,17,2.1,0.00406333,0.273879,1,-0.0050258,-0.471436,0,-0.00648921,0.201869,0,0.00992712,18,2.1,0.320361,1.0012,1,-0.491471,-0.00142809,0,0.0994503,-0.0019297,0,0.0121027,19,2.1,-1.00174,2.49816,1,0.000823475,0.195167,0,0.00361353,-0.0564903,0,0.00977751,20,2.1,3,-0.741641,1,0,-0.464671,0,0,0.235703,0,0.00420188,21,2.1,1.00142,1.38977,1,-0.00137966,-0.495945,0,-0.00263005,-0.0755489,0,0.0082032,22,2.1,2.20803,1.00285,1,-0.400298,-0.00650603,0,0.9031,0.00350922,0,0.00984298,23,2.1,-0.500136,1.99965,1,-0.193578,0.000312179,0,0.0611208,0.000178814,0,0.0122651,24,2.1,-1.43593,-0.797234,1,-0.5,-0.378177,0,7.45058e-06,0.334688,0,0.0136383,25,2.1,2.00277,3,1,0.00842437,0,0,-0.0496805,0,0,0.0092157,26,2.1,1.00002,-0.141791,1,-7.97212e-05,0.380771,0,0.00013411,-0.433955,0,0.0104469,27,2.1,-3,2.20933,1,0,-0.438969,0,0,0.316754,0,0.0070883,28,2.1,-2.14179,2.00002,1,0.380758,-0.0001017,0,-0.433937,0.000223517,0,0.00898863,29,2.1,0.000350305,2.49976,1,-0.000313154,-0.193689,0,-0.000158941,0.0614673,0,0.0118067,30,2.1,2,-2,1,0,0,0,0,0,0,0.00858288,31,2.1,3,-2.14206,1,0,0.381145,0,0,-0.433564,0,0.00475987,32,2.1,-2.74443,-0.996302,1,-0.460879,-0.00487138,0,0.258908,-0.00505149,0,0.00834869,33,2.1,-2,0.00276591,1,0,0.00843742,0,0,-0.0497084,0,0.00649622,34,2.1,2.14206,2,1,-0.381145,0,0,0.433564,0,0,0.00709003,35,2.1,-0.989326,-1.5128,1,0.00926713,0.351637,0,-0.0550859,0.789858,0,0.0113499
0,2.2,0.999807,-2.07107,1,-0.000612438,0.5,0,-5.96046e-05,0,0,0.0114052,1,2.2,0.0560841,-2.1063,1,0.244036,0.319636,0,0.53109,-0.469089,0,0.0115631,2,2.2,-1.10225,-3,1,0.328138,0,0,-0.47791,0,0,0.00531727,3,2.2,0.999999,2.20752,1,4.47035e-06,-0.417238,0,0,0.237942,0,0.0119471,4,2.2,-2,1.00337,1,0,0.00391006,0,0,-0.0405908,0,0.00633895,5,2.2,-2.07124,-2,1,0.5,0,0,0,0,0,0.00890557,6,2.2,-2.93024,-1.83055,1,0.329489,-0.390226,0,0.790954,0.418544,0,0.00857988,7,2.2,2.48299,0.134117,1,0.5,-0.300349,0,0,0.370722,0,0.00632814,8,2.2,-0.480803,3,1,0.189088,0,0,-0.0420511,0,0,0.00608731,9,2.2,-3,0,1,0,0,0,0,0,0,0.00748564,10,2.2,-2.99987,1,1,-0.00227094,0,0,0.0268221,0,0,0.00757167,11,2.2,1.15167,-3,1,-0.500003,0,0,5.96046e-05,0,0,0.00676861,12,2.2,-1,1,1,0,0,0,0,0,0,0.00890085,13,2.2,2.18706,-0.739886,1,-0.364667,0.500001,0,0.36943,-2.98023e-05,0,0.0127819,14,2.2,-0.805855,0.00220742,1,-0.433928,-0.0049799,0,0.34973,0.00214797,0,0.00924346,15,2.2,-2.60468e-05,-1.05395,1,-0.000139662,-0.155067,0,-5.66622e-06,0.258386,0,0.011421,16,2.2,1.32984,-1.00575,1,0.0887811,-0.00893176,0,0.999987,-0.00506639,0,0.0110632,17,2.2,0.00353394,0.227871,1,-0.00550676,-0.447452,0,-0.00317615,0.277758,0,0.00966758,18,2.2,0.271839,1.00105,1,-0.477623,-0.00157356,0,0.179768,-0.00107288,0,0.0103556,19,2.2,-1.00164,2.51744,1,0.00112653,0.190806,0,0.00232458,-0.0380278,0,0.00836645,20,2.2,3,-0.786803,1,0,-0.437334,0,0,0.310212,0,0.00477693,21,2.2,1.00127,1.33998,1,-0.00159144,-0.498089,0,-0.00160933,0.0331402,0,0.00873219,22,2.2,2.17281,1.00222,1,-0.302726,-0.00604391,0,1.00017,0.00560284,0,0.00779325,23,2.2,-0.51924,1.99968,1,-0.188823,0.000303984,0,0.041157,-0.000357628,0,0.012803,24,2.2,-1.48593,-0.833326,1,-0.500003,-0.343201,0,5.96046e-05,0.362635,0,0.0102523,25,2.2,2.00337,3,1,0.0039041,0,0,-0.0404119,0,0,0.00914539,26,2.2,1.00001,-0.105963,1,-6.55651e-05,0.335056,0,0.000119209,-0.477132,0,0.00984907,27,2.2,-3,2.16715,1,0,-0.403255,0,0,0.394225,0,0.00653206,28,2.2,-2.10597,2.00001,1,0.335044,-7.7486e-05,0,-0.477076,0.000119209,0,0.00901376,29,2.2,0.000318961,2.48064,1,-0.000304174,-0.188893,0,0.000411324,0.041604,0,0.0119164,30,2.2,2,-2,1,0,0,0,0,0,0,0.00871457,31,2.2,3,-2.1062,1,0,0.335455,0,0,-0.476837,0,0.00505115,32,2.2,-2.78909,-0.996809,1,-0.430995,-0.00522584,0,0.337362,-0.00208616,0,0.00874787,33,2.2,-2,0.00337607,1,0,0.00391785,0,0,-0.0405837,0,0.00612386,34,2.2,2.1062,2,1,-0.335455,0,0,0.476837,0,0,0.00804563,35,2.2,-0.988674,-1.47404,1,0.00380725,0.419861,0,-0.0534654,0.572085,0,0.00949522
0,2.3,0.999746,-2.02107,1,-0.000584498,0.5,0,0.000581145,0,0,0.0114052,1,2.3,0.0830582,-2.07674,1,0.294429,0.27091,0,0.470139,-0.500381,0,0.0115631,2,2.3,-1.07186,-3,1,0.279195,0,0,-0.496902,0,0,0.00531727,3,2.3,1,2.16716,1,4.37722e-06,-0.388387,0,-3.72529e-06,0.334412,0,0.0119471,4,2.3,-2,1.00358,1,0,0.0003336,0,0,-0.0310019,0,0.00633895,5,2.3,-2.02124,-2,1,0.5,0,0,0,0,0,0.00890557,6,2.3,-2.89352,-1.86741,1,0.402525,-0.346434,0,0.650212,0.453696,0,0.00857988,7,2.3,2.53299,0.10594,1,0.5,-0.263181,0,0,0.371163,0,0.00632814,8,2.3,-0.461942,3,1,0.18948,0,0,0.0394862,0,0,0.00608731,9,2.3,-3,0,1,0,0,0,0,0,0,0.00748564,10,2.3,-2.99998,1,1,-0.000137091,0,0,0.0163317,0,0,0.00757167,11,2.3,1.10167,-3,1,-0.5,0,0,7.45058e-06,0,0,0.00676861,12,2.3,-1,1,1,0,0,0,0,0,0,0.00890085,13,2.3,2.15247,-0.689886,1,-0.326852,0.5,0,0.384927,3.72529e-06,0,0.0127819,14,2.3,-0.847376,0.00172328,1,-0.395336,-0.00467357,0,0.419237,0.00389668,0,0.00924346,15,2.3,-3.96253e-05,-1.06786,1,-0.000128207,-0.120509,0,0.000216784,0.415273,0,0.011421,16,2.3,1.34371,-1.00664,1,0.188611,-0.00857115,0,0.993215,0.0113249,0,0.0110632,17,2.3,0.00297301,0.184666,1,-0.00565844,-0.415235,0,3.35125e-05,0.362756,0,0.00966758,18,2.3,0.225162,1.00089,1,-0.454143,-0.00163224,0,0.286609,-0.000141561,0,0.0103556,19,2.3,-1.00152,2.53649,1,0.00133477,0.191522,0,0.00169873,0.0421703,0,0.00836645,20,2.3,3,-0.828846,1,0,-0.402224,0,0,0.387982,0,0.00477693,21,2.3,1.0011,1.29051,1,-0.00170581,-0.489462,0,-0.000700355,0.13946,0,0.00873219,22,2.3,2.14754,1.00165,1,-0.202718,-0.00542086,0,1.00002,0.00677258,0,0.00779325,23,2.3,-0.538078,1.99971,1,-0.189299,0.000273623,0,-0.0404641,-0.000365078,0,0.012803,24,2.3,-1.53593,-0.865806,1,-0.5,-0.306181,0,7.45058e-06,0.375994,0,0.0102523,25,2.3,2.00358,3,1,0.000341237,0,0,-0.030905,0,0,0.00914539,26,2.3,1.00001,-0.0748909,1,-5.36442e-05,0.286023,0,0.000119209,-0.499357,0,0.00984907,27,2.3,-3,2.12889,1,0,-0.361088,0,0,0.446051,0,0.00653206,28,2.3,-2.0749,2.00001,1,0.286016,-6.51926e-05,0,-0.499308,0.00013411,0,0.00901376,29,2.3,0.000290269,2.4618,1,-0.00026988,-0.18932,0,0.000395001,-0.03995,0,0.0119164,30,2.3,2,-2,1,0,0,0,0,0,0,0.00871457,31,2.3,3,-2.07508,1,0,0.286436,0,0,-0.499338,0,0.00505115,32,2.3,-2.83035,-0.997337,1,-0.392971,-0.00528814,0,0.41835,0.000741333,0,0.00874787,33,2.3,-2,0.00358105,1,0,0.000341238,0,0,-0.0310193,0,0.00612386,34,2.3,2.07508,2,1,-0.286436,0,0,0.499338,0,0,0.00804563,35,2.3,-0.988548,-1.42957,1,-0.0011676,0.465714,0,-0.045862,0.349507,0,0.00949522
0,2.4,0.999691,-1.97107,1,-0.000500679,0.500003,0,0.00101328,-5.96046e-05,0,0.014999,1,2.4,0.114705,-2.05217,1,0.336907,0.22049,0,0.3745,-0.50354,0,0.0143229,2,2.4,-1.04643,-3,1,0.229514,0,0,-0.493169,0,0,0.00697479,3,2.4,1,2.13012,1,4.47035e-06,-0.35125,0,-2.98023e-05,0.403762,0,0.0107341,4,2.4,-2,1.00347,1,0,-0.00231266,0,0,-0.0219345,0,0.00628362,5,2.4,-1.97124,-2,1,0.500003,0,0,-5.96046e-05,0,0,0.00993015,6,2.4,-2.85037,-1.89975,1,0.456822,-0.300163,0,0.4282,0.468552,0,0.00816808,7,2.4,2.58299,0.0814675,1,0.5,-0.226395,0,0,0.363246,0,0.00687462,8,2.4,-0.442733,3,1,0.195124,0,0,0.0651926,0,0,0.00686499,9,2.4,-3,0,1,0,0,0,0,0,0,0.00791225,10,2.4,-2.99993,1,1,0.00107288,0,0,0.00846386,0,0,0.00742278,11,2.4,1.05167,-3,1,-0.500003,0,0,5.96046e-05,0,0,0.00723368,12,2.4,-1,1,1,0,0,0,0,0,0,0.00782466,13,2.4,2.12172,-0.639886,1,-0.288045,0.5,0,0.389338,2.98023e-05,0,0.0108553,14,2.4,-0.88472,0.00127772,1,-0.350684,-0.00421659,0,0.470608,0.00516462,0,0.00912449,15,2.4,-5.11175e-05,-1.07769,1,-9.95645e-05,-0.0751376,0,0.000341472,0.478387,0,0.0126174,16,2.4,1.36748,-1.00742,1,0.286061,-0.00684857,0,0.945747,0.0223517,0,0.011691,17,2.4,0.00241188,0.145069,1,-0.00552131,-0.375649,0,0.00260572,0.425313,0,0.00939782,18,2.4,0.181334,1.00073,1,-0.42096,-0.00160635,0,0.373698,0.000655651,0,0.0101006,19,2.4,-1.00138,2.55592,1,0.00144243,0.197417,0,0.000298023,0.0677109,0,0.00872913,20,2.4,3,-0.867028,1,0,-0.360516,0,0,0.442386,0,0.00532976,21,2.4,1.00093,1.24244,1,-0.0017345,-0.470278,0,0.000119209,0.243425,0,0.00999675,22,2.4,2.13227,1.00114,1,-0.102723,-0.00470281,0,1.00017,0.00745058,0,0.00662967,23,2.4,-0.557276,1.99973,1,-0.195089,0.000208616,0,-0.0673234,-0.000953674,0,0.0113023,24,2.4,-1.58593,-0.894535,1,-0.500003,-0.268337,0,5.96046e-05,0.379294,0,0.00999117,25,2.4,2.00347,3,1,-0.00230074,0,0,-0.0218153,0,0,0.00769277,26,2.4,1,-0.0487926,1,-4.17233e-05,0.235961,0,0.000119209,-0.498283,0,0.00993171,27,2.4,-3,2.09508,1,0,-0.314677,0,0,0.479221,0,0.00652706,28,2.4,-2.0488,2,1,0.235963,-5.06639e-05,0,-0.498295,0.000119209,0,0.0101715,29,2.4,0.000266051,2.4426,1,-0.000204238,-0.195056,0,0.00100672,-0.0668764,0,0.0104438,30,2.4,2,-2,1,0,0,0,0,0,0,0.00843575,31,2.4,3,-2.04894,1,0,0.236362,0,0,-0.498414,0,0.00467626,32,2.4,-2.86746,-0.997858,1,-0.34824,-0.00509769,0,0.471592,0.00295043,0,0.0077719,33,2.4,-2,0.00347536,1,0,-0.00230476,0,0,-0.0220169,0,0.00652863,34,2.4,2.04894,2,1,-0.236362,0,0,0.498414,0,0,0.00809711,35,2.4,-0.98888,-1.38159,1,-0.0053376,0.490806,0,-0.0374317,0.15837,0,0.00818574
0,2.5,0.999647,-1.92107,1,-0.00038594,0.5,0,0.00125915,-7.45058e-06,0,0.014999,1,2.5,0.150205,-2.0328,1,0.372373,0.165739,0,0.331293,-0.578776,0,0.0143229,2,2.5,-1.02591,-3,1,0.181283,0,0,-0.468485,0,0,0.00697479,3,2.5,1,2.09709,1,2.14204e-06,-0.308678,0,-2.6077e-05,0.44398,0,0.0107341,4,2.5,-2,1.00314,1,0,-0.00408702,0,0,-0.0137538,0,0.00628362,5,2.5,-1.92124,-2,1,0.5,0,0,-7.45058e-06,0,0,0.00993015,6,2.5,-2.80295,-1.92745,1,0.487583,-0.25396,0,0.194877,0.453964,0,0.00816808,7,2.5,2.63289,0.0606204,1,0.496761,-0.190813,0,-0.0668913,0.347283,0,0.00687462,8,2.5,-0.422508,3,1,0.212648,0,0,0.262301,0,0,0.00686499,9,2.5,-3,0,1,0,0,0,0,0,0,0.00791225,10,2.5,-2.99979,1,1,0.00162087,0,0,0.00281632,0,0,0.00742278,11,2.5,1.00167,-3,1,-0.5,0,0,0,0,0,0.00723368,12,2.5,-1,1,1,0,0,0,0,0,0,0.00782466,13,2.5,2.09486,-0.589886,1,-0.249377,0.5,0,0.382617,0,0,0.0108553,14,2.5,-0.917373,0.000883394,1,-0.301884,-0.00365691,0,0.501014,0.00594702,0,0.00912449,15,2.5,-5.92745e-05,-1.08282,1,-6.29004e-05,-0.027651,0,0.000382241,0.463277,0,0.0126174,16,2.5,1.40047,-1.00799,1,0.370177,-0.00440553,0,0.732414,0.0260621,0,0.011691,17,2.5,0.00187615,0.1097,1,-0.00516191,-0.331122,0,0.00449117,0.462059,0,0.00939782,18,2.5,0.141217,1.00057,1,-0.38035,-0.00151154,0,0.43543,0.00121444,0,0.0101006,19,2.5,-1.00123,2.57638,1,0.0014646,0.215112,0,-5.21541e-05,0.263721,0,0.00872913,20,2.5,3,-0.900812,1,0,-0.314694,0,0,0.470851,0,0.00532976,21,2.5,1.00076,1.19682,1,-0.00168514,-0.440263,0,0.000841916,0.352092,0,0.00999675,22,2.5,2.12699,1.00071,1,-0.00271425,-0.00395291,0,1.00002,0.00751019,0,0.00662967,23,2.5,-0.577506,1.99975,1,-0.212802,0.000131689,0,-0.264395,-0.000782311,0,0.0113023,24,2.5,-1.63582,-0.919477,1,-0.496747,-0.230595,0,0.066787,0.373948,0,0.00999117,25,2.5,2.00315,3,1,-0.0040669,0,0,-0.013724,0,0,0.00769277,26,2.5,1,-0.0276578,1,-3.03611e-05,0.187117,0,0.000104308,-0.475508,0,0.00993171,27,2.5,-3,2.06604,1,0,-0.265928,0,0,0.491917,0,0.00652706,28,2.5,-2.02766,2,1,0.187118,-3.8743e-05,0,-0.475526,0.000119209,0,0.0101715,29,2.5,0.000249836,2.42238,1,-0.000123486,-0.212722,0,0.000796152,-0.263929,0,0.0104438,30,2.5,2,-2,1,0,0,0,0,0,0,0.00843575,31,2.5,3,-2.02777,1,0,0.187494,0,0,-0.475839,0,0.00467626,32,2.5,-2.89987,-0.99835,1,-0.299473,-0.00471799,0,0.499621,0.00455603,0,0.0077719,33,2.5,-2,0.00314899,1,0,-0.00408611,0,0,-0.0138196,0,0.00652863,34,2.5,2.02777,2,1,-0.187494,0,0,0.475839,0,0,0.00809711,35,2.5,-0.989586,-1.332,1,-0.00863951,0.498649,0,-0.0285506,0.0127926,0,0.00818574
0,2.6,0.999615,-1.87107,1,-0.00025183,0.500003,0,0.0013411,-5.96046e-05,0,0.0127153,1,2.6,0.189003,-2.01915,1,0.40255,0.107044,0,0.269622,-0.584722,0,0.0107606,2,2.6,-1.01006,-3,1,0.136337,0,0,-0.42814,0,0,0.00663829,3,2.6,1,2.06848,1,0,-0.26316,0,0,0.46289,0,0.0115693,4,2.6,-2,1.00268,1,0,-0.00510812,0,0,-0.00679493,0,0.00668217,5,2.6,-1.87124,-2,1,0.500003,0,0,-5.96046e-05,0,0,0.0101594,6,2.6,-2.75353,-1.95061,1,0.498247,-0.209659,0,0.0350475,0.430703,0,0.00839966,7,2.6,2.6821,0.043241,1,0.486284,-0.157145,0,-0.144005,0.32514,0,0.00589928,8,2.6,-0.399764,3,1,0.243451,0,0,0.335366,0,0,0.00758995,9,2.6,-3,0,1,0,0,0,0,0,0,0.00734875,10,2.6,-2.99962,1,1,0.00169873,0,0,-0.00107288,0,0,0.00760384,11,2.6,0.951666,-3,1,-0.5,0,0,-2.98023e-05,0,0,0.00668873,12,2.6,-1,1,1,0,0,0,0,0,0,0.00820444,13,2.6,2.07181,-0.539886,1,-0.211781,0.5,0,0.368118,1.43051e-05,0,0.0119682,14,2.6,-0.945037,0.000548159,1,-0.251299,-0.00304238,0,0.506818,0.00627361,0,0.0101124,15,2.6,-6.36511e-05,-1.08335,1,-2.47939e-05,0.0161439,0,0.000372678,0.406802,0,0.0111192,16,2.6,1.44078,-1.00829,1,0.432143,-0.00171959,0,0.507057,0.0272989,0,0.01054,17,2.6,0.00138488,0.0789362,1,-0.00464084,-0.283858,0,0.00584399,0.480182,0,0.00932163,18,2.6,0.105439,1.00043,1,-0.334503,-0.00136793,0,0.478286,0.00160933,0,0.00950593,19,2.6,-1.00109,2.59938,1,0.00140071,0.246114,0,-0.00143051,0.338316,0,0.00802344,20,2.6,3,-0.929904,1,0,-0.266965,0,0,0.480741,0,0.00494258,21,2.6,1.0006,1.1547,1,-0.00157058,-0.400791,0,0.00137091,0.432968,0,0.0102167,22,2.6,2.13172,1.00035,1,0.0972807,-0.00320971,0,1.00017,0.00733137,0,0.00792982,23,2.6,-0.600279,1.99976,1,-0.243913,2.08616e-05,0,-0.339776,-0.00154972,0,0.0119757,24,2.6,-1.68504,-0.940687,1,-0.48638,-0.193845,0,0.141621,0.359684,0,0.0109803,25,2.6,2.00269,3,1,-0.00509024,0,0,-0.00679493,0,0,0.00936545,26,2.6,0.999998,-0.0112644,1,-1.93715e-05,0.141404,0,5.96046e-05,-0.436392,0,0.00902203,27,2.6,-3,2.0419,1,0,-0.217009,0,0,0.483155,0,0.00681461,28,2.6,-2.01127,1.99999,1,0.141406,-2.68221e-05,0,-0.436306,0.000178814,0,0.0099389,29,2.6,0.000242402,2.39961,1,-1.22382e-05,-0.243789,0,0.00156867,-0.33927,0,0.00856596,30,2.6,2,-2,1,0,0,0,0,0,0,0.00852457,31,2.6,3,-2.01134,1,0,0.14174,0,0,-0.436902,0,0.00449434,32,2.6,-2.9273,-0.998797,1,-0.249106,-0.00420213,0,0.504017,0.00569224,0,0.00939282,33,2.6,-2,0.00268336,1,0,-0.00511092,0,0,-0.00688969,0,0.00681072,34,2.6,2.01134,2,1,-0.14174,0,0,0.436902,0,0,0.0070873,35,2.6,-0.990578,-1.28226,1,-0.0110447,0.49406,0,-0.0195205,-0.111818,0,0.00981023
0,2.7,0.999596,-1.82107,1,-0.000119768,0.5,0,0.0012964,-7.45058e-06,0,0.0127153,1,2.7,0.230684,-2.01128,1,0.431494,0.0514157,0,0.295606,-0.521332,0,0.0107606,2,2.7,-0.998487,-3,1,0.0961151,0,0,-0.375047,0,0,0.00663829,3,2.7,1,2.04448,1,0,-0.216812,0,0,0.46064,0,0.0115693,4,2.7,-2,1.00162,1,0,-0.0204848,0,0,-0.273399,0,0.00668217,5,2.7,-1.82124,-2,1,0.5,0,0,-7.45058e-06,0,0,0.0101594,6,2.7,-2.7036,-1.96948,1,0.49989,-0.168229,0,0.00438094,0.397086,0,0.00839966,7,2.7,2.72988,0.0291065,1,0.467856,-0.126019,0,-0.224918,0.296732,0,0.00589928,8,2.7,-0.37351,3,1,0.283425,0,0,0.443315,0,0,0.00758995,9,2.7,-3,0.000522755,1,0,0.0149784,0,0,0.272003,0,0.00734875,10,2.7,-2.99894,1,1,0.0164472,0,0,0.268698,0,0,0.00760384,11,2.7,0.901666,-3,1,-0.5,0,0,0,0,0,0.00668873,12,2.7,-1,1,1,0,0,0,0,0,0,0.00820444,13,2.7,2.05244,-0.489886,1,-0.176079,0.5,0,0.345066,-1.78814e-06,0,0.0119682,14,2.7,-0.967654,-0.000224662,1,-0.201314,-0.0167415,0,0.489496,-0.253952,0,0.0101124,15,2.7,-6.43412e-05,-1.07984,1,1.01609e-05,0.0525577,0,0.000322936,0.319697,0,0.0111192,16,2.7,1.48616,-1.00833,1,0.471981,0.00096485,0,0.294901,0.0260919,0,0.01054,17,2.7,0.000951605,0.0529579,1,-0.00401111,-0.235728,0,0.00666081,0.479009,0,0.00932163,18,2.7,0.0744266,1.0003,1,-0.285376,-0.00119209,0,0.500081,0.00187755,0,0.00950593,19,2.7,-1.00096,2.62578,1,0.00127908,0.282392,0,-0.00102073,0.37545,0,0.00802344,20,2.7,3,-0.954203,1,0,-0.219173,0,0,0.471946,0,0.00494258,21,2.7,1.00045,1.11688,1,-0.00141393,-0.354821,0,0.00173599,0.482537,0,0.0102167,22,2.7,2.14645,1.00007,1,0.197289,-0.00250489,0,1.00002,0.00675023,0,0.00792982,23,2.7,-0.626597,1.99975,1,-0.284183,-7.7486e-05,0,-0.444964,-0.000476837,0,0.0119757,24,2.7,-1.73317,-0.958311,1,-0.477942,-0.159044,0,0.03995,0.33544,0,0.0109803,25,2.7,2.00215,3,1,-0.00548214,0,0,-0.0012815,0,0,0.00936545,26,2.7,0.999996,0.000778346,1,-1.3411e-05,0.100329,0,5.96046e-05,-0.383768,0,0.00902203,27,2.7,-3,2.02257,1,0,-0.169979,0,0,0.454739,0,0.00681461,28,2.7,-1.99923,1.99999,1,0.100337,-1.13621e-05,0,-0.383705,0.000141561,0,0.0099389,29,2.7,0.000247045,2.37331,1,8.69756e-05,-0.284022,0,0.000480755,-0.444725,0,0.00856596,30,2.7,2,-2,1,0,0,0,0,0,0,0.00852457,31,2.7,3,-1.99927,1,0,0.10061,0,0,-0.384338,0,0.00449434,32,2.7,-2.94971,-0.998665,1,-0.199312,0.0113807,0,0.487849,0.278313,0,0.00939282,33,2.7,-1.99948,0.00214776,1,0.0149786,-0.00550792,0,0.272006,-0.00129057,0,0.00681072,34,2.7,1.99927,2,1,-0.10061,0,0,0.384338,0,0,0.0070873,35,2.7,-0.992218,-1.23367,1,-0.025588,0.475386,0,-0.250187,-0.256732,0,0.00981023
0,2.8,0.999591,-1.77107,1,4.47035e-06,0.500003,0,0.00119209,-5.96046e-05,0,0.0115483,1,2.8,0.275265,-2.0086,1,0.45943,0.00388622,0,0.254348,-0.424504,0,0.0106576,2,2.8,-0.990654,-3,1,0.0615209,0,0,-0.316143,0,0,0.00604697,3,2.8,1,2.02508,1,0,-0.171667,0,0,0.439525,0,0.0111626,4,2.8,-2,0.997951,1,0,-0.0549227,0,0,-0.393987,0,0.0108387,5,2.8,-1.77124,-2,1,0.500003,0,0,-5.96046e-05,0,0,0.00989096,6,2.8,-2.6536,-1.98437,1,0.5,-0.130388,0,0,0.359058,0,0.00817304,7,2.8,2.7754,0.0179366,1,0.441319,-0.0979067,0,-0.305295,0.265069,0,0.00572937,8,2.8,-0.342915,3,1,0.32841,0,0,0.440165,0,0,0.00803529,9,2.8,-3,0.00364282,1,0,0.0494918,0,0,0.396742,0,0.0100429,10,2.8,-2.99569,1,1,0.0505686,0,0,0.392199,0,0,0.00840253,11,2.8,0.851666,-3,1,-0.5,0,0,-2.98023e-05,0,0,0.00632802,12,2.8,-1,1,1,0,0,0,0,0,0,0.0105826,13,2.8,2.03651,-0.439886,1,-0.14292,0.5,0,0.317335,-1.43051e-05,0,0.00973971,14,2.8,-0.98539,-0.00341989,1,-0.154004,-0.0491484,0,0.454068,-0.373646,0,0.0123844,15,2.8,-6.18159e-05,-1.07314,1,3.92332e-05,0.0798464,0,0.000256394,0.225484,0,0.011778,16,2.8,1.53453,-1.00811,1,0.492549,0.00344813,0,0.125527,0.0233054,0,0.00994527,17,2.8,0.000584521,0.0317543,1,-0.00332528,-0.188677,0,0.0069795,0.459204,0,0.0107997,18,2.8,0.0483959,1.00019,1,-0.235263,-0.000998378,0,0.498579,0.00202656,0,0.00951915,19,2.8,-1.00083,2.65587,1,0.00118911,0.319076,0,-0.00077486,0.348568,0,0.00809627,20,2.8,3,-0.973797,1,0,-0.173146,0,0,0.446051,0,0.00460606,21,2.8,1.00031,1.08387,1,-0.00122488,-0.305042,0,0.00190735,0.509262,0,0.0111556,22,2.8,2.17118,0.999848,1,0.297284,-0.00186265,0,1.00017,0.00610948,0,0.00708436,23,2.8,-0.657272,1.99975,1,-0.329231,-8.9407e-05,0,-0.439882,0.000298023,0,0.0103698,24,2.8,-1.78085,-0.972585,1,-0.476068,-0.126915,0,0.00798702,0.306457,0,0.0106933,25,2.8,2.00161,3,1,-0.00538826,0,0,0.00286102,0,0,0.00822521,26,2.8,0.999995,0.00898869,1,-7.45058e-06,0.0648621,0,2.98023e-05,-0.324799,0,0.00999673,27,2.8,-3,2.00778,1,0,-0.126535,0,0,0.412166,0,0.00784482,28,2.8,-1.99102,1.99999,1,0.0648737,0,0,-0.324726,0.000119209,0,0.0109797,29,2.8,0.000256796,2.34265,1,9.59531e-05,-0.329047,0,-0.000245986,-0.440001,0,0.00902318,30,2.8,2,-2,1,0,0,0,0,0,0,0.0082465,31,2.8,3,-1.99103,1,0,0.0650883,0,0,-0.325441,0,0.00501221,32,2.8,-2.96725,-0.995873,1,-0.152254,0.0465393,0,0.450253,0.403196,0,0.00781241,33,2.8,-1.99636,0.0015981,1,0.0494927,-0.00541499,0,0.396729,0.00292988,0,0.0133364,34,2.8,1.99103,2,1,-0.0650883,0,0,0.325441,0,0,0.00816878,35,2.8,-0.996263,-1.18762,1,-0.0572369,0.443688,0,-0.365496,-0.372291,0,0.0103253
0,2.9,0.999597,-1.72107,1,0.000116322,0.5,0,0.00103936,-7.45058e-06,0,0.0115483,1,2.9,0.322378,-2.00999,1,0.481601,-0.028491,0,0.181474,-0.231087,0,0.0106576,2,2.9,-0.985978,-3,1,0.0330274,0,0,-0.253957,0,0,0.00604697,3,2.9,1,2.00953,1,0,-0.144424,0,0,0.130743,0,0.0111626,4,2.9,-2,0.99025,1,-7.07805e-06,-0.100987,0,-0.000223517,-0.508096,0,0.0108387,5,2.9,-1.72124,-2,1,0.5,0,0,-7.45058e-06,0,0,0.00989096,6,2.9,-2.6036,-1.9957,1,0.5,-0.0968581,0,0,0.311725,0,0.00817304,7,2.9,2.81785,0.00941274,1,0.40615,-0.0731589,0,-0.393569,0.229821,0,0.00572937,8,2.9,-0.307565,3,1,0.380592,0,0,0.562219,0,0,0.00803529,9,2.9,-3,0.0108193,1,0,0.0959784,0,0,0.513576,0,0.0100429,10,2.9,-2.98843,1,1,0.0965979,8.56817e-06,0,0.509068,0.00025332,0,0.00840253,11,2.9,0.801666,-3,1,-0.5,0,0,0,0,0,0.00632802,12,2.9,-1,1.00052,1,0,0.0149786,0,0,0.272006,0,0.0105826,13,2.9,2.02375,-0.389937,1,-0.112867,0.498368,0,0.283495,-0.0366549,0,0.00973971,14,2.9,-0.998608,-0.0104495,1,-0.111252,-0.0934213,0,0.400119,-0.492704,0,0.0123844,15,2.9,-5.67395e-05,-1.06419,1,6.1009e-05,0.0975423,0,0.000179358,0.130072,0,0.011778,16,2.9,1.5842,-1.00765,1,0.499148,0.00551641,0,0.0208244,0.0180751,0,0.00994527,17,2.9,0.00028682,0.0156549,1,-0.00263101,-0.129355,0,0.00684475,0.697183,0,0.0107997,18,2.9,0.0268744,1.0001,1,-0.199575,-0.000797026,0,0.233771,0.00198931,0,0.00951915,19,2.9,-1.00169,2.68928,1,-0.0270924,0.346532,0,-0.523962,0.202939,0,0.00809627,20,2.9,3,-0.988945,1,0,-0.130493,0,0,0.405163,0,0.00460606,21,2.9,1.0002,1.05547,1,-0.00102706,-0.266769,0,0.00202656,0.273399,0,0.0111556,22,2.9,2.20557,0.999691,1,0.386669,-0.00129445,0,0.773072,0.00525638,0,0.00708436,23,2.9,-0.692193,2.00019,1,-0.367059,0.0130184,0,-0.312705,0.24046,0,0.0103698,24,2.9,-1.82851,-0.983804,1,-0.477991,-0.098066,0,-0.0361428,0.270307,0,0.0106933,25,2.9,2.00109,3,1,-0.00494756,0,0,0.00573695,0,0,0.00822521,26,2.9,0.999472,0.0139559,1,-0.0149809,0.0355288,0,-0.271939,-0.262037,0,0.00999673,27,2.9,-3,1.9971,1,0,-0.0879694,0,0,0.358105,0,0.00784482,28,2.9,-1.98605,1.99999,1,0.0355454,9.49949e-06,0,-0.262,8.19564e-05,0,0.0109797,29,2.9,0.000264475,2.30775,1,5.1636e-05,-0.366891,0,-0.000606036,-0.312895,0,0.00902318,30,2.9,2,-2,1,0,0,0,0,0,0,0.0082465,31,2.9,3,-1.98604,1,0,0.0356931,0,0,-0.262618,0,0.00501221,32,2.9,-2.98031,-0.98876,1,-0.109787,0.0994011,0,0.39655,0.625204,0,0.00781241,33,2.9,-1.98918,0.00107671,1,0.0959178,-0.00496118,0,0.512473,0.00602785,0,0.0133364,34,2.9,1.98552,2,1,-0.0506563,0,0,-0.00911206,0,0,0.00816878,35,2.9,-1.00429,-1.14528,1,-0.107402,0.401567,0,-0.607695,-0.463836,0,0.0103253
0,3,0.999613,-1.67107,1,0.000213087,0.500003,0,0.000834465,-5.96046e-05,0,0.0121795,1,3,0.371286,-2.01373,1,0.49497,-0.0438631,0,0.0859797,-0.0833273,0,0.011562,2,3,-0.983844,-3,1,0.0106528,0,0,-0.194073,0,0,0.0059353,3,3,1,1.9954,1,0,-0.140977,0,0,-0.0419021,0,0.0113128,4,3,-2,0.977555,1,-5.96046e-05,-0.153105,0,-0.000953674,-0.519097,0,0.0138349,5,3,-1.67124,-2,1,0.500003,0,0,-5.96046e-05,0,0,0.0107226,6,3,-2.5536,-2.0039,1,0.5,-0.0680029,0,0,0.265837,0,0.00929619,7,3,2.85638,0.00318704,1,0.363487,-0.051943,0,-0.455379,0.194557,0,0.00600098,8,3,-0.26676,3,1,0.434195,0,0,0.484482,0,0,0.00558001,9,3,-3,0.0230447,1,0,0.148732,0,0,0.526149,0,0.0077906,10,3,-2.97616,1,1,0.148916,6.85453e-05,0,0.522256,0.00089407,0,0.013384,11,3,0.751666,-3,1,-0.5,0,0,-2.98023e-05,0,0,0.00835199,12,3,-1,1.00364,1,0,0.0494927,0,0,0.396729,0,0.0121696,13,3,2.01382,-0.340372,1,-0.0862539,0.491977,0,0.24879,-0.0940263,0,0.0111078,14,3,-1.00783,-0.0223206,1,-0.0741094,-0.144267,0,0.342071,-0.509086,0,0.0162887,15,3,-4.9867e-05,-1.05393,1,7.52089e-05,0.106224,0,0.000105443,0.0455976,0,0.0121892,16,3,1.63413,-1.00702,1,0.49853,0.00706613,0,-0.0294447,0.0128746,0,0.0101719,17,3,5.72968e-05,0.00639404,1,-0.00196714,-0.0545763,0,0.00638578,0.775081,0,0.0139928,18,3,0.00777548,1.00003,1,-0.185116,-0.000604987,0,0.0707418,0.00187755,0,0.0123862,19,3,-1.0076,2.72472,1,-0.0960916,0.360149,0,-0.821769,0.0720024,0,0.00906723,20,3,3,-1.00005,1,0,-0.09242,0,0,0.355065,0,0.0055062,21,3,1.00011,1.02989,1,-0.000825524,-0.247228,0,0.00202656,0.131547,0,0.0110672,22,3,2.24764,0.999587,1,0.450116,-0.000809133,0,0.492811,0.00444055,0,0.00902402,23,3,-0.730225,2.00295,1,-0.391161,0.0441074,0,-0.167191,0.364065,0,0.00949027,24,3,-1.87649,-0.99232,1,-0.481454,-0.0728801,0,-0.0249147,0.233322,0,0.0105604,25,3,2.00062,3,1,-0.00427961,0,0,0.00762939,0,0,0.00549213,26,3,0.996352,0.0163011,1,-0.0494868,0.0123875,0,-0.396669,-0.201289,0,0.0132799,27,3,-3,1.99,1,0,-0.0550717,0,0,0.299394,0,0.00718967,28,3,-1.9837,1.99999,1,0.0124037,1.49012e-05,0,-0.201225,5.96046e-05,0,0.00889932,29,3,0.00026625,2.26973,1,-1.90143e-05,-0.391012,0,-0.000778891,-0.16737,0,0.0104742,30,3,2,-2,1,0,0,0,0,0,0,0.00755719,31,3,3,-1.98368,1,0,0.0124991,0,0,-0.201821,0,0.00550752,32,3,-2.98941,-0.975525,1,-0.0733495,0.166391,0,0.330806,0.691503,0,0.00760291,33,3,-1.97697,0.000615018,1,0.148535,-0.00423249,0,0.52464,0.00843365,0,0.0145138,34,3,1.98005,2,1,-0.0619441,0,0,-0.194609,-5.96046e-05,0,0.0122694,35,3,-1.01827,-1.10755,1,-0.173354,0.352108,0,-0.687242,-0.519812,0,0.0106882
0,3.1,0.999638,-1.62107,1,0.000285544,0.5,0,0.000618398,-7.45058e-06,0,0.0121795,1,3.1,0.421068,-2.01837,1,0.499503,-0.0473101,0,0.0162254,0.00955164,0,0.011562,2,3.1,-0.983653,-3,1,-0.00589732,0,0,-0.138059,0,0,0.0059353,3,3.1,1,1.98055,1,0,-0.160685,0,0,-0.323348,0,0.0113128,4,3.1,-2.00001,0.959628,1,-0.000168756,-0.205287,0,-0.00135601,-0.511587,0,0.0138349,5,3.1,-1.62124,-2,1,0.5,0,0,-7.45058e-06,0,0,0.0107226,6,3.1,-2.5036,-2.00945,1,0.5,-0.0436872,0,0,0.220865,0,0.00929619,7,3.1,2.88991,-0.00109271,1,0.3023,-0.03423,0,-0.739023,0.15989,0,0.00600098,8,3.1,-0.221179,3,1,0.474404,0,0,0.306026,0,0,0.00558001,9,3.1,-3,0.0405786,1,0,0.201901,0,0,0.523768,0,0.0077906,10,3.1,-2.95864,1.00002,1,0.201513,0.000170991,0,0.516579,0.0012815,0,0.013384,11,3.1,0.701666,-3,1,-0.5,0,0,0,0,0,0.00835199,12,3.1,-1,1.01102,1,0,0.101717,0,0,0.618957,0,0.0121696,13,3.1,2.00637,-0.29137,1,-0.0634592,0.490183,0,0.207797,0.0347532,0,0.0111078,14,3.1,-1.01364,-0.039387,1,-0.0431314,-0.197594,0,0.278205,-0.541413,0,0.0162887,15,3.1,-4.19367e-05,-1.04321,1,8.22671e-05,0.107075,0,3.76922e-05,-0.0257045,0,0.0121892,16,3.1,1.68372,-1.00626,1,0.492141,0.00810847,0,-0.101484,0.00801682,0,0.0101719,17,3.1,-0.000108449,0.00495437,1,-0.00135533,0.0267129,0,0.00593009,0.83131,0,0.0139928,18,3.1,-0.0107586,0.999978,1,-0.188819,-0.000434089,0,-0.124883,0.00146404,0,0.0123862,19,3.1,-1.02167,2.76085,1,-0.187737,0.360271,0,-0.977725,-0.0644773,0,0.00906723,20,3.1,3,-1.00708,1,0,-0.0446044,0,0,0.57295,0,0.0055062,21,3.1,1.00004,1.00548,1,-0.000622869,-0.244068,0,0.00207126,-0.0496469,0,0.0110672,22,3.1,2.29465,0.999527,1,0.485504,-0.000405498,0,0.224546,0.00363588,0,0.00902402,23,3.1,-0.769834,2.00957,1,-0.39774,0.0917371,0,0.0288486,0.566438,0,0.00949027,24,3.1,-1.92479,-0.998507,1,-0.484593,-0.0515071,0,-0.0300929,0.194397,0,0.0105604,25,3.1,2.00024,3,1,-0.00347514,0,0,0.0083372,0,0,0.00549213,26,3.1,0.989175,0.0166363,1,-0.0959895,-0.00469646,0,-0.51396,-0.142044,0,0.0132799,27,3.1,-3,1.98589,1,0,-0.0282051,0,0,0.238292,0,0.00718967,28,3.1,-1.98337,1.99999,1,-0.00480954,1.8999e-05,0,-0.144146,1.49012e-05,0,0.00889932,29,3.1,0.00026046,2.23009,1,-9.63708e-05,-0.398888,0,-0.000754922,0.00578165,0,0.0104742,30,3.1,2,-2,1,0,0,0,0,0,0,0.00755719,31,3.1,3,-1.98282,1,0,0.0102149,0,0,0.127487,0,0.00550752,32,3.1,-2.99521,-0.955368,1,-0.0438642,0.237006,0,0.25858,0.706337,0,0.00760291,33,3.1,-1.95947,0.000234725,1,0.201465,-0.00336432,0,0.520714,0.00897357,0,0.0145138,34,3.1,1.97253,2,1,-0.0912769,2.6077e-06,0,-0.371106,0.000193715,0,0.0122694,35,3.1,-1.03911,-1.07498,1,-0.243727,0.298976,0,-0.705451,-0.538431,0,0.0106882
0,3.2,0.99967,-1.57107,1,0.000336766,0.500003,0,0.000417233,-5.96046e-05,0,0.0107291,1,3.2,0.471056,-2.02293,1,0.5,-0.0428677,0,0,0.0749826,0,0.0113781,2,3.2,-0.984849,-3,1,-0.0171915,0,0,-0.0890791,0,0,0.00587911,3,3.2,1,1.9626,1,0,-0.200421,0,0,-0.448108,0,0.0129705,4,3.2,-2.00004,0.936643,1,-0.000351667,-0.253156,0,-0.0025034,-0.436127,0,0.0148269,5,3.2,-1.57124,-2,1,0.500003,0,0,-5.96046e-05,0,0,0.0100048,6,3.2,-2.4536,-2.01279,1,0.5,-0.0237525,0,0,0.178456,0,0.00901452,7,3.2,2.91618,-0.00377231,1,0.220954,-0.0199148,0,-0.864506,0.12673,0,0.00715286,8,3.2,-0.172556,3,1,0.494688,0,0,0.106237,0,0,0.00462235,9,3.2,-3,0.0632912,1,0,0.251124,0,0,0.450556,0,0.0115685,10,3.2,-2.936,1.00004,1,0.24994,0.000351667,0,0.442266,0.00238419,0,0.0137218,11,3.2,0.651666,-3,1,-0.5,0,0,-2.98023e-05,0,0,0.00912065,12,3.2,-1,1.02445,1,0,0.168106,0,0,0.685692,0,0.0126535,13,3.2,2.001,-0.242113,1,-0.0445575,0.495256,0,0.170767,0.0533533,0,0.0106699,14,3.2,-1.01666,-0.0617967,1,-0.0183165,-0.249718,0,0.218868,-0.488792,0,0.0176243,15,3.2,-3.36196e-05,-1.03273,1,8.31459e-05,0.101647,0,-1.81008e-05,-0.0801086,0,0.0112052,16,3.2,1.73229,-1.00541,1,0.477752,0.00867844,0,-0.187874,0.00333786,0,0.0102498,17,3.2,-0.000214547,0.0117416,1,-0.000767274,0.108238,0,0.00588971,0.784114,0,0.016408,18,3.2,-0.0304516,0.999941,1,-0.206499,-0.000326335,0,-0.2127,0.000655651,0,0.0184698,19,3.2,-1.0454,2.79637,1,-0.287181,0.348228,0,-0.999987,-0.1719,0,0.00789109,20,3.2,3,-1.00851,1,0,0.0171661,0,0,0.640631,0,0.00448781,21,3.2,0.999986,0.980649,1,-0.000399351,-0.253791,0,0.00241399,-0.129789,0,0.0127019,22,3.2,2.34397,0.999503,1,0.49789,-7.89762e-05,0,0.0422001,0.00292063,0,0.0077268,23,3.2,-0.809186,2.02176,1,-0.386699,0.153351,0,0.185579,0.647545,0,0.00946263,24,3.2,-1.97336,-1.00275,1,-0.486091,-0.0339359,0,0.00619888,0.157177,0,0.00949937,25,3.2,1.99993,3,1,-0.00263751,0,0,0.00828505,0,0,0.00458269,26,3.2,0.976946,0.015543,1,-0.148802,-0.0163422,0,-0.526935,-0.0924268,0,0.0168527,27,3.2,-3,1.98416,1,0,-0.00731945,0,0,0.180125,0,0.00807959,28,3.2,-1.98448,2,1,-0.0166595,1.78814e-05,0,-0.0939369,5.96046e-05,0,0.00822162,29,3.2,0.00024718,2.19049,1,-0.000167666,-0.390697,0,-0.000660984,0.154018,0,0.0111899,30,3.2,2,-2,1,0,0,0,0,0,0,0.00862325,31,3.2,3,-1.98081,1,0,0.032866,0,0,0.302792,0,0.00394651,32,3.2,-2.99843,-0.928212,1,-0.0216126,0.305063,0,0.187278,0.643224,0,0.00898137,33,3.2,-1.93681,-5.56623e-05,1,0.250357,-0.00243102,0,0.447214,0.00971632,0,0.0152563,34,3.2,1.9614,2,1,-0.132394,4.76837e-05,0,-0.434399,0.000953674,0,0.0117296,35,3.2,-1.06693,-1.04777,1,-0.311795,0.245231,0,-0.644028,-0.532687,0,0.0112724
0,3.3,0.999705,-1.52107,1,0.000369269,0.5,0,0.000234693,-7.45058e-06,0,0.0107291,1,3.3,0.521056,-2.02677,1,0.5,-0.0332534,0,2.08616e-06,0.113815,0,0.0113781,2,3.3,-0.98694,-3,1,-0.0239551,0,0,-0.047639,0,0,0.00587911,3,3.3,1,1.94015,1,0,-0.249838,0,0,-0.52432,0,0.0129705,4,3.3,-2.00009,0.909268,1,-0.000618398,-0.29297,0,-0.00298023,-0.353429,0,0.0148269,5,3.3,-1.52124,-2,1,0.5,0,0,-7.45058e-06,0,0,0.0100048,6,3.3,-2.40362,-2.01434,1,0.499229,-0.00807233,0,-0.0206381,0.136033,0,0.00901452,7,3.3,2.93369,-0.00519156,1,0.127305,-0.00906544,0,-0.983059,0.0910184,0,0.00715286,8,3.3,-0.122762,3,1,0.499668,0,0,0.0132783,0,0,0.00462235,9,3.3,-3,0.0905437,1,0,0.292612,0,0,0.371875,0,0.0115685,10,3.3,-2.90892,1.00009,1,0.29036,0.000610389,0,0.359386,0.00292808,0,0.0137218,11,3.3,0.601666,-3,1,-0.5,0,0,0,0,0,0.00912065,12,3.3,-1,1.04487,1,0,0.241385,0,0,0.760809,0,0.0126535,13,3.3,1.99734,-0.192364,1,-0.0292491,0.499184,0,0.136167,0.0222416,0,0.0106699,14,3.3,-1.0175,-0.0892283,1,0.000561401,-0.298717,0,0.160262,-0.47734,0,0.0176243,15,3.3,-2.54732e-05,-1.02303,1,7.90636e-05,0.0916179,0,-6.12236e-05,-0.117719,0,0.0112052,16,3.3,1.77893,-1.00454,1,0.453342,0.00878125,0,-0.296779,-0.00113249,0,0.0102498,17,3.3,-0.00026273,0.0264055,1,-0.000201538,0.183924,0,0.00557598,0.717513,0,0.016408,18,3.3,-0.052364,0.99991,1,-0.233305,-0.000287127,0,-0.306504,-3.35276e-05,0,0.0184698,19,3.3,-1.07895,2.83019,1,-0.381248,0.326839,0,-0.846878,-0.25174,0,0.00789109,20,3.3,3,-1.00345,1,0,0.084975,0,0,0.697292,0,0.00448781,21,3.3,0.999957,0.954473,1,-0.000181794,-0.270869,0,0.00207126,-0.197817,0,0.0127019,22,3.3,2.39389,0.999508,1,0.499868,0.000174437,0,0.00527501,0.00216439,0,0.0077268,23,3.3,-0.846641,2.04046,1,-0.359765,0.221654,0,0.343349,0.705168,0,0.00946263,24,3.3,-2.02196,-1.00541,1,-0.48617,-0.0199554,0,-0.000394881,0.122897,0,0.00949937,25,3.3,1.99971,3,1,-0.00183582,0,0,0.0076741,0,0,0.00458269,26,3.3,0.95941,0.0135205,1,-0.201813,-0.0234126,0,-0.520211,-0.0507111,0,0.0168527,27,3.3,-3,1.98423,1,0,0.00793971,0,0,0.126228,0,0.00807959,28,3.3,-1.98654,2,1,-0.0238523,2.08616e-05,0,-0.0513643,1.49012e-05,0,0.00822162,29,3.3,0.000227328,2.1524,1,-0.000226982,-0.369265,0,-0.00051841,0.27059,0,0.0111899,30,3.3,2,-2,1,0,0,0,0,0,0,0.00862325,31,3.3,3,-1.97549,1,0,0.0780368,0,0,0.570066,0,0.00394651,32,3.3,-2.99977,-0.894557,1,-0.00622459,0.367077,0,0.122532,0.586856,0,0.00898137,33,3.3,-1.90964,-0.000252698,1,0.291946,-0.00153062,0,0.376686,0.00845686,0,0.0152563,34,3.3,1.94584,2.00001,1,-0.179886,0.000153482,0,-0.498302,0.0013411,0,0.0117296,35,3.3,-1.10126,-1.02586,1,-0.37383,0.193624,0,-0.58616,-0.497513,0,0.0112724
0,3.4,0.999743,-1.47107,1,0.00038445,0.500003,0,8.9407e-05,-5.96046e-05,0,0.0103859,1,3.4,0.571056,-2.02949,1,0.5,-0.0207543,0,2.98023e-05,0.133276,0,0.0107831,2,3.4,-0.989516,-3,1,-0.0269994,0,0,-0.0146031,0,0,0.00573675,3,3.4,1,1.91253,1,0,-0.302401,0,0,-0.51409,0,0.0136679,4,3.4,-2.00017,0.878386,1,-0.000971556,-0.322722,0,-0.00405312,-0.237077,0,0.0149768,5,3.4,-1.47124,-2,1,0.500003,0,0,-5.96046e-05,0,0,0.0102941,6,3.4,-2.35387,-2.01453,1,0.494951,0.00362992,0,-0.0687838,0.0988245,0,0.00950327,7,3.4,2.94145,-0.0056968,1,0.027734,-0.00155813,0,-1.00017,0.0598971,0,0.00904232,8,3.4,-0.0727688,3,1,0.5,0,0,2.38419e-06,0,0,0.00468799,9,3.4,-3,0.121484,1,0,0.324269,0,0,0.256286,0,0.0099798,10,3.4,-2.87827,1.00017,1,0.320685,0.000959635,0,0.24271,0.00411272,0,0.0140301,11,3.4,0.551665,-3,1,-0.5,0,0,-2.98023e-05,0,0,0.00792552,12,3.4,-1,1.0728,1,0,0.316817,0,0,0.732303,0,0.0148571,13,3.4,1.99504,-0.142386,1,-0.0171721,0.5,0,0.105977,3.57628e-06,0,0.010448,14,3.4,-1.01673,-0.121373,1,0.0140399,-0.342772,0,0.110745,-0.393476,0,0.0189038,15,3.4,-1.7928e-05,-1.0145,1,7.13419e-05,0.0786155,0,-9.11235e-05,-0.139892,0,0.0117614,16,3.4,1.82263,-1.00367,1,0.419113,0.00848174,0,-0.384092,-0.00470877,0,0.0119485,17,3.4,-0.000254507,0.0481924,1,0.000373744,0.249658,0,0.00603695,0.588415,0,0.015704,18,3.4,-0.0772661,0.999879,1,-0.264787,-0.000360608,0,-0.309914,-0.00151992,0,0.0196448,19,3.4,-1.12085,2.86151,1,-0.451693,0.298679,0,-0.547945,-0.307918,0,0.00873631,20,3.4,3,-0.991497,1,0,0.153381,0,0,0.656635,0,0.00467556,21,3.4,0.999949,0.92638,1,3.8743e-05,-0.290878,0,0.00247359,-0.191629,0,0.0119547,22,3.4,2.44388,0.999535,1,0.5,0.000357628,0,0,0.00149012,0,0.00795362,23,3.4,-0.880708,2.06615,1,-0.319859,0.291967,0,0.44623,0.690222,0,0.00988718,24,3.4,-2.07054,-1.00685,1,-0.484854,-0.00925958,0,0.0323057,0.0915527,0,0.0105137,25,3.4,1.99956,3,1,-0.00111163,0,0,0.00667572,0,0,0.00435159,26,3.4,0.936728,0.0109827,1,-0.250553,-0.0268114,0,-0.444829,-0.0188062,0,0.0192576,27,3.4,-3,1.98558,1,0,0.0181645,0,0,0.079453,0,0.00665034,28,3.4,-1.98913,2,1,-0.0272155,1.78814e-05,0,-0.0172853,0.000119209,0,0.00894748,29,3.4,0.000202319,2.11699,1,-0.000270296,-0.33741,0,-0.000344306,0.362396,0,0.011617,30,3.4,2,-2,1,0,0,0,0,0,0,0.00845575,31,3.4,3,-1.96461,1,0,0.141358,0,0,0.671804,0,0.00406762,32,3.4,-2.99987,-0.85508,1,0.00331402,0.420636,0,0.0706911,0.476569,0,0.00908678,33,3.4,-1.87873,-0.000364436,1,0.324365,-0.000710475,0,0.266254,0.00807249,0,0.0151637,34,3.4,1.92537,2.00004,1,-0.229013,0.000345707,0,-0.470996,0.00274181,0,0.0153152,35,3.4,-1.14141,-1.00891,1,-0.427204,0.146076,0,-0.473559,-0.451952,0,0.010914
0,3.5,0.999782,-1.42108,1,0.000384729,0.499882,0,-7.82311e-05,-0.00473112,0,0.0103859,1,3.5,0.620981,-2.0309,1,0.497684,-0.00761598,0,-0.0493936,0.12818,0,0.0107831,2,3.5,-0.992244,-3,1,-0.0271548,0,0,0.01017,0,0,0.00573675,3,3.5,1,1.87971,1,0,-0.353863,0,0,-0.503458,0,0.0136679,4,3.5,-2.00028,0.84508,1,-0.00132769,-0.341795,0,-0.00327826,-0.141345,0,0.0149768,5,3.5,-1.42124,-2,1,0.499882,0,0,-0.00470132,0,0,0.0102941,6,3.5,-2.30482,-2.01373,1,0.484936,0.0118863,0,-0.134394,0.0670999,0,0.00950327,7,3.5,2.93923,-0.00564854,1,-0.0719342,0.00164843,0,-0.987455,0.00736301,0,0.00904232,8,3.5,-0.0227688,3,1,0.5,0,0,2.98023e-07,0,0,0.00468799,9,3.5,-3,0.155032,1,0,0.345009,0,0,0.155519,0,0.0099798,10,3.5,-2.84515,1.00028,1,0.340026,0.00134949,0,0.141472,0.00385195,0,0.0140301,11,3.5,0.501665,-3,1,-0.5,0,0,5.66244e-06,0,0,0.00792552,12,3.5,-1,1.10797,1,0,0.384549,0,0,0.612214,0,0.0148571,13,3.5,1.99381,-0.0923859,1,-0.00791345,0.5,0,0.0798777,2.98023e-07,0,0.010448,14,3.5,-1.01485,-0.157516,1,0.022669,-0.378936,0,0.0638291,-0.324275,0,0.0189038,15,3.5,-1.1283e-05,-1.00736,1,6.12697e-05,0.0641249,0,-0.000108435,-0.147969,0,0.0117614,16,3.5,1.86251,-1.00285,1,0.37751,0.00787452,0,-0.444703,-0.00731647,0,0.0119485,17,3.5,-0.000187864,0.0759094,1,0.000954513,0.302617,0,0.00575441,0.464708,0,0.015704,18,3.5,-0.105454,0.999835,1,-0.30012,-0.000542123,0,-0.378984,-0.00234321,0,0.0196448,19,3.5,-1.16817,2.88977,1,-0.489373,0.265998,0,-0.219107,-0.342414,0,0.00873631,20,3.5,3,-0.972905,1,0,0.217835,0,0,0.61927,0,0.00467556,21,3.5,0.999964,0.896339,1,0.000235997,-0.309682,0,0.00165403,-0.175945,0,0.0119547,22,3.5,2.49388,0.999578,1,0.5,0.000478514,0,0,0.000938773,0,0.00795362,23,3.5,-0.910462,2.09889,1,-0.275276,0.362937,0,0.443522,0.697091,0,0.00988718,24,3.5,-2.11893,-1.00736,1,-0.483304,-0.00142343,0,0.00703335,0.0656247,0,0.0105137,25,3.5,1.99948,3,1,-0.000501238,0,0,0.00550598,0,0,0.00435159,26,3.5,0.909572,0.008251,1,-0.291166,-0.0274247,0,-0.360716,0.00511546,0,0.0192576,27,3.5,-3,1.98772,1,0,0.0240831,0,0,0.0403449,0,0.00665034,28,3.5,-1.99189,2,1,-0.0275891,2.49594e-05,0,0.00846386,4.47035e-05,0,0.00894748,29,3.5,0.00017389,2.08518,1,-0.000295129,-0.297698,0,-0.000154887,0.426397,0,0.011617,30,3.5,2,-2,1,0,0,0,0,0,0,0.00845575,31,3.5,3,-1.94701,1,0,0.211326,0,0,0.711806,0,0.00406762,32,3.5,-2.99925,-0.810873,1,0.00845492,0.461062,0,0.0338256,0.330564,0,0.00908678,33,3.5,-1.84507,-0.000399231,1,0.347763,-2.04482e-05,0,0.195928,0.00596609,0,0.0151637,34,3.5,1.90007,2.00008,1,-0.277034,0.000648946,0,-0.474922,0.00351667,0,0.0153152,35,3.5,-1.18621,-0.996461,1,-0.466075,0.103932,0,-0.305317,-0.390835,0,0.010914
0,3.6,0.99982,-1.37115,1,0.000371039,0.49811,0,-0.000238419,-0.0378489,0,0.0099781,1,3.6,0.6704,-2.03104,1,0.48961,0.0046432,0,-0.114173,0.115991,0,0.0128794,2,3.6,-0.994877,-3,1,-0.0252143,0,0,0.0274777,0,0,0.00641258,3,3.6,1,1.8419,1,0,-0.401008,0,0,-0.430346,0,0.0117838,4,3.6,-2.00043,0.810373,1,-0.00165701,-0.35053,0,-0.00357628,-0.0317991,0,0.0153878,5,3.6,-1.37132,-2,1,0.498119,0,0,-0.0374913,0,0,0.00958467,6,3.6,-2.25713,-2.01225,1,0.467634,0.0172079,0,-0.213027,0.0400543,0,0.00946549,7,3.6,2.92719,-0.00551197,1,-0.167674,0.000501669,0,-0.911951,-0.0275553,0,0.00966801,8,3.6,0.0272312,3,1,0.5,0,0,1.19209e-06,0,0,0.00505262,9,3.6,-3,0.190124,1,0,0.35492,0,0,0.0411797,0,0.00769169,10,3.6,-2.81062,1.00044,1,0.348586,0.00175238,0,0.0288486,0.00441074,0,0.0135894,11,3.6,0.451665,-3,1,-0.5,0,0,1.43051e-05,0,0,0.00881074,12,3.6,-1,1.14922,1,0,0.437787,0,0,0.447869,0,0.0120287,13,3.6,1.99338,-0.0423859,1,-0.00106692,0.5,0,0.0577569,0,0,0.0107695,14,3.6,-1.01233,-0.196878,1,0.0271767,-0.406672,0,0.028193,-0.226423,0,0.0169261,15,3.6,-5.71379e-06,-1.00169,1,5.00002e-05,0.0493735,0,-0.000115389,-0.145525,0,0.0132665,16,3.6,1.89796,-1.0021,1,0.330833,0.00704527,0,-0.48548,-0.00917912,0,0.00975864,17,3.6,-6.29357e-05,0.108249,1,0.00155423,0.341617,0,0.00636008,0.311546,0,0.0163492,18,3.6,-0.137354,0.999766,1,-0.337439,-0.000868738,0,-0.353724,-0.00438094,0,0.0208677,19,3.6,-1.21779,2.91463,1,-0.499505,0.230819,0,-0.00989437,-0.358343,0,0.00706884,20,3.6,3,-0.948177,1,0,0.274949,0,0,0.513256,0,0.00437452,21,3.6,0.999996,0.864575,1,0.000403821,-0.324599,0,0.00181794,-0.116229,0,0.0118804,22,3.6,2.54388,0.999629,1,0.5,0.000549853,0,0,0.000447035,0,0.0085154,23,3.6,-0.93579,2.13848,1,-0.231515,0.42631,0,0.430048,0.551701,0,0.0096052,24,3.6,-2.16721,-1.00722,1,-0.481963,0.00396073,0,0.0264645,0.0425577,0,0.00973616,25,3.6,1.99946,3,1,-8.9407e-06,0,0,0.00423193,0,0,0.00412323,26,3.6,0.878837,0.00556383,1,-0.321577,-0.0260525,0,-0.243008,0.0211111,0,0.019694,27,3.6,-3,1.99028,1,0,0.0265092,0,0,0.00941753,0,0.00658087,28,3.6,-1.99457,2.00001,1,-0.025779,2.98023e-05,0,0.0266433,-0.000119209,0,0.00895896,29,3.6,0.000143896,2.05761,1,-0.00030189,-0.253153,0,1.60688e-05,0.459433,0,0.0109258,30,3.6,2,-2,1,0,0,0,0,0,0,0.00778765,31,3.6,3,-1.92236,1,0,0.280881,0,0,0.666618,0,0.00418327,32,3.6,-2.99828,-0.763362,1,0.010407,0.486681,0,0.00667572,0.18245,0,0.00833717,33,3.6,-1.80947,-0.000373302,1,0.362593,0.000525283,0,0.0968575,0.00513592,0,0.0158314,34,3.6,1.87009,2.00017,1,-0.32146,0.0010848,0,-0.402808,0.00536442,0,0.0141566,35,3.6,-1.23409,-0.98792,1,-0.48888,0.067912,0,-0.155389,-0.329673,0,0.00902325
0,3.7,0.999855,-1.32207,1,0.000342727,0.478583,0,-0.000327826,-0.335641,0,0.0099781,1,3.7,0.719002,-2.03003,1,0.484194,0.0150867,0,-0.00781566,0.092864,0,0.0128794,2,3.7,-0.997241,-2.99948,1,-0.0218981,0.014979,0,0.0378676,0.271991,0,0.00641258,3,3.7,1,1.79976,1,0,-0.440546,0,0,-0.353746,0,0.0117838,4,3.7,-2.00061,0.775259,1,-0.00190027,-0.350705,0,-0.00156462,0.0307448,0,0.0153878,5,3.7,-1.32154,-2,1,0.49837,0,0,0.0217855,0,0,0.00958467,6,3.7,-2.2116,-2.01037,1,0.441189,0.0200234,0,-0.312462,0.0171363,0,0.00946549,7,3.7,2.90599,-0.00575294,1,-0.254937,-0.0066515,0,-0.826269,-0.107518,0,0.00966801,8,3.7,0.0772312,3,1,0.5,0,0,-7.45058e-07,0,0,0.00505262,9,3.7,-3,0.225685,1,0,0.354899,0,0,-0.042459,0,0.00769169,10,3.7,-2.77575,1.00063,1,0.347628,0.00207517,0,-0.0490248,0.00231713,0,0.0135894,11,3.7,0.401691,-3,1,-0.499108,0,0,0.022916,0,0,0.00881074,12,3.7,-1,1.19497,1,0,0.474249,0,0,0.278577,0,0.0120287,13,3.7,1.99353,0.00761405,1,0.00376981,0.5,0,0.0395402,-1.49012e-07,0,0.0107695,14,3.7,-1.00952,-0.238729,1,0.0285149,-0.430607,0,0.000193715,-0.241961,0,0.0169261,15,3.7,-1.28991e-06,-0.997462,1,3.85152e-05,0.0353414,0,-0.000113154,-0.134122,0,0.0132665,16,3.7,1.92805,-1.00145,1,0.266145,0.00606645,0,-0.776477,-0.0102594,0,0.00975864,17,3.7,0.000121206,0.143835,1,0.00210484,0.368633,0,0.00492707,0.223243,0,0.0163492,18,3.7,-0.172988,0.999594,1,-0.376128,-0.00311546,0,-0.40672,-0.0374243,0,0.0208677,19,3.7,-1.26777,2.93591,1,-0.499969,0.194839,0,-0.0012368,-0.358701,0,0.00706884,20,3.7,3,-0.918202,1,0,0.323442,0,0,0.446267,0,0.00437452,21,3.7,1.00004,0.831611,1,0.000523496,-0.333796,0,0.000771135,-0.0633262,0,0.0118804,22,3.7,2.59386,0.999686,1,0.499253,0.000574719,0,-0.0206679,7.07805e-05,0,0.0085154,23,3.7,-0.95684,2.18352,1,-0.189985,0.470777,0,0.399832,0.333846,0,0.0096052,24,3.7,-2.21538,-1.00664,1,-0.482138,0.00736825,0,-0.020057,0.0259131,0,0.00973616,25,3.7,1.99947,3,1,0.000353344,0,0,0.00303239,0,0,0.00412323,26,3.7,0.845622,0.00308486,1,-0.341068,-0.0233468,0,-0.143953,0.0319413,0,0.019694,27,3.7,-3,1.99293,1,0,0.0262465,0,0,-0.0133961,0,0.00658087,28,3.7,-1.99699,2.00001,1,-0.022513,1.82539e-05,0,0.0376701,-0.000104308,0,0.00895896,29,3.7,0.000114047,2.03461,1,-0.000292675,-0.206788,0,0.000162079,0.463545,0,0.0109258,30,3.7,2,-1.99948,1,0,0.0149786,0,0,0.272006,0,0.00778765,31,3.7,3,-1.89097,1,0,0.346125,0,0,0.626758,0,0.00418327,32,3.7,-2.99724,-0.714022,1,0.0101957,0.497937,0,-0.00987947,0.0515878,0,0.00833717,33,3.7,-1.77273,-0.00029938,1,0.371969,0.000917529,0,0.0825599,0.00299326,0,0.0158314,34,3.7,1.83602,2.0003,1,-0.358693,0.00147149,0,-0.336245,0.00274181,0,0.0141566,35,3.7,-1.28354,-0.982666,1,-0.498407,0.0382638,0,-0.0445545,-0.26428,0,0.00902325
0,3.8,0.999888,-1.27626,1,0.000305474,0.434175,0,-0.00038743,-0.537634,0,0.0105332,1,3.8,0.767464,-2.0281,1,0.485572,0.023222,0,0.0242591,0.0696182,0,0.0115934,2,3.8,-0.999231,-2.99636,1,-0.0178188,0.0494897,0,0.0428855,0.396848,0,0.00837319,3,3.8,1,1.75411,1,0,-0.470603,0,0,-0.242531,0,0.0133485,4,3.8,-2.00081,0.740461,1,-0.0020206,-0.344011,0,-0.00107288,0.104427,0,0.0149817,5,3.8,-1.27161,-2,1,0.499865,0,0,0.00268221,0,0,0.0117952,6,3.8,-2.16919,-2.00832,1,0.40583,0.020802,0,-0.391245,-0.000596046,0,0.00991644,7,3.8,2.87655,-0.00703246,1,-0.331694,-0.019537,0,-0.703573,-0.143533,0,0.0121163,8,3.8,0.127231,3,1,0.5,0,0,-7.15256e-06,0,0,0.0056698,9,3.8,-3,0.260819,1,0,0.346347,0,0,-0.128552,0,0.0103887,10,3.8,-2.74136,1.00085,1,0.338674,0.002262,0,-0.130296,0.00160933,0,0.0134711,11,3.8,0.351968,-3,1,-0.494532,0,0,0.0723749,0,0,0.0109788,12,3.8,-1,1.2435,1,0,0.493771,0,0,0.117302,0,0.0130034,13,3.8,1.99408,0.0576141,1,0.00694692,0.5,0,0.0244379,-2.38419e-06,0,0.0131272,14,3.8,-1.00671,-0.282954,1,0.0275165,-0.45322,0,-0.0187755,-0.202164,0,0.0180757,15,3.8,2.00751e-06,-0.994572,1,2.75721e-05,0.0227183,0,-0.000104838,-0.11763,0,0.0134715,16,3.8,1.95052,-1.00089,1,0.181237,0.00501573,0,-0.896633,-0.0106096,0,0.0151621,17,3.8,0.000355803,0.181631,1,0.00258704,0.385364,0,0.00491593,0.107884,0,0.0146143,18,3.8,-0.212629,0.999063,1,-0.416376,-0.00778139,0,-0.387527,-0.0532866,0,0.0194898,19,3.8,-1.31777,2.95362,1,-0.500003,0.15955,0,5.96046e-05,-0.34523,0,0.00726751,20,3.8,3,-0.883807,1,0,0.362447,0,0,0.326574,0,0.0046293,21,3.8,1.0001,0.798031,1,0.000593066,-0.336546,0,0.00077486,0.0111759,0,0.0116093,22,3.8,2.64361,0.999743,1,0.494868,0.000564754,0,-0.0712872,-0.000208616,0,0.00781639,23,3.8,-0.973895,2.2319,1,-0.151676,0.493526,0,0.365764,0.129461,0,0.00903698,24,3.8,-2.2637,-1.00579,1,-0.484192,0.00920892,0,-0.013113,0.0112057,0,0.0122651,25,3.8,1.99952,3,1,0.000602007,0,0,0.00190735,0,0,0.00444766,26,3.8,0.810978,0.000920462,1,-0.349943,-0.0198576,0,-0.0321865,0.0369732,0,0.0207786,27,3.8,-3,1.99546,1,0,0.0240684,0,0,-0.0291467,0,0.00716171,28,3.8,-1.99905,2.00001,1,-0.0184268,5.96046e-06,0,0.0431538,0,0,0.00952252,29,3.8,8.57874e-05,2.01622,1,-0.000270678,-0.161225,0,0.000271975,0.444412,0,0.0116072,30,3.8,2,-1.99636,1,0,0.0494927,0,0,0.396729,0,0.0119479,31,3.8,3,-1.85337,1,0,0.404194,0,0,0.525773,0,0.00418107,32,3.8,-2.99629,-0.664118,1,0.00862479,0.498924,0,-0.0206232,-0.0215173,0,0.00939166,33,3.8,-1.73519,-0.000194258,1,0.377709,0.0011747,0,0.0264645,0.00237355,0,0.0171205,34,3.8,1.79862,2.00046,1,-0.387743,0.00170469,0,-0.240564,0.00226498,0,0.0150312,35,3.8,-1.3335,-0.98006,1,-0.5,0.0148579,0,0,-0.204861,0,0.0103962
0,3.9,0.999916,-1.23605,1,0.000259373,0.365555,0,-0.000622123,-0.806831,0,0.0105332,1,3.9,0.816233,-2.02547,1,0.49046,0.028871,0,0.0629909,0.0438392,0,0.0115934,2,3.9,-1.00081,-2.98906,1,-0.0139266,0.0994537,0,0.0348911,0.577167,0,0.00837319,3,3.9,1,1.706,1,0,-0.489881,0,0,-0.140287,0,0.0133485,4,3.9,-2.00101,0.706556,1,-0.00197776,-0.334207,0,0.00156462,0.097353,0,0.0149817,5,3.9,-1.22162,-2,1,0.499991,0,0,0.000335276,0,0,0.0117952,6,3.9,-2.13066,-2.00626,1,0.363886,0.0200637,0,-0.444531,-0.0134706,0,0.00991644,7,3.9,2.83999,-0.00964479,1,-0.397946,-0.0320938,0,-0.603601,-0.106632,0,0.0121163,8,3.9,0.177231,3,1,0.5,0,0,0,0,0,0.0056698,9,3.9,-3,0.294734,1,0,0.331169,0,0,-0.175551,0,0.0103887,10,3.9,-2.7082,1.00108,1,0.324032,0.00228658,0,-0.164062,-0.000804663,0,0.0134711,11,3.9,0.302697,-3,1,-0.492359,0,0,-0.0165049,0,0,0.0109788,12,3.9,-1,1.29325,1,0,0.499519,0,0,0.0173897,0,0.0130034,13,3.9,1.99487,0.107614,1,0.00877734,0.5,0,0.0125989,5.96046e-07,0,0.0131272,14,3.9,-1.00407,-0.329258,1,0.0250235,-0.472414,0,-0.0302047,-0.175225,0,0.0180757,15,3.9,4.26144e-06,-0.992855,1,1.77276e-05,0.0119563,0,-9.16001e-05,-0.097394,0,0.0134715,16,3.9,1.96396,-1.00044,1,0.0862295,0.00397228,0,-0.981189,-0.0100881,0,0.0151621,17,3.9,0.000629863,0.220785,1,0.00281489,0.398253,0,0.000150762,0.140334,0,0.0146143,18,3.9,-0.256187,0.998075,1,-0.454042,-0.0114258,0,-0.3452,-0.0210702,0,0.0194898,19,3.9,-1.36777,2.96788,1,-0.5,0.126173,0,7.45058e-06,-0.320524,0,0.00726751,20,3.9,3,-0.846096,1,0,0.390102,0,0,0.225972,0,0.0046293,21,3.9,1.00016,0.764514,1,0.000612997,-0.332937,0,-0.000201166,0.0631586,0,0.0116093,22,3.9,2.69263,0.999798,1,0.484404,0.000532344,0,-0.140995,-0.000424683,0,0.00781639,23,3.9,-0.987299,2.28165,1,-0.117058,0.499595,0,0.326369,0.0161827,0,0.00903698,24,3.9,-2.31229,-1.00483,1,-0.488493,0.0098601,0,-0.0626892,0.00199676,0,0.0122651,25,3.9,1.99959,3,1,0.000744499,0,0,0.000961125,0,0,0.00444766,26,3.9,0.775915,-0.000874612,1,-0.350317,-0.0160047,0,0.0274256,0.0393458,0,0.0207786,27,3.9,-3,1.99771,1,0,0.0206551,0,0,-0.0381991,0,0.00716171,28,3.9,-2.00067,2.00001,1,-0.014046,4.47035e-06,0,0.0438616,-2.98023e-05,0,0.00952252,29,3.9,6.02174e-05,2.00226,1,-0.000239499,-0.118632,0,0.000345466,0.40514,0,0.0116072,30,3.9,2,-1.98918,1,8.56817e-06,0.0959769,0,0.00025332,0.513569,0,0.0119479,31,3.9,3,-1.81057,1,0,0.449406,0,0,0.376947,0,0.00418107,32,3.9,-2.99554,-0.614437,1,0.0063289,0.493611,0,-0.0247806,-0.0866763,0,0.00939166,33,3.9,-1.69718,-6.80983e-05,1,0.383451,0.00132401,0,0.0787005,0.000898755,0,0.0171205,34,3.9,1.75865,2.00064,1,-0.411525,0.00177734,0,-0.227027,-0.000402331,0,0.0150312,35,3.9,-1.3835,-0.979501,1,-0.5,-0.00274694,0,0,-0.148665,0,0.0103962
0,4,0.999938,-1.20378,1,0.000166893,0.277841,0,-0.0012517,-0.925004,0,0.01445,1,4,0.865586,-2.0224,1,0.496289,0.0320911,0,0.0452101,0.0212193,0,0.012103,2,4,-1.00204,-2.9761,1,-0.010848,0.160396,0,0.0266433,0.621557,0,0.00983072,3,4,1,1.6565,1,0,-0.498226,0,0,-0.025034,0,0.0135714,4,4,-2.0012,0.673649,1,-0.00177026,-0.323559,0,0.00226498,0.119746,0,0.0146192,5,4,-1.17162,-2,1,0.500003,0,0,-5.96046e-05,0,0,0.0114798,6,4,-2.09656,-2.00434,1,0.31755,0.018239,0,-0.479102,-0.0224113,0,0.0108336,7,4,2.79745,-0.0133196,1,-0.449812,-0.0407113,0,-0.425577,-0.0651716,0,0.0116076,8,4,0.227231,3,1,0.5,0,0,7.15256e-06,0,0,0.00610641,9,4,-3,0.326892,1,0,0.311192,0,0,-0.22389,0,0.0100787,10,4,-2.67668,1.0013,1,0.305635,0.00215173,0,-0.204563,-0.00154972,0,0.0117051,11,4,0.253315,-3,1,-0.495669,0,0,-0.0404716,0,0,0.00908431,12,4,-1,1.34324,1,0,0.500003,0,0,-5.96046e-05,0,0.0119066,13,4,1.9958,0.157614,1,0.00955164,0.5,0,0.00327826,0,0,0.012768,14,4,-1.00173,-0.377292,1,0.0216395,-0.487325,0,-0.0367761,-0.120088,0,0.0149408,15,4,5.60115e-06,-0.992112,1,9.32328e-06,0.00326186,0,-7.62261e-05,-0.0764132,0,0.0138535,16,4,1.96769,-1.0001,1,-0.0112355,0.00302792,0,-0.95284,-0.00861287,0,0.0175269,17,4,0.000907737,0.2613,1,0.00270947,0.411715,0,-0.00184597,0.121281,0,0.0118266,18,4,-0.303124,0.996871,1,-0.482544,-0.0122711,0,-0.216708,0.00280142,0,0.0188745,19,4,-1.41777,2.97895,1,-0.500003,0.0957489,0,5.96046e-05,-0.286698,0,0.00754527,20,4,3,-0.806126,1,0,0.407587,0,0,0.123709,0,0.00475604,21,4,1.00022,0.731636,1,0.000584126,-0.323585,0,-0.000298023,0.124991,0,0.0107691,22,4,2.74024,0.999849,1,0.466222,0.000481308,0,-0.224233,-0.000596046,0,0.0071366,23,4,-0.99744,2.33164,1,-0.0864342,0.5,0,0.285953,0,0,0.00855179,24,4,-2.36147,-1.00385,1,-0.494945,0.00964105,0,-0.0588894,-0.00607967,0,0.010477,25,4,1.99967,3,1,0.000801682,0,0,0.000178814,0,0,0.00435787,26,4,0.741137,-0.00227952,1,-0.344041,-0.0121199,0,0.0995994,0.0377735,0,0.0150609,27,4,-3,1.99957,1,0,0.0165939,0,0,-0.0420809,0,0.00627694,28,4,-2.00186,2.00001,1,-0.00975728,0,0,0.0413656,0,0,0.00826244,29,4,3.80736e-05,1.99234,1,-0.000202724,-0.0805825,0,0.00038478,0.35429,0,0.0118473,30,4,2,-1.97696,1,6.55651e-05,0.148731,0,0.000953674,0.526309,0,0.0103743,31,4,3,-1.764,1,0,0.479576,0,0,0.227749,0,0.00407645,32,4,-2.99503,-0.56563,1,0.00377297,0.481288,0,-0.026226,-0.160813,0,0.00903478,33,4,-1.65842,6.83213e-05,1,0.391701,0.00140536,0,0.0784397,0.00095123,0,0.0159957,34,4,1.71644,2.00081,1,-0.431719,0.00169873,0,-0.170767,-0.000834465,0,0.0158633,35,4,-1.4335,-0.980436,1,-0.500003,-0.015153,0,5.96046e-05,-0.100732,0,0.0105962
0,4.1,0.999949,-1.18077,1,5.64381e-05,0.181423,0,-0.00113249,-0.987984,0,0.01445,1,4.1,0.915392,-2.01912,1,0.499285,0.0332057,0,0.0117272,0.00163913,0,0.012103,2,4.1,-1.00305,-2.95696,1,-0.00987519,0.222083,0,-0.00502914,0.602156,0,0.00983072,3,4.1,1,1.6067,1,0,-0.496144,0,0,0.0671744,0,0.0135714,4,4.1,-2.00136,0.641595,1,-0.00141002,-0.320028,0,0.00451505,-0.0315458,0,0.0146192,5,4.1,-1.12162,-2.00009,1,0.5,-0.00254773,0,-7.45058e-06,-0.0498444,0,0.0114798,6,4.1,-2.06723,-2.00264,1,0.268742,0.0157081,0,-0.493124,-0.0276566,0,0.0108336,7,4.1,2.75066,-0.0175702,1,-0.482665,-0.0429465,0,-0.230029,0.0161491,0,0.0116076,8,4.1,0.277231,3,1,0.5,0,0,-2.68221e-06,0,0,0.00610641,9,4.1,-3,0.356926,1,0,0.289693,0,0,-0.211107,0,0.0100787,10,4.1,-2.64708,1.0015,1,0.286873,0.00185054,0,-0.175521,-0.00412017,0,0.0117051,11,4.1,0.20357,-3,1,-0.498924,0,0,-0.022184,0,0,0.00908431,12,4.1,-0.999708,1.39324,1,0.00849115,0.5,0,0.158917,-7.45058e-06,0,0.0119066,13,4.1,1.99676,0.207614,1,0.0095414,0.5,0,-0.0031963,8.9407e-07,0,0.012768,14,4.1,-0.999756,-0.426517,1,0.0177838,-0.496136,0,-0.0398979,-0.0575315,0,0.0149408,15,4.1,6.18024e-06,-0.992657,1,2.53599e-06,-0.0183569,0,-5.95786e-05,-0.328578,0,0.0138535,16,4.1,1.96186,-0.999835,1,-0.104384,0.0022104,0,-0.89591,-0.00751764,0,0.0175269,17,4.1,0.00116455,0.303364,1,0.00238218,0.431773,0,-0.00452355,0.254357,0,0.0118266,18,4.1,-0.35221,0.995682,1,-0.496837,-0.0112652,0,-0.0767408,0.0164844,0,0.0188745,19,4.1,-1.46777,2.98716,1,-0.5,0.0690456,0,7.45058e-06,-0.24651,0,0.00754527,20,4.1,3,-0.764823,1,0,0.417883,0,0,0.0879616,0,0.00475604,21,4.1,1.00028,0.699934,1,0.000513718,-0.310076,0,-0.000953674,0.147421,0,0.0107691,22,4.1,2.78555,0.999894,1,0.438336,0.000417419,0,-0.329643,-0.000678003,0,0.0071366,23,4.1,-1.00473,2.38164,1,-0.0601335,0.5,0,0.240561,0,0,0.00855179,24,4.1,-2.41119,-1.00292,1,-0.499022,0.00886153,0,-0.0231862,-0.00935048,0,0.010477,25,4.1,1.99975,3,1,0.000789203,0,0,-0.000409782,0,0,0.00435787,26,4.1,0.707054,-0.00330252,1,-0.33905,-0.00835485,0,0.0129677,0.0369078,0,0.0150609,27,4.1,-3,2.00102,1,0,0.0123721,0,0,-0.0418276,0,0.00627694,28,4.1,-2.00211,2.00001,1,0.00914726,-3.72529e-07,0,0.308849,-1.49012e-05,0,0.00826244,29,4.1,1.93899e-05,1.98699,1,-0.000180602,-0.0184903,0,-0.000187859,0.831522,0,0.0118473,30,4.1,2.00001,-1.95942,1,0.000144169,0.201896,0,0.000789762,0.523604,0,0.0103743,31,4.1,3,-1.71514,1,0,0.495198,0,0,0.0914931,0,0.00407645,32,4.1,-2.99478,-0.518322,1,0.00119172,0.464566,0,-0.0250787,-0.179065,0,0.00903478,33,4.1,-1.61855,0.00021026,1,0.408268,0.00140243,0,0.232249,-0.000909145,0,0.0159957,34,4.1,1.67233,2.00097,1,-0.45108,0.00151396,0,-0.205249,-0.00247359,0,0.0158633,35,4.1,-1.4835,-0.982383,1,-0.5,-0.0231085,0,7.45058e-06,-0.0597909,0,0.0105962
0,4.2,0.999948,-1.16757,1,-8.9407e-05,0.0826478,0,-0.00190735,-0.978827,0,0.0132359,1,4.2,0.965302,-2.01582,1,0.498079,0.0325382,0,-0.0384748,-0.0146627,0,0.0145481,2,4.2,-1.0041,-2.93185,1,-0.0114471,0.279051,0,-0.0244975,0.52917,0,0.00913593,3,4.2,1,1.55758,1,0,-0.484753,0,0,0.160456,0,0.0129466,4,4.2,-2.00148,0.609305,1,-0.000947714,-0.326717,0,0.00452995,-0.0883043,0,0.0196865,5,4.2,-1.07162,-2.00066,1,0.500003,-0.00973344,0,-5.96046e-05,-0.0926256,0,0.0107882,6,4.2,-2.04282,-2.00121,1,0.219643,0.012809,0,-0.48542,-0.0300407,0,0.0115112,7,4.2,2.70155,-0.0216797,1,-0.496805,-0.0382945,0,-0.0638962,0.0730808,0,0.0115328,8,4.2,0.327231,3,1,0.5,0,0,-1.43051e-05,0,0,0.00590553,9,4.2,-3,0.384828,1,0,0.26815,0,0,-0.222892,0,0.0106284,10,4.2,-2.61926,1.00166,1,0.269675,0.00139177,0,-0.172019,-0.00482798,0,0.0115216,11,4.2,0.153606,-3,1,-0.499986,0,0,-0.000286102,0,0,0.00997296,12,4.2,-0.997877,1.44324,1,0.0297472,0.500003,0,0.256777,-5.96046e-05,0,0.013202,13,4.2,1.99769,0.257614,1,0.0089705,0.5,0,-0.00798702,-1.43051e-05,0,0.0106726,14,4.2,-0.998179,-0.476332,1,0.0137419,-0.4994,0,-0.040561,-0.0119954,0,0.0136043,15,4.2,6.163e-06,-0.996366,1,-2.61371e-06,-0.0575885,0,-4.35691e-05,-0.434786,0,0.0139869,16,4.2,1.94713,-0.999648,1,-0.187948,0.00156164,0,-0.764847,-0.00533462,0,0.0145176,17,4.2,0.00137695,0.347865,1,0.00183779,0.458325,0,-0.00621047,0.259608,0,0.0133233,18,4.2,-0.402117,0.994655,1,-0.5,-0.00913292,0,0,0.025481,0,0.0142734,19,4.2,-1.51777,2.9929,1,-0.500003,0.0465691,0,5.96046e-05,-0.202656,0,0.00670029,20,4.2,3,-0.722616,1,0,0.426157,0,0,0.081569,0,0.00465003,21,4.2,1.00032,0.669716,1,0.000417233,-0.293742,0,-0.00077486,0.180632,0,0.0124195,22,4.2,2.82759,0.999932,1,0.401056,0.000347197,0,-0.411987,-0.000685453,0,0.0070859,23,4.2,-1.00961,2.43164,1,-0.0382185,0.5,0,0.198245,0,0,0.00782848,24,4.2,-2.46117,-1.00209,1,-0.5,0.00780225,0,0,-0.0116825,0,0.00949328,25,4.2,1.99982,3,1,0.000727177,0,0,-0.00077486,0,0,0.00412393,26,4.2,0.673158,-0.00395917,1,-0.339182,-0.00484746,0,-0.00572205,0.0327684,0,0.0163367,27,4.2,-3,2.00205,1,0,0.00832081,0,0,-0.0388622,0,0.00687926,28,4.2,-1.9994,2.00001,1,0.0470579,0,0,0.427663,-0.000119209,0,0.0104122,29,4.2,-2.23662e-06,1.9897,1,-0.00028287,0.0754297,0,-0.00203773,1.00005,0,0.0109757,30,4.2,2.00003,-1.93671,1,0.0002563,0.251105,0,0.00143051,0.450492,0,0.0125493,31,4.2,3,-1.66533,1,0,0.499618,0,0,0.007689,0,0.00456442,32,4.2,-2.99479,-0.472827,1,-0.00118017,0.444566,0,-0.0220537,-0.22456,0,0.00843202,33,4.2,-1.57645,0.000343581,1,0.434542,0.00124248,0,0.277996,-0.00220099,0,0.0118858,34,4.2,1.62621,2.00111,1,-0.470757,0.00126362,0,-0.17941,-0.00214577,0,0.0151078,35,4.2,-1.5335,-0.984935,1,-0.500003,-0.0273809,0,5.96046e-05,-0.0269413,0,0.0104765
0,4.3,0.999931,-1.1641,1,-0.000237115,-0.0119915,0,-0.00127405,-0.902928,0,0.0132359,1,4.3,1.01485,-2.01266,1,0.491996,0.0305016,0,-0.0860803,-0.0256151,0,0.0145481,2,4.3,-1.00552,-2.90145,1,-0.0180945,0.327287,0,-0.100896,0.432789,0,0.00913593,3,4.3,1,1.50994,1,-9.31323e-07,-0.467542,0,-2.23517e-05,0.188351,0,0.0129466,4,4.3,-2.00155,0.575813,1,-0.000476465,-0.346407,0,0.00481308,-0.285435,0,0.0196865,5,4.3,-1.02162,-2.00215,1,0.5,-0.0204682,0,0,-0.122488,0,0.0107882,6,4.3,-2.02324,-2.00008,1,0.172346,0.00980869,0,-0.457749,-0.0296384,0,0.0115112,7,4.3,2.65167,-0.0250962,1,-0.4998,-0.0296147,0,-0.00798702,0.0983189,0,0.0115328,8,4.3,0.377231,3,1,0.5,0,0,0,0,0,0.00590553,9,4.3,-3,0.410632,1,0,0.248764,0,0,-0.172399,0,0.0106284,10,4.3,-2.59283,1.00178,1,0.261736,0.000826828,0,-0.00372529,-0.00610203,0,0.0115216,11,4.3,0.103606,-3,1,-0.499999,0,0,-3.47197e-05,0,0,0.00997296,12,4.3,-0.993286,1.49324,1,0.0650126,0.5,0,0.432864,-7.45058e-06,0,0.013202,13,4.3,1.99854,0.307614,1,0.00801012,0.5,0,-0.011012,0,0,0.0106726,14,4.3,-0.996615,-0.526309,1,0.0210622,-0.499962,0,0.170857,-0.00150688,0,0.0136043,15,4.3,5.74494e-06,-1.00471,1,-3.93087e-06,-0.11263,0,6.41487e-05,-0.638012,0,0.0139869,16,4.3,1.92473,-0.999518,1,-0.257806,0.00105044,0,-0.625521,-0.00466034,0,0.0145176,17,4.3,0.00152894,0.394866,1,0.00119668,0.480307,0,-0.00653406,0.177342,0,0.0133233,18,4.3,-0.452117,0.993878,1,-0.5,-0.00633737,0,3.57628e-06,0.0298433,0,0.0142734,19,4.3,-1.56777,2.99662,1,-0.49993,0.0285678,0,0.00277907,-0.157535,0,0.00670029,20,4.3,3,-0.679308,1,0,0.442215,0,0,0.214964,0,0.00465003,21,4.3,1.00036,0.641095,1,0.000317581,-0.279935,0,-0.00105053,0.104684,0,0.0124195,22,4.3,2.86553,0.999964,1,0.356669,0.000278465,0,-0.471771,-0.000685453,0,0.0070859,23,4.3,-1.01251,2.48164,1,-0.0203956,0.5,0,0.158772,0,0,0.00782848,24,4.3,-2.51117,-1.00137,1,-0.5,0.00659414,0,0,-0.0123531,0,0.00949328,25,4.3,1.99989,3,1,0.000635348,0,0,-0.00103563,0,0,0.00412393,26,4.3,0.638759,-0.00429051,1,-0.352718,-0.00188167,0,-0.241794,0.026619,0,0.0163367,27,4.3,-3,2.0027,1,0,0.00468642,0,0,-0.0336468,0,0.00687926,28,4.3,-1.99213,2.00001,1,0.101993,-1.00583e-05,0,0.642367,-7.45058e-05,0,0.0104122,29,4.3,-3.87424e-05,2.00224,1,-0.00042871,0.175431,0,-0.00092506,1,0,0.0109757,30,4.3,2.00006,-1.90946,1,0.000357255,0.292607,0,0.000789762,0.372261,0,0.0125493,31,4.3,3,-1.61535,1,0,0.499976,0,0,0.000938773,0,0.00456442,32,4.3,-2.99501,-0.429526,1,-0.00314116,0.42106,0,-0.0171363,-0.248443,0,0.00843202,33,4.3,-1.53164,0.000455414,1,0.461125,0.000981888,0,0.244595,-0.00293862,0,0.0118858,34,4.3,1.57833,2.00122,1,-0.486064,0.00100397,0,-0.124425,-0.00287592,0,0.0151078,35,4.3,-1.58317,-0.987763,1,-0.490383,-0.0287742,0,0.186101,-0.00203773,0,0.0104765
0,4.4,0.999901,-1.16961,1,-0.00038445,-0.096029,0,-0.00187755,-0.769794,0,0.0137015,1,4.4,1.06352,-2.00976,1,0.480378,0.0275075,0,-0.148177,-0.0340939,0,0.0155857,2,4.4,-1.0079,-2.86674,1,-0.0302404,0.365162,0,-0.135601,0.3227,0,0.00924479,3,4.4,1,1.46421,1,-4.47035e-06,-0.446326,0,-5.96046e-05,0.238955,0,0.0106844,4,4.4,-2.00157,0.539557,1,5.96046e-06,-0.380173,0,0.00464916,-0.373632,0,0.0122482,5,4.4,-0.971616,-2.00486,1,0.5,-0.0342727,0,2.98023e-05,-0.15378,0,0.0116055,6,4.4,-2.00823,-1.99924,1,0.128573,0.00693798,0,-0.415683,-0.0274777,0,0.0122474,7,4.4,2.60168,-0.0275397,1,-0.5,-0.0190401,0,0,0.111276,0,0.011308,8,4.4,0.427231,3,1,0.5,0,0,-1.43051e-05,0,0,0.00594361,9,4.4,-3,0.43468,1,0,0.232381,0,0,-0.160575,0,0.00731743,10,4.4,-2.56651,1.00183,1,0.265878,0.000235438,0,0.0728369,-0.00536442,0,0.0104942,11,4.4,0.0536065,-3,1,-0.5,0,0,-1.19209e-06,0,0,0.00761378,12,4.4,-0.984438,1.54324,1,0.113414,0.500003,0,0.521749,-5.96046e-05,0,0.0127837,13,4.4,1.99928,0.357614,1,0.00680685,0.5,0,-0.012815,-1.43051e-05,0,0.0108766,14,4.4,-0.993417,-0.576308,1,0.0449359,-0.5,0,0.292987,-2.98023e-05,0,0.0142559,15,4.4,6.1709e-06,-1.0193,1,1.83174e-05,-0.180158,0,0.000414907,-0.690103,0,0.0135754,16,4.4,1.8961,-0.999433,1,-0.311944,0.000669062,0,-0.452876,-0.00277162,0,0.0156967,17,4.4,0.00161595,0.443636,1,0.000545275,0.493658,0,-0.00642851,0.0909865,0,0.0133425,18,4.4,-0.502117,0.993397,1,-0.5,-0.00327229,0,-2.98023e-05,0.0309348,0,0.0126896,19,4.4,-1.61773,2.99876,1,-0.498888,0.0149965,0,0.0222325,-0.114679,0,0.00607303,20,4.4,3,-0.633953,1,0,0.465038,0,0,0.225067,0,0.00443261,21,4.4,1.00039,0.613562,1,0.000235438,-0.27117,0,-0.000476837,0.0777841,0,0.0135792,22,4.4,2.89876,0.999988,1,0.307506,0.000211596,0,-0.507593,-0.000655651,0,0.0062276,23,4.4,-1.01382,2.53164,1,-0.00634789,0.5,0,0.122786,0,0,0.00620005,24,4.4,-2.56117,-1.00077,1,-0.5,0.00534952,0,0,-0.0122786,0,0.00884247,25,4.4,1.99995,3,1,0.000524521,0,0,-0.00119209,0,0,0.00546994,26,4.4,0.602048,-0.00435528,1,-0.383358,0.000491051,0,-0.352383,0.0209108,0,0.013484,27,4.4,-3,2.00301,1,0,0.00162721,0,0,-0.0275373,0,0.0065713,28,4.4,-1.97856,2.00001,1,0.170371,-1.19209e-05,0,0.702322,-0.000119209,0,0.0129058,29,4.4,-8.47174e-05,2.02479,1,-0.000476625,0.275433,0,-7.4702e-05,0.999928,0,0.0109175,30,4.4,2.0001,-1.87852,1,0.000447035,0.324336,0,0.0013113,0.257373,0,0.0113263,31,4.4,3,-1.56535,1,0,0.500003,0,0,-5.96046e-05,0,0.00487545,32,4.4,-2.9954,-0.388721,1,-0.00460744,0.394417,0,-0.0120401,-0.286162,0,0.00891109,33,4.4,-1.48441,0.000538193,1,0.482106,0.00066809,0,0.170708,-0.00327633,0,0.0113467,34,4.4,1.5292,2.00131,1,-0.495479,0.000721216,0,-0.0645518,-0.0026226,0,0.0119512,35,4.4,-1.63102,-0.990617,1,-0.464013,-0.0279978,0,0.335157,0.0165403,0,0.012697
0,4.5,0.999855,-1.18285,1,-0.000506267,-0.166379,0,-0.000819564,-0.632122,0,0.0137015,1,4.5,1.11081,-2.00718,1,0.465443,0.0239186,0,-0.156797,-0.0374317,0,0.0155857,2,4.5,-1.01194,-2.82882,1,-0.0532273,0.391066,0,-0.30306,0.203803,0,0.00924479,3,4.5,0.999999,1.42072,1,-8.6613e-06,-0.423689,0,-2.6077e-05,0.220075,0,0.0106844,4,4.5,-2.00155,0.499641,1,0.000456348,-0.418153,0,0.00430644,-0.374129,0,0.0122482,5,4.5,-0.921616,-2.00907,1,0.5,-0.0501662,0,0,-0.166595,0,0.0116055,6,4.5,-1.99736,-1.99868,1,0.0896459,0.0043571,0,-0.361763,-0.0240058,0,0.0122474,7,4.5,2.55168,-0.0288938,1,-0.5,-0.00812628,0,0,0.106211,0,0.011308,8,4.5,0.477231,3,1,0.5,0,0,1.78814e-06,0,0,0.00594361,9,4.5,-3,0.456966,1,0,0.211996,0,0,-0.241818,0,0.00731743,10,4.5,-2.53896,1.00182,1,0.290385,-0.000298209,0,0.385344,-0.00523776,0,0.0104942,11,4.5,0.00360646,-3,1,-0.5,0,0,2.98023e-07,0,0,0.00761378,12,4.5,-0.970148,1.59313,1,0.175255,0.496701,0,0.693817,-0.0665411,0,0.0127837,13,4.5,1.9999,0.407614,1,0.0055071,0.5,0,-0.0130832,0,0,0.0108766,14,4.5,-0.987147,-0.626222,1,0.0831182,-0.49734,0,0.452872,0.0559986,0,0.0142559,15,4.5,9.89626e-06,-1.04081,1,5.67992e-05,-0.249949,0,0.000449038,-0.692099,0,0.0135754,16,4.5,1.86289,-0.999381,1,-0.349651,0.000388082,0,-0.299387,-0.00263378,0,0.0156967,17,4.5,0.00163908,0.493332,1,-7.39466e-05,0.499155,0,-0.00590693,0.0248123,0,0.0133425,18,4.5,-0.552117,0.993219,1,-0.499999,-0.000328012,0,4.09782e-05,0.0277683,0,0.0126896,19,4.5,-1.66743,2.99976,1,-0.494274,0.0055071,0,0.0750199,-0.0762194,0,0.00607303,20,4.5,3,-0.586445,1,0,0.483861,0,0,0.149716,0,0.00443261,21,4.5,1.00041,0.586199,1,0.000167266,-0.281704,0,-0.000864267,-0.25928,0,0.0135792,22,4.5,2.92694,1.00001,1,0.255743,0.00014957,0,-0.52245,-0.000588596,0,0.0062276,23,4.5,-1.0139,2.58164,1,0.00417158,0.499713,0,0.0884682,-0.00935793,0,0.00620005,24,4.5,-2.61104,-1.00126,1,-0.496132,-0.0238135,0,0.0772327,-0.530556,0,0.00884247,25,4.5,2,3,1,0.000404194,0,0,-0.00120699,0,0,0.00546994,26,4.5,0.561949,-0.00421145,1,-0.418414,0.00229067,0,-0.340331,0.0152141,0,0.013484,27,4.5,-3,2.00216,1,0,-0.0261735,0,0,-0.487044,0,0.0065713,28,4.5,-1.95788,2.00001,1,0.244102,-2.16067e-05,0,0.754684,-5.96046e-05,0,0.0129058,29,4.5,-0.00013183,2.05722,1,-0.000457083,0.371217,0,0.00043837,0.878215,0,0.0109175,30,4.5,2.00015,-1.84495,1,0.00051856,0.345268,0,0.000327826,0.158206,0,0.0113263,31,4.5,3,-1.51535,1,0,0.5,0,0,-7.45058e-06,0,0.00487545,32,4.5,-2.99591,-0.351004,1,-0.00556931,0.357272,0,-0.00721216,-0.445232,0,0.00891109,33,4.5,-1.43549,0.000588835,1,0.494994,0.000347593,0,0.0869036,-0.00310662,0,0.0113467,34,4.5,1.47942,2.00137,1,-0.499394,0.000398979,0,-0.0177696,-0.00371039,0,0.0119512,35,4.5,-1.67502,-0.993311,1,-0.409583,-0.0256768,0,0.719771,0.0290461,0,0.012697
0,4.6,0.999801,-1.20239,1,-0.000591576,-0.221637,0,-0.00113249,-0.469983,0,0.0128538,1,4.6,1.15652,-2.00498,1,0.44795,0.0200689,0,-0.19747,-0.0394583,0,0.0140539,2,4.6,-1.01891,-2.78884,1,-0.0870258,0.407439,0,-0.35578,0.130296,0,0.00995717,3,4.6,0.999999,1.37947,1,-1.04308e-05,-0.401226,0,0,0.233829,0,0.0111318,4,4.6,-2.00148,0.456034,1,0.000858307,-0.45298,0,0.00369549,-0.314042,0,0.0120684,5,4.6,-0.871616,-2.01496,1,0.5,-0.067991,0,2.98023e-05,-0.191689,0,0.012917,6,4.6,-1.99011,-1.99836,1,0.056383,0.00215471,0,-0.302911,-0.019908,0,0.0138766,7,4.6,2.50168,-0.0291893,1,-0.5,0.00205874,0,0,0.0968454,0,0.00982588,8,4.6,0.527231,3,1,0.5,0,0,2.98023e-05,0,0,0.00573882,9,4.6,-3,0.47686,1,0,0.185017,0,0,-0.293076,0,0.00699798,10,4.6,-2.50769,1.00177,1,0.337178,-0.000801682,0,0.524879,-0.00470877,0,0.0119417,11,4.6,-0.0463935,-3,1,-0.5,0,0,-1.19209e-06,0,0,0.00630113,12,4.6,-0.949016,1.64235,1,0.24831,0.486621,0,0.749856,-0.135303,0,0.0128574,13,4.6,2.00038,0.457614,1,0.00420809,0.5,0,-0.0127554,-1.43051e-05,0,0.0115608,14,4.6,-0.97643,-0.675564,1,0.132255,-0.488342,0,0.515074,0.125766,0,0.0168932,15,4.6,1.8523e-05,-1.06917,1,0.000124564,-0.316134,0,0.000976328,-0.620842,0,0.0191917,16,4.6,1.82669,-0.999353,1,-0.371593,0.000178814,0,-0.139058,-0.00137091,0,0.0151713,17,4.6,0.00160336,0.543311,1,-0.000627473,0.500001,0,-0.00512629,-2.98023e-05,0,0.0117426,18,4.6,-0.602116,0.993319,1,-0.499983,0.00225157,0,0.000327826,0.023663,0,0.0123165,19,4.6,-1.71636,2.99998,1,-0.483072,-0.000500679,0,0.152171,-0.0451803,0,0.00599587,20,4.6,3,-0.537439,1,0,0.494979,0,0,0.0742674,0,0.00413385,21,4.6,1.00042,0.556375,1,7.15256e-05,-0.317736,0,-0.00113249,-0.437647,0,0.011544,22,4.6,2.94991,1.00002,1,0.203979,9.53674e-05,0,-0.508428,-0.000476837,0,0.0063131,23,4.6,-1.01309,2.63151,1,0.0115126,0.497091,0,0.059247,-0.0497103,0,0.00650536,24,4.6,-2.66014,-1.00687,1,-0.484622,-0.093329,0,0.152588,-0.826001,0,0.00979393,25,4.6,2.00003,3,1,0.000286102,0,0,-0.00107288,0,0,0.00399544,26,4.6,0.518482,-0.00391483,1,-0.450017,0.00355964,0,-0.286102,0.0102912,0,0.0118617,27,4.6,-3,1.99664,1,0,-0.0882477,0,0,-0.720561,0,0.00798575,28,4.6,-1.92973,2,1,0.318128,-2.98023e-05,0,0.711739,-0.000119209,0,0.012297,29,4.6,-0.000174688,2.0983,1,-0.00039409,0.445431,0,0.000797263,0.586987,0,0.00897241,30,4.6,2.00021,-1.80982,1,0.000554323,0.355512,0,0.000476837,0.0450611,0,0.012348,31,4.6,3,-1.46535,1,0,0.500003,0,0,-5.96046e-05,0,0.00519882,32,4.6,-2.9965,-0.317686,1,-0.00606179,0.307508,0,-0.00274181,-0.540167,0,0.00744624,33,4.6,-1.38569,0.000608532,1,0.499627,5.15807e-05,0,0.00745058,-0.00279248,0,0.0114622,34,4.6,1.42943,2.00139,1,-0.500003,-5.96046e-06,0,5.96046e-05,-0.00405312,0,0.0133921,35,4.6,-1.71197,-0.995719,1,-0.326166,-0.0223428,0,0.921249,0.0369251,0,0.015086
0,4.7,0.999738,-1.22667,1,-0.000634044,-0.261619,0,4.47035e-05,-0.328287,0,0.0128538,1,4.7,1.20029,-2.00317,1,0.426948,0.0161983,0,-0.225462,-0.0378489,0,0.0140539,2,4.7,-1.02943,-2.74723,1,-0.123379,0.426432,0,-0.353575,0.232264,0,0.00995717,3,4.7,0.999997,1.34019,1,-9.87202e-06,-0.386938,0,1.49012e-05,0.0698119,0,0.0111318,4,4.7,-2.00138,0.409348,1,0.00118092,-0.478849,0,0.00274181,-0.201086,0,0.0120684,5,4.7,-0.821616,-2.02281,1,0.5,-0.0899017,0,0,-0.246942,0,0.012917,6,4.7,-1.98588,-1.99824,1,0.0291757,0.000385754,0,-0.241548,-0.0154898,0,0.0138766,7,4.7,2.45168,-0.0285206,1,-0.5,0.0110906,0,0,0.0833442,0,0.00982588,8,4.7,0.577229,3,1,0.49989,0,0,-0.00442937,0,0,0.00573882,9,4.7,-3,0.493659,1,0,0.14897,0,0,-0.413781,0,0.00699798,10,4.7,-2.47137,1.00167,1,0.388762,-0.00122208,0,0.496402,-0.00368804,0,0.0119417,11,4.7,-0.0963935,-3,1,-0.5,0,0,1.19209e-06,0,0,0.00630113,12,4.7,-0.920329,1.69018,1,0.325725,0.468428,0,0.768993,-0.225179,0,0.0128574,13,4.7,2.00074,0.507614,1,0.00297427,0.5,0,-0.0118613,5.66244e-06,0,0.0115608,14,4.7,-0.960481,-0.723595,1,0.187812,-0.470599,0,0.580978,0.226561,0,0.0168932,15,4.7,3.51666e-05,-1.10382,1,0.000204594,-0.375955,0,0.000750322,-0.565507,0,0.0191917,16,4.7,1.78904,-0.999343,1,-0.379383,2.468e-05,0,-0.0170842,-0.00153854,0,0.0151713,17,4.7,0.00151703,0.593296,1,-0.00107889,0.499419,0,-0.00390956,-0.0170954,0,0.0117426,18,4.7,-0.652058,0.993655,1,-0.498133,0.00438495,0,0.0429749,0.0189207,0,0.0123165,19,4.7,-1.76372,2.99974,1,-0.462204,-0.00383742,0,0.262305,-0.0226647,0,0.00599587,20,4.7,3,-0.487676,1,0,0.499359,0,0,0.0190865,0,0.00413385,21,4.7,1.00042,0.522289,1,-4.45172e-05,-0.364775,0,-0.00116974,-0.486169,0,0.011544,22,4.7,2.96782,1.00003,1,0.154779,5.19678e-05,0,-0.471577,-0.000394881,0,0.0063131,23,4.7,-1.01168,2.68087,1,0.0161935,0.489008,0,0.0351071,-0.115752,0,0.00650536,24,4.7,-2.70766,-1.02067,1,-0.46415,-0.185173,0,0.252634,-0.978254,0,0.00979393,25,4.7,2.00006,3,1,0.000184029,0,0,-0.000983477,0,0,0.00399544,26,4.7,0.472171,-0.00351463,1,-0.474897,0.00437505,0,-0.208214,0.00613174,0,0.0118617,27,4.7,-3,1.98379,1,0,-0.171953,0,0,-0.917673,0,0.00798575,28,4.7,-1.89453,2,1,0.383791,-3.78117e-05,0,0.593282,-2.23517e-05,0,0.012297,29,4.7,-0.000209841,2.14519,1,-0.000306635,0.486604,0,0.000938275,0.248119,0,0.00897241,30,4.7,2.00026,-1.77418,1,0.0005465,0.355997,0,-0.000461936,-0.0364035,0,0.012348,31,4.7,3,-1.41535,1,0,0.499705,0,0,-0.00946969,0,0.00519882,32,4.7,-2.99711,-0.290475,1,-0.00610836,0.230311,0,0.00159442,-0.928896,0,0.00744624,33,4.7,-1.33578,0.000600406,1,0.497443,-0.000206921,0,-0.0557825,-0.00236231,0,0.0114622,34,4.7,1.3795,2.00137,1,-0.497711,-0.000398979,0,0.0488758,-0.00376999,0,0.0133921,35,4.7,-1.73983,-0.997762,1,-0.229857,-0.0184678,0,0.99016,0.0400394,0,0.015086
0,4.8,0.999676,-1.25423,1,-0.000625849,-0.287145,0,-2.98023e-05,-0.182092,0,0.012067,1,4.8,1.24179,-2.00173,1,0.402394,0.012517,0,-0.267327,-0.0356436,0,0.0150616,2,4.8,-1.04341,-2.70337,1,-0.154689,0.450927,0,-0.259757,0.245094,0,0.0101886,3,4.8,0.999997,1.3017,1,-7.45058e-06,-0.384054,0,2.98023e-05,0.00202656,0,0.00963048,4,4.8,-2.00125,0.36066,1,0.00141263,-0.492849,0,0.00178814,-0.0777096,0,0.0116412,5,4.8,-0.771616,-2.03312,1,0.5,-0.11735,0,2.98023e-05,-0.30148,0,0.0127174,6,4.8,-1.98407,-1.99827,1,0.00797808,-0.000947714,0,-0.182986,-0.0112653,0,0.0123169,7,4.8,2.40168,-0.0270203,1,-0.5,0.0186522,0,0,0.0675833,0,0.00987736,8,4.8,0.62716,3,1,0.498228,0,0,-0.0354648,0,0,0.0060416,9,4.8,-3,0.506384,1,0,0.104779,0,0,-0.458837,0,0.00756232,10,4.8,-2.43014,1.00153,1,0.434613,-0.00154078,0,0.412822,-0.0026226,0,0.00997346,11,4.8,-0.146394,-3,1,-0.5,0,0,7.15256e-06,0,0,0.00624539,12,4.8,-0.884073,1.73577,1,0.397304,0.442237,0,0.644028,-0.295579,0,0.013121,13,4.8,2.00098,0.557614,1,0.00184178,0.5,0,-0.0104904,2.98023e-05,0,0.0111795,14,4.8,-0.938791,-0.769373,1,0.245719,-0.443546,0,0.564963,0.311822,0,0.0158142,15,4.8,5.98665e-05,-1.14408,1,0.000296749,-0.427461,0,0.00118795,-0.457048,0,0.0148673,16,4.8,1.75122,-0.999347,1,-0.375161,-9.83477e-05,0,0.100374,-0.000804663,0,0.0156569,17,4.8,0.00139156,0.643086,1,-0.00141123,0.495614,0,-0.00274804,-0.0631213,0,0.0122691,18,4.8,-0.701543,0.994179,1,-0.490335,0.00602156,0,0.117153,0.0138283,0,0.0102561,19,4.8,-1.80847,2.99928,1,-0.43121,-0.00523329,0,0.354469,-0.00631809,0,0.00563307,20,4.8,3,-0.437693,1,0,0.5,0,0,-1.43051e-05,0,0.00429699,21,4.8,1.00041,0.483415,1,-0.000160933,-0.41205,0,-0.00101328,-0.44708,0,0.0107306,22,4.8,2.98103,1.00003,1,0.11034,1.78814e-05,0,-0.414252,-0.000357628,0,0.00597503,23,4.8,-1.00992,2.72906,1,0.0186771,0.473344,0,0.0153184,-0.199556,0,0.00582045,24,4.8,-2.75267,-1.04415,1,-0.434893,-0.28463,0,0.32866,-0.999987,0,0.00846957,25,4.8,2.00007,3,1,9.53674e-05,0,0,-0.000834465,0,0,0.00408651,26,4.8,0.423788,-0.00305255,1,-0.491253,0.00480835,0,-0.118136,0.00264298,0,0.0117403,27,4.8,-3,1.96192,1,0,-0.265494,0,0,-0.926137,0,0.00724181,28,4.8,-1.85344,2,1,0.435588,-3.8743e-05,0,0.438988,0,0,0.0139933,29,4.8,-0.000235676,2.19465,1,-0.000208977,0.498849,0,0.00100303,0.0230074,0,0.0093637,30,4.8,2.00031,-1.7389,1,0.000500679,0.348112,0,-0.000476837,-0.121355,0,0.0113701,31,4.8,3,-1.36548,1,0,0.497144,0,0,-0.0478029,0,0.00495012,32,4.8,-2.99771,-0.272288,1,-0.00577569,0.132316,0,0.00476837,-1.00002,0,0.00871397,33,4.8,-1.28645,0.000568718,1,0.487724,-0.000418418,0,-0.141501,-0.00185822,0,0.0120452,34,4.8,1.33008,2.00131,1,-0.489706,-0.000756979,0,0.113249,-0.00309944,0,0.0114052,35,4.8,-1.75784,-0.999407,1,-0.130102,-0.0144303,0,0.999987,0.0402331,0,0.0152616
0,4.9,0.999615,-1.28367,1,-0.00057118,-0.299908,0,0.000927597,-0.0732392,0,0.012067,1,4.9,1.28067,-2.00065,1,0.375082,0.00917315,0,-0.280753,-0.0312626,0,0.0150616,2,4.9,-1.05981,-2.65713,1,-0.169599,0.473155,0,-0.0421703,0.194058,0,0.0101886,3,4.9,0.999996,1.26336,1,-4.47035e-06,-0.382198,0,2.98023e-05,0.0394806,0,0.00963048,4,4.9,-2.0011,0.311062,1,0.0014998,-0.498363,0,-0.000149012,-0.0332557,0,0.0116412,5,4.9,-0.721616,-2.04648,1,0.5,-0.150858,0,0,-0.3663,0,0.0127174,6,4.9,-1.9841,-1.99841,1,-0.00754613,-0.00187084,0,-0.128649,-0.00730157,0,0.0123169,7,4.9,2.35181,-0.0248523,1,-0.49597,0.0243657,0,0.0812113,0.0469912,0,0.00987736,8,4.9,0.676718,3,1,0.491944,0,0,-0.0943691,0,0,0.0060416,9,4.9,-3,0.514116,1,0,0.0460551,0,0,-0.688229,0,0.00756232,10,4.9,-2.38489,1.001,1,0.467398,-0.0123972,0,0.243679,-0.199132,0,0.00997346,11,4.9,-0.196394,-3,1,-0.5,0,0,0,0,0,0.00624539,12,4.9,-0.84142,1.77842,1,0.452443,0.409741,0,0.446945,-0.351183,0,0.013121,13,4.9,2.00112,0.607569,1,0.000879914,0.498528,0,-0.00876188,-0.0337176,0,0.0111795,14,4.9,-0.911357,-0.812036,1,0.30301,-0.408468,0,0.56839,0.385866,0,0.0158142,15,4.9,9.38825e-05,-1.18886,1,0.000370024,-0.46551,0,0.000373277,-0.304021,0,0.0148673,16,4.9,1.71432,-0.999362,1,-0.361569,-0.000195671,0,0.170983,-0.00100955,0,0.0156569,17,4.9,0.00123851,0.692232,1,-0.00163178,0.486212,0,-0.0016754,-0.127979,0,0.0122691,18,4.9,-0.750103,0.99484,1,-0.481738,0.00707991,0,0.0642538,0.00753254,0,0.0102561,19,4.9,-1.84969,2.99874,1,-0.392223,-0.00527911,0,0.422373,0.00460446,0,0.00563307,20,4.9,3,-0.387748,1,0,0.498231,0,0,-0.0392123,0,0.00429699,21,4.9,1.00039,0.440133,1,-0.000254065,-0.451904,0,-0.000849366,-0.345515,0,0.0107306,22,4.9,2.99011,1.00003,1,0.0723772,-1.24797e-05,0,-0.343323,-0.000245869,0,0.00597503,23,4.9,-1.00801,2.7752,1,0.0193723,0.447677,0,-0.000685453,-0.310168,0,0.00582045,24,4.9,-2.79442,-1.07745,1,-0.399216,-0.379017,0,0.381514,-0.85257,0,0.00846957,25,4.9,2.00007,3,1,2.08616e-05,0,0,-0.000655651,0,0,0.00408651,26,4.9,0.374238,-0.00256374,1,-0.498053,0.00491852,0,-0.0170916,-0.000318905,0,0.0117403,27,4.9,-3,1.93095,1,0,-0.351705,0,0,-0.783592,0,0.00724181,28,4.9,-1.80791,1.99999,1,0.472525,-3.63216e-05,0,0.291303,3.72529e-05,0,0.0139933,29,4.9,-0.000251647,2.2446,1,-0.000111467,0.499928,0,0.000942584,0.00287592,0,0.0093637,30,4.9,2.00036,-1.70477,1,0.000414252,0.333735,0,-0.00110269,-0.16696,0,0.0113701,31,4.9,3,-1.3161,1,0,0.489445,0,0,-0.109829,0,0.00495012,32,4.9,-2.99825,-0.264056,1,-0.00517778,0.0323155,0,0.00698864,-1,0,0.00871397,33,4.9,-1.23859,0.000972127,1,0.467568,0.0124882,0,-0.258453,0.238625,0,0.0120452,34,4.9,1.28179,2.00122,1,-0.474883,-0.00103936,0,0.18461,-0.0025332,0,0.0114052,35,4.9,-1.76585,-1.00065,1,-0.0301026,-0.0105385,0,1,0.0373721,0,0.0152616
0,5,0.999563,-1.31385,1,-0.000475347,-0.301889,0,0.000834465,0.0328422,0,0.0130627,1,5,1.31674,-1.99989,1,0.345954,0.00625849,0,-0.302851,-0.0271201,0,0.0136524,2,5,-1.07665,-2.60896,1,-0.163984,0.489032,0,0.149429,0.121832,0,0.00987216,3,5,0.999996,1.22543,1,-1.49012e-06,-0.375429,0,2.98023e-05,0.0987053,0,0.00909818,4,5,-2.00096,0.261121,1,0.00137091,-0.499924,0,-0.0026226,-0.00151992,0,0.0121571,5,5,-0.671616,-2.06349,1,0.5,-0.190109,0,2.98023e-05,-0.41616,0,0.0102013,6,5,-1.98541,-1.99863,1,-0.0179887,-0.00242293,0,-0.0814199,-0.00393391,0,0.0106192,7,5,2.30276,-0.0222127,1,-0.483698,0.0281138,0,0.16439,0.028302,0,0.00963316,8,5,0.725316,3,1,0.478685,0,0,-0.173271,0,0,0.00563999,9,5,-3,0.51509,1,0,-0.0279114,0,0,-0.768989,0,0.00730217,10,5,-2.33721,0.998541,1,0.483572,-0.0385299,0,0.0811815,-0.310451,0,0.0150359,11,5,-0.246394,-3,1,-0.5,0,0,-7.15256e-06,0,0,0.00747793,12,5,-0.794322,1.81757,1,0.48572,0.372604,0,0.220686,-0.388741,0,0.0114679,13,5,2.00116,0.657168,1,8.9407e-05,0.492525,0,-0.00703335,-0.0894666,0,0.00937858,14,5,-0.878296,-0.850858,1,0.357164,-0.36712,0,0.504822,0.437558,0,0.0142856,15,5,0.000132063,-1.23668,1,0.000388669,-0.488558,0,7.65431e-05,-0.1598,0,0.0135481,16,5,1.67913,-0.999386,1,-0.341108,-0.000278652,0,0.237167,-0.000566244,0,0.0147527,17,5,0.00106864,0.740086,1,-0.00174916,0.469548,0,-0.000688306,-0.206888,0,0.0106176,18,5,-0.797977,0.995576,1,-0.475782,0.00756532,0,0.0623763,0.00235438,0,0.0111924,19,5,-1.88671,2.99825,1,-0.347343,-0.00445843,0,0.472009,0.0113249,0,0.00775814,20,5,3,-0.338212,1,0,0.491502,0,0,-0.0980645,0,0.0038488,21,5,1.00036,0.393414,1,-0.000327826,-0.480407,0,-0.000655651,-0.22158,0,0.0102721,22,5,2.99575,1.00003,1,0.0418961,-3.27826e-05,0,-0.265837,-0.000178814,0,0.00613254,23,5,-1.0061,2.81826,1,0.0186801,0.412059,0,-0.0126362,-0.398636,0,0.00676051,24,5,-2.83237,-1.11916,1,-0.359231,-0.450161,0,0.415087,-0.555634,0,0.00798454,25,5,2.00007,3,1,-3.57628e-05,0,0,-0.000476837,0,0,0.00413022,26,5,0.32452,-0.00207754,1,-0.494592,0.00476762,0,0.0863671,-0.00258942,0,0.0124581,27,5,-3,1.89218,1,0,-0.42007,0,0,-0.576913,0,0.00801295,28,5,-1.75948,1.99999,1,0.493291,-3.27826e-05,0,0.126898,0.000119209,0,0.0113062,29,5,-0.000258214,2.2946,1,-2.12982e-05,0.5,0,0.000857006,0,0,0.00744244,30,5,2.0004,-1.67231,1,0.000303984,0.314638,0,-0.000834465,-0.215173,0,0.0114514,31,5,3,-1.26783,1,0,0.474608,0,0,-0.189006,0,0.00405875,32,5,-2.99874,-0.265824,1,-0.00441074,-0.0676848,0,0.00822544,-0.999987,0,0.00826509,33,5,-1.1933,0.00366459,1,0.436687,0.0434188,0,-0.355721,0.362475,0,0.0156764,34,5,1.23535,2.0011,1,-0.452611,-0.00126362,0,0.261247,-0.00166893,0,0.0138224,35,5,-1.76386,-1.00153,1,0.0698984,-0.00699461,0,0.999987,0.0331998,0,0.012533
0,5.1,0.999521,-1.34377,1,-0.000354927,-0.295569,0,0.00141934,0.0937432,0,0.0130627,1,5.1,1.34985,-1.99939,1,0.3164,0.00381581,0,-0.290491,-0.02186,0,0.0136524,2,5.1,-1.09199,-2.55957,1,-0.140189,0.497431,0,0.315122,0.0494123,0,0.00987216,3,5.1,0.999542,1.18853,1,-0.0130608,-0.361055,0,-0.239853,0.186719,0,0.00909818,4,5.1,-2.00083,0.211124,1,0.00113808,-0.499995,0,-0.00210106,-0.000190884,0,0.0121571,5,5.1,-0.621616,-2.08466,1,0.5,-0.234299,0,0,-0.476956,0,0.0102013,6,5.1,-1.98755,-1.99889,1,-0.0240797,-0.00266917,0,-0.0418201,-0.00111759,0,0.0106192,7,5.1,2.25534,-0.0192879,1,-0.463347,0.0301107,0,0.242323,0.0119562,0,0.00963316,8,5.1,0.772131,2.99955,1,0.455839,-0.013062,0,-0.280522,-0.239864,0,0.00563999,9,5.1,-3,0.508166,1,0,-0.112882,0,0,-0.907155,0,0.00730217,10,5.1,-2.28875,0.992636,1,0.482595,-0.0839144,0,-0.0951141,-0.57146,0,0.0150359,11,5.1,-0.296394,-3,1,-0.5,0,0,2.68221e-06,0,0,0.00747793,12,5.1,-0.744981,1.85285,1,0.498296,0.332677,0,0.0519343,-0.407487,0,0.0114679,13,5.1,2.00114,0.706262,1,-0.000510737,0.491538,0,-0.00502169,0.0419542,0,0.00937858,14,5.1,-0.840102,-0.885331,1,0.405959,-0.321901,0,0.460673,0.463601,0,0.0142856,15,5.1,0.000170196,-1.28613,1,0.000364116,-0.498394,0,-0.000516876,-0.0458583,0,0.0135481,16,5.1,1.6462,-0.999417,1,-0.317529,-0.000351295,0,0.238501,-0.00076741,0,0.0147527,17,5.1,0.000891759,0.785353,1,-0.00177402,0.429945,0,0.00017941,-0.558291,0,0.0106176,18,5.1,-0.845323,0.996337,1,-0.471704,0.00759857,0,0.0278652,-0.00144169,0,0.0111924,19,5.1,-1.91903,2.99787,1,-0.298492,-0.00315905,0,0.500672,0.0142157,0,0.00775814,20,5.1,3,-0.289663,1,0,0.478321,0,0,-0.167456,0,0.0038488,21,5.1,1.00032,0.34449,1,-0.000383332,-0.495783,0,-0.000447035,-0.0847112,0,0.0102721,22,5.1,2.99824,1.00002,1,0.00460334,-4.61936e-05,0,-0.455335,-8.9407e-05,0,0.00613254,23,5.1,-1.00431,2.85735,1,0.0169989,0.368699,0,-0.0204444,-0.464618,0,0.00676051,24,5.1,-2.86619,-1.16638,1,-0.316797,-0.488591,0,0.430942,-0.226028,0,0.00798454,25,5.1,1.99957,3,1,-0.0144387,0,0,-0.26115,0,0,0.00413022,26,5.1,0.275312,-0.00161696,1,-0.491045,0.00441214,0,-0.00261411,-0.00449749,0,0.0124581,27,5.1,-3,1.84763,1,0,-0.467305,0,0,-0.361986,0,0.00801295,28,5.1,-1.70975,1.99999,1,0.499489,-2.16067e-05,0,0.0185892,0.000104308,0,0.0113062,29,5.1,-0.000256251,2.3446,1,5.85996e-05,0.5,0,0.000738992,0,0,0.00744244,30,5.1,2.00042,-1.64189,1,0.000190362,0.293894,0,-0.0012964,-0.204749,0,0.0114514,31,5.1,3,-1.2215,1,0,0.450326,0,0,-0.293389,0,0.00405875,32,5.1,-2.99913,-0.277593,1,-0.00356436,-0.167684,0,0.00858307,-0.999998,0,0.00826509,33,5.1,-1.15156,0.0101039,1,0.396701,0.0876914,0,-0.438549,0.502349,0,0.0156764,34,5.1,1.19155,2.00052,1,-0.421867,-0.0144523,0,0.349909,-0.240758,0,0.0138224,35,5.1,-1.75187,-1.00207,1,0.169711,-0.00398047,0,0.992529,0.0271499,0,0.012533
0,5.2,0.999492,-1.37276,1,-0.000216067,-0.283161,0,0.00119209,0.154078,0,0.0133955,1,5.2,1.38004,-1.99911,1,0.287479,0.00186265,0,-0.28944,-0.0174046,0,0.0141374,2,5.2,-1.10424,-2.50967,1,-0.103086,0.499809,0,0.416994,0.0038147,0,0.00995453,3,5.2,0.996787,1.15349,1,-0.0440866,-0.338522,0,-0.363171,0.261605,0,0.0128436,4,5.2,-2.00073,0.161124,1,0.000941753,-0.5,0,-0.00190735,-3.57628e-06,0,0.0145075,5,5.2,-0.571616,-2.11062,1,0.5,-0.286376,0,2.98023e-05,-0.563979,0,0.00961313,6,5.2,-1.99011,-1.99916,1,-0.0266314,-0.00266433,0,-0.0104308,0.00101328,0,0.0107727,7,5.2,2.21034,-0.0162418,1,-0.435358,0.0305718,0,0.316501,-0.00238653,0,0.00881964,8,5.2,0.816158,2.99679,1,0.42322,-0.0440896,0,-0.368595,-0.363231,0,0.00784283,9,5.2,-3,0.492275,1,0,-0.20511,0,0,-0.918388,0,0.00655591,10,5.2,-2.24122,0.981135,1,0.465649,-0.148089,0,-0.238419,-0.69055,0,0.0144192,11,5.2,-0.346394,-3,1,-0.5,0,0,1.43051e-05,0,0,0.00794284,12,5.2,-0.695023,1.88406,1,0.5,0.291544,0,2.98023e-05,-0.413239,0,0.0111765,13,5.2,2.00107,0.755672,1,-0.000929832,0.496732,0,-0.00321865,0.0477433,0,0.0108079,14,5.2,-0.797346,-0.915183,1,0.447573,-0.275004,0,0.364721,0.471562,0,0.0133728,15,5.2,0.000203393,-1.33609,1,0.000294602,-0.5,0,-0.000831067,0,0,0.0144261,16,5.2,1.61567,-0.999456,1,-0.292763,-0.000412762,0,0.259161,-0.000417233,0,0.0154817,17,5.2,0.000716597,0.82516,1,-0.00171619,0.36281,0,0.000960049,-0.762135,0,0.0134194,18,5.2,-0.892351,0.997086,1,-0.468658,0.00732392,0,0.0399053,-0.0038445,0,0.0126557,19,5.2,-1.94636,2.99762,1,-0.248018,-0.00168681,0,0.504971,0.0146627,0,0.00791505,20,5.2,3,-0.242795,1,0,0.457747,0,0,-0.244774,0,0.00415793,21,5.2,1.00028,0.294721,1,-0.000417233,-0.497264,0,-0.000238419,0.054732,0,0.0101932,22,5.2,2.99627,1.00002,1,-0.0448108,-5.36442e-05,0,-0.51403,5.96046e-05,0,0.00826726,23,5.2,-1.00272,2.89182,1,0.0146925,0.319934,0,-0.0252128,-0.506639,0,0.0056955,24,5.2,-2.89571,-1.21595,1,-0.273538,-0.49929,0,0.431776,-0.0142455,0,0.0091515,25,5.2,1.99657,3,1,-0.0475585,0,0,-0.380635,0,0,0.00592164,26,5.2,0.226136,-0.00120122,1,-0.4928,0.00387361,0,-0.0221431,-0.00624079,0,0.0134047,27,5.2,-3,1.79946,1,0,-0.492537,0,0,-0.14931,0,0.00724723,28,5.2,-1.65976,1.99999,1,0.500003,-1.19209e-05,0,-5.96046e-05,0.000119209,0,0.00984304,29,5.2,-0.000246906,2.3946,1,0.000126176,0.5,0,0.000611253,0,0,0.007504,30,5.2,2.00044,-1.61354,1,6.55651e-05,0.272867,0,-0.000953674,-0.218868,0,0.0100616,31,5.2,3,-1.17808,1,0,0.416592,0,0,-0.377953,0,0.00400354,32,5.2,-2.99945,-0.299361,1,-0.00271201,-0.267684,0,0.00810623,-0.999987,0,0.0106916,33,5.2,-1.11418,0.0214741,1,0.35001,0.140187,0,-0.490367,0.531165,0,0.0147405,34,5.2,1.15124,1.99762,1,-0.383362,-0.045529,0,0.416636,-0.36341,0,0.0131639,35,5.2,-1.73,-1.00234,1,0.26691,-0.0015527,0,0.940204,0.0215173,0,0.0122799
0,5.3,0.999477,-1.40032,1,-7.30157e-05,-0.268199,0,0.00153482,0.150129,0,0.0133955,1,5.3,1.40745,-1.999,1,0.261544,0.000360981,0,-0.235945,-0.0127852,0,0.0141374,2,5.3,-1.11238,-2.45968,1,-0.0589957,0.499988,0,0.456937,0.000476837,0,0.00995453,3,5.3,0.990278,1.12106,1,-0.0884137,-0.308844,0,-0.502724,0.327997,0,0.0128436,4,5.3,-2.00064,0.111124,1,0.000779331,-0.5,0,-0.0013411,-2.98023e-07,0,0.0145075,5,5.3,-0.521636,-2.14228,1,0.499334,-0.348091,0,-0.0153873,-0.639111,0,0.00961313,6,5.3,-1.99279,-1.99941,1,-0.0264496,-0.00248048,0,0.0127703,0.00255555,0,0.0107727,7,5.3,2.16853,-0.0132194,1,-0.399687,0.0296603,0,0.392854,-0.0152813,0,0.00881964,8,5.3,0.856501,2.99008,1,0.382411,-0.0941984,0,-0.442494,-0.608861,0,0.00784283,9,5.3,-3,0.467286,1,0,-0.293251,0,0,-0.834126,0,0.00655591,10,5.3,-2.19607,0.962711,1,0.435403,-0.221572,0,-0.359908,-0.761546,0,0.0144192,11,5.3,-0.396394,-3,1,-0.5,0,0,0,0,0,0.00794284,12,5.3,-0.645023,1.91116,1,0.5,0.250568,0,0,-0.404745,0,0.0111765,13,5.3,2.00096,0.805517,1,-0.00118315,0.499575,0,-0.00187755,0.0125803,0,0.0108079,14,5.3,-0.750954,-0.940357,1,0.478153,-0.228839,0,0.239439,0.45022,0,0.0133728,15,5.3,0.000228477,-1.38609,1,0.000205235,-0.5,0,-0.000942242,0,0,0.0144261,16,5.3,1.58763,-0.999499,1,-0.268346,-0.000459421,0,0.233948,-0.000435859,0,0.0154817,17,5.3,0.000550961,0.857187,1,-0.00158303,0.274389,0,0.00176882,-0.965599,0,0.0134194,18,5.3,-0.939099,0.997795,1,-0.466891,0.00683088,0,0.00436231,-0.00570714,0,0.0126557,19,5.3,-1.96866,2.99753,1,-0.198278,-0.000276044,0,0.486501,0.0133663,0,0.00791505,20,5.3,3,-0.198408,1,0,0.428472,0,0,-0.337117,0,0.00415793,21,5.3,1.00024,0.245546,1,-0.000429712,-0.4836,0,-2.23517e-05,0.213582,0,0.0101932,22,5.3,2.98894,0.999995,1,-0.104048,-0.000576209,0,-0.647411,-0.0099279,0,0.00826726,23,5.3,-1.00138,2.92123,1,0.0120539,0.267969,0,-0.0271797,-0.527278,0,0.0056955,24,5.3,-2.92092,-1.26592,1,-0.230835,-0.499956,0,0.420228,-0.00175834,0,0.0091515,25,5.3,1.98966,3,1,-0.0924792,0,0,-0.498623,0,0,0.00592164,26,5.3,0.176702,-0.000845699,1,-0.496138,0.00322815,0,-0.0375166,-0.00676151,0,0.0134047,27,5.3,-3,1.74975,1,0,-0.499534,0,0,-0.0186414,0,0.00724723,28,5.3,-1.60976,1.99999,1,0.5,-1.11759e-06,0,-7.45058e-06,8.9407e-05,0,0.00984304,29,5.3,-0.00023151,2.4446,1,0.000179013,0.5,0,0.000448071,0,0,0.007504,30,5.3,2.00044,-1.58729,1,-4.35859e-05,0.252621,0,-0.00111759,-0.19145,0,0.0100616,31,5.3,3,-1.13842,1,0,0.375679,0,0,-0.437237,0,0.00400354,32,5.3,-2.99968,-0.330847,1,-0.00193492,-0.358868,0,0.00736117,-0.810817,0,0.0106916,33,5.3,-1.08168,0.0381898,1,0.299518,0.194181,0,-0.514731,0.534829,0,0.0147405,34,5.3,1.11508,1.99096,1,-0.339039,-0.0899157,0,0.465319,-0.503607,0,0.0131639,35,5.3,-1.69892,-1.0024,1,0.351501,0.000297837,0,0.748158,0.0156537,0,0.0122799
0,5.4,0.999478,-1.42637,1,6.70552e-05,-0.252327,0,0.00116229,0.17035,0,0.0146523,1,5.4,1.43247,-1.99902,1,0.239149,-0.000721216,0,-0.216544,-0.00911951,0,0.0136098,2,5.4,-1.11598,-2.40968,1,-0.0131369,0.5,0,0.45377,0,0,0.00932441,3,5.4,0.978834,1.0919,1,-0.140928,-0.273681,0,-0.531167,0.371695,0,0.0135874,4,5.4,-2.00057,0.0611244,1,0.000667572,-0.5,0,-0.000953674,0,0,0.0158188,5,5.4,-0.47182,-2.1802,1,0.49655,-0.409037,0,-0.0419617,-0.559807,0,0.00970593,6,5.4,-1.99534,-1.99965,1,-0.0243157,-0.00217259,0,0.028789,0.00357628,0,0.0112929,7,5.4,2.13062,-0.0103472,1,-0.357568,0.0276231,0,0.445724,-0.0249478,0,0.00986141,8,5.4,0.892443,2.97742,1,0.335686,-0.160438,0,-0.487477,-0.691772,0,0.00926343,9,5.4,-3,0.434002,1,0,-0.370133,0,0,-0.695795,0,0.00720885,10,5.4,-2.15448,0.936749,1,0.394911,-0.297266,0,-0.444055,-0.738531,0,0.0149955,11,5.4,-0.446394,-3,1,-0.5,0,0,1.43051e-05,0,0,0.00714278,12,5.4,-0.595023,1.93422,1,0.5,0.210881,0,2.98023e-05,-0.387728,0,0.0107381,13,5.4,2.00084,0.855506,1,-0.00131726,0.5,0,-0.000715256,2.98023e-05,0,0.01018,14,5.4,-0.70218,-0.961036,1,0.494993,-0.185236,0,0.100136,0.420541,0,0.0131785,15,5.4,0.000244204,-1.43609,1,0.000108756,-0.500003,0,-0.000975357,5.96046e-05,0,0.0122513,16,5.4,1.56196,-0.999547,1,-0.245187,-0.000484288,0,0.232399,-2.98023e-05,0,0.0151126,17,5.4,0.000403278,0.8797,1,-0.00135178,0.175327,0,0.00289685,-1.00002,0,0.01473,18,5.4,-0.985764,0.998448,1,-0.46619,0.00623912,0,0.0167787,-0.00590086,0,0.0137198,19,5.4,-1.98611,2.99756,1,-0.151309,0.000953674,0,0.450313,0.0110865,0,0.0058175,20,5.4,3,-0.157373,1,0,0.391041,0,0,-0.407941,0,0.00397847,21,5.4,1.0002,0.198481,1,-0.000423193,-0.455542,0,0.000178814,0.342623,0,0.0101291,22,5.4,2.97524,0.999875,1,-0.170141,-0.00192672,0,-0.656128,-0.0165701,0,0.0100625,23,5.4,-1.00031,2.9454,1,0.00932962,0.215483,0,-0.0270903,-0.518084,0,0.00583588,24,5.4,-2.94193,-1.31592,1,-0.189865,-0.500003,0,0.397682,5.96046e-05,0,0.00838446,25,5.4,1.97786,3,1,-0.143853,0,0,-0.513732,0,0,0.0065592,26,5.4,0.126922,-0.000558177,1,-0.499124,0.00250581,0,-0.0175124,-0.00774721,0,0.0138808,27,5.4,-3,1.69976,1,0,-0.500003,0,0,5.96046e-05,0,0.00902963,28,5.4,-1.55976,1.99999,1,0.500003,5.96046e-06,0,-5.96046e-05,5.96046e-05,0,0.0110332,29,5.4,-0.000211621,2.4946,1,0.000216311,0.5,0,0.000300512,0,0,0.00759108,30,5.4,2.00043,-1.56298,1,-0.000143051,0.233674,0,-0.000715256,-0.190973,0,0.015873,31,5.4,3,-1.10311,1,0,0.329769,0,0,-0.47785,0,0.00445876,32,5.4,-2.99984,-0.370397,1,-0.0012517,-0.428084,0,0.00619888,-0.568703,0,0.00760364,33,5.4,-1.05431,0.0601927,1,0.247937,0.244714,0,-0.512898,0.465326,0,0.0158486,34,5.4,1.08355,1.97936,1,-0.291142,-0.142533,0,0.488639,-0.532269,0,0.0131479,35,5.4,-1.66036,-1.0023,1,0.41616,0.00160635,0,0.544667,0.0107288,0,0.0142392
0,5.5,0.99949,-1.45082,1,0.000189897,-0.237134,0,0.00118837,0.139825,0,0.0146523,1,5.5,1.45542,-1.99913,1,0.220909,-0.00143889,0,-0.156023,-0.00543147,0,0.0136098,2,5.5,-1.11513,-2.3598,1,0.0292098,0.496473,0,0.391312,-0.0718832,0,0.00932441,3,5.5,0.962048,1.06644,1,-0.194817,-0.235195,0,-0.532843,0.394553,0,0.0135874,4,5.5,-2.00051,0.0111244,1,0.000584498,-0.5,0,-0.000700355,-1.49012e-07,0,0.0158188,5,5.5,-0.422458,-2.22364,1,0.489875,-0.456778,0,-0.0915937,-0.387743,0,0.00970593,6,5.5,-1.99761,-1.99985,1,-0.0209235,-0.00178963,0,0.0381172,0.00402331,0,0.0112929,7,5.5,2.09715,-0.00772127,1,-0.311495,0.0247899,0,0.472561,-0.0312765,0,0.00986141,8,5.5,0.923538,2.95784,1,0.285959,-0.231552,0,-0.503149,-0.71542,0,0.00926343,9,5.5,-3,0.393891,1,0,-0.42832,0,0,-0.46972,0,0.00720885,10,5.5,-2.11729,0.903386,1,0.348166,-0.368924,0,-0.486493,-0.674456,0,0.0149955,11,5.5,-0.496394,-3,1,-0.5,0,0,1.78814e-06,0,0,0.00714278,12,5.5,-0.545023,1.95341,1,0.5,0.173371,0,0,-0.361547,0,0.0107381,13,5.5,2.0007,0.905506,1,-0.00134744,0.5,0,7.45058e-05,0,0,0.01018,14,5.5,-0.652374,-0.977528,1,0.499687,-0.145324,0,0.0125244,0.377413,0,0.0131785,15,5.5,0.000250266,-1.48609,1,1.33445e-05,-0.5,0,-0.000923697,7.45058e-06,0,0.0122513,16,5.5,1.5385,-0.999596,1,-0.224858,-0.000489131,0,0.18084,1.49012e-05,0,0.0151126,17,5.5,0.00028215,0.892236,1,-0.0010705,0.0754935,0,0.00290901,-0.993323,0,0.01473,18,5.5,-1.03247,0.99905,1,-0.469427,0.00586361,0,-0.0686236,-0.00169873,0,0.0137198,19,5.5,-1.99907,2.99771,1,-0.108753,0.00191666,0,0.399239,0.00815094,0,0.0058175,20,5.5,3,-0.120392,1,0,0.347832,0,0,-0.453121,0,0.00397847,21,5.5,1.00016,0.154807,1,-0.00039842,-0.416377,0,0.000305474,0.436212,0,0.0101291,22,5.5,2.95497,0.999547,1,-0.234814,-0.00511194,0,-0.627339,-0.0447221,0,0.0100625,23,5.5,-0.999508,2.9644,1,0.00670748,0.165183,0,-0.0251494,-0.4839,0,0.00583588,24,5.5,-2.95898,-1.36592,1,-0.151591,-0.5,0,0.36636,7.45058e-06,0,0.00838446,25,5.5,1.96081,3,1,-0.197487,0,0,-0.542954,0,0,0.0065592,26,5.5,0.0769574,-0.000344997,1,-0.499857,0.00176686,0,0.0013373,-0.00719817,0,0.0138808,27,5.5,-3,1.64976,1,0,-0.5,0,0,7.45058e-06,0,0.00902963,28,5.5,-1.50976,1.99999,1,0.5,1.09896e-05,0,-7.45058e-06,3.72529e-05,0,0.0110332,29,5.5,-0.000188713,2.5446,1,0.000239657,0.5,0,0.000169006,0,0,0.00759108,30,5.5,2.00041,-1.54047,1,-0.00021942,0.217311,0,-0.000700355,-0.143245,0,0.015873,31,5.5,3,-1.07257,1,0,0.280794,0,0,-0.497557,0,0.00445876,32,5.5,-2.99993,-0.415604,1,-0.000701472,-0.471823,0,0.00481308,-0.315016,0,0.00760364,33,5.5,-1.03205,0.0869006,1,0.197782,0.288325,0,-0.487305,0.398438,0,0.0158486,34,5.5,1.05688,1.96241,1,-0.242181,-0.196563,0,0.487305,-0.53449,0,0.0131479,35,5.5,-1.61635,-1.00209,1,0.460915,0.00246316,0,0.351511,0.00655651,0,0.0142392
0,5.6,0.999515,-1.47384,1,0.000284612,-0.2233,0,0.000655651,0.141084,0,0.0151868,1,5.6,1.47678,-1.9993,1,0.206611,-0.00184774,0,-0.135601,-0.00280142,0,0.011704,2,5.6,-1.11037,-2.31064,1,0.0648171,0.485426,0,0.3196,-0.149488,0,0.00923859,3,5.6,0.939994,1.0449,1,-0.245081,-0.195417,0,-0.462055,0.39804,0,0.0172668,4,5.6,-2.00045,-0.0388756,1,0.000524521,-0.5,0,-0.000596046,2.38419e-06,0,0.0122804,5,5.6,-0.374011,-2.27094,1,0.47824,-0.48607,0,-0.140995,-0.200033,0,0.00900435,6,5.6,-1.9995,-2.00001,1,-0.0168592,-0.00138283,0,0.0423789,0.00417233,0,0.0105356,7,5.6,2.06838,-0.00540603,1,-0.263673,0.0214514,0,0.480771,-0.0350966,0,0.0102406,8,5.6,0.94962,2.93117,1,0.235778,-0.300813,0,-0.497162,-0.657916,0,0.0105119,9,5.6,-3,0.349072,1,0,-0.464498,0,0,-0.256255,0,0.00669068,10,5.6,-2.08495,0.863356,1,0.298429,-0.429019,0,-0.504613,-0.516206,0,0.0117093,11,5.6,-0.546394,-3,1,-0.500001,0,0,2.98023e-05,0,0,0.00740964,12,5.6,-0.495023,1.96899,1,0.5,0.138736,0,-1.43051e-05,-0.330448,0,0.0108456,13,5.6,2.00057,0.955506,1,-0.0013113,0.5,0,0.000715256,2.98023e-05,0,0.009924,14,5.6,-0.60238,-0.990247,1,0.5,-0.109799,0,2.98023e-05,0.332862,0,0.0117959,15,5.6,0.000247132,-1.53609,1,-7.43486e-05,-0.500003,0,-0.000822976,5.96046e-05,0,0.010608,16,5.6,1.51688,-0.999644,1,-0.20788,-0.000467896,0,0.163436,0.000417233,0,0.0133876,17,5.6,0.000190893,0.894872,1,-0.000738731,-0.0220001,0,0.00385857,-0.946522,0,0.0199061,18,5.6,-1.07981,0.999634,1,-0.477588,0.00588149,0,-0.0841618,0.00196695,0,0.0143087,19,5.6,-2.00804,2.99794,1,-0.0717103,0.00258684,0,0.3407,0.005126,0,0.00683838,20,5.6,3,-0.087926,1,0,0.30104,0,0,-0.479597,0,0.00402738,21,5.6,1.00012,0.115473,1,-0.000360608,-0.369197,0,0.000357628,0.502858,0,0.0105386,22,5.6,2.92847,0.998782,1,-0.293851,-0.0104204,0,-0.545621,-0.0593364,0,0.0110932,23,5.6,-0.998959,2.97859,1,0.00433326,0.119394,0,-0.0222027,-0.428796,0,0.00606891,24,5.6,-2.97237,-1.41592,1,-0.116843,-0.500003,0,0.327706,5.96046e-05,0,0.00768363,25,5.6,1.93841,3,1,-0.249627,0,0,-0.487626,0,0,0.00706495,26,5.6,0.0270132,-0.000204522,1,-0.498589,0.00103727,0,0.0282204,-0.0075161,0,0.0180492,27,5.6,-3,1.59976,1,0,-0.500003,0,0,5.96046e-05,0,0.00771582,28,5.6,-1.45976,1.99999,1,0.500003,1.49012e-05,0,-5.96046e-05,0,0,0.0115159,29,5.6,-0.000164102,2.5946,1,0.000250635,0.5,0,5.31873e-05,0,0,0.00703799,30,5.6,2.00038,-1.51942,1,-0.000274181,0.203836,0,-0.000119209,-0.13119,0,0.0127212,31,5.6,3,-1.04698,1,0,0.231016,0,0,-0.494421,0,0.00440696,32,5.6,-2.99998,-0.464014,1,-0.000292063,-0.493196,0,0.00333786,-0.124604,0,0.00787258,33,5.6,-1.01464,0.117557,1,0.150993,0.322962,0,-0.4462,0.288382,0,0.0146056,34,5.6,1.03508,1.94017,1,-0.194278,-0.247002,0,0.468016,-0.463843,0,0.0123638,35,5.6,-1.5688,-1.00182,1,0.487125,0.00294149,0,0.178158,0.00315905,0,0.0101479
0,5.7,0.999546,-1.49559,1,0.000350643,-0.212733,0,0.000562519,0.0795275,0,0.0151868,1,5.7,1.49692,-1.99949,1,0.197349,-0.00199657,0,-0.0599623,-0.00037998,0,0.011704,2,5.7,-1.10241,-2.26297,1,0.0929484,0.466682,0,0.242315,-0.225589,0,0.00923859,3,5.7,0.91329,1.02733,1,-0.287683,-0.156363,0,-0.382632,0.381015,0,0.0172668,4,5.7,-2.0004,-0.0888756,1,0.000471994,-0.5,0,-0.000461936,-1.49012e-07,0,0.0122804,5,5.7,-0.327009,-2.32027,1,0.460661,-0.498136,0,-0.208465,-0.0544637,0,0.00900435,6,5.7,-2.00097,-2.00012,1,-0.0126028,-0.000977889,0,0.0422075,0.0038892,0,0.0105356,7,5.7,2.04441,-0.00343964,1,-0.215954,0.0178533,0,0.470519,-0.0364905,0,0.0102406,8,5.7,0.970761,2.89787,1,0.187573,-0.364373,0,-0.465158,-0.602841,0,0.0105119,9,5.7,-3,0.301669,1,0,-0.480342,0,0,-0.0632405,0,0.00669068,10,5.7,-2.0576,0.818202,1,0.248863,-0.470704,0,-0.485063,-0.316147,0,0.0117093,11,5.7,-0.596372,-3,1,-0.499229,0,0,0.0206605,0,0,0.00740964,12,5.7,-0.445023,1.98127,1,0.499986,0.107592,0,-0.000541955,-0.292286,0,0.0108456,13,5.7,2.00044,1.00551,1,-0.00122041,0.5,0,0.00110269,-7.45058e-06,0,0.009924,14,5.7,-0.55238,-0.999648,1,0.5,-0.07905,0,0,0.282619,0,0.0117959,15,5.7,0.00023588,-1.58608,1,-0.000147717,-0.499658,0,-0.000644671,0.0107288,0,0.010608,16,5.7,1.49675,-0.999689,1,-0.195886,-0.000430737,0,0.0862554,0.000413507,0,0.0133876,17,5.7,0.00013452,0.888054,1,-0.000400212,-0.112905,0,0.00316292,-0.859957,0,0.0199061,18,5.7,-1.12802,1.00023,1,-0.486736,0.00588549,0,-0.0909716,-0.00161305,0,0.0143087,19,5.7,-2.01362,2.99822,1,-0.0408109,0.00295416,0,0.277326,0.00229478,0,0.00683838,20,5.7,3,-0.0602402,1,0,0.252567,0,0,-0.486191,0,0.00402738,21,5.7,1.00008,0.0811441,1,-0.000319816,-0.316753,0,0.000454485,0.540676,0,0.0105386,22,5.7,2.8965,0.997304,1,-0.344067,-0.0203107,0,-0.456825,-0.12996,0,0.0110932,23,5.7,-0.99863,2.98849,1,0.00229748,0.0798721,0,-0.0184663,-0.359729,0,0.00606891,24,5.7,-2.98248,-1.46592,1,-0.0862308,-0.5,0,0.283808,7.45058e-06,0,0.00768363,25,5.7,1.911,3,1,-0.298464,0,0,-0.475138,0,0,0.00706495,26,5.7,-0.0226597,-0.000135542,1,-0.494312,0.000365256,0,0.0615052,-0.00613539,0,0.0180492,27,5.7,-3,1.54976,1,0,-0.5,0,0,7.45058e-06,0,0.00771582,28,5.7,-1.40977,1.99999,1,0.49952,1.49012e-05,0,-0.0143945,0,0,0.0115159,29,5.7,-0.000138964,2.64447,1,0.000250297,0.49595,0,-5.58362e-05,-0.0819713,0,0.00703799,30,5.7,2.00036,-1.49955,1,-0.000292435,0.194748,0,-0.00013411,-0.0604168,0,0.0127212,31,5.7,3,-1.02632,1,0,0.182637,0,0,-0.470154,0,0.00440696,32,5.7,-3,-0.513732,1,-2.01166e-05,-0.499431,0,0.00211596,-0.0198856,0,0.00787258,33,5.7,-1.00169,0.15126,1,0.109054,0.350503,0,-0.391509,0.253131,0,0.0146056,34,5.7,1.01793,1.91328,1,-0.149354,-0.28953,0,0.428967,-0.379726,0,0.0123638,35,5.7,-1.51943,-1.00152,1,0.498117,0.00312235,0,0.05202,0.000573695,0,0.0101479
0,5.8,0.999583,-1.5165,1,0.00037998,-0.2058,0,-0.000119209,0.0658035,0,0.0125491,1,5.8,1.51641,-1.99969,1,0.19283,-0.00196695,0,-0.0380278,0.000953674,0,0.0137027,2,5.8,-1.09204,-2.21755,1,0.113198,0.440341,0,0.162661,-0.300407,0,0.00845859,3,5.8,0.88279,1.01356,1,-0.320373,-0.119579,0,-0.266194,0.353098,0,0.0207376,4,5.8,-2.00036,-0.138876,1,0.000435114,-0.5,0,-0.000357628,0,0,0.0134319,5,5.8,-0.282082,-2.37022,1,0.436962,-0.5,0,-0.263519,0,0,0.00833528,6,5.8,-2.00203,-2.0002,1,-0.00851154,-0.000607967,0,0.0392199,0.00333786,0,0.0100817,7,5.8,2.02513,-0.00183644,1,-0.17013,0.0142216,0,0.443459,-0.0358348,0,0.00952635,8,5.8,0.987258,2.85858,1,0.143065,-0.419539,0,-0.42364,-0.492215,0,0.0103816,9,5.8,-3,0.253619,1,0,-0.477741,0,0,0.111952,0,0.00688546,10,5.8,-2.0351,0.769873,1,0.201714,-0.492811,0,-0.456572,-0.132948,0,0.0103626,11,5.8,-0.646122,-3,1,-0.494951,0,0,0.0687838,0,0,0.00914607,12,5.8,-0.395032,1.99063,1,0.499784,0.0802934,0,-0.00435114,-0.253677,0,0.010297,13,5.8,2.00033,1.05551,1,-0.00109673,0.5,0,0.0013113,0,0,0.00963912,14,5.8,-0.50238,-1.00622,1,0.5,-0.0531733,0,-1.43051e-05,0.235498,0,0.0111815,15,5.8,0.000218178,-1.63594,1,-0.000203402,-0.496891,0,-0.000469947,0.0503659,0,0.0118627,16,5.8,1.47753,-0.999729,1,-0.188923,-0.000369549,0,0.0602007,0.00089407,0,0.012974,17,5.8,0.000110877,0.872687,1,-6.21574e-05,-0.191993,0,0.00378694,-0.713497,0,0.017855,18,5.8,-1.17711,1.0008,1,-0.494623,0.00561178,0,-0.0630021,-0.00363588,0,0.0158002,19,5.8,-2.01641,2.99852,1,-0.0162065,0.00306368,0,0.215411,-0.000119209,0,0.00718536,20,5.8,3,-0.0373994,1,0,0.204476,0,0,-0.472575,0,0.00444845,21,5.8,1.00005,0.052197,1,-0.000271201,-0.262059,0,0.000476837,0.548588,0,0.010643,22,5.8,2.85997,0.994566,1,-0.384909,-0.0348628,0,-0.358939,-0.154167,0,0.0105894,23,5.8,-0.998487,2.99481,1,0.00064522,0.0477195,0,-0.0145435,-0.282764,0,0.00593417,24,5.8,-2.98977,-1.51592,1,-0.0601888,-0.500003,0,0.236869,5.96046e-05,0,0.00780323,25,5.8,1.87889,3,1,-0.34222,0,0,-0.389636,0,0,0.00635338,26,5.8,-0.0716996,-0.000128847,1,-0.485571,-0.000227056,0,0.116311,-0.00587223,0,0.0157379,27,5.8,-3,1.49976,1,0,-0.500003,0,0,5.96046e-05,0,0.00733022,28,5.8,-1.35995,1.99999,1,0.496155,1.49012e-05,0,-0.0576377,-5.96046e-05,0,0.0100522,29,5.8,-0.000114366,2.69351,1,0.000240257,0.483483,0,-0.000141186,-0.167608,0,0.00690123,30,5.8,2.00033,-1.48033,1,-0.000286102,0.190043,0,0.000476837,-0.0408292,0,0.013099,31,5.8,3,-1.01034,1,0,0.137511,0,0,-0.430167,0,0.00432232,32,5.8,-2.99999,-0.563719,1,0.000137091,-0.5,0,0.00107288,-2.98023e-05,0,0.00759259,33,5.8,-0.992642,0.187454,1,0.0728622,0.37199,0,-0.33167,0.169948,0,0.0139003,34,5.8,1.00506,1.88261,1,-0.10874,-0.321782,0,0.382155,-0.260592,0,0.0134814,35,5.8,-1.46948,-1.0012,1,0.5,0.00307858,0,0,-0.00143051,0,0.0109752
0,5.9,0.999621,-1.53691,1,0.000370201,-0.203702,0,-0.00019744,-0.01394,0,0.0125491,1,5.9,1.53566,-1.99988,1,0.193653,-0.00180043,0,0.0440925,0.00216067,0,0.0137027,2,5.9,-1.08004,-2.17565,1,0.125613,0.392073,0,0.0859946,-0.636458,0,0.00845859,3,5.9,0.849576,1.00329,1,-0.342268,-0.0863653,0,-0.168346,0.310697,0,0.0207376,4,5.9,-2.00032,-0.188876,1,0.000401586,-0.5,0,-0.000298023,-8.9407e-07,0,0.0134319,5,5.9,-0.239782,-2.42022,1,0.408321,-0.5,0,-0.307388,0,0,0.00833528,6,5.9,-2.00217,-2.00025,1,0.0101626,-0.000301003,0,0.306457,0.00280142,0,0.0100817,7,5.9,2.01027,-0.000589914,1,-0.127781,0.01075,0,0.401735,-0.0333774,0,0.00952635,8,5.9,0.999539,2.81442,1,0.103476,-0.460982,0,-0.36798,-0.335991,0,0.0103816,9,5.9,-3,0.206698,1,0,-0.457913,0,0,0.277553,0,0.00688546,10,5.9,-2.01714,0.720169,1,0.157988,-0.499415,0,-0.417113,-0.0206828,0,0.0103626,11,5.9,-0.695513,-3,1,-0.494603,0,0,-0.0361428,0,0,0.00914607,12,5.9,-0.345134,1.99746,1,0.497427,0.0568788,0,-0.0488423,-0.214741,0,0.010297,13,5.9,2.00022,1.10551,1,-0.0009574,0.5,0,0.00146031,0,0,0.00963912,14,5.9,-0.45238,-1.01044,1,0.5,-0.0318727,0,0,0.1911,0,0.0111815,15,5.9,0.000195767,-1.68528,1,-0.000242056,-0.488907,0,-0.000304457,0.112839,0,0.0118627,16,5.9,1.45877,-0.999762,1,-0.187862,-0.000291504,0,-0.0285208,0.000789762,0,0.012974,17,5.9,0.000120535,0.850154,1,0.000231923,-0.256197,0,0.00237625,-0.565566,0,0.017855,18,5.9,-1.22683,1.00134,1,-0.499107,0.00503771,0,-0.024572,-0.00759959,0,0.0158002,19,5.9,-2.01706,2.99882,1,0.00232942,0.00295155,0,0.156388,-0.00204146,0,0.00718536,20,5.9,3,-0.0192677,1,0,0.158694,0,0,-0.440602,0,0.00444845,21,5.9,1.00003,0.0287109,1,-0.0002224,-0.207994,0,0.000506639,0.528853,0,0.010643,22,5.9,2.81964,0.990285,1,-0.421562,-0.0508228,0,-0.360474,-0.159174,0,0.0105894,23,5.9,-0.998488,2.9983,1,-0.000611134,0.0233777,0,-0.0106394,-0.204474,0,0.00593417,24,5.9,-2.99468,-1.56592,1,-0.0389136,-0.499938,0,0.188738,0.00245869,0,0.00780323,25,5.9,1.84283,3,1,-0.37771,0,0,-0.314854,0,0,0.00635338,26,5.9,-0.119739,-0.000178559,1,-0.47559,-0.000749884,0,0.0931555,-0.00482837,0,0.0157379,27,5.9,-3,1.44976,1,0,-0.5,0,0,7.45058e-06,0,0.00733022,28,5.9,-1.31072,1.99999,1,0.487361,1.00583e-05,0,-0.121512,-2.98023e-05,0,0.0100522,29,5.9,-9.11553e-05,2.74088,1,0.000222938,0.462517,0,-0.000201973,-0.251293,0,0.00690123,30,5.9,2.0003,-1.46136,1,-0.000249222,0.190571,0,0.000402331,0.0411198,0,0.013099,31,5.9,3,-0.998656,1,0,0.0970827,0,0,-0.377126,0,0.00432232,32,5.9,-2.99997,-0.61366,1,0.000209734,-0.498145,0,0.000402331,0.0408329,0,0.00759259,33,5.9,-0.986879,0.225666,1,0.0436874,0.393543,0,-0.253722,0.247553,0,0.0139003,34,5.9,0.996002,1.8493,1,-0.0734167,-0.342693,0,0.324376,-0.155047,0,0.0134814,35,5.9,-1.41949,-1.00091,1,0.499842,0.00286605,0,-0.00579655,-0.00274926,0,0.0109752
0,6,0.999656,-1.55742,1,0.000320375,-0.206819,0,-0.000864267,-0.0404716,0,0.0161548,1,6,1.55531,-2.00005,1,0.199792,-0.00157356,0,0.0704527,0.00238419,0,0.0123368,2,6,-1.06717,-2.13999,1,0.130528,0.318229,0,0.013411,-0.816822,0,0.00993499,3,6,0.814691,0.996137,1,-0.353529,-0.0575125,0,-0.0550747,0.266105,0,0.0191664,4,6,-2.00028,-0.238876,1,0.000369549,-0.5,0,-0.000119209,-7.15256e-06,0,0.0105035,5,6,-0.200546,-2.47022,1,0.375857,-0.5,0,-0.340082,0,0,0.00883364,6,6,-1.99936,-2.00026,1,0.0478268,-5.36442e-05,0,0.42522,0.00226498,0,0.0109025,7,6,1.99942,0.000323788,1,-0.0900805,0.00758406,0,0.351131,-0.0297832,0,0.00971067,8,6,1.00814,2.7669,1,0.0694782,-0.486827,0,-0.311971,-0.182271,0,0.010467,9,6,-3,0.162519,1,0,-0.423594,0,0,0.402249,0,0.00685542,10,6,-2.00336,0.670182,1,0.118428,-0.5,0,-0.373304,-2.98023e-05,0,0.0112264,11,6,-0.745174,-3,1,-0.498486,0,0,-0.030309,0,0,0.00651394,12,6,-0.29575,2.00214,1,0.489007,0.0373125,0,-0.12356,-0.177026,0,0.0110403,13,6,2.00013,1.15551,1,-0.000804663,0.500003,0,0.00143051,-5.96046e-05,0,0.0101411,14,6,-0.40238,-1.01274,1,0.5,-0.0148356,0,-1.43051e-05,0.150383,0,0.0120989,15,6,0.000170304,-1.73348,1,-0.000264627,-0.473768,0,-0.000148976,0.191987,0,0.010091,16,6,1.43976,-0.999787,1,-0.192755,-0.000192225,0,-0.0609756,0.0013411,0,0.0126612,17,6,0.000155202,0.821985,1,0.00046291,-0.30431,0,0.00246009,-0.393778,0,0.0160168,18,6,-1.27681,1.0018,1,-0.500003,0.00413358,0,5.96046e-05,-0.0101924,0,0.0144473,19,6,-2.01613,2.9991,1,0.0153005,0.00267029,0,0.103951,-0.00321865,0,0.00582005,20,6,3,-0.00553131,1,0,0.116781,0,0,-0.395864,0,0.0041491,21,6,1.00001,0.0104962,1,-0.000172853,-0.156972,0,0.000476837,0.488607,0,0.0122787,22,6,2.77577,0.984439,1,-0.454795,-0.065656,0,-0.295877,-0.133008,0,0.0117268,23,6,-0.998596,2.99974,1,-0.0014931,0.00661612,0,-0.00709295,-0.132442,0,0.00592912,24,6,-2.99771,-1.61588,1,-0.0223875,-0.499019,0,0.142217,0.0196695,0,0.00848853,25,6,1.80365,3,1,-0.404277,0,0,-0.212729,0,0,0.00618422,26,6,-0.166803,-0.000277608,1,-0.465228,-0.00123492,0,0.121355,-0.00505014,0,0.0179433,27,6,-3,1.39976,1,0,-0.500003,0,0,5.96046e-05,0,0.00670426,28,6,-1.26272,1.99999,1,0.471348,5.96046e-06,0,-0.20057,0,0,0.0122429,29,6,-6.99493e-05,2.78574,1,0.000200478,0.433379,0,-0.00024428,-0.33021,0,0.00622249,30,6,2.00028,-1.44203,1,-0.000184774,0.196427,0,0.000953674,0.0680685,0,0.0113182,31,6,3,-0.990737,1,0,0.0622824,0,0,-0.31817,0,0.00418132,32,6,-2.99995,-0.663178,1,0.000226498,-0.4912,0,-0.000119209,0.100672,0,0.00748919,33,6,-0.983663,0.266293,1,0.0217497,0.419048,0,-0.186861,0.251591,0,0.0131724,34,6,0.990187,1.81445,1,-0.0438288,-0.352415,0,0.267595,-0.038147,0,0.0147875,35,6,-1.36957,-1.00063,1,0.497878,0.00254512,0,-0.0404119,-0.00363588,0,0.0116796
0,6.1,0.999685,-1.5787,1,0.000248756,-0.22215,0,-0.000748783,-0.243396,0,0.0161548,1,6.1,1.57604,-2.00019,1,0.217952,-0.00130311,0,0.269867,0.00280142,0,0.0123368,2,6.1,-1.05417,-2.1126,1,0.128251,0.226815,0,-0.0554845,-0.977099,0,0.00993499,3,6.1,0.779184,0.991629,1,-0.355377,-0.0335249,0,0.0199303,0.214379,0,0.0191664,4,6.1,-2.00024,-0.288876,1,0.000355393,-0.5,0,-0.000178814,2.68221e-06,0,0.0105035,5,6.1,-0.164698,-2.52022,1,0.340759,-0.5,0,-0.360383,0,0,0.00883364,6,6.1,-1.99222,-2.00026,1,0.0967966,0.000146404,0,0.534885,0.00183284,0,0.0109025,7,6.1,1.99207,0.000940567,1,-0.0578055,0.00482615,0,0.294067,-0.0253103,0,0.00971067,8,6.1,1.01363,2.71755,1,0.0413237,-0.498007,0,-0.251986,-0.0507087,0,0.010467,9,6.1,-3,0.12232,1,0,-0.379027,0,0,0.483449,0,0.00685542,10,6.1,-1.99329,0.620182,1,0.0838064,-0.5,0,-0.319481,0,0,0.0112264,11,6.1,-0.795115,-3,1,-0.499906,0,0,-0.00378489,0,0,0.00651394,12,6.1,-0.247663,2.00505,1,0.470821,0.0215188,0,-0.237612,-0.139445,0,0.0110403,13,6.1,2.00006,1.20551,1,-0.000661612,0.5,0,0.00143051,-7.45058e-06,0,0.0101411,14,6.1,-0.352512,-1.01354,1,0.496014,-0.00180192,0,-0.080401,0.111237,0,0.0120989,15,6.1,0.000143362,-1.77972,1,-0.00027168,-0.449217,0,2.81543e-06,0.295758,0,0.010091,16,6.1,1.41978,-0.9998,1,-0.210294,-8.45641e-05,0,-0.266679,0.00100583,0,0.0126612,17,6.1,0.000210531,0.7898,1,0.000618011,-0.337194,0,0.000914146,-0.261523,0,0.0160168,18,6.1,-1.32681,1.00216,1,-0.5,0.00304673,0,7.45058e-06,-0.011377,0,0.0144473,19,6.1,-2.01416,2.99935,1,0.023384,0.00229701,0,0.0591725,-0.00414252,0,0.00582005,20,6.1,3,0.0042567,1,0,0.0798948,0,0,-0.341001,0,0.0041491,21,6.1,0.999996,-0.00284909,1,-0.00012638,-0.110888,0,0.00044331,0.431357,0,0.0122787,22,6.1,2.72893,0.977457,1,-0.480568,-0.0717014,0,-0.208765,0.00499934,0,0.0117268,23,6.1,-0.998776,2.99984,1,-0.00204043,-0.00363849,0,-0.00395253,-0.0752956,0,0.00592912,24,6.1,-2.99931,-1.66561,1,-0.0103462,-0.49473,0,0.0994951,0.0712499,0,0.00848853,25,6.1,1.76216,3,1,-0.425107,0,0,-0.19592,0,0,0.00618422,26,6.1,-0.212896,-0.00041976,1,-0.458117,-0.00155271,0,0.0323848,-0.00171741,0,0.0179433,27,6.1,-3,1.34981,1,0,-0.498315,0,0,0.0402108,0,0.00670426,28,6.1,-1.21677,1.99999,1,0.446021,5.96046e-06,0,-0.302628,0,0,0.0122429,29,6.1,-5.11727e-05,2.82728,1,0.00017463,0.396038,0,-0.000269753,-0.411972,0,0.00622249,30,6.1,2.00026,-1.42166,1,-0.000110269,0.214406,0,0.000745058,0.268646,0,0.0113182,31,6.1,3,-0.985995,1,0,0.0335937,0,0,-0.255823,0,0.00418132,32,6.1,-2.99993,-0.711683,1,0.000199303,-0.477738,0,-0.000402331,0.170402,0,0.00748919,33,6.1,-0.982342,0.309566,1,0.00545243,0.446991,0,-0.140231,0.286963,0,0.0131724,34,6.1,0.987038,1.77915,1,-0.0201395,-0.352216,0,0.207357,0.0430867,0,0.0147875,35,6.1,-1.32008,-1.0004,1,0.490996,0.00215713,0,-0.101119,-0.00406057,0,0.0116796
0,6.2,0.999705,-1.60231,1,0.000138581,-0.251397,0,-0.00160933,-0.323296,0,0.0122743,1,6.2,1.59935,-2.00031,1,0.249645,-0.001055,0,0.345647,0.00190735,0,0.0122099,2,6.2,-1.04171,-2.09488,1,0.12008,0.127393,0,-0.104785,-1.00017,0,0.0118863,3,6.2,0.743881,0.989267,1,-0.349285,-0.0144869,0,0.102669,0.167131,0,0.0195427,4,6.2,-2.00021,-0.338876,1,0.000339746,-0.5,0,-0.000357628,1.43051e-05,0,0.0118431,5,6.2,-0.132447,-2.57022,1,0.304074,-0.5,0,-0.371866,0,0,0.00889868,6,6.2,-1.97982,-2.00024,1,0.151357,0.000333786,0,0.541031,0.00190735,0,0.0121638,7,6.2,1.98766,0.00130446,1,-0.0312895,0.00253075,0,0.236332,-0.0205748,0,0.00896091,8,6.2,1.0166,2.66764,1,0.0189096,-0.498992,0,-0.197232,0.0200272,0,0.0106894,9,6.2,-3,0.086929,1,0,-0.327987,0,0,0.532159,0,0.0067333,10,6.2,-1.98642,0.570182,1,0.0544548,-0.5,0,-0.267923,-2.98023e-05,0,0.010999,11,6.2,-0.845113,-3,1,-0.5,0,0,-2.98023e-05,0,0,0.00749969,12,6.2,-0.201939,2.00656,1,0.442027,0.00929236,0,-0.335388,-0.1055,0,0.0105542,13,6.2,2,1.25551,1,-0.000524521,0.500003,0,0.00143051,-5.96046e-05,0,0.00958554,14,6.2,-0.30345,-1.01322,1,0.483846,0.00759363,0,-0.163019,0.0776052,0,0.0104068,15,6.2,0.000116423,-1.82301,1,-0.000265058,-0.41528,0,0.000124768,0.379622,0,0.0104733,16,6.2,1.39724,-0.999803,1,-0.241926,4.17233e-05,0,-0.347495,0.00169873,0,0.0108256,17,6.2,0.00027621,0.755007,1,0.000694094,-0.356287,0,0.00081885,-0.119448,0,0.0183882,18,6.2,-1.37681,1.00241,1,-0.500003,0.00188649,0,5.96046e-05,-0.0116825,0,0.0134074,19,6.2,-2.01159,2.99956,1,0.0274241,0.00186563,0,0.0230074,-0.00464916,0,0.00579613,20,6.2,3,0.0106377,1,0,0.0487011,0,0,-0.282517,0,0.00423181,21,6.2,0.999985,-0.0118876,1,-8.49366e-05,-0.0709741,0,0.000417233,0.365915,0,0.0104843,22,6.2,2.68003,0.97049,1,-0.495493,-0.0659943,0,-0.0901222,0.102907,0,0.0113285,23,6.2,-0.998995,2.99917,1,-0.00230223,-0.00893474,0,-0.00137091,-0.0329018,0,0.00594723,24,6.2,-2.99991,-1.71461,1,-0.0022769,-0.48393,0,0.0629425,0.147998,0,0.00921924,25,6.2,1.71876,3,1,-0.442055,0,0,-0.136852,0,0,0.0061154,26,6.2,-0.258614,-0.000580939,1,-0.456663,-0.00165251,0,0.00602007,-0.000607951,0,0.0194147,27,6.2,-3,1.30029,1,0,-0.490868,0,0,0.11313,0,0.00635097,28,6.2,-1.17382,1.99999,1,0.411499,8.9407e-06,0,-0.38451,-5.96046e-05,0,0.0115345,29,6.2,-3.50801e-05,2.86472,1,0.000147069,0.351882,0,-0.000278972,-0.466824,0,0.00623307,30,6.2,2.00026,-1.3987,1,-5.96046e-06,0.246036,0,0.00154972,0.345647,0,0.00925045,31,6.2,3,-0.983813,1,0,0.0110433,0,0,-0.195742,0,0.00450275,32,6.2,-2.99991,-0.758478,1,0.000149012,-0.456873,0,-0.000476837,0.247627,0,0.00901633,33,6.2,-0.982428,0.355629,1,-0.00651777,0.47326,0,-0.100225,0.22693,0,0.0111245,34,6.2,0.985969,1.74428,1,-0.0021264,-0.343701,0,0.154078,0.127256,0,0.0130294,35,6.2,-1.27161,-1.0002,1,0.477034,0.00174344,0,-0.180483,-0.00417233,0,0.0106689
0,6.3,0.999712,-1.62928,1,3.21306e-05,-0.289797,0,-0.00057742,-0.424549,0,0.0122743,1,6.3,1.62613,-2.00041,1,0.286319,-0.000829622,0,0.376865,0.0025183,0,0.0122099,2,6.3,-1.03024,-2.08714,1,0.109223,0.0273846,0,-0.111647,-1.00002,0,0.0118863,3,6.3,0.709512,0.988573,1,-0.337575,-0.000183284,0,0.133973,0.12026,0,0.0195427,4,6.3,-2.00017,-0.388876,1,0.000304356,-0.5,0,-0.000342727,0,0,0.0118431,5,6.3,-0.103913,-2.62014,1,0.266497,-0.49757,0,-0.377815,0.0519007,0,0.00889868,6,6.3,-1.96192,-2.00019,1,0.206876,0.000486895,0,0.554219,0.00138581,0,0.0121638,7,6.3,1.98562,0.00146279,1,-0.0105256,0.000716049,0,0.179701,-0.015767,0,0.00896091,8,6.3,1.01759,2.61795,1,0.00185426,-0.493895,0,-0.14516,0.0839531,0,0.0106894,9,6.3,-3,0.0568319,1,0,-0.273679,0,0,0.548817,0,0.0067333,10,6.3,-1.98223,0.520182,1,0.0301667,-0.5,0,-0.218347,2.08616e-06,0,0.010999,11,6.3,-0.895113,-3,1,-0.5,0,0,0,0,0,0.00749969,12,6.3,-0.159572,2.00702,1,0.403869,0.000313297,0,-0.422558,-0.0749081,0,0.0105542,13,6.3,1.99996,1.30551,1,-0.000387244,0.5,0,0.00130385,-7.45058e-06,0,0.00958554,14,6.3,-0.256011,-1.01212,1,0.463642,0.0139084,0,-0.240818,0.0495017,0,0.0104068,15,6.3,9.07014e-05,-1.86253,1,-0.000247885,-0.374238,0,0.000214418,0.438176,0,0.0104733,16,6.3,1.37109,-0.999792,1,-0.282711,0.000150688,0,-0.447854,0.000543892,0,0.0108256,17,6.3,0.000347101,0.718718,1,0.000705353,-0.369839,0,-0.00029064,-0.140127,0,0.0183882,18,6.3,-1.42681,1.00254,1,-0.5,0.000770949,0,7.45058e-06,-0.0105873,0,0.0134074,19,6.3,-2.00879,2.99972,1,0.0282712,0.00140816,0,-0.00464916,-0.00444055,0,0.00579613,20,6.3,3,0.0141962,1,0,0.0234673,0,0,-0.222612,0,0.00423181,21,6.3,0.999979,-0.0172733,1,-4.70318e-05,-0.0379164,0,0.000346452,0.295356,0,0.0104843,22,6.3,2.6302,0.964492,1,-0.499718,-0.0531998,0,-0.0112653,0.149269,0,0.0113285,23,6.3,-0.999228,2.99817,1,-0.00233455,-0.010689,0,0.000629574,-0.00400841,0,0.00594723,24,6.3,-2.99987,-1.76207,1,0.00256039,-0.463454,0,0.0350922,0.258699,0,0.00921924,25,6.3,1.67378,3,1,-0.457962,0,0,-0.170074,0,0,0.0061154,26,6.3,-0.30454,-0.000744824,1,-0.464146,-0.00158471,0,-0.131475,0.0018232,0,0.0194147,27,6.3,-3,1.25197,1,0,-0.473689,0,0,0.22807,0,0.00635097,28,6.3,-1.1347,1.99999,1,0.370075,4.09782e-06,0,-0.440903,-2.98023e-05,0,0.0115345,29,6.3,-2.17627e-05,2.89751,1,0.000119381,0.303505,0,-0.000272838,-0.496715,0,0.00623307,30,6.3,2.00026,-1.37215,1,9.05246e-05,0.286528,0,0.000432134,0.443988,0,0.00925045,31,6.3,3,-0.983591,1,0,-0.00566002,0,0,-0.139453,0,0.00450275,32,6.3,-2.9999,-0.802765,1,9.68575e-05,-0.427343,0,-0.000536442,0.339326,0,0.00901633,33,6.3,-0.983521,0.403906,1,-0.0147623,0.490483,0,-0.0657476,0.119949,0,0.0111245,34,6.3,0.986439,1.71061,1,0.0106724,-0.329093,0,0.103533,0.166118,0,0.0130294,35,6.3,-1.22499,-1.00005,1,0.453521,0.00133459,0,-0.286594,-0.00397116,0,0.0106689
0,6.4,0.999714,-1.66042,1,1.04308e-05,-0.332725,0,0.000119209,-0.418246,0,0.0116381,1,6.4,1.65662,-2.00047,1,0.323045,-0.000554323,0,0.348806,0.0026226,0,0.01196,2,6.4,-1.01989,-2.0894,1,0.0978708,-0.0726104,0,-0.114799,-1.00017,0,0.0123732,3,6.4,0.676493,0.989087,1,-0.322099,0.00981987,0,0.176936,0.0810027,0,0.0184257,4,6.4,-2.00014,-0.438876,1,0.000274181,-0.5,0,-0.000357628,1.43051e-05,0,0.0104827,5,6.4,-0.0791492,-2.66953,1,0.228862,-0.489062,0,-0.373248,0.120401,0,0.00839246,6,6.4,-1.93854,-2.00014,1,0.259545,0.000655651,0,0.487685,0.00190735,0,0.0133892,7,6.4,1.98538,0.00146317,1,0.00481606,-0.000634056,0,0.12809,-0.0113013,0,0.00893132,8,6.4,1.01713,2.5691,1,-0.0103712,-0.481886,0,-0.100553,0.157356,0,0.00915775,9,6.4,-3,0.0321994,1,0,-0.219166,0,0,0.537185,0,0.00691471,10,6.4,-1.98023,0.470182,1,0.0106752,-0.5,0,-0.172079,1.43051e-05,0,0.0102268,11,6.4,-0.945113,-3,1,-0.5,0,0,-2.98023e-05,0,0,0.00793353,12,6.4,-0.121405,2.00672,1,0.358513,-0.00585318,0,-0.479802,-0.048995,0,0.0113585,13,6.4,1.99992,1.35551,1,-0.000265241,0.500003,0,0.00119209,-5.96046e-05,0,0.00905463,14,6.4,-0.210977,-1.01052,1,0.4358,0.0176519,0,-0.3151,0.0261068,0,0.00991222,15,6.4,6.71029e-05,-1.89769,1,-0.00022301,-0.328273,0,0.000278998,0.478029,0,0.00970308,16,6.4,1.34055,-0.999776,1,-0.327876,0.000163913,0,-0.439644,-0.000238419,0,0.0105339,17,6.4,0.000416423,0.681078,1,0.000689446,-0.382307,0,0.000204323,-0.100702,0,0.0181491,18,6.4,-1.47681,1.00256,1,-0.500003,-0.000223517,0,5.96046e-05,-0.00923872,0,0.0128404,19,6.4,-2.00602,2.99984,1,0.0267506,0.000989437,0,-0.0243187,-0.00393391,0,0.00829898,20,6.4,3,0.0155257,1,0,0.00406327,0,0,-0.166169,0,0.00434244,21,6.4,0.999976,-0.0197039,1,-1.63913e-05,-0.0118404,0,0.000268221,0.226674,0,0.0104698,22,6.4,2.58021,0.959969,1,-0.5,-0.0368312,0,0,0.17488,0,0.0112278,23,6.4,-0.999456,2.99711,1,-0.00219643,-0.0100732,0,0.00208616,0.014782,0,0.00624731,24,6.4,-2.99948,-1.80696,1,0.00497699,-0.432777,0,0.0143051,0.351667,0,0.00807102,25,6.4,1.62716,3,1,-0.474057,0,0,-0.143051,0,0,0.00564356,26,6.4,-0.351682,-0.000891139,1,-0.478976,-0.00131432,0,-0.149548,0.00346091,0,0.0135848,27,6.4,-3,1.20591,1,0,-0.445771,0,0,0.327587,0,0.00591756,28,6.4,-1.09997,1.99999,1,0.323942,2.98023e-06,0,-0.478566,-5.96046e-05,0,0.0116903,29,6.4,-1.1165e-05,2.92536,1,9.28517e-05,0.253314,0,-0.000256198,-0.503302,0,0.00603131,30,6.4,2.00027,-1.34126,1,9.53674e-05,0.331241,0,-0.000357628,0.434399,0,0.00797744,31,6.4,3,-0.984769,1,0,-0.0170797,0,0,-0.0901818,0,0.00460855,32,6.4,-2.99989,-0.843677,1,4.17233e-05,-0.389726,0,-0.000596046,0.409424,0,0.00878577,33,6.4,-0.985277,0.453403,1,-0.0198737,0.498091,0,-0.0374913,0.0381768,0,0.0106175,34,6.4,0.987951,1.6786,1,0.0188917,-0.310311,0,0.0624061,0.210047,0,0.0112925,35,6.4,-1.18123,-0.999936,1,0.420368,0.000953674,0,-0.373125,-0.00363588,0,0.00985751
0,6.5,0.999716,-1.6961,1,3.09199e-05,-0.382997,0,0.000283122,-0.546061,0,0.0116381,1,6.5,1.69056,-2.00052,1,0.354528,-0.000286475,0,0.274166,0.00269711,0,0.01196,2,6.5,-1.01061,-2.10166,1,0.0882471,-0.172366,0,-0.0799671,-0.989899,0,0.0123732,3,6.5,0.645001,0.990412,1,-0.309111,0.016077,0,0.0933073,0.0456236,0,0.0184257,4,6.5,-2.00012,-0.488876,1,0.000240281,-0.5,0,-0.000312924,1.78814e-06,0,0.0104827,5,6.5,-0.0581063,-2.71771,1,0.192258,-0.473167,0,-0.357594,0.198603,0,0.00839246,6,6.5,-1.91015,-2.00006,1,0.308144,0.000786595,0,0.47075,0.00100583,0,0.0133892,7,6.5,1.98694,0.00135023,1,0.0303371,-0.00155781,0,0.355847,-0.00727882,0,0.00893132,8,6.5,1.01565,2.52171,1,-0.0185216,-0.465547,0,-0.063546,0.17494,0,0.00915775,9,6.5,-3,0.0129154,1,0,-0.167126,0,0,0.500474,0,0.00691471,10,6.5,-1.97994,0.420185,1,-0.0041971,-0.499865,0,-0.126414,0.00518739,0,0.0102268,11,6.5,-0.995113,-3,1,-0.5,0,0,7.45058e-06,0,0,0.00793353,12,6.5,-0.0880063,2.00592,1,0.309034,-0.00967868,0,-0.505844,-0.0282079,0,0.0113585,13,6.5,1.9999,1.40551,1,-0.000155903,0.5,0,0.000990927,-7.45058e-06,0,0.00905463,14,6.5,-0.16911,-1.00866,1,0.400254,0.0192648,0,-0.391782,0.00696629,0,0.00991222,15,6.5,4.6273e-05,-1.92809,1,-0.000192934,-0.279316,0,0.000318261,0.497043,0,0.00970308,16,6.5,1.30577,-1.00022,1,-0.365607,-0.0129433,0,-0.311151,-0.240512,0,0.0105339,17,6.5,0.00048429,0.64204,1,0.000648654,-0.400948,0,-0.000951229,-0.251669,0,0.0181491,18,6.5,-1.52681,1.0025,1,-0.5,-0.00106972,0,7.45058e-06,-0.00766665,0,0.0128404,19,6.5,-2.00349,2.99992,1,0.0236418,0.000627711,0,-0.036791,-0.00326335,0,0.00829898,20,6.5,3,0.0146639,1,0,-0.0249905,0,0,-0.388306,0,0.00434244,21,6.5,1.0005,-0.0198657,1,0.0149851,0.00752208,0,0.272203,0.16182,0,0.0104698,22,6.5,2.53021,0.957176,1,-0.5,-0.0189462,0,0,0.180293,0,0.0112278,23,6.5,-0.999664,2.9962,1,-0.00193892,-0.00803173,0,0.00299141,0.0249445,0,0.00624731,24,6.5,-2.99893,-1.84836,1,0.00565127,-0.394024,0,8.9407e-05,0.420526,0,0.00807102,25,6.5,1.57909,3,1,-0.486715,0,0,-0.107236,0,0,0.00564356,26,6.5,-0.400243,-0.00100413,1,-0.491348,-0.000935851,0,-0.095645,0.00404109,0,0.0135848,27,6.5,-3,1.16314,1,0,-0.408257,0,0,0.417463,0,0.00591756,28,6.5,-1.07,1.99999,1,0.275036,-1.11759e-06,0,-0.495538,-1.49012e-05,0,0.0116903,29,6.5,-3.12064e-06,2.94819,1,6.84635e-05,0.203404,0,-0.000230536,-0.490651,0,0.00603131,30,6.5,1.99983,-1.30617,1,-0.0130203,0.368416,0,-0.240564,0.305355,0,0.00797744,31,6.5,2.99948,-0.986855,1,-0.014979,-0.0239398,0,-0.271991,-0.048466,0,0.00460855,32,6.5,-2.99989,-0.88052,1,-1.52737e-05,-0.346405,0,-0.000521541,0.453886,0,0.00878577,33,6.5,-0.987412,0.503329,1,-0.0224693,0.49988,0,-0.0152886,0.0047721,0,0.0106175,34,6.5,0.990092,1.64856,1,0.0233598,-0.290962,0,0.0284165,0.183642,0,0.0112925,35,6.5,-1.14117,-0.999858,1,0.379832,0.000612717,0,-0.434555,-0.00316277,0,0.00985751
0,6.6,0.99972,-1.73707,1,6.55651e-05,-0.435284,0,0.000357628,-0.474334,0,0.00991746,1,6.6,1.72721,-2.00053,1,0.376764,-2.38419e-05,0,0.165999,0.0025034,0,0.0119576,2,6.6,-1.00214,-2.12376,1,0.0814468,-0.268573,0,-0.0580549,-0.919223,0,0.00981997,3,6.6,0.61449,0.992199,1,-0.30157,0.019224,0,0.0657141,0.0186563,0,0.0177478,4,6.6,-2.0001,-0.538876,1,0.000208616,-0.500001,0,-0.000238419,2.98023e-05,0,0.0101273,5,6.6,-0.0406337,-2.7639,1,0.15757,-0.449216,0,-0.335137,0.280261,0,0.00712888,6,6.6,-1.8771,-1.99998,1,0.35134,0.000911951,0,0.383139,0.00184774,0,0.0110842,7,6.6,1.99195,0.00116397,1,0.0712991,-0.00211087,0,0.442922,-0.00388775,0,0.00926156,8,6.6,1.01354,2.47609,1,-0.0232935,-0.445968,0,-0.0329018,0.220418,0,0.00981136,9,6.6,-3,-0.00137732,1,0,-0.119613,0,0,0.447521,0,0.00692431,10,6.6,-1.98093,0.370264,1,-0.0148118,-0.498001,0,-0.0870228,0.039205,0,0.00978945,11,6.6,-1.04511,-3,1,-0.5,0,0,0,0,0,0.00730501,12,6.6,-0.0596471,2.00484,1,0.258086,-0.0116289,0,-0.509618,-0.0114441,0,0.0116923,13,6.6,1.99989,1.45551,1,-6.85453e-05,0.500003,0,0.000834465,-5.96046e-05,0,0.00800124,14,6.6,-0.131142,-1.00672,1,0.358226,0.0191987,0,-0.444975,-0.00751019,0,0.00920558,15,6.6,2.8606e-05,-1.95353,1,-0.000160148,-0.229624,0,0.00033381,0.493407,0,0.0101772,16,6.6,1.26789,-1.00296,1,-0.389522,-0.0440478,0,-0.165105,-0.363946,0,0.0114627,17,6.6,0.000542969,0.600576,1,0.000512136,-0.429067,0,-0.00171873,-0.29546,0,0.0126368,18,6.6,-1.57681,1.00236,1,-0.500003,-0.00175238,0,5.96046e-05,-0.00602007,0,0.0111724,19,6.6,-2.00132,2.99997,1,0.0195861,0.000339746,0,-0.0433922,-0.0025034,0,0.00647623,20,6.6,3,0.0100368,1,0,-0.0688905,0,0,-0.469221,0,0.00905989,21,6.6,1.00362,-0.0184029,1,0.0495136,0.0207832,0,0.396907,0.104753,0,0.0121632,22,6.6,2.48021,0.956174,1,-0.5,-0.00123084,0,0,0.171959,0,0.0130993,23,6.6,-0.999842,2.99553,1,-0.0016138,-0.00528097,0,0.00348687,0.0292063,0,0.00626115,24,6.6,-2.99839,-1.88556,1,0.00516176,-0.349277,0,-0.0089407,0.471175,0,0.00888694,25,6.6,1.52996,3,1,-0.495175,0,0,-0.061512,0,0,0.0072874,26,6.6,-0.449759,-0.00107702,1,-0.498028,-0.000518604,0,-0.0394428,0.00424613,0,0.0119097,27,6.6,-3,1.12451,1,0,-0.363284,0,0,0.477374,0,0.00584467,28,6.6,-1.04498,1.99999,1,0.22558,-2.98023e-06,0,-0.490308,0,0,0.00961755,29,6.6,2.62259e-06,2.96612,1,4.69141e-05,0.155944,0,-0.000199785,-0.455379,0,0.00585834,30,6.6,1.99707,-1.26804,1,-0.0441253,0.391746,0,-0.364006,0.159204,0,0.0119741,31,6.6,2.99636,-0.989432,1,-0.0494897,-0.0270545,0,-0.396848,-0.0151992,0,0.00761942,32,6.6,-2.9999,-0.912841,1,-5.96046e-05,-0.299573,0,-0.000476837,0.479639,0,0.00798753,33,6.6,-0.989705,0.553326,1,-0.0230938,0.500001,0,0.00196695,-2.98023e-05,0,0.0113952,34,6.6,0.992524,1.62038,1,0.0248536,-0.272468,0,0.00271201,0.190735,0,0.0132604,35,6.6,-1.10544,-0.999811,1,0.334081,0.000323355,0,-0.477254,-0.00265241,0,0.00995613
0,6.7,0.999729,-1.78273,1,0.000100676,-0.474989,0,0.000339001,-0.303283,0,0.00991746,1,6.7,1.76546,-2.00052,1,0.385697,0.000206009,0,0.0150874,0.00207126,0,0.0119576,2,6.7,-0.994285,-2.15503,1,0.0756719,-0.35459,0,-0.05899,-0.784516,0,0.00981997,3,6.7,0.583979,0.994178,1,-0.314585,0.0199995,0,-0.290841,-0.00209734,0,0.0177478,4,6.7,-2.00008,-0.588865,1,0.000184774,-0.499566,0,-0.000238419,0.0131838,0,0.0101273,5,6.7,-0.0265059,-2.80725,1,0.12547,-0.416313,0,-0.306087,0.373498,0,0.00712888,6,6.7,-1.84007,-1.99988,1,0.388661,0.00103153,0,0.354677,0.000864267,0,0.0110842,7,6.7,2.00149,0.000938775,1,0.12075,-0.00234074,0,0.528142,-0.00075594,0,0.00926156,8,6.7,1.01109,2.43262,1,-0.0252809,-0.423194,0,-0.00792742,0.238508,0,0.00981136,9,6.7,-3,-0.0117295,1,0,-0.0930384,0,0,0.110476,0,0.00692431,10,6.7,-1.98279,0.321204,1,-0.0218108,-0.478206,0,-0.0538826,0.339402,0,0.00978945,11,6.7,-1.09511,-3,1,-0.5,4.84288e-05,0,0,-0.000655651,0,0.00730501,12,6.7,-0.0363655,2.00416,1,0.207841,0.00264645,0,-0.492054,0.269115,0,0.0116923,13,6.7,1.99989,1.50551,1,5.21541e-06,0.5,0,0.00064075,-7.45058e-06,0,0.00800124,14,6.7,-0.0975978,-1.00486,1,0.312208,0.0179177,0,-0.472178,-0.0174865,0,0.00920558,15,6.7,1.42574e-05,-1.97406,1,-0.000126925,-0.181371,0,0.000327735,0.468686,0,0.0101772,16,6.7,1.22846,-1.00981,1,-0.396037,-0.0984352,0,0.0278875,-0.691891,0,0.0114627,17,6.7,0.000585099,0.556262,1,0.0003264,-0.456378,0,-0.00196408,-0.24616,0,0.0126368,18,6.7,-1.62666,1.00313,1,-0.49543,0.0261117,0,0.0900775,0.521943,0,0.0111724,19,6.7,-1.99958,2.99999,1,0.0151403,0.000131503,0,-0.0448823,-0.00168383,0,0.00647623,20,6.7,3,0.000625683,1,0,-0.120635,0,0,-0.547797,0,0.00905989,21,6.7,1.011,-0.0158888,1,0.101791,0.0286674,0,0.619791,0.0548558,0,0.0121632,22,6.7,2.43021,0.956865,1,-0.499921,0.0145896,0,0.00312924,0.144023,0,0.0130993,23,6.7,-0.999985,2.99515,1,-0.00125868,-0.00236109,0,0.00357255,0.0286698,0,0.00626115,24,6.7,-2.99792,-1.91902,1,0.00412837,-0.327725,0,-0.0115037,-0.0039041,0,0.00888694,25,6.7,1.48144,3,1,-0.463892,0,0,0.622891,0,0,0.0072874,26,6.7,-0.499683,-0.00110781,1,-0.499877,-9.97257e-05,0,-0.00493243,0.00408709,0,0.0119097,27,6.7,-3,1.09019,1,0,-0.326588,0,0,0.27287,0,0.00584467,28,6.7,-1.02438,1.99999,1,0.190787,-2.23517e-06,0,-0.224203,1.49012e-05,0,0.00961755,29,6.7,0.000556641,2.97952,1,0.0157954,0.112902,0,0.286154,-0.402763,0,0.00585834,30,6.7,1.99055,-1.22836,1,-0.0886032,0.398837,0,-0.504844,-0.0131279,0,0.0119741,31,6.7,2.98898,-0.992169,1,-0.101724,-0.0272473,0,-0.619039,0.00997633,0,0.00761942,32,6.7,-2.9999,-0.940832,1,-9.87202e-05,-0.264118,0,-0.000312924,0.246875,0,0.00798753,33,6.7,-0.991982,0.60329,1,-0.0222407,0.498794,0,0.0144318,-0.0287481,0,0.0113952,34,6.7,0.994986,1.59393,1,0.0240285,-0.257961,0,-0.0178441,0.108488,0,0.0132604,35,6.7,-1.07446,-0.999791,1,0.28506,8.76375e-05,0,-0.499025,-0.00206009,0,0.00995613
0,6.8,0.99974,-1.83139,1,0.00013262,-0.494921,0,0.000327826,-0.101566,0,0.0103205,1,6.8,1.80387,-2.00049,1,0.380316,0.00038743,0,-0.119865,0.00166893,0,0.0118665,2,6.8,-0.987025,-2.19409,1,0.0693843,-0.423008,0,-0.0678897,-0.575781,0,0.00927653,3,6.8,0.550717,0.99614,1,-0.353418,0.0190005,0,-0.457823,-0.0169575,0,0.0130944,4,6.8,-2.00006,-0.638698,1,0.000160933,-0.496399,0,-0.000357628,0.0552833,0,0.0116213,5,6.8,-0.0154357,-2.84689,1,0.0964831,-0.37536,0,-0.273112,0.441432,0,0.00846435,6,6.8,-1.79954,-1.99977,1,0.420749,0.00114739,0,0.280499,0.00154972,0,0.0122294,7,6.8,2.01622,0.000705768,1,0.173724,-0.00227229,0,0.51713,0.00206911,0,0.00979511,8,6.8,1.00855,2.39155,1,-0.0250876,-0.3977,0,0.0109076,0.273585,0,0.00942224,9,6.8,-3,-0.0208579,1,0,-0.0927582,0,0,-0.0837809,0,0.00729685,10,6.8,-1.98519,0.275456,1,-0.0257671,-0.433357,0,-0.0261664,0.542469,0,0.011466,11,6.8,-1.14511,-3,1,-0.500003,-5.36442e-05,0,5.96046e-05,0.00107288,0,0.00833689,12,6.8,-0.0179899,2.00605,1,0.160253,0.037241,0,-0.457159,0.400782,0,0.0101283,13,6.8,1.99989,1.55551,1,5.96046e-05,0.500003,0,0.000536442,-5.96046e-05,0,0.00872947,14,6.8,-0.0687598,-1.00317,1,0.264408,0.0158161,0,-0.480842,-0.0240207,0,0.00940926,15,6.8,3.1733e-06,-1.98992,1,-9.51196e-05,-0.136405,0,0.000306112,0.428319,0,0.0112941,16,6.8,1.18926,-1.02344,1,-0.385281,-0.176564,0,0.180781,-0.844061,0,0.0171939,17,6.8,0.000607737,0.509504,1,0.000125232,-0.477625,0,-0.00203209,-0.176579,0,0.0123604,18,6.8,-1.67561,1.00894,1,-0.482267,0.0950456,0,0.171781,0.822127,0,0.0122288,19,6.8,-1.99829,3,1,0.0107259,-5.96046e-06,0,-0.0429749,-0.000834465,0,0.0057395,20,6.8,3,-0.0141839,1,0,-0.175269,0,0,-0.530932,0,0.0087386,21,6.8,1.02445,-0.012817,1,0.168279,0.0321211,0,0.686944,0.0159596,0,0.0153398,22,6.8,2.38026,0.958995,1,-0.498748,0.0275075,0,0.025034,0.114113,0,0.013948,23,6.8,-1.00009,2.99505,1,-0.000908971,0.000357628,0,0.00345707,0.0255108,0,0.00672463,24,6.8,-2.99757,-1.95235,1,0.00290275,-0.343469,0,-0.0126362,-0.281155,0,0.00710152,25,6.8,1.43885,3,1,-0.382394,0,0,0.953376,0,0,0.00494424,26,6.8,-0.549681,-0.00109792,1,-0.5,0.000290875,0,-2.98023e-05,0.0036899,0,0.0117803,27,6.8,-3,1.05867,1,0,-0.30576,0,0,0.156939,0,0.00582734,28,6.8,-1.00611,1.99999,1,0.177328,0,0,-0.0603199,0,0,0.0135148,29,6.8,0.00384302,2.9889,1,0.0521106,0.0758171,0,0.417492,-0.337362,0,0.00611336,30,6.8,1.97908,-1.1888,1,-0.141379,0.389984,0,-0.534296,-0.159621,0,0.0127568,31,6.8,2.97554,-0.994811,1,-0.168115,-0.0253141,0,-0.68593,0.0274777,0,0.00874285,32,6.8,-2.99991,-0.966274,1,-0.000119209,-0.24703,0,-0.000357628,0.109106,0,0.0094283,33,6.8,-0.994118,0.652946,1,-0.0203326,0.493447,0,0.0231266,-0.0815392,0,0.0115595,34,6.8,0.997275,1.5686,1,0.0215411,-0.24915,0,-0.0307858,0.0750422,0,0.0185708,35,6.8,-1.04846,-0.999792,1,0.235051,-8.9407e-05,0,-0.49758,-0.00151992,0,0.00985785
0,6.9,0.999755,-1.8812,1,0.000162143,-0.499682,0,0.000257045,-0.0126958,0,0.0103205,1,6.9,1.84111,-2.00045,1,0.362627,0.000527874,0,-0.231005,0.00114739,0,0.0118665,2,6.9,-0.980503,-2.23888,1,0.0603703,-0.468958,0,-0.109669,-0.34374,0,0.00927653,3,6.9,0.513072,0.99794,1,-0.399318,0.0168498,0,-0.447422,-0.0254177,0,0.0130944,4,6.9,-2.00005,-0.687964,1,0.000127405,-0.487868,0,-0.000298023,0.118688,0,0.0116213,5,6.9,-0.00709334,-2.88214,1,0.0709677,-0.328832,0,-0.236909,0.485137,0,0.00846435,6,6.9,-1.75603,-1.99964,1,0.449403,0.00163652,0,0.27857,0.00758469,0,0.0122294,7,6.9,2.03617,0.000491984,1,0.225051,-0.00197144,0,0.497162,0.00398329,0,0.00979511,8,6.9,1.00612,2.35306,1,-0.0233049,-0.372618,0,0.0239089,0.234425,0,0.00942224,9,6.9,-3,-0.0311228,1,0,-0.117476,0,0,-0.380486,0,0.00729685,10,6.9,-1.98785,0.23572,1,-0.0271879,-0.354804,0,-0.00323355,0.942808,0,0.011466,11,6.9,-1.19511,-2.99999,1,-0.5,0.000600517,0,7.45058e-06,0.0188649,0,0.00833689,12,6.9,-0.00416487,2.01203,1,0.117126,0.0845253,0,-0.4045,0.525028,0,0.0101283,13,6.9,1.9999,1.60547,1,0.000103563,0.498656,0,0.000342727,-0.0312999,0,0.00872947,14,6.9,-0.0447144,-1.00171,1,0.216667,0.0132287,0,-0.470881,-0.0272766,0,0.00940926,15,6.9,-4.86232e-06,-2.0015,1,-6.6169e-05,-0.0961669,0,0.000271592,0.375196,0,0.0112941,16,6.9,1.15185,-1.04542,1,-0.361003,-0.263613,0,0.298381,-0.871405,0,0.0171939,17,6.9,0.00061022,0.460982,1,-7.38344e-05,-0.491568,0,-0.00192845,-0.102222,0,0.0123604,18,6.9,-1.72281,1.0229,1,-0.460062,0.186708,0,0.268169,0.977769,0,0.0122288,19,6.9,-1.99743,3,1,0.00665169,-6.74278e-05,0,-0.0382289,-0.000432134,0,0.0057395,20,6.9,3,-0.0344013,1,0,-0.22907,0,0,-0.530724,0,0.0087386,21,6.9,1.04477,-0.0095751,1,0.238479,0.0322533,0,0.70259,-0.0118687,0,0.0153398,22,6.9,2.33059,0.962266,1,-0.493779,0.0373916,0,0.0791401,0.0834949,0,0.013948,23,6.9,-1.00017,2.99521,1,-0.00058189,0.00264943,0,0.00306964,0.0201762,0,0.00672463,24,6.9,-2.99734,-1.98861,1,0.00169799,-0.385446,0,-0.0114143,-0.50547,0,0.00710152,25,6.9,1.40546,3,1,-0.284579,0,0,0.994176,0,0,0.00494424,26,6.9,-0.599652,-0.00105165,1,-0.499026,0.00062168,0,0.0244603,0.00292534,0,0.0117803,27,6.9,-3,1.02836,1,0,-0.304675,0,0,-0.108309,0,0.00582734,28,6.9,-0.988307,1.99999,1,0.181968,-5.96046e-06,0,0.133347,-0.000178814,0,0.0135148,29,6.9,0.0118137,2.99492,1,0.113069,0.0456892,0,0.764157,-0.264764,0,0.00611336,30,6.9,1.96219,-1.15084,1,-0.196801,0.366977,0,-0.561737,-0.293024,0,0.0127568,31,6.9,2.95524,-0.997188,1,-0.238211,-0.0220824,0,-0.701547,0.036411,0,0.00874285,32,6.9,-2.99993,-0.991221,1,-0.000142679,-0.258869,0,-0.000104308,-0.309449,0,0.0094283,33,6.9,-0.996027,0.702083,1,-0.017773,0.490944,0,0.0275597,0.018172,0,0.0115595,34,6.9,0.999263,1.54329,1,0.0181193,-0.263982,0,-0.0371039,-0.333972,0,0.0185708,35,6.9,-1.02741,-0.999807,1,0.186292,-0.000214297,0,-0.474535,-0.000994653,0,0.00985785
0,7,0.999773,-1.93119,1,0.000186265,-0.500003,0,0.000178814,5.96046e-05,0,0.0106925,1,7,1.87606,-2.00039,1,0.334755,0.000613928,0,-0.322878,0.000715256,0,0.0113308,2,7,-0.975064,-2.28713,1,0.0479624,-0.492704,0,-0.136137,-0.139952,0,0.00899693,3,7,0.471005,0.999488,1,-0.440764,0.0140369,0,-0.372857,-0.0303388,0,0.0128517,4,7,-2.00003,-0.736031,1,0.000107288,-0.47214,0,-0.000357628,0.197768,0,0.012559,5,7,-0.0011192,-2.91255,1,0.0491367,-0.279123,0,-0.199642,0.505328,0,0.00795394,6,7,-1.70979,-1.99943,1,0.474298,0.0025481,0,0.211537,0.0101328,0,0.0137798,7,7,2.06105,0.000318142,1,0.271028,-0.0014713,0,0.41306,0.00602729,0,0.0110333,8,7,1.00393,2.31695,1,-0.0204623,-0.3497,0,0.0321269,0.228882,0,0.00992783,9,7,-3,-0.0450564,1,0,-0.163409,0,0,-0.513788,0,0.00623524,10,7,-1.99056,0.205125,1,-0.0266016,-0.256234,0,0.0141263,1,0,0.0124427,11,7,-1.24511,-2.99974,1,-0.500003,0.00532269,0,5.96046e-05,0.0846386,0,0.00943415,12,7,0.00561871,2.02318,1,0.0794945,0.138694,0,-0.347606,0.542521,0,0.0109414,13,7,1.99991,1.65509,1,0.00012815,0.492975,0,0.000238419,-0.0856519,0,0.0094037,14,7,-0.0253638,-1.00053,1,0.170794,0.0104457,0,-0.444068,-0.0281036,0,0.0113515,15,7,-1.01873e-05,-2.00934,1,-4.10118e-05,-0.0615597,0,0.000230752,0.316262,0,0.00935553,16,7,1.11739,-1.07602,1,-0.326815,-0.346538,0,0.379682,-0.769556,0,0.0160965,17,7,0.000593512,0.411432,1,-0.000256748,-0.498284,0,-0.00171358,-0.0343168,0,0.0124727,18,7,-1.76734,1.04653,1,-0.429431,0.286153,0,0.3407,0.999987,0,0.0115157,19,7,-1.99694,2.99999,1,0.00312328,-8.9407e-05,0,-0.0321865,-0.000238419,0,0.00692923,20,7,3,-0.059863,1,0,-0.278895,0,0,-0.454972,0,0.00933616,21,7,1.07206,-0.00644509,1,0.306195,0.0300193,0,0.640154,-0.0315381,0,0.0137457,22,7,2.28173,0.966371,1,-0.482142,0.0442117,0,0.15676,0.0529885,0,0.0103168,23,7,-1.00021,2.99556,1,-0.000298023,0.00437498,0,0.002563,0.0144243,0,0.00620126,24,7,-2.99722,-2.02971,1,0.000619888,-0.435948,0,-0.0101328,-0.471592,0,0.00837213,25,7,1.382,3,1,-0.184724,0,0,0.999987,0,0,0.00730257,26,7,-0.649358,-0.00097613,1,-0.494245,0.000876088,0,0.0748634,0.00216512,0,0.0136548,27,7,-3,0.997102,1,0,-0.322565,0,0,-0.227869,0,0.0063608,28,7,-0.969259,1.99999,1,0.200425,-5.06639e-05,0,0.219911,-0.000715256,0,0.0152121,29,7,0.0272562,2.99829,1,0.198152,0.0228584,0,0.907117,-0.192523,0,0.00762421,30,7,1.93974,-1.11578,1,-0.25149,0.332788,0,-0.522137,-0.383973,0,0.0138795,31,7,2.92799,-0.999205,1,-0.305825,-0.018172,0,-0.6392,0.0412166,0,0.0094209,32,7,-2.99994,-1.0191,1,-0.000149012,-0.302276,0,0.000119209,-0.528753,0,0.010166,33,7,-0.997663,0.751343,1,-0.0149146,0.494723,0,0.0291765,0.0471175,0,0.0121851,34,7,1.00088,1.5148,1,0.0142217,-0.309116,0,-0.0403523,-0.53823,0,0.0111658,35,7,-1.01109,-0.999833,1,0.140685,-0.000290573,0,-0.435233,-0.000536442,0,0.0105196
0,7.1,0.999792,-1.98119,1,0.0002007,-0.5,0,0.000115484,7.45058e-06,0,0.0106925,1,7.1,1.90779,-2.00032,1,0.298768,0.000659004,0,-0.391796,0.000193715,0,0.0113308,2,7.1,-0.970969,-2.33684,1,0.0337761,-0.499469,0,-0.145786,-0.0197291,0,0.00899693,3,7.1,0.425253,1.00074,1,-0.472324,0.0109551,0,-0.255952,-0.030987,0,0.0128517,4,7.1,-2.00002,-0.782077,1,7.63685e-05,-0.447067,0,-0.000283122,0.300374,0,0.012559,5,7.1,0.00285928,-2.93793,1,0.0310566,-0.228463,0,-0.16222,0.503525,0,0.00795394,6,7.1,-1.66145,-1.99914,1,0.490855,0.00316631,0,0.118025,0.00260025,0,0.0137798,7,7.1,2.09011,0.000202062,1,0.30886,-0.000838578,0,0.336409,0.00672583,0,0.0110333,8,7.1,1.00205,2.28287,1,-0.0170404,-0.334316,0,0.0357851,0.0932813,0,0.00992783,9,7.1,-3,-0.0643757,1,0,-0.226299,0,0,-0.713819,0,0.00623524,10,7.1,-1.99313,0.184501,1,-0.0245705,-0.156234,0,0.0257641,0.999999,0,0.0124427,11,7.1,-1.29511,-2.99861,1,-0.5,0.0192691,0,7.45058e-06,0.200018,0,0.00943415,12,7.1,0.0119342,2.04002,1,0.0478404,0.199994,0,-0.286121,0.659436,0,0.0109414,13,7.1,1.99993,1.70385,1,0.000144355,0.48114,0,9.68575e-05,-0.15337,0,0.0094037,14,7.1,-0.0109679,-0.999624,1,0.11325,0.00769142,0,-0.677095,-0.0267327,0,0.0113515,15,7.1,-1.32096e-05,-2.01402,1,-2.01847e-05,-0.0330556,0,0.000185798,0.25405,0,0.00935553,16,7.1,1.08668,-1.1143,1,-0.286669,-0.416384,0,0.419222,-0.609919,0,0.0160965,17,7.1,0.000559923,0.36157,1,-0.000408507,-0.497562,0,-0.00132231,0.0496785,0,0.0124727,18,7.1,-1.80849,1.07998,1,-0.392707,0.380299,0,0.390448,0.848435,0,0.0115157,19,7.1,-1.99678,2.99998,1,0.00025183,-9.98378e-05,0,-0.0252277,0,0,0.00692923,20,7.1,3,-0.0900102,1,0,-0.323556,0,0,-0.425737,0,0.00933616,21,7.1,1.10581,-0.00362096,1,0.367963,0.0262844,0,0.584945,-0.0422783,0,0.0137457,22,7.1,2.23448,0.971002,1,-0.460846,0.0478847,0,0.266224,0.021331,0,0.0103168,23,7.1,-1.00023,2.99606,1,-6.87316e-05,0.00550784,0,0.00201911,0.00835955,0,0.00620126,24,7.1,-2.99721,-2.07541,1,-0.000311434,-0.475102,0,-0.00849366,-0.298008,0,0.00837213,25,7.1,1.36852,3,1,-0.0847243,0,0,1,0,0,0.00730257,26,7.1,-0.698567,-0.000880549,1,-0.49128,0.00100439,0,-0.00566989,0.000299886,0,0.0136548,27,7.1,-3,0.963449,1,0,-0.352599,0,0,-0.354629,0,0.0063608,28,7.1,-0.947975,1.99998,1,0.226325,-0.000133738,0,0.283774,-0.00105798,0,0.0152121,29,7.1,0.0517334,2.99972,1,0.291727,0.00686534,0,0.92846,-0.129476,0,0.00762421,30,7.1,1.91181,-1.08449,1,-0.308509,0.292336,0,-0.600763,-0.420801,0,0.0138795,31,7.1,2.89426,-1.00082,1,-0.367936,-0.0140435,0,-0.591323,0.0410043,0,0.0094209,32,7.1,-2.99996,-1.05223,1,-0.000133365,-0.362156,0,0.000208616,-0.630386,0,0.010166,33,7.1,-0.999008,0.801022,1,-0.0120051,0.498515,0,0.02864,0.0265278,0,0.0121851,34,7.1,1.00211,1.48117,1,0.0102844,-0.363577,0,-0.038147,-0.538439,0,0.0111658,35,7.1,-0.999116,-0.999341,1,0.0997294,0.0146533,0,-0.382535,0.271838,0,0.0105196
0,7.2,0.999813,-2.03119,1,0.000208616,-0.5,0,2.98023e-05,0,0,0.00847171,1,7.2,1.93563,-2.00026,1,0.257355,0.000661612,0,-0.431836,-0.000357628,0,0.00984999,2,7.2,-0.968324,-2.38683,1,0.0191361,-0.5,0,-0.145435,0,0,0.00924593,3,7.2,0.37695,1.00168,1,-0.491607,0.00789762,0,-0.128627,-0.0299811,0,0.0129301,4,7.2,-2.00002,-0.825136,1,5.36442e-05,-0.412735,0,-0.000238419,0.382841,0,0.012213,5,7.2,0.00521391,-2.95829,1,0.0166272,-0.179207,0,-0.126762,0.47791,0,0.0087834,6,7.2,-1.61193,-1.99882,1,0.498253,0.0031352,0,0.0349283,-0.00286102,0,0.0121522,7,7.2,2.1225,0.00015363,1,0.337106,-0.000110563,0,0.223756,0.00789157,0,0.011373,8,7.2,1.00053,2.24977,1,-0.0134021,-0.328451,0,0.0365376,0.0354052,0,0.00956227,9,7.2,-3,-0.090699,1,0,-0.300807,0,0,-0.752885,0,0.00651673,10,7.2,-1.99544,0.173878,1,-0.0215888,-0.0562333,0,0.0332594,0.999987,0,0.0120662,11,7.2,-1.34511,-2.99546,1,-0.500003,0.0461519,0,5.96046e-05,0.339985,0,0.0105607,12,7.2,0.015385,2.06334,1,0.0221322,0.266302,0,-0.228777,0.648141,0,0.0113679,13,7.2,1.99994,1.75107,1,0.000146031,0.461963,0,0,-0.231266,0,0.00901735,14,7.2,-0.00321127,-0.998984,1,0.0406455,0.00514239,0,-0.752004,-0.0240803,0,0.0118748,15,7.2,-1.43732e-05,-2.01615,1,-3.8227e-06,-0.0106692,0,0.000141728,0.194073,0,0.0108491,16,7.2,1.06015,-1.15862,1,-0.243729,-0.466225,0,0.436068,-0.38141,0,0.014624,17,7.2,0.000513104,0.312207,1,-0.000521494,-0.488237,0,-0.000939559,0.137031,0,0.0116464,18,7.2,-1.84575,1.12179,1,-0.351968,0.450966,0,0.421166,0.550628,0,0.0118431,19,7.2,-1.99687,2.99997,1,-0.00192821,-8.9407e-05,0,-0.0183582,0.000119209,0,0.00669104,20,7.2,3,-0.124361,1,0,-0.361877,0,0,-0.331529,0,0.00837432,21,7.2,1.14537,-0.00121552,1,0.421375,0.0217276,0,0.475466,-0.0481016,0,0.0131414,22,7.2,2.18989,0.975851,1,-0.429499,0.0486493,0,0.357509,-0.0051856,0,0.00958213,23,7.2,-1.00023,2.99665,1,0.000107288,0.00606775,0,0.00149012,0.00298023,0,0.006701,24,7.2,-2.99728,-2.12407,1,-0.00107884,-0.494838,0,-0.00691414,-0.103235,0,0.00845796,25,7.2,1.36505,3,1,0.0152767,0,0,0.999987,0,0,0.00592709,26,7.2,-0.747791,-0.000782384,1,-0.493684,0.000919488,0,-0.0353754,-0.00206265,0,0.0141196,27,7.2,-3,0.926333,1,0,-0.390188,0,0,-0.382304,0,0.00707676,28,7.2,-0.923916,1.99996,1,0.254641,-0.000283122,0,0.271499,-0.00208616,0,0.0150465,29,7.2,0.0853491,2.99985,1,0.377996,-0.00344515,0,0.774384,-0.0786781,0,0.00647922,30,7.2,1.87794,-1.05739,1,-0.368482,0.249413,0,-0.584483,-0.433981,0,0.0124462,31,7.2,2.85467,-1.00202,1,-0.422102,-0.0100374,0,-0.483751,0.0388622,0,0.0093667,32,7.2,-2.99997,-1.09152,1,-0.000113249,-0.422084,0,0.000238419,-0.544012,0,0.00906333,33,7.2,-1.00007,0.850963,1,-0.00925362,0.4999,0,0.0261068,0.00199676,0,0.0146414,34,7.2,1.00295,1.4422,1,0.00663698,-0.41458,0,-0.0346899,-0.47195,0,0.0133284,35,7.2,-0.990959,-0.996254,1,0.0643864,0.0491634,0,-0.323594,0.396878,0,0.0138922
0,7.3,0.999834,-2.08119,1,0.000208989,-0.5,0,-2.23517e-05,0,0,0.00847171,1,7.3,1.95918,-2.00019,1,0.213345,0.000612438,0,-0.44404,-0.000596046,0,0.00984999,2,7.3,-0.967111,-2.43683,1,0.00538547,-0.5,0,-0.129141,0,0,0.00924593,3,7.3,0.327339,1.00232,1,-0.498985,0.00505447,0,-0.0307876,-0.0269413,0,0.0129301,4,7.3,-2.00001,-0.864392,1,3.35276e-05,-0.371442,0,-0.000149012,0.439972,0,0.012213,5,7.3,0.00629914,-2.97389,1,0.00562459,-0.133481,0,-0.0939351,0.433564,0,0.0087834,6,7.3,-1.562,-1.99853,1,0.49989,0.00269413,0,0.00436604,-0.00576675,0,0.0121522,7,7.3,2.15723,0.000180029,1,0.356301,0.000623518,0,0.154749,0.00698395,0,0.011373,8,7.3,0.999365,2.21714,1,-0.00984715,-0.323718,0,0.0343211,0.0627637,0,0.00956227,9,7.3,-3,-0.124507,1,0,-0.374312,0,0,-0.691861,0,0.00651673,10,7.3,-1.99743,0.173255,1,-0.0181912,0.0437661,0,0.034444,0.999997,0,0.0120662,11,7.3,-1.39511,-2.98875,1,-0.5,0.0915926,0,7.45058e-06,0.55857,0,0.0105607,12,7.3,0.0164897,2.09315,1,0.000362344,0.329169,0,-0.204793,0.602096,0,0.0113679,13,7.3,1.99996,1.79595,1,0.000141002,0.433894,0,-9.68575e-05,-0.326581,0,0.00901735,14,7.3,-0.0030478,-0.998584,1,-0.0382969,0.00292575,0,-0.807681,-0.0203438,0,0.0118748,15,7.3,-1.41186e-05,-2.01635,1,8.21913e-06,0.00588149,0,9.99083e-05,0.138074,0,0.0108491,16,7.3,1.03793,-1.20674,1,-0.201002,-0.492447,0,0.417106,-0.152797,0,0.014624,17,7.3,0.000456866,0.264208,1,-0.000597242,-0.470361,0,-0.00057839,0.220357,0,0.0116464,18,7.3,-1.87882,1.16906,1,-0.309302,0.488949,0,0.429995,0.22231,0,0.0118431,19,7.3,-1.99714,2.99996,1,-0.0034336,-7.1153e-05,0,-0.0118911,0.000223517,0,0.00669104,20,7.3,3,-0.16214,1,0,-0.392866,0,0,-0.281596,0,0.00837432,21,7.3,1.18964,0.000715698,1,0.461587,0.0168974,0,0.327654,-0.0480803,0,0.0131414,22,7.3,2.14885,0.980654,1,-0.39026,0.0470565,0,0.42437,-0.0259019,0,0.00958213,23,7.3,-1.00021,2.99726,1,0.000230595,0.00612326,0,0.000983477,-0.00168383,0,0.006701,24,7.3,-2.99742,-2.17387,1,-0.00167899,-0.499677,0,-0.0051409,-0.0129044,0,0.00845796,25,7.3,1.37158,3,1,0.115276,0,0,1,0,0,0.00592709,26,7.3,-0.797368,-0.000699397,1,-0.497859,0.000752851,0,-0.0367984,-0.00130544,0,0.0141196,27,7.3,-3,0.885424,1,0,-0.427498,0,0,-0.353679,0,0.00707676,28,7.3,-0.897044,1.99992,1,0.282988,-0.000514276,0,0.28361,-0.00270456,0,0.0150465,29,7.3,0.12665,2.99917,1,0.443955,-0.00941604,0,0.53176,-0.0422001,0,0.00647922,30,7.3,1.83827,-1.03462,1,-0.423646,0.206079,0,-0.500299,-0.430189,0,0.0124462,31,7.3,2.81032,-1.00284,1,-0.462147,-0.00643227,0,-0.318617,0.0332519,0,0.0093667,32,7.3,-2.99998,-1.13616,1,-8.9407e-05,-0.467589,0,0.000238419,-0.355564,0,0.00906333,33,7.3,-1.00087,0.900959,1,-0.00676848,0.499994,0,0.0233352,0.000257045,0,0.0146414,34,7.3,1.00345,1.39865,1,0.0034418,-0.453763,0,-0.0292063,-0.311241,0,0.0133284,35,7.3,-0.986026,-0.989072,1,0.0353861,0.0967571,0,-0.257101,0.53383,0,0.0138922
0,7.4,0.999854,-2.13119,1,0.000204146,-0.5,0,-2.98023e-05,0,0,0.00816149,1,7.4,1.9783,-2.00014,1,0.169331,0.000542402,0,-0.43273,-0.000834465,0,0.0114691,2,7.4,-0.967188,-2.48683,1,-0.00661612,-0.5,0,-0.110567,0,0,0.0097245,3,7.4,0.277364,1.0027,1,-0.5,0.00249743,0,1.43051e-05,-0.0241995,0,0.0150491,4,7.4,-2.00001,-0.899265,1,2.38419e-05,-0.325368,0,-0.000119209,0.478357,0,0.0116127,5,7.4,0.00644172,-2.98516,1,-0.00229215,-0.093013,0,-0.0650778,0.37384,0,0.00868831,6,7.4,-1.512,-1.99829,1,0.500003,0.00202358,0,-5.96046e-05,-0.00762939,0,0.0110621,7,7.4,2.19348,0.000277092,1,0.367159,0.00131919,0,0.0590086,0.00706522,0,0.0095943,8,7.4,0.998546,2.18515,1,-0.00658035,-0.315309,0,0.0308156,0.107408,0,0.00900032,9,7.4,-3,-0.165137,1,0,-0.435309,0,0,-0.514753,0,0.0066466,10,7.4,-1.99908,0.182631,1,-0.0147432,0.143766,0,0.0342727,0.999987,0,0.0119402,11,7.4,-1.44511,-2.97652,1,-0.500003,0.155687,0,5.96046e-05,0.711799,0,0.0101397,12,7.4,0.0155545,2.12896,1,-0.0185064,0.385481,0,-0.171212,0.519037,0,0.00996676,13,7.4,1.99997,1.83757,1,0.00012815,0.397348,0,-0.000178814,-0.400782,0,0.0100119,14,7.4,-0.010876,-0.998388,1,-0.117485,0.00105649,0,-0.76118,-0.0170767,0,0.0138865,15,7.4,-1.28606e-05,-2.01515,1,1.63265e-05,0.0171781,0,6.31135e-05,0.0891685,0,0.0101552,16,7.4,1.01987,-1.25647,1,-0.160563,-0.499585,0,0.390589,-0.00828505,0,0.0133823,17,7.4,0.000394825,0.218409,1,-0.000637923,-0.444268,0,-0.000239785,0.300631,0,0.0135179,18,7.4,-1.9076,1.21865,1,-0.266376,0.499377,0,0.42671,0.0124574,0,0.0110919,19,7.4,-1.99754,2.99995,1,-0.00433326,-4.76837e-05,0,-0.00631809,0.000357628,0,0.00727229,20,7.4,3,-0.202705,1,0,-0.417035,0,0,-0.196844,0,0.00856762,21,7.4,1.23719,0.00216804,1,0.486904,0.0121882,0,0.179589,-0.0457568,0,0.0127006,22,7.4,2.11203,0.985201,1,-0.345236,0.0436246,0,0.472903,-0.0419617,0,0.0104893,23,7.4,-1.00018,2.99786,1,0.000306964,0.00577569,0,0.000536442,-0.00524521,0,0.00642141,24,7.4,-2.99761,-2.22386,1,-0.00211,-0.5,0,-0.00357628,0,0,0.00848276,25,7.4,1.38811,3,1,0.215277,0,0,0.999987,0,0,0.00568722,26,7.4,-0.847283,-0.000629632,1,-0.499862,0.000651742,0,-0.00274181,-0.000747852,0,0.0147673,27,7.4,-3,0.841019,1,0,-0.459313,0,0,-0.276774,0,0.00652567,28,7.4,-0.867388,1.99986,1,0.309294,-0.000852346,0,0.23368,-0.00411272,0,0.0146389,29,7.4,0.173244,2.99807,1,0.483366,-0.0121534,0,0.259653,-0.0139475,0,0.00589677,30,7.4,1.79365,-1.01614,1,-0.465897,0.163835,0,-0.336766,-0.412643,0,0.0118505,31,7.4,2.76277,-1.00332,1,-0.486416,-0.00338554,0,-0.171185,0.0278354,0,0.0098827,32,7.4,-2.99999,-1.18434,1,-6.55651e-05,-0.492576,0,0.000119209,-0.148475,0,0.00933312,33,7.4,-1.00143,0.950959,1,-0.00463426,0.5,0,0.0191331,2.98023e-05,0,0.0160588,34,7.4,1.00366,1.35199,1,0.000795722,-0.476822,0,-0.0237226,-0.150323,0,0.0108288,35,7.4,-0.983667,-0.976646,1,0.0128165,0.152133,0,-0.195146,0.556946,0,0.014367
0,7.5,0.999874,-2.18119,1,0.000198465,-0.5,0,-8.56817e-05,0,0,0.00816149,1,7.5,1.99312,-2.00009,1,0.127531,0.000454858,0,-0.400752,-0.000879169,0,0.0114691,2,7.5,-0.968369,-2.53683,1,-0.0166458,-0.5,0,-0.0898652,0,0,0.0097245,3,7.5,0.227364,1.00284,1,-0.5,0.000339374,0,-1.78814e-06,-0.0192374,0,0.0150491,4,7.5,-2.00001,-0.92937,1,1.41561e-05,-0.276448,0,-5.96046e-05,0.496019,0,0.0116127,5,7.5,0.00593011,-2.99271,1,-0.00752986,-0.0590589,0,-0.0404659,0.304177,0,0.00868831,6,7.5,-1.462,-1.99813,1,0.5,0.00122134,0,-7.45058e-06,-0.0082776,0,0.0110621,7,7.5,2.23052,0.000437821,1,0.373735,0.00184041,0,0.0633597,0.00375706,0,0.0095943,8,7.5,0.998034,2.15381,1,-0.00374243,-0.314487,0,0.0259057,-0.0706166,0,0.00900032,9,7.5,-3,-0.21087,1,0,-0.475626,0,0,-0.292104,0,0.0066466,10,7.5,-2.00038,0.202001,1,-0.0114309,0.243427,0,0.0318661,0.98646,0,0.0119402,11,7.5,-1.49511,-2.95688,1,-0.49996,0.240805,0,0.00160933,0.937983,0,0.0101397,12,7.5,0.0129829,2.17006,1,-0.0316488,0.435551,0,-0.0945144,0.45912,0,0.00996676,13,7.5,1.99953,1.87519,1,-0.0129394,0.354169,0,-0.239834,-0.458024,0,0.0100119,14,7.5,-0.0263598,-0.998361,1,-0.19117,-0.000472739,0,-0.700207,-0.013724,0,0.0138865,15,7.5,-1.09672e-05,-2.01306,1,2.10216e-05,0.0239491,0,3.18789e-05,0.0476837,0,0.0101552,16,7.5,1.00571,-1.30645,1,-0.123266,-0.499974,0,0.354674,-0.00103563,0,0.0133823,17,7.5,0.000330413,0.175635,1,-0.000644813,-0.409824,0,9.05292e-05,0.384068,0,0.0135179,18,7.5,-1.93213,1.26863,1,-0.224483,0.499961,0,0.409782,0.00155717,0,0.0110919,19,7.5,-1.99799,2.99995,1,-0.00472143,-1.37836e-05,0,-0.00163913,0.000312924,0,0.00727229,20,7.5,3,-0.245525,1,0,-0.440273,0,0,-0.252569,0,0.00856762,21,7.5,1.28654,0.00316693,1,0.497984,0.0078808,0,0.0533015,-0.0402905,0,0.0127006,22,7.5,2.07993,0.989333,1,-0.296354,0.0388242,0,0.500441,-0.0531673,0,0.0104893,23,7.5,-1.00015,2.9984,1,0.000341609,0.00512339,0,0.000178814,-0.00758469,0,0.00642141,24,7.5,-2.99784,-2.27386,1,-0.00239424,-0.5,0,-0.00216067,0,0,0.00848276,25,7.5,1.41442,3,1,0.308503,0,0,0.855193,0,0,0.00568722,26,7.5,-0.897278,-0.000567773,1,-0.499991,0.000589377,0,-0.000350177,-0.000511172,0,0.0147673,27,7.5,-3,0.793823,1,0,-0.483121,0,0,-0.189088,0,0.00652567,28,7.5,-0.835182,1.99973,1,0.335633,-0.00196509,0,0.28187,-0.0169873,0,0.0146389,29,7.5,0.222481,2.99682,1,0.498047,-0.0126034,0,0.0598438,0.00405312,0,0.00589677,30,7.5,1.74568,-1.00176,1,-0.490612,0.124488,0,-0.158295,-0.373613,0,0.0118505,31,7.5,2.71346,-1.00353,1,-0.497705,-0.000905618,0,-0.059098,0.02186,0,0.0098827,32,7.5,-2.99999,-1.23406,1,-4.95464e-05,-0.499536,0,0.000163913,-0.0185594,0,0.00933312,33,7.5,-1.00181,1.00094,1,-0.00289045,0.499388,0,0.0155717,-0.0180155,0,0.0160588,34,7.5,1.00363,1.30362,1,-0.00128411,-0.489873,0,-0.0181198,-0.105843,0,0.0108288,35,7.5,-0.983229,-0.958506,1,-0.0028085,0.211596,0,-0.120096,0.612915,0,0.014367
0,7.6,0.999894,-2.23119,1,0.000187755,-0.5,0,-8.9407e-05,0,0,0.00875332,1,7.6,2.00394,-2.00005,1,0.0896096,0.000363588,0,-0.355959,-0.000834465,0,0.0108634,2,7.6,-0.970447,-2.58683,1,-0.0245675,-0.5,0,-0.0684857,0,0,0.00884326,3,7.6,0.177364,1.00278,1,-0.5,-0.00140369,0,0,-0.0157952,0,0.0132337,4,7.6,-2.00001,-0.954534,1,5.96046e-06,-0.226912,0,0,0.491232,0,0.0109129,5,7.6,0.00501,-2.99722,1,-0.0105389,-0.0322878,0,-0.0204612,0.230789,0,0.00783478,6,7.6,-1.412,-1.99805,1,0.500003,0.00039041,0,-5.96046e-05,-0.00816584,0,0.00977503,7,7.6,2.26816,0.000637887,1,0.378239,0.00214123,0,0.0201464,0.00256766,0,0.00953992,8,7.6,0.997781,2.12186,1,-0.0014022,-0.325781,0,0.0208914,-0.139117,0,0.0117226,9,7.6,-3,-0.259552,1,0,-0.49485,0,0,-0.102997,0,0.00615592,10,7.6,-2.00137,0.231168,1,-0.00838041,0.33835,0,0.0290871,0.8917,0,0.012393,11,7.6,-1.54509,-2.92808,1,-0.499356,0.334382,0,0.0128746,0.896811,0,0.00987473,12,7.6,0.00945234,2.21567,1,-0.0379582,0.473994,0,-0.0342818,0.299573,0,0.0103559,13,7.6,1.99679,1.90826,1,-0.0439554,0.306642,0,-0.362992,-0.488341,0,0.0100375,14,7.6,-0.0487926,-0.998473,1,-0.255401,-0.00172853,0,-0.57547,-0.0115037,0,0.0153092,15,7.6,-8.74968e-06,-2.01049,1,2.29139e-05,0.0270009,0,6.99631e-06,0.0145435,0,0.0097359,16,7.6,0.995094,-1.35645,1,-0.0897437,-0.500003,0,0.315338,5.96046e-05,0,0.0122233,17,7.6,0.000266851,0.136682,1,-0.000622054,-0.368266,0,0.00035375,0.443141,0,0.0145656,18,7.6,-1.95257,1.31863,1,-0.184667,0.500003,0,0.385284,-5.96046e-05,0,0.00973474,19,7.6,-1.99847,2.99995,1,-0.00469983,1.19209e-05,0,0.00202656,0.000357628,0,0.00594439,20,7.6,3,-0.290805,1,0,-0.464965,0,0,-0.230774,0,0.00621753,21,7.6,1.33648,0.00376333,1,0.499994,0.0041468,0,-0.000119209,-0.0343246,0,0.0121905,22,7.6,2.05281,0.992937,1,-0.245953,0.0331566,0,0.503898,-0.0594854,0,0.0104362,23,7.6,-1.00012,2.99888,1,0.000345707,0.00429153,0,-0.000119209,-0.00882149,0,0.00609311,24,7.6,-2.99808,-2.32386,1,-0.00254512,-0.5,0,-0.000953674,0,0,0.00804365,25,7.6,1.44924,3,1,0.384873,0,0,0.667214,0,0,0.00552503,26,7.6,-0.947278,-0.000511081,1,-0.5,0.0005473,0,-2.98023e-05,-0.000340703,0,0.0185157,27,7.6,-3,0.744758,1,0,-0.49625,0,0,-0.0750124,0,0.00633455,28,7.6,-0.800207,1.99943,1,0.363642,-0.00404418,0,0.269264,-0.0234842,0,0.0165527,29,7.6,0.272433,2.9956,1,0.5,-0.0115097,0,0,0.0171661,0,0.00721781,30,7.6,1.69608,-0.991107,1,-0.498936,0.0892296,0,-0.0212789,-0.331044,0,0.011714,31,7.6,2.66353,-1.00352,1,-0.5,0.0010103,0,0,0.0165105,0,0.00914957,32,7.6,-3,-1.28405,1,-2.98023e-05,-0.500003,0,0.000119209,5.96046e-05,0,0.00818881,33,7.6,-1.00203,1.05072,1,-0.0015527,0.495383,0,0.0110865,-0.0664592,0,0.0144404,34,7.6,1.00342,1.2542,1,-0.00287592,-0.497523,0,-0.0139475,-0.0473261,0,0.0105416,35,7.6,-0.984006,-0.934322,1,-0.0117302,0.271299,0,-0.0608861,0.566363,0,0.0159665
0,7.7,0.999912,-2.28119,1,0.000176579,-0.5,0,-0.00013411,0,0,0.00875332,1,7.7,2.01121,-2.00001,1,0.0567134,0.000280514,0,-0.301287,-0.000819564,0,0.0108634,2,7.7,-0.973204,-2.63671,1,-0.0301622,-0.496493,0,-0.0439212,0.0718981,0,0.00884326,3,7.7,0.127364,1.00257,1,-0.5,-0.00270605,0,-1.3411e-06,-0.0106692,0,0.0132337,4,7.7,-2.00001,-0.974804,1,5.96046e-06,-0.178918,0,0,0.465732,0,0.0109129,5,7.7,0.00388141,-2.99941,1,-0.0117753,-0.0128016,0,-0.00499988,0.159949,0,0.00783478,6,7.7,-1.36211,-1.99805,1,0.496617,-0.000372157,0,-0.0692084,-0.00704825,0,0.00977503,7,7.7,2.30641,0.000857442,1,0.38956,0.00218864,0,0.187844,-0.00111611,0,0.00953992,8,7.7,0.997736,2.08818,1,0.00039814,-0.351202,0,0.0152476,-0.346124,0,0.0117226,9,7.7,-3,-0.309352,1,0,-0.499678,0,0,-0.0128764,0,0.00615592,10,7.7,-2.00207,0.269102,1,-0.00564456,0.416407,0,0.0256002,0.657041,0,0.012393,11,7.7,-1.59481,-2.8905,1,-0.493548,0.413406,0,0.101037,0.669941,0,0.00987473,12,7.7,0.00556295,2.26426,1,-0.0391062,0.494775,0,0.00916185,0.120148,0,0.0103559,13,7.7,1.99029,1.93646,1,-0.0883644,0.25738,0,-0.504397,-0.493117,0,0.0100375,14,7.7,-0.077074,-0.998703,1,-0.308648,-0.00285907,0,-0.480979,-0.0112094,0,0.0153092,15,7.7,-6.45686e-06,-2.00776,1,2.26324e-05,0.0271522,0,-1.16103e-05,-0.0101924,0,0.0097359,16,7.7,0.987615,-1.40645,1,-0.0606402,-0.5,0,0.267114,7.45058e-06,0,0.0122233,17,7.7,0.000206756,0.102133,1,-0.000576668,-0.322184,0,0.00054439,0.475157,0,0.0145656,18,7.7,-1.96917,1.36863,1,-0.147918,0.5,0,0.349335,-7.45058e-06,0,0.00973474,19,7.7,-1.99892,2.99995,1,-0.00436231,4.09782e-05,0,0.00455976,0.000238419,0,0.00594439,20,7.7,3,-0.33835,1,0,-0.484721,0,0,-0.158479,0,0.00621753,21,7.7,1.38647,0.00401844,1,0.499385,0.00107363,0,-0.0179484,-0.0272235,0,0.0121905,22,7.7,2.03071,0.995951,1,-0.19636,0.0270925,0,0.484645,-0.061132,0,0.0104362,23,7.7,-1.00008,2.99926,1,0.000322983,0.00338629,0,-0.000312924,-0.00914931,0,0.00609311,24,7.7,-2.99834,-2.37386,1,-0.00258125,-0.5,0,0.000193715,0,0,0.00804365,25,7.7,1.49072,3,1,0.441258,0,0,0.460438,0,0,0.00552503,26,7.7,-0.997278,-0.000457973,1,-0.5,0.000515613,0,7.45058e-06,-0.000295882,0,0.0185157,27,7.7,-3,0.694904,1,0,-0.499766,0,0,-0.00937283,0,0.00633455,28,7.7,-0.762155,1.99894,1,0.399887,-0.00561085,0,0.419989,-0.00854582,0,0.0165527,29,7.7,0.322433,2.99455,1,0.5,-0.00937805,0,-3.57628e-06,0.0248253,0,0.00721781,30,7.7,1.64613,-0.983751,1,-0.499933,0.0587461,0,-0.00265986,-0.279073,0,0.011714,31,7.7,2.61353,-1.00335,1,-0.5,0.00240318,0,0,0.0114888,0,0.00914957,32,7.7,-3,-1.33405,1,-1.52737e-05,-0.5,0,0.00013411,7.45058e-06,0,0.00818881,33,7.7,-1.00213,1.10001,1,-0.00052657,0.491067,0,0.00917166,-0.0287667,0,0.0144404,34,7.7,1.00307,1.2043,1,-0.00397246,-0.499817,0,-0.00817329,-0.00674278,0,0.0105416,35,7.7,-0.985302,-0.90452,1,-0.0125881,0.323103,0,0.0360161,0.467651,0,0.0159665
0,7.8,0.999929,-2.33119,1,0.000162423,-0.5,0,-0.000178814,0,0,0.00884817,1,7.8,2.01547,-1.99999,1,0.0294387,0.000202656,0,-0.244021,-0.00077486,0,0.011438,2,7.8,-0.976403,-2.68587,1,-0.0334546,-0.485361,0,-0.0224411,0.151873,0,0.0092689,3,7.8,0.0773644,1.00225,1,-0.5,-0.00361204,0,-2.38419e-06,-0.007689,0,0.0163825,4,7.8,-2.00001,-0.99043,1,5.96046e-06,-0.134277,0,0.000119209,0.424951,0,0.0112744,5,7.8,0.00269937,-3,1,-0.0116771,-1.78814e-05,0,0.00631595,0.0976324,0,0.00765965,6,7.8,-1.31292,-1.99812,1,0.48593,-0.00101626,0,-0.145376,-0.00572205,0,0.0110058,7,7.8,2.34645,0.0010681,1,0.41244,0.0020086,0,0.254512,-0.00208209,0,0.00866969,8,7.8,0.997844,2.05115,1,0.00167489,-0.390774,0,0.0104308,-0.426292,0,0.0120293,9,7.8,-3,-0.359346,1,0,-0.5,0,0,1.43051e-05,0,0.00619388,10,7.8,-2.00251,0.313574,1,-0.00326037,0.468454,0,0.0219345,0.383273,0,0.0123574,11,7.8,-1.64353,-2.84626,1,-0.479588,0.46683,0,0.176072,0.396848,0,0.00959191,12,7.8,0.00175497,2.3141,1,-0.0365336,0.5,0,0.0403719,0,0,0.00839474,13,7.8,1.97884,1.95976,1,-0.141105,0.208712,0,-0.533879,-0.477016,0,0.0115882,14,7.8,-0.11013,-0.999045,1,-0.350171,-0.00398606,0,-0.343729,-0.0113845,0,0.0154504,15,7.8,-4.27538e-06,-2.00513,1,2.07827e-05,0.0252068,0,-2.44936e-05,-0.0274181,0,0.0095402,16,7.8,0.982809,-1.45645,1,-0.0362411,-0.500003,0,0.221342,5.96046e-05,0,0.0116275,17,7.8,0.000152058,0.0723188,1,-0.000515041,-0.273882,0,0.000679062,0.487754,0,0.0129078,18,7.8,-1.98227,1.41863,1,-0.114858,0.500003,0,0.311434,-5.96046e-05,0,0.0110372,19,7.8,-1.99933,2.99996,1,-0.00382066,5.96046e-05,0,0.00619888,0.000119209,0,0.00677418,20,7.8,3,-0.387468,1,0,-0.496155,0,0,-0.0710189,0,0.00639643,21,7.8,1.43625,0.00400086,1,0.495365,-0.00131566,0,-0.066936,-0.0206552,0,0.0135539,22,7.8,2.01344,0.998356,1,-0.149608,0.0210479,0,0.447989,-0.0592172,0,0.0117257,23,7.8,-1.00005,2.99955,1,0.000283122,0.00249147,0,-0.000357628,-0.00858307,0,0.0061013,24,7.8,-2.9986,-2.42386,1,-0.00251532,-0.5,0,0.00119209,0,0,0.00822894,25,7.8,1.53681,3,1,0.477335,0,0,0.264883,0,0,0.00497548,26,7.8,-1.04728,-0.000407836,1,-0.500003,0.000487596,0,5.96046e-05,-0.000266911,0,0.0150556,27,7.8,-3,0.644908,1,0,-0.5,0,0,-2.98023e-05,0,0.00677821,28,7.8,-0.720051,1.99835,1,0.441758,-0.00588,0,0.394285,0.00244379,0,0.0138909,29,7.8,0.372433,2.99375,1,0.5,-0.00665784,0,1.43051e-05,0.0290871,0,0.00763387,30,7.8,1.59613,-0.979189,1,-0.500003,0.033322,0,5.96046e-05,-0.229895,0,0.0100797,31,7.8,2.56353,-1.00306,1,-0.5,0.0033319,0,0,0.00727177,0,0.00906511,32,7.8,-3,-1.38405,1,0,-0.500003,0,0.000119209,5.96046e-05,0,0.00879782,33,7.8,-1.00214,1.14898,1,0.000241399,0.488034,0,0.00590086,-0.0389218,0,0.0168136,34,7.8,1.00264,1.1543,1,-0.00454485,-0.500003,0,-0.00357628,5.96046e-05,0,0.0116914,35,7.8,-0.986274,-0.870049,1,-0.00594705,0.364499,0,0.0903308,0.358969,0,0.0173543
0,7.9,0.999944,-2.38119,1,0.000143982,-0.5,0,-0.000193715,0,0,0.00884817,1,7.9,2.01729,-1.99997,1,0.00795573,0.000130571,0,-0.186265,-0.000663102,0,0.011438,2,7.9,-0.979829,-2.73351,1,-0.0347744,-0.466077,0,-0.00442937,0.233874,0,0.0092689,3,7.9,0.0273644,1.00186,1,-0.5,-0.00414196,0,-4.47035e-07,-0.00339001,0,0.0163825,4,7.9,-2.00001,-1.00182,1,1.56462e-05,-0.0943897,0,5.96046e-05,0.37159,0,0.0112744,5,7.9,0.00157705,-2.9996,1,-0.0106455,0.0072252,0,0.0137568,0.0496358,0,0.00765965,6,7.9,-1.26518,-1.99825,1,0.467636,-0.00152234,0,-0.220858,-0.00437349,0,0.0110058,7,7.9,2.38902,0.00125479,1,0.439239,0.00169131,0,0.269741,-0.00412099,0,0.00866969,8,7.9,0.998056,2.00998,1,0.00249799,-0.431843,0,0.00617653,-0.382222,0,0.0120293,9,7.9,-3,-0.409346,1,0,-0.5,0,0,0,0,0.00619388,10,7.9,-2.00274,0.361894,1,-0.00128075,0.493886,0,0.0177324,0.140058,0,0.0123574,11,7.9,-1.69049,-2.79804,1,-0.45849,0.493602,0,0.24344,0.149563,0,0.00959191,12,7.9,-0.00166676,2.3641,1,-0.031634,0.5,0,0.0564105,0,0,0.00839474,13,7.9,1.9619,1.9783,1,-0.198799,0.162724,0,-0.600472,-0.440575,0,0.0115882,14,7.9,-0.146724,-0.999521,1,-0.380237,-0.00571376,0,-0.25457,-0.0220649,0,0.0154504,15,7.9,-2.3341e-06,-2.00276,1,1.79172e-05,0.0218954,0,-3.20644e-05,-0.037834,0,0.0095402,16,7.9,0.980218,-1.50645,1,-0.0163125,-0.5,0,0.177741,7.45058e-06,0,0.0116275,17,7.9,0.000104103,0.047366,1,-0.000442748,-0.225291,0,0.000757334,0.480755,0,0.0129078,18,7.9,-1.99227,1.46863,1,-0.0857137,0.5,0,0.271425,-7.45058e-06,0,0.0110372,19,7.9,-1.99968,2.99997,1,-0.00315774,6.66827e-05,0,0.00695139,4.47035e-05,0,0.00677418,20,7.9,3,-0.437309,1,0,-0.499686,0,0,-0.0110808,0,0.00639643,21,7.9,1.48562,0.00377716,1,0.493599,-0.00305107,0,0.0188872,-0.0142171,0,0.0135539,22,7.9,2.00064,1.00017,1,-0.107301,0.0153567,0,0.396617,-0.0542663,0,0.0117257,23,7.9,-1.00002,2.99976,1,0.000241585,0.0016816,0,-0.000454485,-0.00751019,0,0.0061013,24,7.9,-2.99884,-2.47386,1,-0.00236183,-0.5,0,0.00184774,0,0,0.00822894,25,7.9,1.58558,3,1,0.495321,0,0,0.103764,0,0,0.00497548,26,7.9,-1.09728,-0.000360402,1,-0.5,0.000461158,0,7.45058e-06,-0.000262922,0,0.0150556,27,7.9,-3,0.594908,1,0,-0.5,0,0,0,0,0.00677821,28,7.9,-0.674122,1.99779,1,0.474507,-0.00530593,0,0.256643,0.00864267,0,0.0138909,29,7.9,0.422433,2.99323,1,0.5,-0.00376813,0,-1.78814e-06,0.0284463,0,0.00763387,30,7.9,1.54613,-0.976927,1,-0.5,0.0126903,0,7.45058e-06,-0.18331,0,0.0100797,31,7.9,2.51353,-1.00269,1,-0.5,0.00387859,0,0,0.00377744,0,0.00906511,32,7.9,-3,-1.43405,1,9.68575e-06,-0.5,0,5.96046e-05,7.45058e-06,0,0.00879782,33,7.9,-1.00209,1.19781,1,0.000789762,0.490219,0,0.00505149,0.0592172,0,0.0168136,34,7.9,1.00217,1.1043,1,-0.00472367,-0.5,0,-0.00013411,7.45058e-06,0,0.0116914,35,7.9,-0.986224,-0.831882,1,0.00857813,0.398077,0,0.188228,0.312775,0,0.0173543
0,8,0.999958,-2.43119,1,0.00012517,-0.5,0,-0.000208616,0,0,0.00884909,1,8,2.01725,-1.99996,1,-0.00796318,6.85453e-05,0,-0.132799,-0.000536442,0,0.0111383,2,8,-0.983302,-2.77881,1,-0.0344351,-0.438648,0,0.0107586,0.313878,0,0.00846724,3,8,-0.0226356,1.00144,1,-0.5,-0.004372,0,-1.19209e-06,-0.00166893,0,0.0204901,4,8,-2,-1.0095,1,1.78814e-05,-0.0601441,0,0.000119209,0.312686,0,0.0111245,5,8,0.000589734,-2.99869,1,-0.00902809,0.0103533,0,0.0181258,0.0149012,0,0.00800423,6,8,-1.21965,-1.99842,1,0.441772,-0.00189245,0,-0.295937,-0.00298023,0,0.0113263,7,8,2.43425,0.00140094,1,0.464481,0.0012111,0,0.22769,-0.005359,0,0.00913003,8,8,0.99833,1.96504,1,0.00293851,-0.465277,0,0.00277162,-0.279903,0,0.0148286,9,8,-3,-0.459346,1,0,-0.5,0,0,1.43051e-05,0,0.00708195,10,8,-2.00278,0.411702,1,0.000292063,0.499942,0,0.0138283,0.00114739,0,0.0120363,11,8,-1.73502,-2.74823,1,-0.431377,0.5,0,0.296593,0,0,0.010734,12,8,-0.00453004,2.4141,1,-0.0254777,0.5,0,0.0656615,0,0,0.0093498,13,8,1.93904,1.99244,1,-0.257739,0.120971,0,-0.563204,-0.392854,0,0.0146171,14,8,-0.185853,-1.00021,1,-0.400593,-0.00819564,0,-0.150621,-0.0266433,0,0.0184391,15,8,-7.10028e-07,-2.00077,1,1.45067e-05,0.0178218,0,-3.55266e-05,-0.0429153,0,0.00991735,16,8,0.979407,-1.55645,1,-0.000587106,-0.500003,0,0.137359,5.96046e-05,0,0.0107359,17,8,6.36784e-05,0.0272058,1,-0.000365325,-0.178328,0,0.000783087,0.455831,0,0.0161098,18,8,-1.99955,1.51863,1,-0.0605702,0.500003,0,0.231385,-5.96046e-05,0,0.00910092,19,8,-1.99996,2.99997,1,-0.00245273,7.15256e-05,0,0.00709295,-0.000119209,0,0.00634978,20,8,3,-0.487302,1,0,-0.5,0,0,-2.98023e-05,0,0.00537065,21,8,1.53513,0.00341049,1,0.496861,-0.0041911,0,0.03618,-0.00873965,0,0.0104031,22,8,1.9918,1.00145,1,-0.0705272,0.010255,0,0.337899,-0.0475645,0,0.0106462,23,8,-1,2.99989,1,0.000193715,0.00100732,0,-0.000506639,-0.00619888,0,0.00613362,24,8,-2.99907,-2.52386,1,-0.00215173,-0.5,0,0.00226498,0,0,0.00947012,25,8,1.63543,3,1,0.500003,0,0,-5.96046e-05,0,0,0.00626119,26,8,-1.14728,-0.000315602,1,-0.500003,0.00043482,0,5.96046e-05,-0.000264685,0,0.0148525,27,8,-3,0.544908,1,0,-0.5,0,0,-2.98023e-05,0,0.00662328,28,8,-0.625629,1.99731,1,0.493024,-0.00422299,0,0.117123,0.0126362,0,0.0136794,29,8,0.472433,2.99299,1,0.5,-0.00101328,0,-1.43051e-05,0.0265837,0,0.00757653,30,8,1.49613,-0.976501,1,-0.500003,-0.00345856,0,5.96046e-05,-0.14025,0,0.0111926,31,8,2.46353,-1.00229,1,-0.5,0.00410676,0,0,0.000953674,0,0.008455,32,8,-3,-1.48405,1,1.19209e-05,-0.500003,0,0.000119209,5.96046e-05,0,0.00906468,33,8,-1.00199,1.24715,1,0.00124872,0.496376,0,0.00411272,0.0525117,0,0.0131847,34,8,1.0017,1.0543,1,-0.00460148,-0.500003,0,0.0025034,5.96046e-05,0,0.0138254,35,8,-0.984346,-0.790586,1,0.0295281,0.42707,0,0.221044,0.267118,0,0.0140246
0,8.1,0.999969,-2.48119,1,0.000104774,-0.5,0,-0.00019744,0,0,0.00884909,1,8.1,2.01587,-1.99996,1,-0.0187874,2.04891e-05,0,-0.0849664,-0.000417233,0,0.0111383,2,8.1,-0.986669,-2.82096,1,-0.0326834,-0.402759,0,0.0236295,0.399396,0,0.00846724,3,8.1,-0.0726356,1.001,1,-0.5,-0.00436027,0,2.98023e-07,0.00173599,0,0.0204901,4,8.1,-2,-1.01405,1,2.6077e-05,-0.031988,0,2.98023e-05,0.250682,0,0.0111245,5,8.1,-0.000218846,-2.99762,1,-0.00711634,0.0106331,0,0.0197634,-0.0077039,0,0.00800423,6,8.1,-1.17709,-1.99862,1,0.407935,-0.0021141,0,-0.37688,-0.00149012,0,0.0113263,7,8.1,2.48172,0.00149424,1,0.483678,0.000647273,0,0.153542,-0.00581877,0,0.00913003,8,8.1,0.998634,1.91729,1,0.00308361,-0.487643,0,0.000238419,-0.161864,0,0.0148286,9,8.1,-3,-0.509346,1,0,-0.5,0,0,1.78814e-06,0,0.00708195,10,8.1,-2.00269,0.4617,1,0.00149496,0.499996,0,0.0102967,0.000145212,0,0.0120363,11,8.1,-1.77661,-2.69823,1,-0.399624,0.5,0,0.336364,0,0,0.010734,12,8.1,-0.00674309,2.4641,1,-0.0187403,0.5,0,0.0682541,0,0,0.0093498,13,8.1,1.91043,2.0027,1,-0.314472,0.0854922,0,-0.559591,-0.318013,0,0.0146171,14,8.1,-0.226696,-1.00132,1,-0.416528,-0.0151932,0,-0.166177,-0.103295,0,0.0184391,15,8.1,5.62139e-07,-1.99921,1,1.09391e-05,0.0134844,0,-3.53895e-05,-0.0432581,0,0.00991735,16,8.1,0.979967,-1.60641,1,0.0111221,-0.498597,0,0.0978,0.0324026,0,0.0107359,17,8.1,3.10408e-05,0.0115892,1,-0.000287794,-0.134683,0,0.000761125,0.415127,0,0.0161098,18,8.1,-2.00452,1.56863,1,-0.0395671,0.499927,0,0.189245,-0.00292808,0,0.00910092,19,8.1,-2.00017,2.99998,1,-0.00176188,5.99772e-05,0,0.00666827,-0.000104308,0,0.00634978,20,8.1,3,-0.537302,1,0,-0.5,0,0,0,0,0.00537065,21,8.1,1.58496,0.00295597,1,0.499352,-0.00482064,0,0.00973791,-0.00402317,0,0.0104031,22,8.1,1.98633,1.00225,1,-0.0399033,0.00589602,0,0.274651,-0.0395477,0,0.0106462,23,8.1,-0.999986,2.99997,1,0.000143237,0.000479072,0,-0.000499189,-0.00441074,0,0.00613362,24,8.1,-2.99927,-2.57386,1,-0.00190772,-0.499886,0,0.0026077,0.00455976,0,0.00947012,25,8.1,1.68529,3,1,0.49561,0,0,-0.0899732,0,0,0.00626119,26,8.1,-1.19728,-0.000273483,1,-0.5,0.000407187,0,7.45058e-06,-0.000287094,0,0.0148525,27,8.1,-3,0.494908,1,0,-0.5,0,0,5.66244e-06,0,0.00662328,28,8.1,-0.575935,1.99695,1,0.499284,-0.00289865,0,0.0230409,0.0136644,0,0.0136794,29,8.1,0.522433,2.99301,1,0.5,0.00149384,0,5.66244e-06,0.0233948,0,0.00757653,30,8.1,1.44613,-0.977476,1,-0.499991,-0.0153322,0,0.000350177,-0.0982732,0,0.0111926,31,8.1,2.41354,-1.00188,1,-0.499646,0.00408273,0,0.0110418,-0.00133365,0,0.008455,32,8.1,-3,-1.53405,1,2.01166e-05,-0.5,0,2.98023e-05,7.45058e-06,0,0.00906468,33,8.1,-1.00184,1.29697,1,0.00160001,0.499523,0,0.00293553,0.0140518,0,0.0131847,34,8.1,1.00126,1.0043,1,-0.00427123,-0.5,0,0.00401586,0,0,0.0138254,35,8.1,-0.980541,-0.746437,1,0.044197,0.456337,0,0.0790134,0.293139,0,0.0140246
0,8.2,0.999979,-2.53119,1,8.49366e-05,-0.5,0,-0.000178814,0,0,0.0107947,1,8.2,2.01364,-1.99996,1,-0.0252068,-1.49012e-05,0,-0.0449419,-0.000298023,0,0.0108185,2,8.2,-0.989802,-2.85913,1,-0.0298321,-0.359643,0,0.032872,0.458598,0,0.0082697,3,8.2,-0.122636,1.00057,1,-0.5,-0.0040561,0,3.57628e-06,0.00429153,0,0.0157628,4,8.2,-2,-1.0161,1,2.68221e-05,-0.00992417,0,0,0.191092,0,0.00972773,5,8.2,-0.00083133,-2.99662,1,-0.00513695,0.00910163,0,0.0195546,-0.0214577,0,0.00944357,6,8.2,-1.13829,-1.99883,1,0.367162,-0.00219643,0,-0.434875,-0.000178814,0,0.0104695,7,8.2,2.53072,0.00152981,1,0.495052,6.53381e-05,0,0.0754595,-0.00573875,0,0.0102729,8,8.2,0.99894,1.86793,1,0.00300705,-0.497714,0,-0.00166893,-0.0457168,0,0.0124741,9,8.2,-3,-0.559346,1,0,-0.500001,0,0,2.98023e-05,0,0.00640515,10,8.2,-2.0025,0.5117,1,0.00236034,0.5,0,0.00715256,2.98023e-05,0,0.0105058,11,8.2,-1.81484,-2.64823,1,-0.364503,0.5,0,0.364006,0,0,0.010823,12,8.2,-0.0082774,2.5141,1,-0.0119788,0.5,0,0.0662915,0,0,0.00822056,13,8.2,1.87627,2.00978,1,-0.367537,0.0571072,0,-0.492454,-0.250816,0,0.0138903,14,8.2,-0.26919,-1.00341,1,-0.433423,-0.0270635,0,-0.169575,-0.126123,0,0.014972,15,8.2,1.48232e-06,-1.99807,1,7.50533e-06,0.00926852,0,-3.29569e-05,-0.0406504,0,0.0100181,16,8.2,0.981509,-1.65602,1,0.0191614,-0.492769,0,0.063926,0.0873208,0,0.0106608,17,8.2,5.98631e-06,0.000115681,1,-0.000214229,-0.0956295,0,0.000705299,0.364629,0,0.0160242,18,8.2,-2.0076,1.61858,1,-0.0225961,0.498828,0,0.150561,-0.0234246,0,0.00848871,19,8.2,-2.00032,2.99998,1,-0.00112653,4.76837e-05,0,0.00584126,-0.000119209,0,0.00641455,20,8.2,3,-0.587302,1,0,-0.5,0,0,-2.98023e-05,0,0.00752614,21,8.2,1.63488,0.0024604,1,0.498095,-0.00502859,0,-0.0380874,-0.000292901,0,0.0110215,22,8.2,1.98361,1.00265,1,-0.0155509,0.00235438,0,0.212848,-0.031352,0,0.0137103,23,8.2,-0.999974,3,1,9.38773e-05,0.000119209,0,-0.000417233,-0.00274181,0,0.00621903,24,8.2,-2.99945,-2.62379,1,-0.00163913,-0.498176,0,0.00274181,0.0365973,0,0.00813779,25,8.2,1.73424,3,1,0.48171,0,0,-0.188887,0,0,0.00519844,26,8.2,-1.24728,-0.00023423,1,-0.500003,0.000377576,0,5.96046e-05,-0.000304258,0,0.0173686,27,8.2,-3,0.444908,1,0,-0.5,0,0,1.43051e-05,0,0.00630521,28,8.2,-0.525952,1.99673,1,0.5,-0.00152588,0,1.43051e-05,0.0137687,0,0.0125961,29,8.2,0.572433,2.99327,1,0.5,0.00364184,0,2.98023e-05,0.0193119,0,0.00670941,30,8.2,1.39613,-0.979438,1,-0.499859,-0.0233203,0,0.00274181,-0.0624955,0,0.0104187,31,8.2,2.36368,-1.00148,1,-0.496829,0.0038594,0,0.0511408,-0.00303984,0,0.00903321,32,8.2,-2.99999,-1.58405,1,2.38419e-05,-0.500003,0,-0.000119209,5.96046e-05,0,0.00913076,33,8.2,-1.00167,1.34696,1,0.00183582,0.500003,0,0.00196695,-5.96046e-05,0,0.013128,34,8.2,1.00085,0.954301,1,-0.0038147,-0.5,0,0.005126,-2.98023e-05,0,0.0136708,35,8.2,-0.975915,-0.699449,1,0.04659,0.481951,0,-0.0252426,0.206679,0,0.013064
0,8.3,0.999618,-2.58118,1,-0.0105765,-0.499729,0,-0.197656,0.0089407,0,0.0107947,1,8.3,2.01095,-1.99996,1,-0.0280131,-3.94881e-05,0,-0.0125915,-0.000193715,0,0.0108185,2,8.3,-0.992611,-2.89225,1,-0.0262466,-0.29817,0,0.0383519,0.741437,0,0.0082697,3,8.3,-0.172636,1.00019,1,-0.5,-0.00355886,0,-4.47035e-07,0.00556931,0,0.0157628,4,8.3,-2,-1.01623,1,2.49594e-05,0.00634994,0,-4.47035e-05,0.135519,0,0.00972773,5,8.3,-0.00177252,-2.99583,1,-0.0182394,0.00658892,0,-0.254201,-0.0278801,0,0.00944357,6,8.3,-1.10337,-1.99905,1,0.334671,-0.00215713,0,-0.232041,0.000916421,0,0.0104695,7,8.3,2.58049,0.00150897,1,0.499287,-0.000468272,0,0.0138283,-0.00491156,0,0.0102729,8,8.3,0.99923,1.81801,1,0.00278233,-0.499857,0,-0.00276044,-0.0057146,0,0.0124741,9,8.3,-3,-0.609297,1,0,-0.498416,0,0,0.0357702,0,0.00640515,10,8.3,-2.00223,0.561699,1,0.00291914,0.499957,0,0.00414252,-0.00171736,0,0.0105058,11,8.3,-1.84943,-2.59823,1,-0.327018,0.5,0,0.383548,0,0,0.010823,12,8.3,-0.00915692,2.5641,1,-0.00574798,0.499928,0,0.058119,-0.00286102,0,0.00822056,13,8.3,1.8371,2.01431,1,-0.415015,0.0344303,0,-0.444293,-0.203356,0,0.0138903,14,8.3,-0.313536,-1.0066,1,-0.454506,-0.0351831,0,-0.231426,-0.0403076,0,0.014972,15,8.3,0.00052483,-1.99734,1,0.0149828,0.00544731,0,0.271975,-0.0355467,0,0.0100181,16,8.3,0.9837,-1.70431,1,0.024219,-0.467907,0,0.0377148,0.391513,0,0.0106608,17,8.3,-1.20426e-05,-0.00771933,1,-0.000147747,-0.062034,0,0.000621605,0.306871,0,0.0160242,18,8.3,-2.00916,1.66827,1,-0.00931285,0.494064,0,0.115708,-0.0767708,0,0.00848871,19,8.3,-2.0004,2.99999,1,-0.000587851,3.72529e-05,0,0.00491738,-8.9407e-05,0,0.00641455,20,8.3,3,-0.637192,1,0,-0.496664,0,0,0.0683367,0,0.00752614,21,8.3,1.68439,0.001961,1,0.491031,-0.0049136,0,-0.106476,0.00245867,0,0.0110215,22,8.3,1.98302,1.00275,1,0.00274889,-0.000366941,0,0.154212,-0.0231862,0,0.0137103,23,8.3,-0.999967,3,1,5.43892e-05,-9.16421e-05,0,-0.000372529,-0.00154972,0,0.00621903,24,8.3,-2.9996,-2.67333,1,-0.00136271,-0.491584,0,0.00274181,0.0995994,0,0.00813779,25,8.3,1.78126,3,1,0.456817,0,0,-0.304855,0,0,0.00519844,26,8.3,-1.29728,-0.000198017,1,-0.5,0.000346469,0,7.45058e-06,-0.000317015,0,0.0173686,27,8.3,-3,0.394948,1,0,-0.498684,0,0,0.0307969,0,0.00630521,28,8.3,-0.475952,1.99665,1,0.5,-0.000190735,0,-1.78814e-06,0.0128299,0,0.0125961,29,8.3,0.622355,2.99373,1,0.497598,0.00530407,0,-0.0509955,0.0140071,0,0.00670941,30,8.3,1.34615,-0.982028,1,-0.499921,-0.0279687,0,-0.00173599,-0.031583,0,0.0104187,31,8.3,2.31435,-1.00111,1,-0.488762,0.00349656,0,0.113696,-0.00414252,0,0.00903321,32,8.3,-2.99999,-1.63394,1,1.3411e-05,-0.496865,0,-8.9407e-05,0.064604,0,0.00913076,33,8.3,-1.00148,1.39696,1,0.00197627,0.5,0,0.000864267,-7.45058e-06,0,0.013128,34,8.3,1.0005,0.904301,1,-0.00327528,-0.5,0,0.00561774,0,0,0.0136708,35,8.3,-0.971486,-0.650437,1,0.0410357,0.496221,0,-0.0821538,0.0827871,0,0.013064
0,8.4,0.997353,-2.63106,1,-0.0366047,-0.497174,0,-0.309885,0.0487566,0,0.00951261,1,8.4,2.00813,-1.99997,1,-0.0279844,-5.36442e-05,0,0.0118017,-0.000178814,0,0.0115002,2,8.4,-0.995038,-2.9181,1,-0.0222534,-0.216645,0,0.0411272,0.865579,0,0.00993161,3,8.4,-0.222636,0.999865,1,-0.5,-0.00295937,0,-7.15256e-06,0.00631809,0,0.0150564,4,8.4,-1.99999,-1.015,1,2.08616e-05,0.0174135,0,-5.96046e-05,0.0870228,0,0.0088024,5,8.4,-0.00513367,-2.99532,1,-0.0510955,0.00368953,0,-0.381507,-0.0294447,0,0.00873916,6,8.4,-1.07084,-1.99926,1,0.317663,-0.0020206,0,-0.121832,0.00172853,0,0.0107196,7,8.4,2.6304,0.00143911,1,0.498241,-0.000913342,0,-0.0354052,-0.00397558,0,0.00991502,8,8.4,0.999493,1.76802,1,0.00246614,-0.500003,0,-0.00348687,5.96046e-05,0,0.0129385,9,8.4,-3,-0.658872,1,0,-0.492144,0,0,0.0926256,0,0.00679227,10,8.4,-2.00192,0.611672,1,0.00320077,0.499314,0,0.00166893,-0.0137389,0,0.0123681,11,8.4,-1.8802,-2.54823,1,-0.2882,0.5,0,0.390887,0,0,0.00933726,12,8.4,-0.00945611,2.61405,1,-0.00038927,0.498849,0,0.0489177,-0.0228882,0,0.00749047,13,8.4,1.79354,2.01682,1,-0.454417,0.0163078,0,-0.336826,-0.15986,0,0.0144415,14,8.4,-0.360114,-1.0102,1,-0.476421,-0.035885,0,-0.194684,0.0227094,0,0.0130268,15,8.4,0.00364521,-1.99696,1,0.0494936,0.00219345,0,0.396718,-0.0294447,0,0.0120674,16,8.4,0.986271,-1.74877,1,0.0268117,-0.417915,0,0.0147223,0.592291,0,0.0122439,17,8.4,-2.38664e-05,-0.0124866,1,-9.03432e-05,-0.0342958,0,0.000524852,0.2479,0,0.0140064,18,8.4,-2.00957,1.71717,1,0.000673532,0.482675,0,0.0844002,-0.154078,0,0.00849543,19,8.4,-2.00044,2.99999,1,-0.000149012,2.98023e-05,0,0.00393391,-0.000119209,0,0.00519457,20,8.4,3,-0.686393,1,0,-0.486086,0,0,0.144005,0,0.00615452,21,8.4,1.73283,0.00148555,1,0.476292,-0.00456227,0,-0.19002,0.00444782,0,0.0103256,22,8.4,1.98397,1.00261,1,0.0155151,-0.0023067,0,0.102341,-0.0157356,0,0.0130634,23,8.4,-0.999963,2.99998,1,1.93715e-05,-0.000196695,0,-0.000298023,-0.000715256,0,0.00617115,24,8.4,-2.99972,-2.72186,1,-0.00109076,-0.477564,0,0.00274181,0.183344,0,0.00595622,25,8.4,1.82526,3,1,0.42156,0,0,-0.396192,0,0,0.00495284,26,8.4,-1.34728,-0.00016497,1,-0.500003,0.000314344,0,5.96046e-05,-0.00032466,0,0.0117684,27,8.4,-3,0.345316,1,0,-0.493067,0,0,0.0848025,0,0.00627459,28,8.4,-0.425952,1.99669,1,0.5,0.00101626,0,-1.43051e-05,0.0113249,0,0.0105276,29,8.4,0.671756,2.99432,1,0.489311,0.00645518,0,-0.116676,0.0089407,0,0.00668821,30,8.4,1.29615,-0.98494,1,-0.500003,-0.02985,0,5.96046e-05,-0.00706315,0,0.0134465,31,8.4,2.26617,-1.00079,1,-0.473535,0.0030458,0,0.192761,-0.00482798,0,0.0103936,32,8.4,-2.99999,-1.68319,1,5.96046e-06,-0.486785,0,-0.000119209,0.138044,0,0.00983647,33,8.4,-1.00128,1.44696,1,0.00201762,0.500003,0,-0.000119209,-5.96046e-05,0,0.0115654,34,8.4,1.0002,0.854301,1,-0.00270009,-0.5,0,0.00578165,-2.98023e-05,0,0.0111647,35,8.4,-0.967862,-0.600561,1,0.0308499,0.499928,0,-0.118375,0.00143051,0,0.0125391
0,8.5,0.991744,-2.68037,1,-0.0790236,-0.487283,0,-0.516947,0.147894,0,0.00951261,1,8.5,2.00542,-1.99997,1,-0.0259057,-6.63102e-05,0,0.0286102,-7.45058e-05,0,0.0115002,2,8.5,-0.997057,-2.93517,1,-0.0181179,-0.122989,0,0.0410974,0.981435,0,0.00993161,3,8.5,-0.272636,0.999601,1,-0.5,-0.00231434,0,2.68221e-06,0.00651926,0,0.0150564,4,8.5,-1.99999,-1.0129,1,1.47149e-05,0.0239961,0,-6.70552e-05,0.0460744,0,0.0088024,5,8.5,-0.0124008,-2.99509,1,-0.0962496,0.00089705,0,-0.502101,-0.0261664,0,0.00873916,6,8.5,-1.03933,-1.99946,1,0.315678,-0.00181813,0,0.0648499,0.00227243,0,0.0107196,7,8.5,2.67994,0.00132954,1,0.491229,-0.00126142,0,-0.108317,-0.00297822,0,0.00991502,8,8.5,0.999722,1.71802,1,0.00209659,-0.5,0,-0.00386685,7.45058e-06,0,0.0129385,9,8.5,-3,-0.707514,1,0,-0.479551,0,0,0.161309,0,0.00679227,10,8.5,-2.0016,0.661467,1,0.00326522,0.495772,0,-0.000312924,-0.0625923,0,0.0123681,11,8.5,-1.90707,-2.49823,1,-0.24932,0.5,0,0.385225,0,0,0.00933726,12,8.5,-0.00926669,2.66374,1,0.00401317,0.494045,0,0.0390574,-0.0784546,0,0.00749047,13,8.5,1.7466,2.01771,1,-0.48218,0.00234172,0,-0.210673,-0.120372,0,0.0144415,14,8.5,-0.408579,-1.01361,1,-0.491398,-0.0317756,0,-0.106106,0.0572354,0,0.0130268,15,8.5,0.0108203,-1.99688,1,0.0959375,-0.000387803,0,0.512832,-0.0223815,0,0.0120674,16,8.5,0.988997,-1.78696,1,0.0274577,-0.34071,0,-0.00106916,0.908852,0,0.0122439,17,8.5,-3.04517e-05,-0.0147756,1,-4.31118e-05,-0.0124548,0,0.000419972,0.18964,0,0.0140064,18,8.5,-2.00913,1.76448,1,0.00766292,0.461629,0,0.056237,-0.263944,0,0.00849543,19,8.5,-2.00043,2.99999,1,0.00019148,1.9744e-05,0,0.00289083,-7.45058e-05,0,0.00519457,20,8.5,3,-0.734678,1,0,-0.482778,0,0,-0.047043,0,0.00615452,21,8.5,1.77932,0.000600427,1,0.451774,-0.0171107,0,-0.296868,-0.234164,0,0.0103256,22,8.5,1.98596,1.00179,1,0.0234548,-0.0185362,0,0.0579059,-0.281464,0,0.0130634,23,8.5,-0.999963,2.99996,1,-7.26432e-06,-0.000235066,0,-0.000230968,-7.45058e-05,0,0.00617115,24,8.5,-2.99982,-2.7685,1,-0.000829995,-0.453394,0,0.00244379,0.296608,0,0.00595622,25,8.5,1.86532,3,1,0.37866,0,0,-0.458181,0,0,0.00495284,26,8.5,-1.39728,-0.000135174,1,-0.5,0.000281457,0,7.45058e-06,-0.000331753,0,0.0117684,27,8.5,-3,0.29654,1,0,-0.48132,0,0,0.152471,0,0.00627459,28,8.5,-0.376034,1.99684,1,0.497494,0.0020206,0,-0.0529065,0.00877678,0,0.0105276,29,8.5,0.719987,2.995,1,0.474117,0.0071235,0,-0.188492,0.00450015,0,0.00668821,30,8.5,1.24615,-0.987932,1,-0.5,-0.0297199,0,7.45058e-06,0.00898913,0,0.0134465,31,8.5,2.22044,-1.00051,1,-0.435258,0.00254847,0,0.546187,-0.00505149,0,0.0103936,32,8.5,-2.99999,-1.73105,1,-4.09782e-06,-0.469282,0,-7.45058e-05,0.212617,0,0.00983647,33,8.5,-1.00108,1.49696,1,0.00197086,0.5,0,-0.000797212,-7.45058e-06,0,0.0115654,34,8.5,0.999958,0.804301,1,-0.00213347,-0.5,0,0.00552833,0,0,0.0111647,35,8.5,-0.965386,-0.550564,1,0.0185501,0.499995,0,-0.126004,0.000186265,0,0.0125391
0,8.6,0.981064,-2.7282,1,-0.136045,-0.467867,0,-0.605553,0.239015,0,0.00864593,1,8.6,2.00299,-1.99998,1,-0.022471,-6.85453e-05,0,0.0389814,-5.96046e-05,0,0.014718,2,8.6,-0.998666,-2.94253,1,-0.0141203,-0.0240743,0,0.0385046,0.986099,0,0.0107465,3,8.6,-0.322636,0.999402,1,-0.5,-0.00166744,0,-1.43051e-05,0.0064373,0,0.0142744,4,8.6,-1.99999,-1.01032,1,8.9407e-06,0.0269055,0,-0.000119209,0.0135303,0,0.0093221,5,8.6,-0.0246017,-2.99513,1,-0.148028,-0.00150204,0,-0.518053,-0.0218153,0,0.00953015,6,8.6,-1.00725,-1.99963,1,0.327466,-0.00157058,0,0.156611,0.002563,0,0.0118989,7,8.6,2.72837,0.00119021,1,0.476038,-0.00150819,0,-0.197411,-0.00195706,0,0.00800581,8,8.6,0.999912,1.66802,1,0.00170171,-0.500003,0,-0.00399351,5.96046e-05,0,0.0133911,9,8.6,-3,-0.754536,1,0,-0.459586,0,0,0.238866,0,0.00749148,10,8.6,-2.00127,0.710614,1,0.00315309,0.48589,0,-0.00178814,-0.138551,0,0.0113926,11,8.6,-1.93009,-2.44823,1,-0.21143,0.5,0,0.371277,0,0,0.00902772,12,8.6,-0.0086869,2.71263,1,0.00741431,0.482291,0,0.0289595,-0.15986,0,0.00620298,13,8.6,1.69757,2.01741,1,-0.496241,-0.00795126,0,-0.0751615,-0.0863075,0,0.0137162,14,8.6,-0.45812,-1.01646,1,-0.498235,-0.0248611,0,-0.0352859,0.079155,0,0.0117767,15,8.6,0.0230373,-1.99702,1,0.1486,-0.00231862,0,0.525142,-0.0163913,0,0.0120652,16,8.6,0.991717,-1.81625,1,0.0267386,-0.243658,0,-0.012666,0.999987,0,0.0141464,17,8.6,-3.28348e-05,-0.0151641,1,-6.24914e-06,0.00379384,0,0.000318083,0.136231,0,0.0137151,18,8.6,-2.00812,1.80916,1,0.0120759,0.430489,0,0.0329018,-0.35578,0,0.00832157,19,8.6,-2.0004,3,1,0.000429153,1.19209e-05,0,0.00202656,0,0,0.00596885,20,8.6,3,-0.783308,1,0,-0.490497,0,0,-0.0881851,0,0.00855444,21,8.6,1.82286,-0.00252968,1,0.417614,-0.0475287,0,-0.382781,-0.356785,0,0.0118699,22,8.6,1.98853,0.998271,1,0.0273854,-0.0537232,0,0.0219941,-0.40096,0,0.0131318,23,8.6,-0.999965,2.99994,1,-2.68221e-05,-0.000220537,0,-0.000208616,0.000238419,0,0.00593431,24,8.6,-2.99989,-2.81219,1,-0.000596046,-0.418961,0,0.00202656,0.388622,0,0.00720931,25,8.6,1.90082,3,1,0.330648,0,0,-0.498414,0,0,0.00483056,26,8.6,-1.44728,-0.00010869,1,-0.500003,0.000248244,0,5.96046e-05,-0.000331307,0,0.0111711,27,8.6,-3,0.249297,1,0,-0.462231,0,0,0.23041,0,0.00660691,28,8.6,-0.326655,1.99708,1,0.488956,0.0027746,0,-0.119656,0.00631809,0,0.0120278,29,8.6,0.76633,2.99573,1,0.451458,0.00737309,0,-0.264943,0.000596046,0,0.00651592,30,8.6,1.19615,-0.990837,1,-0.500003,-0.0281811,0,5.96046e-05,0.0211596,0,0.0118078,31,8.6,2.18004,-1.00028,1,-0.369173,0.00204444,0,0.753284,-0.00494719,0,0.00962481,32,8.6,-2.99999,-1.77679,1,-5.96046e-06,-0.444233,0,-0.000119209,0.288069,0,0.0107439,33,8.6,-1.00088,1.54696,1,0.00186265,0.500003,0,-0.0012517,-5.96046e-05,0,0.0102553,34,8.6,0.999772,0.754301,1,-0.00159889,-0.5,0,0.0051856,-2.98023e-05,0,0.0121095,35,8.6,-0.964162,-0.500564,1,0.00594556,0.5,0,-0.124663,-1.43051e-05,0,0.0108785
0,8.7,0.964225,-2.77362,1,-0.202303,-0.438956,0,-0.700694,0.334829,0,0.00864593,1,8.7,2.00094,-2.00161,1,-0.0185218,-0.0456119,0,0.0397265,-0.792257,0,0.014718,2,8.7,-0.999893,-2.94003,1,-0.0104891,0.0733484,0,0.0337884,0.946656,0,0.0107465,3,8.7,-0.372636,0.999266,1,-0.5,-0.00105686,0,1.78814e-06,0.0057593,0,0.0142744,4,8.7,-1.99999,-1.00761,1,-1.11759e-06,0.0269737,0,-7.45058e-05,-0.010848,0,0.0093221,5,8.7,-0.0420303,-2.99538,1,-0.200553,-0.00339374,0,-0.518866,-0.0160635,0,0.00953015,6,8.7,-0.973468,-1.99977,1,0.350236,-0.00130832,0,0.281777,0.00265241,0,0.0118989,7,8.7,2.77476,0.00213323,1,0.449399,0.0301294,0,-0.328958,0.584519,0,0.00800581,8,8.7,1.00006,1.61802,1,0.00131167,-0.5,0,-0.0037998,7.45058e-06,0,0.0133911,9,8.7,-3,-0.799487,1,0,-0.441041,0,0,0.142522,0,0.00749148,10,8.7,-2.00196,0.75826,1,-0.0256136,0.464694,0,-0.531673,-0.278872,0,0.0113926,11,8.7,-1.94941,-2.39826,1,-0.175389,0.498892,0,0.34859,-0.0269115,0,0.00902772,12,8.7,-0.00781912,2.75986,1,0.00976243,0.460352,0,0.0182336,-0.275806,0,0.00620298,13,8.7,1.64771,2.01623,1,-0.499765,-0.0150446,0,-0.00939518,-0.0564605,0,0.0137162,14,8.7,-0.508051,-1.01853,1,-0.49989,-0.0163905,0,-0.00441819,0.0886768,0,0.0117767,15,8.7,0.0405863,-1.99732,1,0.202631,-0.00363532,0,0.540528,-0.0103191,0,0.0120652,16,8.7,0.994346,-1.83562,1,0.0260244,-0.143658,0,-0.00240281,1,0,0.0141464,17,8.7,-3.2034e-05,-0.0141861,1,2.06675e-05,0.0149752,0,0.000222182,0.0886809,0,0.0137151,18,8.7,-2.00678,1.85031,1,0.0144042,0.391392,0,0.0143349,-0.423223,0,0.00832157,19,8.7,-2.00035,3,1,0.000585988,1.15484e-05,0,0.00111759,-1.49012e-05,0,0.00596885,20,8.7,3,-0.832765,1,0,-0.497959,0,0,-0.0492223,0,0.00855444,21,8.7,1.86258,-0.00935067,1,0.375585,-0.0912083,0,-0.452779,-0.496234,0,0.0118699,22,8.7,1.99133,0.990459,1,0.028133,-0.106142,0,-0.00560284,-0.618849,0,0.0131318,23,8.7,-0.999968,2.99991,1,-4.3679e-05,-0.000181794,0,-0.000130385,0.000506639,0,0.00593431,24,8.7,-2.99872,-2.85198,1,0.0346977,-0.375463,0,0.642404,0.474364,0,0.00720931,25,8.7,1.93135,3,1,0.279741,0,0,-0.515424,0,0,0.00483056,26,8.7,-1.49728,-8.55095e-05,1,-0.5,0.000215506,0,7.45058e-06,-0.000322548,0,0.0111711,27,8.7,-3,0.204043,1,0,-0.44442,0,0,0.136286,0,0.00660691,28,8.7,-0.278564,1.99646,1,0.470934,-0.0236889,0,-0.236158,-0.49793,0,0.0120278,29,8.7,0.809995,2.99646,1,0.420384,0.00724159,0,-0.3528,-0.00308454,0,0.00651592,30,8.7,1.14615,-0.993535,1,-0.5,-0.0256541,0,7.45058e-06,0.0289194,0,0.0118078,31,8.7,2.14737,-1.0001,1,-0.280738,0.00158129,0,0.969157,-0.00402704,0,0.00962481,32,8.7,-2.99999,-1.82008,1,-1.41561e-05,-0.424258,0,-2.98023e-05,0.129215,0,0.0107439,33,8.7,-1.00071,1.59694,1,0.00171456,0.499192,0,-0.00167638,-0.0213459,0,0.0102553,34,8.7,0.999637,0.704301,1,-0.0011066,-0.5,0,0.00464916,0,0,0.0121095,35,8.7,-0.964177,-0.450564,1,-0.00607446,0.5,0,-0.114709,0,0,0.0108785
0,8.8,0.940466,-2.81572,1,-0.272752,-0.401735,0,-0.692904,0.405431,0,0.00991369,1,8.8,1.99929,-2.01067,1,-0.0145763,-0.139034,0,0.039041,-1.00017,0,0.013237,2,8.8,-1.00078,-2.92814,1,-0.0074178,0.162512,0,0.0273585,0.824928,0,0.0107168,3,8.8,-0.422636,0.999188,1,-0.5,-0.00051856,0,1.43051e-05,0.00503659,0,0.014824,4,8.8,-1.99999,-1.005,1,-8.9407e-06,0.0249833,0,-5.96046e-05,-0.027895,0,0.00976946,5,8.8,-0.0645881,-2.99579,1,-0.249419,-0.00472665,0,-0.448227,-0.0106096,0,0.0134897,6,8.8,-0.936946,-1.99989,1,0.380729,-0.00104308,0,0.314236,0.002563,0,0.0121982,7,8.8,2.81788,0.00869124,1,0.411475,0.106187,0,-0.42367,0.894749,0,0.00677354,8,8.8,1.00017,1.56802,1,0.000947714,-0.500003,0,-0.00351667,5.96046e-05,0,0.0132053,9,8.8,-3,-0.842965,1,0,-0.429179,0,0,0.103235,0,0.00706004,10,8.8,-2.00776,0.803148,1,-0.0954926,0.431353,0,-0.831008,-0.382096,0,0.0110926,11,8.8,-1.96525,-2.34859,1,-0.141883,0.493789,0,0.320911,-0.0786781,0,0.0123049,12,8.8,-0.00676784,2.80434,1,0.0111077,0.427777,0,0.00890903,-0.372171,0,0.00867462,13,8.8,1.59772,2.01449,1,-0.500003,-0.0194192,0,5.96046e-05,-0.0319481,0,0.0122597,14,8.8,-0.558049,-1.01972,1,-0.5,-0.00741184,0,-2.98023e-05,0.0895858,0,0.0107712,15,8.8,0.0634749,-1.99773,1,0.254077,-0.00444949,0,0.477049,-0.0063777,0,0.0118328,16,8.8,0.996948,-1.84499,1,0.0261068,-0.0436574,0,0.00336766,0.999987,0,0.015908,17,8.8,-2.90013e-05,-0.0123148,1,3.85882e-05,0.0217857,0,0.000138311,0.0488009,0,0.0148387,18,8.8,-2.0053,1.88725,1,0.01508,0.346449,0,-0.000119209,-0.472307,0,0.0103353,19,8.8,-2.00029,3,1,0.000655651,1.19209e-05,0,0.000476837,-0.000119209,0,0.0050921,20,8.8,3,-0.882706,1,0,-0.500001,0,0,2.98023e-05,0,0.00646876,21,8.8,1.89779,-0.0210417,1,0.328013,-0.143084,0,-0.494242,-0.524929,0,0.0140945,22,8.8,1.99408,0.976587,1,0.026536,-0.172353,0,-0.0251532,-0.682503,0,0.013955,23,8.8,-0.999973,2.9999,1,-5.36442e-05,-0.00012517,0,-2.98023e-05,0.000715256,0,0.00603729,24,8.8,-2.9914,-2.88707,1,0.1167,-0.325394,0,0.947237,0.520825,0,0.00616663,25,8.8,1.95675,3,1,0.228357,0,0,-0.508547,0,0,0.0052393,26,8.8,-1.54728,-6.55506e-05,1,-0.500003,0.000183903,0,5.96046e-05,-0.000308728,0,0.0103116,27,8.8,-3,0.160199,1,0,-0.433072,0,0,0.0991976,0,0.00689498,28,8.8,-0.232812,1.99103,1,0.442615,-0.08986,0,-0.325941,-0.793636,0,0.0165846,29,8.8,0.850151,2.99717,1,0.381634,0.00678897,0,-0.418574,-0.00584126,0,0.00665213,30,8.8,1.09615,-0.995946,1,-0.500003,-0.0224859,0,5.96046e-05,0.0340641,0,0.0129137,31,8.8,2.12423,-0.999955,1,-0.181514,0.00128746,0,1.00017,-0.00163913,0,0.010924,32,8.8,-3,-1.86201,1,-1.78814e-05,-0.415209,0,0,0.0656843,0,0.0109412,33,8.8,-1.00054,1.64668,1,0.00153184,0.494829,0,-0.00202656,-0.0699162,0,0.0097005,34,8.8,0.999549,0.654301,1,-0.000670552,-0.5,0,0.00405312,-2.98023e-05,0,0.0109954,35,8.8,-0.965334,-0.400564,1,-0.016816,0.5,0,-0.0993013,-1.43051e-05,0,0.0113912
0,8.9,0.909753,-2.85376,1,-0.340928,-0.358293,0,-0.658236,0.458658,0,0.00991369,1,8.9,1.99802,-2.02957,1,-0.0108328,-0.238974,0,0.0357479,-0.997275,0,0.013237,2,8.9,-1.0014,-2.90787,1,-0.00497401,0.241513,0,0.0212938,0.742599,0,0.0107168,3,8.9,-0.472636,0.99916,1,-0.5,-5.66244e-05,0,-1.78814e-06,0.00419468,0,0.014824,4,8.9,-1.99999,-1.00266,1,-1.37836e-05,0.0216413,0,-2.98023e-05,-0.0379831,0,0.00976946,5,8.9,-0.0916771,-2.9963,1,-0.291211,-0.00551008,0,-0.379494,-0.00523031,0,0.0134897,6,8.9,-0.897215,-1.99998,1,0.414427,-0.000795722,0,0.346668,0.00238419,0,0.0121982,7,8.9,2.85679,0.0239876,1,0.365648,0.201254,0,-0.48697,0.986844,0,0.00677354,8,8.9,1.00025,1.51802,1,0.000615418,-0.5,0,-0.00311434,7.45058e-06,0,0.0132053,9,8.9,-3,-0.885675,1,0,-0.427672,0,0,-0.0560209,0,0.00706004,10,8.9,-2.02179,0.844268,1,-0.187572,0.390093,0,-0.978872,-0.439059,0,0.0110926,11,8.9,-1.97789,-2.29971,1,-0.111409,0.482704,0,0.288084,-0.145555,0,0.0123049,12,8.9,-0.00562589,2.84512,1,0.0116032,0.386589,0,0.00122431,-0.447854,0,0.00867462,13,8.9,1.54772,2.01242,1,-0.5,-0.0216078,0,7.45058e-06,-0.0125617,0,0.0122597,14,8.9,-0.608003,-1.02004,1,-0.498501,0.00103135,0,0.0342205,0.0788495,0,0.0107712,15,8.9,0.0912525,-1.9982,1,0.301007,-0.00483003,0,0.449295,-0.00169128,0,0.0118328,16,8.9,0.999649,-1.84437,1,0.0285463,0.0556385,0,0.0416264,0.978015,0,0.015908,17,8.9,-2.45751e-05,-0.00994899,1,4.87569e-05,0.0249966,0,6.75939e-05,0.0167787,0,0.0148387,18,8.9,-2.00381,1.91947,1,0.014504,0.297591,0,-0.0107884,-0.50053,0,0.0103353,19,8.9,-2.00022,3,1,0.000670925,2.23517e-06,0,-0.00013411,-5.96046e-05,0,0.0050921,20,8.9,3,-0.932706,1,0,-0.5,0,0,-3.72529e-06,0,0.00646876,21,8.9,1.92809,-0.0380531,1,0.277634,-0.197529,0,-0.509322,-0.548375,0,0.0140945,22,8.9,1.99659,0.95588,1,0.0234541,-0.241998,0,-0.0356585,-0.696085,0,0.013955,23,8.9,-0.999979,2.99989,1,-5.44824e-05,-5.43892e-05,0,1.11759e-05,0.000685453,0,0.00603729,24,8.9,-2.97489,-2.91697,1,0.214227,-0.2725,0,0.993401,0.531986,0,0.00616663,25,8.9,1.97708,3,1,0.178785,0,0,-0.479922,0,0,0.0052393,26,8.9,-1.59725,-4.86746e-05,1,-0.499173,0.000153927,0,0.021711,-0.000290104,0,0.0103116,27,8.9,-3,0.11708,1,0,-0.431957,0,0,-0.0597226,0,0.00689498,28,8.9,-0.190303,1.97767,1,0.406443,-0.180187,0,-0.393336,-0.974208,0,0.0165846,29,8.9,0.886146,2.99781,1,0.337618,0.00610054,0,-0.458598,-0.00780821,0,0.00665213,30,8.9,1.04615,-0.998022,1,-0.5,-0.018998,0,3.72529e-06,0.0354461,0,0.0129137,31,8.9,2.11108,-0.999784,1,-0.0815056,0.00259019,0,1.00002,0.0257641,0,0.010924,32,8.9,-3,-1.90351,1,-1.60187e-05,-0.417488,0,4.47035e-05,-0.093773,0,0.0109412,33,8.9,-1.0004,1.69571,1,0.00132285,0.484694,0,-0.00213087,-0.135615,0,0.0097005,34,8.9,0.999501,0.604301,1,-0.000301935,-0.5,0,0.00333041,0,0,0.0109954,35,8.9,-0.967471,-0.3507,1,-0.0255141,0.4959,0,-0.0748113,-0.0825188,0,0.0113912
0,9,0.872512,-2.88724,1,-0.402218,-0.310898,0,-0.558168,0.485063,0,0.0095378,1,9,1.99711,-2.05843,1,-0.00743866,-0.337952,0,0.0320077,-0.978112,0,0.0122121,2,9,-1.0018,-2.88022,1,-0.00319481,0.308883,0,0.0140667,0.595927,0,0.0113808,3,9,-0.522636,0.999174,1,-0.5,0.000320375,0,-2.98023e-05,0.00333786,0,0.0136097,4,9,-1.99999,-1.00069,1,-1.49012e-05,0.017561,0,-5.96046e-05,-0.0427961,0,0.0103483,5,9,-0.122527,-2.99687,1,-0.323941,-0.00580549,0,-0.269446,-0.000834465,0,0.0117515,6,9,-0.854076,-2.00005,1,0.447722,-0.000572205,0,0.308871,0.00226498,0,0.0120033,7,9,2.89085,0.0490867,1,0.315171,0.300925,0,-0.517368,1,0,0.00651166,8,9,1.0003,1.46802,1,0.000324845,-0.500003,0,-0.00268221,5.96046e-05,0,0.0116523,9,9,-3,-0.928868,1,0,-0.437272,0,0,-0.121921,0,0.00681656,10,9,-2.04551,0.881016,1,-0.287038,0.344308,0,-1.00017,-0.473022,0,0.00795013,11,9,-1.98765,-2.25229,1,-0.0843436,0.464296,0,0.252962,-0.223756,0,0.0116065,12,9,-0.00447056,2.88145,1,0.0113981,0.338972,0,-0.00509422,-0.50056,0,0.00793603,13,9,1.49772,2.01022,1,-0.500003,-0.0220716,0,5.96046e-05,0.0026226,0,0.0128373,14,9,-0.657596,-1.01956,1,-0.49243,0.00828803,0,0.0902414,0.0659227,0,0.0117264,15,9,0.12347,-1.99868,1,0.341808,-0.00487268,0,0.357699,0.000476837,0,0.0107476,16,9,1.00275,-1.83402,1,0.0337303,0.150007,0,0.0588298,0.897825,0,0.0179075,17,9,-1.94607e-05,-0.00740893,1,5.25977e-05,0.0254008,0,1.1597e-05,-0.00746105,0,0.0142224,18,9,-2.00243,1.94671,1,0.0130415,0.247151,0,-0.0178814,-0.504553,0,0.00977808,19,9,-2.00015,3,1,0.000631809,-5.96046e-06,0,-0.000476837,0,0,0.00506635,20,9,3,-0.982706,1,0,-0.500001,0,0,2.98023e-05,0,0.00551365,21,9,1.95331,-0.0604796,1,0.226891,-0.250011,0,-0.502229,-0.489395,0,0.0142744,22,9,1.99874,0.928277,1,0.0195563,-0.308999,0,-0.0416636,-0.632584,0,0.0142859,23,9,-0.999984,2.99989,1,-5.21541e-05,1.19209e-05,0,5.96046e-05,0.000476837,0,0.00682191,24,9,-2.94848,-2.94158,1,0.314057,-0.219911,0,1.00017,0.51558,0,0.0076571,25,9,1.99263,3,1,0.132895,0,0,-0.43571,0,0,0.00677194,26,9,-1.64699,-3.46965e-05,1,-0.494757,0.000126006,0,0.0703931,-0.000267753,0,0.0137809,27,9,-3,0.0734416,1,0,-0.441889,0,0,-0.124799,0,0.0091103,28,9,-0.151707,1.9547,1,0.364738,-0.279543,0,-0.437025,-0.999987,0,0.0165999,29,9,0.917572,2.99838,1,0.290535,0.00525713,0,-0.479966,-0.0089407,0,0.00578254,30,9,0.996149,-0.999744,1,-0.5,-0.0154436,0,-2.98023e-05,0.0355244,0,0.0145771,31,9,2.10793,-0.999364,1,0.0184894,0.0060752,0,1.00017,0.0422895,0,0.010752,32,9,-3,-1.94587,1,-1.19209e-05,-0.430778,0,0,-0.157654,0,0.00742255,33,9,-1.00028,1.74338,1,0.00110865,0.467277,0,-0.00214577,-0.214219,0,0.00967132,34,9,0.999486,0.554301,1,-4.47035e-06,-0.5,0,0.00265241,-2.98023e-05,0,0.0113722,35,9,-0.970357,-0.301663,1,-0.031817,0.483452,0,-0.0514388,-0.166357,0,0.0103833
0,9.1,0.82978,-2.91589,1,-0.44959,-0.261953,0,-0.389181,0.489891,0,0.0095378,1,9.1,1.99652,-2.09669,1,-0.00448171,-0.422319,0,0.0271574,-0.692323,0,0.0122121,2,9.1,-1.00205,-2.84656,1,-0.00191499,0.362323,0,0.0112727,0.469103,0,0.0113808,3,9.1,-0.572634,0.999221,1,-0.49991,0.000606012,0,0.00362843,0.00238791,0,0.0136097,4,9.1,-2,-0.999154,1,-1.86265e-05,0.0132432,0,-2.98023e-05,-0.0429973,0,0.0103483,5,9.1,-0.156165,-2.99745,1,-0.347643,-0.00569634,0,-0.198675,0.00281632,0,0.0117515,6,9.1,-0.8079,-2.00009,1,0.474302,-0.000363961,0,0.219684,0.00189245,0,0.0120033,7,9.1,2.91977,0.0839327,1,0.263072,0.392745,0,-0.520229,0.806925,0,0.00651166,8,9.1,1.00032,1.41802,1,8.41916e-05,-0.499793,0,-0.00213087,0.0071153,0,0.0116523,9,9.1,-3,-0.973364,1,0,-0.453838,0,0,-0.193089,0,0.00681656,10,9.1,-2.07905,0.913063,1,-0.381129,0.296499,0,-0.847161,-0.480514,0,0.00795013,11,9.1,-1.99488,-2.20715,1,-0.0609493,0.436895,0,0.215061,-0.320792,0,0.0116065,12,9.1,-0.00336499,2.91277,1,0.0106325,0.287036,0,-0.00994178,-0.532478,0,0.00793603,13,9.1,1.44772,2.00805,1,-0.499998,-0.0212245,0,7.45058e-05,0.0137389,0,0.0128373,14,9.1,-0.706279,-1.01842,1,-0.480095,0.0141734,0,0.158619,0.0515953,0,0.0117264,15,9.1,0.159364,-1.99916,1,0.375153,-0.00466518,0,0.303097,0.00324845,0,0.0107476,16,9.1,1.00656,-1.81478,1,0.0436859,0.232373,0,0.130467,0.752389,0,0.0179075,17,9.1,-1.4218e-05,-0.00493698,1,5.15655e-05,0.0237582,0,-2.99176e-05,-0.0242718,0,0.0142224,18,9.1,-2.00122,1.96893,1,0.0110347,0.19747,0,-0.0218004,-0.485741,0,0.00977808,19,9.1,-2.00009,3,1,0.000566989,-5.58794e-06,0,-0.000804663,1.49012e-05,0,0.00506635,20,9.1,3,-1.03271,1,0,-0.5,0,0,3.72529e-06,0,0.00551365,21,9.1,1.9735,-0.0879231,1,0.177258,-0.298481,0,-0.486955,-0.466995,0,0.0142744,22,9.1,2.00049,0.894266,1,0.0153422,-0.370424,0,-0.042215,-0.585124,0,0.0142859,23,9.1,-0.999989,2.99989,1,-4.56348e-05,5.58794e-05,0,7.45058e-05,0.00038743,0,0.00682191,24,9.1,-2.9124,-2.96105,1,0.403749,-0.170102,0,0.768885,0.477299,0,0.0076571,25,9.1,2.00383,3,1,0.09211,0,0,-0.378817,0,0,0.00677194,26,9.1,-1.69629,-2.31565e-05,1,-0.492572,0.00011186,0,-0.0142902,0.000151706,0,0.0137809,27,9.1,-3,0.0284937,1,0,-0.458038,0,0,-0.183413,0,0.0091103,28,9.1,-0.11745,1.92189,1,0.320144,-0.374455,0,-0.452241,-0.862278,0,0.0165999,29,9.1,0.944214,2.99886,1,0.242271,0.00433028,0,-0.48181,-0.00947714,0,0.00578254,30,9.1,0.946149,-1.00111,1,-0.5,-0.0119746,0,0,0.0337362,0,0.0145771,31,9.1,2.11478,-0.998523,1,0.118498,0.0109271,0,1.00002,0.0532083,0,0.010752,32,9.1,-3,-1.9898,1,-7.82311e-06,-0.448444,0,4.47035e-05,-0.187285,0,0.00742255,33,9.1,-1.00018,1.78886,1,0.000897981,0.440727,0,-0.00206381,-0.313342,0,0.00967132,34,9.1,0.999498,0.504301,1,0.000228547,-0.5,0,0.00201911,5.66244e-06,0,0.0113722,35,9.1,-0.973759,-0.254281,1,-0.0358716,0.462887,0,-0.0299066,-0.244587,0,0.0103833
0,9.2,0.783151,-2.93966,1,-0.480303,-0.213635,0,-0.22769,0.473261,0,0.00785933,1,9.2,1.9962,-2.14183,1,-0.00199676,-0.4749,0,0.022471,-0.360966,0,0.0122429,2,9.2,-1.00219,-2.80821,1,-0.000983477,0.402093,0,0.00715256,0.324011,0,0.0112629,3,9.2,-0.622578,0.999292,1,-0.49855,0.000800192,0,0.0290275,0.00157952,0,0.010946,4,9.2,-2,-0.998041,1,-1.78814e-05,0.00905991,0,-5.96046e-05,-0.0402629,0,0.0111501,5,9.2,-0.191765,-2.998,1,-0.362692,-0.00527501,0,-0.0983852,0.00536442,0,0.0108153,6,9.2,-0.759536,-2.00012,1,0.491334,-0.000190735,0,0.120729,0.00143051,0,0.0121493,7,9.2,2.9435,0.12675,1,0.211924,0.458399,0,-0.499129,0.496529,0,0.00583721,8,9.2,1.00032,1.36812,1,-0.000101328,-0.497618,0,-0.00166893,0.0431538,0,0.0120502,9,9.2,-3,-1.01972,1,0,-0.473177,0,0,-0.182807,0,0.00671554,10,9.2,-2.12093,0.940317,1,-0.451612,0.248697,0,-0.548124,-0.473201,0,0.00978837,11,9.2,-1.99996,-2.1652,1,-0.0412971,0.400835,0,0.178277,-0.396848,0,0.0113627,12,9.2,-0.00235753,2.9388,1,0.00946223,0.233531,0,-0.0132155,-0.532627,0,0.00677066,13,9.2,1.39772,2.00601,1,-0.499973,-0.0194311,0,0.000596046,0.0214577,0,0.0123679,14,9.2,-0.753369,-1.01677,1,-0.460395,0.0185817,0,0.236303,0.0365973,0,0.00967577,15,9.2,0.198262,-1.99961,1,0.401363,-0.00429451,0,0.216589,0.00375509,0,0.0114176,16,9.2,1.01163,-1.788,1,0.058046,0.301012,0,0.148714,0.62263,0,0.0142514,17,9.2,-9.26355e-06,-0.00270257,1,4.70496e-05,0.0207539,0,-5.83714e-05,-0.0348579,0,0.012956,18,9.2,-2.00023,1.9863,1,0.00876486,0.150591,0,-0.023365,-0.449359,0,0.00910341,19,9.2,-2.00004,3,1,0.000476837,-5.96046e-06,0,-0.000953674,0,0,0.005476,20,9.2,3,-1.08271,1,0,-0.500003,0,0,5.96046e-05,0,0.00660671,21,9.2,1.98884,-0.11998,1,0.130132,-0.34116,0,-0.452876,-0.377085,0,0.013005,22,9.2,2.00181,0.854452,1,0.0111818,-0.42412,0,-0.0405312,-0.480503,0,0.013043,23,9.2,-0.999993,2.9999,1,-3.8743e-05,8.9407e-05,0,8.9407e-05,0.000357628,0,0.00645125,24,9.2,-2.8687,-2.97576,1,0.464821,-0.125015,0,0.447273,0.422239,0,0.00688759,25,9.2,2.01125,3,1,0.0573039,0,0,-0.316739,0,0,0.00554392,26,9.2,-1.74568,-9.37646e-06,1,-0.495559,0.000185263,0,-0.0371933,0.00143861,0,0.0131392,27,9.2,-3,-0.0182272,1,0,-0.476125,0,0,-0.168649,0,0.00873013,28,9.2,-0.0877037,1.88058,1,0.274781,-0.446856,0,-0.452731,-0.570178,0,0.014525,29,9.2,0.966054,2.99925,1,0.194815,0.00338554,0,-0.46438,-0.00929832,0,0.00571111,30,9.2,0.896149,-1.00215,1,-0.5,-0.00872016,0,-2.98023e-05,0.0311732,0,0.0150483,31,9.2,2.13163,-0.997157,1,0.218493,0.01643,0,1.00017,0.0555217,0,0.0106368,32,9.2,-3,-2.03558,1,0,-0.466812,0,0,-0.174046,0,0.00664465,33,9.2,-1.0001,1.83122,1,0.000700355,0.405294,0,-0.00190735,-0.391781,0,0.0103712,34,9.2,0.99953,0.454301,1,0.000400841,-0.5,0,0.00143051,1.43051e-05,0,0.0112911,35,9.2,-0.977462,-0.209341,1,-0.0378564,0.434671,0,-0.010103,-0.318714,0,0.00933143
0,9.3,0.734226,-2.9587,1,-0.495898,-0.167897,0,-0.0908077,0.439003,0,0.00785933,1,9.3,1.9961,-2.19062,1,3.72529e-06,-0.496668,0,0.0176281,-0.0980049,0,0.0122429,2,9.3,-1.00226,-2.76641,1,-0.000281073,0.433559,0,0.00656396,0.296831,0,0.0112629,3,9.3,-0.672415,0.999379,1,-0.498949,0.000915863,0,-0.0181384,0.000759959,0,0.010946,4,9.3,-1.99949,-0.997328,1,0.014447,0.0052792,0,0.262737,-0.0351332,0,0.0111501,5,9.3,-0.228519,-2.9985,1,-0.372109,-0.00464357,0,-0.0818288,0.00707805,0,0.0108153,6,9.3,-0.709959,-2.00013,1,0.498763,-6.37025e-05,0,0.0348128,0.00111759,0,0.0121493,7,9.3,2.96226,0.174525,1,0.163888,0.491926,0,-0.458851,0.187873,0,0.00583721,8,9.3,1.0003,1.31867,1,-0.000243634,-0.490438,0,-0.00119209,0.104263,0,0.0120502,9,9.3,-3,-1.06787,1,0,-0.488823,0,0,-0.124075,0,0.00671554,10,9.3,-2.16826,0.962868,1,-0.489321,0.202827,0,-0.219464,-0.443183,0,0.00978837,11,9.3,-2.00327,-2.12675,1,-0.0253199,0.371115,0,0.141852,-0.214294,0,0.0113627,12,9.3,-0.000963008,2.95952,1,0.0228802,0.181314,0,0.254494,-0.507012,0,0.00677066,13,9.3,1.34772,2.00418,1,-0.499984,-0.0171129,0,-0.000350177,0.0246614,0,0.0123679,14,9.3,-0.798061,-1.01431,1,-0.431875,0.0345014,0,0.33053,0.260711,0,0.00967577,15,9.3,0.239617,-2.00008,1,0.426739,-0.00561085,0,0.276751,-0.027217,0,0.0114176,16,9.3,1.01806,-1.75467,1,0.0691876,0.365971,0,0.0740737,0.646867,0,0.0142514,17,9.3,-4.882e-06,-0.000811604,1,4.03092e-05,0.016983,0,-7.47399e-05,-0.0398141,0,0.012956,18,9.3,-1.99947,1.99919,1,0.00645053,0.108138,0,-0.0226721,-0.398144,0,0.00910341,19,9.3,-2,3,1,0.000377372,-5.58794e-06,0,-0.00102818,1.49012e-05,0,0.005476,20,9.3,3,-1.13271,1,0,-0.5,0,0,7.45058e-06,0,0.00660671,21,9.3,1.99961,-0.155921,1,0.0855083,-0.376892,0,-0.434779,-0.332131,0,0.013005,22,9.3,2.00274,0.809917,1,0.00735,-0.463796,0,-0.0359714,-0.314243,0,0.013043,23,9.3,-0.999996,2.99991,1,-2.98955e-05,0.000118092,0,8.56817e-05,0.000223517,0,0.00645125,24,9.3,-2.82051,-2.98625,1,0.493897,-0.0860874,0,0.152022,0.35505,0,0.00688759,25,9.3,2.01551,3,1,0.028887,0,0,-0.251934,0,0,0.00554392,26,9.3,-1.7954,1.62638e-05,1,-0.49864,0.000331164,0,-0.0221282,0.00165143,0,0.0131392,27,9.3,-3,-0.0665911,1,0,-0.490149,0,0,-0.108872,0,0.00873013,28,9.3,-0.0624585,1.83362,1,0.230461,-0.48679,0,-0.432428,-0.240788,0,0.014525,29,9.3,0.983265,2.99902,1,0.149999,-0.0124525,0,-0.429668,-0.279889,0,0.00571111,30,9.3,0.846149,-1.00287,1,-0.5,-0.00580046,0,0,0.027217,0,0.0150483,31,9.3,2.15842,-0.995308,1,0.316004,0.0198888,0,0.926137,0.0154451,0,0.0106368,32,9.3,-3,-2.08315,1,0,-0.484451,0,0,-0.159472,0,0.00664465,33,9.3,-1.00004,1.8697,1,0.000519678,0.363311,0,-0.00169873,-0.444792,0,0.0103712,34,9.3,0.999576,0.404321,1,0.000515021,-0.499273,0,0.000871718,0.019839,0,0.0112911,35,9.3,-0.981265,-0.167142,1,-0.037887,0.412109,0,0.00879541,-0.150318,0,0.00933143
0,9.4,0.684356,-2.97337,1,-0.5,-0.126266,0,-2.98023e-05,0.391722,0,0.0111663,1,9.4,1.99618,-2.24054,1,0.00154674,-0.5,0,0.0133514,0,0,0.0116625,2,9.4,-1.00226,-2.72167,1,0.000274181,0.459969,0,0.00417233,0.224829,0,0.0106102,3,9.4,-0.722378,0.999473,1,-0.5,0.000956655,0,-2.98023e-05,0.000149012,0,0.0140876,4,9.4,-1.99648,-0.996966,1,0.047785,0.00206679,0,0.383198,-0.0289977,0,0.0130694,5,9.4,-0.266057,-2.99893,1,-0.377658,-0.00388622,0,-0.0233054,0.00798702,0,0.0075765,6,9.4,-0.659992,-2.00013,1,0.5,3.57628e-05,0,2.98023e-05,0.000715256,0,0.0114302,7,9.4,2.97644,0.224279,1,0.120622,0.5,0,-0.404477,-7.15256e-06,0,0.00617588,8,9.4,1.00027,1.27027,1,-0.000339746,-0.476161,0,-0.00077486,0.183523,0,0.012599,9,9.4,-3,-1.11725,1,0,-0.497487,0,0,-0.0502467,0,0.00685846,10,9.4,-2.21787,0.980992,1,-0.499487,0.160246,0,-0.010252,-0.407577,0,0.00891386,11,9.4,-2.00514,-2.09053,1,-0.012809,0.354952,0,0.108957,-0.12219,0,0.0123469,12,9.4,0.00285592,2.97519,1,0.0555395,0.132948,0,0.377558,-0.456691,0,0.00605268,13,9.4,1.29772,2.0026,1,-0.500003,-0.0145555,0,5.96046e-05,0.0264645,0,0.0136873,14,9.4,-0.839465,-1.00933,1,-0.395,0.0668973,0,0.403464,0.370026,0,0.0129331,15,9.4,0.283678,-2.00081,1,0.45426,-0.00920892,0,0.263304,-0.0423193,0,0.0121763,16,9.4,1.02522,-1.71499,1,0.0729144,0.425616,0,0.00089407,0.528097,0,0.0111036,17,9.4,-1.24013e-06,0.000684573,1,3.24102e-05,0.0129252,0,-8.18504e-05,-0.0407475,0,0.0141928,18,9.4,-1.99893,2.00811,1,0.00427663,0.0712037,0,-0.0207424,-0.339508,0,0.00917367,19,9.4,-1.99997,3,1,0.000274181,-5.96046e-06,0,-0.000953674,0,0,0.00687496,20,9.4,3,-1.18271,1,0,-0.500003,0,0,5.96046e-05,0,0.00644136,21,9.4,2.00605,-0.195158,1,0.04403,-0.406635,0,-0.390768,-0.258662,0,0.0128321,22,9.4,2.0033,0.762226,1,0.00399947,-0.48753,0,-0.0308752,-0.164866,0,0.013494,23,9.4,-0.999999,2.99992,1,-2.23517e-05,0.000137091,0,5.96046e-05,0,0,0.00704888,24,9.4,-2.77069,-2.99321,1,0.5,-0.0541687,0,0,0.283003,0,0.00711301,25,9.4,2.01724,3,1,0.00681877,0,0,-0.190258,0,0,0.00481677,26,9.4,-1.84534,5.91677e-05,1,-0.499848,0.00054552,0,-0.00303984,0.00276337,0,0.0146101,27,9.4,-3,-0.11604,1,0,-0.497758,0,0,-0.0448483,0,0.00849482,28,9.4,-0.0415319,1.78416,1,0.188522,-0.498781,0,-0.405315,-0.0243783,0,0.0128739,29,9.4,0.99619,2.99611,1,0.10927,-0.0476897,0,-0.383317,-0.403285,0,0.00739059,30,9.4,0.796149,-1.00332,1,-0.5,-0.00327528,0,-2.98023e-05,0.0233054,0,0.0126217,31,9.4,2.19436,-0.993296,1,0.399351,0.0198573,0,0.720739,-0.0144839,0,0.0101407,32,9.4,-3,-2.13227,1,0,-0.496322,0,0,-0.0736713,0,0.00678718,33,9.4,-0.999994,1.90374,1,0.000360608,0.31696,0,-0.00149012,-0.478983,0,0.0101904,34,9.4,0.999631,0.354562,1,0.000578165,-0.495103,0,0.00038743,0.0675172,0,0.0115348,35,9.4,-0.984983,-0.126526,1,-0.0362307,0.401418,0,0.023663,-0.0776017,0,0.0122594
0,9.5,0.634358,-2.98413,1,-0.499877,-0.0898544,0,0.00491366,0.335351,0,0.0111663,1,9.5,1.9964,-2.29054,1,0.00268426,-0.5,0,0.00948459,0,0,0.0116625,2,9.5,-1.00221,-2.67464,1,0.000660308,0.479632,0,0.00339001,0.164881,0,0.0106102,3,9.5,-0.772378,0.999569,1,-0.5,0.000946876,0,0,-0.0003241,0,0.0140876,4,9.5,-1.98954,-0.996892,1,0.0929881,-0.000472087,0,0.501648,-0.0219829,0,0.0130694,5,9.5,-0.304038,-2.99927,1,-0.382707,-0.00308119,0,-0.0682771,0.00800192,0,0.0075765,6,9.5,-0.609992,-2.00013,1,0.5,9.61125e-05,0,0,0.000476837,0,0.0114302,7,9.5,2.98658,0.274279,1,0.0833094,0.5,0,-0.340581,-1.78814e-06,0,0.00617588,8,9.5,1.00023,1.22376,1,-0.000396371,-0.452374,0,-0.000372529,0.288986,0,0.012599,9,9.5,-3,-1.16715,1,0,-0.499842,0,0,-0.00628084,0,0.00685846,10,9.5,-2.26785,0.995049,1,-0.499967,0.121617,0,-0.0012815,-0.364598,0,0.00891386,11,9.5,-2.00593,-2.05538,1,-0.00347123,0.350109,0,0.0784993,0.00864267,0,0.0123469,12,9.5,0.0105398,2.98631,1,0.100072,0.0905152,0,0.493975,-0.389412,0,0.00605268,13,9.5,1.24772,2.00127,1,-0.5,-0.0119485,0,7.45058e-06,0.0255704,0,0.0136873,14,9.5,-0.876843,-1.00032,1,-0.351627,0.117177,0,0.45925,0.605743,0,0.0129331,15,9.5,0.330333,-2.00189,1,0.477734,-0.0119437,0,0.19793,-0.013724,0,0.0121763,16,9.5,1.03234,-1.67013,1,0.0679513,0.468338,0,-0.0944361,0.326045,0,0.0111036,17,9.5,1.59081e-06,0.00177655,1,2.42252e-05,0.00895586,0,-8.08796e-05,-0.0382626,0,0.0141928,18,9.5,-1.99861,2.01364,1,0.00235047,0.0404213,0,-0.0176951,-0.276193,0,0.00917367,19,9.5,-1.99994,3,1,0.000181235,-5.58794e-06,0,-0.000886619,1.49012e-05,0,0.00687496,20,9.5,3,-1.23271,1,0,-0.5,0,0,7.45058e-06,0,0.00644136,21,9.5,2.00864,-0.237239,1,0.00931546,-0.435726,0,-0.303537,-0.304137,0,0.0128321,22,9.5,2.00356,0.712855,1,0.00122525,-0.498002,0,-0.0246912,-0.0523068,0,0.013494,23,9.5,-1,2.99994,1,-1.66707e-05,0.000134856,0,6.33299e-05,-5.96046e-05,0,0.00704888,24,9.5,-2.72069,-2.99733,1,0.5,-0.0295129,0,0,0.210747,0,0.00711301,25,9.5,2.01707,3,1,-0.00928119,0,0,-0.132978,0,0,0.00481677,26,9.5,-1.89533,0.000124292,1,-0.49999,0.00072665,0,-0.00037998,0.000943961,0,0.0146101,27,9.5,-3,-0.165953,1,0,-0.49986,0,0,-0.00560425,0,0.00849482,28,9.5,-0.0246485,1.73421,1,0.149739,-0.499923,0,-0.369765,-0.00304729,0,0.0128739,29,9.5,1.00531,2.98899,1,0.074137,-0.0974923,0,-0.319466,-0.568777,0,0.00739059,30,9.5,0.746149,-1.00354,1,-0.5,-0.00114925,0,0,0.0192374,0,0.0126217,31,9.5,2.23742,-0.991412,1,0.457265,0.0175401,0,0.439242,-0.0308566,0,0.0101407,32,9.5,-3,-2.18212,1,0,-0.499771,0,0,-0.00916421,0,0.00678718,33,9.5,-0.999965,1.93301,1,0.000224914,0.268175,0,-0.00122562,-0.492804,0,0.0101904,34,9.5,0.99969,0.305491,1,0.000598095,-0.485225,0,2.23517e-05,0.132952,0,0.0115348,35,9.5,-0.988456,-0.0865632,1,-0.0329217,0.399592,0,0.0414848,0.0281767,0,0.0122594
0,9.6,0.584434,-2.99154,1,-0.498034,-0.0593722,0,0.0393093,0.273824,0,0.00836449,1,9.6,1.99671,-2.34054,1,0.00346005,-0.5,0,0.00613928,0,0,0.0108313,2,9.6,-1.00213,-2.62597,1,0.000923872,0.492585,0,0.00184774,0.0938177,0,0.00996722,3,9.6,-0.822378,0.999661,1,-0.5,0.00089705,0,-2.98023e-05,-0.000715256,0,0.0132158,4,9.6,-1.97767,-0.997039,1,0.144669,-0.00236779,0,0.516772,-0.0161231,0,0.0149912,5,9.6,-0.342659,-2.99954,1,-0.389622,-0.0023067,0,-0.0624955,0.00751019,0,0.00789041,6,9.6,-0.559992,-2.00012,1,0.5,0.000137091,0,2.98023e-05,0.000238419,0,0.0108658,7,9.6,2.99332,0.324279,1,0.0526607,0.5,0,-0.271916,-1.43051e-05,0,0.006194,8,9.6,1.00019,1.18012,1,-0.000417233,-0.419018,0,0,0.374854,0,0.0125873,9,9.6,-3,-1.21715,1,0,-0.500003,0,0,5.96046e-05,0,0.00664306,10,9.6,-2.31785,1.00546,1,-0.5,0.0873893,0,0,-0.319719,0,0.00917775,11,9.6,-2.00593,-2.02023,1,0.00303388,0.3537,0,0.0523329,0.0499487,0,0.0129843,12,9.6,0.0230779,2.99354,1,0.150911,0.0554562,0,0.507678,-0.310659,0,0.00639392,13,9.6,1.19772,2.0002,1,-0.500003,-0.00945926,0,5.96046e-05,0.0242591,0,0.0113786,14,9.6,-0.909651,-0.985387,1,-0.304043,0.182678,0,0.488251,0.680387,0,0.0143656,15,9.6,0.378944,-2.00312,1,0.492909,-0.0122011,0,0.104472,0.00727177,0,0.0124303,16,9.6,1.03855,-1.62198,1,0.0550985,0.491488,0,-0.157595,0.143826,0,0.0113275,17,9.6,3.61719e-06,0.0024875,1,1.64038e-05,0.00533702,0,-7.48228e-05,-0.0338481,0,0.0133959,18,9.6,-1.99845,2.01641,1,0.000751019,0.0159264,0,-0.0143051,-0.214338,0,0.0106689,19,9.6,-1.99993,3,1,9.83477e-05,-5.96046e-06,0,-0.00077486,0.000119209,0,0.00710712,20,9.6,3,-1.28271,1,0,-0.500003,0,0,5.96046e-05,0,0.00816195,21,9.6,2.0082,-0.282284,1,-0.0167251,-0.464392,0,-0.217676,-0.257522,0,0.0120827,22,9.6,2.00357,0.662911,1,-0.000953674,-0.5,0,-0.0188351,0,0,0.0119661,23,9.6,-1,2.99995,1,-8.9407e-06,0.00012517,0,0,-0.000119209,0,0.00557471,24,9.6,-2.67069,-2.99934,1,0.5,-0.0118256,0,0,0.144362,0,0.00854519,25,9.6,2.01556,3,1,-0.0200331,0,0,-0.0832081,0,0,0.0052881,26,9.6,-1.94533,0.000199255,1,-0.500003,0.000750315,0,5.96046e-05,-0.000395353,0,0.0152848,27,9.6,-3,-0.215951,1,0,-0.5,0,0,-7.15256e-06,0,0.00820523,28,9.6,-0.0114602,1.68421,1,0.114673,-0.500003,0,-0.331112,5.96046e-05,0,0.0127184,29,9.6,1.01123,2.97629,1,0.0453293,-0.157148,0,-0.257015,-0.605226,0,0.00819129,30,9.6,0.696149,-1.00356,1,-0.5,0.000581145,0,-2.98023e-05,0.0153184,0,0.0125916,31,9.6,2.28491,-0.989832,1,0.488389,0.0138745,0,0.193715,-0.041604,0,0.00775884,32,9.6,-3,-2.23212,1,0,-0.5,0,0,0,0,0.005434,33,9.6,-0.999948,1.95737,1,0.000114739,0.219122,0,-0.000953674,-0.484884,0,0.00833834,34,9.6,0.99975,0.25776,1,0.000585616,-0.468069,0,-0.000298023,0.211694,0,0.00965867,35,9.6,-0.991518,-0.0463773,1,-0.0281304,0.404717,0,0.0534356,0.0638545,0,0.0139632
0,9.7,0.534747,-2.99621,1,-0.49626,-0.0351433,0,0.00550598,0.210926,0,0.00836449,1,9.7,1.99708,-2.39054,1,0.00391863,-0.5,0,0.00312924,0,0,0.0108313,2,9.7,-1.00203,-2.57636,1,0.00112522,0.498712,0,0.00212342,0.0321567,0,0.00996722,3,9.7,-0.872378,0.999747,1,-0.5,0.000815187,0,0,-0.000912696,0,0.0132158,4,9.7,-1.96053,-0.997347,1,0.198614,-0.00369316,0,0.54615,-0.01074,0,0.0149912,5,9.7,-0.382256,-2.99974,1,-0.405013,-0.00160746,0,-0.224648,0.0064224,0,0.00789041,6,9.7,-0.509992,-2.0001,1,0.5,0.000154227,0,-5.66244e-06,0.000119209,0,0.0108658,7,9.7,2.99734,0.374279,1,0.0289336,0.5,0,-0.203133,0,0,0.006194,8,9.7,1.00015,1.1402,1,-0.000405312,-0.378348,0,0.000223517,0.435501,0,0.0125873,9,9.7,-3,-1.26715,1,0,-0.5,0,0,7.45058e-06,0,0.00664306,10,9.7,-2.36785,1.01269,1,-0.5,0.058043,0,0,-0.267774,0,0.00917775,11,9.7,-2.00541,-1.98452,1,0.00714585,0.361039,0,0.0305772,0.0852123,0,0.0129843,12,9.7,0.0407724,2.99768,1,0.203249,0.028564,0,0.524253,-0.22772,0,0.00639392,13,9.7,1.14772,1.99937,1,-0.5,-0.00715535,0,7.45058e-06,0.0218078,0,0.0113786,14,9.7,-0.937605,-0.96359,1,-0.255028,0.254095,0,0.488851,0.730667,0,0.0143656,15,9.7,0.428608,-2.00495,1,0.49909,-0.0304259,0,0.0270642,-0.347763,0,0.0124303,16,9.7,1.04323,-1.57236,1,0.038212,0.499137,0,-0.177465,0.0278801,0,0.0113275,17,9.7,4.89942e-06,0.00286151,1,9.40982e-06,0.002241,0,-6.47053e-05,-0.0279812,0,0.0133959,18,9.7,-1.99844,2.01703,1,-0.000498258,-0.00251085,0,-0.0107065,-0.155479,0,0.0106689,19,9.7,-1.99992,3,1,2.79397e-05,3.72529e-06,0,-0.00064075,5.96046e-05,0,0.00710712,20,9.7,3,-1.33271,1,0,-0.5,0,0,7.45058e-06,0,0.00816195,21,9.7,2.00563,-0.329864,1,-0.0329949,-0.485605,0,-0.112087,-0.16259,0,0.0120827,22,9.7,2.00339,0.612911,1,-0.00253059,-0.5,0,-0.0128597,-7.45058e-06,0,0.0119661,23,9.7,-1,2.99996,1,-8.00937e-06,0.000111386,0,2.23517e-05,-0.000163913,0,0.00557471,24,9.7,-2.62069,-2.9999,1,0.5,-0.000158697,0,0,0.0909865,0,0.00854519,25,9.7,2.01322,3,1,-0.0262022,0,0,-0.0416934,0,0,0.0052881,26,9.7,-1.99533,0.000271147,1,-0.500001,0.000676837,0,7.45058e-06,-0.00103657,0,0.0152848,27,9.7,-3,-0.265951,1,0,-0.5,0,0,2.68221e-06,0,0.00820523,28,9.7,-0.00157053,1.63421,1,0.0838922,-0.5,0,-0.284801,7.45058e-06,0,0.0127184,29,9.7,1.01462,2.95757,1,0.0239858,-0.216686,0,-0.17304,-0.576496,0,0.00819129,30,9.7,0.646149,-1.00343,1,-0.5,0.00190698,0,0,0.0112802,0,0.0125916,31,9.7,2.3344,-0.988728,1,0.498793,0.00805333,0,0.0386536,-0.0524595,0,0.00775884,32,9.7,-3,-2.28212,1,0,-0.5,0,0,0,0,0.005434,33,9.7,-0.999941,1.97689,1,3.1665e-05,0.171883,0,-0.000715256,-0.457123,0,0.00833834,34,9.7,0.999806,0.212187,1,0.000544731,-0.441743,0,-0.000502914,0.311404,0,0.00965867,35,9.7,-0.994009,-0.00547839,1,-0.0211958,0.414079,0,0.0826195,0.11313,0,0.0139632
0,9.8,0.485158,-2.99878,1,-0.495265,-0.0171006,0,0.0217408,0.150919,0,0.00895437,1,9.8,1.99748,-2.44054,1,0.00410378,-0.5,0,0.000655651,0,0,0.00847812,2,9.8,-1.0019,-2.52639,1,0.0013411,0.5,0,0.00208616,0,0,0.0110098,3,9.8,-0.922378,0.999824,1,-0.5,0.000716746,0,-2.98023e-05,-0.00104308,0,0.0152216,4,9.8,-1.938,-0.997763,1,0.251085,-0.00458062,0,0.491023,-0.00730157,0,0.0136174,5,9.8,-0.424009,-2.99987,1,-0.430928,-0.0010252,0,-0.278056,0.00524521,0,0.00694853,6,9.8,-0.459992,-2.00009,1,0.5,0.000160933,0,-1.43051e-05,0,0,0.0102785,7,9.8,2.99933,0.424279,1,0.0118554,0.5,0,-0.139594,-1.43051e-05,0,0.00615139,8,9.8,1.00011,1.10462,1,-0.000375509,-0.332543,0,0.000417233,0.477433,0,0.010969,9,9.8,-3,-1.31715,1,0,-0.500003,0,0,5.96046e-05,0,0.00583767,10,9.8,-2.41785,1.01724,1,-0.5,0.0337243,0,0,-0.219285,0,0.00908125,11,9.8,-2.00457,-1.94801,1,0.00927448,0.368702,0,0.0127554,0.0593662,0,0.0128188,12,9.8,0.0636441,2.99953,1,0.25315,0.0097096,0,0.462495,-0.151038,0,0.00562602,13,9.8,1.09772,1.99876,1,-0.500003,-0.00509918,0,5.96046e-05,0.0192523,0,0.00931615,14,9.8,-0.960685,-0.934565,1,-0.206862,0.325693,0,0.471771,0.687391,0,0.0136348,15,9.8,0.478585,-2.01015,1,0.5,-0.0772655,0,-1.43051e-05,-0.568271,0,0.0130724,16,9.8,1.04615,-1.52238,1,0.0200987,0.500003,0,-0.18245,-5.96046e-05,0,0.0108317,17,9.8,5.53598e-06,0.002956,1,3.51753e-06,-0.000247301,0,-5.29451e-05,-0.0217571,0,0.0111663,18,9.8,-1.99854,2.01609,1,-0.00139475,-0.0153959,0,-0.00739098,-0.103235,0,0.00947223,19,9.8,-1.99992,3,1,-2.68221e-05,5.96046e-06,0,-0.000476837,0.000119209,0,0.00476747,20,9.8,3,-1.38271,1,0,-0.500003,0,0,5.96046e-05,0,0.00988839,21,9.8,2.00191,-0.379066,1,-0.0399768,-0.496792,0,-0.031352,-0.0641638,0,0.0117302,22,9.8,2.00308,0.562911,1,-0.00356436,-0.5,0,-0.0077486,-2.98023e-05,0,0.0125708,23,9.8,-1,2.99997,1,-5.96046e-06,9.53674e-05,0,0,-0.000119209,0,0.00609749,24,9.8,-2.57069,-2.99953,1,0.5,0.00675321,0,0,0.048995,0,0.0088464,25,9.8,2.01045,3,1,-0.0286698,0,0,-0.00882149,0,0,0.00474599,26,9.8,-2.04533,0.00033285,1,-0.5,0.000550102,0,0,-0.00146475,0,0.0146312,27,9.8,-3,-0.315951,1,0,-0.5,0,0,1.43051e-05,0,0.00764876,28,9.8,0.00546948,1.58421,1,0.0576471,-0.500003,0,-0.240455,5.96046e-05,0,0.0129142,29,9.8,1.01627,2.93313,1,0.0101179,-0.270849,0,-0.107169,-0.499845,0,0.00980913,30,9.8,0.596149,-1.00319,1,-0.5,0.00285506,0,-2.98023e-05,0.007689,0,0.0125894,31,9.8,2.38437,-0.988052,1,0.5,0.00718832,0,0,0.0507832,0,0.00808912,32,9.8,-3,-2.33212,1,0,-0.5,0,0,0,0,0.00520452,33,9.8,-0.999941,1.99186,1,-2.98023e-05,0.12818,0,-0.000476837,-0.414968,0,0.00823358,34,9.8,0.999858,0.16971,1,0.000485778,-0.406474,0,-0.000625849,0.390514,0,0.00881453,35,9.8,-0.995686,0.0365059,1,-0.0120983,0.425506,0,0.0970662,0.107285,0,0.0145295
0,9.9,0.435665,-2.99982,1,-0.495109,-0.00473633,0,-0.00979006,0.0980496,0,0.00895437,1,9.9,1.99789,-2.49054,1,0.00407156,-0.5,0,-0.00121444,0,0,0.00847812,2,9.9,-1.00176,-2.47639,1,0.00154004,0.5,0,0.00184774,0,0,0.0110098,3,9.9,-0.972378,0.99989,1,-0.5,0.000610482,0,7.45058e-06,-0.00107661,0,0.0152216,4,9.9,-1.91039,-0.99825,1,0.30121,-0.0050867,0,0.496089,-0.00327826,0,0.0136174,5,9.9,-0.468472,-2.99995,1,-0.457861,-0.000565127,0,-0.251045,0.00394881,0,0.00694853,6,9.9,-0.410003,-2.00007,1,0.499528,0.000157207,0,-0.0141802,-8.9407e-05,0,0.0102785,7,9.9,2.99991,0.474279,1,0.000653416,0.5,0,-0.0865757,1.78814e-06,0,0.00615139,8,9.9,1.00008,1.0738,1,-0.000328757,-0.283542,0,0.00051409,0.498474,0,0.010969,9,9.9,-3,-1.36715,1,0,-0.5,0,0,7.45058e-06,0,0.00583767,10,9.9,-2.46785,1.01959,1,-0.5,0.0140954,0,0,-0.173941,0,0.00908125,11,9.9,-2.0036,-1.91085,1,0.00987537,0.374101,0,-0.00025332,0.041239,0,0.0128188,12,9.9,0.0912565,2.99985,1,0.298635,-0.00211075,0,0.435025,-0.0881255,0,0.00562602,13,9.9,1.04772,1.99834,1,-0.5,-0.00332203,0,3.72529e-06,0.0163242,0,0.00931615,14,9.9,-0.979074,-0.898695,1,-0.161574,0.390022,0,0.432737,0.587519,0,0.0136348,15,9.9,0.528536,-2.0214,1,0.498477,-0.153139,0,-0.0320058,-0.900149,0,0.0130724,16,9.9,1.04726,-1.47238,1,0.00223555,0.5,0,-0.173062,-7.45058e-06,0,0.0108317,17,9.9,5.64432e-06,0.00283316,1,-1.13892e-06,-0.00210473,0,-4.02513e-05,-0.015476,0,0.0111663,18,9.9,-1.99871,2.01411,1,-0.00197608,-0.0234153,0,-0.00431389,-0.0586063,0,0.00947223,19,9.9,-1.99993,3,1,-6.6869e-05,1.15484e-05,0,-0.000335276,1.49012e-05,0,0.00476747,20,9.9,3,-1.43199,1,0,-0.479217,0,0,0.391021,0,0.00988839,21,9.9,1.99785,-0.428942,1,-0.0404172,-0.4998,0,0.0198483,-0.0080169,0,0.0117302,22,9.9,2.00269,0.512911,1,-0.00413507,-0.5,0,-0.00378489,2.08616e-06,0,0.0125708,23,9.9,-1,2.99998,1,-5.02914e-06,8.12113e-05,0,2.23517e-05,-0.000178814,0,0.00609749,24,9.9,-2.52069,-2.99867,1,0.5,0.0100326,0,0,0.0181347,0,0.0088464,25,9.9,2.00758,3,1,-0.0282783,0,0,0.0153035,0,0,0.00474599,26,9.9,-2.09533,0.000380298,1,-0.5,0.000396924,0,0,-0.00158134,0,0.0146312,27,9.9,-3,-0.365951,1,0,-0.5,0,0,0,0,0.00764876,28,9.9,0.0101041,1.53421,1,0.0357575,-0.5,0,-0.197781,7.45058e-06,0,0.0129142,29,9.9,1.01693,2.90366,1,0.00470895,-0.317371,0,-0.00823289,-0.427172,0,0.00980913,30,9.9,0.546149,-1.00287,1,-0.5,0.00346955,0,0,0.00467151,0,0.0125894,31,9.9,2.43437,-0.986139,1,0.5,0.039521,0,0,0.558216,0,0.00808912,32,9.9,-3,-2.38212,1,0,-0.5,0,0,0,0,0.00520452,33,9.9,-0.999946,2.00269,1,-6.82659e-05,0.089325,0,-0.000294298,-0.361055,0,0.00823358,34,9.9,0.999903,0.131112,1,0.00041835,-0.364587,0,-0.000707805,0.444153,0,0.00881453,35,9.9,-0.996294,0.0795518,1,0.00090953,0.434952,0,0.155553,0.0797153,0,0.0145295
0,10,0.386114,-2.99988,1,-0.495639,0.00287294,0,0.00619888,0.0562668,0,0.00825197,1,10,1.99829,-2.54054,1,0.00387132,-0.5,0,-0.002563,0,0,0.0105754,2,10,-1.0016,-2.42639,1,0.00170767,0.5,0,0.00143051,0,0,0.0105134,3,10,-1.02238,0.999946,1,-0.500003,0.000503659,0,5.96046e-05,-0.00107288,0,0.012963,4,10,-1.87789,-0.998771,1,0.347611,-0.00531524,0,0.420272,-0.00169873,0,0.0167011,5,10,-0.515408,-2.99999,1,-0.479689,-0.000238419,0,-0.180572,0.00286102,0,0.00848796,6,10,-0.360181,-2.00005,1,0.4962,0.000143051,0,-0.057295,0,0,0.0131275,7,10,2.99962,0.524279,1,-0.0058651,0.5,0,-0.0454187,2.98023e-05,0,0.00581469,8,10,1.00005,1.04794,1,-0.000274181,-0.23362,0,0.000536442,0.496447,0,0.0109002,9,10,-3,-1.41715,1,0,-0.500003,0,0,5.96046e-05,0,0.00606584,10,10,-2.51785,1.0202,1,-0.5,-0.00119507,0,0,-0.132442,0,0.00737846,11,10,-2.00263,-1.87332,1,0.00932217,0.375691,0,-0.0104904,-0.0146031,0,0.0146106,12,10,0.123166,2.99929,1,0.338043,-0.0084281,0,0.344217,-0.0408888,0,0.00734146,13,10,0.997723,1.99809,1,-0.5,-0.00182688,0,-2.98023e-05,0.0135303,0,0.00999468,14,10,-0.993142,-0.856995,1,-0.120537,0.441433,0,0.387073,0.434786,0,0.0142795,15,10,0.57816,-2.04143,1,0.493325,-0.248694,0,-0.072211,-0.97394,0,0.0134844,16,10,1.04665,-1.42238,1,-0.0142038,0.500003,0,-0.154376,-5.96046e-05,0,0.0105483,17,10,5.34964e-06,0.00255509,1,-4.55329e-06,-0.00336171,0,-2.81746e-05,-0.00977109,0,0.0109959,18,10,-1.99893,2.01154,1,-0.0022769,-0.0274062,0,-0.00166893,-0.0226498,0,0.00852215,19,10,-1.99994,3,1,-9.23872e-05,1.19209e-05,0,-0.000178814,0,0,0.00529996,20,10,3,-1.47748,1,0,-0.42634,0,0,0.645876,0,0.00553519,21,10,1.99397,-0.478938,1,-0.0365138,-0.5,0,0.0557899,0,0,0.0116188,22,10,2.00226,0.462911,1,-0.00435114,-0.5,0,-0.000596046,1.43051e-05,0,0.0116012,23,10,-1,2.99999,1,-5.96046e-06,6.55651e-05,0,0.000119209,-0.000238419,0,0.00649822,24,10,-2.47069,-2.99761,1,0.5,0.0106633,0,0,-0.00393391,0,0.00775352,25,10,2.00486,3,1,-0.0258684,0,0,0.0319481,0,0,0.00556099,26,10,-2.14533,0.000412015,1,-0.5,0.000237091,0,0,-0.00160016,0,0.0151939,27,10,-3,-0.415951,1,0,-0.5,0,0,1.43051e-05,0,0.00759087,28,10,0.0127587,1.48421,1,0.0179972,-0.500003,0,-0.157919,5.96046e-05,0,0.0127104,29,10,1.01748,2.86993,1,0.00713766,-0.355703,0,0.0505447,-0.337124,0,0.0103382,30,10,0.496149,-1.00251,1,-0.5,0.00380576,0,1.43051e-05,0.00214577,0,0.0108343,31,10,2.48437,-0.97882,1,0.5,0.111794,0,0,0.854462,0,0.0070395,32,10,-3,-2.43212,1,0,-0.5,0,0,0,0,0.00569939,33,10,-0.999954,2.00992,1,-9.08971e-05,0.0561357,0,-0.000149012,-0.302315,0,0.00827056,34,10,0.999942,0.0969404,1,0.000345707,-0.31827,0,-0.000745058,0.479009,0,0.00935741,35,10,-0.995381,0.123387,1,0.0176385,0.441118,0,0.172853,0.0422519,0,0.0146031
0,10.1,0.336653,-2.99937,1,-0.492728,0.00687577,0,0.0573862,0.0253767,0,0.00825197,1,10.1,1.99866,-2.59052,1,0.00355858,-0.499419,0,-0.00362843,0.0171959,0,0.0105754,2,10.1,-1.00142,-2.37647,1,0.00181608,0.497522,0,0.000745058,-0.0523776,0,0.0105134,3,10.1,-1.07238,0.999991,1,-0.5,0.000399165,0,7.45058e-06,-0.00101328,0,0.012963,4,10.1,-1.84104,-0.999303,1,0.388939,-0.00524623,0,0.396781,0.00254437,0,0.0167011,5,10.1,-0.564142,-3,1,-0.493592,-9.31323e-06,0,-0.0970587,0.00177324,0,0.00848796,6,10.1,-0.310682,-2.00004,1,0.495043,0.000153109,0,0.0193696,0.000223517,0,0.0131275,7,10.1,2.99885,0.574277,1,-0.00893101,0.499902,0,-0.0172853,-0.00391528,0,0.00581469,8,10.1,1.00002,1.02657,1,-0.000219792,-0.198162,0,0.000551343,0.231326,0,0.0109002,9,10.1,-3,-1.46715,1,0,-0.5,0,0,7.45058e-06,0,0.00606584,10,10.1,-2.56785,1.01949,1,-0.499912,-0.0124035,0,0.00351667,-0.0927672,0,0.00737846,11,10.1,-2.00176,-1.83581,1,0.00802986,0.374419,0,-0.0151843,-0.0180975,0,0.0146106,12,10.1,0.158621,2.99829,1,0.370183,-0.0109576,0,0.292263,-0.0112355,0,0.00734146,13,10.1,0.947723,1.99797,1,-0.5,-0.000609085,0,0,0.0108629,0,0.00999468,14,10.1,-1.00336,-0.810984,1,-0.0849254,0.475776,0,0.325847,0.255506,0,0.0142795,15,10.1,0.626989,-2.07109,1,0.481913,-0.342882,0,-0.153624,-0.879243,0,0.0134844,16,10.1,1.04451,-1.37247,1,-0.0279699,0.497268,0,-0.120983,-0.0571012,0,0.0105483,17,10.1,4.77235e-06,0.00165569,1,-6.75782e-06,-0.0190692,0,-1.41475e-05,-0.276953,0,0.0109959,18,10.1,-1.99916,2.00874,1,-0.00233874,-0.0282239,0,0.000327826,0.00490248,0,0.00852215,19,10.1,-1.99995,3,1,-0.000104867,7.45058e-06,0,-6.70552e-05,-5.96046e-05,0,0.00529996,20,10.1,3,-1.5162,1,0,-0.34294,0,0,0.955738,0,0.00553519,21,10.1,1.99064,-0.528938,1,-0.029783,-0.5,0,0.0768751,-2.08616e-06,0,0.0116188,22,10.1,2.00183,0.41292,1,-0.00428334,-0.499625,0,0.00181794,0.0116042,0,0.0116012,23,10.1,-1,2.99999,1,3.53903e-06,4.39584e-05,0,8.19564e-05,-0.000178814,0,0.00649822,24,10.1,-2.42069,-2.99659,1,0.49988,0.00959337,0,-0.00478327,-0.0165701,0,0.00775352,25,10.1,2.00245,3,1,-0.0221524,0,0,0.0413805,0,0,0.00556099,26,10.1,-2.19533,0.000427966,1,-0.5,8.44713e-05,0,0,-0.00144766,0,0.0151939,27,10.1,-3,-0.465951,1,0,-0.5,0,0,1.78814e-06,0,0.00759087,28,10.1,0.0138363,1.43421,1,0.00420756,-0.499939,0,-0.118746,0.00243634,0,0.0127104,29,10.1,1.01863,2.83282,1,0.0174591,-0.385314,0,0.144698,-0.258446,0,0.0103382,30,10.1,0.446149,-1.00249,1,-0.499991,-0.00674985,0,0.000344515,-0.197768,0,0.0108343,31,10.1,2.53428,-0.963086,1,0.497205,0.204964,0,-0.0556558,0.981472,0,0.0070395,32,10.1,-3,-2.48212,1,0,-0.5,0,0,0,0,0.00569939,33,10.1,-0.999964,2.01412,1,-9.97446e-05,0.0289869,0,-3.35276e-05,-0.240996,0,0.00827056,34,10.1,0.99945,0.0675423,1,-0.0147066,-0.269453,0,-0.272732,0.493391,0,0.00935741,35,10.1,-0.99263,0.167731,1,0.038329,0.445996,0,0.230215,0.055288,0,0.0146031
0,10.2,0.287788,-2.99859,1,-0.483282,0.00823736,0,0.135005,0.00321865,0,0.00792492,1,10.2,1.999,-2.64031,1,0.00315905,-0.495529,0,-0.00435114,0.0654459,0,0.0104594,2,10.2,-1.00123,-2.32709,1,0.00185966,0.489056,0,5.96046e-05,-0.118971,0,0.0120613,3,10.2,-1.12238,1.00003,1,-0.500003,0.000301003,0,5.96046e-05,-0.000953674,0,0.0118382,4,10.2,-1.80027,-0.999811,1,0.425279,-0.00490248,0,0.3227,0.0038743,0,0.0164316,5,10.2,-0.613849,-2.99999,1,-0.49919,0.00012517,0,-0.0161827,0.000834465,0,0.00830399,6,10.2,-0.261047,-2.00002,1,0.497797,0.000202656,0,0.0277531,0.000715256,0,0.0110893,7,10.2,2.99791,0.624216,1,-0.00959039,0.498435,0,0.00309944,-0.031352,0,0.00876337,8,10.2,1,1.0076,1,-0.000166893,-0.183955,0,0.000506639,0.0681281,0,0.0122863,9,10.2,-3,-1.51715,1,0,-0.500003,0,0,5.96046e-05,0,0.00588198,10,10.2,-2.61779,1.01784,1,-0.498593,-0.0199467,0,0.0281334,-0.0591278,0,0.009804,11,10.2,-2.00104,-1.79851,1,0.00633001,0.370821,0,-0.0188351,-0.0590086,0,0.0153746,12,10.2,0.196971,2.99718,1,0.395395,-0.0109673,0,0.207268,0.00977516,0,0.00729019,13,10.2,0.897723,1.99796,1,-0.5,0.000354648,0,-2.98023e-05,0.00846386,0,0.0127149,14,10.2,-1.01032,-0.762392,1,-0.0552267,0.49362,0,0.268936,0.108838,0,0.012998,15,10.2,0.674295,-2.10942,1,0.463067,-0.419921,0,-0.221014,-0.645876,0,0.011745,16,10.2,1.04116,-1.32314,1,-0.0384212,0.48818,0,-0.0882149,-0.126302,0,0.0101665,17,10.2,4.06103e-06,-0.00189122,1,-7.08486e-06,-0.0538715,0,8.81721e-06,-0.397711,0,0.0133417,18,10.2,-1.99939,2.00597,1,-0.00222921,-0.026685,0,0.00184774,0.0244379,0,0.00930038,19,10.2,-1.99996,3,1,-0.000107288,0,0,0,0,0,0.0043134,20,10.2,3,-1.54558,1,0,-0.244045,0,0,0.999987,0,0.00527284,21,10.2,1.98807,-0.578938,1,-0.0214964,-0.5,0,0.087142,-2.98023e-05,0,0.0107576,22,10.2,2.00141,0.36307,1,-0.00401139,-0.496715,0,0.00369549,0.0521094,0,0.0130862,23,10.2,-1,3,1,8.9407e-06,2.98023e-05,0,5.96046e-05,-0.000238419,0,0.00561774,24,10.2,-2.37077,-2.99573,1,0.49808,0.00751019,0,-0.0382662,-0.0241995,0,0.00733261,25,10.2,2.00045,3,1,-0.0177652,0,0,0.0455379,0,0,0.00458795,26,10.2,-2.24533,0.00042946,1,-0.5,-5.16236e-05,0,0,-0.00127067,0,0.0133276,27,10.2,-3,-0.515951,1,0,-0.500001,0,0,2.98023e-05,0,0.00816498,28,10.2,0.0137221,1.38425,1,-0.00592282,-0.499028,0,-0.0846977,0.0194907,0,0.0123001,29,10.2,1.02118,2.7931,1,0.0340462,-0.407988,0,0.177801,-0.197649,0,0.0111133,30,10.2,0.396155,-1.00438,1,-0.499862,-0.0328869,0,0.00275671,-0.311911,0,0.0117977,31,10.2,2.58363,-0.937631,1,0.488919,0.304383,0,-0.109673,0.997305,0,0.00733241,32,10.2,-3,-2.53212,1,0,-0.5,0,0,0,0,0.00574985,33,10.2,-0.999974,2.01591,1,-9.83477e-05,0.00784397,0,2.98023e-05,-0.182509,0,0.00816205,34,10.2,0.996353,0.0430599,1,-0.0492901,-0.220318,0,-0.397444,0.485982,0,0.0120695,35,10.2,-0.987625,0.212628,1,0.0617504,0.452128,0,0.229567,0.0668991,0,0.0120289
0,10.3,0.240329,-2.99778,1,-0.464001,0.0078354,0,0.247836,-0.0102967,0,0.00792492,1,10.3,1.99929,-2.68943,1,0.0027068,-0.485708,0,-0.00464916,0.1342,0,0.0104594,2,10.3,-1.00105,-2.2789,1,0.00183824,0.473619,0,-0.000484288,-0.191018,0,0.0120613,3,10.3,-1.17238,1.00005,1,-0.5,0.00021141,0,7.45058e-06,-0.000827014,0,0.0118382,4,10.3,-1.75619,-1.00028,1,0.455442,-0.00439286,0,0.272587,0.00603497,0,0.0164316,5,10.3,-0.66375,-2.99998,1,-0.497722,0.000178069,0,0.050094,0.000268221,0,0.00830399,6,10.3,-0.211159,-2,1,0.499658,0.000249967,0,0.00958681,0.00025332,0,0.0110893,7,10.3,2.99699,0.673819,1,-0.00857711,0.492671,0,0.0161231,-0.0883453,0,0.00876337,8,10.3,0.999988,0.989174,1,-0.000112411,-0.187803,0,0.000659376,-0.125356,0,0.0122863,9,10.3,-3,-1.56715,1,0,-0.499933,0,0,0.00267476,0,0.00588198,10,10.3,-2.66743,1.0156,1,-0.493096,-0.0244375,0,0.0867099,-0.0315607,0,0.009804,11,10.3,-2.0005,-1.76155,1,0.00457838,0.369835,0,-0.0163913,0.0253692,0,0.0153746,12,10.3,0.237677,2.99617,1,0.419699,-0.00887439,0,0.265956,0.0301898,0,0.00729019,13,10.3,0.847722,1.99803,1,-0.5,0.00108257,0,0,0.00615418,0,0.0127149,14,10.3,-1.0146,-0.71267,1,-0.031198,0.499367,0,0.212781,0.0206418,0,0.012998,15,10.3,0.719394,-2.15417,1,0.437958,-0.47034,0,-0.278745,-0.36265,0,0.011745,16,10.3,1.03693,-1.27507,1,-0.0456776,0.471949,0,-0.0571609,-0.19931,0,0.0101665,17,10.3,3.39399e-06,-0.00970399,1,-6.27981e-06,-0.106025,0,7.38156e-06,-0.616744,0,0.0133417,18,10.3,-1.9996,2.00345,1,-0.0019934,-0.023568,0,0.00280142,0.0368208,0,0.00930038,19,10.3,-1.99997,3,1,-0.000103749,0,0,6.70552e-05,0,0,0.0043134,20,10.3,3,-1.56499,1,0,-0.144046,0,0,1,0,0.00527284,21,10.3,1.98635,-0.628847,1,-0.0129035,-0.497189,0,0.0839457,0.0585876,0,0.0107576,22,10.3,2.00103,0.313755,1,-0.0035841,-0.488537,0,0.00478327,0.114935,0,0.0130862,23,10.3,-1,3,1,1.30385e-05,1.08033e-05,0,1.49012e-05,-0.000163913,0,0.00561774,24,10.3,-2.32124,-2.99511,1,0.491438,0.00488944,0,-0.0985563,-0.027582,0,0.00733261,25,10.3,1.9989,3,1,-0.0132086,0,0,0.0450388,0,0,0.00458795,26,10.3,-2.29533,0.000418296,1,-0.5,-0.000168131,0,0,-0.0010583,0,0.0133276,27,10.3,-3,-0.565949,1,0,-0.499938,0,0,0.00245497,0,0.00816498,28,10.3,0.0127563,1.33452,1,-0.0129139,-0.494762,0,-0.0558911,0.0709742,0,0.0123001,29,10.3,1.02547,2.75111,1,0.0516769,-0.433238,0,0.1674,-0.285074,0,0.0111133,30,10.3,0.346325,-1.00954,1,-0.495307,-0.0731362,0,0.0884291,-0.475116,0,0.0117977,31,10.3,2.63185,-0.902544,1,0.474417,0.393521,0,-0.178382,0.768606,0,0.00733241,32,10.3,-3,-2.58211,1,0,-0.499696,0,0,0.00980496,0,0.00574985,33,10.3,-0.999983,2.01588,1,-9.16421e-05,-0.00763386,0,9.68575e-05,-0.12821,0,0.00816205,34,10.3,0.989194,0.023415,1,-0.0958344,-0.173071,0,-0.514075,0.456675,0,0.0120695,35,10.3,-0.980517,0.258417,1,0.0783341,0.465422,0,0.104897,0.173567,0,0.0120289
0,10.4,0.195335,-2.99706,1,-0.434297,0.00635982,0,0.343211,-0.0185966,0,0.00895541,1,10.4,1.99954,-2.7372,1,0.00223815,-0.4682,0,-0.00470877,0.217557,0,0.0086838,2,10.4,-1.00087,-2.23262,1,0.00176728,0.450718,0,-0.000953674,-0.267386,0,0.0105258,3,10.4,-1.22238,1.00007,1,-0.500003,0.00013411,0,5.96046e-05,-0.000715256,0,0.0133067,4,10.4,-1.70941,-1.00069,1,0.478658,-0.00374913,0,0.188291,0.00661612,0,0.0157395,5,10.4,-0.713131,-2.99996,1,-0.488442,0.000184774,0,0.138223,-0.000119209,0,0.00826505,6,10.4,-0.161167,-1.99997,1,0.5,0.0002563,0,3.57628e-06,-5.96046e-05,0,0.0144386,7,10.4,2.99623,0.722521,1,-0.00654459,0.480054,0,0.0234842,-0.166714,0,0.00784409,8,10.4,0.999981,0.969582,1,-2.38419e-05,-0.205462,0,0.00116229,-0.211954,0,0.0180607,9,10.4,-3,-1.61711,1,0,-0.498933,0,0,0.0213385,0,0.00642173,10,10.4,-2.71617,1.01304,1,-0.480449,-0.0264287,0,0.169039,-0.0090003,0,0.00871046,11,10.4,-2.00012,-1.72439,1,0.00301301,0.373432,0,-0.01508,0.0357628,0,0.0131041,12,10.4,0.280985,2.99545,1,0.446275,-0.00527501,0,0.255287,0.0404119,0,0.00576026,13,10.4,0.797723,1.99817,1,-0.5,0.00159442,0,-2.98023e-05,0.00417233,0,0.0129261,14,10.4,-1.01674,-0.662685,1,-0.0124514,0.5,0,0.163317,2.98023e-05,0,0.0119013,15,10.4,0.761717,-2.20259,1,0.407782,-0.493878,0,-0.322551,-0.122547,0,0.0106406,16,10.4,1.03213,-1.229,1,-0.0499129,0.448221,0,-0.0279546,-0.275314,0,0.00987409,17,10.4,2.80121e-06,-0.0235555,1,-5.59111e-06,-0.172072,0,6.46924e-06,-0.68132,0,0.0127788,18,10.4,-1.99978,2.00129,1,-0.00168383,-0.0195146,0,0.00333786,0.0435114,0,0.0094003,19,10.4,-1.99998,3,1,-9.53674e-05,0,0,0.000178814,0,0,0.00471891,20,10.4,3,-1.57439,1,0,-0.0440449,0,0,0.999987,0,0.00473456,21,10.4,1.98547,-0.67816,1,-0.00484586,-0.4879,0,0.0766516,0.128627,0,0.0103705,22,10.4,2.0007,0.265603,1,-0.0030756,-0.473185,0,0.00536442,0.194043,0,0.0112415,23,10.4,-1,3,1,1.49012e-05,0,0,0,-0.000119209,0,0.00695245,24,10.4,-2.27272,-2.99476,1,0.477731,0.00211,0,-0.17786,-0.0276566,0,0.00762683,25,10.4,1.9978,3,1,-0.00885427,0,0,0.0417233,0,0,0.00689273,26,10.4,-2.34533,0.000396552,1,-0.5,-0.000263132,0,0,-0.000841363,0,0.0125356,27,10.4,-3,-0.615911,1,0,-0.499016,0,0,0.0196695,0,0.00679237,28,10.4,0.0112278,1.28551,1,-0.0172514,-0.48399,0,-0.031596,0.14776,0,0.0122059,29,10.4,1.03141,2.70636,1,0.0662476,-0.461334,0,0.118792,-0.262618,0,0.0101719,30,10.4,0.297378,-1.01938,1,-0.482215,-0.124621,0,0.172943,-0.53966,0,0.012103,31,10.4,2.6783,-0.859823,1,0.453627,0.456022,0,-0.235558,0.477433,0,0.00614046,32,10.4,-3,-2.63198,1,0,-0.497001,0,0,0.0505447,0,0.00530253,33,10.4,-0.999992,2.01456,1,-7.89762e-05,-0.0180423,0,0.000119209,-0.0809431,0,0.00875437,34,10.4,0.97698,0.0083267,1,-0.148635,-0.129387,0,-0.526696,0.415252,0,0.014738,35,10.4,-0.972346,0.305841,1,0.0833064,0.482785,0,-0.00247359,0.158578,0,0.0111383
0,10.5,0.153747,-2.99653,1,-0.396268,0.00428595,0,0.41449,-0.0222176,0,0.00895541,1,10.5,1.99974,-2.78274,1,0.00177715,-0.440912,0,-0.0044927,0.324428,0,0.0086838,2,10.5,-1.0007,-2.18904,1,0.00164807,0.419429,0,-0.00140071,-0.354663,0,0.0105258,3,10.5,-1.27238,1.00008,1,-0.5,6.89179e-05,0,7.45058e-06,-0.000581145,0,0.0133067,4,10.5,-1.66075,-1.00102,1,0.493051,-0.00301264,0,0.0986084,0.00797212,0,0.0157395,5,10.5,-0.761078,-2.99994,1,-0.468516,0.000159815,0,0.257045,-0.000342727,0,0.00826505,6,10.5,-0.111167,-1.99995,1,0.5,0.000239536,0,2.98023e-07,-0.00025332,0,0.0144386,7,10.5,2.9957,0.769505,1,-0.00407808,0.457824,0,0.0253469,-0.274848,0,0.00784409,8,10.5,0.999985,0.947834,1,9.90927e-05,-0.230554,0,0.00142306,-0.275638,0,0.0180607,9,10.5,-3,-1.66682,1,0,-0.49443,0,0,0.0737384,0,0.00642173,10,10.5,-2.76317,1.01038,1,-0.457658,-0.0263892,0,0.283554,0.0089258,0,0.00871046,11,10.5,-1.99989,-1.68653,1,0.00166669,0.386732,0,-0.0120848,0.211835,0,0.0131041,12,10.5,0.326863,2.99511,1,0.470701,-0.00167303,0,0.221258,0.0317842,0,0.00576026,13,10.5,0.747723,1.99835,1,-0.5,0.00192448,0,0,0.00248849,0,0.0129261,14,10.5,-1.01725,-0.612685,1,0.0015771,0.5,0,0.118472,0,0,0.0119013,15,10.5,0.80082,-2.25235,1,0.373699,-0.499618,0,-0.35676,-0.0152737,0,0.0106406,16,10.5,1.02705,-1.1857,1,-0.0512328,0.416223,0,0.000596046,-0.360839,0,0.00987409,17,10.5,2.27422e-06,-0.0442683,1,-4.95097e-06,-0.242768,0,6.32413e-06,-0.716616,0,0.0127788,18,10.5,-1.99994,1.99956,1,-0.00133943,-0.0150623,0,0.00350922,0.0448897,0,0.0094003,19,10.5,-1.99999,3,1,-7.7486e-05,0,0,0.000178814,0,0,0.00471891,20,10.5,3,-1.5738,1,0,0.0559546,0,0,1,0,0.00473456,21,10.5,1.98534,-0.726747,1,0.00195224,-0.487117,0,0.059627,-0.0695772,0,0.0103705,22,10.5,2.00042,0.219086,1,-0.00253394,-0.458546,0,0.00542402,0.109219,0,0.0112415,23,10.5,-1,3,1,1.39698e-05,-9.68575e-06,0,-2.23517e-05,-5.96046e-05,0,0.00695245,24,10.5,-2.22602,-2.99468,1,0.454454,-0.000490248,0,-0.284523,-0.0241399,0,0.00762683,25,10.5,1.99712,3,1,-0.00495836,0,0,0.0360012,0,0,0.00689273,26,10.5,-2.39533,0.000366475,1,-0.5,-0.000334088,0,0,-0.000582742,0,0.0125356,27,10.5,-3,-0.665641,1,0,-0.494725,0,0,0.0712834,0,0.00679237,28,10.5,0.00938058,1.23805,1,-0.0193539,-0.463536,0,-0.0112751,0.258483,0,0.0122059,29,10.5,1.03836,2.65905,1,0.0703746,-0.483412,0,-0.0283644,-0.17415,0,0.0101719,30,10.5,0.250164,-1.03468,1,-0.460708,-0.182462,0,0.254936,-0.602558,0,0.012103,31,10.5,2.7224,-0.812321,1,0.427577,0.48938,0,-0.283524,0.199765,0,0.00614046,32,10.5,-3,-2.68133,1,0,-0.488826,0,0,0.116751,0,0.00530253,33,10.5,-0.999999,2.01242,1,-6.50994e-05,-0.0240918,0,0.000152737,-0.0414699,0,0.00875437,34,10.5,0.959408,-0.00262689,1,-0.203173,-0.0906064,0,-0.548515,0.360003,0,0.014738,35,10.5,-0.964221,0.354783,1,0.0774261,0.494727,0,-0.108741,0.0797845,0,0.0111383
0,10.6,0.116289,-2.99621,1,-0.352005,0.00202656,0,0.467576,-0.0225306,0,0.00784257,1,10.6,1.9999,-2.82506,1,0.00134408,-0.404078,0,-0.00405312,0.408411,0,0.0079571,2,10.6,-1.00054,-2.14898,1,0.00149012,0.380528,0,-0.00172853,-0.419855,0,0.010778,3,10.6,-1.32238,1.00008,1,-0.500003,1.49012e-05,0,5.96046e-05,-0.000476837,0,0.0123353,4,10.6,-1.61109,-1.00128,1,0.498852,-0.00217855,0,0.0229478,0.00858307,0,0.0125044,5,10.6,-0.806472,-2.99993,1,-0.437704,0.000119209,0,0.35575,-0.000476837,0,0.00867454,6,10.6,-0.0611674,-1.99993,1,0.5,0.000205636,0,0,-0.000357628,0,0.0121286,7,10.6,2.99542,0.813756,1,-0.0015676,0.42571,0,0.0245571,-0.364184,0,0.00697429,8,10.6,1,0.923393,1,0.000280142,-0.258066,0,0.00238419,-0.263512,0,0.0155171,9,10.6,-3,-1.71577,1,0,-0.483364,0,0,0.15074,0,0.00823836,10,10.6,-2.80736,1.00781,1,-0.424403,-0.0248075,0,0.378013,0.0219345,0,0.00821726,11,10.6,-1.99978,-1.64664,1,0.000557303,0.412491,0,-0.0103116,0.288606,0,0.0133222,12,10.6,0.374912,2.99509,1,0.488874,0.00110865,0,0.137657,0.0239611,0,0.00766964,13,10.6,0.697722,1.99855,1,-0.5,0.00209808,0,-2.98023e-05,0.00113249,0,0.0121269,14,10.6,-1.01656,-0.562685,1,0.0114769,0.5,0,0.0806451,2.98023e-05,0,0.0120638,15,10.6,0.836366,-2.30234,1,0.336878,-0.5,0,-0.377506,0,0,0.00779762,16,10.6,1.02197,-1.146,1,-0.0499815,0.3768,0,0.0235438,-0.424027,0,0.0120152,17,10.6,1.81044e-06,-0.0720753,1,-4.32814e-06,-0.312517,0,6.12312e-06,-0.665579,0,0.0149241,18,10.6,-2.00005,1.99828,1,-0.000995398,-0.0106484,0,0.00345707,0.0428557,0,0.0107823,19,10.6,-1.99999,3,1,-5.96046e-05,0,0,0.000119209,0,0,0.00426528,20,10.6,3,-1.5632,1,0,0.155956,0,0,0.999987,0,0.00478402,21,10.6,1.98581,-0.775868,1,0.00714362,-0.495319,0,0.0445843,-0.0728965,0,0.0110574,22,10.6,2.00019,0.17371,1,-0.00199676,-0.449442,0,0.00524521,0.0813454,0,0.0112072,23,10.6,-0.999999,3,1,1.19209e-05,-1.19209e-05,0,-2.98023e-05,0,0,0.00628821,24,10.6,-2.18215,-2.99484,1,0.421476,-0.00268221,0,-0.371695,-0.0196695,0,0.00953157,25,10.6,1.99679,3,1,-0.00168681,0,0,0.0294447,0,0,0.00743147,26,10.6,-2.44533,0.000330546,1,-0.5,-0.000380673,0,0,-0.000353873,0,0.0109092,27,10.6,-3,-0.714638,1,0,-0.483921,0,0,0.148118,0,0.00718107,28,10.6,0.00741672,1.19315,1,-0.0196629,-0.432882,0,0.00435065,0.351489,0,0.0126455,29,10.6,1.04507,2.61001,1,0.0620544,-0.495863,0,-0.131011,-0.0765324,0,0.0105183,30,10.6,0.205487,-1.05594,1,-0.431683,-0.242499,0,0.323288,-0.586331,0,0.0128383,31,10.6,2.76368,-0.762741,1,0.397301,0.499143,0,-0.320435,0.0171363,0,0.00591375,32,10.6,-3,-2.72949,1,0,-0.473064,0,0,0.200391,0,0.00559836,33,10.6,-1,2.00986,1,-5.06639e-05,-0.0266135,0,0.000178814,-0.010252,0,0.00893046,34,10.6,0.936419,-0.00998153,1,-0.255598,-0.057429,0,-0.488162,0.303464,0,0.0146339,35,10.6,-0.957153,0.404534,1,0.0627577,0.499225,0,-0.179023,0.0154823,0,0.0108113
0,10.7,0.0834912,-2.99612,1,-0.303429,-0.000111759,0,0.499543,-0.0199974,0,0.00784257,1,10.7,2.00172,-2.86329,1,0.0486298,-0.359241,0,0.812866,0.481769,0,0.0079571,2,10.7,-1.0004,-2.1131,1,0.00130739,0.336416,0,-0.0018999,-0.459239,0,0.010778,3,10.7,-1.37238,1.00037,1,-0.5,0.0084646,0,7.45058e-06,0.158563,0,0.0123353,4,10.7,-1.56114,-1.00146,1,0.499928,-0.00134241,0,0.00286847,0.00809878,0,0.0125044,5,10.7,-0.848335,-2.99992,1,-0.398352,6.96629e-05,0,0.428103,-0.000521541,0,0.00867454,6,10.7,-0.0111674,-1.99991,1,0.5,0.000166334,0,1.49012e-07,-0.000424683,0,0.0121286,7,10.7,2.99538,0.853868,1,0.000759214,0.370932,0,0.0216961,-0.70085,0,0.00697429,8,10.7,1.00004,0.896277,1,0.000500493,-0.283949,0,0.00219792,-0.245102,0,0.0155171,9,10.7,-2.99901,-1.76313,1,0.0286449,-0.461562,0,0.531897,0.279464,0,0.00823836,10,10.7,-2.8473,1.00546,1,-0.369039,-0.0221673,0,0.699863,0.0302196,0,0.00821726,11,10.7,-1.99977,-1.60393,1,-0.00027474,0.441538,0,-0.00647455,0.281975,0,0.0133222,12,10.7,0.424327,2.99531,1,0.497951,0.00313185,0,0.0490322,0.0167042,0,0.00766964,13,10.7,0.647722,1.99876,1,-0.5,0.00214968,0,0,-5.21541e-05,0,0.0121269,14,10.7,-1.01506,-0.512685,1,0.0179406,0.5,0,0.0496358,-2.08616e-06,0,0.0120638,15,10.7,0.868151,-2.35234,1,0.298701,-0.5,0,-0.384316,0,0,0.00779762,16,10.7,1.01712,-1.11051,1,-0.0467429,0.332372,0,0.0404194,-0.461385,0,0.0120152,17,10.7,1.40792e-06,-0.106572,1,-3.72584e-06,-0.376266,0,5.90691e-06,-0.596817,0,0.0149241,18,10.7,-2.00136,1.99742,1,-0.0358127,-0.00666976,0,-0.638366,0.0368208,0,0.0107823,19,10.7,-2,3,1,-4.76837e-05,0,0,0.000119209,0,0,0.00426528,20,10.7,3,-1.54264,1,0,0.254548,0,0,0.957169,0,0.00478402,21,10.7,1.98672,-0.825653,1,0.0108683,-0.499448,0,0.0303015,-0.0168867,0,0.0110574,22,10.7,2.00002,0.128835,1,-0.00150036,-0.450921,0,0.00467151,-0.0904454,0,0.0112072,23,10.7,-0.998779,3,1,0.0350073,-1.15484e-05,0,0.638902,1.49012e-05,0,0.00628821,24,10.7,-2.14197,-2.9952,1,0.381052,-0.0043951,0,-0.433773,-0.0145435,0,0.00953157,25,10.7,1.99675,2.99877,1,0.000847317,-0.0352468,0,0.0215545,-0.643089,0,0.00743147,26,10.7,-2.49533,0.000659035,1,-0.5,0.0102428,0,0,0.197421,0,0.0109092,27,10.7,-3,-0.762098,1,0,-0.463434,0,0,0.2588,0,0.00718107,28,10.7,0.00604324,1.15176,1,-0.0027724,-0.393435,0,0.306881,0.432394,0,0.0126455,29,10.7,1.05053,2.56018,1,0.0465233,-0.499664,0,-0.175655,-0.0118911,0,0.0105183,30,10.7,0.163937,-1.08306,1,-0.39924,-0.299127,0,0.327753,-0.54051,0,0.0128383,31,10.7,2.80145,-0.712775,1,0.354975,0.499946,0,-0.512958,0.00214949,0,0.00591375,32,10.7,-3,-2.77518,1,0,-0.435155,0,0,0.533208,0,0.00559836,33,10.7,-1.00001,2.00771,1,-3.37139e-05,-0.0114571,0,0.000156462,0.284538,0,0.00893046,34,10.7,0.908398,-0.014311,1,-0.304661,-0.0301745,0,-0.478934,0.242578,0,0.0146339,35,10.7,-0.951524,0.454504,1,0.0520999,0.499951,0,-0.0419915,0.00193529,0,0.0108113
0,10.8,0.0556676,-2.99622,1,-0.252925,-0.00192523,0,0.506675,-0.0163317,0,0.00788521,1,10.8,2.01115,-2.89673,1,0.142926,-0.308943,0,0.999928,0.518441,0,0.00693126,2,10.8,-1.00028,-2.0818,1,0.00110865,0.289303,0,-0.00190735,-0.479937,0,0.0110692,3,10.8,-1.42238,1.0022,1,-0.500003,0.0296891,0,5.96046e-05,0.256538,0,0.0132613,4,10.8,-1.51114,-1.00156,1,0.500003,-0.000569224,0,-5.96046e-05,0.00739098,0,0.0110662,5,10.8,-0.885933,-2.99991,1,-0.352746,1.78814e-05,0,0.480592,-0.000476837,0,0.0092284,6,10.8,0.0388326,-1.99989,1,0.5,0.00012219,0,-2.38419e-06,-0.000476837,0,0.0133484,7,10.8,2.99556,0.88711,1,0.00272393,0.291063,0,0.0174046,-0.871837,0,0.00813682,8,10.8,1.0001,0.866748,1,0.000751019,-0.30552,0,0.00298023,-0.179738,0,0.0171872,9,10.8,-2.99289,-1.80771,1,0.0988066,-0.428587,0,0.836611,0.374615,0,0.00944875,10,10.8,-2.88037,1.0034,1,-0.28975,-0.0188828,0,0.862002,0.0349283,0,0.00793136,11,10.8,-1.99982,-1.55844,1,-0.00076592,0.467232,0,-0.00339746,0.225723,0,0.0118268,12,10.8,0.474266,2.9957,1,0.5,0.00448227,0,2.98023e-05,0.0106096,0,0.00700386,13,10.8,0.597722,1.99897,1,-0.5,0.00209808,0,-2.98023e-05,-0.00101328,0,0.012209,14,10.8,-1.01307,-0.462685,1,0.0215948,0.5,0,0.0244379,-1.43051e-05,0,0.0131156,15,10.8,0.8961,-2.40234,1,0.260337,-0.5,0,-0.38144,0,0,0.00951375,16,10.8,1.01267,-1.07962,1,-0.0420541,0.285143,0,0.0525713,-0.480115,0,0.012482,17,10.8,1.06439e-06,-0.146987,1,-3.14974e-06,-0.429861,0,5.60132e-06,-0.467472,0,0.0158906,18,10.8,-2.00877,1.99692,1,-0.117493,-0.00326335,0,-0.944734,0.0314713,0,0.0130982,19,10.8,-2,3,1,-2.98023e-05,0,0,0,0,0,0.00620249,20,10.8,3,-1.51259,1,0,0.344199,0,0,0.81861,0,0.00493691,21,10.8,1.98794,-0.875639,1,0.0132799,-0.5,0,0.0182986,-2.98023e-05,0,0.0105179,22,10.8,1.99989,0.0831436,1,-0.00106096,-0.463978,0,0.00405312,-0.155648,0,0.0136612,23,10.8,-0.991449,2.99999,1,0.116681,-1.19209e-05,0,0.944406,0.000119209,0,0.00660472,24,10.8,-2.10612,-2.9957,1,0.335348,-0.00557899,0,-0.477076,-0.00905991,0,0.00859921,25,10.8,1.99694,2.9914,1,0.00268817,-0.117356,0,0.0154376,-0.948191,0,0.00980032,26,10.8,-2.54533,0.00289064,1,-0.5,0.0362597,0,0,0.309881,0,0.0104788,27,10.8,-3,-0.806985,1,0,-0.432751,0,0,0.351757,0,0.00698115,28,10.8,0.00761759,1.11468,1,0.0368739,-0.347361,0,0.464229,0.484467,0,0.0134976,29,10.8,1.05426,2.51018,1,0.0276595,-0.5,0,-0.198126,0,0,0.0092998,30,10.8,0.125674,-1.11556,1,-0.36576,-0.349584,0,0.343364,-0.464201,0,0.0134518,31,10.8,2.83416,-0.662776,1,0.297171,0.5,0,-0.63169,2.98023e-05,0,0.00725274,32,10.8,-3,-2.81565,1,0,-0.370926,0,0,0.730634,0,0.00540796,33,10.8,-1.00001,2.00828,1,-1.78814e-05,0.0251532,0,0.000119209,0.424862,0,0.0115808,34,10.8,0.875649,-0.0162098,1,-0.348912,-0.00871988,0,-0.395566,0.187499,0,0.0168811,35,10.8,-0.946352,0.504503,1,0.0528902,0.500001,0,0.0509322,-2.98023e-05,0,0.0137669
0,10.9,0.0328901,-2.99649,1,-0.2029,-0.00332184,0,0.49036,-0.0115782,0,0.00788521,1,10.9,2.03044,-2.92501,1,0.242826,-0.256562,0,0.996083,0.524312,0,0.00693126,2,10.9,-1.00018,-2.05528,1,0.000915863,0.24107,0,-0.0019297,-0.481248,0,0.0110692,3,10.9,-1.47238,1.00682,1,-0.5,0.0660587,0,7.45058e-06,0.453755,0,0.0132613,4,10.9,-1.46114,-1.00158,1,0.5,0.000120513,0,-7.45058e-06,0.00637025,0,0.0110662,5,10.9,-0.918744,-2.99991,1,-0.302957,-2.6077e-05,0,0.510659,-0.00038743,0,0.0092284,6,10.9,0.0888326,-1.99988,1,0.5,7.46921e-05,0,1.49012e-07,-0.000469387,0,0.0133484,7,10.9,2.99591,0.911609,1,0.00419877,0.197071,0,0.0121146,-0.983983,0,0.00813682,8,10.9,1.00019,0.835325,1,0.00103079,-0.322491,0,0.00281632,-0.152167,0,0.0171872,9,10.9,-2.97851,-1.84858,1,0.191148,-0.387597,0,0.979573,0.440545,0,0.00944875,10,10.9,-2.90477,1.00169,1,-0.196218,-0.0152986,0,0.982746,0.0362098,0,0.00793136,11,10.9,-1.99991,-1.51072,1,-0.000988878,0.485784,0,-0.00118464,0.143923,0,0.0118268,12,10.9,0.524266,2.99619,1,0.5,0.00527687,0,0,0.00546873,0,0.00700386,13,10.9,0.547722,1.99918,1,-0.5,0.00196323,0,0,-0.00165403,0,0.012209,14,10.9,-1.01082,-0.412694,1,0.0229994,0.499618,0,0.0045076,-0.0118035,0,0.0131156,15,10.9,0.920246,-2.45234,1,0.22281,-0.5,0,-0.367966,0,0,0.00951375,16,10.9,1.00874,-1.05351,1,-0.0363866,0.23699,0,0.0599846,-0.479512,0,0.012482,17,10.9,7.76744e-07,-0.192021,1,-2.61028e-06,-0.467955,0,5.18017e-06,-0.296098,0,0.0158906,18,10.9,-2.02535,1.99674,1,-0.214903,-0.00053253,0,-0.993088,0.0233576,0,0.0130982,19,10.9,-2.00001,3,1,-2.79397e-05,0,0,4.47035e-05,0,0,0.00620249,20,10.9,3,-1.47445,1,0,0.414868,0,0,0.594199,0,0.00493691,21,10.9,1.98934,-0.925639,1,0.0145948,-0.5,0,0.0083372,0,0,0.0105179,22,10.9,1.9998,0.0359325,1,-0.000691228,-0.480219,0,0.00334531,-0.15507,0,0.0136612,23,10.9,-0.974951,2.99999,1,0.214074,-1.86265e-06,0,0.993054,7.45058e-05,0,0.00660472,24,10.9,-2.07501,-2.9963,1,0.286312,-0.00621341,0,-0.499457,-0.00376999,0,0.00859921,25,10.9,1.99727,2.97482,1,0.00389442,-0.214928,0,0.0089258,-0.99352,0,0.00980032,26,10.9,-2.59531,0.00830499,1,-0.499143,0.0740399,0,0.0227392,0.430891,0,0.0104788,27,10.9,-3,-0.848379,1,0,-0.39399,0,0,0.420578,0,0.00698115,28,10.9,0.0139939,1.08242,1,0.0936646,-0.29749,0,0.645495,0.508718,0,0.0134976,29,10.9,1.05603,2.46018,1,0.0076605,-0.5,0,-0.199191,0,0,0.0092998,30,10.9,0.09081,-1.15283,1,-0.331517,-0.395576,0,0.343491,-0.444137,0,0.0134518,31,10.9,2.86039,-0.612776,1,0.224689,0.5,0,-0.802025,0,0,0.00725274,32,10.9,-3,-2.84857,1,0,-0.283552,0,0,0.966325,0,0.00540796,33,10.9,-1.00002,2.01344,1,-0.000104308,0.0824224,0,-0.00204146,0.68818,0,0.0115808,34,10.9,0.838809,-0.0162464,1,-0.387387,0.00701762,0,-0.365302,0.129289,0,0.0168811,35,10.9,-0.940297,0.554503,1,0.0727306,0.499989,0,0.323098,-0.000454485,0,0.0137669
0,11,0.0150008,-2.99687,1,-0.155465,-0.00424981,0,0.455664,-0.00691414,0,0.00958948,1,11,2.05967,-2.94807,1,0.341362,-0.204957,0,0.968695,0.503778,0,0.00687814,2,11,-1.0001,-2.03356,1,0.000724196,0.193697,0,-0.00184774,-0.463486,0,0.00949082,3,11,-1.52238,1.01591,1,-0.500003,0.117263,0,5.96046e-05,0.555694,0,0.0139368,4,11,-1.41114,-1.00153,1,0.500003,0.000700355,0,-5.96046e-05,0.00524521,0,0.0109152,5,11,-0.946468,-2.99992,1,-0.251459,-5.96046e-05,0,0.515372,-0.000357628,0,0.00963151,6,11,0.138833,-1.99988,1,0.5,3.27826e-05,0,0,-0.000536442,0,0.0126002,7,11,2.99638,0.926348,1,0.00514984,0.0974715,0,0.00703335,-1.00002,0,0.00676714,8,11,1.00031,0.802412,1,0.00134706,-0.334667,0,0.00363588,-0.0859499,0,0.0176337,9,11,-2.95444,-1.88506,1,0.290632,-0.341359,0,1.00017,0.480175,0,0.0105004,10,11,-2.91942,1.00034,1,-0.0966549,-0.0117406,0,1.00017,0.0345409,0,0.00755121,11,11,-2.00001,-1.46156,1,-0.00101924,0.496113,0,0.000357628,0.0650883,0,0.0137734,12,11,0.574266,2.99674,1,0.5,0.0056088,0,2.98023e-05,0.0013113,0,0.0060804,13,11,0.497722,1.99937,1,-0.5,0.00177324,0,1.43051e-05,-0.00202656,0,0.0125461,14,11,-1.00853,-0.362846,1,0.0226587,0.496676,0,-0.0104904,-0.0525266,0,0.0133957,15,11,0.940718,-2.50234,1,0.186951,-0.5,0,-0.3483,0,0,0.00997767,16,11,1.00541,-1.03219,1,-0.0302076,0.189865,0,0.0628829,-0.460207,0,0.0119382,17,11,5.40861e-07,-0.240033,1,-2.11509e-06,-0.489793,0,4.71756e-06,-0.146121,0,0.0150735,18,11,-2.05183,1.99679,1,-0.314724,0.00144839,0,-1.00017,0.0164509,0,0.00913629,19,11,-2.00001,3,1,-1.78814e-05,0,0,0,0,0,0.00525431,20,11,3,-1.43036,1,0,0.463194,0,0,0.374377,0,0.0050117,21,11,1.99083,-0.975639,1,0.0150114,-0.5,0,0.000298023,0,0,0.0103967,22,11,1.99975,-0.01278,1,-0.00039041,-0.493022,0,0.00274181,-0.0953937,0,0.0151941,23,11,-0.948557,2.99999,1,0.3139,5.96046e-06,0,1.00002,0,0,0.00788775,24,11,-2.04889,-2.99693,1,0.236237,-0.00636578,0,-0.498652,0.000834465,0,0.00742627,25,11,1.99769,2.94834,1,0.00451505,-0.31476,0,0.00375509,-1.00017,0,0.00646324,26,11,-2.64503,0.0179605,1,-0.494486,0.119728,0,0.0747442,0.470595,0,0.0131481,27,11,-3,-0.885583,1,0,-0.34924,0,0,0.471175,0,0.00780513,28,11,0.026708,1.05522,1,0.161287,-0.246406,0,0.686188,0.509441,0,0.012947,29,11,1.05582,2.41018,1,-0.0116974,-0.5,0,-0.185728,0,0,0.0100666,30,11,0.0593892,-1.1945,1,-0.296733,-0.436535,0,0.353502,-0.367641,0,0.0128549,31,11,2.87868,-0.562776,1,0.139725,0.5,0,-0.88346,2.98023e-05,0,0.00967902,32,11,-3,-2.87199,1,0,-0.184399,0,0,1.00017,0,0.00479632,33,11,-1.00004,2.02533,1,-0.000455976,0.156957,0,-0.005126,0.776529,0,0.0109992,34,11,0.798354,-0.0149805,1,-0.42045,0.0175247,0,-0.289351,0.0826814,0,0.0135673,35,11,-0.931117,0.604496,1,0.113311,0.499816,0,0.469387,-0.00366569,0,0.0133722
0,11.1,0.00165314,-2.99732,1,-0.112325,-0.00471845,0,0.405481,-0.002563,0,0.00958948,1,11.1,2.09821,-2.9661,1,0.424599,-0.156494,0,0.679955,0.462383,0,0.00687814,2,11.1,-1.00003,-2.01645,1,0.000546034,0.14899,0,-0.00170246,-0.428423,0,0.00949082,3,11.1,-1.57232,1.0308,1,-0.498092,0.183792,0,0.0405014,0.74707,0,0.0139368,4,11.1,-1.36125,-1.00144,1,0.496563,0.00115186,0,-0.0702068,0.0038147,0,0.0109152,5,11.1,-0.96906,-2.99992,1,-0.200702,-8.86619e-05,0,0.496339,-0.000238419,0,0.00963151,6,11.1,0.188833,-1.99988,1,0.5,-1.546e-05,0,8.9407e-07,-0.000424683,0,0.0126002,7,11.1,2.99692,0.9311,1,0.00558719,-0.00228276,0,0.00190735,-0.990149,0,0.00676714,8,11.1,1.00046,0.768401,1,0.00152364,-0.346368,0,0.000327826,-0.135157,0,0.0176337,9,11.1,-2.92056,-1.91678,1,0.384166,-0.292961,0,0.837207,0.485204,0,0.0105004,10,11.1,-2.92409,0.999333,1,0.00307895,-0.00845939,0,0.989035,0.0307038,0,0.00755121,11,11.1,-2.00011,-1.41174,1,-0.000931323,0.499466,0,0.0013113,0.00755489,0,0.0137734,12,11.1,0.624184,2.9973,1,0.497483,0.0055626,0,-0.0531338,-0.00205636,0,0.0060804,13,11.1,0.447722,1.99953,1,-0.499998,0.00155643,0,6.88434e-05,-0.00227988,0,0.0125461,14,11.1,-1.00633,-0.313301,1,0.0210641,0.495304,0,-0.0209585,0.0136774,0,0.0133957,15,11.1,0.957714,-2.55234,1,0.153412,-0.499981,0,-0.321835,0.000759959,0,0.00997767,16,11.1,1.0027,-1.01544,1,-0.023948,0.145543,0,0.0617504,-0.424065,0,0.0119382,17,11.1,3.52029e-07,-0.289544,1,-1.67065e-06,-0.498637,0,4.17241e-06,-0.0400207,0,0.0150735,18,11.1,-2.08797,1.99701,1,-0.404305,0.00279676,0,-0.766933,0.0107065,0,0.00913629,19,11.1,-2.00001,3,1,-1.60187e-05,0,0,4.47035e-05,0,0,0.00525431,20,11.1,3,-1.38251,1,0,0.49061,0,0,0.177957,0,0.0050117,21,11.1,1.99232,-1.02564,1,0.0147309,-0.5,0,-0.00566244,0,0,0.0103967,22,11.1,1.99972,-0.0624378,1,-0.000148453,-0.499012,0,0.00212342,-0.0284844,0,0.0151941,23,11.1,-0.912488,2.99999,1,0.40361,5.96046e-06,0,0.769321,0,0,0.00788775,24,11.1,-2.02773,-2.99756,1,0.187354,-0.00609159,0,-0.475898,0.00444055,0,0.00742627,25,11.1,1.99816,2.91219,1,0.00469554,-0.404337,0,7.45058e-06,-0.766844,0,0.00646324,26,11.1,-2.69393,0.032323,1,-0.481813,0.167643,0,0.176877,0.477983,0,0.0131481,27,11.1,-3,-0.91809,1,0,-0.300421,0,0,0.50085,0,0.00780513,28,11.1,0.046343,1.03309,1,0.231693,-0.196641,0,0.703473,0.48352,0,0.012947,29,11.1,1.05378,2.3603,1,-0.0285551,-0.496505,0,-0.151128,0.0712872,0,0.0100666,30,11.1,0.0316012,-1.23986,1,-0.25798,-0.468944,0,0.416374,-0.271365,0,0.0128549,31,11.1,2.88814,-0.512776,1,0.0487112,0.5,0,-0.928104,-2.08616e-06,0,0.00967902,32,11.1,-3,-2.88543,1,0,-0.0843905,0,0,1.00002,0,0.00479632,33,11.1,-1.00016,2.04509,1,-0.00246,0.239423,0,-0.0327751,0.847682,0,0.0109992,34,11.1,0.754878,-0.0128838,1,-0.448674,0.0237578,0,-0.266612,0.0436299,0,0.0135673,35,11.1,-0.917095,0.654316,1,0.169978,0.495133,0,0.641495,-0.0901632,0,0.0133722
0,11.2,-0.00764638,-2.9978,1,-0.0746367,-0.00479221,0,0.347264,0.00107288,0,0.00951008,1,11.2,2.14351,-2.97953,1,0.475979,-0.113004,0,0.349998,0.405312,0,0.00682478,2,11.2,-0.999986,-2.00362,1,0.00038445,0.1084,0,-0.00151992,-0.381827,0,0.0100384,3,11.2,-1.62184,1.05304,1,-0.491497,0.261733,0,0.0930429,0.79006,0,0.0194744,4,11.2,-1.31207,-1.00131,1,0.485739,0.00146627,0,-0.146866,0.002563,0,0.0105494,5,11.2,-0.986704,-2.99993,1,-0.152799,-0.000107288,0,0.459045,0,0,0.00918147,6,11.2,0.238833,-1.99988,1,0.5,-5.36442e-05,0,-1.43051e-05,-0.000357628,0,0.0107843,7,11.2,2.99748,0.926,1,0.00557303,-0.0985861,0,-0.00214577,-0.92116,0,0.00772386,8,11.2,1.00061,0.733095,1,0.00149012,-0.359423,0,-0.000655651,-0.11608,0,0.0152544,9,11.2,-2.87843,-1.94366,1,0.45343,-0.244802,0,0.535131,0.475824,0,0.00959832,10,11.2,-2.91893,0.998632,1,0.0989676,-0.00566542,0,0.912189,0.0249445,0,0.0100318,11,11.2,-2.0002,-1.36183,1,-0.000762939,0.497869,0,0.00178814,-0.0425577,0,0.0123746,12,11.2,0.67356,2.99784,1,0.488913,0.00522733,0,-0.120044,-0.00452995,0,0.00578345,13,11.2,0.397724,1.99968,1,-0.499972,0.00132024,0,0.000551343,-0.00238419,0,0.0133759,14,11.2,-1.00434,-0.263666,1,0.0185519,0.497602,0,-0.028789,0.0256002,0,0.017816,15,11.2,0.971495,-2.60233,1,0.122698,-0.499696,0,-0.292003,0.00619888,0,0.011528,16,11.2,1.00061,-1.00294,1,-0.0179529,0.105423,0,0.0576973,-0.376821,0,0.0122077,17,11.2,2.04928e-07,-0.339509,1,-1.28029e-06,-0.5,0,3.63665e-06,1.43051e-05,0,0.0134146,18,11.2,-2.13172,1.99734,1,-0.465143,0.00362098,0,-0.44477,0.00602007,0,0.00983999,19,11.2,-2.00001,3,1,-1.19209e-05,0,0,0.000119209,0,0,0.00467882,20,11.2,3,-1.33285,1,0,0.499642,0,0,0.00715256,0,0.00508724,21,11.2,1.99376,-1.07564,1,0.0139266,-0.500003,0,-0.0101328,5.96046e-05,0,0.0108928,22,11.2,1.99972,-0.112413,1,3.57628e-05,-0.5,0,0.00154972,3.57628e-06,0,0.0167423,23,11.2,-0.868801,3,1,0.46474,5.96046e-06,0,0.447839,0,0,0.00568317,24,11.2,-2.01131,-2.99814,1,0.141609,-0.00550747,0,-0.436902,0.00691414,0,0.00627267,25,11.2,1.99862,2.86844,1,0.00454783,-0.465167,0,-0.00280142,-0.444531,0,0.00728681,26,11.2,-2.74108,0.0514218,1,-0.459504,0.213578,0,0.267148,0.432974,0,0.011325,27,11.2,-3,-0.94561,1,0,-0.249887,0,0,0.506073,0,0.00805779,28,11.2,0.0729315,1.01579,1,0.298736,-0.150117,0,0.623375,0.445247,0,0.0130073,29,11.2,1.05022,2.31113,1,-0.0418842,-0.485533,0,-0.115275,0.148535,0,0.00977944,30,11.2,0.00795263,-1.2879,1,-0.214433,-0.489813,0,0.450003,-0.145137,0,0.0117494,31,11.2,2.88836,-0.462776,1,-0.0442684,0.5,0,-0.923514,-1.43051e-05,0,0.0127338,32,11.2,-3,-2.88887,1,0,0.0156045,0,0,1.00017,0,0.00585436,33,11.2,-1.0006,2.07322,1,-0.00660121,0.322157,0,-0.0481606,0.788689,0,0.0100988,34,11.2,0.70877,-0.0103431,1,-0.472444,0.0265619,0,-0.203997,0.0139177,0,0.0140072,35,11.2,-0.896762,0.703234,1,0.237514,0.481805,0,0.690788,-0.175983,0,0.014174
0,11.3,-0.0134795,-2.99827,1,-0.043085,-0.00453927,0,0.283749,0.0038296,0,0.00951008,1,11.3,2.19237,-2.98892,1,0.496868,-0.0758294,0,0.0926554,0.337169,0,0.00682478,2,11.3,-0.999955,-1.99408,1,0.000243634,0.0879256,0,-0.0012964,-0.054501,0,0.0100384,3,11.3,-1.67036,1.08329,1,-0.477219,0.34339,0,0.1892,0.804283,0,0.0194744,4,11.3,-1.26482,-1.00115,1,0.454072,0.00167098,0,-0.464961,0.00151247,0,0.0105494,5,11.3,-0.999772,-2.99995,1,-0.109441,-0.000105426,0,0.406533,4.47035e-05,0,0.00918147,6,11.3,0.288833,-1.99989,1,0.5,-8.41916e-05,0,0,-0.00025332,0,0.0107843,7,11.3,2.99802,0.911528,1,0.005202,-0.190438,0,-0.00506639,-0.897057,0,0.00772386,8,11.3,1.00075,0.696186,1,0.00132937,-0.381953,0,-0.00219792,-0.308491,0,0.0152544,9,11.3,-2.83098,-1.96581,1,0.49009,-0.198769,0,0.211403,0.443883,0,0.00959832,10,11.3,-2.90451,0.998167,1,0.188632,-0.00386182,0,0.869006,0.011526,0,0.0100318,11,11.3,-2.00026,-1.31207,1,-0.000580028,0.498305,0,0.00183284,0.0260845,0,0.0123746,12,11.3,0.722181,2.99834,1,0.486148,0.00468493,0,0.0387356,-0.00616908,0,0.00578345,13,11.3,0.347726,1.9998,1,-0.499984,0.00106841,0,-0.000346377,-0.00269711,0,0.0133759,14,11.3,-1.00264,-0.213797,1,0.0155577,0.499531,0,-0.030987,0.0115891,0,0.017816,15,11.3,0.982359,-2.6522,1,0.0951452,-0.496989,0,-0.258781,0.0542104,0,0.011528,16,11.3,0.999091,-0.994187,1,-0.0124956,0.0704999,0,0.0512078,-0.321019,0,0.0122077,17,11.3,9.41264e-08,-0.389509,1,-9.45121e-07,-0.5,0,3.07395e-06,0,0,0.0134146,18,11.3,-2.17992,1.99772,1,-0.493994,0.00403412,0,-0.150234,0.00236928,0,0.00983999,19,11.3,-2.00001,3,1,-1.49012e-06,0,0,8.9407e-05,0,0,0.00467882,20,11.3,3,-1.28309,1,0,0.493373,0,0,-0.130653,0,0.00508724,21,11.3,1.99509,-1.12564,1,0.0127535,-0.5,0,-0.0131428,7.45058e-06,0,0.0108928,22,11.3,1.99973,-0.162413,1,0.000166334,-0.5,0,0.00108033,-4.47035e-07,0,0.0167423,23,11.3,-0.820623,3,1,0.493871,5.96046e-06,0,0.152484,0,0,0.00568317,24,11.3,-1.99925,-2.99865,1,0.100485,-0.00472665,0,-0.384219,0.00852346,0,0.00627267,25,11.3,1.99906,2.82024,1,0.00417698,-0.494,0,-0.0045076,-0.150114,0,0.00728681,26,11.3,-2.78553,0.0748613,1,-0.427974,0.254244,0,0.358835,0.374923,0,0.011325,27,11.3,-3,-0.96809,1,0,-0.200003,0,0,0.488229,0,0.00805779,28,11.3,0.105753,1.0029,1,0.355862,-0.108645,0,0.513822,0.384476,0,0.0130073,29,11.3,1.04552,2.26345,1,-0.0516318,-0.466891,0,-0.0797212,0.224531,0,0.00977944,30,11.3,-0.0115221,-1.33741,1,-0.177686,-0.49863,0,0.292395,-0.0401139,0,0.0117494,31,11.3,2.87916,-0.412904,1,-0.140684,0.496164,0,-0.990435,-0.075668,0,0.0127338,32,11.3,-3,-2.88231,1,0,0.115613,0,0,1.00002,0,0.00585436,33,11.3,-1.00146,2.10924,1,-0.010029,0.396266,0,-0.0215098,0.670314,0,0.0100988,34,11.3,0.660624,-0.00765738,1,-0.489161,0.0267788,0,-0.126597,-0.00848751,0,0.0140072,35,11.3,-0.86961,0.750334,1,0.304785,0.45831,0,0.64664,-0.288814,0,0.014174
0,11.4,-0.0164743,-2.9987,1,-0.0178537,-0.00405312,0,0.221231,0.00560284,0,0.0092781,1,11.4,2.24229,-2.99493,1,0.5,-0.0457048,0,0,0.265121,0,0.00740337,2,11.4,-0.999937,-1.9852,1,0.00012517,0.0926942,0,-0.00110269,0.128508,0,0.0117753,3,11.4,-1.717,1.12142,1,-0.454298,0.41647,0,0.266135,0.634968,0,0.0173029,4,11.4,-1.22211,-1.00098,1,0.396731,0.00177026,0,-0.663519,0.000476837,0,0.0110828,5,11.4,-1.00878,-2.99996,1,-0.0717461,-0.000101328,0,0.346422,0.000119209,0,0.00836124,6,11.4,0.338833,-1.9999,1,0.5,-0.000104308,0,-1.43051e-05,-0.000178814,0,0.0108112,7,11.4,2.99851,0.888168,1,0.00459552,-0.274716,0,-0.00691414,-0.774443,0,0.00762434,8,11.4,1.00087,0.656306,1,0.00111163,-0.416568,0,-0.00184774,-0.364333,0,0.0126625,9,11.4,-2.78132,-1.98353,1,0.499672,-0.1562,0,0.00655651,0.406802,0,0.0110723,10,11.4,-2.88146,0.997819,1,0.270611,-0.00328124,0,0.76139,0.000506639,0,0.0125363,11,11.4,-2.00031,-1.26214,1,-0.000393391,0.499955,0,0.00178814,0.00089407,0,0.0130799,12,11.4,0.771085,2.99877,1,0.492463,0.00401735,0,0.071615,-0.00703335,0,0.00653801,13,11.4,0.297727,1.99989,1,-0.5,0.00077486,0,1.43051e-05,-0.00327826,0,0.0122977,14,11.4,-1.00124,-0.16381,1,0.0123769,0.5,0,-0.0324249,3.57628e-06,0,0.0177024,15,11.4,0.990637,-2.70151,1,0.0709802,-0.487804,0,-0.224411,0.133634,0,0.00909638,16,11.4,0.998085,-0.988645,1,-0.00775009,0.0412971,0,0.0434816,-0.262827,0,0.0102682,17,11.4,1.41e-08,-0.439509,1,-6.64067e-07,-0.5,0,2.55431e-06,1.43051e-05,0,0.0125278,18,11.4,-2.22975,1.99813,1,-0.500005,0.00412166,0,0.000119209,-0.000476837,0,0.00942684,19,11.4,-2.00001,3,1,5.96046e-06,0,0,0.000119209,0,0,0.00447812,20,11.4,3,-1.23462,1,0,0.473952,0,0,-0.255287,0,0.00606351,21,11.4,1.9963,-1.17564,1,0.0113338,-0.500003,0,-0.0151396,5.96046e-05,0,0.0110992,22,11.4,1.99975,-0.212413,1,0.0002563,-0.5,0,0.000655651,0,0,0.0135172,23,11.4,-0.770802,3,1,0.500001,5.96046e-06,0,-2.98023e-05,0,0,0.00737137,24,11.4,-1.99103,-2.99908,1,0.064978,-0.00383854,0,-0.325143,0.00917912,0,0.00741483,25,11.4,1.99945,2.77041,1,0.00366569,-0.5,0,-0.00572205,0,0,0.00892515,26,11.4,-2.82641,0.102027,1,-0.388628,0.287618,0,0.42367,0.288554,0,0.00922954,27,11.4,-3,-0.985702,1,0,-0.152837,0,0,0.452429,0,0.00843443,28,11.4,0.14369,0.993857,1,0.400597,-0.0731558,0,0.377178,0.32571,0,0.0134529,29,11.4,1.04001,2.21801,1,-0.0578582,-0.440657,0,-0.0450015,0.299454,0,0.00904734,30,11.4,-0.0280377,-1.38738,1,-0.154549,-0.500003,0,0.176913,5.96046e-05,0,0.00934171,31,11.4,2.86012,-0.363784,1,-0.240439,0.485082,0,-1.00017,-0.144824,0,0.0111484,32,11.4,-3,-2.86574,1,0,0.215608,0,0,1.00017,0,0.00540652,33,11.4,-1.00253,2.15188,1,-0.0111133,0.452918,0,-0.00119209,0.452757,0,0.00908415,34,11.4,0.611215,-0.00505139,1,-0.497675,0.0250709,0,-0.0464916,-0.0246985,0,0.014166,35,11.4,-0.836027,0.79457,1,0.365406,0.425015,0,0.55939,-0.37238,0,0.0139451
0,11.5,-0.0172556,-2.99908,1,0.0012328,-0.00342876,0,0.161538,0.00673532,0,0.0092781,1,11.5,2.29229,-2.9983,1,0.5,-0.0227962,0,0,0.193819,0,0.00740337,2,11.5,-0.999929,-1.97494,1,3.63216e-05,0.115445,0,-0.000603497,0.306152,0,0.0117753,3,11.5,-1.76098,1.16582,1,-0.424317,0.467258,0,0.33018,0.377953,0,0.0173029,4,11.5,-1.18638,-1.00081,1,0.313149,0.00155307,0,-0.95091,-0.00472367,0,0.0110828,5,11.5,-1.01433,-2.99997,1,-0.0403555,-8.9407e-05,0,0.281461,0.000119209,0,0.00836124,6,11.5,0.388833,-1.99991,1,0.5,-0.000117719,0,0,-8.9407e-05,0,0.0108112,7,11.5,2.99894,0.857071,1,0.00384934,-0.344747,0,-0.00785291,-0.625994,0,0.00762434,8,11.5,1.00097,0.612911,1,0.000868365,-0.450278,0,-0.00293553,-0.302281,0,0.0126625,9,11.5,-2.73133,-1.99719,1,0.499979,-0.117712,0,0.000819564,0.362605,0,0.0110723,10,11.5,-2.85065,0.997463,1,0.344472,-0.00410127,0,0.699759,-0.0155009,0,0.0125363,11,11.5,-2.00034,-1.21214,1,-0.00022538,0.499997,0,0.00156462,0.000111759,0,0.0130799,12,11.5,0.820663,2.99914,1,0.498503,0.00329427,0,0.0386313,-0.00734627,0,0.00653801,13,11.5,0.247727,1.99995,1,-0.5,0.000488199,0,-1.78814e-06,-0.00248104,0,0.0122977,14,11.5,-1.00016,-0.11381,1,0.00929013,0.5,0,-0.0293404,0,0,0.0177024,15,11.5,0.996673,-2.74942,1,0.0503528,-0.468299,0,-0.188384,0.253618,0,0.00909638,16,11.5,0.997513,-0.985731,1,-0.00382429,0.0179684,0,0.0350289,-0.204325,0,0.0102682,17,11.5,-4.03552e-08,-0.489509,1,-4.33048e-07,-0.5,0,2.0736e-06,-1.78814e-06,0,0.0125278,18,11.5,-2.27975,1.99854,1,-0.5,0.00396576,0,1.49012e-05,-0.00252575,0,0.00942684,19,11.5,-2.00001,3,1,1.56462e-05,0,0,5.96046e-05,0,0,0.00447812,20,11.5,3,-1.18871,1,0,0.442213,0,0,-0.373714,0,0.00606351,21,11.5,1.99735,-1.22564,1,0.00978522,-0.5,0,-0.0157356,7.45058e-06,0,0.0110992,22,11.5,1.99978,-0.262413,1,0.000306219,-0.5,0,0.000357628,8.9407e-07,0,0.0135172,23,11.5,-0.720802,3,1,0.5,5.96046e-06,0,3.72529e-06,0,0,0.00737137,24,11.5,-1.98605,-2.99942,1,0.0356125,-0.00292733,0,-0.262327,0.00891089,0,0.00741483,25,11.5,1.99979,2.72041,1,0.00306405,-0.5,0,-0.00624359,0,0,0.00892515,26,11.5,-2.86307,0.132215,1,-0.343805,0.315804,0,0.46818,0.267994,0,0.00922954,27,11.5,-3,-0.998804,1,0,-0.110055,0,0,0.40162,0,0.00843443,28,11.5,0.185628,0.988054,1,0.437727,-0.0440469,0,0.351046,0.257902,0,0.0134529,29,11.5,1.03407,2.17558,1,-0.0605416,-0.406504,0,-0.00971556,0.379682,0,0.00904734,30,11.5,-0.042883,-1.43738,1,-0.14486,-0.5,0,0.0265114,7.45058e-06,0,0.00934171,31,11.5,2.83116,-0.31614,1,-0.336901,0.46647,0,-0.899523,-0.224562,0,0.0111484,32,11.5,-3,-2.83923,1,0,0.313734,0,0,0.941843,0,0.00540652,33,11.5,-1.00363,2.19903,1,-0.0105919,0.48596,0,0.0109747,0.213802,0,0.00908415,34,11.5,0.561306,-0.00268395,1,-0.499855,0.0221327,0,-0.0058189,-0.0334241,0,0.014166,35,11.5,-0.796859,0.835106,1,0.416178,0.38478,0,0.452328,-0.428215,0,0.0139451
0,11.6,-0.016416,-2.99939,1,0.0146735,-0.00273585,0,0.108434,0.00715256,0,0.00746291,1,11.6,2.34229,-2.99972,1,0.5,-0.0067234,0,0,0.128984,0,0.00774243,2,11.6,-0.999927,-1.96171,1,1.63913e-05,0.150251,0,0.000208616,0.373721,0,0.0158252,3,11.6,-1.80168,1.21402,1,-0.388891,0.492817,0,0.37533,0.143647,0,0.0119321,4,11.6,-1.15996,-1.00068,1,0.214493,0.000852346,0,-0.999987,-0.00917912,0,0.0167139,5,11.6,-1.01707,-2.99997,1,-0.0154048,-7.7486e-05,0,0.217915,0.000238419,0,0.00827755,6,11.6,0.438833,-1.99992,1,0.5,-0.00012517,0,-1.43051e-05,0,0,0.0110453,7,11.6,2.99928,0.819714,1,0.00305176,-0.399923,0,-0.00786781,-0.477821,0,0.00678301,8,11.6,1.00104,0.566521,1,0.000542402,-0.475955,0,-0.00357628,-0.20811,0,0.0105056,9,11.6,-2.68133,-2.00722,1,0.5,-0.0837326,0,0,0.316858,0,0.00943928,10,11.6,-2.81292,0.996959,1,0.407994,-0.00612438,0,0.56076,-0.0237226,0,0.010836,11,11.6,-2.00036,-1.16214,1,-7.7486e-05,0.500003,0,0.0013113,-5.96046e-05,0,0.0150109,12,11.6,0.870622,2.99943,1,0.5,0.002563,0,0,-0.00703335,0,0.00634995,13,11.6,0.197727,1.99999,1,-0.5,0.000274181,0,0,-0.00178814,0,0.0135352,14,11.6,-0.999369,-0.0638104,1,0.00650287,0.5,0,-0.0264347,-1.19209e-06,0,0.020378,15,11.6,1.00082,-2.7948,1,0.0332445,-0.437683,0,-0.154018,0.355482,0,0.0086161,16,11.6,0.997292,-0.984863,1,-0.000737607,0.000293553,0,0.0267029,-0.149906,0,0.0101458,17,11.6,-7.40366e-08,-0.539509,1,-2.4784e-07,-0.5,0,1.63812e-06,-2.98023e-05,0,0.0129201,18,11.6,-2.32975,1.99892,1,-0.5,0.00363588,0,0,-0.00399351,0,0.00932576,19,11.6,-2.00001,3,1,2.38419e-05,0,0,0,0,0,0.00459349,20,11.6,3,-1.14651,1,0,0.400323,0,0,-0.458837,0,0.00489099,21,11.6,1.99825,-1.27564,1,0.00820756,-0.500003,0,-0.0157952,5.96046e-05,0,0.0109432,22,11.6,1.99981,-0.312413,1,0.000327826,-0.5,0,0.000119209,1.43051e-05,0,0.0108766,23,11.6,-0.670802,3,1,0.5,5.96046e-06,0,2.98023e-05,0,0,0.00669987,24,11.6,-1.9837,-2.99967,1,0.0124454,-0.00207424,0,-0.201583,0.00810623,0,0.00740008,25,11.6,2.00007,2.67041,1,0.00243187,-0.5,0,-0.0064373,0,0,0.00703682,26,11.6,-2.89507,0.165052,1,-0.295854,0.33995,0,0.486732,0.209435,0,0.0104585,27,11.6,-3,-1.0079,1,0,-0.0727713,0,0,0.343204,0,0.00798419,28,11.6,0.231023,0.984836,1,0.468617,-0.0212952,0,0.259258,0.198454,0,0.0150147,29,11.6,1.02801,2.13694,1,-0.0600129,-0.365496,0,0.0193715,0.436783,0,0.0109802,30,11.6,-0.0574181,-1.48738,1,-0.147448,-0.500003,0,-0.0699234,5.96046e-05,0,0.0127044,31,11.6,2.79333,-0.270728,1,-0.415868,0.440723,0,-0.664473,-0.287727,0,0.0104708,32,11.6,-3,-2.80342,1,0,0.399208,0,0,0.74017,0,0.00625005,33,11.6,-1.00462,2.24836,1,-0.00904202,0.497913,0,0.0194311,0.0417233,0,0.00872381,34,11.6,0.511308,-0.000647747,1,-0.5,0.0185061,0,1.43051e-05,-0.0385468,0,0.0144067,35,11.6,-0.75318,0.87138,1,0.455329,0.34015,0,0.329047,-0.460714,0,0.0117847
0,11.7,-0.0144864,-2.99962,1,0.0231571,-0.00203326,0,0.0627069,0.00679493,0,0.00746291,1,11.7,2.39229,-2.99984,1,0.5,0.00351779,0,0,0.0778288,0,0.00774243,2,11.7,-0.999923,-1.94467,1,9.90927e-05,0.191521,0,0.00155717,0.435524,0,0.0158252,3,11.7,-1.83864,1.26374,1,-0.349915,0.499551,0,0.401661,0.0179559,0,0.0119321,4,11.7,-1.14351,-1.00069,1,0.114494,-0.001348,0,-1,-0.0330433,0,0.0167139,5,11.7,-1.01762,-2.99998,1,0.00331998,-5.58794e-05,0,0.157684,0.000178814,0,0.00827755,6,11.7,0.488833,-1.99993,1,0.5,-0.000122748,0,-1.78814e-06,3.72529e-05,0,0.0110453,7,11.7,2.99955,0.777422,1,0.00229105,-0.444594,0,-0.00727177,-0.399802,0,0.00678301,8,11.7,1.00108,0.518055,1,0.000174716,-0.491688,0,-0.00371039,-0.108408,0,0.0105056,9,11.7,-2.63133,-2.0141,1,0.5,-0.0547066,0,0,0.264257,0,0.00943928,10,11.7,-2.76958,0.996259,1,0.455891,-0.00756821,0,0.390157,-0.00595674,0,0.010836,11,11.7,-2.00036,-1.11214,1,4.24683e-05,0.5,0,0.00107288,-7.45058e-06,0,0.0150109,12,11.7,0.920622,2.99965,1,0.5,0.00188574,0,7.45058e-06,-0.0064373,0,0.00634995,13,11.7,0.147727,2.00001,1,-0.5,0.000121817,0,-1.3411e-06,-0.0012666,0,0.0135352,14,11.7,-0.998843,-0.0138104,1,0.00411673,0.5,0,-0.0213794,-1.49012e-07,0,0.020378,15,11.7,1.00344,-2.83662,1,0.0195332,-0.397182,0,-0.120819,0.448421,0,0.0086161,16,11.7,0.997338,-0.985498,1,0.0015324,-0.0121801,0,0.01885,-0.100795,0,0.0101458,17,11.7,-9.13334e-08,-0.589498,1,-1.04881e-07,-0.499546,0,1.23099e-06,0.0137277,0,0.0129201,18,11.7,-2.37975,1.99926,1,-0.5,0.00319555,0,0,-0.00473857,0,0.00932576,19,11.7,-2.00001,3,1,2.34693e-05,0,0,-1.49012e-05,0,0,0.00459349,20,11.7,3,-1.10887,1,0,0.351744,0,0,-0.508212,0,0.00489099,21,11.7,1.999,-1.32564,1,0.00665821,-0.5,0,-0.0151247,7.45058e-06,0,0.0109432,22,11.7,1.99984,-0.362413,1,0.000329874,-0.5,0,-8.19564e-05,0,0,0.0108766,23,11.7,-0.620802,3,1,0.5,5.96046e-06,0,0,0,0,0.00669987,24,11.7,-1.98336,-2.99984,1,-0.00479762,-0.00132956,0,-0.1444,0.00675023,0,0.00740008,25,11.7,2.00028,2.62041,1,0.00180863,-0.5,0,-0.00600517,0,0,0.00703682,26,11.7,-2.92221,0.20024,1,-0.247147,0.365006,0,0.483781,0.280738,0,0.0104585,27,11.7,-3,-1.01356,1,0,-0.0416266,0,0,0.279717,0,0.00798419,28,11.7,0.279003,0.983606,1,0.489091,-0.00418983,0,0.146032,0.145108,0,0.0150147,29,11.7,1.02215,2.10263,1,-0.0569288,-0.320098,0,0.0413954,0.468001,0,0.0109802,30,11.7,-0.0727438,-1.53738,1,-0.161063,-0.5,0,-0.189958,7.45058e-06,0,0.0127044,31,11.7,2.74891,-0.228189,1,-0.467592,0.409177,0,-0.375539,-0.34029,0,0.0104708,32,11.7,-3,-2.7603,1,0,0.458162,0,0,0.442162,0,0.00625005,33,11.7,-1.00541,2.29828,1,-0.00685081,0.499869,0,0.0239462,0.00521541,0,0.00872381,34,11.7,0.461308,0.00100641,1,-0.5,0.0145509,0,0,-0.0401137,0,0.0144067,35,11.7,-0.706207,0.903075,1,0.482025,0.293654,0,0.202265,-0.466604,0,0.0117847
0,11.8,-0.0119225,-2.99979,1,0.0275022,-0.00138879,0,0.0255978,0.00584126,0,0.00636581,1,11.8,2.44229,-2.99917,1,0.5,0.00921488,0,0,0.038147,0,0.00864005,2,11.8,-0.999902,-1.92335,1,0.000345707,0.234494,0,0.00339746,0.411451,0,0.0162303,3,11.8,-1.8716,1.31374,1,-0.309038,0.500003,0,0.413716,-5.96046e-05,0,0.0107707,4,11.8,-1.13706,-1.00102,1,0.0144929,-0.00542104,0,-0.999987,-0.04673,0,0.0147339,5,11.8,-1.01659,-2.99998,1,0.0163615,-4.17233e-05,0,0.104487,0.000119209,0,0.00978771,6,11.8,0.538833,-1.99995,1,0.500001,-0.000116229,0,-2.98023e-05,5.96046e-05,0,0.0101252,7,11.8,2.99974,0.731187,1,0.00160933,-0.477685,0,-0.0064373,-0.255823,0,0.0058888,8,11.8,1.00108,0.468487,1,-0.000190735,-0.498408,0,-0.00357628,-0.0318289,0,0.00994727,9,11.8,-2.58133,-2.01833,1,0.5,-0.030756,0,0,0.215292,0,0.00932511,10,11.8,-2.72235,0.995496,1,0.485522,-0.00747144,0,0.204206,0.00724196,0,0.00965082,11,11.8,-2.00035,-1.06214,1,0.000137091,0.500003,0,0.000953674,-5.96046e-05,0,0.015056,12,11.8,0.970622,2.99981,1,0.5,0.0012815,0,2.98023e-05,-0.00548363,0,0.0056667,13,11.8,0.0977269,2.00001,1,-0.5,1.78814e-05,0,-2.38419e-06,-0.000834465,0,0.0117387,14,11.8,-0.99853,0.0361896,1,0.00220686,0.5,0,-0.0168979,0,0,0.0159016,15,11.8,1.00484,-2.87399,1,0.00896156,-0.349164,0,-0.0911951,0.506401,0,0.00805423,16,11.8,0.997573,-0.987148,1,0.00306368,-0.0201106,0,0.0118911,-0.0590384,0,0.00971961,17,11.8,-9.6272e-08,-0.639325,1,2.89724e-10,-0.496289,0,8.81791e-07,0.056386,0,0.0127011,18,11.8,-2.42975,1.99956,1,-0.5,0.00269711,0,0,-0.005126,0,0.00832854,19,11.8,-2.00001,3,1,2.38419e-05,0,0,-0.000119209,0,0,0.00549419,20,11.8,3,-1.07628,1,0,0.299549,0,0,-0.531614,0,0.00496966,21,11.8,1.99959,-1.37564,1,0.00519454,-0.500003,0,-0.0141859,5.96046e-05,0,0.0111542,22,11.8,1.99988,-0.412413,1,0.000315905,-0.5,0,-0.000298023,1.43051e-05,0,0.0101083,23,11.8,-0.570802,3,1,0.5,0,0,2.98023e-05,0.000119209,0,0.00591873,24,11.8,-1.98448,-2.99994,1,-0.0166655,-0.000727177,0,-0.0941157,0.005126,0,0.0076353,25,11.8,2.00043,2.57041,1,0.00123382,-0.5,0,-0.00536442,0,0,0.00951045,26,11.8,-2.94454,0.238186,1,-0.199759,0.394109,0,0.461102,0.292383,0,0.0102131,27,11.8,-3,-1.01643,1,0,-0.0167906,0,0,0.217497,0,0.00588095,28,11.8,0.32845,0.983834,1,0.498039,0.00800788,0,0.0392342,0.100136,0,0.0115734,29,11.8,1.01669,2.07299,1,-0.0519186,-0.272518,0,0.0579357,0.480652,0,0.0109479,30,11.8,-0.0899123,-1.58738,1,-0.183168,-0.500003,0,-0.241842,5.96046e-05,0,0.0148354,31,11.8,2.7007,-0.18904,1,-0.492853,0.373219,0,-0.142932,-0.376225,0,0.0109091,32,11.8,-3,-2.71272,1,0,0.489122,0,0,0.188708,0,0.00517238,33,11.8,-1.00598,2.34828,1,-0.00433624,0.5,0,0.0259876,0,0,0.00895844,34,11.8,0.411308,0.00226145,1,-0.5,0.0105646,0,1.43051e-05,-0.0392449,0,0.012712,35,11.8,-0.657205,0.930116,1,0.495958,0.247315,0,0.0808537,-0.457942,0,0.0121319
0,11.9,-0.00909539,-2.99991,1,0.0285654,-0.000850484,0,-0.0029196,0.00484288,0,0.00636581,1,11.9,2.49229,-2.99811,1,0.5,0.011507,0,0,0.00922382,0,0.00864005,2,11.9,-0.999834,-1.89781,1,0.0011608,0.276245,0,0.0123531,0.410542,0,0.0162303,3,11.9,-1.90043,1.36374,1,-0.267748,0.5,0,0.410356,-7.45058e-06,0,0.0107707,4,11.9,-1.14061,-1.00187,1,-0.0853512,-0.0124516,0,-0.993788,-0.0894591,0,0.0147339,5,11.9,-1.01451,-2.99999,1,0.0244519,-3.1665e-05,0,0.0588372,7.45058e-05,0,0.00978771,6,11.9,0.588822,-1.99996,1,0.499567,-0.000108406,0,-0.0131428,0.000104308,0,0.0101252,7,11.9,2.99987,0.682406,1,0.00102408,-0.495376,0,-0.00523031,-0.102669,0,0.0058888,8,11.9,1.00104,0.418551,1,-0.000517629,-0.49978,0,-0.00295788,0.000823289,0,0.00994727,9,11.9,-2.53133,-2.02041,1,0.5,-0.0115339,0,0,0.169799,0,0.00932511,10,11.9,-2.67305,0.994801,1,0.498028,-0.0063031,0,0.0575334,0.0155531,0,0.00965082,11,11.9,-2.00033,-1.01214,1,0.000218675,0.5,0,0.000700355,0,0,0.015056,12,11.9,1.02062,2.99991,1,0.5,0.000784174,0,-7.45058e-06,-0.00442564,0,0.0056667,13,11.9,0.0477269,2.00001,1,-0.5,-4.95464e-05,0,-4.47035e-07,-0.000521541,0,0.0117387,14,11.9,-0.998387,0.0861896,1,0.000727456,0.5,0,-0.0127964,-4.47035e-07,0,0.0159016,15,11.9,1.00532,-2.90631,1,0.00115614,-0.296928,0,-0.0654981,0.533327,0,0.00805423,16,11.9,0.997406,-0.989394,1,-0.0110291,-0.0242432,0,-0.265978,-0.0249781,0,0.00971961,17,11.9,1.31916e-07,-0.688816,1,1.09095e-05,-0.49468,0,0.000377367,-0.0129715,0,0.0127011,18,11.9,-2.47975,1.9998,1,-0.5,0.00217985,0,0,-0.00517815,0,0.00832854,19,11.9,-2,3,1,1.37836e-05,0,0,-7.45058e-05,0,0,0.00549419,20,11.9,3,-1.04899,1,0,0.246294,0,0,-0.529386,0,0.00496966,21,11.9,2.00004,-1.42564,1,0.00385661,-0.5,0,-0.0125393,7.45058e-06,0,0.0111542,22,11.9,1.99991,-0.462413,1,0.00028275,-0.5,0,-0.000357628,0,0,0.0101083,23,11.9,-0.520802,3,1,0.5,5.21541e-06,0,-2.08616e-06,0,0,0.00591873,24,11.9,-1.98654,-2.99999,1,-0.0238717,-0.000289828,0,-0.0514537,0.00360608,0,0.0076353,25,11.9,2.00053,2.52041,1,0.000728667,-0.5,0,-0.00470877,0,0,0.00951045,26,11.9,-2.96227,0.279243,1,-0.155599,0.428144,0,0.420168,0.361134,0,0.0102131,27,11.9,-3,-1.01713,1,0,0.00194237,0,0,0.158221,0,0.00588095,28,11.9,0.378374,0.985071,1,0.499877,0.0160982,0,0.00490069,0.0629239,0,0.0115734,29,11.9,1.01181,2.04814,1,-0.0455312,-0.224607,0,0.0688136,0.474334,0,0.0109479,30,11.9,-0.109492,-1.63727,1,-0.20876,-0.496668,0,-0.262139,0.0681654,0,0.0148354,31,11.9,2.65097,-0.153636,1,-0.499553,0.334539,0,-0.0178665,-0.395188,0,0.0109091,32,11.9,-3,-2.66319,1,0,0.498959,0,0,0.0344068,0,0.00517238,33,11.9,-1.00628,2.39828,1,-0.00181589,0.5,0,0.0242665,0,0,0.00895844,34,11.9,0.361421,0.00312819,1,-0.496574,0.00683846,0,0.069987,-0.0351473,0,0.012712,35,11.9,-0.607362,0.952602,1,0.499748,0.202876,0,0.010103,-0.429686,0,0.0121319
0,12,-0.00629079,-2.99997,1,0.0271851,-0.000423193,0,-0.0234328,0.00357628,0,0.00859016,1,12,2.54229,-2.99695,1,0.5,0.0113487,0,0,-0.0112057,0,0.008491,2,12,-0.999645,-1.86823,1,0.00271201,0.314328,0,0.0181794,0.341475,0,0.0147055,3,12,-1.92518,1.41374,1,-0.227284,0.500003,0,0.397384,-5.96046e-05,0,0.0103589,4,12,-1.15406,-1.00361,1,-0.183022,-0.0224948,0,-0.950277,-0.107586,0,0.0162554,5,12,-1.01184,-2.99999,1,0.0284225,-2.38419e-05,0,0.0220537,0.000119209,0,0.00839642,6,12,0.638656,-1.99997,1,0.496407,-9.83477e-05,0,-0.0552237,0.000178814,0,0.00950786,7,12,2.99995,0.632555,1,0.000566244,-0.499941,0,-0.00405312,-0.00116229,0,0.00630692,8,12,1.00098,0.368627,1,-0.000780821,-0.498078,0,-0.00226498,0.0384301,0,0.0104563,9,12,-2.48133,-2.02078,1,0.5,0.00334382,0,0,0.128508,0,0.00997792,10,12,-2.6231,0.994258,1,0.5,-0.00446886,0,0,0.0206232,0,0.00938269,11,12,-2.00031,-0.962141,1,0.000280142,0.5,0,0.000357628,2.98023e-05,0,0.0135265,12,12,1.07062,2.99997,1,0.500003,0.000399351,0,-5.96046e-05,-0.00345707,0,0.00565395,13,12,-0.00227308,2.00001,1,-0.5,-8.9407e-05,0,-1.19209e-06,-0.000238419,0,0.0139141,14,12,-0.998372,0.13619,1,-0.000372529,0.5,0,-0.00923872,0,0,0.0146935,15,12,1.00515,-2.93333,1,-0.00425577,-0.243425,0,-0.043273,0.532269,0,0.00702915,16,12,0.994703,-0.991896,1,-0.0451848,-0.0253662,0,-0.395387,0.0012517,0,0.012434,17,12,4.82724e-06,-0.738392,1,0.000103212,-0.497071,0,0.00158602,-0.028044,0,0.0126791,18,12,-2.52975,1.99999,1,-0.5,0.00166893,0,0,-0.00488758,0,0.00724408,19,12,-2,3,1,5.96046e-06,0,0,0,0,0,0.00470653,20,12,3,-1.02698,1,0,0.194418,0,0,-0.504971,0,0.00593799,21,12,2.00037,-1.47564,1,0.00268221,-0.500003,0,-0.0107288,5.96046e-05,0,0.0115503,22,12,1.99993,-0.512413,1,0.000244379,-0.5,0,-0.000357628,-2.98023e-05,0,0.0111461,23,12,-0.470802,3,1,0.5,5.96046e-06,0,-1.43051e-05,-0.000119209,0,0.0079258,24,12,-1.98913,-3,1,-0.0272423,0,0,-0.0172853,0.00226498,0,0.00743221,25,12,2.00058,2.47041,1,0.000298023,-0.5,0,-0.00417233,0,0,0.0088017,26,12,-2.97581,0.323802,1,-0.116056,0.462009,0,0.36931,0.300094,0,0.00752813,27,12,-3,-1.01623,1,0,0.015077,0,0,0.105619,0,0.0070209,28,12,0.428371,0.986942,1,0.5,0.0208303,0,-1.43051e-05,0.032872,0,0.0134338,29,12,1.00761,2.02802,1,-0.0383437,-0.178242,0,0.0742078,0.450492,0,0.0113234,30,12,-0.131658,-1.68647,1,-0.234184,-0.486141,0,-0.240073,0.14317,0,0.0134277,31,12,2.60098,-0.122174,1,-0.5,0.294592,0,0,-0.401825,0,0.0104394,32,12,-3,-2.61321,1,0,0.5,0,0,0,0,0.00615559,33,12,-1.00635,2.44828,1,0.000491738,0.5,0,0.0216961,0,0,0.00798625,34,12,0.31224,0.00364401,1,-0.485782,0.00355748,0,0.146598,-0.030379,0,0.0153247,35,12,-0.557367,0.970796,1,0.5,0.161587,0,2.98023e-05,-0.395179,0,0.0104208
0,12.1,-0.00371386,-3,1,0.0241368,-0.000122935,0,-0.0364509,0.00241399,0,0.00859016,1,12.1,2.59228,-2.99589,1,0.499353,0.00964664,0,-0.0188202,-0.0219792,0,0.008491,2,12.1,-0.999235,-1.83515,1,0.00589509,0.346334,0,0.0426918,0.293665,0,0.0147055,3,12.1,-1.94595,1.46374,1,-0.188652,0.5,0,0.374183,-7.45058e-06,0,0.0103589,4,12.1,-1.17702,-1.00645,1,-0.274783,-0.0346569,0,-0.871085,-0.129826,0,0.0162554,5,12.1,-1.00894,-2.99999,1,0.0291526,-1.37836e-05,0,-0.00602007,7.45058e-05,0,0.00839642,6,12.1,0.687923,-1.99998,1,0.487883,-8.13976e-05,0,-0.118606,0.000156462,0,0.00950786,7,12.1,2.99999,0.582557,1,0.00022687,-0.499996,0,-0.00278652,-0.000152737,0,0.00630692,8,12.1,1.00089,0.318908,1,-0.000960939,-0.497108,0,-0.00127405,-0.0101719,0,0.0104563,9,12.1,-2.43133,-2.01988,1,0.499926,0.0141658,0,-0.00293553,0.0889897,0,0.00997792,10,12.1,-2.5731,0.993916,1,0.5,-0.00236575,0,0,0.0212044,0,0.00938269,11,12.1,-2.00028,-0.912141,1,0.000307336,0.5,0,0.000193715,0,0,0.0135265,12,12.1,1.12062,3,1,0.5,0.000112876,0,-7.45058e-06,-0.00230968,0,0.00565395,13,12.1,-0.0522731,2,1,-0.5,-0.000104308,0,2.98023e-07,-5.96046e-05,0,0.0139141,14,12.1,-0.99845,0.18619,1,-0.00114273,0.5,0,-0.00625849,8.9407e-07,0,0.0146935,15,12.1,1.00454,-2.95504,1,-0.00762735,-0.191227,0,-0.0248179,0.507474,0,0.00702915,16,12.1,0.987949,-0.994392,1,-0.0919717,-0.0242401,0,-0.520371,0.0202283,0,0.012434,17,12.1,2.18328e-05,-0.788225,1,0.00023079,-0.499362,0,0.00121343,-0.0149496,0,0.0126791,18,12.1,-2.57974,2.00014,1,-0.499779,0.00120252,0,0.00761449,-0.00441074,0,0.00724408,19,12.1,-2,3,1,5.96046e-06,0,0,0,0,0,0.00470653,20,12.1,3,-1.00999,1,0,0.146005,0,0,-0.460945,0,0.00593799,21,12.1,2.00058,-1.52564,1,0.00169165,-0.5,0,-0.00907481,7.45058e-06,0,0.0115503,22,12.1,1.99995,-0.562412,1,0.000207685,-0.499954,0,-0.00037998,0.00184029,0,0.0111461,23,12.1,-0.420804,3,1,0.499881,-3.72529e-06,0,-0.00477389,-5.96046e-05,0,0.0079258,24,12.1,-1.99189,-2.99999,1,-0.0276143,0.000168011,0,0.00848621,0.00114739,0,0.00743221,25,12.1,2.00059,2.42042,1,-7.0408e-05,-0.499873,0,-0.00323355,0.00497699,0,0.0088017,26,12.1,-2.98567,0.371286,1,-0.0819489,0.485502,0,0.31203,0.170795,0,0.00752813,27,12.1,-3,-1.01427,1,0,0.0233077,0,0,0.0604689,0,0.0070209,28,12.1,0.478371,0.989149,1,0.5,0.0229165,0,-1.78814e-06,0.00982732,0,0.0134338,29,12.1,1.00415,2.01238,1,-0.0308808,-0.13507,0,0.0743419,0.411019,0,0.0113234,30,12.1,-0.156262,-1.73419,1,-0.257607,-0.466584,0,-0.222743,0.244603,0,0.0134277,31,12.1,2.55098,-0.0947171,1,-0.5,0.254648,0,0,-0.395524,0,0.0104394,32,12.1,-3,-2.56321,1,0,0.5,0,0,0,0,0.00615559,33,12.1,-1.00619,2.49828,1,0.00250097,0.5,0,0.0184104,0,0,0.00798625,34,12.1,0.264023,0.00385921,1,-0.481565,0.000857201,0,-0.0355234,-0.0237484,0,0.0153247,35,12.1,-0.507367,0.985046,1,0.5,0.1241,0,-5.66244e-06,-0.353992,0,0.0104208
0,12.2,-0.00149648,-3,1,0.0200933,5.96046e-05,0,-0.043516,0.00143051,0,0.00788743,1,12.2,2.64204,-2.99505,1,0.495207,0.00711083,0,-0.0684261,-0.0280142,0,0.00908156,2,12.2,-0.998411,-1.79917,1,0.0107393,0.372192,0,0.0519753,0.219882,0,0.0136749,3,12.2,-1.96299,1.51374,1,-0.152642,0.500003,0,0.34517,-5.96046e-05,0,0.010638,4,12.2,-1.20863,-1.01056,1,-0.354964,-0.0474125,0,-0.7236,-0.120699,0,0.0146203,5,12.2,-1.00609,-2.99999,1,0.0274867,-1.19209e-05,0,-0.0260472,0.000119209,0,0.0100794,6,12.2,0.735991,-1.99998,1,0.472163,-6.25849e-05,0,-0.197649,5.96046e-05,0,0.00980368,7,12.2,3,0.532557,1,5.96046e-06,-0.5,0,-0.00178814,-1.43051e-05,0,0.00708673,8,12.2,1.00079,0.269122,1,-0.00102222,-0.498711,0,0.000119209,-0.0167191,0,0.0121678,9,12.2,-2.38138,-2.01807,1,0.498831,0.0213444,0,-0.0236034,0.0555515,0,0.010446,10,12.2,-2.5231,0.993784,1,0.5,-0.000271201,0,0,0.0204146,0,0.00983338,11,12.2,-2.00025,-0.862141,1,0.000321865,0.5,0,0,2.98023e-05,0,0.0145866,12,12.2,1.17062,3,1,0.500003,-7.15256e-05,0,-5.96046e-05,-0.00143051,0,0.0056776,13,12.2,-0.102273,1.99998,1,-0.5,-0.000104308,0,3.57628e-06,5.96046e-05,0,0.0114927,14,12.2,-0.998592,0.23619,1,-0.00164062,0.5,0,-0.0038147,7.15256e-06,0,0.013951,15,12.2,1.00368,-2.9717,1,-0.00934601,-0.14267,0,-0.0100732,0.460386,0,0.00805461,16,12.2,0.976081,-0.996691,1,-0.145678,-0.0215158,0,-0.537962,0.0333488,0,0.01572,17,12.2,5.20616e-05,-0.838206,1,0.000389452,-0.500001,0,0.00214746,2.98023e-05,0,0.0162748,18,12.2,-2.62963,2.00023,1,-0.497442,0.000786781,0,0.046134,-0.00393391,0,0.00935985,19,12.2,-2,3,1,5.96046e-06,0,0,-0.000119209,0,0,0.00477255,20,12.2,3,-0.997609,1,0,0.102624,0,0,-0.405073,0,0.00675983,21,12.2,2.00071,-1.57564,1,0.000864267,-0.500003,0,-0.00751019,5.96046e-05,0,0.0118989,22,12.2,1.99997,-0.612383,1,0.000166893,-0.499263,0,-0.000298023,0.0147223,0,0.00907079,23,12.2,-0.370878,3,1,0.49809,-1.19209e-05,0,-0.0381917,0.000119209,0,0.00917225,24,12.2,-1.99458,-2.99997,1,-0.0257999,0.000238419,0,0.0267029,0.000357628,0,0.0077577,25,12.2,2.00057,2.37049,1,-0.000345707,-0.498044,0,-0.0025034,0.0388622,0,0.00862749,26,12.2,-2.9924,0.420495,1,-0.0537455,0.496871,0,0.251889,0.0625843,0,0.00814569,27,12.2,-3,-1.0117,1,0,0.0274569,0,0,0.0239015,0,0.00609753,28,12.2,0.528371,0.991458,1,0.500001,0.0229821,0,-2.98023e-05,-0.00759959,0,0.0124052,29,12.2,1.00143,2.00085,1,-0.0236034,-0.0963688,0,0.0706315,0.3618,0,0.0111281,30,12.2,-0.183068,-1.77948,1,-0.277734,-0.437886,0,-0.175453,0.326097,0,0.0121075,31,12.2,2.50098,-0.0712086,1,-0.5,0.215769,0,0,-0.380747,0,0.0102983,32,12.2,-3,-2.51321,1,0,0.5,0,0,0,0,0.00588493,33,12.2,-1.00586,2.54828,1,0.00416338,0.5,0,0.0146627,0,0,0.00713533,34,12.2,0.215562,0.00383634,1,-0.48847,-0.00121628,0,-0.0851601,-0.0178399,0,0.0155571,35,12.2,-0.457367,0.995759,1,0.5,0.0908822,0,-1.43051e-05,-0.310063,0,0.0111694
0,12.3,0.000290621,-2.99999,1,0.0156192,0.000161305,0,-0.0453042,0.00064075,0,0.00788743,1,12.3,2.69112,-2.99448,1,0.485053,0.00417903,0,-0.137731,-0.0300109,0,0.00908156,2,12.3,-0.996943,-1.76075,1,0.0197226,0.397041,0,0.117831,0.268571,0,0.0136749,3,12.3,-1.97659,1.56373,1,-0.119948,0.499948,0,0.308432,-0.00207871,0,0.010638,4,12.3,-1.24756,-1.0157,1,-0.421325,-0.0537058,0,-0.583552,-0.0107065,0,0.0146203,5,12.3,-1.00349,-2.99999,1,0.0242062,-2.23517e-06,0,-0.0384897,5.96046e-05,0,0.0100794,6,12.3,0.78204,-1.99999,1,0.4471,-5.55068e-05,0,-0.300284,8.9407e-05,0,0.00980368,7,12.3,2.99999,0.482557,1,-0.00012964,-0.5,0,-0.000953674,1.78814e-06,0,0.00708673,8,12.3,1.00069,0.219187,1,-0.000990927,-0.499806,0,0.000655651,-0.00548624,0,0.0121678,9,12.3,-2.33169,-2.01571,1,0.494051,0.0254951,0,-0.0769049,0.028342,0,0.010446,10,12.3,-2.4731,0.993856,1,0.5,0.00167778,0,0,0.0184141,0,0.00983338,11,12.3,-2.00022,-0.812141,1,0.000317022,0.5,0,-7.45058e-05,0,0,0.0145866,12,12.3,1.22062,2.99998,1,0.5,-0.000179559,0,-7.45058e-06,-0.000745058,0,0.0056776,13,12.3,-0.152273,1.99997,1,-0.5,-9.40636e-05,0,-4.47035e-07,0.000141561,0,0.0114927,14,12.3,-0.998771,0.28619,1,-0.00191983,0.5,0,-0.00184029,-2.68221e-06,0,0.013951,15,12.3,1.00271,-2.98376,1,-0.00977665,-0.0996817,0,0.00089407,0.397041,0,0.00805461,16,12.3,0.958766,-0.998662,1,-0.200796,-0.0178008,0,-0.54954,0.040371,0,0.01572,17,12.3,9.94032e-05,-0.888206,1,0.000542128,-0.5,0,0.00122487,-3.72529e-06,0,0.0162748,18,12.3,-2.67905,2.00029,1,-0.489744,0.000424311,0,0.111729,-0.00329316,0,0.00935985,19,12.3,-2,3,1,-3.72529e-06,0,0,-5.96046e-05,0,0,0.00477255,20,12.3,3,-0.989266,1,0,0.0653283,0,0,-0.340346,0,0.00675983,21,12.3,2.00076,-1.62555,1,0.000201538,-0.497393,0,-0.00576675,0.0547841,0,0.0118989,22,12.3,1.99999,-0.662167,1,0.000136159,-0.495596,0,-0.000320375,0.0640415,0,0.00907079,23,12.3,-0.32135,3,1,0.491461,-2.23517e-06,0,-0.0983868,5.96046e-05,0,0.00917225,24,12.3,-1.997,-2.99994,1,-0.0225278,0.000245497,0,0.0377372,-0.000163913,0,0.0077577,25,12.3,2.00052,2.32097,1,-0.000553578,-0.491339,0,-0.00166893,0.0992268,0,0.00862749,26,12.3,-2.99662,0.470374,1,-0.03158,0.499805,0,0.191808,0.00782125,0,0.00814569,27,12.3,-3,-1.00889,1,0,0.0283781,0,0,-0.00406802,0,0.00609753,28,12.3,0.578369,0.993697,1,0.499884,0.0215997,0,-0.00462681,-0.0193454,0,0.0124052,29,12.3,0.999412,1.99293,1,-0.0168716,-0.0629973,0,0.063654,0.305191,0,0.0111281,30,12.3,-0.21177,-1.82151,1,-0.296601,-0.40148,0,-0.193886,0.397481,0,0.0121075,31,12.3,2.45098,-0.051498,1,-0.5,0.178841,0,0,-0.356884,0,0.0102983,32,12.3,-3,-2.46321,1,0,0.5,0,0,0,0,0.00588493,33,12.3,-1.00538,2.59825,1,0.00539571,0.49898,0,0.0100583,-0.0257492,0,0.00713533,34,12.3,0.166278,0.00363535,1,-0.496838,-0.00270914,0,-0.0651877,-0.0121804,0,0.0155571,35,12.3,-0.407381,1.00338,1,0.499442,0.0623971,0,-0.0164955,-0.260055,0,0.0111694
0,12.4,0.00162762,-2.99997,1,0.0111498,0.000196695,0,-0.0435742,0.000119209,0,0.00959988,1,12.4,2.7388,-2.99421,1,0.467193,0.00120997,0,-0.221133,-0.0288486,0,0.00950518,2,12.4,-0.99434,-1.71968,1,0.0325486,0.424394,0,0.130951,0.271797,0,0.0117125,3,12.4,-1.98711,1.6137,1,-0.0909984,0.499171,0,0.270426,-0.0165701,0,0.0102346,4,12.4,-1.29226,-1.02098,1,-0.468993,-0.0505954,0,-0.362933,0.0680089,0,0.0127439,5,12.4,-1.00128,-2.99999,1,0.0199854,0,0,-0.0449419,0.000119209,0,0.00896277,6,12.4,0.825103,-1.99999,1,0.412777,-4.76837e-05,0,-0.382811,0.000119209,0,0.0133157,7,12.4,2.99998,0.432557,1,-0.000190735,-0.5,0,-0.000357628,1.43051e-05,0,0.00637037,8,12.4,1.00059,0.169192,1,-0.000864267,-0.5,0,0.00208616,0,0,0.0131603,9,12.4,-2.28279,-2.01306,1,0.482649,0.0271857,0,-0.154138,0.00619888,0,0.00964755,10,12.4,-2.4231,0.994112,1,0.5,0.00338554,0,0,0.0156462,0,0.0087318,11,12.4,-2.00018,-0.762141,1,0.000303984,0.5,0,-0.000119209,2.98023e-05,0,0.0133019,12,12.4,1.27062,2.99996,1,0.500003,-0.000232458,0,-5.96046e-05,-0.000119209,0,0.00546735,13,12.4,-0.202273,1.99997,1,-0.5,-7.7486e-05,0,0,0.000178814,0,0.0100566,14,12.4,-0.99897,0.33619,1,-0.00202209,0.5,0,-0.000268221,-1.43051e-05,0,0.0147303,15,12.4,1.00175,-2.99186,1,-0.00927448,-0.063616,0,0.00864267,0.322938,0,0.00777609,16,12.4,0.936022,-1.00023,1,-0.252976,-0.0135511,0,-0.482827,0.044167,0,0.0178308,17,12.4,0.000160402,-0.938206,1,0.000690757,-0.5,0,0.00199222,-2.98023e-05,0,0.0164161,18,12.4,-2.72733,2.00032,1,-0.474483,0.00012517,0,0.195861,-0.00274181,0,0.00771981,19,12.4,-2,3,1,-5.96046e-06,0,0,-0.000119209,0,0,0.00450281,20,12.4,3,-0.984324,1,0,0.0346079,0,0,-0.274062,0,0.00715627,21,12.4,2.00075,-1.67491,1,-0.000298023,-0.488606,0,-0.00417233,0.122547,0,0.011947,22,12.4,2,-0.711289,1,0.000101328,-0.48556,0,-0.000238419,0.14016,0,0.0092974,23,12.4,-0.272822,3,1,0.477776,0,0,-0.177689,0.000119209,0,0.00770562,24,12.4,-1.99905,-2.99992,1,-0.0184357,0.000214577,0,0.043273,-0.000596046,0,0.00894324,25,12.4,2.00046,2.27246,1,-0.000685453,-0.477564,0,-0.000953674,0.178456,0,0.00941232,26,12.4,-2.99891,0.52037,1,-0.0152528,0.5,0,0.13566,2.98023e-05,0,0.00778156,27,12.4,-3,-1.00611,1,0,0.0269055,0,0,-0.0240803,0,0.00670795,28,12.4,0.628297,0.995746,1,0.498149,0.0192419,0,-0.0370741,-0.0271499,0,0.0121387,29,12.4,0.998029,1.98806,1,-0.01093,-0.0353754,0,0.0549257,0.24724,0,0.0116267,30,12.4,-0.242374,-1.85958,1,-0.315075,-0.359249,0,-0.169255,0.443101,0,0.0146518,31,12.4,2.40098,-0.035352,1,-0.5,0.14456,0,0,-0.328002,0,0.010822,32,12.4,-3,-2.41321,1,0,0.5,0,0,0,0,0.00547694,33,12.4,-1.00479,2.64794,1,0.00619292,0.493926,0,0.00590086,-0.0793934,0,0.00652165,34,12.4,0.116381,0.00331178,1,-0.5,-0.00368375,0,-3.57628e-06,-0.00746245,0,0.0126741,35,12.4,-0.357584,1.0084,1,0.495736,0.0387818,0,-0.0619441,-0.212789,0,0.0129599
0,12.5,0.00253171,-2.99995,1,0.0070094,0.000189617,0,-0.0389485,-0.00025332,0,0.00959988,1,12.5,2.78422,-2.99423,1,0.439584,-0.00145994,0,-0.327259,-0.0243932,0,0.00950518,2,12.5,-0.990601,-1.67583,1,0.0406426,0.452679,0,0.0355057,0.277258,0,0.0117125,3,12.5,-1.99492,1.66347,1,-0.0659104,0.495271,0,0.231355,-0.0667572,0,0.0102346,4,12.5,-1.34058,-1.02563,1,-0.493501,-0.041705,0,-0.138924,0.106871,0,0.0127439,5,12.5,-0.999509,-2.99999,1,0.0153939,8.19564e-06,0,-0.046242,2.98023e-05,0,0.00896277,6,12.5,0.864801,-2,1,0.384109,-3.46452e-05,0,-0.207234,0.000149012,0,0.0133157,7,12.5,2.99996,0.382624,1,-0.000204518,-0.497908,0,4.47035e-05,0.0452007,0,0.00637037,8,12.5,1.00052,0.119192,1,-0.000665151,-0.5,0,0.00210851,-1.3411e-06,0,0.0131603,9,12.5,-2.23549,-2.01034,1,0.461597,0.0268899,0,-0.264004,-0.0112653,0,0.00964755,10,12.5,-2.37319,0.994522,1,0.497315,0.00473987,0,-0.056237,0.0114813,0,0.0087318,11,12.5,-2.00015,-0.712141,1,0.000288337,0.5,0,-0.000208616,0,0,0.0133019,12,12.5,1.32062,2.99994,1,0.5,-0.000227243,0,-7.45058e-06,0.000208616,0,0.00546735,13,12.5,-0.252273,1.99996,1,-0.5,-5.84871e-05,0,-8.9407e-07,0.000208616,0,0.0100566,14,12.5,-0.999171,0.38619,1,-0.00198986,0.5,0,0.000856817,0,0,0.0147303,15,12.5,1.00088,-2.99624,1,-0.00815149,-0.0209156,0,0.0133887,0.506237,0,0.00777609,16,12.5,0.90838,-1.00137,1,-0.298899,-0.00918079,0,-0.425775,0.0430569,0,0.0178308,17,12.5,0.000236485,-0.988206,1,0.000810698,-0.5,0,0.000770917,7.45058e-06,0,0.0164161,18,12.5,-2.7736,2.00032,1,-0.449147,-0.000112131,0,0.307247,-0.00201166,0,0.00771981,19,12.5,-2,3,1,-1.41561e-05,0,0,-2.98023e-05,0,0,0.00450281,20,12.5,3,-0.982122,1,0,0.0105238,0,0,-0.208445,0,0.00715627,21,12.5,2.00071,-1.72352,1,-0.000640377,-0.486254,0,-0.00272691,-0.0458732,0,0.011947,22,12.5,2.00001,-0.758951,1,7.7486e-05,-0.465818,0,-0.000238419,0.251949,0,0.0092974,23,12.5,-0.226119,3,1,0.454517,5.58794e-06,0,-0.284333,1.49012e-05,0,0.00770562,24,12.5,-2.00068,-2.9999,1,-0.0140451,0.000148639,0,0.0439584,-0.000700355,0,0.00894324,25,12.5,2.00039,2.22578,1,-0.000747666,-0.454234,0,-0.000312924,0.28497,0,0.00941232,26,12.5,-2.99984,0.570368,1,-0.00416972,0.499919,0,0.0877827,-0.00323355,0,0.00778156,27,12.5,-3,-1.00356,1,0,0.0238124,0,0,-0.0367165,0,0.00670795,28,12.5,0.677837,0.997526,1,0.491663,0.0162956,0,-0.0967123,-0.0312738,0,0.0121387,29,12.5,0.997195,1.98566,1,-0.00593262,-0.0135574,0,0.0449829,0.189796,0,0.0116267,30,12.5,-0.275092,-1.89325,1,-0.342349,-0.313743,0,-0.353579,0.463672,0,0.0146518,31,12.5,2.35112,-0.0224771,1,-0.495927,0.113532,0,0.0820309,-0.292333,0,0.010822,32,12.5,-3,-2.36332,1,0,0.496695,0,0,-0.0677407,0,0.00547694,33,12.5,-1.00415,2.69683,1,0.00660028,0.482592,0,0.00233203,-0.150025,0,0.00652165,34,12.5,0.0663807,0.00291268,1,-0.5,-0.00423559,0,0,-0.00370375,0,0.0126741,35,12.5,-0.30842,1.01129,1,0.486465,0.0197435,0,-0.126574,-0.168525,0,0.0129599
0,12.6,0.00304749,-2.99993,1,0.00340677,0.000149012,0,-0.0329221,-0.000357628,0,0.00964368,1,12.6,2.8264,-2.99449,1,0.402504,-0.00364184,0,-0.410318,-0.0193119,0,0.00877661,2,12.6,-0.986485,-1.62927,1,0.0405133,0.477299,0,-0.0340641,0.206232,0,0.0116514,3,12.6,-2.00042,1.71254,1,-0.0447094,0.484946,0,0.192761,-0.143111,0,0.00870568,4,12.6,-1.39035,-1.02922,1,-0.49977,-0.0297725,0,-0.00458956,0.129282,0,0.0113856,5,12.6,-0.998199,-2.99999,1,0.0108525,1.19209e-05,0,-0.0440776,0,0,0.00798569,6,12.6,0.902352,-2,1,0.368331,-1.78814e-05,0,-0.121623,0.000119209,0,0.013413,7,12.6,2.99994,0.333157,1,-0.000190735,-0.490389,0,0.000476837,0.107527,0,0.00676048,8,12.6,1.00046,0.0691918,1,-0.000402331,-0.5,0,0.00333786,-3.57628e-06,0,0.0132985,9,12.6,-2.19081,-2.00773,1,0.430447,0.0250936,0,-0.355601,-0.0237226,0,0.00999616,10,12.6,-2.32385,0.995046,1,0.488341,0.00568926,0,-0.124931,0.00753999,0,0.00868754,11,12.6,-2.00013,-0.662141,1,0.000268221,0.5,0,-0.000357628,2.98023e-05,0,0.0140925,12,12.6,1.37062,2.99992,1,0.500003,-0.000196695,0,-5.96046e-05,0.000357628,0,0.00606536,13,12.6,-0.302273,1.99995,1,-0.5,-3.57628e-05,0,0,0.000178814,0,0.0104038,14,12.6,-0.999364,0.43619,1,-0.00186116,0.5,0,0.00166893,-1.43051e-05,0,0.0125765,15,12.6,1.00013,-2.99567,1,-0.00666976,0.0332475,0,0.015825,0.557899,0,0.00901029,16,12.6,0.876523,-1.00207,1,-0.336443,-0.00497401,0,-0.318021,0.0409484,0,0.0164347,17,12.6,0.000321891,-1.03821,1,0.000909453,-0.500003,0,0.00148502,5.96046e-05,0,0.0173572,18,12.6,-2.81682,2.0003,1,-0.413769,-0.000280142,0,0.39649,-0.0013113,0,0.00923138,19,12.6,-2,3,1,-1.78814e-05,0,0,0,0,0,0.00465292,20,12.6,3,-0.98201,1,0,-0.00726432,0,0,-0.148326,0,0.0058055,21,12.6,2.00063,-1.77246,1,-0.000852346,-0.493085,0,-0.00154972,-0.0733137,0,0.011057,22,12.6,2.00002,-0.804108,1,4.76837e-05,-0.435746,0,-0.000119209,0.346482,0,0.0096287,23,12.6,-0.182242,3,1,0.421557,5.96046e-06,0,-0.371553,0,0,0.00825527,24,12.6,-2.00187,-2.99989,1,-0.00975132,7.7486e-05,0,0.0414848,-0.000715256,0,0.00769828,25,12.6,2.00031,2.18194,1,-0.000751019,-0.42122,0,0.000238419,0.372171,0,0.0102709,26,12.6,-2.99989,0.620318,1,0.00264645,0.498708,0,0.0503063,-0.0258386,0,0.00961021,27,12.6,-3,-1.00138,1,0,0.019756,0,0,-0.043422,0,0.00805579,28,12.6,0.726394,0.998996,1,0.478156,0.0130773,0,-0.175834,-0.0326335,0,0.010613,29,12.6,0.99681,1.98517,1,-0.00193268,0.00273883,0,0.0349879,0.137031,0,0.0113916,30,12.6,-0.311246,-1.9223,1,-0.381772,-0.267136,0,-0.417307,0.465453,0,0.0142917,31,12.6,2.30207,-0.0125248,1,-0.483543,0.0861239,0,0.165582,-0.255741,0,0.0119388,32,12.6,-3,-2.31412,1,0,0.486195,0,0,-0.143051,0,0.00577514,33,12.6,-1.00348,2.7442,1,0.00667274,0.463521,0,-0.000834465,-0.232816,0,0.00689771,34,12.6,0.0163807,0.00247592,1,-0.5,-0.00444929,0,0,-0.000688713,0,0.0144477,35,12.6,-0.260534,1.01249,1,0.469944,0.00496209,0,-0.205532,-0.127733,0,0.013262
0,12.7,0.00378766,-2.99992,1,0.0162938,0.000106543,0,0.261535,-0.000476837,0,0.00964368,1,12.7,2.86449,-2.99494,1,0.358242,-0.00529103,0,-0.470936,-0.0136346,0,0.00877661,2,12.7,-0.982672,-1.58069,1,0.0351261,0.492514,0,-0.0711679,0.101596,0,0.0116514,3,12.7,-2.004,1.76047,1,-0.0274982,0.474879,0,0.152275,-0.0688732,0,0.00870568,4,12.7,-1.44034,-1.03185,1,-0.499985,-0.0253214,0,-0.000573695,-0.0305697,0,0.0113856,5,12.7,-0.997326,-2.99999,1,0.00667991,1.04308e-05,0,-0.0391044,-2.98023e-05,0,0.00798569,6,12.7,0.938855,-1.99999,1,0.364152,0.000347756,0,0.0233315,0.00687689,0,0.013413,7,12.7,2.99992,0.28477,1,-0.000138208,-0.476186,0,0.000551343,0.178131,0,0.00676048,8,12.7,1.00044,0.0191933,1,-0.000104494,-0.499928,0,0.00286847,0.00287853,0,0.0132985,9,12.7,-2.15018,-2.00535,1,0.376406,0.0222936,0,-0.694722,-0.0316501,0,0.00999616,10,12.7,-2.27576,0.995647,1,0.472256,0.00626408,0,-0.197768,0.00400096,0,0.00868754,11,12.7,-2.0001,-0.612141,1,0.000232831,0.5,0,-0.000342727,0,0,0.0140925,12,12.7,1.42062,2.9999,1,0.5,-0.0001546,0,-7.45058e-06,0.000461936,0,0.00606536,13,12.7,-0.351519,1.99995,1,-0.478069,-1.58325e-05,0,0.411935,0.000201166,0,0.0104038,14,12.7,-0.999541,0.48619,1,-0.00166614,0.5,0,0.00219792,1.78814e-06,0,0.0125765,15,12.7,0.999547,-2.98941,1,-0.0050744,0.0928521,0,0.0158027,0.617057,0,0.00901029,16,12.7,0.841364,-1.00237,1,-0.365783,-0.00108648,0,-0.260543,0.0368133,0,0.0164347,17,12.7,0.00041727,-1.08821,1,0.000970275,-0.5,0,-0.000187519,7.45058e-06,0,0.0173572,18,12.7,-2.85562,2.00027,1,-0.356937,-0.000384822,0,0.710726,-0.000789762,0,0.00923138,19,12.7,-1.99948,3,1,0.0149621,0,0,0.272043,0,0,0.00465292,20,12.7,3,-0.983385,1,0,-0.019354,0,0,-0.0949353,0,0.0058055,21,12.7,2.00054,-1.82209,1,-0.000962988,-0.498755,0,-0.000670552,-0.0335276,0,0.011057,22,12.7,2.00002,-0.845825,1,3.39001e-05,-0.397424,0,-0.000163913,0.417102,0,0.0096287,23,12.7,-0.141171,3,1,0.406608,1.86265e-06,0,0.0336226,-4.47035e-05,0,0.00825527,24,12.7,-2.00264,-2.99989,1,-0.00584051,1.00583e-05,0,0.0365078,-0.000610948,0,0.00769828,25,12.7,1.99978,2.14181,1,-0.0137499,-0.380128,0,-0.238918,0.444591,0,0.0102709,26,12.7,-2.99942,0.670138,1,0.0062868,0.498285,0,0.0237525,0.00968575,0,0.00961021,27,12.7,-3,-0.99843,1,0,0.0496711,0,0,0.585001,0,0.00805579,28,12.7,0.77311,0.999387,1,0.454075,-0.0119679,0,-0.300173,-0.436477,0,0.010613,29,12.7,0.996775,1.98552,1,0.00107614,-0.000938587,0,0.0253431,-0.181787,0,0.0113916,30,12.7,-0.351513,-1.94671,1,-0.423227,-0.22149,0,-0.396982,0.445843,0,0.0142917,31,12.7,2.25475,-0.00418521,1,-0.460969,0.0897616,0,0.280991,0.290449,0,0.0119388,32,12.7,-3,-2.26601,1,0,0.477771,0,0,-0.038445,0,0.00577514,33,12.7,-1.00237,2.78921,1,0.019514,0.434875,0,0.236414,-0.33626,0,0.00689771,34,12.7,-0.0336193,0.00203141,1,-0.5,-0.00440483,0,0,0.00148526,0,0.0144477,35,12.7,-0.214744,1.01241,1,0.444169,-0.0058515,0,-0.306576,-0.0895038,0,0.013262
0,12.8,0.00701339,-2.99991,1,0.0505222,5.36442e-05,0,0.400243,-0.000476837,0,0.00850581,1,12.8,2.89788,-2.99553,1,0.309116,-0.00636578,0,-0.507474,-0.00798702,0,0.00719783,2,12.8,-0.979559,-1.53107,1,0.0267506,0.498632,0,-0.0941455,0.0273585,0,0.011216,3,12.8,-2.00605,1.80766,1,-0.0140965,0.469249,0,0.116706,-0.0522733,0,0.00918246,4,12.8,-1.49034,-1.03473,1,-0.500003,-0.034076,0,5.96046e-05,-0.136018,0,0.0104212,5,12.8,-0.996844,-2.99999,1,0.0030756,5.96046e-06,0,-0.0328124,0,0,0.00779864,6,12.8,0.975525,-1.99991,1,0.370315,0.00129342,0,0.0877976,0.0117421,0,0.0129013,7,12.8,2.99991,0.238169,1,-7.7486e-05,-0.454554,0,0.000476837,0.254996,0,0.00684756,8,12.8,1.00044,-0.0307621,1,0.000211596,-0.498849,0,0.00375509,0.0230306,0,0.0136688,9,12.8,-2.11637,-2.00329,1,0.297028,0.0188828,0,-0.868201,-0.0361204,0,0.00977985,10,12.8,-2.22965,0.996288,1,0.448674,0.00650138,0,-0.273705,0.00077486,0,0.00828845,11,12.8,-2.00008,-0.562141,1,0.000196695,0.5,0,-0.000238419,2.98023e-05,0,0.0131966,12,12.8,1.47062,2.99989,1,0.500003,-0.000107288,0,-5.96046e-05,0.000596046,0,0.00696281,13,12.8,-0.39677,1.99995,1,-0.422551,5.96046e-06,0,0.675723,0.000178814,0,0.0129395,14,12.8,-0.999696,0.53619,1,-0.00143051,0.5,0,0.0025034,2.98023e-05,0,0.0136246,15,12.8,0.999116,-2.97706,1,-0.00355989,0.153613,0,0.0143349,0.584841,0,0.00962035,16,12.8,0.803634,-1.00231,1,-0.387157,0.00238717,0,-0.161171,0.0326037,0,0.0166608,17,12.8,0.000511158,-1.13821,1,0.000887303,-0.500003,0,-0.00139954,5.96046e-05,0,0.0201251,18,12.8,-2.88744,2.00023,1,-0.276935,-0.000441074,0,0.86534,-0.000357628,0,0.00986766,19,12.8,-1.99636,3,1,0.0494778,0,0,0.396848,0,0,0.00502849,20,12.8,3,-0.985717,1,0,-0.0265434,0,0,-0.0502765,0,0.00478376,21,12.8,2.00044,-1.87205,1,-0.000995398,-0.500003,0,0,5.96046e-05,0,0.0099205,22,12.8,2.00002,-0.883387,1,2.38419e-05,-0.352925,0,-0.000238419,0.469655,0,0.0121804,23,12.8,-0.0999357,3,1,0.421388,0,0,0.231978,-0.000119209,0,0.00605105,24,12.8,-2.00305,-2.99989,1,-0.00249743,-4.76837e-05,0,0.0305176,-0.000596046,0,0.0086481,25,12.8,1.99697,2.1061,1,-0.0446558,-0.333261,0,-0.3618,0.4884,0,0.00993542,26,12.8,-2.99871,0.720027,1,0.00762939,0.499482,0,0.00417233,0.0103414,0,0.00968181,27,12.8,-3,-0.989889,1,0,0.126438,0,0,0.903904,0,0.00773534,28,12.8,0.81685,0.995561,1,0.419192,-0.0683486,0,-0.392288,-0.664264,0,0.0133461,29,12.8,0.996994,1.98419,1,0.00316799,-0.0284642,0,0.0166893,-0.346065,0,0.0103976,30,12.8,-0.395692,-1.96668,1,-0.45885,-0.178269,0,-0.307083,0.417352,0,0.0118396,31,12.8,2.21022,0.00688292,1,-0.428283,0.137175,0,0.368357,0.625488,0,0.0119893,32,12.8,-3,-2.21834,1,0,0.47614,0,0,-0.00452995,0,0.00596369,33,12.8,-0.998993,2.83087,1,0.0500903,0.39705,0,0.357747,-0.416398,0,0.00670402,34,12.8,-0.0836193,0.0016013,1,-0.5,-0.00416991,0,3.57628e-06,0.00312924,0,0.0160481,35,12.8,-0.172003,1.01144,1,0.409309,-0.0131339,0,-0.387222,-0.056982,0,0.0149596
0,12.9,0.0143467,-2.99991,1,0.0984028,7.82311e-06,0,0.536168,-0.000432134,0,0.00850581,1,12.9,2.92622,-2.99619,1,0.257322,-0.00687763,0,-0.52315,-0.00241399,0,0.00719783,2,12.9,-0.977375,-1.48112,1,0.016787,0.499914,0,-0.103381,0.00341982,0,0.011216,3,12.9,-2.00693,1.85443,1,-0.00408888,0.466754,0,0.0842512,-0.00719726,0,0.00918246,4,12.9,-1.54034,-1.03914,1,-0.5,-0.0568949,0,7.45058e-06,-0.304505,0,0.0104212,5,12.9,-0.996688,-2.99999,1,0.000152644,4.47035e-06,0,-0.0256486,-2.98023e-05,0,0.00779864,6,12.9,1.01318,-1.99966,1,0.384204,0.00425503,0,0.176817,0.0447929,0,0.0129013,7,12.9,2.9999,0.194148,1,-2.98023e-05,-0.424367,0,0.000476837,0.345062,0,0.00684756,8,12.9,1.00048,-0.080519,1,0.000521541,-0.496021,0,0.00271201,0.0390445,0,0.0136688,9,12.9,-2.09126,-2.00158,1,0.203205,0.0151902,0,-0.983521,-0.0374019,0,0.00977985,10,12.9,-2.1863,0.996937,1,0.416817,0.00642305,0,-0.359625,-0.002224,0,0.00828845,11,12.9,-2.00006,-0.512141,1,0.000172481,0.5,0,-0.00025332,-2.08616e-06,0,0.0131966,12,12.9,1.52062,2.99988,1,0.5,-4.84288e-05,0,-7.45058e-06,0.000566244,0,0.00696281,13,12.9,-0.435018,1.99995,1,-0.337752,2.27243e-05,0,0.959465,0.000149012,0,0.0129395,14,12.9,-0.999827,0.586181,1,-0.00117663,0.499655,0,0.0025481,-0.0107996,0,0.0136246,15,12.9,0.99883,-2.95876,1,-0.00220686,0.212249,0,0.0124574,0.573993,0,0.00962035,16,12.9,0.764139,-1.00167,1,-0.402481,0.0124212,0,-0.145592,0.153244,0,0.0166608,17,12.9,0.000591824,-1.18821,1,0.000716396,-0.5,0,-0.0019761,7.45058e-06,0,0.0201251,18,12.9,-2.91055,2.00018,1,-0.183247,-0.000459701,0,0.983164,-0.000119209,0,0.00986766,19,12.9,-1.98899,3,1,0.101717,0,0,0.619128,0,0,0.00502849,20,12.9,3,-0.988559,1,0,-0.029711,0,0,-0.0146218,0,0.00478376,21,12.9,2.00034,-1.92205,1,-0.000969321,-0.5,0,0.000506639,7.45058e-06,0,0.0099205,22,12.9,2.00002,-0.916267,1,2.23517e-06,-0.30416,0,-0.000178814,0.501253,0,0.0121804,23,12.9,-0.0563979,3,1,0.450786,-9.68575e-06,0,0.318806,-5.96046e-05,0,0.00605105,24,12.9,-2.00316,-2.9999,1,0.000206381,-9.83477e-05,0,0.0235736,-0.000417233,0,0.0086481,25,12.9,1.99041,2.07526,1,-0.0888716,-0.283359,0,-0.501871,0.505522,0,0.00993542,26,12.9,-2.99795,0.770006,1,0.00741743,0.499968,0,-0.0076741,0.00130013,0,0.00968181,27,12.9,-3,-0.97254,1,0,0.221933,0,0,0.987992,0,0.00773534,28,12.9,0.856689,0.984931,1,0.376521,-0.148092,0,-0.45611,-0.895549,0,0.0133461,29,12.9,0.997381,1.97906,1,0.00443272,-0.0788849,0,0.00891089,-0.634044,0,0.0103976,30,12.9,-0.442892,-1.98249,1,-0.482999,-0.138678,0,-0.17892,0.374153,0,0.0118396,31,12.9,2.16933,0.0244522,1,-0.388533,0.219556,0,0.422761,0.950606,0,0.0119893,32,12.9,-3,-2.17053,1,0,0.481588,0,0,0.0926107,0,0.00596369,33,12.9,-0.991471,2.86836,1,0.10661,0.35164,0,0.733979,-0.48539,0,0.00670402,34,12.9,-0.133619,0.0012019,1,-0.5,-0.00380022,0,-4.47035e-07,0.0041982,0,0.0160481,35,12.9,-0.133108,1.00989,1,0.367673,-0.0174683,0,-0.442416,-0.0305474,0,0.0149596
0,13,0.0269468,-2.99991,1,0.153955,-2.98023e-05,0,0.558085,-0.000476837,0,0.0117215,1,13,2.94935,-2.99689,1,0.205451,-0.00687838,0,-0.509739,0.00214577,0,0.00720497,2,13,-0.976216,-1.43113,1,0.00639558,0.500003,0,-0.103056,-5.96046e-05,0,0.0119337,3,13,-2.00696,1.90107,1,0.00291467,0.466096,0,0.0567436,-0.0136495,0,0.0111537,4,13,-1.59034,-1.04652,1,-0.500003,-0.0920653,0,5.96046e-05,-0.385702,0,0.0117644,5,13,-0.996789,-2.99999,1,-0.00205934,0,0,-0.0185966,0,0,0.00727076,6,13,1.05254,-1.99898,1,0.4033,0.00974536,0,0.19449,0.0626445,0,0.0137064,7,13,2.9999,0.153559,1,1.19209e-05,-0.386268,0,0.000476837,0.413321,0,0.00677772,8,13,1.00055,-0.129861,1,0.000798702,-0.490075,0,0.00309944,0.0840276,0,0.0148519,9,13,-2.07591,-2.00025,1,0.103623,0.011465,0,-1.00017,-0.0369549,0,0.0101056,10,13,-2.14653,0.997564,1,0.377494,0.00607967,0,-0.423312,-0.00455976,0,0.00928128,11,13,-2.00005,-0.462141,1,0.000149012,0.5,0,-0.000238419,-1.43051e-05,0,0.0120771,12,13,1.57062,2.99988,1,0.500003,5.96046e-06,0,-5.96046e-05,0.000476837,0,0.00544748,13,13,-0.463874,1.99996,1,-0.238765,3.57628e-05,0,0.999987,0.000178814,0,0.0127476,14,13,-0.999932,0.636041,1,-0.000923872,0.496876,0,0.00244379,-0.0505149,0,0.0129763,15,13,0.998666,-2.93478,1,-0.00111163,0.26598,0,0.00920892,0.490189,0,0.0100271,16,13,0.723188,-0.99956,1,-0.416279,0.030373,0,-0.130147,0.193983,0,0.0192991,17,13,0.000652927,-1.23821,1,0.000500066,-0.500003,0,-0.00231314,5.96046e-05,0,0.0159568,18,13,-2.92391,2.00013,1,-0.083673,-0.000488758,0,1.00017,-0.000596046,0,0.0111437,19,13,-1.97555,3,1,0.168121,0,0,0.68599,0,0,0.00499906,20,13,3,-0.991556,1,0,-0.0297621,0,0,0.0121593,0,0.00617855,21,13,2.00025,-1.97205,1,-0.00090003,-0.500003,0,0.000834465,0.000119209,0,0.0102563,22,13,2.00002,-0.944156,1,-1.19209e-05,-0.2535,0,-0.000238419,0.50807,0,0.0109652,23,13,-0.00981268,3,1,0.479521,-1.78814e-05,0,0.236803,0.000119209,0,0.00885215,24,13,-2.00303,-2.99991,1,0.00222921,-0.00012517,0,0.0168085,-0.000357628,0,0.00719157,25,13,1.97892,2.04945,1,-0.141323,-0.232917,0,-0.530839,0.499964,0,0.0116622,26,13,-2.99726,0.820006,1,0.00623465,0.5,0,-0.015378,2.98023e-05,0,0.0103179,27,13,-3,-0.94537,1,0,0.321633,0,0,1.00002,0,0.00735187,28,13,0.89199,0.965501,1,0.328915,-0.241229,0,-0.491589,-0.939906,0,0.0124077,29,13,0.997858,1.96772,1,0.00500679,-0.150079,0,0.00286102,-0.766218,0,0.0149224,30,13,-0.491902,-1.99456,1,-0.495482,-0.103489,0,-0.0762194,0.329435,0,0.0106546,31,13,2.13265,0.0512806,1,-0.344467,0.317418,0,0.455141,0.979364,0,0.0122672,32,13,-3,-2.12188,1,0,0.491351,0,0,0.0907183,0,0.00557123,33,13,-0.976784,2.90103,1,0.189869,0.301176,0,0.899702,-0.518441,0,0.00624308,34,13,-0.183619,0.000844175,1,-0.5,-0.00334279,0,0,0.00489128,0,0.0176813,35,13,-0.0986214,1.00802,1,0.321452,-0.0194132,0,-0.47883,-0.00905991,0,0.0128655
0,13.1,0.0451821,-2.99991,1,0.210858,-7.0408e-05,0,0.564873,-0.000342727,0,0.0117215,1,13.1,2.96739,-2.99756,1,0.156095,-0.00646971,0,-0.47338,0.00582635,0,0.00720497,2,13.1,-0.97607,-1.3812,1,-0.00326093,0.497817,0,-0.0896454,-0.0469014,0,0.0119337,3,13.1,-2.00643,1.94766,1,0.00743084,0.465891,0,0.034228,0.00178814,0,0.0111537,4,13.1,-1.64023,-1.05776,1,-0.496455,-0.133679,0,0.0723675,-0.435241,0,0.0117644,5,13.1,-0.997077,-2.99999,1,-0.00358056,-3.72529e-07,0,-0.0119731,-1.49012e-05,0,0.00727076,6,13.1,1.09376,-1.99758,1,0.420365,0.0192061,0,0.148304,0.119105,0,0.0137064,7,13.1,2.99991,0.117078,1,5.43892e-05,-0.342651,0,0.00038743,0.455888,0,0.00677772,8,13.1,1.00064,-0.178667,1,0.000968389,-0.487829,0,0.000707805,-0.0239797,0,0.0148519,9,13.1,-2.07055,-1.9993,1,0.00361428,0.0076022,0,-1.00002,-0.0400096,0,0.0101056,10,13.1,-2.11053,0.998146,1,0.345878,0.00553261,0,-0.226021,-0.00626594,0,0.00928128,11,13.1,-2.00003,-0.412151,1,0.00012517,0.499599,0,-0.000238419,-0.0122841,0,0.0120771,12,13.1,1.62055,2.99988,1,0.497708,4.95464e-05,0,-0.0489354,0.000372529,0,0.00544748,13,13.1,-0.482751,1.99996,1,-0.138766,5.01052e-05,0,0.999998,0.000111759,0,0.0127476,14,13.1,-1.00001,0.685652,1,-0.000693835,0.49659,0,0.00215322,0.0250004,0,0.0129763,15,13.1,0.998599,-2.90572,1,-0.000270549,0.314843,0,0.00732765,0.473365,0,0.0100271,16,13.1,0.680648,-0.99576,1,-0.436517,0.0436836,0,-0.250094,0.0774972,0,0.0192991,17,13.1,0.000691179,-1.28821,1,0.000263771,-0.5,0,-0.00238537,7.45058e-06,0,0.0159568,18,13.1,-2.9273,2.00008,1,0.0153519,-0.000543147,0,0.969589,-0.000685453,0,0.0111437,19,13.1,-1.95504,3,1,0.244074,0,0,0.804394,0,0,0.00499906,20,13.1,3,-0.994437,1,0,-0.027563,0,0,0.0305511,0,0.00617855,21,13.1,2.00016,-2.02205,1,-0.00080578,-0.499999,0,0.00105798,-7.45058e-06,0,0.0102563,22,13.1,2.00002,-0.966985,1,-3.09199e-05,-0.203349,0,-0.000163913,0.491522,0,0.0109652,23,13.1,0.0390871,3,1,0.496074,-7.82311e-06,0,0.0943911,7.45058e-05,0,0.00885215,24,13.1,-2.00274,-2.99992,1,0.00359043,-0.000150129,0,0.01055,-0.00013411,0,0.00719157,25,13.1,1.96197,2.02862,1,-0.198859,-0.1842,0,-0.600204,0.472158,0,0.0116622,26,13.1,-2.99672,0.870006,1,0.00452921,0.5,0,-0.0183582,0,0,0.0103179,27,13.1,-3,-0.908573,1,0,0.410055,0,0,0.746515,0,0.00735187,28,13.1,0.922416,0.936869,1,0.279593,-0.329192,0,-0.492141,-0.807412,0,0.0124077,29,13.1,0.998365,1.9487,1,0.00507571,-0.231401,0,-0.00128895,-0.836469,0,0.0149224,30,13.1,-0.541704,-2.00334,1,-0.499541,-0.0728769,0,-0.0148322,0.282817,0,0.0106546,31,13.1,2.1005,0.0876103,1,-0.298608,0.405412,0,0.45976,0.755498,0,0.0122672,32,13.1,-3,-2.07235,1,0,0.498362,0,0,0.0422001,0,0.00557123,33,13.1,-0.953141,2.92854,1,0.283674,0.248898,0,0.941578,-0.522152,0,0.00624308,34,13.1,-0.233619,0.000534753,1,-0.5,-0.00284254,0,-8.9407e-07,0.00507832,0,0.0176813,35,13.1,-0.0689067,1.00607,1,0.272579,-0.0194609,0,-0.49466,0.00727177,0,0.0128655
0,13.2,0.0689999,-2.99992,1,0.264281,-9.53674e-05,0,0.492181,-0.000238419,0,0.00890681,1,13.2,2.98072,-2.99817,1,0.111467,-0.00575185,0,-0.416279,0.00822544,0,0.0060713,2,13.2,-0.97682,-1.33175,1,-0.0114605,0.490075,0,-0.074029,-0.110149,0,0.0120225,3,13.2,-2.00555,1.99423,1,0.00988245,0.465074,0,0.015378,-0.0241399,0,0.0100069,4,13.2,-1.68938,-1.07331,1,-0.485307,-0.177056,0,0.151217,-0.423253,0,0.0123809,5,13.2,-0.997485,-2.99999,1,-0.00448376,0,0,-0.00622869,-0.000119209,0,0.0101838,6,13.2,1.13647,-1.99502,1,0.433215,0.0322133,0,0.109673,0.135005,0,0.0168314,7,13.2,2.99991,0.0851394,1,8.9407e-05,-0.295713,0,0.000238419,0.479774,0,0.0065358,8,13.2,1.00074,-0.227649,1,0.00101328,-0.492326,0,0.000596046,-0.0556564,0,0.0166488,9,13.2,-2.07519,-1.99874,1,-0.0963807,0.00352263,0,-1.00017,-0.0413656,0,0.010047,10,13.2,-2.07686,0.998666,1,0.329214,0.00484735,0,-0.120997,-0.00730157,0,0.0123239,11,13.2,-2.00002,-0.362307,1,0.000101328,0.49658,0,-0.000238419,-0.0534952,0,0.0125277,12,13.2,1.66997,2.99989,1,0.489694,8.34465e-05,0,-0.113308,0.000357628,0,0.00693659,13,13.2,-0.491628,1.99997,1,-0.0387654,5.66244e-05,0,0.999987,5.96046e-05,0,0.0118227,14,13.2,-1.00007,0.735445,1,-0.000491738,0.499116,0,0.00190735,0.0176728,0,0.0112409,15,13.2,0.998603,-2.87199,1,0.000303984,0.358266,0,0.00399351,0.384808,0,0.0114346,16,13.2,0.635708,-0.99116,1,-0.462225,0.0468671,0,-0.247896,-0.00911951,0,0.0132987,17,13.2,0.000705703,-1.33821,1,2.8027e-05,-0.500003,0,-0.00230657,5.96046e-05,0,0.0149854,18,13.2,-2.92106,2.00002,1,0.107723,-0.000655651,0,0.863552,-0.00178814,0,0.0124589,19,13.2,-1.92661,3,1,0.32402,0,0,0.773191,0,0,0.00503456,20,13.2,3,-0.997019,1,0,-0.0238851,0,0,0.0419021,0,0.00509522,21,13.2,2.00009,-2.07205,1,-0.000691414,-0.5,0,0.00107288,0,0,0.00972338,22,13.2,2.00002,-0.984913,1,-4.17233e-05,-0.155808,0,0,0.456631,0,0.012019,23,13.2,0.0889707,3,1,0.5,0,0,-3.57628e-06,0,0,0.00916541,24,13.2,-2.00234,-2.99994,1,0.00436902,-0.000154972,0,0.00524521,0.000119209,0,0.00787956,25,13.2,1.9391,2.0125,1,-0.257874,-0.138885,0,-0.564873,0.432491,0,0.014324,26,13.2,-2.99636,0.920006,1,0.00263453,0.5,0,-0.0193119,2.98023e-05,0,0.0106191,27,13.2,-3,-0.864372,1,0,0.468464,0,0,0.418872,0,0.00731133,28,13.2,0.947933,0.900209,1,0.230989,-0.400886,0,-0.477582,-0.620127,0,0.0127849,29,13.2,0.998861,1.92143,1,0.00478774,-0.313258,0,-0.00435114,-0.783384,0,0.0123242,30,13.2,-0.591693,-2.00929,1,-0.5,-0.0469029,0,-2.98023e-05,0.236869,0,0.00970605,31,13.2,2.07293,0.131419,1,-0.252944,0.465458,0,0.451565,0.439845,0,0.0116428,32,13.2,-3,-2.0224,1,0,0.5,0,0,-5.96046e-05,0,0.00701011,33,13.2,-0.920236,2.95084,1,0.372043,0.197637,0,0.799239,-0.499129,0,0.00594729,34,13.2,-0.283619,0.000275948,1,-0.5,-0.00233376,0,1.43051e-05,0.00506636,0,0.0172297,35,13.2,-0.0441202,1.00418,1,0.223256,-0.0181198,0,-0.488411,0.0188947,0,0.0128858
0,13.3,0.0978331,-2.99993,1,0.311541,-0.000112504,0,0.441969,-0.000119209,0,0.00890681,1,13.3,2.9899,-2.9987,1,0.0732958,-0.00484623,0,-0.345409,0.00967085,0,0.0060713,2,13.3,-0.977854,-1.28341,1,-0.00496078,0.475588,0,0.182867,-0.181094,0,0.0120225,3,13.3,-2.00451,2.0408,1,0.0106901,0.467832,0,0.00116229,0.0660643,0,0.0100069,4,13.3,-1.73698,-1.09314,1,-0.46496,-0.219506,0,0.252612,-0.417024,0,0.0123809,5,13.3,-0.997956,-2.99999,1,-0.00485983,-9.68575e-06,0,-0.00148267,-5.96046e-05,0,0.0101838,6,13.3,1.1806,-1.99116,1,0.451167,0.044631,0,0.222839,0.110917,0,0.0168314,7,13.3,2.99992,0.057983,1,0.000108033,-0.247347,0,0.000149012,0.483961,0,0.0065358,8,13.3,1.00084,-0.277163,1,0.000969507,-0.497719,0,-0.00134856,-0.0423854,0,0.0166488,9,13.3,-2.08976,-1.99868,1,-0.194123,-0.00313204,0,-0.94384,-0.0870153,0,0.010047,10,13.3,-2.04426,0.999103,1,0.325279,0.00380725,0,0.0278503,-0.0131652,0,0.0123239,11,13.3,-2.00001,-0.31278,1,7.1153e-05,0.49508,0,-0.000432134,0.0130292,0,0.0125277,12,13.3,1.7188,2.9999,1,0.48983,0.000112131,0,0.0702664,0.000223517,0,0.00693659,13,13.3,-0.490504,1.99997,1,0.0612341,5.99772e-05,0,0.999998,1.49012e-05,0,0.0118227,14,13.3,-1.00011,0.78541,1,-0.000318512,0.499945,0,0.00156462,0.00221655,0,0.0112409,15,13.3,0.99863,-2.83425,1,1.21072e-05,0.39633,0,-0.00905246,0.367045,0,0.0114346,16,13.3,0.588365,-0.986091,1,-0.483287,0.0585449,0,-0.168361,0.232715,0,0.0132987,17,13.3,0.000697522,-1.38821,1,-0.000186038,-0.5,0,-0.00197044,7.45058e-06,0,0.0149854,18,13.3,-2.90615,1.99995,1,0.188268,-0.000840053,0,0.738904,-0.00211596,0,0.0124589,19,13.3,-1.89049,3,1,0.396478,0,0,0.654839,0,0,0.00503456,20,13.3,3,-0.999187,1,0,-0.0194012,0,0,0.0469349,0,0.00509522,21,13.3,2.00002,-2.12205,1,-0.000579469,-0.5,0,0.00113994,0,0,0.00972338,22,13.3,2.00001,-0.998291,1,-4.02331e-05,-0.11258,0,2.98023e-05,0.406269,0,0.012019,23,13.3,0.138971,3,1,0.5,0,0,4.47035e-07,0,0,0.00916541,24,13.3,-2.00188,-2.99995,1,0.00466369,-0.000140816,0,0.000849366,0.000178814,0,0.00787956,25,13.3,1.91045,2.00071,1,-0.315133,-0.0975985,0,-0.56807,0.391766,0,0.014324,26,13.3,-2.99619,0.969985,1,0.000790134,0.499236,0,-0.0174493,-0.0209995,0,0.0106191,27,13.3,-3,-0.815959,1,0,0.495001,0,0,0.131797,0,0.00731133,28,13.3,0.968702,0.85732,1,0.18499,-0.453646,0,-0.441398,-0.4264,0,0.0127849,29,13.3,0.999315,1.8863,1,0.00426369,-0.387452,0,-0.00601634,-0.678197,0,0.0123242,30,13.3,-0.641574,-2.01288,1,-0.496389,-0.0256732,0,0.0734627,0.188529,0,0.00970605,31,13.3,2.04985,0.179636,1,-0.209111,0.494029,0,0.424162,0.149105,0,0.0116428,32,13.3,-3,-1.9724,1,0,0.499999,0,0,1.49012e-05,0,0.00701011,33,13.3,-0.879423,2.96818,1,0.440035,0.149788,0,0.549663,-0.454798,0,0.00594729,34,13.3,-0.333619,-0.000209143,1,-0.5,-0.00987718,0,0,-0.145619,0,0.0172297,35,13.3,-0.0241994,1.00247,1,0.175604,-0.015844,0,-0.461798,0.0259876,0,0.0128858
0,13.4,0.131038,-2.99994,1,0.350774,-0.000113249,0,0.334747,-0.000119209,0,0.01102,1,13.4,2.99563,-2.99914,1,0.0426054,-0.00385642,0,-0.267744,0.0101328,0,0.00731983,2,13.4,-0.977157,-1.23688,1,0.0212535,0.453663,0,0.324011,-0.257909,0,0.0135346,3,13.4,-2.00345,2.08797,1,0.0101984,0.475895,0,-0.0106096,0.0845194,0,0.0119936,4,13.4,-1.78207,-1.11711,1,-0.4354,-0.258902,0,0.335515,-0.364065,0,0.0124712,5,13.4,-0.998443,-2.99999,1,-0.00481755,-1.78814e-05,0,0.00217557,0.000119209,0,0.00862599,6,13.4,1.22684,-1.9862,1,0.473496,0.053978,0,0.207484,0.074327,0,0.0128143,7,13.4,2.99993,0.0356497,1,0.000119209,-0.199578,0,0,0.468427,0,0.00883039,8,13.4,1.00093,-0.327078,1,0.000762939,-0.4999,0,-0.0026226,-0.00201106,0,0.0126607,9,13.4,-2.11372,-1.99947,1,-0.283223,-0.0130117,0,-0.829816,-0.106692,0,0.0101612,10,13.4,-2.01145,0.999411,1,0.332144,0.00227839,0,0.097692,-0.0171065,0,0.0149843,11,13.4,-2.00001,-0.263165,1,0,0.497442,0,-0.00107288,0.0272322,0,0.0142185,12,13.4,1.76816,2.99991,1,0.497168,0.00013113,0,0.0566244,0,0,0.00587001,13,13.4,-0.479381,1.99998,1,0.161234,5.96046e-05,0,0.999987,-5.96046e-05,0,0.0130848,14,13.4,-1.00014,0.835409,1,-0.000175834,0.5,0,0.0012517,2.98023e-05,0,0.0123594,15,13.4,0.99857,-2.79288,1,-0.00135899,0.430006,0,-0.017643,0.299096,0,0.00989215,16,13.4,0.539349,-0.978744,1,-0.495519,0.091444,0,-0.0774115,0.415564,0,0.0162608,17,13.4,0.000669654,-1.43821,1,-0.000365369,-0.500003,0,-0.00161363,5.96046e-05,0,0.0157699,18,13.4,-2.88389,1.99985,1,0.254089,-0.00111163,0,0.571847,-0.00351667,0,0.0117748,19,13.4,-1.84789,3,1,0.45197,0,0,0.446022,0,0,0.00509676,20,13.4,3,-1.00089,1,0,-0.0146478,0,0,0.0474453,0,0.00498068,21,13.4,1.99997,-2.17205,1,-0.000461936,-0.5,0,0.00113249,0,0,0.00942074,22,13.4,2.00001,-1.00761,1,-3.57628e-05,-0.0748217,0,0,0.347912,0,0.0101374,23,13.4,0.188971,3,1,0.5,0,0,0,0,0,0.0076846,24,13.4,-2.00142,-2.99997,1,0.00457168,-0.000119209,0,-0.0025034,0.000238419,0,0.00591276,25,13.4,1.87618,1.99283,1,-0.369301,-0.0607848,0,-0.505626,0.343382,0,0.014419,26,13.4,-2.99619,1.01973,1,-0.000834465,0.494802,0,-0.0150204,-0.0718832,0,0.0115822,27,13.4,-3,-0.766098,1,0,0.500001,0,0,-2.98023e-05,0,0.00755298,28,13.4,0.985061,0.810182,1,0.142889,-0.485563,0,-0.399858,-0.214577,0,0.013406,29,13.4,0.999709,1.84448,1,0.00360608,-0.445649,0,-0.00700355,-0.475407,0,0.0135514,30,13.4,-0.690715,-2.01458,1,-0.485136,-0.00904202,0,0.152111,0.144839,0,0.0105048,31,13.4,2.031,0.229463,1,-0.168282,0.5,0,0.391603,0,0,0.0119289,32,13.4,-3,-1.9224,1,0,0.500003,0,0,-5.96046e-05,0,0.00707998,33,13.4,-0.833132,2.98098,1,0.481226,0.107187,0,0.277579,-0.395298,0,0.00554336,34,13.4,-0.383619,-0.00210228,1,-0.5,-0.0295319,0,1.43051e-05,-0.238537,0,0.0181011,35,13.4,-0.00888427,1.00103,1,0.131393,-0.0130415,0,-0.420291,0.0295639,0,0.0114583
0,13.5,0.167741,-2.99996,1,0.38259,-0.000116974,0,0.294316,2.98023e-05,0,0.01102,1,13.5,2.99869,-2.99947,1,0.0197411,-0.00286363,0,-0.190377,0.00961125,0,0.00731983,2,13.5,-0.973022,-1.19299,1,0.0647944,0.422472,0,0.525776,-0.360698,0,0.0135346,3,13.5,-2.00249,2.13604,1,0.00900738,0.485738,0,-0.0130981,0.101268,0,0.0119936,4,13.5,-1.8238,-1.1449,1,-0.398217,-0.297533,0,0.404157,-0.396743,0,0.0124712,5,13.5,-0.998909,-2.99999,1,-0.00446308,-8.19564e-06,0,0.00474602,5.96046e-05,0,0.00862599,6,13.5,1.27511,-1.9806,1,0.490462,0.056207,0,0.125133,-0.0244901,0,0.0128143,7,13.5,2.99995,0.0179844,1,0.000116974,-0.154286,0,-5.96046e-05,0.435061,0,0.00883039,8,13.5,1.00099,-0.377074,1,0.000475347,-0.499994,0,-0.00306964,-0.000247806,0,0.0126607,9,13.5,-2.14609,-2.00124,1,-0.362742,-0.0215914,0,-0.739142,-0.065729,0,0.0101612,10,13.5,-1.97758,0.999503,1,0.346687,-0.000882614,0,0.180803,-0.0438578,0,0.0149843,11,13.5,-2.00001,-0.213305,1,-0.000106916,0.499499,0,-0.0012368,0.0123724,0,0.0142185,12,13.5,1.81805,2.99992,1,0.499823,0.000128895,0,0.00707805,-5.96046e-05,0,0.00587001,13,13.5,-0.458373,1.99998,1,0.257479,5.28991e-05,0,0.914278,-7.45058e-05,0,0.0130848,14,13.5,-1.00015,0.885409,1,-6.48201e-05,0.5,0,0.000968575,0,0,0.0123594,15,13.5,0.998364,-2.74835,1,-0.00257222,0.46039,0,-0.00711158,0.287905,0,0.00989215,16,13.5,0.489548,-0.966627,1,-0.499319,0.158285,0,-0.00561401,0.860009,0,0.0162608,17,13.5,0.000625673,-1.48821,1,-0.000508001,-0.5,0,-0.00123849,7.45058e-06,0,0.0157699,18,13.5,-2.85575,1.99972,1,0.307267,-0.00145305,0,0.482932,-0.00358373,0,0.0117748,19,13.5,-1.80085,3,1,0.484971,0,0,0.218257,0,0,0.00509676,20,13.5,3,-1.00212,1,0,-0.0100452,0,0,0.0441968,0,0.00498068,21,13.5,1.99993,-2.22205,1,-0.000350922,-0.5,0,0.00107288,0,0,0.00942074,22,13.5,2.00001,-1.01346,1,-3.39001e-05,-0.0432122,0,4.47035e-05,0.284255,0,0.0101374,23,13.5,0.238971,3,1,0.5,0,0,8.9407e-07,0,0,0.0076846,24,13.5,-2.00097,-2.99998,1,0.00419728,-9.53674e-05,0,-0.00481308,0.000238419,0,0.00591276,25,13.5,1.83676,1.98831,1,-0.418306,-0.0309087,0,-0.458136,0.256509,0,0.014419,26,13.5,-2.99635,1.06885,1,-0.00218824,0.487378,0,-0.0120103,-0.084579,0,0.0115822,27,13.5,-3,-0.716098,1,0,0.5,0,0,3.72529e-06,0,0.00755298,28,13.5,0.997446,0.760862,1,0.105757,-0.498171,0,-0.343334,-0.0546351,0,0.013406,29,13.5,1.00003,1.79792,1,0.00290647,-0.481577,0,-0.00695884,-0.246294,0,0.0135514,30,13.5,-0.738341,-2.01482,1,-0.466111,0.00347197,0,0.228509,0.106215,0,0.0105048,31,13.5,2.01607,0.279463,1,-0.131067,0.5,0,0.352308,-8.9407e-07,0,0.0119289,32,13.5,-3,-1.8724,1,0,0.5,0,0,-7.45058e-06,0,0.00707998,33,13.5,-0.784019,2.98983,1,0.497603,0.0711158,0,0.0714175,-0.325263,0,0.00554336,34,13.5,-0.433619,-0.00644424,1,-0.5,-0.0590097,0,0,-0.340833,0,0.0181011,35,13.5,0.00224004,0.999873,1,0.0919884,-0.0100445,0,-0.36665,0.0299811,0,0.0114583
0,13.6,0.207354,-2.99997,1,0.408364,-0.000107288,0,0.215679,0.000119209,0,0.00983221,1,13.6,2.99983,-2.99971,1,0.00426769,-0.00196099,0,-0.120997,0.00846386,0,0.00637091,2,13.6,-0.963727,-1.15268,1,0.122553,0.382525,0,0.611871,-0.433505,0,0.0151452,3,13.6,-2.00166,2.18508,1,0.00759959,0.494528,0,-0.0151396,0.0691414,0,0.00787758,4,13.6,-1.86152,-1.17661,1,-0.35533,-0.336125,0,0.449955,-0.365674,0,0.014879,5,13.6,-0.999328,-2.99999,1,-0.00389963,0,0,0.00634789,0,0,0.009704,6,13.6,1.32462,-1.97523,1,0.498256,0.0500739,0,0.0348687,-0.0936389,0,0.0118134,7,13.6,2.99996,0.0046595,1,0.000107288,-0.112973,0,-0.000119209,0.389484,0,0.0102986,8,13.6,1.00102,-0.427074,1,0.000157952,-0.5,0,-0.00321865,1.43051e-05,0,0.0115067,9,13.6,-2.18578,-2.00366,1,-0.427794,-0.0263214,0,-0.550747,-0.0296831,0,0.0099891,10,13.6,-1.94195,0.999167,1,0.366077,-0.00607073,0,0.196934,-0.0579357,0,0.0170536,11,13.6,-2.00003,-0.16332,1,-0.000286102,0.5,0,-0.00238419,-7.15256e-06,0,0.0131431,12,13.6,1.86805,2.99993,1,0.500003,0.00012517,0,-5.96046e-05,-0.000119209,0,0.00544075,13,13.6,-0.42827,1.99999,1,0.342216,4.47035e-05,0,0.772357,-5.96046e-05,0,0.0108613,14,13.6,-1.00015,0.935409,1,2.08616e-05,0.5,0,0.000715256,2.98023e-05,0,0.0139048,15,13.6,0.998086,-2.70101,1,-0.00287294,0.484622,0,0.000655651,0.187755,0,0.00810004,16,13.6,0.439681,-0.946177,1,-0.497066,0.252737,0,0.0534803,0.983119,0,0.0131502,17,13.6,0.000569305,-1.53821,1,-0.00061313,-0.500003,0,-0.000865257,5.96046e-05,0,0.0160697,18,13.6,-2.82282,1.99956,1,0.3492,-0.00187159,0,0.349641,-0.00494719,0,0.0111739,19,13.6,-1.75158,3,1,0.497565,0,0,0.048697,0,0,0.00533189,20,13.6,3,-1.00291,1,0,-0.00588,0,0,0.0388026,0,0.0047673,21,13.6,1.9999,-2.27205,1,-0.000247359,-0.5,0,0.000953674,0,0,0.00996641,22,13.6,2,-1.01647,1,-2.98023e-05,-0.017938,0,0,0.22167,0,0.0110606,23,13.6,0.288971,3,1,0.5,0,0,-1.43051e-05,0,0,0.00679105,24,13.6,-2.00058,-2.99999,1,0.00363588,-7.15256e-05,0,-0.00631809,0.000238419,0,0.0101913,25,13.6,1.79282,1.98638,1,-0.458458,-0.00902414,0,-0.336587,0.183403,0,0.0110803,26,13.6,-2.99662,1.11709,1,-0.00322461,0.476521,0,-0.0089407,-0.138164,0,0.0118312,27,13.6,-3,-0.666098,1,0,0.5,0,0,2.98023e-05,0,0.00598012,28,13.6,1.00639,0.710908,1,0.0741065,-0.5,0,-0.290155,-2.98023e-05,0,0.0123886,29,13.6,1.00029,1.74887,1,0.00222325,-0.496599,0,-0.00667572,-0.0680089,0,0.0111789,30,13.6,-0.783684,-2.014,1,-0.439487,0.012356,0,0.303298,0.0722408,0,0.00930744,31,13.6,2.00466,0.329463,1,-0.0978827,0.5,0,0.311136,-1.43051e-05,0,0.0123291,32,13.6,-3,-1.8224,1,0,0.500003,0,0,-5.96046e-05,0,0.00646863,33,13.6,-0.734079,2.99544,1,0.5,0.0422239,0,2.98023e-05,-0.252366,0,0.00574761,34,13.6,-0.483619,-0.0141473,1,-0.5,-0.0958108,0,1.43051e-05,-0.386499,0,0.0158351,35,13.6,0.00970221,0.999016,1,0.058237,-0.00711232,0,-0.307781,0.028342,0,0.0111555
0,13.7,0.249475,-2.99998,1,0.435459,-9.20147e-05,0,0.30105,0.000193715,0,0.00983221,1,13.7,2.99975,-2.99987,1,-0.00498481,-0.00119358,0,-0.0666231,0.00682473,0,0.00637091,2,13.7,-0.948071,-1.11674,1,0.193325,0.335019,0,0.778146,-0.509612,0,0.0151452,3,13.7,-2.00097,2.2348,1,0.00613816,0.499154,0,-0.0140816,0.0237525,0,0.00787758,4,13.7,-1.89471,-1.2122,1,-0.307809,-0.376575,0,0.494666,-0.426218,0,0.014879,5,13.7,-0.999685,-2.99999,1,-0.00322061,-3.72529e-07,0,0.00711903,-1.49012e-05,0,0.009704,6,13.7,1.37456,-1.97075,1,0.499891,0.0390515,0,0.00435859,-0.124127,0,0.0118134,7,13.7,2.99997,-0.00478037,1,9.38773e-05,-0.0767448,0,-0.000149012,0.334307,0,0.0102986,8,13.7,1.00102,-0.477074,1,-0.000158697,-0.5,0,-0.00306964,1.78814e-06,0,0.0115067,9,13.7,-2.23094,-2.00637,1,-0.471541,-0.0272769,0,-0.324517,0.00868738,0,0.0099891,10,13.7,-1.90437,0.998145,1,0.385374,-0.0154188,0,0.185311,-0.121392,0,0.0170536,11,13.7,-2.00007,-0.11332,1,-0.000482798,0.5,0,-0.00184774,0,0,0.0131431,12,13.7,1.91805,2.99995,1,0.5,0.000112876,0,-7.45058e-06,-0.00013411,0,0.00544075,13,13.7,-0.390588,1.99999,1,0.407463,3.85568e-05,0,0.534492,-6.70552e-05,0,0.0108613,14,13.7,-1.00014,0.985409,1,8.13976e-05,0.5,0,0.00051409,0,0,0.0139048,15,13.7,0.99781,-2.65182,1,-0.00257799,0.497157,0,0.00497326,0.0684112,0,0.00810004,16,13.7,0.39038,-0.916106,1,-0.487609,0.346773,0,0.133516,0.869658,0,0.0131502,17,13.7,0.000504382,-1.5882,1,-0.000678407,-0.499588,0,-0.0004506,0.0126064,0,0.0160697,18,13.7,-2.78604,1.99927,1,0.387082,-0.00469293,0,0.395313,-0.0473484,0,0.0111739,19,13.7,-1.70168,3,1,0.499847,0,0,0.00608712,0,0,0.00533189,20,13.7,3,-1.00332,1,0,-0.00234172,0,0,0.0318736,0,0.0047673,21,13.7,1.99988,-2.32205,1,-0.000156462,-0.5,0,0.000864267,0,0,0.00996641,22,13.7,2,-1.01725,1,-2.79397e-05,0.00118632,0,4.47035e-05,0.161849,0,0.0110606,23,13.7,0.338971,3,1,0.5,0,0,0,0,0,0.00679105,24,13.7,-2.00025,-2.99999,1,0.00296887,-4.95464e-05,0,-0.00692159,0.000193715,0,0.0101913,25,13.7,1.74552,1.98629,1,-0.485134,0.00621397,0,-0.192188,0.123329,0,0.0110803,26,13.7,-2.99698,1.16404,1,-0.00392832,0.462202,0,-0.00520051,-0.154205,0,0.0118312,27,13.7,-3,-0.616098,1,0,0.5,0,0,0,0,0.00598012,28,13.7,1.01244,0.660908,1,0.0476703,-0.5,0,-0.239283,0,0,0.0123886,29,13.7,1.00048,1.699,1,0.00158083,-0.499787,0,-0.00614673,-0.00850111,0,0.0111789,30,13.7,-0.825974,-2.01246,1,-0.404993,0.0180215,0,0.382617,0.0420809,0,0.00930744,31,13.7,1.99634,0.379463,1,-0.0691621,0.5,0,0.263728,0,0,0.0123291,32,13.7,-3,-1.7724,1,0,0.5,0,0,-7.45058e-06,0,0.00646863,33,13.7,-0.684079,2.99852,1,0.5,0.020564,0,0,-0.181809,0,0.00574761,34,13.7,-0.533617,-0.0257569,1,-0.499876,-0.13712,0,0.00441626,-0.431069,0,0.0158351,35,13.7,0.0140905,0.998442,1,0.0305576,-0.00443561,0,-0.246095,0.0250377,0,0.0111555
0,13.8,0.294504,-2.99998,1,0.464508,-7.15256e-05,0,0.264451,0.000119209,0,0.00725056,1,13.8,2.99899,-2.99996,1,-0.00953674,-0.000596046,0,-0.0267029,0.00488758,0,0.00860084,2,13.8,-0.924748,-1.08586,1,0.273605,0.281912,0,0.807106,-0.546575,0,0.015176,3,13.8,-2.00043,2.28478,1,0.00479221,0.5,0,-0.0128746,0,0,0.00733094,4,13.8,-1.92299,-1.25197,1,-0.257468,-0.418445,0,0.507176,-0.399113,0,0.013107,5,13.8,-0.999971,-2.99999,1,-0.00249892,0,0,0.00730157,0,0,0.0110888,6,13.8,1.42455,-1.9675,1,0.500003,0.0257462,0,-5.96046e-05,-0.139534,0,0.00982704,7,13.8,2.99998,-0.0108798,1,7.7486e-05,-0.0462183,0,-0.000119209,0.275928,0,0.00938086,8,13.8,1.00099,-0.527074,1,-0.000452995,-0.500001,0,-0.00268221,2.98023e-05,0,0.0109006,9,13.8,-2.27936,-2.00901,1,-0.493652,-0.0249326,0,-0.126958,0.0363588,0,0.011154,10,13.8,-1.86495,0.995944,1,0.402483,-0.0289589,0,0.153959,-0.14317,0,0.0138935,11,13.8,-2.00013,-0.0633197,1,-0.000709295,0.5,0,-0.00286102,-1.19209e-06,0,0.0139488,12,13.8,1.96805,2.99996,1,0.500003,0.000101328,0,-5.96046e-05,-0.000119209,0,0.00537646,13,13.8,-0.34755,2,1,0.449563,3.27826e-05,0,0.310078,-0.000119209,0,0.0102898,14,13.8,-1.00013,1.03541,1,0.00012219,0.5,0,0.000357628,0,0,0.0112904,15,13.8,0.997582,-2.60191,1,-0.0019297,0.5,0,0.0077486,0,0,0.00868175,16,13.8,0.342404,-0.877442,1,-0.470781,0.422488,0,0.201002,0.630856,0,0.0113653,17,13.8,0.000434903,-1.63804,1,-0.000705288,-0.496519,0,-9.70613e-05,0.0541806,0,0.0141822,18,13.8,-2.74537,1.99852,1,0.425971,-0.0105858,0,0.372171,-0.0670552,0,0.0118187,19,13.8,-1.65168,3,1,0.500003,0,0,-5.96046e-05,0,0,0.00588809,20,13.8,3,-1.00341,1,0,0.000482798,0,0,0.0246167,0,0.00588246,21,13.8,1.99987,-2.37205,1,-7.45058e-05,-0.5,0,0.000715256,0,0,0.00932293,22,13.8,2,-1.01642,1,-2.38419e-05,0.0146538,0,5.96046e-05,0.108659,0,0.0100397,23,13.8,0.388971,3,1,0.5,0,0,-1.43051e-05,0,0,0.00756285,24,13.8,-1.99999,-3,1,0.00227392,-3.57628e-05,0,-0.00691414,0.000238419,0,0.00766537,25,13.8,1.69629,1.98744,1,-0.497183,0.0160187,0,-0.0563264,0.0745058,0,0.0115872,26,13.8,-2.99739,1.20942,1,-0.00428557,0.444669,0,-0.00190735,-0.20051,0,0.00930963,27,13.8,-3,-0.566098,1,0,0.5,0,0,2.98023e-05,0,0.00677727,28,13.8,1.01609,0.610908,1,0.0261098,-0.5,0,-0.192642,-2.98023e-05,0,0.0121294,29,13.8,1.00061,1.649,1,0.000998378,-0.500003,0,-0.00554323,5.96046e-05,0,0.00970038,30,13.8,-0.864457,-2.01049,1,-0.363737,0.020963,0,0.438809,0.0177622,0,0.00873584,31,13.8,1.99067,0.429463,1,-0.0450432,0.5,0,0.219107,-1.43051e-05,0,0.0130172,32,13.8,-3,-1.7224,1,0,0.500003,0,0,-5.96046e-05,0,0.00681166,33,13.8,-0.634079,2.99978,1,0.5,0.00559688,0,2.98023e-05,-0.119209,0,0.00554004,34,13.8,-0.583553,-0.0416375,1,-0.498439,-0.180441,0,0.0291169,-0.428133,0,0.0144495,35,13.8,0.0160157,0.998117,1,0.00893092,-0.00213087,0,-0.187024,0.020951,0,0.0108298
0,13.9,0.342113,-2.99999,1,0.485931,-5.51343e-05,0,0.161378,0.000178814,0,0.00725056,1,13.9,2.99795,-2.99999,1,-0.0107743,-0.000182912,0,0.000178814,0.00335276,0,0.00860084,2,13.9,-0.893375,-1.06031,1,0.352955,0.229871,0,0.754584,-0.494123,0,0.015176,3,13.9,-2.00001,2.33478,1,0.0035774,0.5,0,-0.0114143,0,0,0.00733094,4,13.9,-1.94628,-1.29574,1,-0.209082,-0.455789,0,0.460178,-0.332884,0,0.013107,5,13.9,-1.00019,-2.99999,1,-0.00178842,0,0,0.00683591,0,0,0.0110888,6,13.9,1.47455,-1.96563,1,0.5,0.0116536,0,-7.45058e-06,-0.140496,0,0.00982704,7,13.9,2.99998,-0.0142223,1,6.4075e-05,-0.0216222,0,-0.000149012,0.21649,0,0.00938086,8,13.9,1.00093,-0.577072,1,-0.000691041,-0.49989,0,-0.00208616,0.00439957,0,0.0109006,9,13.9,-2.32911,-2.01129,1,-0.499603,-0.0204001,0,-0.0158697,0.0530034,0,0.011154,10,13.9,-1.82388,0.992211,1,0.419266,-0.046667,0,0.178218,-0.200581,0,0.0138935,11,13.9,-2.00021,-0.0133197,1,-0.000936165,0.5,0,-0.00195205,-1.49012e-07,0,0.0139488,12,13.9,2.01805,2.99997,1,0.5,8.90344e-05,0,-7.45058e-06,-0.00013411,0,0.00537646,13,13.9,-0.301388,2,1,0.470274,2.17929e-05,0,0.106918,-9.68575e-05,0,0.0102898,14,13.9,-1.00012,1.08541,1,0.000150129,0.5,0,0.000208616,0,0,0.0112904,15,13.9,0.997137,-2.55191,1,-0.00960529,0.5,0,-0.150479,0,0,0.00868175,16,13.9,0.296437,-0.832508,1,-0.447565,0.471494,0,0.261011,0.350513,0,0.0113653,17,13.9,0.000364455,-1.6876,1,-0.000698352,-0.496157,0,0.000222215,-0.0266135,0,0.0141822,18,13.9,-2.70099,1.9972,1,0.460567,-0.0151156,0,0.305891,-0.0254586,0,0.0118187,19,13.9,-1.60168,3,1,0.5,0,0,-7.45058e-06,0,0,0.00588809,20,13.9,3,-1.00325,1,0,0.00257604,0,0,0.0173599,0,0.00588246,21,13.9,1.99987,-2.42205,1,-9.31323e-06,-0.5,0,0.000581145,0,0,0.00932293,22,13.9,1.99999,-1.01449,1,-1.76951e-05,0.0231555,0,6.70552e-05,0.0628456,0,0.0100397,23,13.9,0.438971,3,1,0.5,0,0,0,0,0,0.00756285,24,13.9,-1.9998,-3,1,0.00160411,-1.56462e-05,0,-0.0064373,0.000149012,0,0.00766537,25,13.9,1.6464,1.98935,1,-0.499824,0.0215458,0,-0.0070408,0.0374988,0,0.0115872,26,13.9,-2.99783,1.25316,1,-0.0043232,0.43247,0,0.000998378,-0.0579506,0,0.00930963,27,13.9,-3,-0.516098,1,0,0.5,0,0,-2.08616e-06,0,0.00677727,28,13.9,1.01782,0.560908,1,0.00915565,-0.5,0,-0.147462,0,0,0.0121294,29,13.9,1.00068,1.599,1,0.000490807,-0.5,0,-0.00462681,7.45058e-06,0,0.00970038,30,13.9,-0.898578,-2.00834,1,-0.318187,0.0217665,0,0.469014,-0.000879169,0,0.00873584,31,13.9,1.98719,0.479463,1,-0.0252619,0.5,0,0.177056,-1.78814e-06,0,0.0130172,32,13.9,-3,-1.6724,1,0,0.5,0,0,-7.45058e-06,0,0.00681166,33,13.9,-0.584079,2.99982,1,0.5,-0.00383854,0,0,-0.0713468,0,0.00554004,34,13.9,-0.633113,-0.0619443,1,-0.491402,-0.226642,0,0.110421,-0.485158,0,0.0144495,35,13.9,0.0160681,0.998001,1,-0.00696583,-0.000264496,0,-0.132059,0.0163764,0,0.0108298
0,14,0.391338,-3,1,0.496904,-3.57628e-05,0,0.0619143,0.000119209,0,0.00849524,1,14,2.99691,-3,1,-0.00981688,7.7486e-05,0,0.0172853,0.00190735,0,0.00826885,2,14,-0.854556,-1.03971,1,0.420555,0.183102,0,0.583082,-0.441074,0,0.0144227,3,14,-1.99971,2.38478,1,0.00250936,0.5,0,-0.00989437,0,0,0.00805139,4,14,-1.96496,-1.34278,1,-0.165489,-0.483003,0,0.411272,-0.205994,0,0.0133214,5,14,-1.00033,-2.99999,1,-0.00113845,-5.96046e-06,0,0.00602007,0.000119209,0,0.00814727,6,14,1.52455,-1.96515,1,0.500003,-0.00202954,0,-5.96046e-05,-0.131607,0,0.0104223,7,14,2.99999,-0.0153968,1,4.76837e-05,-0.00279758,0,0,0.160734,0,0.013007,8,14,1.00085,-0.627004,1,-0.000870228,-0.498238,0,-0.00149012,0.0351965,0,0.0113102,9,14,-2.37911,-2.01305,1,-0.5,-0.0145793,0,0,0.0622272,0,0.0103075,10,14,-1.78105,0.986518,1,0.437483,-0.0671983,0,0.183105,-0.201762,0,0.0121637,11,14,-2.00032,0.0366803,1,-0.00114441,0.5,0,-0.00226498,0,0,0.0123045,12,14,2.06805,2.99997,1,0.5,7.7486e-05,0,0,-0.000119209,0,0.00514372,13,14,-0.254142,2,1,0.471571,1.78814e-05,0,-0.0775158,-0.000238419,0,0.0102872,14,14,-1.0001,1.13541,1,0.000163913,0.500003,0,5.96046e-05,-5.96046e-05,0,0.010403,15,14,0.995237,-2.50191,1,-0.0300139,0.5,0,-0.248283,0,0,0.00987917,16,14,0.253069,-0.78403,1,-0.419024,0.494151,0,0.307642,0.116974,0,0.0117253,17,14,0.000296165,-1.73736,1,-0.000663429,-0.498956,0,0.000463966,-0.0208616,0,0.0146993,18,14,-2.65359,1.99561,1,0.485319,-0.0160366,0,0.184536,0.00530481,0,0.00939679,19,14,-1.55168,3,1,0.500003,0,0,-5.96046e-05,0,0,0.00474563,20,14,3,-1.00291,1,0,0.00397563,0,0,0.0107884,0,0.00633021,21,14,1.99987,-2.47205,1,4.47035e-05,-0.5,0,0.000417233,0,0,0.00844426,22,14,1.99999,-1.01192,1,-1.19209e-05,0.0275105,0,5.96046e-05,0.0256896,0,0.0109589,23,14,0.488971,3,1,0.5,0,0,-1.43051e-05,0,0,0.00768065,24,14,-1.99967,-3,1,0.000998378,-5.96046e-06,0,-0.00566244,0.000119209,0,0.00792075,25,14,1.5964,1.99164,1,-0.500003,0.0237942,0,5.96046e-05,0.00882149,0,0.0116579,26,14,-2.99825,1.29625,1,-0.00410676,0.430444,0,0.00309944,0.00554323,0,0.00897661,27,14,-3,-0.466098,1,0,0.5,0,0,-1.43051e-05,0,0.00602151,28,14,1.01806,0.510908,1,-0.00358224,-0.5,0,-0.108182,1.43051e-05,0,0.0120784,29,14,1.00071,1.549,1,7.15256e-05,-0.500003,0,-0.00369549,5.96046e-05,0,0.00866137,30,14,-0.928025,-2.00619,1,-0.270553,0.0209451,0,0.480652,-0.014782,0,0.00986839,31,14,1.98548,0.529463,1,-0.00951886,0.500001,0,0.138342,-2.98023e-05,0,0.0139655,32,14,-3,-1.6224,1,0,0.500003,0,0,-5.96046e-05,0,0.00770498,33,14,-0.534079,2.99915,1,0.5,-0.0090301,0,1.43051e-05,-0.0340939,0,0.005275,34,14,-0.681575,-0.0870533,1,-0.476609,-0.275502,0,0.184059,-0.483073,0,0.0166146,35,14,0.0147941,0.998049,1,-0.0177168,0.00114888,0,-0.0841716,0.0118911,0,0.0109895
0,14.1,0.441218,-3,1,0.499806,-1.93715e-05,0,0.00774108,0.000178814,0,0.00849524,1,14.1,2.99603,-2.99998,1,-0.00758879,0.000213459,0,0.0262409,0.000879169,0,0.00826885,2,14.1,-0.809947,-1.02351,1,0.467864,0.141928,0,0.359055,-0.382945,0,0.0144227,3,14.1,-1.9995,2.43478,1,0.00160504,0.5,0,-0.00820309,0,0,0.00805139,4,14.1,-1.97955,-1.39188,1,-0.127111,-0.496752,0,0.356697,-0.0759736,0,0.0133214,5,14.1,-1.00042,-2.99999,1,-0.000584498,3.72529e-06,0,0.00503659,5.96046e-05,0,0.00814727,6,14.1,1.57455,-1.96598,1,0.499901,-0.014046,0,-0.00396371,-0.108488,0,0.0104223,7,14.1,2.99999,-0.0154824,1,4.09782e-05,-0.00427596,0,-0.000119209,-0.161579,0,0.013007,8,14.1,1.00076,-0.676751,1,-0.00097882,-0.497469,0,-0.000603497,-0.0110753,0,0.0113102,9,14.1,-2.42911,-2.01419,1,-0.5,-0.00839122,0,0,0.0610203,0,0.0103075,10,14.1,-1.73622,0.979085,1,0.460197,-0.0787089,0,0.245437,-0.0364333,0,0.0121637,11,14.1,-2.00044,0.0866803,1,-0.00125542,0.5,0,-5.96046e-05,-8.9407e-07,0,0.0123045,12,14.1,2.11805,2.99998,1,0.5,6.51926e-05,0,0,-0.00013411,0,0.00514372,13,14.1,-0.207681,2,1,0.454753,-1.11759e-06,0,-0.251591,-0.000163913,0,0.0102872,14,14.1,-1.00009,1.18541,1,0.000165403,0.5,0,-2.98023e-05,-7.45058e-06,0,0.010403,15,14.1,0.990617,-2.45191,1,-0.0656709,0.5,0,-0.445589,0,0,0.00987917,16,14.1,0.212775,-0.734257,1,-0.386195,0.499634,0,0.346519,0.0146292,0,0.0117253,17,14.1,0.000232386,-1.78732,1,-0.000609901,-0.499934,0,0.00059885,-0.0026077,0,0.0146993,18,14.1,-2.60436,1.99407,1,0.49737,-0.0145806,0,0.0639707,0.0227317,0,0.00939679,19,14.1,-1.50168,3,1,0.5,0,0,-7.45058e-06,0,0,0.00474563,20,14.1,2.99948,-1.00247,1,-0.014979,0.0047598,0,-0.271991,0.0050813,0,0.00633021,21,14.1,1.99987,-2.52205,1,8.19564e-05,-0.5,0,0.000327826,0,0,0.00844426,22,14.1,1.99947,-1.0091,1,-0.0149848,0.0285799,0,-0.271954,-0.00288337,0,0.0109589,23,14.1,0.538971,3,1,0.5,0,0,5.66244e-06,0,0,0.00768065,24,14.1,-1.99959,-3,1,0.00048019,3.72529e-06,0,-0.00467896,5.96046e-05,0,0.00792075,25,14.1,1.5464,1.99403,1,-0.5,0.0235938,0,7.45058e-06,-0.0117123,0,0.0116579,26,14.1,-2.99864,1.33966,1,-0.00371858,0.440349,0,0.00455976,0.168696,0,0.00897661,27,14.1,-3,-0.416104,1,0,0.49973,0,0,-0.00879161,0,0.00602151,28,14.1,1.01722,0.460908,1,-0.0126833,-0.5,0,-0.0747219,0,0,0.0120784,29,14.1,1.0007,1.499,1,-0.000256859,-0.5,0,-0.00286847,7.45058e-06,0,0.00866137,30,14.1,-0.952681,-2.00419,1,-0.222687,0.0189576,0,0.473458,-0.024274,0,0.00986839,31,14.1,1.98516,0.57946,1,0.00240523,0.499877,0,0.101052,-0.00487641,0,0.0139655,32,14.1,-3,-1.5724,1,0,0.5,0,0,-7.45058e-06,0,0.00770498,33,14.1,-0.484079,2.99812,1,0.5,-0.0110261,0,-1.78814e-06,-0.00727177,0,0.005275,34,14.1,-0.728167,-0.117291,1,-0.453849,-0.331223,0,0.267841,-0.601802,0,0.0166146,35,14.1,0.0126723,0.998216,1,-0.024049,0.00212407,0,-0.0439049,0.00770763,0,0.0109895
0,14.2,0.491214,-3,1,0.5,-5.96046e-06,0,2.98023e-05,0.000238419,0,0.00720205,1,14.2,2.99541,-2.99996,1,-0.00476241,0.0002563,0,0.0296831,0.000238419,0,0.00792608,2,14.2,-0.761739,-1.01113,1,0.492719,0.106403,0,0.145614,-0.328124,0,0.0148242,3,14.2,-1.99938,2.48478,1,0.000861287,0.5,0,-0.00661612,0,0,0.00657037,4,14.2,-1.99056,-1.44178,1,-0.0940681,-0.5,0,0.304639,-5.96046e-05,0,0.00922124,5,14.2,-1.00045,-2.99999,1,-0.00013411,5.96046e-06,0,0.00399351,0,0,0.0078804,6,14.2,1.62449,-1.96788,1,0.498414,-0.0236928,0,-0.0317097,-0.0843406,0,0.00963592,7,14.2,3,-0.0170552,1,2.98023e-05,-0.0299698,0,-0.000238419,-0.329584,0,0.00901184,8,14.2,1.00066,-0.726574,1,-0.000977516,-0.499055,0,0.000596046,-0.0154674,0,0.0103288,9,14.2,-2.47911,-2.01473,1,-0.5,-0.00246763,0,0,0.056982,0,0.00792795,10,14.2,-1.68903,0.97125,1,0.482601,-0.0759915,0,0.188649,0.0836551,0,0.0132966,11,14.2,-2.00056,0.13668,1,-0.00117421,0.5,0,0.00154972,-7.15256e-06,0,0.013919,12,14.2,2.16805,2.99999,1,0.5,5.36442e-05,0,0,-0.000119209,0,0.0047247,13,14.2,-0.163701,2,1,0.422656,-1.19209e-05,0,-0.383586,-5.96046e-05,0,0.00813192,14,14.2,-1.00007,1.23541,1,0.000160933,0.500003,0,-0.000178814,-5.96046e-05,0,0.0123573,15,14.2,0.98163,-2.40191,1,-0.115596,0.5,0,-0.536829,0,0,0.0121185,16,14.2,0.175936,-0.684264,1,-0.350181,0.5,0,0.371575,2.98023e-05,0,0.0117017,17,14.2,0.000174559,-1.83732,1,-0.000545132,-0.500003,0,0.000689543,5.96046e-05,0,0.0101532,18,14.2,-2.55443,1.99275,1,0.5,-0.0116944,0,0,0.0340343,0,0.00901572,19,14.2,-1.45168,3,1,0.500003,0,0,-5.96046e-05,0,0,0.00549676,20,14.2,2.99636,-1.00198,1,-0.0494897,0.00503063,0,-0.396848,0.000476837,0,0.00759185,21,14.2,1.99988,-2.57205,1,0.000110269,-0.5,0,0.000238419,0,0,0.00883246,22,14.2,1.99635,-1.00629,1,-0.0494927,0.0272006,0,-0.396669,-0.0234246,0,0.0112797,23,14.2,0.588971,3,1,0.5,0,0,2.98023e-05,0.000119209,0,0.00806154,24,14.2,-1.99957,-3,1,6.25849e-05,5.96046e-06,0,-0.00363588,0.000119209,0,0.00918089,25,14.2,1.4964,1.9963,1,-0.500003,0.0216603,0,5.96046e-05,-0.0259876,0,0.0114883,26,14.2,-2.99899,1.38465,1,-0.00321865,0.460118,0,0.00548363,0.209987,0,0.00882553,27,14.2,-3,-0.366223,1,0,0.497279,0,0,-0.0464469,0,0.00712131,28,14.2,1.01563,0.410908,1,-0.018701,-0.5,0,-0.0463724,1.43051e-05,0,0.0133138,29,14.2,1.00066,1.449,1,-0.000506639,-0.500003,0,-0.00208616,5.96046e-05,0,0.00892267,30,14.2,-0.972617,-2.00242,1,-0.176442,0.0162244,0,0.448853,-0.0299215,0,0.0083761,31,14.2,1.98585,0.629385,1,0.0108689,0.498064,0,0.0690222,-0.0386238,0,0.0117745,32,14.2,-3,-1.5224,1,0,0.500003,0,0,-5.96046e-05,0,0.00747249,33,14.2,-0.434079,2.99702,1,0.5,-0.0107467,0,-1.43051e-05,0.0115633,0,0.00594749,34,14.2,-0.772098,-0.153422,1,-0.423676,-0.39084,0,0.332534,-0.569858,0,0.0171996,35,14.2,0.0101044,0.99846,1,-0.026775,0.00270903,0,-0.0119563,0.00408292,0,0.0101107
0,14.3,0.541214,-3,1,0.5,1.15484e-05,0,0,0.00013411,0,0.00720205,1,14.3,2.99456,-2.99993,1,-0.0168081,0.00025183,0,-0.2435,-0.000268221,0,0.00792608,2,14.3,-0.712021,-1.00205,1,0.499545,0.0762628,0,0.0182092,-0.275373,0,0.0148242,3,14.3,-1.99932,2.53478,1,0.000271946,0.5,0,-0.00520051,0,0,0.00657037,4,14.3,-1.99853,-1.49178,1,-0.0661328,-0.5,0,0.254616,1.49012e-05,0,0.00922124,5,14.3,-1.00045,-2.99999,1,0.000211038,5.58794e-06,0,0.00291318,-1.49012e-05,0,0.0078804,6,14.3,1.6743,-1.97062,1,0.498699,-0.0305029,0,0.0190735,-0.0528023,0,0.00963592,7,14.3,3,-0.0220096,1,1.08033e-05,-0.0716785,0,-0.000163913,-0.483613,0,0.00901184,8,14.3,1.00057,-0.776532,1,-0.000889786,-0.499898,0,0.00133365,-0.0032261,0,0.0103288,9,14.3,-2.52911,-2.0147,1,-0.5,0.00290908,0,0,0.0502318,0,0.00792795,10,14.3,-1.64001,0.964187,1,0.49587,-0.0641978,0,0.0797659,0.147644,0,0.0132966,11,14.3,-2.00067,0.18668,1,-0.000976399,0.5,0,0.00236928,0,0,0.013919,12,14.3,2.21805,2.99999,1,0.5,4.17233e-05,0,0,-0.000119209,0,0.0047247,13,14.3,-0.123513,2,1,0.379642,-1.546e-05,0,-0.470879,-2.23517e-05,0,0.00813192,14,14.3,-1.00006,1.28541,1,0.000142306,0.5,0,-0.000193715,-7.45058e-06,0,0.0123573,15,14.3,0.96733,-2.35205,1,-0.170758,0.495658,0,-0.558313,-0.0860989,0,0.0121185,16,14.3,0.142798,-0.634264,1,-0.31239,0.5,0,0.382446,0,0,0.0117017,17,14.3,0.000123569,-1.88732,1,-0.000474044,-0.5,0,0.000727272,7.45058e-06,0,0.0101532,18,14.3,-2.50443,1.99176,1,0.5,-0.00798292,0,0,0.0394285,0,0.00901572,19,14.3,-1.4017,3,1,0.499107,0,0,-0.0229254,0,0,0.00549676,20,14.3,2.98898,-1.00148,1,-0.101724,0.00489205,0,-0.619039,-0.00305474,0,0.00759185,21,14.3,1.9999,-2.62163,1,0.00012964,-0.487503,0,0.000149012,0.239059,0,0.00883246,22,14.3,1.98918,-1.00371,1,-0.0959072,0.0241816,0,-0.512347,-0.0358522,0,0.0112797,23,14.3,0.638857,3,1,0.49656,7.45058e-06,0,-0.0702925,5.96046e-05,0,0.00806154,24,14.3,-1.99958,-3,1,-0.000249781,1.41561e-05,0,-0.00263005,2.98023e-05,0,0.00918089,25,14.3,1.4464,1.99832,1,-0.499992,0.0186609,0,0.000305474,-0.0333413,0,0.0114883,26,14.3,-2.99928,1.43163,1,-0.00265352,0.478779,0,0.00573695,0.159778,0,0.00882553,27,14.3,-3,-0.316821,1,0,0.489728,0,0,-0.10824,0,0.00712131,28,14.3,1.01357,0.361022,1,-0.022093,-0.496549,0,-0.0223592,0.0704526,0,0.0133138,29,14.3,1.0006,1.39903,1,-0.000676513,-0.498939,0,-0.0013262,0.0260472,0,0.00892267,30,14.3,-0.988079,-2.00096,1,-0.133459,0.0131058,0,0.408895,-0.0319704,0,0.0083761,31,14.3,1.98723,0.678908,1,0.0164028,0.491384,0,0.0424385,-0.0989512,0,0.0117745,32,14.3,-3,-1.4724,1,0,0.5,0,0,-7.45058e-06,0,0.00747249,33,14.3,-0.384142,2.99602,1,0.498004,-0.00905804,0,-0.0434256,0.021413,0,0.00594749,34,14.3,-0.812707,-0.195193,1,-0.387657,-0.442523,0,0.384416,-0.448152,0,0.0171996,35,14.3,0.00741009,0.998747,1,-0.026716,0.00296161,0,0.0118375,0.00108778,0,0.0101107
0,14.4,0.591214,-3,1,0.5,2.38419e-05,0,2.98023e-05,0,0,0.00952647,1,14.4,2.99139,-2.99991,1,-0.0486374,0.000208616,0,-0.371933,-0.000596046,0,0.00876064,2,14.4,-0.66203,-0.995713,1,0.5,0.05119,0,2.98023e-05,-0.226796,0,0.0150227,3,14.4,-1.99932,2.58478,1,-0.000181794,0.5,0,-0.0038743,0,0,0.00722385,4,14.4,-2.00395,-1.54178,1,-0.0430346,-0.500003,0,0.20802,5.96046e-05,0,0.0116007,5,14.4,-1.00041,-2.99999,1,0.000452995,5.96046e-06,0,0.00196695,-0.000119209,0,0.00992529,6,14.4,1.72425,-1.97389,1,0.49994,-0.0344336,0,0.00119209,-0.0266433,0,0.0101314,7,14.4,3,-0.0317059,1,-5.96046e-06,-0.122921,0,0,-0.524497,0,0.00825175,8,14.4,1.00049,-0.826529,1,-0.000682473,-0.5,0,0.00303984,-2.98023e-05,0,0.0141023,9,14.4,-2.57911,-2.01418,1,-0.5,0.00752211,0,0,0.0420809,0,0.0103495,10,14.4,-1.59017,0.95858,1,0.499716,-0.0473171,0,0.00566244,0.185966,0,0.0120897,11,14.4,-2.00075,0.23668,1,-0.000715256,0.5,0,0.00286102,7.15256e-06,0,0.0161118,12,14.4,2.26805,3,1,0.5,2.38419e-05,0,0,0,0,0.00591276,13,14.4,-0.0880064,2,1,0.329597,-1.49012e-05,0,-0.524644,0,0,0.00860306,14,14.4,-1.00004,1.33541,1,0.00012219,0.500003,0,-0.000178814,-5.96046e-05,0,0.0107631,15,14.4,0.947484,-2.30305,1,-0.22577,0.482947,0,-0.53516,-0.167131,0,0.01342,16,14.4,0.113476,-0.584264,1,-0.274031,0.5,0,0.383165,2.98023e-05,0,0.012138,17,14.4,7.98279e-05,-1.93732,1,-0.000400607,-0.500003,0,0.000737116,5.96046e-05,0,0.0105401,18,14.4,-2.45443,1.99116,1,0.5,-0.00394583,0,0,0.0406504,0,0.00846841,19,14.4,-1.35198,3,1,0.494531,0,0,-0.07236,0,0,0.00509921,20,14.4,2.97554,-1.00101,1,-0.168115,0.00445843,0,-0.68593,-0.00542402,0,0.00699002,21,14.4,1.99991,-2.66886,1,0.000143051,-0.454265,0,0,0.415802,0,0.00979131,22,14.4,1.97696,-1.00148,1,-0.148511,0.0202298,0,-0.524402,-0.0421405,0,0.0157068,23,14.4,0.688036,3,1,0.485726,5.96046e-06,0,-0.147104,0.000119209,0,0.00592942,24,14.4,-1.99961,-3,1,-0.000464916,1.78814e-05,0,-0.00166893,0,0,0.00881192,25,14.4,1.39641,2.00002,1,-0.49988,0.0151157,0,0.00244379,-0.0370741,0,0.00984699,26,14.4,-2.99952,1.48021,1,-0.00208616,0.491655,0,0.00560284,0.097096,0,0.00936622,27,14.4,-3,-0.268516,1,0,0.47505,0,0,-0.187457,0,0.00643763,28,14.4,1.01128,0.311845,1,-0.0233412,-0.485694,0,-0.00345707,0.147328,0,0.0119828,29,14.4,1.00053,1.34935,1,-0.00077486,-0.49395,0,-0.000715256,0.0772476,0,0.0091936,30,14.4,-0.999459,-1.9998,1,-0.0949815,0.00991225,0,0.359327,-0.0315309,0,0.0094566,31,14.4,1.98905,0.727425,1,0.0195056,0.47764,0,0.0203848,-0.178248,0,0.011825,32,14.4,-3,-1.4224,1,0,0.500003,0,0,-5.96046e-05,0,0.00725318,33,14.4,-0.334655,2.99523,1,0.490719,-0.00661016,0,-0.10474,0.0268221,0,0.00558029,34,14.4,-0.849489,-0.241395,1,-0.347441,-0.478486,0,0.416875,-0.266873,0,0.0127867,35,14.4,0.00482801,0.999044,1,-0.0246511,0.00295043,0,0.0283247,-0.0012219,0,0.0101388
0,14.5,0.641096,-3,1,0.496419,2.19792e-05,0,-0.0729039,-4.47035e-05,0,0.00952647,1,14.5,2.98514,-2.99989,1,-0.0721306,0.000142306,0,-0.113279,-0.000715256,0,0.00876064,2,14.5,-0.61203,-0.991355,1,0.5,0.0394089,0,0,-0.0206828,0,0.0150227,3,14.5,-1.99936,2.63467,1,-0.000506453,0.496637,0,-0.00265986,-0.069201,0,0.00722385,4,14.5,-2.00728,-1.59026,1,-0.0242982,-0.456796,0,0.167027,0.766777,0,0.0116007,5,14.5,-1.00036,-2.99999,1,0.000604242,-4.09782e-06,0,0.00108778,-7.45058e-05,0,0.00992529,6,14.5,1.77425,-1.97743,1,0.499996,-0.036039,0,0.000149012,-0.00620633,0,0.0101314,7,14.5,3,-0.0467315,1,-5.96046e-06,-0.178272,0,0,-0.565691,0,0.00825175,8,14.5,1.00043,-0.876529,1,-0.000407733,-0.5,0,0.00273436,0,0,0.0141023,9,14.5,-2.62894,-2.0142,1,-0.495188,-0.0167802,0,0.0948608,-0.488609,0,0.0103495,10,14.5,-1.54018,0.954808,1,0.499982,-0.0278937,0,0.000707805,0.19934,0,0.0120897,11,14.5,-2.00081,0.28668,1,-0.00042133,0.5,0,0.00299513,-2.68221e-06,0,0.0161118,12,14.5,2.31805,2.99852,1,0.5,-0.0418838,0,0,-0.74701,0,0.00591276,13,14.5,-0.0577178,2,1,0.275832,-1.37836e-05,0,-0.545324,2.98023e-05,0,0.00860306,14,14.5,-1.00003,1.38541,1,0.000104308,0.5,0,-0.000178814,-7.45058e-06,0,0.0107631,15,14.5,0.922295,-2.25567,1,-0.277325,0.464007,0,-0.493731,-0.212952,0,0.01342,16,14.5,0.0873256,-0.534264,1,-0.255109,0.5,0,0.0154518,0,0,0.012138,17,14.5,4.34021e-05,-1.98732,1,-0.000328467,-0.5,0,0.000703587,7.45058e-06,0,0.0105401,18,14.5,-2.40445,1.99096,1,0.499282,-8.77306e-05,0,-0.0196695,0.0362918,0,0.00846841,19,14.5,-1.30299,3,1,0.48413,0,0,-0.138402,0,0,0.00509921,20,14.5,2.95524,-1.00059,1,-0.238181,0.00385139,0,-0.700995,-0.00660866,0,0.00699002,21,14.5,1.99992,-2.71244,1,0.00014063,-0.419124,0,-3.72529e-05,0.298709,0,0.00979131,22,14.5,1.95946,-0.999675,1,-0.201563,0.0159293,0,-0.523128,-0.0431612,0,0.0157068,23,14.5,0.735747,2.99955,1,0.467242,-0.0130478,0,-0.222854,-0.239834,0,0.00592942,24,14.5,-1.99967,-2.99999,1,-0.000590831,1.60187e-05,0,-0.000879169,-4.47035e-05,0,0.00881192,25,14.5,1.34817,2.00134,1,-0.451205,0.011345,0,0.825517,-0.0375211,0,0.00984699,26,14.5,-2.9997,1.52976,1,-0.0015486,0.498318,0,0.0051111,0.0383183,0,0.00936622,27,14.5,-2.99899,-0.222192,1,0.0292979,0.449143,0,0.543863,-0.324368,0,0.00643763,28,14.5,1.01005,0.26419,1,0.00856314,-0.465701,0,0.590645,0.249623,0,0.0119828,29,14.5,1.00045,1.30014,1,-0.00081677,-0.491744,0,-0.000141561,-0.0197887,0,0.0091936,30,14.5,-1.00777,-1.99897,1,-0.0767435,0.00687707,0,0.0323914,-0.0289455,0,0.0094566,31,14.5,1.99107,0.774113,1,0.0206042,0.454329,0,0.00236928,-0.28481,0,0.011825,32,14.5,-3,-1.37249,1,0,0.497269,0,0,-0.0570714,0,0.00725318,33,14.5,-0.28622,2.99471,1,0.476817,-0.00381507,0,-0.174979,0.0285357,0,0.00558029,34,14.5,-0.882123,-0.290271,1,-0.305036,-0.496156,0,0.428814,-0.0946417,0,0.0127867,35,14.5,0.00304607,0.99933,1,-0.00630112,0.00274172,0,0.31014,-0.0028424,0,0.0101388
0,14.6,0.690244,-2.99999,1,0.48524,1.78814e-05,0,-0.151247,0,0,0.00808895,1,14.6,2.97768,-2.99988,1,-0.0741124,7.15256e-05,0,0.0607967,-0.000834465,0,0.00719331,2,14.6,-0.56203,-0.987259,1,0.5,0.0448316,0,2.98023e-05,0.118762,0,0.0148354,3,14.6,-1.99942,2.68386,1,-0.000718236,0.485849,0,-0.00160933,-0.147581,0,0.00587687,4,14.6,-2.00894,-1.63151,1,-0.0095427,-0.364432,0,0.128508,1.00005,0,0.0142174,5,14.6,-1.00029,-2.99999,1,0.000676513,-5.96046e-06,0,0.000298023,-0.000119209,0,0.00836403,6,14.6,1.82425,-1.98103,1,0.500003,-0.0358135,0,-5.96046e-05,0.0100136,0,0.00917612,7,14.6,3,-0.0673396,1,0,-0.233084,0,-0.000119209,-0.517633,0,0.0110314,8,14.6,1.00041,-0.926529,1,-8.34465e-05,-0.5,0,0.00393391,-2.98023e-05,0,0.0145615,9,14.6,-2.67784,-2.01892,1,-0.481319,-0.0829101,0,0.181079,-0.80049,0,0.00831335,10,14.6,-1.49018,0.953015,1,0.500003,-0.00802279,0,-5.96046e-05,0.195444,0,0.0112028,11,14.6,-2.00084,0.33668,1,-0.000119209,0.5,0,0.00286102,-1.43051e-05,0,0.012403,12,14.6,2.36805,2.98999,1,0.5,-0.132906,0,0,-1.00005,0,0.00547477,13,14.6,-0.032858,1.99999,1,0.221508,-1.19209e-05,0,-0.536749,5.96046e-05,0,0.00981373,14,14.6,-1.00002,1.43541,1,8.64267e-05,0.500003,0,-0.000178814,-5.96046e-05,0,0.010211,15,14.6,0.892179,-2.21042,1,-0.3241,0.44015,0,-0.439912,-0.264764,0,0.0125546,16,14.6,0.0614246,-0.484264,1,-0.267132,0.5,0,-0.238011,-1.43051e-05,0,0.0195077,17,14.6,1.40026e-05,-2.03732,1,-0.000260279,-0.5,0,0.00065838,0,0,0.00944713,18,14.6,-2.35469,1.99113,1,0.49513,0.00327229,0,-0.067234,0.0308156,0,0.00823001,19,14.6,-1.2554,3,1,0.466433,0,0,-0.216842,0,0,0.004609,20,14.6,2.92799,-1.00024,1,-0.30573,0.00315607,0,-0.638247,-0.00715256,0,0.00820893,21,14.6,1.99994,-2.75297,1,0.00013411,-0.392425,0,-0.000119209,0.24426,0,0.00708604,22,14.6,1.93678,-0.998295,1,-0.250769,0.0117242,0,-0.45085,-0.0404119,0,0.012564,23,14.6,0.781231,2.99679,1,0.441179,-0.0440717,0,-0.297874,-0.363111,0,0.00608788,24,14.6,-1.99973,-2.99999,1,-0.00064671,1.19209e-05,0,-0.000178814,0,0,0.0111891,25,14.6,1.30765,2.00229,1,-0.356397,0.0077486,0,0.999987,-0.0337362,0,0.0126542,26,14.6,-2.99983,1.5797,1,-0.00107288,0.5,0,0.00441074,0,0,0.00813799,27,14.6,-2.99273,-0.179082,1,0.101006,0.41139,0,0.854611,-0.424899,0,0.0111859,28,14.6,1.01449,0.219017,1,0.0854164,-0.436355,0,0.903606,0.334367,0,0.0152412,29,14.6,1.00037,1.2508,1,-0.000807643,-0.495517,0,0.000238419,-0.0451803,0,0.0135558,30,14.6,-1.01564,-1.99842,1,-0.08367,0.00416338,0,-0.149608,-0.0250936,0,0.0121357,31,14.6,1.99312,0.817968,1,0.0201315,0.421329,0,-0.0111461,-0.371933,0,0.012631,32,14.6,-3,-1.32316,1,0,0.488183,0,0,-0.126183,0,0.00741615,33,14.6,-0.23954,2.99447,1,0.455498,-0.000995398,0,-0.251971,0.0271797,0,0.00628514,34,14.6,-0.91048,-0.340159,1,-0.262132,-0.5,0,0.427127,-1.43051e-05,0,0.0159784,35,14.6,0.0042384,0.999588,1,0.0322918,0.00240058,0,0.4394,-0.0038445,0,0.012188
0,14.7,0.737885,-2.99999,1,0.466309,1.60187e-05,0,-0.227522,-4.47035e-05,0,0.00808895,1,14.7,2.97076,-2.99988,1,-0.0625528,-5.21541e-06,0,0.160933,-0.000715256,0,0.00719331,2,14.7,-0.51203,-0.981896,1,0.5,0.0650426,0,-2.08616e-06,0.275716,0,0.0148354,3,14.7,-1.9995,2.73157,1,-0.000836328,0.467029,0,-0.00077486,-0.229061,0,0.00587687,4,14.7,-2.00932,-1.66296,1,0.00127032,-0.26443,0,0.0889897,1.00001,0,0.0142174,5,14.7,-1.00023,-2.99999,1,0.000678003,-1.3411e-05,0,-0.000238419,-5.96046e-05,0,0.00836403,6,14.7,1.87425,-1.98454,1,0.5,-0.0341939,0,-7.45058e-06,0.0218228,0,0.00917612,7,14.7,3,-0.0932472,1,-8.19564e-06,-0.284817,0,-2.98023e-05,-0.502929,0,0.0110314,8,14.7,1.00042,-0.976529,1,0.000252761,-0.5,0,0.00304729,7.45058e-06,0,0.0145615,9,14.7,-2.72489,-2.0316,1,-0.458072,-0.173559,0,0.279501,-0.975057,0,0.00831335,10,14.7,-1.44018,0.953146,1,0.499965,0.0101682,0,-0.00139326,0.167683,0,0.0112028,11,14.7,-2.00084,0.38668,1,0.000148639,0.5,0,0.00248849,0,0,0.012403,12,14.7,2.41805,2.97171,1,0.5,-0.232753,0,0,-0.993744,0,0.00547477,13,14.7,-0.0133416,1.99999,1,0.169397,-6.14673e-06,0,-0.50218,5.21541e-05,0,0.00981373,14,14.7,-1.00001,1.48541,1,6.94767e-05,0.5,0,-0.000156462,-7.45058e-06,0,0.010211,15,14.7,0.85743,-2.16779,1,-0.371726,0.411717,0,-0.492349,-0.30449,0,0.0125546,16,14.7,0.0327158,-0.434391,1,-0.313413,0.496224,0,-0.622233,-0.0741835,0,0.0195077,17,14.7,-8.83668e-06,-2.08732,1,-0.000197557,-0.5,0,0.000595333,0,0,0.00944713,18,14.7,-2.30562,1.9916,1,0.485282,0.00604168,0,-0.13265,0.0244677,0,0.00823001,19,14.7,-1.21001,3,1,0.439648,0,0,-0.31542,0,0,0.004609,20,14.7,2.89429,-0.999963,1,-0.367363,0.00244603,0,-0.584096,-0.0069961,0,0.00820893,21,14.7,1.99995,-2.79097,1,0.000121258,-0.367403,0,-0.000141561,0.258416,0,0.00708604,22,14.7,1.90952,-0.997316,1,-0.293514,0.00794884,0,-0.394762,-0.0347495,0,0.012564,23,14.7,0.823692,2.9902,1,0.406487,-0.0908736,0,-0.390735,-0.551954,0,0.00608788,24,14.7,-1.99979,-2.99999,1,-0.000639446,1.00583e-05,0,0.000305474,-4.47035e-05,0,0.0111891,25,14.7,1.27701,2.00291,1,-0.256398,0.00464208,0,1,-0.0284165,0,0.0126542,26,14.7,-2.99992,1.62961,1,-0.000673532,0.497139,0,0.00354648,-0.0594929,0,0.00813799,27,14.7,-2.97808,-0.140143,1,0.194192,0.366725,0,0.981823,-0.464733,0,0.0111859,28,14.7,1.02773,0.177179,1,0.180898,-0.399246,0,0.987954,0.403421,0,0.0152412,29,14.7,1.00029,1.20106,1,-0.000812113,-0.498867,0,-0.000476837,-0.0213534,0,0.0135558,30,14.7,-1.02535,-1.99812,1,-0.1157,0.00186358,0,-0.458844,-0.0211671,0,0.0121357,31,14.7,1.99506,0.858131,1,0.0185302,0.380887,0,-0.020273,-0.433885,0,0.012631,32,14.7,-3,-1.27469,1,0,0.483494,0,0,0.0153556,0,0.00741615,33,14.7,-0.19541,2.9945,1,0.425581,0.00151657,0,-0.342706,0.0229031,0,0.00628514,34,14.7,-0.934585,-0.390159,1,-0.220282,-0.5,0,0.408586,1.78814e-06,0,0.0159784,35,14.7,0.00991154,0.999808,1,0.0831305,0.00199787,0,0.557393,-0.00404567,0,0.012188
0,14.8,0.783252,-2.99999,1,0.439782,1.19209e-05,0,-0.302315,0,0,0.00975178,1,14.8,2.96541,-2.99988,1,-0.0436246,-6.55651e-05,0,0.210047,-0.000596046,0,0.00703667,2,14.8,-0.46203,-0.973822,1,0.5,0.0981197,0,-1.43051e-05,0.37694,0,0.0141007,3,14.8,-1.99958,2.77699,1,-0.000882149,0.440079,0,-5.96046e-05,-0.309348,0,0.0056395,4,14.8,-2.00881,-1.6844,1,0.00849366,-0.164428,0,0.0565052,0.999987,0,0.0121687,5,14.8,-1.00016,-3,1,0.000634789,-1.19209e-05,0,-0.000655651,-0.000119209,0,0.00983142,6,14.8,1.92425,-1.98784,1,0.500003,-0.0315547,0,-5.96046e-05,0.0305176,0,0.00814334,7,14.8,3,-0.124123,1,-1.19209e-05,-0.331216,0,0,-0.414614,0,0.00928801,8,14.8,1.00046,-1.02653,1,0.000566244,-0.500003,0,0.00345707,5.96046e-05,0,0.0192267,9,14.8,-2.76917,-2.05391,1,-0.426257,-0.27293,0,0.352859,-1.00017,0,0.00875718,10,14.8,-1.3902,0.95495,1,0.499445,0.0253975,0,-0.0110865,0.136465,0,0.0106212,11,14.8,-2.00081,0.43668,1,0.00038147,0.5,0,0.00202656,-1.43051e-05,0,0.0108682,12,14.8,2.46805,2.94351,1,0.5,-0.3304,0,0,-0.950098,0,0.00611568,13,14.8,0.0011671,1.99999,1,0.121638,0,0,-0.45062,0,0,0.0100174,14,14.8,-1.00001,1.53541,1,5.36442e-05,0.500003,0,-0.000178814,-5.96046e-05,0,0.0106105,15,14.8,0.817844,-2.12821,1,-0.419168,0.379181,0,-0.442654,-0.346184,0,0.0126844,16,14.8,-0.00193921,-0.385254,1,-0.380537,0.485429,0,-0.6752,-0.140384,0,0.0160677,17,14.8,-2.57257e-05,-2.13732,1,-0.000141336,-0.5,0,0.000528562,0,0,0.00901276,18,14.8,-2.25788,1.99231,1,0.468153,0.00815094,0,-0.211358,0.017643,0,0.00943621,19,14.8,-1.16776,3,1,0.404042,0,0,-0.393271,0,0,0.00461459,20,14.8,2.8548,-0.999753,1,-0.420731,0.00176728,0,-0.475526,-0.00658631,0,0.00970117,21,14.8,1.99996,-2.82638,1,0.000107288,-0.340384,0,-0.000178814,0.283241,0,0.00702776,22,14.8,1.87835,-0.996683,1,-0.328133,0.00482947,0,-0.29099,-0.0273883,0,0.0113804,23,14.8,0.86227,2.97819,1,0.364026,-0.150627,0,-0.4538,-0.62573,0,0.00886294,24,14.8,-1.99986,-2.99999,1,-0.000593066,1.19209e-05,0,0.000655651,-0.000238419,0,0.00893594,25,14.8,1.25637,2.00324,1,-0.156397,0.00205636,0,0.999987,-0.023365,0,0.0118442,26,14.8,-2.99997,1.67891,1,-0.000363588,0.487733,0,0.0026226,-0.130117,0,0.00890793,27,14.8,-2.95369,-0.105834,1,0.293732,0.319135,0,1.00017,-0.483811,0,0.0104752,28,14.8,1.0508,0.139355,1,0.280598,-0.356504,0,0.999987,0.447501,0,0.0123083,29,14.8,1.0002,1.1511,1,-0.000929832,-0.499922,0,-0.00208616,-0.00154972,0,0.017311,30,14.8,-1.03951,-1.99804,1,-0.169626,-0.000119209,0,-0.593662,-0.0187159,0,0.0151458,31,14.8,1.9968,0.89397,1,0.0161886,0.335176,0,-0.0260472,-0.477135,0,0.0120713,32,14.8,-3,-1.22615,1,0,0.488299,0,0,0.0682473,0,0.00645556,33,14.8,-0.154689,2.99476,1,0.38768,0.00356436,0,-0.411716,0.0178814,0,0.00648577,34,14.8,-0.954611,-0.440159,1,-0.180654,-0.5,0,0.3829,1.43051e-05,0,0.014248,35,14.8,0.0210692,0.999988,1,0.140193,0.00161976,0,0.568062,-0.00348687,0,0.0141507
0,14.9,0.825576,-2.99999,1,0.405376,1.00583e-05,0,-0.381853,-4.47035e-05,0,0.00975178,1,14.9,2.96213,-2.99989,1,-0.0220191,-0.000115857,0,0.217304,-0.000402331,0,0.00703667,2,14.9,-0.412036,-0.961996,1,0.499743,0.139626,0,-0.00838928,0.450071,0,0.0141007,3,14.9,-1.99967,2.8193,1,-0.000861473,0.404571,0,0.000439584,-0.396296,0,0.0056395,4,14.9,-2.00772,-1.69584,1,0.0128374,-0.0644289,0,0.0313222,1,0,0.0121687,5,14.9,-1.0001,-3,1,0.000556558,-1.56462e-05,0,-0.00089407,2.98023e-05,0,0.00983142,6,14.9,1.97425,-1.99083,1,0.5,-0.0282539,0,7.45058e-06,0.0351444,0,0.00814334,7,14.9,3,-0.159202,1,-1.15484e-05,-0.369083,0,1.49012e-05,-0.337335,0,0.00928801,8,14.9,1.00053,-1.07653,1,0.000791438,-0.5,0,0.00113994,7.45058e-06,0,0.0192267,9,14.9,-2.80994,-2.08608,1,-0.388318,-0.368321,0,0.402406,-0.871748,0,0.00875718,10,14.9,-1.34027,0.958098,1,0.499597,0.0368312,0,0.00692904,0.0932664,0,0.0106212,11,14.9,-2.00076,0.48668,1,0.000563636,0.5,0,0.00159442,-1.78814e-06,0,0.0108682,12,14.9,2.51797,2.90612,1,0.49779,-0.413243,0,-0.0446141,-0.693798,0,0.00611568,13,14.9,0.0111833,1.99999,1,0.0797674,7.45058e-07,0,-0.385743,1.49012e-05,0,0.0100174,14,14.9,-1,1.5854,1,3.76254e-05,0.49968,0,-0.00013411,-0.0101328,0,0.0106105,15,14.9,0.773859,-2.09218,1,-0.458774,0.340042,0,-0.338022,-0.430733,0,0.0126844,16,14.9,-0.0431387,-0.337539,1,-0.440648,0.467669,0,-0.508515,-0.212325,0,0.0160677,17,14.9,-3.73534e-05,-2.18732,1,-9.2567e-05,-0.5,0,0.000447616,0,0,0.00901276,18,14.9,-2.21277,1.9932,1,0.428135,0.00957754,0,-0.562057,0.0108853,0,0.00943621,19,14.9,-1.12942,3,1,0.361945,0,0,-0.445582,0,0,0.00461459,20,14.9,2.81059,-0.999608,1,-0.460981,0.00115065,0,-0.328377,-0.00573322,0,0.00970117,21,14.9,1.99997,-2.85895,1,9.0152e-05,-0.310558,0,-0.000163913,0.313595,0,0.00702776,22,14.9,1.84411,-0.996301,1,-0.356259,0.0031366,0,-0.261724,-0.00760332,0,0.0113804,23,14.9,0.896293,2.95982,1,0.315486,-0.217987,0,-0.510804,-0.705823,0,0.00886294,24,14.9,-1.99991,-2.99999,1,-0.000516511,-6.70552e-06,0,0.000856817,-0.000149012,0,0.00893594,25,14.9,1.24573,2.00333,1,-0.0563972,-7.07805e-06,0,1,-0.0180155,0,0.0118442,26,14.9,-2.99999,1.72741,1,-0.000141561,0.485053,0,0.00184774,0.0463948,0,0.00890793,27,14.9,-2.91952,-0.0763297,1,0.386758,0.2711,0,0.828147,-0.474962,0,0.0104752,28,14.9,1.08371,0.105971,1,0.375227,-0.310963,0,0.857674,0.460666,0,0.0123083,29,14.9,1.0001,1.10111,1,-0.00105212,-0.499995,0,-0.000435859,-0.000193715,0,0.017311,30,14.9,-1.0597,-1.99815,1,-0.236268,-0.00213999,0,-0.715673,-0.0212118,0,0.0151458,31,14.9,1.99828,0.925054,1,0.0134284,0.286141,0,-0.028722,-0.499409,0,0.0120713,32,14.9,-3,-1.17696,1,0,0.495235,0,0,0.0598654,0,0.00645556,33,14.9,-0.11806,2.9952,1,0.344185,0.00508912,0,-0.455058,0.0125915,0,0.00648577,34,14.9,-0.970815,-0.490159,1,-0.143996,-0.5,0,0.34954,1.78814e-06,0,0.014248,35,14.9,0.0379925,1.00014,1,0.198511,0.00135517,0,0.582686,-0.0016652,0,0.0141507
0,15,0.864101,-2.99999,1,0.364183,1.19209e-05,0,-0.438273,-0.000238419,0,0.0105813,1,15,2.96099,-2.9999,1,-0.000983477,-0.000143051,0,0.199914,-0.000357628,0,0.00748419,2,15,-0.36215,-0.945686,1,0.497399,0.187461,0,-0.0444651,0.502974,0,0.0132148,3,15,-1.99975,2.85766,1,-0.000798702,0.361693,0,0.000834465,-0.456929,0,0.00537884,4,15,-2.00632,-1.69729,1,0.0149369,0.0355721,0,0.0116825,0.999987,0,0.0111546,5,15,-1.00005,-3,1,0.000461936,-1.19209e-05,0,-0.00101328,0.000119209,0,0.00833881,6,15,2.02425,-1.99348,1,0.5,-0.0245929,0,0,0.0378489,0,0.00810512,7,15,2.99999,-0.197632,1,-5.96046e-06,-0.397762,0,-0.000119209,-0.232399,0,0.0102024,8,15,1.00061,-1.12653,1,0.000813603,-0.500003,0,-0.000536442,5.96046e-05,0,0.0168724,9,15,-2.8467,-2.12684,1,-0.346446,-0.442088,0,0.431895,-0.587702,0,0.00852379,10,15,-1.29028,0.962183,1,0.5,0.0442564,0,0,0.0562668,0,0.00971856,11,15,-2.0007,0.53668,1,0.000703335,0.500001,0,0.00119209,-2.98023e-05,0,0.0132112,12,15,2.56745,2.86181,1,0.491011,-0.467861,0,-0.0911951,-0.398517,0,0.00620975,13,15,0.0173457,1.99999,1,0.0446387,2.98023e-06,0,-0.316398,0,0,0.0092666,14,15,-1,1.63527,1,2.38419e-05,0.49701,0,-8.9407e-05,-0.0491142,0,0.00977446,15,15,0.726528,-2.06043,1,-0.485408,0.294143,0,-0.192463,-0.482321,0,0.0127484,16,15,-0.0893701,-0.291935,1,-0.480114,0.443447,0,-0.278063,-0.269771,0,0.0161608,17,15,-4.45009e-05,-2.23732,1,-5.16518e-05,-0.5,0,0.000371518,0,0,0.0113068,18,15,-2.17316,1.99421,1,0.360674,0.0103354,0,-0.764728,0.00423193,0,0.00913424,19,15,-1.09552,3,1,0.315553,0,0,-0.479102,0,0,0.00513526,20,15,2.7631,-0.99952,1,-0.486422,0.000621378,0,-0.181794,-0.00485778,0,0.00925037,21,15,1.99998,-2.88839,1,7.45058e-05,-0.277692,0,-0.000178814,0.343323,0,0.00666104,22,15,1.80729,-0.996001,1,-0.378793,0.00309497,0,-0.182033,0.00569224,0,0.0132476,23,15,0.925237,2.93447,1,0.263022,-0.288963,0,-0.533134,-0.70107,0,0.00843856,24,15,-1.99996,-2.99999,1,-0.000426173,-1.78814e-05,0,0.000953674,0,0,0.00915235,25,15,1.24509,2.00325,1,0.0436038,-0.0015676,0,0.999987,-0.0132322,0,0.0101367,26,15,-3,1.77624,1,5.96046e-06,0.4922,0,0.00119209,0.0785589,0,0.00653613,27,15,-2.87718,-0.051566,1,0.454944,0.2245,0,0.523329,-0.455394,0,0.00981158,28,15,1.12507,0.0771807,1,0.447151,-0.264868,0,0.565946,0.458926,0,0.0122553,29,15,0.999995,1.05111,1,-0.00103116,-0.500003,0,0.000745058,5.96046e-05,0,0.0172023,30,15,-1.08695,-1.99847,1,-0.308627,-0.00427663,0,-0.713527,-0.0210404,0,0.0147785,31,15,1.99948,0.951164,1,0.0105232,0.236072,0,-0.0290275,-0.498354,0,0.0114725,32,15,-3,-1.12721,1,0,0.499135,0,0,0.0172853,0,0.00612857,33,15,-0.0859658,2.99576,1,0.297291,0.00607967,0,-0.479717,0.00727177,0,0.00568521,34,15,-0.983528,-0.540159,1,-0.110871,-0.500001,0,0.312448,2.98023e-05,0,0.0149713,35,15,0.060674,1.00027,1,0.253984,0.0013113,0,0.514925,0.00089407,0,0.0128711
0,15.1,0.898269,-2.99999,1,0.318673,-7.07805e-06,0,-0.468738,-0.000163913,0,0.0105813,1,15.1,2.96183,-2.99992,1,0.017269,-0.000165775,0,0.163734,-0.00013411,0,0.00748419,2,15.1,-0.312823,-0.924052,1,0.487277,0.248185,0,-0.155933,0.681896,0,0.0132148,3,15.1,-1.99983,2.89148,1,-0.000703521,0.313957,0,0.00105053,-0.493631,0,0.00537884,4,15.1,-2.00479,-1.68873,1,0.0153802,0.135572,0,-0.00214577,1,0,0.0111546,5,15.1,-1.00001,-3,1,0.000359118,-1.86265e-06,0,-0.00102073,7.45058e-05,0,0.00833881,6,15.1,2.07425,-1.99575,1,0.5,-0.0207799,0,0,0.0381991,0,0.00810512,7,15.1,2.99999,-0.238577,1,-1.41561e-05,-0.420969,0,-2.98023e-05,-0.222971,0,0.0102024,8,15.1,1.00068,-1.17653,1,0.000709482,-0.5,0,-0.00148267,7.45058e-06,0,0.0168724,9,15.1,-2.87916,-2.17342,1,-0.302548,-0.483999,0,0.443324,-0.261754,0,0.00852379,10,15.1,-1.24028,0.966832,1,0.5,0.0481924,0,0,0.0235662,0,0.00971856,11,15.1,-2.00062,0.586671,1,0.000796095,0.499638,0,0.000670552,-0.0112467,0,0.0132112,12,15.1,2.616,2.81349,1,0.479023,-0.494187,0,-0.14782,-0.141412,0,0.00620975,13,15.1,0.0198184,1.99999,1,0.00142282,3.1665e-06,0,-0.520559,7.45058e-06,0,0.0092666,14,15.1,-0.999999,1.68485,1,1.58325e-05,0.495741,0,-6.70552e-05,0.0135005,0,0.00977446,15,15.1,0.677262,-2.03346,1,-0.497704,0.244939,0,-0.0613257,-0.497833,0,0.0127484,16,15.1,-0.138405,-0.249022,1,-0.497261,0.414048,0,-0.0796334,-0.315889,0,0.0161608,17,15.1,-4.79331e-05,-2.28732,1,-1.82115e-05,-0.5,0,0.000298324,0,0,0.0113068,18,15.1,-2.14138,1.99525,1,0.271701,0.0104317,0,-0.970587,-0.00237674,0,0.00913424,19,15.1,-1.06594,3,1,0.279729,0,0,-0.254422,0,0,0.00513526,20,15.1,2.71378,-0.99948,1,-0.497817,0.000187755,0,-0.056386,-0.0038296,0,0.00925037,21,15.1,1.99999,-2.91439,1,5.7742e-05,-0.241879,0,-0.000149012,0.370085,0,0.00666104,22,15.1,1.76853,-0.99542,1,-0.396129,0.0105722,0,-0.164948,0.129238,0,0.0132476,23,15.1,0.948964,2.90196,1,0.21244,-0.361537,0,-0.478506,-0.715241,0,0.00843856,24,15.1,-2,-2.99999,1,-0.000329129,-1.75089e-05,0,0.000961125,1.49012e-05,0,0.00915235,25,15.1,1.25445,2.00304,1,0.143603,-0.00266582,0,1,-0.00888109,0,0.0101367,26,15.1,-2.99999,1.82581,1,0.000100583,0.498544,0,0.000715256,0.0388548,0,0.00653613,27,15.1,-2.82964,-0.0313323,1,0.490684,0.180796,0,0.204682,-0.418113,0,0.00981158,28,15.1,1.17205,0.0529525,1,0.486789,-0.220087,0,0.239201,0.435504,0,0.0122553,29,15.1,0.999897,1.00111,1,-0.000925455,-0.5,0,0.00132993,0,0,0.0172023,30,15.1,-1.12144,-1.99898,1,-0.380922,-0.00578407,0,-0.696018,-0.009574,0,0.0147785,31,15.1,2.00039,0.972309,1,0.00769403,0.187219,0,-0.0273213,-0.475615,0,0.0114725,32,15.1,-3,-1.07724,1,0,0.499945,0,0,0.00216067,0,0.00612857,33,15.1,-0.0586524,2.99587,1,0.248894,-0.00840649,0,-0.484618,-0.269324,0,0.00568521,34,15.1,-0.993125,-0.590147,1,-0.0818041,-0.499523,0,0.269029,0.0143163,0,0.0149713,35,15.1,0.0885837,1.00045,1,0.303387,0.0026701,0,0.465842,0.0243858,0,0.0128711
0,15.2,0.927766,-2.99999,1,0.271055,-1.78814e-05,0,-0.480652,0,0,0.00858161,1,15.2,2.96431,-2.99994,1,0.0315428,-0.000166893,0,0.121236,0,0,0.00753849,2,15.2,-0.265045,-0.895729,1,0.466653,0.31864,0,-0.254169,0.704855,0,0.0147601,3,15.2,-1.99989,2.92037,1,-0.000593066,0.263768,0,0.00119209,-0.506043,0,0.00546669,4,15.2,-2.00328,-1.67017,1,0.014627,0.235572,0,-0.0122786,0.999987,0,0.0111939,5,15.2,-0.999978,-3,1,0.00026077,5.96046e-06,0,-0.00101328,0,0,0.00927887,6,15.2,2.12425,-1.99764,1,0.5,-0.0169933,0,0,0.0373125,0,0.00768312,7,15.2,2.99999,-0.281712,1,-1.78814e-05,-0.440799,0,0,-0.166893,0,0.007072,8,15.2,1.00075,-1.22653,1,0.000527501,-0.500003,0,-0.00214577,5.96046e-05,0,0.0140942,9,15.2,-2.9072,-2.2227,1,-0.258297,-0.497943,0,0.439286,-0.0412464,0,0.00815828,10,15.2,-1.19028,0.971723,1,0.500003,0.0491843,0,-5.96046e-05,-0.00268221,0,0.0117636,11,15.2,-2.00054,0.636526,1,0.000840425,0.496788,0,0.000238419,-0.0514388,0,0.0130127,12,15.2,2.66308,2.76367,1,0.461602,-0.5,0,-0.199795,0,0,0.00610775,13,15.2,0.0172062,1.99999,1,-0.0546438,2.98023e-06,0,-0.57984,5.96046e-05,0,0.0121392,14,15.2,-0.999998,1.73453,1,8.9407e-06,0.497994,0,-5.96046e-05,0.0245571,0,0.010795,15,15.2,0.627325,-2.01145,1,-0.5,0.195307,0,-2.98023e-05,-0.491321,0,0.0137347,16,15.2,-0.188335,-0.209257,1,-0.5,0.380713,0,0,-0.348672,0,0.0147773,17,15.2,-4.83768e-05,-2.33732,1,8.22201e-06,-0.5,0,0.000231403,0,0,0.0104076,18,15.2,-2.11915,1.99627,1,0.172442,0.00985861,0,-1.00017,-0.00911951,0,0.00943107,19,15.2,-1.03899,3,1,0.261572,0,0,-0.122666,0,0,0.00594183,20,15.2,2.66384,-0.999479,1,-0.5,-0.000147521,0,0,-0.00289083,0,0.0108224,21,15.2,1.99999,-2.93671,1,4.17233e-05,-0.204235,0,-5.96046e-05,0.380039,0,0.00872297,22,15.2,1.72812,-0.993613,1,-0.411782,0.0263199,0,-0.14782,0.174105,0,0.0126541,23,15.2,0.967907,2.86243,1,0.167313,-0.426483,0,-0.424087,-0.563264,0,0.011102,24,15.2,-2.00002,-2.99999,1,-0.000238419,-1.78814e-05,0,0.000953674,0.000119209,0,0.00835843,25,15.2,1.27381,2.00273,1,0.243604,-0.0033617,0,0.999987,-0.00524521,0,0.00937258,26,15.2,-2.99998,1.87578,1,0.000154972,0.500003,0,0.000238419,-5.96046e-05,0,0.00707979,27,15.2,-2.77994,-0.0152772,1,0.499809,0.140979,0,0.0038147,-0.377787,0,0.00864096,28,15.2,1.2215,0.0330739,1,0.498745,-0.177982,0,0.0250936,0.405631,0,0.0129245,29,15.2,0.999812,0.951107,1,-0.00077188,-0.5,0,0.00172853,-2.98023e-05,0,0.0169088,30,15.2,-1.16276,-1.99959,1,-0.44229,-0.00627935,0,-0.512242,-0.000715256,0,0.0142272,31,15.2,2.00103,0.988712,1,0.00510216,0.141492,0,-0.0244379,-0.436485,0,0.0124675,32,15.2,-3,-1.02724,1,0,0.500003,0,0,-5.96046e-05,0,0.00705868,33,15.2,-0.0361688,2.99342,1,0.20103,-0.0428498,0,-0.469653,-0.398159,0,0.00689864,34,15.2,-1.00003,-0.639968,1,-0.0570238,-0.496173,0,0.226736,0.0575781,0,0.0129079,35,15.2,0.12112,1.00086,1,0.345872,0.00583827,0,0.378329,0.0373721,0,0.015096
0,15.3,0.952471,-2.99947,1,0.223178,0.0149611,0,-0.473686,0.271991,0,0.00858161,1,15.3,2.96799,-2.99995,1,0.0413276,-0.000158325,0,0.0750124,0.000163913,0,0.00753849,2,15.3,-0.219819,-0.860324,1,0.436299,0.38878,0,-0.347986,0.665668,0,0.0147601,3,15.3,-1.99995,2.94422,1,-0.000473298,0.213325,0,0.00119954,-0.498325,0,0.00546669,4,15.3,-2.00189,-1.64183,1,0.0130929,0.328798,0,-0.0180006,0.850938,0,0.0111939,5,15.3,-0.999434,-3,1,0.0151442,5.96046e-06,0,0.271119,0,0,0.00927887,6,15.3,2.17425,-1.99915,1,0.5,-0.0133999,0,0,0.0344813,0,0.00768312,7,15.3,2.99999,-0.326712,1,-1.60187e-05,-0.459734,0,4.47035e-05,-0.199175,0,0.007072,8,15.3,1.00075,-1.27653,1,-0.000513159,-0.5,0,-0.00133365,7.45058e-06,0,0.0140942,9,15.3,-2.93086,-2.27262,1,-0.215088,-0.499872,0,0.422791,-0.0051111,0,0.00815828,10,15.3,-1.14028,0.976593,1,0.5,0.0478792,0,-7.45058e-06,-0.0225268,0,0.0117636,11,15.3,-2.00046,0.686082,1,0.000854954,0.495383,0,0.000223517,0.0125393,0,0.0130127,12,15.3,2.70813,2.71367,1,0.438593,-0.5,0,-0.258237,0,0,0.00610775,13,15.3,0.00870835,1.99999,1,-0.116207,-9.68575e-06,0,-0.633829,-0.000402331,0,0.0121392,14,15.3,-0.999997,1.78443,1,-5.96046e-06,0.49968,0,-0.000342727,0.00890344,0,0.010795,15,15.3,0.577325,-1.99432,1,-0.5,0.148056,0,0,-0.452392,0,0.0137347,16,15.3,-0.238335,-0.17297,1,-0.5,0.344643,0,-8.9407e-07,-0.37069,0,0.0147773,17,15.3,0.000244679,-2.38732,1,0.00848844,-0.5,0,0.158508,0,0,0.0104076,18,15.3,-2.1069,1.99715,1,0.0724338,0.00728462,0,-1.00002,-0.0401363,0,0.00943107,19,15.3,-1.01311,3,1,0.258697,0,0,0.0469945,0,0,0.00594183,20,15.3,2.61384,-0.999507,1,-0.5,-0.000390131,0,0,-0.00198558,0,0.0108224,21,15.3,2,-2.95523,1,3.50177e-05,-0.166346,0,-7.45058e-05,0.374675,0,0.00872297,22,15.3,1.68594,-0.990305,1,-0.433774,0.0380142,0,-0.266753,0.064835,0,0.0126541,23,15.3,0.982617,2.81734,1,0.127876,-0.47141,0,-0.365298,-0.332862,0,0.011102,24,15.3,-1.99952,-3,1,0.0148293,-7.82311e-06,0,0.272825,7.45058e-05,0,0.00835843,25,15.3,1.30301,2.00237,1,0.338072,-0.0037279,0,0.868633,-0.00219047,0,0.00937258,26,15.3,-2.99996,1.92578,1,0.00016652,0.5,0,-1.49012e-05,-7.45058e-06,0,0.00707979,27,15.3,-2.72995,-0.00299345,1,0.499988,0.105446,0,0.000476837,-0.332779,0,0.00864096,28,15.3,1.27145,0.0172419,1,0.499921,-0.139293,0,0.00313669,0.367606,0,0.0129245,29,15.3,0.999743,0.901107,1,-0.000593904,-0.5,0,0.00181422,0,0,0.0169088,30,15.3,-1.20912,-2.00021,1,-0.48066,-0.00606421,0,-0.260428,0.00473112,0,0.0142272,31,15.3,2.00142,1.00076,1,0.00284873,0.100406,0,-0.0205487,-0.383891,0,0.0124675,32,15.3,-3,-0.977241,1,0,0.5,0,0,0,0,0.00705868,33,15.3,-0.01836,2.98689,1,0.155738,-0.0897001,0,-0.434146,-0.519201,0,0.00689864,34,15.3,-1.00468,-0.689474,1,-0.0367215,-0.49529,0,0.180341,-0.0229739,0,0.0129079,35,15.3,0.157489,1.00179,1,0.380439,0.0139814,0,0.313524,0.116587,0,0.015096
0,15.4,0.972455,-2.99635,1,0.176901,0.0494778,0,-0.44927,0.396729,0,0.00771,1,15.4,2.97243,-2.99997,1,0.0466883,-0.00013113,0,0.0327826,0.000119209,0,0.00747101,2,15.4,-0.17805,-0.818384,1,0.397989,0.446907,0,-0.41379,0.480533,0,0.0145276,3,15.4,-1.99999,2.96311,1,-0.000357628,0.164908,0,0.00119209,-0.466228,0,0.00523923,4,15.4,-2.00068,-1.60503,1,0.0110984,0.40372,0,-0.0214577,0.64069,0,0.0125416,5,15.4,-0.996301,-3,1,0.0495762,0,0,0.396013,0.000119209,0,0.00769305,6,15.4,2.22425,-2.00033,1,0.5,-0.0101149,0,0,0.031352,0,0.0067682,7,15.4,2.99999,-0.373652,1,-1.19209e-05,-0.478549,0,0,-0.16889,0,0.00813028,8,15.4,1.00081,-1.32653,1,0.00321865,-0.500003,0,0.0882745,5.96046e-05,0,0.013199,9,15.4,-2.95029,-2.32262,1,-0.174111,-0.5,0,0.394821,0,0,0.0083805,10,15.4,-1.09028,0.981242,1,0.500003,0.044848,0,-5.96046e-05,-0.0372827,0,0.0103168,11,15.4,-2.00037,0.73572,1,0.000917912,0.497577,0,0.00119209,0.0248551,0,0.015118,12,15.4,2.75062,2.66367,1,0.410372,-0.5,0,-0.303984,0,0,0.00592784,13,15.4,-0.00604978,1.99999,1,-0.178289,-9.23872e-05,0,-0.594187,-0.0013113,0,0.0138468,14,15.4,-1,1.83442,1,-7.45058e-05,0.500003,0,-0.00113249,-5.96046e-05,0,0.0138417,15,15.4,0.527325,-1.9817,1,-0.5,0.105065,0,-1.43051e-05,-0.406444,0,0.0136575,16,15.4,-0.288335,-0.140381,1,-0.5,0.306965,0,1.43051e-05,-0.381,0,0.0146851,17,15.4,0.00207212,-2.43732,1,0.0296818,-0.5,0,0.255943,0,0,0.00989091,18,15.4,-2.10466,1.99764,1,-0.0275612,0.00225008,0,-1.00017,-0.058651,0,0.00914036,19,15.4,-0.986852,3,1,0.267701,0,0,0.118583,0,0,0.00562869,20,15.4,2.56384,-0.999554,1,-0.5,-0.000549853,0,0,-0.00119209,0,0.0100039,21,15.4,2,-2.97002,1,2.98023e-05,-0.129861,0,-0.000119209,0.352621,0,0.0083776,22,15.4,1.6412,-0.986325,1,-0.460941,0.0402406,0,-0.259936,-0.0157654,0,0.0114636,23,15.4,0.993671,2.76891,1,0.0941262,-0.493783,0,-0.310332,-0.124335,0,0.0102589,24,15.4,-1.99641,-3,1,0.0494182,-5.96046e-06,0,0.397444,0.000119209,0,0.00896888,25,15.4,1.34081,2.00199,1,0.414202,-0.00382662,0,0.643313,0.000357628,0,0.0108638,26,15.4,-2.99995,1.97578,1,0.000154972,0.500003,0,-0.000119209,-0.000119209,0,0.00712453,27,15.4,-2.67995,0.00596265,1,0.5,0.0744294,0,0,-0.287578,0,0.00943573,28,15.4,1.32145,0.00508362,1,0.500003,-0.104552,0,-5.96046e-05,0.326852,0,0.0124589,29,15.4,0.999693,0.851107,1,-0.000411272,-0.5,0,0.00178814,-2.98023e-05,0,0.0158442,30,15.4,-1.25813,-2.00079,1,-0.496453,-0.0053823,0,-0.0709891,0.00858307,0,0.0142466,31,15.4,2.00161,1.00898,1,0.00100136,0.0649273,0,-0.0164509,-0.324965,0,0.0116078,32,15.4,-3,-0.927241,1,0,0.5,0,0,2.98023e-05,0,0.00725413,33,15.4,-0.0048838,2.97526,1,0.114554,-0.143164,0,-0.388032,-0.534654,0,0.00805341,34,15.4,-1.00752,-0.739147,1,-0.0207573,-0.498219,0,0.139892,-0.0270307,0,0.0137274,35,15.4,0.196996,1.00384,1,0.40866,0.0275403,0,0.251241,0.147283,0,0.0146593
0,15.5,0.987965,-2.98897,1,0.134006,0.10186,0,-0.407446,0.622019,0,0.00771,1,15.5,2.9772,-2.99998,1,0.0480302,-0.000110641,0,-0.00450015,0.000283122,0,0.00747101,2,15.5,-0.140384,-0.771708,1,0.354763,0.482567,0,-0.447446,0.239033,0,0.0145276,3,15.5,-2.00002,2.97734,1,-0.000245497,0.120656,0,0.00105798,-0.415862,0,0.00523923,4,15.5,-1.99968,-1.56187,1,0.00891108,0.45539,0,-0.022091,0.398748,0,0.0125416,5,15.5,-0.988921,-3,1,0.101715,9.68575e-06,0,0.618003,5.96046e-05,0,0.00769305,6,15.5,2.27425,-2.00119,1,0.5,-0.00716783,0,0,0.027582,0,0.0067682,7,15.5,2.99999,-0.42223,1,-1.04308e-05,-0.491807,0,2.98023e-05,-0.0966024,0,0.00813028,8,15.5,1.00209,-1.37653,1,0.0275057,-0.5,0,0.389203,7.45058e-06,0,0.013199,9,15.5,-2.96579,-2.37262,1,-0.136373,-0.5,0,0.358537,0,0,0.0083805,10,15.5,-1.04028,0.985524,1,0.5,0.0406523,0,-3.72529e-06,-0.0460483,0,0.0103168,11,15.5,-2.00027,0.785584,1,0.0010252,0.49949,0,0.00116229,0.0119582,0,0.015118,12,15.5,2.79008,2.61367,1,0.378208,-0.5,0,-0.337422,0,0,0.00592784,13,15.5,-0.0268061,1.99998,1,-0.236102,-0.000196137,0,-0.550379,-0.000961125,0,0.0138468,14,15.5,-1.00001,1.88442,1,-0.000184588,0.499982,0,-0.00121444,-0.000707805,0,0.0138417,15,15.5,0.477325,-1.97314,1,-0.5,0.0670508,0,1.78814e-06,-0.353262,0,0.0136575,16,15.5,-0.338335,-0.11159,1,-0.5,0.268897,0,0,-0.378927,0,0.0146851,17,15.5,0.00651543,-2.48732,1,0.0608735,-0.5,0,0.357444,0,0,0.00989091,18,15.5,-2.11242,1.99754,1,-0.12757,-0.00464264,0,-1.00002,-0.076957,0,0.00914036,19,15.5,-0.95935,3,1,0.283391,0,0,0.181548,0,0,0.00562869,20,15.5,2.51384,-0.999614,1,-0.5,-0.000635628,0,0,-0.000547618,0,0.0100039,21,15.5,2,-2.9813,1,1.93715e-05,-0.0962719,0,-8.9407e-05,0.317097,0,0.0083776,22,15.5,1.59395,-0.982462,1,-0.482397,0.036265,0,-0.168145,-0.0609085,0,0.0114636,23,15.5,1.00162,2.71915,1,0.0657451,-0.499611,0,-0.258047,-0.0155419,0,0.0102589,24,15.5,-1.98904,-3,1,0.101706,3.72529e-06,0,0.619516,5.96046e-05,0,0.00896888,25,15.5,1.38498,2.00162,1,0.464603,-0.00370145,0,0.372082,0.00205636,0,0.0108638,26,15.5,-2.99993,2.02578,1,0.000136718,0.499999,0,-0.000223517,7.45058e-06,0,0.00712453,27,15.5,-2.62995,0.0120524,1,0.5,0.0481961,0,0,-0.237758,0,0.00943573,28,15.5,1.37145,-0.00381874,1,0.5,-0.0743007,0,-7.45058e-06,0.278555,0,0.0124589,29,15.5,0.99966,0.801107,1,-0.000240281,-0.5,0,0.00162423,0,0,0.0158442,30,15.5,-1.30799,-2.00128,1,-0.499779,-0.00440516,0,-0.00885129,0.0107437,0,0.0142466,31,15.5,2.00163,1.01395,1,-0.000430271,0.0355778,0,-0.0122041,-0.262193,0,0.0116078,32,15.5,-3,-0.877241,1,0,0.5,0,0,0,0,0.00725413,33,15.5,0.00472476,2.95824,1,0.0785612,-0.197259,0,-0.331407,-0.53364,0,0.00805341,34,15.5,-1.00896,-0.789064,1,-0.00858083,-0.499781,0,0.104576,-0.00660494,0,0.0137274,35,15.5,0.239261,1.00718,1,0.437504,0.0379978,0,0.304437,0.0648871,0,0.0146593
0,15.6,0.999406,-2.9755,1,0.0956118,0.168687,0,-0.359714,0.691295,0,0.0101383,1,15.6,2.98193,-2.99999,1,0.0460744,-8.34465e-05,0,-0.0332594,0.000357628,0,0.00672602,2,15.6,-0.107177,-0.722588,1,0.309118,0.496878,0,-0.462562,0.0624359,0,0.0136624,3,15.6,-2.00004,2.98743,1,-0.000149012,0.0822186,0,0.000834465,-0.351191,0,0.00566662,4,15.6,-1.99889,-1.51469,1,0.00671148,0.48494,0,-0.0216365,0.200808,0,0.0118655,5,15.6,-0.97549,-3,1,0.168002,1.19209e-05,0,0.684738,0,0,0.00673942,6,15.6,2.32425,-2.00177,1,0.5,-0.00460744,0,0,0.0238419,0,0.0086095,7,15.6,2.99999,-0.471784,1,-5.96046e-06,-0.498235,0,0,-0.0353003,0,0.00704324,8,15.6,1.00722,-1.42653,1,0.0791341,-0.500003,0,0.632524,5.96046e-05,0,0.0164123,9,15.6,-2.9777,-2.42262,1,-0.102633,-0.5,0,0.31507,0,0,0.00807961,10,15.6,-0.990281,0.989348,1,0.5,0.0357479,0,2.98023e-05,-0.0515282,0,0.0101287,11,15.6,-2.00016,0.835569,1,0.00118017,0.500001,0,0.00202656,-2.98023e-05,0,0.0116107,12,15.6,2.82617,2.56367,1,0.343239,-0.5,0,-0.360012,0,0,0.00516346,13,15.6,-0.0530155,1.99995,1,-0.286338,-0.000312924,0,-0.44579,-0.00160933,0,0.0131289,14,15.6,-1.00004,1.93441,1,-0.000348687,0.499719,0,-0.00208616,-0.00560284,0,0.0131448,15,15.6,0.427325,-1.96811,1,-0.5,0.0345051,0,1.43051e-05,-0.297368,0,0.0112985,16,15.6,-0.388335,-0.0865812,1,-0.5,0.23145,0,1.43051e-05,-0.368763,0,0.0144166,17,15.6,0.0144848,-2.53732,1,0.0992365,-0.5,0,0.400924,0,0,0.00744612,18,15.6,-2.13017,1.99668,1,-0.227565,-0.0127256,0,-1.00017,-0.0827909,0,0.0103765,19,15.6,-0.930092,3,1,0.301592,0,0,0.17193,0,0,0.00474439,20,15.6,2.46384,-0.99968,1,-0.5,-0.000664592,0,0,-2.98023e-05,0,0.0092588,21,15.6,2,-2.98941,1,1.19209e-05,-0.066781,0,-0.000119209,0.27144,0,0.00872718,22,15.6,1.54502,-0.979195,1,-0.494713,0.0285923,0,-0.0806451,-0.0900626,0,0.00985418,23,15.6,1.00699,2.66916,1,0.042367,-0.5,0,-0.210285,0,0,0.0111689,24,15.6,-1.9756,-3,1,0.168142,5.96046e-06,0,0.686169,0.000119209,0,0.00672084,25,15.6,1.43291,2.00126,1,0.490537,-0.00342727,0,0.15837,0.00321865,0,0.00843447,26,15.6,-2.99992,2.07578,1,0.000107288,0.5,0,-0.000238419,0,0,0.00660123,27,15.6,-2.57995,0.0157612,1,0.5,0.0267433,0,0,-0.191977,0,0.00908402,28,15.6,1.42145,-0.00993349,1,0.500003,-0.0487581,0,-5.96046e-05,0.23273,0,0.0116444,29,15.6,0.999644,0.751107,1,-8.64267e-05,-0.5,0,0.00143051,-2.98023e-05,0,0.0136246,30,15.6,-1.35799,-2.00166,1,-0.500003,-0.00326633,0,5.96046e-05,0.0118017,0,0.0131413,31,15.6,2.00154,1.0163,1,-0.00145435,0.0124216,0,-0.00822544,-0.201404,0,0.0118421,32,15.6,-3,-0.827241,1,0,0.5,0,0,2.98023e-05,0,0.00703668,33,15.6,0.0110206,2.93594,1,0.0483258,-0.247502,0,-0.273193,-0.461102,0,0.00977249,34,15.6,-1.00935,-0.839059,1,0.000336766,-0.5,0,0.074625,-2.98023e-05,0,0.0139758,35,15.6,0.284485,1.01119,1,0.466152,0.0411034,0,0.255704,5.96046e-05,0,0.0128411
0,15.7,1.00725,-2.95508,1,0.0620171,0.24032,0,-0.312179,0.725448,0,0.0101383,1,15.7,2.98633,-3,1,0.0416148,-4.95464e-05,0,-0.0543445,0.000312924,0,0.00672602,2,15.7,-0.0785753,-0.672709,1,0.263006,0.499805,0,-0.4575,0.00781193,0,0.0136624,3,15.7,-2.00005,2.99402,1,-7.41333e-05,0.0507127,0,0.000670552,-0.278279,0,0.00566662,4,15.7,-1.99833,-1.46545,1,0.00461414,0.497551,0,-0.0201911,0.0627488,0,0.0118655,5,15.7,-0.955205,-3,1,0.23794,1.15484e-05,0,0.699643,-1.49012e-05,0,0.00673942,6,15.7,2.37425,-2.00212,1,0.5,-0.00244938,0,0,0.0193864,0,0.0086095,7,15.7,2.99999,-0.521715,1,-4.47035e-06,-0.49989,0,2.98023e-05,-0.00441462,0,0.00704324,8,15.7,1.01901,-1.47651,1,0.161909,-0.499395,0,0.954069,0.0142008,0,0.0164123,9,15.7,-2.98647,-2.47262,1,-0.0734862,-0.5,0,0.267282,0,0,0.00807961,10,15.7,-0.940281,0.992663,1,0.5,0.0305257,0,0,-0.0525974,0,0.0101287,11,15.7,-2.00004,0.885569,1,0.00129119,0.5,0,0.000327826,3.72529e-06,0,0.0116107,12,15.7,2.85867,2.51367,1,0.306562,-0.5,0,-0.371993,0,0,0.00516346,13,15.7,-0.0837247,1.99991,1,-0.326158,-0.000421703,0,-0.34471,-0.000789762,0,0.0131289,14,15.7,-1.00008,1.98431,1,-0.000536442,0.497881,0,-0.00184774,-0.0359714,0,0.0131448,15,15.7,0.377403,-1.96603,1,-0.49758,0.00800882,0,0.0513028,-0.233464,0,0.0112985,16,15.7,-0.438335,-0.0652492,1,-0.5,0.195519,0,0,-0.349025,0,0.0144166,17,15.7,0.0265907,-2.58731,1,0.144291,-0.499519,0,0.485789,0.0145435,0,0.00744612,18,15.7,-2.15784,1.99508,1,-0.324032,-0.0184612,0,-0.9038,-0.0340119,0,0.0103765,19,15.7,-0.899074,3,1,0.318538,0,0,0.158384,0,0,0.00474439,20,15.7,2.41385,-0.999746,1,-0.499656,-0.000647921,0,0.0107735,0.000339001,0,0.0092588,21,15.7,2,-2.99482,1,1.86265e-06,-0.0421964,0,-7.45058e-05,0.219524,0,0.00872718,22,15.7,1.49527,-0.976814,1,-0.499355,0.0188068,0,-0.0194907,-0.103649,0,0.00985418,23,15.7,1.01025,2.61916,1,0.0236752,-0.5,0,-0.164546,0,0,0.0111689,24,15.7,-1.95522,-2.99999,1,0.240578,1.41561e-05,0,0.744738,2.98023e-05,0,0.00672084,25,15.7,1.48249,2.00093,1,0.499022,-0.00306182,0,0.0313744,0.00400841,0,0.00843447,26,15.7,-2.99991,2.12578,1,8.12113e-05,0.5,0,-0.000298023,0,0,0.00660123,27,15.7,-2.52995,0.0175474,1,0.5,0.00967933,0,0,-0.149997,0,0.00908402,28,15.7,1.47145,-0.0137196,1,0.5,-0.0276922,0,-7.45058e-06,0.189101,0,0.0116444,29,15.7,0.999642,0.701107,1,4.58211e-05,-0.5,0,0.00121444,0,0,0.0136246,30,15.7,-1.40799,-2.00193,1,-0.5,-0.00210814,0,7.45058e-06,0.01131,0,0.0131413,31,15.7,2.00136,1.01664,1,-0.00210032,-0.00480637,0,-0.00479817,-0.144273,0,0.0118421,32,15.7,-3,-0.777241,1,0,0.5,0,0,0,0,0.00703668,33,15.7,0.0145866,2.90899,1,0.0239739,-0.290073,0,-0.214476,-0.38287,0,0.00977249,34,15.7,-1.00898,-0.889059,1,0.00654254,-0.5,0,0.0502393,0,0,0.0139758,35,15.7,0.332218,1.01521,1,0.486807,0.0384236,0,0.154484,-0.0506416,0,0.0128411
0,15.8,1.01197,-2.92747,1,0.033164,0.310916,0,-0.265002,0.673652,0,0.0102,1,15.8,2.99019,-3,1,0.0355005,-2.38419e-05,0,-0.0663996,0.000238419,0,0.00570607,2,15.8,-0.0545383,-0.622713,1,0.218022,0.5,0,-0.440314,2.98023e-05,0,0.013849,3,15.8,-2.00005,2.99782,1,-1.19209e-05,0.0265896,0,0.000476837,-0.204444,0,0.00609575,4,15.8,-1.99797,-1.41552,1,0.00269711,0.5,0,-0.0181198,0,0,0.0109956,5,15.8,-0.927989,-2.99999,1,0.305347,1.19209e-05,0,0.637025,-0.000119209,0,0.0106664,6,15.8,2.42425,-2.00228,1,0.5,-0.000721216,0,0,0.0154972,0,0.00730326,7,15.8,2.99999,-0.571713,1,0,-0.5,0,0,-2.98023e-05,0,0.00893847,8,15.8,1.04011,-1.52634,1,0.260761,-0.496778,0,0.999987,0.0399351,0,0.0114318,9,15.8,-2.99256,-2.52262,1,-0.0492454,-0.5,0,0.217438,0,0,0.00951217,10,15.8,-0.890281,0.995453,1,0.5,0.0252873,0,2.98023e-05,-0.0519156,0,0.0117318,11,15.8,-1.99991,0.935569,1,0.0012666,0.5,0,-0.00077486,2.98023e-05,0,0.0146394,12,15.8,2.88746,2.46367,1,0.269145,-0.5,0,-0.375032,0,0,0.0052115,13,15.8,-0.117857,1.99987,1,-0.354318,-0.00050962,0,-0.21474,-0.00113249,0,0.0132858,14,15.8,-1.00015,2.03384,1,-0.000748038,0.491697,0,-0.002563,-0.0913143,0,0.0137931,15,15.8,0.328007,-1.9663,1,-0.489254,-0.0123709,0,0.117138,-0.175059,0,0.0125442,16,15.8,-0.488335,-0.0474037,1,-0.5,0.161795,0,1.43051e-05,-0.32478,0,0.0122915,17,15.8,0.0434892,-2.63713,1,0.193784,-0.496054,0,0.492344,0.0600815,0,0.00907826,18,15.8,-2.19444,1.99313,1,-0.404394,-0.0199199,0,-0.689268,0.00292063,0,0.0103065,19,15.8,-0.86651,3,1,0.331783,0,0,0.100285,0,0,0.0069042,20,15.8,2.36399,-0.999808,1,-0.496882,-0.000600517,0,0.0505447,0.000625849,0,0.00849098,21,15.8,2,-2.99803,1,-5.96046e-06,-0.0229478,0,0,0.165462,0,0.00846225,22,15.8,1.44529,-0.97546,1,-0.500003,0.00822693,0,5.96046e-05,-0.106275,0,0.0101728,23,15.8,1.01186,2.56916,1,0.00926256,-0.5,0,-0.124693,0,0,0.0108573,24,15.8,-1.92746,-2.99999,1,0.313875,1.78814e-05,0,0.706732,0,0,0.00913875,25,15.8,1.53247,2.00065,1,0.500003,-0.00264049,0,-5.96046e-05,0.00452995,0,0.00857795,26,15.8,-2.99991,2.17578,1,4.76837e-05,0.5,0,-0.000238419,0,0,0.0066632,27,15.8,-2.47995,0.0178301,1,0.5,-0.00339602,0,0,-0.112211,0,0.00950365,28,15.8,1.52145,-0.0156121,1,0.500003,-0.0108314,0,-5.96046e-05,0.148667,0,0.0136698,29,15.8,0.999653,0.651107,1,0.000156462,-0.5,0,0.000983477,-2.98023e-05,0,0.0122215,30,15.8,-1.45799,-2.00209,1,-0.500003,-0.00101924,0,5.96046e-05,0.0103712,0,0.0103036,31,15.8,2.00113,1.01552,1,-0.00243187,-0.0166625,0,-0.00190735,-0.0941157,0,0.0108087,32,15.8,-3,-0.727241,1,0,0.5,0,0,2.98023e-05,0,0.00615566,33,15.8,0.0160044,2.87825,1,0.00529173,-0.322825,0,-0.159923,-0.267148,0,0.00971787,34,15.8,-1.00811,-0.939059,1,0.0105292,-0.5,0,0.03016,-2.98023e-05,0,0.0156163,35,15.8,0.381498,1.01874,1,0.497164,0.0315428,0,0.0567281,-0.084281,0,0.00989965
0,15.9,1.01398,-2.89319,1,0.00742804,0.37295,0,-0.247292,0.563234,0,0.0102,1,15.9,2.9934,-3,1,0.0285603,-2.6077e-06,0,-0.0711083,0.000163913,0,0.00570607,2,15.9,-0.034882,-0.572713,1,0.17568,0.5,0,-0.405741,0,0,0.013849,3,15.9,-2.00005,2.99958,1,2.90573e-05,0.00963286,0,0.000357628,-0.136316,0,0.00609575,4,15.9,-1.99778,-1.36562,1,0.00104215,0.496839,0,-0.0149831,-0.0650585,0,0.0109956,5,15.9,-0.89432,-2.99999,1,0.367228,1.86265e-06,0,0.589773,-7.45058e-05,0,0.0106664,6,15.9,2.47425,-2.00228,1,0.5,0.000635907,0,0,0.0116974,0,0.00730326,7,15.9,2.99999,-0.621637,1,3.72529e-07,-0.497643,0,1.49012e-05,0.0501648,0,0.00893847,8,15.9,1.07103,-1.57571,1,0.355327,-0.48961,0,0.863902,0.102393,0,0.0114318,9,15.9,-2.99648,-2.57261,1,-0.0300117,-0.499891,0,0.167608,0.00433624,0,0.00951217,10,15.9,-0.840281,0.997728,1,0.5,0.0202643,0,0,-0.0484288,0,0.0117318,11,15.9,-1.99979,0.985569,1,0.00114441,0.5,0,-0.00162423,0,0,0.0146394,12,15.9,2.9125,2.41368,1,0.231685,-0.49965,0,-0.372365,0.0109226,0,0.0052115,13,15.9,-0.154188,1.99981,1,-0.370517,-0.000561588,0,-0.107139,-0.00012666,0,0.0132858,14,15.9,-1.00024,2.08255,1,-0.00102036,0.48233,0,-0.00302494,-0.103459,0,0.0137931,15,15.9,0.279783,-1.96832,1,-0.474011,-0.0272224,0,0.188994,-0.122897,0,0.0125442,16,15.9,-0.538335,-0.0328004,1,-0.5,0.13076,0,-5.66244e-06,-0.295511,0,0.0122915,17,15.9,0.0653934,-2.68626,1,0.244633,-0.484872,0,0.512476,0.162005,0,0.00907826,18,15.9,-2.23787,1.99119,1,-0.459725,-0.0184948,0,-0.418782,0.0243858,0,0.0103065,19,15.9,-0.832899,3,1,0.339623,0,0,0.0518225,0,0,0.0069042,20,15.9,2.31465,-0.999865,1,-0.48888,-0.000529829,0,0.113025,0.000778586,0,0.00849098,21,15.9,2,-2.99959,1,-5.96046e-06,-0.00902638,0,0,0.113606,0,0.00846225,22,15.9,1.39533,-0.97515,1,-0.498706,-0.00182735,0,0.030376,-0.0942536,0,0.0101728,23,15.9,1.01223,2.51916,1,-0.00144877,-0.5,0,-0.0904053,0,0,0.0108573,24,15.9,-1.89266,-2.99999,1,0.380613,1.60187e-05,0,0.61512,-4.47035e-05,0,0.00913875,25,15.9,1.58247,2.00041,1,0.499777,-0.00218377,0,-0.00753999,0.00455976,0,0.00857795,26,15.9,-2.9999,2.22578,1,2.34693e-05,0.5,0,-0.00025332,0,0,0.0066632,27,15.9,-2.42995,0.0169909,1,0.49992,-0.0127981,0,-0.00317395,-0.0768055,0,0.00950365,28,15.9,1.57145,-0.0160199,1,0.499914,0.0020191,0,-0.00342727,0.10927,0,0.0136698,29,15.9,0.999673,0.601107,1,0.000241492,-0.5,0,0.000718981,0,0,0.0122215,30,15.9,-1.50799,-2.00214,1,-0.5,-4.47035e-05,0,7.45058e-06,0.00905991,0,0.0103036,31,15.9,2.00088,1.01346,1,-0.00250638,-0.0238689,0,0.000327826,-0.0514612,0,0.0108087,32,15.9,-3,-0.677241,1,0,0.5,0,0,0,0,0.00615566,33,15.9,0.0158182,2.84479,1,-0.0082031,-0.344668,0,-0.111091,-0.16661,0,0.00971787,34,15.9,-1.00693,-0.989059,1,0.012755,-0.5,0,0.0149012,0,0,0.0156163,35,15.9,0.431388,1.02145,1,0.499823,0.0224993,0,0.00708744,-0.0951588,0,0.00989965
0,16,1.01354,-2.85328,1,-0.0158608,0.423008,0,-0.216544,0.436187,0,0.0109829,1,16,2.9959,-3,1,0.0214994,1.19209e-05,0,-0.068903,0,0,0.00680727,2,16,-0.0192796,-0.522713,1,0.137015,0.5,0,-0.366947,1.43051e-05,0,0.0143334,3,16,-2.00005,2.99996,1,5.36442e-05,-0.00107884,0,0.000357628,-0.0803471,0,0.00657441,4,16,-1.99775,-1.31638,1,-0.000301003,0.486693,0,-0.0119209,-0.13876,0,0.0120312,5,16,-0.854802,-2.99999,1,0.42139,-5.96046e-06,0,0.485122,0,0,0.00753836,6,16,2.52425,-2.00216,1,0.5,0.00162721,0,0,0.00846386,0,0.00663574,7,16,2.99999,-0.671047,1,0,-0.489467,0,0.000119209,0.115365,0,0.0106191,8,16,1.11049,-1.62407,1,0.429544,-0.476506,0,0.607669,0.158727,0,0.0109113,9,16,-2.99873,-2.62255,1,-0.0156105,-0.498265,0,0.121117,0.0348091,0,0.007923,10,16,-0.790281,0.999519,1,0.5,0.0156209,0,2.98023e-05,-0.0443161,0,0.0119231,11,16,-1.99968,1.03557,1,0.000950694,0.5,0,-0.00214577,0,0,0.0130166,12,16,2.93382,2.36382,1,0.195009,-0.496852,0,-0.359893,0.0509024,0,0.00501507,13,16,-0.191584,1.99976,1,-0.375458,-0.000569224,0,0.00910521,-0.000238419,0,0.0140691,14,16,-1.00035,2.1302,1,-0.00137687,0.469738,0,-0.00423193,-0.153661,0,0.01359,15,16,0.233454,-1.97158,1,-0.451303,-0.0371456,0,0.265419,-0.0765324,0,0.0142291,16,16,-0.588335,-0.0211504,1,-0.5,0.102764,0,-2.98023e-05,-0.264118,0,0.0122965,17,16,0.0923679,-2.73378,1,0.294096,-0.463998,0,0.467118,0.253558,0,0.00964749,18,16,-2.28552,1.98949,1,-0.489289,-0.0152707,0,-0.182271,0.0391006,0,0.00935135,19,16,-0.798789,3,1,0.341372,0,0,-0.0199378,0,0,0.00709768,20,16,2.26646,-0.999914,1,-0.47372,-0.000447035,0,0.192046,0.000864267,0,0.00907697,21,16,2,-3,1,-5.96046e-06,0,0,0,0.0685453,0,0.00759575,22,16,1.34569,-0.97578,1,-0.493145,-0.0105262,0,0.0841022,-0.0793338,0,0.0115531,23,16,1.01168,2.46916,1,-0.00899136,-0.5,0,-0.061214,0,0,0.0094636,24,16,-1.85176,-2.99999,1,0.434917,1.78814e-05,0,0.463903,-0.000238419,0,0.00663002,25,16,1.63236,2.00021,1,0.497529,-0.0017345,0,-0.0439286,0.00429153,0,0.00857152,26,16,-2.9999,2.27578,1,0,0.5,0,-0.000238419,0,0,0.0075225,27,16,-2.38,0.0153789,1,0.49873,-0.0189462,0,-0.0253916,-0.0470714,0,0.00920827,28,16,1.6214,-0.0153304,1,0.498632,0.0112043,0,-0.0273585,0.0753207,0,0.0107665,29,16,0.9997,0.551107,1,0.000301003,-0.5,0,0.000506639,-2.98023e-05,0,0.0117923,30,16,-1.55799,-2.0021,1,-0.500003,0.000786781,0,5.96046e-05,0.00762939,0,0.0103938,31,16,2.00063,1.01087,1,-0.00239015,-0.0272363,0,0.00202656,-0.017345,0,0.0114746,32,16,-3,-0.627241,1,0,0.5,0,0,2.98023e-05,0,0.00858603,33,16,0.0145154,2.80968,1,-0.0171486,-0.355673,0,-0.068923,-0.0517368,0,0.0106489,34,16,-1.0056,-1.03906,1,0.0136167,-0.5,0,0.00280142,0,0,0.014916,35,16,0.481385,1.02321,1,0.5,0.0127733,0,-1.43051e-05,-0.0981092,0,0.0111869
0,16.1,1.01103,-2.80894,1,-0.0325769,0.462062,0,-0.12137,0.331089,0,0.0109829,1,16.1,2.99772,-3,1,0.0149321,1.15484e-05,0,-0.0617057,-1.49012e-05,0,0.00680727,2,16.1,-0.0073413,-0.472713,1,0.102476,0.5,0,-0.323519,-1.78814e-06,0,0.0143334,3,16.1,-2.00004,2.99952,1,8.08388e-05,-0.00696033,0,0.000193715,-0.0393689,0,0.00657441,4,16.1,-1.99783,-1.26853,1,-0.00134408,0.469109,0,-0.0089705,-0.213474,0,0.0120312,5,16.1,-0.81051,-2.99999,1,0.46174,-5.96046e-06,0,0.322636,0,0,0.00753836,6,16.1,2.57425,-2.00196,1,0.499884,0.00230744,0,-0.00463426,0.00524521,0,0.00663574,7,16.1,2.99999,-0.719301,1,1.00583e-05,-0.474416,0,7.45058e-05,0.187002,0,0.0106191,8,16.1,1.15599,-1.67082,1,0.47575,-0.457703,0,0.319481,0.215679,0,0.0109113,9,16.1,-2.99975,-2.67211,1,-0.00560656,-0.491895,0,0.080198,0.0970662,0,0.007923,10,16.1,-0.740281,1.00087,1,0.5,0.0114341,0,0,-0.0393726,0,0.0119231,11,16.1,-1.9996,1.08557,1,0.000726432,0.5,0,-0.00230968,0,0,0.0130166,12,16.1,2.95155,2.31448,1,0.159988,-0.488812,0,-0.33915,0.113428,0,0.00501507,13,16.1,-0.228952,1.9997,1,-0.370562,-0.000539236,0,0.0893278,0.000663102,0,0.0140691,14,16.1,-1.00051,2.17634,1,-0.00172965,0.452414,0,-0.00303984,-0.195891,0,0.01359,15,16.1,0.189806,-1.97561,1,-0.420187,-0.0426332,0,0.353166,-0.0346527,0,0.0142291,16,16.1,-0.638223,-0.0121356,1,-0.4966,0.078118,0,0.0695474,-0.228933,0,0.0122965,17,16.1,0.124171,-2.77878,1,0.34224,-0.434829,0,0.484243,0.327796,0,0.00964749,18,16.1,-2.33505,1.98817,1,-0.498931,-0.0109503,0,-0.0347644,0.0464842,0,0.00935135,19,16.1,-0.764825,3,1,0.337119,0,0,-0.0676699,0,0,0.00709768,20,16.1,2.21988,-0.999954,1,-0.459256,-0.000360887,0,0.107706,0.000853091,0,0.00907697,21,16.1,2,-2.99972,1,-5.96046e-06,0.00508502,0,0,0.0348091,0,0.00759575,22,16.1,1.29652,-0.977188,1,-0.492365,-0.0172257,0,-0.0411421,-0.0552759,0,0.0115531,23,16.1,1.01052,2.41916,1,-0.0138255,-0.499832,0,-0.0363365,0.00607967,0,0.0094636,24,16.1,-1.80626,-2.99999,1,0.471884,-1.11759e-06,0,0.279129,-0.000163913,0,0.00663002,25,16.1,1.6818,2.00006,1,0.490259,-0.00131801,0,-0.105247,0.00400841,0,0.00857152,26,16.1,-2.9999,2.32578,1,-2.34693e-05,0.5,0,-0.000223517,0,0,0.0075225,27,16.1,-2.33033,0.0132909,1,0.493716,-0.0224127,0,-0.0796765,-0.0230694,0,0.00920827,28,16.1,1.67104,-0.0138827,1,0.49337,0.017277,0,-0.0825375,0.0469368,0,0.0107665,29,16.1,0.999732,0.501107,1,0.000340585,-0.5,0,0.000286847,5.66244e-06,0,0.0117923,30,16.1,-1.60794,-2.00199,1,-0.498501,0.00144914,0,0.0341907,0.00566244,0,0.0103938,31,16.1,2.00041,1.00811,1,-0.00213161,-0.0276133,0,0.00306964,0.00844896,0,0.0114746,32,16.1,-3,-0.577241,1,0,0.5,0,0,0,0,0.00858603,33,16.1,0.0125154,2.77399,1,-0.0222868,-0.35672,0,-0.0350025,0.0317842,0,0.0106489,34,16.1,-1.00424,-1.08906,1,0.0134407,-0.5,0,-0.00592321,0,0,0.014916,35,16.1,0.531385,1.02401,1,0.5,0.00315327,0,5.66244e-06,-0.0933632,0,0.0111869
0,16.2,1.0073,-2.76133,1,-0.0408143,0.487632,0,-0.04673,0.178099,0,0.00950846,1,16.2,2.99892,-3,1,0.00927448,1.19209e-05,0,-0.0509024,-0.000119209,0,0.00570155,2,16.2,0.00136295,-0.422713,1,0.0723553,0.5,0,-0.278758,-1.43051e-05,0,0.0146671,3,16.2,-2.00003,2.99868,1,8.9407e-05,-0.00934601,0,0.000119209,-0.00989437,0,0.00586441,4,16.2,-1.99801,-1.22281,1,-0.00209808,0.443974,0,-0.00619888,-0.288963,0,0.0146542,5,16.2,-0.76298,-3,1,0.486378,-5.96046e-06,0,0.173956,0,0,0.00898303,6,16.2,2.62418,-2.00171,1,0.498146,0.00269413,0,-0.0370741,0.0026226,0,0.00604036,7,16.2,2.99999,-0.765681,1,1.19209e-05,-0.451905,0,0.000119209,0.263512,0,0.00976683,8,16.2,1.20474,-1.71543,1,0.49544,-0.433701,0,0.0911951,0.262856,0,0.0125903,9,16.2,-2.99997,-2.72068,1,0.000703335,-0.478148,0,0.0472069,0.180721,0,0.0079413,10,16.2,-0.690281,1.00182,1,0.5,0.00775456,0,2.98023e-05,-0.0342727,0,0.0123411,11,16.2,-1.99954,1.13557,1,0.000494719,0.500003,0,-0.00238419,-5.96046e-05,0,0.0133606,12,16.2,2.9659,2.26629,1,0.127417,-0.473613,0,-0.311136,0.192404,0,0.00465292,13,16.2,-0.265426,1.99965,1,-0.357573,-0.000467896,0,0.170141,0.000596046,0,0.0127067,14,16.2,-1.0007,2.22051,1,-0.0020206,0.430077,0,-0.00292063,-0.252604,0,0.0131606,15,16.2,0.149672,-1.97998,1,-0.381406,-0.0443548,0,0.418808,-0.00113249,0,0.01302,16,16.2,-0.68741,-0.00541101,1,-0.485864,0.0569437,0,0.145972,-0.194751,0,0.0160843,17,16.2,0.160764,-2.82052,1,0.388877,-0.398862,0,0.439346,0.389338,0,0.00847405,18,16.2,-2.38502,1.98731,1,-0.5,-0.00612736,0,0,0.0494123,0,0.00795677,19,16.2,-0.731547,3,1,0.327441,0,0,-0.127345,0,0,0.00738662,20,16.2,2.17442,-0.999986,1,-0.450277,-0.000277162,0,0.0803471,0.00077486,0,0.0109247,21,16.2,2,-2.99908,1,-5.96046e-06,0.00727773,0,0.000119209,0.0104904,0,0.00879741,22,16.2,1.24703,-0.979151,1,-0.497282,-0.0217021,0,-0.0437498,-0.0348389,0,0.011746,23,16.2,1.00899,2.36925,1,-0.0164211,-0.497818,0,-0.0163913,0.041008,0,0.0105323,24,16.2,-1.75795,-2.99999,1,0.491828,-1.19209e-05,0,0.126958,-0.000119209,0,0.00919987,25,16.2,1.73018,1.99995,1,0.475883,-0.000935793,0,-0.184536,0.00357628,0,0.00743159,26,16.2,-2.99991,2.37578,1,-4.76837e-05,0.5,0,-0.000119209,0,0,0.00698181,27,16.2,-2.28148,0.0109684,1,0.482017,-0.0237168,0,-0.157118,-0.00376672,0,0.0102077,28,16.2,1.71984,-0.0119617,1,0.48137,0.0207489,0,-0.160456,0.0232695,0,0.0112182,29,16.2,0.999768,0.451107,1,0.000360608,-0.5,0,5.96046e-05,1.43051e-05,0,0.0111126,30,16.2,-1.65754,-2.00182,1,-0.492433,0.00192523,0,0.0900626,0.00369549,0,0.0118244,31,16.2,2.00021,1.00543,1,-0.0017941,-0.0257999,0,0.00369549,0.0266433,0,0.0105511,32,16.2,-3,-0.527241,1,0,0.5,0,0,1.43051e-05,0,0.00764949,33,16.2,0.0101598,2.73862,1,-0.024373,-0.3492,0,-0.00779841,0.118494,0,0.0102513,34,16.2,-1.00294,-1.13906,1,0.012508,-0.500003,0,-0.012219,5.96046e-05,0,0.0141571,35,16.2,0.581385,1.02387,1,0.5,-0.00573099,0,2.98023e-05,-0.0835657,0,0.0106382
0,16.3,1.00308,-2.71192,1,-0.042663,0.498361,0,0.00708178,0.0482351,0,0.00950846,1,16.3,2.99961,-3,1,0.004806,1.86265e-06,0,-0.0383109,-7.45058e-05,0,0.00570155,2,16.3,0.00691773,-0.372801,1,0.036251,0.497291,0,-0.428359,-0.0566672,0,0.0146671,3,16.3,-2.00002,2.99721,1,9.46224e-05,-0.0243016,0,0,-0.263035,0,0.00586441,4,16.3,-1.99734,-1.18001,1,0.023637,0.410703,0,0.483215,-0.371553,0,0.0146542,5,16.3,-0.713682,-3,1,0.497657,-5.96046e-06,0,0.058677,0,0,0.00898303,6,16.3,2.67371,-2.00143,1,0.491491,0.00284687,0,-0.100315,0.000506639,0,0.00604036,7,16.3,2.99999,-0.809397,1,2.01166e-05,-0.420958,0,2.98023e-05,0.351686,0,0.00976683,8,16.3,1.25457,-1.75741,1,0.499715,-0.404986,0,0.0113994,0.309117,0,0.0125903,9,16.3,-2.99971,-2.76739,1,0.00417866,-0.454241,0,0.0234693,0.29403,0,0.0079413,10,16.3,-0.640281,1.00244,1,0.5,0.0046296,0,0,-0.0282899,0,0.0123411,11,16.3,-1.9995,1.18475,1,0.000243261,0.476179,0,-0.0025928,-0.446253,0,0.0133606,12,16.3,2.97714,2.22008,1,0.0979029,-0.449023,0,-0.278175,0.296086,0,0.00465292,13,16.3,-0.300269,1.99961,1,-0.338629,-0.000372157,0,0.209294,0.00119209,0,0.0127067,14,16.3,-1.00091,2.26222,1,-0.00217818,0.403569,0,-0.000521541,-0.279203,0,0.0131606,15,16.3,0.1137,-1.98438,1,-0.337373,-0.0431608,0,0.458713,0.0238419,0,0.01302,16,16.3,-0.735064,0.000279851,1,-0.465312,0.0656567,0,0.260107,0.332766,0,0.0160843,17,16.3,0.201855,-2.85833,1,0.432481,-0.35626,0,0.412502,0.456914,0,0.00847405,18,16.3,-2.43502,1.98624,1,-0.5,-0.0218658,0,0,-0.339992,0,0.00795677,19,16.3,-0.69948,3,1,0.313434,0,0,-0.154708,0,0,0.00738662,20,16.3,2.12948,-1.00001,1,-0.451173,-0.000204146,0,-0.0802428,0.000685453,0,0.0109247,21,16.3,2,-2.99833,1,3.72529e-06,0.00747629,0,5.96046e-05,-0.00540912,0,0.00879741,22,16.3,1.19716,-0.981465,1,-0.499697,-0.024292,0,-0.00944734,-0.0175275,0,0.011746,23,16.3,1.00729,2.31956,1,-0.0172641,-0.496824,0,-0.00116229,-0.0117719,0,0.0105323,24,16.3,-1.70833,-2.99999,1,0.499033,-2.01166e-05,0,0.029549,-2.98023e-05,0,0.00919987,25,16.3,1.77662,2.00158,1,0.450936,0.0469897,0,-0.308506,0.816911,0,0.00743159,26,16.3,-2.99991,2.42576,1,-5.96046e-05,0.499302,0,-0.000119209,-0.0193268,0,0.00698181,27,16.3,-2.23426,0.00860483,1,0.460684,-0.0233035,0,-0.266612,0.0112654,0,0.0102077,28,16.3,1.76699,-0.00935084,1,0.459727,0.0351418,0,-0.269435,0.244032,0,0.0112182,29,16.3,1.00017,0.401134,1,0.0110116,-0.499073,0,0.19756,0.0235661,0,0.0111126,30,16.3,-1.70622,-2.00116,1,-0.480116,0.0152765,0,0.158451,0.242017,0,0.0118244,31,16.3,2.00124,1.003,1,0.0328597,-0.0226291,0,0.630602,0.0358298,0,0.0105511,32,16.3,-3,-0.477241,1,0,0.5,0,0,-1.78814e-06,0,0.00764949,33,16.3,0.00771771,2.70437,1,-0.0241496,-0.334999,0,0.0113244,0.166163,0,0.0102513,34,16.3,-1.00176,-1.18906,1,0.0111017,-0.5,0,-0.0156611,7.45058e-06,0,0.0141571,35,16.3,0.631288,1.02254,1,0.497036,-0.0239071,0,-0.0614226,-0.264466,0,0.0106382
0,16.4,0.998923,-2.66196,1,-0.0399068,0.5,0,0.045687,0,0,0.0116312,1,16.4,2.99992,-3,1,0.00160933,0,0,-0.0257492,-0.000119209,0,0.00719459,2,16.4,0.00825769,-0.323466,1,-0.0105657,0.488259,0,-0.495438,-0.125542,0,0.0172794,3,16.4,-2.00001,2.99322,1,8.9407e-05,-0.057292,0,0,-0.376463,0,0.00595051,4,16.4,-1.99201,-1.1409,1,0.087586,0.370592,0,0.763953,-0.426352,0,0.0121794,5,16.4,-0.66375,-3,1,0.5,-5.96046e-06,0,2.98023e-05,0,0,0.00970689,6,16.4,2.72222,-2.00115,1,0.477391,0.00280738,0,-0.184178,-0.00107288,0,0.0062998,7,16.4,2.99999,-0.849616,1,2.38419e-05,-0.382301,0,0,0.417799,0,0.00846942,8,16.4,1.30456,-1.7963,1,0.500003,-0.372326,0,-5.96046e-05,0.342071,0,0.0122609,9,16.4,-2.9992,-2.81118,1,0.00560284,-0.420046,0,0.00631809,0.386238,0,0.00681197,10,16.4,-0.590281,1.00277,1,0.5,0.0020802,0,2.98023e-05,-0.0227094,0,0.0134161,11,16.4,-1.99949,1.22961,1,-1.19209e-05,0.416312,0,-0.00238419,-0.725746,0,0.014744,12,16.4,2.9856,2.1768,1,0.0719428,-0.415057,0,-0.240445,0.37992,0,0.00713798,13,16.4,-0.333018,1.99958,1,-0.31566,-0.00025332,0,0.250071,0.00101328,0,0.0116405,14,16.4,-1.00113,2.30112,1,-0.00217259,0.373995,0,0.000298023,-0.313044,0,0.0139445,15,16.4,0.082299,-1.98854,1,-0.290286,-0.0398099,0,0.479965,0.0420213,0,0.0124874,16,16.4,-0.780141,0.00913027,1,-0.434792,0.116773,0,0.345737,0.658562,0,0.0192246,17,16.4,0.246996,-2.8916,1,0.468342,-0.308573,0,0.294574,0.491977,0,0.00851152,18,16.4,-2.48502,1.98188,1,-0.5,-0.0696093,0,0,-0.593841,0,0.00762164,19,16.4,-0.668968,3,1,0.296199,0,0,-0.191003,0,0,0.00950625,20,16.4,2.08382,-1.00003,1,-0.463176,-0.000137091,0,-0.14627,0.000536442,0,0.0139811,21,16.4,2,-2.99763,1,5.96046e-06,0.00640154,0,0.000119209,-0.0151396,0,0.00824183,22,16.4,1.14716,-0.983958,1,-0.500003,-0.0253141,0,5.96046e-05,-0.00345707,0,0.0134229,23,16.4,1.00558,2.26979,1,-0.0167847,-0.498646,0,0.0101924,-0.0189543,0,0.0100401,24,16.4,-1.65835,-2.99999,1,0.500003,-1.78814e-05,0,-5.96046e-05,-0.000119209,0,0.00798004,25,16.4,1.82001,2.01085,1,0.415307,0.141436,0,-0.398576,1.00005,0,0.00783294,26,16.4,-2.99992,2.47552,1,-7.15256e-05,0.495201,0,-0.000119209,-0.0667572,0,0.00843726,27,16.4,-2.18968,0.00635034,1,0.429296,-0.0216082,0,-0.357747,0.0219631,0,0.00973216,28,16.4,1.81146,-0.00439297,1,0.428101,0.0658217,0,-0.360012,0.352789,0,0.0149395,29,16.4,1.00248,0.351418,1,0.0370294,-0.494411,0,0.309765,0.0734031,0,0.0126153,30,16.4,-1.75331,-1.99817,1,-0.460434,0.0464469,0,0.236154,0.363946,0,0.0104822,31,16.4,2.00831,1.00092,1,0.113606,-0.0188082,0,0.936031,0.0397563,0,0.00811585,32,16.4,-3,-0.427241,1,0,0.5,0,0,-1.43051e-05,0,0.00777986,33,16.4,0.00538446,2.67179,1,-0.022286,-0.315899,0,0.0251114,0.215769,0,0.0114899,34,16.4,-1.00073,-1.23906,1,0.00942051,-0.500003,0,-0.0177622,5.96046e-05,0,0.0122855,35,16.4,0.680568,1.01863,1,0.487374,-0.0557721,0,-0.133038,-0.359833,0,0.0117955
0,16.5,0.995197,-2.61196,1,-0.0342824,0.5,0,0.0653155,0,0,0.0116312,1,16.5,2.99997,-3,1,-0.000404939,-7.45058e-06,0,-0.0150055,-5.96046e-05,0,0.00719459,2,16.5,0.00436067,-0.275444,1,-0.070442,0.470491,0,-0.679854,-0.227207,0,0.0172794,3,16.5,-2.00001,2.98486,1,8.56817e-05,-0.116413,0,-8.9407e-05,-0.762314,0,0.00595051,4,16.5,-1.97897,-1.10604,1,0.176521,0.326117,0,0.970498,-0.459567,0,0.0121794,5,16.5,-0.61375,-3,1,0.5,-5.96046e-06,0,0,0,0,0.00970689,6,16.5,2.76885,-2.00087,1,0.453138,0.00263304,0,-0.297427,-0.00235438,0,0.0062998,7,16.5,2.99999,-0.885682,1,2.19792e-05,-0.338344,0,-4.47035e-05,0.4582,0,0.00846942,8,16.5,1.35456,-1.83178,1,0.5,-0.337053,0,-7.45058e-06,0.361584,0,0.0122609,9,16.5,-2.99863,-2.85113,1,0.00561662,-0.377696,0,-0.00520051,0.456929,0,0.00681197,10,16.5,-0.540281,1.00287,1,0.5,6.87316e-05,0,0,-0.0176057,0,0.0134161,11,16.5,-1.9995,1.26708,1,-0.000228547,0.329167,0,-0.0019446,-0.965722,0,0.014744,12,16.5,2.99166,2.1373,1,0.0499107,-0.373992,0,-0.199914,0.438347,0,0.00713798,13,16.5,-0.363375,1.99956,1,-0.291782,-0.000127964,0,0.232415,0.00137836,0,0.0116405,14,16.5,-1.00134,2.33697,1,-0.00201501,0.342984,0,0.0025481,-0.309139,0,0.0139445,15,16.5,0.055682,-1.99229,1,-0.242028,-0.0349725,0,0.481697,0.0536963,0,0.0124874,16,16.5,-0.821783,0.0247619,1,-0.397074,0.200767,0,0.404786,0.957273,0,0.0192246,17,16.5,0.295053,-2.91997,1,0.490318,-0.258807,0,0.145639,0.499025,0,0.00851152,18,16.5,-2.53493,1.97116,1,-0.497182,-0.150571,0,0.0561327,-0.949234,0,0.00762164,19,16.5,-0.64026,3,1,0.278258,0,0,-0.173677,0,0,0.00950625,20,16.5,2.03669,-1.00004,1,-0.479727,-8.77306e-05,0,-0.164665,0.000454485,0,0.0139811,21,16.5,2,-2.99707,1,1.41561e-05,0.00463128,0,2.98023e-05,-0.0196397,0,0.00824183,22,16.5,1.09716,-0.986268,1,-0.5,-0.0186981,0,7.45058e-06,0.128392,0,0.0134229,23,16.5,1.00397,2.21986,1,-0.0154151,-0.499814,0,0.0167862,-0.00540912,0,0.0100401,24,16.5,-1.60835,-3,1,0.5,-2.16067e-05,0,-7.45058e-06,2.98023e-05,0,0.00798004,25,16.5,1.85945,2.02999,1,0.372822,0.241221,0,-0.447333,0.991315,0,0.00783294,26,16.5,-2.99992,2.52347,1,-8.3074e-05,0.453045,0,-0.000104308,-0.711545,0,0.00843726,27,16.5,-2.14866,0.00431165,1,0.390034,-0.0190567,0,-0.424579,0.0285046,0,0.00973216,28,16.5,1.85231,0.00431519,1,0.387597,0.111432,0,-0.444405,0.538586,0,0.0149395,29,16.5,1.00797,0.302514,1,0.0747705,-0.48201,0,0.430323,0.172611,0,0.0126153,30,16.5,-1.79798,-1.9914,1,-0.431152,0.0914678,0,0.3438,0.518203,0,0.0104822,31,16.5,2.02448,0.999237,1,0.210609,-0.0148821,0,0.992,0.0385903,0,0.00811585,32,16.5,-3,-0.377319,1,0,0.497575,0,0,-0.0514052,0,0.00777986,33,16.5,0.00329563,2.64125,1,-0.0193649,-0.295007,0,0.0326591,0.206932,0,0.0114899,34,16.5,-0.999879,-1.28906,1,0.0076063,-0.5,0,-0.0183657,7.45058e-06,0,0.0122855,35,16.5,0.728464,1.01105,1,0.468859,-0.0976186,0,-0.234295,-0.462607,0,0.0117955
0,16.6,0.992118,-2.56196,1,-0.0271216,0.5,0,0.0766516,0,0,0.0104302,1,16.6,2.99987,-3,1,-0.0014782,-5.96046e-06,0,-0.00715256,-0.000119209,0,0.00731694,2,16.6,-0.00623325,-0.22968,1,-0.14247,0.443348,0,-0.742288,-0.312976,0,0.0173915,3,16.6,-2,2.96907,1,7.45058e-05,-0.201958,0,-0.000119209,-0.913858,0,0.00723592,4,16.6,-1.95638,-1.07575,1,0.275785,0.279346,0,0.999987,-0.472665,0,0.0146999,5,16.6,-0.563749,-3,1,0.5,-5.96046e-06,0,2.98023e-05,0,0,0.00896733,6,16.6,2.81251,-2.00062,1,0.418621,0.00236034,0,-0.389218,-0.00333786,0,0.00523191,7,16.6,3,-0.917181,1,1.78814e-05,-0.291283,0,0,0.479907,0,0.00631783,8,16.6,1.40456,-1.86366,1,0.500003,-0.300354,0,-5.96046e-05,0.370681,0,0.011341,9,16.6,-2.99811,-2.88652,1,0.00472069,-0.329453,0,-0.0122786,0.504136,0,0.00782566,10,16.6,-0.490281,1.0028,1,0.5,-0.00145733,0,-1.43051e-05,-0.0129938,0,0.0111973,11,16.6,-1.99953,1.29506,1,-0.000399351,0.230023,0,-0.00143051,-0.999987,0,0.0130234,12,16.6,2.99572,2.10217,1,0.0319779,-0.328016,0,-0.158548,0.478029,0,0.00567576,13,16.6,-0.391388,1.99955,1,-0.268371,2.98023e-06,0,0.238925,0.00101328,0,0.0117843,14,16.6,-1.00153,2.36971,1,-0.00171363,0.311846,0,0.00321865,-0.314713,0,0.0117642,15,16.6,0.0338659,-1.99551,1,-0.194587,-0.0292599,0,0.464208,0.059545,0,0.011014,16,16.6,-0.859396,0.0497526,1,-0.354563,0.299682,0,0.442028,0.999621,0,0.0147582,17,16.6,0.344595,-2.94338,1,0.498548,-0.209552,0,0.0290418,0.48244,0,0.00947932,18,16.6,-2.58428,1.9512,1,-0.488836,-0.249302,0,0.110388,-0.999987,0,0.00858145,19,16.6,-0.613312,3,1,0.260495,0,0,-0.18543,0,0,0.00592162,20,16.6,1.98798,-1.00004,1,-0.493315,-4.47035e-05,0,-0.0991821,0.000357628,0,0.013297,21,16.6,2,-2.99671,1,1.78814e-05,0.00258684,0,0,-0.0206232,0,0.00809008,22,16.6,1.04716,-0.987329,1,-0.500003,-0.00103116,0,5.96046e-05,0.218302,0,0.0155191,23,16.6,1.00252,2.16986,1,-0.0135034,-0.5,0,0.0211,0,0,0.0134998,24,16.6,-1.55835,-3,1,0.500003,-1.78814e-05,0,-5.96046e-05,0.000119209,0,0.00761444,25,16.6,1.89445,2.059,1,0.326562,0.337964,0,-0.474453,0.930548,0,0.00772386,26,16.6,-2.99993,2.5646,1,-8.9407e-05,0.364769,0,-0.000119209,-0.999928,0,0.011133,27,16.6,-2.11187,0.00255541,1,0.344998,-0.0160113,0,-0.473142,0.0319259,0,0.0101923,28,16.6,1.88875,0.0183139,1,0.340295,0.169726,0,-0.496566,0.609985,0,0.0158916,29,16.6,1.0177,0.255326,1,0.120404,-0.460305,0,0.470042,0.259332,0,0.0169623,30,16.6,-1.83924,-1.97954,1,-0.392753,0.14675,0,0.41914,0.572324,0,0.0145737,31,16.6,2.05052,0.997939,1,0.310403,-0.0111252,0,1.00017,0.0364184,0,0.00915871,32,16.6,-3,-0.327923,1,0,0.489236,0,0,-0.117302,0,0.00789021,33,16.6,0.00153041,2.6128,1,-0.0158737,-0.27371,0,0.0366184,0.221848,0,0.00903324,34,16.6,-0.99921,-1.33906,1,0.00577867,-0.500003,0,-0.01809,5.96046e-05,0,0.0124881,35,16.6,0.774032,0.998904,1,0.441109,-0.145648,0,-0.317812,-0.486106,0,0.0141985
0,16.7,0.989797,-2.51196,1,-0.0192472,0.5,0,0.0798218,0,0,0.0104302,1,16.7,2.9997,-3,1,-0.0018958,-9.31323e-06,0,-0.00153482,4.47035e-05,0,0.00731694,2,16.7,-0.0243575,-0.187071,1,-0.221146,0.407377,0,-0.810751,-0.401101,0,0.0173915,3,16.7,-1.99999,2.94415,1,6.16536e-05,-0.297332,0,-0.000141561,-0.965655,0,0.00723592,4,16.7,-1.92392,-1.05016,1,0.371162,0.232771,0,0.8706,-0.45716,0,0.0146999,5,16.7,-0.513749,-3,1,0.5,-5.96046e-06,0,-2.08616e-06,0,0,0.00896733,6,16.7,2.8523,-2.0004,1,0.376016,0.00200532,0,-0.459,-0.00371039,0,0.00523191,7,16.7,3,-0.943897,1,1.56462e-05,-0.243007,0,-5.96046e-05,0.482105,0,0.00631783,8,16.7,1.45456,-1.89184,1,0.5,-0.263216,0,-7.45058e-06,0.370562,0,0.011341,9,16.7,-2.99771,-2.91689,1,0.00331998,-0.27754,0,-0.0152588,0.528812,0,0.00782566,10,16.7,-0.440281,1.00259,1,0.499966,-0.00252947,0,-0.00137083,-0.00858307,0,0.0111973,11,16.7,-1.99958,1.31306,1,-0.000515953,0.130024,0,-0.000908971,-1,0,0.0130234,12,16.7,2.99819,2.0718,1,0.0181362,-0.279065,0,-0.118703,0.496909,0,0.00567576,13,16.7,-0.417103,1.99956,1,-0.246498,0.000113435,0,0.204051,0.00111014,0,0.0117843,14,16.7,-1.00168,2.39943,1,-0.0012897,0.283235,0,0.00491738,-0.264078,0,0.0117642,15,16.7,0.0166759,-1.99813,1,-0.149793,-0.0232322,0,0.429419,0.0603124,0,0.011014,16,16.7,-0.892614,0.0844796,1,-0.309589,0.391668,0,0.454854,0.810257,0,0.0147582,17,16.7,0.394538,-2.96197,1,0.499909,-0.16292,0,0.00362664,0.447318,0,0.00947932,18,16.7,-2.63249,1.9214,1,-0.474258,-0.344905,0,0.179186,-0.883572,0,0.00858145,19,16.7,-0.58813,3,1,0.243587,0,0,-0.158604,0,0,0.00592162,20,16.7,1.9383,-1.00005,1,-0.49915,-1.32248e-05,0,-0.0253394,0.000275671,0,0.013297,21,16.7,2.00001,-2.99655,1,1.60187e-05,0.000592694,0,-4.47035e-05,-0.0189692,0,0.00809008,22,16.7,0.997164,-0.986138,1,-0.5,0.0266912,0,0,0.327978,0,0.0155191,23,16.7,1.00127,2.11986,1,-0.0113124,-0.5,0,0.0225082,0,0,0.0134998,24,16.7,-1.50835,-3,1,0.5,-7.82311e-06,0,-7.45058e-06,7.45058e-05,0,0.00761444,25,16.7,1.92472,2.09709,1,0.278905,0.419781,0,-0.476256,0.685483,0,0.00772386,26,16.7,-2.99994,2.59608,1,-9.6485e-05,0.264771,0,-4.47035e-05,-0.999987,0,0.011133,27,16.7,-2.07979,0.00111585,1,0.296099,-0.0127702,0,-0.50053,0.032519,0,0.0101923,28,16.7,1.92021,0.0384829,1,0.28805,0.234757,0,-0.542067,0.676397,0,0.0158916,29,16.7,1.03217,0.210747,1,0.169738,-0.429834,0,0.504903,0.345695,0,0.0169623,30,16.7,-1.87639,-1.96168,1,-0.349874,0.212949,0,0.436217,0.728257,0,0.0145737,31,16.7,2.08626,0.997001,1,0.400695,-0.00768937,0,0.779554,0.0322759,0,0.00915871,32,16.7,-3,-0.279703,1,0,0.473976,0,0,-0.189176,0,0.00789021,33,16.7,0.000126836,2.58648,1,-0.0122,-0.253126,0,0.0364927,0.195116,0,0.00903324,34,16.7,-0.99872,-1.38906,1,0.00405107,-0.5,0,-0.0164136,7.45058e-06,0,0.0124881,35,16.7,0.816446,0.981776,1,0.406154,-0.197802,0,-0.378855,-0.539426,0,0.0141985
0,16.8,0.988269,-2.46196,1,-0.0113413,0.5,0,0.0773668,0,0,0.0116965,1,16.8,2.99951,-3,1,-0.0018537,-5.96046e-06,0,0.00226498,0.000119209,0,0.00699511,2,16.8,-0.0504993,-0.148447,1,-0.301026,0.364139,0,-0.771381,-0.458888,0,0.0173834,3,16.8,-1.99998,2.90974,1,4.76837e-05,-0.388223,0,-0.000119209,-0.811458,0,0.00912007,4,16.8,-1.88289,-1.02913,1,0.444585,0.188228,0,0.581563,-0.432312,0,0.0143072,5,16.8,-0.463749,-3,1,0.5,0,0,-1.43051e-05,-0.000119209,0,0.00928543,6,16.8,2.88752,-2.00022,1,0.327617,0.00163317,0,-0.504971,-0.00393391,0,0.00631125,7,16.8,3,-0.965809,1,5.96046e-06,-0.195506,0,0,0.464976,0,0.00678151,8,16.8,1.50456,-1.91632,1,0.500003,-0.226527,0,-5.96046e-05,0.361979,0,0.011123,9,16.8,-2.99745,-2.942,1,0.00174642,-0.22468,0,-0.0156164,0.523686,0,0.00720294,10,16.8,-0.390303,1.0023,1,0.499453,-0.00319779,0,-0.0109822,-0.00482798,0,0.0143867,11,16.8,-1.99963,1.32107,1,-0.000587106,0.0300229,0,-0.000357628,-0.999987,0,0.0107769,12,16.8,2.99947,2.04638,1,0.00812411,-0.229383,0,-0.0822544,0.49305,0,0.00566467,13,16.8,-0.440754,1.99957,1,-0.226633,0.000205636,0,0.196978,0.000715256,0,0.0141553,14,16.8,-1.00178,2.42647,1,-0.000786781,0.257921,0,0.00476837,-0.246882,0,0.0103765,15,16.8,0.00377046,-2.00016,1,-0.109092,-0.0173151,0,0.382985,0.0573397,0,0.0108244,16,16.8,-0.921296,0.127209,1,-0.264078,0.457747,0,0.453144,0.50129,0,0.0177141,17,16.8,0.444537,-2.97611,1,0.5,-0.120586,0,-1.43051e-05,0.397086,0,0.00808459,18,16.8,-2.67892,1.88286,1,-0.453383,-0.421765,0,0.236273,-0.639617,0,0.00945678,19,16.8,-0.564559,3,1,0.227788,0,0,-0.16135,0,0,0.00755884,20,16.8,1.88832,-1.00005,1,-0.500003,1.19209e-05,0,5.96046e-05,0.000238419,0,0.0119163,21,16.8,2.00001,-2.99658,1,1.19209e-05,-0.00116229,0,0,-0.015974,0,0.00878416,22,16.8,0.947164,-0.981705,1,-0.5,0.0630245,0,-2.98023e-05,0.391483,0,0.0168079,23,16.8,1.00026,2.06986,1,-0.00904202,-0.5,0,0.0226796,0,0,0.013323,24,16.8,-1.45835,-3,1,0.500003,0,0,-5.96046e-05,0,0,0.00913789,25,16.8,1.95024,2.14199,1,0.231761,0.472862,0,-0.464439,0.374675,0,0.00851442,26,16.8,-2.99995,2.61755,1,-0.000101328,0.164777,0,0.000119209,-1.00017,0,0.00860466,27,16.8,-2.0527,-1.99715e-07,1,0.245696,-0.00957458,0,-0.503898,0.031099,0,0.00900793,28,16.8,1.94627,0.0653516,1,0.233036,0.302434,0,-0.552773,0.665668,0,0.0172014,29,16.8,1.05165,0.169604,1,0.219265,-0.392007,0,0.476301,0.406832,0,0.0135626,30,16.8,-1.90918,-1.93665,1,-0.305927,0.288171,0,0.440836,0.757277,0,0.0146704,31,16.8,2.12971,0.996387,1,0.463051,-0.00467449,0,0.460863,0.028044,0,0.00829859,32,16.8,-3,-0.233378,1,0,0.45125,0,0,-0.265583,0,0.00825686,33,16.8,-0.000913417,2.56213,1,-0.00863948,-0.233811,0,0.0344387,0.194788,0,0.0135772,34,16.8,-0.998394,-1.43906,1,0.0025034,-0.500003,0,-0.0145137,5.96046e-05,0,0.0113459,35,16.8,0.855084,0.959331,1,0.365826,-0.250429,0,-0.42519,-0.499576,0,0.0152979
0,16.9,0.987506,-2.41197,1,-0.00409391,0.499593,0,0.0673383,-0.0124425,0,0.0116965,1,16.9,2.99934,-3,1,-0.00151545,3.72529e-06,0,0.00429153,5.96046e-05,0,0.00699511,2,16.9,-0.0844406,-0.114347,1,-0.376822,0.317733,0,-0.714262,-0.466836,0,0.0173834,3,16.9,-1.99998,2.86736,1,3.57628e-05,-0.454268,0,-0.000119209,-0.503644,0,0.00912007,4,16.9,-1.83611,-1.0124,1,0.485629,0.147067,0,0.251032,-0.390574,0,0.0143072,5,16.9,-0.413758,-3,1,0.499653,-5.21541e-06,0,-0.0108629,0,0,0.00928543,6,16.9,2.9177,-2.00008,1,0.275697,0.00124928,0,-0.528187,-0.00373274,0,0.00631125,7,16.9,3,-0.983086,1,4.09782e-06,-0.150621,0,-4.47035e-05,0.430457,0,0.00678151,8,16.9,1.55456,-1.93719,1,0.499988,-0.191172,0,-0.000469387,0.344172,0,0.011123,9,16.9,-2.99735,-2.96189,1,0.000246242,-0.173539,0,-0.014171,0.494748,0,0.00720294,10,16.9,-0.340477,1.00197,1,0.496259,-0.00352804,0,-0.0585467,-0.0018701,0,0.0143867,11,16.9,-1.99969,1.31908,1,-0.00060387,-0.0696789,0,0,-0.988096,0,0.0107769,12,16.9,2.99993,2.02587,1,0.00148825,-0.181164,0,-0.0515133,0.468329,0,0.00566467,13,16.9,-0.46254,1.9996,1,-0.209975,0.000277534,0,0.143377,0.00064075,0,0.0141553,14,16.9,-1.00184,2.45115,1,-0.000268966,0.236654,0,0.00530481,-0.186086,0,0.0103765,15,16.9,-0.00531449,-2.00161,1,-0.0735332,-0.0118602,0,0.327486,0.0514239,0,0.0108244,16,16.9,-0.945473,0.174942,1,-0.219848,0.491718,0,0.430305,0.191578,0,0.0177141,17,16.9,0.494537,-2.98628,1,0.5,-0.0838339,0,-1.78814e-06,0.336647,0,0.00808459,18,16.9,-2.72299,1.83796,1,-0.427263,-0.471377,0,0.28418,-0.353925,0,0.00945678,19,16.9,-0.542496,3,1,0.214187,0,0,-0.117864,0,0,0.00755884,20,16.9,1.83832,-1.00005,1,-0.5,3.22238e-05,0,7.45058e-06,0.000171363,0,0.0119163,21,16.9,2.00001,-2.99677,1,1.04308e-05,-0.00255629,0,-2.98023e-05,-0.0118613,0,0.00878416,22,16.9,0.897164,-0.973249,1,-0.5,0.107795,0,0,0.494272,0,0.0168079,23,16.9,0.999463,2.01986,1,-0.00684569,-0.5,0,0.0211634,0,0,0.013323,24,16.9,-1.40836,-3,1,0.499474,0,0,-0.0156462,0,0,0.00913789,25,16.9,1.97115,2.19066,1,0.186943,0.496083,0,-0.431061,0.109896,0,0.00851442,26,16.9,-2.99996,2.62903,1,-8.9407e-05,0.0647686,0,0.000119209,-1.00002,0,0.00860466,27,16.9,-2.03062,-0.000806891,1,0.196112,-0.00661106,0,-0.484496,0.0279958,0,0.00900793,28,16.9,1.96693,0.099023,1,0.181435,0.371123,0,-0.479966,0.674819,0,0.0172014,29,16.9,1.0761,0.132513,1,0.270877,-0.349167,0,0.540592,0.44593,0,0.0135626,30,16.9,-1.93755,-1.90408,1,-0.261233,0.362189,0,0.450335,0.701018,0,0.0146704,31,16.9,2.17779,0.996051,1,0.493355,-0.00212435,0,0.161901,0.0230297,0,0.00829859,32,16.9,-3,-0.189736,1,0,0.420119,0,0,-0.353292,0,0.00825686,33,16.9,-0.00161216,2.53963,1,-0.00540782,-0.21708,0,0.0300983,0.146732,0,0.0135772,34,16.9,-0.998212,-1.48906,1,0.00115912,-0.5,0,-0.0123531,7.45058e-06,0,0.0113459,35,16.9,0.889478,0.931865,1,0.321508,-0.297897,0,-0.457693,-0.439923,0,0.0152979
0,17,0.987415,-2.36213,1,0.00208765,0.496548,0,0.0561476,-0.0537634,0,0.00976874,1,17,2.99921,-3,1,-0.00103116,5.96046e-06,0,0.00524521,0.000119209,0,0.00775105,2,17,-0.12541,-0.0849038,1,-0.439307,0.271219,0,-0.519998,-0.461355,0,0.0201834,3,17,-1.99998,2.81993,1,2.38419e-05,-0.489366,0,-0.000178814,-0.208259,0,0.00808561,4,17,-1.78672,-0.999576,1,0.498465,0.11017,0,0.030756,-0.347167,0,0.0128015,5,17,-0.363899,-3,1,0.496864,-5.96046e-06,0,-0.0506192,0.000119209,0,0.00791551,6,17,2.94263,-1.99997,1,0.222957,0.00089407,0,-0.522137,-0.00333786,0,0.00579102,7,17,3,-0.996069,1,0,-0.109807,0,0,0.384212,0,0.00644993,8,17,1.60455,-1.95462,1,0.499812,-0.157869,0,-0.00375509,0.32109,0,0.0102859,9,17,-2.9974,-2.97685,1,-0.001055,-0.126487,0,-0.0118017,0.442863,0,0.00735144,10,17,-0.291261,1.00161,1,0.486808,-0.00359118,0,-0.134185,0.000476837,0,0.01384,11,17,-1.99975,1.30726,1,-0.000587106,-0.165209,0,0.000238419,-0.904799,0,0.0108222,12,17,2.99986,2.01004,1,-0.00241399,-0.136232,0,-0.0276566,0.427961,0,0.00841271,13,17,-0.482861,1.99963,1,-0.196724,0.000318885,0,0.126809,0.000119209,0,0.0142211,14,17,-1.00184,2.47393,1,0.000229478,0.219399,0,0.00441074,-0.164747,0,0.0100477,15,17,-0.0111269,-2.00255,1,-0.0436868,-0.00707507,0,0.269211,0.043869,0,0.0114492,16,17,-0.965353,0.224688,1,-0.17823,0.5,0,0.40108,-1.43051e-05,0,0.0125837,17,17,0.544537,-2.99309,1,0.500001,-0.0534415,0,-2.98023e-05,0.270605,0,0.00958036,18,17,-2.76423,1.78949,1,-0.396919,-0.494167,0,0.320911,-0.116646,0,0.0091857,19,17,-0.521643,3,1,0.202987,0,0,-0.111163,0,0,0.00575857,20,17,1.78832,-1.00004,1,-0.500003,4.47035e-05,0,5.96046e-05,0.000119209,0,0.011191,21,17,2.00001,-2.99708,1,5.96046e-06,-0.00353456,0,0,-0.0077486,0,0.00804186,22,17,0.847164,-0.959897,1,-0.5,0.160067,0,-2.98023e-05,0.54273,0,0.0168664,23,17,0.998882,1.96986,1,-0.00482351,-0.500003,0,0.0192225,5.96046e-05,0,0.0161161,24,17,-1.35856,-3,1,0.495908,0,0,-0.0602007,0,0,0.00866974,25,17,1.98775,2.24055,1,0.145701,0.5,0,-0.393033,0,0,0.00966331,26,17,-2.99997,2.63051,1,-7.7486e-05,-0.0352263,0,0.000119209,-1.00017,0,0.0105134,27,17,-2.01338,-0.00133435,1,0.149375,-0.00400444,0,-0.447631,0.024022,0,0.00906748,28,17,1.98279,0.139312,1,0.136903,0.432177,0,-0.411451,0.52736,0,0.0151549,29,17,1.10589,0.0998622,1,0.32461,-0.303575,0,0.52166,0.462387,0,0.0139845,30,17,-1.96142,-1.86459,1,-0.216371,0.424924,0,0.444651,0.54127,0,0.00976833,31,17,2.22759,0.995946,1,0.5,-5.51343e-05,0,0,0.018388,0,0.0090127,32,17,-3,-0.149609,1,0,0.381328,0,0,-0.418898,0,0.00813549,33,17,-0.00201028,2.51862,1,-0.00263401,-0.203288,0,0.0253317,0.13411,0,0.0155292,34,17,-0.998155,-1.53906,1,3.57628e-05,-0.500003,0,-0.0101328,5.96046e-05,0,0.0121583,35,17,0.919311,0.900041,1,0.274946,-0.336726,0,-0.470459,-0.329584,0,0.0127498
0,17.1,0.987885,-2.31284,1,0.00710953,0.488184,0,0.0442117,-0.116915,0,0.00976874,1,17.1,2.99913,-3,1,-0.000501797,1.41561e-05,0,0.00523031,2.98023e-05,0,0.00775105,2,17.1,-0.171532,-0.0600498,1,-0.479035,0.226275,0,-0.275964,-0.436457,0,0.0201834,3,17.1,-1.99998,2.77035,1,7.82311e-06,-0.49928,0,-0.00013411,-0.0276864,0,0.00808561,4,17.1,-1.73678,-0.990216,1,0.499904,0.077792,0,0.00382215,-0.300486,0,0.0128015,5,17.1,-0.314561,-3,1,0.48885,3.72529e-06,0,-0.113174,5.96046e-05,0,0.00791551,6,17.1,2.96236,-1.9999,1,0.172013,0.000582822,0,-0.492468,-0.00288337,0,0.00579102,7,17.1,3,-1.00522,1,0,-0.0741223,0,0,0.328772,0,0.00644993,8,17.1,1.65446,-1.96885,1,0.497529,-0.127163,0,-0.0479817,0.292502,0,0.0102859,9,17.1,-2.99756,-2.98739,1,-0.00207834,-0.0854835,0,-0.00862777,0.375062,0,0.00735144,10,17.1,-0.243445,1.00125,1,0.467627,-0.00344645,0,-0.246773,0.00231713,0,0.01384,11,17.1,-1.99981,1.28655,1,-0.000550225,-0.245636,0,0.000491738,-0.700817,0,0.0108222,12,17.1,2.99951,1.99847,1,-0.00428706,-0.0960287,0,-0.0107586,0.374869,0,0.00841271,13,17.1,-0.502049,1.99966,1,-0.188266,0.000333041,0,0.0524744,5.96046e-05,0,0.0142211,14,17.1,-1.00179,2.49521,1,0.00067167,0.207347,0,0.00420213,-0.0865459,0,0.0100477,15,17.1,-0.0142491,-2.00306,1,-0.0197407,-0.00311062,0,0.210249,0.0354052,0,0.0114492,16,17.1,-0.981231,0.274688,1,-0.139957,0.5,0,0.363849,0,0,0.0125837,17,17.1,0.594519,-2.99719,1,0.499346,-0.029758,0,-0.0184961,0.203505,0,0.00958036,18,17.1,-2.80226,1.73971,1,-0.363262,-0.499635,0,0.350162,-0.0145808,0,0.0091857,19,17.1,-0.501765,3,1,0.195657,0,0,-0.0454094,0,0,0.00575857,20,17.1,1.73832,-1.00004,1,-0.5,5.34579e-05,0,7.45058e-06,6.70552e-05,0,0.011191,21,17.1,2.00001,-2.99747,1,4.47035e-06,-0.00410043,0,-2.98023e-05,-0.00365078,0,0.00804186,22,17.1,0.797164,-0.940862,1,-0.5,0.223143,0,0,0.694227,0,0.0168664,23,17.1,0.998491,1.91986,1,-0.0030417,-0.5,0,0.0164211,7.45058e-06,0,0.0161161,24,17.1,-1.30937,-3,1,0.48683,0,0,-0.124507,0,0,0.00866974,25,17.1,2.00043,2.29055,1,0.108602,0.5,0,-0.348695,0,0,0.00966331,26,17.1,-2.99998,2.62199,1,-6.55651e-05,-0.135235,0,0.000119209,-1.00002,0,0.0105134,27,17.1,-2.0006,-0.00162227,1,0.107105,-0.00183033,0,-0.396237,0.0194434,0,0.00906748,28,17.1,1.99454,0.184807,1,0.0992352,0.474029,0,-0.343047,0.307556,0,0.0151549,29,17.1,1.14105,0.0718165,1,0.378849,-0.257397,0,0.541061,0.458829,0,0.0139845,30,17.1,-1.98088,-1.81971,1,-0.173344,0.469327,0,0.414908,0.340573,0,0.00976833,31,17.1,2.27759,0.996025,1,0.5,0.00156369,0,0,0.0140667,0,0.0090127,32,17.1,-3,-0.113645,1,0,0.337288,0,0,-0.458758,0,0.00813549,33,17.1,-0.00215681,2.49882,1,-0.000391788,-0.193958,0,0.0196234,0.0623316,0,0.0155292,34,17.1,-0.998197,-1.58905,1,-0.000847876,-0.49956,0,-0.00758469,0.0133514,0,0.0121583,35,17.1,0.944461,0.86476,1,0.228203,-0.368252,0,-0.461828,-0.290915,0,0.0127498
0,17.2,0.988796,-2.26473,1,0.0109226,0.472635,0,0.0320077,-0.19598,0,0.0091471,1,17.2,2.99911,-3,1,-5.96046e-06,1.78814e-05,0,0.00476837,0,0,0.00687278,2,17.2,-0.220452,-0.0395556,1,-0.496061,0.184122,0,-0.0787747,-0.405729,0,0.0137436,3,17.2,-1.99998,2.72036,1,-2.98023e-06,-0.5,0,-0.000178814,0,0,0.00979349,4,17.2,-1.68678,-0.983863,1,0.500003,0.0500441,0,-5.96046e-05,-0.254661,0,0.0143479,5,17.2,-0.266369,-3,1,0.473676,1.19209e-05,0,-0.192314,-0.000119209,0,0.00956711,6,17.2,2.97717,-1.99985,1,0.125217,0.000318885,0,-0.440359,-0.00232458,0,0.00544956,7,17.2,3,-1.01108,1,0,-0.0441492,0,0,0.270426,0,0.00815741,8,17.2,1.70386,-1.98016,1,0.489202,-0.0994593,0,-0.122666,0.261307,0,0.0104703,9,17.2,-2.9978,-2.99419,1,-0.00278354,-0.0517905,0,-0.00548363,0.297785,0,0.0117557,10,17.2,-0.198083,1.00092,1,0.438017,-0.00314415,0,-0.342466,0.00357628,0,0.0150538,11,17.2,-1.99986,1.25884,1,-0.000494719,-0.304973,0,0.000715256,-0.484765,0,0.00958468,12,17.2,2.99905,1.99064,1,-0.00473857,-0.0614524,0,0.000834465,0.316024,0,0.00899136,13,17.2,-0.520668,1.99969,1,-0.184475,0.000315905,0,0.030756,-0.000536442,0,0.0146606,14,17.2,-1.00171,2.51557,1,0.00103414,0.200313,0,0.00286102,-0.0617504,0,0.00856281,15,17.2,-0.0152656,-2.0032,1,-0.00150674,0,0,0.155194,0.0270605,0,0.00986751,16,17.2,-0.993473,0.324688,1,-0.105552,0.5,0,0.323921,-1.43051e-05,0,0.0119241,17,17.2,0.644294,-2.99926,1,0.495355,-0.0125945,0,-0.0654161,0.140905,0,0.00786964,18,17.2,-2.8368,1.68972,1,-0.327277,-0.500003,0,0.367403,5.96046e-05,0,0.00821615,19,17.2,-0.482385,3,1,0.192182,0,0,-0.0313073,0,0,0.00575442,20,17.2,1.68832,-1.00003,1,-0.500003,5.66244e-05,0,5.96046e-05,0,0,0.014049,21,17.2,2.00001,-2.99789,1,0,-0.00429153,0,0,-0.000119209,0,0.00841693,22,17.2,0.747164,-0.914994,1,-0.5,0.294565,0,-2.98023e-05,0.715315,0,0.0185349,23,17.2,0.998264,1.86986,1,-0.0015378,-0.500003,0,0.0137091,5.96046e-05,0,0.0153042,24,17.2,-1.26143,-3,1,0.470516,0,0,-0.20349,0,0,0.00823068,25,17.2,2.00962,2.34055,1,0.0759959,0.5,0,-0.30303,0,0,0.00779636,26,17.2,-2.99998,2.60346,1,-5.36442e-05,-0.23523,0,0.000119209,-1.00017,0,0.00946929,27,17.2,-1.99177,-0.00171576,1,0.0703692,-0.000115778,0,-0.337601,0.0148644,0,0.00901658,28,17.2,2.00286,0.233396,1,0.0680745,0.494458,0,-0.281215,0.110842,0,0.0108542,29,17.2,1.18153,0.0483483,1,0.429237,-0.212243,0,0.452816,0.442257,0,0.0161435,30,17.2,-1.9962,-1.77143,1,-0.133574,0.493026,0,0.37992,0.139534,0,0.0134363,31,17.2,2.32759,0.996245,1,0.5,0.00277311,0,0,0.0101626,0,0.00762422,32,17.2,-3,-0.0822533,1,0,0.290198,0,0,-0.479966,0,0.00742187,33,17.2,-0.00210653,2.47968,1,0.00131371,-0.189108,0,0.0146059,0.0417233,0,0.0143324,34,17.2,-0.998316,-1.63888,1,-0.00149161,-0.496364,0,-0.00527501,0.0555515,0,0.0114399,35,17.2,0.965005,0.826613,1,0.183049,-0.393189,0,-0.439137,-0.200659,0,0.0133819
0,17.3,0.989577,-2.21863,1,0.000512414,0.447723,0,-0.218734,-0.298962,0,0.0091471,1,17.3,2.99913,-2.99947,1,0.000423566,0.0149943,0,0.0037998,0.271976,0,0.00687278,2,17.3,-0.270299,-0.0231096,1,-0.499754,0.145434,0,-0.00984594,-0.367557,0,0.0137436,3,17.3,-1.99998,2.67036,1,-1.75089e-05,-0.5,0,-0.000119209,0,0,0.00979349,4,17.3,-1.63678,-0.980047,1,0.5,0.0270878,0,-7.45058e-06,-0.205267,0,0.0143479,5,17.3,-0.219796,-3,1,0.459189,2.23517e-06,0,-0.107911,-5.96046e-05,0,0.00956711,6,17.3,2.98715,-1.99983,1,0.0715073,0.000111945,0,-0.609353,-0.00182539,0,0.00544956,7,17.3,3,-1.01425,1,0,-0.0200853,0,0,0.211388,0,0.00815741,8,17.3,1.7515,-1.98885,1,0.457728,-0.0750039,0,-0.481844,0.22763,0,0.0104703,9,17.3,-2.9981,-2.99801,1,-0.00317544,-0.0260144,0,-0.00241399,0.218123,0,0.0117557,10,17.3,-0.156121,1.00063,1,0.40003,-0.00274461,0,-0.414445,0.00434369,0,0.0150538,11,17.3,-1.99991,1.22633,1,-0.000420026,-0.341274,0,0.00076741,-0.246607,0,0.00958468,12,17.3,2.9986,1.98597,1,-0.00426881,-0.0329718,0,0.00797212,0.253826,0,0.00899136,13,17.3,-0.539127,1.99972,1,-0.186081,0.000270642,0,-0.0524223,-0.000499189,0,0.0146606,14,17.3,-1.00159,2.53546,1,0.00129361,0.198957,0,0.00216812,0.0241846,0,0.00856281,15,17.3,-0.0152488,-2.00308,1,-0.00350794,0.00229031,0,-0.166466,0.0188947,0,0.00986751,16,17.3,-1.00249,0.374688,1,-0.0755473,0.5,0,0.276562,0,0,0.0119241,17,17.3,0.69367,-2.9999,1,0.493539,-0.00125095,0,0.017032,0.0880361,0,0.00786964,18,17.3,-2.86768,1.63972,1,-0.290139,-0.5,0,0.373676,7.45058e-06,0,0.00821615,19,17.3,-0.463168,3,1,0.193457,0,0,0.0464674,0,0,0.00575442,20,17.3,1.63832,-1.00003,1,-0.5,5.55068e-05,0,7.45058e-06,-2.98023e-05,0,0.014049,21,17.3,2.00053,-2.99831,1,0.0149768,-0.00415742,0,0.271991,0.00265241,0,0.00841693,22,17.3,0.697164,-0.881929,1,-0.5,0.366305,0,0,0.691678,0,0.0185349,23,17.3,0.998174,1.81986,1,-0.00031814,-0.5,0,0.0107363,7.45058e-06,0,0.0153042,24,17.3,-1.21523,-3,1,0.455047,0,0,-0.116363,0,0,0.00823068,25,17.3,2.01579,2.39055,1,0.0483107,0.5,0,-0.251308,0,0,0.00779636,26,17.3,-2.99999,2.57522,1,-4.20958e-05,-0.326625,0,0.000104308,-0.82168,0,0.00946929,27,17.3,-1.98632,-0.00166057,1,0.0397759,0.00114597,0,-0.274338,0.010449,0,0.00901658,28,17.3,2.00835,0.283181,1,0.0428144,0.499654,0,-0.225112,0.0138517,0,0.0108542,29,17.3,1.22649,0.0292697,1,0.467637,-0.169994,0,0.30829,0.40235,0,0.0161435,30,17.3,-2.00773,-1.7217,1,-0.0976838,0.499564,0,0.337541,0.0174195,0,0.0134363,31,17.3,2.37759,0.996567,1,0.5,0.0035991,0,0,0.00646338,0,0.00762422,32,17.3,-3,-0.055645,1,0,0.241942,0,0,-0.48166,0,0.00742187,33,17.3,-0.00191189,2.46081,1,0.00248863,-0.189611,0,0.00917784,-0.0414401,0,0.0143324,34,17.3,-0.998488,-1.68838,1,-0.00190893,-0.494879,0,-0.00313297,-0.0148937,0,0.0114399,35,17.3,0.981024,0.78617,1,0.136671,-0.416596,0,-0.47911,-0.257324,0,0.0133819
0,17.4,0.988268,-2.1755,1,-0.0289127,0.413513,0,-0.352055,-0.381827,0,0.0138538,1,17.4,2.99919,-2.99635,1,0.000756979,0.0495017,0,0.0026226,0.396609,0,0.00561091,2,17.4,-0.320294,-0.0103373,1,-0.5,0.110689,0,1.43051e-05,-0.327019,0,0.012969,3,17.4,-1.99998,2.62036,1,-2.68221e-05,-0.5,0,-0.000119209,0,0,0.0103601,4,17.4,-1.58678,-0.978289,1,0.500003,0.00883192,0,-5.96046e-05,-0.160605,0,0.0118582,5,17.4,-0.174349,-3,1,0.450195,0,0,-0.0804663,-0.000119209,0,0.00899299,6,17.4,2.99114,-1.99983,1,0.00767708,-4.76837e-05,0,-0.648499,-0.0013113,0,0.00817242,7,17.4,3,-1.01529,1,0,-0.00174344,0,0,0.156224,0,0.00711296,8,17.4,1.79444,-1.99527,1,0.397441,-0.0539511,0,-0.702918,0.193417,0,0.0119279,9,17.4,-2.99843,-2.99965,1,-0.00328422,-0.00798106,0,0.000119209,0.144005,0,0.00857062,10,17.4,-0.118288,1.00038,1,0.355725,-0.00228882,0,-0.468485,0.00464916,0,0.0130448,11,17.4,-1.99995,1.19132,1,-0.000339746,-0.355384,0,0.000715256,-0.0410676,0,0.0096962,12,17.4,2.99822,1.98384,1,-0.00324845,-0.0106096,0,0.0116825,0.193954,0,0.00801547,13,17.4,-0.558063,1.99974,1,-0.193088,0.000196695,0,-0.079453,-0.00107288,0,0.0156499,14,17.4,-1.00145,2.55555,1,0.00144243,0.203282,0,0.00077486,0.0543594,0,0.00796067,15,17.4,-0.0167679,-2.00277,1,-0.0296519,0.00380874,0,-0.333681,0.0119209,0,0.0145197,16,17.4,-1.00874,0.424688,1,-0.0501662,0.5,0,0.231624,-1.43051e-05,0,0.0122216,17,17.4,0.743164,-2.99966,1,0.496653,0.00540614,0,0.0362098,0.0469685,0,0.0089119,18,17.4,-2.89483,1.58972,1,-0.252849,-0.500003,0,0.370502,5.96046e-05,0,0.00890964,19,17.4,-0.443532,3,1,0.199626,0,0,0.068754,0,0,0.00695633,20,17.4,1.58832,-1.00002,1,-0.500003,5.06639e-05,0,5.96046e-05,0,0,0.0145176,21,17.4,2.00365,-2.99871,1,0.0494897,-0.00379086,0,0.396729,0.00464916,0,0.00815627,22,17.4,0.647164,-0.842057,1,-0.5,0.42854,0,-2.98023e-05,0.537187,0,0.0145828,23,17.4,0.998191,1.76986,1,0.000619888,-0.500003,0,0.00810623,5.96046e-05,0,0.0174177,24,17.4,-1.17023,-3,1,0.445345,0,0,-0.0861883,0,0,0.0076068,25,17.4,2.01945,2.44055,1,0.0256062,0.5,0,-0.203371,0,0,0.00772039,26,17.4,-2.99999,2.53878,1,-2.98023e-05,-0.398731,0,0,-0.618219,0,0.00929842,27,17.4,-1.98361,-0.00150047,1,0.0154525,0.00199073,0,-0.212491,0.00653474,0,0.00933047,28,17.4,2.01159,0.333174,1,0.0228345,0.5,0,-0.175357,-1.43051e-05,0,0.0115669,29,17.4,1.27453,0.014213,1,0.490424,-0.131837,0,0.149786,0.360538,0,0.0134395,30,17.4,-2.01588,-1.67171,1,-0.0661254,0.500003,0,0.293493,-5.96046e-05,0,0.0119945,31,17.4,2.42759,0.996954,1,0.5,0.00408441,0,0,0.00336766,0,0.00780906,32,17.4,-3,-0.0338372,1,0,0.194507,0,0,-0.46414,0,0.00879688,33,17.4,-0.00162416,2.44158,1,0.00320217,-0.195551,0,0.00533648,-0.0690222,0,0.0137686,34,17.4,-0.998691,-1.73799,1,-0.00212938,-0.497469,0,-0.00140071,-0.0291467,0,0.0128792,35,17.4,0.992294,0.743201,1,0.0889078,-0.442807,0,-0.468701,-0.258505,0,0.0161238
0,17.5,0.983113,-2.13618,1,-0.0784205,0.371706,0,-0.607654,-0.44933,0,0.0138538,1,17.5,2.99928,-2.98918,1,0.000961497,0.0959206,0,0.00150502,0.512466,0,0.00561091,2,17.5,-0.370294,-0.00082363,1,-0.5,0.0803723,0,0,-0.279698,0,0.012969,3,17.5,-1.99998,2.57036,1,-3.53903e-05,-0.5,0,-5.96046e-05,0,0,0.0103601,4,17.5,-1.53678,-0.97814,1,0.5,-0.00518691,0,-7.45058e-06,-0.120543,0,0.0118582,5,17.5,-0.129438,-3,1,0.450525,-5.58794e-06,0,0.0700079,-1.49012e-05,0,0.00899299,6,17.5,2.98835,-1.99984,1,-0.0661142,-0.000155531,0,-0.800908,-0.000871718,0,0.00817242,7,17.5,3,-1.01477,1,0,0.0113122,0,0,0.106096,0,0.00711296,8,17.5,1.8301,-1.99975,1,0.311366,-0.0363206,0,-0.962868,0.159405,0,0.0119279,9,17.5,-2.99875,-2.99984,1,-0.00316091,0.00321679,0,0.00222027,0.082776,0,0.00857062,10,17.5,-0.085124,1.00017,1,0.307002,-0.00182036,0,-0.50154,0.00467151,0,0.0130448,11,17.5,-1.99998,1.15587,1,-0.000268407,-0.350918,0,0.000707805,0.125177,0,0.0096962,12,17.5,2.99795,1.98366,1,-0.00200197,0.00592843,0,0.0129044,0.13794,0,0.00801547,13,17.5,-0.578161,1.99976,1,-0.212219,0.000110641,0,-0.280131,-0.000834465,0,0.0156499,14,17.5,-1.0013,2.57654,1,0.00150483,0.220048,0,0.000290573,0.257969,0,0.00796067,15,17.5,-0.0217126,-2.00234,1,-0.0718161,0.00467151,0,-0.488509,0.00569224,0,0.0145197,16,17.5,-1.01267,0.474688,1,-0.0291768,0.5,0,0.188664,1.78814e-06,0,0.0122216,17,17.5,0.792978,-2.99893,1,0.499288,0.00871867,0,0.0160486,0.0204444,0,0.0089119,18,17.5,-2.91828,1.53972,1,-0.216305,-0.5,0,0.359118,7.45058e-06,0,0.00890964,19,17.5,-0.422835,3,1,0.217613,0,0,0.267677,0,0,0.00695633,20,17.5,1.53832,-1.00002,1,-0.5,4.88013e-05,0,7.45058e-06,-4.47035e-05,0,0.0145176,21,17.5,2.01083,-2.99906,1,0.0959743,-0.00325777,0,0.513569,0.00588596,0,0.00815627,22,17.5,0.597164,-0.79689,1,-0.5,0.47112,0,0,0.316728,0,0.0145828,23,17.5,0.998289,1.71986,1,0.00130134,-0.5,0,0.00559166,7.45058e-06,0,0.0174177,24,17.5,-1.12583,-3,1,0.445167,0,0,0.0656247,0,0,0.0076068,25,17.5,2.02107,2.49055,1,0.00751615,0.5,0,-0.159115,0,0,0.00772039,26,17.5,-3,2.49617,1,-2.64496e-05,-0.450077,0,7.45058e-05,-0.410721,0,0.00929842,27,17.5,-1.98302,-0.00127459,1,-0.00281371,0.00247116,0,-0.153914,0.00318891,0,0.00933047,28,17.5,2.01308,0.383174,1,0.00760369,0.5,0,-0.13043,0,0,0.0115669,29,17.5,1.32409,0.0027565,1,0.49888,-0.0980478,0,0.0343695,0.315288,0,0.0134395,30,17.5,-2.02111,-1.62171,1,-0.0393689,0.5,0,0.242263,-7.45058e-06,0,0.0119945,31,17.5,2.47759,0.997374,1,0.5,0.00429135,0,0,0.000856817,0,0.00780906,32,17.5,-3,-0.0166549,1,0,0.14972,0,0,-0.429327,0,0.00879688,33,17.5,-0.00128453,2.42128,1,0.00352666,-0.213723,0,0.00150501,-0.27138,0,0.0137686,34,17.5,-0.998909,-1.78785,1,-0.00220314,-0.499537,0,-0.000230968,-0.01169,0,0.0128792,35,17.5,0.999067,0.697626,1,0.0486999,-0.468319,0,-0.339467,-0.23644,0,0.0161238
0,17.6,0.97202,-2.10134,1,-0.144953,0.324583,0,-0.698537,-0.48852,0,0.0111231,1,17.6,2.99938,-2.97696,1,0.00106096,0.148529,0,0.000596046,0.52464,0,0.00591308,2,17.6,-0.420294,0.00589102,1,-0.5,0.0546694,0,1.43051e-05,-0.234784,0,0.0130897,3,17.6,-1.99999,2.52036,1,-3.8743e-05,-0.5,0,-5.96046e-05,0,0,0.0105859,4,17.6,-1.48678,-0.9792,1,0.500003,-0.0154302,0,-5.96046e-05,-0.0851154,0,0.0134594,5,17.6,-0.083905,-3,1,0.461093,-5.96046e-06,0,0.12737,0,0,0.00699493,6,17.6,2.97766,-1.99986,1,-0.147766,-0.000220537,0,-0.811577,-0.000536442,0,0.00859568,7,17.6,3,-1.01318,1,0,0.0197202,0,0,0.0633001,0,0.00646912,8,17.6,1.85631,-2.00264,1,0.212294,-0.022018,0,-0.999987,0.126958,0,0.0126199,9,17.6,-2.99905,-2.99918,1,-0.00286102,0.00909567,0,0.00357628,0.0371933,0,0.00810276,10,17.6,-0.0569547,1.00001,1,0.25625,-0.00136346,0,-0.509605,0.00444055,0,0.0100863,11,17.6,-2,1.12164,1,-0.000199676,-0.331414,0,0.00077486,0.259459,0,0.00869838,12,17.6,2.99782,1.98485,1,-0.000721216,0.0172138,0,0.012517,0.0888705,0,0.00795026,13,17.6,-0.600957,1.99977,1,-0.244966,-5.96046e-06,0,-0.356346,-0.00160933,0,0.0116276,14,17.6,-1.00115,2.60002,1,0.00146925,0.250727,0,-0.00119209,0.337124,0,0.00732478,15,17.6,-0.0314476,-2.00185,1,-0.123561,0.00501275,0,-0.52955,0.00143051,0,0.011237,16,17.6,-1.01471,0.524688,1,-0.0123292,0.5,0,0.148773,2.98023e-05,0,0.00925337,17,17.6,0.842956,-2.99799,1,0.500001,0.00972152,0,-2.98023e-05,0.000596046,0,0.00610919,18,17.6,-2.93814,1.48972,1,-0.181264,-0.500003,0,0.3407,5.96046e-05,0,0.0076458,19,17.6,-0.399567,3,1,0.248969,0,0,0.340804,0,0,0.00497463,20,17.6,1.48832,-1.00001,1,-0.500003,4.47035e-05,0,5.96046e-05,-5.96046e-05,0,0.0102712,21,17.6,2.02305,-2.99936,1,0.148731,-0.00264645,0,0.525951,0.0064373,0,0.00695719,22,17.6,0.547164,-0.748528,1,-0.5,0.493005,0,-2.98023e-05,0.129849,0,0.0154146,23,17.6,0.998444,1.66986,1,0.00175238,-0.500003,0,0.00342727,5.96046e-05,0,0.0143687,24,17.6,-1.08086,-3,1,0.455377,0,0,0.124633,0,0,0.006909,25,17.6,2.0211,2.54055,1,-0.00635982,0.5,0,-0.118852,0,0,0.00914149,26,17.6,-3,2.44943,1,-1.78814e-05,-0.481606,0,0.000119209,-0.225186,0,0.00807357,27,17.6,-1.98399,-0.00101625,1,-0.0155538,0.00265097,0,-0.102103,0.0005168,0,0.00792877,28,17.6,2.01325,0.433174,1,-0.00348687,0.5,0,-0.0921488,-1.43051e-05,0,0.0120766,29,17.6,1.37406,-0.00554667,1,0.500003,-0.068761,0,-5.96046e-05,0.270583,0,0.0127215,30,17.6,-2.02392,-1.57171,1,-0.0175476,0.500003,0,0.194788,-5.96046e-05,0,0.0111124,31,17.6,2.52759,0.997804,1,0.5,0.00427216,0,0,-0.00116229,0,0.00643989,32,17.6,-3,-0.00375621,1,0,0.109029,0,0,-0.38288,0,0.00802618,33,17.6,-0.000928255,2.39838,1,0.00356694,-0.245678,0,-0.00041333,-0.349283,0,0.011521,34,17.6,-0.99913,-1.83784,1,-0.00220537,-0.500003,0,5.96046e-05,5.96046e-05,0,0.011165,35,17.6,1.00243,0.64974,1,0.0202447,-0.487946,0,-0.233293,-0.149816,0,0.0106614
0,17.7,0.953941,-2.07135,1,-0.217143,0.275036,0,-0.729743,-0.498772,0,0.0111231,1,17.7,2.99949,-2.95942,1,0.00107735,0.202723,0,-0.000238419,0.543833,0,0.00591308,2,17.7,-0.470294,0.0102566,1,-0.5,0.0333562,0,-1.78814e-06,-0.191979,0,0.0130897,3,17.7,-1.99999,2.47036,1,-4.1537e-05,-0.5,0,-7.45058e-06,0,0,0.0105859,4,17.7,-1.43678,-0.981112,1,0.49995,-0.0222668,0,-0.00198931,-0.052616,0,0.0134594,5,17.7,-0.0371289,-3,1,0.474552,-1.86265e-06,0,0.135042,4.47035e-05,0,0.00699493,6,17.7,2.95875,-1.99988,1,-0.230687,-0.000256859,0,-0.830442,-0.000201166,0,0.00859568,7,17.7,3,-1.01096,1,0,0.0242246,0,0,0.0281706,0,0.00646912,8,17.7,1.87254,-2.00427,1,0.112294,-0.0109136,0,-1,0.0958443,0,0.0126199,9,17.7,-2.99932,-2.99814,1,-0.0024505,0.0111587,0,0.00452995,0.00602007,0,0.00810276,10,17.7,-0.0338605,0.999898,1,0.205894,-0.00094166,0,-0.494022,0.00397488,0,0.0100863,11,17.7,-2.00002,1.08998,1,-0.000127964,-0.300159,0,0.000648201,0.359006,0,0.00869838,12,17.7,2.99781,1.98695,1,0.000445545,0.0239598,0,0.010699,0.0474975,0,0.00795026,13,17.7,-0.627444,1.99976,1,-0.286352,-0.000107847,0,-0.451274,-0.000499189,0,0.0116276,14,17.7,-1.00101,2.62699,1,0.00137351,0.290238,0,-0.000759959,0.432506,0,0.00732478,15,17.7,-0.0465174,-2.00135,1,-0.178117,0.00494942,0,-0.546872,-0.00229478,0,0.011237,16,17.7,-1.01527,0.574686,1,0.000560097,0.499901,0,0.109918,-0.00398606,0,0.00925337,17,17.7,0.892956,-2.99704,1,0.5,0.00916645,0,3.72529e-06,-0.0109971,0,0.00610919,18,17.7,-2.9546,1.43972,1,-0.148306,-0.499963,0,0.31738,0.00147521,0,0.0076458,19,17.7,-0.372751,3,1,0.288977,0,0,0.439163,0,0,0.00497463,20,17.7,1.43832,-1.00001,1,-0.499957,3.85568e-05,0,0.00171363,-6.70552e-05,0,0.0102712,21,17.7,2.04058,-2.99959,1,0.201783,-0.00201091,0,0.521719,0.00619888,0,0.00695719,22,17.7,0.497177,-0.698815,1,-0.499538,0.499437,0,0.0120252,0.0200048,0,0.0154146,23,17.7,0.998633,1.61986,1,0.00200327,-0.5,0,0.00165403,7.45058e-06,0,0.0143687,24,17.7,-1.0346,-3,1,0.470236,0,0,0.159286,0,0,0.006909,25,17.7,2.01993,2.59054,1,-0.0162955,0.499419,0,-0.0808984,-0.0171959,0,0.00914149,26,17.7,-3,2.40041,1,-7.82311e-06,-0.496458,0,7.45058e-05,-0.0795126,0,0.00807357,27,17.7,-1.98597,-0.000752185,1,-0.0234719,0.00259704,0,-0.0577271,-0.00148549,0,0.00792877,28,17.7,2.0125,0.483174,1,-0.0110798,0.5,0,-0.0607073,-1.78814e-06,0,0.0120766,29,17.7,1.42406,-0.0111519,1,0.5,-0.0441468,0,-7.45058e-06,0.222407,0,0.0127215,30,17.7,-2.02477,-1.52171,1,-0.000297651,0.5,0,0.150904,-7.45058e-06,0,0.0111124,31,17.7,2.57759,0.998223,1,0.499853,0.0040723,0,-0.00561774,-0.00275671,0,0.00643989,32,17.7,-3,0.00532303,1,0,0.0734815,0,0,-0.327376,0,0.00802618,33,17.7,-0.000578761,2.37185,1,0.00337622,-0.286441,0,-0.00321924,-0.445843,0,0.011521,34,17.7,-0.999348,-1.88784,1,-0.0021535,-0.5,0,0.000733882,7.45058e-06,0,0.011165,35,17.7,1.00343,0.600371,1,0.0011567,-0.497811,0,-0.151411,-0.052955,0,0.0106614
0,17.8,0.928634,-2.04633,1,-0.288104,0.225508,0,-0.677049,-0.488758,0,0.0110924,1,17.8,2.99959,-2.9365,1,0.0010252,0.254583,0,-0.000953674,0.481606,0,0.00623196,2,17.8,-0.520294,0.0126998,1,-0.5,0.0161699,0,-2.98023e-05,-0.152284,0,0.0106886,3,17.8,-1.99999,2.42036,1,-3.8743e-05,-0.5,0,0,0,0,0.0100069,4,17.8,-1.38681,-0.983555,1,0.499207,-0.0261441,0,-0.0158548,-0.0258982,0,0.011235,5,17.8,0.0109694,-3,1,0.486977,0,0,0.108991,0.000119209,0,0.00747727,6,17.8,2.93161,-1.99991,1,-0.31091,-0.000265241,0,-0.760913,0,0,0.00970212,7,17.8,3,-1.00844,1,0,0.0256181,0,0,0.000953674,0,0.00643045,8,17.8,1.87877,-2.00492,1,0.0122935,-0.00271201,0,-0.999987,0.0690222,0,0.010316,9,17.8,-2.99954,-2.99704,1,-0.00197291,0.0106514,0,0.00488758,-0.0144243,0,0.00726437,10,17.8,-0.015691,0.999822,1,0.158068,-0.000573695,0,-0.459781,0.00342727,0,0.0100564,11,17.8,-2.00003,1.06188,1,-7.15256e-05,-0.260869,0,0.000596046,0.420868,0,0.0090406,12,17.8,2.9979,1.98952,1,0.00140071,0.0269949,0,0.00834465,0.0144839,0,0.0100255,13,17.8,-0.658355,1.99975,1,-0.331649,-0.000116229,0,-0.439018,0.000238419,0,0.00908012,14,17.8,-1.00088,2.65819,1,0.00130832,0.333577,0,-0.000536442,0.418067,0,0.00725398,15,17.8,-0.0669911,-2.00087,1,-0.230346,0.00461936,0,-0.486515,-0.00405312,0,0.0132594,16,17.8,-1.01472,0.624625,1,0.00983179,0.498405,0,0.0764132,-0.0318885,0,0.00905428,17,17.8,0.942956,-2.99619,1,0.5,0.00764728,0,2.98023e-05,-0.0187159,0,0.00804691,18,17.8,-2.96789,1.38974,1,-0.117975,-0.499412,0,0.288248,0.0117421,0,0.00707597,19,17.8,-0.341633,3,1,0.333213,0,0,0.429869,0,0,0.00685317,20,17.8,1.38835,-1,1,-0.499314,2.98023e-05,0,0.0137091,0,0,0.0174598,21,17.8,2.06327,-2.99976,1,0.250739,-0.00141859,0,0.447273,0.00548363,0,0.00926291,22,17.8,0.447323,-0.648828,1,-0.497092,0.5,0,0.0391304,2.98023e-05,0,0.0132911,23,17.8,0.998839,1.56986,1,0.0020951,-0.500003,0,0.000238419,5.96046e-05,0,0.0124214,24,17.8,-0.986811,-3,1,0.485124,0,0,0.130564,0,0,0.00766756,25,17.8,2.01795,2.64032,1,-0.0227392,0.495523,0,-0.0488758,-0.0653267,0,0.0089377,26,17.8,-3,2.35054,1,0,-0.499135,0,0,0.0171661,0,0.00735015,27,17.8,-1.98855,-0.000502457,1,-0.0273824,0.00237449,0,-0.0219941,-0.00286904,0,0.00865939,28,17.8,2.01113,0.533174,1,-0.0158072,0.500001,0,-0.0349283,-2.98023e-05,0,0.010412,29,17.8,1.47406,-0.0145296,1,0.500003,-0.0241388,0,-5.96046e-05,0.178456,0,0.0138411,30,17.8,-2.02412,-1.47171,1,0.0127673,0.500003,0,0.111103,-5.96046e-05,0,0.0141728,31,17.8,2.6275,0.998614,1,0.497842,0.00373721,0,-0.0422001,-0.0039041,0,0.00773924,32,17.8,-3,0.0111308,1,0,0.0436461,0,0,-0.269103,0,0.00896765,33,17.8,-0.000260616,2.34096,1,0.00295683,-0.331265,0,-0.00501279,-0.435233,0,0.0109126,34,17.8,-0.99956,-1.93784,1,-0.00210404,-0.500003,0,8.9407e-05,5.96046e-05,0,0.0143795,35,17.8,1.0029,0.550436,1,-0.0106007,-0.5,0,-0.0863671,-2.98023e-05,0,0.00988063
0,17.9,0.896497,-2.02617,1,-0.35379,0.178284,0,-0.625804,-0.454128,0,0.0110924,1,17.9,2.99969,-2.90859,1,0.000912324,0.303547,0,-0.0012964,0.482485,0,0.00623196,2,17.9,-0.570293,0.013622,1,-0.49992,0.00291671,0,0.00321865,-0.113669,0,0.0106886,3,17.9,-2,2.37046,1,-3.66941e-05,-0.497144,0,5.21541e-05,0.0594258,0,0.0100069,4,17.9,-1.33704,-0.986262,1,0.495397,-0.0276458,0,-0.0657067,-0.00494719,0,0.011235,5,17.9,0.0601335,-3,1,0.495482,9.68575e-06,0,0.0601073,5.96046e-05,0,0.00747727,6,17.9,2.89695,-1.99994,1,-0.379882,-0.000256486,0,-0.613913,0.000171363,0,0.00970212,7,17.9,3,-1.00591,1,0,0.0246761,0,0,-0.018619,0,0.00643045,8,17.9,1.875,-2.00489,1,-0.087706,0.00297315,0,-1,0.0454634,0,0.010316,9,17.9,-2.99971,-2.99607,1,-0.00148714,0.00858977,0,0.00473857,-0.02563,0,0.00726437,10,17.9,-0.00210415,0.999781,1,0.114505,-0.000264496,0,-0.409781,0.00275671,0,0.0100564,11,17.9,-2.00003,1.03795,1,-2.04891e-05,-0.217212,0,0.000432134,0.446938,0,0.0090406,12,17.9,2.99808,1.99225,1,0.00209957,0.0271412,0,0.00563264,-0.0102296,0,0.0100255,13,17.9,-0.693506,1.99974,1,-0.369173,-7.15256e-05,0,-0.307798,0.000610948,0,0.00908012,14,17.9,-1.00172,2.6933,1,-0.0269614,0.365422,0,-0.523955,0.223562,0,0.00725398,15,17.9,-0.0923724,-2.00044,1,-0.276196,0.00409931,0,-0.42176,-0.00599027,0,0.0132594,16,17.9,-1.0134,0.674221,1,0.0160281,0.492572,0,0.0482947,-0.0891611,0,0.00905428,17,17.9,0.992956,-2.99553,1,0.5,0.00562482,0,-7.45058e-06,-0.0213832,0,0.00804691,18,17.9,-2.9783,1.33993,1,-0.0907782,-0.496122,0,0.255123,0.0596792,0,0.00707597,19,17.9,-0.306803,3,1,0.35739,0,0,0.0695884,0,0,0.00685317,20,17.9,1.33842,-1,1,-0.499614,2.85916e-05,0,-0.00856817,-1.86265e-05,0,0.0174598,21,17.9,2.09048,-2.99988,1,0.292137,-0.000915676,0,0.372946,0.00455976,0,0.00926291,22,17.9,0.397885,-0.598828,1,-0.490881,0.5,0,0.0861902,0,0,0.0132911,23,17.9,0.999048,1.51986,1,0.00206362,-0.5,0,-0.000819564,7.45058e-06,0,0.0124214,24,17.9,-0.937746,-3,1,0.495123,0,0,0.0687204,0,0,0.00766756,25,17.9,2.01548,2.68944,1,-0.0262927,0.48571,0,-0.0230521,-0.134125,0,0.0089377,26,17.9,-3,2.30088,1,0,-0.492445,0,0,0.117555,0,0.00735015,27,17.9,-1.99135,-0.000280905,1,-0.0281451,0.0020431,0,0.00535697,-0.00367691,0,0.00865939,28,17.9,2.00941,0.583168,1,-0.0182223,0.499754,0,-0.0142008,-0.00815094,0,0.010412,29,17.9,1.52406,-0.0161195,1,0.5,-0.00832642,0,-7.45058e-06,0.138498,0,0.0138411,30,17.9,-2.02235,-1.42171,1,0.0219315,0.499884,0,0.0732541,-0.00461936,0,0.0141728,31,17.9,2.67698,0.998967,1,0.490572,0.0033102,0,-0.107244,-0.00457838,0,0.00773924,32,17.9,-3,0.0142495,1,0,0.0197105,0,0,-0.210149,0,0.00896765,33,17.9,0.000998804,2.306,1,0.0310545,-0.364662,0,0.525056,-0.237539,0,0.0109126,34,17.9,-0.999768,-1.98784,1,-0.00203652,-0.5,0,0.000927597,-7.45058e-06,0,0.0143795,35,17.9,1.0015,0.500436,1,-0.0166906,-0.5,0,-0.0377074,5.66244e-06,0,0.00988063
0,18,0.858149,-2.01054,1,-0.411342,0.134969,0,-0.516891,-0.411034,0,0.0105301,1,18,2.99977,-2.87593,1,0.00077486,0.348419,0,-0.00154972,0.403523,0,0.00661574,2,18,-0.620243,0.0134031,1,-0.498712,-0.00673751,0,0.0257194,-0.0802646,0,0.0104122,3,18,-2,2.32115,1,-3.57628e-05,-0.487745,0,0.000119209,0.129819,0,0.0077498,4,18,-1.28795,-0.989022,1,0.485188,-0.02729,0,-0.142038,0.0113845,0,0.0108163,5,18,0.109903,-3,1,0.499175,1.19209e-05,0,0.0165063,0.000119209,0,0.00867205,6,18,2.85617,-1.99996,1,-0.433087,-0.000232458,0,-0.448465,0.000298023,0,0.0110239,7,18,3,-1.00356,1,0,0.0221133,0,0,-0.0315309,0,0.00725962,8,18,1.86123,-2.0044,1,-0.187707,0.00653863,0,-0.999987,0.0264645,0,0.0113914,9,18,-2.99984,-2.99534,1,-0.00103712,0.00573397,0,0.00429153,-0.0303984,0,0.0108319,10,18,0.00739183,0.999767,1,0.0763873,-2.23517e-05,0,-0.35151,0.00211596,0,0.0108307,11,18,-2.00003,1.01847,1,1.78814e-05,-0.172451,0,0.000238419,0.443995,0,0.0104108,12,18,2.99831,1.99488,1,0.0025332,0.0251949,0,0.00309944,-0.0274777,0,0.0094346,13,18,-0.73172,1.99973,1,-0.392658,0,0,-0.160009,0.000834465,0,0.0111459,14,18,-1.00762,2.73067,1,-0.0959694,0.379217,0,-0.821829,0.0571012,0,0.00884567,15,18,-0.121934,-2.00006,1,-0.313209,0.00348091,0,-0.312347,-0.00590086,0,0.0124417,16,18,-1.0116,0.722909,1,0.0196457,0.479867,0,0.0247955,-0.167608,0,0.00840073,17,18,1.04296,-2.99507,1,0.5,0.00343323,0,0,-0.0221729,0,0.00729794,18,18,-2.98616,1.29073,1,-0.0670433,-0.486547,0,0.219226,0.135362,0,0.00757327,19,18,-0.271201,3,1,0.350168,0,0,-0.199556,0,0,0.0070881,20,18,1.28843,-0.999997,1,-0.500003,2.5332e-05,0,5.96046e-05,-5.96046e-05,0,0.0148922,21,18,2.12138,-2.99995,1,0.324023,-0.00051856,0,0.259399,0.00357628,0,0.00618574,22,18,0.349314,-0.548828,1,-0.479681,0.5,0,0.138447,2.98023e-05,0,0.0154925,23,18,0.999249,1.46986,1,0.00193864,-0.500003,0,-0.00157952,5.96046e-05,0,0.0110275,24,18,-0.887987,-3,1,0.499183,0,0,0.0163615,0,0,0.00770856,25,18,2.01277,2.73721,1,-0.0275135,0.468206,0,-0.00226498,-0.217557,0,0.0128445,26,18,-3,2.2524,1,0,-0.47555,0,0,0.22006,0,0.00813933,27,18,-1.9941,-9.57499e-05,1,-0.0265747,0.00165404,0,0.0248551,-0.00403696,0,0.00838121,28,18,2.00755,0.633057,1,-0.0188053,0.497407,0,0.00166893,-0.0451803,0,0.00941628,29,18,1.57406,-0.016321,1,0.500003,0.00370233,0,-5.96046e-05,0.102784,0,0.0140053,30,18,-2.01985,-1.37178,1,0.0276208,0.498152,0,0.0414848,-0.0368953,0,0.0108294,31,18,2.72536,0.999275,1,0.475758,0.00283271,0,-0.191569,-0.00491738,0,0.00611737,32,18,-3,0.0152634,1,0,0.001486,0,0,-0.155104,0,0.00768331,33,18,0.00731655,2.26864,1,0.100279,-0.379711,0,0.824445,-0.0681877,0,0.0134152,34,18,-0.999968,-2.03784,1,-0.00197887,-0.5,0,5.96046e-05,0,0,0.0127162,35,18,0.999703,0.450436,1,-0.0185713,-0.5,0,-0.00190735,1.43051e-05,0,0.0100403
0,18.1,0.814688,-1.99901,1,-0.455275,0.0966692,0,-0.360813,-0.354938,0,0.0105301,1,18.1,2.99984,-2.83906,1,0.000620261,0.388841,0,-0.00153482,0.394315,0,0.00661574,2,18.1,-0.669474,0.0123768,1,-0.481179,-0.0133209,0,0.309389,-0.0521803,0,0.0104122,3,18.1,-2.00046,2.27315,1,-0.0130862,-0.471126,0,-0.23976,0.203386,0,0.0077498,4,18.1,-1.24033,-0.991673,1,0.465271,-0.0255153,0,-0.253551,0.0233874,0,0.0108163,5,18.1,0.159871,-3,1,0.499948,2.01166e-05,0,0.00206508,2.98023e-05,0,0.00867205,6,18.1,2.81088,-1.99998,1,-0.469989,-0.000199489,0,-0.288188,0.000350177,0,0.0110239,7,18.1,3,-1.00152,1,0,0.018572,0,0,-0.0384785,0,0.00725962,8,18.1,1.83756,-2.00364,1,-0.28409,0.00845492,0,-0.911117,0.0124276,0,0.0113914,9,18.1,-2.99992,-2.99492,1,-0.000646338,0.00267737,0,0.00350177,-0.030145,0,0.0108319,10,18.1,0.0139014,0.999775,1,0.0593864,0.0001573,0,-0.0159736,0.00149384,0,0.0108307,11,18.1,-2.00003,1.00391,1,3.68804e-05,-0.114891,0,0.000163913,0.6775,0,0.0104108,12,18.1,2.99858,1.99724,1,0.00272021,0.0218794,0,0.000745058,-0.0378489,0,0.0094346,13,18.1,-0.771486,1.99974,1,-0.399766,8.28877e-05,0,0.0136197,0.000812113,0,0.0111459,14,18.1,-1.02167,2.76861,1,-0.187618,0.376962,0,-0.977732,-0.0960678,0,0.00884567,15,18.1,-0.15473,-1.99974,1,-0.34165,0.00283457,0,-0.249361,-0.00670552,0,0.0124417,16,18.1,-1.00954,0.76987,1,0.0211142,0.457552,0,0.00539422,-0.275631,0,0.00840073,17,18.1,1.09296,-2.99484,1,0.5,0.00130758,0,0,-0.0202358,0,0.00729794,18,18.1,-2.99183,1.2426,1,-0.0469793,-0.477203,0,0.181958,0.0622198,0,0.00757327,19,18.1,-0.238509,3,1,0.293048,0,0,-0.841485,0,0,0.0070881,20,18.1,1.23878,-0.999995,1,-0.489756,1.8999e-05,0,0.197604,-6.70552e-05,0,0.0148922,21,18.1,2.15499,-2.99999,1,0.347122,-0.000222772,0,0.196084,0.00235438,0,0.00618574,22,18.1,0.302129,-0.499161,1,-0.463089,0.490185,0,0.193657,-0.18874,0,0.0154925,23,18.1,0.999802,1.41987,1,0.0124036,-0.499855,0,0.195522,0.00546873,0,0.0110275,24,18.1,-0.838019,-3,1,0.499949,0,0,0.00204146,0,0,0.00770856,25,18.1,2.00864,2.78272,1,-0.0669865,0.439825,0,-0.709854,-0.343382,0,0.0128445,26,18.1,-3,2.20745,1,0,-0.412109,0,0,0.902504,0,0.00813933,27,18.1,-1.99612,4.94028e-05,1,-0.00937693,0.00124959,0,0.292182,-0.00400368,0,0.00838121,28,18.1,2.00606,0.682406,1,-0.00747479,0.487934,0,0.209048,-0.142932,0,0.00941628,29,18.1,1.62398,-0.0154943,1,0.497491,0.0122791,0,-0.0529438,0.0696891,0,0.0140053,30,18.1,-2.01692,-1.32205,1,0.0303864,0.497308,0,0.0148416,0.0111163,0,0.0108294,31,18.1,2.77175,0.998379,1,0.449831,-0.0308857,0,-0.320867,-0.614207,0,0.00611737,32,18.1,-3,0.0135221,1,0,-0.0459303,0,0,-0.733278,0,0.00768331,33,18.1,0.0218068,2.23059,1,0.19205,-0.378698,0,0.978056,0.0825971,0,0.0134152,34,18.1,-1.00016,-2.08784,1,-0.00187792,-0.5,0,0.00157952,0,0,0.0127162,35,18.1,0.997876,0.400464,1,-0.0176105,-0.499031,0,0.0197478,0.0243484,0,0.0100403
0,18.2,0.767618,-1.99102,1,-0.483547,0.0639707,0,-0.205994,-0.299156,0,0.0145551,1,18.2,2.9999,-2.79829,1,0.000470877,0.425386,0,-0.00143051,0.328541,0,0.00668413,2,18.2,-0.715684,0.0108249,1,-0.439756,-0.0173256,0,0.505418,-0.0286582,0,0.0128243,3,18.2,-2.00322,2.22718,1,-0.0441015,-0.446987,0,-0.363231,0.279188,0,0.00980321,4,18.2,-1.19523,-0.994092,1,0.435057,-0.0227466,0,-0.347733,0.0312924,0,0.0119991,5,18.2,0.20987,-2.99999,1,0.5,2.38419e-05,0,0,0,0,0.00818921,6,18.2,2.7627,-2,1,-0.491041,-0.000160933,0,-0.137329,0.000357628,0,0.0103904,7,18.2,3,-0.999863,1,0,0.0145659,0,0,-0.0409484,0,0.00743957,8,18.2,1.80485,-2.00275,1,-0.367242,0.00913143,0,-0.741541,0.00178814,0,0.0115444,9,18.2,-2.99997,-2.9948,1,-0.000333786,-0.000196695,0,0.0025034,-0.0268221,0,0.00883565,10,18.2,0.020128,0.999797,1,0.0682643,0.000280142,0,0.171713,0.00101328,0,0.013045,11,18.2,-2.00002,0.995993,1,4.76837e-05,-0.042221,0,0.000119209,0.752866,0,0.0110276,12,18.2,2.99885,1.99923,1,0.00269413,0.0178039,0,-0.00119209,-0.0428557,0,0.00539174,13,18.2,-0.811138,1.99975,1,-0.390796,0.000157952,0,0.161439,0.000715256,0,0.0106229,14,18.2,-1.04539,2.80561,1,-0.287062,0.361174,0,-0.999987,-0.2141,0,0.00656187,15,18.2,-0.189989,-1.99949,1,-0.361887,0.00219941,0,-0.150546,-0.00572205,0,0.0131449,16,18.2,-1.00743,0.81409,1,0.0208825,0.425367,0,-0.00929832,-0.36478,0,0.0105076,17,18.2,1.14296,-2.99481,1,0.500003,-0.000596046,0,-5.96046e-05,-0.0177622,0,0.00778797,18,18.2,-2.99568,1.19515,1,-0.0306427,-0.472173,0,0.144839,0.0469685,0,0.00707041,19,18.2,-0.213829,3,1,0.197985,0,0,-0.999995,0,0,0.00777566,20,18.2,1.19106,-0.999993,1,-0.461894,1.19209e-05,0,0.352681,-5.96046e-05,0,0.0148744,21,18.2,2.19053,-3,1,0.362146,-3.57628e-05,0,0.100136,0.0013113,0,0.00580399,22,18.2,0.256881,-0.451346,1,-0.440941,0.463706,0,0.249096,-0.333875,0,0.0203159,23,18.2,1.00224,1.36995,1,0.0382066,-0.497943,0,0.30756,0.0396967,0,0.0116264,24,18.2,-0.78802,-3,1,0.5,0,0,2.98023e-05,0,0,0.0069204,25,18.2,1.99775,2.82482,1,-0.155568,0.400794,0,-1.00005,-0.43118,0,0.00699792,26,18.2,-3,2.17105,1,0,-0.314552,0,0,1.00017,0,0.00615336,27,18.2,-1.99534,0.00015473,1,0.0270635,0.00086175,0,0.415504,-0.00371693,0,0.0109058,28,18.2,2.00659,0.730332,1,0.020057,0.46912,0,0.328302,-0.231743,0,0.0109703,29,18.2,1.67336,-0.0139663,1,0.488949,0.0178213,0,-0.119686,0.0420282,0,0.0142124,30,18.2,-2.01385,-1.27224,1,0.0307918,0.498948,0,-0.00584126,0.0162125,0,0.0104919,31,18.2,2.81496,0.991594,1,0.412762,-0.109908,0,-0.414848,-0.920534,0,0.00580882,32,18.2,-3,0.00471928,1,0,-0.134316,0,0,-0.98586,0,0.00713881,33,18.2,0.0459679,2.19334,1,0.291501,-0.36431,0,1,0.200033,0,0.0119379,34,18.2,-1.00034,-2.13784,1,-0.0017345,-0.5,0,0.000953674,0,0,0.0123626,35,18.2,0.99624,0.350757,1,-0.0148773,-0.494266,0,0.0337362,0.0746399,0,0.0108694
0,18.3,0.71848,-1.98602,1,-0.496972,0.0370542,0,-0.0718944,-0.24008,0,0.0145551,1,18.3,2.99994,-2.75412,1,0.000337139,0.457442,0,-0.0012368,0.296995,0,0.00668413,2,18.3,-0.756595,0.00898225,1,-0.373812,-0.019209,0,0.785429,-0.00957383,0,0.0128243,3,18.3,-2.00981,2.18402,1,-0.0908826,-0.4148,0,-0.551715,0.360161,0,0.00980321,4,18.3,-1.15359,-0.996202,1,0.396632,-0.0193859,0,-0.417918,0.0354014,0,0.0119991,5,18.3,0.25987,-2.99999,1,0.5,2.19792e-05,0,-8.9407e-07,-4.47035e-05,0,0.00818921,6,18.3,2.71312,-2.00001,1,-0.498917,-0.00012517,0,-0.0328571,0.000357628,0,0.0103904,7,18.3,2.99887,-0.998606,1,-0.0324376,0.0106268,0,-0.596344,-0.0374019,0,0.00743957,8,18.3,1.76477,-2.00184,1,-0.430926,0.00893511,0,-0.52809,-0.00534952,0,0.0115444,9,18.3,-2.99999,-2.99495,1,-0.000121072,-0.00261888,0,0.00174344,-0.0214577,0,0.00883565,10,18.3,0.028364,0.999829,1,0.101194,0.000354182,0,0.456617,0.000502914,0,0.013045,11,18.3,-2.00002,0.995674,1,6.81728e-05,0.0367382,0,0.000372529,0.807267,0,0.0110276,12,18.3,2.99911,2.0008,1,0.00249855,0.0134718,0,-0.0026077,-0.0432134,0,0.00539174,13,18.3,-0.849207,1.99977,1,-0.368664,0.000222586,0,0.277109,0.000558794,0,0.0106229,14,18.3,-1.07893,2.84051,1,-0.381143,0.335281,0,-0.847116,-0.298858,0,0.00656187,15,18.3,-0.227041,-1.99929,1,-0.379889,0.00187643,0,-0.195341,-0.000953674,0,0.0131449,16,18.3,-1.00541,0.854688,1,0.0194153,0.38552,0,-0.0194088,-0.42918,0,0.0105076,17,18.3,1.19296,-2.99495,1,0.5,-0.00222847,0,-7.45058e-06,-0.0148118,0,0.00778797,18,18.3,-2.99808,1.1479,1,-0.0179574,-0.474944,0,0.109345,-0.0814795,0,0.00707041,19,18.3,-0.19903,3,1,0.0979849,0,0,-0.999998,0,0,0.00777566,20,18.3,1.14683,-0.999992,1,-0.420894,6.0536e-06,0,0.461303,-5.58794e-05,0,0.0148744,21,18.3,2.22737,-3,1,0.375387,6.25849e-05,0,0.150442,0.000685453,0,0.00580399,22,18.3,0.214117,-0.407935,1,-0.413516,0.394931,0,0.2991,-0.916734,0,0.0203159,23,18.3,1.008,1.32052,1,0.0803445,-0.489043,0,0.513747,0.137076,0,0.0116264,24,18.3,-0.73802,-3,1,0.5,0,0,0,0,0,0.0069204,25,18.3,1.9772,2.86264,1,-0.25526,0.354643,0,-0.987597,-0.486329,0,0.00699792,26,18.3,-3,2.14459,1,0,-0.214543,0,0,1.00002,0,0.00615336,27,18.3,-1.99012,0.0002232,1,0.0809932,0.000516659,0,0.634663,-0.00317698,0,0.0109058,28,18.3,2.01068,0.775921,1,0.0655644,0.441127,0,0.558645,-0.323761,0,0.0109703,29,18.3,1.72154,-0.0120129,1,0.47343,0.0208758,0,-0.191867,0.0198346,0,0.0142124,30,18.3,-2.01082,-1.22229,1,0.0294086,0.499873,0,-0.0210851,0.00383705,0,0.0104919,31,18.3,2.85404,0.975846,1,0.367781,-0.206183,0,-0.479057,-0.99007,0,0.00580882,32,18.3,-3,-0.0136661,1,0,-0.233508,0,0,-0.992394,0,0.00713881,33,18.3,0.0799264,2.15806,1,0.38488,-0.339931,0,0.834583,0.283122,0,0.0119379,34,18.3,-1.00051,-2.18784,1,-0.0015663,-0.5,0,0.00233203,0,0,0.0123626,35,18.3,0.994935,0.301807,1,-0.0111064,-0.483618,0,0.0407174,0.140991,0,0.0108694
0,18.4,0.668571,-1.98342,1,-0.500001,0.0157714,0,2.98023e-05,-0.186443,0,0.0127283,1,18.4,2.99997,-2.70704,1,0.000226498,0.482529,0,-0.00107288,0.197649,0,0.00588614,2,18.4,-0.789778,0.00704106,1,-0.287728,-0.0193531,0,0.91365,0.00612903,0,0.0146866,3,18.4,-2.02182,2.14445,1,-0.150669,-0.375789,0,-0.626802,0.416279,0,0.0106221,4,18.4,-1.11611,-0.997961,1,0.352076,-0.015761,0,-0.469983,0.0366867,0,0.0129359,5,18.4,0.30987,-2.99999,1,0.5,2.38419e-05,0,-1.43051e-05,-0.000238419,0,0.00996908,6,18.4,2.66314,-2.00003,1,-0.5,-8.9407e-05,0,0,0.000238419,0,0.00987048,7,18.4,2.99203,-0.997722,1,-0.109679,0.0071615,0,-0.904799,-0.0316203,0,0.00863384,8,18.4,1.7194,-2.00098,1,-0.472683,0.00813603,0,-0.309348,-0.0103712,0,0.00916489,9,18.4,-3,-2.99531,1,1.19209e-05,-0.00446439,0,0.00107288,-0.0154972,0,0.0104866,10,18.4,0.0410293,0.999866,1,0.154114,0.00038594,0,0.577301,0.000178814,0,0.0148663,11,18.4,-2.00001,1.00334,1,0.000137091,0.115848,0,0.00119209,0.760198,0,0.0125249,12,18.4,2.99934,2.00193,1,0.00219345,0.0092566,0,-0.00369549,-0.0405312,0,0.00551172,13,18.4,-0.884526,1.99979,1,-0.336218,0.000268221,0,0.367463,0.000417233,0,0.00945719,14,18.4,-1.12082,2.87244,1,-0.451618,0.302333,0,-0.548244,-0.35584,0,0.00621438,15,18.4,-0.265984,-1.9991,1,-0.398466,0.00196993,0,-0.165448,0.00268221,0,0.011861,16,18.4,-1.00358,0.89101,1,0.0171185,0.340149,0,-0.0259876,-0.475019,0,0.011269,17,18.4,1.24296,-2.99524,1,0.500003,-0.00354648,0,-5.96046e-05,-0.0116825,0,0.00947635,18,18.4,-2.99938,1.09992,1,-0.00866055,-0.485021,0,0.0771284,-0.106394,0,0.0109942,19,18.4,-0.194232,3,1,-0.00201538,0,0,-0.999987,0,0,0.00924486,20,18.4,1.10719,-0.999992,1,-0.370812,0,0,0.534654,-2.98023e-05,0,0.0141553,21,18.4,2.26565,-2.99999,1,0.389731,0.000107288,0,0.125527,0.000238419,0,0.00669357,22,18.4,0.17434,-0.373275,1,-0.381235,0.297012,0,0.345699,-0.999987,0,0.0175041,23,18.4,1.01879,1.27245,1,0.137022,-0.470808,0,0.601947,0.22614,0,0.0102145,24,18.4,-0.68802,-3,1,0.5,0,0,2.98023e-05,0,0,0.00845125,25,18.4,1.94683,2.89562,1,-0.350606,0.304544,0,-0.900626,-0.510812,0,0.00856019,26,18.4,-3,2.12814,1,0,-0.114548,0,0,1.00017,0,0.00662266,27,18.4,-1.97868,0.00025993,1,0.148883,0.00022753,0,0.700295,-0.00260177,0,0.0135904,28,18.4,2.02025,0.818294,1,0.12753,0.405204,0,0.661135,-0.390708,0,0.0104813,29,18.4,1.7678,-0.00985751,1,0.450435,0.0219371,0,-0.268102,0.00210755,0,0.0148899,30,18.4,-2.00801,-1.17229,1,0.0267148,0.500003,0,-0.0324249,-5.96046e-05,0,0.0108598,31,18.4,2.88836,0.950248,1,0.318027,-0.305934,0,-0.511169,-1.00002,0,0.00696778,32,18.4,-3,-0.0419375,1,0,-0.331274,0,0,-0.953294,0,0.00728205,33,18.4,0.122116,2.12559,1,0.453841,-0.308532,0,0.531867,0.340939,0,0.0140034,34,18.4,-1.00065,-2.23784,1,-0.00128448,-0.5,0,0.00321865,0,0,0.0117804,35,18.4,0.994033,0.254278,1,-0.00690818,-0.465665,0,0.0424981,0.21939,0,0.0102006
0,18.5,0.618572,-1.98269,1,-0.499963,-0.00028424,0,0.00146031,-0.135943,0,0.0127283,1,18.5,2.99998,-2.658,1,0.000134483,0.49629,0,-0.000789762,0.0806451,0,0.00588614,2,18.5,-0.813816,0.00515623,1,-0.191776,-0.0181529,0,0.98921,0.0175679,0,0.0146866,3,18.5,-2.04024,2.10895,1,-0.219468,-0.334049,0,-0.729859,0.417352,0,0.0106221,4,18.5,-1.08332,-0.999355,1,0.3033,-0.0121386,0,-0.501134,0.0354387,0,0.0129359,5,18.5,0.35987,-2.99999,1,0.5,3.72529e-06,0,0,-0.000149012,0,0.00996908,6,18.5,2.61314,-2.00003,1,-0.5,-6.55651e-05,0,0,0.000238419,0,0.00987048,7,18.5,2.97635,-0.997154,1,-0.205217,0.00427309,0,-0.988096,-0.026226,0,0.00863384,8,18.5,1.67092,-2.00023,1,-0.493806,0.00696871,0,-0.122443,-0.0127628,0,0.00916489,9,18.5,-2.99999,-2.99582,1,9.05246e-05,-0.00569262,0,0.000551343,-0.00916421,0,0.0104866,10,18.5,0.0595524,0.999905,1,0.218103,0.000385288,0,0.682928,-0.000175089,0,0.0148663,11,18.5,-1.99998,1.01873,1,0.000400096,0.19141,0,0.00411272,0.735566,0,0.0125249,12,18.5,2.99954,2.00266,1,0.00180341,0.00544488,0,-0.00403821,-0.0354648,0,0.00551172,13,18.5,-0.916193,1.99982,1,-0.296078,0.000298768,0,0.429884,0.000208616,0,0.00945719,14,18.5,-1.16814,2.90083,1,-0.489331,0.264934,0,-0.219442,-0.38825,0,0.00621438,15,18.5,-0.306913,-1.9988,1,-0.422057,0.00491254,0,-0.283098,0.0504851,0,0.011861,16,18.5,-1.002,0.922598,1,0.0143321,0.29119,0,-0.0292733,-0.499919,0,0.011269,17,18.5,1.29296,-2.99565,1,0.5,-0.00451542,0,-7.45058e-06,-0.0077635,0,0.00947635,18,18.5,-2.99991,1.0509,1,-0.00227243,-0.494922,0,0.0514984,-0.078015,0,0.0109942,19,18.5,-0.199433,3,1,-0.102015,0,0,-0.999997,0,0,0.00924486,20,18.5,1.07286,-0.999992,1,-0.315168,-2.98023e-06,0,0.57216,-2.98023e-05,0,0.0141553,21,18.5,2.30561,-2.99998,1,0.412463,0.000120327,0,0.298813,1.49012e-05,0,0.00669357,22,18.5,0.138046,-0.348574,1,-0.343748,0.197013,0,0.399922,-0.999998,0,0.0175041,23,18.5,1.03581,1.22667,1,0.205761,-0.443283,0,0.749834,0.320226,0,0.0102145,24,18.5,-0.63802,-3,1,0.5,0,0,0,0,0,0.00845125,25,18.5,1.90765,2.92351,1,-0.428642,0.253298,0,-0.642069,-0.509948,0,0.00856019,26,18.5,-3,2.12168,1,0,-0.0145398,0,0,1.00002,0,0.00662266,27,18.5,-1.96021,0.000270809,1,0.220837,9.64157e-07,0,0.723779,-0.00194715,0,0.0135904,28,18.5,2.03654,0.856778,1,0.200071,0.36376,0,0.769168,-0.43444,0,0.0104813,29,18.5,1.81134,-0.00767779,1,0.419079,0.02143,0,-0.355259,-0.0115366,0,0.0148899,30,18.5,-2.00551,-1.12229,1,0.023178,0.5,0,-0.0379682,-7.45058e-06,0,0.0108598,31,18.5,2.91758,0.914929,1,0.266449,-0.396944,0,-0.516072,-0.792466,0,0.00696778,32,18.5,-3,-0.07949,1,0,-0.415735,0,0,-0.712872,0,0.00728205,33,18.5,0.169591,2.09649,1,0.490247,-0.272939,0,0.20957,0.368118,0,0.0140034,34,18.5,-1.00076,-2.28784,1,-0.000938028,-0.5,0,0.00365078,0,0,0.0117804,35,18.5,0.993549,0.20898,1,-0.0028302,-0.438654,0,0.0387095,0.317386,0,0.0102006
0,18.6,0.568595,-1.98332,1,-0.499414,-0.0116646,0,0.0116825,-0.0929236,0,0.0134774,1,18.6,2.99999,-2.60812,1,7.15256e-05,0.499928,0,-0.000715256,0.00143051,0,0.00601271,2,18.6,-0.828015,0.00344552,1,-0.092046,-0.0159018,0,1.00002,0.027139,0,0.0146357,3,18.6,-2.06588,2.07763,1,-0.293142,-0.292546,0,-0.728011,0.411749,0,0.00993872,4,18.6,-1.05551,-1.0004,1,0.25267,-0.00872612,0,-0.507534,0.0324845,0,0.0109544,5,18.6,0.40987,-2.99999,1,0.5,-5.96046e-06,0,-1.43051e-05,-0.000119209,0,0.00939444,6,18.6,2.56314,-2.00004,1,-0.5,-4.17233e-05,0,0,0.000238419,0,0.0101941,7,18.6,2.95085,-0.99685,1,-0.304914,0.00190288,0,-1.00017,-0.0212491,0,0.00999537,8,18.6,1.62116,-1.9996,1,-0.499591,0.00562072,0,-0.00822544,-0.0140071,0,0.00938041,9,18.6,-2.99998,-2.99643,1,0.000119209,-0.00632405,0,0.000238419,-0.00345707,0,0.0107729,10,18.6,0.0848161,0.999942,1,0.28715,0.000354648,0,0.682089,-0.000417233,0,0.0157188,11,18.6,-1.99992,1.0414,1,0.000965595,0.260261,0,0.00715256,0.629842,0,0.0142876,12,18.6,2.9997,2.00304,1,0.00139475,0.00219345,0,-0.00393391,-0.0292063,0,0.00555822,13,18.6,-0.943587,1.99985,1,-0.251268,0.000306964,0,0.461519,5.96046e-05,0,0.00934406,14,18.6,-1.21776,2.92535,1,-0.499493,0.225401,0,-0.0101328,-0.398874,0,0.00609207,15,18.6,-0.350574,-1.99801,1,-0.451175,0.0110447,0,-0.28345,0.0677109,0,0.00954694,16,18.6,-1.00072,0.949206,1,0.0113487,0.240956,0,-0.0300109,-0.501126,0,0.0119845,17,18.6,1.34296,-2.99613,1,0.500003,-0.00511408,0,-5.96046e-05,-0.00417233,0,0.00871252,18,18.6,-2.99992,1.00112,1,0.00180006,-0.499381,0,0.0309944,-0.012368,0,0.00968804,19,18.6,-0.214635,3,1,-0.202015,0,0,-0.999987,0,0,0.006535,20,18.6,1.04422,-0.999993,1,-0.257495,-4.47035e-06,0,0.576138,-5.96046e-05,0,0.0112998,21,18.6,2.34844,-2.99996,1,0.444376,0.000107288,0,0.318766,0,0,0.00655873,22,18.6,0.105731,-0.333873,1,-0.302026,0.0970125,0,0.430893,-0.999987,0,0.0175112,23,18.6,1.06022,1.18407,1,0.282809,-0.407565,0,0.772178,0.390291,0,0.0101098,24,18.6,-0.58802,-3,1,0.5,0,0,2.98023e-05,0,0,0.00868084,25,18.6,1.8621,2.94632,1,-0.477308,0.203311,0,-0.332057,-0.486612,0,0.00615487,26,18.6,-3,2.12523,1,0,0.0854552,0,0,1.00017,0,0.00727859,27,18.6,-1.93457,0.000262132,1,0.290936,-0.000165288,0,0.666201,-0.00139413,0,0.0127349,28,18.6,2.06043,0.890936,1,0.27771,0.31902,0,0.76735,-0.457019,0,0.00924215,29,18.6,1.85136,-0.00561008,1,0.380123,0.019764,0,-0.420272,-0.0211555,0,0.0116957,30,18.6,-2.00339,-1.07229,1,0.0191808,0.500003,0,-0.041604,-5.96046e-05,0,0.0109615,31,18.6,2.94167,0.871775,1,0.215596,-0.460854,0,-0.497341,-0.477761,0,0.00665074,32,18.6,-3,-0.124106,1,0,-0.471238,0,0,-0.394128,0,0.00693337,33,18.6,0.219259,2.07107,1,0.499708,-0.235438,0,0.00584841,0.379562,0,0.0117761,34,18.6,-1.00084,-2.33784,1,-0.000566244,-0.5,0,0.0038147,0,0,0.011219,35,18.6,0.993451,0.166839,1,0.00077337,-0.402882,0,0.0331104,0.394568,0,0.0103637
0,18.7,0.518667,-1.98489,1,-0.499422,-0.0190526,0,-0.00615604,-0.0561029,0,0.0134774,1,18.7,3,-2.55813,1,1.3411e-05,0.499995,0,-0.000476837,0.000178814,0,0.00601271,2,18.7,-0.832219,0.00199182,1,0.00795471,-0.013169,0,1.00001,0.0273349,0,0.0146357,3,18.7,-2.09879,2.05047,1,-0.364205,-0.250378,0,-0.673205,0.428587,0,0.00993872,4,18.7,-1.03277,-1.00111,1,0.202586,-0.0056833,0,-0.490718,0.0282526,0,0.0109544,5,18.7,0.45987,-2.99999,1,0.5,-1.56462e-05,0,-1.78814e-06,-5.96046e-05,0,0.00939444,6,18.7,2.51314,-2.00004,1,-0.5,-1.82539e-05,0,0,0.000223517,0,0.0101941,7,18.7,2.91563,-0.996757,1,-0.396106,2.86847e-05,0,-0.795543,-0.0163391,0,0.00999537,8,18.7,1.57117,-1.9991,1,-0.499975,0.00423416,0,-0.00100583,-0.0136346,0,0.00938041,9,18.7,-2.99997,-2.99707,1,0.000127405,-0.00641532,0,-5.96046e-05,0.00141561,0,0.0107729,10,18.7,0.11693,0.999976,1,0.354553,0.000305846,0,0.648127,-0.000543892,0,0.0157188,11,18.7,-1.99977,1.07044,1,0.00213757,0.319026,0,0.015676,0.539243,0,0.0142876,12,18.7,2.99982,2.00312,1,0.00101328,-0.000390783,0,-0.00366569,-0.0225157,0,0.00555822,13,18.7,-0.966391,1.99988,1,-0.204772,0.000303239,0,0.464115,-0.00013411,0,0.00934406,14,18.7,-1.26774,2.9459,1,-0.499968,0.185713,0,-0.0012666,-0.39196,0,0.00609207,15,18.7,-0.396983,-1.99665,1,-0.475628,0.0155758,0,-0.202205,0.0248998,0,0.00954694,16,18.7,-0.999731,0.970823,1,0.00840742,0.191735,0,-0.0285506,-0.480112,0,0.0119845,17,18.7,1.39296,-2.99666,1,0.5,-0.00535585,0,-7.45058e-06,-0.000789762,0,0.00871252,18,18.7,-2.99961,0.951149,1,0.00413097,-0.499961,0,0.0162274,-0.00155345,0,0.00968804,19,18.7,-0.239809,3,1,-0.30085,0,0,-0.960883,0,0,0.006535,20,18.7,1.02132,-0.999993,1,-0.200996,-9.22009e-06,0,0.549823,-4.09782e-05,0,0.0112998,21,18.7,2.39433,-2.99995,1,0.471865,0.00010021,0,0.227779,-0.00013411,0,0.00655873,22,18.7,0.0776953,-0.329171,1,-0.25864,-0.00298694,0,0.434375,-0.999998,0,0.0175112,23,18.7,1.09225,1.14536,1,0.356395,-0.365782,0,0.685334,0.441201,0,0.0101098,24,18.7,-0.53802,-3,1,0.5,0,0,0,0,0,0.00868084,25,18.7,1.81317,2.96428,1,-0.497059,0.156584,0,-0.0871718,-0.445306,0,0.00615487,26,18.7,-3,2.13878,1,0,0.185464,0,0,1.00002,0,0.00727859,27,18.7,-1.90216,0.000239556,1,0.356818,-0.00027745,0,0.634044,-0.000866275,0,0.0127349,28,18.7,2.0921,0.920548,1,0.355262,0.273213,0,0.751525,-0.456925,0,0.00924215,29,18.7,1.8872,-0.00375039,1,0.335978,0.0173336,0,-0.459462,-0.0269316,0,0.0116957,30,18.7,-2.00168,-1.02229,1,0.0150848,0.5,0,-0.0403076,0,0,0.0109615,31,18.7,2.9608,0.823845,1,0.167588,-0.492682,0,-0.459969,-0.174157,0,0.00665074,32,18.7,-3,-0.172689,1,0,-0.495789,0,0,-0.117179,0,0.00693337,33,18.7,0.269248,2.04941,1,0.499982,-0.197692,0,0.000727475,0.373513,0,0.0117761,34,18.7,-1.00088,-2.38784,1,-0.000201724,-0.5,0,0.00344962,0,0,0.011219,35,18.7,0.993683,0.128618,1,0.00375351,-0.360687,0,0.0263341,0.446238,0,0.0103637
0,18.8,0.468697,-1.98702,1,-0.499907,-0.0231266,0,-0.00184774,-0.0264645,0,0.0101398,1,18.8,3,-2.50813,1,-2.38419e-05,0.5,0,-0.000119209,0,0,0.00564598,2,18.8,-0.826424,0.000810629,1,0.107954,-0.0104685,0,1.00002,0.026519,0,0.0156958,3,18.8,-2.13836,2.02758,1,-0.424635,-0.2074,0,-0.523806,0.428438,0,0.00979029,4,18.8,-1.01491,-1.00155,1,0.155133,-0.00309348,0,-0.455618,0.0234246,0,0.0114683,5,18.8,0.50987,-2.99999,1,0.500001,-1.78814e-05,0,-2.98023e-05,0,0,0.00932114,6,18.8,2.46314,-2.00004,1,-0.5,0,0,0,0.000238419,0,0.00940704,7,18.8,2.87254,-0.996829,1,-0.460374,-0.00138581,0,-0.481606,-0.0120401,0,0.00913647,8,18.8,1.52117,-1.99875,1,-0.500003,0.00290871,0,5.96046e-05,-0.0127554,0,0.00873019,9,18.8,-2.99996,-2.99769,1,0.000113249,-0.00607967,0,-0.000238419,0.005126,0,0.00800392,10,18.8,0.155453,1,1,0.413892,0.000247359,0,0.527635,-0.000596046,0,0.0156997,11,18.8,-1.99947,1.10484,1,0.00398159,0.367033,0,0.0206828,0.416458,0,0.0131994,12,18.8,2.99991,2.00298,1,0.000673532,-0.00231266,0,-0.00321865,-0.015974,0,0.0056042,13,18.8,-0.984573,1.99991,1,-0.159213,0.000283122,0,0.443697,-0.000238419,0,0.00927756,14,18.8,-1.31774,2.96254,1,-0.500003,0.147539,0,5.96046e-05,-0.36931,0,0.00537332,15,18.8,-0.445406,-1.99502,1,-0.491324,0.0163972,0,-0.11225,-0.00673532,0,0.0102893,16,18.8,-0.999029,0.987653,1,0.0056833,0.145499,0,-0.0257492,-0.442207,0,0.012668,17,18.8,1.44296,-2.99719,1,0.500003,-0.00529289,0,-5.96046e-05,0.00178814,0,0.00825643,18,18.8,-2.99913,0.90115,1,0.0051558,-0.5,0,0.00464916,-2.98023e-05,0,0.0107569,19,18.8,-0.274471,3,1,-0.38935,0,0,-0.776514,0,0,0.00720378,20,18.8,1.0039,-0.999994,1,-0.148237,-1.19209e-05,0,0.502408,0,0,0.0115455,21,18.8,2.44249,-2.99994,1,0.48967,8.34465e-05,0,0.128865,-0.000238419,0,0.00599391,22,18.8,0.0539915,-0.33447,1,-0.215606,-0.102987,0,0.424193,-0.999987,0,0.0153301,23,18.8,1.13108,1.11104,1,0.417656,-0.32011,0,0.531912,0.468612,0,0.0108218,24,18.8,-0.48802,-3,1,0.5,0,0,-1.43051e-05,0,0,0.00884285,25,18.8,1.76325,2.9778,1,-0.500003,0.114703,0,5.96046e-05,-0.39041,0,0.00682322,26,18.8,-3,2.16232,1,0,0.285459,0,0,1.00017,0,0.0085525,27,18.8,-1.86347,0.000208234,1,0.414935,-0.000341835,0,0.517368,-0.00043719,0,0.0123961,28,18.8,2.13115,0.9456,1,0.422978,0.228044,0,0.584722,-0.444531,0,0.00759221,29,18.8,1.91845,-0.00215762,1,0.28885,0.0144736,0,-0.480056,-0.0298298,0,0.0117681,30,18.8,-2.00037,-0.97229,1,0.0111192,0.5,0,-0.039041,2.98023e-05,0,0.0127802,31,18.8,2.97534,0.774064,1,0.124091,-0.5,0,-0.407815,0,0,0.00774311,32,18.8,-3,-0.222577,1,0,-0.5,0,0,1.43051e-05,0,0.0080672,33,18.8,0.319247,2.03149,1,0.5,-0.161076,0,-1.43051e-05,0.35727,0,0.012832,34,18.8,-1.00088,-2.43784,1,0.00012219,-0.5,0,0.00303984,0,0,0.00846324,35,18.8,0.994177,0.0948428,1,0.00601858,-0.31426,0,0.0188649,0.479143,0,0.0100959
0,18.9,0.418704,-1.98943,1,-0.49983,-0.0245892,0,0.00578538,-0.0037998,0,0.0101398,1,18.9,2.99999,-2.45813,1,-3.09199e-05,0.5,0,-4.47035e-05,0,0,0.00564598,2,18.9,-0.81063,-0.000108158,1,0.207867,-0.00795297,0,0.996478,0.023775,0,0.0156958,3,18.9,-2.18315,2.00895,1,-0.468185,-0.165598,0,-0.339597,0.406273,0,0.00979029,4,18.9,-1.00159,-1.00175,1,0.112011,-0.00100732,0,-0.405181,0.0183284,0,0.0114683,5,18.9,0.559869,-2.99999,1,0.499965,-1.75089e-05,0,-0.00139326,1.49012e-05,0,0.00932114,6,18.9,2.41315,-2.00004,1,-0.499633,2.16067e-05,0,0.0113845,0.000178814,0,0.00940704,7,18.9,2.82464,-0.997021,1,-0.492539,-0.00239164,0,-0.176787,-0.00818819,0,0.00913647,8,18.9,1.47117,-1.99852,1,-0.5,0.00169594,0,7.45058e-06,-0.0114515,0,0.00873019,9,18.9,-2.99995,-2.99827,1,8.45641e-05,-0.00542849,0,-0.000312924,0.007689,0,0.00800392,10,18.9,0.199222,1.00003,1,0.45875,0.000188686,0,0.364056,-0.000573695,0,0.0156997,11,18.9,-1.99891,1.14358,1,0.00752546,0.407068,0,0.0470281,0.378646,0,0.0131994,12,18.9,2.99996,2.00268,1,0.000389293,-0.00360124,0,-0.00245869,-0.00993907,0,0.0056042,13,18.9,-0.998337,1.99994,1,-0.116741,0.000253879,0,0.403494,-0.000350177,0,0.00927756,14,18.9,-1.36774,2.97551,1,-0.5,0.112265,0,7.45058e-06,-0.334337,0,0.00537332,15,18.9,-0.494963,-1.99345,1,-0.498556,0.0146167,0,-0.0370033,-0.0274256,0,0.0102893,16,18.9,-0.998583,1.00007,1,0.00329809,0.103807,0,-0.0218786,-0.390206,0,0.012668,17,18.9,1.49296,-2.99771,1,0.5,-0.0050094,0,-7.45058e-06,0.00376999,0,0.00825643,18,18.9,-2.99861,0.85115,1,0.00524633,-0.5,0,-0.00248849,0,0,0.0107569,19,18.9,-0.316785,3,1,-0.451943,0,0,-0.477772,0,0,0.00720378,20,18.9,0.991481,-0.999996,1,-0.101146,-1.15484e-05,0,0.437818,7.45058e-06,0,0.0115455,21,18.9,2.49195,-2.99994,1,0.49815,5.7742e-05,0,0.0452548,-0.000283122,0,0.00599391,22,18.9,0.0345056,-0.349764,1,-0.1746,-0.20273,0,0.394956,-0.989743,0,0.0153301,23,18.9,1.17523,1.08137,1,0.462316,-0.27343,0,0.355795,0.463024,0,0.0108218,24,18.9,-0.43802,-3,1,0.499956,0,0,-0.00176571,0,0,0.00884285,25,18.9,1.71325,2.98742,1,-0.5,0.0787925,0,7.45058e-06,-0.326738,0,0.00682322,26,18.9,-3,2.19558,1,0,0.376379,0,0,0.800312,0,0.0085525,27,18.9,-1.81962,0.000172454,1,0.459462,-0.000368224,0,0.364356,-0.000104569,0,0.0123961,28,18.9,2.17598,0.966233,1,0.469804,0.185141,0,0.348777,-0.412755,0,0.00759221,29,18.9,1.94493,-0.000860781,1,0.240617,0.0114584,0,-0.481129,-0.0301329,0,0.0117681,30,18.9,-1.99944,-0.92229,1,0.00752304,0.5,0,-0.0331923,0,0,0.0127802,31,18.9,2.98581,0.724064,1,0.0863586,-0.5,0,-0.345573,-7.45058e-06,0,0.00774311,32,18.9,-3,-0.272577,1,0,-0.5,0,0,0,0,0.0080672,33,18.9,0.369247,2.01712,1,0.5,-0.126896,0,0,0.325754,0,0.012832,34,18.9,-1.00085,-2.48784,1,0.000400096,-0.5,0,0.0025183,0,0,0.00846324,35,18.9,0.994861,0.0658432,1,0.00751838,-0.265524,0,0.0112504,0.491713,0,0.0100959
0,19,0.368793,-1.99187,1,-0.497817,-0.0240773,0,0.0414252,0.0130534,0,0.00986922,1,19,2.99999,-2.40813,1,-3.57628e-05,0.5,0,0.000119209,0,0,0.00778777,2,19,-0.784889,-0.000789262,1,0.306545,-0.00571619,0,0.971824,0.0209509,0,0.0134371,3,19,-2.23134,1.99437,1,-0.492251,-0.126398,0,-0.14627,0.376701,0,0.0115222,4,19,-0.992323,-1.00177,1,0.0743613,0.000578165,0,-0.34681,0.013411,0,0.00998951,5,19,0.609848,-3,1,0.499442,-1.78814e-05,0,-0.0112057,0.000119209,0,0.00879057,6,19,2.3633,-2.00004,1,-0.496757,2.98023e-05,0,0.0517368,0.000238419,0,0.00858143,7,19,2.77486,-0.997295,1,-0.5,-0.00304282,0,0,-0.00497699,0,0.00946887,8,19,1.42117,-1.9984,1,-0.500003,0.000625849,0,5.96046e-05,-0.00983477,0,0.00849039,9,19,-2.99994,-2.99877,1,4.76837e-05,-0.00457764,0,-0.000357628,0.00905991,0,0.00875915,10,19,0.246624,1.00004,1,0.48638,0.00013411,0,0.190802,-0.000536442,0,0.0132623,11,19,-1.99791,1.18608,1,0.012809,0.441831,0,0.056088,0.312686,0,0.0124839,12,19,2.99999,2.00228,1,0.000178814,-0.00433326,0,-0.00178814,-0.00476837,0,0.00531349,13,19,-1.00808,1.99996,1,-0.0788927,0.000217557,0,0.352025,-0.000476837,0,0.00934249,14,19,-1.41774,2.98513,1,-0.500003,0.0809789,0,5.96046e-05,-0.290155,0,0.00614123,15,19,-0.544922,-1.99215,1,-0.500001,0.0111818,0,2.98023e-05,-0.0399351,0,0.0108691,16,19,-0.998356,1.0086,1,0.00132024,0.0676841,0,-0.0176728,-0.331342,0,0.0130347,17,19,1.54296,-2.99819,1,0.500003,-0.00455379,0,-5.96046e-05,0.00500679,0,0.0086977,18,19,-2.9981,0.80115,1,0.00472665,-0.5,0,-0.00762939,-2.98023e-05,0,0.00800946,19,19,-0.36391,3,1,-0.486206,0,0,-0.218078,0,0,0.00735511,20,19,0.983438,-0.999997,1,-0.0609159,-1.04308e-05,0,0.365943,0,0,0.010358,21,19,2.54189,-2.99993,1,0.5,2.38419e-05,0,0,-0.000238419,0,0.00667231,22,19,0.0189648,-0.374903,1,-0.136792,-0.298885,0,0.360404,-0.917956,0,0.0149167,23,19,1.22293,1.05632,1,0.488615,-0.227872,0,0.173748,0.446498,0,0.011904,24,19,-0.388048,-3,1,0.499294,0,0,-0.0141114,0,0,0.00832393,25,19,1.66325,2.99378,1,-0.500003,0.0494838,0,5.96046e-05,-0.259042,0,0.00627299,26,19,-3,2.23678,1,0,0.443137,0,0,0.528932,0,0.00739927,27,19,-1.77215,0.000135562,1,0.487038,-0.000365408,0,0.188231,0.000148302,0,0.00994272,28,19,2.22433,0.982742,1,0.493383,0.145635,0,0.132322,-0.376791,0,0.00897862,29,19,1.96661,0.000136248,1,0.193262,0.00850758,0,-0.463068,-0.0286185,0,0.0115208,30,19,-1.99885,-0.87229,1,0.00442266,0.5,0,-0.0290871,2.98023e-05,0,0.0138564,31,19,2.99283,0.674064,1,0.0551641,-0.5,0,-0.278115,-2.98023e-05,0,0.00678618,32,19,-3,-0.322577,1,0,-0.5,0,0,1.43051e-05,0,0.00710331,33,19,0.419247,2.006,1,0.5,-0.0960171,0,-1.43051e-05,0.291288,0,0.0105658,34,19,-1.0008,-2.53784,1,0.000622869,-0.5,0,0.00196695,0,0,0.0117258,35,19,0.995657,0.0417429,1,0.00829548,-0.216631,0,0.00444055,0.482863,0,0.00996005
0,19.1,0.31931,-1.9942,1,-0.490804,-0.022167,0,0.102671,0.0243932,0,0.00986922,1,19.1,2.99999,-2.35825,1,-2.38419e-05,0.496375,0,0.000119209,-0.0736862,0,0.00778777,2,19.1,-0.749759,-0.000633447,1,0.392006,0.0145284,0,0.729073,0.362951,0,0.0134371,3,19.1,-2.28102,1.98362,1,-0.499406,-0.089258,0,-0.0215471,0.348836,0,0.0115222,4,19.1,-0.985993,-1.00165,1,0.0578243,0.0016883,0,-0.0114068,0.00889599,0,0.00998951,5,19.1,0.659671,-3,1,0.496221,-7.82311e-06,0,-0.0588596,7.45058e-05,0,0.00879057,6,19.1,2.31398,-2.00003,1,-0.488621,4.88013e-05,0,0.114471,0.000163913,0,0.00858143,7,19.1,2.72486,-0.99762,1,-0.5,-0.00340398,0,0,-0.00233203,0,0.00946887,8,19.1,1.37126,-1.99839,1,-0.497193,-0.000254437,0,0.0585094,-0.00777841,0,0.00849039,9,19.1,-2.99994,-2.99919,1,1.22935e-05,-0.00364222,0,-0.000342727,0.00949204,0,0.00875915,10,19.1,0.295964,1.00005,1,0.498129,8.40053e-05,0,0.054446,-0.000469387,0,0.0132623,11,19.1,-1.99641,1.23175,1,0.0165088,0.470447,0,0.0195131,0.247903,0,0.0124839,12,19.1,3,2.00183,1,3.50177e-05,-0.0045903,0,-0.00110269,-0.000566244,0,0.00531349,13,19.1,-1.0143,1.99998,1,-0.0466583,0.000170246,0,0.292279,-0.000461936,0,0.00934249,14,19.1,-1.46774,2.99186,1,-0.5,0.0544399,0,7.45058e-06,-0.239968,0,0.00614123,15,19.1,-0.594904,-1.99124,1,-0.499321,0.00701658,0,0.0189394,-0.0427067,0,0.0108691,16,19.1,-0.998305,1.01382,1,-0.000226125,0.0377065,0,-0.0132918,-0.268333,0,0.0130347,17,19.1,1.59294,-2.99862,1,0.499431,-0.00399984,0,-0.0167936,0.00597537,0,0.0086977,18,19.1,-2.99767,0.75115,1,0.00383817,-0.5,0,-0.00996888,0,0,0.00800946,19,19.1,-0.413282,3,1,-0.498415,0,0,-0.0489372,0,0,0.00735511,20,19.1,0.979049,-0.999475,1,-0.028134,0.0149684,0,0.290047,0.272013,0,0.010358,21,19.1,2.59188,-2.99993,1,0.499375,0,0,-0.0183731,-0.000238419,0,0.00667231,22,19.1,0.00730657,-0.409023,1,-0.0944607,-0.379838,0,0.475278,-0.698445,0,0.0149167,23,19.1,1.2724,1.03571,1,0.498614,-0.184635,0,0.0419468,0.417121,0,0.011904,24,19.1,-0.338257,-3,1,0.495704,0,0,-0.0631548,0,0,0.00832393,25,19.1,1.61325,2.99755,1,-0.5,0.0269856,0,7.45058e-06,-0.191763,0,0.00627299,26,19.1,-3,2.28324,1,0,0.481418,0,0,0.250906,0,0.00739927,27,19.1,-1.72277,0.000100058,1,0.498302,-0.000341955,0,0.0501499,0.000311496,0,0.00994272,28,19.1,2.27407,0.99549,1,0.499586,0.110038,0,0.0165403,-0.334911,0,0.00897862,29,19.1,1.98367,0.000848564,1,0.148601,0.00578924,0,-0.427917,-0.0255945,0,0.0115208,30,19.1,-1.99854,-0.82229,1,0.00190362,0.5,0,-0.0215024,0,0,0.0138564,31,19.1,2.99707,0.624064,1,0.0308301,-0.5,0,-0.209168,0,0,0.00678618,32,19.1,-3,-0.372577,1,0,-0.5,0,0,0,0,0.00710331,33,19.1,0.469247,1.99779,1,0.5,-0.0687608,0,-1.78814e-06,0.253655,0,0.0105658,34,19.1,-1.00073,-2.58783,1,0.000785291,-0.499508,0,0.0012964,0.0148267,0,0.0117258,35,19.1,0.995976,0.0224533,1,-0.00653975,-0.169635,0,-0.273354,0.454351,0,0.00996005
0,19.2,0.27087,-1.99628,1,-0.476675,-0.0193417,0,0.182182,0.0315309,0,0.00979282,1,19.2,2.99999,-2.30911,1,-1.78814e-05,0.485092,0,0.000238419,-0.152469,0,0.00676304,2,19.2,-0.707358,0.00305308,1,0.451523,0.0629221,0,0.461221,0.586392,0,0.017723,3,19.2,-2.33101,1.97627,1,-0.5,-0.0596255,0,0,0.231147,0,0.0102727,4,19.2,-0.9799,-1.00144,1,0.0671476,0.00237823,0,0.176072,0.00500679,0,0.0128727,5,19.2,0.708882,-3,1,0.486737,-5.96046e-06,0,-0.134528,0.000119209,0,0.008821,6,19.2,2.26581,-2.00003,1,-0.473315,5.36442e-05,0,0.193477,0.000238419,0,0.00832109,7,19.2,2.67486,-0.997968,1,-0.5,-0.0035271,0,0,-0.000208616,0,0.00996657,8,19.2,1.32195,-1.99845,1,-0.487918,-0.000935793,0,0.128508,-0.00584126,0,0.00907774,9,19.2,-2.99994,-2.9995,1,-1.78814e-05,-0.00270605,0,-0.000238419,0.00905991,0,0.00836421,10,19.2,0.345916,1.00006,1,0.5,3.8743e-05,0,-1.43051e-05,-0.000357628,0,0.0109098,11,19.2,-1.99471,1.27986,1,0.0170112,0.489953,0,-0.00798702,0.139356,0,0.0111644,12,19.2,3,2.00137,1,-5.36442e-05,-0.00448227,0,-0.000476837,0.00274181,0,0.00543626,13,19.2,-1.01761,2,1,-0.0204682,0.00012517,0,0.231445,-0.000357628,0,0.00944052,14,19.2,-1.51774,2.99619,1,-0.500003,0.0330567,0,5.96046e-05,-0.187635,0,0.00636362,15,19.2,-0.644673,-1.99075,1,-0.49527,0.0027597,0,0.0660717,-0.0419021,0,0.0103089,16,19.2,-0.998387,1.01635,1,-0.00134856,0.0139594,0,-0.00923872,-0.207007,0,0.0127182,17,19.2,1.64273,-2.99899,1,0.495678,-0.00337958,0,-0.0625849,0.0064373,0,0.00896171,18,19.2,-2.99734,0.70115,1,0.00277162,-0.5,0,-0.0113249,-2.98023e-05,0,0.00901175,19,19.2,-0.463243,3,1,-0.5,0,0,0,0,0,0.00587922,20,19.2,0.977563,-0.996356,1,-0.00279695,0.0494838,0,0.217408,0.396729,0,0.0119792,21,19.2,2.64165,-2.99993,1,0.495291,-1.78814e-05,0,-0.0678301,-0.000357628,0,0.00753018,22,19.2,0.000350248,-0.450123,1,-0.0437709,-0.438435,0,0.529128,-0.474781,0,0.0127379,23,19.2,1.32236,1.01928,1,0.500003,-0.144652,0,-5.96046e-05,0.381649,0,0.010471,24,19.2,-0.28912,-3,1,0.485762,0,0,-0.139222,0,0,0.00852944,25,19.2,1.56325,2.99939,1,-0.500003,0.0109076,0,5.96046e-05,-0.131011,0,0.00664438,26,19.2,-3,2.33229,1,0,0.496536,0,0,0.0692606,0,0.00902357,27,19.2,-1.67281,6.76248e-05,1,0.500003,-0.000304856,0,-5.96046e-05,0.00042226,0,0.0113354,28,19.2,2.32406,1.00489,1,0.5,0.0786901,0,0,-0.292003,0,0.00765072,29,19.2,1.99647,0.00130556,1,0.10806,0.00341386,0,-0.381172,-0.0218152,0,0.00988791,30,19.2,-1.99844,-0.77229,1,8.04663e-05,0.5,0,-0.0151396,2.98023e-05,0,0.0141934,31,19.2,2.99922,0.574064,1,0.0131488,-0.5,0,-0.145555,-2.98023e-05,0,0.00636186,32,19.2,-3,-0.422577,1,0,-0.5,0,0,1.43051e-05,0,0.00727621,33,19.2,0.519247,1.99212,1,0.500001,-0.0453085,0,-2.98023e-05,0.215352,0,0.00995032,34,19.2,-1.00065,-2.63764,1,0.000885129,-0.496,0,0.000715256,0.0606775,0,0.0080126,35,19.2,0.993685,0.00769556,1,-0.0414222,-0.126233,0,-0.4026,0.411696,0,0.0121855
0,19.3,0.224298,-1.99805,1,-0.453001,-0.0160215,0,0.288074,0.0344142,0,0.00979282,1,19.3,2.99999,-2.26096,1,1.11759e-06,0.480979,0,0.000163913,0.0410676,0,0.00676304,2,19.3,-0.660351,0.0130786,1,0.484479,0.143534,0,0.212561,0.948299,0,0.017723,3,19.3,-2.38101,1.97071,1,-0.5,-0.0586929,0,0,-0.197209,0,0.0102727,4,19.3,-0.971754,-1.00118,1,0.100522,0.0027094,0,0.461079,0.00175834,0,0.0128727,5,19.3,0.756244,-3,1,0.454742,3.72529e-06,0,-0.481285,5.96046e-05,0,0.008821,6,19.3,2.22011,-2.00002,1,-0.434968,7.0408e-05,0,0.546843,0.000104308,0,0.00832109,7,19.3,2.62486,-0.998319,1,-0.5,-0.00346312,0,0,0.00141934,0,0.00996657,8,19.3,1.27392,-1.99857,1,-0.471447,-0.00142995,0,0.201806,-0.00407547,0,0.00907774,9,19.3,-2.99994,-2.99973,1,-3.98606e-05,-0.00184886,0,-0.000193715,0.00797212,0,0.00836421,10,19.3,0.395916,1.00006,1,0.5,6.33299e-06,0,0,-0.000298023,0,0.0109098,11,19.3,-1.99308,1.32937,1,0.0152536,0.498602,0,-0.0260174,0.0405088,0,0.0111644,12,19.3,2.99999,2.00094,1,-8.56817e-05,-0.0040926,0,-0.000178814,0.00488758,0,0.00543626,13,19.3,-1.0186,2.00001,1,-0.000344776,8.97795e-05,0,0.171877,-0.000342727,0,0.00944052,14,19.3,-1.56774,2.99865,1,-0.49993,0.0168908,0,0.00277907,-0.136361,0,0.00636362,15,19.3,-0.694128,-1.99067,1,-0.495583,-0.000982918,0,-0.0403002,-0.0331178,0,0.0103089,16,19.3,-0.998562,1.01628,1,-0.00208337,-0.018896,0,-0.00555813,-0.423349,0,0.0127182,17,19.3,1.69147,-2.99929,1,0.474239,-0.00273474,0,-0.350147,0.0063926,0,0.00896171,18,19.3,-2.99712,0.65115,1,0.00162609,-0.5,0,-0.011459,0,0,0.00901175,19,19.3,-0.513243,3,1,-0.5,0,0,-2.08616e-06,0,0,0.00587922,20,19.3,0.978248,-0.98918,1,0.0153382,0.095986,0,0.147384,0.513911,0,0.0119792,21,19.3,2.69034,-2.99994,1,0.473725,-4.88013e-05,0,-0.348285,-0.000283122,0,0.00753018,22,19.3,-0.00126346,-0.495979,1,0.0124243,-0.475252,0,0.584937,-0.268966,0,0.0127379,23,19.3,1.37236,1.00664,1,0.5,-0.108834,0,-7.45058e-06,0.334736,0,0.010471,24,19.3,-0.241901,-3,1,0.452642,0,0,-0.497758,0,0,0.00852944,25,19.3,1.51325,2.99991,1,-0.5,0.000405684,0,7.45058e-06,-0.0810474,0,0.00664438,26,19.3,-3,2.38169,1,0,0.485708,0,0,-0.267655,0,0.00902357,27,19.3,-1.62281,-0.000268322,1,0.5,-0.00919776,0,-7.45058e-06,-0.166753,0,0.0113354,28,19.3,2.37406,1.01138,1,0.5,0.0519505,0,0,-0.243358,0,0.00765072,29,19.3,2.00546,0.001545,1,0.0726862,0.00144647,0,-0.325613,-0.0175239,0,0.00988791,30,19.3,-1.9985,-0.72229,1,-0.0011649,0.5,0,-0.00993907,0,0,0.0141934,31,19.3,2.9999,0.524064,1,0.00139475,-0.5,0,-0.0913441,2.08616e-06,0,0.00636186,32,19.3,-3,-0.472577,1,0,-0.5,0,0,1.78814e-06,0,0.00727621,33,19.3,0.569246,1.9886,1,0.499924,-0.0258869,0,-0.00303239,0.173666,0,0.00995032,34,19.3,-1.00056,-2.68641,1,0.000934489,-0.474454,0,0.000275671,0.353932,0,0.0080126,35,19.3,0.987105,-0.00296428,1,-0.0936986,-0.0879317,0,-0.615168,0.353683,0,0.0121855
0,19.4,0.18059,-1.99948,1,-0.419714,-0.0125468,0,0.374317,0.0347495,0,0.0101988,1,19.4,2.99999,-2.21253,1,1.78814e-05,0.488508,0,0,0.0908375,0,0.00673495,2,19.4,-0.61114,0.0323286,1,0.497143,0.242242,0,0.0571609,0.999998,0,0.0153872,3,19.4,-2.43101,1.96326,1,-0.5,-0.0958532,0,0,-0.528991,0,0.0112446,4,19.4,-0.959134,-1.00091,1,0.153878,0.0027597,0,0.581503,-0.000655651,0,0.0122751,5,19.4,0.798905,-3,1,0.394924,5.96046e-06,0,-0.694722,0.000119209,0,0.00929521,6,19.4,2.17974,-2.00002,1,-0.368828,6.55651e-05,0,0.75376,0.000119209,0,0.00975773,7,19.4,2.57486,-0.998656,1,-0.5,-0.00325739,0,0,0.0025928,0,0.0107292,8,19.4,1.22791,-1.99873,1,-0.447473,-0.00175834,0,0.277698,-0.00238419,0,0.00983436,9,19.4,-2.99995,-2.99988,1,-5.36442e-05,-0.00112057,0,-0.000238419,0.0064373,0,0.00852673,10,19.4,0.445916,1.00006,1,0.5,-1.78814e-05,0,-1.43051e-05,-0.000238419,0,0.0101111,11,19.4,-1.99171,1.37934,1,0.0120223,0.500003,0,-0.0376105,-5.96046e-05,0,0.0110971,12,19.4,2.99998,2.00056,1,-8.9407e-05,-0.00352859,0,0,0.00607967,0,0.00597226,13,19.4,-1.01787,2.00002,1,0.0140935,5.96046e-05,0,0.117958,-0.000357628,0,0.00918201,14,19.4,-1.61769,2.99973,1,-0.498894,0.00560284,0,0.0222325,-0.0903606,0,0.00558947,15,19.4,-0.743881,-1.99092,1,-0.499064,-0.00389516,0,-0.0187457,-0.0252128,0,0.0112723,16,19.4,-0.998792,1.0121,1,-0.00248104,-0.0659823,0,-0.0025034,-0.497758,0,0.0114221,17,19.4,1.73678,-2.99953,1,0.428677,-0.00211,0,-0.546873,0.00596046,0,0.0075506,18,19.4,-2.99702,0.60115,1,0.000500679,-0.5,0,-0.010848,-2.98023e-05,0,0.00953388,19,19.4,-0.563243,3,1,-0.5,0,0,-2.98023e-05,0,0,0.00661012,20,19.4,0.980418,-0.976951,1,0.0270829,0.148791,0,0.0894964,0.526875,0,0.0151877,21,19.4,2.73561,-2.99994,1,0.428522,-6.55651e-05,0,-0.542283,-0.000238419,0,0.00774237,22,19.4,0.0029269,-0.544565,1,0.0714042,-0.493841,0,0.586375,-0.11149,0,0.0156142,23,19.4,1.42236,0.997358,1,0.500003,-0.0776887,0,-5.96046e-05,0.288308,0,0.0124082,24,19.4,-0.199543,-3,1,0.390891,0,0,-0.715874,0,0,0.00815507,25,19.4,1.46325,2.99962,1,-0.500003,-0.00567436,0,5.96046e-05,-0.0424385,0,0.00861001,26,19.4,-3,2.42849,1,0,0.446397,0,0,-0.502944,0,0.00635963,27,19.4,-1.57281,-0.00221803,1,0.500003,-0.0315045,0,-5.96046e-05,-0.269397,0,0.0126295,28,19.4,2.42406,1.01544,1,0.5,0.0299007,0,0,-0.198305,0,0.00796557,29,19.4,2.01119,0.00160917,1,0.0430226,-9.22009e-05,0,-0.267386,-0.0132709,0,0.00933906,30,19.4,-1.99866,-0.67229,1,-0.00194013,0.5,0,-0.00572205,2.98023e-05,0,0.0122733,31,19.4,2.99966,0.474064,1,-0.00551343,-0.5,0,-0.0488758,1.43051e-05,0,0.00593511,32,19.4,-3,-0.522577,1,0,-0.500001,0,0,2.98023e-05,0,0.00761427,33,19.4,0.619199,1.98681,1,0.498787,-0.0104576,0,-0.0243187,0.135481,0,0.0104357,34,19.4,-1.00046,-2.73171,1,0.000938773,-0.428289,0,-0.000119209,0.554681,0,0.00828197,35,19.4,0.974499,-0.0100895,1,-0.159457,-0.0555862,0,-0.677854,0.292958,0,0.0154673
0,19.5,0.1406,-2.00056,1,-0.379079,-0.00915527,0,0.43535,0.0327975,0,0.0101988,1,19.5,2.99999,-2.16322,1,1.78814e-05,0.497114,0,0,0.0635087,0,0.00673495,2,19.5,-0.561251,0.0614671,1,0.499822,0.338881,0,0.00714138,0.902502,0,0.0153872,3,19.5,-2.48098,1.95015,1,-0.499115,-0.172913,0,0.0195503,-0.931725,0,0.0112446,4,19.5,-0.940695,-1.00064,1,0.215925,0.00260584,0,0.643235,-0.00232458,0,0.0122751,5,19.5,0.834333,-3,1,0.309234,1.41561e-05,0,-0.961844,2.98023e-05,0,0.00929521,6,19.5,2.14711,-2.00001,1,-0.280369,5.17815e-05,0,0.969216,-0.00064075,0,0.00975773,7,19.5,2.52486,-0.998967,1,-0.5,-0.00295518,0,0,0.00339374,0,0.0107292,8,19.5,1.1847,-1.99891,1,-0.415263,-0.00192001,0,0.362702,-0.00089407,0,0.00983436,9,19.5,-2.99995,-2.99996,1,-7.1153e-05,-0.000555441,0,-0.00013411,0.00481308,0,0.00852673,10,19.5,0.495916,1.00042,1,0.5,0.0106141,0,5.66244e-06,0.197485,0,0.0101111,11,19.5,-1.9907,1.42934,1,0.00809636,0.5,0,-0.0403896,-7.45058e-06,0,0.0110971,12,19.5,2.99997,2.00024,1,-8.12113e-05,-0.00288524,0,0.000149012,0.00669062,0,0.00597226,13,19.5,-1.01595,2.00002,1,0.0234513,2.75671e-05,0,0.0706092,-0.000268221,0,0.00918201,14,19.5,-1.66754,2.9999,1,-0.498546,-0.00161268,0,-0.00841916,-0.0552982,0,0.00558947,15,19.5,-0.793844,-1.99142,1,-0.499942,-0.00604168,0,-0.00233948,-0.0178963,0,0.0112723,16,19.5,-0.999048,1.00264,1,-0.00260025,-0.126192,0,-1.49012e-05,-0.678919,0,0.0114221,17,19.5,1.7762,-2.99972,1,0.353947,-0.0015419,0,-0.899389,0.00537932,0,0.0075506,18,19.5,-2.99702,0.55115,1,-0.000507757,-0.5,0,-0.00928342,0,0,0.00953388,19,19.5,-0.613185,3,1,-0.498174,0,0,0.0402778,0,0,0.00661012,20,19.5,0.983489,-0.959377,1,0.0335575,0.202925,0,0.0421144,0.540916,0,0.0151877,21,19.5,2.77504,-2.99995,1,0.35427,-8.27014e-05,0,-0.895962,-0.000119209,0,0.00774237,22,19.5,0.0130772,-0.594305,1,0.132071,-0.499325,0,0.614704,-0.0125729,0,0.0156142,23,19.5,1.47226,0.990952,1,0.496956,-0.0511874,0,-0.0628904,0.241999,0,0.0124082,24,19.5,-0.16451,-3,1,0.305992,0,0,-0.945041,0,0,0.00815507,25,19.5,1.41326,2.99889,1,-0.499636,-0.00852682,0,0.0113249,-0.0159293,0,0.00861001,26,19.5,-3,2.46965,1,0,0.369696,0,0,-0.937864,0,0.00635963,27,19.5,-1.52281,-0.00696475,1,0.5,-0.0656001,0,-7.45058e-06,-0.399795,0,0.0126295,28,19.5,2.47406,1.01751,1,0.5,0.0121942,0,0,-0.156455,0,0.00796557,29,19.5,2.01426,0.00206332,1,0.0192512,0.0137664,0,-0.208572,0.262804,0,0.00933906,30,19.5,-1.99888,-0.62229,1,-0.00234675,0.5,0,-0.00254065,0,0,0.0122733,31,19.5,2.99855,0.424066,1,-0.0195161,-0.499895,0,-0.217199,0.00420019,0,0.00593511,32,19.5,-3,-0.572575,1,0,-0.49991,0,0,0.00361353,0,0.00761427,33,19.5,0.669066,1.98638,1,0.499196,0.00113063,0,0.0151768,0.0973642,0,0.0104357,34,19.5,-1.00036,-2.77107,1,0.00121929,-0.353068,0,0.00551343,0.901729,0,0.00828197,35,19.5,0.954935,-0.0143262,1,-0.23356,-0.0305202,0,-0.781715,0.210506,0,0.0154673
0,19.6,0.104947,-2.00132,1,-0.33327,-0.00603795,0,0.477616,0.0293255,0,0.0134582,1,19.6,2.99999,-2.11331,1,1.19209e-05,0.5,0,0.000119209,0,0,0.00697511,2,19.6,-0.511254,0.0995125,1,0.5,0.418015,0,-1.43051e-05,0.663198,0,0.0153326,3,19.6,-2.53075,1.92801,1,-0.495762,-0.271052,0,0.0492334,-0.999928,0,0.010352,4,19.6,-0.915897,-1.00039,1,0.279596,0.00231564,0,0.617057,-0.00351667,0,0.0112415,5,19.6,0.860332,-2.99999,1,0.210188,1.78814e-05,0,-1.00002,-0.000119209,0,0.00876273,6,19.6,2.12401,-2.00001,1,-0.181144,-0.000101328,0,1.00017,-0.00274181,0,0.00920741,7,19.6,2.47486,-0.999245,1,-0.5,-0.00258982,0,0,0.0039041,0,0.0106598,8,19.6,1.14511,-1.99911,1,-0.375682,-0.00194609,0,0.42522,0.000238419,0,0.0106077,9,19.6,-2.99996,-2.99999,1,-7.7486e-05,-0.000154972,0,-0.000119209,0.00309944,0,0.00806942,10,19.6,0.545916,1.00269,1,0.5,0.036633,0,2.98023e-05,0.309825,0,0.0128446,11,19.6,-1.99009,1.47934,1,0.00403821,0.500003,0,-0.0403523,-5.96046e-05,0,0.0116106,12,19.6,2.99996,1.99999,1,-5.96046e-05,-0.00221133,0,0.000119209,0.00673532,0,0.00624887,13,19.6,-1.01332,2.00002,1,0.028494,5.96046e-06,0,0.0316501,-0.000357628,0,0.0110694,14,19.6,-1.71745,2.99951,1,-0.499564,-0.00571012,0,-0.00870228,-0.0280142,0,0.0060179,15,19.6,-0.843843,-1.99211,1,-0.5,-0.00751019,0,-2.98023e-05,-0.0116229,0,0.0148358,16,19.6,-0.999305,0.986518,1,-0.00250787,-0.196832,0,0.00175834,-0.712037,0,0.013102,17,19.6,1.80684,-2.99984,1,0.257191,-0.00104308,0,-0.999928,0.00452995,0,0.0103185,18,19.6,-2.99711,0.50115,1,-0.00135303,-0.5,0,-0.00762939,1.43051e-05,0,0.00949195,19,19.6,-0.662709,3,1,-0.491305,0,0,0.099808,0,0,0.00668904,20,19.6,0.986992,-0.936459,1,0.0359029,0.254355,0,0.00664592,0.47642,0,0.0143977,21,19.6,2.80572,-2.99996,1,0.257653,-8.9407e-05,0,-1.00005,0,0,0.00874241,22,19.6,0.0293194,-0.644203,1,0.192134,-0.497699,0,0.576704,0.0460148,0,0.0138757,23,19.6,1.52153,0.986969,1,0.487101,-0.0292256,0,-0.135422,0.197649,0,0.0116591,24,19.6,-0.138781,-3,1,0.20769,0,0,-1,0,0,0.00967597,25,19.6,1.3634,2.99799,1,-0.496775,-0.00910759,0,0.051558,0.00321865,0,0.00598885,26,19.6,-3,2.50174,1,0,0.271255,0,0,-1.00017,0,0.00914791,27,19.6,-1.47281,-0.0156505,1,0.500003,-0.109107,0,-5.96046e-05,-0.459487,0,0.0128399,28,19.6,2.52406,1.01801,1,0.5,-0.00151992,0,0,-0.118494,0,0.00625975,29,19.6,2.01523,0.00502239,1,0.00117421,0.047544,0,-0.15378,0.391142,0,0.0107787,30,19.6,-1.99912,-0.57229,1,-0.00247061,0.5,0,-0.000178814,2.98023e-05,0,0.0128484,31,19.6,2.99533,0.374131,1,-0.0463843,-0.498319,0,-0.308156,0.0335872,0,0.0071947,32,19.6,-3,-0.622519,1,0,-0.498553,0,0,0.0289083,0,0.00817876,33,19.6,0.71904,1.98692,1,0.500001,0.00922382,0,-2.98023e-05,0.0655055,0,0.0113981,34,19.6,-1.0002,-2.80162,1,0.00199378,-0.256234,0,0.00977516,0.999928,0,0.0117964,35,19.6,0.927653,-0.0164472,1,-0.311783,-0.0130645,0,-0.765055,0.140666,0,0.0163771
0,19.7,0.0740543,-2.00178,1,-0.284234,-0.00333227,0,0.498957,0.0246912,0,0.0134582,1,19.7,2.99999,-2.06331,1,1.93715e-05,0.5,0,5.96046e-05,0,0,0.00697511,2,19.7,-0.461348,0.144125,1,0.497184,0.469296,0,-0.0560264,0.367421,0,0.0153326,3,19.7,-2.57997,1.89613,1,-0.487614,-0.363749,0,0.112593,-0.83226,0,0.010352,4,19.7,-0.884871,-1.00018,1,0.340413,0.0019392,0,0.58775,-0.00395626,0,0.0112415,5,19.7,0.876351,-2.99999,1,0.110188,7.82311e-06,0,-1.00001,-7.45058e-05,0,0.00876273,6,19.7,2.1109,-2.00008,1,-0.0811361,-0.00177063,0,1.00002,-0.0287443,0,0.00920741,7,19.7,2.42487,-0.999484,1,-0.499898,-0.00219075,0,0.00405312,0.00404939,0,0.0106598,8,19.7,1.10973,-1.9993,1,-0.331163,-0.00187382,0,0.461996,0.00116229,0,0.0106077,9,19.7,-2.99997,-3,1,-8.27014e-05,8.45641e-05,0,0,0.00177324,0,0.00806942,10,19.7,0.595891,1.00827,1,0.499116,0.0779625,0,-0.0230707,0.496686,0,0.0128446,11,19.7,-1.98989,1.52934,1,0.000130199,0.5,0,-0.0374839,-7.45058e-06,0,0.0116106,12,19.7,2.99996,1.9998,1,-4.32134e-05,-0.00155885,0,0.000178814,0.00625104,0,0.00624887,13,19.7,-1.01037,2.00002,1,0.0300614,-2.30968e-05,0,0.00112504,-0.000238419,0,0.0110694,14,19.7,-1.76743,2.99883,1,-0.499972,-0.00761263,0,-0.00108778,-0.0107735,0,0.0060179,15,19.7,-0.893843,-1.99291,1,-0.5,-0.00839271,0,0,-0.00618398,0,0.0148358,16,19.7,-0.999545,0.963227,1,-0.00227252,-0.269074,0,0.0028573,-0.718232,0,0.013102,17,19.7,1.82756,-2.99993,1,0.157194,-0.000635535,0,-0.999995,0.00360608,0,0.0103185,18,19.7,-2.99728,0.45115,1,-0.00203028,-0.5,0,-0.00593066,0,0,0.00949195,19,19.7,-0.711229,3,1,-0.477936,0,0,0.169419,0,0,0.00668904,20,19.7,0.990568,-0.908663,1,0.0352042,0.301127,0,-0.0189543,0.450078,0,0.0143977,21,19.7,2.82649,-2.99997,1,0.15765,-8.56817e-05,0,-1,8.9407e-05,0,0.00874241,22,19.7,0.051315,-0.693553,1,0.246608,-0.487456,0,0.506592,0.156384,0,0.0138757,23,19.7,1.5692,0.984963,1,0.463152,-0.0115826,0,-0.333272,0.155631,0,0.0116591,24,19.7,-0.123011,-3,1,0.107755,0,0,-0.997385,0,0,0.00967597,25,19.7,1.31408,2.99712,1,-0.488659,-0.00812262,0,0.11424,0.015527,0,0.00598885,26,19.7,-3,2.52387,1,0,0.171246,0,0,-1.00002,0,0.00914791,27,19.7,-1.42288,-0.0289885,1,0.497854,-0.158671,0,-0.0449494,-0.520758,0,0.0128399,28,19.7,2.57406,1.01733,1,0.499884,-0.0115175,0,-0.00460446,-0.0824183,0,0.00625975,29,19.7,2.01467,0.0119774,1,-0.0115398,0.0935129,0,-0.101998,0.508899,0,0.0107787,30,19.7,-1.99936,-0.52229,1,-0.0023948,0.5,0,0.00160187,-2.08616e-06,0,0.0128484,31,19.7,2.98893,0.324629,1,-0.0833005,-0.490129,0,-0.416309,0.129143,0,0.0071947,32,19.7,-3,-0.672148,1,0,-0.493094,0,0,0.0848286,0,0.00817876,33,19.7,0.76904,1.98813,1,0.5,0.0144936,0,3.72529e-06,0.0406951,0,0.0113981,34,19.7,-0.999913,-2.82224,1,0.00412865,-0.156237,0,0.0312813,0.999987,0,0.0117964,35,19.7,0.892734,-0.0171097,1,-0.38512,-0.000758635,0,-0.677601,0.106235,0,0.0163771
0,19.8,0.0481317,-2.002,1,-0.23425,-0.00110865,0,0.497149,0.0196695,0,0.0116349,1,19.8,2.99999,-2.01331,1,1.78814e-05,0.500003,0,0.000119209,-5.96046e-05,0,0.00638031,2,19.8,-0.412001,0.192462,1,0.488864,0.493466,0,-0.11,0.130675,0,0.0147527,3,19.8,-2.62807,1.856,1,-0.473464,-0.434431,0,0.169158,-0.572443,0,0.00974925,4,19.8,-0.84802,-1.00001,1,0.3951,0.00153482,0,0.497043,-0.00414252,0,0.0133235,5,19.8,0.88237,-2.99999,1,0.0101879,0,0,-1.00002,-0.000119209,0,0.00924919,6,19.8,2.10778,-2.00043,1,0.0188589,-0.00550151,0,1.00017,-0.0439882,0,0.00874688,7,19.8,2.37493,-0.999683,1,-0.498372,-0.00178814,0,0.0325441,0.00402331,0,0.0107468,8,19.8,1.07896,-1.99948,1,-0.283903,-0.00171959,0,0.480115,0.00184774,0,0.0111121,9,19.8,-2.99998,-2.99998,1,-7.7486e-05,0.000208616,0,0,0.000834465,0,0.00939929,10,19.8,0.645612,1.01872,1,0.49445,0.132295,0,-0.0741482,0.573337,0,0.0159167,11,19.8,-1.99005,1.57934,1,-0.00340044,0.500003,0,-0.0328422,-5.96046e-05,0,0.00910058,12,19.8,2.99996,1.99967,1,-2.38419e-05,-0.000965595,0,0.000238419,0.00542402,0,0.00678411,13,19.8,-1.0074,2.00002,1,0.0289947,-3.57628e-05,0,-0.0212789,-0.000238419,0,0.00902633,14,19.8,-1.81743,2.99804,1,-0.500003,-0.0080049,0,5.96046e-05,0.00226498,0,0.00590452,15,19.8,-0.943843,-1.99377,1,-0.5,-0.00877976,0,-2.98023e-05,-0.00178814,0,0.0142395,16,19.8,-0.999757,0.93282,1,-0.00195354,-0.337869,0,0.00351667,-0.646144,0,0.0137568,17,19.8,1.83828,-2.99998,1,0.0571936,-0.000321865,0,-0.999987,0.0026226,0,0.00995751,18,19.8,-2.99751,0.40115,1,-0.0025332,-0.5,0,-0.00417233,1.43051e-05,0,0.00888806,19,19.8,-0.758048,3,1,-0.457168,0,0,0.246674,0,0,0.00538714,20,19.8,0.993963,-0.876405,1,0.0324219,0.342786,0,-0.0352859,0.376195,0,0.0141587,21,19.8,2.83726,-2.99998,1,0.0576556,-7.7486e-05,0,-1.00017,0.000119209,0,0.00870359,22,19.8,0.0783497,-0.741351,1,0.292373,-0.466926,0,0.404108,0.251621,0,0.0140009,23,19.8,1.6136,0.984517,1,0.422394,0.00199527,0,-0.472546,0.116378,0,0.013271,24,19.8,-0.117201,-3,1,0.00873618,0,0,-0.97907,0,0,0.0108673,25,19.8,1.26591,2.9964,1,-0.473377,-0.006181,0,0.193417,0.0225306,0,0.00702174,26,19.8,-3,2.53599,1,0,0.0712514,0,0,-1.00017,0,0.00944076,27,19.8,-1.37341,-0.0474833,1,0.490668,-0.211228,0,-0.100076,-0.521133,0,0.013232,28,19.8,2.62399,1.01582,1,0.498164,-0.0181913,0,-0.0369549,-0.0519156,0,0.00653702,29,19.8,2.01308,0.0239349,1,-0.0195146,0.145862,0,-0.0590086,0.522785,0,0.0133208,30,19.8,-1.99959,-0.47229,1,-0.00217259,0.5,0,0.00286102,-1.43051e-05,0,0.0138462,31,19.8,2.97844,0.276412,1,-0.127119,-0.472739,0,-0.448346,0.217252,0,0.00991192,32,19.8,-3,-0.720911,1,0,-0.48085,0,0,0.162899,0,0.00886365,33,19.8,0.81904,1.98974,1,0.5,0.0175148,0,2.98023e-05,0.0204444,0,0.0100615,34,19.8,-0.99932,-2.83286,1,0.00793934,-0.0562429,0,0.0434518,1.00017,0,0.0115642,35,19.8,0.851128,-0.016706,1,-0.443736,0.00833506,0,-0.483096,0.0763806,0,0.0174057
0,19.9,0.0271613,-2.00202,1,-0.185549,0.000602752,0,0.473811,0.0146031,0,0.0116349,1,19.9,3,-1.96331,1,2.16067e-05,0.5,0,-2.98023e-05,-7.45058e-06,0,0.00638031,2,19.9,-0.363769,0.242208,1,0.474776,0.499592,0,-0.170438,0.0163326,0,0.0147527,3,19.9,-2.67448,1.81017,1,-0.453732,-0.477607,0,0.22395,-0.296049,0,0.00974925,4,19.9,-0.806175,-0.999873,1,0.440156,0.00113221,0,0.398308,-0.00388548,0,0.0133235,5,19.9,0.878388,-2.99999,1,-0.0898127,-9.68575e-06,0,-1.00001,-5.96046e-05,0,0.00924919,6,19.9,2.11467,-2.00122,1,0.118867,-0.0103548,0,1.00002,-0.0517666,0,0.00874688,7,19.9,2.32534,-0.999842,1,-0.492458,-0.00139643,0,0.0900924,0.00379235,0,0.0107468,8,19.9,1.05298,-1.99964,1,-0.235777,-0.00151042,0,0.47899,0.00230223,0,0.0111121,9,19.9,-2.99998,-2.99996,1,-7.07805e-05,0.000254437,0,0.000119209,0.00013411,0,0.00939929,10,19.9,0.694467,1.03492,1,0.480559,0.192419,0,-0.199731,0.6155,0,0.0159167,11,19.9,-1.99055,1.62924,1,-0.00630803,0.49716,0,-0.0253469,-0.059098,0,0.00910058,12,19.9,2.99996,1.9996,1,-3.72529e-07,-0.000468269,0,0.000223517,0.00451505,0,0.00678411,13,19.9,-1.00463,2.00001,1,0.0260793,-5.25266e-05,0,-0.035882,-0.000104308,0,0.00902633,14,19.9,-1.86743,2.99726,1,-0.5,-0.00742041,0,7.45058e-06,0.00907481,0,0.00590452,15,19.9,-0.993843,-1.99465,1,-0.5,-0.00877418,0,7.45058e-06,0.00177324,0,0.0142395,16,19.9,-0.999934,0.895948,1,-0.00158856,-0.397869,0,0.00373647,-0.544943,0,0.0137568,17,19.9,1.839,-3,1,-0.0428058,-0.000103563,0,-1,0.00175834,0,0.00995751,18,19.9,-2.99778,0.351285,1,-0.00285357,-0.495937,0,-0.00226498,0.0818371,0,0.00888806,19,19.9,-0.802369,3,1,-0.427723,0,0,0.338588,0,0,0.00538714,20,19.9,0.997059,-0.840166,1,0.0297458,0.382482,0,-0.0198297,0.405628,0,0.0141587,21,19.9,2.83802,-2.99998,1,-0.0423528,-6.51926e-05,0,-1.00002,0.00013411,0,0.00870359,22,19.9,0.109504,-0.786618,1,0.329549,-0.436847,0,0.334435,0.345249,0,0.0140009,23,19.9,1.65306,0.985238,1,0.36325,0.0118469,0,-0.689097,0.0811107,0,0.013271,24,19.9,-0.12122,-3,1,-0.0886537,0,0,-0.951517,0,0,0.0108673,25,19.9,1.21972,2.99589,1,-0.448698,-0.00382252,0,0.296883,0.0241846,0,0.00702174,26,19.9,-3,2.53812,1,0,-0.028757,0,0,-1.00002,0,0.00944076,27,19.9,-1.32499,-0.0712496,1,0.476316,-0.264243,0,-0.185072,-0.530052,0,0.013232,28,19.9,2.67352,1.01378,1,0.49153,-0.0221016,0,-0.100046,-0.0270978,0,0.00653702,29,19.9,2.0109,0.041154,1,-0.0236101,0.19838,0,-0.0242293,0.514727,0,0.0133208,30,19.9,-1.9998,-0.422292,1,-0.00185464,0.499887,0,0.00344962,-0.00451498,0,0.0138462,31,19.9,2.96345,0.230394,1,-0.172797,-0.446038,0,-0.455812,0.312553,0,0.00991192,32,19.9,-3,-0.767993,1,0,-0.458977,0,0,0.27157,0,0.00886365,33,19.9,0.86904,1.99157,1,0.5,0.018757,0,0,0.00499934,0,0.0100615,34,19.9,-0.998216,-2.83349,1,0.014927,0.0436671,0,0.091169,0.996083,0,0.0115642,35,19.9,0.804723,-0.0155372,1,-0.480545,0.014596,0,-0.255223,0.0496652,0,0.0174057
0,20,0.0109155,-2.0019,1,-0.140026,0.00182986,0,0.434328,0.00977516,0,0.0108926,1,20,3,-1.91331,1,1.78814e-05,0.500003,0,-0.000119209,-5.96046e-05,0,0.00572012,2,20,-0.317234,0.2922,1,0.455041,0.5,0,-0.222951,0,0,0.0148075,3,20,-2.71865,1.76132,1,-0.428981,-0.495791,0,0.269532,-0.0841618,0,0.0111386,4,20,-0.760371,-0.999778,1,0.473799,0.000761449,0,0.270724,-0.00351667,0,0.0140561,5,20,0.864407,-2.99999,1,-0.189812,-1.19209e-05,0,-1.00002,-0.000119209,0,0.00897166,6,20,2.13155,-2.00252,1,0.218862,-0.0156105,0,1.00017,-0.0520945,0,0.00878685,7,20,2.27667,-0.999963,1,-0.479656,-0.00103265,0,0.168681,0.00342727,0,0.0120523,8,20,1.03177,-1.99978,1,-0.188726,-0.0012666,0,0.459254,0.00244379,0,0.0116849,9,20,-2.99999,-2.99993,1,-5.36442e-05,0.000244379,0,0.000119209,-0.000357628,0,0.00787493,10,20,0.741345,1.05721,1,0.455283,0.252944,0,-0.301927,0.584126,0,0.014104,11,20,-1.99129,1.67855,1,-0.00847876,0.487807,0,-0.0181198,-0.129402,0,0.0111432,12,20,2.99996,1.99958,1,1.78814e-05,-6.55651e-05,0,0.000238419,0.00357628,0,0.00648437,13,20,-1.00222,2.00001,1,0.0220239,-5.96046e-05,0,-0.044167,0,0,0.00899478,14,20,-1.91743,2.99658,1,-0.500003,-0.00626445,0,5.96046e-05,0.0139475,0,0.00829558,15,20,-1.04384,-1.99551,1,-0.5,-0.00845194,0,0,0.00458956,0,0.0140058,16,20,-1.00007,0.853661,1,-0.00121593,-0.445502,0,0.00375509,-0.402987,0,0.0146487,17,20,1.82972,-3,1,-0.142807,2.98023e-05,0,-0.999987,0.00119209,0,0.00860056,18,20,-2.99808,0.302239,1,-0.00299215,-0.483579,0,-0.000715256,0.165299,0,0.00790455,19,20,-0.843323,3,1,-0.390169,0,0,0.408918,0,0,0.00588791,20,20,0.999949,-0.799923,1,0.0281662,0.421825,0,-0.0129938,0.37238,0,0.0165535,21,20,2.82878,-2.99999,1,-0.142348,-4.76837e-05,0,-1.00017,0,0,0.00911116,22,20,0.143981,-0.828455,1,0.358406,-0.39878,0,0.23912,0.411838,0,0.0130245,23,20,1.68573,0.986773,1,0.288427,0.0183225,0,-0.790238,0.0489652,0,0.014518,24,20,-0.13468,-3,1,-0.178556,0,0,-0.833638,0,0,0.0106084,25,20,1.17648,2.99563,1,-0.414667,-0.00143051,0,0.380397,0.023365,0,0.00636237,26,20,-3,2.53024,1,0,-0.128752,0,0,-1.00017,0,0.00815535,27,20,-1.27841,-0.100275,1,0.454035,-0.315578,0,-0.258565,-0.48916,0,0.0149978,28,20,2.72204,1.01147,1,0.477469,-0.0237674,0,-0.18394,-0.00697374,0,0.00571119,29,20,2.00846,0.0634641,1,-0.0246167,0.246559,0,0.00286102,0.439219,0,0.0136467,30,20,-1.99996,-0.372362,1,-0.00149906,0.498194,0,0.00375509,-0.0361055,0,0.0155403,31,20,2.94394,0.187481,1,-0.216597,-0.411041,0,-0.412583,0.383474,0,0.00997751,32,20,-3,-0.812374,1,0,-0.427155,0,0,0.361651,0,0.0115684,33,20,0.91904,1.99345,1,0.5,0.0186324,0,2.98023e-05,-0.00703335,0,0.0117152,34,20,-0.996224,-2.82417,1,0.0252306,0.142187,0,0.110567,0.968575,0,0.010341,35,20,0.755728,-0.0138677,1,-0.49632,0.0184268,0,-0.0736117,0.027712,0,0.0132728
0,20.1,-0.00100006,-2.00167,1,-0.099167,0.00259615,0,0.381522,0.00567734,0,0.0108926,1,20.1,3,-1.86331,1,7.82311e-06,0.5,0,-7.45058e-05,-7.45058e-06,0,0.00572012,2,20.1,-0.272926,0.3422,1,0.430348,0.5,0,-0.269471,-3.57628e-06,0,0.0148075,3,20.1,-2.76012,1.71148,1,-0.399746,-0.499737,0,0.312984,-0.0105202,0,0.0111386,4,20.1,-0.711892,-0.999719,1,0.493333,0.000437163,0,0.124093,-0.00296533,0,0.0140561,5,20.1,0.840561,-3,1,-0.285411,-1.75089e-05,0,-0.898708,-1.49012e-05,0,0.00897166,6,20.1,2.15838,-2.00427,1,0.316517,-0.0188529,0,0.929743,-0.0144243,0,0.00878685,7,20.1,2.22973,-1.00005,1,-0.457243,-0.000712741,0,0.276521,0.00295416,0,0.0120523,8,20.1,1.01514,-1.99989,1,-0.144516,-0.00101794,0,0.422791,0.00249594,0,0.0116849,9,20.1,-3,-2.99991,1,-3.76254e-05,0.000195205,0,0.000163913,-0.000596046,0,0.00787493,10,20.1,0.785134,1.08532,1,0.418424,0.308122,0,-0.426766,0.515901,0,0.014104,11,20.1,-1.99222,1.72656,1,-0.009951,0.471239,0,-0.0113845,-0.202827,0,0.0111432,12,20.1,2.99996,1.99958,1,3.7998e-05,0.000241771,0,0.000149012,0.0025928,0,0.00648437,13,20.1,-1.00024,2,1,0.0174327,-5.66244e-05,0,-0.0469387,7.45058e-05,0,0.00899478,14,20.1,-1.96743,2.99602,1,-0.5,-0.00477955,0,7.45058e-06,0.0155866,0,0.00829558,15,20.1,-1.09384,-1.99633,1,-0.5,-0.00789054,0,0,0.00654161,0,0.0140058,16,20.1,-1.00018,0.807368,1,-0.000856258,-0.477665,0,0.00341982,-0.241201,0,0.0146487,17,20.1,1.81049,-2.99999,1,-0.240792,0.000119954,0,-0.943519,0.000655651,0,0.00860056,18,20.1,-2.99792,0.254839,1,0.010062,-0.463129,0,0.240415,0.243381,0,0.00790455,19,20.1,-0.880213,3,1,-0.346886,0,0,0.453621,0,0,0.00588791,20,20.1,1.00266,-0.755896,1,0.0257162,0.457982,0,-0.0346676,0.329625,0,0.0165535,21,20.1,2.80957,-2.99999,1,-0.241489,-4.13507e-05,0,-0.971332,0.000104308,0,0.00911116,22,20.1,0.181247,-0.866187,1,0.38875,-0.355115,0,0.349709,0.456981,0,0.0130245,23,20.1,1.71029,0.988804,1,0.200273,0.0218343,0,-0.945874,0.0219569,0,0.014518,24,20.1,-0.156475,-3,1,-0.254984,0,0,-0.691753,0,0,0.0106084,25,20.1,1.13702,2.9956,1,-0.373564,0.000779703,0,0.438586,0.0205785,0,0.00636237,26,20.1,-3,2.51239,1,0,-0.227837,0,0,-0.970632,0,0.00815535,27,20.1,-1.23442,-0.134274,1,0.424633,-0.364163,0,-0.326492,-0.474519,0,0.0149978,28,20.1,2.76867,1.00909,1,0.453245,-0.0236286,0,-0.297055,0.00896305,0,0.00571119,29,20.1,2.00605,0.0902032,1,-0.0233218,0.28691,0,0.0220537,0.360763,0,0.0136467,30,20.1,-2.00009,-0.322573,1,-0.00113863,0.49853,0,0.00343472,0.0218209,0,0.0155403,31,20.1,2.92022,0.14838,1,-0.257697,-0.370225,0,-0.397936,0.429474,0,0.00997751,32,20.1,-3,-0.852666,1,0,-0.373266,0,0,0.686787,0,0.0115684,33,20.1,0.96904,1.99526,1,0.5,0.0175279,0,0,-0.0146627,0,0.0117152,34,20.1,-0.993103,-2.80513,1,0.0375166,0.238101,0,0.129458,0.931993,0,0.010341,35,20.1,0.70587,-0.011917,1,-0.49977,0.0203004,0,-0.00919774,0.010422,0,0.0132728
0,20.2,-0.00910558,-2.00139,1,-0.0639276,0.00298619,0,0.322529,0.00226498,0,0.0129599,1,20.2,3,-1.81331,1,0,0.500003,0,0,-5.96046e-05,0,0.0053844,2,20.2,-0.231305,0.3922,1,0.401435,0.5,0,-0.307351,1.43051e-05,0,0.0164084,3,20.2,-2.79848,1.66149,1,-0.366807,-0.500003,0,0.343919,5.96046e-05,0,0.00932327,4,20.2,-0.662147,-0.999689,1,0.499621,0.000166893,0,0.00756979,-0.00241399,0,0.0129674,5,20.2,0.807783,-3,1,-0.367375,-1.78814e-05,0,-0.732094,0.000119209,0,0.00682287,6,20.2,2.1944,-2.00618,1,0.400311,-0.0188172,0,0.724316,0.0137091,0,0.00821699,7,20.2,2.18555,-1.00011,1,-0.424981,-0.000438094,0,0.365496,0.00238419,0,0.0158088,8,20.2,1.00273,-1.99998,1,-0.104533,-0.00077486,0,0.37533,0.0025034,0,0.0140018,9,20.2,-3,-2.99989,1,-2.38419e-05,0.00013113,0,0.000238419,-0.000715256,0,0.00824084,10,20.2,0.824695,1.11858,1,0.371519,0.3555,0,-0.503957,0.428855,0,0.0140017,11,20.2,-1.99326,1.77255,1,-0.0107706,0.44716,0,-0.0051856,-0.278711,0,0.0102219,12,20.2,2.99996,1.99962,1,4.76837e-05,0.000452995,0,0.000238419,0.00166893,0,0.00615368,13,20.2,-0.998735,2,1,0.0127658,-4.76837e-05,0,-0.0458956,0.000119209,0,0.00960706,14,20.2,-2.01743,2.99562,1,-0.5,-0.00318289,0,0,0.0162125,0,0.00683761,15,20.2,-1.14384,-1.99709,1,-0.500003,-0.00716448,0,5.96046e-05,0.00792742,0,0.0125624,16,20.2,-1.00025,0.758644,1,-0.000533462,-0.494455,0,0.00298023,-0.100791,0,0.0108059,17,20.2,1.7819,-2.99998,1,-0.328791,0.000154972,0,-0.805616,0.000357628,0,0.00842216,18,20.2,-2.99547,0.209869,1,0.0411987,-0.435033,0,0.36478,0.317551,0,0.0100279,19,20.2,-0.912582,3,1,-0.300068,0,0,0.479609,0,0,0.00624001,20,20.2,1.00503,-0.708645,1,0.0214845,0.484857,0,-0.048697,0.200063,0,0.0134976,21,20.2,2.78072,-3,1,-0.333273,-2.38419e-05,0,-0.842452,0,0,0.00761656,22,20.2,0.22193,-0.899371,1,0.425127,-0.308223,0,0.363655,0.476956,0,0.0133008,23,20.2,1.72552,0.991057,1,0.104013,0.0228509,0,-0.958681,-0.000864267,0,0.0139097,24,20.2,-0.185175,-3,1,-0.316394,0,0,-0.53449,0,0,0.00764497,25,20.2,1.10193,2.99578,1,-0.327572,0.00264049,0,0.478029,0.0164509,0,0.00648658,26,20.2,-3,2.4849,1,0,-0.320023,0,0,-0.855446,0,0.00677668,27,20.2,-1.19368,-0.172983,1,0.389311,-0.409031,0,-0.377059,-0.416338,0,0.0125547,28,20.2,2.81235,1.00679,1,0.418764,-0.0221223,0,-0.388861,0.020504,0,0.00529709,29,20.2,2.00385,0.12052,1,-0.0203967,0.31753,0,0.0354052,0.24689,0,0.0141166,30,20.2,-2.00019,-0.272631,1,-0.000810623,0.49994,0,0.00309944,0.00119925,0,0.0141482,31,20.2,2.89256,0.113556,1,-0.294191,-0.325796,0,-0.323534,0.455983,0,0.00971119,32,20.2,-3,-0.886222,1,0,-0.29511,0,0,0.852555,0,0.00643986,33,20.2,1.01904,1.99693,1,0.5,0.0157744,0,0,-0.0200868,0,0.00954944,34,20.2,-0.988712,-2.77684,1,0.0501022,0.32559,0,0.117779,0.805974,0,0.00892563,35,20.2,0.655875,-0.00985883,1,-0.5,0.0206376,0,-2.98023e-05,-0.00307798,0,0.0130278
0,20.3,-0.0139905,-2.00108,1,-0.0348165,0.00307225,0,0.25988,-0.000432134,0,0.0129599,1,20.3,3,-1.76331,1,0,0.5,0,0,-7.45058e-06,0,0.0053844,2,20.3,-0.192767,0.4422,1,0.368712,0.5,0,-0.344781,-1.78814e-06,0,0.0164084,3,20.3,-2.8334,1.61149,1,-0.331407,-0.5,0,0.362307,7.45058e-06,0,0.00932327,4,20.3,-0.612161,-0.999683,1,0.499976,-4.47035e-05,0,0.000953674,-0.00183284,0,0.0129674,5,20.3,0.767858,-3,1,-0.426439,-7.82311e-06,0,-0.452176,7.45058e-05,0,0.00682287,6,20.3,2.23756,-2.00796,1,0.458243,-0.0166301,0,0.436679,0.029102,0,0.00821699,7,20.3,2.14502,-1.00111,1,-0.384353,-0.0281889,0,0.441194,-0.517279,0,0.0158088,8,20.3,0.994059,-2.00005,1,-0.0697632,-0.000537559,0,0.319462,0.00222027,0,0.0140018,9,20.3,-3,-2.99988,1,-4.84288e-06,5.99772e-05,0,0.000163913,-0.000700355,0,0.00824084,10,20.3,0.859071,1.15613,1,0.313832,0.394111,0,-0.633918,0.346221,0,0.0140017,11,20.3,-1.99435,1.81572,1,-0.0109769,0.41486,0,0.000834465,-0.363484,0,0.0102219,12,20.3,2.99997,2.00138,1,6.33299e-05,0.04819,0,8.9407e-05,0.815555,0,0.00615368,13,20.3,-0.997681,1.99999,1,0.00837436,-3.55765e-05,0,-0.0416078,0.00012666,0,0.00960706,14,20.3,-2.06743,2.99539,1,-0.5,-0.00159517,0,0,0.0154674,0,0.00683761,15,20.3,-1.19384,-1.99776,1,-0.5,-0.00633746,0,7.45058e-06,0.00855327,0,0.0125624,16,20.3,-1.00029,0.708876,1,-0.000264496,-0.499527,0,0.00241399,-0.016395,0,0.0108059,17,20.3,1.74541,-2.99996,1,-0.396763,0.000171736,0,-0.55629,-1.49012e-05,0,0.00842216,18,20.3,-2.9891,0.168078,1,0.0894964,-0.399619,0,0.574201,0.386968,0,0.0100279,19,20.3,-0.940171,3,1,-0.251616,0,0,0.485774,0,0,0.00624001,20,20.3,1.00693,-0.659408,1,0.0163816,0.497593,0,-0.0527203,0.0635609,0,0.0134976,21,20.3,2.74434,-3,1,-0.383624,-1.49012e-05,0,-0.198454,0.000119209,0,0.00761656,22,20.3,0.266224,-0.927813,1,0.459904,-0.260723,0,0.313732,0.470765,0,0.0133008,23,20.3,1.73105,0.993297,1,0.00614785,0.0215583,0,-0.986919,-0.0237823,0,0.0139097,24,20.3,-0.219039,-3,1,-0.356547,0,0,-0.274639,0,0,0.00764497,25,20.3,1.07161,2.99611,1,-0.278631,0.00403374,0,0.496738,0.0114143,0,0.00648658,26,20.3,-3,2.44896,1,0,-0.395441,0,0,-0.651121,0,0.00677668,27,20.3,-1.15669,-0.215833,1,0.349925,-0.446499,0,-0.408016,-0.328073,0,0.0125547,28,20.3,2.85216,1.00469,1,0.376193,-0.0196829,0,-0.458688,0.0277162,0,0.00529709,29,20.3,2.002,0.1534,1,-0.0165246,0.338861,0,0.0415146,0.174538,0,0.0141166,30,20.3,-2.00026,-0.222633,1,-0.000525638,0.499996,0,0.0026077,0.000151694,0,0.0141482,31,20.3,2.86165,0.0832849,1,-0.322495,-0.279442,0,-0.237554,0.467601,0,0.00971119,32,20.3,-3,-0.911873,1,0,-0.221659,0,0,0.626665,0,0.00643986,33,20.3,1.06904,1.99841,1,0.5,0.0136096,0,0,-0.0229478,0,0.00954944,34,20.3,-0.983314,-2.74043,1,0.0559955,0.400213,0,0.00576302,0.665754,0,0.00892563,35,20.3,0.605875,-0.00782751,1,-0.5,0.0198305,0,0,-0.0125825,0,0.0130278
0,20.4,-0.016275,-2.00078,1,-0.0118817,0.00292659,0,0.199327,-0.0025034,0,0.0120821,1,20.4,3,-1.71331,1,0,0.500003,0,0,-5.96046e-05,0,0.00592272,2,20.4,-0.157665,0.4922,1,0.332925,0.5,0,-0.368804,-1.43051e-05,0,0.0168164,3,20.4,-2.86471,1.56149,1,-0.294685,-0.500003,0,0.370622,5.96046e-05,0,0.00910486,4,20.4,-0.562162,-0.999696,1,0.5,-0.000201166,0,2.98023e-05,-0.0013113,0,0.0116638,5,20.4,0.723395,-3,1,-0.458509,-5.96046e-06,0,-0.193149,0.000238419,0,0.00949775,6,20.4,2.28513,-2.00946,1,0.488973,-0.0131786,0,0.188708,0.0393391,0,0.00802599,7,20.4,2.10887,-1.00709,1,-0.337839,-0.096485,0,0.48399,-0.814676,0,0.016968,8,20.4,0.988584,-2.00009,1,-0.0407174,-0.000333786,0,0.261337,0.00202656,0,0.0111319,9,20.4,-3,-2.99988,1,5.96046e-06,-5.96046e-06,0,0.000119209,-0.000715256,0,0.00809998,10,20.4,0.88718,1.19715,1,0.247633,0.425243,0,-0.67696,0.278711,0,0.0132938,11,20.4,-1.99544,1.85527,1,-0.0106454,0.375211,0,0.00566244,-0.425756,0,0.0107749,12,20.4,2.99998,2.01077,1,6.55651e-05,0.142586,0,0,1.00005,0,0.00551567,13,20.4,-0.997042,1.99999,1,0.00449866,-2.38419e-05,0,-0.0356734,0.000178814,0,0.0105881,14,20.4,-2.11743,2.9953,1,-0.5,-0.000113249,0,0,0.0143051,0,0.00574265,15,20.4,-1.24384,-1.99835,1,-0.500003,-0.00546575,0,5.96046e-05,0.00882149,0,0.0126843,16,20.4,-1.0003,0.658886,1,-5.06639e-05,-0.5,0,0.00184774,-2.98023e-05,0,0.012507,17,20.4,1.70335,-2.99994,1,-0.440603,0.000154972,0,-0.323594,-0.000238419,0,0.0112304,18,20.4,-2.97712,0.130139,1,0.151187,-0.358368,0,0.638366,0.434543,0,0.0100659,19,20.4,-0.96292,3,1,-0.203584,0,0,0.47183,0,0,0.00615794,20,20.4,1.0083,-0.609475,1,0.0110596,0.5,0,-0.0531673,2.98023e-05,0,0.0131323,21,20.4,2.70582,-3,1,-0.379282,0,0,0.255823,0.000119209,0,0.0084226,22,20.4,0.313594,-0.951558,1,0.485408,-0.214492,0,0.189856,0.451922,0,0.0125684,23,20.4,1.72678,0.995304,1,-0.090754,0.018324,0,-0.936568,-0.0398159,0,0.0159291,24,20.4,-0.255679,-3,1,-0.372548,0,0,-0.0515729,0,0,0.00807582,25,20.4,1.04623,2.99657,1,-0.228977,0.00493526,0,0.492752,0.0064373,0,0.00648995,26,20.4,-3,2.40651,1,0,-0.450057,0,0,-0.441194,0,0.00841379,27,20.4,-1.12377,-0.261948,1,0.308207,-0.474017,0,-0.423908,-0.220999,0,0.0141204,28,20.4,2.8874,1.00287,1,0.327814,-0.0166863,0,-0.504613,0.0316501,0,0.00650708,29,20.4,2.00057,0.188004,1,-0.0122011,0.351587,0,0.0446439,0.0766593,0,0.0121307,30,20.4,-2.0003,-0.172633,1,-0.000286102,0.5,0,0.00202656,0,0,0.011755,31,20.4,2.82839,0.0576732,1,-0.340891,-0.232922,0,-0.127077,0.459829,0,0.0101459,32,20.4,-3,-0.93121,1,0,-0.167908,0,0,0.45684,0,0.00846556,33,20.4,1.11904,1.99965,1,0.500003,0.0112355,0,-5.96046e-05,-0.0244379,0,0.0115386,34,20.4,-0.977831,-2.69744,1,0.0523254,0.455862,0,-0.074178,0.439167,0,0.00962194,35,20.4,0.555875,-0.00591974,1,-0.5,0.018212,0,-2.98023e-05,-0.0193597,0,0.012401
0,20.5,-0.016564,-2.0005,1,0.0051529,0.00260882,0,0.142484,-0.00374019,0,0.0120821,1,20.5,3,-1.66331,1,0,0.5,0,0,-7.45058e-06,0,0.00592272,2,20.5,-0.126237,0.5422,1,0.295475,0.5,0,-0.37849,5.66244e-06,0,0.0168164,3,20.5,-2.89233,1.51149,1,-0.25764,-0.5,0,0.368923,7.45058e-06,0,0.00910486,4,20.5,-0.512162,-0.999722,1,0.5,-0.000307523,0,-2.08616e-06,-0.000834465,0,0.0116638,5,20.5,0.677335,-3,1,-0.455748,1.15484e-05,0,0.224505,0.00013411,0,0.00949775,6,20.5,2.33465,-2.01057,1,0.498912,-0.00900179,0,0.0355244,0.0436008,0,0.00802599,7,20.5,2.07752,-1.02117,1,-0.289057,-0.187798,0,0.489026,-0.976838,0,0.016968,8,20.5,0.98572,-2.00012,1,-0.0175336,-0.000152737,0,0.202931,0.00157952,0,0.0111319,9,20.5,-3,-2.99989,1,1.41561e-05,-6.85453e-05,0,2.98023e-05,-0.000536442,0,0.00809998,10,20.5,0.908803,1.24111,1,0.187207,0.453918,0,-0.534575,0.278383,0,0.0132938,11,20.5,-1.99647,1.8906,1,-0.00989754,0.330652,0,0.00911206,-0.462279,0,0.0107749,12,20.5,2.99998,2.03003,1,6.10948e-05,0.242494,0,-5.96046e-05,0.996217,0,0.00551567,13,20.5,-0.996759,1.99999,1,0.00128318,-8.00937e-06,0,-0.0285953,0.00012666,0,0.0105881,14,20.5,-2.16743,2.99536,1,-0.5,0.0011988,0,0,0.0119209,0,0.00574265,15,20.5,-1.29384,-1.99885,1,-0.5,-0.00458881,0,7.45058e-06,0.00867248,0,0.0126843,16,20.5,-1.0003,0.608886,1,0.000108778,-0.5,0,0.00135601,0,0,0.012507,17,20.5,1.65894,-2.99993,1,-0.436069,0.00012219,0,0.364386,-0.000417233,0,0.0112304,18,20.5,-2.9588,0.0964954,1,0.215126,-0.314363,0,0.62944,0.443264,0,0.0100659,19,20.5,-0.980966,3,1,-0.157891,0,0,0.439603,0,0,0.00615794,20,20.5,1.00915,-0.559475,1,0.00598729,0.5,0,-0.048086,0,0,0.0131323,21,20.5,2.67061,-3,1,-0.314165,9.68575e-06,0,0.906974,5.96046e-05,0,0.0084226,22,20.5,0.36285,-0.970808,1,0.497584,-0.171134,0,0.0619756,0.414468,0,0.0125684,23,20.5,1.7129,0.996896,1,-0.187504,0.0131411,0,-0.980996,-0.0615939,0,0.0159291,24,20.5,-0.292543,-3,1,-0.358836,0,0,0.30232,0,0,0.00807582,25,20.5,1.02576,2.99708,1,-0.180796,0.00534505,0,0.467919,0.00190735,0,0.00648995,26,20.5,-3,2.35968,1,0,-0.482599,0,0,-0.214234,0,0.00841379,27,20.5,-1.09507,-0.310294,1,0.265944,-0.491213,0,-0.41955,-0.120508,0,0.0141204,28,20.5,2.9176,1.00137,1,0.275914,-0.0134474,0,-0.528097,0.0327304,0,0.00650708,29,20.5,1.99956,0.223589,1,-0.00798497,0.360274,0,0.0397339,0.0873637,0,0.0121307,30,20.5,-2.00032,-0.122633,1,-0.000103191,0.5,0,0.00162423,1.3411e-06,0,0.011755,31,20.5,2.7938,0.0366451,1,-0.349632,-0.18805,0,-0.0453144,0.435323,0,0.0101459,32,20.5,-3,-0.945933,1,0,-0.128568,0,0,0.335712,0,0.00846556,33,20.5,1.16904,2.00065,1,0.5,0.00882819,0,-7.45058e-06,-0.0236034,0,0.0115386,34,20.5,-0.973042,-2.65008,1,0.0428122,0.487103,0,-0.113089,0.196755,0,0.00962194,35,20.5,0.505875,-0.004203,1,-0.5,0.0160552,0,5.66244e-06,-0.0234257,0,0.012401
0,20.6,-0.0154225,-2.00026,1,0.016847,0.00219941,0,0.0925995,-0.00452995,0,0.0112202,1,20.6,3,-1.61331,1,0,0.500003,0,0,-5.96046e-05,0,0.00594067,2,20.6,-0.0985853,0.5922,1,0.257552,0.5,0,-0.378415,2.98023e-05,0,0.0142865,3,20.6,-2.91626,1.46149,1,-0.221157,-0.500003,0,0.359416,5.96046e-05,0,0.00863505,4,20.6,-0.462162,-0.999756,1,0.5,-0.000369549,0,-1.43051e-05,-0.000447035,0,0.0104819,5,20.6,0.633408,-3,1,-0.418061,1.78814e-05,0,0.508606,0.000119209,0,0.00808307,6,20.6,2.38463,-2.01125,1,0.5,-0.00457764,0,0,0.0443459,0,0.00740766,7,20.6,2.05105,-1.04491,1,-0.240523,-0.28722,0,0.479102,-0.999987,0,0.012656,8,20.6,0.984889,-2.00012,1,7.45058e-06,-1.19209e-05,0,0.148714,0.00119209,0,0.00982744,9,20.6,-3,-2.99989,1,1.78814e-05,-0.000113249,0,0,-0.000357628,0,0.00967404,10,20.6,0.925066,1.28779,1,0.140123,0.478426,0,-0.41005,0.203252,0,0.0130927,11,20.6,-1.99741,1.92131,1,-0.00885427,0.283375,0,0.0116229,-0.480115,0,0.00853507,12,20.6,2.99999,2.05923,1,5.36442e-05,0.341076,0,-0.000119209,0.969768,0,0.00478337,13,20.6,-0.996762,1.99999,1,-0.00121742,5.96046e-06,0,-0.0214875,5.96046e-05,0,0.00941933,14,20.6,-2.21743,2.99553,1,-0.5,0.0022769,0,0,0.00953674,0,0.00578253,15,20.6,-1.34384,-1.99927,1,-0.500003,-0.00373721,0,5.96046e-05,0.00828505,0,0.0143494,16,20.6,-1.00028,0.558886,1,0.000223517,-0.5,0,0.000953674,-2.98023e-05,0,0.011282,17,20.6,1.61795,-2.99992,1,-0.376856,7.7486e-05,0,0.778437,-0.000476837,0,0.00847086,18,20.6,-2.93423,0.0672736,1,0.275129,-0.270139,0,0.561833,0.43927,0,0.011658,19,20.6,-0.994628,3,1,-0.116086,0,0,0.394672,0,0,0.00759275,20,20.6,1.00952,-0.509475,1,0.00147223,0.5,0,-0.0420809,-1.43051e-05,0,0.0132899,21,20.6,2.64401,-3,1,-0.216496,1.19209e-05,0,1.00017,0,0,0.00774936,22,20.6,0.412782,-0.985917,1,0.5,-0.131734,0,1.43051e-05,0.372916,0,0.0118585,23,20.6,1.68931,0.997881,1,-0.283149,0.00641793,0,-0.911355,-0.0709593,0,0.0104714,24,20.6,-0.326492,-3,1,-0.316412,0,0,0.526339,0,0,0.00865802,25,20.6,1.00996,2.99762,1,-0.135913,0.00534058,0,0.427485,-0.00178814,0,0.00588222,26,20.6,-3,2.3107,1,0,-0.49383,0,0,-0.0150204,0,0.00814916,27,20.6,-1.07055,-0.359854,1,0.224626,-0.498471,0,-0.405252,-0.0305915,0,0.012325,28,20.6,2.94255,1.00018,1,0.223166,-0.0102118,0,-0.522137,0.0316501,0,0.0052256,29,20.6,1.99895,0.260004,1,-0.00424683,0.36737,0,0.0351667,0.047341,0,0.0144191,30,20.6,-2.00032,-0.0726331,1,4.17233e-05,0.5,0,0.00119209,2.38419e-06,0,0.0129835,31,20.6,2.75876,0.01996,1,-0.349587,-0.146264,0,0.0473261,0.398631,0,0.0117649,32,20.6,-3,-0.957272,1,0,-0.0997156,0,0,0.246078,0,0.00760927,33,20.6,1.21904,2.00142,1,0.500003,0.00653267,0,-5.96046e-05,-0.0221729,0,0.0114638,34,20.6,-0.969369,-2.6007,1,0.0302672,0.498044,0,-0.135213,0.0391006,0,0.00848364,35,20.6,0.455875,-0.00271887,1,-0.5,0.0135923,0,1.43051e-05,-0.0255271,0,0.0110906
0,20.7,-0.0133489,-2.00007,1,0.0239194,0.00173561,0,0.0503015,-0.00467896,0,0.0112202,1,20.7,3,-1.56331,1,0,0.5,0,0,-7.45058e-06,0,0.00594067,2,20.7,-0.0747112,0.64208,1,0.220075,0.496357,0,-0.369648,-0.074055,0,0.0142865,3,20.7,-2.9366,1.4115,1,-0.185862,-0.499577,0,0.345081,0.0128746,0,0.00863505,4,20.7,-0.412172,-0.999795,1,0.4996,-0.000397209,0,-0.0122654,-0.000115484,0,0.0104819,5,20.7,0.595097,-2.99999,1,-0.341095,2.49594e-05,0,0.938579,4.47035e-05,0,0.00808307,6,20.7,2.43463,-2.0115,1,0.5,-0.000369549,0,0,0.0396371,0,0.00740766,7,20.7,2.02934,-1.07846,1,-0.194212,-0.381298,0,0.446156,-0.847027,0,0.012656,8,20.7,0.985548,-2.00012,1,0.0123699,8.79169e-05,0,0.0997595,0.000804663,0,0.00982744,9,20.7,-2.99999,-2.99991,1,1.60187e-05,-0.000140443,0,-4.47035e-05,-0.000193715,0,0.00967404,10,20.7,0.937233,1.33647,1,0.105152,0.493541,0,-0.293694,0.0994653,0,0.0130927,11,20.7,-1.99823,1.94724,1,-0.00761338,0.235262,0,0.0130385,-0.478767,0,0.00853507,12,20.7,2.99999,2.09774,1,4.13507e-05,0.424428,0,-0.00013411,0.681087,0,0.00478337,13,20.7,-0.996979,1.99999,1,-0.0030132,1.09896e-05,0,-0.014551,3.72529e-05,0,0.00941933,14,20.7,-2.26743,2.99581,1,-0.5,0.00311509,0,0,0.00724196,0,0.00578253,15,20.7,-1.39384,-1.9996,1,-0.5,-0.00294466,0,7.45058e-06,0.00756234,0,0.0143494,16,20.7,-1.00025,0.508886,1,0.000300258,-0.5,0,0.000581145,5.66244e-06,0,0.011282,17,20.7,1.58459,-2.99991,1,-0.287242,3.01749e-05,0,0.972308,-0.000461936,0,0.00847086,18,20.7,-2.90402,0.0423197,1,0.327996,-0.230193,0,0.491306,0.364004,0,0.011658,19,20.7,-1.00435,3,1,-0.079322,0,0,0.339761,0,0,0.00759275,20,20.7,1.00947,-0.459475,1,-0.0023922,0.5,0,-0.0351295,0,0,0.0132899,21,20.7,2.62736,-3,1,-0.116488,1.15484e-05,0,1.00002,-1.49012e-05,0,0.00774936,22,20.7,0.462782,-0.997301,1,0.5,-0.0967267,0,-3.57628e-06,0.32695,0,0.0118585,23,20.7,1.65668,0.998217,1,-0.366728,0.000742171,0,-0.747949,-0.0436194,0,0.0104714,24,20.7,-0.35491,-3,1,-0.246925,0,0,0.828868,0,0,0.00865802,25,20.7,0.998421,2.99814,1,-0.0957604,0.00500716,0,0.374336,-0.00472367,0,0.00588222,26,20.7,-3,2.26153,1,0,-0.486821,0,0,0.150874,0,0.00814916,27,20.7,-1.05007,-0.409795,1,0.18544,-0.499904,0,-0.377677,-0.00382036,0,0.012325,28,20.7,2.9623,0.999316,1,0.17221,-0.00717985,0,-0.492662,0.0287928,0,0.0052256,29,20.7,1.99871,0.297365,1,-0.000646524,0.383159,0,0.0361577,0.246948,0,0.0144191,30,20.7,-2.00031,-0.0226331,1,0.000145286,0.5,0,0.00089407,2.98023e-07,0,0.0129835,31,20.7,2.72403,0.00725232,1,-0.344784,-0.108659,0,0.0544637,0.352495,0,0.0117649,32,20.7,-3,-0.966125,1,0,-0.0783897,0,0,0.183549,0,0.00760927,33,20.7,1.26904,2.00196,1,0.5,0.00442117,0,-7.45058e-06,-0.0199974,0,0.0114638,34,20.7,-0.967019,-2.55077,1,0.0167796,0.499877,0,-0.133358,0.00488758,0,0.00848364,35,20.7,0.405891,-0.00148747,1,-0.499372,0.0110386,0,0.0180061,-0.0253637,0,0.0110906
0,20.8,-0.0107653,-1.99992,1,0.0271896,0.00127256,0,0.01647,-0.00447035,0,0.0104212,1,20.8,3,-1.51331,1,0,0.500003,0,0,-5.96046e-05,0,0.00584889,2,20.8,-0.0545268,0.691215,1,0.183896,0.485024,0,-0.35269,-0.153005,0,0.0164338,3,20.8,-2.9535,1.36166,1,-0.152391,-0.496462,0,0.323057,0.0546575,0,0.00905203,4,20.8,-0.362328,-0.999835,1,0.496583,-0.000394881,0,-0.0534505,0.000119209,0,0.010134,5,20.8,0.565864,-2.99999,1,-0.242631,2.38419e-05,0,1.00002,0,0,0.00835508,6,20.8,2.48463,-2.01134,1,0.5,0.00331998,0,0,0.0342131,0,0.00693153,7,20.8,2.01209,-1.12037,1,-0.151467,-0.451753,0,0.407934,-0.547826,0,0.0145156,8,20.8,0.987212,-2.00011,1,0.020206,0.000154972,0,0.0582039,0.000476837,0,0.0101787,9,20.8,-2.99999,-2.99992,1,1.78814e-05,-0.000149012,0,-0.000238419,-0.000119209,0,0.00865598,10,20.8,0.946442,1.38617,1,0.0805631,0.499079,0,-0.201941,0.0184178,0,0.0131138,11,20.8,-1.99893,1.9684,1,-0.00627935,0.188243,0,0.0134706,-0.458837,0,0.00929365,12,20.8,3,2.14304,1,2.98023e-05,0.475907,0,-0.000119209,0.350833,0,0.0042732,13,20.8,-0.997343,1.99999,1,-0.00415593,1.49012e-05,0,-0.00843406,0,0,0.00957277,14,20.8,-2.31743,2.99615,1,-0.5,0.00372529,0,0,0.005126,0,0.00747721,15,20.8,-1.44384,-1.99986,1,-0.500003,-0.00222921,0,5.96046e-05,0.00673532,0,0.0120425,16,20.8,-1.00022,0.458886,1,0.000345707,-0.5,0,0.000238419,1.43051e-05,0,0.010567,17,20.8,1.56081,-2.99991,1,-0.187933,-1.19209e-05,0,0.999987,-0.000357628,0,0.00844647,18,20.8,-2.86891,0.0210257,1,0.37266,-0.196542,0,0.399113,0.312643,0,0.0115103,19,20.8,-1.01068,3,1,-0.04825,0,0,0.281274,0,0,0.00650923,20,20.8,1.00906,-0.409475,1,-0.00554025,0.5,0,-0.0278354,-1.43051e-05,0,0.0116723,21,20.8,2.62071,-3,1,-0.0164926,1.19209e-05,0,1.00017,-0.000119209,0,0.00700513,22,20.8,0.512782,-1.00542,1,0.500001,-0.0663787,0,-2.98023e-05,0.279784,0,0.0109465,23,20.8,1.61661,0.99811,1,-0.43101,-0.00250787,0,-0.532687,-0.0223517,0,0.00964715,24,20.8,-0.375194,-3,1,-0.156805,0,0,0.946388,0,0,0.00790695,25,20.8,0.99062,2.99861,1,-0.0612378,0.00442863,0,0.315487,-0.00655651,0,0.00807439,26,20.8,-3,2.21384,1,0,-0.464535,0,0,0.290394,0,0.00758895,27,20.8,-1.03337,-0.459793,1,0.149232,-0.5,0,-0.345886,1.43051e-05,0,0.0110698,28,20.8,2.97713,0.998736,1,0.125384,-0.00448525,0,-0.440598,0.0249445,0,0.00721329,29,20.8,1.99882,0.337098,1,0.002864,0.41287,0,0.033617,0.329927,0,0.0152716,30,20.8,-2.00029,0.0273669,1,0.000220537,0.5,0,0.000596046,1.19209e-06,0,0.0131327,31,20.8,2.68988,-0.0019343,1,-0.33772,-0.0759207,0,0.0910759,0.301686,0,0.01114,32,20.8,-3,-0.973129,1,0,-0.0624448,0,0,0.137925,0,0.00911133,33,20.8,1.31904,2.00231,1,0.500003,0.00253916,0,-5.96046e-05,-0.0175238,0,0.0107364,34,20.8,-0.965996,-2.50077,1,0.00381321,0.5,0,-0.125051,0,0,0.00886222,35,20.8,0.356111,-0.000508855,1,-0.495445,0.0085532,0,0.0646412,-0.0241925,0,0.0105534
0,20.9,-0.00800981,-1.99981,1,0.0274951,0.0008462,0,-0.00901334,-0.00403076,0,0.0104212,1,20.9,3,-1.46331,1,0,0.5,0,0,-7.45058e-06,0,0.00584889,2,20.9,-0.0378608,0.738825,1,0.149848,0.465901,0,-0.327366,-0.229534,0,0.0164338,3,20.9,-2.96716,1.31215,1,-0.121357,-0.494992,0,0.296518,-0.0137165,0,0.00905203,4,20.9,-0.313034,-0.999873,1,0.488256,-0.000373088,0,-0.116514,0.000305474,0,0.010134,5,20.9,0.546601,-2.99999,1,-0.14263,2.19792e-05,0,1.00001,-4.47035e-05,0,0.00835508,6,20.9,2.53463,-2.01085,1,0.5,0.00642426,0,0,0.0278205,0,0.00693153,7,20.9,1.9989,-1.1677,1,-0.113195,-0.489414,0,0.357673,-0.218861,0,0.0145156,8,20.9,0.989463,-2.00009,1,0.0242647,0.000188872,0,0.0243261,0.000223517,0,0.0101787,9,20.9,-2.99999,-2.99994,1,-7.45058e-07,-0.000152364,0,-0.000149012,4.47035e-05,0,0.00865598,10,20.9,0.953598,1.43614,1,0.0635803,0.499942,0,-0.14025,0.00230223,0,0.0131138,11,20.9,-1.99949,1.98499,1,-0.00494383,0.144083,0,0.0131279,-0.422239,0,0.00929365,12,20.9,3,2.19189,1,1.78814e-05,0.496856,0,-0.000119209,0.0929832,0,0.0042732,13,20.9,-0.997791,1.99999,1,-0.00473065,1.49012e-05,0,-0.00325218,0,0,0.00957277,14,20.9,-2.36743,2.99654,1,-0.5,0.00411831,0,0,0.00278652,0,0.00747721,15,20.9,-1.49384,-2.00005,1,-0.5,-0.00159927,0,7.45058e-06,0.00587106,0,0.0120425,16,20.9,-1.00019,0.408899,1,0.000357442,-0.499492,0,7.45058e-06,0.0151563,0,0.010567,17,20.9,1.54702,-2.99992,1,-0.087934,-4.39584e-05,0,1,-0.000268221,0,0.00844647,18,20.9,-2.82973,0.0027492,1,0.409897,-0.170621,0,0.343531,0.214474,0,0.0115103,19,20.9,-1.0142,3,1,-0.0231355,0,0,0.221476,0,0,0.00650923,20,20.9,1.00838,-0.359592,1,-0.00788867,0.496459,0,-0.019297,-0.0721253,0,0.0116723,21,20.9,2.62406,-3,1,0.0834294,1.86265e-06,0,0.99656,-7.45058e-05,0,0.00700513,22,20.9,0.562781,-1.01074,1,0.499952,-0.0410089,0,-0.0018999,0.228263,0,0.0109465,23,20.9,1.57126,0.997773,1,-0.472229,-0.0040005,0,-0.299715,-0.00816956,0,0.00964715,24,20.9,-0.386039,-3,1,-0.0593179,0,0,0.993298,0,0,0.00790695,25,20.9,0.985969,2.99902,1,-0.0328093,0.00371113,0,0.253316,-0.00762939,0,0.00807439,26,20.9,-3,2.16906,1,0,-0.42919,0,0,0.409797,0,0.00758895,27,20.9,-1.02011,-0.509793,1,0.116455,-0.5,0,-0.309311,1.78814e-06,0,0.0110698,28,20.9,2.98758,0.998405,1,0.0846125,-0.0022158,0,-0.372738,0.0204146,0,0.00721329,29,20.9,1.99924,0.380011,1,0.00535809,0.444897,0,0.0169575,0.300363,0,0.0152716,30,20.9,-2.00027,0.0773669,1,0.000269338,0.5,0,0.000372529,-7.45058e-07,0,0.0131327,31,20.9,2.65609,-0.00811251,1,-0.342188,-0.0485777,0,-0.157982,0.245638,0,0.01114,32,20.9,-3,-0.97874,1,0,-0.0502997,0,0,0.106547,0,0.00911133,33,20.9,1.36904,2.00248,1,0.5,0.000946224,0,-7.45058e-06,-0.0143647,0,0.0107364,34,20.9,-0.966217,-2.45077,1,-0.00799606,0.5,0,-0.110436,0,0,0.00886222,35,20.9,0.306991,0.000228694,1,-0.485879,0.00623257,0,0.129694,-0.0221073,0,0.0105534
0,21,-0.00533817,-1.99975,1,0.0256396,0.000473857,0,-0.026917,-0.00351667,0,0.00945102,1,21,3,-1.41331,1,0,0.500003,0,0,-5.96046e-05,0,0.0053703,2,21,-0.0244644,0.784141,1,0.118581,0.439174,0,-0.297283,-0.304282,0,0.0143658,3,21,-2.97787,1.26254,1,-0.0932813,-0.497368,0,0.264049,-0.0269413,0,0.00929545,4,21,-0.264917,-0.999909,1,0.472746,-0.000335276,0,-0.1956,0.000417233,0,0.00960888,5,21,0.537338,-2.99999,1,-0.0426307,1.78814e-05,0,1.00002,-0.000119209,0,0.00874739,6,21,2.58463,-2.01008,1,0.5,0.00886917,0,0,0.0211,0,0.00612475,7,21,1.98929,-1.21732,1,-0.0798941,-0.499517,0,0.308573,-0.00965595,0,0.0145612,8,21,0.991965,-2.00007,1,0.025332,0.000202656,0,-0.00175834,0,0,0.00944721,9,21,-2.99999,-2.99995,1,-1.19209e-05,-0.000143051,0,-0.000119209,0.000119209,0,0.0100127,10,21,0.959339,1.48614,1,0.0520334,0.500003,0,-0.0928938,-5.96046e-05,0,0.01126,11,21,-1.99992,1.99736,1,-0.00367463,0.104156,0,0.0120997,-0.374615,0,0.00880119,12,21,3,2.24181,1,5.96046e-06,0.5,0,-0.000119209,0,0,0.00415301,13,21,-0.998274,1.99999,1,-0.00484288,1.49012e-05,0,0.000864267,-5.96046e-05,0,0.0113827,14,21,-2.41743,2.99697,1,-0.5,0.00429153,0,0,0.000834465,0,0.00840374,15,21,-1.54384,-2.00018,1,-0.500003,-0.001055,0,5.96046e-05,0.00500679,0,0.0119692,16,21,-1.00015,0.359087,1,0.000348687,-0.496004,0,-0.000178814,0.0592321,0,0.0111474,17,21,1.54322,-2.99992,1,0.012067,-6.55651e-05,0,0.999987,-0.000238419,0,0.00836323,18,21,-2.78713,-0.0133431,1,0.441039,-0.152069,0,0.278234,0.16363,0,0.0109492,19,21,-1.0155,3,1,-0.00383556,0,0,0.165105,0,0,0.00642613,20,21,1.00751,-0.310435,1,-0.00943244,0.485384,0,-0.0117421,-0.14998,0,0.00950156,21,21,2.63736,-3,1,0.18214,0,0,0.97239,-0.000119209,0,0.0070993,22,21,0.612751,-1.01378,1,0.499237,-0.0205934,0,-0.0151992,0.180721,0,0.0107051,23,21,1.52286,0.997351,1,-0.492841,-0.0042662,0,-0.123382,0.00220537,0,0.0088477,24,21,-0.386984,-3,1,0.0405148,0,0,0.999987,0,0,0.00856332,25,21,0.983854,2.99935,1,-0.0104964,0.00293255,0,0.193477,-0.00798702,0,0.00790792,26,21,-3,2.12834,1,0,-0.383854,0,0,0.490665,0,0.00796561,27,21,-1.00995,-0.559793,1,0.0874251,-0.500001,0,-0.271082,2.98023e-05,0,0.0114954,28,21,2.9943,0.998277,1,0.0511467,-0.000405312,0,-0.295758,0.0157952,0,0.00678589,29,21,1.99984,0.425889,1,0.00638366,0.47138,0,0.00441074,0.223905,0,0.0112109,30,21,-2.00024,0.127367,1,0.000298023,0.5,0,0.000119209,-7.15256e-06,0,0.0124589,31,21,2.62083,-0.0118317,1,-0.365192,-0.0266899,0,-0.283599,0.192686,0,0.010586,32,21,-3,-0.983279,1,0,-0.0408545,0,0,0.0835955,0,0.00872365,33,21,1.41904,2.00251,1,0.500003,-0.000339746,0,-5.96046e-05,-0.0114441,0,0.010803,34,21,-0.96754,-2.40077,1,-0.0181511,0.5,0,-0.0922084,0,0,0.0102774,35,21,0.259179,0.000745655,1,-0.469045,0.00415116,0,0.208557,-0.0194399,0,0.0100082
0,21.1,-0.00292941,-1.99919,1,0.0223548,0.0151368,0,-0.0377791,0.269212,0,0.00945102,1,21.1,3,-1.36342,1,0,0.496699,0,0,-0.0676736,0,0.0053703,2,21.1,-0.014035,0.826395,1,0.0905909,0.404592,0,-0.262229,-0.383388,0,0.0143658,3,21.1,-2.98593,1.21268,1,-0.0687353,-0.499514,0,0.226557,-0.0130013,0,0.00929545,4,21.1,-0.218452,-0.99994,1,0.457971,-0.000289828,0,-0.110396,0.000484288,0,0.00960888,5,21.1,0.538075,-2.99999,1,0.0573699,6.33299e-06,0,1.00001,-0.000104308,0,0.00874739,6,21.1,2.63452,-2.0091,1,0.496648,0.0105783,0,-0.0690222,0.013262,0,0.00612475,7,21.1,1.98276,-1.2673,1,-0.0515275,-0.499969,0,0.259206,-0.00120699,0,0.0145612,8,21.1,0.994456,-2.00005,1,0.0241721,0.00019446,0,-0.0202805,-0.000149012,0,0.00944721,9,21.1,-3,-2.99997,1,-1.75089e-05,-0.000126287,0,-1.49012e-05,0.000193715,0,0.0100127,10,21.1,0.964139,1.53614,1,0.0445213,0.5,0,-0.0592396,-7.45058e-06,0,0.01126,11,21.1,-2.00023,2.00599,1,-0.00253152,0.0694575,0,0.0106916,-0.318773,0,0.00880119,12,21.1,3,2.29181,1,-3.72529e-06,0.5,0,-5.96046e-05,0,0,0.00415301,13,21.1,-0.998748,1.99999,1,-0.00459859,9.87202e-06,0,0.00384077,-3.72529e-05,0,0.0113827,14,21.1,-2.46743,2.9974,1,-0.5,0.00428893,0,0,-0.000849366,0,0.00840374,15,21.1,-1.59383,-2.00027,1,-0.499388,-0.000603497,0,0.0177026,0.00405312,0,0.0119692,16,21.1,-1.00012,0.309882,1,0.0003241,-0.487034,0,-0.000298023,0.123376,0,0.0111474,17,21.1,1.54943,-2.99993,1,0.111997,-8.45641e-05,0,0.997216,-0.000163913,0,0.00836323,18,21.1,-2.74163,-0.0275688,1,0.468559,-0.130977,0,0.253156,0.251786,0,0.0109492,19,21.1,-1.01515,3,1,0.0100406,0,0,0.113614,0,0,0.00642613,20,21.1,1.00652,-0.262772,1,-0.0102747,0.466591,0,-0.00526011,-0.226085,0,0.00950156,21,21.1,2.66014,-3,1,0.270339,-8.19564e-06,0,0.78477,-2.98023e-05,0,0.0070993,22,21.1,0.662671,-1.01502,1,0.499547,-0.00498649,0,0.00952929,0.132717,0,0.0107051,23,21.1,1.47316,0.996948,1,-0.499305,-0.00368366,0,-0.0228435,0.00895187,0,0.0088477,24,21.1,-0.377938,-3,1,0.140221,0,0,0.988273,0,0,0.00856332,25,21.1,0.983676,2.99961,1,0.0059979,0.00215806,0,0.137538,-0.00743568,0,0.00790792,26,21.1,-3,2.09249,1,0,-0.332443,0,0,0.532538,0,0.00796561,27,21.1,-1.00249,-0.609743,1,0.0624469,-0.498388,0,-0.228837,0.0362843,0,0.0114954,28,21.1,2.99807,0.998308,1,0.0255648,0.000945944,0,-0.21632,0.0112988,0,0.00678589,29,21.1,2.00049,0.473989,1,0.00635386,0.489034,0,-0.00447035,0.129165,0,0.0112109,30,21.1,-2.00021,0.177367,1,0.000303239,0.5,0,0,0,0,0.0124589,31,21.1,2.58275,-0.0136215,1,-0.397195,-0.00991619,0,-0.342578,0.144043,0,0.010586,32,21.1,-3,-0.986975,1,0,-0.0333255,0,0,0.0677109,0,0.00872365,33,21.1,1.46904,2.00242,1,0.5,-0.00134259,0,-7.45058e-06,-0.00864267,0,0.010803,34,21.1,-0.969406,-2.35091,1,-0.0154637,0.495914,0,0.130303,-0.0822544,0,0.0102774,35,21.1,0.213493,0.00106913,1,-0.443,0.00237411,0,0.308963,-0.0161013,0,0.0100082
0,21.2,-0.000893889,-1.99607,1,0.0182659,0.0494033,0,-0.0431756,0.394762,0,0.0136144,1,21.2,3,-1.31421,1,0,0.486213,0,0,-0.142932,0,0.00707555,2,21.2,-0.00622692,0.864835,1,0.0661767,0.363269,0,-0.225929,-0.439316,0,0.0176978,3,21.2,-2.99174,1.1627,1,-0.0480175,-0.500003,0,0.187874,5.96046e-05,0,0.00959149,4,21.2,-0.173139,-0.999967,1,0.448768,-0.000239909,0,-0.0821495,0.000536442,0,0.0113132,5,21.2,0.548812,-2.99999,1,0.15737,0,0,1.00002,-0.000119209,0,0.00903116,6,21.2,2.68371,-2.00799,1,0.485885,0.0115454,0,-0.147223,0.00655651,0,0.0063971,7,21.2,1.97882,-1.3173,1,-0.0279605,-0.500003,0,0.212669,5.96046e-05,0,0.0119207,8,21.2,0.996749,-2.00003,1,0.021489,0.000172853,0,-0.0323653,-0.000119209,0,0.0103727,9,21.2,-3,-2.99998,1,-1.78814e-05,-0.000101328,0,0,0.000238419,0,0.00905809,10,21.2,0.968337,1.58614,1,0.0398353,0.500003,0,-0.0361204,-5.96046e-05,0,0.0121518,11,21.2,-2.00043,2.01144,1,-0.00154376,0.0404775,0,0.00905991,-0.260592,0,0.00997647,12,21.2,3,2.34181,1,-1.19209e-05,0.5,0,0,0,0,0.00501056,13,21.2,-0.999185,1.99999,1,-0.00410825,8.9407e-06,0,0.00584126,-5.96046e-05,0,0.0115484,14,21.2,-2.51743,2.99782,1,-0.5,0.00413656,0,0,-0.00226498,0,0.00835564,15,21.2,-1.64361,-2.00031,1,-0.495502,-0.000244379,0,0.0641346,0.00309944,0,0.0131506,16,21.2,-1.00009,0.261923,1,0.000292063,-0.470833,0,-0.000417233,0.202373,0,0.0123985,17,21.2,1.56559,-2.99994,1,0.210953,-9.53674e-05,0,0.977755,0,0,0.00959191,18,21.2,-2.69366,-0.0393067,1,0.48908,-0.102913,0,0.150442,0.303902,0,0.0107328,19,21.2,-1.01366,3,1,0.0191301,0,0,0.0693202,0,0,0.00611046,20,21.2,1.00548,-0.21737,1,-0.0105143,0.440208,0,0.000298023,-0.300966,0,0.00983557,21,21.2,2.69074,-3,1,0.338006,-1.19209e-05,0,0.564814,0,0,0.00761622,22,21.2,0.712657,-1.01493,1,0.5,0.00620484,0,0,0.092268,0,0.00961933,23,21.2,1.42318,0.996632,1,-0.500003,-0.00256598,0,5.96046e-05,0.012964,0,0.00898993,24,21.2,-0.359069,-3,1,0.235824,0,0,0.906214,0,0,0.00792452,25,21.2,0.984879,2.99979,1,0.0172451,0.00146031,0,0.0886023,-0.0064373,0,0.00798807,26,21.2,-3,2.06194,1,0,-0.278294,0,0,0.545979,0,0.00713788,27,21.2,-0.997323,-0.659312,1,0.0415787,-0.492045,0,-0.188887,0.0934303,0,0.0121358,28,21.2,2.99967,0.998452,1,0.00770092,0.00187159,0,-0.142574,0.00724196,0,0.00708912,29,21.2,2.00109,0.523391,1,0.00558496,0.497639,0,-0.0104904,0.0472069,0,0.0104709,30,21.2,-2.00018,0.227367,1,0.000298023,0.5,0,-0.000119209,0,0,0.015573,31,21.2,2.54132,-0.0139648,1,-0.431299,0.00236137,0,-0.329256,0.102678,0,0.0111943,32,21.2,-3,-0.98999,1,0,-0.0271827,0,0,0.0557005,0,0.0085742,33,21.2,1.51904,2.00225,1,0.500003,-0.00207424,0,-5.96046e-05,-0.00607967,0,0.0106427,34,21.2,-0.970041,-2.30187,1,0.00500977,0.483507,0,0.265867,-0.165939,0,0.0119869,35,21.2,0.17088,0.00123156,1,-0.407936,0.000929428,0,0.388861,-0.0128068,0,0.00992299
0,21.3,0.000715546,-1.98891,1,0.0139195,0.0957908,0,-0.0433777,0.513487,0,0.0136144,1,21.3,3,-1.26591,1,0,0.482955,0,0,0.0470132,0,0.00707555,2,21.3,-0.000677379,0.898385,1,0.0454283,0.302723,0,-0.189091,-0.740837,0,0.0176978,3,21.3,-2.99567,1.1127,1,-0.031203,-0.5,0,0.148833,7.45058e-06,0,0.00959149,4,21.3,-0.128377,-0.999988,1,0.449029,-0.000188127,0,0.0716634,0.000499189,0,0.0113132,5,21.3,0.56938,-2.99999,1,0.252073,-1.00583e-05,0,0.885662,-7.45058e-05,0,0.00903116,6,21.3,2.73143,-2.00681,1,0.467102,0.0119008,0,-0.228673,0.000685453,0,0.0063971,7,21.3,1.97701,-1.3673,1,-0.0091169,-0.5,0,0.165164,7.45058e-06,0,0.0119207,8,21.3,0.998724,-2.00002,1,0.017901,0.0001546,0,-0.0386089,-0.000223517,0,0.0103727,9,21.3,-3,-2.99999,1,-1.3411e-05,-7.71135e-05,0,5.96046e-05,0.00025332,0,0.00905809,10,21.3,0.972159,1.63603,1,0.0367627,0.496734,0,-0.0260957,-0.0670329,0,0.0121518,11,21.3,-2.00054,2.01429,1,-0.000727549,0.0173625,0,0.00725687,-0.202283,0,0.00997647,12,21.3,3,2.39181,1,-1.15484e-05,0.5,0,1.49012e-05,0,0,0.00501056,13,21.3,-0.999565,2,1,-0.00346508,4.09782e-06,0,0.00689924,-2.98023e-05,0,0.0115484,14,21.3,-2.56743,2.99822,1,-0.499913,0.00385195,0,0.00344217,-0.00336766,0,0.00835564,15,21.3,-1.69307,-2.00032,1,-0.495226,2.16067e-05,0,-0.0336841,0.00223517,0,0.0131506,16,21.3,-1.00006,0.21568,1,0.000249222,-0.455462,0,-0.000447035,0.115529,0,0.0123985,17,21.3,1.59128,-2.99995,1,0.299787,-9.35048e-05,0,0.79532,4.47035e-05,0,0.00959191,18,21.3,-2.6442,-0.0488347,1,0.498365,-0.094615,0,0.0442863,-0.114502,0,0.0107328,19,21.3,-1.01146,3,1,0.0241635,0,0,0.0327304,0,0,0.00611046,20,21.3,1.00444,-0.174997,1,-0.0102313,0.405922,0,0.00513345,-0.380796,0,0.00983557,21,21.3,2.72691,-3,1,0.381032,-1.04308e-05,0,0.300497,2.98023e-05,0,0.00761622,22,21.3,0.762657,-1.0139,1,0.5,0.0137834,0,7.45058e-06,0.0602826,0,0.00961933,23,21.3,1.37327,0.996442,1,-0.497318,-0.0012246,0,0.0561699,0.0136532,0,0.00898993,24,21.3,-0.331308,-3,1,0.315761,0,0,0.689289,0,0,0.00792452,25,21.3,0.986974,2.9999,1,0.0239672,0.000879541,0,0.0472814,-0.0051707,0,0.00798807,26,21.3,-3,2.03683,1,0,-0.224167,0,0,0.532597,0,0.00713788,27,21.3,-0.994042,-0.708268,1,0.024693,-0.488905,0,-0.149664,-0.0163577,0,0.0121358,28,21.3,2.99983,0.99867,1,-0.003374,0.00241688,0,-0.0817031,0.00377372,0,0.00708912,29,21.3,2.00159,0.573298,1,0.00439659,0.499772,0,-0.0129938,0.00270456,0,0.0104709,30,21.3,-2.00015,0.277367,1,0.000283495,0.5,0,-0.000193715,-8.9407e-07,0,0.015573,31,21.3,2.49663,-0.0132751,1,-0.461301,0.0108607,0,-0.264913,0.0683591,0,0.0111943,32,21.3,-3,-0.992445,1,0,-0.0220689,0,0,0.0468753,0,0.0085742,33,21.3,1.56904,2.00202,1,0.499925,-0.00255406,0,-0.00300258,-0.00357628,0,0.0106427,34,21.3,-0.967823,-2.25448,1,0.042636,0.462981,0,0.463594,-0.244305,0,0.0119869,35,21.3,0.13169,0.00126622,1,-0.378819,-0.000180308,0,0.210217,-0.00944783,0,0.00992299
0,21.4,0.0018929,-1.9767,1,0.00965805,0.148603,0,-0.0415502,0.527442,0,0.015244,1,21.4,3,-1.21727,1,0,0.490633,0,0,0.0873804,0,0.0061065,2,21.4,0.00298058,0.924666,1,0.0283316,0.220636,0,-0.153061,-0.876427,0,0.0166543,3,21.4,-2.99811,1.0627,1,-0.0181615,-0.500003,0,0.112653,5.96046e-05,0,0.00774161,4,21.4,-0.0829681,-1,1,0.460306,-0.000140071,0,0.141634,0.000417233,0,0.0141716,5,21.4,0.598768,-2.99999,1,0.333041,-1.19209e-05,0,0.727504,-0.000119209,0,0.00828165,6,21.4,2.77686,-2.00563,1,0.440192,0.0117183,0,-0.30899,-0.00429153,0,0.00756985,7,21.4,1.97685,-1.4173,1,0.00526011,-0.500003,0,0.123262,5.96046e-05,0,0.0123564,8,21.4,1.00032,-2,1,0.0139117,0.00012815,0,-0.0405908,-0.000298023,0,0.00954059,9,21.4,-3,-2.99999,1,-5.96046e-06,-5.36442e-05,0,0,0.000238419,0,0.00831683,10,21.4,0.975716,1.68525,1,0.0344753,0.486332,0,-0.0202656,-0.141919,0,0.00959677,11,21.4,-2.00058,2.0151,1,-8.9407e-05,-0.000119209,0,0.00548363,-0.148177,0,0.0090442,12,21.4,3,2.44181,1,-1.19209e-05,0.5,0,0.000119209,0,0,0.00454759,13,21.4,-0.999876,2,1,-0.00275373,2.98023e-06,0,0.00727177,-5.96046e-05,0,0.0101171,14,21.4,-2.61737,2.99859,1,-0.498623,0.00347495,0,0.0275373,-0.00417233,0,0.00915769,15,21.4,-1.74277,-2.00031,1,-0.498715,0.000208616,0,-0.0256896,0.00143051,0,0.0102803,16,21.4,-1.00004,0.17064,1,0.000205636,-0.44583,0,-0.000476837,0.0856221,0,0.0133599,17,21.4,1.62491,-2.99996,1,0.369447,-8.9407e-05,0,0.595808,0.000119209,0,0.00841343,18,21.4,-2.59424,-0.0593973,1,0.5,-0.121397,0,0,-0.400407,0,0.0139326,19,21.4,-1.00893,3,1,0.0259429,0,0,0.00417233,0,0,0.00643671,20,21.4,1.00345,-0.136413,1,-0.0095278,0.364818,0,0.00870228,-0.437531,0,0.0102853,21,21.4,2.76612,-3,1,0.399125,-5.96046e-06,0,0.0667572,0,0,0.00725846,22,21.4,0.812657,-1.01227,1,0.5,0.0184536,0,2.98023e-05,0.0340343,0,0.0108198,23,21.4,1.32393,0.996388,1,-0.488353,0.00012517,0,0.124753,0.0132024,0,0.0103001,24,21.4,-0.296667,-3,1,0.373239,0,0,0.45906,0,0,0.00708247,25,21.4,0.989549,2.99997,1,0.02698,0.000435114,0,0.0143945,-0.00393391,0,0.00832424,26,21.4,-3,2.01702,1,0,-0.172484,0,0,0.498056,0,0.00755993,27,21.4,-0.992262,-0.757324,1,0.0114828,-0.492731,0,-0.115305,-0.048548,0,0.0120924,28,21.4,2.99917,0.998925,1,-0.00916123,0.00264943,0,-0.0365973,0.000953674,0,0.0081899,29,21.4,2.00196,0.623245,1,0.00303984,0.498718,0,-0.0140667,-0.0256002,0,0.00982464,30,21.4,-2.00012,0.327367,1,0.00026226,0.5,0,-0.000238419,-1.43051e-05,0,0.0143916,31,21.4,2.44932,-0.0118968,1,-0.483441,0.0162351,0,-0.175357,0.0400981,0,0.0109746,32,21.4,-3,-0.99443,1,0,-0.0177518,0,0,0.0396669,0,0.00551544,33,21.4,1.61899,2.00175,1,0.498798,-0.00280738,0,-0.0239611,-0.00143051,0,0.0115217,34,21.4,-0.961074,-2.20953,1,0.0935629,0.434762,0,0.536412,-0.319004,0,0.0133067,35,21.4,0.0946787,0.00120609,1,-0.362884,-0.000972379,0,0.121843,-0.0064561,0,0.0127844
0,21.5,0.00265617,-1.95902,1,0.00565939,0.206184,0,-0.0384363,0.603773,0,0.015244,1,21.5,3,-1.16779,1,0,0.498129,0,0,0.0484064,0,0.0061065,2,21.5,0.00510725,0.942108,1,0.0147804,0.126428,0,-0.118358,-0.984557,0,0.0166543,3,21.5,-2.99942,1.0127,1,-0.00857823,-0.5,0,0.0800341,0,0,0.00774161,4,21.5,-0.0361396,-1.00002,1,0.476679,-0.000100397,0,0.167571,0.000365078,0,0.0141716,5,21.5,0.635305,-2.99999,1,0.393737,-2.01166e-05,0,0.489164,-2.98023e-05,0,0.00828165,6,21.5,2.81918,-2.00449,1,0.404714,0.0110708,0,-0.396088,-0.00843406,0,0.00756985,7,21.5,1.97793,-1.4673,1,0.0157224,-0.5,0,0.0868365,7.45058e-06,0,0.0123564,8,21.5,1.00151,-1.99999,1,0.00991877,9.74163e-05,0,-0.0388548,-0.000320375,0,0.00954059,9,21.5,-3,-3,1,-1.86265e-06,-3.20375e-05,0,4.47035e-05,0.000178814,0,0.00831683,10,21.5,0.979068,1.73305,1,0.0325951,0.468411,0,-0.0178553,-0.216968,0,0.00959677,11,21.5,-2.00057,2.01444,1,0.000374764,-0.0124332,0,0.0038445,-0.099346,0,0.0090442,12,21.5,3,2.49181,1,-1.86265e-06,0.5,0,7.45058e-05,0,0,0.00454759,13,21.5,-1.00012,2,1,-0.00203606,-1.11759e-06,0,0.0069961,-1.49012e-05,0,0.0101171,14,21.5,-2.66701,2.99891,1,-0.493205,0.00303611,0,0.0858009,-0.00455976,0,0.00915769,15,21.5,-1.79272,-2.00028,1,-0.499919,0.000323728,0,-0.0032112,0.000879169,0,0.0102803,16,21.5,-1.00002,0.126185,1,0.000160001,-0.445834,0,-0.000424683,-0.0685111,0,0.0133599,17,21.5,1.66449,-2.99996,1,0.418792,-7.78586e-05,0,0.390157,0.000104308,0,0.00841343,18,21.5,-2.54424,-0.0744289,1,0.499946,-0.186512,0,-0.00214577,-0.83864,0,0.0139326,19,21.5,-1.00635,3,1,0.0252601,0,0,-0.0166148,0,0,0.00643671,20,21.5,1.00254,-0.102178,1,-0.00853278,0.319365,0,0.0110269,-0.468346,0,0.0102853,21,21.5,2.80598,-3,1,0.394675,-4.09782e-06,0,-0.146672,4.47035e-05,0,0.00725846,22,21.5,0.862657,-1.01029,1,0.5,0.0208002,0,0,0.0136644,0,0.0108198,23,21.5,1.27548,0.996463,1,-0.482455,0.0013507,0,0.00750273,0.0113435,0,0.0103001,24,21.5,-0.257487,-3,1,0.406104,0,0,0.204187,0,0,0.00708247,25,21.5,0.992274,3,1,0.0271184,0.000116229,0,-0.0103042,-0.0025034,0,0.00832424,26,21.5,-3,2.00218,1,0,-0.12521,0,0,0.445448,0,0.00755993,27,21.5,-0.991635,-0.806827,1,0.00158967,-0.497129,0,-0.0835918,-0.0358783,0,0.0120924,28,21.5,2.99813,0.999191,1,-0.0111736,0.00263331,0,-0.00560284,-0.00116602,0,0.0081899,29,21.5,2.00183,0.672825,1,-0.00897534,0.491265,0,-0.210717,-0.122491,0,0.00982464,30,21.5,-2.0001,0.37659,1,0.000238046,0.477408,0,-0.00025332,-0.423614,0,0.0143916,31,21.5,2.40026,-0.0097447,1,-0.496131,0.0297189,0,-0.0780821,0.215087,0,0.0109746,32,21.5,-3,-0.996017,1,0,-0.0140828,0,0,0.0338368,0,0.00551544,33,21.5,1.66886,2.00146,1,0.499213,-0.00286214,0,0.0150129,0.00025332,0,0.0115217,34,21.5,-0.948942,-2.16779,1,0.149614,0.398825,0,0.568952,-0.395805,0,0.0133067,35,21.5,0.0587409,0.00108175,1,-0.358028,-0.00146306,0,-0.00794902,-0.0033772,0,0.0127844
0,21.6,0.00303505,-1.9354,1,0.00196912,0.265732,0,-0.035372,0.571549,0,0.0150727,1,21.6,3,-1.11785,1,0,0.500003,0,0,-5.96046e-05,0,0.00572845,2,21.6,0.00604812,0.949781,1,0.0045709,0.0268146,0,-0.0863292,-1.00002,0,0.0210712,3,21.6,-2.99992,0.962695,1,-0.00196695,-0.5,0,0.0531673,-2.98023e-05,0,0.00840086,4,21.6,0.0122978,-1.00002,1,0.491151,-6.55651e-05,0,0.113416,0.000298023,0,0.0174903,5,21.6,0.676749,-2.99999,1,0.431472,-2.38419e-05,0,0.268757,0,0,0.00890378,6,21.6,2.85755,-2.00343,1,0.361854,0.0100672,0,-0.45681,-0.0113249,0,0.00632279,7,21.6,1.97988,-1.5173,1,0.0227988,-0.500003,0,0.0554919,5.96046e-05,0,0.0105665,8,21.6,1.00231,-1.99998,1,0.00621378,6.85453e-05,0,-0.0349283,-0.000357628,0,0.009955,9,21.6,-3,-3,1,0,-1.19209e-05,0,0.000119209,0.000119209,0,0.00626405,10,21.6,0.982238,1.77868,1,0.0308156,0.442931,0,-0.01809,-0.292242,0,0.00960078,11,21.6,-2.00051,2.01277,1,0.000679493,-0.0202298,0,0.0025034,-0.0579357,0,0.00878003,12,21.6,3,2.54181,1,0,0.5,0,0.000119209,0,0,0.00449927,13,21.6,-1.00028,2,1,-0.00136495,-2.98023e-06,0,0.0063777,0,0,0.010206,14,21.6,-2.71578,2.99919,1,-0.480664,0.00256896,0,0.168085,-0.00476837,0,0.00957984,15,21.6,-1.84272,-2.00024,1,-0.500003,0.000393391,0,5.96046e-05,0.000357628,0,0.00960161,16,21.6,-1.00001,0.0811234,1,0.000116229,-0.456401,0,-0.000327826,-0.128725,0,0.0179627,17,21.6,1.70798,-2.99997,1,0.447446,-6.55651e-05,0,0.183642,0.000119209,0,0.00889346,18,21.6,-2.49428,-0.0975719,1,0.499147,-0.278125,0,-0.0172853,-0.946868,0,0.0129033,19,21.6,-1.00394,3,1,0.0228465,0,0,-0.0305772,0,0,0.00746085,20,21.6,1.00175,-0.0726109,1,-0.00735223,0.271768,0,0.0123978,-0.48059,0,0.0116183,21,21.6,2.84443,-3,1,0.371534,0,0,-0.307679,0,0,0.00594805,22,21.6,0.912657,-1.00817,1,0.5,0.0213325,0,2.98023e-05,-0.00232458,0,0.0113847,23,21.6,1.22718,0.996652,1,-0.484255,0.00240207,0,-0.0318885,0.00968575,0,0.0117476,24,21.6,-0.216235,-3,1,0.415282,0,0,-0.0144982,0,0,0.00731026,25,21.6,0.994903,3,1,0.0251666,-7.7486e-05,0,-0.0275075,-0.0013113,0,0.00687346,26,21.6,-3,1.99179,1,0,-0.0837147,0,0,0.383258,0,0.00816745,27,21.6,-0.991848,-0.856679,1,-0.00542998,-0.499479,0,-0.0577569,-0.010401,0,0.0123301,28,21.6,2.99702,0.999446,1,-0.0106394,0.00243634,0,0.014782,-0.00265241,0,0.00664541,29,21.6,1.99966,0.721186,1,-0.0362486,0.47445,0,-0.321507,-0.212431,0,0.0110245,30,21.6,-2.00008,0.421707,1,0.000214577,0.420484,0,-0.000357628,-0.690982,0,0.0158761,31,21.6,2.35042,-0.00550854,1,-0.499088,0.0565814,0,0.0180006,0.309945,0,0.0127276,32,21.6,-3,-0.997265,1,0,-0.0109613,0,0,0.0286996,0,0.00786164,33,21.6,1.71884,2.00118,1,0.5,-0.00276566,0,0,0.00154972,0,0.00996524,34,21.6,-0.931189,-2.12998,1,0.204587,0.356364,0,0.518501,-0.449538,0,0.0149165,35,21.6,0.0227986,0.000923507,1,-0.361477,-0.00165331,0,-0.047856,-0.000463072,0,0.0168706
0,21.7,0.00299992,-1.906,1,-0.00314284,0.321611,0,-0.0636951,0.537284,0,0.0150727,1,21.7,3,-1.06784,1,0,0.5,0,0,-7.45058e-06,0,0.00572845,2,21.7,0.00612333,0.947529,1,-0.00258712,-0.070834,0,-0.0575451,-0.938922,0,0.0210712,3,21.7,-2.99989,0.913345,1,0.00210442,-0.481049,0,0.0293702,0.357825,0,0.00840086,4,21.7,0.0618503,-1.00003,1,0.498628,-3.83705e-05,0,0.0380151,0.00025332,0,0.0174903,5,21.7,0.720906,-2.99999,1,0.448405,-2.19792e-05,0,0.0731684,4.47035e-05,0,0.00890378,6,21.7,2.89137,-2.00145,1,0.313672,0.0387685,0,-0.500962,0.542186,0,0.00632279,7,21.7,1.98275,-1.5673,1,0.0374366,-0.499933,0,0.223026,0.00268966,0,0.0105665,8,21.7,1.00329,-1.99998,1,0.0179719,3.61353e-05,0,0.242651,-0.000298023,0,0.009955,9,21.7,-3,-3,1,9.68575e-06,-2.23517e-06,0,5.96046e-05,5.96046e-05,0,0.00626405,10,21.7,0.985224,1.82136,1,0.0288336,0.409424,0,-0.0215247,-0.374012,0,0.00960078,11,21.7,-2.00043,2.01051,1,0.000863895,-0.0242654,0,0.0012368,-0.024125,0,0.00878003,12,21.7,3,2.5918,1,7.45058e-06,0.499378,0,5.96046e-05,-0.0182986,0,0.00449927,13,21.7,-1.00039,2,1,-0.00077337,-2.23517e-06,0,0.00543892,1.49012e-05,0,0.010206,14,21.7,-2.7628,2.99943,1,-0.457965,0.0020951,0,0.28269,-0.00467896,0,0.00957984,15,21.7,-1.89272,-2.0002,1,-0.5,0.000413507,0,7.45058e-06,5.96046e-05,0,0.00960161,16,21.7,-0.999995,0.0347584,1,8.51229e-05,-0.471403,0,-0.000298023,-0.159407,0,0.0179627,17,21.7,1.75326,-2.99998,1,0.454592,-5.40167e-05,0,-0.0342056,0.000104308,0,0.00889346,18,21.7,-2.44455,-0.129912,1,0.4944,-0.366097,0,-0.0769943,-0.792858,0,0.0129033,19,21.7,-1.00182,3,1,0.0193583,0,0,-0.0383332,0,0,0.00746085,20,21.7,1.00107,-0.0478341,1,-0.0060821,0.22388,0,0.0128672,-0.473955,0,0.0116183,21,21.7,2.87984,-3,1,0.33472,0,0,-0.420824,0,0,0.00594805,22,21.7,0.962657,-1.00607,1,0.5,0.020544,0,-3.72529e-06,-0.0129417,0,0.0113847,23,21.7,1.17851,0.996935,1,-0.489735,0.00322554,0,-0.067994,0.0069961,0,0.0117476,24,21.7,-0.175118,-3,1,0.403901,0,0,-0.204547,0,0,0.00731026,25,21.7,0.997262,2.99998,1,0.0218492,-0.000169128,0,-0.0378639,-0.000566244,0,0.00687346,26,21.7,-3,1.98522,1,0,-0.0488209,0,0,0.314511,0,0.00816745,27,21.7,-0.992639,-0.906659,1,-0.0100138,-0.499956,0,-0.0349283,-0.000849366,0,0.0123301,28,21.7,2.99605,0.999674,1,-0.00855066,0.00212127,0,0.0258237,-0.0035651,0,0.00664541,29,21.7,1.99401,0.767397,1,-0.0802802,0.448147,0,-0.536762,-0.309512,0,0.0110245,30,21.7,-2.00006,0.459702,1,0.000179186,0.334969,0,-0.000342727,-0.961373,0,0.0158761,31,21.7,2.30083,0.00191817,1,-0.490529,0.0937778,0,0.149772,0.419699,0,0.0127276,32,21.7,-3,-0.997703,1,0,0.00666259,0,0,0.296269,0,0.00786164,33,21.7,1.76884,2.00091,1,0.5,-0.0025712,0,0,0.00229478,0,0.00996524,34,21.7,-0.908192,-2.09666,1,0.254554,0.309542,0,0.470433,-0.482768,0,0.0149165,35,21.7,-0.0137323,0.000760019,1,-0.370216,-0.00157357,0,-0.112597,0.00210534,0,0.0168706
0,21.8,0.00234237,-1.87127,1,-0.0101888,0.371641,0,-0.0745864,0.456572,0,0.0144458,1,21.8,3,-1.01785,1,0,0.500001,0,0,0,0,0.00616886,2,21.8,0.00561955,0.935949,1,-0.00707926,-0.158529,0,-0.0329956,-0.804603,0,0.020204,3,21.8,-2.99957,0.867474,1,0.00412464,-0.432397,0,0.0118017,0.596821,0,0.0081456,4,21.8,0.111814,-1.00003,1,0.5,-1.49012e-05,0,-3.57628e-06,0.000178814,0,0.0142087,5,21.8,0.765813,-3,1,0.446811,-1.78814e-05,0,-0.101179,0,0,0.0077482,6,21.8,2.9202,-1.99424,1,0.262737,0.110528,0,-0.512719,0.856519,0,0.00616848,7,21.8,1.98779,-1.61726,1,0.0647783,-0.498924,0,0.311852,0.0214577,0,0.0106003,8,21.8,1.00657,-1.99997,1,0.0498533,8.9407e-06,0,0.373602,-0.000238419,0,0.0114727,9,21.8,-3,-3,1,1.19209e-05,5.96046e-06,0,0,0,0,0.00618272,10,21.8,0.987994,1.86033,1,0.0265196,0.36889,0,-0.0246465,-0.432849,0,0.0100581,11,21.8,-2.00034,2.00801,1,0.000929832,-0.0253141,0,0.000357628,0.00178814,0,0.00931434,12,21.8,3,2.64157,1,5.96046e-06,0.495309,0,0.000119209,-0.0677109,0,0.00408791,13,21.8,-1.00044,2,1,-0.000283122,0,0,0.00447035,0,0,0.0100645,14,21.8,-2.80702,2.99961,1,-0.42479,0.00163913,0,0.377417,-0.00429153,0,0.00955058,15,21.8,-1.94272,-2.00016,1,-0.500003,0.000411272,0,5.96046e-05,-0.000238419,0,0.00923033,16,21.8,-0.999988,-0.0131517,1,5.66244e-05,-0.486324,0,-0.000238419,-0.131316,0,0.0187472,17,21.8,1.79823,-2.99998,1,0.441903,-4.76837e-05,0,-0.213206,0.000238419,0,0.00765557,18,21.8,-2.39559,-0.170111,1,0.483888,-0.433877,0,-0.13268,-0.554271,0,0.0108705,19,21.8,-1.00008,3,1,0.0153348,0,0,-0.0413656,0,0,0.00525578,20,21.8,1.00053,-0.0277822,1,-0.00480413,0.177561,0,0.0126362,-0.449795,0,0.0140648,21,21.8,2.91107,-3,1,0.288856,0,0,-0.489473,0,0,0.00670614,22,21.8,1.01266,-1.00409,1,0.500003,0.018838,0,-5.96046e-05,-0.0206232,0,0.0129458,23,21.8,1.1292,0.99729,1,-0.496158,0.00383705,0,-0.0532866,0.00542402,0,0.0127003,24,21.8,-0.136005,-3,1,0.376011,0,0,-0.345457,0,0,0.00975253,25,21.8,0.999247,2.99996,1,0.0177711,-0.000196695,0,-0.0428259,-0.000119209,0,0.00730883,26,21.8,-3,1.98179,1,0,-0.0207961,0,0,0.246406,0,0.0074444,27,21.8,-0.993785,-0.956651,1,-0.0126049,-0.499816,0,-0.0177622,0.00366569,0,0.0122189,28,21.8,2.99534,0.999868,1,-0.00568628,0.00173897,0,0.0306368,-0.00399351,0,0.00696507,29,21.8,1.9831,0.810532,1,-0.139502,0.413345,0,-0.629127,-0.382721,0,0.0134039,30,21.8,-2.00004,0.488276,1,0.000143051,0.235935,0,-0.000238419,-1,0,0.0145476,31,21.8,2.25272,0.0134767,1,-0.469822,0.137915,0,0.261068,0.45126,0,0.0126525,32,21.8,-3,-0.9953,1,0,0.0433937,0,0,0.416905,0,0.00786508,33,21.8,1.81884,2.00067,1,0.500003,-0.00231266,0,-5.96046e-05,0.00274181,0,0.00874001,34,21.8,-0.880535,-2.06814,1,0.296883,0.26058,0,0.368655,-0.49293,0,0.0168448,35,21.8,-0.0513261,0.000617732,1,-0.381467,-0.00122639,0,-0.101466,0.00484951,0,0.0210205
0,21.9,0.000950455,-1.83187,1,-0.0176012,0.415745,0,-0.0717353,0.414573,0,0.0144458,1,21.9,2.99976,-0.967845,1,-0.00690371,0.5,0,-0.130594,-3.72529e-06,0,0.00616886,2,21.9,0.00478045,0.916286,1,-0.00938012,-0.232405,0,-0.0136402,-0.665795,0,0.020204,3,21.9,-2.99912,0.827999,1,0.00467896,-0.351297,0,5.96046e-05,0.949606,0,0.0081456,4,21.9,0.161814,-1.00003,1,0.5,1.11759e-06,0,4.47035e-07,0.00013411,0,0.0142087,5,21.9,0.809702,-3,1,0.428299,-1.56462e-05,0,-0.262026,5.96046e-05,0,0.0077482,6,21.9,2.94392,-1.97863,1,0.212033,0.203739,0,-0.497356,0.97952,0,0.00616848,7,21.9,1.9962,-1.66689,1,0.106507,-0.492173,0,0.502259,0.112832,0,0.0106003,8,21.9,1.01388,-1.99997,1,0.10002,-1.13621e-05,0,0.600941,-0.000171363,0,0.0114727,9,21.9,-3,-3,1,1.15484e-05,5.96046e-06,0,-1.49012e-05,0,0,0.00618272,10,21.9,0.990518,1.89499,1,0.0239309,0.323793,0,-0.0270605,-0.46593,0,0.0100581,11,21.9,-2.00025,2.00553,1,0.000922754,-0.0241518,0,-0.000461936,0.0203252,0,0.00931434,12,21.9,3,2.69066,1,9.68575e-06,0.485237,0,-2.98023e-05,-0.136837,0,0.00408791,13,21.9,-1.00045,2,1,0.000107102,1.86265e-07,0,0.00334531,7.45058e-06,0,0.0100645,14,21.9,-2.84748,2.99975,1,-0.383173,0.00122823,0,0.451162,-0.00391901,0,0.00955058,15,21.9,-1.99272,-2.00012,1,-0.5,0.000380725,0,7.45058e-06,-0.000357628,0,0.00923033,16,21.9,-0.999984,-0.0623261,1,3.45521e-05,-0.496021,0,-0.000204891,-0.0630883,0,0.0187472,17,21.9,1.84109,-2.99999,1,0.412856,-2.86847e-05,0,-0.359677,0.000163913,0,0.00765557,18,21.9,-2.34797,-0.215832,1,0.467586,-0.476254,0,-0.191882,-0.297524,0,0.0108705,19,21.9,-0.998755,3,1,0.011222,0,0,-0.0404157,0,0,0.00525578,20,21.9,1.00011,-0.0122138,1,-0.00358401,0.134467,0,0.0116937,-0.410159,0,0.0140648,21,21.9,2.93744,-3,1,0.23801,0,0,-0.520051,0,0,0.00670614,22,21.9,1.06266,-1.00232,1,0.5,0.0165327,0,-7.45058e-06,-0.0251457,0,0.0129458,23,21.9,1.07939,0.997696,1,-0.499413,0.00423556,0,-0.0133887,0.00282004,0,0.0127003,24,21.9,-0.100299,-3,1,0.336583,0,0,-0.436483,0,0,0.00975253,25,21.9,1.00081,2.99995,1,0.0134422,-0.000188872,0,-0.0431836,0.000223517,0,0.00730883,26,21.9,-3,1.98084,1,0,0.000512041,0,0,0.180848,0,0.0074444,27,21.9,-0.995108,-1.00659,1,-0.0136244,-0.498726,0,-0.00348315,0.0237264,0,0.0122189,28,21.9,2.99492,1.00002,1,-0.00261478,0.00133505,0,0.0302047,-0.00402704,0,0.00696507,29,21.9,1.96579,0.849852,1,-0.208468,0.372136,0,-0.730395,-0.437215,0,0.0134039,30,21.9,-2.00003,0.506869,1,0.000119209,0.135935,0,-0.000238419,-0.999998,0,0.0145476,31,21.9,2.20722,0.0296041,1,-0.438449,0.185137,0,0.361472,0.481738,0,0.0126525,32,21.9,-3,-0.988066,1,0,0.108117,0,0,0.8284,0,0.00786508,33,21.9,1.86884,2.00045,1,0.5,-0.00202321,0,-7.45058e-06,0.00302494,0,0.00874001,34,21.9,-0.848985,-2.04456,1,0.333975,0.211242,0,0.360481,-0.490054,0,0.0168448,35,21.9,-0.0900863,0.000520647,1,-0.394444,-0.000698185,0,-0.144282,0.00587125,0,0.0210205
0,22,-0.00115031,-1.78836,1,-0.0241959,0.452846,0,-0.0586846,0.321209,0,0.0141392,1,22,2.99826,-0.917845,1,-0.0247002,0.5,0,-0.21863,2.98023e-05,0,0.00800715,2,22,0.00380193,0.889995,1,-0.00992845,-0.290522,0,0.00208117,-0.491977,0,0.0204192,3,22,-2.99866,0.797769,1,0.00427365,-0.252557,0,-0.00739098,1.00002,0,0.00948179,4,22,0.211814,-1.00003,1,0.5,1.19209e-05,0,0,0.000178814,0,0.0140887,5,22,0.851005,-3,1,0.395764,-5.96046e-06,0,-0.382125,0,0,0.00678374,6,22,2.96269,-1.95332,1,0.163984,0.30233,0,-0.460625,0.979662,0,0.00680901,7,22,2.00953,-1.7154,1,0.161487,-0.476536,0,0.580192,0.198841,0,0.0108727,8,22,1.02706,-1.99998,1,0.164858,-2.68221e-05,0,0.672758,-5.96046e-05,0,0.0125571,9,22,-3,-3,1,5.96046e-06,0,0,0.000119209,0.000119209,0,0.00635367,10,22,0.992773,1.92501,1,0.0211254,0.276324,0,-0.0289083,-0.480413,0,0.00955018,11,22,-2.00016,2.00323,1,0.000846386,-0.0214696,0,-0.00107288,0.0324249,0,0.0102637,12,22,3,2.73836,1,5.96046e-06,0.467467,0,-0.000119209,-0.22018,0,0.00415987,13,22,-1.00042,2,1,0.00038743,0,0,0.00232458,5.96046e-05,0,0.00963272,14,22,-2.88345,2.99986,1,-0.335324,0.000864267,0,0.501513,-0.00345707,0,0.00931725,15,22,-2.04272,-2.00009,1,-0.5,0.000339746,0,0,-0.000476837,0,0.0101656,16,22,-0.999981,-0.112145,1,1.63913e-05,-0.499468,0,-0.000178814,-0.0106466,0,0.0164959,17,22,1.8804,-2.99999,1,0.371498,-1.19209e-05,0,-0.460386,0,0,0.00684656,18,22,-2.30226,-0.264574,1,0.445813,-0.495213,0,-0.242233,-0.0957394,0,0.0106013,19,22,-0.99783,3,1,0.00733286,0,0,-0.0369549,0,0,0.00529956,20,22,0.999808,-0.00073897,1,-0.00247955,0.0958533,0,0.0103712,-0.36081,0,0.0126455,21,22,2.95864,-3,1,0.186187,0,0,-0.510573,0,0,0.00587776,22,22,1.11266,-1.0008,1,0.500003,0.013876,0,-5.96046e-05,-0.0277162,0,0.0125428,23,22,1.02944,0.998131,1,-0.499159,0.00445098,0,0.0167787,0.00172853,0,0.0131163,24,22,-0.0689275,-3,1,0.289964,0,0,-0.490018,0,0,0.0085881,25,22,1.00194,2.99993,1,0.00923276,-0.000149012,0,-0.0405312,0.000357628,0,0.00782718,26,22,-3,1.98169,1,0,0.0156075,0,0,0.122249,0,0.00713839,27,22,-0.99647,-1.05628,1,-0.0134617,-0.494099,0,0.00602007,0.0730157,0,0.0121653,28,22,2.99481,1.00014,1,0.00026226,0.000941753,0,0.0268221,-0.0038147,0,0.00650115,29,22,1.94126,0.884819,1,-0.281984,0.326703,0,-0.723839,-0.467628,0,0.0131705,30,22,-2.00002,0.515463,1,9.53674e-05,0.0359342,0,-0.000238419,-0.999987,0,0.012525,31,22,2.16532,0.0504973,1,-0.398475,0.232201,0,0.433445,0.450356,0,0.0134486,32,22,-3,-0.972768,1,0,0.200322,0,0,0.977337,0,0.0077442,33,22,1.91884,2.00026,1,0.500003,-0.00171065,0,-5.96046e-05,0.00309944,0,0.00985106,34,22,-0.813885,-2.02585,1,0.366776,0.163251,0,0.286192,-0.466704,0,0.0133745,35,22,-0.130229,0.000482908,1,-0.407904,-2.67668e-05,0,-0.114493,0.0076541,0,0.018529
0,22.1,-0.00377229,-1.74162,1,-0.0273966,0.480316,0,-0.00783199,0.217862,0,0.0141392,1,22.1,2.99446,-0.867845,1,-0.0533726,0.5,0,-0.344828,0,0,0.00800715,2,22.1,0.00283568,0.85868,1,-0.00924288,-0.333683,0,0.0112988,-0.366468,0,0.0204192,3,22.1,-2.99828,0.777513,1,0.00334196,-0.152556,0,-0.0108629,1.00001,0,0.00948179,4,22.1,0.261814,-1.00003,1,0.5,2.64496e-05,0,-8.9407e-07,0.000119209,0,0.0140887,5,22.1,0.888528,-3,1,0.353407,-4.09782e-06,0,-0.459455,4.47035e-05,0,0.00678374,6,22.1,2.97687,-1.91844,1,0.120462,0.392255,0,-0.407591,0.792064,0,0.00680901,7,22.1,2.02875,-1.76189,1,0.224301,-0.451806,0,0.662386,0.291809,0,0.0108727,8,22.1,1.04706,-1.99998,1,0.236227,-3.1665e-05,0,0.736654,-2.98023e-05,0,0.0125571,9,22.1,-2.99999,-3,1,1.41561e-05,9.68575e-06,0,2.98023e-05,5.96046e-05,0,0.00635367,10,22.1,0.994738,1.95024,1,0.018169,0.228346,0,-0.0300109,-0.475846,0,0.00955018,11,22.1,-2.00008,2.00126,1,0.000722334,-0.0178769,0,-0.00138581,0.0386536,0,0.0102637,12,22.1,3,2.78382,1,-3.72529e-06,0.439944,0,-5.96046e-05,-0.326499,0,0.00415987,13,22.1,-1.00038,2,1,0.000570342,5.02914e-06,0,0.00137091,3.72529e-05,0,0.00963272,14,22.1,-2.91441,2.99993,1,-0.283416,0.000552461,0,0.531077,-0.00278652,0,0.00931725,15,22.1,-2.09272,-2.00005,1,-0.5,0.0002902,0,0,-0.000521541,0,0.0101656,16,22.1,-0.99998,-0.162124,1,7.45058e-07,-0.499967,0,-0.00013411,-0.00133261,0,0.0164959,17,22.1,1.91514,-2.99999,1,0.32241,-1.19209e-05,0,-0.515409,0,0,0.00684656,18,22.1,-2.25896,-0.314389,1,0.419363,-0.499701,0,-0.285253,-0.0119638,0,0.0106013,19,22.1,-0.997273,3,1,0.0038974,0,0,-0.0315905,0,0,0.00529956,20,22.1,0.99961,0.00713553,1,-0.00152318,0.0625806,0,0.00873581,-0.304216,0,0.0126455,21,22.1,2.97476,-3,1,0.136942,0,0,-0.469476,0,0,0.00587776,22,22.1,1.16266,-0.999547,1,0.5,0.01111,0,-7.45058e-06,-0.0274442,0,0.0125428,23,22.1,0.979662,0.99858,1,-0.495725,0.00449521,0,0.055816,-0.000555068,0,0.0131163,24,22.1,-0.0424244,-3,1,0.239803,0,0,-0.507827,0,0,0.0085881,25,22.1,1.00267,2.99991,1,0.00542216,-0.000106543,0,-0.0354648,0.000476837,0,0.00782718,26,22.1,-3,1.98377,1,0,0.0252184,0,0,0.0715703,0,0.00713839,27,22.1,-0.997772,-1.10533,1,-0.0124661,-0.486774,0,0.0132248,0.0789165,0,0.0121653,28,22.1,2.99496,1.00021,1,0.00267811,0.00058189,0,0.0213534,-0.00335276,0,0.00650115,29,22.1,1.90952,0.915133,1,-0.351731,0.27948,0,-0.659406,-0.473816,0,0.0131705,30,22.1,-2.00001,0.514056,1,7.30157e-05,-0.0640651,0,-0.000208616,-1,0,0.012525,31,22.1,2.12772,0.0759844,1,-0.352712,0.277444,0,0.477672,0.444669,0,0.0134486,32,22.1,-3,-0.947816,1,0,0.298677,0,0,0.973869,0,0.0077442,33,22.1,1.96884,2.00011,1,0.5,-0.00140332,0,0,0.00302494,0,0.00985106,34,22.1,-0.775748,-2.01186,1,0.396146,0.11681,0,0.296891,-0.456065,0,0.0133745,35,22.1,-0.171596,0.000513289,1,-0.419312,0.000590999,0,-0.106748,0.00504409,0,0.018529
0,22.2,-0.00648439,-1.69271,1,-0.0262342,0.495559,0,0.0288624,0.0888109,0,0.0120002,1,22.2,2.98726,-0.817845,1,-0.0917971,0.5,0,-0.414848,2.98023e-05,0,0.00802688,2,22.2,0.00198077,0.823719,1,-0.00773454,-0.363065,0,0.018541,-0.218451,0,0.0185815,3,22.2,-2.998,0.767258,1,0.00216961,-0.0525564,0,-0.0123978,1.00002,0,0.01061,4,22.2,0.311814,-1.00003,1,0.5,3.57628e-05,0,-1.43051e-05,5.96046e-05,0,0.0127322,5,22.2,0.921483,-3,1,0.304937,0,0,-0.504822,0,0,0.00582827,6,22.2,2.98698,-1.87572,1,0.0828326,0.457141,0,-0.34368,0.496328,0,0.00886022,7,22.2,2.05453,-1.80549,1,0.291449,-0.418934,0,0.669003,0.361979,0,0.0102397,8,22.2,1.07435,-1.99998,1,0.308943,-3.27826e-05,0,0.703096,0,0,0.0129274,9,22.2,-2.99999,-3,1,1.78814e-05,1.19209e-05,0,-0.000119209,0,0,0.00746557,10,22.2,0.996405,1.97072,1,0.0151619,0.181752,0,-0.0299513,-0.453293,0,0.00932259,11,22.2,-2.00002,1.99967,1,0.000581145,-0.0138849,0,-0.00154972,0.0405908,0,0.00977307,12,22.2,3,2.82603,1,-1.19209e-05,0.402933,0,0.000119209,-0.409961,0,0.00685197,13,22.2,-1.00031,2,1,0.000667572,5.96046e-06,0,0.000536442,5.96046e-05,0,0.00918362,14,22.2,-2.94008,2.99997,1,-0.230145,0.000303984,0,0.529408,-0.00202656,0,0.00921593,15,22.2,-2.14272,-2.00003,1,-0.5,0.000244379,0,0,-0.000596046,0,0.00968371,16,22.2,-0.999981,-0.212123,1,-1.19209e-05,-0.5,0,-5.96046e-05,0,0,0.0162598,17,22.2,1.94475,-2.99999,1,0.269529,-1.19209e-05,0,-0.536978,0,0,0.0077693,18,22.2,-2.21851,-0.364383,1,0.389063,-0.5,0,-0.319123,1.43051e-05,0,0.0110901,19,22.2,-0.997031,3,1,0.00103861,0,0,-0.0255108,0,0,0.00573119,20,22.2,0.999498,0.011969,1,-0.000736117,0.0350541,0,0.00706315,-0.246302,0,0.0164031,21,22.2,2.98621,-3,1,0.0931084,0,0,-0.404,0,0,0.00584576,22,22.2,1.21266,-0.998572,1,0.500003,0.00841618,0,-5.96046e-05,-0.0263453,0,0.0106906,23,22.2,0.93046,0.999025,1,-0.487328,0.00439286,0,0.114918,-0.0012517,0,0.0120245,24,22.2,-0.0209753,-3,1,0.189369,0,0,-0.496517,0,0,0.00836705,25,22.2,1.00304,2.99991,1,0.00217557,-5.36442e-05,0,-0.0293255,0.000476837,0,0.00805462,26,22.2,-3,1.98658,1,0,0.0302345,0,0,0.0302792,0,0.00675076,27,22.2,-0.998946,-1.15356,1,-0.0109389,-0.477359,0,0.0167191,0.113606,0,0.0121858,28,22.2,2.99532,1.00025,1,0.00451803,0.000274181,0,0.0151396,-0.00280142,0,0.00632698,29,22.2,1.87123,0.940723,1,-0.411892,0.232497,0,-0.535905,-0.463277,0,0.0121873,30,22.2,-2,0.50265,1,5.36442e-05,-0.164065,0,-0.000178814,-1,0,0.0121172,31,22.2,2.09488,0.105874,1,-0.303721,0.319377,0,0.498533,0.386257,0,0.0166362,32,22.2,-3,-0.913257,1,0,0.389868,0,0,0.813603,0,0.00758424,33,22.2,2.01884,1.99998,1,0.5,-0.00110865,0,0,0.00292063,0,0.00789095,34,22.2,-0.734663,-2.0024,1,0.425328,0.0730991,0,0.282794,-0.413358,0,0.0125146,35,22.2,-0.214,0.000595639,1,-0.428027,0.00104321,0,-0.0622129,0.00426869,0,0.0166358
0,22.3,-0.00892865,-1.64289,1,-0.0223369,0.499722,0,0.0477239,0.0111014,0,0.0120002,1,22.3,2.97591,-0.767845,1,-0.135998,0.5,0,-0.461549,0,0,0.00802688,2,22.3,0.00130053,0.786374,1,-0.00586353,-0.383087,0,0.0189418,-0.174064,0,0.0185815,3,22.3,-2.99785,0.766875,1,0.000951439,0.0433645,0,-0.0118315,0.908192,0,0.01061,4,22.3,0.361814,-1.00033,1,0.5,-0.0088945,0,0,-0.171691,0,0.0127322,5,22.3,0.949417,-3,1,0.253497,0,0,-0.519056,0,0,0.00582827,6,22.3,2.99366,-1.82805,1,0.0519339,0.49112,0,-0.273868,0.195153,0,0.00886022,7,22.3,2.08709,-1.84546,1,0.359564,-0.379464,0,0.667319,0.423118,0,0.0102397,8,22.3,1.10861,-1.99999,1,0.374478,-3.18512e-05,0,0.59922,2.23517e-05,0,0.0129274,9,22.3,-2.99999,-3,1,7.45058e-06,1.04308e-05,0,-8.9407e-05,-2.98023e-05,0,0.00746557,10,22.3,0.997773,1.98669,1,0.0122171,0.138244,0,-0.0287667,-0.414878,0,0.00932259,11,22.3,-1.99997,1.99848,1,0.000427663,-0.00989288,0,-0.00150502,0.0388324,0,0.00977307,12,22.3,3,2.86417,1,-2.23517e-06,0.3587,0,5.96046e-05,-0.470713,0,0.00685197,13,22.3,-1.00025,2,1,0.000689365,1.08033e-05,0,-6.70552e-05,2.98023e-05,0,0.00918362,14,22.3,-2.96048,2.99999,1,-0.178313,0.000130013,0,0.502646,-0.00144541,0,0.00921593,15,22.3,-2.19272,-2.00001,1,-0.5,0.000187755,0,0,-0.000521541,0,0.00968371,16,22.3,-0.999982,-0.262123,1,-1.69501e-05,-0.5,0,-3.72529e-05,8.9407e-07,0,0.0162598,17,22.3,1.96902,-2.99999,1,0.216081,-1.19209e-05,0,-0.527583,0,0,0.0077693,18,22.3,-2.18126,-0.414383,1,0.355432,-0.5,0,-0.351265,0,0,0.0110901,19,22.3,-0.997044,3,1,-0.0011865,0,0,-0.0190437,0,0,0.00573119,20,22.3,0.999457,0.0138127,1,-0.00011744,-0.00178542,0,0.00533089,-0.463311,0,0.0164031,21,22.3,2.99363,-3,1,0.0566673,0,0,-0.323251,0,0,0.00584576,22,22.3,1.26266,-0.997859,1,0.5,0.00588633,0,-7.45058e-06,-0.0241697,0,0.0106906,23,22.3,0.882278,0.999456,1,-0.476363,0.00421656,0,0.112485,-0.00201538,0,0.0120245,24,22.3,-0.00446747,-3,1,0.1414,0,0,-0.459847,0,0,0.00836705,25,22.3,1.00313,2.9999,1,-0.000417233,-6.33299e-06,0,-0.0225455,0.000461936,0,0.00805462,26,22.3,-3,1.9897,1,0,0.0315893,0,0,-0.00162423,0,0.00675076,27,22.3,-0.999951,-1.20103,1,-0.00911793,-0.474575,0,0.0191219,-0.0392199,0,0.0121858,28,22.3,2.99584,1.00027,1,0.00571534,2.5332e-05,0,0.00888109,-0.00217557,0,0.00632698,29,22.3,1.82766,0.961703,1,-0.456535,0.187603,0,-0.358038,-0.433136,0,0.0121873,30,22.3,-2,0.481347,1,3.68804e-05,-0.260629,0,-0.000149012,-0.919269,0,0.0121172,31,22.3,2.067,0.139751,1,-0.254093,0.358001,0,0.49153,0.376561,0,0.0166362,32,22.3,-3,-0.870716,1,0,0.455671,0,0,0.497557,0,0.00758424,33,22.3,2.06884,1.99989,1,0.5,-0.00082925,0,0,0.00266731,0,0.00789095,34,22.3,-0.690667,-1.99695,1,0.454594,0.0376921,0,0.28459,-0.298351,0,0.0125146,35,22.3,-0.257225,0.000715202,1,-0.437288,0.00129752,0,-0.112242,0.00122767,0,0.0166358
0,22.4,-0.010902,-1.59289,1,-0.016944,0.500003,0,0.0589481,-5.96046e-05,0,0.0113844,1,22.4,2.95998,-0.717845,1,-0.182694,0.5,0,-0.465751,2.98023e-05,0,0.00956472,2,22.4,0.000809927,0.747322,1,-0.00393752,-0.396536,0,0.0196022,-0.089407,0,0.0180902,3,22.4,-2.99781,0.77553,1,-0.000166893,0.127326,0,-0.0104904,0.763714,0,0.0136741,4,22.4,0.411814,-1.00231,1,0.5,-0.0328898,0,-1.43051e-05,-0.301003,0,0.0135562,5,22.4,0.972182,-3,1,0.202024,0,0,-0.506371,0,0,0.00675929,6,22.4,2.9976,-1.77835,1,0.0280559,0.499824,0,-0.204086,0.00351667,0,0.00610672,7,22.4,2.12621,-1.88122,1,0.420737,-0.335124,0,0.540495,0.45985,0,0.00971852,8,22.4,1.14882,-1.99999,1,0.42752,-2.98023e-05,0,0.457287,0,0,0.0130571,9,22.4,-2.99999,-2.99999,1,0,5.96046e-06,0,0,0,0,0.00662221,10,22.4,0.998854,1.99852,1,0.00943989,0.0991166,0,-0.0266433,-0.366211,0,0.0111919,11,22.4,-1.99993,1.99768,1,0.000283122,-0.00618994,0,-0.0013113,0.0349283,0,0.010815,12,22.4,3,2.89761,1,0,0.309587,0,0.000119209,-0.507474,0,0.00471611,13,22.4,-1.00018,2,1,0.000655651,1.19209e-05,0,-0.000476837,0,0,0.00870643,14,22.4,-2.97588,3,1,-0.130421,1.19209e-05,0,0.451922,-0.000953674,0,0.00811331,15,22.4,-2.24272,-1.99999,1,-0.5,0.000137091,0,0,-0.000476837,0,0.00938651,16,22.4,-0.999984,-0.312123,1,-1.93715e-05,-0.5,0,-5.96046e-05,1.43051e-05,0,0.0162405,17,22.4,1.98804,-2.99999,1,0.164798,-1.19209e-05,0,-0.494778,0,0,0.0073647,18,22.4,-2.14751,-0.464383,1,0.319237,-0.5,0,-0.370622,0,0,0.0117867,19,22.4,-0.997248,3,1,-0.00278354,0,0,-0.0129342,0,0,0.00620307,20,22.4,0.999469,0.0111435,1,0.000333786,-0.052802,0,0.00375509,-0.536134,0,0.0144805,21,22.4,2.99783,-3,1,0.0286162,0,0,-0.237584,0,0,0.00607656,22,22.4,1.31266,-0.997387,1,0.500003,0.00359565,0,-5.96046e-05,-0.0215173,0,0.0125872,23,22.4,0.835255,0.999869,1,-0.463435,0.00403821,0,0.151843,-0.00143051,0,0.0156398,24,22.4,0.00745475,-3,1,0.0979152,0,0,-0.407707,0,0,0.00617104,25,22.4,1.00298,2.99991,1,-0.00234246,3.57628e-05,0,-0.015974,0.000476837,0,0.00744252,26,22.4,-3,1.99281,1,0,0.0302047,0,0,-0.0247359,0,0.0076683,27,22.4,-1.00077,-1.24881,1,-0.00721514,-0.481978,0,0.0184178,-0.0952482,0,0.0132785,28,22.4,2.99645,1.00026,1,0.00632405,-0.000163913,0,0.00321865,-0.00154972,0,0.00558396,29,22.4,1.7805,0.978358,1,-0.484043,0.146131,0,-0.196338,-0.395179,0,0.0125208,30,22.4,-1.99999,0.450904,1,2.38419e-05,-0.345849,0,-0.000178814,-0.77647,0,0.0121083,31,22.4,2.04402,0.177351,1,-0.205874,0.392969,0,0.470757,0.315264,0,0.0145799,32,22.4,-3,-0.823183,1,0,0.489998,0,0,0.200033,0,0.00709182,33,22.4,2.11884,1.99982,1,0.5,-0.000575185,0,0,0.00232458,0,0.0072598,34,22.4,-0.643894,-1.99451,1,0.47953,0.0127494,0,0.204921,-0.203729,0,0.0115029,35,22.4,-0.301523,0.000848884,1,-0.448538,0.00136239,0,-0.104144,0.000396161,0,0.0176321
0,22.5,-0.012293,-1.54289,1,-0.0108131,0.5,0,0.0627296,-7.45058e-06,0,0.0113844,1,22.5,2.93935,-0.667845,1,-0.229813,0.5,0,-0.470325,0,0,0.00956472,2,22.5,0.000504801,0.707159,1,-0.0022492,-0.40712,0,0.0145428,-0.11351,0,0.0180902,3,22.5,-2.99788,0.791735,1,-0.00110418,0.193316,0,-0.00822544,0.556894,0,0.0136741,4,22.5,0.461814,-1.00768,1,0.5,-0.0795817,0,0,-0.607766,0,0.0135562,5,22.5,0.989906,-3,1,0.153059,0,0,-0.470005,0,0,0.00675929,6,22.5,2.9995,-1.72835,1,0.0109423,0.499989,0,-0.139758,0.000439584,0,0.00610672,7,22.5,2.1707,-1.91242,1,0.466028,-0.288757,0,0.356257,0.465065,0,0.00971852,8,22.5,1.19366,-1.99999,1,0.466859,-2.8871e-05,0,0.319287,2.23517e-05,0,0.0130571,9,22.5,-2.99999,-2.99999,1,-3.72529e-07,5.58794e-06,0,-1.49012e-05,-1.49012e-05,0,0.00662221,10,22.5,0.999669,2.00669,1,0.0069174,0.065285,0,-0.0237189,-0.309914,0,0.0111919,11,22.5,-1.99991,1.99723,1,0.000160187,-0.00297055,0,-0.00114739,0.0293404,0,0.010815,12,22.5,3,2.92599,1,5.58794e-06,0.257784,0,1.49012e-05,-0.523314,0,0.00471611,13,22.5,-1.00011,2,1,0.000591017,1.15484e-05,0,-0.000797212,-1.49012e-05,0,0.00870643,14,22.5,-2.98677,3,1,-0.0885166,-5.96046e-05,0,0.383884,-0.000506639,0,0.00811331,15,22.5,-2.29272,-1.99998,1,-0.5,9.2946e-05,0,0,-0.000409782,0,0.00938651,16,22.5,-0.999986,-0.362123,1,-2.36556e-05,-0.5,0,-2.98023e-05,0,0,0.0162405,17,22.5,2.00213,-3,1,0.117848,-1.19209e-05,0,-0.44214,0,0,0.0073647,18,22.5,-2.11745,-0.514383,1,0.281812,-0.5,0,-0.376254,-2.08616e-06,0,0.0117867,19,22.5,-0.997581,3,1,-0.00379458,0,0,-0.00743568,0,0,0.00620307,20,22.5,0.999519,0.00271387,1,0.000632927,-0.119649,0,0.00227243,-0.768269,0,0.0144805,21,22.5,2.99964,-3,1,0.00898652,0,0,-0.156745,0,0,0.00607656,22,22.5,1.36266,-0.997129,1,0.5,0.0016259,0,-7.45058e-06,-0.0178963,0,0.0125872,23,22.5,0.789618,1.00026,1,-0.449622,0.00378583,0,0.132713,-0.0032559,0,0.0156398,24,22.5,0.0153122,-3,1,0.0603003,0,0,-0.343801,0,0,0.00617104,25,22.5,1.00268,2.99991,1,-0.00362936,7.63685e-05,0,-0.00991672,0.000342727,0,0.00744252,26,22.5,-3,1.99568,1,0,0.0269318,0,0,-0.0395104,0,0.0076683,27,22.5,-1.0014,-1.2975,1,-0.00538956,-0.491698,0,0.0179783,-0.0875816,0,0.0132785,28,22.5,2.99709,1.00024,1,0.00639632,-0.0002902,0,-0.00157952,-0.000998378,0,0.00558396,29,22.5,1.73134,0.991077,1,-0.496991,0.109074,0,-0.0706017,-0.345815,0,0.0125208,30,22.5,-1.99999,0.4128,1,8.56817e-06,-0.412614,0,-0.00013411,-0.559088,0,0.0121083,31,22.5,2.02571,0.218267,1,-0.160986,0.42549,0,0.426382,0.324235,0,0.0145799,32,22.5,-3,-0.773571,1,0,0.499375,0,0,0.0250116,0,0.00709182,33,22.5,2.16884,1.99977,1,0.5,-0.000359677,0,0,0.00198931,0,0.0072598,34,22.5,-0.595116,-1.99412,1,0.494138,-0.00383426,0,0.0918172,-0.130586,0,0.0115029,35,22.5,-0.347029,0.000982465,1,-0.462549,0.00127227,0,-0.162153,-0.00182862,0,0.0176321
0,22.6,-0.013061,-1.49289,1,-0.00456928,0.500003,0,0.061377,-5.96046e-05,0,0.0116368,1,22.6,2.91406,-0.617845,1,-0.2756,0.5,0,-0.440121,2.98023e-05,0,0.0110868,2,22.6,0.00034682,0.665901,1,-0.000960298,-0.417671,0,0.0115434,-0.0906289,0,0.0212785,3,22.6,-2.99802,0.813515,1,-0.00181198,0.238961,0,-0.00584126,0.357777,0,0.0130819,4,22.6,0.511814,-1.01901,1,0.5,-0.149783,0,2.98023e-05,-0.774682,0,0.0138798,5,22.6,1.00294,-3,1,0.108522,0,0,-0.418544,0,0,0.00779516,6,22.6,2.99999,-1.67835,1,-0.0002563,0.500003,0,-0.0860691,-5.96046e-05,0,0.00645636,7,22.6,2.21874,-1.93897,1,0.491482,-0.242564,0,0.156522,0.456631,0,0.00818985,8,22.6,1.24166,-1.99999,1,0.490472,-2.68221e-05,0,0.154078,5.96046e-05,0,0.0135623,9,22.6,-2.99999,-2.99999,1,0,5.96046e-06,0,-0.000119209,-0.000119209,0,0.00958912,10,22.6,1.00025,2.01177,1,0.00470877,0.0371873,0,-0.0203848,-0.251889,0,0.0114301,11,22.6,-1.9999,1.99707,1,5.66244e-05,-0.000339746,0,-0.000953674,0.0232458,0,0.0104721,12,22.6,3,2.94917,1,5.96046e-06,0.205886,0,0,-0.509977,0,0.00516167,13,22.6,-1.00006,2,1,0.000500679,1.19209e-05,0,-0.000953674,-0.000119209,0,0.00934175,14,22.6,-2.99383,2.99999,1,-0.0539839,-8.9407e-05,0,0.305653,-0.000238419,0,0.00861476,15,22.6,-2.34272,-1.99997,1,-0.5,5.36442e-05,0,0,-0.000298023,0,0.00942324,16,22.6,-0.999989,-0.412123,1,-2.5332e-05,-0.5,0,0,1.43051e-05,0,0.013495,17,22.6,2.0118,-3,1,0.0767231,-5.96046e-06,0,-0.379324,-0.000119209,0,0.00886984,18,22.6,-2.09115,-0.564383,1,0.24429,-0.5,0,-0.372648,-2.98023e-05,0,0.0106528,19,22.6,-0.99799,3,1,-0.00430197,0,0,-0.00280142,0,0,0.00583924,20,22.6,0.999591,-0.0132523,1,0.000797212,-0.20061,0,0.00107288,-0.825039,0,0.0192741,21,22.6,2.99987,-3,1,-0.00319481,0,0,-0.0898838,0,0,0.00661389,22,22.6,1.41266,-0.99705,1,0.500003,8.9407e-06,0,-5.96046e-05,-0.0144243,0,0.0128911,23,22.6,0.745344,1.00062,1,-0.435457,0.00345111,0,0.156671,-0.00321865,0,0.0142036,24,22.6,0.0197342,-3,1,0.0292559,0,0,-0.27687,0,0,0.00698517,25,22.6,1.00227,2.99992,1,-0.00435412,0.000107288,0,-0.00470877,0.000119209,0,0.00704008,26,22.6,-3,1.99816,1,0,0.0225216,0,0,-0.0476241,0,0.00813175,27,22.6,-1.00185,-1.34704,1,-0.00363886,-0.498095,0,0.0168085,-0.038147,0,0.0114977,28,22.6,2.99771,1.0002,1,0.00604987,-0.000366569,0,-0.005126,-0.000476837,0,0.00559803,29,22.6,1.68143,1.00034,1,-0.5,0.0769824,0,0,-0.296056,0,0.0126594,30,22.6,-1.99999,0.369101,1,-2.98023e-06,-0.457806,0,-5.96046e-05,-0.345871,0,0.0111038,31,22.6,2.01167,0.262376,1,-0.120693,0.455862,0,0.378966,0.274599,0,0.0141068,32,22.6,-3,-0.723583,1,0,0.5,0,0,2.98023e-05,0,0.00696993,33,22.6,2.21884,1.99974,1,0.5,-0.000178814,0,0,0.00166893,0,0.00829337,34,22.6,-0.545388,-1.99506,1,0.499162,-0.01387,0,0.0167489,-0.0725389,0,0.0101561,35,22.6,-0.394099,0.00109942,1,-0.478663,0.00106303,0,-0.150993,-0.00206247,0,0.0161887
0,22.7,-0.0132246,-1.44289,1,0.00115696,0.499977,0,0.0529356,-0.000916421,0,0.0116368,1,22.7,2.88425,-0.567845,1,-0.320942,0.5,0,-0.459149,0,0,0.0110868,2,22.7,0.000300518,0.623448,1,-4.11256e-05,-0.433234,0,0.00701898,-0.202842,0,0.0212785,3,22.7,-2.99823,0.838891,1,-0.00228584,0.265546,0,-0.00363588,0.17627,0,0.0130819,4,22.7,0.561718,-1.03829,1,0.497114,-0.238952,0,-0.0577345,-0.96105,0,0.0138798,5,22.7,1.0118,-3,1,0.0697739,0,0,-0.355586,0,0,0.00779516,6,22.7,2.9996,-1.62835,1,-0.00685342,0.5,0,-0.0474602,-7.45058e-06,0,0.00645636,7,22.7,2.26839,-1.96098,1,0.499294,-0.198026,0,0.0247508,0.432648,0,0.00818985,8,22.7,1.29124,-2,1,0.498948,-2.10479e-05,0,0.032939,5.21541e-05,0,0.0135623,9,22.7,-2.99999,-2.99999,1,-9.68575e-06,-3.72529e-06,0,-5.96046e-05,-5.96046e-05,0,0.00958912,10,22.7,1.00062,2.01432,1,0.0028519,0.0149161,0,-0.0167415,-0.194192,0,0.0114301,11,22.7,-1.9999,1.99714,1,-2.66358e-05,0.00166595,0,-0.000722706,0.0169426,0,0.0104721,12,22.7,3,2.96725,1,1.86265e-06,0.156498,0,-4.47035e-05,-0.473782,0,0.00516167,13,22.7,-1.00002,2,1,0.000400934,1.86265e-06,0,-0.00103191,-7.45058e-05,0,0.00934175,14,22.7,-2.99783,2.99998,1,-0.0274826,-9.98378e-05,0,0.224695,0,0,0.00861476,15,22.7,-2.39272,-1.99997,1,-0.5,2.64496e-05,0,0,-0.00025332,0,0.00942324,16,22.7,-0.999991,-0.462123,1,-2.47732e-05,-0.5,0,1.49012e-05,1.78814e-06,0,0.013495,17,22.7,2.0177,-3,1,0.0422835,-1.15484e-05,0,-0.309348,-1.49012e-05,0,0.00886984,18,22.7,-2.06857,-0.614323,1,0.207558,-0.498103,0,-0.360653,0.0416115,0,0.0106528,19,22.7,-0.998427,3,1,-0.00439174,0,0,0.000834465,0,0,0.00583924,20,22.7,0.999675,-0.037405,1,0.000859052,-0.281764,0,0.000201166,-0.784651,0,0.0192741,21,22.7,2.99919,-3,1,-0.00963137,0,0,-0.0413954,0,0,0.00661389,22,22.7,1.46266,-0.997116,1,0.5,-0.00126688,0,-7.45058e-06,-0.0111274,0,0.0128911,23,22.7,0.702414,1.00095,1,-0.424555,0.00298955,0,0.0716075,-0.00560284,0,0.0142036,24,22.7,0.0213895,-3,1,0.0049729,0,0,-0.209554,0,0,0.00698517,25,22.7,1.00182,2.99993,1,-0.00460558,0.000115484,0,-0.000491738,2.98023e-05,0,0.00704008,26,22.7,-3,2.00016,1,0,0.0176063,0,0,-0.0499263,0,0.00813175,27,22.7,-1.00213,-1.39696,1,-0.00206679,-0.499881,0,0.014618,-0.00474602,0,0.0114977,28,22.7,2.99829,1.00017,1,0.00539869,-0.000394508,0,-0.007689,-0.000104308,0,0.00559803,29,22.7,1.63144,1.00665,1,-0.499899,0.0500813,0,0.00403821,-0.242651,0,0.0126594,30,22.7,-1.99999,0.321929,1,-8.00937e-06,-0.482311,0,-3.72529e-05,-0.145862,0,0.0111038,31,22.7,2.00139,0.309204,1,-0.0857135,0.479262,0,0.321172,0.189511,0,0.0141068,32,22.7,-3,-0.673583,1,0,0.5,0,0,0,0,0.00696993,33,22.7,2.26884,1.99973,1,0.5,-2.84985e-05,0,0,0.00134856,0,0.00829337,34,22.7,-0.495421,-1.99673,1,0.499947,-0.0188518,0,0.0020954,-0.0291318,0,0.0101561,35,22.7,-0.442628,0.00119326,1,-0.490954,0.000794502,0,-0.0942498,-0.00321624,0,0.0161887
0,22.8,-0.0128597,-1.39291,1,0.00598268,0.499633,0,0.0434387,-0.00727177,0,0.0102946,1,22.8,2.84988,-0.517845,1,-0.366038,0.5,0,-0.436425,-1.43051e-05,0,0.0126106,2,22.8,0.000325253,0.579044,1,0.000477427,-0.45519,0,0.00351245,-0.223517,0,0.0141756,3,22.8,-2.99847,0.866045,1,-0.00254512,0.274785,0,-0.00154972,0.0118613,0,0.0118788,4,22.8,0.611045,-1.06699,1,0.488473,-0.334203,0,-0.114828,-0.91368,0,0.0141756,5,22.8,1.01711,-3,1,0.0375181,0,0,-0.289321,0,0,0.00640851,6,22.8,2.99873,-1.57835,1,-0.0100493,0.500003,0,-0.0178814,-5.96046e-05,0,0.00647114,7,22.8,2.31838,-1.97867,1,0.5,-0.156301,0,0,0.400662,0,0.00793751,8,22.8,1.34121,-2,1,0.500003,-1.49012e-05,0,-5.96046e-05,5.96046e-05,0,0.0106587,9,22.8,-2.99999,-2.99999,1,-1.19209e-05,-1.19209e-05,0,-0.000119209,0,0,0.00842209,10,22.8,1.00083,2.01493,1,0.00135601,-0.00180006,0,-0.0131726,-0.140905,0,0.0102906,11,22.8,-1.9999,1.99738,1,-8.9407e-05,0.00306368,0,-0.000417233,0.0111461,0,0.00969636,12,22.8,3,2.98062,1,0,0.111818,0,-0.000119209,-0.416756,0,0.00481089,13,22.8,-0.99998,2,1,0.000298023,0,0,-0.00101328,-0.000119209,0,0.00883613,14,22.8,-2.99959,2.99997,1,-0.00887513,-8.9407e-05,0,0.149131,0.000119209,0,0.00831058,15,22.8,-2.44272,-1.99997,1,-0.5,2.98023e-06,0,0,-0.000119209,0,0.0108807,16,22.8,-0.999994,-0.512123,1,-2.23517e-05,-0.500001,0,2.98023e-05,2.98023e-05,0,0.0100227,17,22.8,2.02049,-3,1,0.0148237,-1.19209e-05,0,-0.239968,0,0,0.00759889,18,22.8,-2.04959,-0.663831,1,0.172395,-0.491057,0,-0.341177,0.101894,0,0.0126908,19,22.8,-0.998858,3,1,-0.00416636,0,0,0.00348687,0,0,0.00534745,20,22.8,0.99976,-0.0693475,1,0.000844896,-0.35527,0,-0.000476837,-0.676137,0,0.0170202,21,22.8,2.99808,-3,1,-0.0119448,0,0,-0.00703335,0,0,0.0064453,22,22.8,1.51266,-0.997293,1,0.500003,-0.00222474,0,-5.96046e-05,-0.00807643,0,0.0122531,23,22.8,0.660246,1.00122,1,-0.419278,0.00239909,0,0.0422001,-0.00584126,0,0.0151538,24,22.8,0.0209449,-3,1,-0.0128316,0,0,-0.147543,0,0,0.00626996,25,22.8,1.00137,2.99994,1,-0.00448823,0.000113249,0,0.00274181,0.000119209,0,0.00691339,26,22.8,-3,2.00168,1,0,0.012666,0,0,-0.0481606,0,0.00738326,27,22.8,-1.00227,-1.44696,1,-0.000721216,-0.500003,0,0.0123978,5.96046e-05,0,0.0122166,28,22.8,2.99878,1.00013,1,0.00455379,-0.00039041,0,-0.00917912,0.000178814,0,0.0056485,29,22.8,1.5815,1.01053,1,-0.498384,0.0283092,0,0.0323057,-0.193536,0,0.0111569,30,22.8,-1.99999,0.273287,1,-8.9407e-06,-0.487401,0,-5.96046e-05,0.0414175,0,0.0102758,31,22.8,1.99434,0.357919,1,-0.0563413,0.493485,0,0.26685,0.0960529,0,0.0140167,32,22.8,-3,-0.623583,1,0,0.5,0,0,2.98023e-05,0,0.00793347,33,22.8,2.31884,1.99974,1,0.5,8.9407e-05,0,0,0.00107288,0,0.00745486,34,22.8,-0.445422,-1.9987,1,0.5,-0.0200808,0,-1.43051e-05,0.00280142,0,0.010508,35,22.8,-0.492102,0.00125536,1,-0.497635,0.000436921,0,-0.0412464,-0.00385585,0,0.013549
0,22.9,-0.0120645,-1.34295,1,0.00972333,0.499737,0,0.0315505,0.00456721,0,0.0102946,1,22.9,2.81097,-0.467899,1,-0.412647,0.49833,0,-0.467598,-0.0347736,0,0.0126106,2,22.9,9.41416e-05,0.532484,1,-0.00778473,-0.475179,0,-0.157738,-0.173466,0,0.0141756,3,22.9,-2.99873,0.893333,1,-0.00260398,0.268624,0,0.000327826,-0.129294,0,0.0118788,4,22.9,0.659174,-1.10461,1,0.472733,-0.414264,0,-0.197127,-0.674419,0,0.0141756,5,22.9,1.019,-3,1,-0.00316743,0,0,-0.497125,0,0,0.00640851,6,22.9,2.99768,-1.52835,1,-0.0107344,0.5,0,0.00299513,-7.45058e-06,0,0.00647114,7,22.9,2.36838,-1.99238,1,0.5,-0.118524,0,0,0.354737,0,0.00793751,8,22.9,1.39121,-2,1,0.5,-1.02445e-05,0,-7.45058e-06,5.21541e-05,0,0.0106587,9,22.9,-3,-3,1,-1.75089e-05,-1.19209e-05,0,-1.49012e-05,0,0,0.00842209,10,22.9,1.00091,2.01413,1,0.000212714,-0.0134453,0,-0.00974536,-0.0932217,0,0.0102906,11,22.9,-1.99991,1.99774,1,-0.000123121,0.00391081,0,-0.00026077,0.00594556,0,0.00969636,12,22.9,3,2.98983,1,-9.68575e-06,0.0735957,0,-5.96046e-05,-0.34599,0,0.00481089,13,22.9,-0.999955,2,1,0.000200607,-9.12696e-06,0,-0.000923872,-5.21541e-05,0,0.00883613,14,22.9,-2.99984,2.99996,1,0.00275858,-7.1153e-05,0,0.0864118,0.000223517,0,0.00831058,15,22.9,-2.49272,-1.99997,1,-0.5,-8.75443e-06,0,0,-0.000111759,0,0.0108807,16,22.9,-1.00036,-0.562122,1,-0.0106721,-0.499955,0,-0.197615,0.00178814,0,0.0100227,17,22.9,2.02036,-3,1,-0.0209257,-7.45058e-06,0,-0.448287,5.96046e-05,0,0.00759889,18,22.9,-2.034,-0.712743,1,0.139908,-0.489576,0,-0.308424,-0.0437088,0,0.0126908,19,22.9,-0.999254,3,1,-0.00372259,0,0,0.00524893,0,0,0.00534745,20,22.9,0.999842,-0.108134,1,0.00077663,-0.418671,0,-0.000867993,-0.569892,0,0.0170202,21,22.9,2.99637,-3,1,-0.0264574,0,0,-0.257328,0,0,0.0064453,22,22.9,1.56266,-0.99755,1,0.499953,-0.00287509,0,-0.001885,-0.00501052,0,0.0122531,23,22.9,0.618169,1.00143,1,-0.425339,0.00176504,0,-0.142299,-0.00672042,0,0.0151538,24,22.9,0.0190201,-2.99948,1,-0.0247417,0.014979,0,-0.0921804,0.271991,0,0.00626996,25,22.9,1.00094,2.99995,1,-0.00409707,0.000116974,0,0.00491738,-2.98023e-05,0,0.00691339,26,22.9,-3,2.00271,1,0,0.00807717,0,0,-0.043273,0,0.00738326,27,22.9,-1.00228,-1.4969,1,0.000424683,-0.498025,0,0.0104755,0.0455454,0,0.0122166,28,22.9,2.99919,1.00009,1,0.00361316,-0.000361539,0,-0.00949204,0.00037998,0,0.0056485,29,22.9,1.53174,1.01247,1,-0.497349,0.0113642,0,-0.00213087,-0.146441,0,0.0111569,30,22.9,-1.99999,0.225078,1,-1.37836e-05,-0.473722,0,-2.98023e-05,0.225082,0,0.0102758,31,22.9,1.98994,0.407611,1,-0.0326494,0.499165,0,0.208326,0.0248495,0,0.0140167,32,22.9,-3,-0.573583,1,0,0.5,0,0,0,0,0.00793347,33,22.9,2.36884,1.99975,1,0.5,0.000180304,0,0,0.000759959,0,0.00745486,34,22.9,-0.395804,-2.00066,1,0.488772,-0.0186693,0,-0.215562,0.0239313,0,0.010508,35,22.9,-0.541976,0.00245362,1,-0.498882,0.03381,0,0.0166595,0.614096,0,0.013549
0,23,-0.0109529,-1.29296,1,0.0123292,0.5,0,0.0207531,5.96046e-05,0,0.0129287,1,23,2.76749,-0.418308,1,-0.455147,0.492803,0,-0.366449,-0.0767708,0,0.0117653,2,23,-0.00166293,0.484198,1,-0.0290134,-0.489508,0,-0.257285,-0.112161,0,0.0164366,3,23,-2.99899,0.919356,1,-0.00249743,0.250056,0,0.00166893,-0.236511,0,0.0121638,4,23,0.705345,-1.14894,1,0.449599,-0.467694,0,-0.262916,-0.393331,0,0.0129159,5,23,1.01604,-3,1,-0.0570923,0,0,-0.560522,0,0,0.00907944,6,23,2.99664,-1.47835,1,-0.00967979,0.500003,0,0.0172853,-5.96046e-05,0,0.00708751,7,23,2.41838,-2.00253,1,0.5,-0.0853717,0,0,0.308275,0,0.00683155,8,23,1.44121,-2,1,0.500003,-5.96046e-06,0,-5.96046e-05,0.000119209,0,0.00937748,9,23,-3,-3,1,-1.78814e-05,-5.96046e-06,0,0.000119209,-0.000119209,0,0.00682284,10,23,1.00088,2.01239,1,-0.000607967,-0.0206888,0,-0.00661612,-0.0530481,0,0.0099986,11,23,-1.99993,1.99815,1,-0.000140071,0.00428557,0,-0.000119209,0.00166893,0,0.0105169,12,23,3,2.99559,1,-1.19209e-05,0.0428438,0,0,-0.268221,0,0.00597517,13,23,-0.99994,2,1,0.000114739,-1.19209e-05,0,-0.000834465,-5.96046e-05,0,0.00846663,14,23,-2.99922,2.99996,1,0.0089407,-4.76837e-05,0,0.0395775,0.000238419,0,0.00862874,15,23,-2.54272,-1.99997,1,-0.5,-1.78814e-05,0,0,-5.96046e-05,0,0.00987166,16,23,-1.00264,-0.612095,1,-0.0367016,-0.499284,0,-0.309944,0.0143349,0,0.0136382,17,23,2.01587,-3,1,-0.0701129,0,0,-0.514865,0,0,0.00752436,18,23,-2.02149,-0.761981,1,0.110728,-0.495405,0,-0.275254,-0.0575185,0,0.0117781,19,23,-0.999598,3,1,-0.00314265,0,0,0.00622869,0,0,0.00617707,20,23,0.999915,-0.152542,1,0.000676513,-0.466152,0,-0.00110269,-0.370778,0,0.0156796,21,23,2.9922,-3,1,-0.058794,0,0,-0.369549,0,0,0.0069407,22,23,1.61263,-0.997858,1,0.499246,-0.00324398,0,-0.01508,-0.00241399,0,0.0114065,23,23,0.574761,1.00157,1,-0.444029,0.00107288,0,-0.21553,-0.00703335,0,0.0132247,24,23,0.0161659,-2.99636,1,-0.0315711,0.0494897,0,-0.0459208,0.396848,0,0.0104503,25,23,1.00055,2.99997,1,-0.00353158,0.000107288,0,0.00619888,0,0,0.00671625,26,23,-3,2.00331,1,0,0.00406504,0,0,-0.0368357,0,0.00751007,27,23,-1.00219,-1.54636,1,0.00136495,-0.489888,0,0.00822544,0.121295,0,0.0146018,28,23,2.99951,1.00005,1,0.00268221,-0.000315905,0,-0.00905991,0.000536442,0,0.00686936,29,23,1.482,1.01295,1,-0.497115,-0.00118911,0,0.0143647,-0.105739,0,0.00929122,30,23,-2,0.179085,1,-1.49012e-05,-0.443763,0,0,0.36741,0,0.0119822,31,23,1.98762,0.45759,1,-0.0144213,0.5,0,0.157595,-1.43051e-05,0,0.0125679,32,23,-3,-0.523583,1,0,0.5,0,0,1.43051e-05,0,0.0073451,33,23,2.41884,1.99977,1,0.5,0.000241399,0,0,0.000476837,0,0.00800577,34,23,-0.348298,-2.00238,1,0.458618,-0.0155747,0,-0.37916,0.0368357,0,0.0108198,35,23,-0.591682,0.00953296,1,-0.494255,0.112861,0,0.0759661,0.920191,0,0.014583
0,23.1,-0.00963427,-1.24296,1,0.0138722,0.5,0,0.0105322,-1.49012e-05,0,0.0129287,1,23.1,2.72043,-0.369537,1,-0.483421,0.481385,0,-0.201494,-0.149846,0,0.0117653,2,23.1,-0.00620008,0.43479,1,-0.0648547,-0.497576,0,-0.444977,-0.0480842,0,0.0164366,3,23.1,-2.99923,0.943043,1,-0.00226945,0.22247,0,0.00280142,-0.309423,0,0.0121638,4,23.1,0.748897,-1.19724,1,0.420564,-0.493955,0,-0.315204,-0.14396,0,0.0129159,5,23.1,1.00739,-3,1,-0.116902,0,0,-0.618096,0,0,0.00907944,6,23.1,2.99577,-1.42836,1,-0.00759698,0.499913,0,0.0237375,-0.00345707,0,0.00708751,7,23.1,2.46838,-2.00961,1,0.5,-0.0569191,0,0,0.260934,0,0.00683155,8,23.1,1.49121,-2,1,0.5,3.72529e-06,0,-7.45058e-06,5.96046e-05,0,0.00937748,9,23.1,-3,-3,1,-7.82311e-06,-1.15484e-05,0,7.45058e-05,-1.49012e-05,0,0.00682284,10,23.1,1.00079,2.01011,1,-0.0011351,-0.0242963,0,-0.00400841,-0.0204444,0,0.0099986,11,23.1,-1.99994,1.99858,1,-0.000145845,0.0042785,0,7.45058e-06,-0.00163913,0,0.0105169,12,23.1,3,2.99867,1,-1.15484e-05,0.0199258,0,1.49012e-05,-0.190943,0,0.00597517,13,23.1,-0.999932,2,1,3.96743e-05,-1.546e-05,0,-0.000670552,-2.23517e-05,0,0.00846663,14,23.1,-2.99818,2.99995,1,0.0111938,-2.23517e-05,0,0.00748038,0.000268221,0,0.00862874,15,23.1,-2.5927,-1.99997,1,-0.499326,-2.36556e-05,0,0.019297,-5.21541e-05,0,0.00987166,16,23.1,-1.00823,-0.661792,1,-0.0784079,-0.493073,0,-0.503652,0.109497,0,0.0136382,17,23.1,2.00593,-3,1,-0.131434,0,0,-0.684619,0,0,0.00752436,18,23.1,-2.01173,-0.811747,1,0.0851527,-0.499283,0,-0.23675,-0.020083,0,0.0117781,19,23.1,-0.99988,3,1,-0.00250051,0,0,0.00652298,0,0,0.00617707,20,23.1,0.999977,-0.200637,1,0.000562705,-0.492131,0,-0.00116229,-0.155126,0,0.0156796,21,23.1,2.98404,-3,1,-0.108137,0,0,-0.589088,0,0,0.0069407,22,23.1,1.66241,-0.998191,1,0.495534,-0.00337856,0,-0.0645593,-0.000346452,0,0.0114065,23,23.1,0.52927,1.00164,1,-0.465632,0.000380166,0,-0.206564,-0.00675768,0,0.0132247,24,23.1,0.0128466,-2.98918,1,-0.0341841,0.0959005,0,-0.00803499,0.512108,0,0.0104503,25,23.1,1.00023,2.99998,1,-0.00287825,9.90927e-05,0,0.0067614,-0.000149012,0,0.00671625,26,23.1,-3,2.00355,1,0,0.000761449,0,0,-0.0292063,0,0.00751007,27,23.1,-1.00202,-1.5943,1,0.00206139,-0.464879,0,0.0057742,0.36487,0,0.0146018,28,23.1,2.99973,1.00003,1,0.00182949,-0.000259094,0,-0.00791252,0.000588596,0,0.00686936,29,23.1,1.43231,1.01236,1,-0.497211,-0.00992455,0,-0.00800937,-0.0700951,0,0.00929122,30,23.1,-2,0.136722,1,-1.41561e-05,-0.401858,0,1.49012e-05,0.46489,0,0.0119822,31,23.1,1.98689,0.50759,1,-0.000889227,0.5,0,0.114188,-1.78814e-06,0,0.0125679,32,23.1,-3,-0.473583,1,0,0.5,0,0,-1.78814e-06,0,0.0073451,33,23.1,2.46884,1.9998,1,0.5,0.00027772,0,0,0.00026077,0,0.00800577,34,23.1,-0.304819,-2.00374,1,0.406654,-0.0115678,0,-0.637962,0.0422299,0,0.0108198,35,23.1,-0.640571,0.0255744,1,-0.482027,0.20911,0,0.165693,0.989638,0,0.014583
0,23.2,-0.00820837,-1.19296,1,0.0145158,0.500003,0,0.00271689,-5.96046e-05,0,0.0120421,1,23.2,2.67132,-0.322257,1,-0.496536,0.463178,0,-0.0692606,-0.21258,0,0.0121792,2,23.2,-0.0151189,0.384906,1,-0.115283,-0.498976,0,-0.550901,0.0204891,0,0.0158322,3,23.2,-2.99944,0.963663,1,-0.00194907,0.189251,0,0.00333786,-0.349939,0,0.0123446,4,23.2,0.789309,-1.24705,1,0.387055,-0.5,0,-0.352621,0,0,0.0123415,5,23.2,0.992636,-3,1,-0.177591,0,0,-0.582069,0,0,0.00723963,6,23.2,2.99514,-1.37841,1,-0.00505447,0.498617,0,0.0268221,-0.027597,0,0.0073278,7,23.2,2.51838,-2.01407,1,0.5,-0.0331342,0,0,0.214815,0,0.00686682,8,23.2,1.54121,-2,1,0.500003,1.19209e-05,0,-5.96046e-05,-5.96046e-05,0,0.00854876,9,23.2,-3,-3,1,-5.96046e-06,-1.19209e-05,0,0.000238419,0.000119209,0,0.00526897,10,23.2,1.00066,2.00763,1,-0.00142455,-0.025034,0,-0.00184774,0.00429153,0,0.0110008,11,23.2,-1.99996,1.999,1,-0.000140071,0.00398755,0,5.96046e-05,-0.00399351,0,0.0127506,12,23.2,3,2.99982,1,-5.96046e-06,0.00439882,0,-0.000119209,-0.121474,0,0.00611284,13,23.2,-0.999931,2,1,-1.78814e-05,-1.49012e-05,0,-0.000536442,0,0,0.0100741,14,23.2,-2.99707,2.99995,1,0.0108004,0,0,-0.0137091,0.000238419,0,0.00983254,15,23.2,-2.64247,-1.99997,1,-0.495118,-2.68221e-05,0,0.0692606,-5.96046e-05,0,0.00895875,16,23.2,-1.01877,-0.710397,1,-0.133672,-0.477512,0,-0.584662,0.200838,0,0.0156953,17,23.2,1.98927,-3,1,-0.202212,0,0,-0.709653,0,0,0.00638446,18,23.2,-2.00434,-0.861729,1,0.0632823,-0.5,0,-0.201046,-2.98023e-05,0,0.0126974,19,23.2,-1.0001,3,1,-0.0018537,0,0,0.00631809,0,0,0.00641105,20,23.2,1.00003,-0.250342,1,0.000447035,-0.499517,0,-0.00119209,-0.00967026,0,0.0148698,21,23.2,2.97011,-3,1,-0.171536,0,0,-0.656366,0,0,0.00523204,22,23.2,1.71152,-0.998528,1,0.485447,-0.00332594,0,-0.140786,0.0013113,0,0.0103971,23,23.2,0.481752,1.00165,1,-0.4838,-0.000265241,0,-0.151336,-0.00607967,0,0.0150732,24,23.2,0.0094389,-2.97697,1,-0.033499,0.148463,0,0.0202239,0.523925,0,0.0119443,25,23.2,0.999978,2.99999,1,-0.00219792,7.7486e-05,0,0.00676513,-0.000238419,0,0.00696925,26,23.2,-3,2.00349,1,0,-0.00177026,0,0,-0.0216961,0,0.00748505,27,23.2,-1.00179,-1.63866,1,0.0025332,-0.419539,0,0.00363588,0.529528,0,0.015578,28,23.2,2.99988,1,1,0.00110865,-0.000201166,0,-0.00631809,0.000625849,0,0.00575763,29,23.2,1.38257,1.01107,1,-0.497237,-0.0154197,0,0.0140071,-0.0409484,0,0.0115347,30,23.2,-2,0.0989809,1,-1.19209e-05,-0.351913,0,0,0.528511,0,0.0108333,31,23.2,1.98731,0.55759,1,0.00864267,0.500001,0,0.0774264,-2.98023e-05,0,0.0116339,32,23.2,-3,-0.423583,1,0,0.5,0,0,-1.43051e-05,0,0.00764805,33,23.2,2.51884,1.99983,1,0.5,0.000295043,0,0,5.96046e-05,0,0.00607708,34,23.2,-0.267618,-2.00469,1,0.335071,-0.00731349,0,-0.775434,0.0419617,0,0.0124113,35,23.2,-0.687817,0.0514605,1,-0.46168,0.308716,0,0.238568,0.996914,0,0.0136224
0,23.3,-0.00675594,-1.14296,1,0.0144197,0.5,0,-0.00408411,-7.45058e-06,0,0.0120421,1,23.3,2.62145,-0.277097,1,-0.499783,0.439113,0,-0.00865757,-0.266938,0,0.0121792,2,23.3,-0.0298271,0.335277,1,-0.182361,-0.491979,0,-0.760325,0.117937,0,0.0158322,3,23.3,-2.99962,0.98081,1,-0.00159256,0.153516,0,0.00374019,-0.360608,0,0.0123446,4,23.3,0.826209,-1.29705,1,0.350561,-0.5,0,-0.375237,0,0,0.0123415,5,23.3,0.972016,-3,1,-0.234037,0,0,-0.535503,0,0,0.00723963,6,23.3,2.99477,-1.32877,1,-0.00235289,0.493323,0,0.0267923,-0.0829175,0,0.0073278,7,23.3,2.56837,-2.01639,1,0.499909,-0.0140764,0,-0.00360608,0.167221,0,0.00686682,8,23.3,1.5912,-2,1,0.499488,6.89179e-06,0,-0.0152588,-3.72529e-05,0,0.00854876,9,23.3,-3,-3,1,1.15484e-05,-2.23517e-06,0,0.00013411,5.96046e-05,0,0.00526897,10,23.3,1.00052,2.00465,1,-0.00152271,-0.0386611,0,-0.000186265,-0.250399,0,0.0110008,11,23.3,-1.99997,1.99937,1,-0.000129826,0.00350643,0,0.000141561,-0.00550598,0,0.0127506,12,23.3,2.99999,2.99975,1,-1.41561e-05,-0.00489764,0,-2.98023e-05,-0.0670403,0,0.00611284,13,23.3,-0.999935,1.99999,1,-6.2678e-05,-1.37836e-05,0,-0.000361353,2.98023e-05,0,0.0100741,14,23.3,-2.99608,2.99995,1,0.00878423,2.19792e-05,0,-0.0254214,0.000193715,0,0.00983254,15,23.3,-2.69152,-1.99997,1,-0.484876,-3.18512e-05,0,0.13867,-3.72529e-05,0,0.00895875,16,23.3,-1.0352,-0.756908,1,-0.195886,-0.450502,0,-0.644453,0.332817,0,0.0156953,17,23.3,1.96549,-3,1,-0.273027,0,0,-0.693776,0,0,0.00638446,18,23.3,-1.99896,-0.911729,1,0.0449177,-0.5,0,-0.166848,0,0,0.0126974,19,23.3,-1.00025,3,1,-0.00124946,0,0,0.00572205,0,0,0.00641105,20,23.3,1.00007,-0.300323,1,0.000331365,-0.49997,0,-0.00112504,-0.00120521,0,0.0148698,21,23.3,2.94952,-3,1,-0.241274,0,0,-0.720531,0,0,0.00523204,22,23.3,1.75917,-0.998851,1,0.465648,-0.0031257,0,-0.252448,0.0026226,0,0.0103971,23,23.3,0.43273,1.00159,1,-0.495447,-0.000812858,0,-0.0801831,-0.00485778,0,0.0150732,24,23.3,0.00622399,-2.95949,1,-0.0304895,0.201131,0,0.0388119,0.516459,0,0.0119443,25,23.3,0.999791,2.99999,1,-0.0015432,5.40167e-05,0,0.00627339,-0.000223517,0,0.00696925,26,23.3,-3,2.00322,1,0,-0.00356622,0,0,-0.0143498,0,0.00748505,27,23.3,-1.00152,-1.67751,1,0.00279676,-0.35363,0,0.00182539,0.764079,0,0.015578,28,23.3,2.99996,0.999986,1,0.000553206,-0.000141375,0,-0.00475347,0.000566244,0,0.00575763,29,23.3,1.33312,1.00837,1,-0.489696,-0.0468882,0,0.133343,-0.546969,0,0.0115347,30,23.3,-2,0.0664958,1,-1.15484e-05,-0.297298,0,1.49012e-05,0.558125,0,0.0108333,31,23.3,1.98851,0.607545,1,0.0147859,0.498526,0,0.0465289,-0.0337176,0,0.0116339,32,23.3,-3,-0.373669,1,0,0.497345,0,0,-0.0556707,0,0.00764805,33,23.3,2.56883,1.99986,1,0.499907,0.00029318,0,-0.00368059,-8.9407e-05,0,0.00607708,34,23.3,-0.238267,-2.00521,1,0.249761,-0.00329614,0,-0.907781,0.0378191,0,0.0124113,35,23.3,-0.732686,0.0870297,1,-0.434709,0.39908,0,0.298135,0.78356,0,0.0136224
0,23.4,-0.00534181,-1.09296,1,0.0138005,0.500003,0,-0.00783848,-5.96046e-05,0,0.0154102,1,23.4,2.57146,-0.234598,1,-0.5,0.41014,0,0,-0.310786,0,0.0127593,2,23.4,-0.0520041,0.286819,1,-0.261965,-0.47571,0,-0.808263,0.205747,0,0.018424,3,23.4,-2.99976,0.99437,1,-0.00121593,0.117873,0,0.00357628,-0.348985,0,0.0112768,4,23.4,0.859366,-1.34705,1,0.312389,-0.500003,0,-0.386387,5.96046e-05,0,0.0117997,5,23.4,0.946089,-3,1,-0.282732,0,0,-0.430197,0,0,0.00677802,6,23.4,2.99467,-1.27997,1,0.000220537,0.481281,0,0.0245571,-0.160754,0,0.00720819,7,23.4,2.61832,-2.01704,1,0.498557,0.000482798,0,-0.0288486,0.124693,0,0.00665444,8,23.4,1.64101,-2,1,0.495985,2.98023e-06,0,-0.0594258,-5.96046e-05,0,0.0096741,9,23.4,-3,-3,1,1.78814e-05,5.96046e-06,0,0.000119209,0,0,0.00742405,10,23.4,1.00037,1.99929,1,-0.0014782,-0.070408,0,0.00101328,-0.363946,0,0.0163577,11,23.4,-1.99998,1.99969,1,-0.000116229,0.00291169,0,0.000238419,-0.00625849,0,0.011345,12,23.4,2.99999,2.999,1,-1.78814e-05,-0.00948906,0,0.000119209,-0.0269413,0,0.00634046,13,23.4,-0.999943,1.99999,1,-8.9407e-05,-1.19209e-05,0,-0.000238419,0.000119209,0,0.0105102,14,23.4,-2.99534,2.99996,1,0.00593662,3.57628e-05,0,-0.0306368,0.000238419,0,0.0100179,15,23.4,-2.73918,-1.99998,1,-0.466925,-3.27826e-05,0,0.221848,-5.96046e-05,0,0.00705637,16,23.4,-1.058,-0.800122,1,-0.259832,-0.4122,0,-0.622272,0.427216,0,0.0190028,17,23.4,1.93484,-3,1,-0.338665,0,0,-0.608861,0,0,0.00626434,18,23.4,-1.99525,-0.961729,1,0.0297964,-0.5,0,-0.136137,-2.98023e-05,0,0.0120018,19,23.4,-1.00035,3,1,-0.000715256,0,0,0.00494719,0,0,0.00829386,20,23.4,1.00009,-0.350322,1,0.000223517,-0.5,0,-0.00107288,1.43051e-05,0,0.0114018,21,23.4,2.92181,-3,1,-0.312424,0,0,-0.688076,0,0,0.00503549,22,23.4,1.80431,-0.999149,1,0.435531,-0.00281483,0,-0.346899,0.00351667,0,0.0106387,23,23.4,0.38291,1.00149,1,-0.499721,-0.00123978,0,-0.00558734,-0.00363588,0,0.0150526,24,23.4,0.00339181,-2.93689,1,-0.0259527,0.249493,0,0.0509178,0.440717,0,0.01431,25,23.4,0.999667,3,1,-0.000953674,2.98023e-05,0,0.00554323,-0.000119209,0,0.00601553,26,23.4,-3,2.0028,1,0,-0.004673,0,0,-0.00798702,0,0.00718974,27,23.4,-1.00123,-1.70883,1,0.00293255,-0.271153,0,0.00101328,0.865638,0,0.0145982,28,23.4,2.99999,0.999974,1,0.000160933,-8.79169e-05,0,-0.00321865,0.000506639,0,0.00544926,29,23.4,1.28499,1.0004,1,-0.471252,-0.117226,0,0.232279,-0.825405,0,0.0109188,30,23.4,-2,0.0395658,1,-1.19209e-05,-0.241331,0,0.000119209,0.556468,0,0.0123645,31,23.4,1.99018,0.657144,1,0.0181526,0.492524,0,0.0218153,-0.089407,0,0.0118467,32,23.4,-3,-0.324323,1,0,0.488443,0,0,-0.124022,0,0.0081949,33,23.4,2.61878,1.99988,1,0.498521,0.000280142,0,-0.0294447,-0.000238419,0,0.00656229,34,23.4,-0.217891,-2.00536,1,0.157587,0.000154972,0,-0.917956,0.0309944,0,0.01344,35,23.4,-0.774587,0.130349,1,-0.402574,0.462024,0,0.342131,0.468083,0,0.0141743
0,23.5,-0.00400842,-1.04296,1,0.012804,0.5,0,-0.0116426,-3.72529e-06,0,0.0154102,1,23.5,2.52146,-0.195213,1,-0.5,0.376869,0,0,-0.352087,0,0.0127593,2,23.5,-0.0823772,0.240465,1,-0.345731,-0.449612,0,-0.824132,0.311125,0,0.018424,3,23.5,-2.99986,1.00446,1,-0.00086613,0.0843979,0,0.00335276,-0.318412,0,0.0112768,4,23.5,0.888667,-1.39705,1,0.27364,-0.5,0,-0.386972,7.45058e-06,0,0.0117997,5,23.5,0.915826,-3,1,-0.320791,0,0,-0.325579,0,0,0.00677802,6,23.5,2.9948,-1.23284,1,0.00244081,0.459607,0,0.0197589,-0.269733,0,0.00720819,7,23.5,2.66794,-2.01643,1,0.492964,0.011066,0,-0.087887,0.0877827,0,0.00665444,8,23.5,1.69021,-2,1,0.486995,-1.86265e-06,0,-0.12359,-2.98023e-05,0,0.0096741,9,23.5,-2.99999,-3,1,2.49594e-05,5.96046e-06,0,4.47035e-05,0,0,0.00742405,10,23.5,1.00022,1.98976,1,-0.00133794,-0.126185,0,0.00173599,-0.714928,0,0.0163577,11,23.5,-1.99999,1.99995,1,-9.23872e-05,0.00227485,0,0.000238419,-0.00638515,0,0.011345,12,23.5,2.99999,2.99744,1,-7.45058e-06,-0.025728,0,8.9407e-05,-0.272021,0,0.00634046,13,23.5,-0.999953,1.99999,1,-0.000105985,-1.86265e-06,0,-0.000104308,7.45058e-05,0,0.0105102,14,23.5,-2.9949,2.99996,1,0.00284798,5.43892e-05,0,-0.0305325,0.000149012,0,0.0100179,15,23.5,-2.78458,-1.99998,1,-0.43925,-3.68804e-05,0,0.327826,-1.49012e-05,0,0.00705637,16,23.5,-1.08701,-0.839016,1,-0.319334,-0.364011,0,-0.563592,0.52743,0,0.0190028,17,23.5,1.89803,-3,1,-0.396219,0,0,-0.533484,0,0,0.00626434,18,23.5,-1.9929,-1.01173,1,0.017635,-0.5,0,-0.107713,7.45058e-06,0,0.0120018,19,23.5,-1.0004,3,1,-0.000268593,0,0,0.00399351,0,0,0.00829386,20,23.5,1.00011,-0.400322,1,0.000124983,-0.5,0,-0.00090152,0,0,0.0114018,21,23.5,2.88722,-3,1,-0.377945,0,0,-0.60901,0,0,0.00503549,22,23.5,1.846,-0.999412,1,0.397176,-0.00243587,0,-0.417359,0.00400469,0,0.0106387,23,23.5,0.333009,1.00135,1,-0.497178,-0.00154525,0,0.0607817,-0.00247359,0,0.0150526,24,23.5,0.00106018,-2.90986,1,-0.0206051,0.289686,0,0.055412,0.356495,0,0.01431,25,23.5,0.999598,3,1,-0.000447594,1.60187e-05,0,0.00456721,-0.000163913,0,0.00601553,26,23.5,-3,2.0023,1,0,-0.00519082,0,0,-0.0025928,0,0.00718974,27,23.5,-1.00094,-1.73136,1,0.00292026,-0.177452,0,-0.00089407,0.983208,0,0.0145982,28,23.5,2.99947,0.999968,1,-0.0150479,-4.2282e-05,0,-0.273496,0.000402331,0,0.00544926,29,23.5,1.23919,0.984212,1,-0.443215,-0.209042,0,0.323929,-0.978179,0,0.0109188,30,23.5,-2,0.0181747,1,-1.86265e-06,-0.186989,0,7.45058e-05,0.526697,0,0.0123645,31,23.5,1.99207,0.706223,1,0.019424,0.491146,0,0.00433624,0.0370368,0,0.0118467,32,23.5,-3,-0.276217,1,0,0.472456,0,0,-0.196772,0,0.0081949,33,23.5,2.66832,1.99954,1,0.490775,-0.0103997,0,-0.124916,-0.19794,0,0.00656229,34,23.5,-0.206762,-2.00521,1,0.0650774,0.00287183,0,-0.914131,0.0231117,0,0.01344,35,23.5,-0.813075,0.178353,1,-0.366674,0.493021,0,0.373472,0.167796,0,0.0141743
0,23.6,-0.00278941,-0.992955,1,0.0115537,0.5,0,-0.0129957,2.98023e-05,0,0.0157039,1,23.6,2.47146,-0.159337,1,-0.5,0.340211,0,0,-0.37875,0,0.013115,2,23.6,-0.120824,0.197198,1,-0.420091,-0.414453,0,-0.638999,0.38746,0,0.0166984,3,23.6,-2.99993,1.01137,1,-0.000554323,0.0545412,0,0.00298023,-0.2774,0,0.0100269,4,23.6,0.914107,-1.44705,1,0.2353,-0.500003,0,-0.37837,5.96046e-05,0,0.0130899,5,23.6,0.882328,-3,1,-0.346972,0,0,-0.194699,0,0,0.00821127,6,23.6,2.99514,-1.18838,1,0.00416636,0.427946,0,0.0146627,-0.360191,0,0.0102853,7,23.6,2.71667,-2.01494,1,0.480199,0.0182033,0,-0.170469,0.0556707,0,0.0070923,8,23.6,1.73816,-2,1,0.470775,-5.96046e-06,0,-0.202656,0,0,0.00940157,9,23.6,-2.99999,-3,1,2.38419e-05,0,0,0,0.000119209,0,0.00664659,10,23.6,1.0001,1.97324,1,-0.00113845,-0.206739,0,0.00214577,-0.866175,0,0.0117713,11,23.6,-2,2.00015,1,-7.15256e-05,0.00164509,0,0.000357628,-0.00596046,0,0.011966,12,23.6,2.99999,2.99328,1,0,-0.0593066,0,0,-0.379562,0,0.00467933,13,23.6,-0.999964,1.99999,1,-0.000110269,5.96046e-06,0,2.98023e-05,5.96046e-05,0,0.00930238,14,23.6,-2.99476,2.99997,1,-7.15256e-05,6.55651e-05,0,-0.0274181,0,0,0.0108575,15,23.6,-2.82672,-1.99999,1,-0.402129,-3.57628e-05,0,0.410914,-5.96046e-05,0,0.00723742,16,23.6,-1.12163,-0.872678,1,-0.371793,-0.308414,0,-0.482261,0.576705,0,0.0181087,17,23.6,1.85592,-3,1,-0.443849,0,0,-0.412762,0,0,0.00573208,18,23.6,-1.99163,-1.06173,1,0.00813305,-0.500003,0,-0.0829101,5.96046e-05,0,0.0124471,19,23.6,-1.00041,3,1,8.04663e-05,0,0,0.00303984,0,0,0.0064563,20,23.6,1.00012,-0.450322,1,4.47035e-05,-0.5,0,-0.00077486,1.43051e-05,0,0.0101845,21,23.6,2.8466,-3,1,-0.43214,0,0,-0.467539,0,0,0.0061338,22,23.6,1.88354,-0.999635,1,0.352663,-0.00202209,0,-0.469863,0.00417233,0,0.00999546,23,23.6,0.283734,1.00118,1,-0.486872,-0.00173748,0,0.147954,-0.00137091,0,0.0145183,24,23.6,-0.00072021,-2.8793,1,-0.0149857,0.319695,0,0.0564443,0.239253,0,0.0144037,25,23.6,0.999574,3,1,-4.32134e-05,5.96046e-06,0,0.00357628,-0.000119209,0,0.00700107,26,23.6,-3,2.00178,1,0,-0.00523329,0,0,0.00166893,0,0.00723926,27,23.6,-1.00065,-1.74414,1,0.00281632,-0.0778705,0,-0.00089407,0.999987,0,0.0158668,28,23.6,2.99634,0.999966,1,-0.0496447,-8.9407e-06,0,-0.397086,0.000268221,0,0.00721377,29,23.6,1.19661,0.958351,1,-0.407329,-0.308496,0,0.389636,-1.00002,0,0.0134177,30,23.6,-2,0.00203461,1,0,-0.13663,0,0.000119209,0.477769,0,0.0101778,31,23.6,1.99401,0.755577,1,0.0191599,0.496116,0,-0.0090003,0.048995,0,0.00971448,32,23.6,-3,-0.230082,1,0,0.448977,0,0,-0.272878,0,0.00987463,33,23.6,2.71662,1.99729,1,0.47369,-0.0364661,0,-0.21553,-0.310242,0,0.0059001,34,23.6,-0.204696,-2.00482,1,-0.0221293,0.00474453,0,-0.817023,0.0141859,0,0.0179918,35,23.6,-0.847841,0.228145,1,-0.328338,0.5,0,0.391096,-1.43051e-05,0,0.0144507
0,23.7,-0.00170351,-0.942955,1,0.0101243,0.5,0,-0.0153999,0,0,0.0157039,1,23.7,2.42146,-0.127233,1,-0.499883,0.301687,0,0.00464916,-0.389845,0,0.013115,2,23.7,-0.165566,0.157773,1,-0.470097,-0.373312,0,-0.361372,0.431802,0,0.0166984,3,23.7,-2.99876,1.01553,1,0.0344593,0.0296758,0,0.63704,-0.220723,0,0.0100269,4,23.7,0.936068,-1.49705,1,0.206898,-0.5,0,-0.199657,7.45058e-06,0,0.0130899,5,23.7,0.846832,-3,1,-0.361164,0,0,-0.0873059,0,0,0.00821127,6,23.7,2.99562,-1.14803,1,0.00537597,0.373582,0,0.00955164,-0.696659,0,0.0102853,7,23.7,2.7636,-2.01359,1,0.456207,0.00202619,0,-0.303388,-0.348821,0,0.0070923,8,23.7,1.78405,-1.99955,1,0.445262,0.0130564,0,-0.304267,0.239894,0,0.00940157,9,23.7,-2.99999,-3,1,2.19792e-05,9.68575e-06,0,-4.47035e-05,5.96046e-05,0,0.00664659,10,23.7,0.999997,1.94929,1,-0.000909902,-0.262456,0,0.00238419,-0.279501,0,0.0117713,11,23.7,-2,2.00028,1,-4.06057e-05,0.00107698,0,0.000283122,-0.00537932,0,0.011966,12,23.7,2.99999,2.98503,1,3.72529e-07,-0.109379,0,1.49012e-05,-0.593945,0,0.00467933,13,23.7,-0.999975,1.99999,1,-0.000103563,1.08033e-05,0,9.68575e-05,2.98023e-05,0,0.00930238,14,23.7,-2.9949,2.99997,1,-0.00254884,6.37025e-05,0,-0.0219941,-4.47035e-05,0,0.0108575,15,23.7,-2.86477,-1.99999,1,-0.357821,-3.91155e-05,0,0.471264,-1.49012e-05,0,0.00723742,16,23.7,-1.16123,-0.900613,1,-0.419631,-0.250237,0,-0.454679,0.580352,0,0.0181087,17,23.7,1.80975,-3,1,-0.476943,0,0,-0.251047,0,0,0.00573208,18,23.7,-1.9912,-1.11173,1,0.000949576,-0.5,0,-0.0613332,7.45058e-06,0,0.0124471,19,23.7,-1.00039,3,1,0.000336021,0,0,0.00208616,0,0,0.0064563,20,23.7,0.999661,-0.500322,1,-0.0133676,-0.5,0,-0.250544,-5.66244e-06,0,0.0101845,21,23.7,2.80136,-3,1,-0.469752,0,0,-0.28789,0,0,0.0061338,22,23.7,1.91587,-0.999817,1,0.28893,-0.00160551,0,-0.772782,0.00413135,0,0.00999546,23,23.7,0.235989,1.001,1,-0.46608,-0.00181831,0,0.264589,-0.000268221,0,0.0145183,24,23.7,-0.00194462,-2.84629,1,-0.00958628,0.338788,0,0.0514237,0.139877,0,0.0144037,25,23.7,0.999586,3,1,0.000262447,-3.72529e-06,0,0.00255555,-5.96046e-05,0,0.00700107,26,23.7,-3,2.00127,1,0,-0.00490732,0,0,0.00466406,0,0.00723926,27,23.7,-1.00036,-1.74693,1,0.00301413,0.022129,0,0.00472367,1,0,0.0158668,28,23.7,2.98901,0.999952,1,-0.100045,-0.000388548,0,-0.585034,-0.00750273,0,0.00721377,29,23.7,1.15789,0.922785,1,-0.366322,-0.399236,0,0.427306,-0.787001,0,0.0134177,30,23.7,-2,-0.00934323,1,9.68575e-06,-0.0919991,0,5.96046e-05,0.4135,0,0.0101778,31,23.7,1.99587,0.80538,1,0.0178803,0.499399,0,-0.0162274,0.016883,0,0.00971448,32,23.7,-3,-0.186351,1,0,0.427369,0,0,-0.169624,0,0.00987463,33,23.7,2.76277,1.99174,1,0.447901,-0.0774404,0,-0.298709,-0.486545,0,0.0059001,34,23.7,-0.210851,-2.00429,1,-0.0993489,0.00575781,0,-0.719301,0.00613928,0,0.0179918,35,23.7,-0.878709,0.278145,1,-0.288982,0.5,0,0.394315,0,0,0.0144507
0,23.8,-0.000770704,-0.892955,1,0.00850978,0.5,0,-0.0167218,2.98023e-05,0,0.0172747,1,23.8,2.37153,-0.099018,1,-0.498134,0.262596,0,0.0371933,-0.390313,0,0.0131057,2,23.8,-0.213956,0.122649,1,-0.493744,-0.328765,0,-0.125124,0.455972,0,0.0140329,3,23.8,-2.9915,1.01749,1,0.115883,0.0102311,0,0.941873,-0.169158,0,0.0120899,4,23.8,0.955986,-1.54705,1,0.193499,-0.500003,0,-0.0769198,5.96046e-05,0,0.0140596,5,23.8,0.810468,-3,1,-0.364196,0,0,0.0272393,0,0,0.00746359,6,23.8,2.9962,-1.1145,1,0.00608563,0.294119,0,0.00452995,-0.867903,0,0.00781898,7,23.8,2.80753,-2.01559,1,0.420672,-0.0459492,0,-0.401616,-0.584722,0,0.00635998,8,23.8,1.82691,-1.99679,1,0.410601,0.0440836,0,-0.385642,0.363231,0,0.0115235,9,23.8,-2.99999,-3,1,1.19209e-05,1.19209e-05,0,0,0,0,0.0089229,10,23.8,0.999918,1.9224,1,-0.000670552,-0.268453,0,0.00241399,0.13274,0,0.0123129,11,23.8,-2.00001,2.00037,1,-1.78814e-05,0.000584126,0,0.000238419,-0.00476837,0,0.012139,12,23.8,2.99999,2.97096,1,0,-0.173062,0,0,-0.657558,0,0.00633953,13,23.8,-0.999984,2,1,-9.08971e-05,1.19209e-05,0,0.000119209,5.96046e-05,0,0.00982,14,23.8,-2.99525,2.99998,1,-0.00445247,5.96046e-05,0,-0.0157356,-0.000119209,0,0.00875016,15,23.8,-2.89812,-1.99999,1,-0.308681,-3.8743e-05,0,0.507593,5.96046e-05,0,0.00876084,16,23.8,-1.2053,-0.922774,1,-0.459707,-0.193515,0,-0.336468,0.54884,0,0.0170912,17,23.8,1.76105,-3,1,-0.49465,0,0,-0.10699,0,0,0.00595887,18,23.8,-1.99138,-1.16173,1,-0.00424087,-0.500003,0,-0.0430346,5.96046e-05,0,0.0116522,19,23.8,-1.00034,3,1,0.000503659,0,0,0.0012517,0,0,0.00745522,20,23.8,0.996776,-0.550322,1,-0.0469014,-0.5,0,-0.405431,-2.98023e-05,0,0.0158936,21,23.8,2.75321,-3,1,-0.490683,0,0,-0.13721,0,0,0.00619617,22,23.8,1.94061,-0.999957,1,0.203842,-0.00120252,0,-0.903487,0.00396371,0,0.0124948,23,23.8,0.190873,1.00082,1,-0.434628,-0.00180006,0,0.361003,0.000655651,0,0.0174793,24,23.8,-0.00265533,-2.81189,1,-0.00472233,0.347269,0,0.0457624,0.0286102,0,0.0135026,25,23.8,0.999623,3,1,0.000470877,-5.96046e-06,0,0.00163913,-0.000119209,0,0.00622135,26,23.8,-3,2.0008,1,0,-0.00433326,0,0,0.00655651,0,0.00636553,27,23.8,-1.00003,-1.73971,1,0.00373274,0.12213,0,0.00953674,0.999987,0,0.0138872,28,23.8,2.97595,0.999865,1,-0.161999,-0.00143945,0,-0.633597,-0.0131428,0,0.00819957,29,23.8,1.12344,0.879438,1,-0.322479,-0.462368,0,0.446677,-0.468135,0,0.0161438,30,23.8,-2,-0.0165911,1,1.19209e-05,-0.0541311,0,5.96046e-05,0.343197,0,0.0108923,31,23.8,1.99757,0.855364,1,0.015986,0.5,0,-0.0212789,2.98023e-05,0,0.00986233,32,23.8,-3,-0.144362,1,0,0.413175,0,0,-0.122715,0,0.00922189,33,23.8,2.80594,1.98143,1,0.414306,-0.129691,0,-0.371337,-0.540197,0,0.00523991,34,23.8,-0.224166,-2.00369,1,-0.164623,0.00599027,0,-0.580579,-0.00166893,0,0.0155647,35,23.8,-0.905643,0.328145,1,-0.249797,0.5,0,0.387877,-1.43051e-05,0,0.0114097
0,23.9,-3.10794e-06,-0.842955,1,0.0068466,0.5,0,-0.0164553,0,0,0.0172747,1,23.9,2.322,-0.0746946,1,-0.491627,0.224059,0,0.0969917,-0.379143,0,0.0131057,2,23.9,-0.263714,0.0920629,1,-0.499609,-0.282922,0,-0.015637,0.458473,0,0.0140329,3,23.9,-2.97509,1.01775,1,0.213159,-0.0041496,0,0.99273,-0.119895,0,0.0120899,4,23.9,0.975297,-1.59703,1,0.195784,-0.499191,0,0.106774,0.0213161,0,0.0140596,5,23.9,0.774311,-3,1,-0.357681,0,0,0.103585,0,0,0.00746359,6,23.9,2.99682,-1.08968,1,0.00628904,0.200311,0,-0.000268221,-0.983492,0,0.00781898,7,23.9,2.84745,-2.02364,1,0.376545,-0.119301,0,-0.474736,-0.847802,0,0.00635998,8,23.9,1.86592,-1.99028,1,0.36852,0.0884619,0,-0.450969,0.503629,0,0.0115235,9,23.9,-2.99999,-3,1,1.00583e-05,1.04308e-05,0,-4.47035e-05,-2.98023e-05,0,0.0089229,10,23.9,0.999862,1.89698,1,-0.000438374,-0.233352,0,0.0022091,0.533789,0,0.0123129,11,23.9,-2.00001,2.0004,1,1.11759e-06,0.000158697,0,0.000163913,-0.00375509,0,0.012139,12,23.9,2.99999,2.9503,1,3.72529e-07,-0.240424,0,1.49012e-05,-0.675425,0,0.00633953,13,23.9,-0.999993,2,1,-7.72998e-05,1.60187e-05,0,0.000149012,1.49012e-05,0,0.00982,14,23.9,-2.99577,2.99998,1,-0.00570454,4.80562e-05,0,-0.00940263,-0.000104308,0,0.00875016,15,23.9,-2.92641,-2,1,-0.25689,-3.25963e-05,0,0.522986,6.70552e-05,0,0.00876084,16,23.9,-1.25271,-0.939606,1,-0.486059,-0.145241,0,-0.1866,0.420641,0,0.0170912,17,23.9,1.71126,-3,1,-0.499492,0,0,-0.0064522,0,0,0.00595887,18,23.9,-1.99199,-1.21173,1,-0.00775699,-0.5,0,-0.0277683,7.45058e-06,0,0.0116522,19,23.9,-1.00029,3,1,0.000592321,0,0,0.000551343,0,0,0.00745522,20,23.9,0.989444,-0.600215,1,-0.105059,-0.496764,0,-0.724506,0.0650994,0,0.0158936,21,23.9,2.70365,-3,1,-0.498803,0,0,-0.0355691,0,0,0.00619617,22,23.9,1.95629,-1.00006,1,0.108366,-0.000832323,0,-0.98794,0.00343099,0,0.0124948,23,23.9,0.14934,1.00065,1,-0.394864,-0.0017006,0,0.431102,0.0013113,0,0.0174793,24,23.9,-0.0029158,-2.77712,1,-0.00065024,0.347098,0,0.0359581,-0.0343174,0,0.0135026,25,23.9,0.999677,3,1,0.000593346,-1.41561e-05,0,0.00083819,-2.98023e-05,0,0.00622135,26,23.9,-3,2.0004,1,0,-0.00362024,0,0,0.00756979,0,0.00636553,27,23.9,-0.999622,-1.72251,1,0.00427403,0.221841,0,0.00166893,0.988483,0,0.0138872,28,23.9,2.95657,0.9996,1,-0.225426,-0.00435151,0,-0.623941,-0.0426322,0,0.00819957,29,23.9,1.09342,0.831405,1,-0.277911,-0.493211,0,0.442855,-0.165209,0,0.0161438,30,23.9,-2,-0.0204115,1,1.546e-05,-0.0234991,0,2.23517e-05,0.269898,0,0.0108923,31,23.9,1.99905,0.905364,1,0.0137223,0.5,0,-0.0237599,0,0,0.00986233,32,23.9,-3,-0.103284,1,0,0.411647,0,0,0.072811,0,0.00922189,33,23.9,2.84538,1.96565,1,0.373417,-0.186661,0,-0.441551,-0.581928,0,0.00523991,34,23.9,-0.243547,-2.00311,1,-0.22282,0.0057403,0,-0.569535,-0.00353158,0,0.0155647,35,23.9,-0.92871,0.378145,1,-0.211841,0.5,0,0.370223,0,0,0.0114097
0,24,0.000600336,-0.792955,1,0.00523475,0.5,0,-0.015708,2.98023e-05,0,0.0144159,1,24,2.27344,-0.0541567,1,-0.478089,0.187007,0,0.176311,-0.36079,0,0.0129779,2,24,-0.313706,0.0660499,1,-0.5,-0.237522,0,1.43051e-05,0.447428,0,0.0135264,3,24,-2.94879,1.01681,1,0.312972,-0.014025,0,1.00017,-0.0787973,0,0.0108427,4,24,0.995604,-1.64677,1,0.211947,-0.494841,0,0.203222,0.0694394,0,0.013489,5,24,0.73919,-3,1,-0.34346,0,0,0.180513,0,0,0.00748695,6,24,2.99744,-1.07462,1,0.00607371,0.100723,0,-0.0038147,-0.999987,0,0.00851347,7,24,2.88265,-2.04,1,0.326884,-0.209337,0,-0.513077,-0.926018,0,0.00622057,8,24,1.90045,-1.97883,1,0.321358,0.141096,0,-0.487864,0.532568,0,0.0122053,9,24,-2.99999,-2.99999,1,5.96046e-06,5.96046e-06,0,-0.000119209,0,0,0.00854365,10,24,0.999829,1.87673,1,-0.000230968,-0.168088,0,0.00190735,0.742972,0,0.00978508,11,24,-2.00001,2.0004,1,1.78814e-05,-0.000166893,0,0,-0.00286102,0,0.0104463,12,24,2.99999,2.92295,1,0,-0.305581,0,0,-0.616431,0,0.00877666,13,24,-1,2,1,-5.96046e-05,1.78814e-05,0,0.000119209,-5.96046e-05,0,0.00993731,14,24,-2.99637,2.99999,1,-0.00634789,3.57628e-05,0,-0.00393391,0,0,0.00981179,15,24,-2.9495,-2,1,-0.205046,-2.38419e-05,0,0.509381,0,0,0.00825603,16,24,-1.302,-0.952211,1,-0.497481,-0.108626,0,-0.0503659,0.315309,0,0.0115956,17,24,1.66138,-3,1,-0.497228,0,0,0.0554323,0,0,0.00616584,18,24,-1.99288,-1.26173,1,-0.00988543,-0.500003,0,-0.0153184,5.96046e-05,0,0.00990527,19,24,-1.00023,3,1,0.000616908,0,0,0,0,0,0.00506247,20,24,0.975017,-0.649455,1,-0.185786,-0.486945,0,-0.862986,0.131279,0,0.0167646,21,24,2.65368,-3,1,-0.5,0,0,0,0,0,0.00649862,22,24,1.96215,-1.00013,1,0.00866652,-0.00051558,0,-0.999987,0.00292063,0,0.0133546,23,24,0.112102,1.00048,1,-0.349066,-0.00154376,0,0.481442,0.00178814,0,0.0154594,24,24,-0.00281537,-2.7427,1,0.00252161,0.340062,0,0.0277236,-0.107527,0,0.0124352,25,24,0.99974,3,1,0.00064373,-1.78814e-05,0,0.000178814,0,0,0.00781139,26,24,-3,2.00008,1,0,-0.00284612,0,0,0.00780821,0,0.00691183,27,24,-0.999197,-1.69547,1,0.00413954,0.317523,0,-0.00405312,0.907838,0,0.0135709,28,24,2.931,0.998921,1,-0.284833,-0.00950694,0,-0.555634,-0.0583529,0,0.0136838,29,24,1.06783,0.781606,1,-0.234252,-0.5,0,0.428677,-2.98023e-05,0,0.0148616,30,24,-2,-0.0215298,1,1.49012e-05,-2.62167e-05,0,0,0.200354,0,0.00976288,31,24,2.00031,0.955364,1,0.0112772,0.5,0,-0.0249147,2.98023e-05,0,0.0130936,32,24,-3,-0.0615659,1,0,0.4242,0,0,0.162246,0,0.00621585,33,24,2.88044,1.94412,1,0.326931,-0.24302,0,-0.483871,-0.531912,0,0.00527976,34,24,-0.268564,-2.00255,1,-0.276114,0.00524521,0,-0.485986,-0.0064373,0,0.0183253,35,24,-0.94808,0.428145,1,-0.175938,0.5,0,0.346959,-1.43051e-05,0,0.0106722
0,24.1,0.00104735,-0.742955,1,0.00372767,0.5,0,-0.014387,0,0,0.0144159,1,24.1,2.2267,-0.0372209,1,-0.454959,0.152124,0,0.283122,-0.335832,0,0.0129779,2,24.1,-0.363706,0.0444883,1,-0.5,-0.194204,0,0,0.417895,0,0.0135264,3,24.1,-2.91281,1.01507,1,0.402842,-0.0202173,0,0.772059,-0.0461712,0,0.0108427,4,24.1,1.01794,-1.69574,1,0.235877,-0.48283,0,0.264447,0.168793,0,0.013489,5,24.1,0.705785,-3,1,-0.324214,0,0,0.205904,0,0,0.00748695,6,24.1,2.99802,-1.06955,1,0.00554658,0.000723451,0,-0.00651181,-1,0,0.00851347,7,24.1,2.91275,-2.0657,1,0.275038,-0.305134,0,-0.519499,-0.962481,0,0.00622057,8,24.1,1.93011,-1.96192,1,0.271805,0.197841,0,-0.498988,0.584163,0,0.0122053,9,24.1,-2.99999,-2.99999,1,-4.09782e-06,5.58794e-06,0,-7.45058e-05,-1.49012e-05,0,0.00854365,10,24.1,0.999815,1.86376,1,-5.86733e-05,-0.0905825,0,0.00153482,0.789158,0,0.00978508,11,24.1,-2.00001,2.00037,1,1.75089e-05,-0.000402331,0,-1.49012e-05,-0.00187755,0,0.0104463,12,24.1,2.99999,2.88935,1,0,-0.365683,0,0,-0.574678,0,0.00877666,13,24.1,-1.00001,2,1,-4.67524e-05,1.2666e-05,0,0.000141561,-5.96046e-05,0,0.00993731,14,24.1,-2.99702,2.99999,1,-0.00647604,3.39001e-05,0,0.00116229,-4.47035e-05,0,0.00981179,15,24.1,-2.96751,-2,1,-0.155734,-2.19792e-05,0,0.472859,4.47035e-05,0,0.00825603,16,24.1,-1.3519,-0.961636,1,-0.499842,-0.0811961,0,-0.00629574,0.235949,0,0.0115956,17,24.1,1.61194,-3,1,-0.491172,0,0,0.0735819,0,0,0.00616584,18,24.1,-1.99393,-1.31173,1,-0.0109091,-0.5,0,-0.00552833,7.45058e-06,0,0.00990527,19,24.1,-1.00017,3,1,0.000594184,0,0,-0.000417233,0,0,0.00506247,20,24.1,0.951867,-0.697322,1,-0.278903,-0.468759,0,-0.96444,0.228647,0,0.0167646,21,24.1,2.60368,-3,1,-0.5,0,0,0,0,0,0.00649862,22,24.1,1.95802,-1.00016,1,-0.0913329,-0.000257976,0,-1,0.00224262,0,0.0133546,23,24.1,0.0796606,1.00034,1,-0.299294,-0.00134762,0,0.509555,0.00209361,0,0.0154594,24,24.1,-0.00244645,-2.70915,1,0.00465429,0.331653,0,0.0155656,-0.0689179,0,0.0124352,25,24.1,0.999804,2.99999,1,0.000635814,-1.60187e-05,0,-0.000309199,4.47035e-05,0,0.00781139,26,24.1,-3,1.99984,1,0,-0.0020789,0,0,0.00745803,0,0.00691183,27,24.1,-0.998808,-1.65954,1,0.00357423,0.397289,0,-0.00704825,0.680692,0,0.0135709,28,24.1,2.89987,0.997539,1,-0.336474,-0.0193092,0,-0.474647,-0.129219,0,0.0136838,29,24.1,1.0465,0.731606,1,-0.192633,-0.5,0,0.402637,0,0,0.0148616,30,24.1,-1.99999,-0.020641,1,1.37836e-05,0.0167346,0,-2.98023e-05,0.136326,0,0.00976288,31,24.1,2.00131,1.00536,1,0.0088267,0.5,0,-0.0240207,-7.45058e-06,0,0.0130936,32,24.1,-3,-0.0182002,1,0,0.444081,0,0,0.220738,0,0.00621585,33,24.1,2.91066,1.91726,1,0.277242,-0.293155,0,-0.504822,-0.464141,0,0.00527976,34,24.1,-0.298848,-2.00206,1,-0.331294,0.00460856,0,-0.590788,-0.00630319,0,0.0183253,35,24.1,-0.963986,0.478145,1,-0.142682,0.5,0,0.3176,-1.78814e-06,0,0.0106722
0,24.2,0.00135071,-0.692955,1,0.00236562,0.5,0,-0.0128181,2.98023e-05,0,0.0142658,1,24.2,2.18278,-0.023639,1,-0.422108,0.120021,0,0.370502,-0.305437,0,0.0124872,2,24.2,-0.413706,0.0271009,1,-0.5,-0.154129,0,1.43051e-05,0.382779,0,0.011248,3,24.2,-2.86918,1.01286,1,0.464296,-0.0234723,0,0.451326,-0.0200272,0,0.00926213,4,24.2,1.04288,-1.74303,1,0.262856,-0.461495,0,0.266373,0.255764,0,0.0123475,5,24.2,0.674444,-3,1,-0.302054,0,0,0.238061,0,0,0.00705449,6,24.2,2.99854,-1.07447,1,0.00480413,-0.0992775,0,-0.00822544,-0.999987,0,0.00786067,7,24.2,2.93768,-2.10084,1,0.223774,-0.394791,0,-0.502229,-0.787854,0,0.00681534,8,24.2,1.95481,-1.93926,1,0.222337,0.254714,0,-0.48697,0.539303,0,0.0125899,9,24.2,-2.99999,-2.99999,1,-1.19209e-05,5.96046e-06,0,-0.000119209,-0.000119209,0,0.00971725,10,24.2,0.999816,1.8586,1,7.59959e-05,-0.0133842,0,0.00116229,0.741422,0,0.0122527,11,24.2,-2,2.00032,1,1.78814e-05,-0.000548363,0,0,-0.00107288,0,0.0107005,12,24.2,2.99999,2.85005,1,5.96046e-06,-0.418586,0,-0.000119209,-0.474811,0,0.00607044,13,24.2,-1.00001,2,1,-3.27826e-05,5.96046e-06,0,0.000119209,0,0,0.00958964,14,24.2,-2.99765,2.99999,1,-0.00616312,2.38419e-05,0,0.005126,0,0,0.00991239,15,24.2,-2.9808,-2,1,-0.111163,-1.78814e-05,0,0.415802,0,0,0.0085282,16,24.2,-1.4019,-0.968689,1,-0.500003,-0.0609323,0,5.96046e-05,0.171751,0,0.0139738,17,24.2,1.56327,-3,1,-0.481167,0,0,0.131965,0,0,0.00576009,18,24.2,-1.99504,-1.36173,1,-0.0110686,-0.500003,0,0.00208616,5.96046e-05,0,0.00903323,19,24.2,-1.00011,3,1,0.000536442,0,0,-0.000715256,0,0,0.00552501,20,24.2,0.91925,-0.74292,1,-0.371563,-0.441943,0,-0.852495,0.304163,0,0.0147197,21,24.2,2.55368,-3,1,-0.5,0,0,0,0,0,0.00658802,22,24.2,1.94389,-1.00018,1,-0.191334,-6.55651e-05,0,-0.999987,0.00172853,0,0.0158694,23,24.2,0.052294,1.00021,1,-0.247987,-0.00112951,0,0.512715,0.00226498,0,0.0145863,24,24.2,-0.00191892,-2.67632,1,0.00575285,0.324821,0,0.00695087,-0.0739098,0,0.011565,25,24.2,0.999865,2.99999,1,0.000587106,-1.78814e-05,0,-0.000685453,0.000238419,0,0.00763142,26,24.2,-3,1.99966,1,0,-0.00136793,0,0,0.00679493,0,0.00772857,27,24.2,-0.99849,-1.61682,1,0.00277013,0.453016,0,-0.00888109,0.434041,0,0.0109169,28,24.2,2.864,0.994903,1,-0.379336,-0.0338092,0,-0.380754,-0.15378,0,0.011248,29,24.2,1.0292,0.681606,1,-0.153923,-0.5,0,0.3708,-2.98023e-05,0,0.0128983,30,24.2,-1.99999,-0.0183815,1,1.19209e-05,0.0275371,0,-5.96046e-05,0.0812412,0,0.00895816,31,24.2,2.00207,1.05536,1,0.00649691,0.500003,0,-0.0225306,-5.96046e-05,0,0.0110341,32,24.2,-3,0.0273121,1,0,0.465913,0,0,0.206182,0,0.00662936,33,24.2,2.93586,1.88578,1,0.226903,-0.334692,0,-0.497818,-0.361621,0,0.00518549,34,24.2,-0.334925,-2.00163,1,-0.389697,0.00399351,0,-0.558332,-0.00607967,0,0.0124251,35,24.2,-0.976719,0.528145,1,-0.112513,0.500001,0,0.285387,-2.98023e-05,0,0.00970023
0,24.3,0.00152677,-0.642955,1,0.001191,0.5,0,-0.0106889,0,0,0.0142658,1,24.3,2.14253,-0.0131065,1,-0.381784,0.0912169,0,0.432983,-0.270166,0,0.0124872,2,24.3,-0.463706,0.0135345,1,-0.5,-0.117884,0,1.78814e-06,0.341642,0,0.011248,3,24.3,-2.82103,1.01045,1,0.493737,-0.0244848,0,0.154942,-0.00102818,0,0.00926213,4,24.3,1.07049,-1.78774,1,0.289242,-0.431313,0,0.254393,0.343509,0,0.0123475,5,24.3,0.64532,-3,1,-0.281362,0,0,0.18239,0,0,0.00705449,6,24.3,2.99898,-1.0894,1,0.00394732,-0.199275,0,-0.00879169,-0.999905,0,0.00786067,7,24.3,2.9576,-2.14374,1,0.175206,-0.458079,0,-0.466257,-0.474796,0,0.00681534,8,24.3,1.97471,-1.91107,1,0.176562,0.308825,0,-0.428647,0.53183,0,0.0125899,9,24.3,-2.99999,-2.99999,1,-2.16067e-05,-3.72529e-06,0,-5.96046e-05,-5.96046e-05,0,0.00971725,10,24.3,0.999829,1.86078,1,0.000173226,0.0549933,0,0.000789762,0.620358,0,0.0122527,11,24.3,-2,2.00026,1,1.75089e-05,-0.000618771,0,-1.49012e-05,-0.000342727,0,0.0107005,12,24.3,2.99999,2.80606,1,-3.72529e-06,-0.458759,0,-5.96046e-05,-0.328124,0,0.00607044,13,24.3,-1.00001,2,1,-2.08616e-05,5.58794e-06,0,0.000119209,-1.49012e-05,0,0.00958964,14,24.3,-2.99824,3,1,-0.00551008,2.04891e-05,0,0.0077337,-7.45058e-05,0,0.00991239,15,24.3,-2.98995,-2.00001,1,-0.0730474,-1.60187e-05,0,0.344798,4.47035e-05,0,0.0085282,16,24.3,-1.4519,-0.974012,1,-0.5,-0.0463524,0,7.45058e-06,0.12191,0,0.0139738,17,24.3,1.51588,-3,1,-0.465879,0,0,0.177421,0,0,0.00576009,18,24.3,-1.99612,-1.41173,1,-0.0105862,-0.5,0,0.00730157,7.45058e-06,0,0.00903323,19,24.3,-1.00006,3,1,0.000456348,0,0,-0.000879169,0,0,0.00552501,20,24.3,0.878285,-0.785489,1,-0.442908,-0.408498,0,-0.563994,0.361398,0,0.0147197,21,24.3,2.50368,-3,1,-0.5,0,0,0,0,0,0.00658802,22,24.3,1.91978,-1.00018,1,-0.290116,7.95349e-05,0,-0.960141,0.00119954,0,0.0158694,23,24.3,0.0300337,1.00011,1,-0.197556,-0.00090301,0,0.492547,0.00223517,0,0.0145863,24,24.3,-0.00132134,-2.64368,1,0.00608209,0.332836,0,-4.97582e-05,0.209495,0,0.011565,25,24.3,0.99992,2.99999,1,0.000507757,1.11759e-06,0,-0.000879169,0.000163913,0,0.00763142,26,24.3,-3,1.99956,1,0,-0.000740215,0,0,0.00573695,0,0.00772857,27,24.3,-0.998258,-1.56976,1,0.00186898,0.484491,0,-0.00905246,0.207163,0,0.0109169,28,24.3,2.82412,0.990742,1,-0.418211,-0.0493956,0,-0.381961,-0.152733,0,0.011248,29,24.3,1.01559,0.631606,1,-0.118958,-0.5,0,0.328436,0,0,0.0128983,30,24.3,-1.99999,-0.0153019,1,5.96046e-06,0.0332946,0,-5.96046e-05,0.0356566,0,0.00895816,31,24.3,2.00262,1.10536,1,0.00435598,0.5,0,-0.0202507,-7.45058e-06,0,0.0110341,32,24.3,-3,0.0749049,1,0,0.485201,0,0,0.163064,0,0.00662936,33,24.3,2.95611,1.85045,1,0.17844,-0.372204,0,-0.467956,-0.376903,0,0.00518549,34,24.3,-0.376467,-2.00126,1,-0.438802,0.00340194,0,-0.418648,-0.00575185,0,0.0124251,35,24.3,-0.986605,0.578143,1,-0.0858229,0.499885,0,0.248492,-0.00458583,0,0.00970023
0,24.4,0.00159585,-0.592955,1,0.00022462,0.5,0,-0.00865641,2.98023e-05,0,0.0118767,1,24.4,2.1066,-0.00527382,1,-0.33614,0.066062,0,0.476718,-0.23268,0,0.0120793,2,24.4,-0.513706,0.00338265,1,-0.500001,-0.0858787,0,2.98023e-05,0.298164,0,0.0109197,3,24.4,-2.77121,1.00802,1,0.5,-0.0238299,0,0,0.013411,0,0.00931705,4,24.4,1.10062,-1.82904,1,0.312498,-0.393635,0,0.205457,0.406146,0,0.0130843,5,24.4,0.618048,-3,1,-0.264405,0,0,0.161827,0,0,0.00711683,6,24.4,2.99933,-1.11433,1,0.00306964,-0.299239,0,-0.00846386,-0.999153,0,0.00799499,7,24.4,2.97287,-2.19142,1,0.131023,-0.490612,0,-0.415206,-0.187755,0,0.00657204,8,24.4,1.99032,-1.87762,1,0.136572,0.359106,0,-0.371397,0.465095,0,0.0130212,9,24.4,-2.99999,-2.99999,1,-2.38419e-05,-1.19209e-05,0,0,0,0,0.00866224,10,24.4,0.99985,1.86914,1,0.000235438,0.109789,0,0.000447035,0.472546,0,0.0119744,11,24.4,-2,2.0002,1,1.78814e-05,-0.000631809,0,-0.000119209,0.000357628,0,0.0124435,12,24.4,2.99999,2.75879,1,-5.96046e-06,-0.484395,0,0,-0.187159,0,0.00715841,13,24.4,-1.00001,2,1,-1.19209e-05,5.96046e-06,0,0.000178814,0,0,0.00939998,14,24.4,-2.99875,3,1,-0.00465512,1.19209e-05,0,0.00917912,-0.000119209,0,0.00835832,15,24.4,-2.99566,-2.00001,1,-0.0424206,-1.78814e-05,0,0.267267,0.000238419,0,0.00812104,16,24.4,-1.5019,-0.978106,1,-0.500003,-0.0361621,0,5.96046e-05,0.0837147,0,0.0122518,17,24.4,1.47028,-3,1,-0.44511,0,0,0.240147,0,0,0.00581483,18,24.4,-1.99714,-1.46173,1,-0.00966191,-0.500003,0,0.0110269,5.96046e-05,0,0.00892258,19,24.4,-1.00002,3,1,0.000366569,0,0,-0.000983477,0,0,0.00569254,20,24.4,0.83169,-0.824461,1,-0.483945,-0.3703,0,-0.262976,0.39959,0,0.0132176,21,24.4,2.45368,-3,1,-0.5,0,0,0,0,0,0.00589297,22,24.4,1.88619,-1.00016,1,-0.378931,0.000175834,0,-0.787258,0.000715256,0,0.0154135,23,24.4,0.012684,1.00003,1,-0.150071,-0.000685453,0,0.454576,0.00217557,0,0.0154536,24,24.4,-0.000722761,-2.60905,1,0.00580292,0.362229,0,-0.00524973,0.358105,0,0.0114235,25,24.4,0.999966,2.99999,1,0.000415742,5.96046e-06,0,-0.00101328,0.000238419,0,0.0096878,26,24.4,-3,1.99951,1,0,-0.000226498,0,0,0.00464916,0,0.00723645,27,24.4,-0.998116,-1.52055,1,0.000977516,0.497064,0,-0.00876188,0.0587106,0,0.0111584,28,24.4,2.78049,0.985076,1,-0.453341,-0.0634342,0,-0.311852,-0.124007,0,0.0122563,29,24.4,1.00527,0.581606,1,-0.0882357,-0.5,0,0.285983,-2.98023e-05,0,0.0147841,30,24.4,-1.99999,-0.0118574,1,2.98023e-06,0.0350051,0,-0.000119209,0.00017181,0,0.00846803,31,24.4,2.00295,1.15536,1,0.00245571,0.500003,0,-0.0178814,-5.96046e-05,0,0.0102519,32,24.4,-3,0.124083,1,0,0.496717,0,0,0.0656652,0,0.00731235,33,24.4,2.97168,1.8114,1,0.13392,-0.40797,0,-0.419974,-0.329256,0,0.00543812,34,24.4,-0.422182,-2.00095,1,-0.472902,0.0028491,0,-0.263229,-0.00536442,0,0.0102472,35,24.4,-0.994006,0.628071,1,-0.0627905,0.498164,0,0.212282,-0.0367165,0,0.00969655
0,24.5,0.00157832,-0.542955,1,-0.000542981,0.5,0,-0.00671711,0,0,0.0118767,1,24.5,2.07541,0.000233783,1,-0.28712,0.0447365,0,0.499517,-0.193906,0,0.0120793,2,24.5,-0.563705,-0.00379708,1,-0.499948,-0.0585318,0,0.00206381,0.249219,0,0.0109197,3,24.5,-2.72121,1.00572,1,0.5,-0.0219719,0,0,0.0231639,0,0.00931705,4,24.5,1.13294,-1.86629,1,0.334151,-0.350661,0,0.218958,0.449128,0,0.0130843,5,24.5,0.591719,-3,1,-0.26841,0,0,-0.212483,0,0,0.00711683,6,24.5,2.9996,-1.14896,1,0.0022497,-0.389909,0,-0.00785291,-0.79222,0,0.00799499,7,24.5,2.98399,-2.24105,1,0.0925262,-0.499413,0,-0.35353,-0.0234693,0,0.00657204,8,24.5,2.00228,-1.83942,1,0.104142,0.404284,0,-0.281632,0.428565,0,0.0130212,9,24.5,-2.99999,-3,1,-2.23517e-05,-1.19209e-05,0,2.98023e-05,0,0,0.00866224,10,24.5,0.999875,1.88221,1,0.000265799,0.148844,0,0.000171363,0.309952,0,0.0119744,11,24.5,-2,2.00014,1,7.82311e-06,-0.0005804,0,-7.45058e-05,0.000655651,0,0.0124435,12,24.5,2.99999,2.70962,1,-5.58794e-06,-0.496975,0,1.49012e-05,-0.0702441,0,0.00715841,13,24.5,-1.00001,2,1,3.35276e-06,5.58794e-06,0,0.00013411,-1.49012e-05,0,0.00939998,14,24.5,-2.99917,3,1,-0.00370778,2.23517e-06,0,0.00961125,-5.96046e-05,0,0.00835832,15,24.5,-2.9987,-2.00001,1,-0.0196099,1.11759e-06,0,0.189811,0.000163913,0,0.00812104,16,24.5,-1.5519,-0.981348,1,-0.5,-0.029094,0,7.45058e-06,0.0587925,0,0.0122518,17,24.5,1.42697,-3,1,-0.421053,0,0,0.245266,0,0,0.00581483,18,24.5,-1.99804,-1.51173,1,-0.00844281,-0.5,0,0.0131503,7.45058e-06,0,0.00892258,19,24.5,-0.999986,3,1,0.00026999,0,0,-0.000935048,0,0,0.00569254,20,24.5,0.782407,-0.859458,1,-0.49827,-0.32935,0,-0.0546724,0.417069,0,0.0132176,21,24.5,2.4037,-3,1,-0.499234,0,0,0.0205636,0,0,0.00589297,22,24.5,1.84477,-1.00014,1,-0.445032,0.000230037,0,-0.525862,0.00037998,0,0.0154135,23,24.5,-0.000134356,0.999976,1,-0.107177,-0.000479911,0,0.40177,0.00192598,0,0.0154536,24,24.5,-0.000173595,-2.57098,1,0.0051363,0.399296,0,-0.0078975,0.372455,0,0.0114235,25,24.5,1,3,1,0.000314694,1.9744e-05,0,-0.000987202,4.47035e-05,0,0.0096878,26,24.5,-3,1.99951,1,0,0.000177138,0,0,0.00343472,0,0.00723645,27,24.5,-0.99806,-1.47067,1,0.000139978,0.499816,0,-0.00793859,0.00733882,0,0.0111584,28,24.5,2.73373,0.978349,1,-0.480222,-0.068935,0,-0.215337,0.00721961,0,0.0122563,29,24.5,0.997803,0.531606,1,-0.0617901,-0.5,0,0.243127,0,0,0.0147841,30,24.5,-1.99999,-0.00840267,1,-6.51926e-06,0.0336619,0,-8.19564e-05,-0.0254984,0,0.00846803,31,24.5,2.00312,1.20536,1,0.000827014,0.5,0,-0.0147223,-7.45058e-06,0,0.0102519,32,24.5,-3,0.173956,1,0,0.499795,0,0,0.00820994,0,0.00731235,33,24.5,2.98308,1.76888,1,0.0950959,-0.442607,0,-0.355676,-0.341617,0,0.00543812,34,24.5,-0.470539,-2.00069,1,-0.491869,0.00233725,0,-0.121508,-0.00488758,0,0.0102472,35,24.5,-0.999283,0.677615,1,-0.0433398,0.491721,0,0.176974,-0.0962242,0,0.00969655
0,24.6,0.0014935,-0.492955,1,-0.00112339,0.5,0,-0.00491546,-1.43051e-05,0,0.0116993,1,24.6,2.04921,0.00380151,1,-0.237018,0.0272481,0,0.49901,-0.156113,0,0.012126,2,24.6,-0.613673,-0.00848225,1,-0.499174,-0.0359399,0,0.0165701,0.203126,0,0.0112967,3,24.6,-2.67121,1.00365,1,0.5,-0.0193089,0,0,0.0296235,0,0.00951292,4,24.6,1.16742,-1.89907,1,0.354743,-0.304601,0,0.186086,0.468373,0,0.0119755,5,24.6,0.5634,-3,1,-0.30151,0,0,-0.425071,0,0,0.00638566,6,24.6,2.99978,-1.19144,1,0.00151396,-0.454786,0,-0.00679493,-0.498235,0,0.00741064,7,24.6,2.99159,-2.29104,1,0.0604928,-0.5,0,-0.286579,0,0,0.00661967,8,24.6,2.0114,-1.79698,1,0.0794351,0.443229,0,-0.216484,0.344396,0,0.0120133,9,24.6,-3,-3,1,-1.78814e-05,-5.96046e-06,0,0,-0.000119209,0,0.00793057,10,24.6,0.999902,1.89839,1,0.000269711,0.172156,0,0,0.158668,0,0.0125362,11,24.6,-2,2.00009,1,2.98023e-06,-0.000500679,0,-0.000119209,0.000715256,0,0.0125699,12,24.6,2.99999,2.65971,1,-5.96046e-06,-0.5,0,0.000119209,0,0,0.0077137,13,24.6,-1.00001,2,1,1.49012e-05,5.96046e-06,0,5.96046e-05,0,0,0.010306,14,24.6,-2.99949,3,1,-0.0027597,-5.96046e-06,0,0.00917912,0,0,0.00935799,15,24.6,-2.99983,-2.00001,1,-0.00418425,1.78814e-05,0,0.120401,0,0,0.00708513,16,24.6,-1.6019,-0.983997,1,-0.5,-0.0241905,0,5.96046e-05,0.0402927,0,0.0107206,17,24.6,1.38613,-3,1,-0.395346,0,0,0.271797,0,0,0.00563592,18,24.6,-1.99882,-1.56173,1,-0.00706911,-0.500003,0,0.0142455,5.96046e-05,0,0.00814117,19,24.6,-0.999963,3,1,0.000180304,0,0,-0.000834465,0,0,0.00512863,20,24.6,0.732449,-0.890295,1,-0.5,-0.28733,0,-2.98023e-05,0.421256,0,0.0129706,21,24.6,2.35395,-3,1,-0.494975,0,0,0.0687838,0,0,0.00537979,22,24.6,1.7981,-1.00012,1,-0.483733,0.0002563,0,-0.253379,0.000119209,0,0.0096365,23,24.6,-0.00894109,0.999937,1,-0.0699597,-0.000302494,0,0.341685,0.00163913,0,0.0137204,24,24.6,0.000297463,-2.52924,1,0.00425811,0.434881,0,-0.00950447,0.33164,0,0.0105193,25,24.6,1.00003,3,1,0.000220537,1.78814e-05,0,-0.000953674,0,0,0.00808505,26,24.6,-3,1.99954,1,0,0.000461936,0,0,0.00238419,0,0.00685247,27,24.6,-0.998084,-1.42067,1,-0.000600517,0.500003,0,-0.00682473,-5.96046e-05,0,0.00962297,28,24.6,2.68484,0.971661,1,-0.49547,-0.0632659,0,-0.0905991,0.100225,0,0.0106237,29,24.6,0.99277,0.481606,1,-0.0395626,-0.5,0,0.201672,1.43051e-05,0,0.0139936,30,24.6,-1.99999,-0.00519577,1,-1.19209e-05,0.030192,0,-5.96046e-05,-0.042571,0,0.00974445,31,24.6,2.00313,1.25536,1,-0.000494719,0.500003,0,-0.0119209,-5.96046e-05,0,0.0115628,32,24.6,-3,0.223952,1,0,0.5,0,0,0,0,0.00749059,33,24.6,2.99092,1.72303,1,0.0628829,-0.472942,0,-0.288248,-0.253499,0,0.00603659,34,24.6,-0.520149,-2.00048,1,-0.498727,0.00187159,0,-0.0254512,-0.00429153,0,0.0101379,35,24.6,-1.00279,0.726181,1,-0.0273377,0.478265,0,0.143468,-0.175327,0,0.00881921
0,24.7,0.00135969,-0.442955,1,-0.00152297,0.499977,0,-0.00312395,-0.000903308,0,0.0116993,1,24.7,2.02797,0.00580713,1,-0.188084,0.0134644,0,0.476554,-0.120111,0,0.012126,2,24.7,-0.663437,-0.0111335,1,-0.495276,-0.0178005,0,0.0667088,0.160216,0,0.0112967,3,24.7,-2.62121,1.00187,1,0.5,-0.0162195,0,0,0.0318438,0,0.00951292,4,24.7,1.20414,-1.92719,1,0.382216,-0.257738,0,0.339933,0.465907,0,0.0119755,5,24.7,0.530939,-3,1,-0.349047,0,0,-0.505846,0,0,0.00638566,6,24.7,2.9999,-1.23888,1,0.0009045,-0.489073,0,-0.00539422,-0.202246,0,0.00741064,7,24.7,2.99632,-2.34104,1,0.0352405,-0.5,0,-0.218809,0,0,0.00661967,8,24.7,2.01827,-1.75104,1,0.0581309,0.474025,0,-0.208348,0.257172,0,0.0120133,9,24.7,-3,-3,1,-1.60187e-05,-1.15484e-05,0,4.47035e-05,-1.49012e-05,0,0.00793057,10,24.7,0.999929,1.91616,1,0.000259839,0.181074,0,-0.000186265,0.0241697,0,0.0125362,11,24.7,-2,2.00004,1,-5.58794e-06,-0.000420958,0,-5.96046e-05,0.000864267,0,0.0125699,12,24.7,2.99999,2.60971,1,4.09782e-06,-0.5,0,7.45058e-05,0,0,0.0077137,13,24.7,-1.00001,2,1,1.9744e-05,5.58794e-06,0,2.98023e-05,-1.49012e-05,0,0.010306,14,24.7,-2.99972,3,1,-0.00189021,-5.96046e-06,0,0.00810623,0,0,0.00935799,15,24.7,-2.99975,-2,1,0.00501871,1.75089e-05,0,0.0662208,-1.49012e-05,0,0.00708513,16,24.7,-1.6519,-0.986229,1,-0.499999,-0.0205952,0,-1.49012e-05,0.0318997,0,0.0107206,17,24.7,1.34757,-3,1,-0.379118,0,0,0.0728518,0,0,0.00563592,18,24.7,-1.99946,-1.61167,1,-0.00565331,-0.498266,0,0.0139847,0.0385642,0,0.00814117,19,24.7,-0.999949,3,1,0.000103004,0,0,-0.000715256,0,0,0.00512863,20,24.7,0.682449,-0.916936,1,-0.5,-0.245643,0,0,0.41094,0,0.0129706,21,24.7,2.3049,-3,1,-0.484964,0,0,0.134319,0,0,0.00537979,22,24.7,1.74885,-1.00009,1,-0.498084,0.000258535,0,-0.058651,-7.45058e-05,0,0.0096365,23,24.7,-0.0143366,0.999914,1,-0.0390285,-0.000154693,0,0.277031,0.00131503,0,0.0137204,24,24.7,0.0013883,-2.48421,1,0.0240123,0.464341,0,0.378065,0.25478,0,0.0105193,25,24.7,1.00005,3,1,0.000131875,1.3411e-05,0,-0.000804663,-5.96046e-05,0,0.00808505,26,24.7,-3,1.9996,1,0,0.000647269,0,0,0.00136346,0,0.00685247,27,24.7,-0.998544,-1.37076,1,-0.0118534,0.497161,0,-0.202846,-0.0590906,0,0.00962297,28,24.7,2.63501,0.965918,1,-0.499716,-0.050877,0,-0.0113249,0.14402,0,0.0106237,29,24.7,0.989749,0.431607,1,-0.0215515,-0.499928,0,0.159308,0.00288703,0,0.0139936,30,24.7,-2,-0.00240746,1,-1.60187e-05,0.0254213,0,-1.49012e-05,-0.0517589,0,0.00974445,31,24.7,2.00303,1.30536,1,-0.00154227,0.5,0,-0.00908971,-7.45058e-06,0,0.0115628,32,24.7,-3,0.273952,1,0,0.5,0,0,-8.9407e-07,0,0.00749059,33,24.7,2.99589,1.67468,1,0.037453,-0.491744,0,-0.22094,-0.12394,0,0.00603659,34,24.7,-0.570098,-2.00031,1,-0.499848,0.00146739,0,-0.000294298,-0.0037998,0,0.0101379,35,24.7,-1.00486,0.772945,1,-0.0146452,0.455227,0,0.110999,-0.282295,0,0.00881921
0,24.8,0.00119441,-0.392969,1,-0.0017575,0.499639,0,-0.001612,-0.00721216,0,0.0102394,1,24.8,2.01149,0.00660871,1,-0.142258,0.00310888,0,0.437737,-0.0876198,0,0.00966016,2,24.8,-0.712513,-0.0121797,1,-0.484958,-0.00377919,0,0.143111,0.120829,0,0.0112332,3,24.8,-2.57121,1.00041,1,0.5,-0.0129998,0,0,0.0323355,0,0.00922602,4,24.8,1.24415,-1.95066,1,0.418645,-0.211963,0,0.371337,0.447035,0,0.0125575,5,24.8,0.493505,-3,1,-0.399242,0,0,-0.483528,0,0,0.00861393,6,24.8,2.99997,-1.28844,1,0.000441074,-0.499016,0,-0.0038147,-0.0196695,0,0.00605568,7,24.8,2.99886,-2.39104,1,0.0165999,-0.5,0,-0.155091,0,0,0.00656817,8,24.8,2.02307,-1.70257,1,0.037992,0.493079,0,-0.193238,0.122368,0,0.0118676,9,24.8,-3,-3,1,-1.19209e-05,-1.19209e-05,0,0,0,0,0.00707497,10,24.8,0.999953,1.9342,1,0.000235438,0.177884,0,-0.000357628,-0.0835061,0,0.011895,11,24.8,-2,2,1,-1.19209e-05,-0.000330806,0,0,0.00089407,0,0.0111015,12,24.8,2.99999,2.55971,1,5.96046e-06,-0.5,0,0.000119209,0,0,0.00710665,13,24.8,-1.00001,2,1,2.08616e-05,5.96046e-06,0,0,-0.000119209,0,0.0106791,14,24.8,-2.99987,3,1,-0.00115037,0,0,0.00667572,-0.000119209,0,0.00836483,15,24.8,-2.99898,-2,1,0.0095427,1.78814e-05,0,0.0263453,-0.000119209,0,0.0079952,16,24.8,-1.7019,-0.988141,1,-0.500003,-0.0177562,0,5.96046e-05,0.025183,0,0.0110071,17,24.8,1.30983,-3,1,-0.37716,0,0,-0.0175834,0,0,0.0059185,18,24.8,-1.99995,-1.66122,1,-0.00429153,-0.491625,0,0.0132322,0.0970364,0,0.0116676,19,24.8,-0.999942,3,1,3.8743e-05,0,0,-0.000596046,0,0,0.00645551,20,24.8,0.632449,-0.939473,1,-0.5,-0.205427,0,-2.98023e-05,0.39202,0,0.0100705,21,24.8,2.2572,-3,1,-0.467676,0,0,0.213027,0,0,0.00606877,22,24.8,1.6989,-1.00007,1,-0.500003,0.000241399,0,5.96046e-05,-0.000119209,0,0.00966009,23,24.8,-0.0169604,0.999905,1,-0.0144991,-3.72529e-05,0,0.214008,0.000983477,0,0.0137384,24,24.8,0.00613602,-2.43665,1,0.0749201,0.485367,0,0.6171,0.163674,0,0.0114442,25,24.8,1.00006,3,1,5.66244e-05,5.96046e-06,0,-0.000596046,-0.000119209,0,0.00709273,26,24.8,-3,1.99967,1,0,0.000739098,0,0,0.000476837,0,0.00703228,27,24.8,-1.00096,-1.32146,1,-0.0383288,0.48781,0,-0.313699,-0.129402,0,0.010462,28,24.8,2.58502,0.961598,1,-0.5,-0.0351205,0,0,0.168085,0,0.0103186,29,24.8,0.988326,0.381652,1,-0.00755191,-0.498846,0,0.121444,0.0231117,0,0.0135512,30,24.8,-2,-0.000131845,1,-1.78814e-05,0.0200363,0,0,-0.0550643,0,0.010689,31,24.8,2.00283,1.35536,1,-0.00231862,0.500003,0,-0.0064373,-5.96046e-05,0,0.00955706,32,24.8,-3,0.323952,1,0,0.5,0,0,-1.43051e-05,0,0.00821723,33,24.8,2.99863,1.62508,1,0.018537,-0.498751,0,-0.158668,-0.0249743,0,0.00578236,34,24.8,-0.620052,-2.00019,1,-0.498843,0.00112057,0,0.0231564,-0.00345707,0,0.0114492,35,24.8,-1.00582,0.816901,1,-0.00501275,0.422448,0,0.0822544,-0.369966,0,0.00944108
0,24.9,0.00101288,-0.34301,1,-0.00185153,0.499744,0,-0.000319218,0.00451118,0,0.0102394,1,24.9,1.99937,0.00653106,1,-0.101044,-0.00418606,0,0.385188,-0.0590654,0,0.00966016,2,24.9,-0.759632,-0.0120136,1,-0.451459,0.00651561,0,0.501364,0.0857038,0,0.0112332,3,24.9,-2.52121,0.999272,1,0.5,-0.00982126,0,0,0.0310279,0,0.00922602,4,24.9,1.28785,-1.96968,1,0.454517,-0.169156,0,0.328727,0.408448,0,0.0125575,5,24.9,0.451321,-2.9995,1,-0.442738,0.0143506,0,-0.381792,0.266522,0,0.00861393,6,24.9,3,-1.3384,1,0.000119209,-0.499938,0,-0.0025928,-0.00245869,0,0.00605568,7,24.9,2.99984,-2.44104,1,0.00388697,-0.5,0,-0.101119,0,0,0.00656817,8,24.9,2.02594,-1.65286,1,0.0200283,0.499367,0,-0.165954,0.0213087,0,0.0118676,9,24.9,-3,-3,1,-7.82311e-06,-7.45058e-06,0,4.47035e-05,5.96046e-05,0,0.00707497,10,24.9,0.999975,1.95142,1,0.000196882,0.165289,0,-0.000402331,-0.163548,0,0.011895,11,24.9,-2,1.99997,1,-1.15484e-05,-0.000241958,0,1.49012e-05,0.000871718,0,0.0111015,12,24.9,2.99999,2.50971,1,1.41561e-05,-0.5,0,2.98023e-05,0,0,0.00710665,13,24.9,-1.00001,2,1,2.01166e-05,-3.72529e-06,0,-1.49012e-05,-5.96046e-05,0,0.0106791,14,24.9,-2.99996,3,1,-0.00057146,-9.68575e-06,0,0.00491738,-5.96046e-05,0,0.00836483,15,24.9,-2.99795,-2,1,0.0107531,7.82311e-06,0,-0.000372529,-7.45058e-05,0,0.0079952,16,24.9,-1.7519,-0.989797,1,-0.5,-0.0154366,0,7.45058e-06,0.0213198,0,0.0110071,17,24.9,1.27206,-3,1,-0.37784,0,0,0.00952929,0,0,0.0059185,18,24.9,-2.00032,-1.7102,1,-0.00306442,-0.490339,0,0.0113249,-0.0430495,0,0.0116676,19,24.9,-0.999941,3,1,-1.32248e-05,0,0,-0.000439584,0,0,0.00645551,20,24.9,0.582449,-0.958106,1,-0.5,-0.167746,0,0,0.361022,0,0.0100705,21,24.9,2.21167,-3,1,-0.441233,0,0,0.312403,0,0,0.00606877,22,24.9,1.6489,-1.00004,1,-0.5,0.000222959,0,7.45058e-06,-0.000230968,0,0.00966009,23,24.9,-0.017963,0.999906,1,-0.011049,4.6473e-05,0,-0.116446,0.000696629,0,0.0137384,24,24.9,0.0173232,-2.38756,1,0.153752,0.493796,0,0.913872,0.00932813,0,0.0114442,25,24.9,1.00006,3,1,3.53903e-06,-3.72529e-06,0,-0.000454485,-5.96046e-05,0,0.00709273,26,24.9,-3,1.99974,1,0,0.000753067,0,0,-0.000171363,0,0.00703228,27,24.9,-1.00702,-1.2735,1,-0.0886302,0.469678,0,-0.659853,-0.23026,0,0.010462,28,24.9,2.53502,0.95894,1,-0.5,-0.0179513,0,0,0.172894,0,0.0103186,29,24.9,0.988121,0.331959,1,0.00289753,-0.494122,0,0.0882521,0.0762958,0,0.0135512,30,24.9,-2,0.00159793,1,-1.67638e-05,0.0145892,0,2.98023e-05,-0.0532856,0,0.010689,31,24.9,2.00257,1.40536,1,-0.00283495,0.5,0,-0.00396371,-7.45058e-06,0,0.00955706,32,24.9,-3,0.373952,1,0,0.5,0,0,0,0,0.00821723,33,24.9,2.99979,1.57512,1,0.00546053,-0.499921,0,-0.104785,-0.00312179,0,0.00578236,34,24.9,-0.66974,-2.00009,1,-0.493985,0.000803545,0,0.0787266,-0.00287592,0,0.0114492,35,24.9,-1.00595,0.856665,1,0.00194572,0.367287,0,0.0575185,-0.702787,0,0.00944108
0,25,0.000827916,-0.293018,1,-0.001831,0.5,0,0.000683824,0,0,0.0128806,1,25,1.99109,0.00585887,1,-0.065437,-0.00885942,0,0.326216,-0.0351674,0,0.0120618,2,25,-0.801854,-0.0109871,1,-0.389381,0.0134962,0,0.718743,0.0546155,0,0.0153609,3,25,-2.47121,0.998442,1,0.5,-0.00683069,0,0,0.0285804,0,0.00942588,4,25,1.33477,-1.98462,1,0.481927,-0.130391,0,0.212312,0.36639,0,0.0114928,5,25,0.405338,-2.99644,1,-0.47486,0.0495195,0,-0.257835,0.419378,0,0.00924652,6,25,3,-1.3884,1,-7.7486e-05,-0.500003,0,-0.00166893,5.96046e-05,0,0.00771527,7,25,2.9998,-2.49104,1,-0.00400543,-0.5,0,-0.0581741,0,0,0.00661935,8,25,2.02716,-1.60288,1,0.00480413,0.500003,0,-0.138283,-5.96046e-05,0,0.0114962,9,25,-3,-3,1,0,0,0,0,0,0,0.00720935,10,25,0.999993,1.96704,1,0.000154972,0.146088,0,-0.00038743,-0.216246,0,0.0107398,11,25,-2,1.99995,1,-1.19209e-05,-0.000157952,0,0.000119209,0.00077486,0,0.00975897,12,25,2.99999,2.45971,1,1.78814e-05,-0.5,0,0,0,0,0.00537185,13,25,-1,2,1,1.78814e-05,-1.19209e-05,0,0,0,0,0.00970356,14,25,-2.99999,3,1,-0.000166893,-1.19209e-05,0,0.00333786,0,0,0.00841345,15,25,-2.99691,-2,1,0.00978708,5.96046e-06,0,-0.0175238,-0.000119209,0,0.0066303,16,25,-1.8019,-0.99124,1,-0.500003,-0.0134721,0,5.96046e-05,0.0180602,0,0.00944791,17,25,1.2344,-3,1,-0.37432,0,0,0.064671,0,0,0.00573499,18,25,-2.00057,-1.75951,1,-0.0020206,-0.495926,0,0.00953674,-0.0536442,0,0.00799862,19,25,-0.999944,3,1,-5.06639e-05,0,0,-0.000298023,0,0,0.00479238,20,25,0.532449,-0.973131,1,-0.5,-0.133325,0,-1.43051e-05,0.326931,0,0.0110992,21,25,2.16925,-3,1,-0.405884,0,0,0.391245,0,0,0.00567297,22,25,1.5989,-1.00002,1,-0.500003,0.000193715,0,5.96046e-05,-0.000298023,0,0.0103005,23,25,-0.0200019,0.999913,1,-0.032668,0.000102818,0,-0.29329,0.000417233,0,0.014447,24,25,0.037449,-2.33836,1,0.249688,0.488091,0,0.97044,-0.119448,0,0.0106421,25,25,1.00006,3,1,-3.8743e-05,-5.96046e-06,0,-0.000298023,-0.000119209,0,0.00911761,26,25,-3,1.99982,1,0,0.000709295,0,0,-0.000596046,0,0.00645878,27,25,-1.01953,-1.22783,1,-0.164336,0.44235,0,-0.827014,-0.313282,0,0.0108237,28,25,2.48502,0.958001,1,-0.5,-0.000977516,0,0,0.164658,0,0.00939861,29,25,0.988802,0.283049,1,0.0102401,-0.482784,0,0.0593364,0.153542,0,0.0124347,30,25,-2,0.00279742,1,-1.78814e-05,0.00948175,0,0.000119209,-0.0484295,0,0.00991109,31,25,2.00227,1.45536,1,-0.00312328,0.500003,0,-0.00202656,-5.96046e-05,0,0.00950886,32,25,-3,0.423952,1,0,0.5,0,0,-1.43051e-05,0,0.00824269,33,25,2.99989,1.52513,1,-0.0027895,-0.500003,0,-0.0619888,5.96046e-05,0,0.0055613,34,25,-0.718621,-2.00002,1,-0.482334,0.000548363,0,0.157237,-0.00244379,0,0.0145324,35,25,-1.00551,0.889538,1,0.00661016,0.287399,0,0.0364184,-0.870287,0,0.0102974
0,25.1,0.000649726,-0.243018,1,-0.00171629,0.5,0,0.00167278,-1.78814e-06,0,0.0128806,1,25.1,1.98607,0.00483108,1,-0.0359666,-0.0113767,0,0.263363,-0.0159709,0,0.0120618,2,25.1,-0.836722,-0.00941089,1,-0.304198,0.0175822,0,0.947025,0.0279085,0,0.0153609,3,25.1,-2.42122,0.997895,1,0.499882,-0.00417307,0,-0.00469387,0.0245422,0,0.00942588,4,25.1,1.38379,-1.99591,1,0.496299,-0.0962857,0,0.0814274,0.316024,0,0.0114928,5,25.1,0.356891,-2.989,1,-0.490924,0.10253,0,-0.0686124,0.621885,0,0.00924652,6,25.1,2.99998,-1.4384,1,-0.000201166,-0.5,0,-0.000834465,7.45058e-06,0,0.00771527,7,25.1,2.99916,-2.54104,1,-0.00815541,-0.5,0,-0.0263453,0,0,0.00661935,8,25.1,2.02701,-1.55288,1,-0.00743046,0.5,0,-0.106931,-7.45058e-06,0,0.0114962,9,25.1,-3,-3,1,0,0,0,0,0,0,0.00720935,10,25.1,1.00001,1.98051,1,0.000116043,0.122933,0,-0.00038743,-0.243112,0,0.0107398,11,25.1,-2,1.99994,1,-1.86265e-06,-8.58679e-05,0,7.45058e-05,0.000663102,0,0.00975897,12,25.1,3,2.40972,1,1.63913e-05,-0.499519,0,-2.98023e-05,0.0144243,0,0.00537185,13,25.1,-1,2,1,1.69501e-05,-1.15484e-05,0,-2.23517e-05,1.49012e-05,0,0.00970356,14,25.1,-3,3,1,9.20147e-05,-1.04308e-05,0,0.00189245,2.98023e-05,0,0.00841345,15,25.1,-2.99603,-2,1,0.00754371,-3.72529e-06,0,-0.0263155,-5.96046e-05,0,0.0066303,16,25.1,-1.8519,-0.992501,1,-0.5,-0.0117932,0,7.45058e-06,0.0155866,0,0.00944791,17,25.1,1.19745,-3,1,-0.363247,0,0,0.155136,0,0,0.00573499,18,25.1,-2.00073,-1.8093,1,-0.00116378,-0.499397,0,0.00762939,-0.0171438,0,0.00799862,19,25.1,-0.999951,3,1,-7.43195e-05,0,0,-0.000178814,0,0,0.00479238,20,25.1,0.482449,-0.984891,1,-0.5,-0.102503,0,1.78814e-06,0.28931,0,0.0110992,21,25.1,2.13072,-3,1,-0.363943,0,0,0.444517,0,0,0.00567297,22,25.1,1.5489,-1.00001,1,-0.5,0.000161212,0,7.45058e-06,-0.000339001,0,0.0103005,23,25.1,-0.0250595,0.999925,1,-0.0711893,0.000140909,0,-0.456069,0.000435859,0,0.014447,24,25.1,0.067194,-2.29035,1,0.34364,0.470203,0,0.877593,-0.233576,0,0.0106421,25,25.1,1.00005,3,1,-6.31437e-05,-1.41561e-05,0,-0.000186265,-2.98023e-05,0,0.00911761,26,25.1,-3,1.99989,1,0,0.000632554,0,0,-0.000923872,0,0.00645878,27,25.1,-1.04022,-1.1853,1,-0.250095,0.406884,0,-0.863947,-0.391282,0,0.0108237,28,25.1,2.43502,0.958682,1,-0.499943,0.0141614,0,0.00227988,0.137728,0,0.00939861,29,25.1,0.990078,0.235729,1,0.0148647,-0.461788,0,0.0340194,0.263489,0,0.0124347,30,25.1,-2,0.00351507,1,-7.82311e-06,0.00499254,0,7.45058e-05,-0.0411653,0,0.00991109,31,25.1,2.00195,1.50536,1,-0.00323579,0.5,0,-0.000298023,-7.45058e-06,0,0.00950886,32,25.1,-3,0.473952,1,0,0.5,0,0,1.78814e-06,0,0.00824269,33,25.1,2.99935,1.47513,1,-0.00730418,-0.5,0,-0.0298172,7.45058e-06,0,0.0055613,34,25.1,-0.765878,-1.99998,1,-0.460963,0.000332668,0,0.267211,-0.00189245,0,0.0145324,35,25.1,-1.0047,0.913676,1,0.00933576,0.193479,0,0.0186637,-0.98379,0,0.0102974
0,25.2,0.000488518,-0.193018,1,-0.00148626,0.5,0,0.00296712,0,0,0.0146869,1,25.2,1.98369,0.0036398,1,-0.0126988,-0.0122046,0,0.202477,-0.00130501,0,0.0110573,2,25.2,-0.862266,-0.00755166,1,-0.205819,0.0192366,0,1.00002,0.00596393,0,0.0141414,3,25.2,-2.37129,0.997593,1,0.498116,-0.00192523,0,-0.0375509,0.0203848,0,0.00963196,4,25.2,1.43367,-2.00404,1,0.499916,-0.0671208,0,0.00166893,0.267744,0,0.00940802,5,25.2,0.307733,-2.97544,1,-0.489592,0.170374,0,0.0903606,0.718713,0,0.00954526,6,25.2,2.99996,-1.4884,1,-0.00025034,-0.500003,0,-0.000357628,5.96046e-05,0,0.00763484,7,25.2,2.99826,-2.59104,1,-0.00955462,-0.5,0,-0.00309944,0,0,0.00642692,8,25.2,2.02578,-1.50288,1,-0.0166833,0.500003,0,-0.0787973,-5.96046e-05,0,0.0116616,9,25.2,-3,-3,1,0,0,0,0,0,0,0.00764975,10,25.2,1.00002,1.99157,1,8.04663e-05,0.098145,0,-0.000417233,-0.249624,0,0.0104467,11,25.2,-2,1.99994,1,0,-2.38419e-05,0,0.000238419,0.000476837,0,0.00986456,12,25.2,3,2.3599,1,1.19209e-05,-0.496155,0,0,0.0579357,0,0.00664518,13,25.2,-1,2,1,1.49012e-05,-1.19209e-05,0,0,0,0,0.00981234,14,25.2,-2.99998,2.99999,1,0.000226498,-5.96046e-06,0,0.000834465,0,0,0.00882485,15,25.2,-2.99542,-2,1,0.00470877,-5.96046e-06,0,-0.0294447,-0.000119209,0,0.0069543,16,25.2,-1.9019,-0.993606,1,-0.500003,-0.0103414,0,5.96046e-05,0.0134408,0,0.00900373,17,25.2,1.16204,-3,1,-0.343657,0,0,0.234604,0,0,0.00587846,18,25.2,-2.00081,-1.85929,1,-0.000482798,-0.500003,0,0.00596046,5.96046e-05,0,0.00758594,19,25.2,-0.999959,3,1,-8.64267e-05,0,0,-5.96046e-05,0,0,0.00477927,20,25.2,0.432449,-0.993759,1,-0.5,-0.0754908,0,1.43051e-05,0.250846,0,0.0120331,21,25.2,2.09661,-3,1,-0.317609,0,0,0.478983,0,0,0.00566956,22,25.2,1.4989,-0.999992,1,-0.500003,0.00012517,0,5.96046e-05,-0.000327826,0,0.0113058,23,25.2,-0.0345829,0.999942,1,-0.12009,0.000207126,0,-0.505084,0.00089407,0,0.0171376,24,25.2,0.105598,-2.24466,1,0.420518,0.442278,0,0.644088,-0.320673,0,0.010464,25,25.2,1.00005,3,1,-8.04663e-05,-1.78814e-05,0,-5.96046e-05,0,0,0.00716508,26,25.2,-3,1.99994,1,0,0.000530481,0,0,-0.00107288,0,0.00636638,27,25.2,-1.06945,-1.14666,1,-0.332999,0.364992,0,-0.777185,-0.442326,0,0.016623,28,25.2,2.38506,0.96074,1,-0.499082,0.0265062,0,0.018239,0.108987,0,0.0115009,29,25.2,0.991699,0.191029,1,0.0172108,-0.430687,0,0.0136793,0.355407,0,0.0123164,30,25.2,-2,0.00382178,1,0,0.0012769,0,0,-0.0330549,0,0.010521,31,25.2,2.00163,1.55536,1,-0.00319481,0.500003,0,0.00119209,-5.96046e-05,0,0.0102834,32,25.2,-3,0.523952,1,0,0.5,0,0,2.98023e-05,0,0.00885607,33,25.2,2.99852,1.42513,1,-0.00903606,-0.500003,0,-0.00596046,5.96046e-05,0,0.00624806,34,25.2,-0.810477,-1.99995,1,-0.429507,0.000166893,0,0.358701,-0.00137091,0,0.0139513,35,25.2,-1.00369,0.928056,1,0.0104517,0.0938848,0,0.00417233,-1.00002,0,0.0124896
0,25.3,0.000354575,-0.143018,1,-0.00119022,0.5,0,0.00310594,1.3411e-06,0,0.0146869,1,25.3,1.98333,0.00243169,1,0.0046283,-0.0117851,0,0.145182,0.0090499,0,0.0110573,2,25.3,-0.877849,-0.00562603,1,-0.10586,0.0190139,0,0.998355,-0.00976554,0,0.0141414,3,25.3,-2.32176,0.997496,1,0.491565,-9.42498e-05,0,-0.0975132,0.0162423,0,0.00963196,4,25.3,1.48366,-2.0095,1,0.499994,-0.0427037,0,0.000208616,0.221074,0,0.00940802,5,25.3,0.259493,-2.95455,1,-0.472715,0.249216,0,0.240573,0.827476,0,0.00954526,6,25.3,2.99993,-1.5384,1,-0.000260398,-0.5,0,0.00013411,7.45058e-06,0,0.00763484,7,25.3,2.99731,-2.64092,1,-0.009121,-0.496198,0,0.010848,0.0773668,0,0.00642692,8,25.3,2.02376,-1.45288,1,-0.0232816,0.5,0,-0.053674,-7.45058e-06,0,0.0116616,9,25.3,-3,-3,1,0,0,0,0,0,0,0.00764975,10,25.3,1.00002,2.00015,1,4.24683e-05,0.0736397,0,-0.000342727,-0.238329,0,0.0104467,11,25.3,-2,1.99994,1,1.73226e-05,1.84402e-05,0,0.00012666,0.000365078,0,0.00986456,12,25.3,3,2.31068,1,1.00583e-05,-0.487334,0,-4.47035e-05,0.121742,0,0.00664518,13,25.3,-1,2,1,1.39698e-05,-1.11759e-05,0,-2.23517e-05,1.49012e-05,0,0.00981234,14,25.3,-2.99995,2.99999,1,0.000270829,-5.58794e-06,0,0.000104308,1.49012e-05,0,0.00882485,15,25.3,-2.99509,-2,1,0.00180081,-1.41561e-05,0,-0.0282228,-2.98023e-05,0,0.0069543,16,25.3,-1.9519,-0.994576,1,-0.5,-0.00907425,0,0,0.0119358,0,0.00900373,17,25.3,1.12896,-3,1,-0.316966,0,0,0.297219,0,0,0.00587846,18,25.3,-2.00083,-1.90929,1,3.61353e-05,-0.5,0,0.00445545,7.45058e-06,0,0.00758594,19,25.3,-0.999968,3,1,-8.85688e-05,0,0,1.11759e-05,0,0,0.00477927,20,25.3,0.382516,-1.00012,1,-0.497901,-0.0525071,0,0.0453293,0.209268,0,0.0120331,21,25.3,2.06728,-3,1,-0.268811,0,0,0.493065,0,0,0.00566956,22,25.3,1.4489,-0.999981,1,-0.5,9.24803e-05,0,7.45058e-06,-0.0003241,0,0.0113058,23,25.3,-0.0491964,0.999967,1,-0.17259,0.000276789,0,-0.530094,0.000670552,0,0.0171376,24,25.3,0.150398,-2.20214,1,0.470726,0.40702,0,0.360175,-0.380829,0,0.010464,25,25.3,1.00004,2.99999,1,-8.3074e-05,-1.60187e-05,0,0,4.47035e-05,0,0.00716508,26,25.3,-3,1.99999,1,0,0.000419095,0,0,-0.00111759,0,0.00636638,27,25.3,-1.10644,-1.11242,1,-0.404304,0.319532,0,-0.631779,-0.463687,0,0.016623,28,25.3,2.33515,0.963868,1,-0.499485,0.035403,0,-0.0114441,0.0700764,0,0.0115009,29,25.3,0.993461,0.149857,1,0.0177766,-0.391622,0,-0.0016652,0.422991,0,0.0123164,30,25.3,-2,0.00379856,1,0,-0.0015994,0,0,-0.0245448,0,0.010521,31,25.3,2.00132,1.60498,1,-0.00302345,0.488823,0,0.00220537,-0.214621,0,0.0102834,32,25.3,-3,0.57395,1,0,0.499904,0,0,-0.0038594,0,0.00885607,33,25.3,2.99761,1.37521,1,-0.00886619,-0.49744,0,0.00846386,0.05389,0,0.00624806,34,25.3,-0.851516,-1.99994,1,-0.390145,4.99189e-05,0,0.425577,-0.000983477,0,0.0139513,35,25.3,-1.00265,0.932455,1,0.010355,-0.00563301,0,-0.0057444,-0.982933,0,0.0124896
0,25.4,0.00025235,-0.0930184,1,-0.000838733,0.5,0,0.00403493,2.38419e-06,0,0.0153692,1,25.4,1.98444,0.00131109,1,0.0165701,-0.0105143,0,0.0947714,0.0158141,0,0.0114964,2,25.4,-0.883456,-0.00379492,1,-0.00647604,0.0174091,0,0.986785,-0.0217262,0,0.0159799,3,25.4,-2.27321,0.997561,1,0.477976,0.0013262,0,-0.176907,0.012219,0,0.00976158,4,25.4,1.53366,-2.01273,1,0.500003,-0.0228107,0,-5.96046e-05,0.177383,0,0.0094069,5,25.4,0.213626,-2.92552,1,-0.442735,0.330603,0,0.353053,0.778437,0,0.00925726,6,25.4,2.99991,-1.5884,1,-0.000226498,-0.500003,0,0.000357628,5.96046e-05,0,0.00798051,7,25.4,2.99647,-2.69001,1,-0.00754595,-0.484341,0,0.0197887,0.160456,0,0.00736778,8,25.4,2.0212,-1.40288,1,-0.0275195,0.500003,0,-0.0317097,-5.96046e-05,0,0.0121255,9,25.4,-3,-3,1,0,0,0,0,0,0,0.00610916,10,25.4,1.00002,2.00635,1,1.19209e-05,0.0508547,0,-0.000238419,-0.215888,0,0.00877614,11,25.4,-2,1.99994,1,2.68221e-05,5.36442e-05,0,5.96046e-05,0.000178814,0,0.0112318,12,25.4,3,2.26268,1,0,-0.471306,0,0.000119209,0.200748,0,0.00617066,13,25.4,-0.999999,2,1,1.19209e-05,-8.9407e-06,0,-2.98023e-05,5.96046e-05,0,0.00964229,14,25.4,-2.99993,2.99999,1,0.0002563,-5.96046e-06,0,-0.000357628,0.000119209,0,0.00870341,15,25.4,-2.99505,-2,1,-0.000852346,-1.78814e-05,0,-0.0246763,0,0,0.00665456,16,25.4,-2.0019,-0.995426,1,-0.5,-0.00794828,0,0,0.0106096,0,0.00796322,17,25.4,1.09883,-3,1,-0.284648,0,0,0.346839,0,0,0.00572922,18,25.4,-2.00081,-1.95929,1,0.000417233,-0.500003,0,0.00321865,5.96046e-05,0,0.00945548,19,25.4,-0.999976,3,1,-8.34465e-05,0,0,5.96046e-05,0,0,0.00509678,20,25.4,0.33305,-1.00439,1,-0.490365,-0.0335425,0,0.107706,0.170469,0,0.0110187,21,25.4,2.04286,-3,1,-0.219721,0,0,0.48542,0,0,0.00581763,22,25.4,1.3989,-0.999973,1,-0.500003,6.10948e-05,0,5.96046e-05,-0.000268221,0,0.0102623,23,25.4,-0.0690454,0.999999,1,-0.223493,0.000372529,0,-0.476636,0.0013113,0,0.0178726,24,25.4,0.198836,-2.16342,1,0.494006,0.366813,0,0.119872,-0.420094,0,0.0107242,25,25.4,1.00003,2.99999,1,-8.34465e-05,-1.78814e-05,0,0.000119209,0.000238419,0,0.00637941,26,25.4,-3,2.00003,1,0,0.000303984,0,0,-0.000953674,0,0.00654925,27,25.4,-1.14968,-1.0828,1,-0.457016,0.272852,0,-0.416338,-0.467062,0,0.0165794,28,25.4,2.28517,0.967702,1,-0.5,0.0407368,0,0,0.0376999,0,0.0105258,29,25.4,0.99521,0.1129,1,0.0170097,-0.346698,0,-0.0130534,0.472289,0,0.0110829,30,25.4,-2,0.00352942,1,0,-0.00365087,0,0,-0.0165987,0,0.0105498,31,25.4,2.00103,1.6525,1,-0.00276566,0.458792,0,0.00286102,-0.377774,0,0.0121732,32,25.4,-3,0.62389,1,0,0.498457,0,0,-0.0308454,0,0.00761332,33,25.4,2.99678,1.32584,1,-0.00750422,-0.488773,0,0.0177622,0.121176,0,0.00660389,34,25.4,-0.888314,-1.99994,1,-0.345008,-3.27826e-05,0,0.473946,-0.000596046,0,0.0162624,35,25.4,-1.00165,0.927088,1,0.00937581,-0.100186,0,-0.0135899,-0.890374,0,0.0133564
0,25.5,0.000187081,-0.0430209,1,-0.00047727,0.499876,0,0.00339271,-0.00496402,0,0.0153692,1,25.5,1.98649,0.000345666,1,0.023835,-0.00873569,0,0.0519827,0.0193261,0,0.0114964,2,25.5,-0.879307,-0.00217297,1,0.0877946,0.0149349,0,0.887889,-0.0274223,0,0.0159799,3,25.5,-2.22696,0.997748,1,0.44119,0.00235597,0,-0.532508,0.00840798,0,0.00976158,4,25.5,1.58366,-2.0142,1,0.499738,-0.00726916,0,-0.00859797,0.134364,0,0.0094069,5,25.5,0.171248,-2.88866,1,-0.403654,0.40485,0,0.423922,0.675589,0,0.00925726,6,25.5,2.99989,-1.63668,1,-0.000175834,-0.452123,0,0.000625849,0.817753,0,0.00798051,7,25.5,2.99582,-2.7375,1,-0.00530928,-0.464122,0,0.0243187,0.243708,0,0.00736778,8,25.5,2.01832,-1.35301,1,-0.0296369,0.496044,0,-0.0113547,-0.0798404,0,0.0121255,9,25.5,-3,-3,1,0,0,0,0,0,0,0.00610916,10,25.5,1.00002,2.01041,1,-8.56817e-06,0.0307925,0,-0.000178814,-0.184655,0,0.00877614,11,25.5,-2,1.99995,1,2.94298e-05,6.81728e-05,0,0,0.000119209,0,0.0112318,12,25.5,3,2.21673,1,1.49012e-06,-0.445966,0,-2.98023e-05,0.302717,0,0.00617066,13,25.5,-0.999998,2,1,8.84756e-06,-3.91155e-06,0,-3.35276e-05,3.72529e-05,0,0.00964229,14,25.5,-2.99869,2.99999,1,0.0351973,3.72529e-06,0,0.638247,5.96046e-05,0,0.00870341,15,25.5,-2.99525,-2.00001,1,-0.00304803,-1.60187e-05,0,-0.0191331,4.47035e-05,0,0.00665456,16,25.5,-2.0519,-0.99579,1,-0.5,0.00418108,0,0,0.221908,0,0.00796322,17,25.5,1.07217,-3,1,-0.248108,0,0,0.380382,0,0,0.00572922,18,25.5,-2.00075,-2.00929,1,0.000681728,-0.500001,0,0.00211596,7.45058e-06,0,0.00945548,19,25.5,-0.999984,3,1,-7.5344e-05,0,0,0.000100583,0,0,0.00509678,20,25.5,0.284666,-1.00696,1,-0.476142,-0.0183096,0,0.178347,0.134699,0,0.0110187,21,25.5,2.02327,-3,1,-0.172421,0,0,0.457793,0,0,0.00581763,22,25.5,1.34895,-0.999968,1,-0.498249,3.49246e-05,0,0.0414252,-0.000249594,0,0.0102623,23,25.5,-0.0936888,1.00004,1,-0.268271,0.000459328,0,-0.410624,0.00064075,0,0.0178726,24,25.5,0.248603,-2.12887,1,0.499625,0.323926,0,0.0149849,-0.435218,0,0.0107242,25,25.5,1.00002,2.99999,1,-7.15256e-05,1.11759e-06,0,0.000119209,0.000163913,0,0.00637941,26,25.5,-3,2.00058,1,0,0.0151884,0,0,0.271067,0,0.00654925,27,25.5,-1.19708,-1.05781,1,-0.487105,0.227302,0,-0.193276,-0.442803,0,0.0165794,28,25.5,2.23517,0.971919,1,-0.5,0.0431734,0,0,0.0119396,0,0.0105258,29,25.5,0.996831,0.0806493,1,0.015297,-0.297838,0,-0.0206232,0.50061,0,0.0110829,30,25.5,-2,0.00309377,1,0,-0.00494276,0,0,-0.00943895,0,0.0105498,31,25.5,2.00078,1.69585,1,-0.00216328,0.402694,0,0.00886619,-0.713877,0,0.0121732,32,25.5,-3,0.673672,1,0,0.49786,0,0,0.0105947,0,0.00761332,33,25.5,2.99613,1.27769,1,-0.00544526,-0.473093,0,0.0227839,0.193551,0,0.00660389,34,25.5,-0.920389,-1.99995,1,-0.296033,-7.95349e-05,0,0.501242,-0.000350177,0,0.0162624,35,25.5,-1.00079,0.912797,1,0.00786502,-0.183594,0,-0.0165328,-0.768758,0,0.0133564
0,25.6,0.000156611,0.00690215,1,-0.000125319,0.498014,0,0.00379667,-0.0397146,0,0.0174644,1,25.6,1.98908,-0.000428445,1,0.0272512,-0.00672712,0,0.017643,0.0204981,0,0.0135975,2,25.6,-0.866326,-0.000823652,1,0.169265,0.0119886,0,0.733823,-0.0312008,0,0.0150124,3,25.6,-2.18591,0.99802,1,0.376302,0.00301749,0,-0.743389,0.00485778,0,0.0108043,4,25.6,1.63354,-2.01432,1,0.49732,0.00424981,0,-0.0460744,0.0969172,0,0.00921937,5,25.6,0.133087,-2.84515,1,-0.358829,0.461316,0,0.468433,0.440717,0,0.00872923,6,25.6,2.99987,-1.67731,1,-0.000107288,-0.357634,0,0.000715256,0.999987,0,0.00648403,7,25.6,2.99542,-2.78256,1,-0.00280142,-0.435722,0,0.0253916,0.323296,0,0.0076102,8,25.6,2.01533,-1.30394,1,-0.0299275,0.483951,0,0.00500679,-0.162125,0,0.00941418,9,25.6,-3,-3,1,0,0,0,0,0,0,0.00643537,10,25.6,1.00002,2.01262,1,-2.38419e-05,0.0140309,0,-0.000119209,-0.150204,0,0.009628,11,25.6,-1.99999,1.99995,1,2.68221e-05,7.7486e-05,0,-5.96046e-05,5.96046e-05,0,0.0107651,12,25.6,3,2.17379,1,0,-0.411433,0,0,0.38445,0,0.00422093,13,25.6,-0.999997,2,1,5.96046e-06,0,0,-2.98023e-05,5.96046e-05,0,0.00955809,14,25.6,-2.99134,2.99999,1,0.116801,1.19209e-05,0,0.944018,0,0,0.00600416,15,25.6,-2.99564,-2.00001,1,-0.00466704,-1.19209e-05,0,-0.0132322,0,0,0.00574952,16,25.6,-2.1019,-0.993984,1,-0.5,0.0345066,0,0,0.37533,0,0.0091519,17,25.6,1.04929,-3,1,-0.209245,0,0,0.393629,0,0,0.00544485,18,25.6,-2.00068,-2.05929,1,0.000852346,-0.5,0,0.00107288,0,0,0.00832442,19,25.6,-0.999991,3,1,-6.4075e-05,0,0,0.000119209,0,0,0.00447331,20,25.6,0.23807,-1.00817,1,-0.454488,-0.00649691,0,0.255213,0.102162,0,0.00970657,21,25.6,2.00826,-3,1,-0.128645,0,0,0.415742,0,0,0.00593756,22,25.6,1.29945,-0.999966,1,-0.490645,1.19209e-05,0,0.115037,-0.000238419,0,0.00898734,23,25.6,-0.122403,1.00009,1,-0.304206,0.000539422,0,-0.302293,0.00113249,0,0.0184407,24,25.6,0.298596,-2.09866,1,0.5,0.280225,0,0,-0.436664,0,0.0105556,25,25.6,1.00001,2.99999,1,-5.96046e-05,5.96046e-06,0,0.000119209,0.000238419,0,0.00664873,26,25.6,-3,2.00371,1,0,0.0496149,0,0,0.395894,0,0.00818026,27,25.6,-1.24646,-1.03725,1,-0.498,0.184503,0,-0.0399947,-0.412285,0,0.0159739,28,25.6,2.18517,0.976259,1,-0.5,0.0432968,0,0,-0.00858307,0,0.0104672,29,25.6,0.99825,0.0533849,1,0.0129923,-0.247385,0,-0.0249743,0.504678,0,0.0115371,30,25.6,-2,0.00256273,1,0,-0.00557867,0,0,-0.00347989,0,0.012513,31,25.6,2.00061,1.73221,1,-0.001055,0.321499,0,0.0129938,-0.885606,0,0.0156881,32,25.6,-3,0.723527,1,0,0.499278,0,0,0.0131726,0,0.00758516,33,25.6,2.99571,1.23147,1,-0.00306964,-0.449935,0,0.0243187,0.26983,0,0.00739102,34,25.6,-0.947471,-1.99996,1,-0.245564,-0.000104308,0,0.504345,-0.000178814,0,0.014126,35,25.6,-1.00009,0.890857,1,0.00609159,-0.25242,0,-0.0188947,-0.60159,0,0.0151608
0,25.7,0.000160381,0.0564284,1,0.000179428,0.491675,0,0.00251386,-0.0897398,0,0.0174644,1,25.7,1.99184,-0.000999478,1,0.0276536,-0.00470747,0,-0.00824034,0.0196695,0,0.0135975,2,25.7,-0.845982,0.000221286,1,0.234972,0.0089319,0,0.576198,-0.0298959,0,0.0150124,3,25.7,-2.15245,0.99834,1,0.289272,0.00333749,0,-0.957638,0.00154227,0,0.0108043,4,25.7,1.68316,-2.01347,1,0.495917,0.0121541,0,0.00915676,0.0621378,0,0.00921937,5,25.7,0.0995715,-2.79728,1,-0.311291,0.491591,0,0.479606,0.175565,0,0.00872923,6,25.7,2.99987,-1.70808,1,-4.06057e-05,-0.257634,0,0.00064075,1,0,0.00648403,7,25.7,2.99526,-2.82437,1,-0.000375137,-0.399041,0,0.0229031,0.405818,0,0.0076102,8,25.7,2.01238,-1.25695,1,-0.028855,0.450621,0,0.0160784,-0.482306,0,0.00941418,9,25.7,-3,-3,1,0,0,0,0,0,0,0.00643537,10,25.7,1.00002,2.01334,1,-3.31551e-05,0.000814721,0,-7.45058e-05,-0.114426,0,0.009628,11,25.7,-1.99999,1.99996,1,1.99303e-05,8.028e-05,0,-8.19564e-05,7.45058e-06,0,0.0107651,12,25.7,3,2.13467,1,0,-0.370015,0,0,0.440821,0,0.00422093,13,25.7,-0.999997,2,1,3.07336e-06,4.84288e-06,0,-2.6077e-05,2.98023e-05,0,0.00955809,14,25.7,-2.97483,3,1,0.214178,1.19209e-05,0,0.992998,0,0,0.00600416,15,25.7,-2.99616,-2.00001,1,-0.00568405,-1.00583e-05,0,-0.00724196,4.47035e-05,0,0.00574952,16,25.7,-2.1519,-0.987684,1,-0.5,0.099527,0,0,0.859756,0,0.0091519,17,25.7,1.03033,-3,1,-0.17004,0,0,0.38752,0,0,0.00544485,18,25.7,-2.00059,-2.10929,1,0.000924617,-0.5,0,0.00038743,0,0,0.00832442,19,25.7,-0.999997,3,1,-5.13159e-05,0,0,0.000137836,0,0,0.00447331,20,25.7,0.194057,-1.00836,1,-0.424282,0.00217613,0,0.345234,0.0720844,0,0.00970657,21,25.7,1.99738,-3,1,-0.0897106,0,0,0.361845,0,0,0.00593756,22,25.7,1.25162,-0.999966,1,-0.459917,-9.87202e-06,0,0.474714,-0.000201166,0,0.00898734,23,25.7,-0.154181,1.00015,1,-0.329725,0.000593998,0,-0.204428,0.000171363,0,0.0184407,24,25.7,0.348596,-2.07251,1,0.5,0.245665,0,-3.57628e-06,-0.263855,0,0.0105556,25,25.7,1.00001,3,1,-4.787e-05,1.9744e-05,0,0.000111759,4.47035e-05,0,0.00664873,26,25.7,-3,2.01116,1,0,0.103459,0,0,0.649348,0,0.00818026,27,25.7,-1.29638,-1.02079,1,-0.499875,0.145176,0,-0.00499934,-0.373736,0,0.0159739,28,25.7,2.13517,0.980519,1,-0.5,0.0416458,0,0,-0.0237525,0,0.0104672,29,25.7,0.99942,0.0311469,1,0.010403,-0.197688,0,-0.0264309,0.485948,0,0.0115371,30,25.7,-2,0.00199588,1,0,-0.00568004,0,0,0.00123087,0,0.012513,31,25.7,2.00061,1.75971,1,0.00140853,0.226861,0,0.0347048,-0.985704,0,0.0156881,32,25.7,-3,0.773497,1,0,0.499939,0,0,0.00212342,0,0.00758516,33,25.7,2.99552,1.18798,1,-0.000727922,-0.418426,0,0.0222623,0.356585,0,0.00739102,34,25.7,-0.96953,-1.99997,1,-0.19594,-0.000114366,0,0.484828,-2.98023e-05,0,0.014126,35,25.7,-0.99957,0.862867,1,0.00427961,-0.304715,0,-0.0174344,-0.441335,0,0.0151608
0,25.8,0.00019025,0.105046,1,0.000415825,0.479626,0,0.00238219,-0.152987,0,0.0179051,1,25.8,1.99453,-0.00137479,1,0.0258595,-0.00283198,0,-0.0265241,0.0176779,0,0.0122969,2,25.8,-0.819893,0.000967445,1,0.283875,0.00601666,0,0.399679,-0.028374,0,0.0151411,3,25.8,-2.12843,0.998676,1,0.190508,0.00332743,0,-1.00017,-0.00172853,0,0.0116773,4,25.8,1.73283,-2.012,1,0.497726,0.0168622,0,0.0215769,0.033021,0,0.0101668,5,25.8,0.0708396,-2.74758,1,-0.263416,0.499648,0,0.475526,0.00703335,0,0.00999803,6,25.8,2.99986,-1.72884,1,1.19209e-05,-0.157633,0,0.000715256,0.999987,0,0.00733719,7,25.8,2.99533,-2.86214,1,0.00174046,-0.355428,0,0.0191927,0.462294,0,0.00613519,8,25.8,2.0096,-1.21467,1,-0.0267863,0.391588,0,0.0249147,-0.679672,0,0.0121295,9,25.8,-3,-3,1,0,0,0,0,0,0,0.00656762,10,25.8,1.00002,2.0129,1,-3.8743e-05,-0.00892878,0,0,-0.0807047,0,0.00979899,11,25.8,-1.99999,1.99997,1,1.49012e-05,7.7486e-05,0,-0.000178814,0,0,0.0108215,12,25.8,3,2.09995,1,0,-0.323886,0,0,0.478387,0,0.00465164,13,25.8,-0.999996,2,1,0,5.96046e-06,0,-2.98023e-05,5.96046e-05,0,0.00974706,14,25.8,-2.94843,3,1,0.313997,5.96046e-06,0,1.00017,0.000119209,0,0.00544111,15,25.8,-2.99676,-2.00001,1,-0.00613928,-1.19209e-05,0,-0.00202656,0.000238419,0,0.00880101,16,25.8,-2.2019,-0.973074,1,-0.5,0.194985,0,0,1.00002,0,0.0117548,17,25.8,1.01523,-3,1,-0.132275,0,0,0.365496,0,0,0.00633786,18,25.8,-2.00049,-2.15929,1,0.000935793,-0.5,0,-0.000119209,0,0,0.00688661,19,25.8,-1,3,1,-3.8743e-05,0,0,0.000119209,0,0,0.00633114,20,25.8,0.153477,-1.00783,1,-0.386169,0.00807345,0,0.413451,0.0466108,0,0.0124049,21,25.8,1.99012,-3,1,-0.0564396,0,0,0.30303,0,0,0.00574794,22,25.8,1.20842,-0.999968,1,-0.400275,-2.83122e-05,0,0.697196,-0.000208616,0,0.0122724,23,25.8,-0.18799,1.00021,1,-0.344521,0.000610948,0,-0.0894225,0.000417233,0,0.0158607,24,25.8,0.398596,-2.04904,1,0.5,0.225711,0,1.43051e-05,-0.143528,0,0.0136721,25,25.8,1.00001,3,1,-3.57628e-05,1.78814e-05,0,5.96046e-05,0,0,0.00661324,26,25.8,-3,2.02495,1,0,0.173795,0,0,0.731826,0,0.00792692,27,25.8,-1.34638,-1.00808,1,-0.500003,0.109842,0,5.96046e-05,-0.332534,0,0.0143936,28,25.8,2.08517,0.984545,1,-0.5,0.0386789,0,0,-0.0349581,0,0.0105525,29,25.8,1.00033,0.0137538,1,0.00777245,-0.150783,0,-0.0258088,0.449573,0,0.0113996,30,25.8,-2,0.00144027,1,0,-0.0053747,0,0,0.00467558,0,0.0110339,31,25.8,2.00095,1.77742,1,0.00557303,0.127217,0,0.0474453,-0.999987,0,0.0123317,32,25.8,-3,0.823496,1,0,0.5,0,0,2.98023e-05,0,0.00610794,33,25.8,2.99555,1.14804,1,0.0013411,-0.37936,0,0.0189543,0.421166,0,0.00558007,34,25.8,-0.986755,-1.99998,1,-0.14918,-0.000110269,0,0.447899,0.000119209,0,0.0152807,35,25.8,-0.999228,0.830473,1,0.00258982,-0.340261,0,-0.0164509,-0.26837,0,0.0194766
0,25.9,0.000240507,0.152232,1,0.000563215,0.463838,0,0.000810088,-0.168324,0,0.0179051,1,25.9,1.99697,-0.00157424,1,0.0226,-0.00120529,0,-0.0376627,0.0147918,0,0.0122969,2,25.9,-0.789758,0.00143551,1,0.316298,0.00342364,0,0.248399,-0.0236367,0,0.0151411,3,25.9,-2.11438,0.998997,1,0.090564,0.00306563,0,-0.997454,-0.00364706,0,0.0116773,4,25.9,1.7827,-2.01018,1,0.499559,0.0191566,0,0.0116602,0.0136048,0,0.0101668,5,25.9,0.0468444,-2.69759,1,-0.216843,0.499978,0,0.454254,0.000879169,0,0.00999803,6,25.9,2.99987,-1.7396,1,7.26432e-05,-0.057634,0,0.000491738,1,0,0.00733719,7,25.9,2.99559,-2.89531,1,0.00344515,-0.307351,0,0.0148118,0.495166,0,0.00613519,8,25.9,2.00705,-1.17943,1,-0.0239488,0.30908,0,0.0312179,-0.932939,0,0.0121295,9,25.9,-3,-3,1,0,0,0,0,0,0,0.00656762,10,25.9,1.00001,2.01166,1,-3.76254e-05,-0.0154395,0,2.98023e-05,-0.0502914,0,0.00979899,11,25.9,-1.99999,1.99998,1,-3.72529e-07,7.48783e-05,0,-0.00013411,-4.47035e-05,0,0.0108215,12,25.9,3,2.06999,1,0,-0.274995,0,0,0.495419,0,0.00465164,13,25.9,-0.999997,2,1,-2.51457e-06,1.08033e-05,0,-1.86265e-05,2.98023e-05,0,0.00974706,14,25.9,-2.91235,3,1,0.403697,1.15484e-05,0,0.769034,1.49012e-05,0,0.00544111,15,25.9,-2.99737,-2.00001,1,-0.00610985,7.07805e-06,0,0.00242889,0.000163913,0,0.00880101,16,25.9,-2.2519,-0.948621,1,-0.5,0.293169,0,0,0.944745,0,0.0117548,17,25.9,1.00378,-3,1,-0.0974337,0,0,0.329755,0,0,0.00633786,18,25.9,-2.0004,-2.20929,1,0.0009045,-0.5,0,-0.000506639,0,0,0.00688661,19,25.9,-1,3,1,-2.70084e-05,0,0,0.000111759,0,0,0.00633114,20,25.9,0.117006,-1.00682,1,-0.342542,0.0116671,0,0.455957,0.0259355,0,0.0124049,21,25.9,1.98589,-3,1,-0.0292206,0,0,0.24166,0,0,0.00574794,22,25.9,1.17237,-0.999972,1,-0.316838,-3.78117e-05,0,0.9363,0.000104308,0,0.0122724,23,25.9,-0.222748,1.00027,1,-0.349212,0.000595674,0,-0.00312075,-0.000536442,0,0.0158607,24,25.9,0.448596,-2.02693,1,0.5,0.218731,0,-1.78814e-06,-0.00610948,0,0.0136721,25,25.9,1,3,1,-2.96161e-05,1.3411e-05,0,6.70552e-05,-5.96046e-05,0,0.00661324,26,25.9,-3,2.0461,1,0,0.249775,0,0,0.771418,0,0.00792692,27,25.9,-1.39638,-0.998675,1,-0.5,0.0790324,0,7.45058e-06,-0.284053,0,0.0143936,28,25.9,2.03517,0.988226,1,-0.5,0.034846,0,0,-0.0412613,0,0.0105525,29,25.9,1.00098,0.000841947,1,0.00529587,-0.108306,0,-0.0235438,0.398421,0,0.0113996,30,25.9,-2,0.000930363,1,0,-0.00478618,0,0,0.00691331,0,0.0110339,31,25.9,2.00186,1.78515,1,0.0136852,0.027398,0,0.108063,-0.99279,0,0.0123317,32,25.9,-3,0.873496,1,0,0.5,0,0,0,0,0.00610794,33,25.9,2.99577,1.11228,1,0.00303611,-0.335148,0,0.0148416,0.459909,0,0.00558007,34,25.9,-0.999516,-1.99999,1,-0.106892,-9.53674e-05,0,0.396345,0.000163913,0,0.0152807,35,25.9,-0.999045,0.79534,1,0.00112439,-0.36005,0,-0.0130422,-0.127528,0,0.0194766
0,26,0.000299955,0.197712,1,0.000621396,0.445025,0,0.000544605,-0.211753,0,0.016086,1,26,1.99903,-0.00162601,1,0.0185132,0.000117216,0,-0.043273,0.0116306,0,0.0122358,2,26,-0.757138,0.00166651,1,0.333582,0.00126117,0,0.0979602,-0.0197436,0,0.0163336,3,26,-2.11029,0.999282,1,-0.00847578,0.00257492,0,-0.979424,-0.00625849,0,0.0120914,4,26,1.83269,-2.00822,1,0.500003,0.0197232,0,-5.96046e-05,-0.00154972,0,0.0101274,5,26,0.0273841,-2.64759,1,-0.172871,0.5,0,0.423796,0,0,0.0106853,6,26,2.99988,-1.74037,1,0.000119209,0.042367,0,0.000238419,0.999987,0,0.00619509,7,26,2.99601,-2.92354,1,0.00468493,-0.257194,0,0.0100136,0.504375,0,0.00544487,8,26,2.00482,-1.15336,1,-0.020659,0.211206,0,0.0342131,-0.999987,0,0.0105415,9,26,-3,-3,1,0,0,0,0,0,0,0.00644761,10,26,1.00001,2.00991,1,-3.57628e-05,-0.019151,0,5.96046e-05,-0.0245571,0,0.0107687,11,26,-1.99999,1.99998,1,-1.19209e-05,6.85453e-05,0,-5.96046e-05,-5.96046e-05,0,0.00885728,12,26,3,2.04497,1,0,-0.22555,0,0,0.490189,0,0.00607642,13,26,-0.999997,2,1,-4.47035e-06,5.96046e-06,0,0,0.000119209,0,0.00870924,14,26,-2.86865,3,1,0.464791,1.19209e-05,0,0.447512,0,0,0.00494058,15,26,-2.99797,-2.00001,1,-0.00569224,1.78814e-05,0,0.00560284,0.000119209,0,0.00847712,16,26,-2.3019,-0.914822,1,-0.5,0.379837,0,0,0.766665,0,0.0102997,17,26,0.995613,-3,1,-0.0665799,0,0,0.286222,0,0,0.00633839,18,26,-2.00031,-2.25929,1,0.000834465,-0.5,0,-0.000715256,0,0,0.00876254,19,26,-1.00001,3,1,-1.49012e-05,0,0,5.96046e-05,0,0,0.00526204,20,26,0.0850795,-1.00556,1,-0.2956,0.0133961,0,0.479783,0.00923872,0,0.0123146,21,26,1.98408,-3,1,-0.00801086,0,0,0.183046,0,0,0.00614338,22,26,1.14553,-0.999974,1,-0.218859,8.9407e-06,0,0.999928,0.000834465,0,0.0130549,23,26,-0.257534,1.00033,1,-0.344991,0.000539422,0,0.0878274,-0.000417233,0,0.0164676,24,26,0.498596,-2.00493,1,0.5,0.22262,0,2.98023e-05,0.0752807,0,0.0148536,25,26,0.999999,3,1,-2.23517e-05,5.96046e-06,0,5.96046e-05,-0.000119209,0,0.0075015,26,26,-3,2.07488,1,0,0.325137,0,0,0.722885,0,0.00657008,27,26,-1.44638,-0.992114,1,-0.500003,0.0529498,0,5.96046e-05,-0.238031,0,0.0141025,28,26,1.98517,0.991497,1,-0.500003,0.0305101,0,5.96046e-05,-0.0450909,0,0.010798,29,26,1.0014,-0.00809184,1,0.00309646,-0.0713468,0,-0.0203848,0.339841,0,0.0115321,30,26,-2,0.000488754,1,0,-0.00402547,0,0,0.00814813,0,0.0104598,31,26,2.00382,1.78298,1,0.0259519,-0.0698954,0,0.131488,-0.94229,0,0.0113427,32,26,-3,0.923496,1,0,0.5,0,0,2.98023e-05,0,0.00668377,33,26,2.99614,1.08111,1,0.00429153,-0.287998,0,0.0103712,0.480056,0,0.00702856,34,26,-1.00832,-2,1,-0.0701517,-7.7486e-05,0,0.337541,0.000238419,0,0.0132603,35,26,-0.998993,0.758929,1,-5.06639e-05,-0.365882,0,-0.0106692,0.00983477,0,0.0159877
0,26.1,0.000362349,0.241112,1,0.000606855,0.422487,0,-0.000637556,-0.241413,0,0.016086,1,26.1,2.00066,-0.00156166,1,0.0141185,0.0011152,0,-0.0440031,0.0083655,0,0.0122358,2,26.1,-0.723473,0.00170355,1,0.337933,-0.000429963,0,-0.0101924,-0.0143132,0,0.0163336,3,26.1,-2.11605,0.999481,1,-0.106422,0.00116518,0,-0.96409,-0.0209697,0,0.0120914,4,26.1,1.88269,-2.00628,1,0.5,0.0190653,0,-7.45058e-06,-0.0111759,0,0.0101274,5,26.1,0.0121403,-2.59759,1,-0.132766,0.5,0,0.378042,0,0,0.0106853,6,26.1,2.99989,-1.73113,1,0.000136718,0.142366,0,0.00013411,1,0,0.00619509,7,26.1,2.99652,-2.94674,1,0.00543259,-0.207077,0,0.00502169,0.493646,0,0.00544487,8,26.1,2.00291,-1.13724,1,-0.0177465,0.111207,0,0.0243187,-1,0,0.0105415,9,26.1,-3,-3,1,0,0,0,0,0,0,0.00644761,10,26.1,1.00001,2.00791,1,-2.98023e-05,-0.0205327,0,5.96046e-05,-0.00394881,0,0.0107687,11,26.1,-1.99999,1.99999,1,-1.67638e-05,6.07222e-05,0,-2.98023e-05,-0.000104308,0,0.00885728,12,26.1,3,2.02483,1,0,-0.177683,0,0,0.464275,0,0.00607642,13,26.1,-0.999997,2,1,-4.47035e-06,1.41561e-05,0,0,2.98023e-05,0,0.00870924,14,26.1,-2.82047,3,1,0.493888,7.45058e-06,0,0.152215,-5.96046e-05,0,0.00494058,15,26.1,-2.9985,-2.00001,1,-0.00500754,2.6077e-05,0,0.00789762,2.98023e-05,0,0.00847712,16,26.1,-2.3519,-0.873414,1,-0.5,0.444067,0,0,0.51244,0,0.0102997,17,26.1,0.990305,-3,1,-0.0403958,0,0,0.237253,0,0,0.00633839,18,26.1,-2.00023,-2.30929,1,0.000752509,-0.5,0,-0.000923872,0,0,0.00876254,19,26.1,-1.00001,3,1,-8.9407e-06,0,0,5.96046e-05,0,0,0.00526204,20,26.1,0.0579344,-1.00419,1,-0.247236,0.0136524,0,0.483918,-0.00347197,0,0.0123146,21,26.1,1.9841,-3,1,0.00751931,0,0,0.128709,0,0,0.00614338,22,26.1,1.12865,-0.999969,1,-0.118891,8.2422e-05,0,0.998862,0.000853091,0,0.0130549,23,26.1,-0.291508,1.00038,1,-0.333613,0.00045523,0,0.140471,-0.00111759,0,0.0164676,24,26.1,0.548577,-1.98217,1,0.499333,0.233648,0,-0.0170767,0.137694,0,0.0148536,25,26.1,0.999997,3,1,-1.63913e-05,-3.72529e-06,0,5.96046e-05,-5.96046e-05,0,0.0075015,26,26.1,-3,2.11094,1,0,0.394701,0,0,0.643194,0,0.00657008,27,26.1,-1.49638,-0.987935,1,-0.5,0.0313664,0,7.45058e-06,-0.19414,0,0.0141025,28,26.1,1.93517,0.994321,1,-0.5,0.0259422,0,7.45058e-06,-0.0459924,0,0.010798,29,26.1,1.00161,-0.013633,1,0.00124909,-0.0405321,0,-0.0165403,0.2765,0,0.0115321,30,26.1,-2,0.000127801,1,0,-0.00318805,0,0,0.00848385,0,0.0104598,31,26.1,2.00724,1.77136,1,0.0437379,-0.161538,0,0.212431,-0.883967,0,0.0113427,32,26.1,-3,0.973496,1,0,0.5,0,0,-7.45058e-06,0,0.00668377,33,26.1,2.99662,1.05472,1,0.00508353,-0.239785,0,0.00554323,0.480741,0,0.00702856,34,26.1,-1.01375,-2.00001,1,-0.0395697,-5.40167e-05,0,0.274166,0.000223517,0,0.0132603,35,26.1,-0.999045,0.722546,1,-0.00092797,-0.36026,0,-0.00709295,0.101842,0,0.0159877
0,26.2,0.000419249,0.282089,1,0.000529135,0.396369,0,-0.000762186,-0.282302,0,0.0156085,1,26.2,2.00185,-0.00141345,1,0.00982285,0.00179901,0,-0.0417233,0.00536104,0,0.0124848,2,26.2,-0.689903,0.00159636,1,0.331753,-0.00164517,0,-0.112087,-0.010194,0,0.013424,3,26.2,-2.13137,0.999475,1,-0.198215,-0.00143349,0,-0.856161,-0.0301898,0,0.0126401,4,26.2,1.93269,-2.00444,1,0.500003,0.0175774,0,-5.96046e-05,-0.018239,0,0.00984257,5,26.2,0.000676004,-2.5476,1,-0.0973046,0.5,0,0.33104,0,0,0.0108006,6,26.2,2.99991,-1.71189,1,0.000143051,0.242367,0,0.000119209,0.999987,0,0.00829258,7,26.2,2.99708,-2.96503,1,0.00571609,-0.159246,0,0.000715256,0.459552,0,0.0060885,8,26.2,2.00124,-1.13112,1,-0.0157416,0.0112057,0,0.0163317,-0.999987,0,0.0111491,9,26.2,-3,-3,1,0,0,0,0,0,0,0.0065005,10,26.2,1,2.00586,1,-2.38419e-05,-0.0201166,0,5.96046e-05,0.0115633,0,0.0125815,11,26.2,-1.99999,2,1,-1.78814e-05,5.06639e-05,0,0,-5.96046e-05,0,0.00989238,12,26.2,3,2.00932,1,0,-0.133198,0,0,0.423133,0,0.00451797,13,26.2,-0.999998,2,1,-4.47035e-06,1.78814e-05,0,0,0,0,0.00990957,14,26.2,-2.77065,3,1,0.5,0,0,0,0,0,0.00474366,15,26.2,-2.99896,-2,1,-0.00415444,2.98023e-05,0,0.00905991,0,0,0.00791143,16,26.2,-2.4019,-0.826882,1,-0.5,0.482303,0,0,0.257552,0,0.00816076,17,26.2,0.987369,-3,1,-0.0191376,0,0,0.188023,0,0,0.00736003,18,26.2,-2.00016,-2.35929,1,0.000649691,-0.5,0,-0.000953674,0,0,0.00774401,19,26.2,-1.00001,3,1,-2.98023e-06,0,0,5.96046e-05,0,0,0.00476696,20,26.2,0.0356119,-1.00286,1,-0.199473,0.0128269,0,0.468343,-0.012517,0,0.0111876,21,26.2,1.98541,-3,1,0.0179708,0,0,0.0814199,0,0,0.00584376,22,26.2,1.12174,-0.999955,1,-0.0193179,0.000216067,0,0.990927,0.00196695,0,0.0142584,23,26.2,-0.324076,1.00042,1,-0.316819,0.000342727,0,0.195473,-0.000953674,0,0.0160674,24,26.2,0.598371,-1.95807,1,0.495923,0.248763,0,-0.0540614,0.158131,0,0.0130845,25,26.2,0.999996,3,1,-1.04308e-05,-5.96046e-06,0,5.96046e-05,-0.000119209,0,0.00770947,26,26.2,-3,2.15334,1,0,0.450063,0,0,0.452042,0,0.00749982,27,26.2,-1.54638,-0.9857,1,-0.500003,0.0140145,0,5.96046e-05,-0.153422,0,0.0121651,28,26.2,1.88517,0.996685,1,-0.500003,0.0213653,0,5.96046e-05,-0.0453591,0,0.0101668,29,26.2,1.00166,-0.016408,1,-0.000208616,-0.0160013,0,-0.0126362,0.214524,0,0.0137109,30,26.2,-2,-0.000148832,1,0,-0.0023494,0,0,0.00819854,0,0.0106332,31,26.2,2.01273,1.75093,1,0.0663042,-0.245517,0,0.229239,-0.790417,0,0.0135612,32,26.2,-3,1.0235,1,0,0.500003,0,0,-5.96046e-05,0,0.00712414,33,26.2,2.99714,1.03312,1,0.00541806,-0.192484,0,0.00143051,0.462413,0,0.00637728,34,26.2,-1.01644,-2.00001,1,-0.0152647,-3.57628e-05,0,0.212252,0.000238419,0,0.0161447,35,26.2,-0.999169,0.687175,1,-0.001508,-0.345722,0,-0.00464916,0.187516,0,0.0165154
0,26.3,0.000466848,0.320303,1,0.000411595,0.367755,0,-0.00144078,-0.291742,0,0.0156085,1,26.3,2.00263,-0.00121139,1,0.00589043,0.00219785,0,-0.0366867,0.00269739,0,0.0124848,2,26.3,-0.657377,0.00138898,1,0.317878,-0.00242751,0,-0.165343,-0.00569689,0,0.013424,3,26.3,-2.15526,0.999062,1,-0.277315,-0.00785766,0,-0.722557,-0.0916682,0,0.0126401,4,26.3,1.98269,-2.00278,1,0.5,0.0155583,0,-7.45058e-06,-0.0218749,0,0.00984257,5,26.3,-0.00748044,-2.4976,1,-0.0666346,0.5,0,0.282442,0,0,0.0108006,6,26.3,2.99992,-1.68284,1,0.000148639,0.336427,0,1.49012e-05,0.862487,0,0.00829258,7,26.3,2.99764,-2.97874,1,0.00559576,-0.115741,0,-0.00296533,0.40777,0,0.0060885,8,26.3,1.99966,-1.13499,1,-0.0166742,-0.0882689,0,-0.0311062,-0.982583,0,0.0111491,9,26.3,-3,-3,1,0,0,0,0,0,0,0.0065005,10,26.3,1,2.00393,1,-1.79745e-05,-0.0183959,0,5.58794e-05,0.0220984,0,0.0125815,11,26.3,-1.99999,2,1,-1.71363e-05,4.30271e-05,0,1.49012e-05,-8.19564e-05,0,0.00989238,12,26.3,3,1.99803,1,0,-0.0934975,0,0,0.369705,0,0.00451797,13,26.3,-0.999998,2.00001,1,-4.47035e-06,1.60187e-05,0,0,-4.47035e-05,0,0.00990957,14,26.3,-2.72065,3,1,0.5,0,0,0,0,0,0.00474366,15,26.3,-2.99933,-2,1,-0.00323169,2.79397e-05,0,0.00922382,-4.47035e-05,0,0.00791143,16,26.3,-2.4519,-0.777725,1,-0.499947,0.497689,0,0.00211596,0.0683442,0,0.00816076,17,26.3,0.986314,-3,1,-0.0027651,0,0,0.140145,0,0,0.00736003,18,26.3,-2.0001,-2.40929,1,0.00055097,-0.5,0,-0.00102818,0,0,0.00774401,19,26.3,-1.00001,3,1,2.79397e-06,0,0,5.21541e-05,0,0,0.00476696,20,26.3,0.0179566,-1.00165,1,-0.154191,0.0112709,0,0.434944,-0.0181049,0,0.0111876,21,26.3,1.98755,-3,1,0.024063,0,0,0.0418499,0,0,0.00584376,22,26.3,1.1247,-0.999922,1,0.0774665,0.00047544,0,0.930734,0.00340864,0,0.0142584,23,26.3,-0.3548,1.00044,1,-0.297728,0.000216812,0,0.191286,-0.00143051,0,0.0160674,24,26.3,0.647611,-1.9323,1,0.488015,0.267268,0,-0.106305,0.202328,0,0.0130845,25,26.3,0.999995,3,1,-4.93601e-06,-1.41561e-05,0,4.84288e-05,-2.98023e-05,0,0.00770947,26,26.3,-3,2.20022,1,0,0.483823,0,0,0.226766,0,0.00749982,27,26.3,-1.59636,-0.984997,1,-0.499229,0.000701007,0,0.020653,-0.113767,0,0.0121651,28,26.3,1.83517,0.9986,1,-0.5,0.016983,0,7.45058e-06,-0.0421852,0,0.0101668,29,26.3,1.00158,-0.0170362,1,-0.00127815,0.00245478,0,-0.00882149,0.155665,0,0.0137109,30,26.3,-2,-0.000343982,1,0,-0.001567,0,0,0.00739635,0,0.0106332,31,26.3,2.02035,1.72239,1,0.0844285,-0.324919,0,0.132591,-0.77334,0,0.0135612,32,26.3,-3,1.0735,1,0,0.5,0,0,-7.45058e-06,0,0.00712414,33,26.3,2.99769,1.01613,1,0.00536591,-0.147902,0,-0.00229478,0.427023,0,0.00637728,34,26.3,-1.01701,-2.00001,1,0.00297558,-1.41561e-05,0,0.153624,0.000178814,0,0.0161447,35,26.3,-0.999338,0.653601,1,-0.00182595,-0.325129,0,-0.00190735,0.224497,0,0.0165154
0,26.4,0.000500696,0.355593,1,0.000267226,0.337742,0,-0.00133197,-0.309557,0,0.0159586,1,26.4,2.00305,-0.000981946,1,0.00252724,0.00235466,0,-0.0305176,0.000518919,0,0.0131194,2,26.4,-0.626503,0.00112351,1,0.29875,-0.00282981,0,-0.216663,-0.00255779,0,0.0142605,3,26.4,-2.18636,0.997762,1,-0.34219,-0.0185594,0,-0.572681,-0.116885,0,0.0103758,4,26.4,2.03269,-2.00134,1,0.5,0.0132501,0,0,-0.0240803,0,0.00869898,5,26.4,-0.0128117,-2.4476,1,-0.0407869,0.5,0,0.234721,0,0,0.0106163,6,26.4,2.99994,-1.64523,1,0.000143051,0.412047,0,-0.000119209,0.640512,0,0.00805534,7,26.4,2.99818,-2.98838,1,0.0051558,-0.0781357,0,-0.00548363,0.342369,0,0.00667448,8,26.4,1.99779,-1.14863,1,-0.0212431,-0.183257,0,-0.0570416,-0.903487,0,0.0113646,9,26.4,-3,-3,1,0,0,0,0,0,0,0.00656101,10,26.4,1,2.00221,1,-1.3411e-05,-0.015837,0,5.96046e-05,0.0286102,0,0.011211,11,26.4,-2,2.00001,1,-1.49012e-05,3.57628e-05,0,0,-0.000119209,0,0.00953844,12,26.4,3,1.99043,1,0,-0.0594378,0,0,0.310779,0,0.00667499,13,26.4,-0.999999,2.00001,1,-2.98023e-06,1.78814e-05,0,-2.98023e-05,-0.000238419,0,0.00997181,14,26.4,-2.67065,3,1,0.5,0,0,0,0,0,0.00381774,15,26.4,-2.99961,-2,1,-0.0023365,2.38419e-05,0,0.00870228,-5.96046e-05,0,0.00676748,16,26.4,-2.50187,-0.727783,1,-0.499153,0.5,0,0.0168085,2.98023e-05,0,0.00892728,17,26.4,0.986664,-3,1,0.00904649,0,0,0.0969172,0,0,0.00730201,18,26.4,-2.00005,-2.45929,1,0.000447035,-0.5,0,-0.000953674,0,0,0.00951697,19,26.4,-1.00001,3,1,5.96046e-06,0,0,5.96046e-05,0,0,0.00501134,20,26.4,0.00464059,-1.00062,1,-0.112891,0.00929534,0,0.389349,-0.0210106,0,0.0104442,21,26.4,1.99011,-3,1,0.0266165,0,0,0.0104904,0,0,0.0054126,22,26.4,1.1369,-0.999854,1,0.164393,0.000929832,0,0.797391,0.00581145,0,0.013885,23,26.4,-0.383591,1.00046,1,-0.277758,8.34465e-05,0,0.211179,-0.00119209,0,0.0152113,24,26.4,0.69578,-1.90456,1,0.474304,0.287488,0,-0.169277,0.194371,0,0.0126595,25,26.4,0.999995,3,1,0,-1.78814e-05,0,2.98023e-05,0,0,0.00726294,26,26.4,-3,2.24942,1,0,0.497216,0,0,0.0556707,0,0.00663079,27,26.4,-1.64611,-0.985437,1,-0.494951,-0.00891984,0,0.0687242,-0.0795424,0,0.0123604,28,26.4,1.78517,1.00009,1,-0.500003,0.0129431,0,5.96046e-05,-0.038445,0,0.0108323,29,26.4,1.00142,-0.0161023,1,-0.00198483,0.0153556,0,-0.00542402,0.103525,0,0.0114915,30,26.4,-2,-0.000465388,1,0,-0.000878909,0,0,0.00633078,0,0.00957741,31,26.4,2.02929,1.68622,1,0.0927746,-0.39624,0,0.0348091,-0.637889,0,0.0126524,32,26.4,-3,1.1235,1,0,0.500003,0,0,-5.96046e-05,0,0.00718459,33,26.4,2.99821,1.0034,1,0.00498891,-0.10746,0,-0.00500679,0.380218,0,0.00698314,34,26.4,-1.01603,-2.00001,1,0.0156879,0,0,0.101745,0.000238419,0,0.0155219,35,26.4,-0.999527,0.622273,1,-0.00192374,-0.300838,0,-0.000238419,0.261039,0,0.0150778
0,26.5,0.000519861,0.3879,1,0.000110527,0.309045,0,-0.00166934,-0.270614,0,0.0159586,1,26.5,2.00316,-0.000746903,1,-0.000178441,0.0023182,0,-0.0236183,-0.00116195,0,0.0131194,2,26.5,-0.597676,0.000833145,1,0.278023,-0.0029288,0,-0.202749,0.00036203,0,0.0142605,3,26.5,-2.22341,0.995273,1,-0.398044,-0.0315071,0,-0.52768,-0.135068,0,0.0103758,4,26.5,2.08269,-2.00013,1,0.5,0.0108188,0,0,-0.0243858,0,0.00869898,5,26.5,-0.0158022,-2.39763,1,-0.019856,0.498853,0,0.184754,-0.0276566,0,0.0106163,6,26.5,2.99995,-1.60128,1,0.000129268,0.462574,0,-0.000163913,0.377156,0,0.00805534,7,26.5,2.99867,-2.9946,1,0.00450388,-0.0474952,0,-0.00736117,0.26986,0,0.00667448,8,26.5,1.99524,-1.17128,1,-0.0309069,-0.267745,0,-0.127092,-0.783361,0,0.0113646,9,26.5,-3,-3,1,0,0,0,0,0,0,0.00656101,10,26.5,0.999999,2.00078,1,-8.00937e-06,-0.0128236,0,4.47035e-05,0.0311583,0,0.011211,11,26.5,-2,2.00001,1,-1.39698e-05,2.38419e-05,0,2.23517e-05,-0.000119209,0,0.00953844,12,26.5,3,1.98593,1,0,-0.0314653,0,0,0.248939,0,0.00667499,13,26.5,-0.999999,2.00001,1,-5.02914e-06,-1.11759e-06,0,-7.45058e-06,-0.000163913,0,0.00997181,14,26.5,-2.62065,3,1,0.5,0,0,0,0,0,0.00381774,15,26.5,-2.9998,-2,1,-0.00152774,1.78814e-05,0,0.00740588,-5.96046e-05,0,0.00676748,16,26.5,-2.55163,-0.677783,1,-0.495264,0.5,0,0.0617802,0,0,0.00892728,17,26.5,0.987987,-3,1,0.0167903,0,0,0.0590831,0,0,0.00730201,18,26.5,-2.00001,-2.50929,1,0.00035204,-0.5,0,-0.000938773,0,0,0.00951697,19,26.5,-1.00001,3,1,1.08033e-05,0,0,2.98023e-05,0,0,0.00501134,20,26.5,-0.00479177,-0.999799,1,-0.0766767,0.00715395,0,0.334164,-0.021521,0,0.0104442,21,26.5,1.99278,-3,1,0.0264404,0,0,-0.0127181,0,0,0.0054126,22,26.5,1.15722,-0.999687,1,0.240654,0.00280561,0,0.716127,0.0296347,0,0.013885,23,26.5,-0.410362,1.00046,1,-0.258021,-4.67524e-05,0,0.188794,-0.00130385,0,0.0152113,24,26.5,0.74221,-1.87486,1,0.452837,0.306181,0,-0.257511,0.173852,0,0.0126595,25,26.5,0.999995,2.99999,1,2.6077e-06,-1.60187e-05,0,2.23517e-05,4.47035e-05,0,0.00726294,26,26.5,-3,2.29931,1,0,0.499826,0,0,0.00695884,0,0.00663079,27,26.5,-1.69549,-0.986673,1,-0.494286,-0.0153122,0,-0.0327602,-0.0493154,0,0.0123604,28,26.5,1.73517,1.0012,1,-0.5,0.00931714,0,7.45058e-06,-0.0340417,0,0.0108323,29,26.5,1.0012,-0.0141272,1,-0.0023758,0.0234006,0,-0.00249594,0.0588413,0,0.0114915,30,26.5,-2,-0.000523693,1,0,-0.000308016,0,0,0.0050817,0,0.00957741,31,26.5,2.0385,1.64375,1,0.0891879,-0.449663,0,-0.0988543,-0.429161,0,0.0126524,32,26.5,-3,1.1735,1,0,0.5,0,0,-7.45058e-06,0,0.00718459,33,26.5,2.99868,0.994466,1,0.00438429,-0.0721863,0,-0.00689924,0.324592,0,0.00698314,34,26.5,-1.01403,-2.00001,1,0.0235716,1.8999e-05,0,0.0574067,0.000163913,0,0.0155219,35,26.5,-0.999717,0.593437,1,-0.00185529,-0.276319,0,0.00144169,0.234421,0,0.0150778
0,26.6,0.000522912,0.417475,1,-4.35306e-05,0.282579,0,-0.00131331,-0.262886,0,0.0172864,1,26.6,2.00304,-0.000523072,1,-0.00220537,0.0021386,0,-0.0168085,-0.00235293,0,0.013747,2,26.6,-0.570896,0.000545413,1,0.257404,-0.00279707,0,-0.212699,0.00209203,0,0.0144074,3,26.6,-2.26567,0.991465,1,-0.445122,-0.0443459,0,-0.404358,-0.116378,0,0.0119883,4,26.6,2.13269,-1.99917,1,0.5,0.00840127,0,0,-0.0237823,0,0.00842476,5,26.6,-0.0169409,-2.34796,1,-0.00366471,0.493652,0,0.139927,-0.0798702,0,0.00961631,6,26.6,2.99996,-1.55351,1,0.000113249,0.489292,0,-0.000238419,0.168145,0,0.00879213,7,26.6,2.99908,-2.99812,1,0.00371933,-0.0241756,0,-0.00834465,0.196815,0,0.00593356,8,26.6,1.99146,-1.20175,1,-0.0450104,-0.339475,0,-0.147521,-0.649631,0,0.0132411,9,26.6,-3,-3,1,0,0,0,0,0,0,0.00690358,10,26.6,0.999998,1.99965,1,-2.98023e-06,-0.00969172,0,0,0.0309944,0,0.00975649,11,26.6,-2,2.00001,1,-1.49012e-05,1.19209e-05,0,0.000119209,0,0,0.0096522,12,26.6,3,1.98393,1,0,-0.00956655,0,0,0.189602,0,0.0058926,13,26.6,-1,2.00001,1,-5.96046e-06,-1.78814e-05,0,0,0,0,0.0093922,14,26.6,-2.57065,3,1,0.5,0,0,0,0,0,0.00426203,15,26.6,-2.99992,-1.99999,1,-0.000864267,8.9407e-06,0,0.00584126,0,0,0.00776056,16,26.6,-2.60076,-0.627783,1,-0.486678,0.5,0,0.110626,2.98023e-05,0,0.00869274,17,26.6,0.989907,-3,1,0.0210866,0,0,0.0279248,0,0,0.00747402,18,26.6,-1.99998,-2.55929,1,0.00025928,-0.5,0,-0.000834465,0,0,0.00936136,19,26.6,-1.00001,3,1,1.49012e-05,0,0,0,0,0,0.00462476,20,26.6,-0.0108851,-0.99919,1,-0.0461646,0.00504404,0,0.275787,-0.0204444,0,0.0119501,21,26.6,1.99533,-3,1,0.0243127,0,0,-0.0287294,0,0,0.00569892,22,26.6,1.18466,-0.999233,1,0.30562,0.00647008,0,0.575006,0.0419319,0,0.0127036,23,26.6,-0.435222,1.00045,1,-0.239132,-0.000160933,0,0.192448,-0.000834465,0,0.0182129,24,26.6,0.786078,-1.84344,1,0.423312,0.321263,0,-0.330359,0.123441,0,0.0133998,25,26.6,0.999995,2.99999,1,4.47035e-06,-1.78814e-05,0,0,0.000238419,0,0.00812047,26,26.6,-3,2.34931,1,0,0.5,0,0,0,0,0.0058484,27,26.6,-1.74511,-0.988408,1,-0.498134,-0.0189766,0,-0.033319,-0.0248253,0,0.0118314,28,26.6,1.68517,1.00197,1,-0.500003,0.00613928,0,5.96046e-05,-0.0295043,0,0.00947401,29,26.6,1.00095,-0.0115566,1,-0.0025034,0.0274099,0,-0.000178814,0.0227383,0,0.00986744,30,26.6,-2,-0.000531183,1,0,0.000137328,0,0,0.00382951,0,0.0114945,31,26.6,2.04676,1.59698,1,0.0744522,-0.482377,0,-0.189066,-0.229657,0,0.0115742,32,26.6,-3,1.2235,1,0,0.500003,0,0,-5.96046e-05,0,0.00653887,33,26.6,2.99908,0.988774,1,0.00363588,-0.0426278,0,-0.0077486,0.266373,0,0.00664257,34,26.6,-1.01145,-2.00001,1,0.0274539,2.98023e-05,0,0.0215769,0,0,0.0115828,35,26.6,-0.999894,0.566966,1,-0.00166744,-0.253108,0,0.00223517,0.233144,0,0.0149124
0,26.7,0.000511747,0.444524,1,-0.000179501,0.259271,0,-0.00130003,-0.210367,0,0.0172864,1,26.7,2.00274,-0.000322361,1,-0.00356846,0.00186349,0,-0.0105947,-0.00308119,0,0.013747,2,26.7,-0.546135,0.000279174,1,0.238501,-0.00250254,0,-0.171803,0.00360582,0,0.0144074,3,26.7,-2.31195,0.986633,1,-0.477897,-0.0505671,0,-0.248253,-0.013195,0,0.0119883,4,26.7,2.18269,-1.99845,1,0.5,0.0061268,0,0,-0.0216588,0,0.00842476,5,26.7,-0.0166755,-2.2991,1,0.00831668,0.482438,0,0.100521,-0.146911,0,0.00961631,6,26.7,2.99997,-1.504,1,9.12696e-05,0.498755,0,-0.000193715,0.0382736,0,0.00879213,7,26.7,2.99941,-2.99967,1,0.00287704,-0.00792593,0,-0.00838935,0.129819,0,0.00593356,8,26.7,1.98643,-1.23893,1,-0.0535896,-0.403267,0,-0.0298098,-0.598364,0,0.0132411,9,26.7,-3,-3,1,0,0,0,0,0,0,0.00690358,10,26.7,0.999998,1.99883,1,-2.51457e-06,-0.00669714,0,1.11759e-05,0.0286624,0,0.00975649,11,26.7,-2,2.00001,1,-5.40167e-06,1.00583e-05,0,8.19564e-05,-4.47035e-05,0,0.0096522,12,26.7,3,1.98383,1,0,0.00656974,0,0,0.134267,0,0.0058926,13,26.7,-1,2,1,-5.7742e-06,-1.75089e-05,0,7.45058e-06,1.49012e-05,0,0.0093922,14,26.7,-2.52065,3,1,0.5,0,0,0,0,0,0.00426203,15,26.7,-2.99998,-1.99999,1,-0.000366941,8.00937e-06,0,0.00412762,-2.23517e-05,0,0.00776056,16,26.7,-2.6485,-0.577783,1,-0.464561,0.5,0,0.320867,0,0,0.00869274,17,26.7,0.992112,-3,1,0.0226012,0,0,0.0035055,0,0,0.00747402,18,26.7,-1.99996,-2.60923,1,0.000180118,-0.498258,0,-0.000752509,0.0391603,0,0.00936136,19,26.7,-1,3,1,1.47149e-05,0,0,-7.45058e-06,0,0,0.00462476,20,26.7,-0.0142229,-0.998784,1,-0.0215821,0.00310997,0,0.216359,-0.0181086,0,0.0119501,21,26.7,1.9976,-3,1,0.0209255,0,0,-0.0380799,0,0,0.00569892,22,26.7,1.218,-0.998178,1,0.36024,0.0162835,0,0.513598,0.141304,0,0.0127036,23,26.7,-0.458265,1.00043,1,-0.222462,-0.000246987,0,0.147723,-0.000789762,0,0.0182129,24,26.7,0.826645,-1.8107,1,0.386985,0.333583,0,-0.392515,0.116952,0,0.0133998,25,26.7,0.999996,2.99999,1,4.47035e-06,1.11759e-06,0,0,0.000163913,0,0.00812047,26,26.7,-3,2.39931,1,0,0.5,0,0,0,0,0.0058484,27,26.7,-1.79503,-0.9904,1,-0.499833,-0.020577,0,-0.00566244,-0.00782311,0,0.0118314,28,26.7,1.63517,1.00245,1,-0.5,0.00345651,0,7.45058e-06,-0.0242069,0,0.00947401,29,26.7,1.0007,-0.0087514,1,-0.0024287,0.028235,0,0.00157207,-0.00484114,0,0.00986744,30,26.7,-2,0.000530615,1,2.34693e-05,0.0302802,0,0.000849366,0.555404,0,0.0114945,31,26.7,2.05316,1.54788,1,0.0528727,-0.497059,0,-0.237033,-0.0747517,0,0.0115742,32,26.7,-3,1.2735,1,0,0.5,0,0,-7.45058e-06,0,0.00653887,33,26.7,2.9994,0.985744,1,0.00284314,-0.018956,0,-0.00795722,0.207614,0,0.00664257,34,26.7,-1.00865,-2.00001,1,0.0281803,2.83122e-05,0,-0.00566244,-2.98023e-05,0,0.0115828,35,26.7,-1.00005,0.542721,1,-0.00140062,-0.232634,0,0.0029467,0.183057,0,0.0149124
0,26.8,0.000488038,0.469439,1,-0.000285274,0.239296,0,-0.000738859,-0.194147,0,0.0169279,1,26.8,2.00234,-0.000152151,1,-0.00435114,0.00153485,0,-0.00536442,-0.00343489,0,0.011367,2,26.8,-0.523119,4.81285e-05,1,0.221951,-0.00211051,0,-0.163674,0.00408141,0,0.0151543,3,26.8,-2.36072,0.981646,1,-0.495017,-0.0479564,0,-0.099659,0.0608265,0,0.00910944,4,26.8,2.23269,-1.99794,1,0.5,0.00407398,0,0,-0.0192523,0,0.0106078,5,26.8,-0.0154007,-2.25172,1,0.0166041,0.463903,0,0.066054,-0.225067,0,0.0111054,6,26.8,2.99998,-1.45403,1,7.15256e-05,0.500003,0,-0.000238419,-5.96046e-05,0,0.0114215,7,26.8,2.99966,-2.99991,1,0.00206828,0.00219941,0,-0.0077486,0.0749826,0,0.00631393,8,26.8,1.98108,-1.28199,1,-0.0520587,-0.454998,0,0.0553131,-0.422597,0,0.0127379,9,26.8,-3,-3,1,0,0,0,0,0,0,0.00648,10,26.8,0.999998,1.9983,1,-2.98023e-06,-0.00400245,0,5.96046e-05,0.025034,0,0.0107782,11,26.8,-2,2.00001,1,0,5.96046e-06,0,0.000119209,0,0,0.00883043,12,26.8,3,1.98507,1,0,0.0175208,0,0,0.0859499,0,0.00588049,13,26.8,-1,2,1,-5.96046e-06,-1.78814e-05,0,5.96046e-05,0.000119209,0,0.00843333,14,26.8,-2.47065,3,1,0.5,0,0,0,0,0,0.00631537,15,26.8,-3,-1.99999,1,-3.57628e-05,2.98023e-06,0,0.0026226,5.96046e-05,0,0.0109824,16,26.8,-2.69308,-0.527783,1,-0.424552,0.5,0,0.469565,1.43051e-05,0,0.00779454,17,26.8,0.994357,-3,1,0.0220016,0,0,-0.0144541,0,0,0.00814579,18,26.8,-1.99995,-2.65877,1,0.000110269,-0.491434,0,-0.000655651,0.100493,0,0.00971395,19,26.8,-1,3,1,1.19209e-05,0,0,5.96046e-05,0,0,0.00488497,20,26.8,-0.0153941,-0.998559,1,-0.00276999,0.00144243,0,0.160617,-0.0151992,0,0.0120294,21,26.8,1.99949,-3,1,0.0168681,0,0,-0.0424385,0,0,0.00570097,22,26.8,1.25646,-0.995768,1,0.407666,0.0323981,0,0.432134,0.170648,0,0.0130318,23,26.8,-0.479801,1.0004,1,-0.208431,-0.000303984,0,0.137702,-0.000238419,0,0.0164673,24,26.8,0.863304,-1.77681,1,0.345512,0.343591,0,-0.433624,0.0786185,0,0.0118232,25,26.8,0.999996,2.99999,1,5.96046e-06,5.96046e-06,0,-2.98023e-05,0.000238419,0,0.00768796,26,26.8,-3,2.44931,1,0,0.5,0,0,0,0,0.00648805,27,26.8,-1.84502,-0.992473,1,-0.500003,-0.0206634,0,5.96046e-05,0.00551343,0,0.0136195,28,26.8,1.58517,1.00268,1,-0.500003,0.00128448,0,5.96046e-05,-0.0193715,0,0.00966635,29,26.8,1.00047,-0.00598803,1,-0.00220537,0.0267042,0,0.00274181,-0.0245437,0,0.0110188,30,26.8,-1.99999,0.00694536,1,0.000229478,0.103175,0,0.00351667,0.865673,0,0.0108624,31,26.8,2.05722,1.49797,1,0.028044,-0.5,0,-0.25475,0,0,0.0119046,32,26.8,-3,1.3235,1,0,0.500003,0,0,-5.96046e-05,0,0.00795346,33,26.8,2.99965,0.984793,1,0.00206232,-0.000970066,0,-0.00739098,0.152826,0,0.00516492,34,26.8,-1.00589,-2.00001,1,0.0265837,2.38419e-05,0,-0.025034,0,0,0.0147197,35,26.8,-1.00017,0.520334,1,-0.00110567,-0.215349,0,0.00292063,0.16737,0,0.0145153
0,26.9,0.000455767,0.492548,1,-0.000357965,0.224127,0,-0.000611031,-0.119019,0,0.0169279,1,26.9,2.00189,-1.59811e-05,1,-0.00465699,0.0011882,0,-0.000938773,-0.00345628,0,0.011367,2,26.9,-0.501601,-0.000141385,1,0.209566,-0.00167282,0,-0.0935588,0.0045016,0,0.0151543,3,26.9,-2.41053,0.976933,1,-0.499688,-0.0483088,0,-0.0124574,-0.0598505,0,0.00910944,4,26.9,2.28269,-1.99763,1,0.5,0.00225101,0,0,-0.0171289,0,0.0106078,5,26.9,-0.0134632,-2.20662,1,0.0216406,0.436385,0,0.0357216,-0.321776,0,0.0111054,6,26.9,2.99999,-1.40439,1,4.99189e-05,0.489426,0,-0.000178814,-0.203602,0,0.0114215,7,26.9,2.99983,-2.99939,1,0.00134781,0.00760257,0,-0.00658631,0.0351369,0,0.00631393,8,26.9,1.97587,-1.32923,1,-0.0545362,-0.486025,0,-0.0975803,-0.203542,0,0.0127379,9,26.9,-3,-3,1,0,0,0,0,0,0,0.00648,10,26.9,0.999998,1.99802,1,1.76951e-06,-0.00172108,0,4.09782e-05,0.0205338,0,0.0107782,11,26.9,-2,2.00001,1,8.75443e-06,4.47035e-06,0,6.70552e-05,-2.98023e-05,0,0.00883043,12,26.9,3,1.98718,1,0,0.0240101,0,0,0.0452772,0,0.00588049,13,26.9,-1,2,1,-9.31323e-07,-7.82311e-06,0,3.72529e-05,7.45058e-05,0,0.00843333,14,26.9,-2.42097,3,1,0.490707,0,0,-0.180006,0,0,0.00631537,15,26.9,-2.99999,-1.99999,1,0.000160933,6.51926e-06,0,0.00137091,2.23517e-05,0,0.0109824,16,26.9,-2.73265,-0.477783,1,-0.361977,0.5,0,0.758141,-1.78814e-06,0,0.00779454,17,26.9,0.996463,-3,1,0.0199176,0,0,-0.0263304,0,0,0.00814579,18,26.9,-1.99994,-2.70729,1,5.01052e-05,-0.477767,0,-0.000543892,0.174761,0,0.00971395,19,26.9,-1,3,1,1.56462e-05,0,0,2.98023e-05,0,0,0.00488497,20,26.9,-0.0149557,-0.998485,1,0.0106907,8.91276e-05,0,0.109799,-0.011865,0,0.0120294,21,26.9,2.00097,-3,1,0.0126075,0,0,-0.0422448,0,0,0.00570097,22,26.9,1.29933,-0.991874,1,0.44851,0.0436212,0,0.368841,0.0590049,0,0.0130318,23,26.9,-0.500097,1.00037,1,-0.198636,-0.000330247,0,0.067953,-0.000186265,0,0.0164673,24,26.9,0.895649,-1.74167,1,0.301072,0.362553,0,-0.452291,0.279233,0,0.0118232,25,26.9,0.999997,3,1,3.53903e-06,1.9744e-05,0,-1.49012e-05,4.47035e-05,0,0.00768796,26,26.9,-3,2.49921,1,0,0.496851,0,0,-0.0671297,0,0.00648805,27,26.9,-1.89502,-0.994495,1,-0.5,-0.0196285,0,7.45058e-06,0.0147335,0,0.0136195,28,26.9,1.53517,1.00272,1,-0.5,-0.000423193,0,7.45058e-06,-0.0148565,0,0.00966635,29,26.9,1.00026,-0.00346356,1,-0.00189189,0.0235798,0,0.00346452,-0.036888,0,0.0110188,30,26.9,-1.99995,0.0218514,1,0.000493228,0.196878,0,0.00181794,0.983209,0,0.0108624,31,26.9,2.05878,1.44797,1,0.00355616,-0.499999,0,-0.233203,2.23517e-05,0,0.0119046,32,26.9,-3,1.3735,1,0,0.499996,0,0,-0.000149012,0,0.00795346,33,26.9,2.99982,0.985375,1,0.00136681,0.0117727,0,-0.0064522,0.10325,0,0.00516492,34,26.9,-1.00338,-2,1,0.0234224,2.23517e-05,0,-0.0371337,-2.98023e-05,0,0.0147197,35,26.9,-1.00027,0.499486,1,-0.000803173,-0.202879,0,0.00298023,0.0918005,0,0.0145153
0,27,0.000417831,0.514424,1,-0.000389657,0.213802,0,5.14847e-05,-0.0946522,0,0.0167866,1,27,2.00142,8.58099e-05,1,-0.00457764,0.000850967,0,0.0026226,-0.00325646,0,0.0118146,2,27,-0.48106,-0.000286632,1,0.201593,-0.0012402,0,-0.072822,0.00402149,0,0.0167253,3,27,-2.46052,0.971659,1,-0.5,-0.0584275,0,0,-0.13563,0,0.00985475,4,27,2.33269,-1.99748,1,0.5,0.000658631,0,0,-0.0146031,0,0.00863265,5,27,-0.0111635,-2.16473,1,0.0239494,0.400239,0,0.0114217,-0.397444,0,0.011863,6,27,2.99999,-1.35675,1,3.57628e-05,0.460812,0,-0.000119209,-0.361264,0,0.00828494,7,27,2.99993,-2.9985,1,0.000756979,0.00961423,0,-0.00524521,0.00691414,0,0.00566882,8,27,1.96973,-1.37855,1,-0.0701457,-0.497735,0,-0.207663,-0.0452995,0,0.0143401,9,27,-3,-3,1,0,0,0,0,0,0,0.00624645,10,27,0.999998,1.99794,1,4.47035e-06,0.000101328,0,2.98023e-05,0.0158548,0,0.0109108,11,27,-2,2.00001,1,1.19209e-05,0,0,0,0,0,0.00827009,12,27,3,1.98975,1,0,0.0268519,0,0,0.0129938,0,0.00608355,13,27,-1,2,1,0,-5.96046e-06,0,5.96046e-05,0.000119209,0,0.00986268,14,27,-2.37305,3,1,0.465149,0,0,-0.325203,0,0,0.00403148,15,27,-2.99997,-1.99999,1,0.00025034,5.96046e-06,0,0.000476837,0,0,0.00997612,16,27,-2.76474,-0.427783,1,-0.277334,0.5,0,0.914574,-1.43051e-05,0,0.0104352,17,27,0.998309,-3,1,0.0169024,0,0,-0.0332296,0,0,0.00821961,18,27,-1.99994,-2.75406,1,0,-0.456226,0,-0.000417233,0.257015,0,0.0100266,19,27,-1,3,1,1.49012e-05,0,0,2.98023e-05,0,0,0.00431027,20,27,-0.0134132,-0.99853,1,0.019433,-0.000934303,0,0.0662771,-0.00858307,0,0.0111327,21,27,2.00202,-3,1,0.00851154,0,0,-0.0392199,0,0,0.00574537,22,27,1.34582,-0.987366,1,0.479192,0.0451803,0,0.23818,-0.0231564,0,0.0122217,23,27,-0.519671,1.00034,1,-0.193158,-0.000324845,0,0.0487268,0.000357628,0,0.0162154,24,27,0.923484,-1.70383,1,0.255594,0.395527,0,-0.454754,0.362694,0,0.0115334,25,27,0.999997,3,1,2.98023e-06,1.78814e-05,0,-2.98023e-05,0,0,0.0078129,26,27,-3,2.54842,1,0,0.485909,0,0,-0.154138,0,0.00727797,27,27,-1.94502,-0.996372,1,-0.500003,-0.0178024,0,5.96046e-05,0.0213385,0,0.0130499,28,27,1.48517,1.00261,1,-0.500003,-0.00169873,0,5.96046e-05,-0.010848,0,0.00917435,29,27,1.00009,-0.00130313,1,-0.00152886,0.0195201,0,0.00372529,-0.0434291,0,0.0107845,30,27,-1.9999,0.0465057,1,0.000604987,0.296458,0,0.000536442,1,0,0.0123195,31,27,2.05802,1.39797,1,-0.0182807,-0.499988,0,-0.202298,0.000178814,0,0.00962751,32,27,-3,1.42349,1,0,0.499943,0,0,-0.00119209,0,0.00920313,33,27,2.99993,0.986995,1,0.000780821,0.0199258,0,-0.00500679,0.0609756,0,0.00609292,34,27,-1.00124,-2,1,0.0193477,1.78814e-05,0,-0.0434518,0,0,0.0132704,35,27,-1.00033,0.479598,1,-0.000530481,-0.195293,0,0.00232458,0.0671148,0,0.0152538
0,27.1,0.000379026,0.535503,1,-0.000384462,0.209229,0,0.000167263,-0.00699982,0,0.0167866,1,27.1,2.00098,0.000155215,1,-0.0041943,0.000543486,0,0.00490248,-0.00287589,0,0.0118146,2,27.1,-0.461097,-0.000390685,1,0.199103,-0.000845992,0,0.0128169,0.00371712,0,0.0167253,3,27.1,-2.51052,0.964897,1,-0.499975,-0.0789507,0,0.000983477,-0.263762,0,0.00985475,4,27.1,2.38227,-1.99748,1,0.487769,-0.000667199,0,-0.234008,-0.0118762,0,0.00863265,5,27.1,-0.00874393,-2.12678,1,0.0241379,0.357826,0,-0.00681215,-0.44772,0,0.011863,6,27.1,2.99999,-1.31297,1,2.57045e-05,0.410319,0,-7.45058e-05,-0.626326,0,0.00828494,7,27.1,2.99998,-2.99754,1,0.000313669,0.00933595,0,-0.00363588,-0.0111312,0,0.00566882,8,27.1,1.96122,-1.42846,1,-0.104173,-0.499858,0,-0.455298,-0.00566244,0,0.0143401,9,27.1,-3,-3,1,0,0,0,0,0,0,0.00624645,10,27.1,0.999999,1.99802,1,6.51926e-06,0.00145193,0,7.45058e-06,0.011228,0,0.0109108,11,27.1,-2,2.00001,1,1.09896e-05,-1.49012e-06,0,-2.23517e-05,-2.98023e-05,0,0.00827009,12,27.1,3,1.99246,1,0,0.0268769,0,0,-0.0111908,0,0.00608355,13,27.1,-1,2,1,4.84288e-06,3.72529e-06,0,2.98023e-05,5.96046e-05,0,0.00986268,14,27.1,-2.32864,3,1,0.418771,0,0,-0.58192,0,0,0.00403148,15,27.1,-2.99994,-1.99999,1,0.000265613,5.02914e-06,0,-0.00013411,-2.23517e-05,0,0.00997612,16,27.1,-2.78774,-0.377876,1,-0.181338,0.497136,0,0.989318,-0.0600516,0,0.0104352,17,27.1,0.999828,-3,1,0.0134268,0,0,-0.0356995,0,0,0.00821961,18,27.1,-1.99994,-2.79822,1,-3.63216e-05,-0.425471,0,-0.000305474,0.354111,0,0.0100266,19,27.1,-0.999999,3,1,1.6205e-05,0,0,0,0,0,0.00431027,20,27.1,-0.0112018,-0.998661,1,0.0241985,-0.00163624,0,0.0304145,-0.00552461,0,0.0111327,21,27.1,2.00269,-3,1,0.00484027,0,0,-0.0340194,0,0,0.00574537,22,27.1,1.39467,-0.983047,1,0.495366,0.0404342,0,0.0929907,-0.0688471,0,0.0122217,23,27.1,-0.538906,1.00031,1,-0.192928,-0.000294484,0,-0.0338927,0.000365078,0,0.0162154,24,27.1,0.946808,-1.66243,1,0.211306,0.43234,0,-0.429749,0.357352,0,0.0115334,25,27.1,0.999997,3,1,8.3819e-07,1.3411e-05,0,-1.11759e-05,-5.96046e-05,0,0.0078129,26,27.1,-3,2.59559,1,0,0.451589,0,0,-0.507057,0,0.00727797,27,27.1,-1.99502,-0.99804,1,-0.5,-0.0155004,0,7.45058e-06,0.0244454,0,0.0130499,28,27.1,1.43517,1.00239,1,-0.499943,-0.00258312,0,0.00226498,-0.00694394,0,0.00917435,29,27.1,0.999958,0.000427766,1,-0.00115577,0.0150746,0,0.00369549,-0.0448398,0,0.0107845,30,27.1,-1.99984,0.0809318,1,0.000614859,0.389036,0,-0.000290573,0.820288,0,0.0123195,31,27.1,2.05526,1.34811,1,-0.0361439,-0.495713,0,-0.155285,0.0856295,0,0.00962751,32,27.1,-3,1.47299,1,0,0.485346,0,0,-0.276439,0,0.00920313,33,27.1,2.99998,0.989231,1,0.000342354,0.0242284,0,-0.00371039,0.0264347,0,0.00609292,34,27.1,-0.999524,-2,1,0.0149065,1.69501e-05,0,-0.044737,-2.23517e-05,0,0.0132704,35,27.1,-1.00038,0.460231,1,-0.000305474,-0.193505,0,0.00205636,-0.0209659,0,0.0152538
0,27.2,0.000342391,0.556466,1,-0.000336325,0.210574,0,0.000879445,0.0258982,0,0.0172987,1,27.2,2.00059,0.00019593,1,-0.00362992,0.000278573,0,0.00619888,-0.00241183,0,0.0120363,2,27.2,-0.44105,-0.0004582,1,0.20233,-0.000522097,0,0.0436604,0.00265321,0,0.0134524,3,27.2,-2.5605,0.955548,1,-0.499606,-0.109124,0,0.00798702,-0.33018,0,0.00934975,4,27.2,2.42957,-1.99761,1,0.45523,-0.00171661,0,-0.407338,-0.0089407,0,0.00981541,5,27.2,-0.00638848,-2.0933,1,0.0227476,0.311321,0,-0.0202302,-0.479221,0,0.0104077,6,27.2,2.99999,-1.27535,1,1.78814e-05,0.339612,0,-0.000119209,-0.769377,0,0.00989715,7,27.2,3,-2.99668,1,2.38419e-05,0.00763535,0,-0.00226498,-0.0215769,0,0.0055521,8,27.2,1.94824,-1.47846,1,-0.157902,-0.500003,0,-0.603855,5.96046e-05,0,0.0146716,9,27.2,-3,-3,1,0,0,0,0,0,0,0.00669889,10,27.2,0.999999,1.99822,1,7.45058e-06,0.00236034,0,0,0.00709295,0,0.0112939,11,27.2,-2,2.00001,1,8.9407e-06,-5.96046e-06,0,0,0,0,0.0085456,12,27.2,3,1.99506,1,0,0.0248641,0,0,-0.0280738,0,0.00473076,13,27.2,-1,2,1,5.96046e-06,5.96046e-06,0,2.98023e-05,0.000119209,0,0.00873305,14,27.2,-2.28996,3,1,0.352508,0,0,-0.726461,0,0,0.00393209,15,27.2,-2.99992,-1.99999,1,0.000232458,0,0,-0.000476837,5.96046e-05,0,0.00997515,16,27.2,-2.80089,-0.328581,1,-0.0816107,0.487536,0,1.00017,-0.133723,0,0.0119769,17,27.2,1.00099,-3,1,0.00986457,0,0,-0.0351667,0,0,0.00817974,18,27.2,-1.99994,-2.83887,1,-5.96046e-05,-0.38619,0,-0.000238419,0.427604,0,0.0110521,19,27.2,-0.999997,3,1,1.3411e-05,0,0,2.98023e-05,0,0,0.00546012,20,27.2,-0.00867953,-0.998848,1,0.0257817,-0.00205338,0,0.00252433,-0.00289083,0,0.0127586,21,27.2,2.00301,-3,1,0.00174046,0,0,-0.027895,0,0,0.00481007,22,27.2,1.4445,-0.979403,1,0.499716,0.031957,0,0.00566244,-0.0980794,0,0.0110364,23,27.2,-0.558435,1.00028,1,-0.198105,-0.000229478,0,-0.0615716,0.000953674,0,0.0139483,24,27.2,0.96584,-1.61752,1,0.16987,0.464472,0,-0.397921,0.276148,0,0.00954343,25,27.2,0.999997,3,1,0,5.96046e-06,0,0,-0.000119209,0,0.00679038,26,27.2,-3,2.6378,1,0,0.389141,0,0,-0.720739,0,0.00670948,27,27.2,-2.04502,-0.999465,1,-0.5,-0.012961,0,0,0.026077,0,0.00907558,28,27.2,1.3852,1.00211,1,-0.499094,-0.00311136,0,0.0181198,-0.00369549,0,0.00872211,29,27.2,0.999861,0.00171309,1,-0.000798702,0.0106651,0,0.00345707,-0.0428614,0,0.00902952,30,27.2,-1.99978,0.123455,1,0.000551343,0.456273,0,-0.000834465,0.513281,0,0.0110496,31,27.2,2.05095,1.29911,1,-0.0494123,-0.48286,0,-0.110507,0.171125,0,0.00993119,32,27.2,-3,1.51978,1,0,0.447351,0,0,-0.470757,0,0.00882137,33,27.2,3,0.991739,1,4.17233e-05,0.0254765,0,-0.00238419,-0.000268221,0,0.00693808,34,27.2,-0.998255,-2,1,0.0105113,1.19209e-05,0,-0.0426471,0,0,0.0150056,35,27.2,-1.0004,0.440701,1,-0.000143051,-0.197623,0,0.00113249,-0.0531524,0,0.013152
0,27.3,0.000312531,0.578057,1,-0.000262453,0.224711,0,0.000780074,0.233844,0,0.0172987,1,27.3,2.00026,0.000212592,1,-0.00297297,6.32973e-05,0,0.00684708,-0.00189416,0,0.0120363,2,27.3,-0.420197,-0.000497352,1,0.218175,-0.000267929,0,0.250187,0.00224017,0,0.0134524,3,27.3,-2.6103,0.942721,1,-0.495172,-0.149701,0,0.0807494,-0.46676,0,0.00934975,4,27.3,2.47212,-1.99782,1,0.388104,-0.00247322,0,-0.870347,-0.00619888,0,0.00981541,5,27.3,-0.0042313,-2.06459,1,0.0202498,0.262645,0,-0.0290145,-0.490472,0,0.0104077,6,27.3,3,-1.24564,1,7.82311e-06,0.251615,0,-7.45058e-05,-0.958174,0,0.00989715,7,27.3,2.99999,-2.99604,1,-0.000145659,0.0052195,0,-0.00117719,-0.0259727,0,0.0055521,8,27.3,1.92889,-1.52837,1,-0.233258,-0.497548,0,-0.855319,0.0491366,0,0.0146716,9,27.3,-3,-3,1,0,0,0,0,0,0,0.00669889,10,27.3,1,1.99848,1,6.98492e-06,0.00288151,0,-1.11759e-05,0.00345707,0,0.0112939,11,27.3,-2,2.00001,1,8.00937e-06,-6.33299e-06,0,-2.23517e-05,-1.49012e-05,0,0.0085456,12,27.3,3,1.99739,1,0,0.0215119,0,0,-0.0380203,0,0.00473076,13,27.3,-0.999999,2,1,7.72998e-06,1.41561e-05,0,1.11759e-05,2.98023e-05,0,0.00873305,14,27.3,-2.2587,3,1,0.269767,0,0,-0.902638,0,0,0.00393209,15,27.3,-2.9999,-1.99999,1,0.000174344,3.53903e-06,0,-0.000685453,2.23517e-05,0,0.00997515,16,27.3,-2.80405,-0.280685,1,0.0183977,0.468589,0,1.00002,-0.241046,0,0.0119769,17,27.3,1.00181,-3,1,0.00649206,0,0,-0.0320226,0,0,0.00817974,18,27.3,-1.99995,-2.87526,1,-7.82311e-05,-0.340723,0,-0.00013411,0.477836,0,0.0110521,19,27.3,-0.999996,3,1,1.43424e-05,0,0,-7.45058e-06,0,0,0.00546012,20,27.3,-0.00612537,-0.999064,1,0.0249656,-0.00222838,0,-0.0176477,-0.000696629,0,0.0127586,21,27.3,2.00306,-3,1,-0.000713021,0,0,-0.0212193,0,0,0.00481007,22,27.3,1.49449,-0.976725,1,0.499982,0.0213818,0,0.000707805,-0.111375,0,0.0110364,23,27.3,-0.578949,1.00026,1,-0.215555,-0.000151992,0,-0.264436,0.00077486,0,0.0139483,24,27.3,0.98091,-1.5699,1,0.132248,0.486034,0,-0.354391,0.157572,0,0.00954343,25,27.3,0.999997,3,1,9.31323e-08,-3.72529e-06,0,3.72529e-06,-5.96046e-05,0,0.00679038,26,27.3,-3,2.67257,1,0,0.302231,0,0,-0.965089,0,0.00670948,27,27.3,-2.09502,-1.00063,1,-0.5,-0.0103543,0,0,0.0259131,0,0.00907558,28,27.3,1.33545,1.00178,1,-0.494998,-0.00334699,0,0.0689924,-0.00111014,0,0.00872211,29,27.3,0.999797,0.00257254,1,-0.000475161,0.00660329,0,0.00299513,-0.0381059,0,0.00902952,30,27.3,-1.99973,0.171093,1,0.000451691,0.491221,0,-0.00113994,0.198796,0,0.0110496,31,27.3,2.04552,1.25181,1,-0.0583716,-0.461782,0,-0.0691712,0.249937,0,0.00993119,32,27.3,-3,1.5615,1,0,0.38116,0,0,-0.818022,0,0.00882137,33,27.3,2.99999,0.99425,1,-0.000137836,0.0244374,0,-0.0012517,-0.0193454,0,0.00693808,34,27.3,-0.99741,-2,1,0.00647306,1.09896e-05,0,-0.0378489,-2.23517e-05,0,0.0150056,35,27.3,-1.00041,0.42027,1,-3.07336e-05,-0.214448,0,0.000931323,-0.260182,0,0.013152
0,27.4,0.000291264,0.601883,1,-0.000148617,0.253201,0,0.00163155,0.317544,0,0.0144035,1,27.4,2,0.000210302,1,-0.00228584,-0.000100691,0,0.00691414,-0.00138946,0,0.0135189,2,27.4,-0.396945,-0.000514925,1,0.248216,-0.000106936,0,0.332162,0.000840897,0,0.0122642,3,27.4,-2.6593,0.925293,1,-0.483489,-0.199777,0,0.152826,-0.522405,0,0.00929875,4,27.4,2.50624,-1.99809,1,0.292271,-0.00295937,0,-1.00005,-0.00351667,0,0.00989328,5,27.4,-0.00236098,-2.04077,1,0.0170758,0.213927,0,-0.033865,-0.480533,0,0.0102441,6,27.4,3,-1.22538,1,5.96046e-06,0.152877,0,-0.000119209,-0.999987,0,0.00637782,7,27.4,2.99997,-2.99565,1,-0.000220537,0.00256896,0,-0.000476837,-0.026226,0,0.00579002,8,27.4,1.9012,-1.5778,1,-0.320721,-0.490171,0,-0.85938,0.0984669,0,0.0128152,9,27.4,-3,-3,1,0,0,0,0,0,0,0.00824781,10,27.4,1,1.99878,1,5.96046e-06,0.0030756,0,0,0.000536442,0,0.0111619,11,27.4,-2,2.00001,1,5.96046e-06,-5.96046e-06,0,0,-0.000119209,0,0.0100435,12,27.4,3,1.99934,1,0,0.0174344,0,0,-0.0426769,0,0.00442756,13,27.4,-0.999999,2,1,7.45058e-06,1.78814e-05,0,0,0,0,0.00934426,14,27.4,-2.23635,3,1,0.176555,0,0,-0.941634,0,0,0.00434838,15,27.4,-2.99988,-1.99999,1,0.000107288,2.98023e-06,0,-0.000834465,0,0,0.0117129,16,27.4,-2.79721,-0.23518,1,0.118393,0.440132,0,1.00017,-0.324227,0,0.0101275,17,27.4,1.0023,-3,1,0.00350475,0,0,-0.027597,0,0,0.00938359,18,27.4,-1.99996,-2.90688,1,-8.64267e-05,-0.291389,0,-5.96046e-05,0.504851,0,0.0112396,19,27.4,-0.999995,3,1,1.19209e-05,0,0,0,0,0,0.00462368,20,27.4,-0.0037421,-0.999287,1,0.0224757,-0.00221133,0,-0.0311138,0.00101328,0,0.0119165,21,27.4,2.00289,-3,1,-0.00250936,0,0,-0.0149012,0,0,0.00539826,22,27.4,1.54449,-0.975151,1,0.500003,0.0100553,0,-5.96046e-05,-0.113428,0,0.0108461,23,27.4,-0.602005,1.00025,1,-0.246854,-4.17233e-05,0,-0.343084,0.00166893,0,0.0124279,24,27.4,0.992436,-1.52068,1,0.0990123,0.496763,0,-0.310302,0.0622869,0,0.0102156,25,27.4,0.999997,3,1,1.49012e-06,-5.96046e-06,0,-2.98023e-05,-0.000119209,0,0.00750561,26,27.4,-3,2.69786,1,0,0.203109,0,0,-1.00017,0,0.00589203,27,27.4,-2.14502,-1.00154,1,-0.5,-0.00780821,0,0,0.0249147,0,0.00984318,28,27.4,1.28642,1.00144,1,-0.484434,-0.00335276,0,0.145555,0.000953674,0,0.00969596,29,27.4,0.999764,0.00305202,1,-0.000201166,0.00308763,0,0.00244379,-0.0320384,0,0.00865491,30,27.4,-1.99969,0.220816,1,0.000330806,0.499933,0,-0.00137091,0.0013262,0,0.0106167,31,27.4,2.0394,1.20701,1,-0.0633538,-0.433037,0,-0.031352,0.323832,0,0.010686,32,27.4,-3,1.59519,1,0,0.290069,0,0,-0.975609,0,0.00838008,33,27.4,2.99997,0.996574,1,-0.000220537,0.0218242,0,-0.000476837,-0.0319183,0,0.00601673,34,27.4,-0.996942,-1.99999,1,0.00298321,8.9407e-06,0,-0.0317395,-5.96046e-05,0,0.012444,35,27.4,-1.00041,0.397341,1,8.9407e-06,-0.245484,0,-0.000298023,-0.341937,0,0.0122048
0,27.5,0.000282703,0.629013,1,-3.96257e-05,0.291087,0,0.000609205,0.419997,0,0.0144035,1,27.5,1.9998,0.000194102,1,-0.00161566,-0.000215385,0,0.0064224,-0.000914688,0,0.0135189,2,27.5,-0.370246,-0.00052053,1,0.287426,2.32903e-06,0,0.431912,0.00129095,0,0.0122642,3,27.5,-2.70673,0.90232,1,-0.463761,-0.262672,0,0.23891,-0.702187,0,0.00929875,4,27.5,2.53047,-1.9984,1,0.192269,-0.00317693,0,-1,-0.000923872,0,0.00989328,5,27.5,-0.000826079,-2.02174,1,0.0136007,0.167203,0,-0.0351718,-0.451282,0,0.0102441,6,27.5,3,-1.21509,1,-3.72529e-06,0.0528775,0,-5.96046e-05,-1,0,0.00637782,7,27.5,2.99995,-2.99552,1,-0.000238046,6.92904e-05,0,7.45058e-05,-0.0234544,0,0.00579002,8,27.5,1.865,-1.62623,1,-0.400605,-0.477342,0,-0.712171,0.157036,0,0.0128152,9,27.5,-3,-3,1,0,0,0,0,0,0,0.00824781,10,27.5,1,1.99909,1,5.7742e-06,0.00301152,0,-7.45058e-06,-0.00169873,0,0.0111619,11,27.5,-1.99999,2.00001,1,5.02914e-06,-1.56462e-05,0,-2.23517e-05,-5.96046e-05,0,0.0100435,12,27.5,3,2.00087,1,0,0.0131313,0,0,-0.042811,0,0.00442756,13,27.5,-0.999998,2.00001,1,6.89179e-06,1.60187e-05,0,-1.49012e-05,-4.47035e-05,0,0.00934426,14,27.5,-2.22351,3,1,0.079478,0,0,-0.98519,0,0,0.00434838,15,27.5,-2.99988,-1.99999,1,2.79397e-05,2.04891e-06,0,-0.000730157,-2.23517e-05,0,0.0117129,16,27.5,-2.78038,-0.192905,1,0.21819,0.404305,0,0.991553,-0.388349,0,0.0101275,17,27.5,1.00252,-3,1,0.0010144,0,0,-0.0221729,0,0,0.00938359,18,27.5,-1.99997,-2.93347,1,-8.88482e-05,-0.240313,0,7.45058e-06,0.51187,0,0.0112396,19,27.5,-0.999993,3,1,1.07102e-05,0,0,-1.86265e-05,0,0,0.00462368,20,27.5,-0.00166443,-0.999501,1,0.018956,-0.00204733,0,-0.0384391,0.00218675,0,0.0119165,21,27.5,2.00257,-3,1,-0.00369735,0,0,-0.0089854,0,0,0.00539826,22,27.5,1.59447,-0.974693,1,0.499348,-0.000665989,0,-0.0184551,-0.10043,0,0.0108461,23,27.5,-0.628619,1.00025,1,-0.287048,6.61239e-05,0,-0.440676,0.000558794,0,0.0124279,24,27.5,1.00086,-1.47081,1,0.0702422,0.499767,0,-0.265248,0.00870228,0,0.0102156,25,27.5,0.999997,3,1,-5.58794e-07,-1.41561e-05,0,-7.45058e-06,-2.98023e-05,0,0.00750561,26,27.5,-3,2.71317,1,0,0.1031,0,0,-1.00002,0,0.00589203,27,27.5,-2.19502,-1.0022,1,-0.5,-0.00544377,0,0,0.0223517,0,0.00984318,28,27.5,1.2389,1.00112,1,-0.464186,-0.00317562,0,0.256598,0.00251085,0,0.00969596,29,27.5,0.999755,0.00321213,1,1.47149e-05,0.000230366,0,0.00187755,-0.0251012,0,0.00865491,30,27.5,-1.99966,0.270813,1,0.000192598,0.499996,0,-0.00137091,0.000167564,0,0.0106167,31,27.5,2.03298,1.16546,1,-0.0646159,-0.396713,0,0.00482798,0.398539,0,0.010686,32,27.5,-3,1.61927,1,0,0.191212,0,0,-0.996955,0,0.00838008,33,27.5,2.99995,0.998583,1,-0.000238046,0.0182617,0,7.45058e-05,-0.0385232,0,0.00601673,34,27.5,-0.996791,-1.99999,1,0.000154693,3.1665e-06,0,-0.0248291,-5.21541e-05,0,0.012444,35,27.5,-1.00041,0.370867,1,1.71363e-05,-0.285631,0,0.000402331,-0.440819,0,0.0122048
0,27.6,0.000280515,0.660252,1,-1.55218e-05,0.33361,0,-7.5539e-05,0.414789,0,0.0116494,1,27.6,1.99967,0.000168703,1,-0.0010103,-0.000285755,0,0.00572205,-0.000503693,0,0.0108988,2,27.6,-0.339317,-0.000513466,1,0.33102,0.000141596,0,0.424311,0.00145123,0,0.00967268,3,27.6,-2.75179,0.872469,1,-0.436258,-0.334437,0,0.308275,-0.708669,0,0.00789926,4,27.6,2.5447,-1.99872,1,0.092274,-0.00316203,0,-1.00017,0.00113249,0,0.00969973,5,27.6,0.000359178,-2.00721,1,0.0101242,0.124133,0,-0.0339948,-0.408173,0,0.00963391,6,27.6,3,-1.2148,1,-5.96046e-06,-0.0471234,0,0,-0.999987,0,0.00754713,7,27.6,2.99993,-2.99562,1,-0.000208616,-0.00207424,0,0.000357628,-0.0190735,0,0.0060661,8,27.6,1.82178,-1.67309,1,-0.459531,-0.458986,0,-0.456333,0.208974,0,0.0105039,9,27.6,-3,-3,1,0,0,0,0,0,0,0.00610637,10,27.6,1,1.99938,1,5.96046e-06,0.0027597,0,-5.96046e-05,-0.00321865,0,0.0136544,11,27.6,-1.99999,2.00001,1,2.98023e-06,-2.38419e-05,0,0,0.000119209,0,0.00916545,12,27.6,3,2.00197,1,0,0.00896454,0,0,-0.0400543,0,0.00410884,13,27.6,-0.999997,2.00001,1,5.96046e-06,1.19209e-05,0,-2.98023e-05,0,0,0.00974927,14,27.6,-2.22045,3,1,-0.0175178,0,0,-0.940084,0,0,0.00484414,15,27.6,-2.99988,-1.99999,1,-4.17233e-05,0,0,-0.000596046,-5.96046e-05,0,0.0119547,16,27.6,-2.75367,-0.154494,1,0.315017,0.363216,0,0.932336,-0.429884,0,0.0113335,17,27.6,1.00252,-3,1,-0.000926852,0,0,-0.0166893,0,0,0.00841296,18,27.6,-1.99998,-2.95497,1,-8.34465e-05,-0.1899,0,0,0.492454,0,0.00878687,19,27.6,-0.999992,3,1,7.45058e-06,0,0,-5.96046e-05,0,0,0.00510741,20,27.6,3.26584e-05,-0.999694,1,0.01494,-0.00178814,0,-0.0411985,0.00292063,0,0.0112974,21,27.6,2.00217,-3,1,-0.00433922,0,0,-0.00405312,0,0,0.00599344,22,27.6,1.64424,-0.975236,1,0.495362,-0.00993311,0,-0.0652671,-0.0844896,0,0.0102242,23,27.6,-0.65955,1.00026,1,-0.331412,8.34465e-05,0,-0.430971,-0.000238419,0,0.00979878,24,27.6,1.00663,-1.42081,1,0.0459224,0.500003,0,-0.221312,-5.96046e-05,0,0.0102381,25,27.6,0.999997,3,1,-1.49012e-06,-1.78814e-05,0,0,0,0,0.00684564,26,27.6,-3,2.71848,1,0,0.0031054,0,0,-1.00017,0,0.00542957,27,27.6,-2.24502,-1.00264,1,-0.5,-0.00334084,0,0,0.0195503,0,0.00971742,28,27.6,1.19392,1.00081,1,-0.433698,-0.00286698,0,0.350118,0.00357628,0,0.00871828,29,27.6,0.999765,0.00312114,1,0.000174344,-0.00193647,0,0.00137091,-0.0182795,0,0.00930782,30,27.6,-1.99965,0.320813,1,5.96046e-05,0.5,0,-0.00137091,-1.43051e-05,0,0.0123786,31,27.6,2.02659,1.12788,1,-0.0626385,-0.354117,0,0.033617,0.449538,0,0.0104483,32,27.6,-3,1.6334,1,0,0.0912875,0,0,-0.999987,0,0.00953137,33,27.6,2.99993,1.00021,1,-0.000208616,0.0142664,0,0.000357628,-0.0407696,0,0.00665978,34,27.6,-0.996888,-1.99999,1,-0.00198632,0,0,-0.0180304,-5.96046e-05,0,0.01357,35,27.6,-1.0004,0.340075,1,8.34465e-05,-0.330058,0,0.000715256,-0.432059,0,0.0114324
0,27.7,0.000278271,0.696006,1,-3.22328e-05,0.383583,0,-0.000247377,0.543457,0,0.0116494,1,27.7,1.9996,0.000138211,1,-0.000487641,-0.000318386,0,0.00472367,-0.000162281,0,0.0108988,2,27.7,-0.304295,-0.000492253,1,0.367307,0.000280181,0,0.29769,0.00130261,0,0.00967268,3,27.7,-2.79376,0.835555,1,-0.402116,-0.402422,0,0.370815,-0.625275,0,0.00789926,4,27.7,2.54892,-1.99903,1,-0.00773445,-0.00297166,0,-1.00002,0.0025928,0,0.00969973,5,27.7,0.0012065,-1.99675,1,0.00687655,0.0859771,0,-0.0307425,-0.353932,0,0.00963391,6,27.7,3,-1.22452,1,-5.58794e-06,-0.147123,0,1.49012e-05,-1,0,0.00754713,7,27.7,2.99991,-2.99592,1,-0.000161305,-0.00371635,0,0.000551343,-0.0137389,0,0.0060661,8,27.7,1.77404,-1.71784,1,-0.490814,-0.435053,0,-0.182107,0.267319,0,0.0105039,9,27.7,-3,-3,1,0,0,0,0,0,0,0.00610637,10,27.7,1,1.99911,1,9.31323e-07,-0.0125926,0,-3.72529e-05,-0.276163,0,0.0136544,11,27.7,-1.99999,2.00001,1,2.23517e-06,-1.37836e-05,0,-1.49012e-05,7.45058e-05,0,0.00916545,12,27.7,3,2.00267,1,0,0.00520498,0,0,-0.0349283,0,0.00410884,13,27.7,-0.999997,2.00001,1,3.07336e-06,1.00583e-05,0,-2.6077e-05,-4.47035e-05,0,0.00974927,14,27.7,-2.22701,3,1,-0.11444,0,0,-0.981718,0,0,0.00484414,15,27.7,-2.99989,-1.99999,1,-9.27597e-05,-5.21541e-06,0,-0.000432134,-4.47035e-05,0,0.0119547,16,27.7,-2.71785,-0.12078,1,0.397582,0.306836,0,0.707835,-0.683949,0,0.0113335,17,27.7,1.00236,-3,1,-0.00232346,0,0,-0.0113398,0,0,0.00841296,18,27.7,-1.99998,-2.97155,1,-8.00937e-05,-0.142505,0,5.96046e-05,0.451878,0,0.00878687,19,27.7,-0.999992,3,1,1.95578e-06,0,0,-4.84288e-05,0,0,0.00510741,20,27.7,0.00132149,-0.999857,1,0.0108565,-0.00147587,0,-0.0400134,0.00326708,0,0.0112974,21,27.7,2.00172,-3,1,-0.00453331,0,0,-1.49012e-05,0,0,0.00599344,22,27.7,1.69335,-0.976622,1,0.485727,-0.0174976,0,-0.130415,-0.0665374,0,0.0102242,23,27.7,-0.694641,1.00027,1,-0.368259,4.02331e-05,0,-0.302244,-0.000596046,0,0.00979878,24,27.7,1.0102,-1.37091,1,0.0260923,0.49717,0,-0.176057,-0.0589266,0,0.0102381,25,27.7,0.999997,2.99999,1,-1.11759e-06,-1.60187e-05,0,7.45058e-06,4.47035e-05,0,0.00684564,26,27.7,-3,2.71379,1,0,-0.096903,0,0,-1.00002,0,0.00542957,27,27.7,-2.29502,-1.00288,1,-0.5,-0.00153426,0,0,0.0165775,0,0.00971742,28,27.7,1.15199,1.00054,1,-0.407636,-0.00247825,0,0.187732,0.00412017,0,0.00871828,29,27.7,0.999788,0.0028472,1,0.000284798,-0.00343464,0,0.000856817,-0.0118223,0,0.00930782,30,27.7,-1.99965,0.370813,1,-6.94767e-05,0.5,0,-0.00121444,0,0,0.0123786,31,27.7,2.02053,1.09476,1,-0.058192,-0.307755,0,0.05427,0.474498,0,0.0104483,32,27.7,-3,1.63753,1,0,-0.00871196,0,0,-1,0,0.00953137,33,27.7,2.99991,1.00144,1,-0.000161305,0.0102447,0,0.000551343,-0.0392273,0,0.00665978,34,27.7,-0.997166,-1.99999,1,-0.00346163,-5.02914e-06,0,-0.0116192,-3.72529e-05,0,0.01357,35,27.7,-1.00039,0.305113,1,0.000162236,-0.367045,0,0.000841916,-0.303918,0,0.0114324
0,27.8,0.000273605,0.737028,1,-6.28708e-05,0.435638,0,-0.000355445,0.472337,0,0.0121639,1,27.8,1.99957,0.000106032,1,-6.85453e-05,-0.000320788,0,0.00369549,0.000101834,0,0.0122316,2,27.8,-0.26631,-0.00045809,1,0.389985,0.000399061,0,0.153869,0.00106229,0,0.0105803,3,27.8,-2.83204,0.792483,1,-0.362813,-0.455734,0,0.412107,-0.429183,0,0.00790691,4,27.8,2.54315,-1.99931,1,-0.107729,-0.00266135,0,-1.00017,0.00357628,0,0.00918694,5,27.8,0.00174729,-1.98982,1,0.0040116,0.0534952,0,-0.0264141,-0.295281,0,0.00989977,6,27.8,3,-1.24423,1,-5.96046e-06,-0.247124,0,0,-0.999987,0,0.00767916,7,27.8,2.9999,-2.99635,1,-0.000101328,-0.00482798,0,0.000596046,-0.00834465,0,0.00645292,8,27.8,1.72438,-1.75992,1,-0.499415,-0.405979,0,-0.0116825,0.31203,0,0.0105878,9,27.8,-3,-3,1,0,0,0,0,0,0,0.00559287,10,27.8,1,1.99621,1,-2.98023e-06,-0.0475466,0,0,-0.401318,0,0.0133534,11,27.8,-1.99999,2.00001,1,0,-1.19209e-05,0,0,0.000119209,0,0.010913,12,27.8,3,2.00303,1,0,0.00201464,0,0,-0.0288486,0,0.00460984,13,27.8,-0.999997,2.00001,1,0,1.19209e-05,0,0,-0.000238419,0,0.00975829,14,27.8,-2.2433,3,1,-0.210214,0,0,-0.913739,0,0,0.0052489,15,27.8,-2.9999,-1.99999,1,-0.00013113,-8.9407e-06,0,-0.000238419,0,0,0.00988387,16,27.8,-2.67499,-0.0938393,1,0.45532,0.229063,0,0.445247,-0.858922,0,0.0143329,17,27.8,1.00208,-3,1,-0.00321865,0,0,-0.00655651,0,0,0.00747304,18,27.8,-1.99999,-2.98364,1,-6.85453e-05,-0.10013,0,5.96046e-05,0.393152,0,0.0095827,19,27.8,-0.999992,3,1,-2.98023e-06,0,0,-5.96046e-05,0,0,0.00494981,20,27.8,0.00221217,-0.999988,1,0.00701696,-0.00114292,0,-0.0364407,0.00324845,0,0.011685,21,27.8,2.00127,-3,1,-0.00437498,0,0,0.00298023,0,0,0.00551835,22,27.8,1.74115,-0.978673,1,0.468823,-0.0232056,0,-0.209272,-0.0475049,0,0.00975114,23,27.8,-0.732741,1.00027,1,-0.391299,-2.68221e-05,0,-0.156641,-0.000834465,0,0.010199,24,27.8,1.01199,-1.3216,1,0.010559,0.487837,0,-0.135422,-0.129044,0,0.00931778,25,27.8,0.999997,2.99999,1,0,-1.78814e-05,0,0,0.000238419,0,0.00661993,26,27.8,-3,2.6991,1,0,-0.196898,0,0,-1.00017,0,0.00671281,27,27.8,-2.34502,-1.00295,1,-0.5,-2.38419e-05,0,0,0.0137091,0,0.00885493,28,27.8,1.11201,1.00032,1,-0.393176,-0.0020504,0,0.114679,0.00423193,0,0.012047,29,27.8,0.99982,0.00245432,1,0.000347197,-0.00432969,0,0.00038743,-0.00622798,0,0.00947063,30,27.8,-1.99966,0.420813,1,-0.000178814,0.5,0,-0.00101328,-1.43051e-05,0,0.0121421,31,27.8,2.01501,1.06638,1,-0.0519931,-0.259835,0,0.0686646,0.48095,0,0.00868054,32,27.8,-3,1.63166,1,0,-0.108713,0,0,-0.999987,0,0.00722736,33,27.8,2.9999,1.00227,1,-0.000101328,0.00649691,0,0.000596046,-0.0354648,0,0.00619468,34,27.8,-0.99756,-2,1,-0.00433922,-5.96046e-06,0,-0.00604987,-5.96046e-05,0,0.0110287,35,27.8,-1.00037,0.267126,1,0.000244379,-0.39027,0,0.000834465,-0.158645,0,0.0118985
0,27.9,0.000265568,0.782712,1,-9.75571e-05,0.475163,0,-0.000336073,0.301715,0,0.0121639,1,27.9,1.99958,7.48072e-05,1,0.000247918,-0.000300577,0,0.00264496,0.000290415,0,0.0122316,2,27.9,-0.226836,-0.000413462,1,0.396657,0.000487675,0,-0.0163307,0.000712111,0,0.0105803,3,27.9,-2.86622,0.745168,1,-0.320394,-0.486696,0,0.433341,-0.198636,0,0.00790691,4,27.9,2.52738,-1.99956,1,-0.207398,-0.00227895,0,-0.986442,0.00401586,0,0.00918694,5,27.9,0.00202479,-1.98585,1,0.00162316,0.0270264,0,-0.0213297,-0.234462,0,0.00989977,6,27.9,2.99999,-1.27379,1,-5.58794e-06,-0.342081,0,1.49012e-05,-0.874721,0,0.00767916,7,27.9,2.99989,-2.99686,1,-4.17233e-05,-0.00540689,0,0.000596046,-0.00336766,0,0.00645292,8,27.9,1.67441,-1.79891,1,-0.499963,-0.373102,0,-0.00146031,0.343561,0,0.0105878,9,27.9,-3,-3,1,0,0,0,0,0,0,0.00559287,10,27.9,1,1.9892,1,4.65661e-06,-0.0945328,0,0.000230968,-0.518911,0,0.0133534,11,27.9,-1.99999,2,1,-7.45058e-07,-2.23517e-06,0,-1.49012e-05,5.96046e-05,0,0.010913,12,27.9,3,2.0031,1,0,-0.000531226,0,0,-0.0220835,0,0.00460984,13,27.9,-0.999997,2.00001,1,-3.72529e-07,-7.07805e-06,0,-7.45058e-06,-0.000163913,0,0.00975829,14,27.9,-2.26883,3,1,-0.299123,0,0,-0.847027,0,0,0.0052489,15,27.9,-2.99991,-1.99999,1,-0.000148267,-8.9407e-06,0,-0.000119209,0,0,0.00988387,16,27.9,-2.62768,-0.0755009,1,0.48653,0.135676,0,0.195146,-0.982366,0,0.0143329,17,27.9,1.00173,-3,1,-0.00366736,0,0,-0.00257045,0,0,0.00747304,18,27.9,-2,-2.9918,1,-6.01634e-05,-0.0642799,0,9.68575e-05,0.322461,0,0.0095827,19,27.9,-0.999993,3,1,-7.91624e-06,0,0,-3.35276e-05,0,0,0.00494981,20,27.9,0.00274036,-1.00009,1,0.00363767,-0.000824686,0,-0.0309969,0.00308082,0,0.011685,21,27.9,2.00085,-3,1,-0.00396632,0,0,0.00505149,0,0,0.00551835,22,27.9,1.78681,-0.981195,1,0.442713,-0.0268856,0,-0.309527,-0.0265464,0,0.00975114,23,27.9,-0.772357,1.00026,1,-0.398166,-0.000107847,0,0.0151545,-0.00076741,0,0.010199,24,27.9,1.01244,-1.27358,1,-0.00115298,0.471305,0,-0.0995547,-0.202477,0,0.00931778,25,27.9,0.999997,2.99999,1,9.31323e-08,1.11759e-06,0,3.72529e-06,0.000163913,0,0.00661993,26,27.9,-3,2.67447,1,0,-0.294494,0,0,-0.92952,0,0.00671281,27,27.9,-2.39502,-1.00289,1,-0.5,0.00117868,0,0,0.010401,0,0.00885493,28,27.9,1.07304,1.00012,1,-0.388297,-0.00197422,0,-0.00392646,-0.00242144,0,0.012047,29,27.9,0.999856,0.00199842,1,0.000367872,-0.00471101,0,4.47035e-05,-0.00158248,0,0.00947063,30,27.9,-1.99968,0.469914,1,-0.000270642,0.473904,0,-0.000812113,-0.487285,0,0.0121421,31,27.9,2.01017,1.04279,1,-0.0446565,-0.212188,0,0.0770688,0.468932,0,0.00868054,32,27.9,-3,1.61579,1,0,-0.208353,0,0,-0.985645,0,0.00722736,33,27.9,2.99989,1.00275,1,-4.17233e-05,0.0032207,0,0.000596046,-0.029929,0,0.00619468,34,27.9,-0.998016,-2,1,-0.00470551,-1.08033e-05,0,-0.00145659,-2.98023e-05,0,0.0110287,35,27.9,-1.00034,0.227602,1,0.000318885,-0.397343,0,0.000655651,0.0130627,0,0.0118985
0,28,0.00025418,0.831388,1,-0.000129679,0.494967,0,-0.000304492,0.100642,0,0.0144153,1,28,1.99962,4.64304e-05,1,0.000467896,-0.000264935,0,0.00160933,0.00041209,0,0.0119863,2,28,-0.187505,-0.000361697,1,0.387555,0.000542066,0,-0.161417,0.000379456,0,0.00876952,3,28,-2.89608,0.695806,1,-0.276697,-0.497915,0,0.437856,-0.0417233,0,0.00835953,4,28,2.50182,-1.99976,1,-0.302309,-0.00186563,0,-0.891566,0.00417233,0,0.00860441,5,28,0.00208902,-1.98422,1,-0.000253308,0.00650287,0,-0.0162144,-0.176728,0,0.00881596,6,28,2.99999,-1.31201,1,-5.96046e-06,-0.418407,0,0,-0.639558,0,0.00961928,7,28,2.99989,-2.99741,1,1.78814e-05,-0.00552535,0,0.000476837,0.000596046,0,0.0060283,8,28,1.62441,-1.83446,1,-0.500003,-0.337642,0,5.96046e-05,0.363886,0,0.00886025,9,28,-3,-3,1,0,0,0,0,0,0,0.00611109,10,28,1,1.9771,1,5.96046e-05,-0.147834,0,0.00089407,-0.531733,0,0.0146722,11,28,-1.99999,2,1,-2.98023e-06,0,0,0,0.000119209,0,0.0105875,12,28,3,2.00295,1,0,-0.00240803,0,0,-0.0156164,0,0.00428758,13,28,-0.999997,2.00001,1,-1.49012e-06,-1.78814e-05,0,0,-0.000119209,0,0.00865268,14,28,-2.30275,3,1,-0.376779,0,0,-0.69499,0,0,0.00673229,15,28,-2.99993,-1.99999,1,-0.000149012,-1.19209e-05,0,-0.000119209,5.96046e-05,0,0.0110353,16,28,-2.57835,-0.0668981,1,0.497711,0.0361167,0,0.0457764,-1,0,0.012054,17,28,1.00135,-3,1,-0.00375807,0,0,0.000596046,0,0,0.00803557,18,28,-2,-2.99674,1,-4.76837e-05,-0.0358045,0,0.000119209,0.246763,0,0.0115591,19,28,-0.999994,3,1,-1.19209e-05,0,0,0,0,0,0.0066996,20,28,0.00295914,-1.00015,1,0.000839762,-0.000530481,0,-0.0248874,0.00274181,0,0.0112614,21,28,2.00048,-3,1,-0.0033915,0,0,0.00619888,0,0,0.00570321,22,28,1.82939,-0.983985,1,0.407603,-0.0286072,0,-0.389218,-0.00831485,0,0.0109343,23,28,-0.811843,1.00025,1,-0.389117,-0.000181794,0,0.161499,-0.000596046,0,0.0122484,24,28,1.01188,-1.22759,1,-0.009498,0.447261,0,-0.0681281,-0.278413,0,0.00921207,25,28,0.999997,2.99999,1,1.49012e-06,5.96046e-06,0,-2.98023e-05,0.000238419,0,0.00703663,26,28,-3,2.64064,1,0,-0.379103,0,0,-0.7478,0,0.00685383,27,28,-2.44502,-1.00273,1,-0.5,0.00206828,0,0,0.00751019,0,0.00762368,28,28,1.03408,0.999904,1,-0.391567,-0.00247806,0,-0.0506639,-0.00739098,0,0.015101,29,28,0.999893,0.0015258,1,0.000357628,-0.00468173,0,-0.000178814,0.0019967,0,0.0102052,30,28,-1.99972,0.514301,1,-0.000339746,0.408894,0,-0.000476837,-0.784129,0,0.0163689,31,28,2.0061,1.02387,1,-0.0367701,-0.166595,0,0.0799894,0.440419,0,0.00944235,32,28,-3,1.59014,1,0,-0.30297,0,0,-0.885129,0,0.00700646,33,28,2.99989,1.00293,1,1.78814e-05,0.000530481,0,0.000476837,-0.0238419,0,0.00644121,34,28,-0.998488,-2,1,-0.00466555,-1.19209e-05,0,0.00205636,0,0,0.0126227,35,28,-1.00031,0.188188,1,0.000375509,-0.388502,0,0.000417233,0.159457,0,0.0110224
0,28.1,0.000239784,0.881193,1,-0.000157297,0.499685,0,-0.000247715,0.0125878,0,0.0144153,1,28.1,1.99967,2.21191e-05,1,0.000589155,-0.000220288,0,0.000827014,0.000472416,0,0.0119863,2,28.1,-0.149756,-0.0003061,1,0.365527,0.000564913,0,-0.275144,8.20111e-05,0,0.00876952,3,28.1,-2.92157,0.645887,1,-0.233271,-0.49987,0,0.428408,-0.00521168,0,0.00835953,4,28.1,2.46746,-1.99993,1,-0.381457,-0.00145622,0,-0.688925,0.00399351,0,0.00860441,5,28.1,0.00199109,-1.98436,1,-0.00162278,-0.00844281,0,-0.011263,-0.123359,0,0.00881596,6,28.1,2.99999,-1.35657,1,-5.58794e-06,-0.46811,0,1.49012e-05,-0.36139,0,0.00961928,7,28.1,2.99989,-2.99796,1,6.18398e-05,-0.0052847,0,0.00038743,0.00405312,0,0.0060283,8,28.1,1.57441,-1.86638,1,-0.5,-0.300568,0,7.45058e-06,0.37571,0,0.00886025,9,28.1,-3,-3,1,0,0,0,0,0,0,0.00611109,10,28.1,1.00001,1.95959,1,0.000137091,-0.202658,0,0.000849366,-0.549473,0,0.0146722,11,28.1,-1.99999,2.00001,1,-3.1665e-06,8.19564e-06,0,-7.45058e-06,2.98023e-05,0,0.0105875,12,28.1,3,2.00264,1,0,-0.00366084,0,0,-0.00958145,0,0.00428758,13,28.1,-0.999997,2.00001,1,-1.58325e-06,-2.6077e-05,0,-3.72529e-06,-2.98023e-05,0,0.00865268,14,28.1,-2.34358,3,1,-0.436571,0,0,-0.496089,0,0,0.00673229,15,28.1,-2.99994,-1.99999,1,-0.000152364,-7.07805e-06,0,4.47035e-05,2.98023e-05,0,0.0110353,16,28.1,-2.52844,-0.0682864,1,0.499776,-0.0638834,0,0.0025183,-1,0,0.012054,17,28.1,1.00099,-3,1,-0.00357535,0,0,0.00291318,0,0,0.00803557,18,28.1,-2.00001,-2.99921,1,-3.57628e-05,-0.0149034,0,0.000119209,0.172257,0,0.0115591,19,28.1,-0.999995,3,1,-1.18278e-05,0,0,3.72529e-06,0,0,0.0066996,20,28.1,0.00292953,-1.00019,1,-0.0013247,-0.000277348,0,-0.0184561,0.00230223,0,0.0112614,21,28.1,2.00018,-3,1,-0.00274181,0,0,0.00667572,0,0,0.00570321,22,28.1,1.8681,-0.986862,1,0.365814,-0.0286734,0,-0.443488,0.00654906,0,0.0109343,23,28.1,-0.849746,1.00022,1,-0.367033,-0.000235438,0,0.276133,-0.000461936,0,0.0122484,24,28.1,1.01063,-1.1844,1,-0.014879,0.414986,0,-0.0404045,-0.363268,0,0.00921207,25,28.1,0.999997,3,1,-5.58794e-07,1.9744e-05,0,-7.45058e-06,4.47035e-05,0,0.00703663,26,28.1,-3,2.59943,1,0,-0.440932,0,0,-0.491917,0,0.00685383,27,28.1,-2.49502,-1.00249,1,-0.5,0.00268649,0,0,0.00490993,0,0.00762368,28,28.1,0.994539,0.999566,1,-0.40033,-0.00475626,0,-0.113681,-0.0358671,0,0.015101,29,28.1,0.999928,0.00107225,1,0.000329409,-0.00434699,0,-0.000376254,0.00453255,0,0.0102052,30,28.1,-1.99975,0.550851,1,-0.000375137,0.319013,0,-0.000238419,-0.97302,0,0.0163689,31,28.1,2.00282,1.00935,1,-0.0288524,-0.124604,0,0.0776947,0.397693,0,0.00944235,32,28.1,-3,1.55572,1,0,-0.382401,0,0,-0.69546,0,0.00700646,33,28.1,2.99989,1.00288,1,6.14673e-05,-0.00153277,0,0.000372529,-0.0174865,0,0.00644121,34,28.1,-0.99894,-2,1,-0.00432637,-1.11759e-05,0,0.00456721,1.49012e-05,0,0.0126227,35,28.1,-1.00027,0.150336,1,0.00040736,-0.366614,0,0.000216067,0.274261,0,0.0110224
0,28.2,0.000222911,0.931186,1,-0.000179209,0.5,0,-0.000190528,2.98023e-05,0,0.0119345,1,28.2,1.99973,2.49397e-06,1,0.00064075,-0.000171973,0,0.000178814,0.000487104,0,0.0132365,2,28.2,-0.114738,-0.000249656,1,0.333351,0.000559543,0,-0.364132,-0.000183202,0,0.0106283,3,28.2,-2.94279,0.59589,1,-0.191432,-0.5,0,0.406742,-2.98023e-05,0,0.00821132,4,28.2,2.42622,-2.00006,1,-0.439835,-0.00107288,0,-0.478625,0.0038147,0,0.00900031,5,28.2,0.00178006,-1.98574,1,-0.00252469,-0.0184059,0,-0.0068752,-0.077188,0,0.00975931,6,28.2,2.99999,-1.40479,1,-5.96046e-06,-0.492635,0,0,-0.141799,0,0.00820183,7,28.2,2.9999,-2.99846,1,9.53674e-05,-0.00475645,0,0.000238419,0.0064373,0,0.00693192,8,28.2,1.52441,-1.89455,1,-0.500003,-0.262854,0,5.96046e-05,0.37688,0,0.00916585,9,28.2,-3,-3,1,0,0,0,0,0,0,0.00682574,10,28.2,1.00003,1.93665,1,0.000265241,-0.255039,0,0.00190735,-0.486672,0,0.0147317,11,28.2,-1.99999,2.00001,1,-2.98023e-06,1.19209e-05,0,-5.96046e-05,0,0,0.0116256,12,28.2,3,2.00223,1,0,-0.0043571,0,0,-0.00441074,0,0.00684321,13,28.2,-0.999997,2,1,-1.49012e-06,-2.98023e-05,0,-2.98023e-05,0,0,0.00770074,14,28.2,-2.38937,3,1,-0.475693,0,0,-0.288248,0,0,0.00687875,15,28.2,-2.99996,-1.99999,1,-0.000137091,-5.96046e-06,0,0,5.96046e-05,0,0.00871048,16,28.2,-2.47849,-0.0796748,1,0.498718,-0.163883,0,-0.02563,-1,0,0.0123975,17,28.2,1.00065,-3,1,-0.00320077,0,0,0.00452995,0,0,0.00647146,18,28.2,-2.00001,-2.99996,1,-1.78814e-05,-0.00107288,0,0,0.106335,0,0.00830152,19,28.2,-0.999996,3,1,-1.04308e-05,0,0,0,0,0,0.00825398,20,28.2,0.00271501,-1.00021,1,-0.00286544,-6.85453e-05,0,-0.0124446,0.00184774,0,0.0109502,21,28.2,1.99994,-3,1,-0.00207126,0,0,0.00661612,0,0,0.00621836,22,28.2,1.9024,-0.989675,1,0.319532,-0.0273898,0,-0.478923,0.0187159,0,0.00941874,23,28.2,-0.884909,1.0002,1,-0.334725,-0.000274181,0,0.365764,-0.000298023,0,0.0135,24,28.2,1.00898,-1.14483,1,-0.0177592,0.375357,0,-0.017941,-0.425637,0,0.00949492,25,28.2,0.999997,3,1,-1.49012e-06,1.78814e-05,0,0,0,0,0.00767796,26,28.2,-3,2.55327,1,0,-0.478494,0,0,-0.266433,0,0.00852504,27,28.2,-2.54502,-1.0022,1,-0.5,0.0030607,0,0,0.0026226,0,0.00861507,28,28.2,0.953909,0.99888,1,-0.412339,-0.00921786,0,-0.117779,-0.051409,0,0.0128413,29,28.2,0.999958,0.000663259,1,0.000284612,-0.00380606,0,-0.000476837,0.00614318,0,0.00960546,30,28.2,-1.99979,0.577806,1,-0.00038743,0.219688,0,0,-1.00002,0,0.0171891,31,28.2,2.00031,0.998791,1,-0.0213474,-0.0873372,0,0.0719428,0.346482,0,0.0102394,32,28.2,-3,1.51436,1,0,-0.441071,0,0,-0.476122,0,0.00796257,33,28.2,2.9999,1.00265,1,0.000101328,-0.00298321,0,0.000119209,-0.0116229,0,0.00797789,34,28.2,-0.999346,-2,1,-0.0037834,-8.9407e-06,0,0.00613928,0,0,0.0108649,35,28.2,-1.00022,0.115207,1,0.000420213,-0.334481,0,5.96046e-05,0.364132,0,0.0108788
0,28.3,0.000204159,0.981187,1,-0.000194643,0.5,0,-0.000119522,0,0,0.0119345,1,28.3,1.9998,-1.22974e-05,1,0.000633672,-0.000124266,0,-0.000298023,0.000462528,0,0.0132365,2,28.3,-0.0833394,-0.000195015,1,0.29359,0.00052958,0,-0.425716,-0.000405678,0,0.0106283,3,28.3,-2.95994,0.54589,1,-0.15225,-0.5,0,0.375316,0,0,0.00821132,4,28.3,2.3802,-2.00015,1,-0.477042,-0.000718236,0,-0.2684,0.00327826,0,0.00900031,5,28.3,0.00149978,-1.9879,1,-0.00301839,-0.0241259,0,-0.00312982,-0.0386164,0,0.00975931,6,28.3,2.99999,-1.4545,1,-5.58794e-06,-0.499471,0,1.49012e-05,-0.0197813,0,0.00820183,7,28.3,2.99991,-2.9989,1,0.000115111,-0.00403561,0,0.00013411,0.00779331,0,0.00693192,8,28.3,1.47441,-1.91897,1,-0.5,-0.225613,0,7.45058e-06,0.366665,0,0.00916585,9,28.3,-3,-3,1,0,0,0,0,0,0,0.00682574,10,28.3,1.00007,1.90871,1,0.000421889,-0.303403,0,0.00149757,-0.46739,0,0.0147317,11,28.3,-2,2.00001,1,-7.82311e-06,1.04308e-05,0,-2.98023e-05,-2.98023e-05,0,0.0116256,12,28.3,3,2.00178,1,0,-0.00458173,0,0,-0.00025332,0,0.00684321,13,28.3,-0.999997,2,1,-3.91155e-06,-2.79397e-05,0,-1.49012e-05,4.47035e-05,0,0.00770074,14,28.3,-2.43805,3,1,-0.494833,0,0,-0.106692,0,0,0.00687875,15,28.3,-2.99997,-1.99999,1,-0.000127032,-1.11759e-06,0,0.000193715,2.98023e-05,0,0.00871048,16,28.3,-2.42886,-0.101054,1,0.49277,-0.263431,0,-0.0922233,-0.981919,0,0.0123975,17,28.3,1.00035,-3,1,-0.00270195,0,0,0.00533462,0,0,0.00647146,18,28.3,-2.00001,-2.99962,1,-1.60187e-05,0.00688508,0,4.47035e-05,0.0553131,0,0.00830152,19,28.3,-0.999997,3,1,-1.00583e-05,0,0,7.45058e-06,0,0,0.00825398,20,28.3,0.00237565,-1.00021,1,-0.00383129,9.16421e-05,0,-0.00702369,0.00137091,0,0.0109502,21,28.3,1.99976,-3,1,-0.00143293,0,0,0.00610203,0,0,0.00621836,22,28.3,1.93192,-0.992303,1,0.270693,-0.0250329,0,-0.493899,0.027854,0,0.00941874,23,28.3,-0.916435,1.00017,1,-0.29478,-0.000295043,0,0.42773,-0.000119209,0,0.0135,24,28.3,1.00715,-1.1095,1,-0.0186637,0.330806,0,-0.00089407,-0.462227,0,0.00949492,25,28.3,0.999997,3,1,-1.11759e-06,1.3411e-05,0,7.45058e-06,-5.96046e-05,0,0.00767796,26,28.3,-3,2.5044,1,0,-0.495995,0,0,-0.094682,0,0.00852504,27,28.3,-2.595,-1.00188,1,-0.499184,0.00321772,0,0.0219643,0.000588596,0,0.00861507,28,28.3,0.912111,0.997575,1,-0.423312,-0.0179604,0,-0.0991523,-0.115767,0,0.0128413,29,28.3,0.999984,0.000314933,1,0.000233296,-0.00314779,0,-0.000540167,0.0069061,0,0.00960546,30,28.3,-1.99983,0.594775,1,-0.000377931,0.119687,0,0.000186265,-1.00001,0,0.0171891,31,28.3,1.99852,0.991695,1,-0.0145743,-0.0555399,0,0.0632331,0.289213,0,0.0102394,32,28.3,-3,1.46825,1,0,-0.477592,0,0,-0.261582,0,0.00796257,33,28.3,2.99991,1.0023,1,0.000111386,-0.0038743,0,7.45058e-05,-0.00634789,0,0.00797789,34,28.3,-0.999692,-2,1,-0.00312617,-8.3819e-06,0,0.00688806,-7.45058e-06,0,0.0108649,35,28.3,-1.00018,0.0836965,1,0.000415184,-0.294684,0,-0.000141561,0.426404,0,0.0108788
0,28.4,0.000184205,1.03119,1,-0.000203384,0.5,0,-5.66361e-05,0,0,0.012145,1,28.4,1.99986,-2.24828e-05,1,0.000584126,-8.02427e-05,0,-0.000596046,0.000414684,0,0.0115369,2,28.4,-0.056173,-0.00014438,1,0.249219,0.000480426,0,-0.456978,-0.000567594,0,0.0112246,3,28.4,-2.97335,0.49589,1,-0.11664,-0.5,0,0.335574,1.43051e-05,0,0.00721088,4,28.4,2.33149,-2.0002,1,-0.494128,-0.000417233,0,-0.0765324,0.00274181,0,0.0079169,5,28.4,0.00118757,-1.99045,1,-0.0031762,-0.0264019,0,-0.00015093,-0.00828505,0,0.0111656,6,28.4,2.99999,-1.50449,1,-5.96046e-06,-0.500003,0,0.000119209,5.96046e-05,0,0.00976816,7,28.4,2.99992,-2.99927,1,0.00013113,-0.00323057,0,-0.000119209,0.00834465,0,0.00742571,8,28.4,1.42441,-1.93972,1,-0.500003,-0.18976,0,5.96046e-05,0.349462,0,0.00861534,9,28.4,-3,-3,1,0,0,0,0,0,0,0.00658812,10,28.4,1.00012,1.87615,1,0.000613928,-0.34622,0,0.002563,-0.379026,0,0.0133785,11,28.4,-2,2.00001,1,-1.19209e-05,5.96046e-06,0,5.96046e-05,0,0,0.0116614,12,28.4,3,2.00133,1,0,-0.00444651,0,0,0.00286102,0,0.00609849,13,28.4,-0.999998,2,1,-5.96046e-06,-2.38419e-05,0,0,5.96046e-05,0,0.00926626,14,28.4,-2.48786,3,1,-0.499719,0,0,-0.00560284,0,0,0.00693497,15,28.4,-2.99998,-1.99999,1,-0.000101328,0,0,0.000238419,0,0,0.0074896,16,28.4,-2.38015,-0.132162,1,0.480503,-0.356651,0,-0.152111,-0.855349,0,0.0157329,17,28.4,1.00011,-3,1,-0.00214875,0,0,0.00557303,0,0,0.00645616,18,28.4,-2.00001,-2.99873,1,-1.19209e-05,0.0104606,0,0.000119209,0.018239,0,0.0106832,19,28.4,-0.999998,3,1,-8.9407e-06,0,0,2.98023e-05,0,0,0.00884082,20,28.4,0.0019653,-1.00019,1,-0.0043005,0.000205636,0,-0.00251265,0.00089407,0,0.0119224,21,28.4,1.99965,-3,1,-0.000861287,0,0,0.00536442,0,0,0.00600108,22,28.4,1.95653,-0.994656,1,0.221482,-0.0219285,0,-0.48697,0.0337064,0,0.0109424,23,28.4,-0.94371,1.00014,1,-0.250198,-0.000301003,0,0.459194,0.000119209,0,0.0124385,24,28.4,1.0053,-1.07876,1,-0.0180781,0.28353,0,0.0118613,-0.480115,0,0.00884812,25,28.4,0.999997,3,1,0,5.96046e-06,0,0,-0.000119209,0,0.00589785,26,28.4,-3,2.45452,1,0,-0.500005,0,0,0.000119209,0,0.0078959,27,28.4,-2.64474,-1.00156,1,-0.494623,0.00319481,0,0.0734329,-0.00107288,0,0.00676232,28,28.4,0.869332,0.995147,1,-0.431724,-0.0309721,0,-0.067234,-0.138193,0,0.0147274,29,28.4,1,3.51445e-05,1,0.000178814,-0.00244579,0,-0.000536442,0.00704064,0,0.00925178,30,28.4,-1.99986,0.601744,1,-0.000351667,0.0196874,0,0.000298023,-1.00002,0,0.0129174,31,28.4,1.99737,0.987491,1,-0.00874102,-0.0295088,0,0.0531673,0.231564,0,0.0116571,32,28.4,-3,1.41948,1,0,-0.495091,0,0,-0.0981688,0,0.00904949,33,28.4,2.99992,1.00189,1,0.000119209,-0.00428259,0,0.000119209,-0.00202656,0,0.00664118,34,28.4,-0.99997,-2,1,-0.00242591,-5.96046e-06,0,0.00703335,0,0,0.0128926,35,28.4,-1.00014,0.0564251,1,0.000393391,-0.250218,0,-0.000357628,0.458147,0,0.01132
0,28.5,0.000163685,1.08119,1,-0.000206035,0.5,0,2.01544e-06,0,0,0.012145,1,28.5,1.99991,-2.854e-05,1,0.0005126,-4.19977e-05,0,-0.000819564,0.000348921,0,0.0115369,2,28.5,-0.0335509,-9.93692e-05,1,0.20318,0.000418098,0,-0.459583,-0.000668918,0,0.0112246,3,28.5,-2.98341,0.44589,1,-0.0853088,-0.49999,0,0.29026,0.000389218,0,0.00721088,4,28.5,2.28198,-2.00023,1,-0.493289,-0.000169873,0,0.090152,0.00220537,0,0.0079169,5,28.5,0.000873203,-1.99309,1,-0.00307421,-0.026047,0,0.00206584,0.0141189,0,0.0111656,6,28.5,2.99999,-1.55449,1,4.09782e-06,-0.499988,0,7.45058e-05,0.000461936,0,0.00976816,7,28.5,2.99993,-2.99955,1,0.000119582,-0.00240989,0,-0.000104308,0.00794232,0,0.00742571,8,28.5,1.37449,-1.95699,1,-0.497395,-0.156032,0,0.0547394,0.324376,0,0.00861534,9,28.5,-3,-3,1,0,0,0,0,0,0,0.00658812,10,28.5,1.0002,1.83969,1,0.000996515,-0.382429,0,0.0050962,-0.33766,0,0.0133785,11,28.5,-2,2.00001,1,-6.89179e-06,4.47035e-06,0,3.72529e-05,-2.98023e-05,0,0.0116614,12,28.5,3,2.0009,1,0,-0.00404567,0,0,0.00497699,0,0.00609849,13,28.5,-0.999998,2,1,-5.86733e-06,-1.78814e-05,0,3.72529e-06,5.96046e-05,0,0.00926626,14,28.5,-2.53785,3,1,-0.499982,0,0,-0.000700355,0,0,0.00693497,15,28.5,-2.99999,-1.99999,1,-7.33882e-05,-1.86265e-07,0,0.000283122,-7.45058e-06,0,0.0074896,16,28.5,-2.3325,-0.171644,1,0.475479,-0.428394,0,0.0288635,-0.57995,0,0.0157329,17,28.5,0.99992,-3,1,-0.00159759,0,0,0.00539422,0,0,0.00645616,18,28.5,-2.00001,-2.99763,1,-3.72529e-07,0.010984,0,0.000104308,-0.00609457,0,0.0106832,19,28.5,-0.999999,3,1,-6.42613e-06,0,0,1.86265e-05,0,0,0.00884082,20,28.5,0.00152905,-1.00017,1,-0.00436513,0.000274926,0,0.00105163,0.000506639,0,0.0119224,21,28.5,1.99959,-3,1,-0.000373274,0,0,0.00439584,0,0,0.00600108,22,28.5,1.97628,-0.996675,1,0.174001,-0.0183952,0,-0.459842,0.0364892,0,0.0109424,23,28.5,-0.966419,1.00011,1,-0.203937,-0.000283867,0,0.461772,0.000223517,0,0.0124385,24,28.5,1.00357,-1.05282,1,-0.0164257,0.235413,0,0.0205562,-0.478834,0,0.00884812,25,28.5,0.999997,3,1,3.72529e-07,-3.72529e-06,0,7.45058e-06,-5.96046e-05,0,0.00589785,26,28.5,-3,2.40454,1,0,-0.499284,0,0,0.0196397,0,0.0078959,27,28.5,-2.69372,-1.00125,1,-0.48393,0.00302736,0,0.143334,-0.00221282,0,0.00676232,28,28.5,0.825784,0.99122,1,-0.43963,-0.0486638,0,-0.0900291,-0.204392,0,0.0147274,29,28.5,1.00002,-0.00017475,1,0.000126287,-0.00175888,0,-0.000506639,0.00663602,0,0.00925178,30,28.5,-1.9999,0.598713,1,-0.000317581,-0.0803133,0,0.00037998,-1.00001,0,0.0129174,31,28.5,1.99674,0.985602,1,-0.00396576,-0.00920584,0,0.0423566,0.175279,0,0.0116571,32,28.5,-3,1.36969,1,0,-0.498893,0,0,0.012286,0,0.00904949,33,28.5,2.99993,1.00146,1,0.000125915,-0.00430588,0,2.98023e-05,0.00139326,0,0.00664118,34,28.5,-1.00018,-2,1,-0.00174064,-5.58794e-06,0,0.00662357,1.49012e-05,0,0.0128926,35,28.5,-1.00011,0.0337096,1,0.000352412,-0.204045,0,-0.000461936,0.461045,0,0.01132
0,28.6,0.000143178,1.13119,1,-0.000203291,0.500003,0,5.13464e-05,-5.96046e-05,0,0.011513,1,28.6,1.99996,-3.11125e-05,1,0.000423193,-1.06412e-05,0,-0.00089407,0.000277676,0,0.0116578,2,28.6,-0.0155058,-6.10014e-05,1,0.158061,0.000348502,0,-0.439429,-0.000714436,0,0.0100181,3,28.6,-2.99057,0.395896,1,-0.0587106,-0.499844,0,0.241399,0.00311434,0,0.00791494,4,28.6,2.23335,-2.00024,1,-0.476784,2.38419e-05,0,0.236273,0.00166893,0,0.00859368,5,28.6,0.000578909,-1.9956,1,-0.00278647,-0.023815,0,0.0035796,0.0295043,0,0.0103854,6,28.6,2.99999,-1.60448,1,5.96046e-06,-0.499818,0,0.000119209,0.00363588,0,0.010506,7,28.6,2.99995,-2.99975,1,0.000107288,-0.00165701,0,0,0.00691414,0,0.00635071,8,28.6,1.32513,-1.97102,1,-0.488618,-0.125012,0,0.122547,0.295401,0,0.00901833,9,28.6,-3,-3,1,0,0,0,0,0,0,0.00613593,10,28.6,1.00033,1.79988,1,0.00163615,-0.412434,0,0.00762939,-0.256836,0,0.0142201,11,28.6,-2,2.00001,1,-5.96046e-06,0,0,5.96046e-05,0,0,0.0112979,12,28.6,3,2.00052,1,0,-0.00347495,0,0,0.00619888,0,0.00458429,13,28.6,-0.999999,1.99999,1,-5.96046e-06,-8.9407e-06,0,2.98023e-05,0,0,0.00967541,14,28.6,-2.58785,3,1,-0.5,0,0,0,0,0,0.00754098,15,28.6,-3,-1.99999,1,-4.76837e-05,0,0,0.000357628,-5.96046e-05,0,0.00693258,16,28.6,-2.28466,-0.216942,1,0.48241,-0.473278,0,0.0936985,-0.323653,0,0.0128529,17,28.6,0.999787,-3,1,-0.00107884,0,0,0.00491738,0,0,0.007958,18,28.6,-2.00001,-2.99659,1,5.96046e-06,0.00955462,0,0.000119209,-0.0212193,0,0.011138,19,28.6,-0.999999,3,1,-2.98023e-06,0,0,-2.98023e-05,0,0,0.00832428,20,28.6,0.00110252,-1.00014,1,-0.00412223,0.000309944,0,0.0036544,0.000119209,0,0.0109876,21,28.6,1.99957,-3,1,1.49012e-05,0,0,0.00339746,0,0,0.00622653,22,28.6,1.99144,-0.998331,1,0.130004,-0.0147149,0,-0.418067,0.0367165,0,0.0117041,23,28.6,-0.984529,1.00008,1,-0.158606,-0.00025928,0,0.441432,0.000357628,0,0.0120122,24,28.6,1.00204,-1.03164,1,-0.0140846,0.188383,0,0.0257492,-0.458956,0,0.0090381,25,28.6,0.999997,3,1,1.49012e-06,-5.96046e-06,0,0,-0.000119209,0,0.00832182,26,28.6,-3,2.35478,1,0,-0.495142,0,0,0.0671148,0,0.00834161,27,28.6,-2.74126,-1.00096,1,-0.465512,0.00276268,0,0.226378,-0.00303984,0,0.00794512,28,28.6,0.78134,0.9853,1,-0.449523,-0.0698239,0,-0.106663,-0.209808,0,0.0146946,29,28.6,1.00003,-0.000318548,1,7.7486e-05,-0.00112911,0,-0.000417233,0.00591563,0,0.00997585,30,28.6,-1.99993,0.585681,1,-0.000274181,-0.180313,0,0.000357628,-1.00002,0,0.0124263,31,28.6,1.99654,0.98547,1,-0.0002563,0.00571907,0,0.0319481,0.124156,0,0.0122086,32,28.6,-3,1.32001,1,0,-0.493157,0,0,0.10711,0,0.00817976,33,28.6,2.99995,1.00104,1,0.00012517,-0.00403225,0,0,0.0038147,0,0.00535276,34,28.6,-1.00032,-2,1,-0.00111461,-5.96046e-06,0,0.00590086,0,0,0.0133423,35,28.6,-1.00007,0.0155855,1,0.000303984,-0.158772,0,-0.000536442,0.441025,0,0.0111164
0,28.7,0.000123184,1.18119,1,-0.000195839,0.5,0,9.59208e-05,-7.45058e-06,0,0.011513,1,28.7,2,-3.09121e-05,1,0.000331551,1.34278e-05,0,-0.000923872,0.000204489,0,0.0116578,2,28.7,-0.00183632,-2.97317e-05,1,0.115991,0.000276982,0,-0.39973,-0.00070911,0,0.0100181,3,28.7,-2.99532,0.345985,1,-0.037083,-0.497642,0,0.191242,0.0470579,0,0.00791494,4,28.7,2.18709,-2.00023,1,-0.446183,0.000164658,0,0.369146,0.00116229,0,0.00859368,5,28.7,0.000319827,-1.99782,1,-0.00238085,-0.0203812,0,0.00444015,0.0382736,0,0.0103854,6,28.7,2.99999,-1.65439,1,1.41561e-05,-0.497549,0,2.98023e-05,0.0478327,0,0.010506,7,28.7,2.99996,-2.99988,1,0.000105053,-0.00102445,0,-5.96046e-05,0.00569224,0,0.00635071,8,28.7,1.277,-1.9821,1,-0.472792,-0.0970926,0,0.195071,0.262648,0,0.00901833,9,28.7,-3,-3,1,0,0,0,0,0,0,0.00613593,10,28.7,1.00052,1.75728,1,0.00214726,-0.439943,0,0.00292063,-0.279367,0,0.0142201,11,28.7,-2,2.00001,1,-1.11759e-06,-3.72529e-07,0,2.98023e-05,-1.49012e-05,0,0.0112979,12,28.7,3,2.00021,1,0,-0.0028234,0,0,0.00672042,0,0.00458429,13,28.7,-0.999999,1.99999,1,-3.44589e-06,-8.00937e-06,0,1.86265e-05,2.23517e-05,0,0.00967541,14,28.7,-2.63773,3,1,-0.496422,0,0,0.0732243,0,0,0.00754098,15,28.7,-3,-2,1,-1.86265e-05,-5.02914e-06,0,0.000238419,-3.72529e-05,0,0.00693258,16,28.7,-2.23592,-0.265505,1,0.492314,-0.494532,0,0.0889152,-0.116446,0,0.0128529,17,28.7,0.999703,-3,1,-0.000621378,0,0,0.00420958,0,0,0.007958,18,28.7,-2.00001,-2.99576,1,1.60187e-05,0.00702552,0,7.45058e-05,-0.0283867,0,0.011138,19,28.7,-1,3,1,-5.02914e-06,0,0,-7.45058e-06,0,0,0.00832428,20,28.7,0.000711724,-1.00011,1,-0.00366559,0.000309758,0,0.00534043,-0.000111759,0,0.0109876,21,28.7,1.99959,-3,1,0.000303611,0,0,0.00239909,0,0,0.00622653,22,28.7,2.00244,-0.999621,1,0.0908311,-0.011129,0,-0.364289,0.0347234,0,0.0117041,23,28.7,-0.998244,1.00006,1,-0.116348,-0.000222586,0,0.401493,0.00037998,0,0.0120122,24,28.7,1.00076,-1.01505,1,-0.0113883,0.144208,0,0.0277571,-0.422396,0,0.0090381,25,28.7,0.999997,3,1,1.58325e-06,-1.41561e-05,0,3.72529e-06,-2.98023e-05,0,0.00832182,26,28.7,-3,2.3057,1,0,-0.485308,0,0,0.132471,0,0.00834161,27,28.7,-2.7865,-1.0007,1,-0.437435,0.00243075,0,0.331327,-0.00356138,0,0.00794512,28,28.7,0.735641,0.977549,1,-0.465916,-0.0825457,0,-0.195373,-0.0513643,0,0.0146946,29,28.7,1.00004,-0.00040344,1,3.83705e-05,-0.000584788,0,-0.000372529,0.00495415,0,0.00997585,30,28.7,-1.99995,0.562705,1,-0.000235252,-0.278127,0,0.000409782,-0.936072,0,0.0124263,31,28.7,1.99665,0.986585,1,0.00243634,0.0158167,0,0.0221133,0.0790805,0,0.0122086,32,28.7,-3,1.27138,1,0,-0.477794,0,0,0.199854,0,0.00817976,33,28.7,2.99996,1.00066,1,0.000118837,-0.00356417,0,-0.000104308,0.00540167,0,0.00535276,34,28.7,-1.0004,-2,1,-0.000571832,-5.58794e-06,0,0.00493228,1.49012e-05,0,0.0133423,35,28.7,-1.00004,0.00185284,1,0.000249594,-0.116543,0,-0.000551343,0.40132,0,0.0111164
0,28.8,0.000104141,1.23119,1,-0.00018445,0.500003,0,0.000130207,-5.96046e-05,0,0.013014,1,28.8,2.00003,-2.86622e-05,1,0.000238419,3.04443e-05,0,-0.000834465,0.000136933,0,0.0111396,2,28.8,0.00784519,-5.52276e-06,1,0.0784884,0.000207898,0,-0.348823,-0.000667243,0,0.0095981,3,28.8,-2.99816,0.29657,1,-0.0204086,-0.489412,0,0.142813,0.121638,0,0.00773786,4,28.8,2.14449,-2.00021,1,-0.404221,0.0002563,0,0.463843,0.000834465,0,0.00826415,5,28.8,0.000104725,-1.99966,1,-0.00191529,-0.0163227,0,0.00479508,0.0420213,0,0.0107896,6,28.8,3,-1.70379,1,1.78814e-05,-0.489238,0,-0.000119209,0.122488,0,0.00900145,7,28.8,2.99997,-2.99996,1,9.53674e-05,-0.000530481,0,-0.000119209,0.00441074,0,0.00695714,8,28.8,1.23082,-1.99055,1,-0.449482,-0.0725299,0,0.271261,0.228405,0,0.00816267,9,28.8,-3,-3,1,0,0,0,0,0,0,0.00632471,10,28.8,1.00074,1.71194,1,0.00227988,-0.466043,0,0.000119209,-0.233889,0,0.0125913,11,28.8,-2,2.00001,1,0,0,0,5.96046e-05,-0.000119209,0,0.0117733,12,28.8,3,1.99996,1,0,-0.00214577,0,0,0.00667572,0,0.0048182,13,28.8,-1,1.99999,1,-1.49012e-06,-2.98023e-06,0,0,-5.96046e-05,0,0.00855729,14,28.8,-2.68687,3,1,-0.48511,0,0,0.153899,0,0,0.00764952,15,28.8,-3,-2,1,0,-5.96046e-06,0,0.000119209,-5.96046e-05,0,0.00698358,16,28.8,-2.18633,-0.315313,1,0.498432,-0.499756,0,0.031352,-0.00487268,0,0.0157042,17,28.8,0.99966,-3,1,-0.000238419,0,0,0.00339746,0,0,0.00744896,18,28.8,-2.00001,-2.9952,1,1.78814e-05,0.00404716,0,0.000119209,-0.0302792,0,0.0107409,19,28.8,-1,3,1,-5.96046e-06,0,0,0,0,0,0.00755383,20,28.8,0.0003737,-1.00008,1,-0.00307953,0.000292063,0,0.00626477,-0.000357628,0,0.0105527,21,28.8,1.99963,-3,1,0.000497699,0,0,0.00149012,0,0,0.00604325,22,28.8,2.0098,-1.00057,1,0.0573158,-0.00782013,0,-0.305414,0.031352,0,0.0116668,23,28.8,-1.00795,1.00004,1,-0.0786811,-0.000184774,0,0.350296,0.000417233,0,0.0126147,24,28.8,0.999764,-1.00266,1,-0.00860989,0.104266,0,0.0275075,-0.374913,0,0.00853718,25,28.8,0.999997,3,1,1.49012e-06,-1.78814e-05,0,2.98023e-05,0,0,0.00887278,26,28.8,-3,2.25796,1,0,-0.468194,0,0,0.21112,0,0.00676441,27,28.8,-2.82844,-1.00047,1,-0.400019,0.00205934,0,0.413179,-0.00375509,0,0.00715609,28,28.8,0.68809,0.969253,1,-0.484549,-0.0813842,0,-0.162631,0.0684857,0,0.012091,29,28.8,1.00004,-0.000438848,1,5.96046e-06,-0.000140542,0,-0.000238419,0.00392465,0,0.00933703,30,28.8,-1.99997,0.530453,1,-0.000193715,-0.364159,0,0.000417233,-0.77109,0,0.0123108,31,28.8,1.99699,0.988496,1,0.00420511,0.021787,0,0.0135899,0.041604,0,0.0101474,32,28.8,-3,1.22475,1,0,-0.453317,0,0,0.288606,0,0.0086065,33,28.8,2.99997,1.00033,1,0.000107288,-0.00297427,0,-0.000238419,0.00625849,0,0.00581476,34,28.8,-1.00044,-2,1,-0.00013113,-5.96046e-06,0,0.0038743,0,0,0.0126058,35,28.8,-1.00002,-0.00787599,1,0.000196695,-0.0788852,0,-0.000536442,0.350312,0,0.0100077
0,28.9,8.63909e-05,1.28119,1,-0.000170153,0.5,0,0.000154324,-7.45058e-06,0,0.013014,1,28.9,2.00005,-2.50379e-05,1,0.00015758,4.10395e-05,0,-0.000759959,7.67242e-05,0,0.0111396,2,28.9,0.0140473,1.20434e-05,1,0.0465393,0.000144632,0,-0.289766,-0.000594951,0,0.0095981,3,28.9,-2.99956,0.248434,1,-0.00841506,-0.471406,0,0.0980943,0.23595,0,0.00773786,4,28.9,2.10649,-2.00018,1,-0.354826,0.000318512,0,0.518963,0.000402331,0,0.00826415,5,28.9,-6.28394e-05,-2.00108,1,-0.00143748,-0.0121171,0,0.00470793,0.0415817,0,0.0107896,6,28.9,3,-1.7519,1,7.82311e-06,-0.471153,0,-7.45058e-05,0.23669,0,0.00900145,7,28.9,2.99998,-2.99999,1,8.19564e-05,-0.000170618,0,-0.000149012,0.00286102,0,0.00695714,8,28.9,1.18739,-1.99672,1,-0.417846,-0.0515111,0,0.357687,0.192195,0,0.00816267,9,28.9,-3,-3,1,0,0,0,0,0,0,0.00632471,10,28.9,1.00097,1.66428,1,0.00213403,-0.485766,0,-0.00286847,-0.155292,0,0.0125913,11,28.9,-2,2.00001,1,4.09782e-06,-1.00583e-05,0,1.49012e-05,-7.45058e-05,0,0.0117733,12,28.9,3,1.99978,1,0,-0.0014998,0,0,0.00619888,0,0.0048182,13,28.9,-1,1.99999,1,-1.49012e-06,-6.51926e-06,0,0,-2.23517e-05,0,0.00855729,14,28.9,-2.73448,3,1,-0.465604,0,0,0.236228,0,0,0.00764952,15,28.9,-3,-2,1,9.68575e-06,-1.08033e-05,0,5.96046e-05,-2.98023e-05,0,0.00698358,16,28.9,-2.13639,-0.365303,1,0.499902,-0.499985,0,0.00391901,-0.000610873,0,0.0157042,17,28.9,0.999652,-3,1,5.99772e-05,0,0,0.0025779,0,0,0.00744896,18,28.9,-2.00001,-2.99495,1,2.6077e-05,0.00110455,0,2.98023e-05,-0.0281185,0,0.0107409,19,28.9,-1,3,1,-5.7742e-06,0,0,7.45058e-06,0,0,0.00755383,20,28.9,9.76959e-05,-1.00005,1,-0.00243655,0.000252202,0,0.0065065,-0.000432134,0,0.0105527,21,28.9,1.99968,-3,1,0.000607222,0,0,0.000715256,0,0,0.00604325,22,28.9,2.01411,-1.0012,1,0.0298657,-0.00490826,0,-0.243872,0.0267997,0,0.0116668,23,28.9,-1.01417,1.00002,1,-0.0466002,-0.000144355,0,0.290923,0.00037998,0,0.0126147,24,28.9,0.999037,-0.994018,1,-0.00595795,0.0695399,0,0.0253208,-0.319015,0,0.00853718,25,28.9,0.999997,2.99999,1,3.91155e-06,-1.60187e-05,0,1.49012e-05,4.47035e-05,0,0.00887278,26,28.9,-3,2.21237,1,0,-0.441918,0,0,0.310972,0,0.00676441,27,28.9,-2.86627,-1.00029,1,-0.355542,0.00168141,0,0.472352,-0.00377744,0,0.00715609,28,28.9,0.638977,0.9616,1,-0.49617,-0.0703771,0,-0.0713989,0.146382,0,0.012091,29,28.9,1.00004,-0.000435057,1,-1.546e-05,0.000198891,0,-0.000201166,0.00287624,0,0.00933703,30,28.9,-1.99999,0.490575,1,-0.000152923,-0.429478,0,0.000394881,-0.536229,0,0.0123108,31,28.9,1.99747,0.99083,1,0.00518952,0.0243926,0,0.00637025,0.0118241,0,0.0101474,32,28.9,-3,1.18103,1,0,-0.419671,0,0,0.379845,0,0.0086065,33,28.9,2.99998,1.00006,1,8.3819e-05,-0.00233511,0,-0.000223517,0.00644103,0,0.00581476,34,28.9,-1.00043,-2,1,0.00020396,-5.58794e-06,0,0.00283867,1.49012e-05,0,0.0126058,35,28.9,-1.00001,-0.0141106,1,0.000145193,-0.0467958,0,-0.000480562,0.291077,0,0.0100077
0,29,7.01771e-05,1.33119,1,-0.000153854,0.500003,0,0.000170383,-5.96046e-05,0,0.0136641,1,29,2.00006,-2.06375e-05,1,8.34465e-05,4.61381e-05,0,-0.000596046,2.69829e-05,0,0.00990169,2,29,0.0173527,2.36729e-05,1,0.0205692,8.94172e-05,0,-0.22969,-0.000507389,0,0.0104125,3,29,-2.99998,0.202644,1,-0.000560284,-0.44276,0,0.0602007,0.334098,0,0.0079959,4,29,2.07366,-2.00014,1,-0.301403,0.000345707,0,0.544906,0.000119209,0,0.00819291,5,29,-0.000183558,-2.00209,1,-0.000983021,-0.00809431,0,0.00434141,0.0385046,0,0.00966459,6,29,3,-1.79766,1,5.96046e-06,-0.442442,0,-0.000119209,0.33468,0,0.0113459,7,29,2.99998,-3,1,6.55651e-05,4.76837e-05,0,-0.000119209,0.00178814,0,0.0060283,8,29,1.14751,-2.00097,1,-0.378686,-0.0340402,0,0.421882,0.157475,0,0.00784894,9,29,-3,-3,1,0,0,0,0,0,0,0.00602942,10,29,1.00116,1.61508,1,0.00174344,-0.496727,0,-0.00488758,-0.0654459,0,0.0103267,11,29,-2,2.00001,1,5.96046e-06,-1.19209e-05,0,0,-0.000119209,0,0.0112194,12,29,3,1.99966,1,0,-0.000917912,0,0,0.00542402,0,0.00787386,13,29,-1,1.99999,1,-1.49012e-06,-5.96046e-06,0,2.98023e-05,0,0,0.00743424,14,29,-2.77972,3,1,-0.437939,0,0,0.316024,0,0,0.00602706,15,29,-3,-2,1,1.19209e-05,-1.19209e-05,0,0,0,0,0.00850822,16,29,-2.08639,-0.415303,1,0.5,-0.5,0,0,1.43051e-05,0,0.0133164,17,29,0.999669,-3,1,0.000278652,0,0,0.00178814,0,0,0.00579542,18,29,-2.00001,-2.99497,1,2.98023e-05,-0.001508,0,0,-0.0238419,0,0.0104247,19,29,-1,3,1,-5.96046e-06,0,0,5.96046e-05,0,0,0.0079285,20,29,-0.000113635,-1.00003,1,-0.00179393,0.000208616,0,0.00627723,-0.000476837,0,0.00934233,21,29,1.99975,-3,1,0.00064671,0,0,5.96046e-05,0,0,0.00543452,22,29,2.01597,-1.00156,1,0.00845194,-0.00247359,0,-0.185013,0.0218749,0,0.0102575,23,29,-1.01747,1.00001,1,-0.0205278,-0.000107288,0,0.230551,0.000298023,0,0.00968238,24,29,0.998563,-0.988562,1,-0.00358075,0.0405386,0,0.0220835,-0.26089,0,0.00869968,25,29,0.999998,2.99999,1,5.96046e-06,-1.78814e-05,0,-2.98023e-05,0.000238419,0,0.00769408,26,29,-3,2.16987,1,0,-0.406682,0,0,0.390172,0,0.00644059,27,29,-2.89939,-1.00014,1,-0.30635,0.0013113,0,0.507474,-0.00363588,0,0.0080814,28,29,0.589129,0.955386,1,-0.499694,-0.0530973,0,-0.00610948,0.194669,0,0.0114297,29,29,1.00004,-0.000402432,1,-2.98023e-05,0.000437559,0,-0.000178814,0.00191347,0,0.00915804,30,29,-2.00001,0.445322,1,-0.000113249,-0.471914,0,0.000476837,-0.316635,0,0.0110431,31,29,1.99801,0.993288,1,0.00552833,0.0244007,0,0.000715256,-0.0104606,0,0.0110733,32,29,-3,1.14108,1,0,-0.378209,0,0,0.445187,0,0.00863857,33,29,2.99999,0.999861,1,5.96046e-05,-0.00170171,0,-0.000119209,0.00619888,0,0.00720205,34,29,-1.0004,-2,1,0.000438094,-5.96046e-06,0,0.00190735,0.000119209,0,0.0100223,35,29,-0.999993,-0.0174354,1,9.98378e-05,-0.020705,0,-0.000447035,0.230789,0,0.0108382
0,29.1,5.56603e-05,1.38119,1,-0.000136345,0.5,0,0.000178684,-7.45058e-06,0,0.0136641,1,29.1,2.00006,-1.59585e-05,1,2.79397e-05,4.67939e-05,0,-0.000491738,-1.19864e-05,0,0.00990169,2,29.1,0.0183615,3.02403e-05,1,0.000591512,4.35617e-05,0,-0.170703,-0.000409611,0,0.0104125,3,29.1,-2.99978,0.160197,1,0.00396632,-0.404704,0,0.0316948,0.421784,0,0.0079959,4,29.1,2.04625,-2.00011,1,-0.246803,0.000343844,0,0.542685,-0.00013411,0,0.00819291,5,29.1,-0.000261086,-2.00271,1,-0.00057739,-0.00449941,0,0.00375196,0.0331998,0,0.00966459,6,29.1,3,-1.84008,1,-3.72529e-06,-0.40434,0,-5.96046e-05,0.422135,0,0.0113459,7,29.1,2.99999,-2.99999,1,5.32717e-05,0.000176579,0,-0.00013411,0.000834465,0,0.0060283,8,29.1,1.11182,-2.00364,1,-0.334421,-0.0199389,0,0.460275,0.124916,0,0.00784894,9,29.1,-3,-3,1,0,0,0,0,0,0,0.00602942,10,29.1,1.00131,1.56521,1,0.00121966,-0.499795,0,-0.00549853,-0.00818074,0,0.0103267,11,29.1,-2,2.00001,1,5.21541e-06,-2.01166e-05,0,-1.49012e-05,-2.98023e-05,0,0.0112194,12,29.1,3,1.99959,1,0,-0.000422448,0,0,0.00447035,0,0.00787386,13,29.1,-1,1.99999,1,9.31323e-07,-5.02914e-06,0,1.49012e-05,2.23517e-05,0,0.00743424,14,29.1,-2.82178,3,1,-0.401868,0,0,0.400886,0,0,0.00602706,15,29.1,-3,-2,1,1.15484e-05,-1.11759e-05,0,-1.49012e-05,1.49012e-05,0,0.00850822,16,29.1,-2.03639,-0.465279,1,0.5,-0.499235,0,0,0.0170767,0,0.0133164,17,29.1,0.999705,-3,1,0.000421144,0,0,0.00108033,0,0,0.00579542,18,29.1,-2,-2.99523,1,2.81259e-05,-0.003599,0,-3.72529e-05,-0.0179261,0,0.0104247,19,29.1,-1,3,1,-9.31323e-07,0,0,3.72529e-05,0,0,0.0079285,20,29.1,-0.000262576,-1.00001,1,-0.00119525,0.000161212,0,0.00565629,-0.000465661,0,0.00934233,21,29.1,1.99981,-3,1,0.000628829,0,0,-0.00038743,0,0,0.00543452,22,29.1,2.01599,-1.00171,1,-0.00725836,-0.000543706,0,-0.130355,0.0167564,0,0.0102575,23,29.1,-1.01847,1,1,-0.000478327,-7.87899e-05,0,0.171274,0.000275671,0,0.00968238,24,29.1,0.998309,-0.985714,1,-0.00157021,0.0173984,0,0.0180826,-0.202514,0,0.00869968,25,29.1,0.999998,2.99999,1,3.44589e-06,1.11759e-06,0,-1.86265e-05,0.000163913,0,0.00769408,26,29.1,-3,2.13125,1,0,-0.36482,0,0,0.443965,0,0.00644059,27,29.1,-2.92745,-1.00002,1,-0.254624,0.000963639,0,0.521839,-0.00329688,0,0.0080814,28,29.1,0.539141,0.951091,1,-0.499981,-0.0324775,0,-0.000771135,0.214059,0,0.0114297,29,29.1,1.00003,-0.000350595,1,-4.41447e-05,0.000584951,0,-0.000111759,0.00105973,0,0.00915804,30,29.1,-2.00001,0.396877,1,-7.0408e-05,-0.493895,0,0.000402331,-0.131486,0,0.0110431,31,29.1,1.99856,0.995648,1,0.00537764,0.0225425,0,-0.00349432,-0.0256374,0,0.0110733,32,29.1,-3,1.10555,1,0,-0.331681,0,0,0.481822,0,0.00863857,33,29.1,2.99999,0.999721,1,4.58211e-05,-0.00111284,0,-0.000163913,0.00553951,0,0.00720205,34,29.1,-1.00035,-2,1,0.000584871,4.09782e-06,0,0.00104308,7.45058e-05,0,0.0100223,35,29.1,-0.999985,-0.0184527,1,5.9139e-05,-0.000629164,0,-0.000368804,0.171566,0,0.0108382
0,29.2,4.2925e-05,1.43119,1,-0.000118326,0.500003,0,0.000180731,-5.96046e-05,0,0.0147814,1,29.2,2.00006,-1.13904e-05,1,-1.78814e-05,4.40976e-05,0,-0.000357628,-4.02542e-05,0,0.0145147,2,29.2,0.0176587,3.27105e-05,1,-0.0137561,7.45285e-06,0,-0.117254,-0.000313095,0,0.00977292,3,29.2,-2.99927,0.121944,1,0.00602603,-0.359402,0,0.010848,0.479508,0,0.00713864,4,29.2,2.02425,-2.00008,1,-0.193655,0.000315905,0,0.516891,-0.000238419,0,0.00771979,5,29.2,-0.00030117,-2.003,1,-0.000235612,-0.0014782,0,0.003073,0.0270605,0,0.0103002,6,29.2,3,-1.87829,1,-5.96046e-06,-0.359014,0,-0.000119209,0.479698,0,0.0102026,7,29.2,2.99999,-2.99996,1,4.17233e-05,0.000226498,0,-0.000238419,0.000119209,0,0.00484512,8,29.2,1.08072,-2.00506,1,-0.287253,-0.00897646,0,0.480056,0.0948906,0,0.00787187,9,29.2,-3,-3,1,0,0,0,0,0,0,0.00574771,10,29.2,1.00141,1.51521,1,0.000655651,-0.500003,0,-0.00560284,5.96046e-05,0,0.00927513,11,29.2,-2,2,1,2.98023e-06,-2.38419e-05,0,0,-0.000119209,0,0.0132305,12,29.2,3,1.99957,1,0,-2.68221e-05,0,0,0.00351667,0,0.0066277,13,29.2,-1,1.99999,1,1.49012e-06,0,0,2.98023e-05,-5.96046e-05,0,0.00784889,14,29.2,-2.85986,3,1,-0.358635,0,0,0.459552,0,0,0.00694927,15,29.2,-3,-2,1,5.96046e-06,-5.96046e-06,0,0.000119209,-0.000119209,0,0.00730174,16,29.2,-1.98639,-0.515076,1,0.500003,-0.496259,0,-5.96046e-05,0.0439286,0,0.0121357,17,29.2,0.999752,-3,1,0.000499189,0,0,0.000476837,0,0,0.00643096,18,29.2,-2,-2.99567,1,2.38419e-05,-0.00509024,0,-5.96046e-05,-0.0118017,0,0.0108831,19,29.2,-1,3,1,0,0,0,0.000119209,0,0,0.00796302,20,29.2,-0.000355119,-0.999996,1,-0.000669297,0.000117719,0,0.00483656,-0.000447035,0,0.00912108,21,29.2,1.99987,-3,1,0.000572205,0,0,-0.000655651,0,0,0.00585173,22,29.2,2.01469,-1.00169,1,-0.0178576,0.00089407,0,-0.0828505,0.0119209,0,0.0107489,23,29.2,-1.01776,0.999995,1,0.0139147,-5.36442e-05,0,0.1176,0.000238419,0,0.00892194,24,29.2,0.998235,-0.984895,1,3.12924e-05,-0.000102818,0,0.0139773,-0.148326,0,0.00924179,25,29.2,0.999999,2.99999,1,2.98023e-06,5.96046e-06,0,-2.98023e-05,0.000238419,0,0.0100045,26,29.2,-3,2.09706,1,0,-0.318509,0,0,0.478864,0,0.0064765,27,29.2,-2.95032,-0.999942,1,-0.202936,0.000654161,0,0.507355,-0.00286102,0,0.00818506,28,29.2,0.489141,0.94892,1,-0.5,-0.0109553,0,1.43051e-05,0.213385,0,0.00973934,29,29.2,1.00003,-0.000288034,1,-5.36442e-05,0.000654544,0,0,0.000357104,0,0.00906167,30,29.2,-2.00002,0.347073,1,-3.57628e-05,-0.5,0,0.000238419,-1.43051e-05,0,0.0119543,31,29.2,1.99907,0.997756,1,0.00487566,0.0194699,0,-0.00631809,-0.0349879,0,0.011122,32,29.2,-3,1.07483,1,0,-0.282538,0,0,0.497818,0,0.00965835,33,29.2,3,0.999636,1,2.98023e-05,-0.000600517,0,-0.000119209,0.00473857,0,0.00619966,34,29.2,-1.00029,-2,1,0.000655651,5.96046e-06,0,0.000298023,0.000119209,0,0.0110007,35,29.2,-0.999981,-0.0177498,1,2.68221e-05,0.0137932,0,-0.000298023,0.117891,0,0.00910856
0,29.3,3.19905e-05,1.48119,1,-0.000100439,0.5,0,0.000176249,-7.45058e-06,0,0.0147814,1,29.3,2.00006,-7.21585e-06,1,-4.88013e-05,3.9091e-05,0,-0.000283122,-5.83666e-05,0,0.0145147,2,29.3,0.0157785,3.20481e-05,1,-0.0230664,-1.91655e-05,0,-0.0703484,-0.000220982,0,0.00977292,3,29.3,-2.99864,0.0884554,1,0.00635311,-0.309931,0,-0.00333786,0.505963,0,0.00713864,4,29.3,2.0074,-2.00005,1,-0.144169,0.000283495,0,0.4704,-0.000402331,0,0.00771979,5,29.3,-0.000310591,-2.00303,1,3.50354e-05,0.000895187,0,0.00234401,0.0204593,0,0.0103002,6,29.3,3,-1.91174,1,-1.41561e-05,-0.309535,0,-2.98023e-05,0.505939,0,0.0102026,7,29.3,3,-2.99994,1,2.16067e-05,0.000216439,0,-0.000149012,-0.000283122,0,0.00484512,8,29.3,1.0544,-2.00553,1,-0.239057,-0.000875443,0,0.480413,0.0677407,0,0.00787187,9,29.3,-3,-3,1,0,0,0,0,0,0,0.00574771,10,29.3,1.00144,1.46521,1,0.000105612,-0.5,0,-0.00534207,7.45058e-06,0,0.00927513,11,29.3,-2,2,1,2.23517e-06,-3.14787e-05,0,-1.49012e-05,-3.72529e-05,0,0.0132305,12,29.3,3,1.99958,1,0,0.000273623,0,0,0.00251085,0,0.0066277,13,29.3,-1,1.99999,1,3.53903e-06,-3.53903e-06,0,7.45058e-06,-2.23517e-05,0,0.00784889,14,29.3,-2.89335,3,1,-0.310731,0,0,0.494406,0,0,0.00694927,15,29.3,-2.99999,-2,1,1.41561e-05,-1.41561e-05,0,2.98023e-05,-2.98023e-05,0,0.00730174,16,29.3,-1.93639,-0.564393,1,0.5,-0.489199,0,-7.45058e-06,0.0967719,0,0.0121357,17,29.3,0.999803,-3,1,0.000522193,0,0,3.72529e-06,0,0,0.00643096,18,29.3,-2,-2.99623,1,1.78814e-05,-0.00596344,0,-5.96046e-05,-0.00581145,0,0.0108831,19,29.3,-1,3,1,8.6613e-06,0,0,6.33299e-05,0,0,0.00796302,20,29.3,-0.000399452,-0.999987,1,-0.000233335,7.61822e-05,0,0.00387885,-0.00037998,0,0.00912108,21,29.3,1.99993,-3,1,0.00049565,0,0,-0.000856817,0,0,0.00585173,22,29.3,2.01256,-1.00155,1,-0.0240732,0.00186544,0,-0.0429004,0.00762194,0,0.0107489,23,29.3,-1.01586,0.999991,1,0.0232486,-3.19444e-05,0,0.070475,0.00019744,0,0.00892194,24,29.3,0.998301,-0.985562,1,0.00122124,-0.0124293,0,0.00989065,-0.0994317,0,0.00924179,25,29.3,0.999999,3,1,5.58794e-07,1.9744e-05,0,-1.49012e-05,4.47035e-05,0,0.0100045,26,29.3,-3,2.06764,1,0,-0.269698,0,0,0.493437,0,0.0064765,27,29.3,-2.96813,-0.99989,1,-0.153855,0.00039218,0,0.470325,-0.00238046,0,0.00818506,28,29.3,0.439142,0.948847,1,-0.499961,0.00902042,0,0.00157014,0.185229,0,0.00973934,29,29.3,1.00002,-0.000221775,1,-5.25266e-05,0.000661525,0,2.98023e-05,-0.0001907,0,0.00906167,30,29.3,-2.00002,0.297264,1,-1.37836e-05,-0.494268,0,0.000193715,0.114659,0,0.0119543,31,29.3,1.99953,0.99952,1,0.00415407,0.0157369,0,-0.00794232,-0.0389814,0,0.011122,32,29.3,-3,1.04907,1,0,-0.232829,0,0,0.492863,0,0.00965835,33,29.3,3,0.999598,1,1.78814e-05,-0.000175834,0,-0.000119209,0.00375509,0,0.00619966,34,29.3,-1.00022,-2,1,0.000657886,1.56462e-05,0,-0.000223517,5.96046e-05,0,0.0110007,35,29.3,-0.999979,-0.0158631,1,1.30385e-06,0.0231563,0,-0.000216067,0.0707708,0,0.00910856
0,29.4,2.2815e-05,1.53119,1,-8.32136e-05,0.500003,0,0.000167642,-5.96046e-05,0,0.0130787,1,29.4,2.00005,-3.61807e-06,1,-6.55651e-05,3.27021e-05,0,-0.000357628,-6.81439e-05,0,0.0106443,2,29.4,0.0131879,2.91669e-05,1,-0.0281014,-3.71039e-05,0,-0.0317129,-0.00013968,0,0.00885174,3,29.4,-2.99803,0.0600077,1,0.00553727,-0.258953,0,-0.0120401,0.510095,0,0.00816085,4,29.4,1.99524,-2.00002,1,-0.0999808,0.000238419,0,0.411808,-0.000596046,0,0.00828693,5,29.4,-0.000296542,-2.00285,1,0.000234397,0.0026226,0,0.00165125,0.0141859,0,0.0101275,6,29.4,2.99999,-1.94015,1,-1.78814e-05,-0.258568,0,0.000119209,0.509918,0,0.0108447,7,29.4,3,-2.99992,1,1.19209e-05,0.000178814,0,-0.000238419,-0.000596046,0,0.00669677,8,29.4,1.03288,-2.00532,1,-0.191802,0.00470281,0,0.461817,0.0444651,0,0.00790209,9,29.4,-3,-3,1,0,0,0,0,0,0,0.00597503,10,29.4,1.00143,1.41521,1,-0.000402331,-0.500003,0,-0.00482798,5.96046e-05,0,0.010755,11,29.4,-2,2,1,0,-2.98023e-05,0,0,-5.96046e-05,0,0.0107836,12,29.4,3,1.99962,1,0,0.000479817,0,0,0.00154972,0,0.0072489,13,29.4,-0.999999,1.99999,1,4.47035e-06,-2.98023e-06,0,0,0,0,0.00815075,14,29.4,-2.92193,3,1,-0.260556,0,0,0.505328,0,0,0.00871486,15,29.4,-2.99999,-2,1,1.78814e-05,-1.78814e-05,0,-0.000119209,0,0,0.0113002,16,29.4,-1.88639,-0.612745,1,0.500003,-0.477013,0,-5.96046e-05,0.146329,0,0.0118289,17,29.4,0.999855,-3,1,0.000505149,0,0,-0.00038743,0,0,0.0071037,18,29.4,-2,-2.99685,1,1.19209e-05,-0.00628233,0,-5.96046e-05,-0.000715256,0,0.00918742,19,29.4,-1,3,1,1.3411e-05,0,0,2.98023e-05,0,0,0.0089807,20,29.4,-0.000404997,-0.999981,1,0.000106444,4.17233e-05,0,0.00292031,-0.000327826,0,0.00890662,21,29.4,1.99997,-3,1,0.000405312,0,0,-0.000953674,0,0,0.00557827,22,29.4,2.01,-1.00133,1,-0.0267148,0.00244081,0,-0.0112057,0.00399351,0,0.0132297,23,29.4,-1.01325,0.999988,1,0.0282884,-1.49012e-05,0,0.0316501,0.000178814,0,0.0104393,24,29.4,0.998467,-0.98723,1,0.00202358,-0.0202358,0,0.00619888,-0.0579655,0,0.00907089,25,29.4,0.999999,3,1,0,1.78814e-05,0,-2.98023e-05,0,0,0.0114662,26,29.4,-3,2.04313,1,0,-0.220549,0,0,0.486135,0,0.00626815,27,29.4,-2.98125,-0.999862,1,-0.109553,0.000177324,0,0.41306,-0.00184774,0,0.00902965,28,29.4,0.389167,0.950622,1,-0.499373,0.0259399,0,0.0125617,0.152558,0,0.0100582,29,29.4,1.00002,-0.000157295,1,-4.76837e-05,0.000621484,0,0,-0.000586136,0,0.00899229,30,29.4,-2.00002,0.248599,1,0,-0.477162,0,0.000238419,0.226505,0,0.0115548,31,29.4,1.9999,1.0009,1,0.00332296,0.0117958,0,-0.00864267,-0.0392199,0,0.0106178,32,29.4,-3,1.02821,1,0,-0.184599,0,0,0.46891,0,0.00930809,33,29.4,3,0.999598,1,5.96046e-06,0.000151992,0,-0.000119209,0.00277162,0,0.00564062,34,29.4,-1.00016,-2,1,0.000616908,1.49012e-05,0,-0.000655651,0.000119209,0,0.00980722,35,29.4,-0.99998,-0.0132617,1,-1.63913e-05,0.028224,0,-0.000149012,0.0319485,0,0.00884464
0,29.5,1.53102e-05,1.58118,1,-6.71078e-05,0.49982,0,0.000154132,-0.0064075,0,0.0130787,1,29.5,2.00005,-6.94879e-07,1,-9.23872e-05,2.57233e-05,0,-0.000178814,-7.04767e-05,0,0.0106443,2,29.5,0.0102732,2.48795e-05,1,-0.0296886,-4.74906e-05,0,-0.00145204,-7.04455e-05,0,0.00885174,3,29.5,-2.99755,0.0366423,1,0.00409111,-0.208644,0,-0.0163019,0.492821,0,0.00816085,4,29.5,1.98719,-2,1,-0.0621578,0.000179745,0,0.344194,-0.000573695,0,0.00828693,5,29.5,-0.000265945,-2.00252,1,0.00036694,0.00374541,0,0.00101559,0.00843406,0,0.0101275,6,29.5,2.99999,-1.96348,1,-7.82311e-06,-0.208285,0,7.45058e-05,0.492498,0,0.0108447,7,29.5,3,-2.99991,1,-5.58794e-06,0.000115111,0,-0.00013411,-0.00064075,0,0.00669677,8,29.5,1.01595,-2.00466,1,-0.147289,0.00814721,0,0.426233,0.0251234,0,0.00790209,9,29.5,-3,-3,1,0,0,0,0,0,0,0.00597503,10,29.5,1.00136,1.36532,1,-0.000833347,-0.496818,0,-0.0037998,0.0654683,0,0.010755,11,29.5,-2,1.99999,1,-1.86265e-07,-3.1665e-05,0,-7.45058e-06,1.49012e-05,0,0.0107836,12,29.5,3,1.99968,1,0,0.000595301,0,0,0.00077486,0,0.0072489,13,29.5,-0.999999,1.99999,1,4.00469e-06,-2.04891e-06,0,-1.11759e-05,2.23517e-05,0,0.00815075,14,29.5,-2.94546,3,1,-0.210263,0,0,0.496104,0,0,0.00871486,15,29.5,-2.99999,-2,1,7.45058e-06,-1.60187e-05,0,-8.9407e-05,4.47035e-05,0,0.0113002,16,29.5,-1.83639,-0.659622,1,0.5,-0.459619,0,-7.45058e-06,0.200205,0,0.0118289,17,29.5,0.999903,-3,1,0.000454579,0,0,-0.000607222,0,0,0.0071037,18,29.5,-2,-2.99747,1,6.14673e-06,-0.00613332,0,-5.21541e-05,0.00348687,0,0.00918742,19,29.5,-0.999998,3,1,1.47149e-05,0,0,0,0,0,0.0089807,20,29.5,-0.000381332,-0.999978,1,0.000351455,1.28523e-05,0,0.00199713,-0.00025332,0,0.00890662,21,29.5,2.00001,-3,1,0.000309944,0,0,-0.000953674,0,0,0.00557827,22,29.5,2.00731,-1.00107,1,-0.0265941,0.00268668,0,0.0123084,0.00104308,0,0.0132297,23,29.5,-1.01032,0.999988,1,0.0298636,3.72529e-07,0,0.00127405,0.00012666,0,0.0104393,24,29.5,0.998694,-0.989483,1,0.00247965,-0.024273,0,0.00302866,-0.0241362,0,0.00907089,25,29.5,0.999999,3,1,-2.04891e-06,1.3411e-05,0,-7.45058e-06,-5.96046e-05,0,0.0114662,26,29.5,-3,2.02347,1,0,-0.173163,0,0,0.458777,0,0.00626815,27,29.5,-2.99025,-0.999853,1,-0.0717208,1.59256e-05,0,0.341952,-0.00138953,0,0.00902965,28,29.5,0.339359,0.953921,1,-0.495979,0.0394381,0,0.0608712,0.117045,0,0.0100582,29,29.5,1.00001,-9.85497e-05,1,-4.58211e-05,0.000549243,0,4.47035e-05,-0.000837325,0,0.00899229,30,29.5,-2.00002,0.202222,1,1.8999e-05,-0.448438,0,0.000163913,0.343001,0,0.0115548,31,29.5,2.00019,1.00188,1,0.0024626,0.00799838,0,-0.00847131,-0.0363961,0,0.0106178,32,29.5,-3,1.01204,1,0,-0.139642,0,0,0.428148,0,0.00930809,33,29.5,3,0.999625,1,-3.72529e-06,0.000382587,0,-5.96046e-05,0.00186265,0,0.00564062,34,29.5,-1.0001,-2,1,0.000539608,2.2538e-05,0,-0.000871718,3.72529e-05,0,0.00980722,35,29.5,-0.999983,-0.0103338,1,-2.79397e-05,0.0298268,0,-8.9407e-05,0.00153368,0,0.00884464
0,29.6,9.34525e-06,1.63109,1,-5.2447e-05,0.497758,0,0.000138829,-0.0417233,0,0.0126222,1,29.6,2.00004,1.52778e-06,1,-0.000107288,1.87761e-05,0,0,-6.77292e-05,0,0.00952321,2,29.6,0.00733728,1.98759e-05,1,-0.0286611,-5.16588e-05,0,0.0207317,-1.51841e-05,0,0.00913219,3,29.6,-2.99722,0.0181906,1,0.00237226,-0.16097,0,-0.0174046,0.458123,0,0.00829994,4,29.6,1.98258,-1.99998,1,-0.0311852,0.00012517,0,0.275373,-0.000536442,0,0.00735166,5,29.6,-0.000225112,-2.00212,1,0.000440757,0.00433922,0,0.000477193,0.00357628,0,0.00994763,6,29.6,2.99999,-1.98189,1,5.96046e-06,-0.160649,0,-0.000119209,0.457704,0,0.00828402,7,29.6,3,-2.9999,1,-1.78814e-05,4.76837e-05,0,0,-0.000596046,0,0.00703911,8,29.6,1.00328,-2.00375,1,-0.106929,0.00986457,0,0.379294,0.00977516,0,0.00720819,9,29.6,-3,-3,1,0,0,0,0,0,0,0.00614557,10,29.6,1.00126,1.31608,1,-0.00116229,-0.486627,0,-0.00280142,0.139475,0,0.0100261,11,29.6,-2,1.99999,1,0,-2.68221e-05,0,-5.96046e-05,0,0,0.0117422,12,29.6,3,1.99974,1,0,0.00064075,0,0,0.000178814,0,0.00434698,13,29.6,-0.999998,1.99999,1,4.47035e-06,0,0,-5.96046e-05,5.96046e-05,0,0.00815408,14,29.6,-2.96405,3,1,-0.162131,0,0,0.463009,0,0,0.00716224,15,29.6,-2.99999,-2.00001,1,0,-1.78814e-05,0,0,0.000238419,0,0.00988869,16,29.6,-1.78639,-0.704503,1,0.500003,-0.437242,0,-5.96046e-05,0.245988,0,0.0126271,17,29.6,0.999945,-3,1,0.00038594,0,0,-0.000715256,0,0,0.00668684,18,29.6,-1.99999,-2.99806,1,0,-0.00562668,0,0,0.0064373,0,0.0108593,19,29.6,-0.999997,3,1,1.3411e-05,0,0,-2.98023e-05,0,0,0.00927509,20,29.6,-0.000337605,-0.999978,1,0.000509518,-7.45058e-06,0,0.00118341,-0.000208616,0,0.00882487,21,29.6,2.00003,-3,1,0.000214577,0,0,-0.000834465,0,0,0.00589409,22,29.6,2.00474,-1.0008,1,-0.0244915,0.00267625,0,0.028491,-0.0012517,0,0.012181,23,29.6,-1.00737,0.999988,1,0.0288159,1.04308e-05,0,-0.0209808,8.9407e-05,0,0.00924447,24,29.6,0.998953,-0.991985,1,0.00264943,-0.0253245,0,0.000506639,0.00187755,0,0.0091706,25,29.6,0.999998,3,1,-2.98023e-06,5.96046e-06,0,0,-0.000119209,0,0.00811946,26,29.6,-3,2.00838,1,0,-0.129277,0,0,0.416756,0,0.00689346,27,29.6,-2.99584,-0.999858,1,-0.0413775,-9.98378e-05,0,0.264525,-0.00101328,0,0.00893757,28,29.6,0.290182,0.958389,1,-0.486282,0.0493065,0,0.136733,0.0802577,0,0.00952952,29,29.6,1.00001,-4.80795e-05,1,-4.17233e-05,0.000457941,0,5.96046e-05,-0.000970851,0,0.00769168,30,29.6,-2.00002,0.159251,1,3.57628e-05,-0.409535,0,0,0.430316,0,0.0139033,31,29.6,2.0004,1.00251,1,0.00164509,0.00457764,0,-0.0077486,-0.0318885,0,0.0102206,32,29.6,-3,1.00013,1,0,-0.0993207,0,0,0.37691,0,0.00855604,33,29.6,3,0.999671,1,-5.96046e-06,0.000527501,0,-0.000119209,0.00107288,0,0.00567416,34,29.6,-1.00005,-2,1,0.000447035,2.38419e-05,0,-0.000953674,0,0,0.00956503,35,29.6,-0.999986,-0.00738385,1,-3.42727e-05,0.0288012,0,-2.98023e-05,-0.0207692,0,0.0094239
0,29.7,4.76677e-06,1.68057,1,-3.94058e-05,0.490736,0,0.000121852,-0.102594,0,0.0126222,1,29.7,2.00003,3.07726e-06,1,-0.000102818,1.23297e-05,0,5.96046e-05,-6.07744e-05,0,0.00952321,2,29.7,0.00460191,1.47088e-05,1,-0.0258041,-5.09936e-05,0,0.0352815,2.62336e-05,0,0.00913219,3,29.7,-2.99707,0.00430585,1,0.000676885,-0.117551,0,-0.0162572,0.408629,0,0.00829994,4,29.7,1.98072,-1.99997,1,-0.00708494,7.52509e-05,0,0.207536,-0.000461936,0,0.00735166,5,29.7,-0.000179423,-2.00167,1,0.000465763,0.00449307,0,4.1784e-05,-0.000312924,0,0.00994763,6,29.7,2.99999,-1.99575,1,-2.23517e-06,-0.117276,0,-2.98023e-05,0.408135,0,0.00828402,7,29.7,2.99999,-2.9999,1,-1.60187e-05,-9.31323e-06,0,4.47035e-05,-0.000521541,0,0.00703911,8,29.7,0.994392,-2.00273,1,-0.0717496,0.0102434,0,0.323646,-0.00159442,0,0.00720819,9,29.7,-3,-3,1,0,0,0,0,0,0,0.00614557,10,29.7,1.00114,1.26824,1,-0.00139344,-0.468971,0,-0.00182539,0.214182,0,0.0100261,11,29.7,-2,1.99999,1,-5.02914e-06,-2.44007e-05,0,-3.72529e-05,3.72529e-05,0,0.0117422,12,29.7,3,1.9998,1,0,0.000633486,0,0,-0.000305474,0,0.00434698,13,29.7,-0.999998,1.99999,1,-2.79397e-07,5.21541e-06,0,-4.09782e-05,4.47035e-05,0,0.00815408,14,29.7,-2.97803,3,1,-0.118241,0,0,0.411928,0,0,0.00716224,15,29.7,-2.99999,-2.00001,1,-3.72529e-07,1.11759e-06,0,-1.49012e-05,0.000163913,0,0.00988869,16,29.7,-1.73639,-0.746911,1,0.5,-0.410129,0,-7.45058e-06,0.294026,0,0.0126271,17,29.7,0.99998,-3,1,0.000311341,0,0,-0.000763685,0,0,0.00668684,18,29.7,-1.99999,-2.99859,1,-1.86265e-07,-0.00487752,0,-7.45058e-06,0.00835955,0,0.0108593,19,29.7,-0.999996,3,1,9.96515e-06,0,0,-4.09782e-05,0,0,0.00927509,20,29.7,-0.000281949,-0.99998,1,0.000592106,-2.44007e-05,0,0.000493275,-0.00013411,0,0.00882487,21,29.7,2.00005,-3,1,0.000135228,0,0,-0.000730157,0,0,0.00589409,22,29.7,2.00246,-1.00054,1,-0.0211164,0.0024708,0,0.0380576,-0.00276417,0,0.012181,23,29.7,-1.00462,0.99999,1,0.0259323,1.72295e-05,0,-0.0355616,4.84288e-05,0,0.00924447,24,29.7,0.999217,-0.994474,1,0.00259746,-0.0241548,0,-0.00143796,0.0203624,0,0.0091706,25,29.7,0.999998,3,1,-2.6077e-06,-3.72529e-06,0,7.45058e-06,-5.96046e-05,0,0.00811946,26,29.7,-3,1.99745,1,0,-0.0902347,0,0,0.362962,0,0.00689346,27,29.7,-2.99879,-0.999872,1,-0.018831,-0.000180677,0,0.187293,-0.000618398,0,0.00893757,28,29.7,0.242431,0.963652,1,-0.466861,0.0552978,0,0.248974,0.0405088,0,0.00952952,29,29.7,1,-7.22115e-06,1,-3.50177e-05,0.000358755,0,7.45058e-05,-0.000999495,0,0.00769168,30,29.7,-2.00002,0.12055,1,3.53903e-05,-0.363563,0,-1.49012e-05,0.485036,0,0.0139033,31,29.7,2.00052,1.00282,1,0.000922009,0.00167713,0,-0.00666082,-0.0260621,0,0.0102206,32,29.7,-3,0.991986,1,0,-0.0645624,0,0,0.317786,0,0.00855604,33,29.7,3,0.999728,1,-1.41561e-05,0.000599679,0,-2.98023e-05,0.000398606,0,0.00567416,34,29.7,-1.00001,-1.99999,1,0.000349712,2.16067e-05,0,-0.000972301,-2.98023e-05,0,0.00956503,35,29.7,-0.999989,-0.00463482,1,-3.54834e-05,0.0259359,0,3.72529e-06,-0.0354043,0,0.0094239
0,29.8,1.40631e-06,1.729,1,-2.80964e-05,0.476629,0,0.000104279,-0.181854,0,0.013555,1,29.8,2.00002,4.02074e-06,1,-8.9407e-05,6.69094e-06,0,0,-5.17266e-05,0,0.0114069,2,29.8,0.00221418,9.79348e-06,1,-0.021812,-4.68352e-05,0,0.0436153,5.49581e-05,0,0.0105122,3,29.8,-2.99708,-0.00549919,1,-0.000834465,-0.0795077,0,-0.0139475,0.351224,0,0.00875601,4,29.8,1.98095,-1.99997,1,0.0105262,3.27826e-05,0,0.145733,-0.000357628,0,0.00734938,5,29.8,-0.000133226,-2.00123,1,0.000452724,0.00430942,0,-0.00028533,-0.00321865,0,0.0105145,6,29.8,2.99999,-2.00553,1,-5.96046e-06,-0.0792801,0,-0.000119209,0.350714,0,0.00728466,7,29.8,2.99999,-2.9999,1,-1.78814e-05,-5.36442e-05,0,0.000238419,-0.000476837,0,0.00729149,8,29.8,0.988739,-2.00173,1,-0.0422865,0.00966191,0,0.265479,-0.00953674,0,0.00863467,9,29.8,-3,-3,1,0,0,0,0,0,0,0.00605197,10,29.8,1.00099,1.22254,1,-0.00152886,-0.443769,0,-0.00089407,0.289559,0,0.0104426,11,29.8,-2,1.99999,1,-5.96046e-06,-1.49012e-05,0,-5.96046e-05,0,0,0.0108312,12,29.8,3,1.99986,1,0,0.000584126,0,0,-0.000655651,0,0.00473024,13,29.8,-0.999998,1.99999,1,-4.47035e-06,8.9407e-06,0,0,0,0,0.00846481,14,29.8,-2.9879,3,1,-0.0802159,0,0,0.347018,0,0,0.00742445,15,29.8,-2.99999,-2.00001,1,0,1.19209e-05,0,-0.000119209,0.000119209,0,0.0102959,16,29.8,-1.68639,-0.78639,1,0.500003,-0.378871,0,-5.96046e-05,0.329137,0,0.0111656,17,29.8,1.00001,-3,1,0.000232458,0,0,-0.000715256,0,0,0.00667969,18,29.8,-2,-2.99903,1,0,-0.00399351,0,-5.96046e-05,0.00917912,0,0.011725,19,29.8,-0.999995,3,1,7.45058e-06,0,0,-8.9407e-05,0,0,0.0082296,20,29.8,-0.000221239,-0.999983,1,0.000613017,-3.42727e-05,0,-5.15429e-05,-5.96046e-05,0,0.00878596,21,29.8,2.00006,-3,1,6.55651e-05,0,0,-0.000715256,0,0,0.0051373,22,29.8,2.00054,-1.00031,1,-0.0170469,0.00214279,0,0.0424385,-0.00369549,0,0.0102138,23,29.8,-1.00222,0.999992,1,0.0219136,2.08616e-05,0,-0.0439286,2.98023e-05,0,0.00872022,24,29.8,0.999467,-0.996765,1,0.00238121,-0.0214651,0,-0.00280142,0.0324249,0,0.00830729,25,29.8,0.999998,3,1,-1.49012e-06,-5.96046e-06,0,0,-0.000119209,0,0.0089046,26,29.8,-3,1.99014,1,0,-0.0568509,0,0,0.304222,0,0.00678262,27,29.8,-2.99985,-0.999892,1,-0.00364184,-0.000225008,0,0.118375,-0.000298023,0,0.011152,28,29.8,0.197156,0.969325,1,-0.437055,0.0575975,0,0.344172,0.0064373,0,0.00838022,29,29.8,1,2.37015e-05,1,-2.68221e-05,0.000260411,0,5.96046e-05,-0.000957054,0,0.00915763,30,29.8,-2.00001,0.0866802,1,3.57628e-05,-0.313325,0,-0.000119209,0.515826,0,0.0146818,31,29.8,2.00058,1.00286,1,0.000321865,-0.000622869,0,-0.00560284,-0.0200272,0,0.0107604,32,29.8,-3,0.987017,1,0,-0.0358135,0,0,0.257194,0,0.0103851,33,29.8,3,0.999789,1,-1.78814e-05,0.000612438,0,0,-0.000119209,0,0.00483378,34,29.8,-0.999979,-1.99999,1,0.00025332,1.78814e-05,0,-0.00089407,-0.000119209,0,0.0107185,35,29.8,-0.999993,-0.00223462,1,-3.42727e-05,0.0219285,0,5.96046e-05,-0.0437936,0,0.00951268
0,29.9,-9.13187e-07,1.77557,1,-1.86017e-05,0.452993,0,8.57841e-05,-0.287667,0,0.013555,1,29.9,2.00001,4.44859e-06,1,-8.45641e-05,2.04076e-06,0,7.45058e-05,-4.1246e-05,0,0.0114069,2,29.9,0.000257486,5.41718e-06,1,-0.0172758,-4.04094e-05,0,0.0463936,7.18833e-05,0,0.0105122,3,29.9,-2.99723,-0.0117982,1,-0.00205934,-0.0475174,0,-0.0104904,0.288523,0,0.00875601,4,29.9,1.98263,-1.99997,1,0.0222934,1.30385e-06,0,0.0911728,-0.000275671,0,0.00734938,5,29.9,-8.97919e-05,-2.00082,1,0.00041225,0.00388362,0,-0.000508115,-0.0051707,0,0.0105145,6,29.9,2.99999,-2.01181,1,-1.3411e-05,-0.0473414,0,-5.96046e-05,0.288025,0,0.00728466,7,29.9,2.99999,-2.99991,1,7.45058e-07,-9.27597e-05,0,0.000149012,-0.000312924,0,0.00729149,8,29.9,0.985738,-2.00082,1,-0.0187013,0.00844449,0,0.206783,-0.0143647,0,0.00863467,9,29.9,-3,-3,1,0,0,0,0,0,0,0.00605197,10,29.9,1.00083,1.17976,1,-0.00157226,-0.410501,0,-7.45058e-06,0.371903,0,0.0104426,11,29.9,-2,1.99998,1,-1.00583e-05,-1.24797e-05,0,-1.49012e-05,3.72529e-05,0,0.0108312,12,29.9,3,1.99992,1,0,0.000507571,0,0,-0.000856817,0,0.00473024,13,29.9,-0.999999,1.99999,1,-4.37722e-06,8.9407e-06,0,3.72529e-06,0,0,0.00846481,14,29.9,-2.9943,3,1,-0.0491273,0,0,0.274166,0,0,0.00742445,15,29.9,-2.99999,-2,1,-9.68575e-06,2.01166e-05,0,-5.96046e-05,2.98023e-05,0,0.0102959,16,29.9,-1.63639,-0.82259,1,0.5,-0.344751,0,-7.45058e-06,0.351477,0,0.0111656,17,29.9,1.00003,-3,1,0.000162981,0,0,-0.000663102,0,0,0.00667969,18,29.9,-2,-2.99938,1,-5.02914e-06,-0.00307001,0,-3.72529e-05,0.00916421,0,0.011725,19,29.9,-0.999995,3,1,-1.86265e-07,0,0,-6.70552e-05,0,0,0.0082296,20,29.9,-0.000160922,-0.999986,1,0.000586646,-3.7998e-05,0,-0.000452464,-1.49012e-05,0,0.00878596,21,29.9,2.00006,-3,1,2.98023e-06,0,0,-0.000536442,0,0,0.0051373,22,29.9,1.99905,-1.00011,1,-0.0127777,0.00174912,0,0.0423938,-0.004109,0,0.0102138,23,29.9,-1.00025,0.999994,1,0.0173477,2.22586e-05,0,-0.0466779,3.72529e-06,0,0.00872022,24,29.9,0.99969,-0.998737,1,0.00205711,-0.0178726,0,-0.00360608,0.0386313,0,0.00830729,25,29.9,0.999998,3,1,-1.11759e-06,-1.41561e-05,0,7.45058e-06,-2.98023e-05,0,0.0089046,26,29.9,-3,1.98588,1,0,-0.0295166,0,0,0.24277,0,0.00678262,27,29.9,-2.99972,-0.999916,1,0.00537597,-0.000241119,0,0.0645369,-4.09782e-05,0,0.011152,28,29.9,0.155298,0.975069,1,-0.398926,0.0568282,0,0.415573,-0.0209287,0,0.00838022,29,29.9,0.999998,4.51112e-05,1,-2.04891e-05,0.00016947,0,6.70552e-05,-0.000855917,0,0.00915763,30,29.9,-2.00001,0.057948,1,2.57045e-05,-0.261213,0,-7.45058e-05,0.522241,0,0.0146818,31,29.9,2.00059,1.00271,1,-0.000167266,-0.00231825,0,-0.00418723,-0.0139773,0,0.0107604,32,29.9,-3,0.98462,1,0,-0.0131354,0,0,0.19709,0,0.0103851,33,29.9,2.99999,0.999849,1,-1.60187e-05,0.000580307,0,4.47035e-05,-0.000502914,0,0.00483378,34,29.9,-0.999958,-1.99999,1,0.000167731,7.07805e-06,0,-0.000808388,-8.9407e-05,0,0.0107185,35,29.9,-0.999996,-0.000267225,1,-2.82191e-05,0.017373,0,6.33299e-05,-0.0465998,0,0.00951268
0,30,-2.3739e-06,1.81928,1,-1.09022e-05,0.419748,0,6.84115e-05,-0.3739,0,0.01289,1,30,2,4.46393e-06,1,-7.45058e-05,-1.55993e-06,0,0.000178814,-3.08155e-05,0,0.0111738,2,30,-0.00123845,1.75208e-06,1,-0.0126602,-3.27637e-05,0,0.0453622,7.96523e-05,0,0.0102372,3,30,-2.99748,-0.0152113,1,-0.00293851,-0.0217773,0,-0.00691414,0.226596,0,0.00888664,4,30,1.98524,-1.99997,1,0.0290662,-2.08616e-05,0,0.0458956,-0.000238419,0,0.00783127,5,30,-5.13646e-05,-2.00046,1,0.000354072,0.00330806,0,-0.000641783,-0.00631809,0,0.00942112,6,30,2.99999,-2.01521,1,-1.19209e-05,-0.0216484,0,-0.000119209,0.22614,0,0.00794442,7,30,2.99999,-2.99992,1,1.19209e-05,-0.000119209,0,0.000119209,-0.000238419,0,0.00580334,8,30,0.984809,-2.00006,1,-0.000795722,0.00686944,0,0.152141,-0.0169277,0,0.00900083,9,30,-3,-3,1,0,0,0,0,0,0,0.00682885,10,30,1.00068,1.14068,1,-0.00153482,-0.370142,0,0.000655651,0.431418,0,0.0128572,11,30,-2,1.99998,1,-1.19209e-05,-8.9407e-06,0,-5.96046e-05,0.000119209,0,0.0121813,12,30,3,1.99997,1,0,0.000417233,0,0,-0.00101328,0,0.0045371,13,30,-0.999999,1.99999,1,-4.47035e-06,1.19209e-05,0,2.98023e-05,-5.96046e-05,0,0.00716249,14,30,-2.99797,3,1,-0.0254035,0,0,0.200748,0,0,0.00823258,15,30,-2.99999,-2,1,-1.19209e-05,2.38419e-05,0,-0.000119209,5.96046e-05,0,0.0116703,16,30,-1.58639,-0.855284,1,0.500003,-0.308917,0,-5.96046e-05,0.363529,0,0.0104379,17,30,1.00004,-3,1,9.83477e-05,0,0,-0.000536442,0,0,0.00630945,18,30,-2,-2.99965,1,-5.96046e-06,-0.00218749,0,-5.96046e-05,0.00834465,0,0.0114598,19,30,-0.999995,3,1,-5.96046e-06,0,0,-2.98023e-05,0,0,0.00847728,20,30,-0.00010502,-0.99999,1,0.000526906,-3.72529e-05,0,-0.000721909,0,0,0.00870069,21,30,2.00006,-3,1,-4.76837e-05,0,0,-0.000238419,0,0,0.00597692,22,30,1.99798,-0.999961,1,-0.00866055,0.00133216,0,0.0394583,-0.00411272,0,0.0118732,23,30,-0.99875,0.999996,1,0.0127047,2.08616e-05,0,-0.0455678,0,0,0.00918387,24,30,0.999877,-1.00033,1,0.00167489,-0.0138819,0,-0.00396371,0.0405312,0,0.00810693,25,30,0.999998,3,1,0,-1.78814e-05,0,0,0,0,0.00813771,26,30,-3,1.98404,1,0,-0.00820458,0,0,0.184,0,0.00718262,27,30,-2.99893,-0.99994,1,0.00974536,-0.000233948,0,0.0251532,0.000149012,0,0.0084131,28,30,0.11758,0.980609,1,-0.35454,0.053592,0,0.468995,-0.0428855,0,0.00871867,29,30,0.999996,5.79856e-05,1,-1.3411e-05,9.01865e-05,0,2.98023e-05,-0.000726022,0,0.00902059,30,30,-2.00001,0.0344192,1,1.78814e-05,-0.20964,0,-0.000119209,0.505763,0,0.0141592,31,30,2.00055,1.00242,1,-0.00051856,-0.00343919,0,-0.00298023,-0.00852346,0,0.00943377,32,30,-3,0.984198,1,0,0.00376701,0,0,0.141889,0,0.00972972,33,30,2.99999,0.999904,1,-1.78814e-05,0.00051558,0,0.000238419,-0.000745058,0,0.00573024,34,30,-0.999945,-1.99999,1,9.23872e-05,-2.98023e-06,0,-0.000685453,-5.96046e-05,0,0.00943086,35,30,-0.999998,0.00123737,1,-2.23517e-05,0.0127362,0,5.96046e-05,-0.0455759,0,0.00946779
0,30.1,-3.14924e-06,1.85927,1,-4.87072e-06,0.379152,0,5.2447e-05,-0.434972,0,0.01289,1,30.1,1.99999,4.171e-06,1,-5.58794e-05,-4.13215e-06,0,0.000193715,-2.08228e-05,0,0.0111738,2,30.1,-0.00228384,-1.124e-06,1,-0.00831794,-2.47626e-05,0,0.0411572,7.93927e-05,0,0.0102372,3,30.1,-2.99781,-0.0163574,1,-0.00345148,-0.00213502,0,-0.00344217,0.167237,0,0.00888664,4,30.1,1.98831,-1.99997,1,0.0317777,-4.02331e-05,0,0.00994653,-0.000149012,0,0.00783127,5,30.1,-1.92817e-05,-2.00016,1,0.000286708,0.00265315,0,-0.000694743,-0.00667572,0,0.00942112,6,30.1,2.99999,-2.01634,1,-1.8999e-05,-0.00204965,0,-4.47035e-05,0.166833,0,0.00794442,7,30.1,3,-2.99993,1,1.75089e-05,-0.000134483,0,1.49012e-05,-7.45058e-05,0,0.00580334,8,30.1,0.985405,-1.99945,1,0.0118829,0.00514761,0,0.102654,-0.0172704,0,0.00900083,9,30.1,-3,-3,1,0,0,0,0,0,0,0.00682885,10,30.1,1.00053,1.10588,1,-0.00144076,-0.325153,0,0.00119954,0.465184,0,0.0128572,11,30.1,-2,1.99998,1,-1.52737e-05,2.04891e-06,0,0,9.68575e-05,0,0.0121813,12,30.1,3,2,1,0,0.000317022,0,0,-0.000983477,0,0.0045371,13,30.1,-1,1.99999,1,-1.95578e-06,7.07805e-06,0,1.86265e-05,-2.98023e-05,0,0.00716249,14,30.1,-2.99962,3,1,-0.00879616,0,0,0.133097,0,0,0.00823258,15,30.1,-3,-2,1,-1.75089e-05,2.66358e-05,0,-1.49012e-05,7.45058e-06,0,0.0116703,16,30.1,-1.53639,-0.884348,1,0.5,-0.272308,0,-7.45058e-06,0.367068,0,0.0104379,17,30.1,1.00005,-3,1,4.82425e-05,0,0,-0.000469387,0,0,0.00630945,18,30.1,-2,-2.99983,1,-1.08033e-05,-0.00141002,0,-2.98023e-05,0.00710785,0,0.0114598,19,30.1,-0.999996,3,1,-8.3819e-06,0,0,-1.49012e-05,0,0,0.00847728,20,30.1,-5.62283e-05,-0.999994,1,0.000446474,-3.55765e-05,0,-0.000869612,2.98023e-05,0,0.00870069,21,30.1,2.00006,-3,1,-6.74278e-05,0,0,-0.00013411,0,0,0.00597692,22,30.1,1.99731,-0.999848,1,-0.00496209,0.000932161,0,0.0343025,-0.00384822,0,0.0118732,23,30.1,-0.997701,0.999998,1,0.00834307,1.9744e-05,0,-0.0413321,-1.49012e-05,0,0.00918387,24,30.1,1.00002,-1.00151,1,0.00127703,-0.00989474,0,-0.00395626,0.0388026,0,0.00810693,25,30.1,0.999998,2.99999,1,9.31323e-08,-1.60187e-05,0,3.72529e-06,4.47035e-05,0,0.00813771,26,30.1,-3,1.98404,1,0,0.00741314,0,0,0.129513,0,0.00718262,27,30.1,-2.99788,-0.999962,1,0.0108488,-0.000211969,0,-0.0013411,0.000275671,0,0.0084131,28,30.1,0.084536,0.985724,1,-0.305798,0.0484442,0,0.501424,-0.0589713,0,0.00871867,29,30.1,0.999995,6.36222e-05,1,-9.96515e-06,2.50366e-05,0,4.09782e-05,-0.000576659,0,0.00902059,30,30.1,-2.00001,0.0159291,1,8.19564e-06,-0.160779,0,-5.96046e-05,0.468818,0,0.0141592,31,30.1,2.00049,1.00204,1,-0.000752509,-0.00404865,0,-0.00175834,-0.0038296,0,0.00943377,32,30.1,-3,0.985198,1,0,0.0154261,0,0,0.0926144,0,0.00972972,33,30.1,2.99999,0.999952,1,1.11759e-06,0.000433531,0,0.000163913,-0.000882894,0,0.00573024,34,30.1,-0.999939,-1.99999,1,3.04542e-05,-8.00937e-06,0,-0.000555068,-3.72529e-05,0,0.00943086,35,30.1,-1,0.0022893,1,-1.66707e-05,0.00837294,0,6.33299e-05,-0.0413608,0,0.00946779
0,30.2,-3.39887e-06,1.89494,1,-3.63195e-07,0.333378,0,3.79699e-05,-0.477314,0,0.0134079,1,30.2,1.99999,3.66881e-06,1,-3.8743e-05,-5.76534e-06,0,0.000238419,-1.20555e-05,0,0.0107025,2,30.2,-0.00291902,-3.21044e-06,1,-0.00448318,-1.70564e-05,0,0.035321,7.39956e-05,0,0.00960393,3,30.2,-2.99816,-0.0158259,1,-0.00364184,0.0118803,0,-0.000476837,0.114183,0,0.00848708,4,30.2,1.99149,-1.99998,1,0.031361,-5.06639e-05,0,-0.0168085,-5.96046e-05,0,0.00822631,5,30.2,5.90191e-06,-1.99993,1,0.000217046,0.00198483,0,-0.000690007,-0.00649691,0,0.00935866,6,30.2,2.99999,-2.0158,1,-1.78814e-05,0.0119269,0,0,0.113845,0,0.0105198,7,30.2,3,-2.99995,1,1.78814e-05,-0.000137091,0,0,0.000119209,0,0.00570662,8,30.2,0.987033,-1.99902,1,0.019981,0.00346303,0,0.0605285,-0.0163317,0,0.00867192,9,30.2,-3,-3,1,0,0,0,0,0,0,0.00662473,10,30.2,1.00039,1.07573,1,-0.00129938,-0.277725,0,0.00160933,0.480354,0,0.0133841,11,30.2,-2,1.99998,1,-1.78814e-05,8.9407e-06,0,0.000119209,0.000119209,0,0.0101307,12,30.2,3,2.00003,1,0,0.000220537,0,0,-0.000953674,0,0.00419914,13,30.2,-1,1.99999,1,-1.49012e-06,5.96046e-06,0,2.98023e-05,-5.96046e-05,0,0.00772479,14,30.2,-2.99994,3,1,0.00162721,0,0,0.0776052,0,0,0.0086967,15,30.2,-3,-2,1,-1.78814e-05,2.38419e-05,0,0,0,0,0.00939917,16,30.2,-1.48639,-0.909749,1,0.500003,-0.235803,0,-5.96046e-05,0.361621,0,0.00888892,17,30.2,1.00005,-3,1,5.96046e-06,0,0,-0.000357628,0,0,0.00695386,18,30.2,-2,-2.99993,1,-1.19209e-05,-0.00077486,0,0,0.00560284,0,0.0100454,19,30.2,-0.999997,3,1,-8.9407e-06,0,0,0,0,0,0.00829836,20,30.2,-1.60549e-05,-0.999997,1,0.000356093,-3.12924e-05,0,-0.000924052,5.96046e-05,0,0.00910693,21,30.2,2.00005,-3,1,-8.34465e-05,0,0,0,0,0,0.00587906,22,30.2,1.99697,-0.999773,1,-0.00182986,0.000569224,0,0.028193,-0.00342727,0,0.0128997,23,30.2,-0.997064,1,1,0.00449121,1.49012e-05,0,-0.0354648,5.96046e-05,0,0.0103297,24,30.2,1.00013,-1.00232,1,0.00089407,-0.0061959,0,-0.00375509,0.0349283,0,0.00826002,25,30.2,0.999998,2.99999,1,0,-1.78814e-05,0,2.98023e-05,0.000238419,0,0.00867612,26,30.2,-3,1.98535,1,0,0.017935,0,0,0.0820756,0,0.00687939,27,30.2,-2.99684,-0.999982,1,0.009799,-0.000180304,0,-0.018239,0.000357628,0,0.0102404,28,30.2,0.0564856,0.990255,1,-0.255085,0.0420034,0,0.50896,-0.0688434,0,0.00995453,29,30.2,0.999994,6.3491e-05,1,-5.96046e-06,-2.5191e-05,0,2.98023e-05,-0.000428665,0,0.00877709,30,30.2,-2.00001,0.00211584,1,0,-0.116328,0,0,0.41833,0,0.0142462,31,30.2,2.00041,1.00162,1,-0.000870228,-0.00423491,0,-0.000834465,-0.000119209,0,0.00910464,32,30.2,-3,0.987132,1,0,0.0225514,0,0,0.0512302,0,0.00984699,33,30.2,2.99999,0.999991,1,5.96046e-06,0.000341237,0,0.000238419,-0.000864267,0,0.00513742,34,30.2,-0.999938,-1.99999,1,-1.78814e-05,-1.19209e-05,0,-0.000417233,0,0,0.0111886,35,30.2,-1,0.002929,1,-1.19209e-05,0.00451877,0,5.96046e-05,-0.035504,0,0.00918662
0,30.3,-3.2675e-06,1.92584,1,2.77772e-06,0.284367,0,2.51999e-05,-0.498757,0,0.0134079,1,30.3,1.99999,3.04501e-06,1,-1.73226e-05,-6.58748e-06,0,0.000201166,-4.66079e-06,0,0.0107025,2,30.3,-0.00320228,-4.56105e-06,1,-0.00129843,-1.01149e-05,0,0.0283334,6.44644e-05,0,0.00960393,3,30.3,-2.99852,-0.0141471,1,-0.00356063,0.0209299,0,0.00196695,0.0682399,0,0.00848708,4,30.3,1.99451,-1.99998,1,0.028713,-5.34579e-05,0,-0.0348389,-7.45058e-06,0,0.00822631,5,30.3,2.42323e-05,-1.99976,1,0.000150457,0.00136029,0,-0.000636481,-0.00593811,0,0.00935866,6,30.3,2.99998,-2.01412,1,-1.56462e-05,0.0209458,0,5.96046e-05,0.0679791,0,0.0105198,7,30.3,3,-2.99996,1,1.3411e-05,-0.000122935,0,-5.96046e-05,0.000178814,0,0.00570662,8,30.3,0.989273,-1.99876,1,0.0242431,0.00192821,0,0.0260845,-0.0142753,0,0.00867192,9,30.3,-3,-3,1,0,0,0,0,0,0,0.00662473,10,30.3,1.00027,1.05036,1,-0.00112522,-0.22972,0,0.00184029,0.47642,0,0.0133841,11,30.3,-2,1.99999,1,-7.82311e-06,1.84402e-05,0,7.45058e-05,8.19564e-05,0,0.0101307,12,30.3,3,2.00005,1,0,0.000132248,0,0,-0.000819564,0,0.00419914,13,30.3,-1,1.99999,1,9.31323e-07,1.11759e-06,0,1.49012e-05,-2.98023e-05,0,0.00772479,14,30.3,-2.99946,3,1,0.00726618,0,0,0.037238,0,0,0.0086967,15,30.3,-3,-1.99999,1,-1.3411e-05,2.19792e-05,0,5.96046e-05,-4.47035e-05,0,0.00939917,16,30.3,-1.43639,-0.931544,1,0.499948,-0.200345,0,-0.00205636,0.346515,0,0.00888892,17,30.3,1.00005,-3,1,-2.5332e-05,0,0,-0.000268221,0,0,0.00695386,18,30.3,-2,-2.99999,1,-1.09896e-05,-0.000305474,0,2.23517e-05,0.0038445,0,0.0100454,19,30.3,-0.999997,3,1,-8.56817e-06,0,0,7.45058e-06,0,0,0.00829836,20,30.3,1.49544e-05,-1,1,0.000264541,-2.50526e-05,0,-0.000897312,5.58794e-05,0,0.00910693,21,30.3,2.00004,-3,1,-8.15839e-05,0,0,4.47035e-05,0,0,0.00587906,22,30.3,1.99692,-0.999732,1,0.000654161,0.000256114,0,0.0215024,-0.00283122,0,0.0128997,23,30.3,-0.996781,1,1,0.00129379,1.84402e-05,0,-0.0284463,2.23517e-05,0,0.0103297,24,30.3,1.0002,-1.00277,1,0.000542402,-0.00297595,0,-0.00326335,0.0293478,0,0.00826002,25,30.3,0.999998,2.99999,1,2.51457e-06,1.11759e-06,0,1.86265e-05,0.000163913,0,0.00867612,26,30.3,-3,1.98749,1,0,0.0240838,0,0,0.0423267,0,0.00687939,27,30.3,-2.99596,-0.999998,1,0.00749528,-0.000143144,0,-0.0267923,0.000391155,0,0.0102404,28,30.3,0.033504,0.994102,1,-0.204815,0.0348749,0,0.492962,-0.0728592,0,0.00995453,29,30.3,0.999994,5.9071e-05,1,-2.8871e-06,-6.08558e-05,0,3.35276e-05,-0.000287447,0,0.00877709,30,30.3,-2.00001,-0.00752495,1,0,-0.0775056,0,0,0.357312,0,0.0142462,31,30.3,2.00032,1.00121,1,-0.000907853,-0.00409652,0,1.49012e-05,0.00273436,0,0.00910464,32,30.3,-3,0.989584,1,0,0.0259388,0,0,0.0179261,0,0.00984699,33,30.3,3,1.00002,1,1.9744e-05,0.00025453,0,4.47035e-05,-0.000853091,0,0.00513742,34,30.3,-0.999942,-1.99999,1,-5.29923e-05,-1.19209e-05,0,-0.000286847,0,0,0.0111886,35,30.3,-1,0.00321494,1,-6.70552e-06,0.00131713,0,4.47035e-05,-0.0284877,0,0.00918662
0,30.4,-2.8824e-06,1.95178,1,4.74633e-06,0.234398,0,1.45162e-05,-0.497043,0,0.0121382,1,30.4,1.99998,2.37328e-06,1,-2.98023e-06,-6.75054e-06,0,0.000178814,1.14273e-06,0,0.0101802,2,30.4,-0.00320225,-5.26847e-06,1,0.00118122,-4.2221e-06,0,0.0212772,5.31763e-05,0,0.00997282,3,30.4,-2.99887,-0.0117789,1,-0.00327229,0.0258088,0,0.00369549,0.0307118,0,0.00764301,4,30.4,1.99719,-1.99999,1,0.0246286,-5.06639e-05,0,-0.0456572,0,0,0.00815363,5,30.4,3.62203e-05,-1.99965,1,9.06443e-05,0.000804663,0,-0.000556125,-0.0051856,0,0.00907403,6,30.4,2.99998,-2.01175,1,-1.19209e-05,0.0258029,0,0.000119209,0.0305176,0,0.00856127,7,30.4,3,-2.99997,1,5.96046e-06,-0.000107288,0,0,0.000238419,0,0.00604811,8,30.4,0.99178,-1.99863,1,0.0254601,0.000622869,0,-0.000536442,-0.0117421,0,0.00953809,9,30.4,-3,-3,1,0,0,0,0,0,0,0.00608559,10,30.4,1.00017,1.02974,1,-0.000935793,-0.183043,0,0.00196695,0.454485,0,0.0104236,11,30.4,-2,1.99999,1,0,2.38419e-05,0,0,5.96046e-05,0,0.0136042,12,30.4,3,2.00006,1,0,5.96046e-05,0,0,-0.000715256,0,0.0047761,13,30.4,-1,1.99999,1,1.49012e-06,0,0,2.98023e-05,0,0,0.0080958,14,30.4,-2.9986,3,1,0.00945926,0,0,0.00858307,0,0,0.00836901,15,30.4,-3,-1.99999,1,-5.96046e-06,1.78814e-05,0,0,-5.96046e-05,0,0.0104569,16,30.4,-1.38643,-0.949878,1,0.49918,-0.166692,0,-0.0163913,0.32571,0,0.00939381,17,30.4,1.00005,-3,1,-4.76837e-05,0,0,-0.000178814,0,0,0.0067008,18,30.4,-2,-3,1,-1.19209e-05,0,0,0.000119209,0.00226498,0,0.0111343,19,30.4,-0.999998,3,1,-7.45058e-06,0,0,0,0,0,0.00767544,20,30.4,3.70325e-05,-1,1,0.000178311,-1.78814e-05,0,-0.000820154,5.96046e-05,0,0.00915583,21,30.4,2.00003,-3,1,-7.7486e-05,0,0,0,0,0,0.00539083,22,30.4,1.99708,-0.99972,1,0.00248253,4.47035e-06,0,0.0150204,-0.00220537,0,0.0118629,23,30.4,-0.996782,1,1,-0.00119507,1.49012e-05,0,-0.0213683,5.96046e-05,0,0.00879186,24,30.4,1.00024,-1.00293,1,0.000247359,-0.000342727,0,-0.00274181,0.0232458,0,0.00795979,25,30.4,0.999998,2.99999,1,2.98023e-06,5.96046e-06,0,2.98023e-05,0.000238419,0,0.00979041,26,30.4,-3,1.99005,1,0,0.026679,0,0,0.0107884,0,0.00717494,27,30.4,-2.99536,-1.00001,1,0.00461936,-0.000104308,0,-0.0296831,0.000357628,0,0.0111922,28,30.4,0.0154366,0.997224,1,-0.15711,0.0275895,0,0.458439,-0.0721812,0,0.00914918,29,30.4,0.999994,5.17617e-05,1,0,-8.32712e-05,0,2.98023e-05,-0.000163951,0,0.00809485,30,30.4,-2.00001,-0.0135953,1,5.96046e-06,-0.0449731,0,-0.000119209,0.293063,0,0.0127749,31,30.4,2.00023,1.00081,1,-0.000870228,-0.00371933,0,0.000715256,0.00470877,0,0.00870883,32,30.4,-3,0.992222,1,0,0.0264049,0,0,-0.00736117,0,0.00961063,33,30.4,3,1.00004,1,1.78814e-05,0.000169873,0,0,-0.00077486,0,0.00590991,34,30.4,-0.999949,-1.99999,1,-7.59959e-05,-1.19209e-05,0,-0.000178814,5.96046e-05,0,0.0101243,35,30.4,-1,0.00321607,1,-2.98023e-06,-0.0011764,0,5.96046e-05,-0.0214003,0,0.00907877
0,30.5,-2.35036e-06,1.97276,1,5.75158e-06,0.185703,0,5.9484e-06,-0.473797,0,0.0121382,1,30.5,1.99999,1.71163e-06,1,1.15484e-05,-6.41194e-06,0,0.000119209,5.3757e-06,0,0.0101802,2,30.5,-0.00298946,-5.44548e-06,1,0.0029607,4.76248e-07,0,0.0144373,4.08375e-05,0,0.00997282,3,30.5,-2.99917,-0.0090965,1,-0.00284091,0.0273548,0,0.00482798,0.00160545,0,0.00764301,4,30.5,1.99941,-1.99999,1,0.0198003,-4.82425e-05,0,-0.050053,3.72529e-05,0,0.00815363,5,30.5,4.26682e-05,-1.9996,1,3.99836e-05,0.000334345,0,-0.000456045,-0.00422448,0,0.00907403,6,30.5,2.99998,-2.00907,1,-3.72529e-07,0.0273325,0,0.000104308,0.00146031,0,0.00856127,7,30.5,3,-2.99998,1,1.86265e-06,-8.3819e-05,0,-4.47035e-05,0.000223517,0,0.00604811,8,30.5,0.994289,-1.99862,1,0.0243986,-0.000411272,0,-0.019528,-0.0089407,0,0.00953809,9,30.5,-3,-3,1,0,0,0,0,0,0,0.00608559,10,30.5,1.00008,1.01365,1,-0.000740588,-0.139397,0,0.00192225,0.416383,0,0.0104236,11,30.5,-2,1.99999,1,0,2.75671e-05,0,0,2.98023e-05,0,0.0136042,12,30.5,3,2.00006,1,0,-2.98023e-06,0,0,-0.000536442,0,0.0047761,13,30.5,-0.999999,1.99999,1,3.53903e-06,1.86265e-07,0,7.45058e-06,7.45058e-06,0,0.0080958,14,30.5,-2.99764,3,1,0.00932328,0,0,-0.00993907,0,0,0.00836901,15,30.5,-3,-1.99999,1,-1.86265e-06,1.17347e-05,0,4.47035e-05,-6.70552e-05,0,0.0104569,16,30.5,-1.33666,-0.964962,1,0.495302,-0.135434,0,-0.066489,0.298854,0,0.00939381,17,30.5,1.00004,-3,1,-6.1281e-05,0,0,-9.68575e-05,0,0,0.0067008,18,30.5,-2,-2.99999,1,-1.86265e-06,0.000168011,0,7.45058e-05,0.00114739,0,0.0111343,19,30.5,-0.999999,3,1,-6.98492e-06,0,0,1.11759e-05,0,0,0.00767544,20,30.5,5.09494e-05,-1,1,0.000101981,-1.19209e-05,0,-0.000703153,5.96046e-05,0,0.00915583,21,30.5,2.00002,-3,1,-7.52509e-05,0,0,5.96046e-05,0,0,0.00539083,22,30.5,1.99739,-0.999729,1,0.00368319,-0.000183936,0,0.00914931,-0.0015758,0,0.0118629,23,30.5,-0.996996,1.00001,1,-0.00298163,1.76951e-05,0,-0.0144877,7.45058e-06,0,0.00879186,24,30.5,1.00025,-1.00286,1,5.40167e-06,0.00166316,0,-0.00209361,0.0169501,0,0.00795979,25,30.5,0.999999,3,1,5.40167e-06,1.9744e-05,0,1.49012e-05,4.47035e-05,0,0.00979041,26,30.5,-3,1.99273,1,0,0.0265263,0,0,-0.0125617,0,0.00717494,27,30.5,-2.99504,-1.00002,1,0.00169463,-6.96629e-05,0,-0.0283271,0.000327826,0,0.0111922,28,30.5,0.00193852,0.999629,1,-0.113689,0.0205881,0,0.408287,-0.0673644,0,0.00914918,29,30.5,0.999994,4.27975e-05,1,2.8871e-06,-9.4283e-05,0,2.6077e-05,-6.01817e-05,0,0.00809485,30,30.5,-2.00001,-0.0167373,1,-3.72529e-06,-0.0189521,0,-5.96046e-05,0.227962,0,0.0127749,31,30.5,2.00015,1.00047,1,-0.000777096,-0.00318624,0,0.00110269,0.00582635,0,0.00870883,32,30.5,-3,0.994794,1,0,0.0247334,0,0,-0.024911,0,0.00961063,33,30.5,3,1.00005,1,1.3411e-05,9.70438e-05,0,-5.96046e-05,-0.000678003,0,0.00590991,34,30.5,-0.999957,-2,1,-8.83825e-05,-7.07805e-06,0,-7.82311e-05,2.98023e-05,0,0.0101243,35,30.5,-1,0.00300319,1,2.04891e-06,-0.00296656,0,3.72529e-05,-0.0145281,0,0.00907877
0,30.6,-1.75714e-06,1.98902,1,6.00454e-06,0.140175,0,-5.63714e-07,-0.434339,0,0.0117628,1,30.6,1.99999,1.10255e-06,1,2.08616e-05,-5.72284e-06,0,0.000119209,8.18556e-06,0,0.0119051,2,30.6,-0.00263162,-5.21369e-06,1,0.00409532,3.96209e-06,0,0.00839646,2.89995e-05,0,0.00974964,3,30.6,-2.99943,-0.00639143,1,-0.00232458,0.0263939,0,0.00524521,-0.0195811,0,0.00907477,4,30.6,2.00114,-2,1,0.01477,-4.47035e-05,0,-0.0500679,0.000119209,0,0.007422,5,30.6,4.45586e-05,-1.99958,1,-4.49018e-07,-3.8743e-05,0,-0.000352495,-0.00321865,0,0.0101565,6,30.6,2.99998,-2.00637,1,5.96046e-06,0.0263631,0,0.000238419,-0.0197887,0,0.00952092,7,30.6,3,-2.99999,1,0,-6.55651e-05,0,-0.000119209,0.000357628,0,0.00617515,8,30.6,0.996608,-1.9987,1,0.0217706,-0.00117123,0,-0.0319779,-0.00625849,0,0.00791035,9,30.6,-3,-3,1,0,0,0,0,0,0,0.00647451,10,30.6,1.00002,1.00171,1,-0.000552833,-0.10011,0,0.00178814,0.367969,0,0.0129609,11,30.6,-2,1.99999,1,0,2.68221e-05,0,0.000119209,0,0,0.00995259,12,30.6,3,2.00006,1,0,-4.17233e-05,0,0,-0.000476837,0,0.00617192,13,30.6,-0.999999,1.99999,1,4.47035e-06,0,0,0,5.96046e-05,0,0.00839061,14,30.6,-2.99678,3,1,0.00772476,0,0,-0.0209808,0,0,0.00901852,15,30.6,-3,-1.99999,1,0,5.96046e-06,0,0.000119209,-5.96046e-05,0,0.0108872,16,30.6,-1.28758,-0.97706,1,0.485009,-0.107022,0,-0.142932,0.268906,0,0.00999741,17,30.6,1.00003,-3,1,-6.85453e-05,0,0,-5.96046e-05,0,0,0.00681902,18,30.6,-2,-2.99997,1,0,0.000238419,0,0.000119209,0.000357628,0,0.0125587,19,30.6,-1,3,1,-7.45058e-06,0,0,5.96046e-05,0,0,0.00885423,20,30.6,5.78474e-05,-1,1,3.81794e-05,-8.9407e-06,0,-0.000571186,0.000119209,0,0.00869117,21,30.6,2.00002,-3,1,-7.15256e-05,0,0,0.000119209,0,0,0.00581309,22,30.6,1.9978,-0.999755,1,0.0043422,-0.000312924,0,0.00411272,-0.000983477,0,0.0117696,23,30.6,-0.997357,1.00001,1,-0.00412017,1.49012e-05,0,-0.00843406,5.96046e-05,0,0.00989192,24,30.6,1.00025,-1.00262,1,-0.000172853,0.0030607,0,-0.00149012,0.0111461,0,0.00812871,25,30.6,0.999999,3,1,5.96046e-06,1.78814e-05,0,0,0,0,0.0101472,26,30.6,-3,1.99529,1,0,0.0244111,0,0,-0.0287294,0,0.00702558,27,30.6,-2.99501,-1.00002,1,-0.000965595,-3.8743e-05,0,-0.0245571,0.000298023,0,0.0120547,28,30.6,-0.00748352,1.00136,1,-0.0757245,0.0141978,0,0.349974,-0.0599623,0,0.0091143,29,30.6,0.999994,3.32127e-05,1,4.47035e-06,-9.60622e-05,0,5.96046e-05,2.0943e-05,0,0.0082845,30,30.6,-2.00001,-0.017596,1,-5.96046e-06,0.000764662,0,0,0.167226,0,0.0118282,31,30.6,2.00007,1.00018,1,-0.000655651,-0.0025779,0,0.0013113,0.00634789,0,0.00884683,32,30.6,-3,0.997122,1,0,0.021638,0,0,-0.0359714,0,0.00989338,33,30.6,3,1.00006,1,5.96046e-06,3.57628e-05,0,-0.000119209,-0.000596046,0,0.00469245,34,30.6,-0.999966,-2,1,-9.23872e-05,-2.98023e-06,0,2.98023e-05,0,0,0.00966502,35,30.6,-1,0.00264437,1,2.98023e-06,-0.00410874,0,5.96046e-05,-0.00845734,0,0.00915383
0,30.7,-1.16783e-06,2.00095,1,5.70574e-06,0.0993101,0,-5.11886e-06,-0.381611,0,0.0117628,1,30.7,1.99999,5.74149e-07,1,2.94298e-05,-4.82032e-06,0,5.96046e-05,9.68124e-06,0,0.0119051,2,30.7,-0.00218912,-4.69141e-06,1,0.00466918,6.30092e-06,0,0.00326684,1.80419e-05,0,0.00974964,3,30.7,-2.99964,-0.00387558,1,-0.00179298,0.0236944,0,0.00528991,-0.0333249,0,0.00907477,4,30.7,2.00237,-2,1,0.00994205,-3.37139e-05,0,-0.0460744,9.68575e-05,0,0.007422,5,30.7,4.2926e-05,-1.9996,1,-3.04921e-05,-0.000311807,0,-0.000249923,-0.00225008,0,0.0101565,6,30.7,2.99998,-2.00386,1,2.30968e-05,0.0236485,0,0.000119209,-0.0334233,0,0.00952092,7,30.7,3,-2.99999,1,-9.68575e-06,-3.61353e-05,0,-5.96046e-05,0.00025332,0,0.00617515,8,30.7,0.998612,-1.99885,1,0.0182043,-0.00166912,0,-0.0385381,-0.00376254,0,0.00791035,9,30.7,-3,-3,1,0,0,0,0,0,0,0.00647451,10,30.7,0.999971,0.99345,1,-0.000383705,-0.0661008,0,0.00158697,0.31171,0,0.0129609,11,30.7,-2,2,1,9.68575e-06,2.57045e-05,0,5.96046e-05,-2.98023e-05,0,0.00995259,12,30.7,3,2.00005,1,0,-7.89762e-05,0,0,-0.000268221,0,0.00617192,13,30.7,-0.999998,2,1,4.00469e-06,5.02914e-06,0,-1.11759e-05,3.72529e-05,0,0.00839061,14,30.7,-2.99612,3,1,0.00535548,0,0,-0.0256598,0,0,0.00901852,15,30.7,-3,-1.99999,1,9.68575e-06,1.86265e-07,0,5.96046e-05,-5.21541e-05,0,0.0108872,16,30.7,-1.23999,-0.986472,1,0.465009,-0.0817812,0,-0.254303,0.235755,0,0.00999741,17,30.7,1.00003,-3,1,-7.1153e-05,0,0,0,0,0,0.00681902,18,30.7,-2,-2.99994,1,9.12696e-06,0.000245497,0,5.21541e-05,-0.000163913,0,0.0125587,19,30.7,-1,3,1,-2.70084e-06,0,0,4.09782e-05,0,0,0.00885423,20,30.7,5.90446e-05,-1,1,-1.19061e-05,1.11759e-06,0,-0.000431529,7.45058e-05,0,0.00869117,21,30.7,2.00001,-3,1,-5.96046e-05,0,0,0.000119209,0,0,0.00581309,22,30.7,1.99825,-0.99979,1,0.00454318,-0.00038594,0,8.19564e-05,-0.000491738,0,0.0117696,23,30.7,-0.997802,1.00001,1,-0.0046961,1.75089e-05,0,-0.0032708,0,0,0.00989192,24,30.7,1.00022,-1.00226,1,-0.000292994,0.00390857,0,-0.000931323,0.00596046,0,0.00812871,25,30.7,1,3,1,5.58794e-06,1.3411e-05,0,-7.45058e-06,-5.96046e-05,0,0.0101472,26,30.7,-3,1.99757,1,0,0.0210207,0,0,-0.0381321,0,0.00702558,27,30.7,-2.99522,-1.00003,1,-0.00314787,-1.21072e-05,0,-0.0189841,0.000245869,0,0.0120547,28,30.7,-0.0134122,1.0025,1,-0.0439115,0.00865627,0,0.28625,-0.050731,0,0.0091143,29,30.7,0.999995,2.38182e-05,1,9.12696e-06,-9.08472e-05,0,3.72529e-05,7.97735e-05,0,0.0082845,30,30.7,-2.00001,-0.0167786,1,-5.58794e-06,0.0146672,0,1.49012e-05,0.112184,0,0.0118282,31,30.7,2.00002,0.999952,1,-0.000519492,-0.00194581,0,0.00137836,0.00622496,0,0.00884683,32,30.7,-3,0.999095,1,0,0.0177396,0,0,-0.0412278,0,0.00989338,33,30.7,3,1.00006,1,-3.72529e-06,-1.60187e-05,0,-5.96046e-05,-0.000447035,0,0.00469245,34,30.7,-0.999975,-2,1,-8.67993e-05,-2.98023e-06,0,8.19564e-05,0,0,0.00966502,35,30.7,-1,0.00220027,1,7.82311e-06,-0.00468732,0,2.98023e-05,-0.0033011,0,0.00915383
0,30.8,-6.28352e-07,2.00907,1,5.03512e-06,0.0640571,0,-8.04342e-06,-0.3227,0,0.0118481,1,30.8,1.99999,1.41728e-07,1,3.27826e-05,-3.81987e-06,0,0,1.01785e-05,0,0.011352,2,30.8,-0.00171305,-3.98736e-06,1,0.00478487,7.62449e-06,0,-0.000777133,8.70488e-06,0,0.0100783,3,30.8,-2.99979,-0.001688,1,-0.0012815,0.0199279,0,0.00488758,-0.0410987,0,0.00836334,4,30.8,2.00315,-2,1,0.00562072,-1.78814e-05,0,-0.0400543,0,0,0.00737734,5,30.8,3.87857e-05,-1.99964,1,-5.07763e-05,-0.000494719,0,-0.000157634,-0.00137091,0,0.0102786,6,30.8,2.99999,-2.00168,1,3.57628e-05,0.0198781,0,-0.000119209,-0.0411272,0,0.00808601,7,30.8,3,-2.99999,1,-1.19209e-05,-1.78814e-05,0,0,0.000238419,0,0.00710455,8,30.8,1.00023,-1.99903,1,0.0142068,-0.00193715,0,-0.0406504,-0.00160933,0,0.00759664,9,30.8,-3,-3,1,0,0,0,0,0,0,0.00583438,10,30.8,0.99994,0.988302,1,-0.000238419,-0.0378281,0,0.00137091,0.253707,0,0.0117036,11,30.8,-2,2,1,1.19209e-05,2.38419e-05,0,0.000119209,-5.96046e-05,0,0.011224,12,30.8,3,2.00004,1,0,-0.000101328,0,0,0,0,0.00451576,13,30.8,-0.999998,2,1,2.98023e-06,5.96046e-06,0,0,5.96046e-05,0,0.00784139,14,30.8,-2.99572,3,1,0.00273585,0,0,-0.0263453,0,0,0.00922173,15,30.8,-3,-1.99999,1,1.19209e-05,-5.96046e-06,0,0,0,0,0.0105032,16,30.8,-1.19492,-0.993528,1,0.434726,-0.0598848,0,-0.34827,0.202149,0,0.00988008,17,30.8,1.00002,-3,1,-6.85453e-05,0,0,5.96046e-05,0,0,0.00677063,18,30.8,-2,-2.99992,1,1.19209e-05,0.000214577,0,5.96046e-05,-0.000596046,0,0.0135292,19,30.8,-1,3,1,0,0,0,5.96046e-05,0,0,0.00982989,20,30.8,5.59197e-05,-1,1,-4.83977e-05,5.96046e-06,0,-0.000300011,5.96046e-05,0,0.0101169,21,30.8,2,-3,1,-4.76837e-05,0,0,0.000238419,0,0,0.00547537,22,30.8,1.9987,-0.99983,1,0.00439286,-0.000415742,0,-0.00292063,-5.96046e-05,0,0.0116422,23,30.8,-0.99828,1.00001,1,-0.00481158,1.78814e-05,0,0.000804663,-0.000119209,0,0.00999817,24,30.8,1.00019,-1.00185,1,-0.000363588,0.00428259,0,-0.000417233,0.00172853,0,0.00826286,25,30.8,1,3,1,2.98023e-06,5.96046e-06,0,5.96046e-05,-0.000119209,0,0.00887573,26,30.8,-3,1.99947,1,0,0.0169545,0,0,-0.0424981,0,0.00622777,27,30.8,-2.99562,-1.00003,1,-0.00475049,8.9407e-06,0,-0.013113,0.000178814,0,0.00924185,28,30.8,-0.0164776,1.00313,1,-0.0184436,0.004071,0,0.223452,-0.0409484,0,0.00878018,29,30.8,0.999996,1.52048e-05,1,1.19209e-05,-8.07773e-05,0,0,0.000118514,0,0.00816932,30,30.8,-2.00001,-0.0148324,1,-5.96046e-06,0.0234749,0,0.000119209,0.0653462,0,0.0113018,31,30.8,1.99997,0.999788,1,-0.00038147,-0.00134557,0,0.0013113,0.00575185,0,0.00919759,32,30.8,-3,1.00066,1,0,0.0135332,0,0,-0.0422597,0,0.00974814,33,30.8,3,1.00006,1,-5.96046e-06,-5.36442e-05,0,-0.000119209,-0.000357628,0,0.0048998,34,30.8,-0.999983,-2,1,-7.7486e-05,-2.98023e-06,0,0.000119209,-5.96046e-05,0,0.00881209,35,30.8,-1,0.00172225,1,8.9407e-06,-0.0048053,0,0,0.000764905,0,0.00893508
0,30.9,-1.67966e-07,2.01397,1,4.14851e-06,0.0349272,0,-9.49306e-06,-0.26007,0,0.0118481,1,30.9,2,-1.89724e-07,1,3.1665e-05,-2.81536e-06,0,-2.98023e-05,9.80965e-06,0,0.011352,2,30.9,-0.00124383,-3.19486e-06,1,0.00455002,8.09867e-06,0,-0.00374426,1.1009e-06,0,0.0100783,3,30.9,-2.9999,9.34937e-05,1,-0.000826642,0.0156613,0,0.00415742,-0.0435585,0,0.00836334,4,30.9,2.00352,-2,1,0.00198744,-1.63913e-05,0,-0.032559,2.98023e-05,0,0.00737734,5,30.9,3.30599e-05,-1.9997,1,-6.24047e-05,-0.000594184,0,-7.75671e-05,-0.00064075,0,0.0102786,6,30.9,2.99999,-1.9999,1,2.57045e-05,0.0156118,0,-7.45058e-05,-0.0435337,0,0.00808601,7,30.9,3,-3,1,-1.15484e-05,7.45058e-07,0,1.49012e-05,0.000149012,0,0.00710455,8,30.9,1.00145,-1.99923,1,0.0101967,-0.00200905,0,-0.039123,8.9407e-05,0,0.00759664,9,30.9,-3,-3,1,0,0,0,0,0,0,0.00583438,10,30.9,0.999923,0.98569,1,-0.000115111,-0.0153837,0,0.00109524,0.195827,0,0.0117036,11,30.9,-2,2,1,2.03028e-05,1.82539e-05,0,5.21541e-05,-7.45058e-05,0,0.011224,12,30.9,3,2.00003,1,0,-9.76026e-05,0,0,8.9407e-05,0,0.00451576,13,30.9,-0.999998,2,1,2.51457e-06,1.08033e-05,0,-1.11759e-05,2.98023e-05,0,0.00784139,14,30.9,-2.99557,3,1,0.000222027,0,0,-0.0236332,0,0,0.00922173,15,30.9,-3,-1.99999,1,1.15484e-05,-6.14673e-06,0,-1.49012e-05,-7.45058e-06,0,0.0105032,16,30.9,-1.15331,-0.998562,1,0.396257,-0.0413531,0,-0.418268,0.168607,0,0.00988008,17,30.9,1.00001,-3,1,-6.14673e-05,0,0,8.9407e-05,0,0,0.00677063,18,30.9,-2,-2.9999,1,1.546e-05,0.000148639,0,2.23517e-05,-0.000700355,0,0.0135292,19,30.9,-1,3,1,4.37722e-06,0,0,3.35276e-05,0,0,0.00982989,20,30.9,4.97871e-05,-1,1,-7.22604e-05,1.08033e-05,0,-0.000180391,2.98023e-05,0,0.0101169,21,30.9,2,-3,1,-2.68221e-05,0,0,0.000163913,0,0,0.00547537,22,30.9,1.99912,-0.999872,1,0.00399016,-0.000406615,0,-0.00499189,0.000230968,0,0.0116422,23,30.9,-0.998752,1.00001,1,-0.00457326,6.89179e-06,0,0.00378117,-9.68575e-05,0,0.00999817,24,30.9,1.00015,-1.00142,1,-0.000386313,0.00428036,0,-5.96046e-05,-0.00160933,0,0.00826286,25,30.9,1,3,1,7.07805e-06,-3.72529e-06,0,1.49012e-05,-5.96046e-05,0,0.00887573,26,30.9,-3,2.00095,1,0,0.0126859,0,0,-0.0423416,0,0.00622777,27,30.9,-2.99615,-1.00003,1,-0.00575408,2.36556e-05,0,-0.00709295,0.00012666,0,0.00924185,28,30.9,-0.0173073,1.00334,1,0.00084845,0.000479259,0,0.163423,-0.0310019,0,0.00878018,29,30.9,0.999997,7.75979e-06,1,1.14553e-05,-6.77861e-05,0,-1.11759e-05,0.000138735,0,0.00816932,30,30.9,-2.00001,-0.0122258,1,4.09782e-06,0.0280192,0,7.45058e-05,0.0270677,0,0.0113018,31,30.9,1.99994,0.999681,1,-0.000255182,-0.000807922,0,0.00120699,0.00498071,0,0.00919759,32,30.9,-3,1.0018,1,0,0.00941195,0,0,-0.0397712,0,0.00974814,33,30.9,3,1.00005,1,-1.41561e-05,-8.15839e-05,0,-2.98023e-05,-0.000208616,0,0.0048998,34,30.9,-0.99999,-2,1,-6.50063e-05,-7.82311e-06,0,0.00013411,-2.98023e-05,0,0.00881209,35,30.9,-1,0.00125096,1,8.47504e-06,-0.00457077,0,-1.11759e-05,0.00374931,0,0.00893508
0,31,1.9837e-07,2.01627,1,3.1717e-06,0.0119746,0,-9.88682e-06,-0.199676,0,0.0128058,1,31,2,-4.23522e-07,1,2.68221e-05,-1.87563e-06,0,0,8.91025e-06,0,0.0112113,2,31,-0.000811237,-2.38982e-06,1,0.00406892,7.90652e-06,0,-0.00572455,-4.64808e-06,0,0.00905122,3,31,-2.99996,0.0014424,1,-0.000452995,0.0113361,0,0.00321865,-0.0424219,0,0.00868938,4,31,2.00357,-2.00001,1,-0.000882149,-1.19209e-05,0,-0.0247955,0,0,0.00695784,5,31,2.65456e-05,-1.99976,1,-6.68066e-05,-0.000628829,0,-1.30077e-05,-5.96046e-05,0,0.0106342,6,31,2.99999,-1.99855,1,1.78814e-05,0.0112921,0,0,-0.0423789,0,0.00949679,7,31,3,-2.99999,1,-5.96046e-06,1.19209e-05,0,-0.000119209,0,0,0.00680818,8,31,1.00228,-1.99943,1,0.00645816,-0.00193417,0,-0.0354052,0.00143051,0,0.0082906,9,31,-3,-3,1,0,0,0,0,0,0,0.0056852,10,31,0.999916,0.98504,1,-1.93715e-05,0.00148416,0,0.000834465,0.142366,0,0.0125766,11,31,-2,2,1,2.08616e-05,1.19209e-05,0,5.96046e-05,0,0,0.012459,12,31,3,2.00002,1,0,-8.9407e-05,0,0,0.000119209,0,0.00450004,13,31,-0.999998,2,1,2.98023e-06,1.19209e-05,0,-5.96046e-05,0,0,0.00804482,14,31,-2.99566,3,1,-0.00193715,0,0,-0.0193119,0,0,0.00808985,15,31,-3,-1.99999,1,5.96046e-06,-5.96046e-06,0,0.000119209,-5.96046e-05,0,0.00947339,16,31,-1.11587,-1.00191,1,0.351673,-0.0261277,0,-0.470102,0.136256,0,0.00990442,17,31,1.00001,-3,1,-5.06639e-05,0,0,5.96046e-05,0,0,0.00675007,18,31,-2,-2.99989,1,1.49012e-05,7.7486e-05,0,0,-0.000715256,0,0.0122417,19,31,-0.999999,3,1,5.96046e-06,0,0,0,0,0,0.0099287,20,31,4.18348e-05,-1,1,-8.51102e-05,1.19209e-05,0,-7.9801e-05,0,0,0.00836037,21,31,2,-3,1,-1.19209e-05,0,0,5.96046e-05,0,0,0.00582379,22,31,1.99949,-0.999911,1,0.00342429,-0.000372529,0,-0.00625849,0.000417233,0,0.0125646,23,31,-0.999187,1.00001,1,-0.00408888,-2.98023e-06,0,0.00578165,-5.96046e-05,0,0.00928594,24,31,1.00011,-1.00101,1,-0.000378489,0.00399351,0,0.000298023,-0.00405312,0,0.00889752,25,31,1,3,1,8.9407e-06,-5.96046e-06,0,0,-0.000119209,0,0.00908076,26,31,-3,2.00201,1,0,0.00858307,0,0,-0.0394583,0,0.00660086,27,31,-2.99675,-1.00002,1,-0.00619292,3.27826e-05,0,-0.00178814,0.000119209,0,0.011289,28,31,-0.0164973,1.00325,1,0.0144602,-0.00215471,0,0.109968,-0.0217557,0,0.00829944,29,31,0.999998,1.6905e-06,1,1.04308e-05,-5.34968e-05,0,0,0.000144963,0,0.00813303,30,31,-2.00001,-0.00934123,1,5.96046e-06,0.0291815,0,0.000119209,-0.00241816,0,0.0125929,31,31,1.99992,0.999624,1,-0.000143051,-0.000354648,0,0.00101328,0.00408292,0,0.00912596,32,31,-3,1.00255,1,0,0.00565052,0,0,-0.0353456,0,0.00992954,33,31,3,1.00004,1,-1.78814e-05,-9.53674e-05,0,0,-0.000119209,0,0.00816773,34,31,-0.999996,-2,1,-5.21541e-05,-8.9407e-06,0,0.000178814,-5.96046e-05,0,0.00957868,35,31,-1,0.000816337,1,7.45058e-06,-0.00408849,0,-2.98023e-05,0.00574219,0,0.00943971
0,31.1,4.66697e-07,2.01656,1,2.20331e-06,-0.00509135,0,-9.38093e-06,-0.142768,0,0.0128058,1,31.1,2,-5.68643e-07,1,2.47732e-05,-1.04873e-06,0,-2.23517e-05,7.59469e-06,0,0.0112113,2,31.1,-0.000435069,-1.62969e-06,1,0.00343671,7.23007e-06,0,-0.00679108,-8.60252e-06,0,0.00905122,3,31.1,-2.99999,0.00237,1,-0.000179559,0.00728472,0,0.00223517,-0.0383035,0,0.00868938,4,31.1,2.00337,-2.00001,1,-0.00297539,-1.04308e-05,0,-0.0172108,2.98023e-05,0,0.00695784,5,31.1,1.9888e-05,-1.99982,1,-6.55289e-05,-0.000611506,0,3.59449e-05,0.00037998,0,0.0106342,6,31.1,2.99999,-1.99763,1,1.75089e-05,0.00724699,0,-1.49012e-05,-0.0382289,0,0.00949679,7,31.1,2.99999,-2.99999,1,-1.41561e-05,1.04308e-05,0,-2.98023e-05,-2.98023e-05,0,0.00680818,8,31.1,1.00276,-1.99961,1,0.00318792,-0.00174567,0,-0.0298694,0.00226498,0,0.0082906,9,31.1,-3,-3,1,0,0,0,0,0,0,0.0056852,10,31.1,0.999918,0.985817,1,5.13159e-05,0.0132611,0,0.000584871,0.0944138,0,0.0125766,11,31.1,-2,2,1,2.34693e-05,1.15484e-05,0,0,-1.49012e-05,0,0.012459,12,31.1,3,2.00001,1,0,-7.59959e-05,0,0,0.000149012,0,0.00450004,13,31.1,-0.999998,2,1,-1.76951e-06,1.11759e-05,0,-4.09782e-05,-1.49012e-05,0,0.00804482,14,31.1,-2.99594,3,1,-0.0036031,0,0,-0.0139773,0,0,0.00808985,15,31.1,-2.99999,-1.99999,1,1.41561e-05,-1.08033e-05,0,2.98023e-05,-2.98023e-05,0,0.00947339,16,31.1,-1.08312,-1.00389,1,0.302895,-0.0140607,0,-0.501066,0.10556,0,0.00990442,17,31.1,1,-3,1,-4.3679e-05,0,0,8.56817e-05,0,0,0.00675007,18,31.1,-1.99999,-2.99989,1,1.37836e-05,1.00583e-05,0,-2.98023e-05,-0.000610948,0,0.0122417,19,31.1,-0.999999,3,1,5.4948e-06,0,0,-1.11759e-05,0,0,0.0099287,20,31.1,3.30682e-05,-1,1,-8.88791e-05,1.11759e-05,0,8.22311e-07,-1.49012e-05,0,0.00836037,21,31.1,2,-3,1,-6.70552e-06,0,0,4.47035e-05,0,0,0.00582379,22,31.1,1.9998,-0.999946,1,0.00277013,-0.000323821,0,-0.00672042,0.000540167,0,0.0125646,23,31.1,-0.999565,1.00001,1,-0.00345111,-8.00937e-06,0,0.00683963,-3.72529e-05,0,0.00928594,24,31.1,1.00008,-1.00063,1,-0.000340305,0.00350755,0,0.000454485,-0.00553578,0,0.00889752,25,31.1,1,3,1,8.00937e-06,-1.41561e-05,0,-2.23517e-05,-2.98023e-05,0,0.00908076,26,31.1,-3,2.00268,1,0,0.00488982,0,0,-0.0342131,0,0.00660086,27,31.1,-2.99737,-1.00002,1,-0.00614226,4.13507e-05,0,0.0025928,5.96046e-05,0,0.011289,28,31.1,-0.0145819,1.00294,1,0.0230794,-0.00390746,0,0.0638885,-0.0135303,0,0.00829944,29,31.1,0.999999,-2.94059e-06,1,9.96515e-06,-3.92237e-05,0,-1.11759e-05,0.000139081,0,0.00813303,30,31.1,-2,-0.00647347,1,1.56462e-05,0.0278239,0,5.96046e-05,-0.0234288,0,0.0125929,31,31.1,1.99991,0.999607,1,-5.08502e-05,5.68107e-06,0,0.000827014,0.00313297,0,0.00912596,32,31.1,-3,1.00295,1,0,0.00241622,0,0,-0.029251,0,0.00992954,33,31.1,2.99999,1.00003,1,-1.60187e-05,-0.000101887,0,4.47035e-05,-7.45058e-06,0,0.00816773,34,31.1,-1,-2,1,-3.56697e-05,-1.28523e-05,0,0.000145286,-7.45058e-06,0,0.00957868,35,31.1,-0.999999,0.000438315,1,4.56348e-06,-0.00345408,0,-2.6077e-05,0.0068168,0,0.00943971
0,31.2,6.41643e-07,2.01543,1,1.31268e-06,-0.0168145,0,-8.36022e-06,-0.0926256,0,0.0115676,1,31.2,2,-6.37939e-07,1,1.78814e-05,-3.61619e-07,0,0,6.1313e-06,0,0.0106487,2,31.2,-0.000126229,-9.54308e-07,1,0.00273402,6.23762e-06,0,-0.00715809,-1.10088e-05,0,0.00931116,3,31.2,-3,0.00291581,1,0,0.00372534,0,0.00143051,-0.0326859,0,0.00697463,4,31.2,2.003,-2.00001,1,-0.00434518,-5.96046e-06,0,-0.0104904,0,0,0.00772922,5,31.2,1.35776e-05,-1.99988,1,-6.01106e-05,-0.000557303,0,7.01079e-05,0.000655651,0,0.00994504,6,31.2,3,-1.99709,1,1.78814e-05,0.00369549,0,-0.000119209,-0.0326037,0,0.0096422,7,31.2,2.99999,-2.99999,1,-1.78814e-05,5.96046e-06,0,0.000119209,0,0,0.0076375,8,31.2,1.00294,-1.99977,1,0.000503659,-0.00149012,0,-0.0237823,0.00274181,0,0.00835514,9,31.2,-3,-3,1,0,0,0,0,0,0,0.00618155,10,31.2,0.999926,0.987545,1,9.83477e-05,0.0206158,0,0.000357628,0.0538826,0,0.0104306,11,31.2,-1.99999,2,1,2.38419e-05,5.96046e-06,0,-0.000119209,0.000119209,0,0.013207,12,31.2,3,2.00001,1,0,-5.96046e-05,0,0,0.000119209,0,0.00448959,13,31.2,-0.999998,2,1,-4.47035e-06,5.96046e-06,0,-2.98023e-05,0.000119209,0,0.00751328,14,31.2,-2.99636,3,1,-0.00473857,0,0,-0.00858307,0,0,0.00822654,15,31.2,-2.99999,-1.99999,1,1.78814e-05,-1.49012e-05,0,-0.000119209,0,0,0.00881489,16,31.2,-1.05536,-1.00482,1,0.252283,-0.0049144,0,-0.507414,0.0779033,0,0.00975865,17,31.2,0.999998,-3,1,-3.42727e-05,0,0,0.000119209,0,0,0.00664441,18,31.2,-1.99999,-2.99989,1,1.19209e-05,-4.76837e-05,0,-0.000119209,-0.000596046,0,0.0116047,19,31.2,-0.999998,3,1,4.47035e-06,0,0,0,0,0,0.00783987,20,31.2,2.42926e-05,-1,1,-8.56332e-05,8.9407e-06,0,6.08235e-05,0,0,0.00823521,21,31.2,2,-3,1,-2.98023e-06,0,0,0,0,0,0.00583777,22,31.2,2.00004,-0.999976,1,0.00209808,-0.000265241,0,-0.00667572,0.000596046,0,0.0106885,23,31.2,-0.999875,1.00001,1,-0.0027433,-1.19209e-05,0,0.00721216,-5.96046e-05,0,0.00898472,24,31.2,1.00005,-1.00031,1,-0.000289083,0.00290871,0,0.000536442,-0.00625849,0,0.00928353,25,31.2,1,3,1,8.9407e-06,-1.78814e-05,0,-0.000119209,0,0,0.0095743,26,31.2,-3,2.00301,1,0,0.00177026,0,0,-0.0280142,0,0.00695076,27,31.2,-2.99797,-1.00001,1,-0.00571012,4.47035e-05,0,0.00572205,0,0,0.0107348,28,31.2,-0.0120205,1.0025,1,0.027526,-0.00490546,0,0.0264538,-0.00655651,0,0.00774249,29,31.2,1,-6.18699e-06,1,8.9407e-06,-2.59256e-05,0,-5.96046e-05,0.000125847,0,0.00793975,30,31.2,-2,-0.00383393,1,1.78814e-05,0.0247385,0,0,-0.0371572,0,0.0106307,31,31.2,1.99991,0.999622,1,2.38419e-05,0.000272691,0,0.000596046,0.00220537,0,0.00869508,32,31.2,-3,1.00306,1,0,-0.000187755,0,0,-0.022769,0,0.00976287,33,31.2,2.99999,1.00002,1,-1.78814e-05,-9.53674e-05,0,0.000238419,0,0,0.00697696,34,31.2,-1,-2,1,-2.08616e-05,-1.78814e-05,0,5.96046e-05,0.000119209,0,0.00900069,35,31.2,-0.999999,0.000127875,1,2.98023e-06,-0.00274857,0,-5.96046e-05,0.00718819,0,0.00925133
0,31.3,7.33397e-07,2.01336,1,5.45963e-07,-0.023891,0,-6.94777e-06,-0.0503659,0,0.0115676,1,31.3,2.00001,-6.46031e-07,1,1.60187e-05,1.74206e-07,0,-4.47035e-05,4.59799e-06,0,0.0106487,2,31.3,0.000111603,-3.87732e-07,1,0.00202666,5.07731e-06,0,-0.00691685,-1.20088e-05,0,0.00931116,3,31.3,-2.99999,0.00313594,1,0.000105798,0.000788318,0,0.000745058,-0.0260242,0,0.00697463,4,31.3,2.00252,-2.00001,1,-0.00508912,-4.47035e-06,0,-0.00457466,2.98023e-05,0,0.00772922,5,31.3,7.95595e-06,-1.99993,1,-5.19841e-05,-0.000480935,0,9.04253e-05,0.000849366,0,0.00994504,6,31.3,3,-1.99687,1,7.82311e-06,0.000767037,0,-7.45058e-05,-0.025928,0,0.0096422,7,31.3,2.99999,-2.99999,1,-7.45058e-06,4.47035e-06,0,8.9407e-05,-2.98023e-05,0,0.0076375,8,31.3,1.00288,-1.99991,1,-0.00155382,-0.00120439,0,-0.0174344,0.00292063,0,0.00835514,9,31.3,-3,-3,1,0,0,0,0,0,0,0.00618155,10,31.3,0.999937,0.989817,1,0.000124611,0.0242962,0,0.000178814,0.0210777,0,0.0104306,11,31.3,-1.99999,2.00001,1,1.28523e-05,1.41561e-05,0,-9.68575e-05,2.98023e-05,0,0.013207,12,31.3,3,2,1,0,-4.74975e-05,0,0,0.00012666,0,0.00448959,13,31.3,-0.999999,2,1,-6.51926e-06,1.41561e-05,0,-7.45058e-06,2.98023e-05,0,0.00751328,14,31.3,-2.99687,3,1,-0.00534095,0,0,-0.00359118,0,0,0.00822654,15,31.3,-2.99999,-1.99999,1,7.45058e-06,-1.47149e-05,0,-8.9407e-05,7.45058e-06,0,0.00881489,16,31.3,-1.03264,-1.00496,1,0.20222,0.00162609,0,-0.490412,0.0535548,0,0.00975865,17,31.3,0.999995,-3,1,-2.29105e-05,0,0,0.000104308,0,0,0.00664441,18,31.3,-1.99999,-2.9999,1,1.86265e-06,-9.79751e-05,0,-7.45058e-05,-0.000402331,0,0.0116047,19,31.3,-0.999998,3,1,4.00469e-06,0,0,-1.11759e-05,0,0,0.00783987,20,31.3,1.6108e-05,-0.999999,1,-7.73891e-05,8.3819e-06,0,0.000101046,-1.49012e-05,0,0.00823521,21,31.3,2,-3,1,-2.79397e-06,0,0,7.45058e-06,0,0,0.00583777,22,31.3,2.00022,-0.999999,1,0.00145547,-0.000205077,0,-0.00612438,0.000596046,0,0.0106885,23,31.3,-1.00011,1.00001,1,-0.00203149,-1.67638e-05,0,0.00695512,-2.98023e-05,0,0.00898472,24,31.3,1.00002,-1.00005,1,-0.000233296,0.00227187,0,0.000562519,-0.0063926,0,0.00928353,25,31.3,1,2.99999,1,-5.58794e-07,-1.60187e-05,0,-8.19564e-05,4.47035e-05,0,0.0095743,26,31.3,-3,2.00306,1,0,-0.000694767,0,0,-0.0213236,0,0.00695076,27,31.3,-2.9985,-1.00001,1,-0.00501536,4.28408e-05,0,0.00797212,-4.47035e-05,0,0.0107348,28,31.3,-0.0091872,1.00198,1,0.0286597,-0.00527538,0,-0.00235799,-0.00107288,0,0.00774249,29,31.3,1,-8.1808e-06,1,3.91155e-06,-1.42672e-05,0,-3.72529e-05,0.000106875,0,0.00793975,30,31.3,-2,-0.00155994,1,1.75089e-05,0.0206234,0,-1.49012e-05,-0.0442445,0,0.0106307,31,31.3,1.99991,0.999659,1,7.45058e-05,0.00045076,0,0.000417233,0.00137836,0,0.00869508,32,31.3,-3,1.00294,1,0,-0.0021331,0,0,-0.0162274,0,0.00976287,33,31.3,2.99999,1.00001,1,1.11759e-06,-9.08971e-05,0,0.000163913,8.9407e-05,0,0.00697696,34,31.3,-1.00001,-2,1,-1.49012e-05,-7.82311e-06,0,5.96046e-05,7.45058e-05,0,0.00900069,35,31.3,-0.999999,-0.000111258,1,-1.76951e-06,-0.00203813,0,-4.09782e-05,0.00694804,0,0.00925133
