0,0,-2,-1,1,0,0,0,0,0,0,0.0249079,1,0,-3,-3,1,0,0,0,0,0,0,0.00398795,2,0,2,-3,1,0,0,0,0,0,0,0.00691699,3,0,0,2,1,0,0,0,0,0,0,0.00501821,4,0,1,2,1,0,0,0,0,0,0,0.00772214,5,0,2,3,1,0,0,0,0,0,0,0.00513298,6,0,-2,0,1,0,0,0,0,0,0,0.00638881,7,0,0,-1,1,0,0,0,0,0,0,0.00875414,8,0,0,-3,1,0,0,0,0,0,0,0.00928655,9,0,-1,-2,1,0,0,0,0,0,0,0.00975873,10,0,-1,2,1,0,0,0,0,0,0,0.00516808,11,0,-3,-1,1,0,0,0,0,0,0,0.00472027,12,0,2,-2,1,0,0,0,0,0,0,0.00917542,13,0,-2,3,1,0,0,0,0,0,0,0.00439271,14,0,-1,0,1,0,0,0,0,0,0,0.0100483,15,0,-1,-1,1,0,0,0,0,0,0,0.0051332,16,0,3,-1,1,0,0,0,0,0,0,0.00543402,17,0,1,3,1,0,0,0,0,0,0,0.004889,18,0,-1,1,1,0,0,0,0,0,0,0.00545568,19,0,0,3,1,0,0,0,0,0,0,0.00502574,20,0,-1,3,1,0,0,0,0,0,0,0.00485116,21,0,-3,3,1,0,0,0,0,0,0,0.00635647,22,0,0,1,1,0,0,0,0,0,0,0.0101286,23,0,-1,-3,1,0,0,0,0,0,0,0.00439642,24,0,3,0,1,0,0,0,0,0,0,0.00422028,25,0,1,-1,1,0,0,0,0,0,0,0.00478143,26,0,2,2,1,0,0,0,0,0,0,0.00515521,27,0,-3,1,1,0,0,0,0,0,0,0.0101615,28,0,-2,-3,1,0,0,0,0,0,0,0.0082928,29,0,-2,2,1,0,0,0,0,0,0,0.00850695,30,0,-3,0,1,0,0,0,0,0,0,0.00509186,31,0,-3,2,1,0,0,0,0,0,0,0.00441048,32,0,1,0,1,0,0,0,0,0,0,0.0100854,33,0,3,2,1,0,0,0,0,0,0,0.00471738,34,0,2,-1,1,0,0,0,0,0,0,0.00442518,35,0,2,0,1,0,0,0,0,0,0,0.00568121
0,0.1,-2,-1.00123,1,-8.9407e-06,-0.0352424,0,-0.000298023,-0.643,0,0.0249079,1,0.1,-3,-2.9986,1,0,0.0399802,0,0,0.718936,0,0.00398795,2,0.1,2.00194,-3,1,0.0531256,0,0,0.874996,0,0,0.00691699,3,0.1,0,2,1,0,0,0,0,0,0,0.00501821,4,0.1,1,1.99877,1,8.3819e-06,-0.0352424,0,0.000290573,-0.643,0,0.00772214,5,0.1,2.00122,3,1,0.0349991,0,0,0.638932,0,0,0.00513298,6,0.1,-2,0.00121839,1,0,0.0349987,0,0,0.638941,0,0.00638881,7,0.1,0,-0.998782,1,0,0.0349987,0,0,0.638939,0,0.00875414,8,0.1,1.73973e-07,-2.99877,1,8.406e-06,0.0352427,0,0.000292277,0.642985,0,0.00928655,9,0.1,-1,-2,1,0,0,0,0,0,0,0.00975873,10,0.1,-1,1.99948,1,0,-0.0149786,0,0,-0.272006,0,0.00516808,11,0.1,-2.99948,-1,1,0.014979,0,0,0.271991,0,0,0.00472027,12,0.1,2,-1.99948,1,0,0.0149786,0,0,0.272006,0,0.00917542,13,0.1,-1.99948,3,1,0.0149786,0,0,0.272006,0,0,0.00439271,14,0.1,-1,-0.000522755,1,0,-0.0149784,0,0,-0.272003,0,0.0100483,15,0.1,-0.999477,-1,1,0.0149784,0,0,0.272002,0,0,0.0051332,16,0.1,3,-1.00122,1,0,-0.0349984,0,0,-0.638947,0,0.00543402,17,0.1,1,2.99948,1,0,-0.014979,0,0,-0.271991,0,0.004889,18,0.1,-1,0.999477,1,0,-0.0149784,0,0,-0.272002,0,0.00545568,19,0.1,0.000522755,3,1,0.0149784,0,0,0.272003,0,0,0.00502574,20,0.1,-0.999477,3,1,0.0149784,0,0,0.272002,0,0,0.00485116,21,0.1,-2.99948,3,1,0.014979,0,0,0.271991,0,0,0.00635647,22,0.1,0,1,1,0,0,0,0,0,0,0.0101286,23,0.1,-0.999477,-3,1,0.0149784,0,0,0.272002,0,0,0.00439642,24,0.1,3,0,1,0,0,0,0,0,0,0.00422028,25,0.1,1,-1,1,0,0,0,0,0,0,0.00478143,26,0.1,2,2,1,0,0,0,0,0,0,0.00515521,27,0.1,-3,1.00052,1,0,0.0149786,0,0,0.272006,0,0.0101615,28,0.1,-1.99948,-3,1,0.0149786,0,0,0.272006,0,0,0.0082928,29,0.1,-1.99948,2,1,0.0149786,0,0,0.272006,0,0,0.00850695,30,0.1,-2.99948,0,1,0.014979,0,0,0.271991,0,0,0.00509186,31,0.1,-3,2.00052,1,0,0.014979,0,0,0.271991,0,0.00441048,32,0.1,1,0,1,0,0,0,0,0,0,0.0100854,33,0.1,3,1.9986,1,0,-0.03998,0,0,-0.718929,0,0.00471738,34,0.1,2,-0.999477,1,0,0.0149784,0,0,0.272002,0,0.00442518,35,0.1,2,0.00140118,1,0,0.0399802,0,0,0.718931,0,0.00568121
0,0.2,-2,-1.0086,1,-7.7486e-05,-0.117341,0,-0.0013113,-0.94825,0,0.0128201,1,0.2,-3,-2.99037,1,0,0.129187,0,0,1.00017,0,0.00784387,2,0.2,2.012,-3,1,0.149995,0,0,1.00017,0,0,0.00613328,3,0.2,0,2,1,0,0,0,0,0,0,0.00727179,4,0.2,1,1.9914,1,8.04663e-05,-0.117341,0,0.00119209,-0.94825,0,0.0134523,5,0.2,2.00855,3,1,0.116676,0,0,0.944376,0,0,0.00541729,6,0.2,-2,0.00854835,1,0,0.116674,0,0,0.944458,0,0.0145432,7,0.2,0,-0.991452,1,0,0.116675,0,0,0.944465,0,0.0104122,8,0.2,3.80861e-06,-2.9914,1,7.99713e-05,0.117344,0,0.00123003,0.948071,0,0.0102761,9,0.2,-1,-2,1,0,0,0,0,0,0,0.0113535,10,0.2,-1,1.99636,1,0,-0.0494927,0,0,-0.396729,0,0.00791011,11,0.2,-2.99636,-1,1,0.0494897,0,0,0.396848,0,0,0.00619184,12,0.2,2,-1.99636,1,0,0.0494927,0,0,0.396729,0,0.0077733,13,0.2,-1.99636,3,1,0.0494927,0,0,0.396729,0,0,0.00457125,14,0.2,-1,-0.00364282,1,0,-0.0494918,0,0,-0.396742,0,0.00787318,15,0.2,-0.996357,-1,1,0.0494927,0,0,0.396729,0,0,0.00939089,16,0.2,3,-1.00855,1,0,-0.116673,0,0,-0.944495,0,0.004963,17,0.2,1,2.99636,1,0,-0.0494897,0,0,-0.396848,0,0.0084952,18,0.2,-1,0.996357,1,0,-0.0494927,0,0,-0.396729,0,0.00689885,19,0.2,0.00364282,3,1,0.0494918,0,0,0.396742,0,0,0.00585007,20,0.2,-0.996357,3,1,0.0494927,0,0,0.396729,0,0,0.00432298,21,0.2,-2.99636,3,1,0.0494897,0,0,0.396848,0,0,0.00604159,22,0.2,0,1,1,0,0,0,0,0,0,0.0100418,23,0.2,-0.996357,-3,1,0.0494927,0,0,0.396729,0,0,0.00764162,24,0.2,3,0,1,0,0,0,0,0,0,0.00782777,25,0.2,1,-1,1,0,0,0,0,0,0,0.0103243,26,0.2,2,2,1,0,0,0,0,0,0,0.00855767,27,0.2,-3,1.00364,1,0,0.0494927,0,0,0.396729,0,0.00693401,28,0.2,-1.99636,-3,1,0.0494927,0,0,0.396729,0,0,0.00649386,29,0.2,-1.99636,2,1,0.0494927,0,0,0.396729,0,0,0.00676994,30,0.2,-2.99636,0,1,0.0494897,0,0,0.396848,0,0,0.00611638,31,0.2,-3,2.00364,1,0,0.0494897,0,0,0.396848,0,0.00753275,32,0.2,1,0,1,0,0,0,0,0,0,0.00777099,33,0.2,3,1.99037,1,0,-0.129193,0,0,-0.999928,0,0.00424262,34,0.2,2,-0.996357,1,0,0.0494927,0,0,0.396729,0,0.00704603,35,0.2,2,0.0096268,1,0,0.129191,0,0,1,0,0.00956197
0,0.3,-2.00002,-1.02518,1,-0.000175834,-0.214915,0,-0.000685453,-0.993535,0,0.0128201,1,0.3,-3,-2.97245,1,0,0.229196,0,0,1.00002,0,0.00784387,2,0.3,2.032,-3,1,0.249853,0,0,0.993982,0,0,0.00613328,3,0.3,0,2,1,0,0,0,0,0,0,0.00727179,4,0.3,1.00002,1.97482,1,0.000169873,-0.214915,0,0.000610948,-0.993535,0,0.0134523,5,0.3,2.02505,3,1,0.214069,0,0,0.993043,0,0,0.00541729,6,0.3,-2,0.0250457,1,0,0.214071,0,0,0.993057,0,0.0145432,7,0.3,0,-0.974954,1,0,0.214071,0,0,0.993062,0,0.0104122,8,0.3,1.69059e-05,-2.97482,1,0.000172072,0.21491,0,0.000635667,0.993505,0,0.0102761,9,0.3,-1,-2,1,0,0,0,0,0,0,0.0113535,10,0.3,-1,1.98898,1,0,-0.101718,0,0,-0.618987,0,0.00791011,11,0.3,-2.98892,-0.999995,1,0.103366,0.000144728,0,0.649348,0.00301003,0,0.00619184,12,0.3,2,-1.98898,1,0,0.101718,0,0,0.618987,0,0.0077733,13,0.3,-1.98898,3,1,0.101718,0,0,0.618987,0,0,0.00457125,14,0.3,-1,-0.0108194,1,-8.75443e-06,-0.0959801,0,-0.00026077,-0.513627,0,0.00787318,15,0.3,-0.988922,-1,1,0.103426,-0.000106357,0,0.650484,-0.00228733,0,0.00939089,16,0.3,3,-1.02505,1,0,-0.214071,0,0,-0.993066,0,0.004963,17,0.3,1,2.98874,1,0,-0.108877,0,0,-0.753298,0,0.0084952,18,0.3,-1,0.988981,1,0,-0.101718,0,0,-0.618983,0,0.00689885,19,0.3,0.0108193,3,1,0.0959782,0,0,0.513574,0,0,0.00585007,20,0.3,-0.988981,3,1,0.101718,0,0,0.618983,0,0,0.00432298,21,0.3,-2.98898,3,1,0.101724,0,0,0.619039,0,0,0.00604159,22,0.3,0,1,1,0,0,0,0,0,0,0.0100418,23,0.3,-0.988917,-3,1,0.103567,0,0,0.652947,0,0,0.00764162,24,0.3,3,0,1,0,0,0,0,0,0,0.00782777,25,0.3,1,-1.00112,1,-1.63913e-05,-0.0323191,0,-0.000566244,-0.594378,0,0.0103243,26,0.3,2,2,1,0,0,0,0,0,0,0.00855767,27,0.3,-3,1.01102,1,0,0.101718,0,0,0.618987,0,0.00693401,28,0.3,-1.98898,-3,1,0.101718,0,0,0.618987,0,0,0.00649386,29,0.3,-1.98918,2,1,0.0959801,8.56817e-06,0,0.513621,0.00025332,0,0.00676994,30,0.3,-2.98892,-3.39487e-06,1,0.103433,-0.000106297,0,0.650555,-0.0022972,0,0.00611638,31,0.3,-3,2.01082,1,0,0.095984,0,0,0.513628,0,0.00753275,32,0.3,1,0,1,0,0,0,0,0,0,0.00777099,33,0.3,3,1.97245,1,0,-0.22919,0,0,-0.999995,0,0.00424262,34,0.3,2,-0.98864,1,0,0.111521,0,0,0.797678,0,0.00704603,35,0.3,2,0.0275459,1,0,0.229191,0,0,1,0,0.00956197
0,0.4,-2.00004,-1.05166,1,-0.000220537,-0.314754,0,-0.000119209,-0.999987,0,0.0131962,1,0.4,-3,-2.94453,1,0,0.32919,0,0,1.00017,0,0.00562161,2,0.4,2.0619,-3,1,0.34759,0,0,0.951767,0,0,0.00552492,3,0.4,0,2,1,0,0,0,0,0,0,0.00775396,4,0.4,1.00004,1.94834,1,0.000208616,-0.314754,0,0.000119209,-0.999987,0,0.0148533,5,0.4,2.05144,3,1,0.31389,0,0,1.00017,0,0,0.00861916,6,0.4,-2,0.0514388,1,0,0.313897,0,0,0.999998,0,0.0116541,7,0.4,0,-0.948561,1,0,0.313897,0,0,1.00002,0,0.0142167,8,0.4,3.64725e-05,-2.94834,1,0.000211613,0.314742,0,0.000176544,1.00017,0,0.0114023,9,0.4,-1,-2,1,0,0,0,0,0,0,0.0126487,10,0.4,-1,1.97555,1,0,-0.168106,0,0,-0.685811,0,0.0100022,11,0.4,-2.97514,-0.99996,1,0.173706,0.000619888,0,0.732541,0.00652671,0,0.00932759,12,0.4,2,-1.97555,1,0,0.168106,0,0,0.685811,0,0.00678091,13,0.4,-1.97555,3,1,0.168106,0,0,0.685811,0,0,0.00414184,14,0.4,-1,-0.0230453,1,-6.55651e-05,-0.148745,0,-0.000953674,-0.52634,0,0.0118652,15,0.4,-0.975124,-1.00003,1,0.173925,-0.000488758,0,0.73427,-0.00536442,0,0.0167106,16,0.4,3,-1.05144,1,0,-0.313899,0,0,-0.999987,0,0.0051361,17,0.4,1,2.97375,1,0,-0.193334,0,0,-0.905156,0,0.00937474,18,0.4,-1,0.975545,1,0,-0.168107,0,0,-0.685811,0,0.00886259,19,0.4,0.0230446,3,1,0.148731,0,0,0.526144,0,0,0.00452768,20,0.4,-0.975545,3,1,0.168107,0,0,0.685811,0,0,0.00440524,21,0.4,-2.97554,3,1,0.168115,0,0,0.68593,0,0,0.00401205,22,0.4,0,1,1,0,0,0,0,0,0,0.00861172,23,0.4,-0.975091,-3,1,0.174351,0,0,0.73719,0,0,0.00908596,24,0.4,3,0,1,0,0,0,0,0,0,0.00790053,25,0.4,0.999993,-1.00795,1,-0.000156462,-0.109354,0,-0.00235438,-0.90301,0,0.0194508,26,0.4,2,2,1,0,0,0,0,0,0,0.00855121,27,0.4,-3,1.02445,1,0,0.168106,0,0,0.685811,0,0.00660309,28,0.4,-1.97555,-3,1,0.168106,0,0,0.685811,0,0,0.00664271,29,0.4,-1.97695,2,1,0.148743,6.55651e-05,0,0.526369,0.000953674,0,0.013385,30,0.4,-2.97512,-3.04487e-05,1,0.173932,-0.000486918,0,0.734448,-0.00541871,0,0.0120681,31,0.4,-3,2.02305,1,0,0.148743,0,0,0.526071,0,0.00659029,32,0.4,1,0,1,0,0,0,0,0,0,0.0108669,33,0.4,3,1.94454,1,0,-0.32919,0,0,-0.999987,0,0.00532994,34,0.4,2,-0.973152,1,0,0.200775,0,0,0.951082,0,0.00842453,35,0.4,2,0.055465,1,0,0.329191,0,0,0.999998,0,0.00842918
0,0.5,-2.00006,-1.08781,1,-0.000217557,-0.404323,0,0.000149012,-0.766829,0,0.0131962,1,0.5,-3,-2.90703,1,0,0.416343,0,0,0.723764,0,0.00562161,2,0.5,2.10097,-3,1,0.428779,0,0,0.65738,0,0,0.00552492,3,0.5,0,2,1,0,0,0,0,0,0,0.00775396,4,0.5,1.00006,1.91219,1,0.000206754,-0.404323,0,-0.000149012,-0.766829,0,0.0148533,5,0.5,2.0875,2.9996,1,0.40349,-0.01176,0,0.767782,-0.224382,0,0.00861916,6,0.5,-2,0.0875079,1,0,0.403607,0,0,0.769331,0,0.0116541,7,0.5,0,-0.912492,1,0,0.403608,0,0,0.769332,0,0.0142167,8,0.5,5.8001e-05,-2.91219,1,0.000214165,0.404323,0,-0.000111174,0.766888,0,0.0114023,9,0.5,-1,-2,1,0,0,0,0,0,0,0.0126487,10,0.5,-1,1.95516,1,0,-0.240523,0,0,-0.744708,0,0.0100022,11,0.5,-2.95392,-0.99981,1,0.251842,0.00287639,0,0.80587,0.0362359,0,0.00932759,12,0.5,2,-1.955,1,0,0.244926,0,0,0.818536,0,0.00678091,13,0.5,-1.95516,3,1,0.240523,0,0,0.744708,0,0,0.00414184,14,0.5,-1.00001,-0.0406476,1,-0.000148825,-0.20384,0,-0.000931323,-0.559075,0,0.0118652,15,0.5,-0.95388,-1.00016,1,0.252131,-0.00264719,0,0.805758,-0.0354201,0,0.0167106,16,0.5,3,-1.08751,1,0,-0.403607,0,0,-0.769325,0,0.0051361,17,0.5,1,2.94974,1,0,-0.287551,0,0,-0.945985,0,0.00937474,18,0.5,-1,0.955243,1,0,-0.238195,0,0,-0.701483,0,0.00886259,19,0.5,0.040794,3,1,0.208106,0,0,0.637648,0,0,0.00452768,20,0.5,-0.955243,3,1,0.238193,0,0,0.70145,0,0,0.00440524,21,0.5,-2.95516,3,1,0.240541,0,0,0.744745,0,0,0.00401205,22,0.5,0,1,1,0,0,0,0,0,0,0.00861172,23,0.5,-0.953866,-3,1,0.250782,0,0,0.775102,0,0,0.00908596,24,0.5,3,0,1,0,0,0,0,0,0,0.00790053,25,0.5,0.999967,-1.02359,1,-0.000332575,-0.204807,0,-0.00121817,-0.98788,0,0.0194508,26,0.5,2,2,1,0,0,0,0,0,0,0.00855121,27,0.5,-3,1.04476,1,0,0.238192,0,0,0.701442,0,0.00660309,28,0.5,-1.95514,-3,1,0.241285,0,0,0.758842,0,0,0.00664271,29,0.5,-1.95937,2.00002,1,0.203243,0.000180304,0,0.548035,0.00151992,0,0.013385,30,0.5,-2.95388,-0.000162671,1,0.252173,-0.00266128,0,0.806198,-0.0356767,0,0.0120681,31,0.5,-3,2.04063,1,0,0.203199,0,0,0.547409,0,0.00659029,32,0.5,1,0,1,0,0,0,0,0,0,0.0108669,33,0.5,3,1.90703,1,0,-0.416332,0,0,-0.723757,0,0.00532994,34,0.5,2,-0.948288,1,0,0.296043,0,0,0.924595,0,0.00842453,35,0.5,2,0.092973,1,0,0.416333,0,0,0.723753,0,0.00842918
0,0.6,-2.00008,-1.13155,1,-0.000190735,-0.465152,0,0.000238419,-0.44477,0,0.0130304,1,0.6,-3,-2.86233,1,0,0.472021,0,0,0.389814,0,0.00631505,2,0.6,2.14658,-3,1,0.477964,0,0,0.330091,0,0,0.00573605,3,0.6,0,2,1,0,0,0,0,0,0,0.00753673,4,0.6,1.00008,1.86845,1,0.000181794,-0.465152,0,-0.000298023,-0.44477,0,0.0128732,5,0.6,2.13117,2.99701,1,0.464529,-0.042814,0,0.44775,-0.386596,0,0.0049379,6,0.6,-2,0.131195,1,0,0.464737,0,0,0.447891,0,0.0125898,7,0.6,0,-0.868805,1,0,0.464739,0,0,0.447869,0,0.0109128,8,0.6,7.84856e-05,-2.86845,1,0.00019209,0.465155,0,-0.000317541,0.44477,0,0.0117173,9,0.6,-1,-2,1,0,0,0,0,0,0,0.0119587,10,0.6,-1,1.92741,1,0,-0.313827,0,0,-0.706971,0,0.0104618,11,0.6,-2.92475,-0.999309,1,0.330663,0.00742525,0,0.752807,0.0527203,0,0.00952492,12,0.6,2,-1.92641,1,0,0.326285,0,0,0.78547,0,0.00659021,13,0.6,-1.92741,3,1,0.313827,0,0,0.706971,0,0,0.00410961,14,0.6,-1.00004,-0.0637679,1,-0.000292063,-0.25765,0,-0.00202656,-0.504501,0,0.0108245,15,0.6,-0.924683,-1.00064,1,0.330898,-0.00712872,0,0.751972,-0.0522137,0,0.0140666,16,0.6,3,-1.13119,1,0,-0.464737,0,0,-0.447929,0,0.00757633,17,0.6,1,2.91643,1,0,-0.376254,0,0,-0.798702,0,0.00852936,18,0.6,-1,0.927991,1,0,-0.305806,0,0,-0.6392,0,0.00892799,19,0.6,0.0648144,3,1,0.272041,0,0,0.622563,0,0,0.00491809,20,0.6,-0.927991,3,1,0.3058,0,0,0.639141,0,0,0.0045885,21,0.6,-2.92741,3,1,0.313848,0,0,0.706911,0,0,0.00370497,22,0.6,0,1,1,0,0,0,0,0,0,0.00886507,23,0.6,-0.924963,-3,1,0.326443,0,0,0.72518,0,0,0.00612483,24,0.6,3,0,1,0,0,0,0,0,0,0.00762128,25,0.6,0.999929,-1.04904,1,-0.000406802,-0.304505,0,-0.000357628,-0.999987,0,0.0125194,26,0.6,2,2,1,0,0,0,0,0,0,0.00803294,27,0.6,-3,1.07201,1,0,0.305799,0,0,0.6392,0,0.00700852,28,0.6,-1.92722,-3,1,0.31645,0,0,0.729203,0,0,0.00559475,29,0.6,-1.93638,2.00004,1,0.255612,0.000399351,0,0.487447,0.00298023,0,0.0141736,30,0.6,-2.92467,-0.000640502,1,0.330985,-0.00717595,0,0.752211,-0.0525455,0,0.0122695,31,0.6,-3,2.06361,1,0,0.255477,0,0,0.486016,0,0.00640562,32,0.6,1,0,1,0,0,0,0,0,0,0.0116638,33,0.6,3,1.86233,1,0,-0.472015,0,0,-0.389755,0,0.00497625,34,0.6,2,-0.914298,1,0,0.380899,0,0,0.754297,0,0.00751702,35,0.6,2,0.13767,1,0,0.472016,0,0,0.389739,0,0.00743604
0,0.7,-2.0001,-1.17975,1,-0.000160187,-0.493999,0,0.000357628,-0.150181,0,0.0130304,1,0.7,-3,-2.81369,1,0,0.496048,0,0,0.112385,0,0.00631505,2,0.7,2.19555,-2.99976,1,0.497239,0.00693463,0,0.0827461,0.130668,0,0.00573605,3,0.7,0,2,1,0,0,0,0,0,0,0.00753673,4,0.7,1.00009,1.82025,1,0.000146963,-0.493999,0,-0.000394881,-0.150181,0,0.0128732,5,0.7,2.17932,2.98998,1,0.493584,-0.104557,0,0.154093,-0.800729,0,0.0049379,6,0.7,-2.00014,0.179378,1,-0.00404455,0.493975,0,-0.0800639,0.152498,0,0.0125898,7,0.7,0,-0.820627,1,0,0.493871,0,0,0.152491,0,0.0109128,8,0.7,9.5932e-05,-2.82025,1,0.000155278,0.494001,0,-0.000411249,0.150174,0,0.0117173,9,0.7,-1,-2,1,0,0,0,0,0,0,0.0119587,10,0.7,-1,1.89262,1,0,-0.380592,0,0,-0.615388,0,0.0104618,11,0.7,-2.88805,-0.998354,1,0.401562,0.0111673,0,0.642091,0.0233501,0,0.00952492,12,0.7,2,-1.89,1,0,0.399863,0,0,0.662953,0,0.00659021,13,0.7,-1.89262,3,1,0.380592,0,0,0.615388,0,0,0.00410961,14,0.7,-1.00007,-0.0920923,1,-0.000452623,-0.308906,0,-0.00150502,-0.50889,0,0.0108245,15,0.7,-0.887961,-1.00156,1,0.401659,-0.0108473,0,0.640485,-0.023365,0,0.0140666,16,0.7,2.99968,-1.17937,1,-0.00937954,-0.493909,0,-0.177324,-0.152498,0,0.00757633,17,0.7,1,2.87521,1,0,-0.443777,0,0,-0.540122,0,0.00852936,18,0.7,-1,0.894265,1,0,-0.367923,0,0,-0.592079,0,0.00892799,19,0.7,0.0951009,3,1,0.333146,0,0,0.590257,0,0,0.00491809,20,0.7,-0.894263,3,1,0.367963,0,0,0.59187,0,0,0.0045885,21,0.7,-2.89267,3,1,0.378837,0,0,0.587106,0,0,0.00370497,22,0.7,0,1,1,0,0,0,0,0,0,0.00886507,23,0.7,-0.888762,-3,1,0.3962,0,0,0.644174,0,0,0.00612483,24,0.7,3,0,1,0,0,0,0,0,0,0.00762128,25,0.7,0.999888,-1.08423,1,-0.000413135,-0.395754,0,0.000208616,-0.796705,0,0.0125194,26,0.7,2,2,1,0,0,0,0,0,0,0.00803294,27,0.7,-3,1.10573,1,0,0.36792,0,0,0.592276,0,0.00700852,28,0.7,-1.89211,-3,1,0.383825,0,0,0.608772,0,0,0.00559475,29,0.7,-1.90834,2.0001,1,0.305285,0.000726059,0,0.490747,0.0037998,0,0.0141736,30,0.7,-2.88794,-0.00156939,1,0.401777,-0.0109181,0,0.640765,-0.0235053,0,0.0122695,31,0.7,-3,2.09163,1,0,0.304968,0,0,0.488356,0,0.00640562,32,0.7,1,0,1,0,0,0,0,0,0,0.0116638,33,0.7,3,1.81369,1,0,-0.496044,0,0,-0.112452,0,0.00497625,34,0.7,2,-0.872793,1,0,0.445261,0,0,0.519644,0,0.00751702,35,0.7,2,0.186305,1,0,0.496044,0,0,0.112444,0,0.00743604
0,0.8,-2.00011,-1.22958,1,-0.000119209,-0.5,0,0.000476837,0,0,0.0126148,1,0.8,-3,-2.76379,1,0,0.5,0,0,0,0,0.005979,2,0.8,2.24548,-2.99826,1,0.5,0.0246227,0,0,0.216007,0,0.00662982,3,0.8,0,2,1,0,0,0,0,0,0,0.00678286,4,0.8,1.00011,1.77042,1,0.000104308,-0.5,0,-0.000417233,0,0,0.011556,5,0.8,2.22913,2.97516,1,0.5,-0.194472,0,0,-0.96035,0,0.00570862,6,0.8,-2.00107,0.229205,1,-0.0157952,0.5,0,-0.153542,-1.43051e-05,0,0.011825,7,0.8,0,-0.770806,1,0,0.5,0,0,0,0,0.00983485,8,0.8,0.000109301,-2.77042,1,0.000111238,0.5,0,-0.000463024,0,0,0.0101553,9,0.8,-1,-2,1,0,0,0,0,0,0,0.0108599,10,0.8,-1,1.85171,1,0,-0.434914,0,0,-0.464022,0,0.00912253,11,0.8,-2.845,-0.997161,1,0.455785,0.0123277,0,0.432491,0.000983477,0,0.0102309,12,0.8,2,-1.84705,1,0,0.4556,0,0,0.442028,0,0.0079917,13,0.8,-1.85171,3,1,0.434911,0,0,0.464141,0,0,0.00396435,14,0.8,-1.00013,-0.125453,1,-0.000649691,-0.357325,0,-0.00274181,-0.450224,0,0.0140503,15,0.8,-0.844916,-1.00272,1,0.455746,-0.0120282,0,0.431448,-0.00137091,0,0.0126424,16,0.8,2.99763,-1.2292,1,-0.0335276,-0.5,0,-0.296354,0,0,0.00867519,17,0.8,1,2.82861,1,0,-0.483555,0,0,-0.259876,0,0.0106255,18,0.8,-1,0.854667,1,0,-0.422284,0,0,-0.486821,0,0.00933936,19,0.8,0.131249,3,1,0.388449,0,0,0.508636,0,0,0.00491249,20,0.8,-0.854668,3,1,0.422119,0,0,0.482947,0,0,0.00437357,21,0.8,-2.85209,3,1,0.430429,0,0,0.441909,0,0,0.0041203,22,0.8,0,1,1,0,0,0,0,0,0,0.00839029,23,0.8,-0.846214,-3,1,0.451483,0,0,0.44933,0,0,0.00658355,24,0.8,3,0,1,0,0,0,0,0,0,0.00713389,25,0.8,0.999848,-1.12729,1,-0.000372529,-0.460169,0,0.000655651,-0.483096,0,0.0129297,26,0.8,2,2,1,0,0,0,0,0,0,0.00716253,27,0.8,-3,1.14533,1,0,0.422329,0,0,0.487447,0,0.00649818,28,0.8,-1.85094,-3,1,0.436822,0,0,0.446796,0,0,0.0058591,29,0.8,-1.87545,2.00019,1,0.351083,0.00119805,0,0.413835,0.00560284,0,0.0138627,30,0.8,-2.84488,-0.00273908,1,0.455874,-0.0121066,0,0.431418,-0.00135344,0,0.0117405,31,0.8,-3,2.12447,1,0,0.350451,0,0,0.409603,0,0.00741043,32,0.8,1,0,1,0,0,0,0,0,0,0.0101553,33,0.8,3,1.7638,1,0,-0.5,0,0,0,0,0.00504235,34,0.8,2,-0.826118,1,0,0.483787,0,0,0.253737,0,0.00683227,35,0.8,2,0.236202,1,0,0.5,0,0,-1.43051e-05,0,0.00749892
0,0.9,-2.00012,-1.27958,1,-7.1153e-05,-0.5,0,0.000491738,0,0,0.0126148,1,0.9,-3,-2.71379,1,0,0.5,0,0,0,0,0.005979,2,0.9,2.29548,-2.9945,1,0.5,0.0523917,0,0,0.330001,0,0.00662982,3,0.9,0,2,1,0,0,0,0,0,0,0.00678286,4,0.9,1.00011,1.72042,1,6.16536e-05,-0.5,0,-0.000439584,0,0,0.011556,5,0.9,2.27913,2.95089,1,0.5,-0.29063,0,0,-0.935912,0,0.00570862,6,0.9,-2.00374,0.279205,1,-0.0407033,0.5,0,-0.33474,0,0,0.011825,7,0.9,0,-0.720806,1,0,0.5,0,0,7.45058e-06,0,0.00983485,8,0.9,0.000118089,-2.72042,1,6.44378e-05,0.5,0,-0.000468226,0,0,0.0101553,9,0.9,-1,-2,1,0,0,0,0,0,0,0.0108599,10,0.9,-1,1.80622,1,0,-0.471909,0,0,-0.279412,0,0.00912253,11,0.9,-2.79766,-0.995947,1,0.48717,0.0117217,0,0.200987,-0.0123866,0,0.0102309,12,0.9,2,-1.79969,1,0,0.48746,0,0,0.201739,0,0.0079917,13,0.9,-1.80621,3,1,0.472008,0,0,0.280619,0,0,0.00396435,14,0.9,-1.00021,-0.163501,1,-0.000926666,-0.403785,0,-0.00273436,-0.459399,0,0.0140503,15,0.9,-0.797581,-1.00391,1,0.487096,-0.0114709,0,0.201177,0.0118017,0,0.0126424,16,0.9,2.99257,-1.2792,1,-0.0697307,-0.5,0,-0.421643,0,0,0.00867519,17,0.9,1,2.77936,1,0,-0.498109,0,0,-0.0583678,0,0.0106255,18,0.9,-1,0.810275,1,0,-0.462822,0,0,-0.323344,0,0.00933936,19,0.9,0.172594,3,1,0.437427,0,0,0.448271,0,0,0.00491249,20,0.9,-0.810309,3,1,0.462365,0,0,0.32175,0,0,0.00437357,21,0.9,-2.80708,3,1,0.46743,0,0,0.295371,0,0,0.0041203,22,0.9,0,1,1,0,0,0,0,0,0,0.00839029,23,0.9,-0.799211,-3,1,0.484746,0,0,0.220317,0,0,0.00658355,24,0.9,3,0,1,0,0,0,0,0,0,0.00713389,25,0.9,0.999815,-1.17517,1,-0.000297837,-0.492474,0,0.000819564,-0.177965,0,0.0129297,26,0.9,2,2,1,0,0,0,0,0,0,0.00716253,27,0.9,-3,1.18972,1,0,0.462632,0,0,0.319831,0,0.00649818,28,0.9,-1.80529,-3,1,0.473467,0,0,0.282362,0,0,0.0058591,29,0.9,-1.83828,2.00034,1,0.392177,0.00165068,0,0.397995,0.0037998,0,0.0138627,30,0.9,-2.79754,-0.00393264,1,0.487189,-0.0115437,0,0.200585,0.0119034,0,0.0117405,31,0.9,-3,2.16157,1,0,0.391491,0,0,0.400424,0,0.00741043,32,0.9,1,0,1,0,0,0,0,0,0,0.0101553,33,0.9,3,1.7138,1,0,-0.5,0,0,0,0,0.00504235,34,0.9,2,-0.776861,1,0,0.498105,0,0,0.0581667,0,0.00683227,35,0.9,2,0.286202,1,0,0.5,0,0,0,0,0.00749892
0,1,-2.00013,-1.32958,1,-2.38419e-05,-0.500003,0,0.000476837,5.96046e-05,0,0.0126583,1,1,-3,-2.66379,1,0,0.5,0,0,0,0,0.006201,2,1,2.34548,-2.98749,1,0.5,0.0888646,0,0,0.391364,0,0.00615712,3,1,0,2,1,0,0,0,0,0,0,0.00652877,4,1,1.00012,1.67042,1,1.78814e-05,-0.500003,0,-0.000357628,5.96046e-05,0,0.0104879,5,1,2.32913,2.91737,1,0.5,-0.376928,0,0,-0.769615,0,0.00550518,6,1,-2.00971,0.329205,1,-0.0808418,0.5,0,-0.458837,-1.43051e-05,0,0.0136876,7,1,0,-0.670806,1,0,0.5,0,0,2.98023e-05,0,0.00941624,8,1,0.000122217,-2.67042,1,1.84649e-05,0.5,0,-0.00044726,0,0,0.010677,9,1,-1,-2,1,0,0,0,0,0,0,0.00987215,10,1,-1,1.7579,1,0,-0.491863,0,0,-0.126898,0,0.00786181,11,1,-2.74826,-0.994854,1,0.498199,0.00998527,0,0.0360012,-0.0216663,0,0.00860854,12,1,2,-1.75026,1,0,0.49834,0,0,0.0331998,0,0.00732791,13,1,-1.75788,3,1,0.492018,0,0,0.126481,0,0,0.00412272,14,1,-1.00031,-0.206065,1,-0.00118315,-0.446059,0,-0.00232458,-0.374213,0,0.012081,15,1,-0.74818,-1.00498,1,0.498171,-0.009799,0,0.0365674,0.0209808,0,0.0139948,16,1,2.98333,-1.3292,1,-0.116658,-0.500003,0,-0.511169,5.96046e-05,0,0.00824953,17,1,1,2.7294,1,0,-0.5,0,0,0,0,0.00861589,18,1,-1,0.762641,1,0,-0.487281,0,0,-0.169724,0,0.0101391,19,1,0.218341,3,1,0.474878,0,0,0.291169,0,0,0.00539932,20,1,-0.762724,3,1,0.486827,0,0,0.171334,0,0,0.0042663,21,1,-2.7591,3,1,0.489545,0,0,0.149846,0,0,0.00393289,22,1,0,1,1,0,0,0,0,0,0,0.00820667,23,1,-0.749956,-3,1,0.497502,0,0,0.0499487,0,0,0.00675668,24,1,3,0,1,0,0,0,0,0,0,0.00664506,25,1,0.999789,-1.22495,1,-0.000211596,-0.5,0,0.000923872,0,0,0.0144245,26,1,2,2,1,0,0,0,0,0,0,0.00657149,27,1,-3,1.23732,1,0,0.486869,0,0,0.169337,0,0.00724424,28,1,-1.75681,-3,1,0.493404,0,0,0.121295,0,0,0.00591718,29,1,-1.79717,2.00052,1,0.428897,0.00202656,0,0.3286,0.0038147,0,0.0166589,30,1,-2.74813,-0.00501051,1,0.498199,-0.00986005,0,0.0360012,0.0211375,0,0.0108808,31,1,-3,2.20263,1,0,0.428629,0,0,0.334024,0,0.00708823,32,1,1,0,1,0,0,0,0,0,0,0.0101337,33,1,3,1.6638,1,0,-0.500003,0,0,5.96046e-05,0,0.00503529,34,1,2,-0.726907,1,0,0.5,0,0,2.98023e-05,0,0.00626627,35,1,2,0.336202,1,0,0.5,0,0,-1.43051e-05,0,0.00716382
0,1.1,-2.00013,-1.37958,1,2.01166e-05,-0.5,0,0.00038743,7.45058e-06,0,0.0126583,1,1.1,-3,-2.6138,1,0,0.5,0,0,0,0,0.006201,2,1.1,2.39548,-2.97636,1,0.5,0.136094,0,0,0.537321,0,0.00615712,3,1.1,0,2,1,0,0,0,0,0,0,0.00652877,4,1.1,1.00012,1.62042,1,-1.67638e-05,-0.5,0,-0.000327826,7.45058e-06,0,0.0104879,5,1.1,2.37913,2.87622,1,0.5,-0.441862,0,0,-0.52242,0,0.00550518,6,1.1,-2.02049,0.379205,1,-0.1382,0.5,0,-0.666216,0,0,0.0136876,7,1.1,0,-0.620806,1,0,0.5,0,0,0,0,0.00941624,8,1.1,0.000121935,-2.62042,1,-2.29824e-05,0.5,0,-0.000381046,0,0,0.010677,9,1.1,-1,-2,1,0,0,0,0,0,0,0.00987215,10,1.1,-1,1.70828,1,0,-0.499043,0,0,-0.0292957,0,0.00786181,11,1.1,-2.69833,-0.993973,1,0.499887,0.00754697,0,0.00450015,-0.0266097,0,0.00860854,12,1.1,2,-1.70032,1,0,0.499896,0,0,0.00414997,0,0.00732791,13,1.1,-1.70825,3,1,0.499086,0,0,0.0282377,0,0,0.00412272,14,1.1,-1.00044,-0.252357,1,-0.00128485,-0.477661,0,0.000163913,-0.248041,0,0.012081,15,1.1,-0.698251,-1.00584,1,0.499886,-0.0074314,0,0.00457838,0.0258759,0,0.0139948,16,1.1,2.96825,-1.3792,1,-0.191506,-0.5,0,-0.913426,7.45058e-06,0,0.00824953,17,1.1,1,2.6794,1,0,-0.5,0,0,0,0,0.00861589,18,1.1,-1,0.713277,1,0,-0.498041,0,0,-0.052955,0,0.0101391,19,1.1,0.266982,3,1,0.495002,0,0,0.115625,0,0,0.00539932,20,1.1,-0.713389,3,1,0.497944,0,0,0.055965,0,0,0.0042663,21,1.1,-2.70961,3,1,0.498606,0,0,0.0409484,0,0,0.00393289,22,1.1,0,1,1,0,0,0,0,0,0,0.00820667,23,1.1,-0.700052,-3,1,0.499844,0,0,0.00625104,0,0,0.00675668,24,1.1,3,0,1,0,0,0,0,0,0,0.00664506,25,1.1,0.999773,-1.27495,1,-0.000119023,-0.5,0,0.000923872,0,0,0.0144245,26,1.1,2,2,1,0,0,0,0,0,0,0.00657149,27,1.1,-3,1.28665,1,0,0.497786,0,0,0.056155,0,0.00724424,28,1.1,-1.70708,-3,1,0.499455,0,0,0.0191405,0,0,0.00591718,29,1.1,-1.75272,2.00074,1,0.459049,0.00222027,0,0.267364,0.00038743,0,0.0166589,30,1.1,-2.6982,-0.00598632,1,0.499887,-0.0102487,0,0.00450015,-0.0148031,0,0.0108808,31,1.1,-3,2.24713,1,0,0.460589,0,0,0.29029,0,0.00708823,32,1.1,1,0,1,0,0,0,0,0,0,0.0101337,33,1.1,3,1.6138,1,0,-0.5,0,0,7.45058e-06,0,0.00503529,34,1.1,2,-0.676907,1,0,0.5,0,0,0,0,0.00626627,35,1.1,2,0.386202,1,0,0.5,0,0,0,0,0.00716382
0,1.2,-2.00012,-1.42958,1,5.96046e-05,-0.500003,0,0.000238419,5.96046e-05,0,0.0114552,1,1.2,-3,-2.5638,1,0,0.5,0,0,0,0,0.00652785,2,1.2,2.44548,-2.95993,1,0.5,0.193393,0,0,0.595331,0,0.00618052,3,1.2,0,2,1,0,0,0,0,0,0,0.0066562,4,1.2,1.00011,1.57042,1,-4.47035e-05,-0.500003,0,-0.000357628,5.96046e-05,0,0.00888698,5,1.2,2.42913,2.82986,1,0.5,-0.481176,0,0,-0.268459,0,0.00483028,6,1.2,-2.03783,0.429205,1,-0.210053,0.5,0,-0.752807,-1.43051e-05,0,0.0130024,7,1.2,0,-0.570806,1,0,0.5,0,0,2.98023e-05,0,0.0089975,8,1.2,0.000117846,-2.57042,1,-5.76458e-05,0.5,0,-0.000311869,0,0,0.00976967,9,1.2,-1,-2,1,0,0,0,0,0,0,0.00879335,10,1.2,-1,1.6583,1,0,-0.500003,0,0,5.96046e-05,0,0.010501,11,1.2,-2.64833,-0.993357,1,0.5,0.00475496,0,0,-0.028789,0,0.00975242,12,1.2,2,-1.65033,1,0,0.500003,0,0,-5.96046e-05,0,0.00759573,13,1.2,-1.65827,3,1,0.500003,0,0,-5.96046e-05,0,0,0.00492088,14,1.2,-1.00056,-0.301112,1,-0.00117421,-0.494963,0,0.00190735,-0.100732,0,0.0109902,15,1.2,-0.648253,-1.00645,1,0.5,-0.00471175,0,2.98023e-05,0.0281334,0,0.0133251,16,1.2,2.94432,-1.4292,1,-0.288433,-0.500003,0,-0.988364,5.96046e-05,0,0.00870576,17,1.2,1,2.6294,1,0,-0.5,0,0,0,0,0.00731254,18,1.2,-1,0.66333,1,0,-0.500001,0,0,2.98023e-05,0,0.00784598,19,1.2,0.31683,3,1,0.5,0,0,0,0,0,0.00521843,20,1.2,-0.663444,3,1,0.5,0,0,0,0,0,0.00474925,21,1.2,-2.65964,3,1,0.5,0,0,0,0,0,0.00437337,22,1.2,0,1,1,0,0,0,0,0,0,0.00753216,23,1.2,-0.650056,-3,1,0.5,0,0,2.98023e-05,0,0,0.00619995,24,1.2,3,0,1,0,0,0,0,0,0,0.00608946,25,1.2,0.999765,-1.32495,1,-2.98023e-05,-0.500003,0,0.000864267,5.96046e-05,0,0.0124213,26,1.2,2,2,1,0,0,0,0,0,0,0.00691188,27,1.2,-3,1.33659,1,0,0.5,0,0,0,0,0.00784544,28,1.2,-1.6571,-3,1,0.500003,0,0,-5.96046e-05,0,0,0.00615106,29,1.2,-1.70562,2.00096,1,0.4814,0.00215769,0,0.177026,-0.00143051,0,0.0118709,30,1.2,-2.6482,-0.00704936,1,0.5,-0.0103882,0,0,0.0222309,0,0.012031,31,1.2,-3,2.29448,1,0,0.48461,0,0,0.18394,0,0.00603038,32,1.2,1,0,1,0,0,0,0,0,0,0.00981839,33,1.2,3,1.5638,1,0,-0.500003,0,0,5.96046e-05,0,0.00537252,34,1.2,2,-0.626907,1,0,0.5,0,0,2.98023e-05,0,0.00669408,35,1.2,2,0.436202,1,0,0.5,0,0,-1.43051e-05,0,0.00680275
0,1.3,-2.00011,-1.47958,1,8.15839e-05,-0.5,0,0.000193715,7.45058e-06,0,0.0114552,1,1.3,-3,-2.5138,1,0,0.5,0,0,0,0,0.00652785,2,1.3,2.49548,-2.93758,1,0.5,0.253784,0,0,0.605598,0,0.00618052,3,1.3,0,2,1,0,0,0,0,0,0,0.0066562,4,1.3,1.00011,1.52042,1,-7.61822e-05,-0.5,0,-0.000275671,7.45058e-06,0,0.00888698,5,1.3,2.4791,2.78076,1,0.499183,-0.497444,0,-0.0182539,-0.0740588,0,0.00483028,6,1.3,-2.06281,0.479183,1,-0.290559,0.499302,0,-0.824392,-0.0159721,0,0.0130024,7,1.3,0,-0.520806,1,0,0.5,0,0,-2.08616e-06,0,0.0089975,8,1.3,0.000110642,-2.52042,1,-8.52442e-05,0.5,0,-0.000240119,0,0,0.00976967,9,1.3,-1,-2,1,0,0,0,0,0,0,0.00879335,10,1.3,-1,1.6083,1,0,-0.5,0,0,7.45058e-06,0,0.010501,11,1.3,-2.59833,-0.993022,1,0.5,0.00196425,0,0,-0.0268631,0,0.00975242,12,1.3,2,-1.60033,1,0,0.5,0,0,-7.45058e-06,0,0.00759573,13,1.3,-1.60827,3,1,0.5,0,0,-7.45058e-06,0,0,0.00492088,14,1.3,-1.00067,-0.350917,1,-0.000938773,-0.499685,0,0.00272691,-0.0125933,0,0.0109902,15,1.3,-0.598253,-1.00679,1,0.5,-0.00198334,0,0,0.0262707,0,0.0133251,16,1.3,2.91079,-1.47918,1,-0.378884,-0.4993,0,-0.79973,0.0159889,0,0.00870576,17,1.3,1,2.5794,1,0,-0.5,0,0,0,0,0.00731254,18,1.3,-1,0.61333,1,0,-0.5,0,0,-3.72529e-06,0,0.00784598,19,1.3,0.36683,3,1,0.5,0,0,-3.57628e-06,0,0,0.00521843,20,1.3,-0.613444,3,1,0.5,0,0,7.45058e-06,0,0,0.00474925,21,1.3,-2.60964,3,1,0.5,0,0,0,0,0,0.00437337,22,1.3,0,1,1,0,0,0,0,0,0,0.00753216,23,1.3,-0.600056,-3,1,0.5,0,0,0,0,0,0.00619995,24,1.3,3,0,1,0,0,0,0,0,0,0.00608946,25,1.3,0.999766,-1.37495,1,4.99189e-05,-0.5,0,0.000730157,7.45058e-06,0,0.0124213,26,1.3,2,2,1,0,0,0,0,0,0,0.00691188,27,1.3,-3,1.38659,1,0,0.5,0,0,0,0,0.00784544,28,1.3,-1.6071,-3,1,0.5,0,0,-7.45058e-06,0,0,0.00615106,29,1.3,-1.65675,2.00116,1,0.494561,0.00188835,0,0.0861883,-0.0037998,0,0.0118709,30,1.3,-2.59822,-0.00787135,1,0.499507,-0.00459615,0,-0.00789762,0.1089,0,0.012031,31,1.3,-3,2.34366,1,0,0.497058,0,0,0.0694394,0,0.00603038,32,1.3,1,0,1,0,0,0,0,0,0,0.00981839,33,1.3,3,1.5138,1,0,-0.5,0,0,7.45058e-06,0,0.00537252,34,1.3,2,-0.576907,1,0,0.5,0,0,0,0,0.00669408,35,1.3,2,0.486202,1,0,0.5,0,0,1.78814e-06,0,0.00680275
0,1.4,-2.00011,-1.52958,1,0.000101328,-0.500003,0,0.000119209,5.96046e-05,0,0.00951989,1,1.4,-3,-2.4638,1,0,0.5,0,0,0,0,0.00698655,2,1.4,2.54548,-2.90921,1,0.5,0.313234,0,0,0.577569,0,0.00607708,3,1.4,0,2,1,0,0,0,0,0,0,0.00682473,4,1.4,1.0001,1.47042,1,-9.83477e-05,-0.500003,0,-0.000238419,5.96046e-05,0,0.00896553,5,1.4,2.52889,2.73083,1,0.495994,-0.5,0,-0.0468493,0,0,0.0052576,6,1.4,-2.09588,0.528993,1,-0.369424,0.496441,0,-0.730753,-0.0429153,0,0.0125991,7,1.4,0,-0.470806,1,0,0.5,0,0,-1.43051e-05,0,0.00893946,8,1.4,0.000101036,-2.47042,1,-0.000105702,0.5,0,-0.000169359,0,0,0.0102362,9,1.4,-1,-2,1,0,0,0,0,0,0,0.00886238,10,1.4,-1,1.5583,1,0,-0.500003,0,0,5.96046e-05,0,0.00750194,11,1.4,-2.54833,-0.992956,1,0.5,-0.000587106,0,0,-0.0240207,0,0.0102157,12,1.4,2,-1.55033,1,0,0.500003,0,0,-5.96046e-05,0,0.00772574,13,1.4,-1.55827,3,1,0.500003,0,0,-5.96046e-05,0,0,0.00453325,14,1.4,-1.00075,-0.400911,1,-0.00064075,-0.5,0,0.00315905,1.43051e-05,0,0.0100453,15,1.4,-0.548253,-1.00686,1,0.5,0.0005126,0,2.98023e-05,0.0236034,0,0.0122971,16,1.4,2.86934,-1.52899,1,-0.445545,-0.496438,0,-0.525951,0.0429153,0,0.00920386,17,1.4,1,2.5294,1,0,-0.5,0,0,0,0,0.00784283,18,1.4,-1,0.56333,1,0,-0.5,0,0,-2.98023e-05,0,0.00786913,19,1.4,0.41683,3,1,0.5,0,0,1.43051e-05,0,0,0.00521987,20,1.4,-0.563444,3,1,0.5,0,0,2.98023e-05,0,0,0.00617543,21,1.4,-2.55964,3,1,0.5,0,0,0,0,0,0.00597096,22,1.4,0,1,1,0,0,0,0,0,0,0.00718963,23,1.4,-0.550056,-3,1,0.5,0,0,2.98023e-05,0,0,0.00584398,24,1.4,3,0,1,0,0,0,0,0,0,0.00641478,25,1.4,0.999775,-1.42495,1,0.000116229,-0.500003,0,0.000566244,5.96046e-05,0,0.0117367,26,1.4,2,2,1,0,0,0,0,0,0,0.00662983,27,1.4,-3,1.43659,1,0,0.500003,0,0,-5.96046e-05,0,0.0082704,28,1.4,-1.5571,-3,1,0.500003,0,0,-5.96046e-05,0,0,0.0059035,29,1.4,-1.60699,2.00133,1,0.499275,0.00143051,0,0.0144839,-0.00536442,0,0.00978795,30,1.4,-2.54831,-0.00754449,1,0.498736,0.0137859,0,-0.00631809,0.26739,0,0.0124173,31,1.4,-3,2.39357,1,0,0.5,0,0,0,0,0.00602935,32,1.4,1,0,1,0,0,0,0,0,0,0.00961025,33,1.4,3,1.4638,1,0,-0.500003,0,0,5.96046e-05,0,0.00560658,34,1.4,2,-0.526907,1,0,0.5,0,0,1.43051e-05,0,0.00601412,35,1.4,2,0.536202,1,0,0.5,0,0,2.98023e-05,0,0.00638984
0,1.5,-2.0001,-1.57958,1,0.000111386,-0.499873,0,7.45058e-05,0.00499189,0,0.00951989,1,1.5,-3,-2.4138,1,0,0.499654,0,0,-0.0108182,0,0.00698655,2,1.5,2.59531,-2.87487,1,0.495018,0.374055,0,-0.0970662,0.609353,0,0.00607708,3,1.5,0,2,1,0,0,0,0,0,0,0.00682473,4,1.5,1.00009,1.42042,1,-0.000116788,-0.499873,0,-0.00012666,0.00499189,0,0.00896553,5,1.5,2.57817,2.68083,1,0.488807,-0.5,0,-0.0970364,0,0,0.0052576,6,1.5,-2.13618,0.578315,1,-0.433258,0.488958,0,-0.535309,-0.105679,0,0.0125991,7,1.5,0,-0.420808,1,0,0.499881,0,0,-0.00477389,0,0.00893946,8,1.5,8.97528e-05,-2.42042,1,-0.000118663,0.499873,0,-9.18007e-05,-0.00497699,0,0.0102362,9,1.5,-1,-2,1,0,0,0,0,0,0,0.00886238,10,1.5,-1,1.5083,1,0,-0.5,0,0,7.45058e-06,0,0.00750194,11,1.5,-2.49833,-0.993129,1,0.5,-0.00281055,0,0,-0.0203624,0,0.0102157,12,1.5,2,-1.50033,1,0,0.5,0,0,-7.45058e-06,0,0.00772574,13,1.5,-1.50827,3,1,0.5,0,0,-7.45058e-06,0,0,0.00453325,14,1.5,-1.0008,-0.450911,1,-0.000317767,-0.5,0,0.00324845,0,0,0.0100453,15,1.5,-0.498253,-1.00669,1,0.5,0.00269711,0,-5.66244e-06,0.0199974,0,0.0122971,16,1.5,2.82264,-1.57833,1,-0.483842,-0.489661,0,-0.247091,0.0926778,0,0.00920386,17,1.5,1,2.4794,1,0,-0.5,0,0,0,0,0.00784283,18,1.5,-1.00039,0.51333,1,-0.0113739,-0.5,0,-0.213034,2.08616e-06,0,0.00786913,19,1.5,0.46683,3,1,0.5,0,0,-3.57628e-06,0,0,0.00521987,20,1.5,-0.513444,3,1,0.5,0,0,-2.08616e-06,0,0,0.00617543,21,1.5,-2.50964,2.99904,1,0.5,-0.0278175,0,0,-0.516415,0,0.00597096,22,1.5,0,1,1,0,0,0,0,0,0,0.00718963,23,1.5,-0.500056,-3,1,0.5,0,0,-5.66244e-06,0,0,0.00584398,24,1.5,3,0,1,0,0,0,0,0,0,0.00641478,25,1.5,0.999789,-1.47495,1,0.000166241,-0.5,0,0.000435859,7.45058e-06,0,0.0117367,26,1.5,2,2,1,0,0,0,0,0,0,0.00662983,27,1.5,-3,1.48659,1,0,0.5,0,0,-7.45058e-06,0,0.0082704,28,1.5,-1.5071,-3,1,0.5,0,0,-7.45058e-06,0,0,0.0059035,29,1.5,-1.55702,2.00144,1,0.499954,0.000877678,0,0.00181049,-0.00560284,0,0.00978795,30,1.5,-2.49852,-0.00425663,1,0.496561,0.0571454,0,-0.0370294,0.578051,0,0.0124173,31,1.5,-2.99971,2.44357,1,0.0084918,0.5,0,0.158921,0,0,0.00602935,32,1.5,1,0,1,0,0,0,0,0,0,0.00961025,33,1.5,3,1.41381,1,0,-0.499654,0,0,0.0108406,0,0.00560658,34,1.5,2,-0.476907,1,0,0.5,0,0,-1.78814e-06,0,0.00601412,35,1.5,2,0.586194,1,0,0.499655,0,0,-0.0108108,0,0.00638984
0,1.6,-2.00008,-1.6295,1,0.000113249,-0.498042,0,0.000119209,0.0388622,0,0.0106062,1,1.6,-3,-2.36394,1,0,0.49687,0,0,-0.0504255,0,0.00786709,2,1.6,2.64418,-2.83456,1,0.481087,0.430369,0,-0.178933,0.49901,0,0.00598234,3,1.6,0,2,1,0,0,0,0,0,0,0.00692401,4,1.6,1.00008,1.3705,1,-0.00012815,-0.498042,0,0,0.0388622,0,0.00839133,5,1.6,2.62648,2.63083,1,0.476581,-0.5,0,-0.147462,0,0,0.00559113,6,1.6,-2.18181,0.626586,1,-0.475383,0.47552,0,-0.307083,-0.162005,0,0.0096479,7,1.6,0,-0.370882,1,0,0.498091,0,0,-0.0381917,0,0.00768591,8,1.6,7.75423e-05,-2.3705,1,-0.000124445,0.498044,0,-2.57243e-05,-0.0388622,0,0.0083917,9,1.6,-1,-2,1,0,0,0,0,0,0,0.00743985,10,1.6,-1,1.4583,1,0,-0.500003,0,0,5.96046e-05,0,0.0108335,11,1.6,-2.44833,-0.993505,1,0.5,-0.00464469,0,0,-0.0162721,0,0.00907761,12,1.6,2,-1.45033,1,0,0.500003,0,0,-5.96046e-05,0,0.00792625,13,1.6,-1.45827,3,1,0.500003,0,0,-5.96046e-05,0,0,0.0043338,14,1.6,-1.00081,-0.500911,1,2.98023e-06,-0.5,0,0.00309944,-2.98023e-05,0,0.0107448,15,1.6,-0.448253,-1.00633,1,0.5,0.00450015,0,-1.43051e-05,0.0159144,0,0.0117135,16,1.6,2.7734,-1.62675,1,-0.497609,-0.477916,0,-0.0478029,0.142097,0,0.0086903,17,1.6,1,2.4294,1,0,-0.5,0,0,0,0,0.00773816,18,1.6,-1.00285,0.46333,1,-0.0399083,-0.5,0,-0.345111,1.43051e-05,0,0.0113348,19,1.6,0.51683,3,1,0.500001,0,0,-2.98023e-05,0,0,0.00495008,20,1.6,-0.463444,3,1,0.5,0,0,-1.43051e-05,0,0,0.00592206,21,1.6,-2.45964,2.9931,1,0.5,-0.0959456,0,0,-0.812531,0,0.00993898,22,1.6,0,1,1,0,0,0,0,0,0,0.00717676,23,1.6,-0.450056,-3,1,0.5,0,0,-1.43051e-05,0,0,0.0064891,24,1.6,3,0,1,0,0,0,0,0,0,0.00567807,25,1.6,0.999808,-1.52495,1,0.000204146,-0.500003,0,0.000268221,5.96046e-05,0,0.0118186,26,1.6,2,2,1,0,0,0,0,0,0,0.00625317,27,1.6,-3,1.53659,1,0,0.500003,0,0,-5.96046e-05,0,0.00723938,28,1.6,-1.4571,-3,1,0.500003,0,0,-5.96046e-05,0,0,0.0061842,29,1.6,-1.50702,2.0015,1,0.500003,0.000315905,0,-5.96046e-05,-0.00548363,0,0.00935981,30,1.6,-2.4491,0.00470851,1,0.491345,0.125267,0,-0.0674725,0.764832,0,0.011901,31,1.6,-2.99788,2.49357,1,0.0297427,0.5,0,0.256896,0,0,0.00639898,32,1.6,1,0,1,0,0,0,0,0,0,0.00982284,33,1.6,3,1.36395,1,0,-0.496873,0,0,0.0506639,0,0.00543916,34,1.6,2,-0.426907,1,0,0.5,0,0,-1.43051e-05,0,0.00616375,35,1.6,2,0.636053,1,0,0.496875,0,0,-0.0505447,0,0.00611908
0,1.7,-2.00007,-1.67927,1,0.000120327,-0.498285,0,4.47035e-05,-0.0224486,0,0.0106062,1,1.7,-3,-2.3146,1,0,0.488875,0,0,-0.112996,0,0.00786709,2,1.7,2.69127,-2.78932,1,0.459579,0.471233,0,-0.2487,0.313669,0,0.00598234,3,1.7,0,2,1,0,0,0,0,0,0,0.00692401,4,1.7,1.00006,1.32098,1,-0.000125729,-0.491336,0,3.72529e-05,0.0992119,0,0.00839133,5,1.7,2.67332,2.58083,1,0.45932,-0.5,0,-0.197396,0,0,0.00559113,6,1.7,-2.23052,0.673229,1,-0.495587,0.456403,0,-0.10787,-0.218656,0,0.0096479,7,1.7,0,-0.321354,1,0,0.491462,0,0,-0.0983812,0,0.00768591,8,1.7,6.50626e-05,-2.32098,1,-0.000124258,0.491339,0,2.77773e-05,-0.0992268,0,0.0083917,9,1.7,-1.00052,-2,1,-0.0149786,0,0,-0.272006,0,0,0.00743985,10,1.7,-1,1.40831,1,0,-0.499472,0,0,0.0156835,0,0.0108335,11,1.7,-2.39836,-0.994042,1,0.498899,-0.00601076,0,-0.0268072,-0.0111386,0,0.00907761,12,1.7,2,-1.40036,1,0,0.499022,0,0,-0.0244975,0,0.00792625,13,1.7,-1.40828,3,1,0.499471,0,0,-0.0157133,0,0,0.0043338,14,1.7,-1.0008,-0.550911,1,0.000288151,-0.5,0,0.00258535,0,0,0.0107448,15,1.7,-0.398286,-1.00581,1,0.498894,0.00583734,0,-0.0268965,0.0109151,0,0.0117135,16,1.7,2.72349,-1.67372,1,-0.49985,-0.460234,0,-0.00597537,0.209406,0,0.0086903,17,1.7,1,2.37948,1,0,-0.49771,0,0,0.0488609,0,0.00773816,18,1.7,-1.00894,0.413403,1,-0.085168,-0.497783,0,-0.542283,0.0459383,0,0.0113348,19,1.7,0.566829,3,1,0.499935,0,0,-0.0026077,0,0,0.00495008,20,1.7,-0.413453,3,1,0.499643,0,0,-0.0111348,0,0,0.00592206,21,1.7,-2.4098,2.97908,1,0.495348,-0.187159,0,-0.0907481,-0.976562,0,0.00993898,22,1.7,0,1,1,0,0,0,0,0,0,0.00717676,23,1.7,-0.400084,-3,1,0.499007,0,0,-0.0247917,0,0,0.0064891,24,1.7,3,0,1,0,0,0,0,0,0,0.00567807,25,1.7,0.999829,-1.57494,1,0.000224449,-0.499899,0,0.000141561,0.00403821,0,0.0118186,26,1.7,2,2,1,0,0,0,0,0,0,0.00625317,27,1.7,-3,1.58658,1,0,0.499641,0,0,-0.0111759,0,0.00723938,28,1.7,-1.40711,-3,1,0.499432,0,0,-0.0167489,0,0,0.0061842,29,1.7,-1.45702,2.00151,1,0.5,-0.000211224,0,-7.45058e-06,-0.00502169,0,0.00935981,30,1.7,-2.40042,0.0215115,1,0.481084,0.214068,0,-0.135586,0.9636,0,0.011901,31,1.7,-2.99327,2.54356,1,0.0655208,0.499522,0,0.442788,-0.0137389,0,0.00639898,32,1.7,1,0,1,0,0,0,0,0,0,0.00982284,33,1.7,3,1.31461,1,0,-0.48886,0,0,0.113137,0,0.00543916,34,1.7,2,-0.376986,1,0,0.497554,0,0,-0.0517908,0,0.00616375,35,1.7,2,0.685393,1,0,0.48887,0,0,-0.113081,0,0.00611908
0,1.8,-2.00006,-1.72919,1,0.00012517,-0.499845,0,-0.000119209,-0.00309944,0,0.0114316,1,1.8,-3,-2.26641,1,0,0.473714,0,0,-0.192285,0,0.00754425,2,1.8,2.73589,-2.74095,1,0.43183,0.493205,0,-0.303864,0.131488,0,0.00604786,3,1.8,0,2,1,0,0,0,0,0,0,0.00688065,4,1.8,1.00005,1.27247,1,-0.000119209,-0.47757,0,0.000119209,0.178576,0,0.0084151,5,1.8,2.71818,2.53083,1,0.437188,-0.5,0,-0.244498,0,0,0.00590079,6,1.8,-2.28039,0.717694,1,-0.5,0.43212,0,0,-0.26536,0,0.0106179,7,1.8,0,-0.272826,1,0,0.477777,0,0,-0.177674,0,0.00887677,8,1.8,5.28523e-05,-2.27247,1,-0.000119223,0.47757,0,7.12699e-05,-0.178576,0,0.00983403,9,1.8,-1.00364,-2,1,-0.0494927,0,0,-0.396729,0,0,0.010697,10,1.8,-1,1.35851,1,0,-0.495899,0,0,0.0603199,0,0.0108971,11,1.8,-2.34868,-0.994691,1,0.493813,-0.00688732,0,-0.0785589,-0.00655651,0,0.00878231,12,1.8,2,-1.35065,1,0,0.494239,0,0,-0.0748634,0,0.00991249,13,1.8,-1.35848,3,1,0.495893,0,0,-0.0603199,0,0,0.00465079,14,1.8,-1.00076,-0.600911,1,0.000521541,-0.5,0,0.00202656,-2.98023e-05,0,0.0131117,15,1.8,-0.348608,-1.00518,1,0.493792,0.00669956,0,-0.0786483,0.0064373,0,0.0102957,16,1.8,2.67349,-1.7186,1,-0.5,-0.436449,0,0,0.264287,0,0.00855364,17,1.8,1,2.33005,1,0,-0.489706,0,0,0.113249,0,0.00755968,18,1.8,-1.02037,0.363942,1,-0.145063,-0.490544,0,-0.640333,0.0999123,0,0.0180058,19,1.8,0.616788,3,1,0.498955,0,0,-0.0209212,0,0,0.00544414,20,1.8,-0.363597,3,1,0.49681,0,0,-0.0511706,0,0,0.00656983,21,1.8,-2.36085,2.95541,1,0.482297,-0.286567,0,-0.168085,-1.00017,0,0.00990292,22,1.8,0,1,1,0,0,0,0,0,0,0.00707676,23,1.8,-0.350383,-3,1,0.494182,0,0,-0.0753254,0,0,0.00719248,24,1.8,3,0,1,0,0,0,0,0,0,0.0060572,25,1.8,0.999852,-1.62488,1,0.000232458,-0.498387,0,5.96046e-05,0.0322461,0,0.0120269,26,1.8,2,2,1,0,0,0,0,0,0,0.00585836,27,1.8,-3,1.63643,1,0,0.496805,0,0,-0.0513196,0,0.00805812,28,1.8,-1.35732,-3,1,0.495684,0,0,-0.0624061,0,0,0.00585703,29,1.8,-1.40702,2.00146,1,0.500003,-0.000679493,0,-5.96046e-05,-0.00441074,0,0.00935011,30,1.8,-2.35309,0.0477684,1,0.46463,0.310707,0,-0.19145,0.943965,0,0.0126065,31,1.8,-2.98431,2.59339,1,0.115341,0.496501,0,0.539899,-0.0499487,0,0.00637088,32,1.8,1,0,1,0,0,0,0,0,0,0.00909411,33,1.8,3,1.26641,1,0,-0.473693,0,0,0.192285,0,0.00568998,34,1.8,2,-0.327595,1,0,0.489164,0,0,-0.117928,0,0.00650508,35,1.8,2,0.733588,1,0,0.473705,0,0,-0.192225,0,0.0058458
0,1.9,-2.00005,-1.77919,1,0.000112876,-0.49999,0,-0.00013411,-0.00038743,0,0.0114316,1,1.9,-3,-2.22018,1,0,0.449135,0,0,-0.295997,0,0.00754425,2,1.9,2.77748,-2.69122,1,0.399293,0.49952,0,-0.344709,0.01809,0,0.00604786,3,1.9,-0.000487249,2,1,-0.0139611,0,0,-0.253528,0,0,0.00688065,4,1.9,0.999587,1.22579,1,-0.0131684,-0.45423,0,-0.239749,0.285037,0,0.0084151,5,1.9,2.76058,2.48083,1,0.409834,-0.499959,0,-0.300199,0.00160933,0,0.00590079,6,1.9,-2.33039,0.759512,1,-0.5,0.403599,0,0,-0.303473,0,0.0106179,7,1.9,-1.0142e-08,-0.226595,1,-4.5544e-07,0.44092,0,-1.49904e-05,-0.533162,0,0.00887677,8,1.9,4.13499e-05,-2.22579,1,-0.000110239,0.454231,0,0.000106362,-0.285044,0,0.00983403,9,1.9,-1.01094,-1.99999,1,-0.0993995,0.000421144,0,-0.57622,0.00802428,0,0.010697,10,1.9,-0.999999,1.30908,1,3.75323e-05,-0.493659,0,0.000867993,-0.0070557,0,0.0108971,11,1.9,-2.2995,-0.995404,1,0.491558,-0.00731349,0,0.0199825,-0.00210851,0,0.00878231,12,1.9,2,-1.3017,1,0,0.483568,0,0,-0.141233,0,0.00991249,13,1.9,-1.30903,3,1,0.494245,0,0,0.0158846,0,0,0.00465079,14,1.9,-1.00069,-0.650911,1,0.000697747,-0.5,0,0.00159442,0,0,0.0131117,15,1.9,-0.299355,-1.00449,1,0.493232,0.00710692,0,0.0404157,0.001885,0,0.0102957,16,1.9,2.62349,-1.76084,1,-0.5,-0.407741,0,0,0.307955,0,0.00855364,17,1.9,1,2.28176,1,0,-0.474881,0,0,0.18464,0,0.00755968,18,1.9,-1.0384,0.315541,1,-0.218198,-0.476,0,-0.792958,0.188524,0,0.0180058,19,1.9,0.666505,3,1,0.494507,0,0,-0.0730865,0,0,0.00544414,20,1.9,-0.314339,2.99963,1,0.486709,-0.0106525,0,-0.149366,-0.197664,0,0.00656983,21,1.9,-2.31359,2.92201,1,0.461616,-0.378234,0,-0.242651,-0.811055,0,0.00990292,22,1.9,0,0.999498,1,0,-0.0143702,0,0,-0.26096,0,0.00707676,23,1.9,-0.301089,-3,1,0.493554,0,0,0.037428,0,0,0.00719248,24,1.9,2.99948,0,1,-0.014979,0,0,-0.271991,0,0,0.0060572,25,1.9,0.999876,-1.67448,1,0.000233389,-0.492509,0,-4.47035e-05,0.0896826,0,0.0120269,26,1.9,2,2,1,0,0,0,0,0,0,0.00585836,27,1.9,-3,1.68599,1,0,0.495492,0,0,0.0136718,0,0.00805812,28,1.9,-1.3079,-3,1,0.493966,0,0,0.0163242,0,0,0.00585703,29,1.9,-1.35714,2.00101,1,0.496304,-0.0117175,0,-0.0750124,-0.200957,0,0.00935011,30,1.9,-2.30768,0.0832763,1,0.44257,0.3961,0,-0.247568,0.744308,0,0.0126065,31,1.9,-2.96995,2.64275,1,0.172818,0.490113,0,0.602126,-0.0821352,0,0.00637088,32,1.9,1,0,1,0,0,0,0,0,0,0.00909411,33,1.9,3,1.22019,1,0,-0.449116,0,0,0.295974,0,0.00568998,34,1.9,2,-0.279057,1,0,0.48336,0,0,-0.0117365,0,0.00650508,35,1.9,1.99955,0.779816,1,-0.0130616,0.449132,0,-0.239879,-0.295963,0,0.0058458
0,2,-2.00004,-1.82919,1,0.000101328,-0.500003,0,-0.000119209,5.96046e-05,0,0.0110785,1,2,-3,-2.17689,1,0,0.415176,0,0,-0.379801,0,0.00661564,2,2,2.81563,-2.64123,1,0.363302,0.5,0,-0.373125,0,0,0.00703664,3,2,-0.00339539,2,1,-0.0461302,0,0,-0.369794,0,0,0.010306,4,2,0.996822,1.18194,1,-0.0441819,-0.421211,0,-0.363052,0.372052,0,0.0106054,5,2,2.79999,2.43086,1,0.377601,-0.499356,0,-0.342131,0.0128746,0,0.00578348,6,2,-2.38039,0.798303,1,-0.5,0.371739,0,0,-0.332236,0,0.00970894,7,2,-1.95456e-07,-0.185575,1,-4.00879e-06,0.375974,0,-6.03022e-05,-0.743799,0,0.0110157,8,2,3.09015e-05,-2.18194,1,-9.83391e-05,0.421208,0,0.000129807,-0.372052,0,0.00838215,9,2,-1.02388,-1.99989,1,-0.160223,0.0015229,0,-0.620306,0.0136495,0,0.0124532,10,2,-0.999989,1.25963,1,0.000192225,-0.495845,0,0.00232458,-0.0303984,0,0.0105437,11,2,-2.25017,-0.99614,1,0.495392,-0.00733882,0,0.046134,0.00149012,0,0.0121289,12,2,2,-1.25418,1,0,0.465596,0,0,-0.219703,0,0.00993482,13,2,-1.25948,3,1,0.497082,0,0,0.0325441,0,0,0.00597721,14,2,-1.00062,-0.700911,1,0.000858307,-0.5,0,0.00172853,-2.98023e-05,0,0.0134234,15,2,-0.249798,-1.00377,1,0.497872,0.00710785,0,0.0393915,-0.00172853,0,0.0116573,16,2,2.57349,-1.80002,1,-0.5,-0.375232,0,0,0.340462,0,0.00844318,17,2,1,2.23532,1,0,-0.452602,0,0,0.261307,0,0.00832655,18,2,-1.06424,0.269013,1,-0.298506,-0.453322,0,-0.791192,0.262648,0,0.0167322,19,2,0.71547,3,1,0.48351,0,0,-0.150055,0,0,0.00657975,20,2,-0.266567,2.99736,1,0.467259,-0.0366867,0,-0.237889,-0.309944,0,0.00751804,21,2,-2.26875,2.88057,1,0.434321,-0.445777,0,-0.300288,-0.531912,0,0.00912773,22,2,0,0.996505,1,0,-0.0474826,0,0,-0.380635,0,0.0105758,23,2,-0.251515,-3,1,0.49791,0,0,0.037424,0,0,0.00768586,24,2,2.99636,0,1,-0.0494897,0,0,-0.396848,0,0,0.00864107,25,2,0.999899,-1.72315,1,0.000225008,-0.479749,0,-0.000119209,0.168204,0,0.0109306,26,2,2,2,1,0,0,0,0,0,0,0.0108409,27,2,-3,1.73565,1,0,0.497743,0,0,0.0247359,0,0.00797653,28,2,-1.25837,-3,1,0.496912,0,0,0.0339746,0,0,0.00489789,29,2,-1.30802,1.99861,1,0.484848,-0.0380278,0,-0.154436,-0.312209,0,0.0123517,30,2,-2.26474,0.126163,1,0.415528,0.457015,0,-0.291228,0.468053,0,0.0107521,31,2,-2.94961,2.69127,1,0.234336,0.479317,0,0.621438,-0.136852,0,0.0055591,32,2,1,0,1,0,0,0,0,0,0,0.0108828,33,2,3,1.1769,1,0,-0.415164,0,0,0.379801,0,0.00601283,34,2,2,-0.230698,1,0,0.484355,0,0,0.0206006,0,0.00677839,35,2,1.99679,0.823101,1,-0.0440896,0.415179,0,-0.363231,-0.379801,0,0.0106121
0,2.1,-2.00034,-1.87919,1,-0.00907518,-0.5,0,-0.174746,7.45058e-06,0,0.0110785,1,2.1,-3,-2.13738,1,0,0.37412,0,0,-0.438273,0,0.00661564,2,2.1,2.85006,-2.59123,1,0.324869,0.5,0,-0.393212,0,0,0.00703664,3,2.1,-0.0100968,2,1,-0.0898158,8.19564e-06,0,-0.48526,0.000238419,0,0.010306,4,2.1,0.990304,1.14182,1,-0.0884956,-0.380119,0,-0.502579,0.4448,0,0.0106054,5,2.1,2.83598,2.38104,1,0.341883,-0.496223,0,-0.370234,0.0533164,0,0.00578348,6,2.1,-2.43039,0.833768,1,-0.5,0.337151,0,0,-0.357445,0,0.00970894,7,2.1,-1.24895e-06,-0.152193,1,-2.6797e-05,0.287983,0,-0.000637665,-0.967974,0,0.0110157,8,2.1,2.17402e-05,-2.14179,1,-8.46893e-05,0.380758,0,0.000141682,-0.433937,0,0.00838215,9,2.1,-1.043,-1.99962,1,-0.221852,0.00427216,0,-0.602163,0.0391603,0,0.0124532,10,2.1,-0.99996,1.20989,1,0.000361726,-0.498877,0,0.00112504,-0.0235736,0,0.0105437,11,2.1,-2.20043,-0.996861,1,0.498917,-0.00702869,0,0.0230223,0.00467151,0,0.0121289,12,2.1,2.00113,-1.20892,1,0.0325724,0.437695,0,0.598609,-0.333078,0,0.00993482,13,2.1,-1.20964,3,1,0.499427,0,0,0.0137612,0,0,0.00597721,14,2.1,-1.00052,-0.750911,1,0.00101365,-0.5,0,0.00151992,0,0,0.0134234,15,2.1,-0.199886,-1.00307,1,0.499827,0.00680704,0,0.00611573,-0.00417978,0,0.0116573,16,2.1,2.52349,-1.83579,1,-0.5,-0.339745,0,0,0.367023,0,0.00844318,17,2.1,1,2.19153,1,0,-0.421853,0,0,0.349984,0,0.00832655,18,2.1,-1.09806,0.22513,1,-0.377156,-0.423082,0,-0.745229,0.338167,0,0.0167322,19,2.1,0.762879,3,1,0.462841,0,0,-0.260472,0,0,0.00657975,20,2.1,-0.221157,2.99179,1,0.439716,-0.077505,0,-0.311244,-0.483945,0,0.00751804,21,2.1,-2.2269,2.83383,1,0.402008,-0.484342,0,-0.343487,-0.246525,0,0.00912773,22,2.1,1.14405e-10,0.98941,1,7.52135e-09,-0.0981414,0,3.09673e-07,-0.604015,0,0.0105758,23,2.1,-0.201603,-3,1,0.499815,0,0,0.00632264,0,0,0.00768586,24,2.1,2.98918,-2.26948e-07,1,-0.0960693,-9.06059e-06,0,-0.515223,-0.000268812,0,0.00864107,25,2.1,0.99992,-1.7701,1,0.000209268,-0.457379,0,-0.00018999,0.276141,0,0.0109306,26,2.1,2,2.00119,1,1.11759e-05,0.0342023,0,0.00038743,0.625685,0,0.0108409,27,2.1,-3,1.78553,1,0,0.499604,0,0,0.0107363,0,0.00797653,28,2.1,-1.20853,-3,1,0.499459,0,0,0.0146627,0,0,0.00489789,29,2.1,-1.26049,1.99277,1,0.464154,-0.0829108,0,-0.256009,-0.560641,0,0.0123517,30,2.1,-2.2247,0.173731,1,0.384619,0.489791,0,-0.324979,0.196224,0,0.0107521,31,2.1,-2.92269,2.73829,1,0.306554,0.458997,0,0.777796,-0.263855,0,0.0055591,32,2.1,1,0,1,0,0,0,0,0,0,0.0108828,33,2.1,3,1.13739,1,0,-0.374109,0,0,0.438251,0,0.00601283,34,2.1,2,-0.182067,1,1.2666e-05,0.488939,0,0.000357628,0.0605714,0,0.00677839,35,2.1,1.99008,0.862593,1,-0.0941984,0.373522,0,-0.608861,-0.448346,0,0.0106121
0,2.2,-2.00235,-1.92919,1,-0.0331938,-0.500003,0,-0.299573,5.96046e-05,0,0.0109314,1,2.2,-3,-2.10223,1,0,0.328147,0,0,-0.478029,0,0.0065389,2,2.2,2.88056,-2.54123,1,0.285095,0.5,0,-0.400186,0,0,0.00549109,3,2.2,-0.0215673,2,1,-0.13984,5.96046e-05,0,-0.50047,0.000834465,0,0.0137415,4,2.2,0.978853,1.10611,1,-0.140995,-0.333196,0,-0.531018,0.489116,0,0.0147257,5,2.2,2.86829,2.33178,1,0.303948,-0.488085,0,-0.386715,0.111699,0,0.00538099,6,2.2,-2.48039,0.865669,1,-0.5,0.300649,0,0,-0.370741,0,0.0088616,7,2.2,-9.72023e-06,-0.128331,1,-0.000173187,0.188784,0,-0.0024644,-0.999998,0,0.0169796,8,2.2,1.39887e-05,-2.10597,1,-7.02828e-05,0.335044,0,0.000145151,-0.477076,0,0.0100592,9,2.2,-1.0681,-1.99897,1,-0.278863,0.00895262,0,-0.530243,0.0525713,0,0.010846,10,2.2,-0.99992,1.15992,1,0.000426173,-0.5,0,0.000268221,0,0,0.0123918,11,2.2,-2.15047,-0.997536,1,0.5,-0.00641197,0,0,0.00759959,0,0.011435,12,2.2,2.00801,-1.16697,1,0.110042,0.399986,0,0.907063,-0.416219,0,0.0101269,13,2.2,-1.15966,3,1,0.5,0,0,0,0,0,0.00463894,14,2.2,-1.00041,-0.800911,1,0.00118911,-0.5,0,0.00214577,-2.98023e-05,0,0.0141024,15,2.2,-0.149889,-1.00242,1,0.5,0.00629723,0,3.57628e-06,-0.00602007,0,0.0121011,16,2.2,2.47349,-1.8679,1,-0.5,-0.302252,0,0,0.380814,0,0.00981281,17,2.2,1,2.15121,1,0,-0.383341,0,0,0.416636,0,0.0106537,18,2.2,-1.1392,0.184609,1,-0.442055,-0.386445,0,-0.534356,0.390999,0,0.0162346,19,2.2,0.807699,3,1,0.432009,0,0,-0.353098,0,0,0.00687115,20,2.2,-0.17885,2.98149,1,0.405387,-0.129437,0,-0.37329,-0.53668,0,0.00708657,21,2.2,-2.18847,2.78455,1,0.366104,-0.497824,0,-0.372291,-0.0435114,0,0.0104941,22,2.2,4.01372e-09,0.976402,1,8.94619e-08,-0.16315,0,1.44517e-06,-0.673324,0,0.0137418,23,2.2,-0.151607,-3,1,0.5,0,0,3.57628e-06,0,0,0.0065595,24,2.2,2.97693,-3.51785e-06,1,-0.149035,-6.8796e-05,0,-0.528693,-0.000988632,0,0.00806864,25,2.2,0.99994,-1.8143,1,0.000187755,-0.425151,0,-0.000238419,0.365257,0,0.0092527,26,2.2,2.00001,2.00837,1,0.000107288,0.114495,0,0.00166893,0.932217,0,0.00774192,27,2.2,-3,1.83552,1,0,0.500003,0,0,-5.96046e-05,0,0.0061998,28,2.2,-1.15855,-3,1,0.500003,0,0,-5.96046e-05,0,0,0.00662002,29,2.2,-1.21549,1.98144,1,0.434321,-0.145599,0,-0.337183,-0.67246,0,0.0116008,30,2.2,-2.18791,0.223337,1,0.35091,0.499268,0,-0.347376,0.0146401,0,0.0114838,31,2.2,-2.88819,2.7827,1,0.382382,0.427634,0,0.708938,-0.358224,0,0.00523498,32,2.2,1,0,1,0,0,0,0,0,0,0.0123082,33,2.2,3,1.10225,1,0,-0.328138,0,0,0.47791,0,0.00563703,34,2.2,2,-0.132877,1,8.34465e-05,0.494584,0,0.00119209,0.0440031,0,0.012569,35,2.2,1.97742,0.897626,1,-0.160441,0.326453,0,-0.691772,-0.48852,0,0.0133359
0,2.3,-2.00742,-1.97919,1,-0.0706416,-0.5,0,-0.44097,7.45058e-06,0,0.0109314,1,2.3,-3,-2.07185,1,0,0.279193,0,0,-0.496984,0,0.0065389,2,2.3,2.90708,-2.49123,1,0.245224,0.5,0,-0.395447,0,0,0.00549109,3,2.3,-0.038173,2.00001,1,-0.193032,0.000188872,0,-0.546362,0.00192225,0,0.0137415,4,2.3,0.962013,1.07528,1,-0.19624,-0.283165,0,-0.557911,0.507377,0,0.0147257,5,2.3,2.89674,2.28364,1,0.26492,-0.473613,0,-0.392079,0.17944,0,0.00538099,6,2.3,-2.53039,0.893876,1,-0.5,0.263475,0,0,-0.371251,0,0.0088616,7,2.3,-8.50762e-05,-0.114453,1,-0.00174592,0.0887838,0,-0.0272042,-1,0,0.0169796,8,2.3,7.68176e-06,-2.0749,1,-5.59285e-05,0.286016,0,0.000140847,-0.499308,0,0.0100592,9,2.3,-1.09879,-1.99787,1,-0.336066,0.0125185,0,-0.591673,0.0203401,0,0.010846,10,2.3,-0.999877,1.10992,1,0.000424124,-0.5,0,-0.000283122,0,0,0.0123918,11,2.3,-2.10047,-0.998137,1,0.499961,-0.00559483,0,-0.00153482,0.00881404,0,0.011435,12,2.3,2.02372,-1.12912,1,0.205686,0.356288,0,0.988379,-0.454299,0,0.0101269,13,2.3,-1.10966,3,1,0.499956,0,0,-0.00172108,0,0,0.00463894,14,2.3,-1.00028,-0.850911,1,0.00136066,-0.5,0,0.00151247,0,0,0.0141024,15,2.3,-0.0998893,-1.00182,1,0.5,0.00564363,0,2.98023e-07,-0.00698119,0,0.0121011,16,2.3,2.4235,-1.89622,1,-0.499892,-0.264083,0,0.00430644,0.380985,0,0.00981281,17,2.3,1,2.11504,1,0,-0.339473,0,0,0.4576,0,0.0106537,18,2.3,-1.18561,0.147974,1,-0.481589,-0.345796,0,-0.262342,0.419168,0,0.0162346,19,2.3,0.849013,3,1,0.393136,0,0,-0.421461,0,0,0.00687115,20,2.3,-0.140282,2.9658,1,0.365027,-0.184556,0,-0.429715,-0.550956,0,0.00708657,21,2.3,-2.15375,2.73464,1,0.328007,-0.499864,0,-0.387654,-0.00543892,0,0.0104941,22,2.3,1.8796e-08,0.956572,1,1.9321e-07,-0.234497,0,6.66386e-07,-0.735771,0,0.0137418,23,2.3,-0.101607,-3,1,0.5,0,0,2.98023e-07,0,0,0.0065595,24,2.3,2.95936,-1.55227e-05,1,-0.202258,-0.000176904,0,-0.522584,-0.00132044,0,0.00806864,25,2.3,0.999958,-1.85487,1,0.00016233,-0.385265,0,-0.000264496,0.429489,0,0.0092527,26,2.3,2.00002,2.02461,1,0.000232458,0.211318,0,0.000864267,0.991523,0,0.00774192,27,2.3,-3,1.88552,1,0,0.5,0,0,-7.45058e-06,0,0.0061998,28,2.3,-1.10855,-3,1,0.5,0,0,-7.45058e-06,0,0,0.00662002,29,2.3,-1.17388,1.96333,1,0.396815,-0.21784,0,-0.408307,-0.754304,0,0.0116008,30,2.3,-2.15458,0.273308,1,0.315543,0.499954,0,-0.358462,0.00182912,0,0.0114838,31,2.3,-2.84671,2.82355,1,0.443707,0.388362,0,0.504151,-0.422597,0,0.00523498,32,2.3,1,0,1,0,0,0,0,0,0,0.0123082,33,2.3,3,1.07186,1,0,-0.279195,0,0,0.496902,0,0.00563703,34,2.3,2.00002,-0.0832125,1,0.000210851,0.498437,0,0.00151992,0.0286303,0,0.012569,35,2.3,1.95784,0.927801,1,-0.231532,0.276862,0,-0.715017,-0.499602,0,0.0133359
0,2.4,-2.01687,-2.02919,1,-0.119776,-0.5,0,-0.534415,0,0,0.00744442,1,2.4,-3,-2.04642,1,0,0.229508,0,0,-0.493288,0,0.00638204,2,2.4,2.92964,-2.44123,1,0.206339,0.5,0,-0.380635,0,0,0.00569778,3,2.4,-0.0601671,2.00005,1,-0.246105,0.000470877,0,-0.50202,0.0038147,0,0.0150099,4,2.4,0.939665,1.0495,1,-0.249761,-0.232476,0,-0.500351,0.502944,0,0.0140403,5,2.4,2.92127,2.2373,1,0.225866,-0.451964,0,-0.38743,0.254154,0,0.00572368,6,2.4,-2.58039,0.918377,1,-0.5,0.226676,0,0,-0.36335,0,0.0102482,7,2.4,-0.000424053,-0.110574,1,-0.00527719,-0.0112161,0,-0.041839,-1,0,0.0176419,8,2.4,2.77845e-06,-2.0488,1,-4.23061e-05,0.235963,0,0.000130764,-0.498295,0,0.0104371,9,2.4,-1.13531,-1.99656,1,-0.393441,0.0133216,0,-0.540316,-0.00286102,0,0.00861363,10,2.4,-0.999836,1.05992,1,0.000375509,-0.500003,0,-0.000655651,5.96046e-05,0,0.0109065,11,2.4,-2.05049,-0.99865,1,0.499386,-0.00463873,0,-0.0122786,0.0103414,0,0.0128628,12,2.4,2.04927,-1.0958,1,0.30539,0.309777,0,1.00017,-0.472844,0,0.00850748,13,2.4,-1.05968,3,1,0.499308,0,0,-0.0137687,0,0,0.00509167,14,2.4,-1.00014,-0.900911,1,0.00153184,-0.5,0,0.00202656,-2.98023e-05,0,0.0169953,15,2.4,-0.0498893,-1.00129,1,0.5,0.0049144,0,0,-0.00756979,0,0.0126762,16,2.4,2.37356,-1.92073,1,-0.498283,-0.226355,0,0.0345707,0.372231,0,0.011555,17,2.4,1,2.08342,1,0,-0.292444,0,0,0.479937,0,0.00909875,18,2.4,-1.2347,0.115517,1,-0.496906,-0.30314,0,-0.0618696,0.431455,0,0.0157998,19,2.4,0.886128,3,1,0.348324,0,0,-0.471592,0,0,0.0067307,20,2.4,-0.105992,2.94467,1,0.320241,-0.237042,0,-0.462249,-0.487328,0,0.0101342,21,2.4,-2.1229,2.68464,1,0.288945,-0.5,0,-0.391722,0,0,0.0100007,22,2.4,4.0414e-08,0.929464,1,2.29617e-07,-0.307082,0,9.39551e-08,-0.701517,0,0.0123243,23,2.4,-0.0516069,-3,1,0.5,0,0,0,0,0,0.00658712,24,2.4,2.93662,-4.13583e-05,1,-0.25124,-0.000357938,0,-0.447392,-0.00240388,0,0.00826872,25,2.4,0.999973,-1.89117,1,0.000135601,-0.339875,0,-0.000268221,0.475228,0,0.0103681,26,2.4,2.00005,2.05073,1,0.000286102,0.3111,0,0.000238419,1.00017,0,0.00742127,27,2.4,-3,1.93552,1,0,0.500003,0,0,-5.96046e-05,0,0.00715381,28,2.4,-1.05855,-3,1,0.500003,0,0,-5.96046e-05,0,0,0.00647129,29,2.4,-1.13632,1.93777,1,0.353542,-0.293228,0,-0.453115,-0.739336,0,0.0138514,30,2.4,-2.12482,0.323307,1,0.279504,0.5,0,-0.360966,-1.43051e-05,0,0.0113283,31,2.4,-2.80022,2.8602,1,0.481963,0.343984,0,0.261784,-0.460744,0,0.00475701,32,2.4,1,0,1,0,0,0,0,0,0,0.0125232,33,2.4,3,1.04643,1,0,-0.229514,0,0,0.493169,0,0.00502232,34,2.4,2.00005,-0.0332798,1,0.000417233,0.499605,0,0.0026226,-0.00789702,0,0.0179222,35,2.4,1.93118,0.952997,1,-0.300738,0.227216,0,-0.657141,-0.490189,0,0.0164874
0,2.5,-2.03219,-2.07919,1,-0.192178,-0.5,0,-0.861853,0,0,0.00744442,1,2.5,-3,-2.0259,1,0,0.181268,0,0,-0.468567,0,0.00638204,2,2.5,2.94841,-2.39128,1,0.1693,0.498453,0,-0.358671,-0.0350922,0,0.00569778,3,2.5,-0.0873116,2.00012,1,-0.296742,0.000993162,0,-0.499722,0.00661612,0,0.0150099,4,2.5,0.912147,1.02873,1,-0.300614,-0.183506,0,-0.501487,0.474267,0,0.0140403,5,2.5,2.94194,2.19353,1,0.187563,-0.421941,0,-0.376478,0.342712,0,0.00572368,6,2.5,-2.63029,0.939252,1,-0.496937,0.191079,0,0.0636578,-0.347465,0,0.0102482,7,2.5,-0.00123522,-0.116695,1,-0.0115957,-0.11118,0,-0.0808636,-0.998573,0,0.0176419,8,2.5,-8.21907e-07,-2.02766,1,-2.99497e-05,0.187118,0,0.000115868,-0.475526,0,0.0104371,9,2.5,-1.17724,-1.99527,1,-0.443336,0.0123454,0,-0.439033,-0.0159368,0,0.00861363,10,2.5,-0.999802,1.00992,1,0.000302307,-0.5,0,-0.000797212,0,0,0.0109065,11,2.5,-2.00062,-0.999063,1,0.497911,-0.00364585,0,-0.0233352,0.00968948,0,0.0128628,12,2.5,2.08454,-1.06719,1,0.396504,0.262615,0,0.794157,-0.468262,0,0.00850748,13,2.5,-1.00987,3,1,0.49649,0,0,-0.0471063,0,0,0.00509167,14,2.5,-0.999981,-0.950911,1,0.00162013,-0.5,0,-0.00013411,3.72529e-06,0,0.0169953,15,2.5,0.000110663,-1.00084,1,0.5,0.00415687,0,1.49012e-07,-0.00754744,0,0.0126762,16,2.5,2.32399,-1.94153,1,-0.492119,-0.189998,0,0.0929385,0.353873,0,0.011555,17,2.5,1,2.05659,1,0,-0.24414,0,0,0.482619,0,0.00909875,18,2.5,-1.28458,0.0873565,1,-0.499806,-0.260145,0,-0.0077337,0.426566,0,0.0157998,19,2.5,0.918543,3,1,0.299489,0,0,-0.500768,0,0,0.0067307,20,2.5,-0.0763092,2.91862,1,0.273205,-0.282663,0,-0.474636,-0.416636,0,0.0101342,21,2.5,-2.09595,2.63464,1,0.250106,-0.5,0,-0.383735,0,0,0.0100007,22,2.5,6.32186e-08,0.895343,1,2.20753e-07,-0.374028,0,-2.49566e-07,-0.623327,0,0.0123243,23,2.5,-0.00160693,-3,1,0.5,0,0,1.49012e-07,0,0,0.00658712,24,2.5,2.90937,-8.99477e-05,1,-0.292516,-0.000625203,0,-0.370726,-0.00308013,0,0.00826872,25,2.5,0.999985,-1.92273,1,0.000108872,-0.290905,0,-0.000264496,0.499941,0,0.0103681,26,2.5,2.00008,2.08653,1,0.000289455,0.401278,0,-0.00013411,0.777498,0,0.00742127,27,2.5,-3,1.98552,1,0,0.5,0,0,7.45058e-06,0,0.00715381,28,2.5,-1.00855,-3,1,0.5,0,0,0,0,0,0.00647129,29,2.5,-1.10327,1.90477,1,0.307325,-0.365816,0,-0.468217,-0.689514,0,0.0138514,30,2.5,-2.09867,0.373307,1,0.243611,0.5,0,-0.355631,0,0,0.0113283,31,2.5,-2.75108,2.89226,1,0.497635,0.296951,0,0.0698268,-0.476316,0,0.00475701,32,2.5,1,0,1,0,0,0,0,0,0,0.0125232,33,2.5,3,1.02591,1,0,-0.181283,0,0,0.468485,0,0.00502232,34,2.5,2.0001,0.0166628,1,0.000640005,0.499277,0,0.00205636,-0.00586405,0,0.0179222,35,2.5,1.89787,0.97332,1,-0.364463,0.179827,0,-0.606403,-0.455968,0,0.0164874
0,2.6,-2.05591,-2.12919,1,-0.283146,-0.5,0,-0.919342,0,0,0.0101272,1,2.6,-3,-2.01006,1,0,0.136316,0,0,-0.428081,0,0.00719756,2,2.6,2.96359,-2.34169,1,0.134873,0.492269,0,-0.32866,-0.0915527,0,0.0052455,3,2.6,-0.119404,2.00025,1,-0.344083,0.00178814,0,-0.438448,0.00941753,0,0.0135445,4,2.6,0.87968,1.01269,1,-0.3474,-0.138015,0,-0.422776,0.433981,0,0.0149571,5,2.6,2.95884,2.15317,1,0.150961,-0.384128,0,-0.353694,0.41008,0,0.00693144,6,2.6,-2.67954,0.956657,1,-0.486881,0.157391,0,0.13876,-0.325412,0,0.00959399,7,2.6,-0.00283794,-0.132795,1,-0.0207668,-0.210645,0,-0.0993948,-0.988588,0,0.0153824,8,2.6,-3.26556e-06,-2.01127,1,-1.92116e-05,0.141406,0,9.85964e-05,-0.436306,0,0.0095672,9,2.6,-1.22349,-1.99413,1,-0.478807,0.0102729,0,-0.264466,-0.0248551,0,0.0102545,10,2.6,-0.999776,0.959922,1,0.000217557,-0.5,0,-0.000864267,-2.98023e-05,0,0.0105122,11,2.6,-1.95101,-0.99938,1,0.49364,-0.00267327,0,-0.0667572,0.00992417,0,0.0143473,12,2.6,2.12766,-1.04325,1,0.460607,0.216526,0,0.479817,-0.451744,0,0.00744839,13,2.6,-0.960539,3,1,0.489111,0,0,-0.103682,0,0,0.00525476,14,2.6,-0.999822,-1.00091,1,0.00152886,-0.500003,0,-0.00157952,5.96046e-05,0,0.0151162,15,2.6,0.0501107,-1.00046,1,0.5,0.00341237,0,-2.38419e-06,-0.00733137,0,0.0135516,16,2.6,2.27537,-1.9588,1,-0.479013,-0.155771,0,0.171781,0.329852,0,0.0111898,17,2.6,1,2.03457,1,0,-0.196564,0,0,0.46587,0,0.0104185,18,2.6,-1.33458,0.0634532,1,-0.500003,-0.218176,0,5.96046e-05,0.41119,0,0.0141809,19,2.6,0.945971,3,1,0.248982,0,0,-0.505537,0,0,0.00627208,20,2.6,-0.0513554,2.88845,1,0.226017,-0.318938,0,-0.465903,-0.302911,0,0.0143581,21,2.6,-2.07284,2.58464,1,0.212449,-0.5,0,-0.368237,0,0,0.00945569,22,2.6,8.36284e-08,0.855043,1,1.83742e-07,-0.429554,0,-4.71942e-07,-0.479341,0,0.0135857,23,2.6,0.0483931,-3,1,0.5,0,0,-2.38419e-06,0,0,0.00753585,24,2.6,2.87845,-0.000169907,1,-0.32413,-0.000996713,0,-0.256658,-0.00443883,0,0.00891372,25,2.6,0.999994,-1.94931,1,8.19564e-05,-0.240678,0,-0.000208616,0.500977,0,0.0101296,26,2.6,2.00011,2.13003,1,0.00026226,0.463384,0,-0.000476837,0.45836,0,0.00882097,27,2.6,-3,2.03552,1,0,0.5,0,0,0,0,0.0067393,28,2.6,-0.958549,-3,1,0.5,0,0,2.98023e-05,0,0,0.00724638,29,2.6,-1.07488,1.86497,1,0.26046,-0.427541,0,-0.466466,-0.53215,0,0.0141069,30,2.6,-2.07607,0.423307,1,0.20861,0.5,0,-0.343442,-1.43051e-05,0,0.0122018,31,2.6,-2.70114,2.91957,1,0.5,0.249392,0,0,-0.471592,0,0.00564106,32,2.6,1,0,1,0,0,0,0,0,0,0.0129241,33,2.6,3,1.01006,1,0,-0.136337,0,0,0.42814,0,0.00552781,34,2.6,2.00018,0.0665148,1,0.000876188,0.497158,0,0.00286102,-0.0420475,0,0.0127472,35,2.6,1.85856,0.989091,1,-0.420094,0.136311,0,-0.498056,-0.41312,0,0.0166235
0,2.7,-2.0886,-2.17919,1,-0.367995,-0.5,0,-0.761837,0,0,0.0101272,1,2.7,-2.99955,-1.9984,1,0.0129398,0.0982681,0,0.234798,-0.335209,0,0.00719756,2,2.7,2.97549,-2.29303,1,0.103747,0.479792,0,-0.292942,-0.160113,0,0.0052455,3,2.7,-0.156005,2.00053,1,-0.387721,0.00420362,0,-0.425483,0.0360608,0,0.0135445,4,2.7,0.842834,1.00096,1,-0.389201,-0.0975108,0,-0.403512,0.376083,0,0.0149571,5,2.7,2.97222,2.11688,1,0.117109,-0.340863,0,-0.32188,0.452146,0,0.00693144,6,2.7,-2.72741,0.970814,1,-0.468998,0.126237,0,0.219375,-0.297021,0,0.00959399,7,2.7,-0.00536675,-0.158741,1,-0.0293436,-0.307018,0,-0.0714754,-0.91416,0,0.0153824,8,2.7,-4.7251e-06,-1.99923,1,-1.02926e-05,0.100337,0,7.97957e-05,-0.383705,0,0.0095672,9,2.7,-1.27238,-1.99367,1,-0.496169,-0.00508912,0,-0.0928268,-0.267372,0,0.0102545,10,2.7,-0.999759,0.909922,1,0.000130944,-0.5,0,-0.000864267,0,0,0.0105122,11,2.7,-1.90193,-0.999526,1,0.488093,0.000360329,0,-0.0500381,0.0470839,0,0.0143473,12,2.7,2.17557,-1.02379,1,0.49261,0.17313,0,0.175491,-0.415497,0,0.00744839,13,2.7,-0.912142,3,1,0.4787,0,0,-0.112038,0,0,0.00525476,14,2.7,-0.999679,-1.05091,1,0.00132797,-0.5,0,-0.00238046,7.45058e-06,0,0.0151162,15,2.7,0.100111,-1.00015,1,0.5,0.0027027,0,5.96046e-07,-0.00684708,0,0.0135516,16,2.7,2.22852,-1.97278,1,-0.45631,-0.124226,0,0.279173,0.300385,0,0.0111898,17,2.7,1,2.01719,1,0,-0.151573,0,0,0.431657,0,0.0104185,18,2.7,-1.38458,0.0436438,1,-0.5,-0.178511,0,7.45058e-06,0.381353,0,0.0141809,19,2.7,0.968363,3,1,0.199168,0,0,-0.487391,0,0,0.00627208,20,2.7,-0.0310438,2.85508,1,0.18067,-0.347846,0,-0.438629,-0.265822,0,0.0143581,21,2.7,-2.0534,2.53464,1,0.176763,-0.5,0,-0.344679,0,0,0.00945569,22,2.7,9.95454e-08,0.809988,1,1.33802e-07,-0.46858,0,-5.19833e-07,-0.301789,0,0.0135857,23,2.7,0.0983931,-3,1,0.5,0,0,5.96046e-07,0,0,0.00753585,24,2.7,2.84486,-0.00029031,1,-0.346446,-0.0014022,0,-0.184178,-0.00388344,0,0.00891372,25,2.7,1,-1.9709,1,6.17467e-05,-0.191477,0,-0.000204891,0.47984,0,0.0101296,26,2.7,2.00013,2.17813,1,0.000208244,0.493458,0,-0.000581145,0.160024,0,0.00882097,27,2.7,-3,2.08552,1,0,0.5,0,0,0,0,0.0067393,28,2.7,-0.908549,-3,1,0.5,0,0,0,0,0,0.00724638,29,2.7,-1.05112,1.8199,1,0.2152,-0.470433,0,-0.437789,-0.324234,0,0.0141069,30,2.7,-2.0569,0.473307,1,0.175226,0.5,0,-0.32346,1.78814e-06,0,0.0122018,31,2.7,-2.65114,2.94218,1,0.5,0.203158,0,0,-0.450492,0,0.00564106,32,2.7,1,0,1,0,0,0,0,0,0,0.0129241,33,2.7,3,0.998487,1,0,-0.0961151,0,0,0.375047,0,0.00552781,34,2.7,2.00028,0.116085,1,0.00108443,0.494686,0,0.00159442,-0.0158124,0,0.0127472,35,2.7,1.81434,1.00075,1,-0.461358,0.0977985,0,-0.32831,-0.357088,0,0.0166235
0,2.8,-2.12885,-2.22919,1,-0.433272,-0.5,0,-0.537157,0,0,0.00996247,1,2.8,-2.99685,-1.99012,1,0.0427008,0.0688016,0,0.342131,-0.25636,0,0.00695739,2,2.8,2.98447,-2.24598,1,0.076431,0.459945,0,-0.252724,-0.237823,0,0.00523927,3,2.8,-0.196824,2.00116,1,-0.427679,0.00848174,0,-0.367478,0.0473261,0,0.013199,4,2.8,0.801996,0.99299,1,-0.42637,-0.0627875,0,-0.332355,0.318557,0,0.0172175,5,2.8,2.98238,2.0851,1,0.0868261,-0.29431,0,-0.282526,0.475883,0,0.00660119,6,2.8,-2.77307,0.982004,1,-0.443,0.0980943,0,0.300288,-0.26539,0,0.00873667,7,2.8,-0.00860776,-0.19373,1,-0.0349596,-0.389559,0,-0.0404865,-0.722207,0,0.0154261,8,2.8,-5.38634e-06,-1.99102,1,-3.23895e-06,0.0648737,0,6.14007e-05,-0.324726,0,0.00958885,9,2.8,-1.32227,-1.99581,1,-0.5,-0.0403762,0,-5.96046e-05,-0.425041,0,0.0109673,10,2.8,-0.99975,0.859922,1,4.61936e-05,-0.5,0,-0.000804663,-2.98023e-05,0,0.0104449,11,2.8,-1.85339,-0.999219,1,0.482589,0.00607371,0,-0.064671,0.0641048,0,0.0131654,12,2.8,2.22535,-1.00849,1,0.5,0.133541,0,0.000119209,-0.375718,0,0.00679779,13,2.8,-0.864896,3,1,0.465426,0,0,-0.158757,0,0,0.00615661,14,2.8,-0.999559,-1.10091,1,0.00106394,-0.500003,0,-0.00292063,5.96046e-05,0,0.0145113,15,2.8,0.150111,-0.999917,1,0.5,0.00204742,0,0,-0.00625849,0,0.0139941,16,2.8,2.18444,-1.98375,1,-0.423813,-0.0958055,0,0.367641,0.267506,0,0.0115566,17,2.8,1,2.00412,1,0,-0.110632,0,0,0.385582,0,0.00955851,18,2.8,-1.43458,0.0276444,1,-0.500003,-0.142043,0,5.96046e-05,0.347398,0,0.0143854,19,2.8,0.985896,3,1,0.152099,0,0,-0.451386,0,0,0.00610254,20,2.8,-0.0151079,2.81909,1,0.138716,-0.370491,0,-0.398609,-0.180364,0,0.0127878,21,2.8,-2.0374,2.48464,1,0.143659,-0.5,0,-0.316739,0,0,0.00947903,22,2.8,1.10297e-07,0.761899,1,8.10797e-08,-0.490543,0,-5.28608e-07,-0.1432,0,0.0112533,23,2.8,0.148393,-3,1,0.5,0,0,0,0,0,0.0068995,24,2.8,2.80945,-0.00045045,1,-0.36006,-0.00180953,0,-0.0847578,-0.00441181,0,0.0113907,25,2.8,1.00001,-1.9877,1,4.17233e-05,-0.145271,0,-0.000178814,0.441849,0,0.00966125,26,2.8,2.00015,2.22793,1,0.000149012,0.5,0,-0.000715256,0.000119209,0,0.00886356,27,2.8,-3,2.13552,1,0,0.5,0,0,0,0,0.00729055,28,2.8,-0.858549,-3,1,0.5,0,0,2.98023e-05,0,0,0.00666199,29,2.8,-1.03173,1.77157,1,0.173077,-0.492978,0,-0.403881,-0.13411,0,0.0124742,30,2.8,-2.04095,0.523307,1,0.144053,0.5,0,-0.299335,2.98023e-05,0,0.0104193,31,2.8,-2.60114,2.9603,1,0.5,0.159758,0,0,-0.415444,0,0.00522063,32,2.8,1,0,1,0,0,0,0,0,0,0.0119537,33,2.8,3,0.990654,1,0,-0.0615209,0,0,0.316143,0,0.0047391,34,2.8,2.00039,0.16546,1,0.0012517,0.492493,0,0.00190735,-0.0346231,0,0.0148963,35,2.8,1.76683,1.00884,1,-0.486308,0.0648856,0,-0.175118,-0.301301,0,0.0147565
0,2.9,-2.17446,-2.27919,1,-0.474912,-0.5,0,-0.29923,0,0,0.00996247,1,2.9,-2.99053,-1.98443,1,0.0866752,0.0456611,0,0.514701,-0.207506,0,0.00695739,2,2.9,2.99092,-2.20134,1,0.0532772,0.431291,0,-0.210091,-0.331685,0,0.00523927,3,2.9,-0.241343,2.00219,1,-0.461522,0.0117362,0,-0.297273,0.0189543,0,0.013199,4,2.9,0.757744,0.988177,1,-0.457893,-0.0347191,0,-0.286393,0.244647,0,0.0172175,5,2.9,2.98973,2.05807,1,0.0607416,-0.246325,0,-0.238448,0.48025,0,0.00660119,6,2.9,-2.81571,0.990546,1,-0.408273,0.0733151,0,0.38977,-0.23013,0,0.00873667,7,2.9,-0.0122089,-0.235884,1,-0.0361579,-0.449303,0,0.0138485,-0.470585,0,0.0154261,8,2.9,-5.43312e-06,-1.98605,1,2.01238e-06,0.0355454,0,4.3952e-05,-0.262,0,0.00958885,9,2.9,-1.37227,-2.00257,1,-0.5,-0.0998367,0,1.49012e-05,-0.731573,0,0.0109673,10,2.9,-0.999749,0.809922,1,-2.91504e-05,-0.5,0,-0.000696629,0,0,0.0104449,11,2.9,-1.80542,-0.998064,1,0.477234,0.0189218,0,-0.0404418,0.178527,0,0.0131654,12,2.9,2.27535,-0.996942,1,0.500001,0.0982109,0,-2.98023e-05,-0.33075,0,0.00679779,13,2.9,-0.819152,3,1,0.44927,0,0,-0.169992,0,0,0.00615661,14,2.9,-0.999467,-1.15091,1,0.000769179,-0.5,0,-0.00295416,7.45058e-06,0,0.0145113,15,2.9,0.200111,-0.999743,1,0.5,0.0014618,0,8.9407e-07,-0.00545382,0,0.0139941,16,2.9,2.14401,-1.99205,1,-0.383731,-0.0708243,0,0.431016,0.231899,0,0.0115566,17,2.9,1,1.9949,1,0,-0.0748063,0,0,0.330202,0,0.00955851,18,2.9,-1.48458,0.0151137,1,-0.5,-0.109213,0,7.45058e-06,0.308883,0,0.0143854,19,2.9,0.99893,3,1,0.109428,0,0,-0.400461,0,0,0.00610254,20,2.9,-0.00311752,2.78097,1,0.102186,-0.393301,0,-0.332904,-0.261903,0,0.0127878,21,2.9,-2.02456,2.43464,1,0.113663,-0.499941,0,-0.282958,0.00235438,0,0.00947903,22,2.9,1.15844e-07,0.712341,1,3.07489e-08,-0.498835,0,-4.76081e-07,-0.0351295,0,0.0112533,23,2.9,0.198393,-3,1,0.5,0,0,8.9407e-07,0,0,0.0068995,24,2.9,2.77301,-0.000648547,1,-0.368527,-0.0021126,0,-0.0762045,-0.00201462,0,0.0113907,25,2.9,1.00001,-2.00011,1,2.49594e-05,-0.103617,0,-0.000149012,0.389822,0,0.00966125,26,2.9,2.00016,2.27793,1,7.93487e-05,0.500001,0,-0.000670552,-2.98023e-05,0,0.00886356,27,2.9,-3,2.18552,1,0,0.5,0,0,0,0,0.00729055,28,2.9,-0.808549,-3,1,0.5,0,0,0,0,0,0.00666199,29,2.9,-1.01638,1.72185,1,0.134709,-0.499482,0,-0.363111,-0.0191331,0,0.0124742,30,2.9,-2.02799,0.573305,1,0.115573,0.499907,0,-0.269979,-0.00374392,0,0.0104193,31,2.9,-2.55114,2.97427,1,0.5,0.120414,0,0,-0.369892,0,0.00522063,32,2.9,1,0,1,0,0,0,0,0,0,0.0119537,33,2.9,3,0.985978,1,0,-0.0330274,0,0,0.253957,0,0.0047391,34,2.9,2.00052,0.214673,1,0.00132099,0.492843,0,-0.000149012,0.0308147,0,0.0148963,35,2.9,1.71753,1.01392,1,-0.497646,0.0377625,0,-0.0589043,-0.242069,0,0.0147565
0,3,-2.2231,-2.32919,1,-0.494641,-0.5,0,-0.107169,0,0,0.00715891,1,3,-2.97916,-1.98083,1,0.141561,0.0270933,0,0.565052,-0.164807,0,0.00803889,2,3,2.99527,-2.16,1,0.0344336,0.394315,0,-0.167131,-0.404119,0,0.00547952,3,3,-0.288795,2.00342,1,-0.485542,0.0125051,0,-0.179321,-0.0025034,0,0.0125514,4,3,0.71067,0.985818,1,-0.481972,-0.0135049,0,-0.190139,0.181377,0,0.0145675,5,3,2.99468,2.03582,1,0.0392318,-0.198913,0,-0.191569,0.465155,0,0.00695071,6,3,-2.85447,0.996785,1,-0.365925,0.0520691,0,0.452995,-0.194877,0,0.0114322,7,3,-0.0156842,-0.282755,1,-0.0326956,-0.484125,0,0.0530127,-0.232428,0,0.0125276,8,3,-5.03868e-06,-1.9837,1,5.6198e-06,0.0124037,0,2.85529e-05,-0.201225,0,0.0111926,9,3,-1.42227,-2.01649,1,-0.500003,-0.180799,0,5.96046e-05,-0.861287,0,0.0147382,10,3,-0.999755,0.759922,1,-9.38773e-05,-0.5,0,-0.000566244,-2.98023e-05,0,0.0107468,11,3,-1.75784,-0.995189,1,0.474778,0.039199,0,-0.00792742,0.215471,0,0.0133501,12,3,2.32535,-0.988699,1,0.5,0.0674054,0,0,-0.285298,0,0.00679408,13,3,-0.775131,3,1,0.430477,0,0,-0.209749,0,0,0.00579778,14,3,-0.999405,-1.20091,1,0.000476837,-0.500003,0,-0.00283122,5.96046e-05,0,0.0133663,15,3,0.250111,-0.999622,1,0.5,0.000955164,0,-1.43051e-05,-0.00464916,0,0.0139567,16,3,2.10787,-1.99804,1,-0.338233,-0.049451,0,0.475883,0.195444,0,0.0106614,17,3,1,1.98897,1,0,-0.0446916,0,0,0.271976,0,0.0104817,18,3,-1.53458,0.00567058,1,-0.500003,-0.0803155,0,5.96046e-05,0.2689,0,0.0132901,19,3,1.00797,3,1,0.0722587,0,0,-0.341892,0,0,0.00654039,20,3,0.00553922,2.74029,1,0.0719517,-0.420344,0,-0.272714,-0.267625,0,0.0133478,21,3,-2.01455,2.38468,1,0.0870943,-0.499058,0,-0.248194,0.0188351,0,0.00881868,22,3,1.1664e-07,0.66237,1,-1.37979e-08,-0.5,0,-4.13383e-07,-2.98023e-05,0,0.01118,23,3,0.248393,-3,1,0.5,0,0,-1.43051e-05,0,0,0.00601876,24,3,2.73585,-0.000868394,1,-0.373858,-0.00227663,0,-0.0240803,-0.00154288,0,0.0121263,25,3,1.00001,-2.00861,1,8.9407e-06,-0.067538,0,-5.96046e-05,0.331044,0,0.00910382,26,3,2.00016,2.32793,1,1.19209e-05,0.5,0,-0.000596046,0,0,0.00869924,27,3,-3,2.23552,1,0,0.5,0,0,0,0,0.00633456,28,3,-0.758549,-3,1,0.5,0,0,2.98023e-05,0,0,0.00681809,29,3,-1.00465,1.67186,1,0.100517,-0.500003,0,-0.320494,5.96046e-05,0,0.0108769,30,3,-2.01774,0.623247,1,0.0901043,0.498502,0,-0.239491,-0.0299513,0,0.00894248,31,3,-2.50114,2.98455,1,0.5,0.0860333,0,0,-0.31662,0,0.00466105,32,3,1,0,1,0,0,0,0,0,0,0.0116288,33,3,3,0.983844,1,0,-0.0106528,0,0,0.194073,0,0.00479253,34,3,2.00065,0.264146,1,0.00129342,0.496758,0,-0.000238419,0.0393093,0,0.0141819,35,3,1.6676,1.01658,1,-0.5,0.0162929,0,0,-0.188291,0,0.0104319
0,3.1,-2.27289,-2.37919,1,-0.499665,-0.5,0,-0.0133961,0,0,0.00715891,1,3.1,-2.96198,-1.9789,1,0.203671,0.0120569,0,0.659078,-0.135645,0,0.00803889,2,3.1,2.99794,-2.12267,1,0.019839,0.351397,0,-0.125274,-0.451133,0,0.00547952,3,3.1,-0.33804,2.00463,1,-0.49742,0.0114951,0,-0.0635999,-0.0168234,0,0.0125514,4,3.1,0.661703,0.98528,1,-0.495572,0.00183722,0,-0.0835173,0.127111,0,0.0145675,5,3.1,2.99773,2.01821,1,0.0224415,-0.153923,0,-0.144556,0.432298,0,0.00695071,6,3.1,-2.88873,1.00108,1,-0.31846,0.0343257,0,0.492096,-0.160176,0,0.0114322,7,3.1,-0.0186455,-0.332001,1,-0.0261475,-0.497944,0,0.0760818,-0.0609513,0,0.0125276,8,3.1,-4.35693e-06,-1.98337,1,7.79637e-06,-0.00480954,0,1.54229e-05,-0.144146,0,0.0111926,9,3.1,-1.47226,-2.03914,1,-0.499547,-0.273812,0,0.0113398,-0.963256,0,0.0147382,10,3.1,-0.999767,0.709922,1,-0.000144821,-0.5,0,-0.000458211,0,0,0.0107468,11,3.1,-1.71017,-0.990439,1,0.480483,0.053485,0,0.0989214,0.0766777,0,0.0133501,12,3.1,2.37535,-0.983299,1,0.5,0.0414419,0,0,-0.23466,0,0.00679408,13,3.1,-0.732927,3,1,0.415377,0,0,-0.10353,0,0,0.00579778,14,3.1,-0.999371,-1.25091,1,0.000204705,-0.5,0,-0.0025928,7.45058e-06,0,0.0133663,15,3.1,0.300111,-0.999549,1,0.5,0.000529736,0,0,-0.00386685,0,0.0139567,16,3.1,2.07648,-2.00207,1,-0.289243,-0.0317352,0,0.499725,0.159152,0,0.0106614,17,3.1,1,1.98576,1,0,-0.0204798,0,0,0.212774,0,0.0104817,18,3.1,-1.58457,-0.00109095,1,-0.499707,-0.0556494,0,0.00940263,0.224854,0,0.0132901,19,3.1,1.01359,3,1,0.0412405,0,0,-0.278503,0,0,0.00654039,20,3.1,0.0114489,2.69683,1,0.0470094,-0.449336,0,-0.226697,-0.292003,0,0.0133478,21,3.1,-2.00702,2.33494,1,0.0640463,-0.494871,0,-0.212803,0.0700653,0,0.00881868,22,3.1,1.13342e-07,0.61237,1,-5.06968e-08,-0.5,0,-3.25508e-07,0,0,0.01118,23,3.1,0.298393,-3,1,0.5,0,0,0,0,0,0.00601876,24,3.1,2.69821,-0.00109658,1,-0.379831,-0.00222657,0,-0.0851005,0.00209147,0,0.0121263,25,3.1,1.00001,-2.01382,1,2.98023e-06,-0.0375915,0,-5.96046e-05,0.268027,0,0.00910382,26,3.1,2.00016,2.37793,1,-4.24683e-05,0.5,0,-0.000506639,0,0,0.00869924,27,3.1,-3,2.28552,1,0,0.5,0,0,0,0,0.00633456,28,3.1,-0.708549,-3,1,0.5,0,0,0,0,0,0.00681809,29,3.1,-0.996122,1.62186,1,0.0709414,-0.5,0,-0.271492,7.45058e-06,0,0.0108769,30,3.1,-2.00987,0.672865,1,0.0677552,0.492913,0,-0.207499,-0.0863336,0,0.00894248,31,3.1,-2.45114,2.99166,1,0.5,0.0572331,0,0,-0.258982,0,0.00466105,32,3.1,1,0,1,0,0,0,0,0,0,0.0116288,33,3.1,3,0.983653,1,0,0.00589732,0,0,0.138059,0,0.00479253,34,3.1,2.00078,0.313979,1,0.00118129,0.499478,0,-0.00189245,0.0144876,0,0.0141819,35,3.1,1.6176,1.01736,1,-0.5,0.000155345,0,0,-0.135913,0,0.0104319
0,3.2,-2.32289,-2.42919,1,-0.5,-0.5,0,0,0,0,0.00735093,1,3.2,-2.93828,-1.97832,1,0.270092,5.96046e-06,0,0.654697,-0.105321,0,0.00983889,2,3.2,2.99937,-2.08985,1,0.00924468,0.304711,0,-0.0872612,-0.47946,0,0.00583141,3,3.2,-0.387965,2.00568,1,-0.5,0.00930429,0,1.43051e-05,-0.0261068,0,0.0131644,4,3.2,0.611876,0.986021,1,-0.499667,0.0122324,0,-0.00664592,0.0822842,0,0.0114245,5,3.2,2.99933,2.0049,1,0.0102043,-0.112861,0,-0.100732,0.387192,0,0.00734438,6,3.2,-2.91808,1.00376,1,-0.268316,0.0199825,0,0.506878,-0.127017,0,0.0097747,7,3.2,-0.0208548,-0.381949,1,-0.0178277,-0.5,0,0.0886982,1.43051e-05,0,0.0129109,8,3.2,-3.51879e-06,-1.98448,1,8.7909e-06,-0.0166595,0,4.88864e-06,-0.0939369,0,0.00933598,9,3.2,-1.52212,-2.07123,1,-0.49732,-0.366104,0,0.0351071,-0.844836,0,0.0119602,10,3.2,-0.999784,0.659922,1,-0.000183284,-0.5,0,-0.000357628,-2.98023e-05,0,0.0107648,11,3.2,-1.6616,-0.984892,1,0.490922,0.0557482,0,0.0965595,-0.02563,0,0.0109589,12,3.2,2.42535,-0.980249,1,0.5,0.0203356,0,0,-0.188142,0,0.00770237,13,3.2,-0.691809,3,1,0.407721,0,0,-0.0588596,0,0,0.00546369,14,3.2,-0.999363,-1.30091,1,-4.02331e-05,-0.500003,0,-0.00229478,5.96046e-05,0,0.0118924,15,3.2,0.350111,-0.999514,1,0.5,0.000180304,0,-1.43051e-05,-0.00312924,0,0.0129141,16,3.2,2.05006,-2.0045,1,-0.239074,-0.0175595,0,0.499964,0.124812,0,0.0110111,17,3.2,1,1.98468,1,0,-0.00200868,0,0,0.157416,0,0.0100181,18,3.2,-1.63445,-0.00560167,1,-0.497156,-0.0352534,0,0.0476241,0.183546,0,0.0125336,19,3.2,1.01642,3,1,0.0165164,0,0,-0.216365,0,0,0.00523753,20,3.2,0.0150888,2.65052,1,0.0264977,-0.475609,0,-0.184117,-0.222325,0,0.0100326,21,3.2,-2.00162,2.28592,1,0.0445098,-0.484198,0,-0.178099,0.146866,0,0.00897195,22,3.2,1.06784e-07,0.56237,1,-7.90912e-08,-0.5,0,-2.43382e-07,-2.98023e-05,0,0.0105863,23,3.2,0.348393,-3,1,0.5,0,0,-1.43051e-05,0,0,0.0061101,24,3.2,2.65978,-0.00130589,1,-0.389022,-0.00194008,0,-0.0903606,0.00327354,0,0.0114892,25,3.2,1.00001,-2.01634,1,-2.98023e-06,-0.013876,0,-5.96046e-05,0.206709,0,0.00867866,26,3.2,2.00016,2.42793,1,-8.9407e-05,0.5,0,-0.000357628,0,0,0.00778043,27,3.2,-3,2.33552,1,0,0.5,0,0,0,0,0.0063412,28,3.2,-0.658549,-3,1,0.5,0,0,2.98023e-05,0,0,0.00667951,29,3.2,-0.990307,1.57186,1,0.0461206,-0.500003,0,-0.225425,5.96046e-05,0,0.0102425,30,3.2,-2.00408,0.721602,1,0.0486076,0.480509,0,-0.175834,-0.164539,0,0.00901934,31,3.2,-2.40114,2.99619,1,0.5,0.0342607,0,0,-0.200629,0,0.00523898,32,3.2,1,0,1,0,0,0,0,0,0,0.00969193,33,3.2,3,0.984849,1,0,0.0171915,0,0,0.0890791,0,0.00495364,34,3.2,2.00089,0.363965,1,0.000941753,0.5,0,-0.00274181,-1.43051e-05,0,0.0141643,35,3.2,1.5676,1.01677,1,-0.500003,-0.0111729,0,5.96046e-05,-0.09197,0,0.0095418
0,3.3,-2.37289,-2.47918,1,-0.5,-0.499945,0,0,0.00219047,0,0.00735093,1,3.3,-2.90797,-1.97878,1,0.335986,-0.0085786,0,0.646278,-0.0675768,0,0.00983889,2,3.3,2.99991,-2.0618,1,0.00217631,0.256166,0,-0.0552535,-0.48773,0,0.00583141,3,3.3,-0.437965,2.00647,1,-0.5,0.00653304,0,0,-0.0288934,0,0.0131644,4,3.3,0.561889,0.987301,1,-0.499979,0.0101295,0,-0.00083819,-0.11215,0,0.0114245,5,3.3,2.99991,1.99546,1,0.00206083,-0.0768324,0,-0.0633895,0.332616,0,0.00734438,6,3.3,-2.94237,1.00518,1,-0.217689,0.00885874,0,0.501081,-0.0960082,0,0.0097747,7,3.3,-0.0221964,-0.431949,1,-0.00904648,-0.5,0,0.086217,0,0,0.0129109,8,3.3,-2.62958e-06,-1.98654,1,8.86069e-06,-0.0238523,0,-3.07468e-06,-0.0513643,0,0.00933598,9,3.3,-1.57157,-2.11162,1,-0.490661,-0.437108,0,0.0971332,-0.568897,0,0.0119602,10,3.3,-1.0001,0.609922,1,-0.00870349,-0.5,0,-0.159141,0,0,0.0107648,11,3.3,-1.61211,-0.97955,1,0.497884,0.050142,0,0.0427514,-0.0828654,0,0.0109589,12,3.3,2.47535,-0.979083,1,0.5,0.00368571,0,0,-0.145566,0,0.00770237,13,3.3,-0.650903,3,1,0.414039,0,0,0.160221,0,0,0.00546369,14,3.3,-0.999378,-1.35091,1,-0.000246335,-0.5,0,-0.00183657,7.45058e-06,0,0.0118924,15,3.3,0.400111,-0.99951,1,0.5,-9.38773e-05,0,0,-0.00236928,0,0.0129141,16,3.3,2.02863,-2.00569,1,-0.190004,-0.00670031,0,0.478283,0.0929832,0,0.0110111,17,3.3,1,1.98518,1,0,0.0111558,0,0,0.107095,0,0.0100181,18,3.3,-1.6841,-0.00828321,1,-0.497208,-0.0190898,0,-0.0262484,0.140795,0,0.0125336,19,3.3,1.01709,3,1,-0.00211261,0,0,-0.157282,0,0,0.00523753,20,3.3,0.0168902,2.60204,1,0.0102286,-0.492033,0,-0.142169,-0.109538,0,0.0100326,21,3.3,-1.998,2.2381,1,0.0285467,-0.473344,0,-0.141867,0.080213,0,0.00897195,22,3.3,-0.000368024,0.51237,1,-0.0106528,-0.5,0,-0.197651,2.08616e-06,0,0.0105863,23,3.3,0.398393,-3,1,0.5,0,0,0,0,0,0.0061101,24,3.3,2.62012,-0.00148042,1,-0.406687,-0.00152287,0,-0.242129,0.00493851,0,0.0114892,25,3.3,1.00001,-2.01679,1,-8.19564e-06,0.00384897,0,-4.47035e-05,0.148863,0,0.00867866,26,3.3,2.00014,2.47793,1,-0.000121072,0.5,0,-0.00025332,0,0,0.00778043,27,3.3,-3,2.38552,1,0,0.5,0,0,0,0,0.0063412,28,3.3,-0.608549,-3,1,0.5,0,0,0,0,0,0.00667951,29,3.3,-0.986389,1.52186,1,0.0361833,-0.5,0,0.0110976,7.45058e-06,0,0.0102425,30,3.3,-1.99959,0.768642,1,0.0456031,0.458483,0,0.0941753,-0.272956,0,0.00901934,31,3.3,-2.35128,2.99871,1,0.495937,0.017054,0,-0.0818372,-0.144437,0,0.00523898,32,3.3,1,0,1,0,0,0,0,0,0,0.00969193,33,3.3,3,0.98694,1,0,0.0239551,0,0,0.047639,0,0.00495364,34,3.3,2.00097,0.413965,1,0.00063777,0.5,0,-0.00327826,0,0,0.0141643,35,3.3,1.5176,1.01526,1,-0.5,-0.0185236,0,7.45058e-06,-0.056237,0,0.0095418
0,3.4,-2.42289,-2.52915,1,-0.5,-0.499129,0,0,0.017643,0,0.0065467,1,3.4,-2.87127,-1.97992,1,0.396532,-0.0137448,0,0.55325,-0.0368357,0,0.00962862,2,3.4,2.9999,-2.0386,1,-0.0020504,0.207853,0,-0.0303984,-0.475407,0,0.00524979,3,3.4,-0.487965,2.00698,1,-0.5,0.00359416,0,1.43051e-05,-0.0293255,0,0.0122497,4,3.4,0.51189,0.987516,1,-0.5,-0.0079155,0,1.43051e-05,-0.238121,0,0.0129348,5,3.4,2.99985,1.98935,1,-0.00274777,-0.0464499,0,-0.0344515,0.274837,0,0.00717117,6,3.4,-2.96168,1.00563,1,-0.16892,0.000664592,0,0.4704,-0.0684857,0,0.00862929,7,3.4,-0.0226791,-0.481949,1,-0.000713579,-0.5,0,0.0798553,1.43051e-05,0,0.0114359,8,3.4,-1.76915e-06,-1.98913,1,8.25457e-06,-0.0272155,0,-8.6796e-06,-0.0172853,0,0.00905029,9,3.4,-1.62005,-2.1577,1,-0.478086,-0.479776,0,0.153363,-0.290036,0,0.0110821,10,3.4,-1.00195,0.559922,1,-0.0299752,-0.5,0,-0.256836,-2.98023e-05,0,0.0126162,11,3.4,-1.56219,-0.975019,1,0.499901,0.0398546,0,0.00202656,-0.119686,0,0.0112938,12,3.4,2.52535,-0.979377,1,0.5,-0.00891984,0,0,-0.107288,0,0.00805467,13,3.4,-0.608505,3,1,0.435376,0,0,0.247627,0,0,0.00525805,14,3.4,-0.999411,-1.40091,1,-0.000406802,-0.500003,0,-0.00140071,5.96046e-05,0,0.0117473,15,3.4,0.450111,-0.99953,1,0.5,-0.000296533,0,-1.43051e-05,-0.00169873,0,0.011072,16,3.4,2.01196,-2.00594,1,-0.143969,0.00116229,0,0.439882,0.0650883,0,0.0105208,17,3.4,1,1.98676,1,0,0.0196517,0,0,0.064075,0,0.0102344,18,3.4,-1.73395,-0.00955165,1,-0.499442,-0.00688813,0,-0.0111461,0.104233,0,0.0113641,19,3.4,1.01619,3,1,-0.0151634,0,0,-0.104845,0,0,0.00502455,20,3.4,0.0172654,2.55245,1,-0.00211257,-0.498575,0,-0.105516,-0.028491,0,0.0093395,21,3.4,-1.9958,2.19112,1,0.0159979,-0.466359,0,-0.109792,0.0674725,0,0.0134994,22,3.4,-0.00264156,0.46237,1,-0.0366862,-0.5,0,-0.309981,1.43051e-05,0,0.0123818,23,3.4,0.448393,-3,1,0.5,0,0,-1.43051e-05,0,0,0.00586803,24,3.4,2.57813,-0.00160618,1,-0.43382,-0.000977053,0,-0.28491,0.00586314,0,0.00988317,25,3.4,1.00001,-2.01575,1,-1.19209e-05,0.016129,0,0,0.0978708,0,0.0087206,26,3.4,2.00013,2.52793,1,-0.000143051,0.5,0,-0.000238419,0,0,0.00601898,27,3.4,-3,2.43552,1,0,0.5,0,0,0,0,0.0058954,28,3.4,-0.558549,-3,1,0.5,0,0,2.98023e-05,0,0,0.00652548,29,3.4,-0.982432,1.47186,1,0.04545,-0.500003,0,0.160933,5.96046e-05,0,0.0109892,30,3.4,-1.99426,0.812968,1,0.0635087,0.426541,0,0.246108,-0.362664,0,0.0114134,31,3.4,-2.30223,2.99978,1,0.483578,0.0051558,0,-0.165343,-0.0947714,0,0.00678873,32,3.4,1,0,1,0,0,0,0,0,0,0.0100709,33,3.4,3,0.989516,1,0,0.0269994,0,0,0.0146031,0,0.00563584,34,3.4,2.00101,0.463965,1,0.000298023,0.5,0,-0.00345707,0,0,0.0123762,35,3.4,1.4676,1.01317,1,-0.500003,-0.0226498,0,5.96046e-05,-0.0274181,0,0.00920889
0,3.5,-2.47289,-2.57892,1,-0.5,-0.495566,0,0,0.0558943,0,0.0065467,1,3.5,-2.829,-1.98146,1,0.446761,-0.0168119,0,0.433952,-0.0247806,0,0.00962862,2,3.5,2.99957,-2.02015,1,-0.00415556,0.161736,0,-0.0126809,-0.444412,0,0.00524979,3,3.5,-0.537965,2.0072,1,-0.5,0.000729412,0,-5.66244e-06,-0.0276864,0,0.0122497,4,3.5,0.46189,0.985197,1,-0.5,-0.0413909,0,0,-0.413764,0,0.0129348,5,3.5,2.99944,1.98598,1,-0.00510179,-0.0219386,0,-0.0137538,0.215858,0,0.00717117,6,3.5,-2.97629,1.0054,1,-0.124197,-0.00495762,0,0.421017,-0.0446588,0,0.00862929,7,3.5,-0.022367,-0.531949,1,0.00678757,-0.5,0,0.069753,-5.66244e-06,0,0.0114359,8,3.5,-9.93561e-07,-1.99189,1,7.2005e-06,-0.0275891,0,-1.20888e-05,0.00846386,0,0.00905029,9,3.5,-1.667,-2.20673,1,-0.459794,-0.497305,0,0.210851,-0.0791699,0,0.0110821,10,3.5,-1.00679,0.509922,1,-0.0717171,-0.5,0,-0.554115,5.66244e-06,0,0.0126162,11,3.5,-1.51219,-0.971667,1,0.499994,0.0269093,0,0.000230968,-0.136673,0,0.0112938,12,3.5,2.57535,-0.980743,1,0.499878,-0.017802,0,-0.00484288,-0.0713654,0,0.00805467,13,3.5,-0.563761,3,1,0.459042,0,0,0.219781,0,0,0.00525805,14,3.5,-0.999458,-1.45091,1,-0.000525732,-0.5,0,-0.000987202,7.45058e-06,0,0.0117473,15,3.5,0.500111,-0.999567,1,0.5,-0.00043707,0,5.66244e-06,-0.00112876,0,0.011072,16,3.5,1.99968,-2.00554,1,-0.10252,0.00643395,0,0.387691,0.0411123,0,0.0105208,17,3.5,1,1.98898,1,0,0.0242237,0,0,0.0287443,0,0.0102344,18,3.5,-1.78393,-0.00977169,1,-0.499965,0.00198506,0,-0.00139326,0.0740922,0,0.0113641,19,3.5,1.01423,3,1,-0.023327,0,0,-0.0598878,0,0,0.00502455,20,3.5,0.0165811,2.5025,1,-0.0110482,-0.499911,0,-0.0739935,-0.00356138,0,0.0093395,21,3.5,-1.9947,2.14473,1,0.00648387,-0.462353,0,-0.0813305,0.0219494,0,0.0134994,22,3.5,-0.00825924,0.412379,1,-0.0791114,-0.499607,0,-0.516984,0.0120829,0,0.0123818,23,3.5,0.498393,-3,1,0.5,0,0,-1.78814e-06,0,0,0.00586803,24,3.5,2.53336,-0.001674,1,-0.460926,-0.000375926,0,-0.248194,0.00606924,0,0.00988317,25,3.5,1.00001,-2.01373,1,-1.19209e-05,0.0236709,0,0,0.0544339,0,0.0087206,26,3.5,2.00012,2.57793,1,-0.00016056,0.499842,0,-0.00013411,-0.00593066,0,0.00601898,27,3.5,-3,2.48552,1,0,0.5,0,0,0,0,0.0058954,28,3.5,-0.508549,-3,1,0.5,0,0,-5.66244e-06,0,0,0.00652548,29,3.5,-0.976795,1.42187,1,0.0697643,-0.499883,0,0.31044,0.00467896,0,0.0109892,30,3.5,-1.98615,0.853668,1,0.103213,0.386207,0,0.517502,-0.438899,0,0.0114134,31,3.5,-2.25483,2.99989,1,0.463125,-0.00223294,0,-0.24341,-0.0547767,0,0.00678873,32,3.5,1,0,1,0,0,0,0,0,0,0.0100709,33,3.5,3,0.992244,1,0,0.0271548,0,0,-0.01017,0,0.00563584,34,3.5,2.00102,0.513965,1,-4.4331e-05,0.5,0,-0.00335276,2.08616e-06,0,0.0123762,35,3.5,1.41761,1.01081,1,-0.49978,-0.0242244,0,0.00747293,-0.00506639,0,0.00920889
0,3.6,-2.52289,-2.62812,1,-0.5,-0.487554,0,0,0.105977,0,0.00727658,1,3.6,-2.78245,-1.98325,1,0.481158,-0.0187546,0,0.249743,-0.0144243,0,0.010586,2,3.6,2.99912,-2.00613,1,-0.00476241,0.119406,0,-0.000238419,-0.400126,0,0.00523539,3,3.6,-0.587965,2.00714,1,-0.5,-0.00190139,0,-2.98023e-05,-0.0246763,0,0.0122272,4,3.6,0.41189,0.978821,1,-0.5,-0.0874326,0,1.43051e-05,-0.492364,0,0.0153247,5,3.6,2.99889,1.98477,1,-0.00571012,-0.00315607,0,0.000596046,0.160456,0,0.0104359,6,3.6,-2.98671,1.00471,1,-0.0852168,-0.00841022,0,0.356793,-0.0249743,0,0.00820014,7,3.6,-0.0213591,-0.581949,1,0.0131662,-0.5,0,0.057525,-2.98023e-05,0,0.01078,8,3.6,-3.3743e-07,-1.99457,1,5.89395e-06,-0.025779,0,-1.37836e-05,0.0266433,0,0.00875759,9,3.6,-1.71184,-2.25666,1,-0.436237,-0.5,0,0.258684,0,0,0.00910878,10,3.6,-1.01705,0.459922,1,-0.136352,-0.5,0,-0.717998,1.43051e-05,0,0.0110308,11,3.6,-1.46219,-0.96967,1,0.500003,0.0129849,0,-5.96046e-05,-0.139713,0,0.0124169,12,3.6,2.62527,-0.982828,1,0.498068,-0.0233904,0,-0.0388622,-0.041306,0,0.00740001,13,3.6,-0.516841,3,1,0.478419,0,0,0.164554,0,0,0.00402066,14,3.6,-0.999515,-1.50091,1,-0.000604987,-0.500003,0,-0.000625849,5.96046e-05,0,0.00990051,15,3.6,0.550111,-0.999616,1,0.5,-0.000524521,0,2.98023e-05,-0.000625849,0,0.0103413,16,3.6,1.99127,-2.00473,1,-0.0666499,0.00953078,0,0.328839,0.0215769,0,0.0110319,17,3.6,1,1.9915,1,0,0.0256628,0,0,0.00143051,0,0.00955381,18,3.6,-1.83393,-0.00924667,1,-0.500003,0.00809599,0,5.96046e-05,0.0489228,0,0.0115624,19,3.6,1.01166,3,1,-0.0274271,0,0,-0.0235438,0,0,0.00532352,20,3.6,0.015153,2.4525,1,-0.0170667,-0.5,0,-0.0471333,0,0,0.0101315,21,3.6,-1.99442,2.09859,1,-0.000429153,-0.460303,0,-0.0577569,0.0267029,0,0.0128377,22,3.6,-0.018948,0.362534,1,-0.136134,-0.49662,0,-0.605526,0.0530779,0,0.0152973,23,3.6,0.548393,-3,1,0.500001,0,0,-2.98023e-05,0,0,0.00643915,24,3.6,2.48614,-0.00168154,1,-0.48213,0.000220459,0,-0.171781,0.0057852,0,0.0112795,25,3.6,1.00001,-2.01115,1,-1.19209e-05,0.0272989,0,-5.96046e-05,0.0194311,0,0.00890123,26,3.6,2.0001,2.62784,1,-0.000166893,0.497776,0,0,-0.0427961,0,0.00995726,27,3.6,-3,2.53552,1,0,0.5,0,0,0,0,0.00543817,28,3.6,-0.458549,-3,1,0.5,0,0,-1.43051e-05,0,0,0.00616081,29,3.6,-0.968123,1.37194,1,0.104801,-0.498131,0,0.377864,0.0373721,0,0.0126248,30,3.6,-1.97301,0.890005,1,0.161511,0.339735,0,0.623882,-0.485897,0,0.0133764,31,3.6,-2.20986,2.99945,1,0.435024,-0.00613332,0,-0.317574,-0.0247955,0,0.00728393,32,3.6,1,0,1,0,0,0,0,0,0,0.0105055,33,3.6,3,0.994877,1,0,0.0252143,0,0,-0.0274777,0,0.0045264,34,3.6,2.001,0.563965,1,-0.000363588,0.5,0,-0.00309944,2.98023e-05,0,0.011852,35,3.6,1.36771,1.00839,1,-0.497541,-0.0238478,0,0.0437498,0.0116825,0,0.00993556
0,3.7,-2.57282,-2.6762,1,-0.498061,-0.472791,0,0.0411123,0.187382,0,0.00727658,1,3.7,-2.7334,-1.98518,1,0.497108,-0.0197353,0,0.0789016,-0.00544637,0,0.010586,2,3.7,2.99865,-1.9961,1,-0.00437573,0.0820765,0,0.00736117,-0.34555,0,0.00523539,3,3.7,-0.637854,2.00683,1,-0.496623,-0.00410303,0,0.0691153,-0.0193715,0,0.0122272,4,3.7,0.362002,0.967489,1,-0.496589,-0.140127,0,0.0699516,-0.548113,0,0.0153247,5,3.7,2.99833,1.98517,1,-0.00517555,0.0103043,0,0.00934303,0.109948,0,0.0104359,6,3.7,-2.99357,1.00378,1,-0.0531413,-0.0101013,0,0.283986,-0.00952929,0,0.00820014,7,3.7,-0.0197828,-0.631851,1,0.0180849,-0.497,0,0.0410645,0.0621006,0,0.01078,8,3.7,1.8227e-07,-1.99699,1,4.49702e-06,-0.022513,0,-1.39695e-05,0.0376701,0,0.00875759,9,3.7,-1.7541,-2.30666,1,-0.40831,-0.5,0,0.298284,0,0,0.00910878,10,3.7,-1.03449,0.410059,1,-0.213918,-0.495949,0,-0.810347,0.0796708,0,0.0110308,11,3.7,-1.4122,-0.969045,1,0.499601,-0.000238512,0,-0.0122562,-0.124034,0,0.0124169,12,3.7,2.67479,-0.985331,1,0.491202,-0.0262765,0,-0.102699,-0.0172555,0,0.00740001,13,3.7,-0.468286,3,1,0.491578,0,0,0.0981353,0,0,0.00402066,14,3.7,-0.999578,-1.55091,1,-0.000647176,-0.5,0,-0.000234693,7.45058e-06,0,0.00990051,15,3.7,0.600082,-0.999671,1,0.498999,-0.000565313,0,-0.0249632,-0.000201166,0,0.0103413,16,3.7,1.98614,-2.00369,1,-0.0369169,0.0108939,0,0.265956,0.0063926,0,0.0110319,17,3.7,1,1.99404,1,0,0.0247581,0,0,-0.0183359,0,0.00955381,18,3.7,-1.88393,-0.00822782,1,-0.5,0.0119447,0,7.45058e-06,0.0287377,0,0.0115624,19,3.7,1.00885,3,1,-0.02832,0,0,0.00429153,0,0,0.00532352,20,3.7,0.0132513,2.40253,1,-0.0205822,-0.499161,0,-0.0240048,0.0219494,0,0.0101315,21,3.7,-1.99471,2.05264,1,-0.00515822,-0.459094,0,-0.0376776,0.00539422,0,0.0128377,22,3.7,-0.0358203,0.313348,1,-0.20317,-0.485103,0,-0.71743,0.173248,0,0.0152973,23,3.7,0.598368,-3,1,0.499104,0,0,-0.0229962,0,0,0.00643915,24,3.7,2.43721,-0.00163217,1,-0.495035,0.000750389,0,-0.0864863,0.00479904,0,0.0112795,25,3.7,1.00001,-2.00837,1,-1.67638e-05,0.0278506,0,-2.98023e-05,-0.00704825,0,0.00890123,26,3.7,2.00008,2.67731,1,-0.000164658,0.49044,0,5.96046e-05,-0.107944,0,0.00995726,27,3.7,-3,2.58551,1,0,0.499584,0,0,-0.0128001,0,0.00543817,28,3.7,-0.408562,-3,1,0.499481,0,0,-0.0154524,0,0,0.00616081,29,3.7,-0.955666,1.32248,1,0.144937,-0.4895,0,0.414461,0.134259,0,0.0126248,30,3.7,-1.95363,0.921509,1,0.226591,0.290045,0,0.662521,-0.503875,0,0.0133764,31,3.7,-2.16809,2.99875,1,0.399259,-0.00754334,0,-0.393704,-0.00457466,0,0.00728393,32,3.7,1,0,1,0,0,0,0,0,0,0.0105055,33,3.7,3,0.997241,1,0,0.0218981,0,0,-0.0378676,0,0.0045264,34,3.7,2.00095,0.613906,1,-0.000639632,0.498129,0,-0.00242889,-0.0411198,0,0.011852,35,3.7,1.31827,1.00609,1,-0.490289,-0.0220755,0,0.105061,0.0230297,0,0.00993556
0,3.8,-2.62234,-2.72242,1,-0.491381,-0.450456,0,0.0942945,0.257373,0,0.00723758,1,3.8,-2.68347,-1.98717,1,0.5,-0.0198931,0,0,0.00202656,0,0.0109422,2,3.8,2.99826,-1.98953,1,-0.00340343,0.0504255,0,0.0115633,-0.286996,0,0.00628346,3,3.8,-0.687046,2.00633,1,-0.485943,-0.00578165,0,0.145227,-0.0141859,0,0.0135522,4,3.8,0.31282,0.950737,1,-0.485743,-0.194627,0,0.147924,-0.531018,0,0.0177425,5,3.8,2.99787,1.98667,1,-0.00396967,0.0190735,0,0.0140667,0.066638,0,0.0114758,6,3.8,-2.99758,1.00274,1,-0.0284612,-0.0104457,0,0.209808,0.00202656,0,0.00676925,7,3.8,-0.0177948,-0.681124,1,0.0214245,-0.487249,0,0.025969,0.1342,0,0.010898,8,3.8,5.63092e-07,-1.99905,1,3.13271e-06,-0.0184268,0,-1.31758e-05,0.0431538,0,0.00900004,9,3.8,-1.79338,-2.35666,1,-0.376892,-0.5,0,0.3286,0,0,0.00970688,10,3.8,-1.05993,0.360985,1,-0.294396,-0.48434,0,-0.782013,0.151128,0,0.0110641,11,3.8,-1.36236,-0.969658,1,0.496587,-0.0116989,0,-0.0534058,-0.104666,0,0.0116848,12,3.8,2.72326,-0.988011,1,0.476861,-0.0270024,0,-0.186682,0.00196695,0,0.00892009,13,3.8,-0.418745,3,1,0.498194,0,0,0.0361204,0,0,0.00464025,14,3.8,-0.999643,-1.60091,1,-0.000654161,-0.500003,0,5.96046e-05,5.96046e-05,0,0.0104317,15,3.8,0.649781,-0.999728,1,0.494151,-0.000567734,0,-0.0756383,0.000119209,0,0.013479,16,3.8,1.98368,-2.00259,1,-0.0133991,0.0109434,0,0.204921,-0.00476837,0,0.0116383,17,3.8,1,1.9964,1,0,0.0222176,0,0,-0.0314713,0,0.0107027,18,3.8,-1.93393,-0.00691831,1,-0.500003,0.013975,0,5.96046e-05,0.0124974,0,0.0113717,19,3.8,1.00607,3,1,-0.026831,0,0,0.0241995,0,0,0.00499396,20,3.8,0.0111056,2.35279,1,-0.0220257,-0.494719,0,-0.00561871,0.0709295,0,0.00941823,21,3.8,-1.99539,2.00677,1,-0.00812411,-0.457817,0,-0.0224113,0.0265241,0,0.0128585,22,3.8,-0.0597861,0.265874,1,-0.27639,-0.462747,0,-0.73242,0.270084,0,0.0172771,23,3.8,0.64809,-3,1,0.494517,0,0,-0.0724792,0,0,0.00691911,24,3.8,2.38741,-0.00153487,1,-0.49963,0.00117807,0,-0.00739098,0.00374683,0,0.00954373,25,3.8,1.00001,-2.00565,1,-1.78814e-05,0.0261486,0,0,-0.0257492,0,0.00829563,26,3.8,2.00007,2.72568,1,-0.000154972,0.475556,0,0.000119209,-0.192165,0,0.00850184,27,3.8,-3,2.63534,1,0,0.496405,0,0,-0.0565052,0,0.00518476,28,3.8,-0.358754,-3,1,0.495944,0,0,-0.0598431,0,0,0.00601159,29,3.8,-0.939112,1.27435,1,0.185819,-0.471511,0,0.394821,0.224173,0,0.0128218,30,3.8,-1.9277,0.947992,1,0.291279,0.239703,0,0.619054,-0.499517,0,0.0120674,31,3.8,-2.13023,2.99799,1,0.357074,-0.00726581,0,-0.44632,0.00905991,0,0.0074869,32,3.8,1,0,1,0,0,0,0,0,0,0.0115245,33,3.8,3,0.999231,1,0,0.0178188,0,0,-0.0428855,0,0.00592756,34,3.8,2.00088,0.66342,1,-0.000846386,0.491147,0,-0.00178814,-0.101119,0,0.00993531,35,3.8,1.26989,1.00401,1,-0.475928,-0.0193775,0,0.184298,0.03016,0,0.00957089
0,3.9,-2.67091,-2.76608,1,-0.478996,-0.421796,0,0.154465,0.314027,0,0.00723758,1,3.9,-2.63347,-1.98914,1,0.5,-0.0193547,0,0,0.00847876,0,0.0109422,2,3.9,2.99798,-1.98582,1,-0.00215843,0.0247557,0,0.0129938,-0.226825,0,0.00628346,3,3.9,-0.734789,2.00569,1,-0.467662,-0.00695176,0,0.220746,-0.00925362,0,0.0135522,4,3.9,0.265162,0.928498,1,-0.465739,-0.250993,0,0.249265,-0.581354,0,0.0177425,5,3.9,2.99755,1.98885,1,-0.00246689,0.0238826,0,0.0156164,0.0309125,0,0.0114758,6,3.9,-2.9995,1.00172,1,-0.0109933,-0.00982042,0,0.141114,0.00994653,0,0.00676925,7,3.9,-0.0155485,-0.729386,1,0.0232514,-0.479743,0,0.0110284,0.0291355,0,0.010898,8,3.9,-0.000521942,-2.00067,1,-0.0149765,-0.014046,0,-0.272015,0.0438616,0,0.00900004,9,3.9,-1.82938,-2.40666,1,-0.342564,-0.5,0,0.355832,0,0,0.00970688,10,3.9,-1.09318,0.313444,1,-0.3692,-0.465155,0,-0.69505,0.229714,0,0.0110641,11,3.9,-1.31282,-0.971307,1,0.495173,-0.0208305,0,0.0144094,-0.0782609,0,0.0116848,12,3.9,2.76982,-0.990675,1,0.452362,-0.0260268,0,-0.299767,0.0167526,0,0.00892009,13,3.9,-0.368869,3,1,0.498072,0,0,-0.040086,0,0,0.00464025,14,3.9,-0.999707,-1.65091,1,-0.000634044,-0.5,0,0.000327826,7.45058e-06,0,0.0104317,15,3.9,0.699077,-0.999783,1,0.493651,-0.000543706,0,0.0392385,0.000350177,0,0.013479,16,3.9,1.98274,-2.00154,1,-0.010803,0.0100676,0,-0.124365,-0.0122041,0,0.0116383,17,3.9,1,1.99792,1,1.86265e-07,0.00369065,0,7.45058e-06,-0.310645,0,0.0107027,18,3.9,-1.98393,-0.00547887,1,-0.5,0.0146202,0,7.45058e-06,0.000881699,0,0.0113717,19,3.9,1.00353,2.99948,1,-0.023731,-0.014979,0,0.0367388,-0.271991,0,0.00499396,20,3.9,0.00889935,2.30378,1,-0.0218708,-0.484475,0,0.00806933,0.136763,0,0.00941823,21,3.9,-1.99629,1.96107,1,-0.009658,-0.456561,0,-0.00906736,0.00631064,0,0.0128585,22,3.9,-0.0911332,0.221096,1,-0.350316,-0.431457,0,-0.71927,0.351458,0,0.0172771,23,3.9,0.69743,-3,1,0.494111,0,0,0.0380874,0,0,0.00691911,24,3.9,2.3375,-0.00140011,1,-0.497573,0.00149928,0,0.0533909,0.00267519,0,0.00954373,25,3.9,1,-2.00267,1,-1.69501e-05,0.0379218,0,2.23517e-05,0.234686,0,0.00829563,26,3.9,2.00005,2.77207,1,-0.000141189,0.45055,0,0.000163913,-0.304371,0,0.00850184,27,3.9,-3,2.6846,1,0,0.48757,0,0,-0.123739,0,0.00518476,28,3.9,-0.309304,-3,1,0.494312,0,0,0.0157692,0,0,0.00601159,29,3.9,-0.918584,1.22849,1,0.224297,-0.444153,0,0.367925,0.319056,0,0.0128218,30,3.9,-1.89553,0.969512,1,0.351455,0.191193,0,0.573963,-0.468813,0,0.0120674,31,3.9,-2.0968,2.99733,1,0.310954,-0.00591837,0,-0.472859,0.0170618,0,0.0074869,32,3.9,1,0,1,0,0,0,0,0,0,0.0115245,33,3.9,3,1.0008,1,0,0.0134831,0,0,-0.0432581,0,0.00592756,34,3.9,2.00079,0.712343,1,-0.000983104,0.489699,0,-0.000968575,0.0436343,0,0.00993531,35,3.9,1.22388,1.00223,1,-0.438443,-0.0161653,0,0.53896,0.0335649,0,0.00957089
0,4,-2.71793,-2.80661,1,-0.460339,-0.38802,0,0.218987,0.359535,0,0.00558443,1,4,-2.58347,-1.99102,1,0.5,-0.0182509,0,0,0.013411,0,0.0107355,2,4,2.99783,-1.98438,1,-0.000864267,0.00495017,0,0.0126362,-0.169933,0,0.00596805,3,4,-0.780325,2.00496,1,-0.441808,-0.00764728,0,0.295907,-0.00452995,0,0.0146299,4,4,0.219981,0.900513,1,-0.436469,-0.308202,0,0.33322,-0.550807,0,0.0200809,5,4,2.99738,1.99135,1,-0.000917912,0.0255197,0,0.0150204,0.00309944,0,0.00877135,6,4,-2.99999,1.0008,1,0.000166893,-0.00855625,0,0.084281,0.0149012,0,0.00859585,7,4,-0.0131898,-0.777297,1,0.0237194,-0.479028,0,-0.0012368,-0.00408292,0,0.0135889,8,4,-0.00364188,-2.00186,1,-0.049491,-0.00975728,0,-0.396751,0.0413656,0,0.0108832,9,4,-1.86183,-2.45666,1,-0.306132,-0.5,0,0.37086,0,0,0.00905172,10,4,-1.13331,0.268187,1,-0.430495,-0.438949,0,-0.520825,0.29175,0,0.0122516,11,4,-1.26319,-0.97374,1,0.497645,-0.0274122,0,0.0276566,-0.0537336,0,0.0113225,12,4,2.81339,-0.993175,1,0.417632,-0.0237986,0,-0.391006,0.0270605,0,0.00832752,13,4,-0.319398,3,1,0.48995,0,0,-0.123098,0,0,0.00708666,14,4,-0.999769,-1.70091,1,-0.000590086,-0.500003,0,0.000506639,5.96046e-05,0,0.0111619,15,4,0.748667,-0.999836,1,0.498101,-0.000499189,0,0.0371933,0.000536442,0,0.0126426,16,4,1.98069,-2.0006,1,-0.0331372,0.00860095,0,-0.299692,-0.0166297,0,0.0103859,17,4,1,1.99647,1,0,-0.0348449,0,5.96046e-05,-0.437975,0,0.0116989,18,4,-2.03393,-0.00402835,1,-0.5,0.0142422,0,0,-0.00801019,0,0.00928763,19,4,1.00136,2.99636,1,-0.0196785,-0.0494897,0,0.043422,-0.396848,0,0.00728842,20,4,0.00677075,2.25614,1,-0.0205345,-0.466949,0,0.0180781,0.215411,0,0.0092405,21,4,-1.99729,1.91547,1,-0.0100851,-0.45518,0,-5.96046e-05,0.0272989,0,0.0119414,22,4,-0.129566,0.179813,1,-0.415955,-0.39327,0,-0.577443,0.408388,0,0.0141598,23,4,0.747056,-3,1,0.498307,0,0,0.0338852,0,0,0.00825099,24,4,2.28814,-0.00123859,1,-0.488168,0.00171336,0,0.137806,0.00161096,0,0.0111602,25,4,1,-1.99745,1,-1.78814e-05,0.0683665,0,0.000119209,0.353575,0,0.0116656,26,4,2.00004,2.81545,1,-0.00012517,0.415421,0,0.000238419,-0.394583,0,0.00890488,27,4,-3,2.7326,1,0,0.471103,0,0,-0.207305,0,0.00514481,28,4,-0.259745,-3,1,0.497124,0,0,0.0321418,0,0,0.00623732,29,4,-0.894406,1.1858,1,0.258195,-0.408468,0,0.304818,0.391006,0,0.0110379,30,4,-1.85766,0.986351,1,0.404215,0.146273,0,0.473261,-0.428081,0,0.0126872,31,4,-2.06809,2.99683,1,0.263119,-0.00399947,0,-0.48089,0.0206232,0,0.00944925,32,4,1,0,1,0,0,0,0,0,0,0.0112581,33,4,3,1.00193,1,0,0.00926852,0,0,-0.0405908,0,0.00521748,34,4,2.00068,0.761592,1,-0.00104904,0.49549,0,-0.000238419,0.0569224,0,0.0101261,35,4,1.18313,1.00078,1,-0.372988,-0.0127584,0,0.748158,0.0341535,0,0.0110725
0,4.1,-2.76272,-2.84237,1,-0.434114,-0.318041,0,0.302359,0.919938,0,0.00558443,1,4.1,-2.53347,-1.99277,1,0.5,-0.0167336,0,0,0.016734,0,0.0107355,2,4.1,2.9978,-1.98464,1,0.000320747,-0.00937097,0,0.0109226,-0.117674,0,0.00596805,3,4.1,-0.823378,2.00418,1,-0.42236,-0.00784025,0,0.109319,0.000655651,0,0.0146299,4,4.1,0.178141,0.86692,1,-0.399044,-0.363485,0,0.410355,-0.541091,0,0.0200809,5,4.1,2.99736,1.99388,1,0.000485405,0.0247622,0,0.0128895,-0.0170693,0,0.00877135,6,4.1,-2.99963,1.00107,1,0.00652634,0.0235159,0,0.0446886,0.579834,0,0.00859585,7,4.1,-0.0108416,-0.825319,1,0.0230834,-0.482119,0,-0.0109358,-0.0473149,0,0.0135889,8,4.1,-0.0109208,-2.00262,1,-0.0989241,-0.0055287,0,-0.567479,0.0427812,0,0.0108832,9,4.1,-1.89087,-2.50666,1,-0.277325,-0.499989,0,0.214554,0.000432134,0,0.00905172,10,4.1,-1.17863,0.225844,1,-0.47239,-0.407066,0,-0.314288,0.343029,0,0.0122516,11,4.1,-1.21332,-0.976706,1,0.499589,-0.0315086,0,0.0107437,-0.0287928,0,0.0113225,12,4.1,2.85308,-0.995408,1,0.374873,-0.0207607,0,-0.460222,0.0331253,0,0.00832752,13,4.1,-0.270802,3,1,0.483791,0,0,-0.0138405,0,0,0.00708666,14,4.1,-0.999825,-1.75091,1,-0.000533927,-0.5,0,0.000607222,7.45058e-06,0,0.0111619,15,4.1,0.798592,-0.999883,1,0.499872,-0.000441726,0,0.00494719,0.000607222,0,0.0126426,16,4.1,1.97555,-1.99982,1,-0.0722473,0.00684112,0,-0.461392,-0.0183731,0,0.0103859,17,4.1,1,1.99056,1,-3.91155e-06,-0.0853132,0,-0.000223517,-0.551745,0,0.0116989,18,4.1,-2.08393,-0.00241684,1,-0.5,0.0200668,0,0,0.116811,0,0.00928763,19,4.1,0.99961,2.98898,1,-0.015267,-0.101727,0,0.0442937,-0.619113,0,0.00728842,20,4.1,0.00481985,2.2107,1,-0.0183748,-0.440295,0,0.0246081,0.314251,0,0.0092405,21,4.1,-1.99828,1.87002,1,-0.00969823,-0.454304,0,0.00714511,-0.00152737,0,0.0119414,22,4.1,-0.173719,0.142586,1,-0.463663,-0.350755,0,-0.371507,0.438852,0,0.0141598,23,4.1,0.796991,-3,1,0.499894,0,0,0.00423193,0,0,0.00825099,24,4.1,2.24169,-0.00106112,1,-0.428583,0.00181771,0,0.892222,0.000507185,0,0.0111602,25,4.1,0.999985,-1.98848,1,-0.000469945,0.114191,0,-0.00868738,0.537813,0,0.0116656,26,4.1,2.00003,2.85489,1,-0.0001017,0.372367,0,0.000223517,-0.462532,0,0.00890488,27,4.1,-3,2.77848,1,0,0.444736,0,0,-0.316307,0,0.00514481,28,4.1,-0.209898,-3,1,0.499503,0,0,0.0135385,0,0,0.00623732,29,4.1,-0.86696,1.14699,1,0.291379,-0.367074,0,0.344004,0.434048,0,0.0110379,30,4.1,-1.81503,0.998929,1,0.446698,0.106219,0,0.371188,-0.37282,0,0.0126872,31,4.1,-2.04418,2.99653,1,0.215403,-0.00191703,0,-0.47031,0.0206232,0,0.00944925,32,4.1,1,0,1,0,0,0,0,0,0,0.0112581,33,4.1,3,1.00266,1,0,0.00545196,0,0,-0.0355244,0,0.00521748,34,4.1,2.00058,0.811363,1,-0.0010483,0.499302,0,0.000238419,0.019595,0,0.0101261,35,4.1,1.15006,0.999674,1,-0.284793,-0.00943784,0,0.968523,0.0317246,0,0.0110725
0,4.2,-2.80451,-2.86934,1,-0.400496,-0.220048,0,0.367165,1.00017,0,0.00647768,1,4.2,-2.48347,-1.99436,1,0.5,-0.0149429,0,0,0.0188351,0,0.010947,2,4.2,2.99789,-1.98609,1,0.00129938,-0.0188231,0,0.00870228,-0.0726581,0,0.00532501,3,4.2,-0.865264,2.00341,1,-0.416964,-0.00752807,0,0.0120699,0.00548363,0,0.0160942,4,4.2,0.140382,0.827973,1,-0.355328,-0.414121,0,0.459593,-0.462353,0,0.0163916,5,4.2,2.99747,1.99624,1,0.00164509,0.0223309,0,0.0100136,-0.0305772,0,0.010461,6,4.2,-2.9988,1.00693,1,0.00943542,0.0988066,0,0.0150204,0.8865,0,0.00883299,7,4.2,-0.00860014,-0.873766,1,0.0216344,-0.486618,0,-0.0175692,-0.0343621,0,0.0162813,8,4.2,-0.023765,-2.00296,1,-0.158608,-0.00128746,0,-0.606836,0.0417233,0,0.014581,9,4.2,-1.91772,-2.55665,1,-0.261492,-0.499821,0,0.110209,0.00345707,0,0.00895483,10,4.2,-1.2271,0.186917,1,-0.493857,-0.370892,0,-0.122845,0.377834,0,0.0122059,11,4.2,-1.16333,-0.979964,1,0.500003,-0.0332907,0,-5.96046e-05,-0.00742078,0,0.013033,12,4.2,2.88818,-0.997312,1,0.326383,-0.0172794,0,-0.505447,0.0359714,0,0.00592608,13,4.2,-0.222407,3,1,0.484689,0,0,0.0206232,0,0,0.00661902,14,4.2,-0.999875,-1.80091,1,-0.000469387,-0.500003,0,0.000655651,5.96046e-05,0,0.0108903,15,4.2,0.84859,-0.999924,1,0.5,-0.00037998,0,2.98023e-05,0.000685453,0,0.0146729,16,4.2,1.9659,-1.99923,1,-0.121617,0.00496209,0,-0.509143,-0.0190139,0,0.00872829,17,4.2,0.999998,1.97921,1,-5.81145e-05,-0.141677,0,-0.000923872,-0.560164,0,0.0124787,18,4.2,-2.13393,0.000326585,1,-0.5,0.0361569,0,0,0.198209,0,0.0085837,19,4.2,0.998303,2.97554,1,-0.0109151,-0.168133,0,0.0423789,-0.685811,0,0.00940968,20,4.2,0.00311268,2.16838,1,-0.0157072,-0.404787,0,0.028308,0.392437,0,0.00912539,21,4.2,-1.99921,1.82459,1,-0.00877678,-0.454006,0,0.0107884,0.0138879,0,0.0116624,22,4.2,-0.221589,0.109733,1,-0.49029,-0.306077,0,-0.166565,0.451982,0,0.0121559,23,4.2,0.846988,-3,1,0.5,0,0,2.98023e-05,0,0,0.00622223,24,4.2,2.20361,-0.000878422,1,-0.331283,0.00182096,0,1.00017,-0.000411528,0,0.0109567,25,4.2,0.999883,-1.97424,1,-0.00166297,0.171429,0,-0.0147223,0.586987,0,0.0124009,26,4.2,2.00002,2.88973,1,-8.34465e-05,0.323719,0,0.000238419,-0.50652,0,0.00893522,27,4.2,-3,2.82122,1,0,0.40859,0,0,-0.402927,0,0.00581788,28,4.2,-0.159911,-3,1,0.5,0,0,3.57628e-06,0,0,0.00868684,29,4.2,-0.836139,1.1125,1,0.324377,-0.322208,0,0.304639,0.460565,0,0.0138393,30,4.2,-1.76871,1.00778,1,0.477603,0.0717312,0,0.243545,-0.316978,0,0.0107988,31,4.2,-2.02495,2.99644,1,0.169605,5.36442e-05,0,-0.442863,0.0184774,0,0.00935515,32,4.2,1,0,1,0,0,0,0,0,0,0.0110431,33,4.2,3,1.00304,1,0,0.00219941,0,0,-0.0294447,0,0.00473889,34,4.2,2.00048,0.861345,1,-0.00100732,0.5,0,0.000596046,2.98023e-05,0,0.0118839,35,4.2,1.12652,0.998881,1,-0.185579,-0.00650436,0,0.999987,0.0265241,0,0.0116738
0,4.3,-2.84262,-2.88634,1,-0.36083,-0.12004,0,0.421792,1.00002,0,0.00647768,1,4.3,-2.43348,-1.99576,1,0.499935,-0.0129994,0,-0.002563,0.0198781,0,0.010947,2,4.3,2.99806,-1.98827,1,0.00203252,-0.0241477,0,0.00596046,-0.0352263,0,0.00532501,3,4.3,-0.907232,2.00269,1,-0.425259,-0.00686273,0,-0.158936,0.00798702,0,0.0160942,4,4.3,0.107163,0.78439,1,-0.30894,-0.455788,0,0.465808,-0.358097,0,0.0163916,5,4.3,2.99768,1.99831,1,0.00248663,0.0188619,0,0.00683963,-0.0379533,0,0.010461,6,4.3,-2.99781,1.02147,1,0.0101242,0.193486,0,-0.000521541,0.985816,0,0.00883299,7,4.3,-0.00653315,-0.922601,1,0.019632,-0.489908,0,-0.0219774,-0.0245757,0,0.0162813,8,4.3,-0.0426344,-2.00286,1,-0.218292,0.00372306,0,-0.577806,0.0567436,0,0.014581,9,4.3,-1.94371,-2.6065,1,-0.261864,-0.495921,0,-0.101805,0.0747591,0,0.00895483,10,4.3,-1.27687,0.151753,1,-0.499616,-0.332102,0,-0.0153556,0.395806,0,0.0122059,11,4.3,-1.11333,-0.9833,1,0.499982,-0.0331413,0,-0.000730157,0.00983477,0,0.013033,12,4.3,2.91824,-0.998859,1,0.274466,-0.0136628,0,-0.527695,0.0359751,0,0.00592608,13,4.3,-0.173739,3,1,0.489378,0,0,0.0631972,0,0,0.00661902,14,4.3,-1.0002,-1.85091,1,-0.00872565,-0.5,0,-0.15695,7.45058e-06,0,0.0108903,15,4.3,0.89859,-0.999959,1,0.5,-0.000312552,0,0,0.000655651,0,0.0146729,16,4.3,1.95108,-1.99883,1,-0.175618,0.00314806,0,-0.554189,-0.0173673,0,0.00872829,17,4.3,0.999988,1.96218,1,-0.000138767,-0.199253,0,-0.00089407,-0.57584,0,0.0124787,18,4.3,-2.18393,0.00542476,1,-0.5,0.0702493,0,0,0.46499,0,0.0085837,19,4.3,0.997413,2.95524,1,-0.00696694,-0.238198,0,0.0365488,-0.70104,0,0.00940968,20,4.3,0.00168619,2.12996,1,-0.0128044,-0.362756,0,0.0294004,0.445113,0,0.00912539,21,4.3,-2.00003,1.77915,1,-0.00752676,-0.455468,0,0.0137016,-0.0333562,0,0.0116624,22,4.3,-0.271167,0.0813812,1,-0.499048,-0.261063,0,-0.0311798,0.446259,0,0.0121559,23,4.3,0.896989,-3,1,0.5,0,0,0,0,0,0.00622223,24,4.3,2.17549,-0.000699762,1,-0.231274,0.00173943,0,1.00002,-0.0011798,0,0.0109567,25,4.3,0.999592,-1.95414,1,-0.00461116,0.230509,0,-0.0419319,0.583723,0,0.0124009,26,4.3,2.00001,2.91953,1,-6.14673e-05,0.271736,0,0.000193715,-0.527859,0,0.00893522,27,4.3,-3,2.85995,1,0,0.364897,0,0,-0.466943,0,0.00581788,28,4.3,-0.109911,-3,1,0.5,0,0,2.98023e-07,0,0,0.00868684,29,4.3,-0.802047,1.08267,1,0.358431,-0.273706,0,0.363544,0.503197,0,0.0138393,30,4.3,-1.71997,1.01347,1,0.494938,0.0430889,0,0.107095,-0.256702,0,0.0107988,31,4.3,-2.01014,2.99653,1,0.127321,0.00172593,0,-0.401065,0.0148565,0,0.00935515,32,4.3,1,0,1,0,0,0,0,0,0,0.0110431,33,4.3,3,1.00313,1,0,-0.000403635,0,0,-0.0226423,0,0.00473889,34,4.3,2.00038,0.911345,1,-0.000934303,0.5,0,0.000834465,0,0,0.0118839,35,4.3,1.11296,0.998308,1,-0.0855796,-0.00545066,0,1,-0.00362843,0,0.0116738
0,4.4,-2.87653,-2.89335,1,-0.316948,-0.020045,0,0.451803,1.00017,0,0.00670219,1,4.4,-2.38351,-1.99696,1,0.49898,-0.0109971,0,-0.0206232,0.0200272,0,0.0110454,2,4.4,2.99829,-1.99081,1,0.00249743,-0.0261396,0,0.00333786,-0.00584126,0,0.00580098,3,4.4,-0.950704,2.00204,1,-0.445284,-0.00591278,0,-0.225931,0.0113249,0,0.0140611,4,4.4,0.0785917,0.737266,1,-0.262607,-0.484161,0,0.458814,-0.20647,0,0.0130797,5,4.4,2.99796,2,1,0.003016,0.0148922,0,0.0038147,-0.0408292,0,0.00999351,6,4.4,-2.99682,1.04579,1,0.00947118,0.293133,0,-0.0118017,0.999987,0,0.0073104,7,4.4,-0.00468365,-0.971651,1,0.0173303,-0.490327,0,-0.0236442,0.0214577,0,0.0154858,8,4.4,-0.0672418,-2.00219,1,-0.272568,0.00973344,0,-0.500765,0.062108,0,0.0159075,9,4.4,-1.97065,-2.6556,1,-0.278899,-0.484866,0,-0.225365,0.14627,0,0.00917722,10,4.4,-1.32686,0.120536,1,-0.500003,-0.292137,0,5.96046e-05,0.401605,0,0.0135982,11,4.4,-1.06334,-0.986541,1,0.49971,-0.0314355,0,-0.00584126,0.0237226,0,0.015006,12,4.4,2.94305,-1.00005,1,0.221801,-0.0101507,0,-0.520825,0.033915,0,0.00570516,13,4.4,-0.124481,3,1,0.495624,0,0,0.0546348,0,0,0.00749143,14,4.4,-1.00206,-1.90091,1,-0.0301898,-0.500003,0,-0.264466,5.96046e-05,0,0.0119325,15,4.4,0.94859,-0.999987,1,0.5,-0.000248849,0,2.98023e-05,0.000655651,0,0.0148596,16,4.4,1.93078,-1.9986,1,-0.229499,0.00147223,0,-0.510693,-0.0162125,0,0.0127957,17,4.4,0.999968,1.93946,1,-0.000271201,-0.254112,0,-0.00196695,-0.509679,0,0.0131592,18,4.4,-2.23393,0.0150853,1,-0.5,0.125654,0,0,0.62675,0,0.0135299,19,4.4,0.996889,2.92799,1,-0.00361204,-0.305754,0,0.0305474,-0.638485,0,0.00948682,20,4.4,0.000552152,2.09597,1,-0.00988938,-0.316387,0,0.028625,0.478983,0,0.0106506,21,4.4,-2.00071,1.73343,1,-0.00613332,-0.458917,0,0.0138283,-0.027895,0,0.0129755,22,4.4,-0.321145,0.0574821,1,-0.5,-0.217204,0,1.43051e-05,0.429191,0,0.0118945,23,4.4,0.946988,-3,1,0.5,0,0,2.98023e-05,0,0,0.00658942,24,4.4,2.15736,-0.000532715,1,-0.131279,0.00159244,0,1.00017,-0.0017249,0,0.0122054,25,4.4,0.998893,-1.92825,1,-0.00961721,0.286233,0,-0.0562072,0.522196,0,0.0133386,26,4.4,2.00001,2.94406,1,-4.76837e-05,0.219119,0,0.000238419,-0.519753,0,0.00851833,27,4.4,-3,2.89403,1,0,0.316,0,0,-0.506878,0,0.006108,28,4.4,-0.0599111,-3,1,0.5,0,0,0,0,0,0.00860418,29,4.4,-0.764379,1.05784,1,0.394759,-0.222725,0,0.352621,0.51105,0,0.0153504,30,4.4,-1.67013,1.01659,1,0.5,0.0202209,0,0,-0.201523,0,0.0114378,31,4.4,-1.99933,2.99677,1,0.0896901,0.00301003,0,-0.350416,0.0107288,0,0.00822463,32,4.4,1,0,1,0,0,0,0,0,0,0.0126977,33,4.4,3,1.00298,1,0,-0.0023365,0,0,-0.0160336,0,0.00482283,34,4.4,2.00029,0.961345,1,-0.000846386,0.5,0,0.00107288,0,0,0.0117626,35,4.4,1.1094,0.997708,1,0.0144213,-0.00688732,0,0.999987,-0.0233948,0,0.0139618
0,4.5,-2.90594,-2.89035,1,-0.271137,0.0799634,0,0.460997,1.00002,0,0.00670219,1,4.5,-2.33379,-1.99796,1,0.494576,-0.00902358,0,-0.0725389,0.0193343,0,0.0110454,2,4.5,2.99855,-1.99341,1,0.00270791,-0.0255901,0,0.000968575,0.0156015,0,0.00580098,3,4.5,-0.996323,2.00151,1,-0.466553,-0.00478998,0,-0.19427,0.0112951,0,0.0140611,4,4.5,0.0545923,0.688068,1,-0.217749,-0.497448,0,0.436902,-0.0671744,0,0.0130797,5,4.5,2.99827,2.00128,1,0.00325255,0.0108426,0,0.000998378,-0.039719,0,0.00999351,6,4.5,-2.99594,1.0799,1,0.00798702,0.386254,0,-0.0174642,0.829957,0,0.0073104,7,4.5,-0.00306788,-1.02056,1,0.0150015,-0.487612,0,-0.0226667,0.0382774,0,0.0154858,8,4.5,-0.0970539,-2.0009,1,-0.323967,0.0160646,0,-0.518442,0.0631064,0,0.0159075,9,4.5,-1.99988,-2.70325,1,-0.307543,-0.467111,0,-0.335969,0.208572,0,0.00917722,10,4.5,-1.37686,0.0923594,1,-0.5,-0.280024,0,7.45058e-06,-0.117242,0,0.0135982,11,4.5,-1.01343,-0.989551,1,0.498029,-0.0286272,0,-0.0328384,0.0320673,0,0.015006,12,4.5,2.96266,-1.0009,1,0.171006,-0.00693463,0,-0.4908,0.0302345,0,0.00570516,13,4.5,-0.0747072,3,1,0.499257,0,0,0.0191642,0,0,0.00749143,14,4.5,-1.00674,-1.95091,1,-0.0663433,-0.5,0,-0.445858,7.45058e-06,0,0.0119325,15,4.5,0.99859,-1.00002,1,0.5,-0.000600424,0,-7.45058e-06,-0.0111721,0,0.0148596,16,4.5,1.90525,-1.99853,1,-0.281211,3.93018e-05,0,-0.508852,-0.0127479,0,0.0127957,17,4.5,0.999933,1.91148,1,-0.000418723,-0.305153,0,-0.0012964,-0.496909,0,0.0131592,18,4.5,-2.28393,0.0311639,1,-0.5,0.198911,0,0,0.807126,0,0.0135299,19,4.5,0.99667,2.89427,1,-0.000896584,-0.367826,0,0.0238605,-0.592008,0,0.00948682,20,4.5,-0.00029716,2.06676,1,-0.00713646,-0.267616,0,0.0262546,0.492528,0,0.0106506,21,4.5,-2.00125,1.68721,1,-0.00470616,-0.467094,0,0.0142902,-0.121579,0,0.0129755,22,4.5,-0.371145,0.0378543,1,-0.5,-0.175906,0,0,0.396003,0,0.0118945,23,4.5,0.996989,-3,1,0.5,0,0,-7.45058e-06,0,0,0.00658942,24,4.5,2.14923,-0.000382554,1,-0.0312708,0.0014067,0,1.00002,-0.00196948,0,0.0122054,25,4.5,0.997517,-1.89713,1,-0.0190236,0.334751,0,-0.123806,0.445701,0,0.0133386,26,4.5,2,2.96342,1,-2.75671e-05,0.168542,0,0.000149012,-0.487715,0,0.00851833,27,4.5,-3,2.92305,1,0,0.264094,0,0,-0.525847,0,0.006108,28,4.5,-0.0099111,-3,1,0.5,0,0,1.49012e-07,0,0,0.00860418,29,4.5,-0.723031,1.03801,1,0.432622,-0.174871,0,0.379778,0.446454,0,0.0153504,30,4.5,-1.62013,1.0177,1,0.5,0.00276454,0,0,-0.148878,0,0.0114378,31,4.5,-1.99202,2.99712,1,0.0574866,0.00386387,0,-0.293352,0.0064075,0,0.00822463,32,4.5,1,0,1,0,0,0,0,0,0,0.0126977,33,4.5,3,1.00268,1,0,-0.00362843,0,0,-0.00995398,0,0.00482283,34,4.5,2.00021,1.01135,1,-0.000736862,0.5,0,0.00113249,0,0,0.0117626,35,4.5,1.11585,0.996834,1,0.114412,-0.0111951,0,0.999667,-0.0595674,0,0.0139618
0,4.6,-2.93076,-2.87735,1,-0.225377,0.179958,0,0.451446,1.00017,0,0.0061454,1,4.6,-2.28482,-1.99876,1,0.483644,-0.00714958,0,-0.149488,0.0180602,0,0.00938548,2,4.6,2.99882,-1.99587,1,0.00270009,-0.0232518,0,-0.000953674,0.03016,0,0.00516017,3,4.6,-1.04386,2.00109,1,-0.483364,-0.00362396,0,-0.139296,0.0120401,0,0.0150718,4,4.6,0.0349552,0.638139,1,-0.17549,-0.5,0,0.407082,0,0,0.0124309,5,4.6,2.9986,2.00217,1,0.00323057,0.00703335,0,-0.00119209,-0.0363588,0,0.00972291,6,4.6,-2.99524,1.1222,1,0.00604987,0.454652,0,-0.0208616,0.525713,0,0.00833117,7,4.6,-0.00167762,-1.06907,1,0.0128433,-0.481725,0,-0.0202984,0.0835061,0,0.0132813,8,4.6,-0.13201,-1.99898,1,-0.374654,0.0221014,0,-0.488051,0.0564456,0,0.016307,9,4.6,-2.03242,-2.74882,1,-0.343949,-0.443232,0,-0.382543,0.26834,0,0.0075801,10,4.6,-1.42686,0.0632015,1,-0.500003,-0.307953,0,5.96046e-05,-0.40713,0,0.0126292,11,4.6,-0.963872,-0.992242,1,0.492269,-0.0250965,0,-0.0860393,0.0382066,0,0.0132555,12,4.6,2.97739,-1.00145,1,0.124383,-0.0041306,0,-0.438571,0.0256896,0,0.00641921,13,4.6,-0.0247281,3,1,0.5,0,0,-1.19209e-06,0,0,0.00665199,14,4.6,-1.01581,-2.00091,1,-0.116959,-0.5,0,-0.555217,0,0,0.0121404,15,4.6,1.04859,-1.00018,1,0.5,-0.0030756,0,0,-0.0407696,0,0.0139734,16,4.6,1.87469,-1.99858,1,-0.328699,-0.00113547,0,-0.429869,-0.0110269,0,0.0125559,17,4.6,0.999884,1.8786,1,-0.000585616,-0.351015,0,-0.00226498,-0.409782,0,0.0127945,18,4.6,-2.33393,0.0551765,1,-0.5,0.281586,0,0,0.822713,0,0.0120245,19,4.6,0.996689,2.85468,1,0.00118166,-0.422227,0,0.017792,-0.487685,0,0.00955991,20,4.6,-0.00088468,2.04246,1,-0.00466861,-0.2186,0,0.0229798,0.484467,0,0.0108185,21,4.6,-2.00165,1.63983,1,-0.00334382,-0.480708,0,0.0123978,-0.139475,0,0.0139594,22,4.6,-0.421145,0.0221831,1,-0.5,-0.138139,0,1.43051e-05,0.358748,0,0.0133221,23,4.6,1.04699,-3,1,0.5,0,0,0,0,0,0.00634716,24,4.6,2.1511,-0.000251992,1,0.0687242,0.0012024,0,1.00017,-0.00209831,0,0.0122418,25,4.6,0.99494,-1.86157,1,-0.0329018,0.374964,0,-0.147074,0.356853,0,0.0134933,26,4.6,2,2.97791,1,-1.19209e-05,0.122291,0,0.000119209,-0.434399,0,0.00809135,27,4.6,-3,2.94683,1,0,0.211817,0,0,-0.515103,0,0.00532886,28,4.6,0.0400889,-3,1,0.5,0,0,-2.38419e-06,0,0,0.0106023,29,4.6,-0.677983,1.02265,1,0.466856,-0.133342,0,0.291228,0.384629,0,0.012648,30,4.6,-1.57013,1.01731,1,0.500003,-0.00980198,0,-5.96046e-05,-0.103712,0,0.0114897,31,4.6,-1.98764,2.99753,1,0.0310421,0.00430942,0,-0.235617,0.0026226,0,0.00884252,32,4.6,1,0,1,0,0,0,0,0,0,0.0117265,33,4.6,3,1.00228,1,0,-0.00435412,0,0,-0.00482798,0,0.00477224,34,4.6,2.00014,1.06135,1,-0.000625849,0.500003,0,0.00119209,-5.96046e-05,0,0.011429,35,4.6,1.13228,0.995379,1,0.214288,-0.0182033,0,0.997305,-0.0778735,0,0.0133022
0,4.7,-2.95108,-2.85437,1,-0.181342,0.279451,0,0.426814,0.979379,0,0.0061454,1,4.7,-2.23739,-1.99939,1,0.463031,-0.00543371,0,-0.259921,0.0162125,0,0.00938548,2,4.7,2.99908,-1.99803,1,0.00252426,-0.0197839,0,-0.00247359,0.0383109,0,0.00516017,3,4.7,-1.09282,2.00078,1,-0.494776,-0.00256561,0,-0.0816956,0.00919402,0,0.0150718,4,4.7,0.0193708,0.588139,1,-0.136913,-0.5,0,0.364207,-7.45058e-06,0,0.0124309,5,4.7,2.99891,2.0027,1,0.00301562,0.00366233,0,-0.00299513,-0.0309199,0,0.00972291,6,4.7,-2.99474,1.16973,1,0.00395253,0.490576,0,-0.0209212,0.205994,0,0.00833117,7,4.7,-0.000448103,-1.11699,1,0.0121597,-0.47825,0,0.00449706,-0.0026077,0,0.0132813,8,4.7,-0.171922,-1.99657,1,-0.423064,0.0254469,0,-0.458501,0.0124499,0,0.016307,9,4.7,-2.06892,-2.79164,1,-0.387409,-0.411837,0,-0.46131,0.354692,0,0.0075801,10,4.7,-1.47682,0.029979,1,-0.498858,-0.359312,0,0.0242293,-0.577567,0,0.0126292,11,4.7,-0.915041,-0.994558,1,0.484467,-0.0212009,0,-0.0791177,0.0395589,0,0.0132555,12,4.7,2.98774,-1.00174,1,0.0838201,-0.00181403,0,-0.370607,0.0206307,0,0.00641921,13,4.7,0.0252719,3,1,0.5,0,0,-1.49012e-07,0,0,0.00665199,14,4.7,-1.0305,-2.05091,1,-0.178507,-0.5,0,-0.660911,0,0,0.0121404,15,4.7,1.09859,-1.00072,1,0.5,-0.0081161,0,0,-0.0648722,0,0.0139734,16,4.7,1.83969,-1.99875,1,-0.370721,-0.00218544,0,-0.401594,-0.0101104,0,0.0125559,17,4.7,0.999808,1.84147,1,-0.000970438,-0.39125,0,-0.00535697,-0.385687,0,0.0127945,18,4.7,-2.38393,0.0874044,1,-0.5,0.361822,0,0,0.754998,0,0.0120245,19,4.7,0.996886,2.8103,1,0.00266526,-0.462586,0,0.0120327,-0.320673,0,0.00955991,20,4.7,-0.00124312,2.02298,1,-0.00256587,-0.171413,0,0.0190393,0.456527,0,0.0108185,21,4.7,-2.00193,1.59114,1,-0.00213645,-0.492159,0,0.0116974,-0.0877231,0,0.0139594,22,4.7,-0.471145,0.0100942,1,-0.5,-0.104336,0,1.78814e-06,0.317003,0,0.0133221,23,4.7,1.09699,-3,1,0.5,0,0,0,0,0,0.00634716,24,4.7,2.16298,-0.000142206,1,0.168733,0.000993908,0,1.00002,-0.0020619,0,0.0122418,25,4.7,0.990691,-1.82226,1,-0.0538967,0.41137,0,-0.257019,0.360146,0,0.0134933,26,4.7,2,2.98808,1,-2.42144e-06,0.0821691,0,8.19564e-05,-0.366077,0,0.00809135,27,4.7,-3,2.96549,1,0,0.161823,0,0,-0.480637,0,0.00532886,28,4.7,0.0900889,-3,1,0.5,0,0,1.49012e-07,0,0,0.0106023,29,4.7,-0.630086,1.01114,1,0.488688,-0.0980483,0,0.148945,0.322171,0,0.012648,30,4.7,-1.52013,1.01588,1,0.5,-0.0181545,0,-7.45058e-06,-0.0646263,0,0.0114897,31,4.7,-1.98562,2.99797,1,0.0103462,0.00439361,0,-0.179052,-0.00077486,0,0.00884252,32,4.7,1,0,1,0,0,0,0,0,0,0.0117265,33,4.7,3,1.00182,1,0,-0.00461433,0,0,-0.000558794,0,0.00477224,34,4.7,2.00009,1.11135,1,-0.000509247,0.5,0,0.00111759,-7.45058e-06,0,0.011429,35,4.7,1.15865,0.993246,1,0.311968,-0.0237187,0,0.933744,-0.0339225,0,0.0133022
0,4.8,-2.96713,-2.82169,1,-0.140446,0.371712,0,0.389099,0.835061,0,0.00626032,1,4.8,-2.19255,-1.99986,1,0.432247,-0.00391304,0,-0.352621,0.0141263,0,0.00958802,2,4.8,2.99932,-1.99981,1,0.00222921,-0.0157446,0,-0.00357628,0.0415444,0,0.00557017,3,4.8,-1.14258,2.00057,1,-0.499338,-0.00177026,0,-0.0132918,0.00679493,0,0.0134357,4,4.8,0.00742758,0.538139,1,-0.102686,-0.5,0,0.320211,-1.43051e-05,0,0.0127493,5,4.8,2.9992,2.00293,1,0.00265241,0.000870228,0,-0.00417233,-0.0247955,0,0.00847802,6,4.8,-2.99445,1.21942,1,0.00189543,0.499785,0,-0.0200272,0.00435114,0,0.00745121,7,4.8,0.000816616,-1.1649,1,0.0133519,-0.480178,0,0.017567,-0.0267029,0,0.0184903,8,4.8,-0.216337,-1.99402,1,-0.463092,0.0249624,0,-0.331104,-0.0202656,0,0.0134639,9,4.8,-2.10993,-2.83094,1,-0.432014,-0.373214,0,-0.414133,0.413537,0,0.00732188,10,4.8,-1.52654,-0.00884324,1,-0.494906,-0.416432,0,0.0559688,-0.53698,0,0.0169586,11,4.8,-0.86704,-0.996479,1,0.47487,-0.0172153,0,-0.119478,0.0400245,0,0.0171495,12,4.8,2.9944,-1.00183,1,0.0505626,0,0,-0.293732,0.0156164,0,0.00715144,13,4.8,0.0752719,3,1,0.5,0,0,-3.57628e-06,0,0,0.00886031,14,4.8,-1.05172,-2.10091,1,-0.24645,-0.5,0,-0.685871,0,0,0.0119075,15,4.8,1.14859,-1.00193,1,0.500003,-0.0168651,0,-5.96046e-05,-0.113487,0,0.0153123,16,4.8,1.80072,-1.99902,1,-0.407425,-0.00317991,0,-0.325561,-0.0100136,0,0.0127973,17,4.8,0.99968,1.80052,1,-0.00163913,-0.426516,0,-0.00801682,-0.312567,0,0.0114674,18,4.8,-2.43393,0.127079,1,-0.5,0.428459,0,0,0.56345,0,0.0090847,19,4.8,0.997204,2.7627,1,0.00361949,-0.486904,0,0.00718236,-0.170112,0,0.0102971,20,4.8,-0.00141126,2.00805,1,-0.000864526,-0.127774,0,0.0149854,0.414252,0,0.012526,21,4.8,-2.00208,1.54158,1,-0.00101924,-0.498235,0,0.0107288,-0.0352859,0,0.0111194,22,4.8,-0.521145,0.0011742,1,-0.500001,-0.0747814,0,2.98023e-05,0.273956,0,0.0111588,23,4.8,1.14699,-3,1,0.500003,0,0,-5.96046e-05,0,0,0.00670528,24,4.8,2.18485,-5.29952e-05,1,0.268728,0.00079183,0,1.00017,-0.00197134,0,0.0104638,25,4.8,0.983944,-1.77939,1,-0.0814483,0.445148,0,-0.281245,0.308096,0,0.011827,26,4.8,2,2.99459,1,2.98023e-06,0.0493586,0,5.96046e-05,-0.289559,0,0.00869835,27,4.8,-3,2.97935,1,0,0.116408,0,0,-0.424623,0,0.00535036,28,4.8,0.140089,-3,1,0.5,0,0,0,0,0,0.00741564,29,4.8,-0.580671,1.00285,1,0.497854,-0.0687212,0,0.0429153,0.26527,0,0.0101864,30,4.8,-1.47013,1.01379,1,0.500003,-0.0229746,0,-5.96046e-05,-0.033021,0,0.0114549,31,4.8,-1.98539,2.9984,1,-0.00493824,0.00417829,0,-0.127435,-0.00333786,0,0.0061941,32,4.8,1,0,1,0,0,0,0,0,0,0.0106976,33,4.8,3,1.00137,1,0,-0.00449717,0,0,0.0026226,0,0.00569391,34,4.8,2.00004,1.16135,1,-0.000399351,0.500003,0,0.000953674,-5.96046e-05,0,0.0108599,35,4.8,1.19424,0.990767,1,0.396511,-0.0252739,0,0.734568,0.00140071,0,0.013554
0,4.9,-2.97931,-2.78082,1,-0.103838,0.440851,0,0.341743,0.545412,0,0.00626032,1,4.9,-2.15121,-2.00018,1,0.393415,-0.00260901,0,-0.421107,0.0119135,0,0.00958802,2,4.9,2.99952,-2.00117,1,0.00184625,-0.0116,0,-0.00399351,0.0408664,0,0.00557017,3,4.9,-1.19256,2.00042,1,-0.499959,-0.00118278,0,-0.00163913,0.00502169,0,0.0134357,4,4.9,-0.00131595,0.488139,1,-0.0729433,-0.5,0,0.274718,1.78814e-06,0,0.0127493,5,4.9,2.99944,2.0029,1,0.00220127,-0.00128634,0,-0.00475347,-0.0184029,0,0.00847802,6,4.9,-2.99436,1.26941,1,-1.78814e-05,0.499987,0,-0.0181496,0.000521541,0,0.00745121,7,4.9,0.00220441,-1.21319,1,0.0140753,-0.486772,0,-0.00216216,-0.0871345,0,0.0184903,8,4.9,-0.264038,-1.99167,1,-0.48824,0.0218166,0,-0.170602,-0.041239,0,0.0134639,9,4.9,-2.15506,-2.86613,1,-0.468744,-0.329985,0,-0.305206,0.447214,0,0.00732188,10,4.9,-1.57565,-0.0529357,1,-0.486545,-0.462677,0,0.110537,-0.37413,0,0.0169586,11,4.9,-0.820104,-0.998006,1,0.464136,-0.0133803,0,-0.101469,0.0367612,0,0.0171495,12,4.9,2.99812,-1.00176,1,0.0251673,0.0013195,0,-0.214607,0.0108629,0,0.00715144,13,4.9,0.125272,3,1,0.5,0,0,-4.47035e-07,0,0,0.00886031,14,4.9,-1.07986,-2.15091,1,-0.316516,-0.5,0,-0.69578,0,0,0.0119075,15,4.9,1.19859,-1.00427,1,0.5,-0.0311902,0,-7.45058e-06,-0.179358,0,0.0153123,16,4.9,1.75827,-1.99937,1,-0.44179,-0.00383388,0,-0.340104,-0.00337511,0,0.0127973,17,4.9,0.999475,1.75629,1,-0.00246018,-0.457629,0,-0.00812113,-0.292599,0,0.0114674,18,4.9,-2.4839,0.172331,1,-0.499011,0.472521,0,0.0215173,0.320709,0,0.0090847,19,4.9,0.997595,2.71337,1,0.00412613,-0.49781,0,0.00310689,-0.0556856,0,0.0102971,20,4.9,-0.00142961,1.99726,1,0.000430709,-0.0889931,0,0.0109762,0.360295,0,0.012526,21,4.9,-2.00176,1.49165,1,0.0106342,-0.499889,0,0.206888,-0.00441074,0,0.0111194,22,4.9,-0.571143,-0.00501422,1,-0.499916,-0.0497746,0,0.00336394,0.226706,0,0.0111588,23,4.9,1.19699,-3,1,0.5,0,0,-7.45058e-06,0,0,0.00670528,24,4.9,2.21648,1.66363e-05,1,0.360871,0.000603907,0,0.82469,-0.00178488,0,0.0104638,25,4.9,0.974571,-1.73343,1,-0.104188,0.472843,0,-0.17168,0.235684,0,0.011827,26,4.9,2,2.99821,1,7.26432e-06,0.0243593,0,3.72529e-05,-0.210956,0,0.00869835,27,4.9,-3,2.98898,1,0,0.0773799,0,0,-0.354096,0,0.00535036,28,4.9,0.190089,-3,1,0.5,0,0,8.9407e-07,0,0,0.00741564,29,4.9,-0.530754,0.997212,1,0.499866,-0.0448302,0,0.00537187,0.21347,0,0.0101864,30,4.9,-1.4202,1.01206,1,0.497835,-0.00513662,0,-0.0448599,0.363506,0,0.0114549,31,4.9,-1.98644,2.9988,1,-0.0153398,0.00374503,0,-0.0818595,-0.0051707,0,0.0061941,32,4.9,1,0,1,0,0,0,0,0,0,0.0106976,33,4.9,3,1.00093,1,0,-0.0041144,0,0,0.00486523,0,0.00569391,34,4.9,2.00001,1.21135,1,-0.000308454,0.5,0,0.000864267,-7.45058e-06,0,0.0108599,35,4.9,1.23709,0.988299,1,0.455671,-0.0236244,0,0.450216,0.0300072,0,0.013554
0,5,-2.98807,-2.73448,1,-0.0723124,0.481308,0,0.288248,0.27132,0,0.00583975,1,5,-2.11407,-2.00039,1,0.348628,-0.00152588,0,-0.471473,0.00965595,0,0.00860648,2,5,2.99969,-2.00213,1,0.00144243,-0.00766516,0,-0.00405312,0.0376701,0,0.00533432,3,5,-1.24256,2.00032,1,-0.500003,-0.000756979,0,5.96046e-05,0.00357628,0,0.0107176,4,5,-0.00731161,0.438139,1,-0.0477146,-0.5,0,0.230052,1.43051e-05,0,0.0127588,5,5,2.99964,2.00269,1,0.00171661,-0.00282526,0,-0.00488758,-0.0123978,0,0.00982012,6,5,-2.99444,1.31941,1,-0.00171065,0.500003,0,-0.0158548,-5.96046e-05,0,0.009614,7,5,0.00357502,-1.2623,1,0.0130971,-0.494912,0,-0.0165622,-0.0667572,0,0.0151294,8,5,-0.313468,-1.98971,1,-0.498125,0.0169784,0,-0.0375056,-0.0542402,0,0.0114807,9,5,-2.2032,-2.89687,1,-0.49141,-0.284487,0,-0.146627,0.459433,0,0.00804912,10,5,-1.62367,-0.100738,1,-0.472948,-0.490007,0,0.160635,-0.173744,0,0.0139211,11,5,-0.774212,-0.999165,1,0.453463,-0.00984818,0,-0.116885,0.0339746,0,0.0154677,12,5,2.99969,-1.00158,1,0.00745058,0.00219047,0,-0.141144,0.00673532,0,0.00640925,13,5,0.175272,3,1,0.5,0,0,-7.15256e-06,0,0,0.00810946,14,5,-1.11488,-2.20091,1,-0.382301,-0.5,0,-0.606596,0,0,0.0123339,15,5,1.24859,-1.00844,1,0.500003,-0.0537217,0,-5.96046e-05,-0.274837,0,0.0127215,16,5,1.7125,-1.99977,1,-0.472119,-0.00391304,0,-0.254869,0.00166893,0,0.011442,17,5,0.99919,1.70921,1,-0.00321269,-0.482529,0,-0.00670552,-0.197411,0,0.0109628,18,5,-2.53364,0.220825,1,-0.49538,0.494001,0,0.0523329,0.119984,0,0.00878994,19,5,0.998017,2.66343,1,0.00427067,-0.500005,0,-0.000119209,0.000119209,0,0.01003,20,5,-0.00133788,1.99007,1,0.0013433,-0.0558764,0,0.00734488,0.3016,0,0.0145483,21,5,-1.99945,1.44165,1,0.0375122,-0.500003,0,0.317514,5.96046e-05,0,0.0111199,22,5,-0.621091,-0.00893285,1,-0.498654,-0.0293307,0,0.0269711,0.182741,0,0.0142473,23,5,1.24699,-3,1,0.500003,0,0,-5.96046e-05,0,0,0.0066509,24,5,2.25629,6.84284e-05,1,0.431132,0.000435236,0,0.573277,-0.00158696,0,0.00957863,25,5,0.963487,-1.68514,1,-0.115545,0.491095,0,-0.0548959,0.127673,0,0.0103404,26,5,2,2.99972,1,1.19209e-05,0.00697374,0,-0.000119209,-0.138402,0,0.00859228,27,5,-3,2.99508,1,0,0.045836,0,0,-0.276327,0,0.00508409,28,5,0.240089,-3,1,0.5,0,0,7.15256e-06,0,0,0.00652032,29,5,-0.480756,0.993717,1,0.5,-0.0258446,0,-1.43051e-05,0.167131,0,0.0128001,30,5,-1.37073,1.01383,1,0.490767,0.0448167,0,-0.0975728,0.612736,0,0.0136117,31,5,-1.98832,2.99915,1,-0.021565,0.00317097,0,-0.0438094,-0.00619888,0,0.00609476,32,5,1,0,1,0,0,0,0,0,0,0.0104717,33,5,3,1.00055,1,0,-0.00355244,0,0,0.00625849,0,0.00579839,34,5,1.99998,1.26135,1,-0.000226498,0.500003,0,0.00077486,-5.96046e-05,0,0.0106219,35,5,1.28446,0.986122,1,0.487727,-0.0195712,0,0.201046,0.0496805,0,0.0154448
0,5.1,-2.99396,-2.68537,1,-0.0463307,0.49755,0,0.231236,0.07236,0,0.00583975,1,5.1,-2.08162,-2.00049,1,0.299798,-0.000671297,0,-0.500783,0.00748038,0,0.00860648,2,5.1,2.99981,-2.00272,1,0.00105128,-0.00415668,0,-0.00372529,0.0323355,0,0.00533432,3,5.1,-1.29256,2.00026,1,-0.5,-0.000458956,0,7.45058e-06,0.00241399,0,0.0107176,4,5.1,-0.0110124,0.388194,1,-0.0270766,-0.498259,0,0.18347,0.0386908,0,0.0127588,5,5.1,2.99978,2.00183,1,0.00124425,-0.0187764,0,-0.00450015,-0.279196,0,0.00982012,6,5.1,-2.99469,1.36941,1,-0.00311807,0.5,0,-0.0123084,-7.45058e-06,0,0.009614,7,5.1,0.00478563,-1.31204,1,0.0109691,-0.499244,0,-0.0253372,-0.0214651,0,0.0151294,8,5.1,-0.363396,-1.9879,1,-0.499883,0.0229808,0,-0.00468463,0.162087,0,0.0114807,9,5.1,-2.25283,-2.92302,1,-0.499148,-0.238678,0,-0.0277609,0.453815,0,0.00804912,10,5.1,-1.67007,-0.150308,1,-0.454175,-0.499049,0,0.213355,-0.0315139,0,0.0139211,11,5.1,-0.729032,-0.999991,1,0.453601,-0.00677137,0,0.0926852,0.0276677,0,0.0154677,12,5.1,2.99983,-1.00133,1,-0.0035014,0.00267923,0,-0.0806898,0.00315905,0,0.00640925,13,5.1,0.225272,3,1,0.5,0,0,0,0,0,0.00810946,14,5.1,-1.15595,-2.25091,1,-0.436898,-0.5,0,-0.472575,0,0,0.0123339,15,5.1,1.29859,-1.01536,1,0.5,-0.0867445,0,-7.45058e-06,-0.391826,0,0.0127215,16,5.1,1.66423,-2.00014,1,-0.491142,-0.00359435,0,-0.127152,0.0045523,0,0.011442,17,5.1,0.998848,1.66017,1,-0.00352124,-0.49629,0,0.000182539,-0.0807494,0,0.0109628,18,5.1,-2.58283,0.270593,1,-0.487599,0.499625,0,0.103325,0.0149944,0,0.00878994,19,5.1,0.99844,2.61343,1,0.00414066,-0.5,0,-0.00236928,1.49012e-05,0,0.01003,20,5.1,-0.00117237,1.98588,1,0.0019139,-0.0287971,0,0.00416458,0.240318,0,0.0145483,21,5.1,-1.99377,1.3917,1,0.078986,-0.498486,0,0.493027,0.0343546,0,0.0111199,22,5.1,-0.670918,-0.0110301,1,-0.498543,-0.0133649,0,-0.0130348,0.137747,0,0.0142473,23,5.1,1.29699,-3,1,0.5,0,0,-7.45058e-06,0,0,0.0066509,24,5.1,2.30181,0.00010438,1,0.474986,0.000287421,0,0.30899,-0.00136939,0,0.00957863,25,5.1,0.951729,-1.63557,1,-0.118578,0.498746,0,0.00622496,0.0348836,0,0.0103404,26,5.1,2,2.99983,1,1.86265e-06,-0.00374541,0,-7.45058e-05,-0.0787377,0,0.00859228,27,5.1,-3,2.99841,1,0,0.022161,0,0,-0.197977,0,0.00508409,28,5.1,0.290089,-3,1,0.5,0,0,-2.68221e-06,0,0,0.00652032,29,5.1,-0.430758,0.991894,1,0.499924,-0.0113061,0,-0.00303417,0.124723,0,0.0128001,30,5.1,-1.32231,1.02213,1,0.475864,0.126664,0,-0.196926,0.951596,0,0.0136117,31,5.1,-1.99064,2.99943,1,-0.0243653,0.00252873,0,-0.0135154,-0.00652671,0,0.00609476,32,5.1,1,0,1,0,0,0,0,0,0,0.0104717,33,5.1,2.99948,1.00023,1,-0.014979,-0.00289306,0,-0.271991,0.00682473,0,0.00579839,34,5.1,1.99996,1.31135,1,-0.000154413,0.5,0,0.000663102,-7.45058e-06,0,0.0106219,35,5.1,1.33392,0.983746,1,0.498677,-0.0340707,0,0.0417829,-0.317488,0,0.0154448
0,5.2,-2.99753,-2.63544,1,-0.0260413,0.5,0,0.174642,0,0,0.00649488,1,5.2,-2.05416,-2.00053,1,0.249285,-2.98023e-05,0,-0.505686,0.00560284,0,0.00865777,2,5.2,2.9999,-2.00298,1,0.000697374,-0.00122786,0,-0.00309944,0.026226,0,0.00547128,3,5.2,-1.34256,2.00023,1,-0.500003,-0.00026226,0,5.96046e-05,0.00143051,0,0.00998081,4,5.2,-0.0128746,0.338652,1,-0.0108677,-0.491599,0,0.141474,0.097245,0,0.0108386,5,5.2,2.99989,1.9983,1,0.000822544,-0.0537813,0,-0.0038147,-0.39947,0,0.0110699,6,5.2,-2.99506,1.41941,1,-0.00417829,0.500003,0,-0.0089407,-5.96046e-05,0,0.00906374,7,5.2,0.00574596,-1.36202,1,0.00815332,-0.500003,0,-0.0304026,5.96046e-05,0,0.0116064,8,5.2,-0.413393,-1.98452,1,-0.5,0.0470817,0,1.43051e-05,0.308931,0,0.0135813,9,5.2,-2.30281,-2.94465,1,-0.5,-0.194257,0,0,0.432014,0,0.00713468,10,5.2,-1.71434,-0.200286,1,-0.430563,-0.5,0,0.257492,0,0,0.0139196,11,5.2,-0.683042,-1.00054,1,0.46739,-0.00429153,0,0.163972,0.0220537,0,0.017158,12,5.2,2.99916,-1.00105,1,-0.00920892,0.0028491,0,-0.0357628,0.000298023,0,0.00579028,13,5.2,0.275272,3,1,0.5,0,0,-1.43051e-05,0,0,0.00772354,14,5.2,-1.20171,-2.30091,1,-0.475189,-0.5,0,-0.289679,0,0,0.0108756,15,5.2,1.34859,-1.02623,1,0.500003,-0.132787,0,-5.96046e-05,-0.529766,0,0.0138696,16,5.2,1.61467,-2.00048,1,-0.498542,-0.0030458,0,-0.0291467,0.00655651,0,0.0106569,17,5.2,0.998506,1.61029,1,-0.00324249,-0.499925,0,0.00503659,-0.00149012,0,0.0121752,18,5.2,-2.63099,0.320585,1,-0.474733,0.5,0,0.153899,-1.43051e-05,0,0.00945808,19,5.2,0.998839,2.56343,1,0.00381768,-0.5,0,-0.00399351,0,0,0.0090866,20,5.2,-0.00096473,1.98411,1,0.00219546,-0.0077188,0,0.0015616,0.181913,0,0.0114249,21,5.2,-1.98325,1.34211,1,0.132644,-0.492433,0,0.564396,0.089705,0,0.0114229,22,5.2,-0.720837,-0.0117443,1,-0.499696,-0.0015554,0,-0.00607967,0.0995295,0,0.0164404,23,5.2,1.34699,-3,1,0.500003,0,0,-5.96046e-05,0,0,0.00745317,24,5.2,2.35048,0.000126636,1,0.494868,0.000161294,0,0.102639,-0.00115372,0,0.00813471,25,5.2,0.940084,-1.58561,1,-0.112318,0.5,0,0.126779,0,0,0.0108783,26,5.2,2,2.99914,1,0,-0.00929236,0,-0.000119209,-0.0344515,0,0.00658644,27,5.2,-3,2.99976,1,0,0.00597835,0,0,-0.127435,0,0.00532481,28,5.2,0.340089,-3,1,0.5,0,0,-1.43051e-05,0,0,0.00647741,29,5.2,-0.380805,0.991325,1,0.498786,-0.000688434,0,-0.0242591,0.0886321,0,0.00954257,30,5.2,-1.27585,1.0397,1,0.452065,0.225455,0,-0.275671,0.999987,0,0.0130198,31,5.2,-1.9931,2.99965,1,-0.0245184,0.00188947,0,0.00923872,-0.00631809,0,0.00511087,32,5.2,1,0,1,0,0,0,0,0,0,0.0091205,33,5.2,2.99636,0.999971,1,-0.0494897,-0.00220686,0,-0.396848,0.00682473,0,0.0080773,34,5.2,1.99995,1.36135,1,-9.23872e-05,0.500003,0,0.000596046,-5.96046e-05,0,0.00941229,35,5.2,1.38388,0.978299,1,0.500003,-0.0788912,0,-5.96046e-05,-0.55936,0,0.0139383
0,5.3,-2.99935,-2.58544,1,-0.0112731,0.5,0,0.121966,0,0,0.00649488,1,5.3,-2.03174,-2.00051,1,0.199451,0.000433996,0,-0.487655,0.00371039,0,0.00865777,2,5.3,2.99996,-2.00299,1,0.000416487,0.00106543,0,-0.0025034,0.0196695,0,0.00547128,3,5.3,-1.39256,2.00021,1,-0.5,-0.000150129,0,7.45058e-06,0.000849366,0,0.00998081,4,5.3,-0.0133178,0.290089,1,0.0013835,-0.478507,0,0.10429,0.16653,0,0.0108386,5,5.3,2.99995,1.99069,1,0.000477955,-0.100339,0,-0.00305474,-0.512473,0,0.0110699,6,5.3,-2.99551,1.46941,1,-0.00491515,0.5,0,-0.00584126,-7.45058e-06,0,0.00906374,7,5.3,0.00612837,-1.41202,1,-0.00307766,-0.5,0,-0.184852,7.45058e-06,0,0.0116064,8,5.3,-0.463393,-1.97743,1,-0.5,0.101823,0,1.78814e-06,0.739835,0,0.0135813,9,5.3,-2.35281,-2.96197,1,-0.5,-0.152662,0,0,0.397906,0,0.00713468,10,5.3,-1.75603,-0.250286,1,-0.402455,-0.5,0,0.302449,8.9407e-07,0,0.0139196,11,5.3,-0.635505,-1.00087,1,0.482897,-0.00234917,0,0.138264,0.0169277,0,0.017158,12,5.3,2.99812,-1.00077,1,-0.0111554,0.00276882,0,-0.0051111,-0.00179559,0,0.00579028,13,5.3,0.325272,3,1,0.5,0,0,0,0,0,0.00772354,14,5.3,-1.25035,-2.35091,1,-0.494699,-0.5,0,-0.110544,0,0,0.0108756,15,5.3,1.39859,-1.04268,1,0.5,-0.200699,0,-7.45058e-06,-0.792399,0,0.0138696,16,5.3,1.56472,-2.00075,1,-0.499908,-0.00236109,0,-0.00364333,0.00706315,0,0.0106569,17,5.3,0.998211,1.56029,1,-0.00261301,-0.499995,0,0.0073649,-0.000186265,0,0.0121752,18,5.3,-2.67761,0.370585,1,-0.456845,0.5,0,0.203416,0,0,0.00945808,19,5.3,0.999199,2.51343,1,0.00336552,-0.5,0,-0.00497326,0,0,0.0090866,20,5.3,-0.000740989,1.98415,1,0.00224574,0.00770483,0,-0.000457055,0.127725,0,0.0114249,21,5.3,-1.967,1.29347,1,0.193513,-0.47865,0,0.64069,0.183687,0,0.0114229,22,5.3,-0.770825,-0.0114569,1,-0.499981,0.00678011,0,-0.00076741,0.0681292,0,0.0164404,23,5.3,1.39699,-3,1,0.5,0,0,-7.45058e-06,0,0,0.00745317,24,5.3,2.40028,0.000137402,1,0.499679,5.7982e-05,0,0.0128299,-0.00091642,0,0.00813471,25,5.3,0.929756,-1.53583,1,-0.0912654,0.493816,0,0.304725,-0.108913,0,0.0108783,26,5.3,2,2.9981,1,-9.68575e-06,-0.0111345,0,-5.96046e-05,-0.00427663,0,0.00658644,27,5.3,-3,2.99982,1,0,-0.0038635,0,0,-0.0719577,0,0.00532481,28,5.3,0.390089,-3,1,0.5,0,0,0,0,0,0.00647741,29,5.3,-0.331125,0.991647,1,0.493914,0.0066367,0,-0.0780094,0.0587888,0,0.00954257,30,5.3,-1.23214,1.06721,1,0.421149,0.324106,0,-0.33927,0.954345,0,0.0130198,31,5.3,-1.99548,2.99981,1,-0.0227595,0.0012923,0,0.0248626,-0.00555813,0,0.00511087,32,5.3,1,0,1,0,0,0,0,0,0,0.0091205,33,5.3,2.98897,0.999784,1,-0.102121,-0.00154013,0,-0.626504,0.00673905,0,0.0080773,34,5.3,1.99994,1.41135,1,-3.91155e-05,0.5,0,0.000461936,-7.45058e-06,0,0.00941229,35,5.3,1.43388,0.96676,1,0.5,-0.158236,0,-7.45058e-06,-0.944924,0,0.0139383
0,5.4,-2.99994,-2.53544,1,-0.00137687,0.5,0,0.0772476,0,0,0.00760179,1,5.4,-2.01418,-2.00045,1,0.152355,0.000727177,0,-0.451803,0.00214577,0,0.00851993,2,5.4,2.99999,-2.00279,1,0.000202656,0.00271797,0,-0.00190735,0.0134706,0,0.00548896,3,5.4,-1.44256,2.0002,1,-0.500003,-9.53674e-05,0,5.96046e-05,0.000476837,0,0.00975501,4,5.4,-0.0127144,0.243198,1,0.0101392,-0.458024,0,0.071574,0.24388,0,0.00945181,5,5.4,2.99999,1.97804,1,0.000220537,-0.152835,0,-0.00226498,-0.522316,0,0.00671622,6,5.4,-2.99603,1.51941,1,-0.0053525,0.500003,0,-0.00309944,-5.96046e-05,0,0.00907273,7,5.4,0.00470656,-1.46202,1,-0.027045,-0.500003,0,-0.286136,5.96046e-05,0,0.0116719,8,5.4,-0.513393,-1.96315,1,-0.500001,0.186786,0,2.98023e-05,0.922859,0,0.0149387,9,5.4,-2.40281,-2.97531,1,-0.5,-0.115019,0,0,0.353336,0,0.00672269,10,5.4,-1.79471,-0.300286,1,-0.370499,-0.5,0,0.33462,1.43051e-05,0,0.0157742,11,5.4,-0.586613,-1.00103,1,0.493994,-0.000879169,0,0.0811219,0.0124574,0,0.0139068,12,5.4,2.99701,-1.00051,1,-0.0105798,0.00251532,0,0.0149012,-0.00327826,0,0.00696821,13,5.4,0.375272,3,1,0.5,0,0,-1.43051e-05,0,0,0.00535915,14,5.4,-1.30016,-2.40091,1,-0.499752,-0.5,0,-0.00494719,0,0,0.00973236,15,5.4,1.44859,-1.0669,1,0.500003,-0.284734,0,-5.96046e-05,-0.858903,0,0.0129995,16,5.4,1.51472,-2.00095,1,-0.500003,-0.00164509,0,5.96046e-05,0.00691414,0,0.00975117,17,5.4,0.997989,1.51029,1,-0.00180453,-0.500003,0,0.00867248,5.96046e-05,0,0.00974125,18,5.4,-2.7222,0.420585,1,-0.434154,0.5,0,0.249863,-1.43051e-05,0,0.00935516,19,5.4,0.99951,2.46343,1,0.00283867,-0.5,0,-0.00545382,0,0,0.00793027,20,5.4,-0.00052135,1.98548,1,0.00212278,0.0180632,0,-0.00191371,0.0807047,0,0.0110167,21,5.4,-1.94441,1.24667,1,0.258511,-0.456151,0,0.648916,0.263989,0,0.0102068,22,5.4,-0.820824,-0.0104837,1,-0.5,0.0122526,0,-2.98023e-05,0.0421945,0,0.015578,23,5.4,1.44699,-3,1,0.500003,0,0,-5.96046e-05,0,0,0.00684958,24,5.4,2.45027,0.000138984,1,0.5,-2.27661e-05,0,0,-0.000702421,0,0.00772097,25,5.4,0.922509,-1.48707,1,-0.0500068,0.480732,0,0.523567,-0.142336,0,0.0115106,26,5.4,2,2.997,1,-1.19209e-05,-0.0105023,0,-5.96046e-05,0.015378,0,0.00601563,27,5.4,-3,2.99915,1,0,-0.00889897,0,0,-0.0308752,0,0.00482902,28,5.4,0.440089,-3,1,0.5,0,0,-1.43051e-05,0,0,0.00777686,29,5.4,-0.282245,0.992562,1,0.482395,0.0112459,0,-0.155457,0.0342429,0,0.0101348,30,5.4,-1.1918,1.10413,1,0.384858,0.410491,0,-0.383615,0.733733,0,0.0127982,31,5.4,-1.99761,2.99991,1,-0.019744,0.000786781,0,0.0345707,-0.00464916,0,0.00722471,32,5.4,1,0,1,0,0,0,0,0,0,0.0105187,33,5.4,2.97544,0.999665,1,-0.169522,-0.000819564,0,-0.69809,0.00780821,0,0.00959652,34,5.4,1.99994,1.46135,1,2.98023e-06,0.500003,0,0.000298023,-5.96046e-05,0,0.00881392,35,5.4,1.48388,0.946046,1,0.500003,-0.256859,0,-5.96046e-05,-1.00002,0,0.0138204
0,5.5,-2.99976,-2.48544,1,0.00453889,0.5,0,0.0425875,0,0,0.00760179,1,5.5,-2.00112,-2.00037,1,0.109643,0.000875816,0,-0.400864,0.000879169,0,0.00851993,2,5.5,3,-2.00246,1,4.84288e-05,0.00377633,0,-0.00119209,0.00785291,0,0.00548896,3,5.5,-1.49256,2.00019,1,-0.5,-6.51926e-05,0,7.45058e-06,0.00013411,0,0.00975501,4,5.5,-0.0113933,0.198778,1,0.0158002,-0.428829,0,0.0425961,0.336424,0,0.00945181,5,5.5,3,1.96008,1,3.94881e-05,-0.206648,0,-0.00137091,-0.538729,0,0.00671622,6,5.5,-2.99658,1.56941,1,-0.00551417,0.499923,0,-0.000238419,-0.00306964,0,0.00907273,7,5.5,0.000423576,-1.51202,1,-0.0601374,-0.499823,0,-0.377247,0.00543892,0,0.0116719,8,5.5,-0.563269,-1.93972,1,-0.496307,0.282454,0,0.0726208,0.964187,0,0.0149387,9,5.5,-2.45281,-2.98513,1,-0.5,-0.0822145,0,0,0.301823,0,0.00672269,10,5.5,-1.83005,-0.350286,1,-0.335973,-0.5,0,0.354171,0,0,0.0157742,11,5.5,-0.536909,-1.00106,1,0.499137,0.000177883,0,0.0247657,0.00879914,0,0.0139068,12,5.5,2.99605,-1.00027,1,-0.00848584,0.00214446,0,0.0258237,-0.00404567,0,0.00696821,13,5.5,0.425272,3,1,0.5,0,0,0,0,0,0.00535915,14,5.5,-1.35015,-2.45091,1,-0.499984,-0.5,0,-0.000618398,0,0,0.00973236,15,5.5,1.49854,-1.09957,1,0.498611,-0.367089,0,-0.0290424,-0.762492,0,0.0129995,16,5.5,1.46472,-2.00108,1,-0.5,-0.000966713,0,7.45058e-06,0.00660121,0,0.00975117,17,5.5,0.997853,1.46029,1,-0.00091726,-0.5,0,0.00894442,7.45058e-06,0,0.00974125,18,5.5,-2.76427,0.470585,1,-0.406346,0.5,0,0.303954,1.78814e-06,0,0.00935516,19,5.5,0.999766,2.41344,1,0.00229133,-0.499642,0,-0.0054501,0.0111312,0,0.00793027,20,5.5,-0.00032038,1.98762,1,0.00188118,0.0240907,0,-0.00284067,0.0412613,0,0.0110167,21,5.5,-1.91518,1.20254,1,0.32686,-0.424759,0,0.692129,0.358723,0,0.0102068,22,5.5,-0.870824,-0.00908244,1,-0.5,0.0154399,0,0,0.0222575,0,0.015578,23,5.5,1.49699,-3,1,0.5,0,0,-7.45058e-06,0,0,0.00684958,24,5.5,2.50027,0.000133524,1,0.5,-8.3251e-05,0,0,-0.000511056,0,0.00772097,25,5.5,0.920863,-1.43979,1,0.0232141,0.464167,0,0.891946,-0.181571,0,0.0115106,26,5.5,2,2.99604,1,-1.546e-05,-0.00837743,0,-2.23517e-05,0.0259876,0,0.00601563,27,5.5,-3,2.99815,1,0,-0.0105031,0,0,-0.00301003,0,0.00482902,28,5.5,0.490089,-3,1,0.5,0,0,5.66244e-06,0,0,0.00777686,29,5.5,-0.234973,0.993822,1,0.461219,0.0136438,0,-0.265142,0.0145547,0,0.0101348,30,5.5,-1.15528,1.14829,1,0.345154,0.467248,0,-0.407957,0.404097,0,0.0127982,31,5.5,-1.9994,2.99997,1,-0.0160357,0.000388548,0,0.0388846,-0.00335276,0,0.00722471,32,5.5,1,0,1,0,0,0,0,0,0,0.0105187,33,5.5,2.95477,0.999645,1,-0.245534,0.000653882,0,-0.796586,0.020992,0,0.00959652,34,5.5,1.99994,1.51135,1,2.92435e-05,0.5,0,0.000230968,-7.45058e-06,0,0.00881392,35,5.5,1.5338,0.915515,1,0.497356,-0.351519,0,-0.0527874,-0.866722,0,0.0138204
0,5.6,-2.99914,-2.43544,1,0.00742674,0.5,0,0.0163317,0,0,0.0083147,1,5.6,-1.99207,-2.00027,1,0.0724345,0.000911951,0,-0.342369,0,0,0.00855818,2,5.6,3,-2.00205,1,-4.17233e-05,0.00432134,0,-0.000715256,0.00309944,0,0.00540398,3,5.6,-1.54256,2.00018,1,-0.500003,-7.15256e-05,0,5.96046e-05,0.000119209,0,0.00928338,4,5.6,-0.00964162,0.157705,1,0.0188416,-0.391456,0,0.0191117,0.407473,0,0.0107512,5,5.6,3,1.9368,1,-6.55651e-05,-0.257909,0,-0.000715256,-0.47487,0,0.00642752,6,5.6,-2.99712,1.61936,1,-0.00541806,0.498775,0,0.00202656,-0.0244975,0,0.0079866,7,5.6,-0.00763331,-1.56195,1,-0.102552,-0.498483,0,-0.470074,0.0237226,0,0.0140728,8,5.6,-0.612425,-1.90681,1,-0.485726,0.373441,0,0.137746,0.8201,0,0.0121251,9,5.6,-2.50281,-2.99194,1,-0.5,-0.0547826,0,0,0.246286,0,0.00592402,10,5.6,-1.86185,-0.400286,1,-0.299999,-0.5,0,0.363708,1.43051e-05,0,0.0120921,11,5.6,-0.486931,-1.001,1,0.5,0.00090003,0,-1.43051e-05,0.00572205,0,0.0120523,12,5.6,2.99534,-1.00008,1,-0.00562668,0.00171661,0,0.0305176,-0.00429153,0,0.00630583,13,5.6,0.475272,3,1,0.5,0,0,-1.43051e-05,0,0,0.00604558,14,5.6,-1.40015,-2.50091,1,-0.500003,-0.5,0,5.96046e-05,0,0,0.00866006,15,5.6,1.5482,-1.13977,1,0.493971,-0.433397,0,-0.0647902,-0.550926,0,0.011895,16,5.6,1.41472,-2.00114,1,-0.500003,-0.000333786,0,5.96046e-05,0.00596046,0,0.0103661,17,5.6,0.997805,1.41029,1,-3.72529e-05,-0.500003,0,0.00852346,5.96046e-05,0,0.0101486,18,5.6,-2.80331,0.520585,1,-0.373816,0.5,0,0.344276,2.98023e-05,0,0.0105591,19,5.6,0.999968,2.36359,1,0.00175536,-0.496805,0,-0.0051856,0.0510216,0,0.00870236,20,5.6,-0.00014746,1.99018,1,0.0015689,0.0265896,0,-0.00334003,0.0101328,0,0.0117541,21,5.6,-1.87913,1.16198,1,0.392619,-0.385383,0,0.605702,0.424206,0,0.0100297,22,5.6,-0.920824,-0.00745525,1,-0.5,0.0168393,0,-2.98023e-05,0.00637468,0,0.0139151,23,5.6,1.54699,-3,1,0.500003,0,0,-5.96046e-05,0,0,0.00615888,24,5.6,2.55027,0.000122934,1,0.5,-0.00012573,0,0,-0.000342279,0,0.00745057,25,5.6,0.92792,-1.3943,1,0.119704,0.445592,0,0.999987,-0.185549,0,0.0116906,26,5.6,2,2.99535,1,-1.49012e-05,-0.00551343,0,0,0.0305176,0,0.00553357,27,5.6,-3,2.99712,1,0,-0.00982285,0,0,0.0151396,0,0.00524749,28,5.6,0.540089,-3,1,0.5,0,0,2.98023e-05,0,0,0.00693654,29,5.6,-0.190337,0.995233,1,0.42997,0.0143155,0,-0.356688,-0.000417233,0,0.00863728,30,5.6,-1.12283,1.19654,1,0.303742,0.493297,0,-0.418127,0.134051,0,0.0119464,31,5.6,-2.00081,3,1,-0.0120938,0.000107288,0,0.0394583,-0.00202656,0,0.0062199,32,5.6,1,0,1,0,0,0,0,0,0,0.0107473,33,5.6,2.92625,0.999833,1,-0.32438,0.00324845,0,-0.761032,0.0302494,0,0.0111999,34,5.6,1.99994,1.56135,1,4.76837e-05,0.500003,0,0.000178814,-5.96046e-05,0,0.0086088,35,5.6,1.58318,0.876414,1,0.489479,-0.426313,0,-0.104547,-0.616729,0,0.0122217
0,5.7,-2.99834,-2.3855,1,0.00817291,0.498089,0,-0.000461936,-0.0418425,0,0.0083147,1,5.7,-1.98643,-2.00019,1,0.041372,0.000873208,0,-0.27892,-0.000715256,0,0.00855818,2,5.7,2.99999,-2.00161,1,-9.12696e-05,0.00443608,0,-0.000312924,-0.000625849,0,0.00540398,3,5.7,-1.59254,2.00018,1,-0.499444,-7.00355e-05,0,0.0164434,-8.9407e-05,0,0.00928338,4,5.7,-0.00769375,0.12068,1,0.0198167,-0.348282,0,0.00116173,0.45288,0,0.0107512,5,5.7,2.99999,1.90863,1,-0.000111014,-0.305268,0,-0.000208616,-0.462055,0,0.00642752,6,5.7,-2.99765,1.66904,1,-0.00511929,0.493874,0,0.0038445,-0.0783578,0,0.0079866,7,5.7,-0.0206698,-1.61154,1,-0.161839,-0.492108,0,-0.690172,0.102691,0,0.0140728,8,5.7,-0.660196,-1.86578,1,-0.468614,0.442551,0,0.202611,0.55135,0,0.0121251,9,5.7,-2.55281,-2.99628,1,-0.499978,-0.032977,0,0.000849366,0.190079,0,0.00592402,10,5.7,-1.89003,-0.450286,1,-0.263506,-0.5,0,0.364639,0,0,0.0120921,11,5.7,-0.436932,-1.00089,1,0.499951,0.00134259,0,-0.0019557,0.00321865,0,0.0120523,12,5.7,2.99493,-0.999929,1,-0.00256933,0.00128755,0,0.0300854,-0.00424311,0,0.00630583,13,5.7,0.525272,3,1,0.5,0,0,5.66244e-06,0,0,0.00604558,14,5.7,-1.45015,-2.55089,1,-0.5,-0.499157,0,7.45058e-06,0.0205785,0,0.00866006,15,5.7,1.59719,-1.18545,1,0.48481,-0.475942,0,-0.118017,-0.301458,0,0.011895,16,5.7,1.36483,-2.00115,1,-0.496788,0.000208244,0,0.066027,0.00487268,0,0.0103661,17,5.7,0.997842,1.36041,1,0.000747107,-0.496509,0,0.00713766,0.0711903,0,0.0101486,18,5.7,-2.83892,0.570583,1,-0.337954,0.499918,0,0.370994,-0.0032708,0,0.0105591,19,5.7,1.00012,2.31426,1,0.00125729,-0.488741,0,-0.00475347,0.113741,0,0.00870236,20,5.7,-7.58975e-06,1.99285,1,0.00122654,0.0263834,0,-0.00345899,-0.0129864,0,0.0117541,21,5.7,-1.83705,1.12562,1,0.446485,-0.341263,0,0.45564,0.454903,0,0.0100297,22,5.7,-0.970824,-0.00575907,1,-0.5,0.0169002,0,7.45058e-06,-0.00467676,0,0.0139151,23,5.7,1.59697,-3,1,0.499191,0,0,-0.0213757,0,0,0.00615888,24,5.7,2.60024,0.000108921,1,0.498855,-0.000151965,0,-0.0280589,-0.000187389,0,0.00745057,25,5.7,0.94489,-1.3507,1,0.219703,0.426264,0,1,-0.201136,0,0.0116906,26,5.7,2,2.99495,1,-1.37836e-05,-0.00246465,0,2.98023e-05,0.0299215,0,0.00553357,27,5.7,-3,2.99624,1,0,-0.0077717,0,0,0.0247955,0,0.00524749,28,5.7,0.590077,-3,1,0.499527,0,0,-0.0142418,0,0,0.00693654,29,5.7,-0.149243,0.996643,1,0.390798,0.0137229,0,-0.423836,-0.0108033,0,0.00863728,30,5.7,-1.09453,1.24628,1,0.262236,0.499581,0,-0.410549,0.0167564,0,0.0119464,31,5.7,-2.00183,3,1,-0.0082653,-4.91738e-05,0,0.0367612,-0.00116229,0,0.0062199,32,5.7,1,0,1,0,0,0,0,0,0,0.0107473,33,5.7,2.89015,1.00028,1,-0.395527,0.00546537,0,-0.642851,0.0147149,0,0.0111999,34,5.7,1.99995,1.61129,1,6.20261e-05,0.49829,0,0.000111759,-0.0381097,0,0.0086088,35,5.7,1.6315,0.831177,1,0.475986,-0.473687,0,-0.164092,-0.333298,0,0.0122217
0,5.8,-2.99755,-2.33599,1,0.00751019,0.491017,0,-0.0120401,-0.102282,0,0.00715253,1,5.8,-1.98358,-2.0001,1,0.0166118,0.00077486,0,-0.216782,-0.00119209,0,0.00901946,2,5.8,2.99998,-2.00118,1,-0.000107288,0.00422597,0,0,-0.00345707,0,0.00692306,3,5.8,-1.64234,2.00017,1,-0.495747,-8.34465e-05,0,0.06181,-0.000119209,0,0.00939264,4,5.8,-0.00573056,0.0881686,1,0.0192219,-0.301504,0,-0.0123505,0.479579,0,0.0107117,5,5.8,2.99998,1.87588,1,-0.000113249,-0.348496,0,0,-0.394523,0,0.00679176,6,5.8,-2.99814,1.71791,1,-0.00466108,0.482318,0,0.005126,-0.155807,0,0.00795378,7,5.8,-0.0404925,-1.66012,1,-0.235967,-0.478178,0,-0.771696,0.174642,0,0.0150374,8,5.8,-0.70595,-1.81926,1,-0.445573,0.483131,0,0.256419,0.265241,0,0.0126676,9,5.8,-2.60279,-2.99871,1,-0.49966,-0.0166655,0,0.00667572,0.137091,0,0.00702065,10,5.8,-1.91457,-0.500286,1,-0.227353,-0.5,0,0.357091,-2.98023e-05,0,0.0145739,11,5.8,-0.386962,-1.00074,1,0.499218,0.00156462,0,-0.0156462,0.00119209,0,0.0127196,12,5.8,2.99482,-0.999821,1,0.000286102,0.000877678,0,0.0269413,-0.00393391,0,0.00612859,13,5.8,0.575272,3,1,0.5,0,0,2.98023e-05,0,0,0.00731938,14,5.8,-1.50015,-2.60064,1,-0.500003,-0.495219,0,5.96046e-05,0.0609159,0,0.00927798,15,5.8,1.64499,-1.23418,1,0.470462,-0.495175,0,-0.168383,-0.0964999,0,0.0125045,16,5.8,1.3156,-2.00111,1,-0.486517,0.00064373,0,0.14025,0.00369549,0,0.0106967,17,5.8,0.99795,1.31124,1,0.0013873,-0.485557,0,0.00563264,0.148475,0,0.0104988,18,5.8,-2.87083,0.620533,1,-0.300002,0.498693,0,0.386119,-0.0261664,0,0.00905054,19,5.8,1.00022,2.26608,1,0.000810623,-0.473505,0,-0.00423193,0.193,0,0.00876942,20,5.8,9.79045e-05,1.99539,1,0.000885653,0.0242323,0,-0.00332154,-0.0288486,0,0.0131679,21,5.8,-1.79046,1.0938,1,0.481912,-0.295022,0,0.250638,0.467062,0,0.0119563,22,5.8,-1.02082,-0.00410737,1,-0.500003,0.0159953,0,5.96046e-05,-0.0129852,0,0.0142949,23,5.8,1.64671,-3,1,0.49482,0,0,-0.0699162,0,0,0.00643087,24,5.8,2.6499,9.30089e-05,1,0.493497,-0.000164167,0,-0.0829697,-6.12781e-05,0,0.0076228,25,5.8,0.971861,-1.3091,1,0.319703,0.40535,0,1.00002,-0.21708,0,0.0135713,26,5.8,1.99999,2.99485,1,-1.19209e-05,0.000375509,0,5.96046e-05,0.0264645,0,0.00542587,27,5.8,-3,2.99559,1,0,-0.00505447,0,0,0.0287294,0,0.00509617,28,5.8,0.639899,-3,1,0.496188,0,0,-0.0574291,0,0,0.00690983,29,5.8,-0.112371,0.997949,1,0.345813,0.0122711,0,-0.472665,-0.017643,0,0.0093085,30,5.8,-1.07034,1.29627,1,0.221908,0.500003,0,-0.394702,-5.96046e-05,0,0.0140795,31,5.8,-2.00248,2.99999,1,-0.00480413,-0.000137091,0,0.0323057,-0.000357628,0,0.00686072,32,5.8,1,0,1,0,0,0,0,0,0,0.0113878,33,5.8,2.8477,1.00088,1,-0.450224,0.00631213,0,-0.442982,0.00274181,0,0.0100531,34,5.8,1.99996,1.66084,1,6.85453e-05,0.491706,0,5.96046e-05,-0.0962615,0,0.0087821,35,5.8,1.67819,0.782561,1,0.456902,-0.494787,0,-0.216365,-0.104249,0,0.0133659
0,5.9,-2.99687,-2.28751,1,0.00593737,0.477382,0,-0.0187457,-0.172198,0,0.00715253,1,5.9,-1.98291,-2.00003,1,-0.00205431,0.000641868,0,-0.157602,-0.00143051,0,0.00901946,2,5.9,2.99997,-2.00077,1,-9.87202e-05,0.0037834,0,0.000163913,-0.00527501,0,0.00692306,3,5.9,-1.69151,2.00016,1,-0.486491,-9.98378e-05,0,0.126421,-0.000178814,0,0.00939264,4,5.9,-0.00388709,0.0599864,1,0.0174943,-0.265997,0,-0.0215512,0.247929,0,0.0107117,5,5.9,2.99996,1.83915,1,-9.16421e-05,-0.385292,0,0.00038743,-0.341907,0,0.00679176,6,5.9,-2.99858,1.76517,1,-0.0040967,0.461109,0,0.00606477,-0.265457,0,0.00795378,7,5.9,-0.0681595,-1.70692,1,-0.318427,-0.456406,0,-0.836563,0.257343,0,0.0150374,8,5.9,-0.749132,-1.77003,1,-0.417205,0.498044,0,0.308421,0.0602007,0,0.0126676,9,5.9,-2.65266,-2.99978,1,-0.496887,-0.00538975,0,0.0550747,0.0898838,0,0.00702065,10,5.9,-1.93554,-0.550286,1,-0.192428,-0.5,0,0.340439,0,0,0.0145739,11,5.9,-0.337043,-1.00058,1,0.49956,0.00161622,0,0.00977509,-0.000111759,0,0.0127196,12,5.9,2.99498,-0.999753,1,0.00270754,0.000509899,0,0.0213683,-0.00340864,0,0.00612859,13,5.9,0.625188,3,1,0.49742,0,0,-0.0543073,0,0,0.00731938,14,5.9,-1.55013,-2.64971,1,-0.499279,-0.484914,0,0.0179484,0.143856,0,0.00927798,15,5.9,1.69108,-1.28399,1,0.450323,-0.499698,0,-0.232182,-0.0120625,0,0.0125045,16,5.9,1.26729,-2.00102,1,-0.482733,0.000947341,0,-0.0376776,0.00242889,0,0.0106967,17,5.9,0.998114,1.26322,1,0.00186069,-0.476586,0,0.00387058,0.043869,0,0.0104988,18,5.9,-2.89888,0.670114,1,-0.260856,0.491368,0,0.394434,-0.119608,0,0.00905054,19,5.9,1.00028,2.21952,1,0.000429712,-0.458958,0,-0.00340492,0.108466,0,0.00876942,20,5.9,0.000170391,1.99765,1,0.000569899,0.0208365,0,-0.00297252,-0.0381395,0,0.0131679,21,5.9,-1.74134,1.06662,1,0.49748,-0.24862,0,0.0729933,0.458814,0,0.0119563,22,5.9,-1.07082,-0.00258237,1,-0.5,0.014417,0,7.45058e-06,-0.0182465,0,0.0142949,23,5.9,1.69608,-3,1,0.494454,0,0,0.0367314,0,0,0.00643087,24,5.9,2.69873,7.64574e-05,1,0.481758,-0.000165247,0,-0.154391,3.56754e-05,0,0.0076228,25,5.9,1.00847,-1.2697,1,0.408192,0.382194,0,0.748817,-0.244953,0,0.0135713,26,5.9,1.99999,2.99451,1,-6.14673e-06,-0.0114258,0,5.21541e-05,-0.236526,0,0.00542587,27,5.9,-3,2.99523,1,0,-0.00219047,0,0,0.028044,0,0.00509617,28,5.9,0.68938,-3,1,0.494637,0,0,0.0152551,0,0,0.00690983,29,5.9,-0.0802105,0.99908,1,0.296939,0.0103015,0,-0.500521,-0.0213012,0,0.0093085,30,5.9,-1.05008,1.34627,1,0.183662,0.5,0,-0.369377,-7.45058e-06,0,0.0140795,31,5.9,-2.0028,2.99997,1,-0.00186041,-0.000153482,0,0.0264943,2.98023e-05,0,0.00686072,32,5.9,0.999477,1.56453e-11,1,-0.014973,-2.59492e-09,0,-0.271905,-1.71266e-07,0,0.0113878,33,5.9,2.80083,1.00151,1,-0.483555,0.00619981,0,-0.226289,-0.00461191,0,0.0100531,34,5.9,1.99951,1.70942,1,-0.0129903,0.478719,0,-0.239871,-0.165433,0,0.0087821,35,5.9,1.7227,0.732763,1,0.432279,-0.499674,0,-0.273712,-0.0130385,0,0.0133659
0,6,-2.99638,-2.24076,1,0.00388026,0.456345,0,-0.0215769,-0.249386,0,0.00752567,1,6,-1.98381,-1.99997,1,-0.0151336,0.000494719,0,-0.105083,-0.00149012,0,0.00816627,2,6,2.99996,-2.00042,1,-7.15256e-05,0.00320077,0,0.000119209,-0.00619888,0,0.00660831,3,6,-1.7394,2.00015,1,-0.469986,-0.00012517,0,0.205338,-0.000119209,0,0.011464,4,6,-0.00225612,0.0343624,1,0.0150325,-0.248761,0,-0.0271269,0.110997,0,0.0138803,5,6,2.99996,1.799,1,-4.17233e-05,-0.416949,0,0.000596046,-0.291526,0,0.00738615,6,6,-2.99896,1.8098,1,-0.00346303,0.429833,0,0.00655651,-0.356913,0,0.00747111,7,6,-0.104026,-1.75116,1,-0.396634,-0.427371,0,-0.702072,0.320196,0,0.0116551,8,6,-0.789243,-1.72008,1,-0.384375,0.500003,0,0.345856,-5.96046e-05,0,0.012724,9,6,-2.70195,-2.99994,1,-0.487608,0.00161529,0,0.134587,0.0520945,0,0.00757766,10,6,-1.95312,-0.600286,1,-0.159445,-0.5,0,0.318527,-2.98023e-05,0,0.0112943,11,6,-0.287056,-1.00042,1,0.5,0.0015527,0,-1.43051e-05,-0.00101328,0,0.0165933,12,6,2.99534,-0.999718,1,0.00453591,0.000201166,0,0.015378,-0.00283122,0,0.00633842,13,6,0.67455,3,1,0.488696,0,0,-0.121921,0,0,0.00731773,14,6,-1.59992,-2.69736,1,-0.495785,-0.466734,0,0.0547767,0.218272,0,0.00812342,15,6,1.73487,-1.33398,1,0.42446,-0.500003,0,-0.283122,5.96046e-05,0,0.0132438,16,6,1.21871,-2.00092,1,-0.489631,0.00113249,0,-0.0830293,0.00143051,0,0.0128848,17,6,0.998316,1.2157,1,0.00216663,-0.474441,0,0.00229478,0.00959635,0,0.0124455,18,6,-2.923,0.718503,1,-0.221562,0.474954,0,0.389338,-0.207543,0,0.0109658,19,6,1.00031,2.1741,1,0.00012815,-0.44992,0,-0.00268221,0.0808239,0,0.0117939,20,6,0.000213238,1.99954,1,0.000294599,0.0167727,0,-0.00252001,-0.0423193,0,0.0109366,21,6,-1.6914,1.04403,1,0.500003,-0.203654,0,-5.96046e-05,0.438571,0,0.0110984,22,6,-1.12082,-0.00123826,1,-0.500003,0.0124092,0,5.96046e-05,-0.021614,0,0.0144359,23,6,1.74573,-3,1,0.498432,0,0,0.031352,0,0,0.00713463,24,6,2.746,6.02434e-05,1,0.46224,-0.0001578,0,-0.237107,0.000109609,0,0.00671154,25,6,1.0525,-1.23275,1,0.46708,0.356576,0,0.426173,-0.266433,0,0.0117426,26,6,1.99999,2.99193,1,0,-0.0423014,0,5.96046e-05,-0.360489,0,0.00658493,27,6,-3,2.99515,1,0,0.000464916,0,0,0.0246763,0,0.00526096,28,6,0.738965,-3,1,0.497322,0,0,0.0303984,0,0,0.0067269,29,6,-0.0530348,1,1,0.246515,0.00808835,0,-0.504194,-0.0225306,0,0.00964523,30,6,-1.03351,1.39627,1,0.148186,0.500003,0,-0.339508,-5.96046e-05,0,0.0153477,31,6,-2.00287,2.99996,1,0.000488758,-0.000143051,0,0.0203848,0.000357628,0,0.00769108,32,6,0.996359,-2.19811e-09,1,-0.0494733,-5.49229e-08,0,-0.39658,-9.62623e-07,0,0.0137346,33,6,2.75165,1.0021,1,-0.497097,0.00546277,0,-0.0580549,-0.00989437,0,0.0100372,34,6,1.99676,1.75634,1,-0.044018,0.458342,0,-0.363231,-0.24277,0,0.011808,35,6,1.76448,0.68277,1,0.40262,-0.5,0,-0.317276,-2.98023e-05,0,0.0139772
0,6.1,-2.99565,-2.19654,1,0.0147309,0.42666,0,0.217631,-0.34067,0,0.00752567,1,6.1,-1.98577,-2.00045,1,-0.0233173,-0.0146318,0,-0.0600517,-0.273436,0,0.00816627,2,6.1,2.99995,-2.00014,1,-5.47618e-05,0.00255834,0,0.000193715,-0.00653416,0,0.00660831,3,6.1,-1.78516,1.99898,1,-0.443357,-0.0333136,0,0.321567,-0.608735,0,0.011464,4,6.1,-0.000906919,0.00960745,1,0.0117892,-0.250083,0,-0.0368745,-0.114212,0,0.0138803,5,6.1,2.99996,1.75571,1,7.45058e-06,-0.449339,0,0.00038743,-0.328436,0,0.00738615,6,6.1,-2.99927,1.85131,1,-0.0028044,0.403197,0,0.00655651,-0.192411,0,0.00747111,7,6.1,-0.146819,-1.79221,1,-0.455146,-0.393006,0,-0.459165,0.364304,0,0.0116551,8,6.1,-0.825908,-1.67008,1,-0.348543,0.5,0,0.368811,-7.45058e-06,0,0.012724,9,6.1,-2.74983,-2.99911,1,-0.468012,0.0184674,0,0.254497,0.264898,0,0.00757766,10,6.1,-1.96751,-0.650148,1,-0.128988,-0.49585,0,0.290208,0.0834838,0,0.0112943,11,6.1,-0.237056,-1.00027,1,0.5,0.00142232,0,1.78814e-06,-0.00156462,0,0.0165933,12,6.1,2.99586,-0.999711,1,0.00574626,-4.74043e-05,0,0.0089556,-0.00214949,0,0.00633842,13,6.1,0.72304,3,1,0.483028,0,0,-0.00572205,0,0,0.00731773,14,6.1,-1.64935,-2.7428,1,-0.49399,-0.440859,0,-0.0104979,0.295967,0,0.00812342,15,6.1,1.77536,-1.38398,1,0.380349,-0.5,0,-0.584111,7.45058e-06,0,0.0132438,16,6.1,1.16933,-2.0008,1,-0.497348,0.00123121,0,-0.0570044,0.000551343,0,0.0128848,17,6.1,0.998542,1.1682,1,0.00233566,-0.476343,0,0.00121072,-0.0372007,0,0.0124455,18,6.1,-2.94323,0.765171,1,-0.18329,0.4602,0,0.374138,-0.0996217,0,0.0109658,19,6.1,1.00031,2.12922,1,-0.000101514,-0.450166,0,-0.0019297,-0.0687689,0,0.0117939,20,6.1,0.000230937,2.00222,1,6.37776e-05,0.0475273,0,-0.00225269,0.598311,0,0.0109366,21,6.1,-1.6414,1.02536,1,0.5,-0.174238,0,-7.45058e-06,0.161588,0,0.0110984,22,6.1,-1.17082,-0.000106988,1,-0.5,0.0102046,0,7.45058e-06,-0.0223115,0,0.0144359,23,6.1,1.79567,-3,1,0.499902,0,0,0.00391901,0,0,0.00713463,24,6.1,2.79085,4.51084e-05,1,0.433222,-0.000144022,0,-0.339374,0.000162381,0,0.00671154,25,6.1,1.10083,-1.19845,1,0.494641,0.328992,0,0.140354,-0.284068,0,0.0117426,26,6.1,1.99999,2.98564,1,1.11759e-05,-0.0854429,0,0.00025332,-0.483319,0,0.00658493,27,6.1,-2.99948,2.99531,1,0.014979,0.00267811,0,0.271991,0.0194758,0,0.00526096,28,6.1,0.788824,-3,1,0.499543,0,0,0.0124909,0,0,0.0067269,29,6.1,-0.0314076,1.0007,1,0.18179,0.00586193,0,-0.759145,-0.0217482,0,0.00964523,30,6.1,-1.02033,1.44627,1,0.116137,0.5,0,-0.301428,-7.45058e-06,0,0.0153477,31,6.1,-2.00273,2.99942,1,0.0022199,-0.0150818,0,0.01432,-0.271574,0,0.00769108,32,6.1,0.989184,1.59404e-07,1,-0.0959557,7.1882e-06,0,-0.513662,0.000230733,0,0.0137346,33,6.1,2.70177,1.00259,1,-0.499818,0.00431538,0,-0.00725687,-0.0128001,0,0.0100372,34,6.1,1.99026,1.80079,1,-0.0884639,0.429252,0,-0.504889,-0.335313,0,0.011808,35,6.1,1.8031,0.63277,1,0.369285,-0.5,0,-0.34748,0,0,0.0139772
0,6.2,-2.99283,-2.1557,1,0.0435948,0.388932,0,0.342369,-0.410318,0,0.00722804,1,6.2,-1.98834,-2.00355,1,-0.0274301,-0.0492811,0,-0.023663,-0.39804,0,0.00900532,2,6.2,2.99995,-1.99991,1,-2.98023e-05,0.00190735,0,0.000238419,-0.0063777,0,0.00616627,3,6.2,-1.82774,1.99198,1,-0.406751,-0.111839,0,0.405371,-0.916302,0,0.0144896,4,6.2,7.75754e-05,-0.016185,1,0.00781931,-0.267421,0,-0.0417708,-0.213971,0,0.0166915,5,6.2,2.99996,1.70925,1,4.17233e-05,-0.478411,0,0.000238419,-0.238478,0,0.00829332,6,6.2,-2.99952,1.89083,1,-0.00216365,0.388378,0,0.00607967,-0.117183,0,0.00848318,7,6.2,-0.194195,-1.82964,1,-0.488136,-0.355044,0,-0.206336,0.392497,0,0.0116366,8,6.2,-0.858894,-1.62008,1,-0.31099,0.500003,0,0.380427,-5.96046e-05,0,0.0141926,9,6.2,-2.79518,-2.99572,1,-0.437325,0.0509679,0,0.356317,0.368476,0,0.00693919,10,6.2,-1.97901,-0.699175,1,-0.101477,-0.483271,0,0.259697,0.167906,0,0.0107271,11,6.2,-0.187056,-1.00014,1,0.5,0.00124574,0,0,-0.00190735,0,0.0111087,12,6.2,2.99647,-0.999725,1,0.00635386,-0.000229478,0,0.00321865,-0.00151992,0,0.00556662,13,6.2,0.771407,3,1,0.484957,0,0,0.0326931,0,0,0.0064781,14,6.2,-1.69885,-2.7853,1,-0.496382,-0.408167,0,-0.0308752,0.354886,0,0.00813624,15,6.2,1.81008,-1.43398,1,0.310528,-0.500003,0,-0.798285,5.96046e-05,0,0.0135257,16,6.2,1.11942,-2.00068,1,-0.5,0.0012517,0,0,-0.000119209,0,0.0114603,17,6.2,0.998781,1.12037,1,0.00243187,-0.480011,0,0.000804663,-0.0278354,0,0.0118166,18,6.2,-2.95973,0.810788,1,-0.147086,0.452833,0,0.348091,-0.0576079,0,0.0102984,19,6.2,1.00029,2.08373,1,-0.00026226,-0.460589,0,-0.0012517,-0.125527,0,0.0142759,20,6.2,0.000225425,2.01062,1,-0.000183321,0.125676,0,-0.00280682,0.9166,0,0.0100648,21,6.2,-1.5914,1.00837,1,0.500003,-0.169072,0,-5.96046e-05,-0.0474155,0,0.012957,22,6.2,-1.22082,0.000801938,1,-0.500003,0.00797773,0,5.96046e-05,-0.0220832,0,0.0150041,23,6.2,1.84567,-3,1,0.500003,0,0,-5.96046e-05,0,0,0.00598423,24,6.2,2.83234,3.15805e-05,1,0.395137,-0.00012599,0,-0.418186,0.000195156,0,0.00623081,25,6.2,1.15068,-1.16699,1,0.5,0.299987,0,0,-0.295043,0,0.011308,26,6.2,2,2.97461,1,6.55651e-05,-0.135547,0,0.00089407,-0.503778,0,0.0073567,27,6.2,-2.99636,2.99566,1,0.0494897,0.00434518,0,0.396848,0.0137091,0,0.00546215,28,6.2,0.838812,-3,1,0.5,0,0,2.98023e-05,0,0,0.00746846,29,6.2,-0.0172333,1.00118,1,0.100234,0.00377893,0,-0.847672,-0.0197291,0,0.0146632,30,6.2,-1.01016,1.49627,1,0.087899,0.500003,0,-0.263393,-5.96046e-05,0,0.0154382,31,6.2,-2.00244,2.9963,1,0.00337362,-0.0495493,0,0.00882149,-0.396371,0,0.00786168,32,6.2,0.97696,2.99344e-06,1,-0.14873,6.06957e-05,0,-0.526547,0.000900547,0,0.0161163,33,6.2,2.65177,1.00296,1,-0.5,0.00295043,0,0,-0.0141859,0,0.00976687,34,6.2,1.97879,1.84192,1,-0.14126,0.392008,0,-0.534534,-0.405848,0,0.013904,35,6.2,1.83826,0.58277,1,0.3335,-0.5,0,-0.366449,-2.98023e-05,0,0.0121036
0,6.3,-2.98647,-2.11895,1,0.0860829,0.345077,0,0.486776,-0.462025,0,0.00722804,1,6.3,-1.99115,-2.01071,1,-0.0283031,-0.0959385,0,0.00482053,-0.515625,0,0.00900532,2,6.3,2.99995,-1.99975,1,-5.96046e-06,0.00129603,0,0.000238419,-0.00581145,0,0.00616627,3,6.3,-1.86629,1.97605,1,-0.363542,-0.207916,0,0.454716,-0.989541,0,0.0144896,4,6.3,0.00061586,-0.0441098,1,0.00264638,-0.291927,0,-0.059798,-0.265355,0,0.0166915,5,6.3,2.99996,1.66046,1,5.88596e-05,-0.495041,0,0.000119209,-0.098668,0,0.00829332,6,6.3,-2.99971,1.92931,1,-0.00158101,0.383285,0,0.00551343,-0.00090152,0,0.00848318,7,6.3,-0.243685,-1.86316,1,-0.498872,-0.315135,0,-0.0373944,0.403672,0,0.0116366,8,6.3,-0.888084,-1.57008,1,-0.272795,0.5,0,0.381853,-7.45058e-06,0,0.0141926,9,6.3,-2.83696,-2.98852,1,-0.396713,0.0952348,0,0.449747,0.496954,0,0.00693919,10,6.3,-1.98792,-0.746531,1,-0.0771327,-0.462538,0,0.227056,0.246357,0,0.0107271,11,6.3,-0.137056,-1.00002,1,0.5,0.00104764,0,1.3411e-06,-0.00203773,0,0.0111087,12,6.3,2.99711,-0.999754,1,0.00642091,-0.000350736,0,-0.00166893,-0.000916421,0,0.00556662,13,6.3,0.820146,3,1,0.490373,0,0,0.0661351,0,0,0.0064781,14,6.3,-1.74863,-2.82426,1,-0.49892,-0.370162,0,-0.0183731,0.401676,0,0.00813624,15,6.3,1.83753,-1.48398,1,0.242072,-0.5,0,-0.579849,7.45058e-06,0,0.0135257,16,6.3,1.06942,-2.00055,1,-0.5,0.0012137,0,0,-0.000625849,0,0.0114603,17,6.3,0.999027,1.07224,1,0.00247182,-0.482194,0,0.000160187,-0.00980496,0,0.0118166,18,6.3,-2.97275,0.856078,1,-0.1139,0.455464,0,0.31434,0.0927895,0,0.0102984,19,6.3,1.00026,2.03699,1,-0.000359677,-0.474703,0,-0.000722706,-0.146307,0,0.0142759,20,6.3,0.000195126,2.02793,1,-0.000403072,0.221768,0,-0.00163126,0.989571,0,0.0100648,21,6.3,-1.5414,0.990308,1,0.499897,-0.200112,0,-0.00347942,-0.523321,0,0.012957,22,6.3,-1.27082,0.0014912,1,-0.5,0.00582917,0,7.45058e-06,-0.0207903,0,0.0150041,23,6.3,1.89567,-3,1,0.5,0,0,-7.45058e-06,0,0,0.00598423,24,6.3,2.86966,1.99867e-05,1,0.350297,-0.000105656,0,-0.474602,0.000209016,0,0.00623081,25,6.3,1.20068,-1.13849,1,0.5,0.270068,0,0,-0.302151,0,0.011308,26,6.3,2.00001,2.95849,1,0.000176951,-0.186926,0,0.00146031,-0.51026,0,0.0073567,27,6.3,-2.98918,2.99616,1,0.0959925,0.00539236,0,0.513792,0.00740588,0,0.00546215,28,6.3,0.888812,-3,1,0.5,0,0,0,0,0,0.00746846,29,6.3,-0.0117121,1.00146,1,0.00820099,0.00198241,0,-0.96749,-0.0159368,0,0.0146632,30,6.3,-1.00204,1.54627,1,0.0804001,0.5,0,0.0887066,-7.45058e-06,0,0.0154382,31,6.3,-2.00207,2.98869,1,0.00399686,-0.108209,0,0.0038296,-0.741437,0,0.00786168,32,6.3,0.959391,1.29836e-05,1,-0.202905,0.000138304,0,-0.54197,0.000847312,0,0.0161163,33,6.3,2.60177,1.00318,1,-0.5,0.00155978,0,0,-0.0135303,0,0.00976687,34,6.3,1.9619,1.87899,1,-0.197235,0.348487,0,-0.568323,-0.459641,0,0.013904,35,6.3,1.86975,0.53277,1,0.296252,-0.5,0,-0.376679,0,0,0.0121036
0,6.4,-2.97533,-2.08681,1,0.13724,0.297415,0,0.519991,-0.487089,0,0.00760153,1,6.4,-1.99392,-2.02294,1,-0.0267267,-0.148922,0,0.0255704,-0.528455,0,0.00925363,2,6.4,2.99995,-1.99965,1,1.78814e-05,0.000753999,0,0.000119209,-0.00500679,0,0.00603795,3,6.4,-1.90032,1.95028,1,-0.316578,-0.307655,0,0.48095,-0.999987,0,0.0122864,4,6.4,0.000564942,-0.0746396,1,-0.0037892,-0.318552,0,-0.0672925,-0.258524,0,0.0175351,5,6.4,2.99997,1.61064,1,6.55651e-05,-0.499707,0,0,-0.00590086,0,0.00731166,6,6.4,-2.99984,1.96772,1,-0.00106692,0.385305,0,0.00464916,0.0286698,0,0.007683,7,6.4,-0.293658,-1.89265,1,-0.5,-0.274682,0,1.43051e-05,0.403464,0,0.0107237,8,6.4,-0.913464,-1.52008,1,-0.234924,0.500003,0,0.374109,-5.96046e-05,0,0.011207,9,6.4,-2.87427,-2.97644,1,-0.34855,0.146788,0,0.507951,0.518203,0,0.00581009,10,6.4,-1.99455,-0.791427,1,-0.056076,-0.434148,0,0.194073,0.320464,0,0.0100273,11,6.4,-0.087056,-0.999928,1,0.5,0.000841916,0,2.38419e-06,-0.00205636,0,0.0137583,12,6.4,2.99774,-0.999793,1,0.00606179,-0.000417233,0,-0.00536442,-0.00038743,0,0.00593947,13,6.4,0.869505,3,1,0.496535,0,0,0.0500679,0,0,0.00548825,14,6.4,-1.79858,-2.85921,1,-0.499916,-0.328499,0,-0.00172853,0.428438,0,0.00857763,15,6.4,1.85914,-1.53398,1,0.192869,-0.500003,0,-0.412107,5.96046e-05,0,0.0115555,16,6.4,1.01942,-2.00044,1,-0.500001,0.00113249,0,0,-0.000953674,0,0.0117022,17,6.4,0.999275,1.02405,1,0.00249296,-0.480914,0,0.000417233,0.0399351,0,0.0136117,18,6.4,-2.98263,0.902216,1,-0.08443,0.468217,0,0.273943,0.147939,0,0.00960144,19,6.4,1.00022,1.98882,1,-0.000411272,-0.488162,0,-0.000238419,-0.116408,0,0.0142468,20,6.4,0.000148309,2.05508,1,-0.000517786,0.321501,0,-0.000702097,1.00017,0,0.00798624,21,6.4,-1.49145,0.967234,1,0.498864,-0.264812,0,-0.0200868,-0.731438,0,0.0192353,22,6.4,-1.32082,0.00197301,1,-0.500003,0.00383732,0,5.96046e-05,-0.0189678,0,0.0134262,23,6.4,1.94567,-3,1,0.500003,0,0,-5.96046e-05,0,0,0.00682883,24,6.4,2.90225,1.04716e-05,1,0.301009,-8.46431e-05,0,-0.507236,0.000209193,0,0.00611436,25,6.4,1.25068,-1.11299,1,0.500003,0.239784,0,-5.96046e-05,-0.302494,0,0.0121538,26,6.4,2.00004,2.93733,1,0.000375509,-0.235224,0,0.00274181,-0.445485,0,0.00935663,27,6.4,-2.97695,2.99672,1,0.148767,0.00587106,0,0.526428,0.00214577,0,0.00597067,28,6.4,0.938812,-3,1,0.5,0,0,2.98023e-05,0,0,0.00927981,29,6.4,-0.0157524,1.00159,1,-0.0887233,0.000634789,0,-0.951077,-0.010848,0,0.0150895,30,6.4,-0.993144,1.59627,1,0.101067,0.500003,0,0.303656,-5.96046e-05,0,0.0168755,31,6.4,-2.00166,2.97384,1,0.00417829,-0.191391,0,0.000119209,-0.893116,0,0.0097384,32,6.4,0.936468,3.22978e-05,1,-0.254489,0.000264196,0,-0.478327,0.00181522,0,0.0187964,33,6.4,2.55177,1.00327,1,-0.5,0.00026226,0,0,-0.0123382,0,0.0101954,34,6.4,1.93939,1.91148,1,-0.251988,0.301006,0,-0.51409,-0.485837,0,0.0157668,35,6.4,1.89749,0.48277,1,0.258514,-0.5,0,-0.376463,1.43051e-05,0,0.0102934
0,6.5,-2.95895,-2.05951,1,0.190553,0.248474,0,0.531942,-0.488058,0,0.00760153,1,6.5,-1.99644,-2.0405,1,-0.0234829,-0.202138,0,0.0384226,-0.522614,0,0.00925363,2,6.5,2.99995,-1.9996,1,2.98023e-05,0.000300072,0,0.000119209,-0.00406057,0,0.00603795,3,6.5,-1.92958,1.9148,1,-0.268631,-0.398389,0,0.475861,-0.787549,0,0.0122864,4,6.5,-0.000253174,-0.107739,1,-0.0134319,-0.342877,0,-0.118939,-0.22551,0,0.0175351,5,6.5,2.99998,1.56065,1,6.33299e-05,-0.499982,0,-5.96046e-05,-0.000715256,0,0.00731166,6,6.5,-2.99993,2.00647,1,-0.000649318,0.390175,0,0.00368059,0.057362,0,0.007683,7,6.5,-0.343658,-1.91812,1,-0.5,-0.234897,0,0,0.390932,0,0.0107237,8,6.5,-0.935112,-1.47008,1,-0.19834,0.5,0,0.356533,-7.45058e-06,0,0.011207,9,6.5,-2.90652,-2.95913,1,-0.295908,0.199462,0,0.5389,0.521481,0,0.00581009,10,6.5,-1.99924,-0.833103,1,-0.0383776,-0.398124,0,0.160217,0.395946,0,0.0100273,11,6.5,-0.037056,-1.00002,1,0.5,-0.00435757,0,2.98023e-07,-0.0983588,0,0.0137583,12,6.5,2.99832,-0.999836,1,0.00538714,-0.000435673,0,-0.00791252,0,0,0.00593947,13,6.5,0.919339,3,1,0.499496,0,0,0.0115708,0,0,0.00548825,14,6.5,-1.84858,-2.8899,1,-0.499995,-0.285086,0,-0.000193715,0.437111,0,0.00857763,15,6.5,1.87662,-1.58398,1,0.159282,-0.499727,0,-0.267163,0.00887364,0,0.0115555,16,6.5,0.969418,-2.00033,1,-0.5,0.00102408,0,3.72529e-06,-0.00117719,0,0.0117022,17,6.5,0.999524,0.976219,1,0.00248253,-0.474958,0,-0.000424683,0.0822619,0,0.0136117,18,6.5,-2.98978,0.949766,1,-0.0592217,0.48248,0,0.229746,0.130136,0,0.00960144,19,6.5,1.00018,1.93952,1,-0.000418909,-0.49669,0,6.70552e-05,-0.0547096,0,0.0142468,20,6.5,9.41481e-05,2.09187,1,-0.000554864,0.409946,0,-6.76488e-05,0.746816,0,0.00798624,21,6.5,-1.44177,0.936926,1,0.493808,-0.342029,0,-0.0803396,-0.774112,0,0.0192353,22,6.5,-1.37082,0.00226665,1,-0.5,0.00208307,0,7.45058e-06,-0.0161216,0,0.0134262,23,6.5,1.99567,-3,1,0.500001,0,0,-7.45058e-06,0,0,0.00682883,24,6.5,2.92978,3.03723e-06,1,0.249439,-6.42434e-05,0,-0.519082,0.000197312,0,0.00611436,25,6.5,1.30068,-1.09052,1,0.5,0.209839,0,-7.45058e-06,-0.295557,0,0.0121538,26,6.5,2.00009,2.91166,1,0.000666454,-0.277085,0,0.00323355,-0.383377,0,0.00935663,27,6.5,-2.95921,2.99731,1,0.207842,0.00586472,0,0.631899,-0.00207126,0,0.00597067,28,6.5,0.988812,-3,1,0.5,0,0,0,0,0,0.00927981,29,6.5,-0.0294657,1.00163,1,-0.186019,0.000533834,0,-0.979497,0.00800192,0,0.0150895,30,6.5,-0.981023,1.64606,1,0.145719,0.493689,0,0.566565,-0.122882,0,0.0168755,31,6.5,-2.00125,2.95006,1,0.00405461,-0.284937,0,-0.00244379,-0.941977,0,0.0097384,32,6.5,0.908641,6.60037e-05,1,-0.301591,0.000399321,0,-0.451326,0.00117205,0,0.0187964,33,6.5,2.50177,1.00324,1,-0.5,-0.000890903,0,0,-0.0106767,0,0.0101954,34,6.5,1.91162,1.93914,1,-0.303194,0.252115,0,-0.496142,-0.488095,0,0.0157668,35,6.5,1.92147,0.432771,1,0.221375,-0.499933,0,-0.365093,0.00268213,0,0.0102934
0,6.6,-2.93732,-2.03708,1,0.241101,0.20048,0,0.468254,-0.468731,0,0.00941515,1,6.6,-1.99858,-2.06323,1,-0.0192106,-0.251132,0,0.0463724,-0.447392,0,0.00931902,2,6.6,2.99996,-1.99959,1,4.17233e-05,-5.66244e-05,0,0.000119209,-0.00309944,0,0.00611816,3,6.6,-1.95408,1.87153,1,-0.221807,-0.461704,0,0.458837,-0.471354,0,0.00991607,4,6.6,-0.00223056,-0.143082,1,-0.026372,-0.363224,0,-0.134436,-0.179611,0,0.0181812,5,6.6,2.99998,1.51065,1,5.96046e-05,-0.500003,0,-0.000238419,5.96046e-05,0,0.00654964,6,6.6,-2.99997,2.04574,1,-0.000333786,0.394797,0,0.00274181,0.0265837,0,0.00821945,7,6.6,-0.393658,-1.93968,1,-0.5,-0.196734,0,1.43051e-05,0.371099,0,0.0108002,8,6.6,-0.9532,-1.42008,1,-0.16381,0.500003,0,0.33322,-5.96046e-05,0,0.0110146,9,6.6,-2.93341,-2.93666,1,-0.241876,0.248665,0,0.53668,0.452161,0,0.00633955,10,6.6,-2.00233,-0.87084,1,-0.0239551,-0.355746,0,0.128627,0.44778,0,0.00886643,11,6.6,0.012944,-1.00109,1,0.5,-0.0181288,0,1.19209e-06,-0.173748,0,0.0165956,12,6.6,2.99881,-0.999879,1,0.00452399,-0.000418723,0,-0.00941753,0.000268221,0,0.00578736,13,6.6,0.969298,3,1,0.49924,0,0,-0.015229,0,0,0.00558831,14,6.6,-1.89858,-2.91623,1,-0.500003,-0.241578,0,5.96046e-05,0.430584,0,0.00710158,15,6.6,1.8914,-1.63386,1,0.138035,-0.497261,0,-0.164211,0.0465512,0,0.00977992,16,6.6,0.919418,-2.00023,1,-0.5,0.00090003,0,-2.98023e-05,-0.0013113,0,0.0112947,17,6.6,0.99977,0.929225,1,0.0024423,-0.463948,0,-0.000208616,0.140041,0,0.0156463,18,6.6,-2.99463,0.998592,1,-0.0385344,0.49324,0,0.18394,0.0821352,0,0.00791947,19,6.6,1.00014,1.88967,1,-0.000399351,-0.499603,0,0.000238419,-0.00792742,0,0.0129423,20,6.6,3.91769e-05,2.13606,1,-0.000536669,0.468391,0,0.000406194,0.419378,0,0.00897224,21,6.6,-1.39288,0.899033,1,0.482944,-0.413425,0,-0.136077,-0.630528,0,0.0139409,22,6.6,-1.42082,0.00239905,1,-0.500003,0.000611483,0,5.96046e-05,-0.0133211,0,0.0126115,23,6.6,2.04567,-3,1,0.5,0,0,0,0,0,0.00686475,24,6.6,2.95215,-2.43047e-06,1,0.198126,-4.54379e-05,0,-0.502825,0.000177714,0,0.00578072,25,6.6,1.35068,-1.07099,1,0.500003,0.180826,0,-5.96046e-05,-0.284016,0,0.0103906,26,6.6,2.00017,2.8822,1,0.00104904,-0.310481,0,0.00441074,-0.278592,0,0.0100529,27,6.6,-2.93525,2.99788,1,0.271022,0.00549555,0,0.613928,-0.005126,0,0.00569476,28,6.6,1.03881,-3,1,0.5,0,0,0,0,0,0.00823608,29,6.6,-0.0528918,1.00175,1,-0.281339,0.00207722,0,-0.909408,0.0219941,0,0.0174532,30,6.6,-0.963343,1.69464,1,0.21015,0.47608,0,0.70259,-0.226021,0,0.0145282,31,6.6,-2.00086,2.91703,1,0.00371337,-0.373423,0,-0.00429153,-0.800133,0,0.00993118,32,6.6,0.876355,0.000112678,1,-0.342607,0.000548523,0,-0.359982,0.00202639,0,0.0153193,33,6.6,2.45177,1.0031,1,-0.5,-0.00186265,0,0,-0.00876188,0,0.0102719,34,6.6,1.87894,1.96193,1,-0.348797,0.204095,0,-0.405729,-0.469148,0,0.0154094,35,6.6,1.94181,0.382813,1,0.185725,-0.498927,0,-0.346839,0.0214577,0,0.00959188
0,6.7,-2.91097,-2.01932,1,0.284646,0.155371,0,0.394791,-0.431478,0,0.00941515,1,6.7,-2.00026,-2.09046,1,-0.014478,-0.292188,0,0.0478923,-0.366613,0,0.00931902,2,6.7,2.99996,-1.99961,1,5.17815e-05,-0.000318885,0,7.45058e-05,-0.00216067,0,0.00611816,3,6.7,-1.97403,1.82355,1,-0.177726,-0.492946,0,0.422113,-0.169396,0,0.00991607,4,6.7,-0.00548585,-0.180546,1,-0.0381635,-0.388025,0,-0.100255,-0.298574,0,0.0181812,5,6.7,2.99999,1.46065,1,3.94881e-05,-0.5,0,-0.000149012,7.45058e-06,0,0.00654964,6,6.7,-2.99999,2.0854,1,-0.000111759,0.398429,0,0.00172853,0.0362396,0,0.00821945,7,6.7,-0.443658,-1.95755,1,-0.5,-0.161098,0,0,0.341132,0,0.0108002,8,6.7,-0.967965,-1.37017,1,-0.131981,0.497124,0,0.302926,-0.0597835,0,0.0110146,9,6.7,-2.95495,-2.90964,1,-0.189452,0.290465,0,0.507578,0.376299,0,0.00633955,10,6.7,-2.00414,-0.904124,1,-0.012565,-0.309516,0,0.0995845,0.473619,0,0.00886643,11,6.7,0.062944,-1.00395,1,0.5,-0.0409508,0,-2.98023e-07,-0.278197,0,0.0165956,12,6.7,2.99922,-0.999919,1,0.00356324,-0.000380538,0,-0.00964105,0.000476837,0,0.00578736,13,6.7,1.0191,3,1,0.496168,0,0,-0.0505224,0,0,0.00558831,14,6.7,-1.94858,-2.93826,1,-0.4999,-0.199353,0,0.00401586,0.411823,0,0.00710158,15,6.7,1.90451,-1.68326,1,0.125182,-0.489698,0,-0.0982359,0.108376,0,0.00977992,16,6.7,0.869418,-2.00015,1,-0.5,0.000766665,0,0,-0.00137091,0,0.0112947,17,6.7,1.00001,0.883483,1,0.00239508,-0.451156,0,-0.000517815,0.124123,0,0.0156463,18,6.7,-2.99764,1.04824,1,-0.0224181,0.498779,0,0.138849,0.0301674,0,0.00791947,19,6.7,1.0001,1.83968,1,-0.000366755,-0.499975,0,0.000409782,-0.000990927,0,0.0129423,20,6.7,-1.19756e-05,2.18447,1,-0.000481959,0.494975,0,0.000671666,0.132218,0,0.00897224,21,6.7,-1.34537,0.854915,1,0.466308,-0.464958,0,-0.195101,-0.393104,0,0.0139409,22,6.7,-1.47082,0.00239824,1,-0.5,-0.000581737,0,7.45058e-06,-0.0105628,0,0.0126115,23,6.7,2.09567,-3,1,0.5,0,0,0,0,0,0.00686475,24,6.7,2.9695,-6.12722e-06,1,0.149577,-2.89251e-05,0,-0.464335,0.000152059,0,0.00578072,25,6.7,1.40068,-1.0543,1,0.5,0.153237,0,-7.45058e-06,-0.26726,0,0.0103906,26,6.7,2.0003,2.84985,1,0.00144169,-0.335537,0,0.00366569,-0.216052,0,0.0100529,27,6.7,-2.9051,2.9984,1,0.331515,0.00487491,0,0.586286,-0.00712276,0,0.00569476,28,6.7,1.08881,-3,1,0.5,0,0,0,0,0,0.00823608,29,6.7,-0.0854114,1.00205,1,-0.366858,0.00357162,0,-0.778858,0.00851601,0,0.0174532,30,6.7,-0.938491,1.74097,1,0.289053,0.449147,0,0.833582,-0.308752,0,0.0145282,31,6.7,-2.00051,2.87607,1,0.00324361,-0.441468,0,-0.00505149,-0.548556,0,0.00993118,32,6.7,0.840366,0.000179882,1,-0.376297,0.000820332,0,-0.3075,0.00350912,0,0.0153193,33,6.7,2.4018,1.00287,1,-0.499115,-0.00261012,0,0.0227988,-0.00623614,0,0.0102719,34,6.7,1.84216,1.98006,1,-0.385462,0.159153,0,-0.322752,-0.428267,0,0.0154094,35,6.7,1.95869,0.333102,1,0.152277,-0.49441,0,-0.321396,0.0738986,0,0.00959188
0,6.8,-2.8807,-2.00587,1,0.318724,0.11453,0,0.281453,-0.383973,0,0.010631,1,6.8,-2.00147,-2.12133,1,-0.0097096,-0.323266,0,0.0472069,-0.25034,0,0.00991154,2,6.8,2.99997,-1.99965,1,5.36442e-05,-0.000491738,0,0.000119209,-0.00137091,0,0.00481502,3,6.8,-1.98976,1.77376,1,-0.137499,-0.5,0,0.381887,0,0,0.0102134,4,6.8,-0.00973913,-0.220917,1,-0.0462404,-0.419825,0,-0.0605974,-0.324123,0,0.0191605,5,6.8,2.99999,1.41065,1,2.38419e-05,-0.500003,0,-0.000119209,5.96046e-05,0,0.00614814,6,6.8,-3,2.12537,1,1.78814e-05,0.400335,0,0.00107288,-0.005126,0,0.00842848,7,6.8,-0.493658,-1.97201,1,-0.5,-0.128594,0,-2.98023e-05,0.308633,0,0.010463,8,6.8,-0.979702,-1.32087,1,-0.103299,0.487679,0,0.270396,-0.130475,0,0.0104475,9,6.8,-2.97144,-2.87889,1,-0.14109,0.322652,0,0.456572,0.26226,0,0.00727679,10,6.8,-2.00494,-0.932688,1,-0.00393987,-0.261639,0,0.0733137,0.48092,0,0.0105225,11,6.8,0.112944,-1.00958,1,0.5,-0.0728875,0,-3.57628e-06,-0.356138,0,0.017959,12,6.8,2.99953,-0.999955,1,0.0026226,-0.000326335,0,-0.00905991,0.000596046,0,0.00585351,13,6.8,1.06837,3,1,0.488392,0,0,-0.108182,0,0,0.0059651,14,6.8,-1.99852,-2.95618,1,-0.498393,-0.159591,0,0.0321269,0.381589,0,0.00717436,15,6.8,1.91661,-1.73156,1,0.117418,-0.475004,0,-0.0613928,0.187635,0,0.0100493,16,6.8,0.819418,-2.00008,1,-0.5,0.000631809,0,-2.98023e-05,-0.00143051,0,0.0102562,17,6.8,1.00025,0.839018,1,0.00237823,-0.437681,0,0.000298023,0.151455,0,0.0192531,18,6.8,-2.99926,1.0982,1,-0.0106394,0.5,0,0.0975132,0,0,0.00860591,19,6.8,1.00007,1.78968,1,-0.000321865,-0.500003,0,0.000536442,5.96046e-05,0,0.0119925,20,6.8,-5.64886e-05,2.23433,1,-0.000405421,0.500005,0,0.000844579,-0.000119209,0,0.00988762,21,6.8,-1.2998,0.806864,1,0.444224,-0.492114,0,-0.245035,-0.157714,0,0.0140317,22,6.8,-1.52082,0.00229168,1,-0.500003,-0.00150559,0,5.96046e-05,-0.00793987,0,0.0115175,23,6.8,2.14567,-3,1,0.5,0,0,0,0,0,0.00568557,24,6.8,2.98222,-8.30513e-06,1,0.105911,-1.5096e-05,0,-0.406265,0.00012431,0,0.00590892,25,6.8,1.45068,-1.04029,1,0.500003,0.127465,0,-5.96046e-05,-0.247777,0,0.0118867,26,6.8,2.00046,2.81536,1,0.0018239,-0.352597,0,0.00417233,-0.120878,0,0.0106792,27,6.8,-2.86913,2.99885,1,0.386572,0.00410676,0,0.507236,-0.00822544,0,0.0065887,28,6.8,1.13881,-3,1,0.500003,0,0,-5.96046e-05,0,0,0.00782079,29,6.8,-0.125639,1.00243,1,-0.433886,0.00390112,0,-0.551559,-0.00143051,0,0.0143549,30,6.8,-0.905478,1.78423,1,0.369871,0.415075,0,0.754744,-0.369132,0,0.0147698,31,6.8,-2.00021,2.82965,1,0.00271201,-0.482273,0,-0.00536442,-0.270844,0,0.0110063,32,6.8,0.801329,0.000282566,1,-0.403006,0.00126593,0,-0.222057,0.00545938,0,0.0184807,33,6.8,2.35207,1.00258,1,-0.494558,-0.00311732,0,0.0722408,-0.0038743,0,0.011431,34,6.8,1.80217,1.99391,1,-0.41253,0.118694,0,-0.215232,-0.37992,0,0.0116973,35,6.8,1.97236,0.284151,1,0.121579,-0.483327,0,-0.292063,0.150956,0,0.00906582
0,6.9,-2.84758,-1.99624,1,0.342002,0.0789173,0,0.180796,-0.327885,0,0.010631,1,6.9,-2.00222,-2.15475,1,-0.00523739,-0.343439,0,0.0421852,-0.150189,0,0.00991154,2,6.9,2.99997,-1.9997,1,6.07222e-05,-0.000590459,0,4.47035e-05,-0.000625849,0,0.00481502,3,6.9,-2.00167,1.72376,1,-0.101578,-0.5,0,0.336386,0,0,0.0102134,4,6.9,-0.0145198,-0.264574,1,-0.0480185,-0.45325,0,0.0207155,-0.321805,0,0.0191605,5,6.9,2.99999,1.36077,1,1.37836e-05,-0.496532,0,-7.45058e-05,0.0707731,0,0.00614814,6,6.9,-2.99999,2.16549,1,8.79169e-05,0.402876,0,0.00038743,0.0462979,0,0.00842848,7,6.9,-0.543658,-1.98338,1,-0.5,-0.0995021,0,0,0.273049,0,0.010463,8,6.9,-0.988737,-1.27288,1,-0.077986,0.470995,0,0.235759,-0.204042,0,0.0104475,9,6.9,-2.98337,-2.84547,1,-0.0987191,0.344015,0,0.388995,0.161827,0,0.00727679,10,6.9,-2.00501,-0.956459,1,0.00220388,-0.213954,0,0.0501871,0.469714,0,0.0105225,11,6.9,0.162944,-1.01882,1,0.5,-0.113584,0,4.47035e-07,-0.451222,0,0.017959,12,6.9,2.99974,-0.999984,1,0.00177175,-0.000263564,0,-0.00786781,0.000648201,0,0.00585351,13,6.9,1.1167,3,1,0.478245,0,0,-0.103302,0,0,0.0059651,14,6.9,-2.04812,-2.97029,1,-0.49296,-0.123296,0,0.0796542,0.342965,0,0.00717436,15,6.9,1.92806,-1.77794,1,0.111636,-0.450846,0,-0.0559017,0.292294,0,0.0100493,16,6.9,0.769418,-2.00002,1,-0.5,0.000494719,0,0,-0.0013262,0,0.0102562,17,6.9,1.00048,0.795889,1,0.00226777,-0.425806,0,-0.00213832,0.0969097,0,0.0192531,18,6.9,-2.99989,1.1482,1,-0.00269189,0.5,0,0.0627637,0,0,0.00860591,19,6.9,1.00004,1.73968,1,-0.000266545,-0.499991,0,0.000573695,0.000350177,0,0.0119925,20,6.9,-9.26588e-05,2.28433,1,-0.000316773,0.5,0,0.000917379,-1.49012e-05,0,0.00988762,21,6.9,-1.2567,0.757169,1,0.417042,-0.499507,0,-0.29622,-0.0197217,0,0.0140317,22,6.9,-1.57082,0.00210608,1,-0.499917,-0.00216152,0,0.00331551,-0.00524495,0,0.0115175,23,6.9,2.19567,-3,1,0.5,0,0,0,0,0,0.00568557,24,6.9,2.9909,-9.24146e-06,1,0.0687655,-4.10776e-06,0,-0.335112,9.56937e-05,0,0.00590892,25,6.9,1.50068,-1.02874,1,0.5,0.103811,0,-7.45058e-06,-0.225075,0,0.0118867,26,6.9,2.00066,2.77949,1,0.00210889,-0.364656,0,0.00189245,-0.111416,0,0.0106792,27,6.9,-2.82797,2.99922,1,0.435777,0.00327565,0,0.453442,-0.00829995,0,0.0065887,28,6.9,1.18881,-3,1,0.5,0,0,-7.45058e-06,0,0,0.00782079,29,6.9,-0.171365,1.0028,1,-0.476417,0.00351053,0,-0.300014,-0.00610203,0,0.0143549,30,6.9,-0.86501,1.82382,1,0.43611,0.376098,0,0.553269,-0.40739,0,0.0147698,31,6.9,-1.99996,2.78047,1,0.00217762,-0.497846,0,-0.00529736,-0.0652373,0,0.0110063,32,6.9,0.759788,0.000430314,1,-0.428734,0.00163463,0,-0.277176,0.00219146,0,0.0184807,33,6.9,2.30308,1.00226,1,-0.484171,-0.00340287,0,0.138253,-0.001885,0,0.011431,34,6.9,1.75985,2.00398,1,-0.433458,0.0834545,0,-0.195742,-0.324704,0,0.0116973,35,6.9,1.98311,0.236764,1,0.0940276,-0.462573,0,-0.258677,0.261255,0,0.00906582
0,7,-2.81267,-1.98989,1,0.354367,0.049001,0,0.0647306,-0.270367,0,0.0107908,1,7,-2.00254,-2.18966,1,-0.00127554,-0.352859,0,0.0368357,-0.0368357,0,0.0106835,2,7,2.99998,-1.99977,1,5.96046e-05,-0.000622869,0,0,-5.96046e-05,0,0.00615232,3,7,-2.01023,1.67376,1,-0.0702381,-0.500003,0,0.290513,5.96046e-05,0,0.00921765,4,7,-0.0191136,-0.311366,1,-0.0429106,-0.480857,0,0.0776286,-0.219628,0,0.0145365,5,7,2.99999,1.3116,1,1.19209e-05,-0.485638,0,-0.000238419,0.14782,0,0.00650598,6,7,-2.99998,2.20603,1,0.000101328,0.407863,0,0,0.0458956,0,0.00617832,7,7,-0.593658,-1.99203,1,-0.5,-0.0740051,0,-2.98023e-05,0.236988,0,0.00943961,8,7,-0.995415,-1.22693,1,-0.0561565,0.446793,0,0.200808,-0.279784,0,0.00887097,9,7,-2.99142,-2.81045,1,-0.0635624,0.354546,0,0.313282,0.0469685,0,0.00714583,10,7,-2.00457,-0.975546,1,0.00621676,-0.168249,0,0.0308752,0.441909,0,0.00931992,11,7,0.212944,-1.03255,1,0.5,-0.161886,0,7.15256e-06,-0.509024,0,0.021218,12,7,2.99989,-1.00001,1,0.00106692,-0.000199676,0,-0.0064373,0.000655651,0,0.00571521,13,7,1.16396,3,1,0.466257,0,0,-0.142634,0,0,0.00470224,14,7,-2.09692,-2.98098,1,-0.481939,-0.0912249,0,0.142813,0.297546,0,0.00837753,15,7,1.93894,-1.82141,1,0.10595,-0.417206,0,-0.058949,0.377238,0,0.00917544,16,7,0.719418,-1.99998,1,-0.5,0.000369549,0,-2.98023e-05,-0.00119209,0,0.0100999,17,7,1.0007,0.753777,1,0.0020206,-0.416389,0,-0.002563,0.0995994,0,0.0157936,18,7,-2.9999,1.1982,1,0.00216365,0.500003,0,0.0356436,-5.96046e-05,0,0.00762807,19,7,1.00001,1.68969,1,-0.000211596,-0.499862,0,0.000596046,0.00280142,0,0.0154959,20,7,-0.000119706,2.33433,1,-0.000223987,0.5,0,0.000928936,0,0,0.00971584,21,7,-1.21654,0.707179,1,0.385439,-0.5,0,-0.333786,-2.98023e-05,0,0.012827,22,7,-1.62077,0.00186771,1,-0.498676,-0.00256757,0,0.0265241,-0.0029399,0,0.0101387,23,7,2.24567,-3,1,0.5,0,0,0,0,0,0.0055278,24,7,2.99623,-9.21935e-06,1,0.0390887,4.10305e-06,0,-0.258088,6.88856e-05,0,0.00603343,25,7,1.55068,-1.01945,1,0.500003,0.0824898,0,-5.96046e-05,-0.201225,0,0.00987894,26,7,2.00088,2.74254,1,0.00226498,-0.373352,0,0.00154972,-0.0561476,0,0.0119056,27,7,-2.78235,2.99951,1,0.473887,0.00246763,0,0.298619,-0.00786781,0,0.00658495,28,7,1.23881,-3,1,0.500003,0,0,-5.96046e-05,0,0,0.00595299,29,7,-0.220128,1.00312,1,-0.495364,0.00273287,0,-0.092715,-0.00929832,0,0.014305,30,7,-0.819053,1.85935,1,0.478739,0.334167,0,0.298232,-0.428677,0,0.0132532,31,7,-1.99977,2.73053,1,0.00165701,-0.5,0,-0.00500679,0,0,0.0102599,32,7,0.715539,0.000601241,1,-0.455879,0.00175483,0,-0.255406,0.000441766,0,0.0144908,33,7,2.25548,1.00191,1,-0.46649,-0.00349879,0,0.216722,-0.000178814,0,0.00980919,34,7,1.71561,2.01079,1,-0.45034,0.0537634,0,-0.136018,-0.269175,0,0.0123714,35,7,1.99128,0.191975,1,0.0698835,-0.431671,0,-0.224113,0.353687,0,0.0100817
0,7.1,-2.77705,-1.98625,1,0.356611,0.0248825,0,-0.0209659,-0.212662,0,0.0107908,1,7.1,-2.0025,-2.225,1,0.00196472,-0.352624,0,0.0282526,0.042662,0,0.0106835,2,7.1,2.99998,-1.99983,1,5.62519e-05,-0.000604987,0,-7.45058e-05,0.00038743,0,0.00615232,3,7.1,-2.01588,1.62376,1,-0.0437822,-0.5,0,0.239298,7.45058e-06,0,0.00921765,4,7.1,-0.0229688,-0.360316,1,-0.0337719,-0.495928,0,0.102934,-0.0870489,0,0.0145365,5,7.1,2.99999,1.2639,1,-5.58794e-06,-0.467078,0,-0.00013411,0.223629,0,0.00650598,6,7.1,-2.99997,2.24725,1,8.45641e-05,0.418512,0,-0.000312924,0.155106,0,0.00617832,7,7.1,-0.643535,-1.99794,1,-0.496266,-0.0415744,0,0.0757352,0.396557,0,0.00943961,8,7.1,-1.00009,-1.18344,1,-0.0379819,0.424702,0,0.163302,-0.172555,0,0.00887097,9,7.1,-2.99634,-2.7749,1,-0.0361733,0.355169,0,0.234991,-0.0355989,0,0.00714583,10,7.1,-2.00382,-0.990227,1,0.0084836,-0.126086,0,0.0150949,0.399627,0,0.00931992,11,7.1,0.262944,-1.05186,1,0.5,-0.228987,0,-2.68221e-06,-0.786863,0,0.021218,12,7.1,2.99996,-1.00002,1,0.000516698,-0.000136346,0,-0.00460446,0.000596046,0,0.00571521,13,7.1,1.2099,3,1,0.452762,0,0,-0.134937,0,0,0.00470224,14,7.1,-2.14439,-2.9887,1,-0.467057,-0.063929,0,0.160649,0.247866,0,0.00837753,15,7.1,1.94923,-1.86114,1,0.0996927,-0.376349,0,-0.0670329,0.43685,0,0.00917544,16,7.1,0.669418,-1.99995,1,-0.5,0.000258163,0,0,-0.00104308,0,0.0100999,17,7.1,1.00089,0.712262,1,0.00172835,-0.417197,0,-0.00303239,-0.0982322,0,0.0157936,18,7.1,-2.99954,1.2482,1,0.00472479,0.5,0,0.0164956,-7.45058e-06,0,0.00762807,19,7.1,0.999994,1.63971,1,-0.000154879,-0.499814,0,0.000532717,0.00257045,0,0.0154959,20,7.1,-0.00013759,2.38433,1,-0.000135053,0.5,0,0.000846472,0,0,0.00971584,21,7.1,-1.1797,0.657179,1,0.35126,-0.5,0,-0.348903,0,0,0.012827,22,7.1,-1.67063,0.00159968,1,-0.499254,-0.00276051,0,-0.0165552,-0.000989493,0,0.0101387,23,7.1,2.29567,-3,1,0.5,0,0,0,0,0,0.0055278,24,7.1,2.99898,-8.50672e-06,1,0.0171501,9.74383e-06,0,-0.18163,4.45457e-05,0,0.00603343,25,7.1,1.60065,-1.01216,1,0.49896,0.0636764,0,-0.0256673,-0.175148,0,0.00987894,26,7.1,2.0011,2.70475,1,0.00218414,-0.383673,0,-0.0026077,-0.134662,0,0.0119056,27,7.1,-2.73378,2.99972,1,0.494694,0.00172928,0,0.121191,-0.00685453,0,0.00658495,28,7.1,1.28881,-3,1,0.5,0,0,-7.45058e-06,0,0,0.00595299,29,7.1,-0.269948,1.0037,1,-0.49971,0.0123892,0,-0.0115885,0.193805,0,0.014305,30,7.1,-0.770086,1.89062,1,0.497045,0.291174,0,0.0849031,-0.42934,0,0.0132532,31,7.1,-1.99963,2.68053,1,0.00117552,-0.5,0,-0.00461191,0,0,0.0102599,32,7.1,0.668759,0.000774443,1,-0.478633,0.00166796,0,-0.191566,-0.00203437,0,0.0144908,33,7.1,2.21009,1.00156,1,-0.439716,-0.0034323,0,0.315309,0.00145286,0,0.00980919,34,7.1,1.66981,2.01491,1,-0.466357,0.0296306,0,-0.173353,-0.214085,0,0.0123714,35,7.1,1.99721,0.150697,1,0.0492349,-0.39275,0,-0.188887,0.421853,0,0.0100817
0,7.2,-2.74164,-1.98473,1,0.350052,0.00632405,0,-0.11003,-0.159264,0,0.0110394,1,7.2,-2.00217,-2.25991,1,0.00442266,-0.344205,0,0.0212193,0.126123,0,0.0111246,2,7.2,2.99999,-1.99989,1,4.76837e-05,-0.000551343,0,-0.000119209,0.000715256,0,0.00695047,3,7.2,-2.01915,1.57376,1,-0.0222385,-0.500003,0,0.192285,5.96046e-05,0,0.0122831,4,7.2,-0.025805,-0.410177,1,-0.022736,-0.499871,0,0.115875,-0.00259221,0,0.0140319,5,7.2,2.99999,1.21843,1,-1.19209e-05,-0.44094,0,-0.000119209,0.298679,0,0.00626223,6,7.2,-2.99997,2.28998,1,4.76837e-05,0.436747,0,-0.000476837,0.200152,0,0.00750674,7,7.2,-0.69265,-1.99995,1,-0.484714,0.0025332,0,0.155687,0.473022,0,0.0119374,8,7.2,-1.00313,-1.14173,1,-0.023371,0.410375,0,0.129521,-0.122607,0,0.00938373,9,7.2,-2.99891,-2.7397,1,-0.0163972,0.347304,0,0.161767,-0.121951,0,0.00738058,10,7.2,-2.00292,-1.00092,1,0.00935197,-0.0886142,0,0.00309944,0.348747,0,0.0112996,11,7.2,0.312944,-1.07884,1,0.5,-0.311267,0,-1.43051e-05,-0.824809,0,0.0168385,12,7.2,2.99999,-1.00003,1,0.000143051,-8.04663e-05,0,-0.00298023,0.000476837,0,0.00562728,13,7.2,1.25447,3,1,0.437954,0,0,-0.166774,0,0,0.00552383,14,7.2,-2.19022,-2.99394,1,-0.448823,-0.0416994,0,0.207901,0.196576,0,0.00698289,15,7.2,1.95884,-1.89651,1,0.09242,-0.330463,0,-0.0787377,0.477791,0,0.00843881,16,7.2,0.619418,-1.99993,1,-0.5,0.000160933,0,-2.98023e-05,-0.00089407,0,0.0106325,17,7.2,1.00105,0.669845,1,0.00145733,-0.432843,0,-0.00220537,-0.200301,0,0.0117844,18,7.2,-2.99901,1.2982,1,0.00563264,0.500003,0,0.00238419,-5.96046e-05,0,0.00838303,19,7.2,0.999981,1.58978,1,-0.000104308,-0.498283,0,0.000447035,0.0344515,0,0.012212,20,7.2,-0.000147023,2.43433,1,-5.52725e-05,0.5,0,0.000746601,0,0,0.0102051,21,7.2,-1.14633,0.607179,1,0.315839,-0.5,0,-0.358641,-2.98023e-05,0,0.0147732,22,7.2,-1.72061,0.00132142,1,-0.500003,-0.00277901,0,5.96046e-05,0.000554835,0,0.0131036,23,7.2,2.34567,-3,1,0.5,0,0,0,0,0,0.00580748,24,7.2,2.9999,-7.34553e-06,1,0.00248551,1.31362e-05,0,-0.113606,2.39252e-05,0,0.00577936,25,7.2,1.65034,-1.00662,1,0.494021,0.0474334,0,-0.0767112,-0.149786,0,0.0116407,26,7.2,2.00131,2.66569,1,0.00184178,-0.397515,0,-0.00393391,-0.130057,0,0.0107297,27,7.2,-2.68394,2.99986,1,0.5,0.00110269,0,0.000119209,-0.00560284,0,0.00592906,28,7.2,1.33881,-3,1,0.500003,0,0,-5.96046e-05,0,0,0.00793643,29,7.2,-0.319942,1.00619,1,-0.5,0.0398248,0,1.43051e-05,0.34678,0,0.0156421,30,7.2,-0.720162,1.9176,1,0.5,0.248647,0,0,-0.419497,0,0.0115619,31,7.2,-1.99954,2.63053,1,0.000739098,-0.5,0,-0.00411272,0,0,0.00951442,32,7.2,0.620087,0.00092798,1,-0.493275,0.00137515,0,-0.100255,-0.00369456,0,0.0139855,33,7.2,2.16783,1.00123,1,-0.404119,-0.00322461,0,0.393152,0.00268221,0,0.00986424,34,7.2,1.62232,2.01689,1,-0.483069,0.0108123,0,-0.152528,-0.162959,0,0.010814,35,7.2,2.00124,0.113622,1,0.0320792,-0.347908,0,-0.154376,0.471786,0,0.00813809
0,7.3,-2.70727,-1.98481,1,0.33657,-0.00713635,0,-0.160262,-0.111111,0,0.0110394,1,7.3,-2.00164,-2.29363,1,0.00601001,-0.329566,0,0.0110716,0.167698,0,0.0111246,2,7.3,2.99999,-2.00046,1,3.57628e-05,-0.015449,0,-0.000119209,-0.271134,0,0.00695047,3,7.3,-2.02048,1.52376,1,-0.00520237,-0.5,0,0.149146,7.45058e-06,0,0.0122831,4,7.3,-0.0274939,-0.460172,1,-0.0110281,-0.499992,0,0.116789,-0.000320449,0,0.0140319,5,7.3,2.99999,1.17598,1,-1.8999e-05,-0.406859,0,-4.47035e-05,0.378996,0,0.00626223,6,7.3,-2.99996,2.33474,1,7.07805e-06,0.458838,0,-0.000342727,0.225797,0,0.00750674,7,7.3,-0.740165,-1.99699,1,-0.463891,0.0596154,0,0.257295,0.64756,0,0.0119374,8,7.3,-1.00487,-1.10098,1,-0.0120178,0.407283,0,0.098303,0.0437275,0,0.00938373,9,7.3,-2.99985,-2.70565,1,-0.00340864,0.332908,0,0.100493,-0.166893,0,0.00738058,10,7.3,-2.00198,-1.00813,1,0.00919774,-0.0565872,0,-0.00566244,0.291526,0,0.0112996,11,7.3,0.362944,-1.11393,1,0.5,-0.388307,0,0,-0.695102,0,0.0168385,12,7.3,3,-1.00056,1,-8.75443e-05,-0.015015,0,-0.00168383,-0.271596,0,0.00562728,13,7.3,1.29764,3,1,0.427233,0,0,-0.062786,0,0,0.00552383,14,7.3,-2.23402,-2.99721,1,-0.426582,-0.024613,0,0.239521,0.145942,0,0.00698289,15,7.3,1.96767,-1.92661,1,0.0838684,-0.266538,0,-0.0917688,0.769041,0,0.00843881,16,7.3,0.569418,-1.99991,1,-0.5,8.028e-05,0,0,-0.000722706,0,0.0106325,17,7.3,1.00118,0.625491,1,0.00115987,-0.45459,0,-0.00362843,-0.221986,0,0.0117844,18,7.3,-2.99845,1.3482,1,0.00547618,0.5,0,-0.0050962,-7.45058e-06,0,0.00838303,19,7.3,0.999973,1.54002,1,-6.34231e-05,-0.497562,0,0.000376254,-0.0108033,0,0.012212,20,7.3,-0.00115361,2.48433,1,-0.0290175,0.5,0,-0.53647,0,0,0.0102051,21,7.3,-1.11652,0.557951,1,0.280471,-0.477551,0,-0.349991,0.421062,0,0.0147732,22,7.3,-1.77061,0.000782898,1,-0.5,-0.0104393,0,7.45058e-06,-0.146392,0,0.0131036,23,7.3,2.39567,-3,1,0.499919,0,0,-0.00320375,0,0,0.00580748,24,7.3,2.99968,-5.94193e-06,1,-0.0061024,1.46572e-05,0,-0.0607222,7.19473e-06,0,0.00577936,25,7.3,1.69955,-1.00259,1,0.491833,0.0337535,0,0.0196546,-0.124183,0,0.0116407,26,7.3,2.00147,2.62503,1,0.00136755,-0.417808,0,-0.00520051,-0.255406,0,0.0107297,27,7.3,-2.63394,2.99994,1,0.500001,0.00061132,0,-2.98023e-05,-0.00424683,0,0.00592906,28,7.3,1.38881,-2.99971,1,0.5,0.00847839,0,-7.45058e-06,0.158682,0,0.00793643,29,7.3,-0.369942,1.01298,1,-0.5,0.104751,0,0,0.869766,0,0.0156421,30,7.3,-0.670162,1.94069,1,0.5,0.216198,0,7.45058e-06,-0.239223,0,0.0115619,31,7.3,-1.99948,2.58053,1,0.000361539,-0.5,0,-0.00344962,0,0,0.00951442,32,7.3,0.570403,0.0010459,1,-0.499152,0.000973745,0,-0.0253804,-0.00426473,0,0.0139855,33,7.3,2.12948,1.00092,1,-0.362033,-0.0029128,0,0.445515,0.00350177,0,0.00986424,34,7.3,1.57338,2.01724,1,-0.49441,-0.00311211,0,-0.0762343,-0.116825,0,0.010814,35,7.3,2.00374,0.0812493,1,0.0183187,-0.299066,0,-0.121266,0.500738,0,0.00813809
0,7.4,-2.6745,-1.98601,1,0.317943,-0.016126,0,-0.212431,-0.0698566,0,0.0108795,1,7.4,-2.001,-2.32568,1,0.00674129,-0.310534,0,0.00393391,0.213385,0,0.00980012,2,7.4,3,-2.00362,1,2.98023e-05,-0.0498652,0,-0.000238419,-0.395894,0,0.00524437,3,7.4,-2.02032,1.47376,1,0.00773668,-0.500003,0,0.110388,5.96046e-05,0,0.0106043,4,7.4,-0.0280217,-0.510171,1,0.000351761,-0.5,0,0.109601,-2.98023e-05,0,0.0128786,5,7.4,2.99999,1.13729,1,-2.38419e-05,-0.365907,0,0.000119209,0.436306,0,0.00863649,6,7.4,-2.99996,2.38169,1,-2.38419e-05,0.47943,0,-0.000119209,0.177026,0,0.00601776,7,7.4,-0.785124,-1.98765,1,-0.433938,0.128195,0,0.338435,0.706434,0,0.0132598,8,7.4,-1.00563,-1.05988,1,-0.00356436,0.416011,0,0.0715256,0.116825,0,0.0114775,9,7.4,-2.99977,-2.67327,1,0.00418425,0.313824,0,0.0534058,-0.215173,0,0.00577599,10,7.4,-2.0011,-1.01243,1,0.00832081,-0.0303268,0,-0.0115633,0.233829,0,0.0116084,11,7.4,0.412944,-1.1559,1,0.5,-0.447309,0,-1.43051e-05,-0.476062,0,0.0128004,12,7.4,2.99998,-1.00369,1,-0.000202656,-0.0494927,0,-0.000834465,-0.39643,0,0.0067737,13,7.4,1.34012,3,1,0.422707,0,0,-0.0395179,0,0,0.0067599,14,7.4,-2.27541,-2.99902,1,-0.400501,-0.0123322,0,0.28336,0.100732,0,0.00743292,15,7.4,1.97558,-1.94915,1,0.074181,-0.182325,0,-0.101447,0.890255,0,0.00979659,16,7.4,0.519418,-1.99991,1,-0.5,1.78814e-05,0,1.43051e-05,-0.000655651,0,0.0108261,17,7.4,1.00127,0.578968,1,0.000751019,-0.475213,0,-0.00441074,-0.182867,0,0.0104428,18,7.4,-2.99793,1.3982,1,0.00469685,0.500003,0,-0.010252,-5.96046e-05,0,0.00839794,19,7.4,0.999969,1.49019,1,-2.98023e-05,-0.499049,0,0.000327826,-0.0140667,0,0.0109005,20,7.4,-0.00732596,2.53433,1,-0.0993921,0.5,0,-0.834971,0,0,0.00947963,21,7.4,-1.09022,0.512805,1,0.245661,-0.420942,0,-0.346661,0.687435,0,0.0138777,22,7.4,-1.82061,-0.00118441,1,-0.500003,-0.0306522,0,5.96046e-05,-0.251182,0,0.0109507,23,7.4,2.44562,-3,1,0.498718,0,0,-0.02563,0,0,0.00681071,24,7.4,2.99883,-4.46303e-06,1,-0.0101388,1.47087e-05,0,-0.0220537,-5.52653e-06,0,0.005334,25,7.4,1.7489,-0.999792,1,0.495577,0.0225261,0,0.0447631,-0.100732,0,0.00932467,26,7.4,2.00158,2.5819,1,0.000870228,-0.445092,0,-0.00452995,-0.275493,0,0.0103925,27,7.4,-2.58394,2.99999,1,0.5,0.00025034,0,0,-0.00286102,0,0.00458919,28,7.4,1.43881,-2.99788,1,0.500003,0.029707,0,-5.96046e-05,0.256181,0,0.00837335,29,7.4,-0.419942,1.02815,1,-0.5,0.200683,0,1.43051e-05,1.00005,0,0.0126476,30,7.4,-0.620162,1.96134,1,0.5,0.198978,0,2.98023e-05,-0.113666,0,0.0131065,31,7.4,-1.99946,2.53053,1,5.06639e-05,-0.5,0,-0.00280142,0,0,0.00910634,32,7.4,0.520424,0.00112149,1,-0.5,0.000534987,0,-1.43051e-05,-0.00445161,0,0.0142479,33,7.4,2.09557,1.00065,1,-0.315642,-0.00253618,0,0.478983,0.00405312,0,0.00829753,34,7.4,1.52367,2.01641,1,-0.498992,-0.0127971,0,-0.0201464,-0.0782013,0,0.0109228,35,7.4,2.00501,0.0538636,1,0.00772476,-0.248573,0,-0.0910759,0.505337,0,0.00973121
0,7.5,-2.64374,-1.98791,1,0.297262,-0.021424,0,-0.206009,-0.0370964,0,0.0108795,1,7.5,-2.00032,-2.3557,1,0.00675432,-0.290057,0,-0.00311434,0.201374,0,0.00980012,2,7.5,3,-2.01083,1,1.08033e-05,-0.0961132,0,-0.000163913,-0.509918,0,0.00524437,3,7.5,-2.01906,1.42376,1,0.0169031,-0.499893,0,0.0739694,0.00426173,0,0.0106043,4,7.5,-0.0274696,-0.560171,1,0.0103743,-0.499964,0,0.0906502,0.00144914,0,0.0128786,5,7.5,2.99999,1.10294,1,-1.22935e-05,-0.320548,0,0.000104308,0.467695,0,0.00863649,6,7.5,-2.99997,2.43037,1,-3.39001e-05,0.492781,0,-7.45058e-05,0.0921935,0,0.00601776,7,7.5,-0.826701,-1.97106,1,-0.396467,0.205357,0,0.406634,0.815339,0,0.0132598,8,7.5,-1.00567,-1.01752,1,0.00239648,0.432524,0,0.0484437,0.20019,0,0.0114775,9,7.5,-2.99915,-2.64294,1,0.00778995,0.293127,0,0.0205189,-0.203967,0,0.00577599,10,7.5,-2.00034,-1.01439,1,0.0069892,-0.00980701,0,-0.0147,0.177346,0,0.0116084,11,7.5,0.462939,-1.20259,1,0.499815,-0.482457,0,-0.00567541,-0.235379,0,0.0128004,12,7.5,2.99996,-1.01106,1,-0.000251085,-0.101692,0,-0.000149012,-0.618771,0,0.0067737,13,7.5,1.38254,3,1,0.428711,0,0,0.138961,0,0,0.0067599,14,7.5,-2.31403,-2.99982,1,-0.371788,-0.00418983,0,0.292957,0.0636131,0,0.00743292,15,7.5,1.98248,-1.96272,1,0.0636738,-0.0876209,0,-0.107795,0.980519,0,0.00979659,16,7.5,0.469418,-1.99991,1,-0.5,-3.8743e-05,0,0,-0.000476837,0,0.0108261,17,7.5,1.00133,0.530644,1,0.000293925,-0.490092,0,-0.00466406,-0.112711,0,0.0104428,18,7.5,-2.99752,1.4482,1,0.00356473,0.5,0,-0.0122041,-7.45058e-06,0,0.00839794,19,7.5,0.999967,1.44024,1,-1.39698e-06,-0.499851,0,0.000242144,-0.00251085,0,0.0109005,20,7.5,-0.0217598,2.58417,1,-0.191656,0.495416,0,-0.979371,-0.0895113,0,0.00947963,21,7.5,-1.0674,0.474753,1,0.210802,-0.335594,0,-0.348568,0.960929,0,0.0138777,22,7.5,-1.87061,-0.00568578,1,-0.5,-0.0610508,0,7.45058e-06,-0.351747,0,0.0109507,23,7.5,2.49506,-3,1,0.487214,0,0,-0.198752,0,0,0.00681071,24,7.5,2.99775,-3.03605e-06,1,-0.0109762,1.36833e-05,0,0.00357628,-1.43907e-05,0,0.005334,25,7.5,1.79865,-0.998005,1,0.498975,0.0135913,0,0.0219792,-0.0783578,0,0.00932467,26,7.5,2.00164,2.53609,1,0.000377372,-0.470241,0,-0.00520051,-0.220418,0,0.0103925,27,7.5,-2.53394,3,1,0.5,1.71363e-05,0,0,-0.00181794,0,0.00458919,28,7.5,1.48881,-2.9933,1,0.5,0.064712,0,-7.45058e-06,0.428617,0,0.00837335,29,7.5,-0.469932,1.0532,1,-0.499631,0.299822,0,0.00973597,0.96862,0,0.0126476,30,7.5,-0.570162,1.98093,1,0.5,0.19524,0,0,0.0320897,0,0.0131065,31,7.5,-1.99947,2.48053,1,-0.000198185,-0.5,0,-0.00217557,0,0,0.00910634,32,7.5,0.470425,0.00115293,1,-0.5,9.68283e-05,0,1.78814e-06,-0.00426637,0,0.0142479,33,7.5,2.06643,1.00041,1,-0.266888,-0.00211857,0,0.492215,0.00424683,0,0.00829753,34,7.5,1.47371,2.0148,1,-0.499937,-0.0189904,0,-0.0025183,-0.0467151,0,0.0109228,35,7.5,2.00538,0.031511,1,-2.6077e-06,-0.198787,0,-0.0641495,0.487029,0,0.00973121
0,7.6,-2.61507,-1.99019,1,0.27597,-0.0237405,0,-0.223041,-0.010252,0,0.010429,1,7.6,-1.99966,-2.38368,1,0.00622272,-0.269407,0,-0.00697374,0.214934,0,0.0113933,2,7.6,3,-2.02304,1,0,-0.148422,0,-0.000119209,-0.521064,0,0.00575352,3,7.6,-2.01705,1.37383,1,0.0227273,-0.498298,0,0.0435114,0.0340939,0,0.0105545,4,7.6,-0.0260117,-0.610148,1,0.0184531,-0.49942,0,0.0708392,0.0115633,0,0.0140533,5,7.6,2.99999,1.07325,1,0,-0.272983,0,0,0.480473,0,0.010526,6,7.6,-2.99997,2.48,1,-3.57628e-05,0.498575,0,-0.000119209,0.028491,0,0.00582049,7,7.6,-0.864233,-1.94642,1,-0.353438,0.287369,0,0.450045,0.807464,0,0.0106842,8,7.6,-1.00522,-0.97322,1,0.00626743,0.453749,0,0.0295639,0.214547,0,0.0107702,9,7.6,-2.99831,-2.61466,1,0.00862479,0.272191,0,-0.00214577,-0.218272,0,0.00824138,10,7.6,-1.99971,-1.01457,1,0.00544488,0.00531077,0,-0.015974,0.126004,0,0.0116302,11,7.6,0.512867,-1.25169,1,0.498419,-0.496736,0,-0.0248253,-0.0652671,0,0.0151638,12,7.6,2.99993,-1.02449,1,-0.000244379,-0.168064,0,0.000357628,-0.685632,0,0.0077833,13,7.6,1.42626,3,1,0.446877,0,0,0.208855,0,0,0.00580841,14,7.6,-2.34972,-2.99997,1,-0.341582,0.000679493,0,0.312209,0.0351667,0,0.00635703,15,7.6,1.9883,-1.96658,1,0.0527889,0.00991523,0,-0.109136,0.954926,0,0.011353,16,7.6,0.419418,-1.99992,1,-0.5,-7.7486e-05,0,1.43051e-05,-0.000298023,0,0.010246,17,7.6,1.00133,0.481191,1,-0.000166893,-0.497802,0,-0.00452995,-0.0439727,0,0.0102462,18,7.6,-2.99723,1.4982,1,0.00230074,0.500003,0,-0.0129938,-5.96046e-05,0,0.00848562,19,7.6,0.999968,1.39026,1,1.93715e-05,-0.499558,0,0.000178814,0.00876188,0,0.0108064,20,7.6,-0.0458842,2.63313,1,-0.291141,0.482523,0,-0.999997,-0.166416,0,0.00733036,21,7.6,-1.04805,0.446116,1,0.176302,-0.23657,0,-0.339687,0.999987,0,0.0115874,22,7.6,-1.92061,-0.0136801,1,-0.500003,-0.10002,0,5.96046e-05,-0.42287,0,0.0124142,23,7.6,2.54254,-3,1,0.4601,0,0,-0.338078,0,0,0.00740973,24,7.6,2.99671,-1.75024e-06,1,-0.0097394,1.19403e-05,0,0.0196695,-1.99632e-05,0,0.00644121,25,7.6,1.84861,-0.997003,1,0.5,0.00677705,0,5.96046e-05,-0.0583529,0,0.0107681,26,7.6,2.00165,2.48809,1,-0.000154972,-0.488228,0,-0.00524521,-0.137091,0,0.00976578,27,7.6,-2.48394,2.99999,1,0.5,-0.000113249,0,0,-0.00107288,0,0.00539438,28,7.6,1.53881,-2.98451,1,0.500003,0.112581,0,-5.96046e-05,0.515819,0,0.0086602,29,7.6,-0.519813,1.08781,1,-0.497618,0.389379,0,0.0324249,0.786364,0,0.012256,30,7.6,-0.520162,2.00081,1,0.5,0.204086,0,1.43051e-05,0.138402,0,0.0102487,31,7.6,-1.9995,2.43053,1,-0.00038445,-0.5,0,-0.00166893,0,0,0.00912876,32,7.6,0.420424,0.0011419,1,-0.5,-0.000310203,0,1.43051e-05,-0.00383862,0,0.0164006,33,7.6,2.0422,1.00022,1,-0.217915,-0.00169277,0,0.48399,0.00417233,0,0.00780798,34,7.6,1.42371,2.01271,1,-0.500003,-0.0223398,0,5.96046e-05,-0.0213385,0,0.0108088,35,7.6,2.0051,0.0140138,1,-0.00523925,-0.151759,0,-0.0411272,0.450939,0,0.00953039
0,7.7,-2.58853,-1.99258,1,0.255144,-0.0237331,0,-0.198543,0.00944734,0,0.010429,1,7.7,-1.99908,-2.40961,1,0.00531524,-0.249564,0,-0.0106692,0.187412,0,0.0113933,2,7.7,3,-2.04051,1,-8.19564e-06,-0.200768,0,-2.98023e-05,-0.512958,0,0.00575352,3,7.7,-2.01461,1.32425,1,0.0258118,-0.492188,0,0.0190139,0.0923499,0,0.0105545,4,7.7,-0.0238454,-0.659967,1,0.0245425,-0.49615,0,0.0509514,0.0594482,0,0.0140533,5,7.7,2.99999,1.0479,1,3.72529e-07,-0.238112,0,1.49012e-05,0.234962,0,0.010526,6,7.7,-2.99998,2.52994,1,-4.39584e-05,0.499911,0,-2.98023e-05,0.00356138,0,0.00582049,7,7.7,-0.89729,-1.91382,1,-0.307434,0.362545,0,0.466928,0.685312,0,0.0106842,8,7.7,-1.00447,-0.92677,1,0.00849981,0.474904,0,0.015609,0.195105,0,0.0107702,9,7.7,-2.99748,-2.58847,1,0.00771917,0.252043,0,-0.0148863,-0.190228,0,0.00824138,10,7.7,-1.99925,-1.01349,1,0.00386164,0.0155769,0,-0.0155121,0.0806004,0,0.0116302,11,7.7,0.562508,-1.30156,1,0.493623,-0.499796,0,-0.0714846,-0.00815839,0,0.0151638,12,7.7,2.99991,-1.04479,1,-0.000198558,-0.238075,0,0.000551343,-0.700213,0,0.0077833,13,7.7,1.472,3,1,0.467771,0,0,0.199236,0,0,0.00580841,14,7.7,-2.38236,-2.99976,1,-0.311581,0.00320002,0,0.290766,0.0161827,0,0.00635703,15,7.7,1.99304,-1.96087,1,0.0421079,0.103376,0,-0.104092,0.899903,0,0.011353,16,7.7,0.369513,-1.99993,1,-0.497084,-0.000100583,0,0.0605284,-0.000178814,0,0.010246,17,7.7,1.00129,0.431278,1,-0.000583008,-0.499802,0,-0.00378489,-0.00305116,0,0.0102462,18,7.7,-2.99706,1.5482,1,0.00101067,0.5,0,-0.0126511,-7.45058e-06,0,0.00848562,19,7.7,0.998981,1.34055,1,-0.0285922,-0.49264,0,-0.530392,0.126518,0,0.0108064,20,7.7,-0.0797212,2.68042,1,-0.382269,0.462058,0,-0.801468,-0.240117,0,0.00733036,21,7.7,-1.03208,0.427459,1,0.143331,-0.136571,0,-0.318646,0.999998,0,0.0115874,22,7.7,-1.97061,-0.0260968,1,-0.5,-0.150915,0,7.45058e-06,-0.579163,0,0.0124142,23,7.7,2.58645,-3,1,0.414387,0,0,-0.558957,0,0,0.00740973,24,7.7,2.99532,-6.61335e-07,1,-0.0223003,9.7948e-06,0,-0.244349,-2.25465e-05,0,0.00644121,25,7.7,1.89861,-0.996588,1,0.5,0.00181571,0,-1.49012e-05,-0.0411868,0,0.0107681,26,7.7,2.00161,2.43873,1,-0.000645965,-0.497587,0,-0.00452995,-0.0540167,0,0.00976578,27,7.7,-2.43394,2.99998,1,0.499938,-0.000187382,0,-0.00247359,-0.000432134,0,0.00539438,28,7.7,1.58872,-2.97049,1,0.497338,0.169242,0,-0.0543222,0.60381,0,0.0086602,29,7.7,-0.569308,1.13018,1,-0.49124,0.452934,0,0.0942275,0.484608,0,0.012256,30,7.7,-0.470162,2.02207,1,0.5,0.222524,0,-1.78814e-06,0.228286,0,0.0102487,31,7.7,-1.99954,2.3806,1,-0.000519678,-0.497782,0,-0.00104308,0.0475645,0,0.00912876,32,7.7,0.370518,0.00109303,1,-0.497147,-0.000653879,0,0.0593568,-0.00303457,0,0.0164006,33,7.7,2.02233,1.00008,1,-0.183962,-0.00128848,0,0.21401,0.00390783,0,0.00780798,34,7.7,1.37379,2.0104,1,-0.497351,-0.023444,0,0.0555441,-0.00160933,0,0.0108088,35,7.7,2.0044,0.00154058,1,-0.00837892,-0.0939805,0,-0.0223815,0.675083,0,0.00953039
0,7.8,-2.564,-1.99488,1,0.235415,-0.0220329,0,-0.199437,0.0237226,0,0.0111312,1,7.8,-1.99861,-2.43364,1,0.00417829,-0.23101,0,-0.0117421,0.187278,0,0.0116521,2,7.8,3,-2.06305,1,-1.19209e-05,-0.248754,0,-0.000119209,-0.436902,0,0.00642428,3,7.8,-2.01196,1.27562,1,0.0266969,-0.479144,0,-0.000596046,0.171125,0,0.0103742,4,7.8,-0.0211692,-0.709168,1,0.0286554,-0.486603,0,0.0314247,0.135183,0,0.0132569,5,7.8,2.99999,1.02499,1,5.96046e-06,-0.222716,0,-0.000119209,0.0878572,0,0.00621987,6,7.8,-2.99998,2.57994,1,-4.76837e-05,0.5,0,0,0,0,0.00661698,7,7.8,-0.925693,-1.87441,1,-0.260629,0.422823,0,0.466496,0.514925,0,0.0122728,8,7.8,-1.00356,-0.878416,1,0.00948608,0.49091,0,0.00464916,0.119776,0,0.0107494,9,7.8,-2.9968,-2.56421,1,0.00584722,0.233227,0,-0.0218153,-0.19002,0,0.0080021,10,7.8,-1.99894,-1.01159,1,0.00237525,0.0216842,0,-0.0141263,0.0427961,0,0.0127609,11,7.8,0.611433,-1.35156,1,0.484063,-0.500003,0,-0.119895,5.96046e-05,0,0.0143356,12,7.8,2.99989,-1.07202,1,-0.000137091,-0.305524,0,0.000476837,-0.637412,0,0.00956677,13,7.8,1.5197,3,1,0.485215,0,0,0.144422,0,0,0.00552838,14,7.8,-2.41208,-2.99938,1,-0.282925,0.00409484,0,0.284433,0.0026226,0,0.00870451,15,7.8,1.99674,-1.94623,1,0.0320435,0.187394,0,-0.0969172,0.769794,0,0.012651,16,7.8,0.320223,-1.99994,1,-0.48754,-0.000110269,0,0.131682,-0.000119209,0,0.0121757,17,7.8,1.00122,0.381318,1,-0.000920892,-0.499023,0,-0.00298023,0.0195205,0,0.0119925,18,7.8,-2.99702,1.5982,1,-0.000208616,0.500003,0,-0.0115633,-5.96046e-05,0,0.00988517,19,7.8,0.992883,1.29209,1,-0.0983492,-0.474864,0,-0.829667,0.22608,0,0.0160227,20,7.8,-0.121502,2.72533,1,-0.448615,0.435042,0,-0.518345,-0.297666,0,0.00825829,21,7.8,-1.0193,0.418802,1,0.112766,-0.0365704,0,-0.291884,0.999987,0,0.0138131,22,7.8,-2.02061,-0.0442326,1,-0.5,-0.212948,0,0,-0.64832,0,0.0133278,23,7.8,2.62485,-3,1,0.351483,0,0,-0.684619,0,0,0.00927086,24,7.8,2.99162,2.039e-07,1,-0.0538766,7.50298e-06,0,-0.366569,-2.29704e-05,0,0.00723847,25,7.8,1.94861,-0.996586,1,0.500003,-0.0015229,0,-5.96046e-05,-0.025928,0,0.0124087,26,7.8,2.00153,2.38881,1,-0.00106096,-0.5,0,-0.00369549,0,0,0.0093099,27,7.8,-2.38398,2.99996,1,0.49901,-0.000208616,0,-0.019908,0,0,0.00597371,28,7.8,1.63809,-2.9505,1,0.488967,0.230837,0,-0.113726,0.616789,0,0.0084638,29,7.8,-0.617865,1.17742,1,-0.478958,0.487334,0,0.150412,0.213683,0,0.0132298,30,7.8,-0.420162,2.04559,1,0.5,0.249273,0,-1.43051e-05,0.304222,0,0.0137291,31,7.8,-1.9996,2.33116,1,-0.000596046,-0.48995,0,-0.000596046,0.111341,0,0.00888261,32,7.8,0.321214,0.0010138,1,-0.487758,-0.00091737,0,0.129834,-0.00223823,0,0.0133201,33,7.8,2.00469,0.999966,1,-0.171649,-0.000916421,0,0.0479817,0.00354648,0,0.0136434,34,7.8,1.32444,2.00808,1,-0.488466,-0.0228345,0,0.123799,0.0132322,0,0.0144549,35,7.8,2.00348,-0.00431269,1,-0.00985265,-0.0219779,0,-0.0077486,0.742177,0,0.0109329
0,7.9,-2.54137,-1.99695,1,0.218087,-0.0192089,0,-0.15372,0.0320598,0,0.0111312,1,7.9,-1.99825,-2.4559,1,0.00294857,-0.214996,0,-0.0124872,0.139967,0,0.0116521,2,7.9,2.99999,-2.09,1,-1.8999e-05,-0.288933,0,-4.47035e-05,-0.359431,0,0.00642428,3,7.9,-2.00932,1.22875,1,0.025842,-0.456501,0,-0.0157207,0.278659,0,0.0103742,4,7.9,-0.0181843,-0.757301,1,0.0306836,-0.477277,0,0.00991975,0.0620559,0,0.0132569,5,7.9,2.99999,1.0028,1,-2.23517e-06,-0.224012,0,-2.98023e-05,-0.0945963,0,0.00621987,6,7.9,-2.99998,2.62984,1,-4.58211e-05,0.496965,0,4.47035e-05,-0.0631511,0,0.00661698,7,7.9,-0.949468,-1.82984,1,-0.215335,0.465456,0,0.438392,0.334509,0,0.0122728,8,7.9,-1.0026,-0.828869,1,0.00955947,0.498657,0,-0.00284612,0.0382364,0,0.0107494,9,7.9,-2.99632,-2.54174,1,0.0035461,0.216898,0,-0.0236481,-0.143483,0,0.0080021,10,7.9,-1.99877,-1.00926,1,0.00107102,0.0243932,0,-0.011906,0.0127107,0,0.0127609,11,7.9,0.659149,-1.40156,1,0.469369,-0.5,0,-0.173543,7.45058e-06,0,0.0143356,12,7.9,2.99988,-1.10569,1,-8.71718e-05,-0.366886,0,0.000536442,-0.579789,0,0.00956677,13,7.9,1.56883,3,1,0.496236,0,0,0.0744835,0,0,0.00552838,14,7.9,-2.43908,-2.99897,1,-0.258235,0.00392832,0,0.217602,-0.00534952,0,0.00870451,15,7.9,1.99948,-1.92384,1,0.0229679,0.258103,0,-0.0846535,0.63695,0,0.012651,16,7.9,0.271847,-1.99995,1,-0.482339,-0.000151247,0,-0.0105939,-0.000804663,0,0.0121757,17,7.9,1.00111,0.33142,1,-0.00116117,-0.499437,0,-0.00186265,-0.0122039,0,0.0119925,18,7.9,-2.9971,1.64807,1,-0.00125542,0.495976,0,-0.00935793,-0.0811145,0,0.00988517,19,7.9,0.978569,1.2459,1,-0.190365,-0.447437,0,-0.978712,0.318013,0,0.0160227,20,7.9,-0.168463,2.76727,1,-0.485826,0.403053,0,-0.233744,-0.339806,0,0.00825829,21,7.9,-1.00943,0.420144,1,0.0853205,0.063429,0,-0.256874,0.999998,0,0.0138131,22,7.9,-2.07061,-0.0690737,1,-0.5,-0.286001,0,0,-0.777093,0,0.0133278,23,7.9,2.6562,-3,1,0.27243,0,0,-0.870734,0,0,0.00927086,24,7.9,2.98415,6.73507e-07,1,-0.0974923,-1.9162e-06,0,-0.486583,-0.000248953,0,0.00723847,25,7.9,1.99861,-0.996849,1,0.499952,-0.00355309,0,-0.0019297,-0.0148453,0,0.0124087,26,7.9,2.00104,2.33897,1,-0.012026,-0.495163,0,-0.200212,0.0962317,0,0.0093099,27,7.9,-2.33425,2.99994,1,0.494692,-0.00019148,0,-0.0715554,0.000327826,0,0.00597371,28,7.9,1.68627,-2.92433,1,0.473155,0.292412,0,-0.199981,0.605449,0,0.0084638,29,7.9,-0.664908,1.22686,1,-0.460945,0.498712,0,0.208214,0.0415742,0,0.0132298,30,7.9,-0.370252,2.07253,1,0.49719,0.293314,0,-0.059815,0.542223,0,0.0137291,31,7.9,-1.99966,2.28284,1,-0.000632368,-0.475337,0,-0.000156462,0.182375,0,0.00888261,32,7.9,0.273207,0.000912153,1,-0.471143,-0.00110285,0,0.203336,-0.00147644,0,0.0133201,33,7.9,1.98693,0.999891,1,-0.190968,-0.000592414,0,-0.39719,0.00293925,0,0.0136434,34,7.9,1.27598,2.00587,1,-0.482935,-0.0210904,0,-0.000283122,0.0209808,0,0.0144549,35,7.9,2.00247,-0.00267222,1,-0.0100449,0.0555831,0,0.00339746,0.790336,0,0.0109329
0,8,-2.52029,-1.9987,1,0.203544,-0.0157535,0,-0.141621,0.036478,0,0.0107225,1,8,-1.99802,-2.47673,1,0.00174642,-0.201821,0,-0.0113249,0.128388,0,0.00931862,2,8,2.99999,-2.12051,1,-2.38419e-05,-0.319421,0,0.000119209,-0.245571,0,0.00578672,3,8,-2.00684,1.18465,1,0.0237048,-0.424048,0,-0.026226,0.367105,0,0.0129832,4,8,-0.0150965,-0.804765,1,0.030789,-0.472261,0,-0.00709668,0.0468791,0,0.014519,5,8,2.99999,0.979756,1,-5.96046e-06,-0.238176,0,0,-0.173301,0,0.00985576,6,8,-2.99999,2.6791,1,-3.57628e-05,0.486982,0,-0.000119209,-0.138164,0,0.00704022,7,8,-0.968863,-1.78193,1,-0.173131,0.48987,0,0.404865,0.158489,0,0.00950936,8,8,-1.00167,-0.778904,1,0.0089854,0.5,0,-0.00840425,2.98023e-05,0,0.0103197,9,8,-2.99609,-2.52074,1,0.00121593,0.203341,0,-0.0225306,-0.132442,0,0.00645077,10,8,-1.99872,-1.0068,1,2.98023e-06,0.0244766,0,-0.00947714,-0.00989437,0,0.013053,11,8,0.705132,-1.45156,1,0.449461,-0.500003,0,-0.223994,5.96046e-05,0,0.0122907,12,8,2.99988,-1.14511,1,-3.57628e-05,-0.419718,0,0.000596046,-0.469208,0,0.00888339,13,8,1.6187,3,1,0.499976,0,0,0.000476837,0,0,0.00653674,14,8,-2.46387,-2.99862,1,-0.237995,0.0031352,0,0.193119,-0.0101328,0,0.00713106,15,8,2.00138,-1.89512,1,0.0150979,0.313559,0,-0.0728369,0.46736,0,0.0124147,16,8,0.223438,-1.99997,1,-0.486742,-0.000289083,0,-0.065341,-0.00208616,0,0.0128669,17,8,1.00099,0.281437,1,-0.00129938,-0.5,0,-0.00089407,7.15256e-06,0,0.013118,18,8,-2.99726,1.69712,1,-0.0020802,0.483719,0,-0.00715256,-0.164151,0,0.00790224,19,8,0.954575,1.20287,1,-0.289832,-0.412112,0,-1.00002,0.38439,0,0.0139649,20,8,-0.217832,2.80582,1,-0.498235,0.367534,0,-0.0353003,-0.368476,0,0.0058838,21,8,-1.00212,0.431487,1,0.0614107,0.163429,0,-0.221252,0.999987,0,0.0102448,22,8,-2.12061,-0.101535,1,-0.5,-0.362322,0,0,-0.724514,0,0.0112282,23,8,2.67895,-3,1,0.181907,0,0,-0.9197,0,0,0.00809153,24,8,2.9719,-1.70563e-06,1,-0.14776,-5.66562e-05,0,-0.503778,-0.000905995,0,0.00879065,25,8,2.04858,-0.997261,1,0.499231,-0.00452697,0,-0.015378,-0.00485778,0,0.0131979,26,8,1.99861,2.29009,1,-0.0382662,-0.480908,0,-0.311494,0.187993,0,0.009884,27,8,-2.28526,2.99992,1,0.483865,-0.000154972,0,-0.148416,0.000596046,0,0.00652613,28,8,1.73246,-2.89214,1,0.449464,0.350255,0,-0.27144,0.543833,0,0.00852125,29,8,-0.709877,1.27683,1,-0.437634,0.500003,0,0.256449,-5.96046e-05,0,0.0120985,30,8,-0.320956,2.10473,1,0.487461,0.351691,0,-0.136897,0.599623,0,0.0111836,31,8,-1.99973,2.23634,1,-0.000628829,-0.453281,0,0.000178814,0.259042,0,0.00826462,32,8,0.227236,0.000795709,1,-0.447014,-0.00121401,0,0.279166,-0.00075504,0,0.0131732,33,8,1.96536,0.999845,1,-0.244266,-0.000327826,0,-0.63777,0.00238419,0,0.0162153,34,8,1.22756,2.00388,1,-0.486255,-0.0187635,0,-0.0562072,0.0251532,0,0.0161017,35,8,2.0015,0.00678861,1,-0.00926852,0.132769,0,0.0118017,0.738888,0,0.0142455
0,8.1,-2.50051,-2.0001,1,0.193321,-0.0120759,0,-0.0722706,0.0366867,0,0.0107225,1,8.1,-1.9979,-2.49641,1,0.000643171,-0.192962,0,-0.0104681,0.0585914,0,0.00931862,2,8.1,2.99999,-2.15357,1,-1.22935e-05,-0.3405,0,0.000104308,-0.170842,0,0.00578672,3,8.1,-2.00461,1.14419,1,0.0207365,-0.384008,0,-0.0325739,0.430703,0,0.0129832,4,8.1,-0.0120759,-0.851935,1,0.0294168,-0.472569,0,-0.0195057,-0.0401661,0,0.014519,5,8.1,2.99999,0.954929,1,-4.47035e-06,-0.259441,0,2.98023e-05,-0.237778,0,0.00985576,6,8.1,-2.99999,2.72697,1,-3.91155e-05,0.469172,0,4.47035e-05,-0.21857,0,0.00704022,7,8.1,-0.984218,-1.7324,1,-0.134654,0.498815,0,0.36427,0.0363514,0,0.00950936,8,8.1,-1.00153,-0.728904,1,-0.0126438,0.5,0,-0.400104,0,0,0.0103197,9,8.1,-2.99607,-2.50093,1,-0.000874698,0.193973,0,-0.0191033,-0.0645965,0,0.00645077,10,8.1,-1.99876,-1.00443,1,-0.000813603,0.0226635,0,-0.00688434,-0.0253022,0,0.013053,11,8.1,0.748849,-1.50156,1,0.423852,-0.5,0,-0.28564,7.45058e-06,0,0.0122907,12,8.1,2.99987,-1.18921,1,1.8999e-05,-0.459915,0,0.000521541,-0.332497,0,0.00888339,13,8.1,1.66852,2.99961,1,0.494707,-0.0112642,0,-0.104606,-0.209078,0,0.00653674,14,8.1,-2.48686,-2.99836,1,-0.223175,0.00204332,0,0.113726,-0.0114292,0,0.00713106,15,8.1,2.00255,-1.86163,1,0.00856258,0.354112,0,-0.0582486,0.339292,0,0.0124147,16,8.1,0.174371,-2.00001,1,-0.49471,-0.000440143,0,-0.0737523,-0.000976026,0,0.0128669,17,8.1,1.00086,0.231437,1,-0.00135135,-0.5,0,-0.000171363,0,0,0.013118,18,8.1,-2.9975,1.74454,1,-0.0026837,0.463395,0,-0.00494719,-0.242047,0,0.00790224,19,8.1,0.920774,1.16365,1,-0.383488,-0.371552,0,-0.839483,0.423595,0,0.0139649,20,8.1,-0.267764,2.8407,1,-0.49989,0.329736,0,-0.00440896,-0.385448,0,0.0058838,21,8.1,-0.997024,0.452663,1,0.0410824,0.25809,0,-0.185411,0.881044,0,0.0102448,22,8.1,-2.17061,-0.141088,1,-0.5,-0.425575,0,0,-0.534293,0,0.0112282,23,8.1,2.6924,-3,1,0.0858881,0,0,-0.981599,0,0,0.00809153,24,8.1,2.95457,-1.21318e-05,1,-0.198734,-0.000157787,0,-0.502631,-0.00125697,0,0.00879065,25,8.1,2.09849,-0.99773,1,0.499279,-0.004745,0,0.00829995,0.000502914,0,0.0131979,26,8.1,1.99269,2.24312,1,-0.0850061,-0.456782,0,-0.595711,0.290453,0,0.009884,27,8.1,-2.23781,2.99991,1,0.463351,-9.38773e-05,0,-0.259042,0.000625849,0,0.00652613,28,8.1,1.77593,-2.85452,1,0.418839,0.400973,0,-0.337675,0.465557,0,0.00852125,29,8.1,-0.752287,1.32683,1,-0.409905,0.499959,0,0.296559,-0.00163913,0,0.0120985,30,8.1,-0.273104,2.14292,1,0.467597,0.411501,0,-0.255267,0.566244,0,0.0111836,31,8.1,-1.99979,2.19247,1,-0.000595674,-0.422734,0,0.000461936,0.348195,0,0.00826462,32,8.1,0.184081,0.000671776,1,-0.414672,-0.00125281,0,0.363849,-4.43801e-05,0,0.0131732,33,8.1,1.93745,0.999823,1,-0.31599,-0.000119768,0,-0.756539,0.00178814,0,0.0162153,34,8.1,1.1786,2.00213,1,-0.493178,-0.0161,0,-0.0691414,0.0278354,0,0.0161017,35,8.1,2.00064,0.0237616,1,-0.00789091,0.206401,0,0.0157356,0.72174,0,0.0142455
0,8.2,-2.48149,-2.00112,1,0.187457,-0.0084877,0,-0.0520945,0.0350475,0,0.0103925,1,8.2,-1.99788,-2.51546,1,-0.000301003,-0.188404,0,-0.00822544,0.0395775,0,0.0096285,2,8.2,2.99999,-2.18832,1,-5.96046e-06,-0.352746,0,0.000238419,-0.0708103,0,0.00575286,3,8.2,-2.00271,1.10803,1,0.0173032,-0.338528,0,-0.0357628,0.475705,0,0.0106986,4,8.2,-0.00924645,-0.899447,1,0.027044,-0.477968,0,-0.0272289,-0.0573993,0,0.0131029,5,8.2,2.99999,0.927787,1,0,-0.283207,0,0,-0.226527,0,0.00951868,6,8.2,-3,2.77266,1,-2.98023e-05,0.443256,0,0.000119209,-0.299454,0,0.00553131,7,8.2,-0.995933,-1.68242,1,-0.100343,0.500003,0,0.321716,-5.96046e-05,0,0.0114186,8,8.2,-1.00527,-0.678904,1,-0.0665039,0.5,0,-0.655949,2.98023e-05,0,0.0162594,9,8.2,-2.99625,-2.48181,1,-0.00257492,0.18875,0,-0.014782,-0.04673,0,0.00680859,10,8.2,-1.99887,-1.00231,1,-0.00137687,0.0196129,0,-0.00452995,-0.0347495,0,0.00933427,11,8.2,0.789722,-1.55156,1,0.392821,-0.500003,0,-0.332594,5.96046e-05,0,0.0118664,12,8.2,2.99988,-1.23662,1,5.96046e-05,-0.485969,0,0.000476837,-0.18841,0,0.00685773,13,8.2,1.71731,2.99721,1,0.479335,-0.0388145,0,-0.201225,-0.328302,0,0.00612845,14,8.2,-2.50867,-2.99821,1,-0.21345,0.000905991,0,0.0883341,-0.0113249,0,0.00724335,15,8.2,2.00313,-1.82476,1,0.00337958,0.380728,0,-0.0460148,0.190616,0,0.00957738,16,8.2,0.124622,-2.00005,1,-0.499252,-0.000494719,0,-0.0149566,0,0,0.0140447,17,8.2,1.00072,0.181437,1,-0.00133812,-0.5,0,0.000417233,0,0,0.0132381,18,8.2,-2.99779,1.78955,1,-0.00306964,0.43543,0,-0.00274181,-0.316262,0,0.00785285,19,8.2,0.878695,1.12866,1,-0.453034,-0.328004,0,-0.538141,0.444531,0,0.0104447,20,8.2,-0.317762,2.87173,1,-0.5,0.290823,0,1.43051e-05,-0.390649,0,0.00713202,21,8.2,-0.993784,0.482597,1,0.0242978,0.337566,0,-0.150532,0.699982,0,0.0116231,22,8.2,-2.22061,-0.185971,1,-0.5,-0.468598,0,0,-0.326604,0,0.010232,23,8.2,2.69611,-3,1,-0.0108659,0,0,-0.936985,0,0,0.00923424,24,8.2,2.93228,-3.57257e-05,1,-0.245988,-0.000331966,0,-0.432611,-0.00232541,0,0.010696,25,8.2,2.14844,-0.998193,1,0.499481,-0.00443012,0,-0.0104904,0.00578165,0,0.0119238,26,8.2,1.98093,2.19904,1,-0.152341,-0.42361,0,-0.727892,0.36931,0,0.012563,27,8.2,-2.19293,2.9999,1,0.432646,-3.57628e-05,0,-0.351906,0.000596046,0,0.00686544,28,8.2,1.81604,-2.81226,1,0.382578,0.442493,0,-0.38439,0.360966,0,0.00814878,29,8.2,-0.79174,1.3768,1,-0.378631,0.499344,0,0.327408,-0.013113,0,0.0167742,30,8.2,-0.227781,2.18666,1,0.437386,0.460416,0,-0.344284,0.396967,0,0.00921445,31,8.2,-1.99984,2.15205,1,-0.000539422,-0.384378,0,0.000715256,0.415564,0,0.00837466,32,8.2,0.144546,0.000547285,1,-0.374993,-0.00122743,0,0.426043,0.000529867,0,0.0149219,33,8.2,1.90214,0.999819,1,-0.388917,3.27826e-05,0,-0.675619,0.0012517,0,0.0120021,34,8.2,1.12899,2.00067,1,-0.498411,-0.0132442,0,-0.0317693,0.0289083,0,0.0120846,35,8.2,1.99993,0.0478984,1,-0.00613034,0.27497,0,0.0193119,0.640178,0,0.0133092
0,8.3,-2.46279,-2.0018,1,0.188331,-0.00519976,0,0.0546575,0.0306368,0,0.0103925,1,8.3,-1.99795,-2.53426,1,-0.00103787,-0.18889,0,-0.0063777,-0.0392795,0,0.0096285,2,8.3,2.99999,-2.22394,1,1.11759e-05,-0.359526,0,0.000119209,-0.0570416,0,0.00575286,3,8.3,-2.00116,1.0766,1,0.0137024,-0.289544,0,-0.035882,0.49974,0,0.0106986,4,8.3,-0.00663863,-0.947603,1,0.0254678,-0.485621,0,-0.00588224,-0.0866801,0,0.0131029,5,8.3,2.99999,0.898348,1,1.49012e-06,-0.305218,0,2.98023e-05,-0.205085,0,0.00951868,6,8.3,-3,2.81533,1,-1.63913e-05,0.408606,0,0.000149012,-0.389054,0,0.00553131,7,8.3,-1.00444,-1.63242,1,-0.070653,0.5,0,0.272553,-7.45058e-06,0,0.0114186,8,8.3,-1.01587,-0.628904,1,-0.150377,0.5,0,-0.956997,0,0,0.0162594,9,8.3,-2.99657,-2.46301,1,-0.00378117,0.188439,0,-0.00947714,0.0305772,0,0.00680859,10,8.3,-1.99903,-1.00053,1,-0.00171848,0.0158939,0,-0.00235438,-0.038933,0,0.00933427,11,8.3,0.827285,-1.60152,1,0.357907,-0.498904,0,-0.363693,0.0266954,0,0.0118664,12,8.3,2.99989,-1.28592,1,9.90927e-05,-0.497732,0,0.000327826,-0.0567511,0,0.00685773,13,8.3,1.76405,2.99134,1,0.453847,-0.081405,0,-0.304021,-0.504255,0,0.00612845,14,8.3,-2.52974,-2.99817,1,-0.209289,-0.000132248,0,0.0051111,-0.00940263,0,0.00724335,15,8.3,2.00326,-1.78582,1,-0.000528619,0.396942,0,-0.032708,0.127658,0,0.00957738,16,8.3,0.0746512,-2.0001,1,-0.499953,-0.000472367,0,-0.00187002,0.000417233,0,0.0140447,17,8.3,1.00059,0.131437,1,-0.00127479,-0.5,0,0.000834465,-1.3411e-06,0,0.0132381,18,8.3,-2.99811,1.83137,1,-0.00323392,0.399781,0,-0.000610948,-0.392668,0,0.00785285,19,8.3,0.831275,1.09808,1,-0.489931,-0.283564,0,-0.213165,0.442386,0,0.0104447,20,8.3,-0.367762,2.89887,1,-0.5,0.251985,0,0,-0.384688,0,0.00713202,21,8.3,-0.992051,0.518914,1,0.0109255,0.380042,0,-0.117131,0.175083,0,0.0116231,22,8.3,-2.27061,-0.234132,1,-0.5,-0.491514,0,0,-0.140379,0,0.010232,23,8.3,2.69027,-3,1,-0.105993,0,0,-0.945687,0,0,0.00923424,24,8.3,2.90555,-8.11002e-05,1,-0.287792,-0.000585775,0,-0.393182,-0.00293443,0,0.010696,25,8.3,2.19838,-0.998606,1,0.499532,-0.00381693,0,0.00651181,0.00664592,0,0.0119238,26,8.3,1.96184,2.15864,1,-0.230826,-0.383361,0,-0.817038,0.43115,0,0.012563,27,8.3,-2.15111,2.9999,1,0.406479,1.86265e-05,0,-0.188097,0.000506639,0,0.00686544,28,8.3,1.85232,-2.76639,1,0.342697,0.472764,0,-0.410706,0.243202,0,0.00814878,29,8.3,-0.827959,1.42633,1,-0.345664,0.487967,0,0.332758,-0.207126,0,0.0167742,30,8.3,-0.185868,2.23437,1,0.400176,0.490453,0,-0.386719,0.193417,0,0.00921445,31,8.3,-1.99989,2.11629,1,-0.000463612,-0.325635,0,0.000797212,0.728592,0,0.00837466,32,8.3,0.109246,0.00042795,1,-0.330411,-0.00115218,0,0.462434,0.000955518,0,0.0149219,33,8.3,1.86016,0.999828,1,-0.447319,0.000136439,0,-0.479013,0.00083074,0,0.0120021,34,8.3,1.07905,1.99948,1,-0.4999,-0.0104312,0,-0.00397116,0.027284,0,0.0120846,35,8.3,1.99943,0.0785811,1,-0.00383295,0.338226,0,0.0260174,0.613058,0,0.0133092
0,8.4,-2.4436,-2.00218,1,0.195789,-0.0023663,0,0.0833273,0.0261068,0,0.0105177,1,8.4,-1.99808,-2.55341,1,-0.0015527,-0.194472,0,-0.0038147,-0.0646114,0,0.00786766,2,8.4,2.99999,-2.2601,1,2.38419e-05,-0.362819,0,-0.000119209,-0.00321865,0,0.00536391,3,8.4,-1.99996,1.05016,1,0.0101984,-0.239363,0,-0.0339746,0.500143,0,0.00956539,4,8.4,-0.00409704,-0.996587,1,0.0255713,-0.493784,0,0.00657808,-0.0703037,0,0.0145668,5,8.4,2.99999,0.866895,1,5.96046e-06,-0.32274,0,0,-0.139147,0,0.00978114,6,8.4,-3,2.85413,1,-5.96046e-06,0.366318,0,0.000119209,-0.452399,0,0.00517394,7,8.4,-1.01022,-1.58242,1,-0.0457346,0.500003,0,0.226319,-5.96046e-05,0,0.0111156,8,8.4,-1.03582,-0.578904,1,-0.249302,0.5,0,-0.999987,2.98023e-05,0,0.015258,9,8.4,-2.99699,-2.44395,1,-0.00449419,0.193095,0,-0.00488758,0.0544786,0,0.0058345,10,8.4,-1.99921,-0.99914,1,-0.00186265,0.0119507,0,-0.000536442,-0.0393093,0,0.00986658,11,8.4,0.86122,-1.6512,1,0.320466,-0.493827,0,-0.383198,0.0782609,0,0.0111941,12,8.4,2.9999,-1.33583,1,0.00012517,-0.499445,0,0.000119209,0.0110865,0,0.00749844,13,8.4,1.80778,2.98052,1,0.419399,-0.136137,0,-0.380754,-0.57435,0,0.00727317,14,8.4,-2.55071,-2.99823,1,-0.210613,-0.000971556,0,-0.023365,-0.00727177,0,0.00907506,15,8.4,2.00307,-1.74564,1,-0.00326037,0.405255,0,-0.0225306,0.0346303,0,0.010354,16,8.4,0.0246521,-2.00015,1,-0.5,-0.000411272,0,0,0.000715256,0,0.0105129,17,8.4,1.00047,0.0814369,1,-0.00117421,-0.5,0,0.00113249,-2.38419e-06,0,0.0157143,18,8.4,-2.99843,1.86929,1,-0.00320673,0.357679,0,0.00107288,-0.445545,0,0.00766363,19,8.4,0.781624,1.07192,1,-0.499636,-0.239879,0,-0.00730157,0.42963,0,0.0114621,20,8.4,-0.417762,2.92216,1,-0.5,0.214159,0,1.43051e-05,-0.370622,0,0.00675171,21,8.4,-0.99149,0.557103,1,0.000813603,0.377387,0,-0.0854433,-0.205725,0,0.0125384,22,8.4,-2.32061,-0.283753,1,-0.5,-0.498921,0,0,-0.021562,0,0.00962257,23,8.4,2.67507,-3,1,-0.196499,0,0,-0.849366,0,0,0.00772514,24,8.4,2.87494,-0.000156587,1,-0.322855,-0.000949564,0,-0.300646,-0.00446479,0,0.0109231,25,8.4,2.24836,-0.998952,1,0.5,-0.00306964,0,0,0.00834465,0,0.0100457,26,8.4,1.9347,2.12253,1,-0.311449,-0.338233,0,-0.777006,0.467658,0,0.0117168,27,8.4,-2.11124,2.9999,1,0.392038,5.96046e-05,0,-0.113845,0.000476837,0,0.00628912,28,8.4,1.88451,-2.7181,1,0.300917,0.491178,0,-0.422478,0.126719,0,0.00812402,29,8.4,-0.860848,1.47382,1,-0.311968,0.45934,0,0.341535,-0.358641,0,0.0127774,30,8.4,-0.147762,2.28403,1,0.362404,0.49966,0,-0.35832,0.00679493,0,0.00843291,31,8.4,-1.99994,2.08768,1,-0.00038445,-0.244194,0,0.000834465,0.875473,0,0.00893913,32,8.4,0.0785538,0.000318074,1,-0.283127,-0.00104018,0,0.480201,0.00126551,0,0.0139043,33,8.4,1.81342,0.999845,1,-0.483471,0.000202656,0,-0.245154,0.000447035,0,0.01318,34,8.4,1.02906,1.99857,1,-0.500003,-0.00780225,0,5.96046e-05,0.0252128,0,0.00976081,35,8.4,1.99918,0.115344,1,-0.00104606,0.395569,0,0.0292659,0.525548,0,0.016758
0,8.5,-2.42327,-2.0023,1,0.213595,-8.49366e-05,0,0.252396,0.0197887,0,0.0105177,1,8.5,-1.99826,-2.57354,1,-0.0018714,-0.211335,0,-0.00239164,-0.251129,0,0.00786766,2,8.5,2.99999,-2.29658,1,1.37836e-05,-0.368046,0,-7.45058e-05,-0.0861436,0,0.00536391,3,8.5,-1.99911,1.02869,1,0.00697542,-0.190268,0,-0.0303164,0.478603,0,0.00956539,4,8.5,-0.00141532,-1.04624,1,0.0288458,-0.498544,0,0.0536321,-0.0275485,0,0.0145668,5,8.5,2.99999,0.833987,1,6.33299e-06,-0.334661,0,1.49012e-05,-0.0937283,0,0.00978114,6,8.5,-3,2.88842,1,3.72529e-06,0.318902,0,5.96046e-05,-0.491753,0,0.00517394,7,8.5,-1.01374,-1.53242,1,-0.0253122,0.5,0,0.182703,-7.45058e-06,0,0.0111156,8,8.5,-1.06564,-0.528916,1,-0.345215,0.499593,0,-0.888228,-0.0104848,0,0.015258,9,8.5,-2.99746,-2.42401,1,-0.00477172,0.208858,0,-0.000849366,0.239149,0,0.0058345,10,8.5,-1.99939,-0.998138,1,-0.0018442,0.00813948,0,0.000827014,-0.0365712,0,0.00986658,11,8.5,0.891336,-1.69964,1,0.281765,-0.46972,0,-0.389319,0.385351,0,0.0111941,12,8.5,2.99991,-1.38568,1,0.000133365,-0.496918,0,2.98023e-05,0.0440776,0,0.00749844,13,8.5,1.8477,2.96371,1,0.37818,-0.202692,0,-0.438839,-0.733733,0,0.00727317,14,8.5,-2.57226,-2.99836,1,-0.223542,-0.00158064,0,-0.213325,-0.00496209,0,0.00907506,15,8.5,2.00265,-1.70483,1,-0.00498183,0.411614,0,-0.0125319,0.0796467,0,0.010354,16,8.5,-0.0253479,-2.00019,1,-0.5,-0.000332668,0,-1.49012e-07,0.000849366,0,0.0105129,17,8.5,1.00006,0.0314369,1,-0.00960054,-0.5,0,-0.1604,-4.47035e-07,0,0.0157143,18,8.5,-2.99875,1.90277,1,-0.00302754,0.311619,0,0.00242889,-0.472449,0,0.00766363,19,8.5,0.731638,1.05004,1,-0.499978,-0.198101,0,-0.000908971,0.404805,0,0.0114621,20,8.5,-0.466996,2.94176,1,-0.477726,0.178213,0,0.417612,-0.347763,0,0.00675171,21,8.5,-0.99176,0.592658,1,-0.00547851,0.323963,0,-0.041645,-0.792917,0,0.0125384,22,8.5,-2.37061,-0.333711,1,-0.5,-0.499932,0,0,-0.00269704,0,0.00962257,23,8.5,2.65124,-3,1,-0.279033,0,0,-0.789687,0,0,0.00772514,24,8.5,2.84111,-0.000291868,1,-0.353968,-0.00191517,0,-0.311956,-0.0140238,0,0.0109231,25,8.5,2.29836,-0.99922,1,0.5,-0.00230996,0,0,0.00709668,0,0.0100457,26,8.5,1.89975,2.09106,1,-0.385863,-0.290997,0,-0.686213,0.474319,0,0.0117168,27,8.5,-2.07233,2.99991,1,0.388527,9.83477e-05,0,0.0285655,0.000298023,0,0.00628912,28,8.5,1.91249,-2.66852,1,0.258634,0.498816,0,-0.42107,0.0344813,0,0.00812402,29,8.5,-0.890327,1.51722,1,-0.277502,0.402192,0,0.347856,-0.748456,0,0.0127774,30,8.5,-0.112158,2.33402,1,0.359449,0.499978,0,0.229589,0.000849366,0,0.00843291,31,8.5,-1.99997,2.06788,1,-0.000309944,-0.150031,0,0.000536442,0.98443,0,0.00893913,32,8.5,0.0526482,0.000220755,1,-0.235012,-0.000903001,0,0.478701,0.00145811,0,0.0139043,33,8.5,1.7642,0.999867,1,-0.497899,0.000234693,0,-0.0626743,0.000201166,0,0.01318,34,8.5,0.979056,1.99791,1,-0.5,-0.00543464,0,0,0.0221357,0,0.00976081,35,8.5,1.99921,0.15743,1,0.00131764,0.444607,0,0.0184029,0.434375,0,0.016758
0,8.6,-2.40051,-2.00221,1,0.242597,0.00163913,0,0.311494,0.0150204,0,0.0090538,1,8.6,-1.99845,-2.59609,1,-0.00200272,-0.240815,0,-0.000178814,-0.321388,0,0.00807945,2,8.6,3,-2.33385,1,1.19209e-05,-0.377363,0,-0.000119209,-0.0882149,0,0.00631097,3,8.6,-1.99855,1.012,1,0.00416636,-0.144202,0,-0.0258684,0.4403,0,0.0095699,4,8.6,0.00177868,-1.09618,1,0.035336,-0.49988,0,0.0718342,-0.00238419,0,0.0164449,5,8.6,2.99999,0.800165,1,5.96046e-06,-0.340554,0,0.000119209,-0.0204146,0,0.011414,6,8.6,-3,2.91782,1,5.96046e-06,0.268781,0,0.000119209,-0.506759,0,0.00762471,7,8.6,-1.01542,-1.48242,1,-0.00907779,0.500003,0,0.142574,-5.96046e-05,0,0.0115675,8,8.6,-1.10423,-0.479043,1,-0.42246,0.497477,0,-0.641823,-0.0337362,0,0.0135217,9,8.6,-2.99793,-2.40177,1,-0.00469089,0.237042,0,0.00226498,0.307083,0,0.008131,10,8.6,-1.99957,-0.9975,1,-0.00171065,0.00469387,0,0.00184774,-0.0320673,0,0.00951119,11,8.6,0.917567,-1.7443,1,0.24289,-0.420216,0,-0.386715,0.588715,0,0.0121991,12,8.6,2.99993,-1.43506,1,0.00013113,-0.489837,0,0,0.100791,0,0.00703897,13,8.6,1.88327,2.93967,1,0.332534,-0.278687,0,-0.469983,-0.767231,0,0.00770511,14,8.6,-2.59585,-2.99854,1,-0.249344,-0.00197291,0,-0.285268,-0.00274181,0,0.00666676,15,8.6,2.0021,-1.66328,1,-0.00588298,0.418913,0,-0.00572205,0.0565648,0,0.0107886,16,8.6,-0.0753479,-2.00021,1,-0.5,-0.000244379,0,-3.57628e-06,0.000953674,0,0.0103026,17,8.6,0.998099,-0.0185631,1,-0.031504,-0.5,0,-0.269383,-2.38419e-06,0,0.0172901,18,8.6,-2.99904,1.93155,1,-0.00272989,0.263804,0,0.00345707,-0.480831,0,0.00758462,19,8.6,0.681638,1.03221,1,-0.5,-0.159121,0,-2.98023e-05,0.3739,0,0.0128606,20,8.6,-0.512181,2.95789,1,-0.421588,0.14472,0,0.681907,-0.321627,0,0.007355,21,8.6,-0.992452,0.620602,1,-0.00776649,0.231472,0,-0.00545382,-0.999957,0,0.0157074,22,8.6,-2.42061,-0.38371,1,-0.5,-0.5,0,0,1.43051e-05,0,0.00873988,23,8.6,2.61957,-3,1,-0.352383,0,0,-0.668406,0,0,0.00761203,24,8.6,2.8042,-0.000563589,1,-0.383508,-0.00360236,0,-0.27144,-0.0190238,0,0.0126245,25,8.6,2.34836,-0.999415,1,0.5,-0.00160486,0,0,0.00721216,0,0.00858228,26,8.6,1.85804,2.06432,1,-0.444999,-0.243878,0,-0.484645,0.465512,0,0.00985381,27,8.6,-2.03321,2.99992,1,0.395012,0.000119209,0,0.0886917,0.000119209,0,0.0064089,28,8.6,1.93627,-2.61855,1,0.217095,0.5,0,-0.407994,0,0,0.00794318,29,8.6,-0.916328,1.5533,1,-0.242433,0.316152,0,0.353068,-0.943303,0,0.0181071,30,8.6,-0.0745592,2.38402,1,0.396272,0.5,0,0.455996,0,0,0.00767682,31,8.6,-2,2.05785,1,-0.000292063,-0.0504255,0,-0.000476837,1.00017,0,0.0106358,32,8.6,0.031514,0.000137924,1,-0.188006,-0.000752264,0,0.458634,0.00153956,0,0.0149901,33,8.6,1.71425,0.999892,1,-0.500003,0.000244379,0,5.96046e-05,0,0,0.0112586,34,8.6,0.929056,1.99748,1,-0.5,-0.00337362,0,-2.98023e-05,0.0191331,0,0.0108446,35,8.6,1.99941,0.203791,1,0.00270605,0.479678,0,0.00977516,0.260226,0,0.0127482
0,8.7,-2.37457,-2.00199,1,0.277093,0.00281781,0,0.366271,0.00879169,0,0.0090538,1,8.7,-1.99865,-2.62191,1,-0.00199601,-0.276329,0,0.000298023,-0.376061,0,0.00807945,2,8.7,3,-2.37237,1,2.23517e-06,-0.396079,0,-5.96046e-05,-0.264272,0,0.00631097,3,8.7,-1.99826,0.9997,1,0.00183433,-0.102709,0,-0.0207722,0.388127,0,0.0095699,4,8.7,0.0055732,-1.14618,1,0.0396269,-0.499992,0,0.0161735,-0.000298023,0,0.0164449,5,8.7,2.99999,0.765898,1,1.56462e-05,-0.34556,0,5.96046e-05,-0.0678822,0,0.011414,6,8.7,-3,2.94216,1,1.41561e-05,0.218153,0,2.98023e-05,-0.501245,0,0.00762471,7,8.7,-1.01569,-1.43243,1,0.0031976,0.499931,0,0.103883,-0.00274926,0,0.0115675,8,8.7,-1.14918,-0.429569,1,-0.471615,0.49096,0,-0.347406,-0.0956636,0,0.0135217,9,8.7,-2.99838,-2.37639,1,-0.00434332,0.271608,0,0.00454485,0.371486,0,0.008131,10,8.7,-1.99973,-0.997181,1,-0.00149403,0.00177277,0,0.00243634,-0.0262819,0,0.00951119,11,8.7,0.939941,-1.78284,1,0.204813,-0.345927,0,-0.373598,0.866443,0,0.0121991,12,8.7,2.99994,-1.48359,1,0.000127405,-0.481007,0,-8.9407e-05,0.0828281,0,0.00703897,13,8.7,1.91415,2.90798,1,0.285123,-0.354453,0,-0.475489,-0.724033,0,0.00770511,14,8.7,-2.62234,-2.99875,1,-0.281645,-0.00214837,0,-0.347733,-0.000849366,0,0.00666676,15,8.7,2.00149,-1.62084,1,-0.0061173,0.432249,0,0.000491738,0.191785,0,0.0107886,16,8.7,-0.125348,-2.00023,1,-0.5,-0.000149384,0,8.9407e-07,0.000938773,0,0.0103026,17,8.7,0.993281,-0.0685631,1,-0.0677424,-0.5,0,-0.442915,5.96046e-07,0,0.0172901,18,8.7,-2.99929,1.95554,1,-0.00234954,0.216077,0,0.00406802,-0.470608,0,0.00758462,19,8.7,0.631638,1.01809,1,-0.5,-0.1238,0,0,0.332415,0,0.0128606,20,8.7,-0.550314,2.9708,1,-0.336499,0.113961,0,0.960242,-0.29254,0,0.007355,21,8.7,-0.993172,0.638749,1,-0.0058583,0.131474,0,0.0403188,-0.999998,0,0.0157074,22,8.7,-2.47061,-0.43371,1,-0.49997,-0.5,0,0.00117719,0,0,0.00873988,23,8.7,2.58124,-3,1,-0.411745,0,0,-0.515461,0,0,0.00761203,24,8.7,2.76423,-0.000996605,1,-0.41771,-0.00484937,0,-0.380829,-0.006501,0,0.0126245,25,8.7,2.39836,-0.999544,1,0.5,-0.000997353,0,0,0.00501052,0,0.00858228,26,8.7,1.81152,2.04221,1,-0.481514,-0.19902,0,-0.249185,0.430956,0,0.00985381,27,8.7,-1.99302,2.99994,1,0.410707,0.000124797,0,0.210918,1.49012e-05,0,0.0064089,28,8.7,1.95598,-2.56855,1,0.17756,0.5,0,-0.381559,0,0,0.00794318,29,8.7,-0.938793,1.58009,1,-0.206804,0.21881,0,0.357192,-0.992917,0,0.0181071,30,8.7,-0.032649,2.43402,1,0.441303,0.499958,0,0.419555,-0.00165403,0,0.00767682,31,8.7,-2.00003,2.05779,1,-0.000348687,0.0488453,0,-0.00089407,0.975966,0,0.0106358,32,8.7,0.0149509,7.03965e-05,1,-0.143869,-0.000598626,0,0.421973,0.00151932,0,0.0149901,33,8.7,1.66425,0.999916,1,-0.5,0.000237115,0,7.45058e-06,-0.00013411,0,0.0112586,34,8.7,0.879056,1.99723,1,-0.5,-0.00162274,0,0,0.0159144,0,0.0108446,35,8.7,1.99972,0.252752,1,0.00334661,0.496655,0,0.00333041,0.0873562,0,0.0127482
0,8.8,-2.34503,-2.00167,1,0.313652,0.00343323,0,0.355124,0.00393391,0,0.00885315,1,8.8,-1.99885,-2.65142,1,-0.00194609,-0.313711,0,0.00077486,-0.361085,0,0.007327,2,8.8,3,-2.41344,1,-5.96046e-06,-0.42631,0,0.000119209,-0.323176,0,0.00646922,3,8.8,-1.99817,0.991274,1,1.19209e-05,-0.0667974,0,-0.0157952,0.329316,0,0.0108652,4,8.8,0.00953995,-1.19618,1,0.0389908,-0.500003,0,-0.026885,5.96046e-05,0,0.0124618,5,8.8,2.99999,0.731005,1,1.78814e-05,-0.352049,0,0.000119209,-0.0529289,0,0.00731588,6,8.8,-3,2.96151,1,1.78814e-05,0.169367,0,0,-0.470996,0,0.00704334,7,8.8,-1.0149,-1.38247,1,0.0118822,0.498903,0,0.0706911,-0.0219345,0,0.009603,8,8.8,-1.19766,-0.381048,1,-0.494102,0.478534,0,-0.118017,-0.151917,0,0.011384,9,8.8,-2.99879,-2.34736,1,-0.00380874,0.309032,0,0.00584126,0.366688,0,0.00782031,10,8.8,-1.99987,-0.997125,1,-0.00123382,-0.000552833,0,0.00274181,-0.020206,0,0.00956784,11,8.8,0.958585,-1.81285,1,0.168405,-0.252432,0,-0.353396,0.979245,0,0.0135277,12,8.8,2.99995,-1.53126,1,0.000119209,-0.472021,0,-0.000119209,0.102222,0,0.00708721,13,8.8,1.9403,2.86914,1,0.237948,-0.419694,0,-0.465572,-0.566959,0,0.00879364,14,8.8,-2.65226,-2.99896,1,-0.316548,-0.00215769,0,-0.339508,0.000596046,0,0.00845006,15,8.8,2.00089,-1.57655,1,-0.00588298,0.454032,0,0.00357628,0.229776,0,0.010005,16,8.8,-0.175348,-2.00024,1,-0.5,-5.96046e-05,0,7.15256e-06,0.000834465,0,0.0115429,17,8.8,0.984093,-0.118563,1,-0.11774,-0.5,0,-0.545979,3.57628e-06,0,0.0185188,18,8.8,-2.9995,1.97483,1,-0.00192523,0.170243,0,0.00429153,-0.443578,0,0.00981065,19,8.8,0.581638,1.00731,1,-0.5,-0.0926495,0,-2.98023e-05,0.290573,0,0.0124476,20,8.8,-0.579044,2.98078,1,-0.237493,0.086385,0,1.00002,-0.257969,0,0.00719045,21,8.8,-0.993503,0.646896,1,-0.000320375,0.0314742,0,0.0675917,-1.00002,0,0.0129963,22,8.8,-2.52059,-0.48371,1,-0.499529,-0.5,0,0.00941753,1.43051e-05,0,0.00849445,23,8.8,2.53776,-3,1,-0.455147,0,0,-0.352383,0,0,0.00769809,24,8.8,2.72058,-0.00149739,1,-0.454533,-0.00501295,0,-0.33617,0.00270974,0,0.0119866,25,8.8,2.44836,-0.999621,1,0.5,-0.000585616,0,0,0.00321865,0,0.00772623,26,8.8,1.76246,2.0244,1,-0.496629,-0.157815,0,-0.0674129,0.392675,0,0.0100918,27,8.8,-1.95079,2.99995,1,0.434619,0.000119209,0,0.255764,0,0,0.00675027,28,8.8,1.97188,-2.51855,1,0.140983,0.5,0,-0.349104,0,0,0.00865631,29,8.8,-0.957697,1.59699,1,-0.171424,0.118986,0,0.348449,-0.999987,0,0.0172891,30,8.8,0.0133667,2.48399,1,0.476578,0.499338,0,0.274983,-0.0132322,0,0.0077321,31,8.8,-2.00007,2.06742,1,-0.000506639,0.142145,0,-0.0025034,0.873089,0,0.011658,32,8.8,0.00259845,1.80008e-05,1,-0.103974,-0.000450862,0,0.374413,0.00142521,0,0.0133884,33,8.8,1.61425,0.999939,1,-0.500003,0.000219047,0,5.96046e-05,-0.000238419,0,0.0120002,34,8.8,0.829055,1.99714,1,-0.5,-0.000181794,0,-2.98023e-05,0.0128746,0,0.0117966,35,8.8,2.00007,0.302659,1,0.00342727,0.5,0,-0.00154972,1.43051e-05,0,0.0117443
0,8.9,-2.3124,-2.00131,1,0.333919,0.00363626,0,0.0618249,0.000283122,0,0.00885315,1,8.9,-1.99806,-2.68436,1,0.0263616,-0.342647,0,0.524476,-0.219628,0,0.007327,2,8.9,3,-2.45764,1,3.72529e-06,-0.456825,0,5.96046e-05,-0.277624,0,0.00646922,3,8.9,-1.99824,0.986136,1,-0.00132192,-0.0370194,0,-0.0109747,0.266377,0,0.0108652,4,8.9,0.0132501,-1.24618,1,0.0347115,-0.5,0,-0.0568863,7.45058e-06,0,0.0124618,5,8.9,2.99999,0.6951,1,2.49594e-05,-0.369737,0,4.47035e-05,-0.274558,0,0.00731588,6,8.9,-2.99999,2.97617,1,1.60187e-05,0.124603,0,-4.47035e-05,-0.421315,0,0.00704334,7,8.9,-1.01341,-1.33276,1,0.0175325,0.494325,0,0.0431314,-0.0745952,0,0.009603,8,8.9,-1.24743,-0.334054,1,-0.499632,0.460379,0,-0.0147298,-0.209555,0,0.011384,9,8.9,-2.99914,-2.31513,1,-0.00318289,0.330681,0,0.00655651,0.077337,0,0.00782031,10,8.9,-1.99998,-0.997271,1,-0.0009574,-0.00226693,0,0.00275671,-0.0141673,0,0.00956784,11,8.9,0.973699,-1.83316,1,0.134307,-0.153404,0,-0.32711,0.997409,0,0.0135277,12,8.9,2.99996,-1.5781,1,0.000105426,-0.466111,0,-0.000163913,0.0266507,0,0.00708721,13,8.9,1.96182,2.82466,1,0.193167,-0.466526,0,-0.429399,-0.36259,0,0.00879364,14,8.9,-2.68511,-2.99917,1,-0.335686,-0.00204369,0,-0.0541359,0.00160933,0,0.00845006,15,8.9,2.00033,-1.53006,1,-0.00532437,0.475156,0,0.00735372,0.185929,0,0.010005,16,8.9,-0.225348,-2.00025,1,-0.5,1.86265e-05,0,0,0.000745058,0,0.0115429,17,8.9,0.969079,-0.168563,1,-0.18669,-0.5,0,-0.795741,-4.47035e-07,0,0.0185188,18,8.9,-2.99968,1.9897,1,-0.00149682,0.127882,0,0.00420213,-0.401862,0,0.00981065,19,8.9,0.531638,0.999423,1,-0.5,-0.0657266,0,0,0.248045,0,0.0124476,20,8.9,-0.597793,2.9882,1,-0.137493,0.0624511,0,1.00001,-0.220224,0,0.00719045,21,8.9,-0.993261,0.645044,1,0.00456218,-0.0685264,0,0.0316799,-1.00001,0,0.0129963,22,8.9,-2.57045,-0.533707,1,-0.497005,-0.499863,0,0.0437349,0.00479996,0,0.00849445,23,8.9,2.49074,-3,1,-0.482587,0,0,-0.199869,0,0,0.00769809,24,8.9,2.67366,-0.00197582,1,-0.481782,-0.00447075,0,-0.206053,0.00780672,0,0.0119866,25,8.9,2.49836,-0.999666,1,0.5,-0.000331737,0,0,0.0019148,0,0.00772623,26,8.9,1.71259,2.01051,1,-0.499789,-0.120727,0,-0.00842661,0.348881,0,0.0100918,27,8.9,-1.90598,2.99996,1,0.461764,0.000114366,0,0.26574,-7.45058e-05,0,0.00675027,28,8.9,1.9843,-2.46855,1,0.108116,0.5,0,-0.308074,0,0,0.00865631,29,8.9,-0.973135,1.60388,1,-0.137717,0.0189863,0,0.324648,-1,0,0.0172891,30,8.9,0.062113,2.53378,1,0.495522,0.495544,0,0.106918,-0.0626594,0,0.0077321,31,8.9,-2.00014,2.08589,1,-0.000752509,0.226029,0,-0.00271201,0.795126,0,0.011658,32,8.9,-0.00601862,-2.02028e-05,1,-0.0692997,-0.000315809,0,0.318492,0.00126951,0,0.0133884,33,8.9,1.56425,0.999959,1,-0.5,0.000192598,0,7.45058e-06,-0.000290573,0,0.0120002,34,8.9,0.779055,1.99718,1,-0.5,0.000948273,0,0,0.00979751,0,0.0117966,35,8.9,2.0004,0.352659,1,0.0031285,0.5,0,-0.00426173,-1.78814e-06,0,0.0117443
0,9,-2.27911,-2.00095,1,0.328267,0.00352263,0,-0.16427,-0.0025034,0,0.00934346,1,9,-1.99222,-2.7195,1,0.09543,-0.358051,0,0.822663,-0.0905991,0,0.00840448,2,9,3,-2.50458,1,5.96046e-06,-0.480449,0,0.000119209,-0.190258,0,0.00690975,3,9,-1.99842,0.983662,1,-0.00220239,-0.0134632,0,-0.00673532,0.205278,0,0.0117083,4,9,0.0163999,-1.29618,1,0.0279559,-0.500003,0,-0.0766199,5.96046e-05,0,0.0136023,5,9,2.99999,0.656565,1,2.38419e-05,-0.402328,0,-0.000119209,-0.3573,0,0.00925051,6,9,-2.99999,2.98663,1,1.78814e-05,0.0855803,0,-0.000238419,-0.357032,0,0.00666239,7,9,-1.01148,-1.28382,1,0.0206649,0.483167,0,0.0203252,-0.151753,0,0.0107053,8,9,-1.29742,-0.289148,1,-0.500003,0.436943,0,5.96046e-05,-0.257567,0,0.0125258,9,9,-2.99943,-2.28207,1,-0.00252128,0.326645,0,0.00667572,-0.147581,0,0.00888416,10,9,-2.00006,-0.997559,1,-0.000685453,-0.00340641,0,0.0025034,-0.00873208,0,0.0101259,11,9,0.985548,-1.84351,1,0.103238,-0.0534683,0,-0.293225,0.999987,0,0.0147258,12,9,2.99997,-1.62463,1,9.53674e-05,-0.464758,0,-0.000357628,0.0090003,0,0.00735577,13,9,1.97906,2.77655,1,0.152183,-0.492054,0,-0.389755,-0.153422,0,0.00789263,14,9,-2.71855,-2.99937,1,-0.329494,-0.00184178,0,0.167608,0.00226498,0,0.00833179,15,9,1.99983,-1.48173,1,-0.00446439,0.490314,0,0.00965595,0.114918,0,0.0103297,16,9,-0.275348,-2.00024,1,-0.5,8.34465e-05,0,1.43051e-05,0.000596046,0,0.0111414,17,9,0.946272,-0.218563,1,-0.27032,-0.5,0,-0.848502,0,0,0.0191492,18,9,-2.9998,2.00056,1,-0.00109076,0.0901639,0,0.00393391,-0.35131,0,0.0101666,19,9,0.481638,0.994021,1,-0.5,-0.0429988,0,1.43051e-05,0.206739,0,0.0111222,20,9,-0.606542,2.9934,1,-0.0374928,0.0423968,0,1.00002,-0.180602,0,0.00654057,21,9,-0.992695,0.633191,1,0.00632256,-0.168526,0,0.00494719,-1.00002,0,0.0111075,22,9,-2.61986,-0.583639,1,-0.490314,-0.498353,0,0.0917912,0.0302196,0,0.00969091,23,9,2.4417,-3,1,-0.496125,0,0,-0.077486,0,0,0.00705385,24,9,2.62467,-0.00237772,1,-0.495929,-0.00351299,0,-0.0814199,0.0110624,0,0.00933675,25,9,2.54836,-0.999692,1,0.5,-0.000190735,0,0,0.000923872,0,0.00720654,26,9,1.66259,2.0001,1,-0.500003,-0.0880629,0,5.96046e-05,0.304401,0,0.0100016,27,9,-1.85859,2.99997,1,0.484619,0.000101328,0,0.181198,-0.000238419,0,0.00611934,28,9,1.99364,-2.41855,1,0.0793904,0.5,0,-0.266433,0,0,0.00795939,29,9,-0.98533,1.60078,1,-0.106682,-0.0810146,0,0.295162,-0.999987,0,0.0128452,30,9,0.111979,2.58294,1,0.5,0.486815,0,-3.57628e-06,-0.111699,0,0.00662974,31,9,-2.00023,2.11228,1,-0.00110269,0.299507,0,-0.00441074,0.667095,0,0.00974401,32,9,-0.0114526,-4.57372e-05,1,-0.0403499,-0.000197992,0,0.260357,0.00108287,0,0.0114517,33,9,1.51425,0.999977,1,-0.500003,0.000162423,0,5.96046e-05,-0.000327826,0,0.0124395,34,9,0.729055,1.99732,1,-0.5,0.00178814,0,-2.98023e-05,0.00709295,0,0.0105031,35,9,2.00068,0.402659,1,0.00260472,0.5,0,-0.00607967,-1.43051e-05,0,0.0116244
0,9.1,-2.24769,-2.00061,1,0.294908,0.00318475,0,-0.476807,-0.00406802,0,0.00934346,1,9.1,-1.97822,-2.75551,1,0.187117,-0.359938,0,0.977837,0.0478327,0,0.00840448,2,9.1,3,-2.55341,1,1.15484e-05,-0.494571,0,1.49012e-05,-0.0932962,0,0.00690975,3,9.1,-1.99867,0.983244,1,-0.0026904,0.00412669,0,-0.00314415,0.147626,0,0.0117083,4,9.1,0.018795,-1.34618,1,0.0198032,-0.5,0,-0.0852175,7.45058e-06,0,0.0136023,5,9.1,3,0.614568,1,1.37836e-05,-0.437118,0,-7.45058e-05,-0.328075,0,0.00925051,6,9.1,-2.99999,2.99352,1,-1.11759e-06,0.0534456,0,-0.000163913,-0.284836,0,0.00666239,7,9.1,-1.00935,-1.23646,1,0.0217244,0.462339,0,0.00169873,-0.26194,0,0.0107053,8,9.1,-1.34742,-0.246812,1,-0.5,0.409115,0,7.45058e-06,-0.297419,0,0.0125258,9,9.1,-2.99965,-2.25074,1,-0.00186935,0.294816,0,0.00628829,-0.462979,0,0.00888416,10,9.1,-2.00012,-0.997935,1,-0.000447035,-0.00403551,0,0.00223517,-0.00400469,0,0.0101259,11,9.1,0.994475,-1.84385,1,0.0759975,0.0465311,0,-0.251357,1,0,0.0147258,12,9.1,2.99998,-1.67103,1,6.44475e-05,-0.462814,0,-0.000283122,0.0366345,0,0.00735577,13,9.1,1.9924,2.72687,1,0.115437,-0.499434,0,-0.345029,-0.0212342,0,0.00789263,14,9.1,-2.7494,-2.99954,1,-0.276767,-0.00158548,0,0.805914,0.00280142,0,0.00833179,15,9.1,1.99944,-1.43225,1,-0.00346284,0.498072,0,0.0102445,0.0439212,0,0.0103297,16,9.1,-0.325348,-2.00023,1,-0.5,0.000136346,0,0,0.000476837,0,0.0111414,17,9.1,0.915088,-0.268563,1,-0.35191,-0.5,0,-0.762466,8.9407e-07,0,0.0191492,18,9.1,-2.9999,2.00792,1,-0.000728294,0.057872,0,0.00329316,-0.294223,0,0.0101666,19,9.1,0.43164,0.990682,1,-0.499928,-0.0244825,0,0.00288144,0.164319,0,0.0111222,20,9.1,-0.605291,2.99681,1,0.0625079,0.0263162,0,1.00001,-0.141144,0,0.00654057,21,9.1,-0.992065,0.611417,1,0.00600936,-0.265744,0,-0.0103079,-0.927396,0,0.0111075,22,9.1,-2.66834,-0.633249,1,-0.478334,-0.493058,0,0.149086,0.0783652,0,0.00969091,23,9.1,2.39186,-3,1,-0.499479,0,0,0.000596046,0,0,0.00705385,24,9.1,2.57483,-0.0026721,1,-0.499745,-0.00236243,0,-0.0101775,0.011802,0,0.00933675,25,9.1,2.59833,-0.999707,1,0.498974,-0.000128895,0,-0.0258386,0.000342727,0,0.00720654,26,9.1,1.61259,1.99274,1,-0.5,-0.0601381,0,7.45058e-06,0.254691,0,0.0100016,27,9.1,-1.80941,2.99998,1,0.497125,7.93487e-05,0,0.0700727,-0.000193715,0,0.00611934,28,9.1,2.00032,-2.36865,1,0.0550086,0.497029,0,-0.221737,-0.0615269,0,0.00795939,29,9.1,-0.994592,1.58769,1,-0.0792366,-0.180735,0,0.25405,-0.988849,0,0.0128452,30,9.1,0.161979,2.63097,1,0.5,0.47279,0,4.47035e-07,-0.167847,0,0.00662974,31,9.1,-2.00036,2.14549,1,-0.00140518,0.363772,0,-0.00187755,0.605807,0,0.00974401,32,9.1,-0.0142845,-6.04669e-05,1,-0.0172608,-0.000100058,0,0.202022,0.000875638,0,0.0114517,33,9.1,1.46425,0.999992,1,-0.5,0.00012964,0,7.45058e-06,-0.000327826,0,0.0124395,34,9.1,0.679055,1.99753,1,-0.5,0.00237487,0,0,0.00470877,0,0.0105031,35,9.1,2.00091,0.452659,1,0.00194982,0.5,0,-0.00688434,0,0,0.0116244
0,9.2,-2.22092,-2.00032,1,0.237638,0.00274181,0,-0.647306,-0.00464916,0,0.0101019,1,9.2,-1.95456,-2.79107,1,0.286564,-0.349444,0,0.999987,0.157356,0,0.00898609,2,9.2,3,-2.60318,1,1.19209e-05,-0.499541,0,0,-0.00917912,0,0.00505358,3,9.2,-1.99895,0.984307,1,-0.00285506,0.0162899,0,-0.000357628,0.0968277,0,0.010927,4,9.2,0.0203435,-1.39618,1,0.0111378,-0.500003,0,-0.0870554,5.96046e-05,0,0.0111472,5,9.2,3,0.569331,1,5.96046e-06,-0.466324,0,0,-0.25028,0,0.00927159,6,9.2,-2.99999,2.99756,1,-5.96046e-06,0.0286758,0,-0.000238419,-0.210762,0,0.00597027,7,9.2,-1.00719,-1.19169,1,0.0211596,0.431377,0,-0.0122786,-0.35423,0,0.00942903,8,9.2,-1.39742,-0.207442,1,-0.500003,0.377768,0,5.96046e-05,-0.327989,0,0.0119124,9,9.2,-2.99981,-2.22392,1,-0.0012815,0.23877,0,0.00548363,-0.636578,0,0.00759746,10,9.2,-2.00015,-0.998352,1,-0.000238419,-0.00423938,0,0.00190735,-0.000208616,0,0.00928411,11,9.2,1.00089,-1.8342,1,0.0529975,0.146532,0,-0.208616,0.999987,0,0.0138049,12,9.2,2.99998,-1.71704,1,4.76837e-05,-0.456291,0,-0.000357628,0.0984073,0,0.00573661,13,9.2,2.0023,2.67688,1,0.0831962,-0.5,0,-0.299931,0,0,0.00767951,14,9.2,-2.77255,-2.99968,1,-0.183117,-0.00129342,0,0.999928,0.00298023,0,0.00628752,15,9.2,1.99914,-1.38231,1,-0.00244081,0.5,0,0.0101924,0,0,0.00971943,16,9.2,-0.375348,-2.00021,1,-0.5,0.000178814,0,1.43051e-05,0.000357628,0,0.0102441,17,9.2,0.87636,-0.318563,1,-0.419597,-0.5,0,-0.579864,1.43051e-05,0,0.0174858,18,9.2,-2.99995,2.01233,1,-0.000435114,0.0313401,0,0.0026226,-0.236392,0,0.00935626,19,9.2,0.381684,0.98899,1,-0.498848,-0.00998974,0,0.0230521,0.126272,0,0.0101646,20,9.2,-0.59404,2.9988,1,0.162508,0.0141084,0,1.00002,-0.103474,0,0.00582717,21,9.2,-0.991535,0.580438,1,0.00443161,-0.351216,0,-0.0204146,-0.771165,0,0.0110252,22,9.2,-2.71532,-0.682065,1,-0.460303,-0.482237,0,0.212073,0.139862,0,0.0095309,23,9.2,2.34202,-3,1,-0.496215,0,0,0.0722408,0,0,0.00917851,24,9.2,2.52483,-0.00284915,1,-0.5,-0.0011797,0,0,0.011728,0,0.00967376,25,9.2,2.64802,-0.999719,1,0.493908,-0.000116229,0,-0.0795126,-5.96046e-05,0,0.00699774,26,9.2,1.56259,1.98792,1,-0.500003,-0.0370026,0,5.96046e-05,0.208557,0,0.00973171,27,9.2,-1.75949,2.99999,1,0.5,5.96046e-05,0,0,-0.000238419,0,0.0050461,28,9.2,2.00478,-2.31937,1,0.0349462,0.487351,0,-0.180244,-0.133276,0,0.00790342,29,9.2,-1.00131,1.56476,1,-0.0558108,-0.276551,0,0.214875,-0.910699,0,0.0111374,30,9.2,0.211979,2.67732,1,0.5,0.453436,0,7.15256e-06,-0.218034,0,0.00747485,31,9.2,-2.0005,2.18472,1,-0.00152588,0.418693,0,-0.000834465,0.484943,0,0.00874722,32,9.2,-0.0150927,-6.64377e-05,1,0.000194623,-2.27657e-05,0,0.14789,0.000671378,0,0.011283,33,9.2,1.41425,1,1,-0.500003,9.83477e-05,0,5.96046e-05,-0.000357628,0,0.0122744,34,9.2,0.629055,1.99779,1,-0.5,0.00274181,0,-2.98023e-05,0.00268221,0,0.0099098,35,9.2,2.00107,0.502659,1,0.00124574,0.5,0,-0.00703335,2.98023e-05,0,0.0111319
0,9.3,-2.20071,-2.00007,1,0.163916,0.00224765,0,-0.802174,-0.00499934,0,0.0101019,1,9.3,-1.92106,-2.82509,1,0.380698,-0.329429,0,0.848085,0.238881,0,0.00898609,2,9.3,2.99963,-2.65302,1,-0.0106409,-0.495673,0,-0.197679,0.0865757,0,0.00505358,3,9.3,-1.99923,0.986344,1,-0.00277851,0.0237379,0,0.00176579,0.053592,0,0.010927,4,9.3,0.0210358,-1.44618,1,0.00285386,-0.5,0,-0.0782922,7.45058e-06,0,0.0111472,5,9.3,3,0.52161,1,5.96046e-06,-0.486424,0,0,-0.151195,0,0.00927159,6,9.3,-3,2.99949,1,-1.9744e-05,0.0111174,0,-4.47035e-05,-0.141934,0,0.00597027,7,9.3,-1.00515,-1.15045,1,0.0194313,0.39241,0,-0.0216737,-0.422202,0,0.00942903,8,9.3,-1.44742,-0.171356,1,-0.5,0.343483,0,7.45058e-06,-0.355568,0,0.0119124,9,9.3,-2.99991,-2.2038,1,-0.000787526,0.158836,0,0.00438094,-0.921533,0,0.00759746,10,9.3,-2.00017,-0.998772,1,-6.74278e-05,-0.00410918,0,0.00150502,0.00265241,0,0.00928411,11,9.3,1.00521,-1.81455,1,0.0341913,0.246216,0,-0.168271,0.987366,0,0.0138049,12,9.3,2.99999,-1.76234,1,1.86265e-05,-0.451014,0,-0.000238419,0.0184998,0,0.00573661,13,9.3,2.0092,2.62688,1,0.0557456,-0.5,0,-0.249699,0,0,0.00767951,14,9.3,-2.78587,-2.9998,1,-0.0831202,-0.00099428,0,0.999987,0.00293553,0,0.00628752,15,9.3,1.99895,-1.33284,1,-0.00145603,0.484548,0,0.00942498,-0.293158,0,0.00971943,16,9.3,-0.425348,-2.00019,1,-0.5,0.000207871,0,0,0.000238419,0,0.0102441,17,9.3,0.831873,-0.368563,1,-0.466377,-0.5,0,-0.35518,0,0,0.0174858,18,9.3,-2.99998,2.01438,1,-0.000212714,0.0105698,0,0.00186265,-0.179783,0,0.00935626,19,9.3,0.331991,0.988565,1,-0.494131,0.000926759,0,0.0762213,0.0927486,0,0.0101646,20,9.3,-0.57282,2.99975,1,0.261271,0.0054881,0,0.96117,-0.0698566,0,0.00582717,21,9.3,-0.991204,0.541797,1,0.00209799,-0.418121,0,-0.0256114,-0.563424,0,0.0110252,22,9.3,-2.76014,-0.729426,1,-0.43482,-0.463419,0,0.294596,0.233818,0,0.0095309,23,9.3,2.2925,-3,1,-0.495965,0,0,-0.0357181,0,0,0.00917851,24,9.3,2.47483,-0.00290968,1,-0.5,-4.54038e-05,0,0,0.0108644,0,0.00967376,25,9.3,2.69647,-0.999731,1,0.470156,-0.000137556,0,-0.378117,-0.000339001,0,0.00699774,26,9.3,1.51259,1.98519,1,-0.5,-0.0183165,0,7.45058e-06,0.16582,0,0.00973171,27,9.3,-1.70949,2.99999,1,0.5,3.7998e-05,0,0,-0.000178814,0,0.0050461,28,9.3,2.00789,-2.27142,1,0.0319075,0.470364,0,0.0975579,-0.207186,0,0.00790342,29,9.3,-1.00588,1.5328,1,-0.0362234,-0.359794,0,0.177287,-0.745244,0,0.0111374,30,9.3,0.261979,2.72148,1,0.5,0.4288,0,-2.68221e-06,-0.272557,0,0.00747485,31,9.3,-2.00066,2.2288,1,-0.00150055,0.460656,0,0.0012517,0.345811,0,0.00874722,32,9.3,-0.0144182,-6.56911e-05,1,0.0124814,3.44514e-05,0,0.0990744,0.000476563,0,0.011283,33,9.3,1.36436,1.00001,1,-0.496758,6.57514e-05,0,0.0665709,-0.000305474,0,0.0122744,34,9.3,0.579055,1.99807,1,-0.5,0.00291765,0,0,0.00089407,0,0.0099098,35,9.3,2.00116,0.552659,1,0.000574067,0.499997,0,-0.0063628,-0.000137836,0,0.0111319
0,9.4,-2.18842,-1.99987,1,0.0816047,0.00178814,0,-0.824571,-0.00411272,0,0.0103523,1,9.4,-1.87921,-2.85673,1,0.4513,-0.302446,0,0.549734,0.297308,0,0.00783239,2,9.4,2.99736,-2.702,1,-0.0366747,-0.482279,0,-0.310063,0.18084,0,0.0061974,3,9.4,-1.9995,0.988925,1,-0.00252426,0.027293,0,0.00321865,0.0188351,0,0.00921197,4,9.4,0.0209466,-1.49618,1,-0.00446248,-0.500003,0,-0.0677835,5.96046e-05,0,0.0120441,5,9.4,3,0.47237,1,0,-0.496875,0,0.000119209,-0.0614375,0,0.00812262,6,9.4,-3,3,1,-1.78814e-05,-0.000107288,0,0,-0.084877,0,0.00479,7,9.4,-1.00333,-1.11341,1,0.0169426,0.347543,0,-0.0275373,-0.47189,0,0.00890743,8,9.4,-1.49742,-0.138816,1,-0.500003,0.307062,0,5.96046e-05,-0.37092,0,0.010209,9,9.4,-2.99997,-2.19273,1,-0.000411272,0.0613451,0,0.00321865,-0.999928,0,0.00643356,10,9.4,-2.00017,-0.999166,1,6.55651e-05,-0.0037387,0,0.00107288,0.00464916,0,0.0096097,11,9.4,1.00785,-1.78509,1,0.0191957,0.341478,0,-0.132382,0.898838,0,0.0126091,12,9.4,2.99999,-1.8074,1,5.96046e-06,-0.450537,0,-0.000238419,0.000238419,0,0.00604276,13,9.4,2.01361,2.57688,1,0.0331223,-0.5,0,-0.203252,0,0,0.00643251,14,9.4,-2.78918,-2.99988,1,0.0168741,-0.000709295,0,1.00017,0.0026226,0,0.00771826,15,9.4,1.99885,-1.28622,1,-0.000569224,0.444347,0,0.00822544,-0.496864,0,0.0104719,16,9.4,-0.475348,-2.00017,1,-0.5,0.000220537,0,1.43051e-05,0.000238419,0,0.0100835,17,9.4,0.783816,-0.418563,1,-0.491367,-0.5,0,-0.152588,1.43051e-05,0,0.0163038,18,9.4,-3,2.01462,1,-5.96046e-05,-0.00478029,0,0.00119209,-0.12815,0,0.00987976,19,9.4,0.28308,0.989071,1,-0.482801,0.00870079,0,0.153482,0.0633895,0,0.00974533,20,9.4,-0.542075,3,1,0.351234,-6.55651e-05,0,0.81709,-0.0423193,0,0.00536919,21,9.4,-0.991127,0.497527,1,-0.000573695,-0.46372,0,-0.0272989,-0.350282,0,0.00900902,22,9.4,-2.80204,-0.774463,1,-0.401974,-0.436009,0,0.359416,0.311702,0,0.0091772,23,9.4,2.24272,-3,1,-0.499141,0,0,-0.0171661,0,0,0.0092882,24,9.4,2.42483,-0.00286198,1,-0.5,0.000976614,0,0,0.00950426,0,0.00909777,25,9.4,2.74123,-0.999747,1,0.421548,-0.000175834,0,-0.578642,-0.000476837,0,0.00651742,26,9.4,1.46259,1.98412,1,-0.500003,-0.00371039,0,5.96046e-05,0.127017,0,0.0089147,27,9.4,-1.65949,2.99999,1,0.500003,2.38419e-05,0,-5.96046e-05,-0.000119209,0,0.00567344,28,9.4,2.01188,-2.22555,1,0.0504613,0.445861,0,0.255585,-0.282884,0,0.00940415,29,9.4,-1.00868,1.49343,1,-0.0202656,-0.424337,0,0.142276,-0.541985,0,0.0107003,30,9.4,0.311979,2.76292,1,0.5,0.399351,0,-1.43051e-05,-0.314593,0,0.00737266,31,9.4,-2.0008,2.27632,1,-0.00129938,0.487071,0,0.00274181,0.182867,0,0.00710275,32,9.4,-0.0127468,-6.01598e-05,1,0.0202562,7.33042e-05,0,0.0576586,0.00030447,0,0.0105791,33,9.4,1.31514,1.00002,1,-0.486419,3.8743e-05,0,0.141263,-0.000238419,0,0.0118462,34,9.4,0.529055,1.99837,1,-0.5,0.00292957,0,-1.43051e-05,-0.000476837,0,0.00998368,35,9.4,2.00119,0.602657,1,-1.78814e-05,0.499946,0,-0.00560284,-0.00110269,0,0.0114769
0,9.5,-2.18442,-1.99971,1,-0.00160858,0.00139382,0,-0.824958,-0.00349432,0,0.0103523,1,9.5,-1.83192,-2.88541,1,0.489162,-0.270637,0,0.220865,0.33547,0,0.00783239,2,9.5,2.99139,-2.74913,1,-0.0892051,-0.45861,0,-0.703514,0.288427,0,0.0061974,3,9.5,-1.99973,0.991701,1,-0.00215657,0.0277943,0,0.00405312,-0.00744686,0,0.00921197,4,9.5,0.0201813,-1.54618,1,-0.0106397,-0.5,0,-0.0556143,7.45058e-06,0,0.0120441,5,9.5,3,0.422495,1,5.21541e-06,-0.499697,0,0,-0.00432506,0,0.00812262,6,9.5,-3,2.99964,1,-1.3411e-05,-0.00639521,0,5.96046e-05,-0.04296,0,0.00479,7,9.5,-1.00178,-1.08107,1,0.0140313,0.298698,0,-0.0302345,-0.500672,0,0.00890743,8,9.5,-1.54742,-0.109972,1,-0.5,0.269781,0,7.45058e-06,-0.373167,0,0.010209,9,9.5,-2.99999,-2.19159,1,-0.000146776,-0.0386339,0,0.00205636,-0.999257,0,0.00643356,10,9.5,-2.00015,-0.999515,1,0.000155345,-0.00321092,0,0.000730157,0.00578538,0,0.0096097,11,9.5,1.00917,-1.74683,1,0.00764094,0.419706,0,-0.0995547,0.653036,0,0.0126091,12,9.5,2.99999,-1.85255,1,-1.11759e-05,-0.453059,0,-0.000119209,-0.0408813,0,0.00604276,13,9.5,2.01597,2.52688,1,0.0149682,-0.5,0,-0.160486,0,0,0.00643251,14,9.5,-2.78249,-2.99994,1,0.116882,-0.000462681,0,1.00002,0.00226498,0,0.00771826,15,9.5,1.99883,-1.24479,1,0.000175647,0.37968,0,0.00656396,-0.769533,0,0.0104719,16,9.5,-0.525348,-2.00015,1,-0.5,0.000235811,0,-5.66244e-06,7.45058e-05,0,0.0100835,17,9.5,0.734183,-0.468563,1,-0.49921,-0.499993,0,-0.0266023,0.00027746,0,0.0163038,18,9.5,-3,2.01358,1,3.31551e-05,-0.0152465,0,0.000670552,-0.0824481,0,0.00987976,19,9.5,0.235758,0.990213,1,-0.461811,0.0137071,0,0.263435,0.0375919,0,0.00974533,20,9.5,-0.503266,2.99981,1,0.420928,-0.00326075,0,0.576863,-0.022456,0,0.00536919,21,9.5,-0.991316,0.449737,1,-0.00316054,-0.488958,0,-0.0242516,-0.163151,0,0.00900902,22,9.5,-2.84035,-0.816403,1,-0.363501,-0.401822,0,0.407189,0.369698,0,0.0091772,23,9.5,2.19276,-3,1,-0.499946,0,0,-0.00214577,0,0,0.0092882,24,9.5,2.37492,-0.00272046,1,-0.497423,0.00181752,0,0.0542253,0.00732462,0,0.00909777,25,9.5,2.77998,-0.999767,1,0.349307,-0.000220351,0,-0.837937,-0.000342727,0,0.00651742,26,9.5,1.4126,1.98432,1,-0.499614,0.00710431,0,0.0118986,0.090234,0,0.0089147,27,9.5,-1.60949,3,1,0.5,1.37836e-05,0,-7.45058e-06,-7.45058e-05,0,0.00567344,28,9.5,2.01855,-2.18253,1,0.0858027,0.413194,0,0.429556,-0.366509,0,0.00940415,29,9.5,-1.01005,1.44865,1,-0.00778195,-0.467645,0,0.108145,-0.328809,0,0.0107003,30,9.5,0.361979,2.80123,1,0.5,0.366333,0,0,-0.343949,0,0.00737266,31,9.5,-2.00091,2.3257,1,-0.000981614,0.498245,0,0.00353158,0.0512451,0,0.00710275,32,9.5,-0.0104926,-5.15642e-05,1,0.0242671,9.61629e-05,0,0.0239196,0.000157725,0,0.0105791,33,9.5,1.26733,1.00002,1,-0.46857,1.73226e-05,0,0.216186,-0.000201166,0,0.0118462,34,9.5,0.479055,1.99866,1,-0.5,0.00282489,0,1.78814e-06,-0.00156462,0,0.00998368,35,9.5,2.00116,0.65259,1,-0.000526011,0.497999,0,-0.00455976,-0.0440963,0,0.0114769
0,9.6,-2.1886,-1.99958,1,-0.0807762,0.00113249,0,-0.747323,-0.00149012,0,0.0103301,1,9.6,-1.78231,-2.91076,1,0.499445,-0.235987,0,0.0110865,0.354648,0,0.0068172,2,9.6,2.97856,-2.7934,1,-0.170588,-0.425398,0,-0.893474,0.371695,0,0.00783107,3,9.6,-1.99993,0.994409,1,-0.00173151,0.0260592,0,0.00435114,-0.0260174,0,0.0103048,4,9.6,0.0188605,-1.59618,1,-0.0155637,-0.500003,0,-0.0427952,5.96046e-05,0,0.0114906,5,9.6,3,0.372557,1,5.96046e-06,-0.4985,0,-0.000119209,0.0300407,0,0.00911312,6,9.6,-3,2.99884,1,-5.96046e-06,-0.00909567,0,0.000119209,-0.0126362,0,0.0050978,7,9.6,-1.00053,-1.05372,1,0.0109792,0.248221,0,-0.0305176,-0.505149,0,0.00774675,8,9.6,-1.59742,-0.0848527,1,-0.500003,0.232717,0,5.96046e-05,-0.366755,0,0.00979535,9,9.6,-3,-2.20044,1,0,-0.13836,0,0.00107288,-0.994325,0,0.00598864,10,9.6,-2.00014,-0.999806,1,0.000208616,-0.00260323,0,0.000596046,0.00628829,0,0.0093326,11,9.6,1.00948,-1.70207,1,-0.000873208,0.470835,0,-0.0715256,0.369728,0,0.0135824,12,9.6,2.99999,-1.89806,1,-1.78814e-05,-0.456953,0,-0.000119209,-0.0292063,0,0.00829858,13,9.6,2.01674,2.47688,1,0.000882149,-0.5,0,-0.121713,0,0,0.00725917,14,9.6,-2.7658,-2.99998,1,0.216877,-0.00026226,0,1.00017,0.00190735,0,0.00799339,15,9.6,1.99888,-1.21094,1,0.000724196,0.295308,0,0.00429153,-0.896096,0,0.0109449,16,9.6,-0.575348,-2.00013,1,-0.5,0.000244379,0,-2.98023e-05,-0.000238419,0,0.00945706,17,9.6,0.684202,-0.518559,1,-0.5,-0.499891,0,-2.98023e-05,0.00223517,0,0.012297,18,9.6,-2.99999,2.01171,1,8.34465e-05,-0.0215232,0,0.000238419,-0.0443459,0,0.0112787,19,9.6,0.191055,0.991735,1,-0.430715,0.0163853,0,0.355371,0.0167489,0,0.00965492,20,9.6,-0.45868,2.9994,1,0.466986,-0.00472069,0,0.348032,-0.00762939,0,0.00502805,21,9.6,-0.991747,0.400267,1,-0.00539273,-0.49829,0,-0.0202358,-0.0342125,0,0.00842906,22,9.6,-2.87461,-0.854657,1,-0.321096,-0.362542,0,0.437975,0.413507,0,0.00985969,23,9.6,2.14276,-3,1,-0.5,0,0,0,0,0,0.00977602,24,9.6,2.32555,-0.00250562,1,-0.488716,0.00244433,0,0.121713,0.00522879,0,0.011273,25,9.6,2.81049,-0.99979,1,0.25903,-0.000230968,0,-0.945091,0.000178814,0,0.00738268,26,9.6,1.36276,1.98542,1,-0.496659,0.0145227,0,0.0526905,0.0590086,0,0.00866028,27,9.6,-1.55949,3,1,0.500003,5.96046e-06,0,-5.96046e-05,0,0,0.00583563,28,9.6,2.02942,-2.14315,1,0.132471,0.373328,0,0.486493,-0.427008,0,0.0102743,29,9.6,-1.01034,1.40056,1,0.00151396,-0.491217,0,0.0783801,-0.149131,0,0.0102869,30,9.6,0.411979,2.83611,1,0.5,0.330913,0,-1.43051e-05,-0.362873,0,0.00735649,31,9.6,-2.00099,2.37566,1,-0.000607967,0.5,0,0.00405312,0,0,0.00820425,32,9.6,-0.00799261,-4.13669e-05,1,0.0253002,0.000105827,0,-0.00201445,4.03142e-05,0,0.0106498,33,9.6,1.22168,1.00002,1,-0.443166,0,0,0.291407,-0.000119209,0,0.011584,34,9.6,0.429055,1.99893,1,-0.5,0.00262558,0,1.43051e-05,-0.00238419,0,0.00977476,35,9.6,2.00109,0.702056,1,-0.000923872,0.490083,0,-0.00345707,-0.118375,0,0.0109725
0,9.7,-2.20057,-1.99944,1,-0.159656,0.00200458,0,-0.808448,0.0176877,0,0.0103301,1,9.7,-1.73233,-2.93257,1,0.499965,-0.200263,0,0.00138581,0.35727,0,0.0068172,2,9.7,2.9569,-2.83395,1,-0.263127,-0.384449,0,-0.927255,0.441968,0,0.00783107,3,9.7,-2.00008,0.996863,1,-0.00129659,0.0228347,0,0.00429899,-0.0374541,0,0.0103048,4,9.7,0.0171161,-1.64605,1,-0.019072,-0.496104,0,-0.0276718,0.0787377,0,0.0114906,5,9.7,3,0.322769,1,-3.72529e-06,-0.497932,0,-5.96046e-05,-0.0101831,0,0.00911312,6,9.7,-3,2.9979,1,3.72529e-06,-0.00930689,0,5.96046e-05,0.00701845,0,0.0050978,7,9.7,-0.999581,-1.0314,1,0.00800909,0.198461,0,-0.0286438,-0.486709,0,0.00774675,8,9.7,-1.64729,-0.0633934,1,-0.496025,0.196712,0,0.080198,-0.352153,0,0.00979535,9,9.7,-3,-2.21926,1,8.27014e-05,-0.237893,0,0.000596046,-0.991225,0,0.00598864,10,9.7,-2.00011,-1.00003,1,0.000250712,-0.00197543,0,0.00025332,0.00619516,0,0.0093326,11,9.7,1.00908,-1.65358,1,-0.00679847,0.494816,0,-0.0477359,0.12631,0,0.0135824,12,9.7,2.99998,-1.94405,1,-2.49594e-05,-0.464184,0,-4.47035e-05,-0.102542,0,0.00829858,13,9.7,2.01628,2.42688,1,-0.00941977,-0.499907,0,-0.0852942,0.00371039,0,0.00725917,14,9.7,-2.73917,-3,1,0.314615,-0.000102818,0,0.931963,0.0013113,0,0.00799339,15,9.7,1.99897,-1.18609,1,0.00107959,0.20025,0,0.00266731,-0.98417,0,0.0109449,16,9.7,-0.625264,-2.0001,1,-0.497415,0.000220165,0,0.054393,-0.00025332,0,0.00945706,17,9.7,0.634202,-0.568433,1,-0.5,-0.496556,0,0,0.0641756,0,0.012297,18,9.7,-2.99998,2.00939,1,9.42498e-05,-0.0243686,0,1.49012e-05,-0.0138879,0,0.0112787,19,9.7,0.14988,0.993429,1,-0.391653,0.0172324,0,0.422965,0.000882894,0,0.00965492,20,9.7,-0.410576,2.99891,1,0.491888,-0.00498444,0,0.156403,0.00181794,0,0.00502805,21,9.7,-0.992377,0.350429,1,-0.0071248,-0.496858,0,-0.014469,0.0627598,0,0.00842906,22,9.7,-2.9045,-0.888797,1,-0.276392,-0.319815,0,0.453308,0.438925,0,0.00985969,23,9.7,2.09276,-3,1,-0.5,0,0,0,0,0,0.00977602,24,9.7,2.27741,-0.00223835,1,-0.472978,0.00286866,0,0.194162,0.0032785,0,0.011273,25,9.7,2.83156,-0.999812,1,0.161699,-0.000214484,0,-0.989288,0.000309199,0,0.00738268,26,9.7,1.31345,1.98713,1,-0.488416,0.0191052,0,0.115603,0.0334382,0,0.00866028,27,9.7,-1.50949,3,1,0.5,5.96046e-06,0,-7.45058e-06,0,0,0.00583563,28,9.7,2.04518,-2.10803,1,0.183301,0.328294,0,0.515044,-0.469059,0,0.0102743,29,9.7,-1.00984,1.35096,1,0.00799894,-0.498168,0,0.0521243,0.000491738,0,0.0102869,30,9.7,0.461979,2.86736,1,0.5,0.293946,0,-1.78814e-06,-0.374556,0,0.00735649,31,9.7,-2.00103,2.42566,1,-0.000214949,0.5,0,0.00376999,0,0,0.00820425,32,9.7,-0.00550626,-3.07418e-05,1,0.0241199,0.000105205,0,-0.0204412,-4.80224e-05,0,0.0106498,33,9.7,1.17896,1.00002,1,-0.409733,-1.08033e-05,0,0.373363,-8.9407e-05,0,0.011584,34,9.7,0.37913,1.99918,1,-0.497689,0.00235923,0,0.0492874,-0.00290573,0,0.00977476,35,9.7,2.00098,0.750275,1,-0.00120588,0.472383,0,-0.00219047,-0.23314,0,0.0109725
0,9.8,-2.22053,-1.99913,1,-0.238591,0.00443161,0,-0.75376,0.0298023,0,0.00972269,1,9.8,-1.68233,-2.95083,1,0.500003,-0.165004,0,-5.96046e-05,0.345826,0,0.00756559,2,9.8,2.9261,-2.87011,1,-0.351,-0.338006,0,-0.810146,0.482202,0,0.00711603,3,9.8,-2.00019,0.998948,1,-0.000882149,0.0187561,0,0.00405312,-0.0433028,0,0.00966235,4,9.8,0.0150935,-1.69513,1,-0.0211585,-0.484157,0,-0.0143629,0.160396,0,0.011822,5,9.8,3,0.272911,1,-1.19209e-05,-0.499262,0,0.000119209,-0.0121665,0,0.0068566,6,9.8,-3,2.99703,1,5.96046e-06,-0.0079453,0,0.000119209,0.0189543,0,0.00751972,7,9.8,-0.998918,-1.01394,1,0.00529289,0.15147,0,-0.0255108,-0.450552,0,0.00876441,8,9.8,-1.69636,-0.0454502,1,-0.483885,0.162506,0,0.162661,-0.330974,0,0.00991083,9,9.8,-2.99998,-2.24794,1,0.00012517,-0.334853,0,0.000119209,-0.935435,0,0.00798472,10,9.8,-2.00009,-1.0002,1,0.00026226,-0.00137389,0,0,0.00572205,0,0.0103585,11,9.8,1.0082,-1.60373,1,-0.0105649,0.5,0,-0.0282526,0,0,0.0136594,12,9.8,2.99998,-1.99102,1,-2.38419e-05,-0.475141,0,0,-0.106037,0,0.0101129,13,9.8,2.01496,2.37694,1,-0.0163615,-0.498515,0,-0.0545979,0.0296831,0,0.0078014,14,9.8,-2.70333,-3,1,0.398779,0,0,0.728846,0.000715256,0,0.00743253,15,9.8,1.99909,-1.171,1,0.00122786,0.101641,0,0.000298023,-0.977278,0,0.0110998,16,9.8,-0.674625,-2.00008,1,-0.488679,0.000196695,0,0.12207,-0.000238419,0,0.0115716,17,9.8,0.584202,-0.617667,1,-0.5,-0.487131,0,-2.98023e-05,0.123918,0,0.0126686,18,9.8,-2.99997,2.00693,1,8.34465e-05,-0.0245512,0,0,0.0089407,0,0.0131959,19,9.8,0.11292,0.995135,1,-0.346731,0.0166953,0,0.472277,-0.0109971,0,0.0103194,20,9.8,-0.360874,2.99843,1,0.499664,-0.00445843,0,0.00671983,0.00810623,0,0.0065511,21,9.8,-0.993153,0.301216,1,-0.00829995,-0.485809,0,-0.00914931,0.157595,0,0.00876461,22,9.8,-2.92986,-0.918557,1,-0.23098,-0.275189,0,0.452399,0.451326,0,0.00971466,23,9.8,2.04276,-3,1,-0.5,0,0,0,0,0,0.00987161,24,9.8,2.23121,-0.00193816,1,-0.449753,0.00310485,0,0.270247,0.00147283,0,0.0111607,25,9.8,2.8428,-0.999831,1,0.063318,-0.000141561,0,-0.969291,0.0013113,0,0.00788258,26,9.8,1.26531,1.98917,1,-0.472999,0.0213683,0,0.194728,0.0125766,0,0.00888782,27,9.8,-1.45949,3,1,0.500003,5.96046e-06,0,-5.96046e-05,-0.000119209,0,0.00622203,28,9.8,2.06603,-2.07759,1,0.232816,0.280386,0,0.463843,-0.485301,0,0.0112606,29,9.8,-1.00882,1.30136,1,0.0120938,-0.491956,0,0.0305772,0.124991,0,0.0119035,30,9.8,0.511979,2.89487,1,0.500001,0.256371,0,-2.98023e-05,-0.375271,0,0.00811755,31,9.8,-2.00104,2.47566,1,0.000143051,0.5,0,0.00345707,0,0,0.0066736,32,9.8,-0.00321898,-2.05746e-05,1,0.0214258,9.71126e-05,0,-0.0324521,-0.000109653,0,0.0131536,33,9.8,1.13997,1.00002,1,-0.369254,-1.78814e-05,0,0.432432,-5.96046e-05,0,0.0100791,34,9.8,0.32971,1.9994,1,-0.489629,0.0020504,0,0.113949,-0.00315905,0,0.0101379,35,9.8,2.00085,0.796176,1,-0.00136495,0.443988,0,-0.00119209,-0.331938,0,0.0108326
0,9.9,-2.24836,-1.99857,1,-0.318946,0.00644848,0,-0.814959,0.0113845,0,0.00972269,1,9.9,-1.63233,-2.96563,1,0.5,-0.131499,0,-7.45058e-06,0.322625,0,0.00756559,2,9.9,2.88728,-2.90147,1,-0.421675,-0.288869,0,-0.594825,0.496447,0,0.00711603,3,9.9,-2.00026,1.0006,1,-0.000504404,0.0143503,0,0.00348687,-0.0442006,0,0.00966235,4,9.9,0.0124709,-1.74261,1,-0.0351042,-0.464238,0,-0.243426,0.237823,0,0.011822,5,9.9,3,0.222943,1,-2.23517e-06,-0.499921,0,5.96046e-05,-0.0024949,0,0.0068566,6,9.9,-3,2.99634,1,1.41561e-05,-0.00573248,0,2.98023e-05,0.0244975,0,0.00751972,7,9.9,-0.99851,-1.00096,1,0.00294233,0.10889,0,-0.0214316,-0.399496,0,0.00876441,8,9.9,-1.7438,-0.0308098,1,-0.463721,0.130768,0,0.240408,-0.303107,0,0.00991083,9,9.9,-2.99997,-2.28569,1,0.00012666,-0.415638,0,-8.9407e-05,-0.671372,0,0.00798472,10,9.9,-2.00006,-1.00031,1,0.00025183,-0.000837632,0,-0.000208616,0.00496954,0,0.0103585,11,9.9,1.00703,-1.55373,1,-0.012601,0.5,0,-0.0130609,0,0,0.0136594,12,9.9,2.99998,-2.03906,1,-1.93715e-05,-0.485593,0,5.96046e-05,-0.0978187,0,0.0101129,13,9.9,2.0131,2.32732,1,-0.0205249,-0.492959,0,-0.0294745,0.0859499,0,0.0078014,14,9.9,-2.6603,-3,1,0.456895,5.43892e-05,0,0.43802,0.00038743,0,0.00743253,15,9.9,1.99921,-1.16564,1,0.00119191,0.00679288,0,-0.00116974,-0.908397,0,0.0110998,16,9.9,-0.723236,-2.00006,1,-0.486301,0.000172853,0,-0.0452064,-0.000238419,0,0.0115716,17,9.9,0.534202,-0.665657,1,-0.5,-0.471657,0,0,0.184633,0,0.0126686,18,9.9,-2.99997,2.00455,1,7.52509e-05,-0.0228144,0,-0.000149012,0.0247061,0,0.0131959,19,9.9,0.0806725,0.997188,1,-0.297692,0.0282318,0,0.503605,0.220951,0,0.0103194,20,9.9,-0.311033,2.99803,1,0.495515,-0.00344478,0,-0.0912825,0.0117868,0,0.0065511,21,9.9,-0.994021,0.253569,1,-0.00897106,-0.465711,0,-0.00434369,0.243556,0,0.00876461,22,9.9,-2.95072,-0.943815,1,-0.186353,-0.230015,0,0.436947,0.449289,0,0.00971466,23,9.9,1.99276,-3,1,-0.5,0,0,0,0,0,0.00987161,24,9.9,2.18774,-0.00162336,1,-0.418204,0.00316246,0,0.356928,-0.000259657,0,0.0111607,25,9.9,2.8444,-0.99984,1,-0.0297952,-3.31551e-05,0,-0.8827,0.00106543,0,0.00788258,26,9.9,1.21917,1.99134,1,-0.4482,0.021754,0,0.297956,-0.00407547,0,0.00888782,27,9.9,-1.40951,3,1,0.499512,-3.72529e-06,0,-0.0146329,-5.96046e-05,0,0.00622203,28,9.9,2.0916,-2.05197,1,0.278087,0.232019,0,0.430405,-0.478595,0,0.0112606,29,9.9,-1.00749,1.25297,1,0.0142697,-0.473903,0,0.0135899,0.234,0,0.0119035,30,9.9,0.561978,2.91865,1,0.499956,0.219209,0,-0.00176206,-0.366449,0,0.00811755,31,9.9,-2.00101,2.52566,1,0.000461191,0.5,0,0.00289083,0,0,0.0066736,32,9.9,-0.00125092,-1.14818e-05,1,0.0178328,8.41315e-05,0,-0.0386201,-0.000146435,0,0.0131536,33,9.9,1.10482,1.00002,1,-0.33697,-2.27243e-05,0,0.23035,-2.98023e-05,0,0.0100791,34,9.9,0.280979,1.99959,1,-0.487603,0.00173487,0,-0.0445899,-0.00314415,0,0.0101379,35,9.9,2.00026,0.838754,1,-0.0144919,0.406104,0,-0.240035,-0.420485,0,0.0108326
0,10,-2.28418,-1.99789,1,-0.395328,0.00686646,0,-0.688791,-0.00220537,0,0.00966895,1,10,-1.58233,-2.97722,1,0.500003,-0.100774,0,-5.96046e-05,0.290632,0,0.00729604,2,10,2.84254,-2.92788,1,-0.469118,-0.239468,0,-0.354409,0.488162,0,0.00722381,3,10,-2.00029,1.00182,1,-0.000190735,0.0100225,0,0.00298023,-0.0419021,0,0.0104685,4,10,0.00751003,-1.78772,1,-0.0660059,-0.436693,0,-0.357354,0.31215,0,0.016171,5,10,3,0.172945,1,0,-0.5,0,0.000119209,0,0,0.00950443,6,10,-3,2.99589,1,1.78814e-05,-0.00318885,0,0,0.0258684,0,0.00652451,7,10,-0.998316,-0.991976,1,0.00101477,0.0718206,0,-0.0171065,-0.340939,0,0.00917532,8,10,-1.78885,-0.0191974,1,-0.435919,0.102003,0,0.314713,-0.27169,0,0.00894871,9,10,-2.99996,-2.33013,1,0.000113249,-0.468403,0,-0.000119209,-0.385284,0,0.00679605,10,10,-2.00004,-1.00037,1,0.000226498,-0.00038147,0,-0.000357628,0.00411272,0,0.00848037,11,10,1.00572,-1.50373,1,-0.0132889,0.500003,0,-0.0012517,-5.96046e-05,0,0.0136112,12,10,2.99998,-2.08806,1,-5.96046e-06,-0.493944,0,0,-0.066638,0,0.00830674,13,10,2.01093,2.27858,1,-0.0224173,-0.480598,0,-0.00917912,0.164151,0,0.0078915,14,10,-2.61286,-2.99999,1,0.487965,8.34465e-05,0,0.194669,0.000119209,0,0.00809751,15,10,1.99932,-1.16931,1,0.000971556,-0.0780791,0,-0.00339746,-0.780821,0,0.0136943,16,10,-0.772182,-2.00005,1,-0.49307,0.000143051,0,-0.0729561,-0.000119209,0,0.0117438,17,10,0.484201,-0.711805,1,-0.5,-0.450402,0,1.43051e-05,0.239402,0,0.0117666,18,10,-2.99996,2.00241,1,5.36442e-05,-0.0198126,0,-0.000119209,0.0345707,0,0.0140769,19,10,0.0534388,1.00136,1,-0.246914,0.0571042,0,0.507828,0.339508,0,0.0108967,20,10,-0.26211,2.99775,1,0.481215,-0.00216961,0,-0.195079,0.0132322,0,0.00806113,21,10,-0.994932,0.208351,1,-0.00918657,-0.43732,0,-2.98023e-05,0.322849,0,0.0095301,22,10,-2.96722,-0.964594,1,-0.144166,-0.185858,0,0.404358,0.431478,0,0.00805292,23,10,1.94276,-3,1,-0.500003,0,0,5.96046e-05,0,0,0.0102211,24,10,2.14782,-0.00131085,1,-0.379103,0.00306475,0,0.421405,-0.00163715,0,0.0118106,25,10,2.83722,-0.999837,1,-0.111443,0.000107288,0,-0.743032,0.00190735,0,0.00827636,26,10,1.17598,1.99347,1,-0.414076,0.0207007,0,0.381112,-0.0162125,0,0.00854529,27,10,-1.35969,3,1,0.49611,-5.96046e-06,0,-0.0582337,-0.000119209,0,0.00580039,28,10,2.12143,-2.03113,1,0.31696,0.185287,0,0.339031,-0.453115,0,0.0094574,29,10,-1.00602,1.20692,1,0.0149339,-0.445613,0,0.000417233,0.329316,0,0.00968973,30,10,0.611951,2.93876,1,0.499295,0.183362,0,-0.0141561,-0.349402,0,0.00790985,31,10,-2.00095,2.57565,1,0.000721216,0.5,0,0.00226498,0,0,0.00570156,32,10,0.000334498,-3.83723e-06,1,0.0138441,6.84704e-05,0,-0.0405191,-0.000163872,0,0.00989667,33,10,1.07206,1.00001,1,-0.320092,-2.38419e-05,0,0.120997,-5.96046e-05,0,0.01234,34,10,0.231916,1.99975,1,-0.494015,0.00142455,0,-0.0671744,-0.00303984,0,0.0136136,35,10,1.99736,0.877153,1,-0.0454932,0.360891,0,-0.362515,-0.478953,0,0.0126357
0,10.1,-2.32675,-1.99723,1,-0.452036,0.00623669,0,-0.4448,-0.00990182,0,0.00966895,1,10.1,-1.53233,-2.98591,1,0.5,-0.0735864,0,-7.45058e-06,0.252306,0,0.00729604,2,10.1,2.79423,-2.94942,1,-0.493552,-0.191876,0,-0.141516,0.460953,0,0.00722381,3,10.1,-2.00029,1.00262,1,6.96629e-05,0.00606626,0,0.00222027,-0.0369698,0,0.0104685,4,10.1,-0.00148871,-1.82967,1,-0.119283,-0.400885,0,-0.67672,0.398695,0,0.016171,5,10.1,3,0.122945,1,5.58794e-06,-0.5,0,1.49012e-05,-1.3411e-06,0,0.00950443,6,10.1,-2.99999,2.99518,1,1.60187e-05,-0.0156537,0,-4.47035e-05,-0.247985,0,0.00652451,7,10.1,-0.998292,-0.986393,1,-0.000472181,0.0408979,0,-0.0126809,-0.277549,0,0.00917532,8,10.1,-1.83073,-0.0102971,1,-0.400407,0.0765925,0,0.391476,-0.236411,0,0.00894871,9,10.1,-2.99995,-2.37845,1,9.6485e-05,-0.493846,0,-0.000193715,-0.13946,0,0.00679605,10,10.1,-2.00002,-1.00039,1,0.0001885,-1.73226e-05,0,-0.000417233,0.0031814,0,0.00848037,11,10.1,1.0044,-1.45373,1,-0.0129651,0.5,0,0.00727177,-7.45058e-06,0,0.0136112,12,10.1,2.99998,-2.13774,1,-4.47035e-06,-0.498862,0,2.98023e-05,-0.0287592,0,0.00830674,13,10.1,2.00868,2.23116,1,-0.0224739,-0.469186,0,0.00730157,0.0754744,0,0.0078915,14,10.1,-2.5634,-2.99998,1,0.498672,8.82894e-05,0,0.0415891,-1.49012e-05,0,0.00809751,15,10.1,1.9994,-1.18083,1,0.00059288,-0.150415,0,-0.00432879,-0.659451,0,0.0136943,16,10.1,-0.821807,-2.00003,1,-0.498747,0.000129268,0,-0.0337362,-0.000163913,0,0.0117438,17,10.1,0.434203,-0.755567,1,-0.499939,-0.424056,0,0.00243254,0.286508,0,0.0117666,18,10.1,-2.99995,1.99941,1,3.94881e-05,-0.0507351,0,-0.000178814,-0.595361,0,0.0140769,19,10.1,0.0312739,1.00918,1,-0.196598,0.102859,0,0.495032,0.548825,0,0.0108967,20,10.1,-0.215171,2.9976,1,0.455611,-0.000870228,0,-0.312605,0.0126064,0,0.00806113,21,10.1,-0.995844,0.166375,1,-0.00898279,-0.400895,0,0.00394136,0.40133,0,0.0095301,22,10.1,-2.97968,-0.979921,1,-0.105926,-0.112507,0,0.358403,0.928938,0,0.00805292,23,10.1,1.89276,-3,1,-0.5,0,0,7.45058e-06,0,0,0.0102211,24,10.1,2.11209,-0.00101435,1,-0.334873,0.00284864,0,0.460073,-0.00263462,0,0.0118106,25,10.1,2.82258,-0.999818,1,-0.178942,0.000244007,0,-0.60235,0.00105798,0,0.00827636,26,10.1,1.13659,1.99545,1,-0.372918,0.0186536,0,0.439011,-0.0241399,0,0.00854529,27,10.1,-1.31091,3,1,0.474503,-1.41561e-05,0,-0.356853,-2.98023e-05,0,0.00580039,28,10.1,2.15481,-2.01479,1,0.35021,0.142214,0,0.317857,-0.407249,0,0.0094574,29,10.1,-1.00454,1.16416,1,0.0144597,-0.408058,0,-0.00935793,0.416733,0,0.00968973,30,10.1,0.661878,2.95538,1,0.499603,0.149525,0,0.00883266,-0.326112,0,0.00790985,31,10.1,-2.00123,2.62557,1,-0.00974312,0.497231,0,-0.196129,-0.0582039,0,0.00570156,32,10.1,0.0015182,2.18447e-06,1,0.00985954,5.19569e-05,0,-0.038756,-0.000164321,0,0.00989667,33,10.1,1.04037,1.00001,1,-0.316163,-4.11645e-05,0,-0.0250787,-0.000350177,0,0.01234,34,10.1,0.182234,1.99987,1,-0.498969,0.00113491,0,-0.0280958,-0.00274926,0,0.0136136,35,10.1,1.99051,0.910783,1,-0.0955563,0.311199,0,-0.608608,-0.510156,0,0.0126357
0,10.2,-2.37379,-1.99667,1,-0.484914,0.00497401,0,-0.219464,-0.0149012,0,0.00994651,1,10.2,-1.48233,-2.99207,1,0.500003,-0.0504434,0,-5.96046e-05,0.210285,0,0.00710781,2,10.2,2.74444,-2.96637,1,-0.499874,-0.147754,0,-0.0025034,0.419259,0,0.00675351,3,10.2,-2.00028,1.00305,1,0.00025034,0.00266731,0,0.00166893,-0.0308156,0,0.00938111,4,10.2,-0.0171103,-1.86766,1,-0.195575,-0.357959,0,-0.822837,0.454962,0,0.0161557,5,10.2,3,0.0729453,1,5.96046e-06,-0.5,0,0,-2.38419e-06,0,0.0120248,6,10.2,-2.99999,2.9921,1,1.78814e-05,-0.04794,0,-0.000238419,-0.376463,0,0.00750319,7,10.2,-0.998396,-0.983586,1,-0.00153333,0.0162661,0,-0.00861287,-0.215501,0,0.0092666,8,10.2,-1.86871,-0.00376061,1,-0.358406,0.0547292,0,0.44471,-0.200881,0,0.00930302,9,10.2,-2.99994,-2.42825,1,7.15256e-05,-0.499898,0,-0.000238419,-0.00202656,0,0.00677669,10,10.2,-2,-1.00038,1,0.000146031,0.00025332,0,-0.000417233,0.00226498,0,0.0110627,11,10.2,1.00315,-1.40373,1,-0.0119209,0.500003,0,0.0132918,-5.96046e-05,0,0.0149814,12,10.2,2.99998,-2.1877,1,0,-0.5,0,0,0,0,0.00722871,13,10.2,2.00649,2.18455,1,-0.0211,-0.46345,0,0.0197887,0.0485182,0,0.00953489,14,10.2,-2.51343,-2.99997,1,0.5,7.7486e-05,0,0,0,0,0.00941191,15,10.2,1.99943,-1.19893,1,8.04663e-05,-0.208905,0,-0.00602007,-0.506103,0,0.0123966,16,10.2,-0.871774,-2.00002,1,-0.5,0.000113249,0,-2.98023e-05,-0.000238419,0,0.00890008,17,10.2,0.38424,-0.79647,1,-0.499027,-0.393322,0,0.0194609,0.326991,0,0.0128522,18,10.2,-2.99995,1.99071,1,2.38419e-05,-0.1284,0,-0.000238419,-0.910878,0,0.0110606,19,10.2,0.0140438,1.02237,1,-0.14853,0.162062,0,0.46354,0.613928,0,0.0110857,20,10.2,-0.171336,2.99757,1,0.419562,0.000321865,0,-0.40409,0.0110865,0,0.00814525,21,10.2,-0.996717,0.128391,1,-0.00842959,-0.357886,0,0.00697374,0.454832,0,0.00832252,22,10.2,-2.98857,-0.986314,1,-0.072819,-0.0142843,0,0.302434,1.00002,0,0.00729534,23,10.2,1.84276,-3,1,-0.500003,0,0,5.96046e-05,0,0,0.008175,24,10.2,2.08094,-0.000743948,1,-0.287712,0.00254761,0,0.480175,-0.00333856,0,0.01074,25,10.2,2.80194,-0.999788,1,-0.231183,0.000360608,0,-0.439882,0.00146031,0,0.00920495,26,10.2,1.10156,1.99718,1,-0.326902,0.015983,0,0.478148,-0.0288486,0,0.00890264,27,10.2,-1.26562,3,1,0.427946,-1.78814e-05,0,-0.55927,0,0,0.00682121,28,10.2,2.19133,-2.00252,1,0.379097,0.104016,0,0.253677,-0.355899,0,0.0100149,29,10.2,-1.00315,1.12555,1,0.0131637,-0.363234,0,-0.0160336,0.475049,0,0.0102237,30,10.2,0.711866,2.96875,1,0.5,0.118351,0,2.98023e-05,-0.296354,0,0.00627764,31,10.2,-2.00341,2.67488,1,-0.0356615,0.4879,0,-0.30899,-0.130296,0,0.00666095,32,10.2,0.00231614,6.57207e-06,1,0.00616468,3.59709e-05,0,-0.03484,-0.00015383,0,0.0118128,33,10.2,1.0085,1,1,-0.322004,-0.000107288,0,-0.0780225,-0.000953674,0,0.0137737,34,10.2,0.132261,1.99997,1,-0.5,0.000870228,0,-3.57628e-06,-0.00238419,0,0.0124072,35,10.2,1.97771,0.939334,1,-0.161782,0.259736,0,-0.691772,-0.515103,0,0.0118733
0,10.3,-2.42307,-1.99551,1,-0.498015,0.0249851,0,-0.0582784,0.387639,0,0.00994651,1,10.3,-1.43233,-2.99614,1,0.499931,-0.0315931,0,-0.00276417,0.166669,0,0.00710781,2,10.3,2.69445,-2.97913,1,-0.499992,-0.108366,0,-0.000312924,0.367045,0,0.00675351,3,10.3,-2.00025,1.00318,1,0.000381842,-7.05943e-05,0,0.000968575,-0.0239536,0,0.00938111,4,10.3,-0.0409081,-1.90114,1,-0.280922,-0.311172,0,-0.856154,0.477299,0,0.0161557,5,10.3,3,0.0229454,1,1.86265e-06,-0.499996,0,-4.47035e-05,0.000154302,0,0.0120248,6,10.3,-2.99999,2.98473,1,-1.11759e-06,-0.105649,0,-0.000163913,-0.740349,0,0.00750319,7,10.3,-0.998586,-0.982936,1,-0.00220835,-0.002281,0,-0.00499189,-0.156507,0,0.0092666,8,10.3,-1.90227,0.000766876,1,-0.312408,0.0364064,0,0.472039,-0.16574,0,0.00930302,9,10.3,-2.99993,-2.47824,1,4.58211e-05,-0.499993,0,-0.000283122,-0.00025332,0,0.00677669,10,10.3,-1.99999,-1.00034,1,0.000105239,0.000437535,0,-0.000394881,0.00143796,0,0.0110627,11,10.3,1.00203,-1.35386,1,-0.0104168,0.496098,0,0.016503,-0.0788569,0,0.0149814,12,10.3,2.99998,-2.2377,1,3.72529e-07,-0.5,0,1.49012e-05,0,0,0.00722871,13,10.3,2.00449,2.13828,1,-0.0187539,-0.463455,0,0.0267923,-0.0360906,0,0.00953489,14,10.3,-2.46343,-2.99997,1,0.5,7.07805e-05,0,0,-0.000119209,0,0.00941191,15,10.3,1.99941,-1.22227,1,-0.000445545,-0.257003,0,-0.00479817,-0.446767,0,0.0123966,16,10.3,-0.921774,-2.00001,1,-0.5,8.97795e-05,0,0,-0.000223517,0,0.00890008,17,10.3,0.334588,-0.83409,1,-0.492489,-0.358379,0,0.110842,0.369139,0,0.0128522,18,10.3,-2.99995,1.97314,1,1.86265e-06,-0.224223,0,-0.000193715,-0.988863,0,0.0110606,19,10.3,0.00146441,1.0417,1,-0.103564,0.224623,0,0.433195,0.625044,0,0.0110857,20,10.3,-0.131511,2.99766,1,0.375913,0.00133105,0,-0.465116,0.0090152,0,0.00814525,21,10.3,-0.997521,0.0949292,1,-0.00762343,-0.310919,0,0.0090152,0.481162,0,0.00832252,22,10.3,-2.99444,-0.982742,1,-0.0456266,0.0857164,0,0.241041,1.00001,0,0.00729534,23,10.3,1.79276,-3,1,-0.5,0,0,7.45058e-06,0,0,0.008175,24,10.3,2.05458,-0.000506687,1,-0.239494,0.0021908,0,0.480697,-0.00374887,0,0.01074,25,10.3,2.77685,-0.999747,1,-0.268494,0.000441633,0,-0.304788,0.00038743,0,0.00920495,26,10.3,1.0713,1.99863,1,-0.277965,0.0129953,0,0.496536,-0.0304878,0,0.00890264,27,10.3,-1.22634,2.99999,1,0.351899,-1.60187e-05,0,-0.908986,4.47035e-05,0,0.00682121,28,10.3,2.23068,-1.99375,1,0.409283,0.0728821,0,0.331432,-0.270121,0,0.0100149,29,10.3,-1.00192,1.09165,1,0.0113493,-0.314148,0,-0.0198707,0.502802,0,0.0102237,30,10.3,0.761866,2.97916,1,0.5,0.0904303,0,0,-0.2615,0,0.00627764,31,10.3,-2.00876,2.72284,1,-0.0733614,0.46949,0,-0.430167,-0.234902,0,0.00666095,32,10.3,0.00276739,9.43018e-06,1,0.00295342,2.15139e-05,0,-0.0292647,-0.000134504,0,0.0118128,33,10.3,0.975773,0.999986,1,-0.333688,-0.000251736,0,-0.141654,-0.00203773,0,0.0137737,34,10.3,0.0822608,2.00005,1,-0.5,0.000647083,0,-2.98023e-07,-0.00210106,0,0.0124072,35,10.3,1.958,0.96277,1,-0.232832,0.20942,0,-0.71425,-0.489052,0,0.0118733
0,10.4,-2.47302,-1.99059,1,-0.5,0.0773668,0,0,0.63628,0,0.00857266,1,10.4,-1.38238,-2.99854,1,0.498897,-0.0170827,0,-0.0221133,0.123858,0,0.00760101,2,10.4,2.64445,-2.98823,1,-0.5,-0.0745773,0,0,0.308037,0,0.00821709,3,10.4,-2.0002,1.00306,1,0.000452995,-0.00212491,0,0.000238419,-0.017345,0,0.010508,4,10.4,-0.0731504,-1.92985,1,-0.36212,-0.263149,0,-0.748891,0.480235,0,0.0196197,5,10.4,3,-0.0270522,1,0,-0.499938,0,-0.000119209,0.0012356,0,0.0099737,6,10.4,-2.99999,2.97012,1,-5.96046e-06,-0.189221,0,-0.000238419,-0.900269,0,0.00985757,7,10.4,-0.998827,-0.983857,1,-0.00255257,-0.0152588,0,-0.00202656,-0.104219,0,0.00928881,8,10.4,-1.93113,0.00363579,1,-0.264615,0.0215345,0,0.480771,-0.132002,0,0.00964291,9,10.4,-2.99993,-2.52824,1,1.78814e-05,-0.5,0,-0.000238419,0,0,0.0103973,10,10.4,-1.99998,-1.00029,1,6.85453e-05,0.000545382,0,-0.000417233,0.000715256,0,0.00926802,11,10.4,1.00108,-1.30478,1,-0.00867248,0.484136,0,0.0181198,-0.160515,0,0.0142644,12,10.4,2.99998,-2.2877,1,5.96046e-06,-0.5,0,-0.000119209,0,0,0.00654613,13,10.4,2.00276,2.0917,1,-0.0158131,-0.468397,0,0.0319481,-0.0526905,0,0.00935949,14,10.4,-2.41343,-2.99996,1,0.5,5.96046e-05,0,0,-0.000238419,0,0.00738794,15,10.4,1.99934,-1.25005,1,-0.000932813,-0.296706,0,-0.0051856,-0.34076,0,0.0134045,16,10.4,-0.971774,-2,1,-0.5,7.15256e-05,0,0,-0.000238419,0,0.0100664,17,10.4,0.286041,-0.868032,1,-0.476994,-0.320019,0,0.198163,0.395507,0,0.012118,18,10.4,-2.99995,1.94574,1,-1.19209e-05,-0.323945,0,-0.000238419,-0.999987,0,0.00808171,19,10.4,-0.00679469,1.06722,1,-0.0623571,0.284877,0,0.388881,0.570297,0,0.0129517,20,10.4,-0.0963189,2.99783,1,0.32729,0.00211,0,-0.503607,0.00655651,0,0.00665455,21,10.4,-0.998236,0.0662625,1,-0.00665039,-0.262299,0,0.0103116,0.488126,0,0.00866822,22,10.4,-2.9979,-0.969171,1,-0.0246108,0.185716,0,0.179529,1.00002,0,0.0100554,23,10.4,1.74276,-3,1,-0.500003,0,0,5.96046e-05,0,0,0.00944044,24,10.4,2.03301,-0.000306689,1,-0.192201,0.00180682,0,0.462174,-0.00388963,0,0.0116769,25,10.4,2.74871,-0.999702,1,-0.291961,0.000476837,0,-0.164032,0.000536442,0,0.0105761,26,10.4,1.04599,1.99978,1,-0.228345,0.00995398,0,0.492334,-0.0299215,0,0.0101222,27,10.4,-1.19593,2.99999,1,0.254774,-1.19209e-05,0,-1.00005,0,0,0.00742476,28,10.4,2.27327,-1.98769,1,0.442243,0.0493675,0,0.314832,-0.203073,0,0.00811783,29,10.4,-1.00089,1.06277,1,0.00926256,-0.263402,0,-0.0215173,0.508666,0,0.0124684,30,10.4,0.811866,2.98696,1,0.5,0.0661373,0,2.98023e-05,-0.223875,0,0.00519648,31,10.4,-2.01834,2.76846,1,-0.118989,0.441527,0,-0.470042,-0.321388,0,0.00596422,32,10.4,0.00292643,1.09464e-05,1,0.000328996,9.19797e-06,0,-0.0231718,-0.00011134,0,0.0126299,33,10.4,0.941686,0.999949,1,-0.347859,-0.000530481,0,-0.131011,-0.00366569,0,0.0167313,34,10.4,0.0322608,2.0001,1,-0.5,0.000452995,0,0,-0.00178814,0,0.0152706,35,10.4,1.93121,0.981325,1,-0.301933,0.162318,0,-0.65583,-0.451267,0,0.0132815
0,10.5,-2.52297,-1.97913,1,-0.498558,0.156276,0,0.0306815,0.900626,0,0.00857266,1,10.5,-1.33249,-2.99969,1,0.499379,-0.00664629,0,0.0137985,0.086084,0,0.00760101,2,10.5,2.59445,-2.99425,1,-0.5,-0.0468869,0,0,0.245556,0,0.00821709,3,10.5,-2.00016,1.00277,1,0.000457466,-0.00353549,0,-0.000149012,-0.0110194,0,0.010508,4,10.5,-0.112806,-1.95381,1,-0.427743,-0.216496,0,-0.554257,0.451721,0,0.0196197,5,10.5,3,-0.0769942,1,-9.68575e-06,-0.498326,0,-5.96046e-05,0.0356572,0,0.0099737,6,10.5,-3,2.94653,1,-1.9744e-05,-0.283424,0,-4.47035e-05,-0.951096,0,0.00985757,7,10.5,-0.999088,-0.985826,1,-0.00263108,-0.0233656,0,0.000339001,-0.0593811,0,0.00928881,8,10.5,-1.9552,0.00518339,1,-0.216874,0.0099457,0,0.470936,-0.100318,0,0.00964291,9,10.5,-2.99993,-2.57824,1,-5.58794e-06,-0.49983,0,-0.000223517,0.00622869,0,0.0103973,10,10.5,-1.99997,-1.00024,1,3.11062e-05,0.000587292,0,-0.000335276,0.000141561,0,0.00926802,11,10.5,1.0003,-1.25675,1,-0.00690548,0.479878,0,0.0171699,0.0443831,0,0.0142644,12,10.5,2.99998,-2.3377,1,-2.23517e-06,-0.5,0,-2.98023e-05,0,0,0.00654613,13,10.5,2.00133,2.04448,1,-0.0126146,-0.476753,0,0.0320375,-0.103019,0,0.00935949,14,10.5,-2.36354,-2.99995,1,0.496709,3.57628e-05,0,-0.0675023,-0.000238419,0,0.00738794,15,10.5,1.99923,-1.28164,1,-0.00128634,-0.336975,0,-0.00219047,-0.44658,0,0.0134045,16,10.5,-1.02177,-2,1,-0.5,4.97326e-05,0,0,-0.000186265,0,0.0100664,17,10.5,0.239464,-0.898036,1,-0.453274,-0.279905,0,0.27525,0.404757,0,0.012118,18,10.5,-2.99995,1.90873,1,-3.20375e-05,-0.412003,0,-0.000149012,-0.739984,0,0.00808171,19,10.5,-0.0110944,1.09835,1,-0.0238693,0.335784,0,0.375088,0.450976,0,0.0129517,20,10.5,-0.0661434,2.99807,1,0.275976,0.0026308,0,-0.518374,0.0038743,0,0.00665455,21,10.5,-0.998849,0.0424607,1,-0.00558486,-0.213942,0,0.0108816,0.475897,0,0.00866822,22,10.5,-2.99956,-0.945608,1,-0.00954941,0.285266,0,0.123441,0.981979,0,0.0100554,23,10.5,1.69276,-3,1,-0.5,0,0,7.45058e-06,0,0,0.00944044,24,10.5,2.01605,-0.000145365,1,-0.147645,0.0014214,0,0.42671,-0.00378604,0,0.0116769,25,10.5,2.71879,-0.999653,1,-0.305367,0.000473857,0,-0.100464,-0.000372529,0,0.0105761,26,10.5,1.02559,2.00063,1,-0.180218,0.00707135,0,0.467278,-0.0275373,0,0.0101222,27,10.5,-1.17545,2.99999,1,0.154772,-1.04308e-05,0,-1.00001,2.98023e-05,0,0.00742476,28,10.5,2.31898,-1.98372,1,0.470737,0.030601,0,0.244856,-0.172406,0,0.00811783,29,10.5,-1.00007,1.03896,1,0.00710972,-0.213137,0,-0.0213012,0.493333,0,0.0124684,30,10.5,0.861866,2.99252,1,0.5,0.0456758,0,0,-0.185281,0,0.00519648,31,10.5,-2.03282,2.81086,1,-0.172316,0.40515,0,-0.57891,-0.401303,0,0.00596422,32,10.5,0.00285412,1.13522e-05,1,-0.00167029,-6.56455e-07,0,-0.0168814,-8.58252e-05,0,0.0126299,33,10.5,0.906167,0.999864,1,-0.362996,-0.0012964,0,-0.159297,-0.011228,0,0.0167313,34,10.5,-0.0177392,2.00014,1,-0.5,0.000289828,0,2.98023e-07,-0.00149012,0,0.0152706,35,10.5,1.8978,0.99539,1,-0.365483,0.119889,0,-0.604346,-0.396937,0,0.0132815
0,10.6,-2.57261,-1.95884,1,-0.493538,0.250238,0,0.0709295,0.947416,0,0.00849134,1,10.6,-1.28251,-2.99998,1,0.500003,0.000363588,0,-5.96046e-05,0.0551939,0,0.00896328,2,10.6,2.54445,-2.99781,1,-0.5,-0.0254512,0,0,0.183702,0,0.00743944,3,10.6,-2.00011,1.00237,1,0.000435114,-0.0043571,0,-0.000476837,-0.00554323,0,0.0104662,4,10.6,-0.15798,-1.97326,1,-0.471978,-0.173,0,-0.32983,0.417292,0,0.0184854,5,10.6,3,-0.12656,1,-1.19209e-05,-0.492006,0,0,0.0940859,0,0.00835103,6,10.6,-3,2.91359,1,-1.78814e-05,-0.373048,0,0,-0.810146,0,0.00762553,7,10.6,-0.999346,-0.988395,1,-0.00250489,-0.0274211,0,0.00205636,-0.0231564,0,0.0100314,8,10.6,-1.97457,0.00572497,1,-0.170991,0.00135703,0,0.444233,-0.0720469,0,0.00933388,9,10.6,-2.99993,-2.62815,1,-2.98023e-05,-0.497723,0,-0.000119209,0.0435114,0,0.00818816,10,10.6,-1.99997,-1.00018,1,2.98023e-06,0.000575185,0,-0.000298023,-0.000238419,0,0.00953022,11,10.6,0.999691,-1.2084,1,-0.00524968,0.487915,0,0.0158846,0.0964999,0,0.0149897,12,10.6,2.99998,-2.3877,1,-5.96046e-06,-0.5,0,0,0,0,0.00675887,13,10.6,2.00023,1.99629,1,-0.00940859,-0.486946,0,0.0320077,-0.0916719,0,0.00937435,14,10.6,-2.31433,-2.99995,1,0.486243,1.19209e-05,0,-0.142694,-0.000238419,0,0.00921992,15,10.6,1.99909,-1.31762,1,-0.00142455,-0.38285,0,-0.000834465,-0.457168,0,0.0139775,16,10.6,-1.07177,-1.99999,1,-0.500003,3.27826e-05,0,5.96046e-05,-0.000178814,0,0.0109663,17,10.6,0.195632,-0.924002,1,-0.422193,-0.239451,0,0.344865,0.40254,0,0.0131154,18,10.6,-2.99996,1.86437,1,-4.17233e-05,-0.469616,0,-0.000238419,-0.410199,0,0.00930667,19,10.6,-0.011669,1.13401,1,0.011631,0.375637,0,0.330411,0.348747,0,0.0138,20,10.6,-0.0411318,2.99835,1,0.224408,0.00289679,0,-0.509356,0.00143051,0,0.0071664,21,10.6,-0.999352,0.0234037,1,-0.00449568,-0.167682,0,0.010848,0.446804,0,0.00872264,22,10.6,-2.99998,-0.912316,1,0.000423193,0.378506,0,0.0776052,0.855803,0,0.00858705,23,10.6,1.64276,-3,1,-0.500003,0,0,5.96046e-05,0,0,0.0125909,24,10.6,2.00334,-2.1758e-05,1,-0.107235,0.00105535,0,0.37986,-0.00351018,0,0.0128556,25,10.6,2.68788,-0.999608,1,-0.31147,0.000439584,0,-0.0191927,-8.9407e-05,0,0.013558,26,10.6,1.00984,2.0012,1,-0.135407,0.00448227,0,0.426739,-0.0239611,0,0.0102916,27,10.6,-1.16497,2.99999,1,0.0547707,-5.96046e-06,0,-0.999987,0,0,0.00690785,28,10.6,2.36711,-1.98147,1,0.489968,0.0148565,0,0.137687,-0.142753,0,0.00763719,29,10.6,-0.999466,1.02006,1,0.00504404,-0.165325,0,-0.0198483,0.460446,0,0.0118668,30,10.6,0.911866,2.99623,1,0.5,0.0290751,0,2.98023e-05,-0.146985,0,0.00596274,31,10.6,-2.053,2.84927,1,-0.23157,0.362188,0,-0.591636,-0.453472,0,0.00833846,32,10.6,0.00261259,1.0899e-05,1,-0.0030635,-7.99803e-06,0,-0.0110776,-6.12404e-05,0,0.0131842,33,10.6,0.869109,0.999668,1,-0.377543,-0.00269264,0,-0.122309,-0.0163019,0,0.0178624,34,10.6,-0.0677392,2.00016,1,-0.5,0.000149012,0,3.57628e-06,-0.00107288,0,0.0151275,35,10.6,1.85839,1.00549,1,-0.420895,0.0829875,0,-0.495791,-0.340939,0,0.0143362
0,10.7,-2.62149,-1.92911,1,-0.482803,0.343347,0,0.142366,0.879444,0,0.00849134,1,10.7,-1.23251,-2.99971,1,0.5,0.00473745,0,-7.45058e-06,0.0330657,0,0.00896328,2,10.7,2.49445,-2.99954,1,-0.5,-0.0100248,0,0,0.125825,0,0.00743944,3,10.7,-2.00007,1.00192,1,0.000379235,-0.00467878,0,-0.000625849,-0.00106543,0,0.0104662,4,10.7,-0.206473,-1.98855,1,-0.494493,-0.133611,0,-0.127706,0.37048,0,0.0184854,5,10.7,3,-0.175325,1,-1.15484e-05,-0.483423,0,1.49012e-05,0.0868171,0,0.00835103,6,10.7,-3,2.87263,1,-1.3411e-05,-0.441777,0,5.96046e-05,-0.552207,0,0.00762553,7,10.7,-0.999584,-0.991203,1,-0.00223806,-0.0282808,0,0.00318512,0.00456348,0,0.0100314,8,10.7,-1.98951,0.00554313,1,-0.128553,-0.00458474,0,0.402741,-0.0475059,0,0.00933388,9,10.7,-2.99994,-2.67761,1,-4.17233e-05,-0.490315,0,-0.000119209,0.108674,0,0.00818816,10,10.7,-1.99997,-1.00012,1,-2.16067e-05,0.00053402,0,-0.000193715,-0.000573695,0,0.00953022,11,10.7,0.999242,-1.15913,1,-0.00376496,0.497058,0,0.0138208,0.0665188,0,0.0149897,12,10.7,2.99998,-2.4377,1,-4.09782e-06,-0.5,0,4.47035e-05,0,0,0.00675887,13,10.7,1.99945,1.94718,1,-0.00643004,-0.49471,0,0.0278279,-0.0609383,0,0.00937435,14,10.7,-2.26654,-2.99995,1,0.468236,-1.00583e-05,0,-0.217855,-0.000193715,0,0.00921992,15,10.7,1.99895,-1.35814,1,-0.00136979,-0.426598,0,0.00178814,-0.405483,0,0.0139775,16,10.7,-1.12177,-1.99999,1,-0.5,1.73226e-05,0,7.45058e-06,-0.000141561,0,0.0109663,17,10.7,0.15526,-0.94595,1,-0.384128,-0.199732,0,0.412348,0.389967,0,0.0131154,18,10.7,-2.99996,1.81588,1,-5.88596e-05,-0.495359,0,-0.000119209,-0.125326,0,0.00930667,19,10.7,-0.00898987,1.17348,1,0.0405789,0.41487,0,0.248126,0.409663,0,0.0138,20,10.7,-0.021194,2.99864,1,0.174859,0.00293031,0,-0.478695,-0.000685453,0,0.0071664,21,10.7,-0.999749,0.00880104,1,-0.00343993,-0.125102,0,0.0101998,0.403073,0,0.00872264,22,10.7,-2.99961,-0.870692,1,0.00645518,0.448692,0,0.0443161,0.541221,0,0.00858705,23,10.7,1.59276,-3,1,-0.5,0,0,7.45058e-06,0,0,0.0125909,24,10.7,1.99443,6.68868e-05,1,-0.0719978,0.000724513,0,0.324227,-0.00309272,0,0.0128556,25,10.7,2.65614,-0.999523,1,-0.327739,0.00160122,0,-0.282124,0.0211634,0,0.013558,26,10.7,0.998345,2.00154,1,-0.0953328,0.0022918,0,0.373513,-0.0197887,0,0.0102916,27,10.7,-1.1645,2.99999,1,-0.0452287,-5.58794e-06,0,-1,1.49012e-05,0,0.00690785,28,10.7,2.41661,-1.98065,1,0.498503,0.00219308,0,0.0408143,-0.111103,0,0.00763719,29,10.7,-0.999057,1.00576,1,0.00317888,-0.1216,0,-0.0173636,0.412352,0,0.0118668,30,10.7,0.961866,2.99846,1,0.5,0.0162564,0,0,-0.11003,0,0.00596274,31,10.7,-2.07916,2.88316,1,-0.291802,0.315005,0,-0.60378,-0.485465,0,0.00833846,32,10.7,0.00225985,9.83244e-06,1,-0.00390534,-1.29526e-05,0,-0.00591281,-3.83926e-05,0,0.0131842,33,10.7,0.830714,0.999242,1,-0.390474,-0.00647493,0,-0.129849,-0.0551641,0,0.0178624,34,10.7,-0.117739,2.00017,1,-0.5,5.21541e-05,0,-4.47035e-07,-0.000864267,0,0.0151275,35,10.7,1.81411,1.01219,1,-0.461961,0.0520198,0,-0.326656,-0.279166,0,0.0143362
0,10.8,-2.66895,-1.89071,1,-0.465357,0.420752,0,0.205159,0.650227,0,0.0100118,1,10.8,-1.18251,-2.9991,1,0.500003,0.00712872,0,-5.96046e-05,0.015378,0,0.00715419,2,10.8,2.44445,-3,1,-0.5,0,0,0,0.0765324,0,0.00812889,3,10.8,-2.00004,1.00145,1,0.000315905,-0.00460744,0,-0.000715256,0.00238419,0,0.0115903,4,10.8,-0.256305,-2.00014,1,-0.5,-0.0988901,0,-1.43051e-05,0.323892,0,0.01444,5,10.8,3,-0.223183,1,-5.96046e-06,-0.473048,0,-0.000119209,0.127382,0,0.0100786,6,10.8,-3,2.82617,1,-5.96046e-06,-0.482661,0,0.000119209,-0.269294,0,0.00943819,7,10.8,-0.999791,-0.993972,1,-0.001885,-0.0267714,0,0.0038445,0.0243783,0,0.00992426,8,10.8,-2.00044,0.00488272,1,-0.0907421,-0.00828488,0,0.352263,-0.0271865,0,0.00875595,9,10.8,-2.99994,-2.72596,1,-5.36442e-05,-0.475359,0,-0.000119209,0.192761,0,0.0100085,10,10.8,-1.99998,-1.00007,1,-3.8743e-05,0.000464916,0,-5.96046e-05,-0.00077486,0,0.0111904,11,10.8,0.998932,-1.10922,1,-0.00248253,0.5,0,0.0118315,0,0,0.0160201,12,10.8,2.99998,-2.4877,1,-5.96046e-06,-0.5,0,0.000238419,0,0,0.00585296,13,10.8,1.99894,1.89747,1,-0.00379384,-0.498876,0,0.0249743,-0.022471,0,0.0149711,14,10.8,-2.22093,-2.99995,1,0.442666,-2.98023e-05,0,-0.293016,-0.000119209,0,0.00965816,15,10.8,1.99883,-1.40266,1,-0.00109673,-0.462091,0,0.00351667,-0.298083,0,0.0160534,16,10.8,-1.17177,-1.99999,1,-0.500003,2.98023e-06,0,5.96046e-05,0,0,0.0107454,17,10.8,0.118992,-0.964008,1,-0.340508,-0.161795,0,0.456288,0.367194,0,0.0107809,18,10.8,-2.99997,1.76601,1,-6.55651e-05,-0.5,0,-0.000119209,-5.96046e-05,0,0.00999301,19,10.8,-0.00383038,1.21695,1,0.0612211,0.45335,0,0.164787,0.344038,0,0.0121443,20,10.8,-0.00603053,2.99893,1,0.129176,0.00278354,0,-0.432831,-0.00238419,0,0.00916042,21,10.8,-1.00004,-0.00177808,1,-0.00246763,-0.0873536,0,0.00917912,0.350756,0,0.00990684,22,10.8,-2.99879,-0.82365,1,0.00952482,0.487012,0,0.0183582,0.234485,0,0.00708115,23,10.8,1.54276,-3,1,-0.500003,0,0,5.96046e-05,0,0,0.0109151,24,10.8,1.98875,0.00012466,1,-0.0424773,0.000439009,0,0.266016,-0.00260919,0,0.0134775,25,10.8,2.62168,-0.999237,1,-0.363475,0.00428408,0,-0.412464,0.0306964,0,0.0117848,26,10.8,0.990583,2.00168,1,-0.0608936,0.000524521,0,0.314593,-0.0154972,0,0.0115713,27,10.8,-1.17402,2.99999,1,-0.14523,0,0,-0.999987,-0.000119209,0,0.00783348,28,10.8,2.46657,-1.98093,1,0.5,-0.00748038,0,0,-0.0829101,0,0.00931615,29,10.8,-0.998821,0.995566,1,0.00158548,-0.0831321,0,-0.0144243,0.355989,0,0.0101408,30,10.8,1.01187,2.99959,1,0.5,0.00692606,0,0,-0.077486,0,0.00591036,31,10.8,-2.11131,2.91221,1,-0.350648,0.265974,0,-0.56529,-0.491381,0,0.00640212,32,10.8,0.00184721,8.37918e-06,1,-0.00427662,-1.57872e-05,0,-0.00166445,-1.88643e-05,0,0.0125614,33,10.8,0.79105,0.998284,1,-0.40236,-0.012961,0,-0.102788,-0.0711679,0,0.0157853,34,10.8,-0.167739,2.00017,1,-0.5,-2.38419e-05,0,0,-0.000834465,0,0.0142736,35,10.8,1.76654,1.01609,1,-0.486752,0.0270009,0,-0.173509,-0.221968,0,0.0129681
0,10.9,-2.71434,-1.84587,1,-0.441518,0.47114,0,0.269115,0.358775,0,0.0100118,1,10.9,-1.13251,-2.99833,1,0.5,0.00801049,0,-7.45058e-06,0.00281632,0,0.00715419,2,10.9,2.39449,-2.99932,1,-0.498656,0.0161126,0,0.0313222,0.232399,0,0.00812889,3,10.9,-2.00001,1.00101,1,0.000244565,-0.00424217,0,-0.000707805,0.00476092,0,0.0115903,4,10.9,-0.306305,-2.00849,1,-0.5,-0.0688966,0,1.78814e-06,0.276282,0,0.01444,5,10.9,2.99999,-0.270134,1,-1.56462e-05,-0.468438,0,-5.96046e-05,-0.0206596,0,0.0100786,6,10.9,-3,2.77697,1,3.72529e-06,-0.497947,0,5.96046e-05,-0.062719,0,0.00943819,7,10.9,-0.99996,-0.996504,1,-0.00148891,-0.0236581,0,0.00401959,0.0368245,0,0.00992426,8,10.9,-2.00784,0.00394689,1,-0.0583503,-0.0101635,0,0.295237,-0.0110837,0,0.00875595,9,10.9,-2.99995,-2.77234,1,-6.37025e-05,-0.4503,0,-7.45058e-05,0.304803,0,0.0100085,10,10.9,-1.99998,-1.00003,1,-4.2282e-05,0.000381842,0,-2.23517e-05,-0.000864267,0,0.0111904,11,10.9,0.998739,-1.05922,1,-0.00140695,0.5,0,0.00971928,0,0,0.0160201,12,10.9,2.99961,-2.5377,1,-0.0106391,-0.5,0,-0.197485,0,0,0.00585296,13,10.9,1.99867,1.84751,1,-0.00160094,-0.499929,0,0.0192747,-0.00280887,0,0.0149711,14,10.9,-2.17828,-2.99996,1,0.409087,-3.98606e-05,0,-0.37463,-7.45058e-05,0,0.00965816,15,10.9,1.99795,-1.45014,1,-0.0234898,-0.485157,0,-0.422925,-0.167735,0,0.0160534,16,10.9,-1.22177,-1.99999,1,-0.5,2.23517e-06,0,7.45058e-06,-1.49012e-05,0,0.0107454,17,10.9,0.087261,-0.978402,1,-0.293796,-0.126633,0,0.474831,0.334952,0,0.0107809,18,10.9,-2.99998,1.71601,1,-7.07805e-05,-0.5,0,0,1.49012e-05,0,0.00999301,19,10.9,0.00288413,1.26381,1,0.0709104,0.481638,0,0.0351995,0.214763,0,0.0121443,20,10.9,0.00481689,2.99919,1,0.0887415,0.00248626,0,-0.37477,-0.00345707,0,0.00916042,21,10.9,-1.00025,-0.00885642,1,-0.0016138,-0.0551879,0,0.00788271,0.292316,0,0.00990684,22,10.9,-2.99778,-0.774195,1,0.0104696,0.498872,0,0.0013411,0.0387952,0,0.00708115,23,10.9,1.49276,-3,1,-0.5,0,0,7.45058e-06,0,0,0.0109151,24,10.9,1.98573,0.000156391,1,-0.0188408,0.000204372,0,0.207283,-0.00208456,0,0.0134775,25,10.9,2.58327,-0.998688,1,-0.404492,0.00638254,0,-0.397637,0.0121146,0,0.0117848,26,10.9,0.985963,2.00166,1,-0.0325519,-0.000808015,0,0.252482,-0.0112206,0,0.0115713,27,10.9,-1.1935,2.99999,1,-0.243556,-8.19564e-06,0,-0.950456,-2.98023e-05,0,0.00783348,28,10.9,2.51657,-1.98242,1,0.5,-0.0252094,0,0,-0.256717,0,0.00931615,29,10.9,-0.998729,0.98893,1,0.000302959,-0.0506335,0,-0.0112392,0.293855,0,0.0101408,30,10.9,1.06187,2.99995,1,0.5,0.000581518,0,0,-0.050351,0,0.00591036,31,10.9,-2.14927,2.93638,1,-0.4082,0.217726,0,-0.55474,-0.470862,0,0.00640212,32,10.9,0.00141715,6.73441e-06,1,-0.00426956,-1.68422e-05,0,0.0016414,-2.9035e-06,0,0.0125614,33,10.9,0.749954,0.996601,1,-0.422295,-0.0208756,0,-0.267215,-0.0827014,0,0.0157853,34,10.9,-0.217739,2.00017,1,-0.5,-9.49949e-05,0,0,-0.000581145,0,0.0142736,35,10.9,1.71722,1.01778,1,-0.497816,0.00763442,0,-0.0559762,-0.166632,0,0.0129681
0,11,-2.75706,-1.7974,1,-0.412029,0.494158,0,0.318527,0.116825,0,0.00804173,1,11,-1.08251,-2.99753,1,0.500003,0.00779629,0,-5.96046e-05,-0.00667572,0,0.00751546,2,11,2.34486,-2.99639,1,-0.492972,0.044024,0,0.0855923,0.314474,0,0.00780274,3,11,-1.99999,1.00061,1,0.000175834,-0.00368655,0,-0.000655651,0.00619888,0,0.0116921,4,11,-0.356305,-2.01407,1,-0.5,-0.0435591,0,1.43051e-05,0.230789,0,0.0128326,5,11,2.99999,-0.317227,1,-1.19209e-05,-0.474591,0,-0.000238419,-0.0910014,0,0.00826091,6,11,-3,2.72702,1,1.19209e-05,-0.5,0,0,0,0,0.00755835,7,11,-1.00009,-0.998673,1,-0.00109076,-0.019601,0,0.0038743,0.043422,0,0.0103347,8,11,-2.0123,0.00289691,1,-0.0317216,-0.0106339,0,0.237584,0.00105111,0,0.00944782,9,11,-2.99995,-2.81568,1,-6.55651e-05,-0.415128,0,-0.000119209,0.394821,0,0.00965231,10,11,-1.99998,-0.999996,1,-4.47035e-05,0.000293553,0,5.96046e-05,-0.000864267,0,0.00967256,11,11,0.998644,-1.00922,1,-0.000533462,0.500001,0,0.00783801,0,0,0.0142642,12,11,2.99734,-2.5877,1,-0.0366628,-0.5,0,-0.309825,0,0,0.0088287,13,11,1.9986,1.79751,1,0.00013411,-0.500003,0,0.0157952,5.96046e-05,0,0.011609,14,11,-2.13935,-2.99996,1,0.368506,-4.76837e-05,0,-0.433445,-0.000119209,0,0.00989975,15,11,1.99298,-1.49931,1,-0.0803769,-0.496629,0,-0.690222,-0.0671148,0,0.0195698,16,11,-1.27177,-1.99999,1,-0.500003,0,0,5.96046e-05,0,0,0.0107049,17,11,0.0602637,-0.989452,1,-0.246139,-0.0949904,0,0.475459,0.297189,0,0.01294,18,11,-2.99998,1.66601,1,-6.55651e-05,-0.500003,0,0.000119209,5.96046e-05,0,0.00926867,19,11,0.0099799,1.31281,1,0.0694316,0.496069,0,-0.0592713,0.0786781,0,0.0118264,20,11,0.0119206,2.99942,1,0.0543805,0.00209808,0,-0.311939,-0.00393391,0,0.00970298,21,11,-1.00037,-0.0130119,1,-0.00089705,-0.0289005,0,0.00649691,0.233572,0,0.00928721,22,11,-2.99675,-0.72422,1,0.00993609,0.5,0,-0.0110865,2.98023e-05,0,0.00968875,23,11,1.44276,-3,1,-0.500003,0,0,5.96046e-05,0,0,0.00900092,24,11,1.98479,0.000167265,1,-0.000885129,2.15929e-05,0,0.152469,-0.00157504,0,0.0131863,25,11,2.54093,-0.998014,1,-0.441319,0.00686944,0,-0.332355,-0.00166893,0,0.0114671,26,11,0.983869,2.00153,1,-0.0103176,-0.0017345,0,0.192702,-0.00739098,0,0.0129844,27,11,-1.22241,2.99999,1,-0.332364,-1.19209e-05,0,-0.812173,0,0,0.0111277,28,11,2.56657,-1.98641,1,0.5,-0.0560701,0,0,-0.347853,0,0.00707944,29,11,-0.99875,0.985232,1,-0.000666082,-0.0243485,0,-0.00816584,0.23213,0,0.0108758,30,11,1.11187,2.99979,1,0.500003,-0.00332594,0,-5.96046e-05,-0.0286102,0,0.00782313,31,11,-2.19265,2.95585,1,-0.456887,0.172287,0,-0.403047,-0.435591,0,0.0052869,32,11,0.00100272,5.05741e-06,1,-0.00397947,-1.64962e-05,0,0.00401337,9.20681e-06,0,0.0106122,33,11,0.706306,0.994111,1,-0.450973,-0.028725,0,-0.286758,-0.0709891,0,0.0112591,34,11,-0.267739,2.00016,1,-0.5,-0.000143051,0,0,-0.000357628,0,0.0127798,35,11,1.66728,1.01779,1,-0.5,-0.00657439,0,0,-0.118732,0,0.0136038
0,11.1,-2.7966,-1.74763,1,-0.37812,0.499634,0,0.357136,0.0146031,0,0.00804173,1,11.1,-1.03251,-2.9968,1,0.5,0.00685453,0,-3.72529e-06,-0.0118613,0,0.00751546,2,11.1,2.29616,-2.98999,1,-0.479275,0.087614,0,0.186458,0.534609,0,0.00780274,3,11.1,-1.99997,1.00027,1,0.000113994,-0.00302792,0,-0.000581145,0.00686944,0,0.0116921,4,11.1,-0.406305,-2.01735,1,-0.5,-0.0228755,0,0,0.183761,0,0.0128326,5,11.1,2.99999,-0.365189,1,-2.90573e-05,-0.484873,0,-0.000119209,-0.104427,0,0.00826091,6,11.1,-3,2.67702,1,1.15484e-05,-0.5,0,-1.49012e-05,0,0,0.00755835,7,11.1,-1.00018,-1.00041,1,-0.000720657,-0.0151528,0,0.00349432,0.0448972,0,0.0103347,8,11.1,-2.01438,0.00185414,1,-0.0108395,-0.0100819,0,0.180826,0.0094367,0,0.00944782,9,11.1,-2.99996,-2.8551,1,-7.37607e-05,-0.372058,0,-2.98023e-05,0.462651,0,0.00965231,10,11.1,-1.99999,-0.999971,1,-3.8743e-05,0.000208896,0,5.96046e-05,-0.000815839,0,0.00967256,11,11.1,0.998626,-0.959218,1,0.000155717,0.5,0,0.00598282,-3.72529e-06,0,0.0142642,12,11.1,2.99189,-2.63759,1,-0.0743717,-0.496441,0,-0.42963,0.0728518,0,0.0088287,13,11.1,1.99868,1.74751,1,0.00141114,-0.5,0,0.00993907,7.45058e-06,0,0.011609,14,11.1,-2.10473,-2.99997,1,0.323362,-5.58794e-05,0,-0.466272,-2.98023e-05,0,0.00989975,15,11.1,1.98089,-1.54915,1,-0.165856,-0.498711,0,-0.961281,0.0222698,0,0.0195698,16,11.1,-1.32177,-1.99999,1,-0.5,-1.86265e-07,0,7.45058e-06,-7.45058e-06,0,0.0107049,17,11.1,0.0380059,-0.997535,1,-0.199301,-0.0673608,0,0.458492,0.255074,0,0.01294,18,11.1,-2.99999,1.61601,1,-5.32717e-05,-0.5,0,0.00013411,7.45058e-06,0,0.00926867,19,11.1,0.0165334,1.36266,1,0.0607922,0.499755,0,-0.110057,0.00981241,0,0.0118264,20,11.1,0.0159084,2.99961,1,0.0264617,0.00168607,0,-0.24685,-0.00423193,0,0.00970298,21,11.1,-1.00043,-0.0148315,1,-0.000320934,-0.00844607,0,0.00504404,0.17633,0,0.00928721,22,11.1,-2.99582,-0.67422,1,0.00840984,0.5,0,-0.0188798,0,0,0.00968875,23,11.1,1.3928,-3,1,-0.498547,0,0,0.0333264,0,0,0.00900092,24,11.1,1.98538,0.000162372,1,0.0118252,-0.00011146,0,0.102967,-0.00109576,0,0.0131863,25,11.1,2.49529,-0.997352,1,-0.46991,0.00621695,0,-0.237033,-0.0107586,0,0.0114671,26,11.1,0.983705,2.00132,1,0.00610556,-0.00229776,0,0.136897,-0.00399351,0,0.0129844,27,11.1,-1.2595,2.99999,1,-0.406658,-1.04308e-05,0,-0.654422,2.98023e-05,0,0.0111277,28,11.1,2.6165,-1.99396,1,0.497771,-0.096602,0,-0.0481755,-0.448644,0,0.00707944,29,11.1,-0.998852,0.983857,1,-0.00133635,-0.00415845,0,-0.00530109,0.172611,0,0.0108758,30,11.1,1.16187,2.99934,1,0.5,-0.00539497,0,-7.45058e-06,-0.013411,0,0.00782313,31,11.1,-2.23999,2.97097,1,-0.48649,0.130959,0,-0.194639,-0.389367,0,0.0052869,32,11.1,0.00062765,3.46924e-06,1,-0.0034972,-1.51276e-05,0,0.0055009,1.75847e-05,0,0.0106122,33,11.1,0.659883,0.991001,1,-0.476187,-0.0323992,0,-0.210404,-0.0057742,0,0.0112591,34,11.1,-0.317739,2.00014,1,-0.5,-0.000170246,0,3.57628e-06,-0.000193715,0,0.0127798,35,11.1,1.61728,1.01661,1,-0.5,-0.0162484,0,0,-0.0761524,0,0.0136038
0,11.2,-2.83258,-1.69764,1,-0.341082,0.500003,0,0.381231,-5.96046e-05,0,0.00865392,1,11.2,-0.982508,-2.99618,1,0.5,0.00548363,0,2.98023e-05,-0.0152588,0,0.00977371,2,11.2,2.24932,-2.97835,1,-0.456083,0.146794,0,0.275254,0.629783,0,0.00940602,3,11.2,-1.99997,1,1,6.25849e-05,-0.00233203,0,-0.000536442,0.00694394,0,0.0113189,4,11.2,-0.456305,-2.0188,1,-0.5,-0.00663996,0,1.43051e-05,0.141859,0,0.0126263,5,11.2,2.99999,-0.414158,1,-3.57628e-05,-0.493966,0,0,-0.072524,0,0.00989316,6,11.2,-3,2.62702,1,1.19209e-05,-0.5,0,-0.000119209,0,0,0.00947957,7,11.2,-1.00023,-1.0017,1,-0.000393391,-0.0107348,0,0.00292063,0.0429749,0,0.00887002,8,11.2,-2.01465,0.000903184,1,0.00460744,-0.0088487,0,0.129104,0.0147579,0,0.00917618,9,11.2,-2.99997,-2.88991,1,-7.15256e-05,-0.323403,0,0,0.506401,0,0.0110332,10,11.2,-1.99999,-0.999954,1,-2.98023e-05,0.00013113,0,0,-0.000745058,0,0.00930853,11,11.2,0.998669,-0.909218,1,0.000672042,0.5,0,0.00435114,2.98023e-05,0,0.0132368,12,11.2,2.9822,-2.68673,1,-0.119895,-0.48517,0,-0.468612,0.153184,0,0.0076643,13,11.2,1.99887,1.69751,1,0.00216365,-0.500003,0,0.00524521,5.96046e-05,0,0.0104529,14,11.2,-2.07476,-2.99997,1,0.275874,-5.96046e-05,0,-0.480413,0,0,0.00980298,15,11.2,1.95939,-1.59878,1,-0.264889,-0.492573,0,-0.999987,0.0997186,0,0.0190297,16,11.2,-1.37177,-1.99999,1,-0.500003,-2.98023e-06,0,5.96046e-05,0,0,0.00990533,17,11.2,0.0203204,-1.00307,1,-0.154944,-0.044015,0,0.426439,0.211835,0,0.0134179,18,11.2,-2.99999,1.56601,1,-4.17233e-05,-0.500003,0,0.000238419,5.96046e-05,0,0.00775806,19,11.2,0.0220025,1.41265,1,0.0480679,0.500003,0,-0.141409,-5.96046e-05,0,0.0114791,20,11.2,0.017425,2.99976,1,0.0048989,0.00126958,0,-0.185108,-0.00417233,0,0.00900367,21,11.2,-1.00044,-0.0148833,1,0.000113249,0.00654312,0,0.00369549,0.124418,0,0.00980362,22,11.2,-2.99508,-0.62422,1,0.00627041,0.5,0,-0.0234842,2.98023e-05,0,0.00858382,23,11.2,1.3432,-3,1,-0.492597,0,0,0.0887513,0,0,0.0080609,24,11.2,1.98701,0.000146471,1,0.0199497,-0.000199577,0,0.0608563,-0.000677035,0,0.0122002,25,11.2,2.44728,-0.996795,1,-0.488573,0.00483394,0,-0.136852,-0.0163615,0,0.00997472,26,11.2,0.984915,2.00108,1,0.0172958,-0.00255704,0,0.0880957,-0.00107288,0,0.0119954,27,11.2,-1.30306,2.99999,1,-0.460652,-5.96046e-06,0,-0.418782,0,0,0.00963414,28,11.2,2.66593,-2.00593,1,0.489759,-0.143224,0,-0.114679,-0.472069,0,0.00634876,29,11.2,-0.999008,0.984212,1,-0.00174046,0.0103772,0,-0.00283122,0.11915,0,0.00882524,30,11.2,1.21187,2.99876,1,0.500003,-0.00612736,0,-5.96046e-05,-0.00178814,0,0.0048398,31,11.2,-2.28933,2.98221,1,-0.497764,0.0946879,0,-0.0447035,-0.335097,0,0.0070353,32,11.2,0.000306987,2.05422e-06,1,-0.00290334,-1.30872e-05,0,0.00626675,2.27265e-05,0,0.010862,33,11.2,0.611376,0.987817,1,-0.492294,-0.0304982,0,-0.111282,0.0409186,0,0.0106705,34,11.2,-0.367739,2.00012,1,-0.5,-0.000190735,0,-1.43051e-05,0.000119209,0,0.0138028,35,11.2,1.56728,1.01467,1,-0.500003,-0.0220746,0,5.96046e-05,-0.0416636,0,0.0105482
0,11.3,-2.86476,-1.64764,1,-0.302337,0.5,0,0.391692,-7.45058e-06,0,0.00865392,1,11.3,-0.932508,-2.99571,1,0.5,0.0038866,0,0,-0.0164956,0,0.00977371,2,11.3,2.20529,-2.96033,1,-0.422858,0.214991,0,0.383183,0.71764,0,0.00940602,3,11.3,-1.99996,0.999805,1,1.52737e-05,-0.00165738,0,-0.000402331,0.00648946,0,0.0113189,4,11.3,-0.506305,-2.01881,1,-0.5,0.00565015,0,-5.66244e-06,0.10474,0,0.0126263,5,11.3,2.99998,-0.463841,1,-3.35276e-05,-0.498913,0,5.96046e-05,-0.0271237,0,0.00989316,6,11.3,-3,2.57702,1,1.86265e-06,-0.5,0,-7.45058e-05,0,0,0.00947957,7,11.3,-1.00026,-1.00257,1,-0.000129268,-0.00666063,0,0.00235438,0.0382289,0,0.00887002,8,11.3,-2.01362,9.72842e-05,1,0.0151582,-0.00722669,0,0.0831783,0.0173216,0,0.00917618,9,11.3,-2.99998,-2.91967,1,-6.92904e-05,-0.27143,0,5.96046e-05,0.527784,0,0.0110332,10,11.3,-2,-0.999944,1,-2.86847e-05,6.28643e-05,0,2.98023e-05,-0.000622123,0,0.00930853,11,11.3,0.998755,-0.859218,1,0.00103535,0.5,0,0.00295416,0,0,0.0132368,12,11.3,2.96778,-2.7343,1,-0.169263,-0.464369,0,-0.506684,0.259295,0,0.0076643,13,11.3,1.9991,1.64751,1,0.00251159,-0.5,0,0.00186265,7.45058e-06,0,0.0104529,14,11.3,-2.04957,-2.99998,1,0.227907,-5.7742e-05,0,-0.47566,4.47035e-05,0,0.00980298,15,11.3,1.92807,-1.64739,1,-0.358994,-0.478289,0,-0.85552,0.183202,0,0.0190297,16,11.3,-1.42177,-1.99999,1,-0.5,-3.1665e-06,0,7.45058e-06,-7.45058e-06,0,0.00990533,17,11.3,0.00688695,-1.00648,1,-0.114476,-0.0250127,0,0.381443,0.168607,0,0.0134179,18,11.3,-3,1.51601,1,-2.16067e-05,-0.5,0,0.000149012,7.45058e-06,0,0.00775806,19,11.3,0.0260755,1.46265,1,0.0331872,0.5,0,-0.153799,-7.45058e-06,0,0.0114791,20,11.3,0.0170873,2.99987,1,-0.0107034,0.000875071,0,-0.128208,-0.00368059,0,0.00900367,21,11.3,-1.00041,-0.0136864,1,0.000418536,0.0166349,0,0.00243634,0.0787272,0,0.00980362,22,11.3,-2.99458,-0.57422,1,0.00389777,0.5,0,-0.0237077,0,0,0.00858382,23,11.3,1.29449,-3,1,-0.480423,0,0,0.156939,0,0,0.0080609,24,11.3,1.98924,0.000123747,1,0.0242407,-0.000249018,0,0.0263378,-0.000324485,0,0.0122002,25,11.3,2.39789,-0.996397,1,-0.497735,0.00311332,0,-0.0465512,-0.0177659,0,0.00997472,26,11.3,0.987013,2.00082,1,0.0239737,-0.00255704,0,0.0469014,0.000983477,0,0.0119954,27,11.3,-1.35078,2.99998,1,-0.489738,-5.58794e-06,0,-0.175327,1.49012e-05,0,0.00963414,28,11.3,2.71415,-2.02264,1,0.47296,-0.190804,0,-0.218645,-0.470161,0,0.00634876,29,11.3,-0.999193,0.985764,1,-0.00191834,0.019895,0,-0.000812113,0.0726171,0,0.00882524,30,11.3,1.26187,2.99815,1,0.5,-0.00588745,0,-7.45058e-06,0.00613928,0,0.0048398,31,11.3,-2.33924,2.9901,1,-0.49986,0.0641085,0,-0.00558794,-0.276029,0,0.0070353,32,11.3,4.83975e-05,8.63798e-07,1,-0.00226642,-1.06848e-05,0,0.00639,2.4924e-05,0,0.010862,33,11.3,0.561744,0.985015,1,-0.498983,-0.0251685,0,-0.0299774,0.0639372,0,0.0106705,34,11.3,-0.417739,2.0001,1,-0.5,-0.000178441,0,1.78814e-06,0.00013411,0,0.0138028,35,11.3,1.51728,1.0123,1,-0.5,-0.0248533,0,7.45058e-06,-0.0150204,0,0.0105482
0,11.4,-2.89303,-1.59764,1,-0.263119,0.500003,0,0.391006,-5.96046e-05,0,0.00768041,1,11.4,-0.882508,-2.9954,1,0.5,0.00222325,0,2.98023e-05,-0.0166893,0,0.0117141,2,11.4,2.16505,-2.93521,1,-0.380594,0.287336,0,0.45681,0.715733,0,0.00921336,3,11.4,-1.99996,0.999671,1,-1.78814e-05,-0.00104308,0,-0.000298023,0.00572205,0,0.0117775,4,11.4,-0.556305,-2.01778,1,-0.5,0.014472,0,-2.98023e-05,0.0722408,0,0.0111333,5,11.4,2.99998,-0.513809,1,-2.38419e-05,-0.5,0,0,-2.98023e-05,0,0.0080302,6,11.4,-3,2.52702,1,0,-0.5,0,-0.000119209,0,0,0.0104128,7,11.4,-1.00026,-1.00305,1,8.04663e-05,-0.00312924,0,0.00172853,0.0321269,0,0.0097034,8,11.4,-2.01176,-0.000537019,1,0.0214994,-0.00544914,0,0.0448227,0.0179427,0,0.00891118,9,11.4,-2.99998,-2.94417,1,-5.96046e-05,-0.218827,0,0,0.519753,0,0.00792709,10,11.4,-2,-0.999941,1,-2.38419e-05,7.45058e-06,0,0,-0.000476837,0,0.00919265,11,11.4,0.998872,-0.809218,1,0.00126958,0.5,0,0.00175834,2.98023e-05,0,0.0168098,12,11.4,2.94834,-2.77929,1,-0.219047,-0.434005,0,-0.479221,0.344396,0,0.00669645,13,11.4,1.99936,1.59751,1,0.00256598,-0.500003,0,-0.00077486,5.96046e-05,0,0.00924718,14,11.4,-2.02913,-2.99998,1,0.181341,-4.76837e-05,0,-0.452995,0,0,0.00869123,15,11.4,1.88829,-1.69419,1,-0.432149,-0.456467,0,-0.595629,0.250578,0,0.0125228,16,11.4,-1.47177,-1.99999,1,-0.500003,-2.98023e-06,0,5.96046e-05,-5.96046e-05,0,0.00961903,17,11.4,-0.00273806,-1.00821,1,-0.0788951,-0.0102043,0,0.329252,0.12821,0,0.0108244,18,11.4,-3,1.46601,1,-5.96046e-06,-0.500003,0,0,5.96046e-05,0,0.00798985,19,11.4,0.0286215,1.51265,1,0.0177476,0.500003,0,-0.153006,-5.96046e-05,0,0.00922016,20,11.4,0.0154611,2.99994,1,-0.0210016,0.000536442,0,-0.0790749,-0.00298023,0,0.00771485,21,11.4,-1.00036,-0.0116957,1,0.000607967,0.0225474,0,0.00137091,0.0408036,0,0.00904788,22,11.4,-2.9943,-0.52422,1,0.00157356,0.5,0,-0.022769,1.43051e-05,0,0.0101098,23,11.4,1.24736,-3,1,-0.46089,0,0,0.234604,0,0,0.00542673,24,11.4,1.99175,9.77175e-05,1,0.025478,-0.000266938,0,-0.000357628,-4.58566e-05,0,0.0111298,25,11.4,2.34803,-0.996175,1,-0.498021,0.00133365,0,0.0394583,-0.0176132,0,0.0090823,26,11.4,0.989587,2.00057,1,0.0269547,-0.00237823,0,0.0140965,0.00238419,0,0.0104886,27,11.4,-1.40034,2.99998,1,-0.498796,0,0,-0.0240803,0,0,0.0108107,28,11.4,2.7602,-2.044,1,0.446576,-0.235581,0,-0.306129,-0.417829,0,0.00598194,29,11.4,-0.999386,0.98805,1,-0.00191778,0.025177,0,0.000715256,0.0344515,0,0.00898164,30,11.4,1.31187,2.9976,1,0.500003,-0.00498295,0,-5.96046e-05,0.0113249,0,0.00567258,31,11.4,-2.38924,2.99523,1,-0.5,0.0395179,0,0,-0.215769,0,0.0055063,32,11.4,-0.000146653,-7.91661e-08,1,-0.0016398,-8.17355e-06,0,0.00607967,2.49862e-05,0,0.0110968,33,11.4,0.51177,0.982843,1,-0.5,-0.0180364,0,1.43051e-05,0.077188,0,0.010955,34,11.4,-0.467739,2.00009,1,-0.5,-0.000160933,0,1.43051e-05,0,0,0.0132521,35,11.4,1.46728,1.00977,1,-0.500003,-0.0252903,0,5.96046e-05,0.00536442,0,0.0104455
0,11.5,-2.9174,-1.54764,1,-0.224439,0.5,0,0.380978,-7.45058e-06,0,0.00768041,1,11.5,-0.832508,-2.99526,1,0.5,0.000633299,0,0,-0.0150502,0,0.0117141,2,11.5,2.1293,-2.90285,1,-0.334277,0.359676,0,0.467107,0.703007,0,0.00921336,3,11.5,-1.99997,0.999594,1,-4.2282e-05,-0.000518002,0,-0.000186265,0.00476092,0,0.0117775,4,11.5,-0.606263,-2.01602,1,-0.49861,0.0202022,0,0.0321865,0.0433028,0,0.0111333,5,11.5,2.99998,-0.563808,1,-2.16067e-05,-0.499948,0,5.96046e-05,0.00208616,0,0.0080302,6,11.5,-3,2.47702,1,-7.45058e-06,-0.5,0,-5.96046e-05,0,0,0.0104128,7,11.5,-1.00025,-1.00322,1,0.000226498,-0.000262447,0,0.00119209,0.0252053,0,0.0097034,8,11.5,-2.00944,-0.000993474,1,0.0243854,-0.00369714,0,0.0142306,0.0169174,0,0.00891118,9,11.5,-2.99999,-2.9635,1,-5.47618e-05,-0.168265,0,7.45058e-05,0.487417,0,0.00792709,10,11.5,-2,-0.999942,1,-2.23517e-05,-3.36207e-05,0,1.49012e-05,-0.000346452,0,0.00919265,11,11.5,0.999006,-0.759218,1,0.00139484,0.5,0,0.000778586,0,0,0.0168098,12,11.5,2.92392,-2.82083,1,-0.270186,-0.395581,0,-0.528961,0.41911,0,0.00669645,13,11.5,1.99961,1.54751,1,0.00239722,-0.5,0,-0.00248849,7.45058e-06,0,0.00924718,14,11.5,-2.0132,-2.99999,1,0.137869,-4.54485e-05,0,-0.414431,5.96046e-05,0,0.00869123,15,11.5,1.84259,-1.73848,1,-0.477135,-0.428538,0,-0.307783,0.305437,0,0.0125228,16,11.5,-1.52177,-1.99999,1,-0.5,-8.00937e-06,0,7.45058e-06,-3.72529e-05,0,0.00961903,17,11.5,-0.00907621,-1.00865,1,-0.04882,0.000728853,0,0.272155,0.091292,0,0.0108244,18,11.5,-3,1.41602,1,-5.96046e-06,-0.499727,0,0,0.00888109,0,0.00798985,19,11.5,0.0296608,1.56265,1,0.00334809,0.499953,0,-0.134358,-0.001885,0,0.00922016,20,11.5,0.0130375,2.99998,1,-0.0267893,0.000274554,0,-0.0382004,-0.00225008,0,0.00771485,21,11.5,-1.00029,-0.00929033,1,0.000699796,0.0250584,0,0.000499189,0.0107533,0,0.00904788,22,11.5,-2.99426,-0.47422,1,-0.000596792,0.5,0,-0.0204742,-1.78814e-06,0,0.0101098,23,11.5,1.20261,-3,1,-0.43252,0,0,0.329226,0,0,0.00542673,24,11.5,1.99426,7.11669e-05,1,0.0244312,-0.000260643,0,-0.0194162,0.000160118,0,0.0111298,25,11.5,2.29829,-0.996124,1,-0.497615,-0.000258349,0,-0.016883,-0.0142753,0,0.0090823,26,11.5,0.992309,2.00035,1,0.0270694,-0.00208803,0,-0.0104867,0.00332296,0,0.0104886,27,11.5,-1.45029,2.99998,1,-0.499924,3.72529e-07,0,-0.00301003,1.49012e-05,0,0.0108107,28,11.5,2.80318,-2.06956,1,0.411615,-0.274642,0,-0.388384,-0.358,0,0.00598194,29,11.5,-0.999572,0.990687,1,-0.00178739,0.0270587,0,0.00181794,0.00458583,0,0.00898164,30,11.5,1.36187,2.99716,1,0.5,-0.00373721,0,-7.45058e-06,0.0133812,0,0.00567258,31,11.5,-2.43924,2.99821,1,-0.5,0.0208881,0,0,-0.157759,0,0.0055063,32,11.5,-0.000281257,-7.74006e-07,1,-0.00106343,-5.75258e-06,0,0.00541251,2.32322e-05,0,0.0110968,33,11.5,0.46177,0.981435,1,-0.5,-0.0100703,0,0,0.0809319,0,0.010955,34,11.5,-0.517739,2.00007,1,-0.5,-0.000157207,0,-5.66244e-06,8.9407e-05,0,0.0132521,35,11.5,1.41728,1.0073,1,-0.499769,-0.0240192,0,0.0077635,0.0192523,0,0.0104455
0,11.6,-2.93797,-1.49764,1,-0.187218,0.500003,0,0.362039,-5.96046e-05,0,0.00736129,1,11.6,-0.782508,-2.99527,1,0.5,-0.000780821,0,2.98023e-05,-0.013113,0,0.0102984,2,11.6,2.09821,-2.86357,1,-0.287622,0.423479,0,0.464082,0.556707,0,0.00891854,3,11.6,-1.99997,0.999564,1,-5.66244e-05,-9.23872e-05,0,-5.96046e-05,0.00375509,0,0.00911788,4,11.6,-0.655879,-2.01383,1,-0.492808,0.0233114,0,0.0870526,0.0196695,0,0.00942003,5,11.6,2.99998,-0.613776,1,-1.78814e-05,-0.499167,0,0.000119209,0.0166893,0,0.00984847,6,11.6,-3,2.42702,1,-5.96046e-06,-0.5,0,-0.000119209,0,0,0.0101059,7,11.6,-1.00022,-1.00313,1,0.000321865,0.00191331,0,0.000715256,0.0184178,0,0.00853537,8,11.6,-2.00697,-0.00128152,1,0.0245988,-0.00209639,0,-0.00882149,0.0149704,0,0.0085933,9,11.6,-2.99999,-2.97797,1,-4.17233e-05,-0.122052,0,0.000119209,0.433803,0,0.00903736,10,11.6,-2,-0.999947,1,-1.78814e-05,-6.25849e-05,0,0,-0.000208616,0,0.00886685,11,11.6,0.999148,-0.709218,1,0.001432,0.5,0,0,2.98023e-05,0,0.0126735,12,11.6,2.89427,-2.8582,1,-0.322199,-0.351119,0,-0.499725,0.465751,0,0.00904482,13,11.6,1.99983,1.49751,1,0.00208914,-0.500003,0,-0.00357628,5.96046e-05,0,0.00956637,14,11.6,-2.00141,-2.99999,1,0.0987917,-3.57628e-05,0,-0.365794,0.000119209,0,0.00989205,15,11.6,1.79375,-1.77974,1,-0.495827,-0.395873,0,-0.0834465,0.345469,0,0.0123497,16,11.6,-1.57177,-1.99999,1,-0.500003,-1.19209e-05,0,5.96046e-05,0,0,0.00896604,17,11.6,-0.0126924,-1.00818,1,-0.0244487,0.00822246,0,0.215518,0.0593662,0,0.0104615,18,11.6,-3,1.36614,1,0,-0.497261,0,-0.000119209,0.0466108,0,0.00854206,19,11.6,0.0293591,1.61262,1,-0.009018,0.499246,0,-0.112526,-0.0150204,0,0.00946713,20,11.6,0.0102246,3,1,-0.0289353,8.34465e-05,0,-0.00613321,-0.00143051,0,0.007863,21,11.6,-1.00022,-0.00677112,1,0.000715256,0.0249523,0,-0.000178814,-0.0116709,0,0.00849236,22,11.6,-2.99441,-0.42422,1,-0.00249147,0.5,0,-0.0174046,-1.43051e-05,0,0.00855507,23,11.6,1.16114,-3,1,-0.395754,0,0,0.402629,0,0,0.00576896,24,11.6,1.99659,4.61629e-05,1,0.0218093,-0.000237095,0,-0.0318885,0.000300687,0,0.0108145,25,11.6,2.24844,-0.996216,1,-0.499374,-0.00152886,0,-0.012517,-0.0111759,0,0.0122102,26,11.6,0.994932,2.00016,1,0.0251055,-0.00172853,0,-0.0276268,0.00369549,0,0.01166,27,11.6,-1.50029,2.99998,1,-0.500003,5.96046e-06,0,5.96046e-05,-0.000119209,0,0.00809986,28,11.6,2.8423,-2.09868,1,0.369805,-0.306249,0,-0.443697,-0.270247,0,0.00692641,29,11.6,-0.99974,0.993376,1,-0.00156611,0.0263587,0,0.0025034,-0.0173151,0,0.0100465,30,11.6,1.41187,2.99686,1,0.500003,-0.00234842,0,-5.96046e-05,0.0140667,0,0.00846612,31,11.6,-2.48924,2.99959,1,-0.5,0.00773668,0,0,-0.106454,0,0.00688175,32,11.6,-0.00036188,-1.23738e-06,1,-0.000563014,-3.56125e-06,0,0.00457375,2.0454e-05,0,0.01029,33,11.6,0.41177,0.98083,1,-0.5,-0.0020653,0,1.43051e-05,0.0781417,0,0.00926482,34,11.6,-0.567739,2.00006,1,-0.5,-0.000143051,0,-2.98023e-05,0,0,0.0126963,35,11.6,1.36739,1.00501,1,-0.497484,-0.0215858,0,0.0443459,0.0286102,0,0.00901913
0,11.7,-2.95492,-1.44764,1,-0.15225,0.499998,0,0.3362,-8.9407e-05,0,0.00736129,1,11.7,-0.732508,-2.99541,1,0.5,-0.00198409,0,0,-0.0109375,0,0.0102984,2,11.7,2.07173,-2.81877,1,-0.24226,0.468927,0,0.442028,0.34678,0,0.00891854,3,11.7,-1.99998,0.999572,1,-5.94184e-05,0.000230968,0,-7.45058e-06,0.00272691,0,0.00911788,4,11.7,-0.704617,-2.01143,1,-0.480819,0.024331,0,0.155006,0.00144541,0,0.00942003,5,11.7,2.99998,-0.663683,1,-6.33299e-06,-0.499406,0,0.000104308,-0.0104271,0,0.00984847,6,11.7,-3,2.3771,1,-9.68575e-06,-0.497561,0,2.98023e-05,0.0516474,0,0.0101059,7,11.7,-1.00018,-1.00286,1,0.000372343,0.00342429,0,0.000305474,0.0119358,0,0.00853537,8,11.7,-2.00458,-0.0014206,1,0.0228718,-0.000729201,0,-0.0246465,0.0123299,0,0.0085933,9,11.7,-3,-2.98812,1,-2.98023e-05,-0.0819895,0,0.000119209,0.365511,0,0.00903736,10,11.7,-2,-0.999954,1,-1.63913e-05,-7.85105e-05,0,2.98023e-05,-0.000108033,0,0.00886685,11,11.7,0.99929,-0.659218,1,0.0014008,0.5,0,-0.000599772,0,0,0.0126735,12,11.7,2.85951,-2.89093,1,-0.373093,-0.303032,0,-0.503466,0.491336,0,0.00904482,13,11.7,2.00002,1.44751,1,0.00170749,-0.499997,0,-0.00401586,0.000111759,0,0.00956637,14,11.7,-1.99326,-3,1,0.0650067,-2.5332e-05,0,-0.309423,8.9407e-05,0,0.00989205,15,11.7,1.74392,-1.81754,1,-0.499739,-0.359808,0,-0.0104308,0.373542,0,0.0123497,16,11.7,-1.6217,-1.99999,1,-0.497635,-1.19209e-05,0,0.0502765,0,0,0.00896604,17,11.7,-0.0141527,-1.00711,1,-0.00566693,0.0127826,0,0.160975,0.0327975,0,0.0104615,18,11.7,-3,1.31674,1,-5.21541e-06,-0.489693,0,0,0.108428,0,0.00854206,19,11.7,0.0279339,1.6624,1,-0.0190871,0.495539,0,-0.0885967,-0.0645071,0,0.00946713,20,11.7,0.00734295,3,1,-0.0283067,-2.83122e-05,0,0.017355,-0.000834465,0,0.007863,21,11.7,-1.00015,-0.00436227,1,0.000672601,0.0229719,0,-0.000648201,-0.0268615,0,0.00849236,22,11.7,-2.99474,-0.374305,1,-0.00400804,0.497385,0,-0.0129491,-0.0549256,0,0.00855507,23,11.7,1.12366,-3,1,-0.352947,0,0,0.450388,0,0,0.00576896,24,11.7,1.9986,2.41117e-05,1,0.0182487,-0.000202598,0,-0.0385195,0.000380787,0,0.0108145,25,11.7,2.19846,-0.996419,1,-0.49996,-0.00248076,0,-0.00156462,-0.00794604,0,0.0122102,26,11.7,0.997284,2,1,0.0217809,-0.00135005,0,-0.0378899,0.0038296,0,0.01166,27,11.7,-1.55029,2.99998,1,-0.5,-2.23517e-06,0,7.45058e-06,-2.98023e-05,0,0.00809986,28,11.7,2.87699,-2.13062,1,0.323484,-0.331948,0,-0.478223,-0.237554,0,0.00692641,29,11.7,-0.999884,0.995898,1,-0.00129584,0.0238501,0,0.00285357,-0.0317544,0,0.0100465,30,11.7,1.46187,2.99669,1,0.5,-0.000951439,0,-7.45058e-06,0.0137091,0,0.00846612,31,11.7,-2.53924,2.99991,1,-0.5,-0.00073649,0,0,-0.0646859,0,0.00688175,32,11.7,-0.000396898,-1.49702e-06,1,-0.00015324,-1.69073e-06,0,0.00362079,1.69109e-05,0,0.01029,33,11.7,0.361882,0.980995,1,-0.496604,0.00516511,0,0.0694486,0.0662357,0,0.00926482,34,11.7,-0.617672,2.00004,1,-0.497892,-0.000138208,0,0.0455268,7.45058e-05,0,0.0126963,35,11.7,1.31796,1.003,1,-0.490167,-0.0184363,0,0.105754,0.0338033,0,0.00901913
0,11.8,-2.96852,-1.39764,1,-0.120181,0.499967,0,0.304222,-0.000715256,0,0.00827469,1,11.8,-0.682508,-2.99566,1,0.5,-0.00296235,0,2.98023e-05,-0.00870228,0,0.0102215,2,11.8,2.04967,-2.7705,1,-0.199425,0.49296,0,0.413537,0.140905,0,0.00951314,3,11.8,-1.99998,0.999607,1,-5.96046e-05,0.000454485,0,0.000119209,0.00181794,0,0.00949854,4,11.8,-0.751797,-2.00902,1,-0.461477,0.0237465,0,0.232816,-0.0123978,0,0.0122065,5,11.8,2.99998,-0.713663,1,5.96046e-06,-0.5,0,0,-2.98023e-05,0,0.00540765,6,11.8,-3,2.3277,1,-5.96046e-06,-0.489187,0,0.000119209,0.11766,0,0.0100287,7,11.8,-1.00015,-1.00247,1,0.00038445,0.00433028,0,0,0.00631809,0,0.00797846,8,11.8,-2.00244,-0.00143652,1,0.0198662,0.00036385,0,-0.0343323,0.0095173,0,0.00844458,9,11.8,-3,-2.99461,1,-1.19209e-05,-0.0492275,0,0,0.288963,0,0.0084903,10,11.8,-2.00001,-0.999963,1,-1.19209e-05,-8.49366e-05,0,0,-5.96046e-05,0,0.00805278,11,11.8,0.999426,-0.609218,1,0.00131875,0.5,0,-0.00107288,2.98023e-05,0,0.0124034,12,11.8,2.81978,-2.91877,1,-0.420451,-0.253719,0,-0.433683,0.491142,0,0.00739958,13,11.8,2.00017,1.39751,1,0.00129938,-0.499958,0,-0.00417233,0.000834465,0,0.00853424,14,11.8,-1.98821,-3,1,0.0369608,-1.78814e-05,0,-0.251353,0.000119209,0,0.00915762,15,11.8,1.69392,-1.85163,1,-0.500003,-0.321603,0,5.96046e-05,0.388622,0,0.0118231,16,11.8,-1.67111,-1.99999,1,-0.489447,-8.9407e-06,0,0.115514,-5.96046e-05,0,0.00885527,17,11.8,-0.0139987,-1.0057,1,0.00793021,0.0149667,0,0.111949,0.0116825,0,0.0122628,18,11.8,-3,1.26844,1,-5.96046e-06,-0.474995,0,0.000119209,0.187635,0,0.0077886,19,11.8,0.0256235,1.71152,1,-0.0267047,0.485453,0,-0.0636876,-0.140727,0,0.0094331,20,11.8,0.00462853,2.99999,1,-0.0257164,-8.9407e-05,0,0.03328,-0.000357628,0,0.00888535,21,11.8,-1.00009,-0.00221706,1,0.000590086,0.0197785,0,-0.00089407,-0.0360967,0,0.00889675,22,11.8,-2.9952,-0.32495,1,-0.00509024,0.488581,0,-0.00882149,-0.122845,0,0.00840389,23,11.8,1.09067,-3,1,-0.306299,0,0,0.47946,0,0,0.00739512,24,11.8,2.00022,5.82977e-06,1,0.0142574,-0.000162478,0,-0.0408888,0.000414682,0,0.0119659,25,11.8,2.14846,-0.996702,1,-0.5,-0.00313371,0,0,-0.0051856,0,0.0148632,26,11.8,0.999263,1.99989,1,0.0177041,-0.000971556,0,-0.0428259,0.00363588,0,0.0128859,27,11.8,-1.60029,2.99998,1,-0.500003,-5.96046e-06,0,5.96046e-05,0,0,0.00857707,28,11.8,2.90692,-2.1649,1,0.274998,-0.352669,0,-0.487447,-0.172138,0,0.0057319,29,11.8,-0.999999,0.998108,1,-0.00100583,0.020209,0,0.00295043,-0.0401139,0,0.00847912,30,11.8,1.51187,2.99667,1,0.500003,0.000369549,0,-5.96046e-05,0.0123978,0,0.00733036,31,11.8,-2.58924,2.99957,1,-0.5,-0.00553131,0,0,-0.0324249,0,0.00480917,32,11.8,-0.000395696,-1.5877e-06,1,0.000161619,-1.84684e-07,0,0.00268211,1.31996e-05,0,0.0102455,33,11.8,0.312694,0.981822,1,-0.485881,0.0111446,0,0.145748,0.0531673,0,0.0100086,34,11.8,-0.667135,2.00003,1,-0.490329,-0.00012517,0,0.108063,0.000119209,0,0.0156793,35,11.8,1.26959,1.00133,1,-0.475737,-0.014931,0,0.185013,0.0358224,0,0.00915011
0,11.9,-2.97907,-1.3477,1,-0.0915289,0.49807,0,0.268161,-0.0435039,0,0.00827469,1,11.9,-0.632508,-2.99599,1,0.5,-0.00369474,0,0,-0.00599027,0,0.0102215,2,11.9,2.03174,-2.72078,1,-0.159856,0.499561,0,0.377312,0.0175685,0,0.00951314,3,11.9,-1.99999,0.99966,1,-4.84288e-05,0.000592694,0,0.000104308,0.000976026,0,0.00949854,4,11.9,-0.796965,-2.00672,1,-0.443457,0.0219867,0,0.138063,-0.0222027,0,0.0122065,5,11.9,2.99998,-0.763663,1,6.33299e-06,-0.5,0,1.49012e-05,0,0,0.00540765,6,11.9,-3,2.27949,1,3.72529e-06,-0.473887,0,5.96046e-05,0.189617,0,0.0100287,7,11.9,-1.00011,-1.00149,1,0.000371225,0.0196912,0,-0.00026077,0.273529,0,0.00797846,8,11.9,-2.00063,-0.00135739,1,0.0161715,0.00117146,0,-0.0388324,0.00667401,0,0.00844458,9,11.9,-3,-2.99822,1,-7.45058e-06,-0.0242766,0,5.96046e-05,0.210539,0,0.0084903,10,11.9,-2.00001,-0.999971,1,-1.04308e-05,-8.69855e-05,0,2.98023e-05,1.49012e-05,0,0.00805278,11,11.9,0.999552,-0.559218,1,0.00119703,0.5,0,-0.00134483,0,0,0.0124034,12,11.9,2.7757,-2.94173,1,-0.459379,-0.205844,0,-0.333101,0.464007,0,0.00739958,13,11.9,2.00028,1.34758,1,0.000889599,-0.498043,0,-0.00396371,0.0437275,0,0.00853424,14,11.9,-1.98568,-3,1,0.0147427,-7.82311e-06,0,-0.193663,7.45058e-05,0,0.00915762,15,11.9,1.64392,-1.88184,1,-0.5,-0.282594,0,7.45058e-06,0.389926,0,0.0118231,16,11.9,-1.71982,-2,1,-0.487405,-1.37836e-05,0,-0.0453889,-2.98023e-05,0,0.00885527,17,11.9,-0.0132425,-1.00417,1,0.00196329,0.0153095,0,-0.202462,-0.00399351,0,0.0122628,18,11.9,-3,1.22206,1,3.72529e-06,-0.450837,0,5.96046e-05,0.292286,0,0.0077886,19,11.9,0.022681,1.75916,1,-0.0316957,0.465658,0,-0.0367255,-0.252433,0,0.0094331,20,11.9,0.00224066,2.99998,1,-0.0218919,-0.000109524,0,0.0422469,-5.96046e-05,0,0.00888535,21,11.9,-0.999512,-0.000427926,1,0.0154696,0.0159398,0,0.27094,-0.0399791,0,0.00889675,22,11.9,-2.99575,-0.276824,1,-0.00577457,0.472721,0,-0.00493228,-0.195445,0,0.00840389,23,11.9,1.06247,-3,1,-0.257719,0,0,0.488415,0,0,0.00739512,24,11.9,2.00144,-8.34309e-06,1,0.0102267,-0.000121088,0,-0.0392795,0.000408295,0,0.0119659,25,11.9,2.09846,-0.997037,1,-0.5,-0.00352841,0,0,-0.00278652,0,0.0148632,26,11.9,1.00082,1.99981,1,0.0133782,-0.000625104,0,-0.0431202,0.00326335,0,0.0128859,27,11.9,-1.65024,2.99998,1,-0.498311,-4.09782e-06,0,0.0402853,4.47035e-05,0,0.00857707,28,11.9,2.932,-2.20119,1,0.226614,-0.374366,0,-0.476703,-0.250205,0,0.0057319,29,11.9,-1.00008,1.00044,1,-0.000717957,0.0309879,0,0.00279024,0.228845,0,0.00847912,30,11.9,1.56187,2.99676,1,0.499956,0.00149272,0,-0.00175089,0.0100583,0,0.00733036,31,11.9,-2.63912,2.99889,1,-0.496324,-0.00763275,0,0.0750273,-0.0106841,0,0.00480917,32,11.9,-0.000367654,0.000521209,1,0.000384358,0.0149794,0,0.00179095,0.272013,0,0.0102455,33,11.9,0.264628,0.983175,1,-0.477192,0.0156526,0,0.0410285,0.0372641,0,0.0100086,34,11.9,-0.715956,2.00002,1,-0.488606,-0.000111386,0,-0.044629,0.000163913,0,0.0156793,35,11.9,1.22313,1.00002,1,-0.451815,-0.0113926,0,0.290208,0.0346564,0,0.00915011
0,12,-2.98695,-1.29822,1,-0.0666499,0.490215,0,0.229001,-0.11766,0,0.00733675,1,12,-0.582508,-2.99639,1,0.5,-0.00416636,0,2.98023e-05,-0.00357628,0,0.0082852,2,12,2.01757,-2.67079,1,-0.124055,0.5,0,0.338197,0,0,0.0101955,3,12,-1.99999,0.999723,1,-3.8743e-05,0.000655651,0,0.000119209,0.000238419,0,0.0101256,4,12,-0.840705,-2.00464,1,-0.431962,0.0194252,0,0.100344,-0.0286102,0,0.012805,5,12,2.99998,-0.813663,1,5.96046e-06,-0.5,0,0.000119209,-2.98023e-05,0,0.00738665,6,12,-3,2.23318,1,1.19209e-05,-0.451112,0,-0.000119209,0.265837,0,0.0112904,7,12,-1.00007,-0.997894,1,0.000336766,0.0541657,0,-0.000476837,0.394613,0,0.0129192,8,12,-1.99921,-0.00121129,1,0.0122249,0.00170752,0,-0.0394583,0.00409671,0,0.00819135,9,12,-3,-2.99972,1,0,-0.0069201,0,0,0.138044,0,0.00778277,10,12,-2.00001,-0.99998,1,-5.96046e-06,-8.19564e-05,0,0,8.9407e-05,0,0.0085467,11,12,0.999665,-0.509218,1,0.00105351,0.5,0,-0.00151992,-1.43051e-05,0,0.0113216,12,12,2.72833,-2.96005,1,-0.485653,-0.161332,0,-0.189781,0.424147,0,0.0068475,13,12,2.00035,1.29811,1,0.0005126,-0.490165,0,-0.00357628,0.118017,0,0.00956452,14,12,-1.98508,-3,1,-0.00192225,-5.96046e-06,0,-0.140488,0.000238419,0,0.00759062,15,12,1.59392,-1.90816,1,-0.500003,-0.24392,0,5.96046e-05,0.382066,0,0.0118918,16,12,-1.76886,-2,1,-0.493923,-1.49012e-05,0,-0.0682473,0,0,0.0094306,17,12,-0.0143821,-1.00268,1,-0.0274053,0.014326,0,-0.362167,-0.0149608,0,0.0135425,18,12,-3,1.17858,1,1.19209e-05,-0.417194,0,-0.000119209,0.377119,0,0.00853111,19,12,0.0193682,1.8043,1,-0.0341703,0.435543,0,-0.0133757,-0.346839,0,0.0103242,20,12,0.000270883,2.99997,1,-0.0174418,-0.000107288,0,0.0459696,0.000238419,0,0.00868556,21,12,-0.996348,0.000964546,1,0.0498727,0.0119076,0,0.395626,-0.0401142,0,0.0123933,22,12,-2.99634,-0.230656,1,-0.00609159,0.449374,0,-0.0013113,-0.271611,0,0.00854065,23,12,1.03912,-3,1,-0.209308,0,0,0.476718,0,0,0.00829631,24,12,2.00228,-1.8454e-05,1,0.00647306,-8.166e-05,0,-0.0354052,0.000376674,0,0.0103235,25,12,2.04846,-0.9974,1,-0.5,-0.00370443,0,0,-0.000834465,0,0.0124409,26,12,1.00194,1.99976,1,0.00917912,-0.000321865,0,-0.0404716,0.00274181,0,0.0134304,27,12,-1.69976,2.99998,1,-0.490856,0,0,0.113249,0,0,0.00780108,28,12,2.95232,-2.23992,1,0.180298,-0.400597,0,-0.446796,-0.265002,0,0.0056508,29,12,-1.00014,1.00495,1,-0.000452995,0.0611961,0,0.0025034,0.35429,0,0.0125204,30,12,1.61184,2.99696,1,0.499302,0.00237226,0,-0.0139475,0.0077486,0,0.00620036,31,12,-2.68824,2.9981,1,-0.484776,-0.00787377,0,0.15676,0.00476837,0,0.0062532,32,12,-0.000321608,0.00364142,1,0.000523624,0.0494936,0,0.00101425,0.396748,0,0.0125665,33,12,0.21703,0.984902,1,-0.475322,0.0186518,0,0.00691414,0.0229478,0,0.0130805,34,12,-0.76511,2.00001,1,-0.494754,-9.53674e-05,0,-0.0623167,0.000238419,0,0.0152665,35,12,1.17955,0.999049,1,-0.418353,-0.0080511,0,0.375688,0.0319481,0,0.00909162
0,12.1,-2.99254,-1.24965,1,-0.0457775,0.482485,0,0.188366,-0.0477359,0,0.00733675,1,12.1,-0.532508,-2.99587,1,0.5,0.0230357,0,0,0.508785,0,0.0082852,2,12.1,2.00678,-2.62079,1,-0.0925522,0.5,0,0.292137,0,0,0.0101955,3,12.1,-1.99999,0.999789,1,-2.79397e-05,0.000652764,0,8.9407e-05,-0.000271946,0,0.0101256,4,12.1,-0.882954,-2.00285,1,-0.408931,0.0163801,0,0.345904,-0.0318289,0,0.012805,5,12.1,2.99998,-0.863663,1,1.60187e-05,-0.5,0,7.45058e-05,0,0,0.00738665,6,12.1,-3,2.19003,1,2.23517e-06,-0.406045,0,-5.96046e-05,0.607595,0,0.0112904,7,12.1,-1.00004,-0.990266,1,0.000275299,0.100284,0,-0.000834465,0.508558,0,0.0129192,8,12.1,-1.99818,-0.00102399,1,0.00838954,0.00200104,0,-0.0368878,0.0018476,0,0.00819135,9,12.1,-3,-2.99983,1,0,0.00376999,0,0,0.0784993,0,0.00778277,10,12.1,-2,-1.00062,1,0.000205822,-0.0181875,0,0.00410527,-0.332508,0,0.0085467,11,12.1,0.999762,-0.459218,1,0.000897981,0.5,0,-0.00157952,0,0,0.0113216,12,12.1,2.67905,-2.97414,1,-0.497761,-0.121288,0,-0.0601709,0.375345,0,0.0068475,13,12.1,2.0021,1.24993,1,0.0478543,-0.470871,0,0.813305,0.261486,0,0.00956452,14,12.1,-1.98589,-3,1,-0.0135263,1.15484e-05,0,-0.0928417,0.00013411,0,0.00759062,15,12.1,1.54392,-1.93067,1,-0.5,-0.206588,0,7.45058e-06,0.363618,0,0.0118918,16,12.1,-1.81854,-2,1,-0.498954,-1.47149e-05,0,-0.0285134,7.45058e-06,0,0.0094306,17,12.1,-0.0192279,-1.00134,1,-0.0719261,0.0124799,0,-0.507477,-0.0214949,0,0.0135425,18,12.1,-3,1.13936,1,2.23517e-06,-0.361849,0,-5.96046e-05,0.699982,0,0.00853111,19,12.1,0.0163727,1.84597,1,-0.0214215,0.396471,0,0.246204,-0.429437,0,0.0103242,20,12.1,-0.00124348,2.99996,1,-0.0128595,-7.89762e-05,0,0.0451376,0.000298023,0,0.00868556,21,12.1,-0.989139,0.00196006,1,0.0962524,0.00805929,0,0.512578,-0.0367198,0,0.0123933,22,12.1,-2.99695,-0.186882,1,-0.00604354,0.427801,0,0.00210106,-0.170062,0,0.00854065,23,12.1,1.02053,-3,1,-0.163039,0,0,0.446096,0,0,0.00829631,24,12.1,2.00276,-2.48185e-05,1,0.003203,-4.64923e-05,0,-0.0298917,0.000324959,0,0.0103235,25,12.1,1.99846,-0.997772,1,-0.5,-0.00370713,0,0,0.000718981,0,0.0124409,26,12.1,1.00388,1.99974,1,0.0402611,-8.10251e-05,0,0.602722,0.00209361,0,0.0134304,27,12.1,-1.74656,2.99998,1,-0.432423,1.49012e-06,0,0.88916,2.98023e-05,0,0.00780108,28,12.1,2.96819,-2.2815,1,0.138003,-0.432128,0,-0.397816,-0.338793,0,0.0056508,29,12.1,-1.00016,1.01323,1,0.000257045,0.107716,0,0.0112057,0.550121,0,0.0125204,30,12.1,1.66163,2.99723,1,0.495733,0.00302456,0,-0.0629276,0.00531971,0,0.00620036,31,12.1,-2.73539,2.99736,1,-0.453077,-0.00681281,0,0.457391,0.0154674,0,0.0062532,32,12.1,-0.000265185,0.0108211,1,0.000597738,0.0960669,0,0.000585525,0.51519,0,0.0125665,33,12.1,0.169429,0.986857,1,-0.47746,0.0202266,0,-0.0392421,0.00890717,0,0.0130805,34,12.1,-0.814838,2,1,-0.49914,-7.26432e-05,0,-0.0237674,0.000208616,0,0.0152665,35,12.1,1.1397,0.998397,1,-0.377618,-0.00504544,0,0.435986,0.0280105,0,0.00909162
0,12.2,-2.99624,-1.2016,1,-0.0289679,0.478724,0,0.148177,-0.0361204,0,0.00747625,1,12.2,-0.482508,-2.99045,1,0.5,0.0904381,0,-1.43051e-05,0.80657,0,0.01039,2,12.2,1.99891,-2.57079,1,-0.0655651,0.5,0,0.247955,0,0,0.00987939,3,12.2,-2,0.999852,1,-1.78814e-05,0.000606477,0,5.96046e-05,-0.000625849,0,0.0106303,4,12.2,-0.921812,-2.00137,1,-0.365481,0.0131428,0,0.510484,-0.0326633,0,0.010972,5,12.2,2.99998,-0.913663,1,2.38419e-05,-0.5,0,0,-2.98023e-05,0,0.00757295,6,12.2,-3,2.15284,1,0,-0.33468,0,-0.000119209,0.796556,0,0.0105357,7,12.2,-1.00002,-0.977639,1,0.000160933,0.152442,0,-0.00160933,0.519484,0,0.014435,8,12.2,-1.99752,-0.000817845,1,0.00490844,0.00209159,0,-0.0324845,3.50084e-05,0,0.0101652,9,12.2,-3,-2.99914,1,0,0.00929236,0,0,0.0343323,0,0.00921871,10,12.2,-1.99995,-1.00444,1,0.000786781,-0.0611812,0,0.00733137,-0.503123,0,0.0104395,11,12.2,0.999844,-0.409218,1,0.000740588,0.5,0,-0.00154972,-1.43051e-05,0,0.0104631,12,12.2,2.62911,-2.98448,1,-0.5,-0.0864863,0,0,0.319839,0,0.00603015,13,12.2,2.01145,1.20435,1,0.142163,-0.439087,0,1.00005,0.368476,0,0.00628853,14,12.2,-1.98764,-3,1,-0.0207394,1.78814e-05,0,-0.0525713,0.000119209,0,0.00995441,15,12.2,1.49392,-1.94954,1,-0.500003,-0.171369,0,5.96046e-05,0.339985,0,0.0106255,16,12.2,-1.86851,-2,1,-0.500003,-1.49012e-05,0,5.96046e-05,5.96046e-05,0,0.00839734,17,12.2,-0.0290552,-1.0002,1,-0.125169,0.0101119,0,-0.540845,-0.0253916,0,0.0143372,18,12.2,-3,1.10701,1,0,-0.282583,0,-0.000119209,0.861287,0,0.00825338,19,12.2,0.0157382,1.88337,1,0.0110329,0.350645,0,0.384656,-0.4825,0,0.0102068,20,12.2,-0.00230881,2.99996,1,-0.00850813,-4.76837e-05,0,0.0414918,0.000238419,0,0.00660437,21,12.2,-0.976891,0.00258894,1,0.148918,0.00458631,0,0.525385,-0.0326453,0,0.0151961,22,12.2,-2.99754,-0.144855,1,-0.00570416,0.413503,0,0.00464916,-0.124261,0,0.00811985,23,12.2,1.00639,-3,1,-0.120533,0,0,0.402212,0,0,0.0065564,24,12.2,2.00294,-2.794e-05,1,0.00051856,-1.69344e-05,0,-0.0238419,0.000265258,0,0.0129144,25,12.2,1.94846,-0.998137,1,-0.500003,-0.00357181,0,5.96046e-05,0.00190735,0,0.0114034,26,12.2,1.01157,1.99974,1,0.118902,9.83477e-05,0,0.921369,0.00154972,0,0.0110971,27,12.2,-1.78502,2.99998,1,-0.335193,5.96046e-06,0,0.999987,0,0,0.00655714,28,12.2,2.98009,-2.32636,1,0.100946,-0.464076,0,-0.342488,-0.284314,0,0.00511368,29,12.2,-1.00007,1.0269,1,0.00168979,0.166556,0,0.0170469,0.60612,0,0.0141711,30,12.2,1.71077,2.99755,1,0.485817,0.00343919,0,-0.138998,0.00286102,0,0.00579486,31,12.2,-2.77805,2.99677,1,-0.396979,-0.00495315,0,0.647545,0.0209808,0,0.00614296,32,12.2,-0.000202389,0.0230652,1,0.00066144,0.149035,0,0.000778149,0.528731,0,0.0158574,33,12.2,0.121483,0.988904,1,-0.481296,0.020507,0,-0.0291878,-0.00298023,0,0.0142346,34,12.2,-0.864815,1.99999,1,-0.5,-5.06639e-05,0,-2.98023e-05,0.000119209,0,0.0131094,35,12.2,1.1042,0.998025,1,-0.33178,-0.00247359,0,0.477493,0.0233054,0,0.0115073
0,12.3,-2.99846,-1.1537,1,-0.0161033,0.480772,0,0.109687,0.0631362,0,0.00747625,1,12.3,-0.432637,-2.97699,1,0.496162,0.181372,0,-0.0753644,0.975817,0,0.01039,2,12.3,1.99352,-2.52079,1,-0.0429207,0.5,0,0.205375,0,0,0.00987939,3,12.3,-2,0.999909,1,-1.21072e-05,0.000531599,0,5.21541e-05,-0.000856817,0,0.0106303,4,12.3,-0.955632,-2.00022,1,-0.309439,0.00993963,0,0.599574,-0.031136,0,0.010972,5,12.3,2.99998,-0.963663,1,2.38419e-05,-0.5,0,0,0,0,0.00757295,6,12.3,-3,2.12375,1,-5.58794e-06,-0.244216,0,-1.49012e-05,0.974566,0,0.0105357,7,12.3,-1.00001,-0.959776,1,-1.06171e-05,0.20468,0,-0.0019595,0.512298,0,0.014435,8,12.3,-1.99718,-0.000610984,1,0.00194367,0.00202281,0,-0.0267252,-0.0013357,0,0.0101652,9,12.3,-3,-2.99757,1,0,0.0261091,0,0,0.276327,0,0.00921871,10,12.3,-1.9998,-1.01338,1,0.00271928,-0.119936,0,0.0295117,-0.652224,0,0.0104395,11,12.3,0.999911,-0.359335,1,0.0005899,0.496443,0,-0.00146031,-0.0724233,0,0.0104631,12,12.3,2.57911,-2.99163,1,-0.5,-0.0574607,0,0,0.260457,0,0.00603015,13,12.3,2.03066,1.1624,1,0.241943,-0.398843,0,0.991076,0.432119,0,0.00628853,14,12.3,-1.99044,-2.99999,1,-0.039327,2.49594e-05,0,-0.29286,4.47035e-05,0,0.00995441,15,12.3,1.44392,-1.96503,1,-0.499981,-0.138816,0,0.000737607,0.310563,0,0.0106255,16,12.3,-1.91851,-1.99985,1,-0.5,0.00448581,0,7.45058e-06,0.0872836,0,0.00839734,17,12.3,-0.0443301,-0.999321,1,-0.1805,0.00756523,0,-0.551405,-0.0254251,0,0.0143372,18,12.3,-3,1.08333,1,-5.58794e-06,-0.189085,0,-1.49012e-05,0.982665,0,0.00825338,19,12.3,0.0195204,1.91597,1,0.0711571,0.300989,0,0.77807,-0.506379,0,0.0102068,20,12.3,-0.00296149,2.99995,1,-0.00464337,-2.23517e-05,0,0.0356174,0.000268221,0,0.00660437,21,12.3,-0.959342,0.00289517,1,0.202034,0.00164189,0,0.5235,-0.026423,0,0.0151961,22,12.3,-2.99809,-0.103809,1,-0.00514761,0.410144,0,0.00634789,0.0401618,0,0.00811985,23,12.3,0.99626,-3,1,-0.0829942,0,0,0.347625,0,0,0.0065564,24,12.3,2.00288,-2.8415e-05,1,-0.00154376,6.36547e-06,0,-0.017494,0.000201112,0,0.0129144,25,12.3,1.89846,-0.998483,1,-0.5,-0.00333581,0,7.45058e-06,0.00277162,0,0.0114034,26,12.3,1.02822,1.99976,1,0.215217,0.00022538,0,0.990175,0.00101328,0,0.0110971,27,12.3,-1.81354,2.99998,1,-0.235193,6.33299e-06,0,1,1.49012e-05,0,0.00655714,28,12.3,2.98857,-2.37398,1,0.0696316,-0.48631,0,-0.283539,-0.161439,0,0.00511368,29,12.3,-0.99976,1.04662,1,0.00494719,0.227979,0,0.0456497,0.610627,0,0.0141711,30,12.3,1.75847,2.99791,1,0.466184,0.00360645,0,-0.250921,0.000551343,0,0.00579486,31,12.3,-2.81382,2.99638,1,-0.3135,-0.00281855,0,0.955939,0.0213683,0,0.00614296,32,12.3,-0.00013278,0.040636,1,0.000730771,0.202278,0,0.000776408,0.522928,0,0.0158574,33,12.3,0.0731907,0.990923,1,-0.484526,0.0197243,0,-0.0280502,-0.0123978,0,0.0142346,34,12.3,-0.914815,1.99999,1,-0.5,-3.8743e-05,0,0,0.000119209,0,0.0131094,35,12.3,1.07345,0.997886,1,-0.282789,-0.000401214,0,0.498205,0.0181571,0,0.0115073
0,12.4,-2.99958,-1.10524,1,-0.0068903,0.488898,0,0.0753403,0.0888109,0,0.00711411,1,12.4,-0.383513,-2.95391,1,0.485206,0.280762,0,-0.142366,1.00017,0,0.0106381,2,12.4,1.99019,-2.47079,1,-0.0244021,0.5,0,0.165582,0,0,0.0125823,3,12.4,-2,0.999958,1,-8.9407e-06,0.000439584,0,5.96046e-05,-0.000983477,0,0.0131787,4,12.4,-0.983505,-1.99938,1,-0.247525,0.00696182,0,0.629872,-0.028193,0,0.011641,5,12.4,2.99999,-1.01366,1,1.78814e-05,-0.5,0,0.000119209,0,0,0.0111577,6,12.4,-3,2.10428,1,-5.96046e-06,-0.144857,0,0,1.00017,0,0.00831988,7,12.4,-1.00002,-0.936848,1,-0.0002563,0.252631,0,-0.00292063,0.436991,0,0.0157995,8,12.4,-1.99711,-0.000417127,1,-0.000426173,0.00183856,0,-0.0206828,-0.0022829,0,0.010939,9,12.4,-3,-2.99335,1,0,0.059998,0,0,0.381351,0,0.00646625,10,12.4,-1.99935,-1.02874,1,0.00635087,-0.188029,0,0.041604,-0.693262,0,0.0130427,11,12.4,0.999963,-0.310181,1,0.000450015,0.485328,0,-0.0013411,-0.150427,0,0.0116,12,12.4,2.52911,-2.99618,1,-0.5,-0.0343859,0,0,0.201225,0,0.00756284,13,12.4,2.05974,1.12475,1,0.338596,-0.353467,0,0.92876,0.471473,0,0.00825074,14,12.4,-1.99606,-2.99999,1,-0.0746459,2.38419e-05,0,-0.393033,0.000119209,0,0.0104063,15,12.4,1.39393,-1.97741,1,-0.499707,-0.109339,0,0.00590086,0.278473,0,0.0114109,16,12.4,-1.96851,-1.99884,1,-0.500003,0.0169039,0,5.96046e-05,0.15831,0,0.00979545,17,12.4,-0.065056,-0.998691,1,-0.232925,0.00504851,0,-0.486206,-0.0248551,0,0.0174157,18,12.4,-3,1.06938,1,-5.96046e-06,-0.0895172,0,0,0.999987,0,0.00828588,19,12.4,0.0309025,1.94353,1,0.159412,0.250161,0,0.954421,-0.50658,0,0.0110691,20,12.4,-0.0032587,2.99995,1,-0.00141316,0,0,0.0288873,0.000238419,0,0.00755292,21,12.4,-0.936616,0.00293631,1,0.251262,-0.000732479,0,0.450939,-0.0212264,0,0.0158911,22,12.4,-2.99857,-0.0624392,1,-0.00445843,0.418449,0,0.00739098,0.112013,0,0.00782441,23,12.4,0.989602,-3,1,-0.0511408,0,0,0.289023,0,0,0.00778082,24,12.4,2.00265,-2.68761e-05,1,-0.00299215,2.33974e-05,0,-0.0115633,0.00014025,0,0.0132478,25,12.4,1.84846,-0.998802,1,-0.500003,-0.00302643,0,5.96046e-05,0.00336766,0,0.0121189,26,12.4,1.05472,1.99979,1,0.314972,0.000303984,0,0.999987,0.000536442,0,0.0122304,27,12.4,-1.83206,2.99999,1,-0.135192,5.96046e-06,0,0.999987,0,0,0.00620651,28,12.4,2.99422,-2.42323,1,0.0442564,-0.497043,0,-0.224233,-0.059247,0,0.00569213,29,12.4,-0.999007,1.0724,1,0.0103623,0.286591,0,0.0604987,0.552416,0,0.016376,30,12.4,1.80366,2.99827,1,0.436205,0.00356436,0,-0.345707,-0.0013113,0,0.00602894,31,12.4,-2.84026,2.9962,1,-0.214607,-0.000739098,0,1.00017,0.0197887,0,0.00585039,32,12.4,-5.46837e-05,0.0633782,1,0.000845699,0.251309,0,0.001644,0.447769,0,0.016886,33,12.4,0.0246505,0.99282,1,-0.485605,0.018084,0,0.0121278,-0.0201464,0,0.0138308,34,12.4,-0.964815,1.99998,1,-0.5,-2.68221e-05,0,0,5.96046e-05,0,0.0137713,35,12.4,1.04767,0.997928,1,-0.232908,0.00116378,0,0.49597,0.0131726,0,0.0117683
0,12.5,-2.99994,-1.05597,1,-0.00076741,0.495918,0,0.0481009,0.0508353,0,0.00711411,1,12.5,-0.335831,-2.92107,1,0.467237,0.373022,0,-0.214487,0.822067,0,0.0106381,2,12.5,1.98851,-2.42079,1,-0.00984371,0.49988,0,0.126421,-0.00476837,0,0.0125823,3,12.5,-2,0.999997,1,-4.28408e-06,0.000340026,0,5.21541e-05,-0.000987202,0,0.0131787,4,12.5,-1.00513,-1.99882,1,-0.18528,0.00433866,0,0.60885,-0.024192,0,0.011641,5,12.5,2.99999,-1.06366,1,2.6077e-05,-0.5,0,2.98023e-05,0,0,0.0111577,6,12.5,-3,2.09479,1,-1.86265e-06,-0.0448488,0,4.47035e-05,1.00002,0,0.00831988,7,12.5,-1.00006,-0.909519,1,-0.000562519,0.292584,0,-0.00333786,0.355236,0,0.0157995,8,12.5,-1.99725,-0.000245746,1,-0.002186,0.00157989,0,-0.0146031,-0.00283322,0,0.010939,9,12.5,-3,-2.98491,1,0,0.113384,0,0,0.653237,0,0.00646625,10,12.5,-1.99839,-1.05106,1,0.0140321,-0.258558,0,0.106379,-0.703566,0,0.0130427,11,12.5,1,-0.262527,1,0.000323541,0.466485,0,-0.00119209,-0.226604,0,0.0116,12,12.5,2.47911,-2.9987,1,-0.5,-0.0171196,0,0,0.144973,0,0.00756284,13,12.5,2.09788,1.09179,1,0.420193,-0.305596,0,0.683099,0.48314,0,0.00825074,14,12.5,-2.0057,-2.99999,1,-0.119822,3.05474e-05,0,-0.492178,2.98023e-05,0,0.0104063,15,12.5,1.34405,-1.98701,1,-0.497155,-0.083207,0,0.051111,0.243992,0,0.0114109,16,12.5,-2.01851,-1.99639,1,-0.5,0.0318004,0,7.45058e-06,0.145666,0,0.00979545,17,12.5,-0.0906717,-0.998304,1,-0.278112,0.0027528,0,-0.409777,-0.0211895,0,0.0174157,18,12.5,-3,1.06543,1,-1.86265e-06,0.0104822,0,4.47035e-05,1,0,0.00828588,19,12.5,0.0516965,1.96607,1,0.256897,0.201165,0,0.97917,-0.472054,0,0.0110691,20,12.5,-0.00326768,2.99995,1,0.00111373,2.19792e-05,0,0.0216987,0.000193715,0,0.00755292,21,12.5,-0.909347,0.0027688,1,0.292806,-0.00250751,0,0.372671,-0.0146134,0,0.0158911,22,12.5,-2.99897,-0.0198122,1,-0.00369698,0.435863,0,0.0077188,0.218786,0,0.00782441,23,12.5,0.985832,-3,1,-0.0252781,0,0,0.228636,0,0,0.00778082,24,12.5,2.0023,-2.39315e-05,1,-0.00387765,3.45646e-05,0,-0.00630319,8.45231e-05,0,0.0132478,25,12.5,1.79846,-0.999087,1,-0.5,-0.0026742,0,7.45058e-06,0.00365078,0,0.0121189,26,12.5,1.09089,1.99982,1,0.404454,0.000340864,0,0.765517,0.000208616,0,0.0122304,27,12.5,-1.84058,2.99999,1,-0.0351928,5.96046e-06,0,1,0,0,0.00620651,28,12.5,2.99762,-2.47312,1,0.0247318,-0.499816,0,-0.166968,-0.00736117,0,0.00569213,29,12.5,-0.997524,1.10371,1,0.0205017,0.338461,0,0.133533,0.481695,0,0.016376,30,12.5,1.84543,2.99861,1,0.397948,0.00335686,0,-0.416584,-0.00278652,0,0.00602894,31,12.5,-2.85672,2.99622,1,-0.114598,0.00100732,0,1.00002,0.015229,0,0.00585039,32,12.5,3.86606e-05,0.0906351,1,0.00103062,0.292513,0,0.00220507,0.369055,0,0.016886,33,12.5,-0.0238665,0.994514,1,-0.484733,0.0156778,0,0.0120638,-0.0275858,0,0.0138308,34,12.5,-1.01481,1.99998,1,-0.5,-2.06754e-05,0,0,6.70552e-05,0,0.0137713,35,12.5,1.02682,0.998102,1,-0.184346,0.00224356,0,0.472255,0.00853091,0,0.0117683
0,12.6,-2.99982,-1.00619,1,0.00292659,0.499183,0,0.0265837,0.0163317,0,0.00626415,1,12.6,-0.290281,-2.88009,1,0.442795,0.441998,0,-0.271976,0.548363,0,0.0121338,2,12.6,1.9881,-2.37086,1,0.00104904,0.498086,0,0.0922084,-0.038147,0,0.00989013,3,12.6,-2,1.00003,1,0,0.000244379,0,0,-0.000953674,0,0.0110662,4,12.6,-1.02069,-1.9985,1,-0.126827,0.00213981,0,0.555694,-0.0198483,0,0.0135532,5,12.6,2.99999,-1.11366,1,2.98023e-05,-0.500003,0,-0.000119209,5.96046e-05,0,0.00640439,6,12.6,-3,2.09531,1,0,0.0551462,0,0.000119209,1.00017,0,0.0072309,7,12.6,-1.00014,-0.878666,1,-0.000947714,0.32254,0,-0.00441074,0.239402,0,0.0180905,8,12.6,-1.99753,-0.000102437,1,-0.0033617,0.0012824,0,-0.00917912,-0.00306921,0,0.0110103,9,12.6,-3,-2.97008,1,0,0.184679,0,0,0.746012,0,0.00796758,10,12.6,-1.99639,-1.08036,1,0.0265718,-0.326285,0,0.139713,-0.640213,0,0.0171324,11,12.6,1.00003,-0.217138,1,0.000214577,0.44005,0,-0.00101328,-0.301473,0,0.00945816,12,12.6,2.42911,-2.99978,1,-0.5,-0.00516772,0,0,0.095129,0,0.00707156,13,12.6,2.1428,1.06364,1,0.473052,-0.257364,0,0.372529,0.478983,0,0.00922178,14,12.6,-2.02018,-2.99999,1,-0.16982,2.98023e-05,0,-0.493169,0,0,0.00980189,15,12.6,1.29471,-1.99417,1,-0.488496,-0.0605613,0,0.126064,0.209033,0,0.0105823,16,12.6,-2.06851,-1.99246,1,-0.5,0.0470906,0,0,0.164688,0,0.0101451,17,12.6,-0.120353,-0.998129,1,-0.313571,0.000785291,0,-0.294056,-0.0182092,0,0.0144918,18,12.6,-3,1.07148,1,0,0.110483,0,0.000119209,0.999987,0,0.00802715,19,12.6,0.0821781,1.98389,1,0.351079,0.155979,0,0.878941,-0.430644,0,0.0117283,20,12.6,-0.00305933,2.99996,1,0.00294002,3.57628e-05,0,0.0149136,0.000238419,0,0.0065751,21,12.6,-0.878382,0.00245359,1,0.324571,-0.00371797,0,0.25776,-0.00988494,0,0.013827,22,12.6,-2.99931,0.0249264,1,-0.00293255,0.459155,0,0.00762939,0.233998,0,0.00894278,23,12.6,0.98435,-3,1,-0.00530332,0,0,0.171483,0,0,0.0069986,24,12.6,2.00189,-2.01345e-05,1,-0.00428557,4.05914e-05,0,-0.00190735,3.74775e-05,0,0.0117446,25,12.6,1.74846,-0.999336,1,-0.500003,-0.00230074,0,5.96046e-05,0.00375509,0,0.0129264,26,12.6,1.13464,1.99985,1,0.46517,0.000348687,0,0.443876,-5.96046e-05,0,0.0118531,27,12.6,-1.8391,2.99999,1,0.0648081,1.19209e-05,0,0.999987,-0.000119209,0,0.00649121,28,12.6,2.99935,-2.52311,1,0.0106812,-0.5,0,-0.115275,0,0,0.00652246,29,12.6,-0.994746,1.13983,1,0.0354752,0.382364,0,0.158727,0.393987,0,0.0174401,30,12.6,1.88305,2.99893,1,0.353488,0.00302196,0,-0.469446,-0.0038147,0,0.0055178,31,12.6,-2.86318,2.99639,1,-0.0146031,0.00231862,0,1.00017,0.0112057,0,0.00550192,32,12.6,0.000154679,0.121552,1,0.00131166,0.323902,0,0.00351468,0.253801,0,0.0181265,33,12.6,-0.072233,0.995935,1,-0.481999,0.0126451,0,0.0477958,-0.0327229,0,0.0168594,34,12.6,-1.06481,1.99998,1,-0.500003,-1.49012e-05,0,5.96046e-05,0.000119209,0,0.0149505,35,12.6,1.01069,0.998362,1,-0.138992,0.00289083,0,0.432551,0.00455976,0,0.0124649
0,12.7,-2.99942,-0.956217,1,0.00480935,0.499949,0,0.0117123,0.00204891,0,0.00626415,1,12.7,-0.247444,-2.83363,1,0.413186,0.482275,0,-0.317874,0.263378,0,0.0121338,2,12.7,1.98861,-2.3211,1,0.00868123,0.498049,0,0.0614151,0.0195354,0,0.00989013,3,12.7,-2,1.00005,1,0,0.0001546,0,0,-0.000834465,0,0.0110662,4,12.7,-1.03072,-1.99838,1,-0.0750849,0.000388548,0,0.477023,-0.0152141,0,0.0135532,5,12.7,2.99999,-1.16366,1,1.9744e-05,-0.5,0,-7.45058e-05,7.45058e-06,0,0.00640439,6,12.7,-3,2.10579,1,8.19564e-06,0.153882,0,2.98023e-05,0.962317,0,0.0072309,7,12.7,-1.00025,-0.84537,1,-0.00133384,0.341748,0,-0.00350922,0.14184,0,0.0180905,8,12.7,-1.9979,1.0439e-05,1,-0.00403002,0.000975805,0,-0.00433624,-0.00302861,0,0.0110103,9,12.7,-3,-2.94775,1,0,0.26275,0,0,0.79529,0,0.00796758,10,12.7,-1.99274,-1.11615,1,0.0486575,-0.388731,0,0.28339,-0.589021,0,0.0171324,11,12.7,1.00004,-0.174783,1,0.000122935,0.405719,0,-0.000819564,-0.381194,0,0.00945816,12,12.7,2.37919,-2.99952,1,-0.497693,0.012964,0,0.0491887,0.253737,0,0.00707156,13,12.7,2.19148,1.04026,1,0.496123,-0.210807,0,0.108972,0.451013,0,0.00922178,14,12.7,-2.03973,-2.99998,1,-0.221628,2.75671e-05,0,-0.526503,-5.96046e-05,0,0.00980189,15,12.7,1.24668,-1.99924,1,-0.470076,-0.0414854,0,0.23976,0.172846,0,0.0105823,16,12.7,-2.11851,-1.9869,1,-0.5,0.0645388,0,0,0.190407,0,0.0101451,17,12.7,-0.153014,-0.998133,1,-0.337922,-0.000779517,0,-0.189838,-0.0133365,0,0.0144918,18,12.7,-3,1.08752,1,9.68575e-06,0.210145,0,5.96046e-05,0.986516,0,0.00802715,19,12.7,0.121312,1.99744,1,0.427458,0.115894,0,0.632313,-0.37156,0,0.0117283,20,12.7,-0.00270147,2.99996,1,0.00411424,5.43892e-05,0,0.00873492,0.000149012,0,0.0065751,21,12.7,-0.844793,0.00204242,1,0.345555,-0.0044144,0,0.158813,-0.004418,0,0.013827,22,12.7,-2.99956,0.07191,1,-0.00219829,0.479417,0,0.00701845,0.168319,0,0.00894278,23,12.7,0.984587,-3,1,0.00915965,0,0,0.11896,0,0,0.0069986,24,12.7,2.00146,-1.59553e-05,1,-0.00429899,4.23618e-05,0,0.00146031,-3.95403e-07,0,0.0117446,25,12.7,1.69846,-0.999547,1,-0.5,-0.00192681,0,7.45058e-06,0.00370666,0,0.0129264,26,12.7,1.18285,1.99989,1,0.493981,0.000334159,0,0.150256,-0.000223517,0,0.0118531,27,12.7,-1.82762,2.99999,1,0.164808,2.23517e-06,0,1,-5.96046e-05,0,0.00649121,28,12.7,2.99954,-2.57311,1,-0.00929795,-0.499889,0,-0.27056,0.00442564,0,0.00652246,29,12.7,-0.990443,1.18009,1,0.050146,0.423042,0,0.131797,0.400014,0,0.0174401,30,12.7,1.91598,2.99922,1,0.30473,0.00260212,0,-0.50132,-0.00451505,0,0.0055178,31,12.7,-2.85964,2.99667,1,0.0854053,0.00323132,0,1.00002,0.00718236,0,0.00550192,32,12.7,0.000302832,0.155102,1,0.00165029,0.345864,0,0.00344241,0.180121,0,0.0181265,33,12.7,-0.120287,0.99696,1,-0.479799,0.00721486,0,0.00441685,-0.0717752,0,0.0168594,34,12.7,-1.11481,1.99998,1,-0.5,-3.91155e-06,0,7.45058e-06,9.68575e-05,0,0.0149505,35,12.7,0.998869,0.998668,1,-0.0983164,0.00317506,0,0.379659,0.00125915,0,0.0124649
0,12.8,-2.9989,-0.906218,1,0.00539422,0.5,0,0.000596046,2.98023e-05,0,0.00908666,1,12.8,-0.207774,-2.78448,1,0.379668,0.49724,0,-0.350364,0.0551939,0,0.0115943,2,12.8,1.98974,-2.27121,1,0.0135183,0.499648,0,0.03618,0.00703335,0,0.00933528,3,12.8,-2,1.00006,1,0,7.7486e-05,0,0,-0.000715256,0,0.0103515,4,12.8,-1.03599,-1.9984,1,-0.0317425,-0.000914931,0,0.388741,-0.010848,0,0.010522,5,12.8,2.99999,-1.21366,1,1.19209e-05,-0.500003,0,-0.000119209,5.96046e-05,0,0.00613168,6,12.8,-3,2.12584,1,1.19209e-05,0.245363,0,-0.000119209,0.856757,0,0.0074294,7,12.8,-1.0004,-0.810667,1,-0.00168383,0.350469,0,-0.00363588,0.0311434,0,0.0171867,8,12.8,-1.99832,9.31774e-05,1,-0.00426173,0.000682632,0,-0.000417233,-0.00280929,0,0.011558,9,12.8,-3,-2.91756,1,0,0.340182,0,0,0.737906,0,0.005823,10,12.8,-1.98635,-1.15776,1,0.0798762,-0.441045,0,0.325799,-0.446498,0,0.0155336,11,12.8,1.00005,-0.136221,1,5.06639e-05,0.364582,0,-0.000655651,-0.437803,0,0.010306,12,12.8,2.32977,-2.99679,1,-0.489646,0.0430405,0,0.113726,0.336409,0,0.00939276,13,12.8,2.24138,1.02138,1,0.5,-0.167373,0,0,0.416815,0,0.00757113,14,12.8,-2.06446,-2.99998,1,-0.272214,1.78814e-05,0,-0.472665,0,0,0.0109962,15,12.8,1.20104,-2.00258,1,-0.441089,-0.0259161,0,0.337005,0.138879,0,0.0101377,16,12.8,-2.16851,-1.97941,1,-0.5,0.0862032,0,0,0.247002,0,0.0105659,17,12.8,-0.187562,-0.998271,1,-0.351065,-0.0019297,0,-0.0714284,-0.00989437,0,0.016184,18,12.8,-3,1.11336,1,1.19209e-05,0.305089,0,0,0.892103,0,0.0102908,19,12.8,0.166729,2.00726,1,0.475943,0.081563,0,0.337704,-0.315785,0,0.0121167,20,12.8,-0.00225543,2.99997,1,0.00472008,6.55651e-05,0,0.00354863,0,0,0.00786143,21,12.8,-0.809628,0.00158536,1,0.355864,-0.00467025,0,0.0457168,-0.00101124,0,0.0135881,22,12.8,-2.99975,0.12057,1,-0.00154376,0.492553,0,0.00607967,0.0946635,0,0.00951045,23,12.8,0.986019,-3,1,0.0187278,0,0,0.0736415,0,0,0.00856905,24,12.8,2.00104,-1.17721e-05,1,-0.00402331,4.08323e-05,0,0.0038147,-2.86681e-05,0,0.0144621,25,12.8,1.64846,-0.999722,1,-0.500003,-0.00156462,0,5.96046e-05,0.00357628,0,0.0136164,26,12.8,1.23267,1.99992,1,0.5,0.000303984,0,0,-0.000298023,0,0.00869316,27,12.8,-1.80614,2.99999,1,0.264809,-5.96046e-06,0,0.999987,0.000119209,0,0.00723967,28,12.8,2.9971,-2.62304,1,-0.0409007,-0.498229,0,-0.34976,0.0354052,0,0.00572125,29,12.8,-0.984833,1.22428,1,0.0613376,0.459293,0,0.090003,0.313818,0,0.0155534,30,12.8,1.94393,2.99945,1,0.254053,0.00213385,0,-0.508428,-0.00488758,0,0.00603158,31,12.8,-2.8461,2.99702,1,0.1854,0.00377297,0,1.00017,0.0038147,0,0.0051576,32,12.8,0.000486179,0.190431,1,0.00203094,0.359051,0,0.00429414,0.0802058,0,0.0160851,33,12.8,-0.16826,0.997287,1,-0.479636,-0.000958145,0,0.00542402,-0.0882745,0,0.0165321,34,12.8,-1.16481,1.99998,1,-0.500003,2.98023e-06,0,5.96046e-05,0.000119209,0,0.0118344,35,12.8,0.99084,0.998988,1,-0.0632614,0.00316799,0,0.320703,-0.0012517,0,0.0113045
0,12.9,-2.99837,-0.856218,1,0.00510737,0.5,0,-0.00596046,0,0,0.00908666,1,12.9,-0.1716,-2.73459,1,0.343452,0.499827,0,-0.371902,0.00689924,0,0.0115943,2,12.9,1.99124,-2.22122,1,0.0161698,0.499978,0,0.0175312,0.000879169,0,0.00933528,3,12.9,-2,1.00006,1,0,1.39698e-05,0,0,-0.000558794,0,0.0103515,4,12.9,-1.03737,-1.99854,1,0.00244156,-0.00179783,0,0.295594,-0.00689924,0,0.010522,5,12.9,2.99999,-1.26366,1,2.23517e-06,-0.5,0,-5.96046e-05,7.45058e-06,0,0.00613168,6,12.9,-3,2.15447,1,2.23517e-06,0.325223,0,-5.96046e-05,0.733614,0,0.0074294,7,12.9,-1.00059,-0.775587,1,-0.00194442,0.349849,0,-0.00182539,-0.0448078,0,0.0171867,8,12.9,-1.99874,0.000147967,1,-0.00414867,0.000419217,0,0.00252575,-0.00244609,0,0.011558,9,12.9,-3,-2.88013,1,0,0.405573,0,0,0.565752,0,0.005823,10,12.9,-1.97691,-1.2038,1,0.107079,-0.476723,0,0.215672,-0.265926,0,0.0155336,11,12.9,1.00006,-0.102011,1,-6.14673e-06,0.319108,0,-0.000484288,-0.468491,0,0.010306,12,12.9,2.28154,-2.99017,1,-0.473114,0.094948,0,0.214234,0.669867,0,0.00939276,13,12.9,2.29138,1.00665,1,0.5,-0.127785,0,0,0.374459,0,0.00757113,14,12.9,-2.09402,-2.99998,1,-0.318475,1.60187e-05,0,-0.443384,-4.47035e-05,0,0.0109962,15,12.9,1.15878,-2.00453,1,-0.402802,-0.0136748,0,0.423536,0.106633,0,0.0101377,16,12.9,-2.21851,-1.9692,1,-0.5,0.121267,0,0,0.441574,0,0.0105659,17,12.9,-0.22288,-0.998506,1,-0.353815,-0.00268463,0,0.0172667,-0.00548363,0,0.016184,18,12.9,-3,1.148,1,1.15484e-05,0.384216,0,-1.49012e-05,0.685669,0,0.0102908,19,12.9,0.215561,2.01394,1,0.496657,0.0528909,0,0.0960025,-0.258625,0,0.0121167,20,12.9,-0.00177306,2.99997,1,0.00485835,6.37025e-05,0,-0.000594787,-4.47035e-05,0,0.00786143,21,12.9,-0.773927,0.00112014,1,0.356967,-0.00457413,0,-0.0256151,0.00259729,0,0.0135881,22,12.9,-2.99987,0.170188,1,-0.000990182,0.498763,0,0.00497699,0.0321869,0,0.00951045,23,12.9,0.988194,-3,1,0.024138,0,0,0.035964,0,0,0.00856905,24,12.9,2.00066,-7.86747e-06,1,-0.00355579,3.69427e-05,0,0.00540912,-4.77093e-05,0,0.0144621,25,12.9,1.59846,-0.999861,1,-0.5,-0.0012232,0,7.45058e-06,0.00324845,0,0.0136164,26,12.9,1.28267,1.99995,1,0.5,0.000269711,0,0,-0.00038743,0,0.00869316,27,12.9,-1.7749,2.99999,1,0.357131,4.09782e-06,0,0.828885,7.45058e-05,0,0.00723967,28,12.9,2.99106,-2.67252,1,-0.0814229,-0.489745,0,-0.447005,0.13344,0,0.00572125,29,12.9,-0.978455,1.27158,1,0.0643224,0.484647,0,-0.0242591,0.187844,0,0.0155534,30,12.9,1.96681,2.99964,1,0.203857,0.00165105,0,-0.492036,-0.00470877,0,0.00603158,31,12.9,-2.82257,2.99742,1,0.284738,0.00401214,0,0.974372,0.00107288,0,0.0051576,32,12.9,0.00072198,0.2268,1,0.00278416,0.368689,0,0.0102467,0.101792,0,0.0160851,33,12.9,-0.216424,0.996826,1,-0.485273,-0.0075534,0,-0.0926442,-0.0454634,0,0.0165321,34,12.9,-1.21482,1.99998,1,-0.5,1.30385e-05,0,7.45058e-06,7.45058e-05,0,0.0118344,35,12.9,0.986012,0.999295,1,-0.0343265,0.00294717,0,0.258192,-0.00305101,0,0.0113045
0,13,-2.9979,-0.806218,1,0.00427961,0.5,0,-0.0104904,2.98023e-05,0,0.00668187,1,13,-0.139136,-2.68459,1,0.305677,0.5,0,-0.381775,0,0,0.01125,2,13,1.99292,-2.17122,1,0.0171542,0.5,0,0.00274181,0,0,0.00974525,3,13,-2,1.00006,1,0,-3.27826e-05,0,0,-0.000417233,0,0.00920365,4,13,-1.0358,-1.99875,1,0.0275552,-0.00231564,0,0.207901,-0.00351667,0,0.00962265,5,13,2.99999,-1.31366,1,-5.96046e-06,-0.500003,0,0,5.96046e-05,0,0.00680675,6,13,-3,2.19041,1,-5.96046e-06,0.391042,0,0.000119209,0.57888,0,0.00715012,7,13,-1.00079,-0.74096,1,-0.00209212,0.341353,0,-0.00137091,-0.125438,0,0.0177893,8,13,-1.99914,0.000178346,1,-0.00378489,0.000195443,0,0.00452995,-0.002022,0,0.0123165,9,13,-3,-2.83705,1,0,0.45293,0,0,0.381231,0,0.00536,10,13,-1.96533,-1.25251,1,0.12264,-0.494832,0,0.0944734,-0.103354,0,0.0140203,11,13,1.00005,-0.0724703,1,-4.47035e-05,0.271503,0,-0.000357628,-0.480605,0,0.00966824,12,13,2.23545,-2.97699,1,-0.447339,0.171155,0,0.298381,0.827432,0,0.00858133,13,13,2.34138,0.995674,1,0.5,-0.0925615,0,0,0.329763,0,0.00997704,14,13,-2.12797,-2.99998,1,-0.359273,5.96046e-06,0,-0.365376,0,0,0.00733306,15,13,1.12072,-2.00542,1,-0.357381,-0.00446439,0,0.480175,0.0784397,0,0.0089928,16,13,-2.26851,-1.95464,1,-0.5,0.172111,0,0,0.564039,0,0.00887869,17,13,-0.258024,-0.998796,1,-0.347535,-0.00307709,0,0.108272,-0.00265241,0,0.0182254,18,13,-3,1.18948,1,1.19209e-05,0.441751,0,-0.000119209,0.465214,0,0.00789772,19,13,0.265475,2.01802,1,0.5,0.0296414,0,0,-0.207305,0,0.0118659,20,13,-0.00129573,2.99998,1,0.0046371,5.96046e-05,0,-0.00365905,-0.000119209,0,0.010492,21,13,-0.738489,0.000679359,1,0.350457,-0.00421194,0,-0.105441,0.00437111,0,0.0135264,22,13,-2.99995,0.220154,1,-0.000548363,0.5,0,0.0038147,7.15256e-06,0,0.00829037,23,13,0.990735,-3,1,0.0261918,0,0,0.0063777,0,0,0.00741405,24,13,2.00033,-4.43343e-06,1,-0.00296831,3.1552e-05,0,0.00619888,-5.8905e-05,0,0.0115074,25,13,1.54846,-0.999967,1,-0.500003,-0.000914931,0,5.96046e-05,0.00286102,0,0.0115285,26,13,1.33267,1.99997,1,0.500003,0.000229478,0,-5.96046e-05,-0.000476837,0,0.00917827,27,13,-1.73543,2.99999,1,0.428092,1.19209e-05,0,0.583053,0,0,0.00589769,28,13,2.98062,-2.72067,1,-0.12781,-0.471759,0,-0.469327,0.225067,0,0.00649486,29,13,-0.972291,1.32077,1,0.0576243,0.496876,0,-0.104338,0.0624657,0,0.0144024,30,13,1.98479,2.99978,1,0.156257,0.00119805,0,-0.457227,-0.00417233,0,0.00519512,31,13,-2.78942,2.99782,1,0.375634,0.00401139,0,0.809193,-0.00107288,0,0.00560501,32,13,0.0010578,0.264141,1,0.00398252,0.377533,0,0.0132665,0.067085,0,0.0237321,33,13,-0.26542,0.995901,1,-0.494342,-0.0103965,0,-0.0760406,-0.0130832,0,0.01284,34,13,-1.26481,1.99998,1,-0.500003,2.08616e-05,0,5.96046e-05,0,0,0.011439,35,13,0.983769,0.999572,1,-0.0115514,0.00258088,0,0.197828,-0.00420213,0,0.0115408
0,13.1,-2.99752,-0.756218,1,0.00314824,0.5,0,-0.0119656,0,0,0.00668187,1,13.1,-0.110476,-2.63459,1,0.267553,0.5,0,-0.37927,0,0,0.01125,2,13.1,1.99463,-2.12122,1,0.0169018,0.5,0,-0.00733882,0,0,0.00974525,3,13.1,-2,1.00006,1,0,-6.66827e-05,0,0,-0.000268221,0,0.00920365,4,13.1,-1.03214,-1.999,1,0.0442421,-0.0025278,0,0.127904,-0.000841916,0,0.00962265,5,13.1,2.99999,-1.36366,1,-5.58794e-06,-0.5,0,1.49012e-05,7.45058e-06,0,0.00680675,6,13.1,-3,2.23221,1,3.72529e-06,0.442642,0,5.96046e-05,0.441834,0,0.00715012,7,13.1,-1.001,-0.707504,1,-0.00208989,0.3272,0,0.00111759,-0.159275,0,0.0177893,8,13.1,-1.9995,0.000188551,1,-0.00326503,1.63349e-05,0,0.0057444,-0.00156204,0,0.0123165,9,13.1,-3,-2.79014,1,0,0.48246,0,0,0.211567,0,0.00536,10,13.1,-1.95285,-1.30231,1,0.124335,-0.499677,0,-0.055857,-0.0129193,0,0.0140203,11,13.1,1.00005,-0.0477199,1,-7.26432e-05,0.223619,0,-0.000208616,-0.47385,0,0.00966824,12,13.1,2.19236,-2.95561,1,-0.413142,0.257125,0,0.380725,0.866309,0,0.00858133,13,13.1,2.39138,0.987978,1,0.5,-0.0622339,0,0,0.277314,0,0.00997704,14,13.1,-2.16582,-2.99998,1,-0.398177,0,0,-0.399157,-8.9407e-05,0,0.00733306,15,13.1,1.08744,-2.00551,1,-0.307891,0.00213683,0,0.505701,0.0542104,0,0.0089928,16,13.1,-2.31851,-1.93437,1,-0.5,0.235037,0,0,0.674918,0,0.00887869,17,13.1,-0.292151,-0.999111,1,-0.33416,-0.00317423,0,0.159713,0.000458211,0,0.0182254,18,13.1,-3,1.23565,1,1.86265e-06,0.478355,0,-7.45058e-05,0.265032,0,0.00789772,19,13.1,0.315475,2.02003,1,0.5,0.0112813,0,-3.57628e-06,-0.160858,0,0.0118659,20,13.1,-0.000854097,2.99998,1,0.00416183,4.80562e-05,0,-0.00568898,-0.000104308,0,0.010492,21,13.1,-0.703922,0.000283587,1,0.3412,-0.00367546,0,-0.0865161,0.00605963,0,0.0135264,22,13.1,-2.99999,0.270154,1,-0.00022687,0.5,0,0.00263751,-2.68221e-06,0,0.00829037,23,13.1,0.993347,-3,1,0.025685,0,0,-0.0152774,0,0,0.00741405,24,13.1,2.00007,-1.58196e-06,1,-0.00233352,2.54093e-05,0,0.0063926,-6.30112e-05,0,0.0115074,25,13.1,1.49846,-1.00005,1,-0.5,-0.000646897,0,7.45058e-06,0.00249594,0,0.0115285,26,13.1,1.38267,1.99999,1,0.5,0.000182725,0,-7.45058e-06,-0.000454485,0,0.00917827,27,13.1,-1.69015,2.99999,1,0.473126,1.19209e-05,0,0.3222,0,0,0.00589769,28,13.1,2.96534,-2.76655,1,-0.17903,-0.444034,0,-0.540271,0.325024,0,0.00649486,29,13.1,-0.967118,1.37064,1,0.0452425,0.499804,0,-0.140198,0.00780821,0,0.0144024,30,13.1,1.99821,2.99988,1,0.112965,0.000808388,0,-0.406943,-0.00360608,0,0.00519512,31,13.1,-2.74825,2.99821,1,0.443245,0.00381954,0,0.536263,-0.00269711,0,0.00560501,32,13.1,0.0015502,0.302657,1,0.00608697,0.3963,0,0.0266047,0.278641,0,0.0237321,33,13.1,-0.315141,0.994832,1,-0.499182,-0.010659,0,-0.0234208,0.00675023,0,0.01284,34,13.1,-1.31482,1.99998,1,-0.5,2.08616e-05,0,7.45058e-06,0,0,0.011439,35,13.1,0.983506,0.999808,1,0.0053457,0.00212993,0,0.141229,-0.00473112,0,0.0115408
0,13.2,-2.99727,-0.706218,1,0.00192523,0.5,0,-0.0123978,2.98023e-05,0,0.0086155,1,13.2,-0.0856029,-2.58459,1,0.230091,0.5,0,-0.368722,0,0,0.01204,2,13.2,1.99627,-2.07122,1,0.0157744,0.5,0,-0.0148416,0,0,0.0101549,3,13.2,-2,1.00005,1,0,-8.64267e-05,0,0,-0.000178814,0,0.00889685,4,13.2,-1.0272,-1.99925,1,0.0535518,-0.0025034,0,0.0603795,0.00113249,0,0.0105575,5,13.2,2.99999,-1.41366,1,-5.96046e-06,-0.500003,0,0,5.96046e-05,0,0.00614337,6,13.2,-3,2.2784,1,1.19209e-05,0.478047,0,0,0.26381,0,0.00637785,7,13.2,-1.0012,-0.675647,1,-0.00192821,0.30925,0,0.00196695,-0.200599,0,0.0172863,8,13.2,-1.99979,0.00018312,1,-0.00265837,-0.000117605,0,0.00631809,-0.00112127,0,0.0116072,9,13.2,-3,-2.74108,1,0,0.496304,0,0,0.0739098,0,0.00752821,10,13.2,-1.94091,-1.3523,1,0.112432,-0.500003,0,-0.177264,5.96046e-05,0,0.0138991,11,13.2,1.00004,-0.0276934,1,-8.9407e-05,0.177316,0,0,-0.449594,0,0.00950229,12,13.2,2.15305,-2.92567,1,-0.372106,0.340068,0,0.435591,0.774503,0,0.00882116,13,13.2,2.44138,0.983057,1,0.5,-0.0369906,0,0,0.228107,0,0.0102008,14,13.2,-2.2076,-2.99998,1,-0.436717,-1.19209e-05,0,-0.361443,-0.000119209,0,0.00918077,15,13.2,1.05919,-2.00506,1,-0.256985,0.00650287,0,0.509083,0.0337362,0,0.00893942,16,13.2,-2.36851,-1.90744,1,-0.5,0.303605,0,0,0.681102,0,0.00801038,17,13.2,-0.324681,-0.999423,1,-0.315557,-0.00303239,0,0.212237,0.00223517,0,0.014261,18,13.2,-3,1.2845,1,0,0.495559,0,-0.000119209,0.0888109,0,0.00970774,19,13.2,0.365475,2.02042,1,0.5,-0.00271797,0,1.43051e-05,-0.120044,0,0.0103676,20,13.2,-0.000468625,2.99999,1,0.00352834,3.57628e-05,0,-0.00684783,0,0,0.00869361,21,13.2,-0.67025,-5.29258e-05,1,0.331971,-0.00305351,0,-0.103086,0.00614347,0,0.0116366,22,13.2,-3,0.320154,1,-1.19209e-05,0.5,0,0.00166893,-1.43051e-05,0,0.00954136,23,13.2,0.995812,-3,1,0.0233695,0,0,-0.0300109,0,0,0.00668167,24,13.2,1.99986,6.43582e-07,1,-0.00170469,1.91174e-05,0,0.00619888,-6.20874e-05,0,0.0110309,25,13.2,1.44846,-1.0001,1,-0.500003,-0.000417233,0,5.96046e-05,0.00208616,0,0.0115342,26,13.2,1.43267,2.00001,1,0.500003,0.000137091,0,-5.96046e-05,-0.000476837,0,0.00930037,27,13.2,-1.64161,2.99999,1,0.494292,1.19209e-05,0,0.114143,0,0,0.00700166,28,13.2,2.94472,-2.80919,1,-0.233191,-0.407606,0,-0.530958,0.39947,0,0.00740753,29,13.2,-0.963332,1.42064,1,0.0301614,0.500003,0,-0.158727,-5.96046e-05,0,0.013975,30,13.2,2.00756,2.99995,1,0.0751376,0.000476837,0,-0.348687,-0.00274181,0,0.00541449,31,13.2,-2.70171,2.99858,1,0.482821,0.00349283,0,0.260949,-0.0038147,0,0.00518682,32,13.2,0.0022988,0.343831,1,0.00890936,0.428142,0,0.0281196,0.336632,0,0.0160071,33,13.2,-0.36512,0.993825,1,-0.5,-0.00924915,0,1.43051e-05,0.020504,0,0.0115739,34,13.2,-1.36481,1.99999,1,-0.500003,2.08616e-05,0,5.96046e-05,-5.96046e-05,0,0.010481,35,13.2,0.984661,0.999997,1,0.0169277,0.00164658,0,0.0915825,-0.00479817,0,0.0121986
0,13.3,-2.99714,-0.656218,1,0.000737607,0.5,0,-0.0112951,0,0,0.0086155,1,13.3,-0.0644076,-2.53459,1,0.194138,0.5,0,-0.349438,0,0,0.01204,2,13.3,1.99777,-2.02122,1,0.0140732,0.5,0,-0.0189021,0,0,0.0101549,3,13.3,-2,1.00004,1,0,-9.76026e-05,0,0,-5.96046e-05,0,0.00889685,4,13.3,-1.02164,-1.99949,1,0.0567542,-0.00231415,0,0.00605732,0.002563,0,0.0105575,5,13.3,2.99999,-1.46366,1,-5.58794e-06,-0.5,0,1.49012e-05,7.45058e-06,0,0.00614337,6,13.3,-3,2.32723,1,1.15484e-05,0.495796,0,-1.49012e-05,0.0986904,0,0.00637785,7,13.3,-1.00138,-0.645648,1,-0.00160243,0.291349,0,0.00420958,-0.163153,0,0.0172863,8,13.3,-2.00003,0.000166458,1,-0.00202581,-0.00020885,0,0.00625849,-0.000713329,0,0.0116072,9,13.3,-3,-2.69123,1,0,0.499769,0,0,0.00923872,0,0.00752821,10,13.3,-1.93072,-1.4023,1,0.0900431,-0.5,0,-0.263683,7.45058e-06,0,0.0138991,11,13.3,1.00003,-0.0121484,1,-8.62405e-05,0.134246,0,5.21541e-05,-0.409887,0,0.00950229,12,13.3,2.11807,-2.888,1,-0.327116,0.410873,0,0.460893,0.623435,0,0.00882116,13,13.3,2.49138,0.98042,1,0.5,-0.0165222,0,0,0.181876,0,0.0102008,14,13.3,-2.25298,-2.99998,1,-0.469527,-2.16067e-05,0,-0.279501,-5.96046e-05,0,0.00918077,15,13.3,1.03601,-2.00428,1,-0.206815,0.00900514,0,0.491112,0.0169724,0,0.00893942,16,13.3,-2.41851,-1.87369,1,-0.5,0.370773,0,0,0.641577,0,0.00801038,17,13.3,-0.355205,-0.999712,1,-0.295084,-0.00271425,0,0.202296,0.00391901,0,0.014261,18,13.3,-3,1.33432,1,-8.19564e-06,0.499722,0,-2.98023e-05,0.0111014,0,0.00970774,19,13.3,0.415475,2.01961,1,0.5,-0.0128251,0,-1.78814e-06,-0.0831336,0,0.0103676,20,13.3,-0.000150913,2.99999,1,0.00281969,3.35276e-05,0,-0.00722227,-5.96046e-05,0,0.00869361,21,13.3,-0.637035,-0.000326914,1,0.337049,-0.00242143,0,0.181112,0.00643426,0,0.0116366,22,13.3,-2.99999,0.370154,1,0.000116974,0.5,0,0.000953674,0,0,0.00954136,23,13.3,0.997982,-3,1,0.0199095,0,0,-0.0382997,0,0,0.00668167,24,13.3,1.99972,2.25234e-06,1,-0.00111591,1.3144e-05,0,0.00553578,-5.69258e-05,0,0.0110309,25,13.3,1.3985,-1.00013,1,-0.498905,-0.000228919,0,0.0266731,0.00169128,0,0.0115342,26,13.3,1.48267,2.00002,1,0.5,9.16421e-05,0,-7.45058e-06,-0.000417233,0,0.00930037,27,13.3,-1.59183,2.99999,1,0.499643,1.19209e-05,0,0.0142679,0,0,0.00700166,28,13.3,2.91859,-2.84785,1,-0.290583,-0.364728,0,-0.600144,0.453547,0,0.00740753,29,13.3,-0.961118,1.47064,1,0.0140985,0.5,0,-0.160441,-7.45058e-06,0,0.013975,30,13.3,2.01344,2.99998,1,0.043454,0.000234321,0,-0.28497,-0.00207126,0,0.00541449,31,13.3,-2.65251,2.99891,1,0.497893,0.00307448,0,0.0635982,-0.00448525,0,0.00518682,32,13.3,0.00328844,0.388236,1,0.0104939,0.458845,0,0.00472978,0.270767,0,0.0160071,33,13.3,-0.41512,0.993013,1,-0.5,-0.00688648,0,0,0.0262074,0,0.0115739,34,13.3,-1.41482,1.99999,1,-0.5,1.58325e-05,0,7.45058e-06,-3.72529e-05,0,0.010481,35,13.3,0.986738,1.00014,1,0.0239118,0.00117822,0,0.0495426,-0.00452623,0,0.0121986
0,13.4,-2.99712,-0.606218,1,-0.000321865,0.5,0,-0.0100136,2.98023e-05,0,0.00971604,1,13.4,-0.0467025,-2.48459,1,0.160368,0.5,0,-0.325209,0,0,0.0114246,2,13.4,1.99908,-1.97122,1,0.0120431,0.500003,0,-0.0214577,-5.96046e-05,0,0.00881628,3,13.4,-2,1.00003,1,0,-0.000101328,0,0,0.000119209,0,0.00889584,4,13.4,-1.016,-1.99971,1,0.0552148,-0.00200868,0,-0.0346303,0.00345707,0,0.00958827,5,13.4,2.99999,-1.51366,1,-5.96046e-06,-0.500003,0,0.000119209,5.96046e-05,0,0.00799421,6,13.4,-3,2.3771,1,1.19209e-05,0.500005,0,-0.000119209,-0.000119209,0,0.00806724,7,13.4,-1.00152,-0.617306,1,-0.00114441,0.27561,0,0.00464916,-0.155926,0,0.0131058,8,13.4,-2.0002,0.000142612,1,-0.00141859,-0.000262252,0,0.00584126,-0.000364813,0,0.0104478,9,13.4,-3,-2.64123,1,0,0.5,0,0,0,0,0.00721875,10,13.4,-1.92313,-1.4523,1,0.0609696,-0.500003,0,-0.311732,5.96046e-05,0,0.0136157,11,13.4,1.00002,-0.000694249,1,-8.04663e-05,0.0956616,0,0.000119209,-0.360494,0,0.0100339,12,13.4,2.08768,-2.84415,1,-0.280547,0.462317,0,0.467539,0.399113,0,0.0088353,13,13.4,2.54138,0.979605,1,0.5,-0.000487268,0,0,0.139445,0,0.00862722,14,13.4,-2.30111,-2.99998,1,-0.490826,-2.98023e-05,0,-0.143766,0,0,0.00846325,15,13.4,1.01774,-2.00331,1,-0.159338,0.0100195,0,0.455976,0.00405312,0,0.00959279,16,13.4,-2.46851,-1.8336,1,-0.5,0.428641,0,0,0.503719,0,0.0085418,17,13.4,-0.383685,-0.999962,1,-0.274269,-0.00228584,0,0.217199,0.00441074,0,0.0179982,18,13.4,-3,1.38432,1,-1.19209e-05,0.500003,0,0,-5.96046e-05,0,0.00916743,19,13.4,0.465475,2.01797,1,0.5,-0.0195444,0,0,-0.0522137,0,0.011794,20,13.4,9.50347e-05,2.99999,1,0.00210222,2.98023e-05,0,-0.0070466,-0.000119209,0,0.00988147,21,13.4,-0.602117,-0.000536855,1,0.363886,-0.00177846,0,0.33614,0.00637089,0,0.0114949,22,13.4,-2.99998,0.420154,1,0.000178814,0.5,0,0.000476837,-1.43051e-05,0,0.00928738,23,13.4,0.999774,-3,1,0.0158682,0,0,-0.0417531,0,0,0.00706973,24,13.4,1.99964,3.29374e-06,1,-0.000602007,7.80853e-06,0,0.00470877,-4.94745e-05,0,0.010311,25,13.4,1.34882,-1.00015,1,-0.493833,-8.04663e-05,0,0.0782609,0.00137091,0,0.0109489,26,13.4,1.53267,2.00003,1,0.500003,5.36442e-05,0,-5.96046e-05,-0.000238419,0,0.0105273,27,13.4,-1.54183,2.99999,1,0.500003,1.19209e-05,0,-5.96046e-05,0,0,0.00626212,28,13.4,2.88653,-2.882,1,-0.350201,-0.317764,0,-0.578761,0.481844,0,0.00724124,29,13.4,-0.960499,1.52064,1,-0.00154674,0.500003,0,-0.1508,-5.96046e-05,0,0.0128112,30,13.4,2.01647,3,1,0.0181079,5.96046e-05,0,-0.222206,-0.0013113,0,0.00494816,31,13.4,-2.60257,2.99919,1,0.5,0.00261068,0,0,-0.00488758,0,0.00588298,32,13.4,0.00433085,0.435326,1,0.0100737,0.481398,0,-0.012107,0.177994,0,0.0147031,33,13.4,-0.46512,0.992461,1,-0.5,-0.00410676,0,0,0.0289083,0,0.011262,34,13.4,-1.46482,1.99999,1,-0.500003,1.49012e-05,0,5.96046e-05,-0.000119209,0,0.0100182,35,13.4,0.989317,1.00023,1,0.0271201,0.000748038,0,0.0159144,-0.00405312,0,0.0115552
0,13.5,-2.9972,-0.556218,1,-0.00121854,0.5,0,-0.00794232,0,0,0.00971604,1,13.5,-0.0322422,-2.4346,1,0.12934,0.499941,0,-0.294988,-0.00235438,0,0.0114246,2,13.5,2.00017,-1.92122,1,0.0098547,0.5,0,-0.0221357,-7.45058e-06,0,0.00881628,3,13.5,-2,1.00002,1,0,-8.82894e-05,0,0,0.000149012,0,0.00889584,4,13.5,-1.01071,-1.99989,1,0.0502693,-0.00163987,0,-0.0622794,0.0038445,0,0.00958827,5,13.5,2.99999,-1.56366,1,3.72529e-06,-0.499948,0,5.96046e-05,0.00206381,0,0.00799421,6,13.5,-2.99999,2.4271,1,1.86265e-06,0.5,0,-7.45058e-05,-1.49012e-05,0,0.00806724,7,13.5,-1.00161,-0.589739,1,-0.000630692,0.282666,0,0.00549853,0.26099,0,0.0131058,8,13.5,-2.00031,0.000115067,1,-0.000870973,-0.000283894,0,0.0050962,-7.98477e-05,0,0.0104478,9,13.5,-3,-2.59123,1,0,0.5,0,0,0,0,0.00721875,10,13.5,-1.91862,-1.5023,1,0.0290159,-0.5,0,-0.32267,7.45058e-06,0,0.0136157,11,13.5,1.00001,0.0071627,1,-6.78003e-05,0.0624216,0,0.00013411,-0.303883,0,0.0100339,12,13.5,2.06193,-2.79633,1,-0.234808,0.49034,0,0.446007,0.170216,0,0.0088353,13,13.5,2.59137,0.980183,1,0.499392,0.0113613,0,-0.0179261,0.0985675,0,0.00862722,14,13.5,-2.35069,-2.99999,1,-0.49893,-2.94298e-05,0,-0.0328571,1.49012e-05,0,0.00846325,15,13.5,1.004,-2.00231,1,-0.11615,0.00992566,0,0.406187,-0.00539422,0,0.00959279,16,13.5,-2.51847,-1.78852,1,-0.498743,0.470053,0,0.0272095,0.319697,0,0.0085418,17,13.5,-0.410139,-1.00017,1,-0.255742,-0.00181068,0,0.161642,0.00490993,0,0.0179982,18,13.5,-3,1.43432,1,-1.04308e-05,0.5,0,2.98023e-05,-7.45058e-06,0,0.00916743,19,13.5,0.515475,2.0158,1,0.5,-0.023476,0,2.08616e-06,-0.0272691,0,0.011794,20,13.5,0.000270962,3,1,0.00142697,1.9744e-05,0,-0.00641005,-7.45058e-05,0,0.00988147,21,13.5,-0.563984,-0.000683795,1,0.399135,-0.00117028,0,0.358284,0.00577458,0,0.0114949,22,13.5,-2.99996,0.470154,1,0.000202656,0.5,0,2.98023e-05,1.78814e-06,0,0.00928738,23,13.5,1.00115,-3,1,0.0117029,0,0,-0.0410639,0,0,0.00706973,24,13.5,1.9996,3.84221e-06,1,-0.000179373,3.31284e-06,0,0.00374764,-4.03602e-05,0,0.010311,25,13.5,1.29993,-1.00015,1,-0.482795,3.81842e-05,0,0.145078,0.00100583,0,0.0109489,26,13.5,1.58267,2.00003,1,0.499771,3.01749e-05,0,-0.0077188,-0.000223517,0,0.0105273,27,13.5,-1.49183,2.99999,1,0.5,1.19209e-05,0,-7.45058e-06,0,0,0.00626212,28,13.5,2.84864,-2.91135,1,-0.40695,-0.269074,0,-0.534296,0.488162,0,0.00724124,29,13.5,-0.961364,1.57064,1,-0.015334,0.499918,0,-0.124663,-0.00328571,0,0.0128112,30,13.5,2.01727,3,1,-0.0010673,-4.09782e-05,0,-0.162348,-0.000745058,0,0.00494816,31,13.5,-2.55257,2.99943,1,0.5,0.00212342,0,0,-0.00482798,0,0.00588298,32,13.5,0.00525813,0.484193,1,0.00829763,0.494378,0,-0.0225728,0.0841711,0,0.0147031,33,13.5,-0.51512,0.992196,1,-0.5,-0.00120848,0,-2.08616e-06,0.0286996,0,0.011262,34,13.5,-1.51482,1.99999,1,-0.5,6.14673e-06,0,7.45058e-06,-6.70552e-05,0,0.0100182,35,13.5,0.992063,1.00029,1,0.0273818,0.000375323,0,-0.00933558,-0.00339001,0,0.0115552
0,13.6,-2.99735,-0.506218,1,-0.00190735,0.5,0,-0.00607967,-1.43051e-05,0,0.00987157,1,13.6,-0.0207304,-2.38463,1,0.101433,0.499052,0,-0.262909,-0.0188351,0,0.0108541,2,13.6,2.00105,-1.87122,1,0.00764728,0.500003,0,-0.0219345,-5.96046e-05,0,0.0107987,3,13.6,-2,1.00001,1,0,-7.45058e-05,0,0,0.000178814,0,0.00859958,4,13.6,-1.00602,-2.00004,1,0.0431299,-0.0012517,0,-0.0787973,0.00393391,0,0.00896709,5,13.6,2.99999,-1.61363,1,1.19209e-05,-0.499177,0,0,0.0165105,0,0.00631427,6,13.6,-2.99999,2.4771,1,0,0.5,0,-0.000238419,0,0,0.00662027,7,13.6,-1.00164,-0.559727,1,-6.85453e-05,0.321235,0,0.00572205,0.480682,0,0.011495,8,13.6,-2.00038,8.66674e-05,1,-0.000405312,-0.000280491,0,0.00429153,0.00013705,0,0.00965115,9,13.6,-3,-2.54123,1,0,0.5,0,0,0,0,0.00701987,10,13.6,-1.91731,-1.5523,1,-0.00271499,-0.500003,0,-0.308275,5.96046e-05,0,0.0137733,11,13.6,1.00001,0.0119819,1,-5.36442e-05,0.0349283,0,5.96046e-05,-0.245973,0,0.0101353,12,13.6,2.04063,-2.74673,1,-0.191581,0.498992,0,0.41759,0.0201464,0,0.00886033,13,13.6,2.64115,0.981751,1,0.49538,0.0194281,0,-0.0668764,0.063777,0,0.00911739,14,13.6,-2.40066,-2.99999,1,-0.5,-2.98023e-05,0,0,0.000119209,0,0.00647601,15,13.6,0.994326,-2.00135,1,-0.0783578,0.00904202,0,0.348687,-0.0116825,0,0.00896008,16,13.6,-2.56815,-1.74023,1,-0.494194,0.49262,0,0.0653267,0.137091,0,0.00938591,17,13.6,-0.434942,-1.00032,1,-0.240523,-0.00133812,0,0.148669,0.00452995,0,0.0185854,18,13.6,-3,1.48432,1,-5.96046e-06,0.500003,0,0,-5.96046e-05,0,0.00918513,19,13.6,0.565475,2.01335,1,0.5,-0.0251651,0,2.98023e-05,-0.00715256,0,0.0121614,20,13.6,0.000382992,3,1,0.000828297,5.96046e-06,0,-0.00553089,0.000119209,0,0.0100728,21,13.6,-0.522314,-0.000773069,1,0.433722,-0.000626723,0,0.325799,0.00508295,0,0.0123927,22,13.6,-2.99994,0.520154,1,0.000190735,0.5,0,-0.000238419,2.98023e-05,0,0.00767581,23,13.6,1.00212,-3,1,0.00774264,0,0,-0.0377893,0,0,0.00708784,24,13.6,1.9996,3.98727e-06,1,0.000146031,-2.55739e-07,0,0.00274181,-3.10129e-05,0,0.0111309,25,13.6,1.2525,-1.00014,1,-0.464436,0.00012219,0,0.223279,0.000655651,0,0.0123996,26,13.6,1.63256,2.00003,1,0.497496,1.19209e-05,0,-0.0443459,-0.000238419,0,0.0113348,27,13.6,-1.44183,3,1,0.500003,1.19209e-05,0,-5.96046e-05,-0.000119209,0,0.00646481,28,13.6,2.80548,-2.93583,1,-0.453746,-0.220829,0,-0.390291,0.473499,0,0.00688684,29,13.6,-0.963476,1.62059,1,-0.0264376,0.498688,0,-0.0972748,-0.026226,0,0.011712,30,13.6,2.01644,2.99999,1,-0.0145793,-9.53674e-05,0,-0.109076,-0.000238419,0,0.0049321,31,13.6,-2.50257,2.99962,1,0.5,0.00165701,0,0,-0.00441074,0,0.0054529,32,13.6,0.00596358,0.533924,1,0.0057151,0.499132,0,-0.0283618,0.0173748,0,0.013472,33,13.6,-0.56512,0.992216,1,-0.5,0.00156909,0,-2.98023e-05,0.0265241,0,0.0100246,34,13.6,-1.56482,1.99999,1,-0.500003,0,0,5.96046e-05,0,0,0.00929114,35,13.6,0.994722,1.00031,1,0.0255033,7.45058e-05,0,-0.0270605,-0.00274181,0,0.0107988
0,13.7,-2.99757,-0.456218,1,-0.00241958,0.5,0,-0.00418723,0,0,0.00987157,1,13.7,-0.0118454,-2.33489,1,0.0768322,0.494862,0,-0.229027,-0.0701249,0,0.0108541,2,13.7,2.00171,-1.82122,1,0.00554211,0.5,0,-0.0201017,-7.45058e-06,0,0.0107987,3,13.7,-2,1,1,0,-5.68107e-05,0,0,0.000171363,0,0.00859958,4,13.7,-1.00212,-2.00014,1,0.0348576,-0.0008706,0,-0.0853203,0.00365078,0,0.00896709,5,13.7,2.99999,-1.66354,1,1.19209e-05,-0.499403,0,0,-0.0103042,0,0.00631427,6,13.7,-3,2.5271,1,-1.52737e-05,0.5,0,-7.45058e-05,0,0,0.00662027,7,13.7,-1.00162,-0.525124,1,0.00047069,0.371176,0,0.00504404,0.502193,0,0.011495,8,13.7,-2.0004,5.95809e-05,1,-2.6077e-05,-0.000258725,0,0.00330806,0.000288013,0,0.00965115,9,13.7,-3,-2.49123,1,0,0.5,0,0,0,0,0.00701987,10,13.7,-1.91904,-1.60227,1,-0.0310471,-0.498857,0,-0.257589,0.0275746,0,0.0137733,11,13.7,1,0.0143421,1,-4.62867e-05,0.0132313,0,9.31323e-05,-0.188657,0,0.0101353,12,13.7,2.0235,-2.69677,1,-0.151652,0.499937,0,0.380382,0.0025183,0,0.00886033,13,13.7,2.69024,0.983963,1,0.485399,0.0243304,0,-0.135899,0.0351518,0,0.00911739,14,13.7,-2.45066,-2.99999,1,-0.5,-1.9744e-05,0,0,7.45058e-05,0,0.00647601,15,13.7,0.988129,-2.00052,1,-0.0466191,0.00767447,0,0.286054,-0.0152737,0,0.00896008,16,13.7,-2.61712,-1.69053,1,-0.484047,0.499407,0,0.136271,0.0210702,0,0.00938591,17,13.7,-0.459108,-1.00044,1,-0.250349,-0.00089705,0,-0.304891,0.00426173,0,0.0185854,18,13.7,-3,1.53432,1,-4.09782e-06,0.5,0,4.47035e-05,-7.45058e-06,0,0.00918513,19,13.7,0.615412,2.01083,1,0.498035,-0.0250723,0,-0.0428855,0.00827014,0,0.0121614,20,13.7,0.000439903,3,1,0.00032747,7.07805e-06,0,-0.0044788,-4.47035e-05,0,0.0100728,21,13.7,-0.477419,-0.00142353,1,0.462991,-0.0178738,0,0.255316,-0.324777,0,0.0123927,22,13.7,-2.99992,0.570152,1,0.000158325,0.49992,0,-0.000402331,-0.00319257,0,0.00767581,23,13.7,1.00272,-3,1,0.0042215,0,0,-0.0324547,0,0,0.00708784,24,13.7,1.99963,3.82232e-06,1,0.000374578,-2.89003e-06,0,0.00185519,-2.18203e-05,0,0.0111309,25,13.7,1.20734,-1.00012,1,-0.437078,0.000173785,0,0.32042,0.00037998,0,0.0123996,26,13.7,1.682,2.00003,1,0.490182,-9.68575e-06,0,-0.105701,-0.000178814,0,0.0113348,27,13.7,-1.39188,3,1,0.498489,2.23517e-06,0,-0.0344068,-5.96046e-05,0,0.00646481,28,13.7,2.75846,-2.95559,1,-0.48362,-0.174905,0,-0.209138,0.442356,0,0.00688684,29,13.7,-0.96656,1.67025,1,-0.0347903,0.493569,0,-0.0697747,-0.0808761,0,0.011712,30,13.7,2.01452,2.99998,1,-0.0231199,-0.000105798,0,-0.0631809,0,0,0.0049321,31,13.7,-2.45257,2.99976,1,0.5,0.00123307,0,0,-0.00405312,0,0.0054529,32,13.7,0.00639245,0.583888,1,0.0028628,0.499811,0,-0.0283394,-0.00322983,0,0.013472,33,13.7,-0.615058,0.992497,1,-0.498057,0.00397079,0,0.0424683,0.0214726,0,0.0100246,34,13.7,-1.61475,1.99999,1,-0.498072,7.45058e-07,0,0.0421554,1.49012e-05,0,0.00929114,35,13.7,0.997117,1.00031,1,0.022212,-0.000161678,0,-0.0377782,-0.00199676,0,0.0107988
0,13.8,-2.99783,-0.406218,1,-0.00274777,0.5,0,-0.00238419,-1.43051e-05,0,0.00902038,1,13.8,-0.00525056,-2.28588,1,0.0556301,0.48418,0,-0.195062,-0.146866,0,0.0103984,2,13.8,2.00216,-1.77122,1,0.00362992,0.500003,0,-0.0180006,-5.96046e-05,0,0.00960487,3,13.8,-2,1,1,0,-4.17233e-05,0,0,0.000178814,0,0.00825476,4,13.8,-0.999061,-2.00021,1,0.026305,-0.000524521,0,-0.0846982,0.00309944,0,0.00860572,5,13.8,3,-1.71352,1,5.96046e-06,-0.5,0,0.000119209,0,0,0.00852028,6,13.8,-3,2.5771,1,-1.78814e-05,0.5,0,0.000119209,0,0,0.00612696,7,13.8,-1.00155,-0.485566,1,0.000932813,0.418966,0,0.00417233,0.44249,0,0.0113404,8,13.8,-2.00038,3.5327e-05,1,0.0002563,-0.000224792,0,0.00238419,0.000381862,0,0.0108971,9,13.8,-3,-2.44123,1,0,0.5,0,0,0,0,0.00757113,10,13.8,-1.92335,-1.65194,1,-0.0541121,-0.493667,0,-0.203192,0.0796318,0,0.012564,11,13.8,0.999998,0.0148118,1,-3.72529e-05,-0.00295928,0,0.000119209,-0.136024,0,0.00946732,12,13.8,2.01017,-2.64677,1,-0.115603,0.5,0,0.340104,0,0,0.00784783,13,13.8,2.73797,0.986531,1,0.467718,0.0266314,0,-0.219226,0.0116825,0,0.00924178,14,13.8,-2.50066,-2.99999,1,-0.5,-1.19209e-05,0,0,0,0,0.00847178,15,13.8,0.984794,-1.99983,1,-0.0211179,0.00605285,0,0.224292,-0.0167489,0,0.00935533,16,13.8,-2.66474,-1.64054,1,-0.467205,0.500003,0,0.19896,-5.96046e-05,0,0.00829268,17,13.8,-0.486141,-1.00051,1,-0.294203,-0.000491738,0,-0.539511,0.0038743,0,0.0130721,18,13.8,-3,1.58432,1,0,0.500003,0,0,-5.96046e-05,0,0.00807097,19,13.8,0.664906,2.00838,1,0.490819,-0.0236452,0,-0.103861,0.0196695,0,0.0114681,20,13.8,0.000452038,3,1,-6.69686e-05,0,0,-0.00341186,0,0,0.00752216,21,13.8,-0.429986,-0.00520513,1,0.484194,-0.0609165,0,0.167087,-0.514668,0,0.0145073,22,13.8,-2.99991,0.620103,1,0.000107288,0.498722,0,-0.000357628,-0.0255704,0,0.00940936,23,13.8,1.00299,-3,1,0.00127852,0,0,-0.0264049,0,0,0.00620494,24,13.8,1.99967,3.43836e-06,1,0.000521541,-4.65191e-06,0,0.00101328,-1.35907e-05,0,0.0101184,25,13.8,1.16537,-1.0001,1,-0.40105,0.000199676,0,0.396609,0.000178814,0,0.0138599,26,13.8,1.73036,2.00003,1,0.475761,-2.38419e-05,0,-0.184953,-0.000238419,0,0.00990749,27,13.8,-1.34229,3,1,0.492397,-5.96046e-06,0,-0.0904202,0.000119209,0,0.00625839,28,13.8,2.70932,-2.97094,1,-0.496787,-0.132817,0,-0.0642538,0.397444,0,0.00747396,29,13.8,-0.970343,1.71908,1,-0.0404075,0.481746,0,-0.0427663,-0.158608,0,0.0115827,30,13.8,2.01196,2.99997,1,-0.0275075,-9.53674e-05,0,-0.0258684,0.000238419,0,0.00702964,31,13.8,-2.40257,2.99986,1,0.5,0.000858307,0,0,-0.00357628,0,0.00569681,32,13.8,0.00653948,0.633803,1,0.000109477,0.497842,0,-0.0264493,-0.0431836,0,0.0130468,33,13.8,-0.664556,0.992993,1,-0.490896,0.00586063,0,0.103235,0.0163019,0,0.0103467,34,13.8,-1.66426,1.99999,1,-0.490955,2.98023e-06,0,0.102699,0,0,0.00888414,35,13.8,0.999138,1.00028,1,0.0181302,-0.000324845,0,-0.0430942,-0.0013113,0,0.0132041
0,13.9,-2.99812,-0.356342,1,-0.00289865,0.496255,0,-0.000670552,-0.0759232,0,0.00902038,1,13.9,-0.000604287,-2.23839,1,0.0378717,0.463809,0,-0.160483,-0.25773,0,0.0103984,2,13.9,2.00244,-1.72122,1,0.00195056,0.5,0,-0.0155568,-7.45058e-06,0,0.00960487,3,13.9,-2,0.999996,1,0,-2.56114e-05,0,0,0.000145286,0,0.00825476,4,13.9,-0.996845,-2.00025,1,0.0181356,-0.000239909,0,-0.0780411,0.0025928,0,0.00860572,5,13.9,3,-1.76352,1,1.30385e-05,-0.5,0,4.47035e-05,0,0,0.00852028,6,13.9,-3,2.62701,1,-7.82311e-06,0.497141,0,7.45058e-05,-0.0598431,0,0.00612696,7,13.9,-1.00144,-0.441641,1,0.00129081,0.45762,0,0.00301003,0.32733,0,0.0113404,8,13.9,-2.00035,1.48445e-05,1,0.00044927,-0.000184162,0,0.00149012,0.000423721,0,0.0108971,9,13.9,-3,-2.39128,1,0,0.498453,0,0,-0.0350922,0,0.00757113,10,13.9,-1.92968,-1.7008,1,-0.0716591,-0.482478,0,-0.147603,0.146657,0,0.012564,11,13.9,0.999995,0.0144393,1,-2.57976e-05,0.000808448,0,0.000108033,0.182583,0,0.00946732,12,13.9,2.00023,-2.59677,1,-0.0840193,0.5,0,0.291906,0,0,0.00784783,13,13.9,2.78346,0.989219,1,0.440278,0.026812,0,-0.325784,-0.00717491,0,0.00924178,14,13.9,-2.55066,-2.99999,1,-0.499988,-1.19209e-05,0,0.000461936,0,0,0.00847178,15,13.9,0.983702,-1.99878,1,-0.00169212,0.0193583,0,0.16522,0.255518,0,0.00935533,16,13.9,-2.71037,-1.59054,1,-0.444532,0.5,0,0.253126,-7.45058e-06,0,0.00829268,17,13.9,-0.518325,-1.00054,1,-0.349777,-0.000138767,0,-0.558192,0.0031963,0,0.0130721,18,13.9,-3,1.63421,1,0,0.496848,0,0,-0.0649095,0,0.00807097,19,13.9,0.713356,2.00613,1,0.47701,-0.0212885,0,-0.174027,0.0269115,0,0.0114681,20,13.9,0.000430058,3,1,-0.000355295,0,0,-0.00237253,0,0,0.00752216,21,13.9,-0.38101,-0.0146508,1,0.49267,-0.134348,0,0.00715069,-0.89768,0,0.0145073,22,13.9,-2.9999,0.669769,1,6.66827e-05,0.493688,0,-0.000432134,-0.0798963,0,0.00940936,23,13.9,1.00299,-3,1,-0.0010306,0,0,-0.019826,0,0,0.00620494,24,13.9,1.99973,2.91765e-06,1,0.0005899,-5.64399e-06,0,0.00037998,-6.48968e-06,0,0.0101184,25,13.9,1.12736,-0.999633,1,-0.358169,0.013188,0,0.456207,0.23837,0,0.0138599,26,13.9,1.77683,2.00003,1,0.451846,-4.28408e-05,0,-0.290133,-0.000163913,0,0.00990749,27,13.9,-1.29361,3,1,0.480042,3.72529e-06,0,-0.158839,5.96046e-05,0,0.00625839,28,13.9,2.65944,-2.98232,1,-0.499799,-0.0957362,0,-0.00803173,0.342846,0,0.00747396,29,13.9,-0.974549,1.76627,1,-0.0432591,0.460275,0,-0.0150539,-0.267848,0,0.0115827,30,13.9,2.00913,2.99996,1,-0.0285927,-6.92904e-05,0,0.00275671,0.000298023,0,0.00702964,31,13.9,-2.3527,2.99993,1,0.496027,0.000538304,0,-0.0801533,-0.00281632,0,0.00569681,32,13.9,0.00642855,0.683537,1,-0.00222716,0.49792,0,-0.020396,0.0231713,0,0.0130468,33,13.9,-0.713017,0.993652,1,-0.477156,0.007236,0,0.173304,0.0112131,0,0.0103467,34,13.9,-1.71273,1.99999,1,-0.477274,3.72529e-06,0,0.172682,1.49012e-05,0,0.00888414,35,13.9,1.00021,1.00024,1,-0.00123242,-0.000425056,0,-0.315968,-0.000700355,0,0.0132041
0,14,-2.99841,-0.307228,1,-0.00289679,0.484677,0,0.000834465,-0.155956,0,0.00886588,1,14,0.00243514,-2.19346,1,0.0234531,0.433224,0,-0.128315,-0.351071,0,0.0104248,2,14,2.00256,-1.67122,1,0.00051856,0.500003,0,-0.0129938,-5.96046e-05,0,0.0100646,3,14,-2,0.999994,1,0,-1.19209e-05,0,0,8.9407e-05,0,0.0086146,4,14,-0.995406,-2.00026,1,0.0108063,-5.96046e-06,0,-0.0680685,0.00190735,0,0.00915926,5,14,3,-1.81352,1,1.19209e-05,-0.500003,0,-0.000119209,5.96046e-05,0,0.00762826,6,14,-3,2.6763,1,0,0.487584,0,0,-0.132799,0,0.00615365,7,14,-1.0013,-0.394455,1,0.0015378,0.483942,0,0.00190735,0.19747,0,0.0110636,8,14,-2.0003,-1.43227e-06,1,0.000560284,-0.000141308,0,0.000715256,0.000427777,0,0.0107504,9,14,-3,-2.3417,1,0,0.492275,0,0,-0.0916719,0,0.00733198,10,14,-1.93749,-1.74819,1,-0.0836402,-0.463963,0,-0.0922084,0.224769,0,0.0112455,11,14,0.999993,0.0157637,1,-1.49012e-05,0.0284033,0,8.9407e-05,0.346568,0,0.0122907,12,14,1.99321,-2.54677,1,-0.0571489,0.5,0,0.24581,0,0,0.00838253,13,14,2.82571,0.991839,1,0.403327,0.0253633,0,-0.409365,-0.020951,0,0.00934216,14,14,-2.60065,-2.99999,1,-0.499809,-1.19209e-05,0,0.00369549,0.000119209,0,0.00816858,15,14,0.984268,-1.99531,1,0.012137,0.0522852,0,0.112504,0.381589,0,0.0111791,16,14,-2.75348,-1.54054,1,-0.416863,0.500003,0,0.299096,-5.96046e-05,0,0.00681173,17,14,-0.556029,-1.00054,1,-0.403385,0.000146031,0,-0.503093,0.002563,0,0.01287,18,14,-3,1.68346,1,0,0.486726,0,0,-0.138521,0,0.00730497,19,14,0.76006,2.00414,1,0.455783,-0.0183582,0,-0.251055,0.0311136,0,0.0111511,20,14,0.000384257,3,1,-0.000545316,0,0,-0.00144847,0,0,0.00741049,21,14,-0.331939,-0.0328393,1,0.486539,-0.231096,0,-0.125363,-0.999998,0,0.0143512,22,14,-2.99989,0.718616,1,2.38419e-05,0.481968,0,-0.000596046,-0.157475,0,0.00847073,23,14,1.0028,-3,1,-0.00270009,0,0,-0.0135899,0,0,0.007028,24,14,1.99979,2.33087e-06,1,0.000602007,-5.99661e-06,0,-0.000178814,-7.91542e-07,0,0.0105822,25,14,1.09389,-0.996875,1,-0.310719,0.0440136,0,0.488579,0.360787,0,0.0107298,26,14,1.82041,2.00002,1,0.418392,-4.76837e-05,0,-0.375688,-0.000238419,0,0.00912376,27,14,-1.24653,3,1,0.460321,5.96046e-06,0,-0.236452,0.000119209,0,0.00493454,28,14,2.60945,-2.99028,1,-0.5,-0.0644386,0,0,0.282288,0,0.0066744,29,14,-0.97891,1.8108,1,-0.043574,0.428787,0,0.00795722,-0.35882,0,0.0113175,30,14,2.00632,2.99996,1,-0.0272274,-4.17233e-05,0,0.0232458,0.000357628,0,0.00590999,31,14,-2.30363,2.99997,1,0.483882,0.000292063,0,-0.162482,-0.00214577,0,0.00467654,32,14,0.00611311,0.733434,1,-0.00399186,0.499697,0,-0.0150069,0.00604987,0,0.0139431,33,14,-0.75974,0.994423,1,-0.456002,0.00810921,0,0.250399,0.00628829,0,0.0101013,34,14,-1.75946,1.99999,1,-0.456184,5.96046e-06,0,0.249803,0,0,0.00873431,35,14,0.998248,1.0002,1,-0.0400439,-0.000470877,0,-0.438184,-0.000119209,0,0.018383
0,14.1,-2.99869,-0.259668,1,-0.00276119,0.465237,0,0.00184774,-0.232842,0,0.00886588,1,14.1,0.00418894,-2.15201,1,0.012112,0.39452,0,-0.0989651,-0.420123,0,0.0104248,2,14.1,2.00255,-1.62122,1,-0.000634417,0.5,0,-0.0101179,-7.45058e-06,0,0.0100646,3,14.1,-2,0.999471,1,0,-0.014982,0,0,-0.271931,0,0.0086146,4,14.1,-0.994645,-2.00025,1,0.00461135,0.000158325,0,-0.055708,0.00138581,0,0.00915926,5,14.1,3,-1.86352,1,1.86265e-06,-0.5,0,-7.45058e-05,7.45058e-06,0,0.00762826,6,14.1,-3,2.72427,1,0,0.470347,0,0,-0.21264,0,0.00615365,7,14.1,-1.00113,-0.345301,1,0.0016734,0.497016,0,0.000834465,0.0710672,0,0.0110636,8,14.1,-1.99971,-1.3462e-05,1,0.0155803,-9.97586e-05,0,0.27214,0.000399623,0,0.0107504,9,14.1,-3,-2.29304,1,0,0.479789,0,0,-0.160173,0,0.00733198,10,14.1,-1.94622,-1.79329,1,-0.0899039,-0.43647,0,-0.0346452,0.321589,0,0.0112455,11,14.1,0.999992,0.020639,1,5.58794e-07,0.0715913,0,0.000305474,0.496312,0,0.0122907,12,14.1,1.98865,-2.49678,1,-0.0348009,0.5,0,0.201628,0,0,0.00838253,13,14.1,2.86388,0.994254,1,0.359138,0.022789,0,-0.470445,-0.0298731,0,0.00934216,14,14.1,-2.65056,-3,1,-0.49741,-2.23517e-06,0,0.0507236,5.96046e-05,0,0.00816858,15,14.1,0.985962,-1.98772,1,0.0209546,0.103078,0,0.0655428,0.605568,0,0.0111791,16,14.1,-2.79361,-1.49054,1,-0.385111,0.5,0,0.334606,-7.45058e-06,0,0.00681173,17,14.1,-0.598617,-1.00051,1,-0.445687,0.000364706,0,-0.342194,0.00183284,0,0.01287,18,14.1,-3,1.73131,1,0,0.46917,0,0,-0.213161,0,0.00730497,19,14.1,0.804222,2.00246,1,0.425947,-0.0151653,0,-0.342015,0.03241,0,0.0111511,20,14.1,0.000323871,3,1,-0.000649223,0,0,-0.000657104,0,0,0.00741049,21,14.1,-0.284116,-0.0608811,1,0.468021,-0.328403,0,-0.240174,-0.920181,0,0.0143512,22,14.1,-2.9999,0.765836,1,-2.94298e-05,0.460603,0,-0.000491738,-0.266884,0,0.00847073,23,14.1,1.00247,-3,1,-0.00376999,0,0,-0.00795722,0,0,0.007028,24,14.1,1.99985,1.73499e-06,1,0.000566617,-5.84945e-06,0,-0.000521541,3.50062e-06,0,0.0105822,25,14.1,1.06528,-0.990185,1,-0.261335,0.0938766,0,0.495307,0.60644,0,0.0107298,26,14.1,1.86026,2.00002,1,0.377658,-6.44475e-05,0,-0.435963,-0.000104308,0,0.00912376,27,14.1,-1.20184,3,1,0.431786,1.15484e-05,0,-0.330657,1.49012e-05,0,0.00493454,28,14.1,2.55945,-2.99542,1,-0.5,-0.039354,0,0,0.219643,0,0.0066744,29,14.1,-0.983196,1.85177,1,-0.041854,0.389438,0,0.0257418,-0.425227,0,0.0113175,30,14.1,2.00374,2.99995,1,-0.0241924,-8.19564e-06,0,0.0363737,0.000298023,0,0.00590999,31,14.1,-2.25619,2.99999,1,0.463731,0.000115111,0,-0.240326,-0.00144541,0,0.00467654,32,14.1,0.00564788,0.783422,1,-0.00522628,0.499981,0,-0.00982522,0.000763685,0,0.0139431,33,14.1,-0.80428,0.995256,1,-0.436455,0.00846013,0,0.151031,0.000938773,0,0.0101013,34,14.1,-1.80367,1.99999,1,-0.426461,6.14673e-06,0,0.341006,7.45058e-06,0,0.00873431,35,14.1,0.991696,1.00014,1,-0.093898,-0.000896771,0,-0.613466,-0.00799075,0,0.018383
0,14.2,-2.99896,-0.214435,1,-0.0025332,0.438185,0,0.0025034,-0.307449,0,0.00878833,1,14.2,0.00495066,-2.11475,1,0.00356311,0.349808,0,-0.0725249,-0.471115,0,0.011481,2,14.2,2.00244,-1.57122,1,-0.00151992,0.500003,0,-0.00739098,-5.96046e-05,0,0.0101364,3,14.2,-2,0.996351,1,0,-0.0494882,0,0,-0.396699,0,0.0102041,4,14.2,-0.994442,-2.00023,1,-0.000321865,0.000274181,0,-0.0429451,0.000953674,0,0.0080202,5,14.2,3,-1.91352,1,0,-0.500003,0,-0.000238419,5.96046e-05,0,0.00822709,6,14.2,-3,2.7701,1,0,0.445008,0,0,-0.293732,0,0.00702755,7,14.2,-1.00096,-0.295391,1,0.00171065,0.5,0,0,0,0,0.0126309,8,14.2,-1.99653,-2.15109e-05,1,0.0500858,-6.19943e-05,0,0.39643,0.00035314,0,0.013674,9,14.2,-3,-2.24598,1,0,0.459939,0,0,-0.237823,0,0.00722546,10,14.2,-1.9553,-1.8352,1,-0.0908822,-0.400344,0,0.0135303,0.397384,0,0.0115293,11,14.2,0.999995,0.0303836,1,6.10948e-05,0.123914,0,0.000983477,0.533487,0,0.0163382,12,14.2,1.98611,-2.44677,1,-0.0167251,0.5,0,0.160396,0,0,0.00870798,13,14.2,2.89737,0.996373,1,0.31004,0.0195131,0,-0.507474,-0.0350773,0,0.00885298,14,14.2,-2.69992,-3,1,-0.488585,5.96046e-06,0,0.129819,-0.000119209,0,0.00956729,15,14.2,0.988319,-1.97422,1,0.0255689,0.168231,0,0.0282824,0.674605,0,0.0116616,16,14.2,-2.8304,-1.44054,1,-0.350213,0.500003,0,0.362158,-5.96046e-05,0,0.00795117,17,14.2,-0.644625,-1.00046,1,-0.471763,0.00051558,0,-0.179499,0.00113249,0,0.0150051,18,14.2,-3,1.77704,1,0,0.444067,0,0,-0.288606,0,0.00706218,19,14.2,0.844983,2.00111,1,0.388105,-0.0119388,0,-0.411302,0.0318289,0,0.0121448,20,14.2,0.00025678,3,1,-0.000682096,0,0,-2.65066e-05,0,0,0.00880885,21,14.2,-0.238671,-0.0980048,1,0.439426,-0.410336,0,-0.327341,-0.69648,0,0.0146467,22,14.2,-2.9999,0.810402,1,-7.15256e-05,0.4292,0,-0.000357628,-0.358045,0,0.0103819,23,14.2,1.00206,-3,1,-0.00431836,0,0,-0.00327826,0,0,0.00788968,24,14.2,1.9999,1.17302e-06,1,0.000503659,-5.3405e-06,0,-0.00077486,6.47222e-06,0,0.0137043,25,14.2,1.04161,-0.977565,1,-0.21235,0.159888,0,0.481308,0.689656,0,0.0111776,26,14.2,1.89577,2.00001,1,0.331822,-7.15256e-05,0,-0.477493,0.000119209,0,0.00981649,27,14.2,-1.16045,3,1,0.394896,1.19209e-05,0,-0.403523,0,0,0.00517195,28,14.2,2.50945,-2.99836,1,-0.5,-0.0204146,0,0,0.159979,0,0.00793117,29,14.2,-0.987228,1.88849,1,-0.0385642,0.344351,0,0.0393689,-0.473261,0,0.0101037,30,14.2,2.00151,2.99995,1,-0.0201523,1.78814e-05,0,0.0434518,0.000238419,0,0.00662836,31,14.2,-2.21114,3,1,0.43593,5.96046e-06,0,-0.314593,-0.000953674,0,0.0052265,32,14.2,0.00508372,0.833422,1,-0.00598464,0.5,0,-0.00547525,2.98023e-05,0,0.0140612,33,14.2,-0.847262,0.996099,1,-0.423892,0.00833571,0,0.108778,-0.00324845,0,0.011737,34,14.2,-1.84449,1.99999,1,-0.388703,5.96046e-06,0,0.410497,5.96046e-05,0,0.00827819,35,14.2,0.979124,0.999997,1,-0.158179,-0.00199229,0,-0.652045,-0.0135601,0,0.0168103
0,14.3,-2.9992,-0.172294,1,-0.00225045,0.403321,0,0.00311434,-0.385838,0,0.00878833,1,14.3,0.00498462,-2.08219,1,-0.00249718,0.300983,0,-0.0493179,-0.501007,0,0.011481,2,14.3,2.00226,-1.52122,1,-0.0021439,0.5,0,-0.0051111,-7.45058e-06,0,0.0101364,3,14.3,-2,0.989175,1,-8.56817e-06,-0.0959728,0,-0.00025332,-0.513598,0,0.0102041,4,14.3,-0.994667,-2.0002,1,-0.00397526,0.000346825,0,-0.0303164,0.000521541,0,0.0080202,5,14.3,3,-1.96352,1,-1.8999e-05,-0.5,0,-0.000163913,7.45058e-06,0,0.00822709,6,14.3,-3,2.81297,1,0,0.410866,0,0,-0.384644,0,0.00702755,7,14.3,-1.0008,-0.245391,1,0.00167936,0.5,0,-0.000491738,-1.78814e-06,0,0.0126309,8,14.3,-1.9893,-2.62374e-05,1,0.0966525,-3.77982e-05,0,0.515319,4.00143e-05,0,0.013674,9,14.3,-3,-2.20135,1,0,0.431286,0,0,-0.33167,0,0.00722546,10,14.3,-1.96425,-1.87315,1,-0.0875851,-0.357934,0,0.0509843,0.447698,0,0.0115293,11,14.3,1.00001,0.0455267,1,0.000199955,0.17939,0,0.00194088,0.560361,0,0.0163382,12,14.3,1.98517,-2.39681,1,-0.00275187,0.498801,0,0.119984,-0.0285953,0,0.00870798,13,14.3,2.9258,0.998145,1,0.258224,0.0158924,0,-0.523537,-0.0368617,0,0.00885298,14,14.3,-2.74792,-2.99999,1,-0.469433,-3.72529e-06,0,0.250429,-5.96046e-05,0,0.00956729,15,14.3,0.990968,-1.95387,1,0.0269441,0.239666,0,0.000566244,0.736214,0,0.0116616,16,14.3,-2.86356,-1.39059,1,-0.312578,0.498409,0,0.387982,-0.0359118,0,0.00795117,17,14.3,-0.692658,-1.00041,1,-0.488143,0.000599213,0,-0.13512,0.000558794,0,0.0150051,18,14.3,-3,1.81985,1,0,0.410883,0,0,-0.371188,0,0.00706218,19,14.3,0.881656,2.00007,1,0.34464,-0.00885651,0,-0.454862,0.0295937,0,0.0121448,20,14.3,0.000189288,3,1,-0.00065991,0,0,0.000443844,0,0,0.00880885,21,14.3,-0.196473,-0.142043,1,0.403532,-0.465563,0,-0.386819,-0.405967,0,0.0146467,22,14.3,-2.99991,0.851413,1,-0.000100955,0.389915,0,-0.00025332,-0.424728,0,0.0103819,23,14.3,1.00162,-3,1,-0.00444725,0,0,0.000536442,0,0,0.00788968,24,14.3,1.99995,6.74676e-07,1,0.000420585,-4.5975e-06,0,-0.000864267,8.21083e-06,0,0.0137043,25,14.3,1.02272,-0.958049,1,-0.166163,0.230843,0,0.441186,0.714339,0,0.0111776,26,14.3,1.92652,2.00001,1,0.282831,-5.92321e-05,0,-0.498205,0.00013411,0,0.00981649,27,14.3,-1.12306,3,1,0.352021,7.45058e-06,0,-0.450857,-5.96046e-05,0,0.00517195,28,14.3,2.45945,-2.99969,1,-0.5,-0.00715815,0,0,0.106677,0,0.00793117,29,14.3,-0.990871,1.92051,1,-0.0341246,0.295456,0,0.0486597,-0.500344,0,0.0101037,30,14.3,1.99972,2.99996,1,-0.0156803,3.7998e-05,0,0.0453219,0.000149012,0,0.00662836,31,14.3,-2.16926,3,1,0.400427,-6.55651e-05,0,-0.391454,-0.000506639,0,0.0052265,32,14.3,0.00446418,0.883422,1,-0.00634609,0.5,0,-0.0018776,0,0,0.0140612,33,14.3,-0.889257,0.996911,1,-0.417252,0.00785934,0,0.0343025,-0.0060387,0,0.011737,34,14.3,-1.88122,1.99999,1,-0.3453,1.08033e-05,0,0.454433,2.98023e-05,0,0.00827819,35,14.3,0.960061,0.999682,1,-0.222674,-0.00472721,0,-0.627767,-0.038974,0,0.0168103
0,14.4,-2.9994,-0.133993,1,-0.00191927,0.361793,0,0.00333786,-0.440951,0,0.00842401,1,14.4,0.00452225,-2.05461,1,-0.00642613,0.250423,0,-0.0298806,-0.506282,0,0.0119792,2,14.4,2.00202,-1.47122,1,-0.00255108,0.500003,0,-0.00309944,-5.96046e-05,0,0.00913143,3,14.4,-2,0.97695,1,-6.55651e-05,-0.148734,0,-0.000953674,-0.526339,0,0.0124742,4,14.4,-0.995197,-2.00016,1,-0.00642687,0.000375509,0,-0.0190139,0.000238419,0,0.00932725,5,14.4,3,-2.01352,1,-2.38419e-05,-0.5,0,-0.000238419,0,0,0.00748437,6,14.4,-3,2.85202,1,0,0.368947,0,0,-0.449419,0,0.00701953,7,14.4,-1.00063,-0.195391,1,0.00163913,0.5,0,-0.000238419,0,0,0.0172165,8,14.4,-1.97699,-3.09534e-05,1,0.149646,-6.95735e-05,0,0.529051,-0.000740576,0,0.0148818,9,14.4,-3,-2.16,1,0,0.394315,0,0,-0.404239,0,0.00760017,10,14.4,-1.97271,-1.90665,1,-0.0809669,-0.311431,0,0.0799894,0.479281,0,0.0118707,11,14.4,1.00004,0.0662043,1,0.000470877,0.233222,0,0.00363588,0.504311,0,0.013272,12,14.4,1.98543,-2.34715,1,0.00745058,0.493473,0,0.0849366,-0.0814199,0,0.0102557,13,14.4,2.94901,0.99955,1,0.206298,0.0122249,0,-0.510573,-0.0361204,0,0.0108455,14,14.4,-2.79344,-3,1,-0.439101,-1.19209e-05,0,0.353098,0.000119209,0,0.00786642,15,14.4,0.993629,-1.92625,1,0.025934,0.312248,0,-0.0195503,0.700951,0,0.0123286,16,14.4,-2.89285,-1.34102,1,-0.273108,0.492117,0,0.399232,-0.0928044,0,0.00869758,17,14.4,-0.74201,-1.00035,1,-0.497457,0.000631809,0,-0.0508428,0.000119209,0,0.0138852,18,14.4,-3,1.85898,1,0,0.370589,0,0,-0.431061,0,0.00785983,19,14.4,0.913797,1.99933,1,0.297755,-0.00605583,0,-0.479728,0.0263453,0,0.0134834,20,14.4,0.00012611,3,1,-0.000598283,0,0,0.000765525,0,0,0.00876994,21,14.4,-0.158127,-0.190168,1,0.362768,-0.492609,0,-0.425115,-0.14782,0,0.0159814,22,14.4,-2.99992,0.888193,1,-0.000119209,0.344865,0,-0.000119209,-0.473052,0,0.00981796,23,14.4,1.00119,-3,1,-0.00424683,0,0,0.00339746,0,0,0.00933529,24,14.4,1.99998,2.57632e-07,1,0.000330806,-3.73059e-06,0,-0.000834465,8.98164e-06,0,0.0120889,25,14.4,1.00823,-0.931457,1,-0.124332,0.300039,0,0.394613,0.657499,0,0.0129029,26,14.4,1.95231,2,1,0.232947,-4.76837e-05,0,-0.495851,0.000178814,0,0.0122968,27,14.4,-1.09017,3,1,0.305349,0,0,-0.47946,0,0,0.00465829,28,14.4,2.40945,-2.99995,1,-0.5,0.0012517,0,0,0.0633001,0,0.0080179,29,14.4,-0.99403,1.94754,1,-0.0289783,0.245082,0,0.0536442,-0.503361,0,0.0114142,30,14.4,1.99838,2.99996,1,-0.0112057,5.36442e-05,0,0.0436306,0,0,0.00662945,31,14.4,-2.13127,2.99999,1,0.358427,-9.53674e-05,0,-0.44477,-0.000238419,0,0.00555397,32,14.4,0.00382528,0.933422,1,-0.00638393,0.5,0,0.00100746,2.98023e-05,0,0.01188,33,14.4,-0.930863,0.997664,1,-0.415172,0.00717193,0,0.0156164,-0.00751019,0,0.0123059,34,14.4,-1.91343,1.99999,1,-0.298443,1.49012e-05,0,0.479698,0,0,0.0092225,35,14.4,0.934765,0.998988,1,-0.281945,-0.00938326,0,-0.549823,-0.0522733,0,0.0171681
0,14.5,-2.99958,-0.100569,1,-0.00157766,0.301915,0,0.00347197,-0.727281,0,0.00842401,1,14.5,0.00444938,-2.03208,1,0.0113178,0.200592,0,0.351656,-0.487432,0,0.0119792,2,14.5,2.00346,-1.42136,1,0.0449099,0.495759,0,0.814408,-0.0829846,0,0.00913143,3,14.5,-2.00001,0.959414,1,-0.000144169,-0.201947,0,-0.000789762,-0.52445,0,0.0124742,4,14.5,-0.995917,-2.00013,1,-0.00781994,0.000381842,0,-0.00917166,-0.000104308,0,0.00932725,5,14.5,2.99999,-2.06303,1,-3.94881e-05,-0.48575,0,-8.9407e-05,0.271291,0,0.00748437,6,14.5,-3,2.88659,1,0,0.321753,0,0,-0.490278,0,0.00701953,7,14.5,-1.00047,-0.145391,1,0.00158064,0.5,0,-0.000715256,1.3411e-06,0,0.0172165,8,14.5,-1.95935,-4.10258e-05,1,0.203151,-0.000130397,0,0.527471,-0.000647446,0,0.0148818,9,14.5,-2.99955,-2.1227,1,0.0130404,0.350888,0,0.239477,-0.459582,0,0.00760017,10,14.5,-1.98036,-1.93462,1,-0.0718895,-0.241409,0,0.0997484,0.872023,0,0.0118707,11,14.5,1.00011,0.0920243,1,0.00110734,0.282631,0,0.00891834,0.471772,0,0.013272,12,14.5,1.98655,-2.29832,1,0.0144251,0.482094,0,0.0553578,-0.148624,0,0.0102557,13,14.5,2.96714,0.999365,1,0.156752,-0.0265965,0,-0.475928,-0.676878,0,0.0108455,14,14.5,-2.83541,-3,1,-0.398794,-2.23517e-06,0,0.446945,5.96046e-05,0,0.00786642,15,14.5,0.996103,-1.89163,1,0.0233394,0.378699,0,-0.0314973,0.614926,0,0.0123286,16,14.5,-2.91816,-1.29283,1,-0.233158,0.466632,0,0.397697,-0.398003,0,0.00869758,17,14.5,-0.791671,-1.00028,1,-0.492529,0.000626408,0,0.143398,-0.000216067,0,0.0138852,18,14.5,-3,1.89382,1,0,0.325627,0,0,-0.465013,0,0.00785983,19,14.5,0.941161,2.00007,1,0.249496,0.0314478,0,-0.482097,0.661775,0,0.0134834,20,14.5,7.04647e-05,3,1,-0.000511579,0,0,0.000948889,0,0,0.00876994,21,14.5,-0.124004,-0.239882,1,0.319457,-0.499538,0,-0.438689,-0.0184783,0,0.0159814,22,14.5,-2.99993,0.91974,1,-0.000126287,0.281138,0,-4.47035e-05,-0.769798,0,0.00981796,23,14.5,1.00078,-3,1,-0.00380799,0,0,0.00524521,0,0,0.00933529,24,14.5,2.00001,-7.03895e-08,1,0.000247173,-2.8312e-06,0,-0.000812113,8.90212e-06,0,0.0120889,25,14.5,0.997678,-0.898222,1,-0.0877509,0.363839,0,0.337191,0.607554,0,0.0129029,26,14.5,1.97317,1.99878,1,0.184831,-0.0349388,0,-0.4647,-0.637278,0,0.0122968,27,14.5,-1.06206,3,1,0.256789,0,0,-0.488013,0,0,0.00465829,28,14.5,2.35993,-2.99957,1,-0.485994,0.0058908,0,0.266835,0.0310391,0,0.0080179,29,14.5,-0.996656,1.96955,1,-0.0235378,0.195559,0,0.0545941,-0.483818,0,0.0114142,30,14.5,1.99747,2.99997,1,-0.00705756,5.32717e-05,0,0.039041,-1.49012e-05,0,0.00662945,31,14.5,-2.09771,2.99998,1,0.312422,-0.000105798,0,-0.472128,0,0,0.00555397,32,14.5,0.00319569,0.983422,1,-0.00617239,0.5,0,0.00313026,0,0,0.01188,33,14.5,-0.972348,0.998341,1,-0.414801,0.00634771,0,-0.00111014,-0.00873208,0,0.0123059,34,14.5,-1.94086,2,1,-0.250022,1.47149e-05,0,0.485122,-7.45058e-06,0,0.0092225,35,14.5,0.903967,0.997664,1,-0.332506,-0.0181259,0,-0.459515,-0.115026,0,0.0171681
0,14.6,-2.99972,-0.0742868,1,-0.00123382,0.221609,0,0.00333786,-0.855437,0,0.00870449,1,14.6,0.00774236,-2.01441,1,0.0578767,0.153446,0,0.552341,-0.452995,0,0.012553,2,14.6,2.01252,-1.37233,1,0.139266,0.483766,0,0.999928,-0.155151,0,0.00945996,3,14.6,-2.00003,0.936692,1,-0.0002563,-0.251265,0,-0.00143051,-0.451773,0,0.016418,4,14.6,-0.996731,-2.00009,1,-0.00832528,0.000363588,0,-0.0012517,-0.000476837,0,0.00948956,5,14.6,2.99999,-2.1099,1,-4.17233e-05,-0.448334,0,0,0.464916,0,0.00781365,6,14.6,-3,2.91627,1,0,0.271702,0,0,-0.506639,0,0.00629044,7,14.6,-1.00031,-0.0953906,1,0.00153184,0.5,0,-0.000119209,2.38419e-06,0,0.0148489,8,14.6,-1.93649,-5.83196e-05,1,0.252765,-0.000228938,0,0.454605,-0.00145058,0,0.0169432,9,14.6,-2.9968,-2.08997,1,0.044018,0.303292,0,0.362635,-0.488281,0,0.00997676,10,14.6,-1.98703,-1.95408,1,-0.061354,-0.145853,0,0.109315,0.999987,0,0.0128564,11,14.6,1.00028,0.12251,1,0.00222027,0.325481,0,0.013113,0.376403,0,0.0128316,12,14.6,1.98823,-2.25098,1,0.0186801,0.46339,0,0.0303984,-0.226855,0,0.0103001,13,14.6,2.98052,0.992699,1,0.111866,-0.111598,0,-0.418663,-0.971019,0,0.0101448,14,14.6,-2.87294,-3,1,-0.350875,5.96046e-06,0,0.505924,-0.000119209,0,0.00677079,15,14.6,0.998265,-1.85091,1,0.0197932,0.433192,0,-0.0387132,0.467718,0,0.0113063,16,14.6,-2.93951,-1.24853,1,-0.193959,0.41604,0,0.384331,-0.597477,0,0.00858127,17,14.6,-0.839928,-1.00022,1,-0.469977,0.000590086,0,0.301719,-0.000417233,0,0.0132432,18,14.6,-3,1.92402,1,0,0.278205,0,0,-0.480413,0,0.00749411,19,14.6,0.96372,2.00715,1,0.201952,0.115025,0,-0.46593,0.9588,0,0.011063,20,14.6,2.42184e-05,3,1,-0.000412086,0,0,0.00102483,0,0,0.00441528,21,14.6,-0.094257,-0.289872,1,0.275484,-0.5,0,-0.438664,1.43051e-05,0,0.01518,22,14.6,-2.99995,0.94373,1,-0.000119209,0.196585,0,-0.000119209,-0.896126,0,0.0104653,23,14.6,1.00043,-3,1,-0.00322461,0,0,0.00625849,0,0,0.00981442,24,14.6,2.00003,-3.09846e-07,1,0.000172853,-1.96841e-06,0,-0.000834465,8.27538e-06,0,0.0130285,25,14.6,0.990495,-0.858958,1,-0.0568464,0.419627,0,0.281185,0.499845,0,0.0124155,26,14.6,1.98939,1.99147,1,0.140318,-0.116444,0,-0.424206,-0.942945,0,0.011625,27,14.6,-1.03881,3,1,0.208434,0,0,-0.475943,0,0,0.00458313,28,14.6,2.31301,-2.99886,1,-0.449151,0.00775456,0,0.458002,0.0077486,0,0.0085888,29,14.6,-0.99874,1.98674,1,-0.01816,0.148898,0,0.0524819,-0.446916,0,0.0104416,30,14.6,1.99695,2.99997,1,-0.00344515,5.36442e-05,0,0.033021,0,0,0.00657155,31,14.6,-2.06885,2.99997,1,0.264621,-8.9407e-05,0,-0.480771,0,0,0.0076576,32,14.6,0.00259697,1.03342,1,-0.00577563,0.5,0,0.00472041,0,0,0.0159206,33,14.6,-1.01381,0.998932,1,-0.41413,0.00547022,0,0.0200868,-0.00861287,0,0.0170231,34,14.6,-1.96345,2,1,-0.202087,1.19209e-05,0,0.470519,5.96046e-05,0,0.00832053,35,14.6,0.868582,0.995225,1,-0.373541,-0.0310153,0,-0.360042,-0.136524,0,0.021505
0,14.7,-2.99983,-0.0566831,1,-0.000911951,0.128386,0,0.00306964,-0.98193,0,0.00870449,1,14.7,0.0167438,-2.00123,1,0.125984,0.111115,0,0.782749,-0.39383,0,0.012553,2,14.7,2.03145,-1.32486,1,0.23906,0.464451,0,0.991866,-0.228442,0,0.00945996,3,14.7,-2.00007,0.909417,1,-0.000357255,-0.292937,0,-0.000789762,-0.374299,0,0.016418,4,14.7,-0.997559,-2.00005,1,-0.0081351,0.000311062,0,0.00473112,-0.000551343,0,0.00948956,5,14.7,2.99998,-2.15143,1,-3.72529e-05,-0.374926,0,5.96046e-05,0.916645,0,0.00781365,6,14.7,-3,2.94091,1,0,0.221065,0,0,-0.501648,0,0.00629044,7,14.7,-1.00016,-0.0453927,1,0.00147689,0.499892,0,-0.000752509,-0.00430197,0,0.0148489,8,14.7,-1.90906,-8.68519e-05,1,0.29465,-0.000331025,0,0.375755,-0.00080448,0,0.0169432,9,14.7,-2.99027,-2.06209,1,0.0890061,0.254096,0,0.515401,-0.492141,0,0.00997676,10,14.7,-1.99262,-1.96367,1,-0.0504397,-0.0458531,0,0.108331,1,0,0.0128564,11,14.7,1.00062,0.156825,1,0.0051029,0.359581,0,0.0415146,0.302002,0,0.0128316,12,14.7,1.99021,-2.20594,1,0.0206428,0.435716,0,0.00969321,-0.323147,0,0.0103001,13,14.7,2.98973,0.976628,1,0.0736766,-0.210239,0,-0.344157,-0.996381,0,0.0101448,14,14.7,-2.90544,-3,1,-0.29867,-3.72529e-06,0,0.533253,-5.96046e-05,0,0.00677079,15,14.7,1.00005,-1.80556,1,0.0158844,0.470662,0,-0.039164,0.285037,0,0.0113063,16,14.7,-2.95701,-1.21042,1,-0.156515,0.341821,0,0.362799,-0.85783,0,0.00858127,17,14.7,-0.885061,-1.00017,1,-0.42947,0.000538304,0,0.495382,-0.000596046,0,0.0132432,18,14.7,-3,1.94944,1,0,0.230185,0,0,-0.476658,0,0.00749411,19,14.7,0.981668,2.02352,1,0.157834,0.213094,0,-0.416361,0.994846,0,0.011063,20,14.7,-1.18676e-05,3,1,-0.000309939,0,0,0.00100675,0,0,0.00441528,21,14.7,-0.0688806,-0.339872,1,0.232295,-0.5,0,-0.423563,0,0,0.01518,22,14.7,-2.99996,0.958707,1,-0.000122562,0.101454,0,4.47035e-05,-0.987019,0,0.0104653,23,14.7,1.00014,-3,1,-0.00257697,0,0,0.00660121,0,0,0.00981442,24,14.7,2.00005,-4.66988e-07,1,9.6485e-05,-1.19225e-06,0,-0.000700355,7.20815e-06,0,0.0130285,25,14.7,0.986117,-0.814779,1,-0.0316717,0.461151,0,0.223294,0.331532,0,0.0124155,26,14.7,2.00142,1.975,1,0.101228,-0.213769,0,-0.358485,-0.992872,0,0.011625,27,14.7,-1.0203,3,1,0.162255,0,0,-0.445105,0,0,0.00458313,28,14.7,2.27143,-2.99808,1,-0.374556,0.00769757,0,0.932246,-0.0077635,0,0.0085888,29,14.7,-1.0003,1.99948,1,-0.0131329,0.106704,0,0.0477768,-0.395477,0,0.0104416,30,14.7,1.99676,2.99998,1,-0.000490434,5.17815e-05,0,0.0260547,-4.47035e-05,0,0.00657155,31,14.7,-2.04478,2.99996,1,0.216878,-8.08388e-05,0,-0.470981,0.000163913,0,0.0076576,32,14.7,0.00204488,1.08342,1,-0.00524906,0.5,0,0.00574344,0,0,0.0159206,33,14.7,-1.05519,0.999434,1,-0.413844,0.00456711,0,-0.00397861,-0.00916794,0,0.0170231,34,14.7,-1.98136,2,1,-0.156546,1.56462e-05,0,0.437871,2.98023e-05,0,0.00832053,35,14.7,0.829478,0.991339,1,-0.407959,-0.0474781,0,-0.325091,-0.183403,0,0.021505
0,14.8,-2.9999,-0.0488084,1,-0.000625849,0.0288376,0,0.0026226,-1,0,0.0111993,1,14.8,0.0334489,-1.99199,1,0.209475,0.074628,0,0.864612,-0.33617,0,0.0138013,2,14.8,2.06025,-1.27965,1,0.336009,0.438601,0,0.935078,-0.286043,0,0.00758098,3,14.8,-2.00011,0.87843,1,-0.000452995,-0.324887,0,-0.00119209,-0.259697,0,0.0151176,4,14.8,-0.998341,-2.00003,1,-0.00744015,0.00025034,0,0.00888109,-0.000476837,0,0.0107531,5,14.8,2.99998,-2.18411,1,-2.98023e-05,-0.277281,0,0.000238419,0.999928,0,0.00715062,6,14.8,-3,2.96055,1,0,0.172186,0,0,-0.472546,0,0.00655917,7,14.8,-1.00002,0.00454057,1,0.00142157,0.498279,0,-0.000149012,-0.0344175,0,0.0146747,8,14.8,-1.87789,-0.000124367,1,0.326684,-0.000427345,0,0.259936,-0.00128372,0,0.0174899,9,14.8,-2.97869,-2.03913,1,0.143188,0.205505,0,0.550866,-0.476599,0,0.00937673,10,14.8,-1.99713,-1.96326,1,-0.039807,0.0541478,0,0.103831,0.999987,0,0.0107862,11,14.8,1.00136,0.194145,1,0.00997186,0.385273,0,0.0532866,0.209317,0,0.0146973,12,14.8,1.9923,-2.16412,1,0.0207812,0.399464,0,-0.00613928,-0.398517,0,0.0111564,13,14.8,2.99551,0.950612,1,0.0431359,-0.310148,0,-0.266314,-1.00002,0,0.0100249,14,14.8,-2.93263,-3,1,-0.245148,-5.96046e-06,0,0.532985,-0.000119209,0,0.0078689,15,14.8,1.00144,-1.75734,1,0.0120133,0.491214,0,-0.0379682,0.132859,0,0.010737,16,14.8,-2.9709,-1.18076,1,-0.121725,0.249696,0,0.33164,-0.961542,0,0.00886451,17,14.8,-0.925302,-1.00011,1,-0.373337,0.000470877,0,0.615925,-0.00077486,0,0.0119438,18,14.8,-3,1.9701,1,0,0.183475,0,0,-0.454783,0,0.00758109,19,14.8,0.995453,2.04982,1,0.118688,0.31296,0,-0.366509,1.00017,0,0.0117852,20,14.8,-3.79357e-05,3,1,-0.000212723,0,0,0.000929067,0,0,0.00479388,21,14.8,-0.0477328,-0.389872,1,0.191055,-0.5,0,-0.399947,1.43051e-05,0,0.0184949,22,14.8,-2.99997,0.963878,1,-0.000107288,0.0017792,0,0,-1.00002,0,0.00946435,23,14.8,0.999913,-3,1,-0.00192076,0,0,0.0064373,0,0,0.0094384,24,14.8,2.00005,-5.52205e-07,1,2.98023e-05,-5.33011e-07,0,-0.000476837,5.95398e-06,0,0.0115068,25,14.8,0.983977,-0.767272,1,-0.0119925,0.48641,0,0.171334,0.177503,0,0.0137134,26,14.8,2.00985,1.94863,1,0.06845,-0.313592,0,-0.297904,-0.999987,0,0.0121462,27,14.8,-1.00623,3,1,0.119856,0,0,-0.40105,0,0,0.00465584,28,14.8,2.23884,-2.99737,1,-0.276256,0.00641346,0,1.00017,-0.0170469,0,0.00729159,29,14.8,-1.00138,2.00827,1,-0.00865459,0.0700474,0,0.041604,-0.336885,0,0.0104473,30,14.8,1.99683,2.99998,1,0.00177026,4.76837e-05,0,0.0190735,0,0,0.00559365,31,14.8,-2.02541,2.99995,1,0.170994,-5.96046e-05,0,-0.444412,0.000357628,0,0.00635091,32,14.8,0.00154991,1.13342,1,-0.00463974,0.500003,0,0.00638253,-5.96046e-05,0,0.0143007,33,14.8,-1.09656,0.999846,1,-0.413114,0.00368506,0,0.0262856,-0.00825524,0,0.0145951,34,14.8,-1.99489,2,1,-0.114927,1.78814e-05,0,0.392735,-0.000119209,0,0.00799156,35,14.8,0.787136,0.985661,1,-0.438018,-0.0660196,0,-0.273943,-0.180036,0,0.0184572
0,14.9,-2.99995,-0.0509229,1,-0.00038892,-0.0710764,0,0.00211596,-0.996554,0,0.0111993,1,14.9,0.0587836,-1.98609,1,0.29715,0.0445491,0,0.861558,-0.266813,0,0.0138013,2,14.9,2.09817,-1.23731,1,0.4184,0.40765,0,0.692114,-0.330552,0,0.00758098,3,14.9,-2.00015,0.8448,1,-0.000515953,-0.34606,0,-0.000283122,-0.16062,0,0.0151176,4,14.9,-0.999036,-2,1,-0.00641728,0.000200234,0,0.0113286,-0.00051409,0,0.0107531,5,14.9,2.99998,-2.20684,1,-8.19564e-06,-0.177284,0,0.000178814,0.999987,0,0.00715062,6,14.9,-3,2.97547,1,0,0.127204,0,0,-0.424206,0,0.00655917,7,14.9,-0.999878,0.0541226,1,0.00134902,0.49255,0,-0.00106916,-0.0830352,0,0.0146747,8,14.9,-1.84409,-0.000171387,1,0.347781,-0.000497203,0,0.158995,-0.000326764,0,0.0174899,9,14.9,-2.96148,-2.02094,1,0.201962,0.158481,0,0.609905,-0.460774,0,0.00937673,10,14.9,-2.00061,-1.95284,1,-0.0299992,0.154147,0,0.0923201,1,0,0.0107862,11,14.9,1.00275,0.233809,1,0.0188425,0.408707,0,0.114769,0.251327,0,0.0146973,12,14.9,1.99432,-2.12626,1,0.019579,0.356971,0,-0.0172406,-0.448257,0,0.0111564,13,14.9,2.99862,0.914895,1,0.0203494,-0.400492,0,-0.190929,-0.780508,0,0.0100249,14,14.9,-2.95451,-3,1,-0.19282,-1.15484e-05,0,0.509292,-1.49012e-05,0,0.0078689,15,14.9,1.00246,-1.70775,1,0.0084037,0.498915,0,-0.034146,0.0326782,0,0.010737,16,14.9,-2.98147,-1.16067,1,-0.0904527,0.151569,0,0.292525,-0.992373,0,0.00886451,17,14.9,-0.959444,-1.00007,1,-0.308627,0.000391155,0,0.668742,-0.000804663,0,0.0119438,18,14.9,-3,1.98623,1,0,0.139792,0,0,-0.416838,0,0.00758109,19,14.9,1.00558,2.0858,1,0.0848413,0.402856,0,-0.311077,0.772417,0,0.0117852,20,14.9,-5.47611e-05,3,1,-0.000125875,0,0,0.000803767,0,0,0.00479388,21,14.9,-0.0305673,-0.439872,1,0.152864,-0.5,0,-0.363427,0,0,0.0184949,22,14.9,-2.99998,0.959056,1,-9.72301e-05,-0.0982215,0,0.000193715,-1.00001,0,0.00946435,23,14.9,0.999753,-3,1,-0.00130376,0,0,0.00585988,0,0,0.0094384,24,14.9,2.00005,-5.78024e-07,1,-1.15484e-05,-6.13971e-09,0,-0.000372529,4.58881e-06,0,0.0115068,25,14.9,0.983551,-0.717965,1,0.00266498,0.49773,0,0.123095,0.057552,0,0.0137134,26,14.9,2.01531,1.91259,1,0.0416685,-0.403351,0,-0.23891,-0.770211,0,0.0121462,27,14.9,-0.99616,3,1,0.0824362,0,0,-0.346437,0,0,0.00465584,28,14.9,2.21622,-2.99681,1,-0.176247,0.00464208,0,1.00002,-0.0181645,0,0.00729159,29,14.9,-1.00205,2.0137,1,-0.00485331,0.039525,0,0.034377,-0.27363,0,0.0104473,30,14.9,1.99709,2.99999,1,0.00334345,4.54485e-05,0,0.0125319,-5.96046e-05,0,0.00559365,31,14.9,-2.01047,2.99995,1,0.128541,-2.42144e-05,0,-0.40286,0.000342727,0,0.00635091,32,14.9,0.00111818,1.18342,1,-0.00399265,0.5,0,0.00652141,-7.45058e-06,0,0.0143007,33,14.9,-1.1377,1.00017,1,-0.409114,0.00285255,0,0.0588968,-0.00815466,0,0.0145951,34,14.9,-2.00451,2,1,-0.0783624,7.82311e-06,0,0.337727,-7.45058e-05,0,0.00799156,35,14.9,0.741932,0.978443,1,-0.46585,-0.0757202,0,-0.262152,-0.0218712,0,0.0184572
0,15,-2.99998,-0.0629857,1,-0.000202656,-0.169784,0,0.00154972,-0.972435,0,0.0096333,1,15,0.0926215,-1.98286,1,0.377298,0.0209868,0,0.723847,-0.205755,0,0.0115846,2,15,2.14296,-1.19825,1,0.47217,0.372952,0,0.380993,-0.361204,0,0.00694858,3,15,-2.00021,0.809576,1,-0.000548363,-0.356536,0,-0.000357628,-0.0472367,0,0.0114718,4,15,-0.999619,-1.99999,1,-0.00521839,0.000149012,0,0.0123978,-0.000536442,0,0.0113822,5,15,2.99998,-2.21956,1,1.19209e-05,-0.0772893,0,0,1.00017,0,0.00702172,6,15,-3,2.98617,1,0,0.0878274,0,0,-0.361562,0,0.00642965,7,15,-0.999749,0.102862,1,0.00124723,0.481196,0,-0.000745058,-0.145942,0,0.0157321,8,15,-1.8087,-0.00022262,1,0.358027,-0.000530444,0,0.0444651,-0.000502157,0,0.0170815,9,15,-2.93824,-2.00735,1,0.262511,0.113916,0,0.589252,-0.427961,0,0.0108107,10,15,-2.00317,-1.93243,1,-0.0213504,0.254148,0,0.0805855,0.999987,0,0.0129265,11,15,1.00525,0.275951,1,0.0312597,0.434113,0,0.126243,0.250593,0,0.012245,12,15,1.99618,-2.09286,1,0.0174552,0.310445,0,-0.0246167,-0.47946,0,0.0107649,13,15,2.99982,0.871456,1,0.00461936,-0.462948,0,-0.125647,-0.461936,0,0.009308,14,15,-2.97131,-3,1,-0.144047,-5.96046e-06,0,0.46277,-0.000119209,0,0.00584892,15,15,1.00314,-1.65778,1,0.00519454,0.500003,0,-0.0299215,-5.96046e-05,0,0.0137253,16,15,-2.98913,-1.15047,1,-0.0634313,0.0527501,0,0.247359,-0.977337,0,0.00921865,17,15,-0.986942,-1.00004,1,-0.241306,0.000309944,0,0.670046,-0.00077486,0,0.0125941,18,15,-3,1.9982,1,0,0.100452,0,0,-0.368357,0,0.00664752,19,15,1.0126,2.12943,1,0.0563443,0.464332,0,-0.259578,0.451326,0,0.0105465,20,15,-6.35648e-05,3,1,-5.26121e-05,0,0,0.000659205,0,0,0.00520926,21,15,-0.0170342,-0.489872,1,0.118445,-0.5,0,-0.324646,-2.98023e-05,0,0.0171311,22,15,-2.99999,0.944234,1,-7.15256e-05,-0.198221,0,0.000119209,-1.00002,0,0.00988545,23,15,0.99965,-3,1,-0.000756979,0,0,0.00503659,0,0,0.0094291,24,15,2.00005,-5.57908e-07,1,-4.17233e-05,3.86622e-07,0,-0.000357628,3.27969e-06,0,0.0135053,25,15,0.984362,-0.66803,1,0.0128746,0.5,0,0.082314,0,0,0.0127557,26,15,2.01837,1.86893,1,0.0204384,-0.464588,0,-0.186682,-0.449061,0,0.0100587,27,15,-0.989552,3,1,0.0507012,0,0,-0.287861,0,0,0.00467885,28,15,2.20359,-2.99644,1,-0.0762522,0.00282526,0,1.00017,-0.0181198,0,0.00709352,29,15,-1.00238,2.01638,1,-0.00178218,0.0152707,0,0.0270009,-0.211954,0,0.00988204,30,15,1.99747,2.99999,1,0.00430048,3.57628e-05,0,0.00685453,0,0,0.00558443,31,15,-1.99955,2.99995,1,0.0907212,5.96046e-06,0,-0.352383,0.000238419,0,0.00579808,32,15,0.000751477,1.23342,1,-0.00334255,0.500003,0,0.00644746,-5.96046e-05,0,0.0132303,33,15,-1.17823,1.00042,1,-0.400466,0.00209212,0,0.117421,-0.00685453,0,0.0155656,34,15,-2.01076,2,1,-0.047493,0,0,0.279307,0,0,0.00843318,35,15,0.694178,0.970968,1,-0.487562,-0.0718832,0,-0.163794,0.0916123,0,0.0141995
0,15.1,-3,-0.0847523,1,-7.41333e-05,-0.264468,0,0.00102818,-0.907959,0,0.0096333,1,15.1,0.133682,-1.98169,1,0.440585,0.00327192,0,0.525628,-0.150084,0,0.0115846,2,15.1,2.19159,-1.1628,1,0.495893,0.335808,0,0.113472,-0.379674,0,0.00694858,3,15.1,-2.00026,0.77382,1,-0.000532344,-0.357209,0,0.000491738,0.034824,0,0.0114718,4,15.1,-1.00008,-1.99997,1,-0.00397433,9.76026e-05,0,0.0123456,-0.000476837,0,0.0113822,5,15.1,2.99998,-2.2224,1,1.22935e-05,0.0192329,0,1.49012e-05,0.91958,0,0.00702172,6,15.1,-3,2.99326,1,0,0.0551775,0,0,-0.290513,0,0.00642965,7,15.1,-0.99963,0.15024,1,0.00110297,0.466077,0,-0.00188872,-0.162094,0,0.0157321,8,15.1,-1.77281,-0.000276163,1,0.35835,-0.000525038,0,-0.0389218,0.000425411,0,0.0170815,9,15.1,-2.90911,-1.9981,1,0.319492,0.0710579,0,0.546262,-0.423141,0,0.0108107,10,15.1,-2.00492,-1.9021,1,-0.0139542,0.350708,0,0.0675023,0.899479,0,0.0129265,11,15.1,1.00884,0.32066,1,0.039079,0.4601,0,0.0345409,0.252888,0,0.012245,12,15.1,1.9978,-2.06424,1,0.0147687,0.261773,0,-0.0286177,-0.490189,0,0.0107649,13,15.1,2.99974,0.823391,1,-0.00538453,-0.493332,0,-0.0762343,-0.162411,0,0.009308,14,15.1,-2.9835,-3,1,-0.100802,-5.58794e-06,0,0.399709,7.45058e-05,0,0.00584892,15,15.1,1.00352,-1.60778,1,0.00247024,0.5,0,-0.0246167,-7.45058e-06,0,0.0137253,16,15.1,-2.99432,-1.15008,1,-0.0411436,-0.0447739,0,0.198245,-0.956506,0,0.00921865,17,15.1,-1.00778,-1.00001,1,-0.176205,0.000234228,0,0.626862,-0.000726432,0,0.0125941,18,15.1,-3,2.0065,1,0,0.0663973,0,0,-0.312209,0,0.00664752,19,15.1,1.01702,2.17758,1,0.0329951,0.493757,0,-0.2084,0.154674,0,0.0105465,20,15.1,-6.5791e-05,3,1,5.49617e-06,0,0,0.000503794,0,0,0.00520926,21,15.1,-0.00674404,-0.539872,1,0.0880487,-0.5,0,-0.283201,0,0,0.0171311,22,15.1,-2.99999,0.919507,1,-5.1409e-05,-0.294872,0,0.000268221,-0.91343,0,0.00988545,23,15.1,0.999598,-3,1,-0.000300817,0,0,0.00408292,0,0,0.0094291,24,15.1,2.00005,-5.0494e-07,1,-7.0408e-05,6.52551e-07,0,-0.000223517,2.06789e-06,0,0.0135053,25,15.1,0.986,-0.61803,1,0.0193181,0.5,0,0.0477843,7.45058e-06,0,0.0127557,26,15.1,2.01956,1.82076,1,0.00418611,-0.493826,0,-0.139579,-0.153318,0,0.0100587,27,15.1,-0.985819,3,1,0.0249507,0,0,-0.227571,0,0,0.00467885,28,15.1,2.20097,-2.99624,1,0.0237562,0.00111014,0,1.00002,-0.0161231,0,0.00709352,29,15.1,-1.00243,2.01695,1,0.000552833,-0.00294261,0,0.0198036,-0.153378,0,0.00988204,30,15.1,1.99793,3,1,0.00473671,3.09199e-05,0,0.00205636,-7.45058e-05,0,0.00558443,31,15.1,-1.99215,2.99995,1,0.0583209,2.79397e-05,0,-0.295296,0.000193715,0,0.00579808,32,15.1,0.000448991,1.28342,1,-0.00271242,0.5,0,0.00613209,-7.45058e-06,0,0.0132303,33,15.1,-1.21763,1.00059,1,-0.386898,0.0014212,0,0.15644,-0.0063926,0,0.0155656,34,15.1,-2.01421,2,1,-0.0225697,0,0,0.219628,0,0,0.00843318,35,15.1,0.644806,0.964343,1,-0.498019,-0.0596763,0,-0.0523366,0.148315,0,0.0141995
0,15.2,-3,-0.11554,1,1.19209e-05,-0.349053,0,0.000476837,-0.77381,0,0.0112901,1,15.2,0.179957,-1.98204,1,0.480749,-0.00932515,0,0.277169,-0.103295,0,0.00996601,2,15.2,2.24148,-1.13113,1,0.5,0.2974,0,0,-0.386655,0,0.00839867,3,15.2,-2.00031,0.738416,1,-0.000476837,-0.34945,0,0.000238419,0.120431,0,0.0148921,4,15.2,-1.00042,-1.99997,1,-0.00277758,5.36442e-05,0,0.0115037,-0.000476837,0,0.011022,5,15.2,2.99998,-2.21608,1,1.19209e-05,0.104773,0,0.000119209,0.783682,0,0.0064158,6,15.2,-3,2.99745,1,0,0.0298023,0,0,-0.216842,0,0.0066676,7,15.2,-0.999529,0.195972,1,0.000914931,0.447823,0,-0.00169873,-0.206842,0,0.0138891,8,15.2,-1.73732,-0.000326273,1,0.35015,-0.00047817,0,-0.12517,0.000368731,0,0.0165375,9,15.2,-2.87453,-1.99306,1,0.371033,0.0303745,0,0.481367,-0.385821,0,0.0105782,10,15.2,-2.006,-1.86291,1,-0.00782013,0.428757,0,0.0553131,0.640571,0,0.0108605,11,15.2,1.0128,0.367837,1,0.0389963,0.482231,0,-0.0323057,0.181377,0,0.0122641,12,15.2,1.99913,-2.04051,1,0.0118226,0.213104,0,-0.0299215,-0.479817,0,0.0112176,13,15.2,2.99889,0.773588,1,-0.0109792,-0.5,0,-0.0371933,0,0,0.00954158,14,15.2,-2.99171,-3,1,-0.0644684,0,0,0.325561,0,0,0.00520613,15,15.2,1.00365,-1.55778,1,0.00025928,0.500003,0,-0.0196695,-5.96046e-05,0,0.0116187,16,15.2,-2.99752,-1.1592,1,-0.0237644,-0.135627,0,0.149608,-0.848055,0,0.0104545,17,15.2,-1.02237,-0.999989,1,-0.116813,0.000165403,0,0.557363,-0.000685453,0,0.0113017,18,15.2,-3,2.01168,1,0,0.0380695,0,0,-0.254154,0,0.0067454,19,15.2,1.01936,2.2274,1,0.014472,0.5,0,-0.163078,0,0,0.00995905,20,15.2,-6.2973e-05,3,1,4.83986e-05,0,0,0.000355936,0,0,0.00469262,21,15.2,0.000714183,-0.589872,1,0.0618083,-0.5,0,-0.241654,-2.98023e-05,0,0.0168447,22,15.2,-3,0.885723,1,-2.38419e-05,-0.37777,0,0.000238419,-0.73272,0,0.00849446,23,15.2,0.999587,-3,1,5.96046e-05,0,0,0.00309944,0,0,0.00893736,24,15.2,2.00004,-4.31144e-07,1,-8.34465e-05,8.06119e-07,0,-0.000119209,1.03364e-06,0,0.0110542,25,15.2,0.988122,-0.56803,1,0.0226676,0.5,0,0.0202954,2.98023e-05,0,0.0104793,26,15.2,2.01935,1.77094,1,-0.00770688,-0.5,0,-0.0994205,0,0,0.00884971,27,15.2,-0.984365,3,1,0.00507683,0,0,-0.170529,0,0,0.00410917,28,15.2,2.20834,-2.99621,1,0.123751,-0.00038743,0,1.00017,-0.0138283,0,0.00793911,29,15.2,-1.00229,2.01598,1,0.00220239,-0.0156343,0,0.0132918,-0.101566,0,0.00891605,30,15.2,1.99841,3,1,0.00474453,2.38419e-05,0,-0.00160933,-0.000238419,0,0.00500579,31,15.2,-1.98769,2.99995,1,0.0316858,4.17233e-05,0,-0.237465,0.000238419,0,0.00530714,32,15.2,0.000207721,1.33342,1,-0.00212034,0.500003,0,0.0056906,-5.96046e-05,0,0.0146607,33,15.2,-1.25546,1.00071,1,-0.36878,0.000843406,0,0.207305,-0.00506639,0,0.0160649,34,15.2,-2.01546,2,1,-0.00344515,0,0,0.163436,0,0,0.00848822,35,15.2,0.594861,0.959181,1,-0.500001,-0.0430077,0,2.98023e-05,0.181377,0,0.0146377
0,15.3,-3,-0.153979,1,4.65661e-05,-0.416282,0,0.00025332,-0.568227,0,0.0112901,1,15.3,0.229036,-1.98342,1,0.497449,-0.0176914,0,0.0750867,-0.065282,0,0.00996601,2,15.3,2.29148,-1.10332,1,0.5,0.258927,0,0,-0.381425,0,0.00839867,3,15.3,-2.00036,0.704149,1,-0.000410527,-0.335118,0,0.000923872,0.166934,0,0.0148921,4,15.3,-1.00064,-1.99996,1,-0.00169724,1.15484e-05,0,0.0100434,-0.000357628,0,0.011022,5,15.3,2.99998,-2.20202,1,2.16067e-05,0.173071,0,5.96046e-05,0.582621,0,0.0064158,6,15.3,-3,2.99947,1,0,0.0116486,0,0,-0.147298,0,0.0066676,7,15.3,-0.999448,0.239673,1,0.00070082,0.425667,0,-0.00238791,-0.238643,0,0.0138891,8,15.3,-1.703,-0.000370773,1,0.335326,-0.00040082,0,-0.171952,0.00103282,0,0.0165375,9,15.3,-2.83494,-1.99172,1,0.420623,-0.00139475,0,0.481725,-0.254065,0,0.0105782,10,15.3,-2.00653,-1.81738,1,-0.00289977,0.47643,0,0.0433326,0.320882,0,0.0108605,11,15.3,1.01647,0.416787,1,0.0338586,0.495071,0,-0.0680462,0.0797044,0,0.0122641,12,15.3,2.00016,-2.02155,1,0.00886936,0.166468,0,-0.0288412,-0.450283,0,0.0112176,13,15.3,2.99765,0.723588,1,-0.0132147,-0.5,0,-0.00889599,-7.45058e-06,0,0.00954158,14,15.3,-2.99666,-3,1,-0.035841,0,0,0.246942,0,0,0.00520613,15,15.3,1.00455,-1.50778,1,0.0265354,0.5,0,0.504993,-7.45058e-06,0,0.0116187,16,15.3,-2.99923,-1.177,1,-0.0110622,-0.220092,0,0.104234,-0.827625,0,0.0104545,17,15.3,-1.03141,-0.999976,1,-0.0654861,0.000102259,0,0.467822,-0.000573695,0,0.0113017,18,15.3,-3,2.01431,1,0,0.0155769,0,0,-0.196308,0,0.0067454,19,15.3,1.02006,2.2774,1,0.000225753,0.5,0,-0.122771,0,0,0.00995905,20,15.3,-5.65883e-05,3,1,7.70312e-05,0,0,0.000220106,0,0,0.00469262,21,15.3,0.00576192,-0.639757,1,0.0398833,-0.496503,0,-0.197447,0.071343,0,0.0168447,22,15.3,-3,0.844678,1,-2.23517e-06,-0.439172,0,0.000178814,-0.495665,0,0.00849446,23,15.3,0.999607,-3,1,0.000321865,0,0,0.00216067,0,0,0.00893736,24,15.3,2.00003,-3.4686e-07,1,-8.90344e-05,8.65499e-07,0,-1.49012e-05,1.89294e-07,0,0.0110542,25,15.3,0.990454,-0.518084,1,0.0236255,0.498232,0,-0.00018999,-0.0417661,0,0.0104793,26,15.3,2.01814,1.72094,1,-0.0159185,-0.5,0,-0.0658184,0,0,0.00884971,27,15.3,-0.98462,3,1,-0.00929842,0,0,-0.118155,0,0,0.00410917,28,15.3,2.22572,-2.99631,1,0.223644,-0.00161901,0,0.995412,-0.0108182,0,0.00793911,29,15.3,-1.00201,2.01399,1,0.0032397,-0.0235043,0,0.00762194,-0.0572801,0,0.00891605,30,15.3,1.99887,3,1,0.00444017,4.84288e-06,0,-0.00430644,-0.000163913,0,0.00500579,31,15.3,-1.98562,2.99996,1,0.0108136,6.03497e-05,0,-0.180729,0.000149012,0,0.00530714,32,15.3,2.30469e-05,1.38342,1,-0.00158415,0.5,0,0.00503057,-7.45058e-06,0,0.0146607,33,15.3,-1.29127,1.00077,1,-0.347152,0.000362657,0,0.227034,-0.0044331,0,0.0160649,34,15.3,-2.01508,2,1,0.0102777,0,0,0.112191,0,0,0.00848822,35,15.3,0.544861,0.955811,1,-0.5,-0.0242207,0,-3.72529e-06,0.191465,0,0.0146377
0,15.4,-2.99999,-0.198097,1,5.96046e-05,-0.462595,0,0.000119209,-0.35952,0,0.0120851,1,15.4,0.278971,-1.98546,1,0.5,-0.02262,0,0,-0.0343919,0,0.0119641,2,15.4,2.34148,-1.07931,1,0.5,0.221372,0,0,-0.368416,0,0.00868187,3,15.4,-2.00039,0.671553,1,-0.000315905,-0.315982,0,0.000834465,0.215799,0,0.0122976,4,15.4,-1.00076,-1.99996,1,-0.000777841,-2.08616e-05,0,0.00834465,-0.000238419,0,0.0100182,5,15.4,2.99998,-2.18213,1,2.98023e-05,0.221479,0,-0.000119209,0.386715,0,0.00678048,6,15.4,-3,3,1,0,-5.96046e-06,0,0,-0.0882149,0,0.00716198,7,15.4,-0.99939,0.280979,1,0.000472367,0.399727,0,-0.00205636,-0.281438,0,0.0147566,8,15.4,-1.67041,-0.00040559,1,0.315702,-0.000297408,0,-0.220597,0.000922868,0,0.017582,9,15.4,-2.79065,-1.99295,1,0.463015,-0.0212967,0,0.351191,-0.148058,0,0.00891461,10,15.4,-2.00662,-1.76858,1,0.00089407,0.495735,0,0.0327826,0.0853539,0,0.0121996,11,15.4,1.01948,0.466564,1,0.0258416,0.499342,0,-0.0901818,0.0131571,0,0.0122034,12,15.4,2.00091,-2.00709,1,0.00609756,0.123501,0,-0.026226,-0.406981,0,0.0106294,13,15.4,2.99632,0.673588,1,-0.0130117,-0.5,0,0.0115633,-2.98023e-05,0,0.00778028,14,15.4,-2.99913,-3,1,-0.0149786,0,0,0.171304,0,0,0.00557741,15,15.4,1.01032,-1.45778,1,0.0938624,0.500003,0,0.807703,-5.96046e-05,0,0.0123639,16,15.4,-2.99989,-1.20302,1,-0.00284314,-0.298724,0,0.0612736,-0.73421,0,0.00813376,17,15.4,-1.03578,-0.999969,1,-0.0234336,5.06639e-05,0,0.372887,-0.000447035,0,0.0108777,18,15.4,-3,2.01498,1,0,-0.0013411,0,0,-0.142932,0,0.00678412,19,15.4,1.01953,2.3274,1,-0.0102639,0.5,0,-0.0879169,0,0,0.00851781,20,15.4,-4.79853e-05,3,1,9.31078e-05,0,0,0.000104912,0,0,0.00439396,21,15.4,0.00883213,-0.688923,1,0.0221967,-0.48553,0,-0.156906,0.148773,0,0.0116075,22,15.4,-3,0.798663,1,5.96046e-06,-0.477456,0,0.000238419,-0.275195,0,0.00883858,23,15.4,0.999648,-3,1,0.000494719,0,0,0.0013411,0,0,0.0084119,24,15.4,2.00002,-2.60513e-07,1,-8.9407e-05,8.50758e-07,0,0.000119209,-4.51635e-07,0,0.0105264,25,15.4,0.992788,-0.468582,1,0.0228092,0.49058,0,-0.0153482,-0.115573,0,0.0159696,26,15.4,2.01627,1.67094,1,-0.0210643,-0.500003,0,-0.0380278,5.96046e-05,0,0.0103,27,15.4,-0.986063,3,1,-0.0187948,0,0,-0.0730157,0,0,0.0046073,28,15.4,2.25302,-2.99652,1,0.321919,-0.002563,0,0.963211,-0.00786781,0,0.00718923,29,15.4,-1.00166,2.01141,1,0.00375807,-0.0273824,0,0.00303984,-0.0214577,0,0.00885161,30,15.4,1.99929,3,1,0.00391304,-5.96046e-06,0,-0.00602007,-0.000119209,0,0.00602639,31,15.4,-1.98535,2.99996,1,-0.00462532,7.15256e-05,0,-0.128984,0,0,0.00597533,32,15.4,-0.00011133,1.43342,1,-0.00111455,0.500003,0,0.00436072,-5.96046e-05,0,0.0141058,33,15.4,-1.32481,1.00078,1,-0.323093,-2.38419e-05,0,0.255108,-0.00321865,0,0.0150398,34,15.4,-2.01357,2,1,0.0192404,0,0,0.0681877,0,0,0.0079509,35,15.4,0.494861,0.954343,1,-0.5,-0.00524223,0,1.43051e-05,0.185728,0,0.013407
0,15.5,-2.99998,-0.245804,1,6.48201e-05,-0.4883,0,0,-0.165008,0,0.0120851,1,15.5,0.328972,-1.98785,1,0.5,-0.0248238,0,-3.57628e-06,-0.0106692,0,0.0119641,2,15.5,2.39148,-1.05898,1,0.5,0.185623,0,0,-0.345841,0,0.00868187,3,15.5,-2.00042,0.641005,1,-0.000201911,-0.29513,0,0.0013113,0.206206,0,0.0122976,4,15.5,-1.0008,-1.99997,1,-3.81842e-05,-4.02331e-05,0,0.00644475,-0.000149012,0,0.0100182,5,15.5,2.99999,-2.15836,1,2.01166e-05,0.251026,0,-5.96046e-05,0.206262,0,0.00678048,6,15.5,-3,2.99964,1,0,-0.00654869,0,0,-0.0448078,0,0.00716198,7,15.5,-0.999353,0.31953,1,0.000247359,0.371103,0,-0.00230968,-0.292739,0,0.0147566,8,15.5,-1.63991,-0.00042968,1,0.294389,-0.000177391,0,-0.210553,0.00134675,0,0.017582,9,15.5,-2.74289,-1.99567,1,0.489099,-0.0319246,0,0.170961,-0.0679493,0,0.00891461,10,15.5,-2.00638,-1.71874,1,0.00369884,0.499734,0,0.0235587,0.0106469,0,0.0121996,11,15.5,1.02159,0.516538,1,0.0162916,0.499959,0,-0.0991449,0.00164673,0,0.0122034,12,15.5,2.00139,-1.99669,1,0.00365376,0.0854673,0,-0.0225604,-0.352703,0,0.0106294,13,15.5,2.9951,0.623588,1,-0.0112697,-0.5,0,0.0225306,0,0,0.00778028,14,15.5,-2.99989,-3,1,-0.00126064,0,0,0.105292,0,0,0.00557741,15,15.5,1.02412,-1.40794,1,0.184849,0.495281,0,0.975966,-0.0920296,0,0.0123639,16,15.5,-2.99991,-1.23657,1,0.00200458,-0.371745,0,0.036642,-0.697285,0,0.00813376,17,15.5,-1.03642,-0.999966,1,0.00898689,1.1269e-05,0,0.27664,-0.000339001,0,0.0108777,18,15.5,-3,2.01421,1,0,-0.0131711,0,0,-0.0948906,0,0.00678412,19,15.5,1.01812,2.3774,1,-0.0174677,0.5,0,-0.0571087,0,0,0.00851781,20,15.5,-3.83156e-05,3,1,9.87329e-05,0,0,1.16052e-05,0,0,0.00439396,21,15.5,0.0103299,-0.736607,1,0.00837026,-0.466867,0,-0.120246,0.224728,0,0.0116075,22,15.5,-3,0.749857,1,2.34693e-05,-0.495744,0,0.00013411,-0.100289,0,0.00883858,23,15.5,0.999703,-3,1,0.00059139,0,0,0.000618398,0,0,0.0084119,24,15.5,2.00001,-1.78512e-07,1,-7.59959e-05,7.81866e-07,0,0.000149012,-8.95615e-07,0,0.0105264,25,15.5,0.994974,-0.420829,1,0.0207288,0.457924,0,-0.0257194,-0.509376,0,0.0159696,26,15.5,2.01401,1.62094,1,-0.0237141,-0.5,0,-0.0158399,7.45058e-06,0,0.0103,27,15.5,-0.988241,3,1,-0.0241501,0,0,-0.0354946,0,0,0.0046073,28,15.5,2.28963,-2.99681,1,0.40606,-0.00320747,0,0.709236,-0.0050962,0,0.00718923,29,15.5,-1.00128,2.00862,1,0.00387188,-0.0281017,0,-0.000573695,0.00570714,0,0.00885161,30,15.5,1.99965,3,1,0.00326112,-1.41561e-05,0,-0.00689924,-2.98023e-05,0,0.00602639,31,15.5,-1.98638,2.99997,1,-0.0151668,6.96629e-05,0,-0.0831187,-4.47035e-05,0,0.00597533,32,15.5,-0.000202126,1.48342,1,-0.000712776,0.5,0,0.00367694,-7.45058e-06,0,0.0141058,33,15.5,-1.3559,1.00076,1,-0.299144,-0.000325404,0,0.229657,-0.00270456,0,0.0150398,34,15.5,-2.01137,2,1,0.0241742,0,0,0.0318885,0,0,0.0079509,35,15.5,0.444861,0.954702,1,-0.499986,0.0119685,0,0.000569895,0.157904,0,0.013407
0,15.6,-2.99998,-0.29522,1,5.96046e-05,-0.497948,0,0,-0.0410521,0,0.00877318,1,15.6,0.378972,-1.99035,1,0.5,-0.0249386,0,1.43051e-05,0.00751019,0,0.010327,2,15.6,2.44148,-1.04211,1,0.5,0.152338,0,0,-0.319362,0,0.006712,3,15.6,-2.00043,0.612539,1,-8.34465e-05,-0.273934,0,0.00119209,0.220895,0,0.0101127,4,15.6,-1.00077,-1.99997,1,0.00051558,-5.36442e-05,0,0.00458956,-5.96046e-05,0,0.011289,5,15.6,2.99999,-2.13251,1,1.19209e-05,0.263244,0,0,0.0412464,0,0.0068624,6,15.6,-3,2.99881,1,0,-0.00936985,0,0,-0.0134706,0,0.00718218,7,15.6,-0.99934,0.355147,1,3.57628e-05,0.340916,0,-0.00184774,-0.311941,0,0.0136642,8,15.6,-1.61154,-0.000440875,1,0.272799,-5.09106e-05,0,-0.224352,0.00108505,0,0.0155748,9,15.6,-2.69339,-1.9991,1,0.498509,-0.0355393,0,0.0298023,-0.00733137,0,0.0097968,10,15.6,-2.00591,-1.66875,1,0.00564456,0.500003,0,0.0156164,-5.96046e-05,0,0.0104624,11,15.6,1.02272,0.566537,1,0.00632107,0.5,0,-0.0989437,2.98023e-05,0,0.0124363,12,15.6,2.00165,-1.98981,1,0.00160933,0.0531018,0,-0.0185966,-0.29397,0,0.0105488,13,15.6,2.9941,0.573588,1,-0.00864863,-0.5,0,0.0292063,-2.98023e-05,0,0.00771148,14,15.6,-2.99958,-3,1,0.00658035,0,0,0.0544786,0,0,0.00649077,15,15.6,1.04755,-1.35901,1,0.284249,0.482056,0,0.999987,-0.170231,0,0.0107734,16,15.6,-2.99956,-1.27699,1,0.00466704,-0.433719,0,0.0175238,-0.526607,0,0.00732386,17,15.6,-1.03429,-0.999966,1,0.0321537,-1.78814e-05,0,0.188172,-0.000238419,0,0.0103279,18,15.6,-3,2.01249,1,0,-0.0205755,0,0,-0.054121,0,0.00653994,19,15.6,1.01613,2.4274,1,-0.021866,0.5,0,-0.0317097,0,0,0.00695274,20,15.6,-2.85105e-05,3,1,9.61978e-05,0,0,-5.86333e-05,0,0,0.00460165,21,15.6,0.0106221,-0.782043,1,-0.00197992,-0.440618,0,-0.0874069,0.299692,0,0.0125532,22,15.6,-2.99999,0.699985,1,2.98023e-05,-0.5,0,0.000119209,-2.98023e-05,0,0.0111182,23,15.6,0.999764,-3,1,0.000621378,0,0,5.96046e-05,0,0,0.00907671,24,15.6,2,-1.05326e-07,1,-5.96046e-05,6.77313e-07,0,0.000119209,-1.16926e-06,0,0.0119144,25,15.6,0.996905,-0.37804,1,0.0177667,0.393881,0,-0.033021,-0.747874,0,0.0166648,26,15.6,2.01159,1.57094,1,-0.0243902,-0.500003,0,0.00154972,5.96046e-05,0,0.00895438,27,15.6,-0.990781,3,1,-0.0261635,0,0,-0.00607967,0,0,0.00430212,28,15.6,2.33331,-2.99716,1,0.462729,-0.00359416,0,0.423908,-0.00274181,0,0.00751669,29,15.6,-1.0009,2.00587,1,0.00367463,-0.0265062,0,-0.00315905,0.025034,0,0.0093076,30,15.6,1.99994,3,1,0.00255406,-1.78814e-05,0,-0.00709295,0,0,0.00662777,31,15.6,-1.98824,2.99998,1,-0.0215024,5.96046e-05,0,-0.0447631,0,0,0.00538842,32,15.6,-0.000256139,1.53342,1,-0.00037857,0.500003,0,0.00301104,-5.96046e-05,0,0.0128843,33,15.6,-1.38467,1.00072,1,-0.276202,-0.000545382,0,0.233054,-0.00166893,0,0.0148906,34,15.6,-2.00884,2,1,0.0258863,0,0,0.00345707,0,0,0.00799132,35,15.6,0.39487,0.956639,1,-0.499772,0.0262424,0,0.00455976,0.127256,0,0.0121407
0,15.7,-2.99997,-0.34514,1,5.51343e-05,-0.499872,0,-5.96046e-05,-0.00512794,0,0.00877318,1,15.7,0.428971,-1.99279,1,0.5,-0.0235582,0,-1.78814e-06,0.0194386,0,0.010327,2,15.7,2.49148,-1.02842,1,0.5,0.121932,0,0,-0.288397,0,0.006712,3,15.7,-2.00044,0.586192,1,4.47035e-05,-0.253466,0,0.0012815,0.193812,0,0.0101127,4,15.7,-1.0007,-1.99998,1,0.000888668,-5.69969e-05,0,0.00291318,-1.49012e-05,0,0.011289,5,15.7,2.99999,-2.10623,1,1.19209e-05,0.259927,0,0,-0.101998,0,0.0068624,6,15.7,-3,2.99785,1,0,-0.00962168,0,0,0.00700355,0,0.00718218,7,15.7,-0.999346,0.387758,1,-0.000157487,0.311933,0,-0.00188872,-0.273883,0,0.0136642,8,15.7,-1.58533,-0.000440112,1,0.252043,6.78206e-05,0,-0.196099,0.00118755,0,0.0155748,9,15.7,-2.64345,-2.00262,1,0.499906,-0.0343123,0,0.00372529,0.02978,0,0.0097968,10,15.7,-2.00528,-1.61875,1,0.00684969,0.5,0,0.00868738,-7.45058e-06,0,0.0104624,11,15.7,1.02288,0.616473,1,-0.00295322,0.497968,0,-0.0861362,-0.0441186,0,0.0124363,12,15.7,2.00173,-1.98587,1,-2.6077e-05,0.0267554,0,-0.0141263,-0.233322,0,0.0105488,13,15.7,2.99339,0.523588,1,-0.00556633,-0.5,0,0.0319183,2.08616e-06,0,0.00771148,14,15.7,-2.99872,-3,1,0.0101332,0,0,0.0186414,0,0,0.00649077,15,15.7,1.08073,-1.31178,1,0.376084,0.461149,0,0.814565,-0.24496,0,0.0107734,16,15.7,-2.99903,-1.32261,1,0.00574999,-0.474746,0,0.00475347,-0.29707,0,0.00732386,17,15.7,-1.03027,-0.999969,1,0.0469284,-3.7346e-05,0,0.109591,-0.000152737,0,0.0103279,18,15.7,-3,2.01022,1,0,-0.0242792,0,0,-0.0212789,0,0.00653994,19,15.7,1.01382,2.4774,1,-0.0239965,0.5,0,-0.0116527,0,0,0.00695274,20,15.7,-1.92725e-05,3,1,8.77633e-05,0,0,-0.00010663,0,0,0.00460165,21,15.7,0.0100388,-0.824463,1,-0.0091905,-0.406446,0,-0.0576787,0.379812,0,0.0125532,22,15.7,-2.99999,0.649985,1,3.68804e-05,-0.5,0,4.47035e-05,0,0,0.0111182,23,15.7,0.999826,-3,1,0.00060387,0,0,-0.00037998,0,0,0.00907671,24,15.7,2,-4.36911e-08,1,-4.69387e-05,5.53409e-07,0,0.00013411,-1.28798e-06,0,0.0119144,25,15.7,0.998466,-0.34288,1,0.0130011,0.305699,0,-0.060074,-0.968484,0,0.0166648,26,15.7,2.00918,1.52094,1,-0.023574,-0.5,0,0.0141412,7.45058e-06,0,0.00895438,27,15.7,-0.993389,3,1,-0.0256324,0,0,0.01546,0,0,0.00430212,28,15.7,2.38123,-2.99753,1,0.491335,-0.00375807,0,0.16436,-0.000596046,0,0.00751669,29,15.7,-1.00055,2.00337,1,0.00326708,-0.0233494,0,-0.00484288,0.0370741,0,0.0093076,30,15.7,2.00016,2.99999,1,0.00185836,-1.60187e-05,0,-0.00674278,4.47035e-05,0,0.00662777,31,15.7,-1.99056,2.99998,1,-0.0243841,5.58794e-05,0,-0.0141934,-8.9407e-05,0,0.00538842,32,15.7,-0.000280128,1.58342,1,-0.000112762,0.499746,0,0.00231809,-0.00837445,0,0.0128843,33,15.7,-1.4112,1.00066,1,-0.254928,-0.000690669,0,0.198297,-0.00116229,0,0.0148906,34,15.7,-2.00627,2,1,0.0251468,0,0,-0.0170618,0,0,0.00799132,35,15.7,0.344974,0.959846,1,-0.497388,0.0373706,0,0.0491645,0.095129,0,0.0121407
0,15.8,-2.99997,-0.395138,1,4.17233e-05,-0.5,0,0,1.43051e-05,0,0.00873957,1,15.8,0.478972,-1.99503,1,0.5,-0.0211746,0,-1.43051e-05,0.0277162,0,0.00990484,2,15.8,2.54148,-1.01761,1,0.5,0.0947118,0,0,-0.255823,0,0.00771759,3,15.8,-2.00043,0.561805,1,0.000149012,-0.234279,0,0.000953674,0.193477,0,0.0152239,4,15.8,-1.0006,-1.99998,1,0.00110567,-5.66244e-05,0,0.00149012,5.96046e-05,0,0.00935109,5,15.8,2.99999,-2.08094,1,1.19209e-05,0.243944,0,0,-0.212073,0,0.00720693,6,15.8,-3,2.99694,1,0,-0.00824332,0,0,0.0196695,0,0.00699393,7,15.8,-0.99937,0.417604,1,-0.000321865,0.28511,0,-0.0013113,-0.266746,0,0.0132333,8,15.8,-1.56109,-0.000427916,1,0.232688,0.000168943,0,-0.194669,0.000760352,0,0.0162132,9,15.8,-2.59345,-2.00586,1,0.5,-0.0299752,0,0,0.0553131,0,0.00813727,10,15.8,-2.00456,-1.56875,1,0.0074327,0.500003,0,0.00309944,-5.96046e-05,0,0.0100955,11,15.8,1.02218,0.665952,1,-0.0108331,0.490589,0,-0.0712276,-0.105858,0,0.0107574,12,15.8,2.00166,-1.98426,1,-0.00122786,0.00633597,0,-0.0100136,-0.175714,0,0.00942045,13,15.8,2.99299,0.473588,1,-0.0023663,-0.5,0,0.0315905,1.43051e-05,0,0.00902653,14,15.8,-2.99766,-3,1,0.0106871,0,0,-0.00596046,0,0,0.00665157,15,15.8,1.12197,-1.267,1,0.444126,0.433624,0,0.53817,-0.302732,0,0.0129892,16,15.8,-2.99844,-1.37123,1,0.00573397,-0.494531,0,-0.00452995,-0.109375,0,0.00792969,17,15.8,-1.02515,-0.999973,1,0.0545263,-4.91738e-05,0,0.0445843,-5.96046e-05,0,0.0107524,18,15.8,-3,2.00773,1,0,-0.0250936,0,0,0.00369549,0,0.00685802,19,15.8,1.01139,2.5274,1,-0.0243425,0.5,0,0.00405312,0,0,0.00738651,20,15.8,-1.1085e-05,3,1,7.55063e-05,0,0,-0.000135591,0,0,0.00492193,21,15.8,0.00887447,-0.863104,1,-0.0136852,-0.365426,0,-0.0330356,0.436842,0,0.0127467,22,15.8,-2.99999,0.599985,1,3.57628e-05,-0.5,0,0,-2.98023e-05,0,0.0087502,23,15.8,0.999884,-3,1,0.000548363,0,0,-0.000655651,0,0,0.00916114,24,15.8,2,5.15741e-09,1,-3.27826e-05,4.23461e-07,0,5.96046e-05,-1.2944e-06,0,0.013796,25,15.8,0.999436,-0.317247,1,0.00616759,0.206487,0,-0.074625,-0.999987,0,0.0205608,26,15.8,2.00691,1.47094,1,-0.0216901,-0.500003,0,0.0230074,5.96046e-05,0,0.00883205,27,15.8,-0.995848,3,1,-0.0233009,0,0,0.0300407,0,0,0.00452423,28,15.8,2.43089,-2.9979,1,0.499266,-0.00373125,0,0.0146627,0.00107288,0,0.00638424,29,15.8,-1.00025,2.00123,1,0.00272989,-0.0192821,0,-0.00578165,0.0433922,0,0.00902697,30,15.8,2.00031,2.99999,1,0.00120997,-1.78814e-05,0,-0.00596046,0.000238419,0,0.00540101,31,15.8,-1.99303,2.99999,1,-0.0245929,5.36442e-05,0,0.00876188,-0.000238419,0,0.00658,32,15.8,-0.000280872,1.6333,1,8.76287e-05,0.497362,0,0.00170257,-0.0456572,0,0.013258,33,15.8,-1.43572,1.00058,1,-0.235555,-0.00076592,0,0.193238,-0.000298023,0,0.0160316,34,15.8,-2.00387,2,1,0.0227034,0,0,-0.0308752,0,0,0.00847185,35,15.8,0.295596,0.964005,1,-0.488933,0.0452578,0,0.123918,0.0626147,0,0.0126471
0,15.9,-2.99996,-0.445138,1,3.7998e-05,-0.5,0,-8.9407e-05,0,0,0.00873957,1,15.9,0.528971,-1.997,1,0.5,-0.0181532,0,5.66244e-06,0.0322387,0,0.00990484,2,15.9,2.59146,-1.00936,1,0.499389,0.0709418,0,-0.0180006,-0.219792,0,0.00771759,3,15.9,-2.00041,0.539246,1,0.000242516,-0.217685,0,0.000819564,0.145361,0,0.0152239,4,15.9,-1.00049,-1.99999,1,0.00119321,-4.97326e-05,0,0.000312924,8.19564e-05,0,0.00935109,5,15.9,2.99999,-2.05775,1,1.19209e-05,0.218616,0,0,-0.288755,0,0.00720693,6,15.9,-3,2.99571,1,0,-0.0209276,0,0,-0.246629,0,0.00699393,7,15.9,-0.999409,0.444887,1,-0.000448059,0.261419,0,-0.00112131,-0.214152,0,0.0132333,8,15.9,-1.53869,-0.000407075,1,0.216044,0.000246984,0,-0.145227,0.000709131,0,0.0162132,9,15.9,-2.54345,-2.00855,1,0.5,-0.0236738,0,0,0.0692457,0,0.00813727,10,15.9,-2.00381,-1.51875,1,0.00751875,0.5,0,-0.00120699,-7.45058e-06,0,0.0100955,11,15.9,1.02078,0.714805,1,-0.0168024,0.48896,0,-0.0487641,0.0443868,0,0.0107574,12,15.9,2.00149,-1.98441,1,-0.00203289,-0.00851974,0,-0.00618398,-0.122562,0,0.00942045,13,15.9,2.9929,0.423591,1,0.000597537,-0.499893,0,0.0275373,0.00428773,0,0.00902653,14,15.9,-2.99664,-3,1,0.00930615,0,0,-0.0203699,0,0,0.00665157,15,15.9,1.16858,-1.22523,1,0.483384,0.40108,0,0.253774,-0.345632,0,0.0129892,16,15.9,-2.9979,-1.42101,1,0.00501238,-0.499658,0,-0.00955164,-0.0136718,0,0.00792969,17,15.9,-1.01956,-0.999978,1,0.0563094,-5.25266e-05,0,-0.00650436,-7.45058e-06,0,0.0107524,18,15.9,-2.99948,2.00527,1,0.0149697,-0.0237796,0,0.271857,0.0214428,0,0.00685802,19,15.9,1.009,2.5774,1,-0.0233274,0.499859,0,0.0156462,-0.00545382,0,0.00738651,20,15.9,-0.000526726,3,1,-0.0149095,0,0,-0.272012,0,0,0.00492193,21,15.9,0.00737504,-0.897403,1,-0.0159791,-0.320025,0,-0.0135743,0.468001,0,0.0127467,22,15.9,-2.99998,0.549985,1,3.35276e-05,-0.5,0,-5.96046e-05,0,0,0.0087502,23,15.9,0.999935,-3,1,0.000472367,0,0,-0.000841916,0,0,0.00916114,24,15.9,1.99999,4.11533e-08,1,-2.58908e-05,2.97948e-07,0,8.19564e-05,-1.20527e-06,0,0.013796,25,15.9,0.999731,-0.301598,1,0.000201911,0.106487,0,-0.0458509,-0.999998,0,0.0205608,26,15.9,2.00487,1.42094,1,-0.0191156,-0.499881,0,0.0280291,0.00475347,0,0.00883205,27,15.9,-0.998535,3,1,-0.0348189,0,0,-0.233728,0,0,0.00452423,28,15.9,2.48086,-2.99827,1,0.499954,-0.00355653,0,0.00183284,0.00236928,0,0.00638424,29,15.9,-0.999481,1.99952,1,0.0171142,-0.0148494,0,0.265986,0.044629,0,0.00902697,30,15.9,2.0004,2.99999,1,0.000657514,1.11759e-06,0,-0.0050813,0.000163913,0,0.00540101,31,15.9,-1.99594,2.99999,1,-0.0378575,3.35276e-05,0,-0.247553,-0.000149012,0,0.00658,32,15.9,-0.000264578,1.68293,1,0.000228824,0.496208,0,0.00113777,0.0127405,0,0.013258,33,15.9,-1.45841,1.00051,1,-0.219127,-0.000782311,0,0.142582,4.47035e-05,0,0.0160316,34,15.9,-2.00124,2,1,0.0341611,0,0,0.23333,0,0,0.00847185,35,15.9,0.247519,0.968784,1,-0.470714,0.0497633,0,0.237923,0.0283755,0,0.0126471
0,16,-2.99996,-0.495138,1,2.98023e-05,-0.5,0,-0.000119209,-2.98023e-05,0,0.00952654,1,16,0.578972,-1.99865,1,0.5,-0.0148147,0,2.98023e-05,0.0342131,0,0.0099114,2,16,2.64124,-1.00331,1,0.495362,0.0507057,0,-0.0669956,-0.185192,0,0.00711549,3,16,-2.00038,0.518172,1,0.000303984,-0.204019,0,0.000119209,0.132918,0,0.0152616,4,16,-1.00037,-1.99999,1,0.00117719,-4.17233e-05,0,-0.000536442,5.96046e-05,0,0.00904035,5,16,2.99999,-2.03742,1,1.19209e-05,0.187266,0,0,-0.333071,0,0.00584624,6,16,-3,2.99212,1,0,-0.0528097,0,0,-0.370026,0,0.00731321,7,16,-0.999458,0.469998,1,-0.000527501,0.241073,0,-0.000476837,-0.197783,0,0.018138,8,16,-1.51778,-0.000379535,1,0.202444,0.000295071,0,-0.131786,0.000186934,0,0.0199621,9,16,-2.49345,-2.01056,1,0.5,-0.0163972,0,0,0.0748634,0,0.00892929,10,16,-2.00307,-1.46875,1,0.00723004,0.500003,0,-0.00452995,-5.96046e-05,0,0.00939001,11,16,1.01889,0.763991,1,-0.0207007,0.494999,0,-0.0298023,0.0605881,0,0.0119042,12,16,2.00126,-1.9858,1,-0.00248551,-0.0184149,0,-0.00286102,-0.076592,0,0.00957378,13,16,2.99309,0.373657,1,0.00311732,-0.498285,0,0.022769,0.0343025,0,0.0107446,14,16,-2.99583,-3,1,0.00684261,0,0,-0.027895,0,0,0.00664122,15,16,1.2178,-1.1869,1,0.497541,0.364977,0,0.0491738,-0.374198,0,0.0122603,16,16,-2.99746,-1.47101,1,0.00388622,-0.500003,0,-0.0126362,5.96046e-05,0,0.00793857,17,16,-1.01403,-0.999984,1,0.0536859,-5.21541e-05,0,-0.0439286,5.96046e-05,0,0.0103039,18,16,-2.99636,2.00302,1,0.0494659,-0.0210166,0,0.39649,0.033021,0,0.00888468,19,16,1.00676,2.62732,1,-0.0213295,0.497878,0,0.0237226,-0.0418425,0,0.00613689,20,16,-0.00363981,3,1,-0.0494201,0,0,-0.396685,0,0,0.00459106,21,16,0.00573634,-0.927037,1,-0.0165413,-0.272447,0,0.00164751,0.480592,0,0.0151133,22,16,-2.99998,0.499985,1,2.38419e-05,-0.5,0,0,1.43051e-05,0,0.00839174,23,16,0.999978,-3,1,0.00038296,0,0,-0.000923872,0,0,0.0111935,24,16,1.99999,6.51415e-08,1,-1.78814e-05,1.84206e-07,0,0.000119209,-1.06216e-06,0,0.00978132,25,16,0.999561,-0.295949,1,-0.00322461,0.00648722,0,-0.0236332,-0.999987,0,0.0164358,26,16,2.0031,1.37102,1,-0.0161648,-0.498098,0,0.0306368,0.0379682,0,0.00892716,27,16,-1.00344,3,1,-0.0652999,0,0,-0.355124,0,0,0.00443104,28,16,2.53086,-2.99861,1,0.5,-0.00326633,0,0,0.00321865,0,0.00547955,29,16,-0.996178,1.99826,1,0.051035,-0.0104666,0,0.390947,0.0426173,0,0.0133471,30,16,2.00045,2.99999,1,0.000196695,5.96046e-06,0,-0.00405312,0.000238419,0,0.00547331,31,16,-2.00121,3,1,-0.0693917,1.78814e-05,0,-0.362635,-0.000119209,0,0.00663421,32,16,-0.000236828,1.73265,1,0.000318358,0.498274,0,0.000668202,0.0221729,0,0.0122125,33,16,-1.47964,1.00043,1,-0.205797,-0.000745058,0,0.129104,0.000715256,0,0.0148131,34,16,-1.99641,2,1,0.0646204,0,0,0.355065,0,0,0.0100955,35,16,0.201807,0.973852,1,-0.441892,0.051108,0,0.335634,-0.000596046,0,0.0113789
0,16.1,-2.99996,-0.545138,1,1.63913e-05,-0.5,0,-0.000149012,0,0,0.00952654,1,16.1,0.62888,-1.99997,1,0.497187,-0.0114473,0,-0.0586286,0.0329241,0,0.0099114,2,16.1,2.69033,-0.999108,1,0.485367,0.0338538,0,-0.136077,-0.152178,0,0.00711549,3,16.1,-2.00035,0.498289,1,0.000320375,-0.194824,0,8.9407e-05,0.0609364,0,0.0152616,4,16.1,-1.00025,-2,1,0.00108872,-3.50177e-05,0,-0.00118464,7.45058e-05,0,0.00904035,5,16.1,3,-2.02039,1,1.19209e-05,0.153014,0,0,-0.347778,0,0.00584624,6,16.1,-3,2.98474,1,0,-0.0967544,0,0,-0.489697,0,0.00731321,7,16.1,-0.999513,0.493268,1,-0.000568852,0.225593,0,-0.00025332,-0.121659,0,0.018138,8,16.1,-1.49805,-0.000348918,1,0.193416,0.000316387,0,-0.0588149,0.000137647,0,0.0199621,9,16.1,-2.44345,-2.01183,1,0.499979,-0.00911728,0,-0.000804663,0.0702143,0,0.00892929,10,16.1,-2.00237,-1.41875,1,0.00665747,0.499818,0,-0.00678003,-0.0064671,0,0.00939001,11,16.1,1.01669,0.813733,1,-0.0228545,0.499194,0,-0.0138059,0.0223666,0,0.0119042,12,16.1,2.00101,-1.98796,1,-0.00263825,-0.0240849,0,-0.000298023,-0.038214,0,0.00957378,13,16.1,2.99351,0.324087,1,0.0051342,-0.492147,0,0.017494,0.0926908,0,0.0107446,14,16.1,-2.99529,-3,1,0.003938,0,0,-0.0295192,0,0,0.00664122,15,16.1,1.2677,-1.1523,1,0.499846,0.326719,0,0.00614673,-0.388995,0,0.0122603,16,16.1,-2.99713,-1.52101,1,0.00254475,-0.5,0,-0.0139326,7.45058e-06,0,0.00793857,17,16.1,-1.00893,-0.999988,1,0.0479821,-4.57279e-05,0,-0.0682175,7.07805e-05,0,0.0103039,18,16.1,-2.98899,2.0011,1,0.10167,-0.0174234,0,0.618815,0.0381991,0,0.00888468,19,16.1,1.00475,2.6768,1,-0.0186959,0.490646,0,0.0284985,-0.106826,0,0.00613689,20,16.1,-0.0110082,3,1,-0.101643,0,0,-0.618989,0,0,0.00459106,21,16.1,0.00411055,-0.951881,1,-0.0157901,-0.224543,0,0.0127137,0.474256,0,0.0151133,22,16.1,-2.99998,0.449985,1,2.16067e-05,-0.5,0,-5.96046e-05,0,0,0.00839174,23,16.1,1.00001,-3,1,0.000290107,0,0,-0.000920147,0,0,0.0111935,24,16.1,1.99999,7.85509e-08,1,-6.89179e-06,8.70435e-08,0,9.68575e-05,-8.78659e-07,0,0.00978132,25,16.1,0.999146,-0.3003,1,-0.00485145,-0.0935122,0,-0.00954419,-0.999998,0,0.0164358,26,16.1,2.00164,1.32149,1,-0.0130694,-0.491496,0,0.0309795,0.0980869,0,0.00892716,27,16.1,-1.01219,3,1,-0.113415,0,0,-0.578776,0,0,0.00443104,28,16.1,2.58085,-2.99892,1,0.499741,-0.00290759,0,-0.00862777,0.0038892,0,0.00547955,29,16.1,-0.988871,1.99742,1,0.0970871,-0.00648201,0,0.510547,0.0368655,0,0.0133471,30,16.1,2.00045,2.99999,1,-0.000157207,1.9744e-05,0,-0.00303984,4.47035e-05,0,0.00547331,31,16.1,-2.01019,3,1,-0.112227,7.82311e-06,0,-0.475287,-7.45058e-05,0,0.00663421,32,16.1,-0.000202086,1.78256,1,0.000375002,0.499737,0,0.000576515,0.00739843,0,0.0122125,33,16.1,-1.49972,1.00036,1,-0.196972,-0.000672787,0,0.0574663,0.000819564,0,0.0148131,34,16.1,-1.98772,2,1,0.112759,0,0,0.57926,0,0,0.0100955,35,16.1,0.159454,0.978916,1,-0.403713,0.0497604,0,0.42271,-0.0252202,0,0.0113789
0,16.2,-2.99996,-0.595138,1,0,-0.5,0,-0.000119209,-2.98023e-05,0,0.00882037,1,16.2,0.678192,-2.00095,1,0.487894,-0.00826716,0,-0.128716,0.0305176,0,0.00919437,2,16.2,2.73806,-0.996431,1,0.46767,0.0201985,0,-0.219464,-0.121325,0,0.00649633,3,16.2,-2.00032,0.479059,1,0.000303984,-0.19011,0,-0.000476837,0.0406206,0,0.0141849,4,16.2,-1.00015,-2,1,0.000947714,-2.68221e-05,0,-0.00154972,5.96046e-05,0,0.0101061,5,16.2,3,-2.00683,1,5.96046e-06,0.118464,0,0.000119209,-0.339866,0,0.00739338,6,16.2,-3,2.97255,1,0,-0.147307,0,0,-0.506163,0,0.00644657,7,16.2,-0.99957,0.515279,1,-0.000561774,0.21504,0,0.000447035,-0.0966489,0,0.0173733,8,16.2,-1.47895,-0.000317363,1,0.188944,0.000305089,0,-0.0379086,-0.000436979,0,0.0173895,9,16.2,-2.39347,-2.0124,1,0.499672,-0.00245571,0,-0.0064373,0.0627041,0,0.00994575,10,16.2,-2.00174,-1.36884,1,0.00590086,0.497746,0,-0.00822544,-0.0418425,0,0.00926336,11,16.2,1.01436,0.863712,1,-0.0235647,0.5,0,-0.000953674,2.98023e-05,0,0.0149848,12,16.2,2.00074,-1.9905,1,-0.00257492,-0.0263304,0,0.00178814,-0.00804663,0,0.00907928,13,16.2,2.9941,0.27546,1,0.00661612,-0.479068,0,0.0119209,0.17146,0,0.0103522,14,16.2,-2.99504,-3,1,0.00104904,0,0,-0.0275373,0,0,0.00870866,15,16.2,1.3177,-1.12159,1,0.500003,0.287554,0,-5.96046e-05,-0.392616,0,0.0102362,16,16.2,-2.99695,-1.57101,1,0.00113845,-0.500003,0,-0.0138283,5.96046e-05,0,0.00824401,17,16.2,-1.0045,-0.999993,1,0.040397,-3.72529e-05,0,-0.081718,5.96046e-05,0,0.00991109,18,16.2,-2.97556,1.99955,1,0.168049,-0.0135005,0,0.685573,0.0397563,0,0.00890086,19,16.2,1.00303,2.72519,1,-0.0157118,0.475872,0,0.030756,-0.191092,0,0.00632625,20,16.2,-0.0244369,3,1,-0.168036,0,0,-0.685842,0,0,0.00480224,21,16.2,0.0026088,-0.971997,1,-0.0141223,-0.178182,0,0.0200674,0.450343,0,0.0131929,22,16.2,-2.99998,0.399985,1,1.78814e-05,-0.5,0,-0.000119209,1.43051e-05,0,0.00893599,23,16.2,1.00004,-3,1,0.000199676,0,0,-0.000834465,0,0,0.00932455,24,16.2,1.99999,8.31813e-08,1,0,8.77733e-09,0,0.000119209,-6.86057e-07,0,0.0117647,25,16.2,0.998632,-0.314652,1,-0.00525415,-0.193512,0,0.000923872,-0.999987,0,0.0174294,26,16.2,2.00049,1.27295,1,-0.0100255,-0.477841,0,0.0298023,0.177324,0,0.00931838,27,16.2,-1.0266,3,1,-0.175941,0,0,-0.648916,0,0,0.00446695,28,16.2,2.63073,-2.99919,1,0.497234,-0.00249147,0,-0.0481606,0.00405312,0,0.00608135,29,16.2,-0.976546,1.99694,1,0.149643,-0.00313222,0,0.525087,0.0300407,0,0.0132481,30,16.2,2.00042,3,1,-0.000411272,1.78814e-05,0,-0.00202656,0,0,0.00514382,31,16.2,-2.02385,3,1,-0.161088,5.96046e-06,0,-0.487089,-0.000119209,0,0.00560247,32,16.2,-0.000161089,1.83255,1,0.000453232,0.500003,0,0.00107197,-5.96046e-05,0,0.011276,33,16.2,-1.51918,1.0003,1,-0.192565,-0.000566244,0,0.0380874,0.00137091,0,0.0125882,34,16.2,-1.97338,2,1,0.175351,0,0,0.649869,0,0,0.00867792,35,16.2,0.121303,0.983733,1,-0.358347,0.0462815,0,0.479866,-0.0433028,0,0.0140547
0,16.3,-2.99996,-0.645011,1,-1.19209e-05,-0.496173,0,-0.000119209,0.0774823,0,0.00882037,1,16.3,0.726218,-2.00163,1,0.471399,-0.00538118,0,-0.202078,0.0270754,0,0.00919437,2,16.3,2.78354,-0.994967,1,0.440209,0.00956142,0,-0.325963,-0.0920407,0,0.00649633,3,16.3,-2.00029,0.460085,1,0.000264496,-0.190781,0,-0.000417233,-0.043584,0,0.0141849,4,16.3,-1.00006,-2,1,0.000781193,-1.99303e-05,0,-0.00175834,5.21541e-05,0,0.0101061,5,16.3,3,-1.99664,1,1.15484e-05,0.0857309,0,1.49012e-05,-0.312626,0,0.00739338,6,16.3,-3,2.95521,1,0,-0.200009,0,0,-0.53224,0,0.00644657,7,16.3,-0.999624,0.536475,1,-0.000516791,0.210372,0,0.000562519,-0.00708178,0,0.0173733,8,16.3,-1.46008,-0.000288696,1,0.189905,0.000268538,0,0.0466034,-0.000416643,0,0.0173895,9,16.3,-2.34359,-2.01235,1,0.497046,0.00333525,0,-0.0519902,0.0528246,0,0.00994575,10,16.3,-2.0012,-1.31937,1,0.00503808,0.490711,0,-0.00891089,-0.102721,0,0.00926336,11,16.3,1.01202,0.913712,1,-0.0231611,0.5,0,0.00862032,0,0,0.0149848,12,16.3,2.0005,-1.99313,1,-0.00233129,-0.0259586,0,0.00301003,0.0142306,0,0.00907928,13,16.3,2.99481,0.228597,1,0.00750795,-0.456392,0,0.00604987,0.278956,0,0.0103522,14,16.3,-2.99507,-3,1,-0.00149272,0,0,-0.0230819,0,0,0.00870866,15,16.3,1.3677,-1.09478,1,0.5,0.248652,0,-7.45058e-06,-0.3841,0,0.0102362,16,16.3,-2.9969,-1.62093,1,-0.000164658,-0.497684,0,-0.0121593,0.0493899,0,0.00824401,17,16.3,-1.00088,-0.999996,1,0.0319611,-3.09199e-05,0,-0.0857711,6.70552e-05,0,0.00991109,18,16.3,-2.95518,1.99839,1,0.24045,-0.00967719,0,0.744611,0.0365376,0,0.00890086,19,16.3,1.00161,2.77163,1,-0.0126312,0.450961,0,0.0305995,-0.303507,0,0.00632625,20,16.3,-0.0448129,3,1,-0.240461,0,0,-0.744814,0,0,0.00480224,21,16.3,0.00130466,-0.987625,1,-0.0118951,-0.135024,0,0.0240029,0.410873,0,0.0131929,22,16.3,-2.99998,0.350035,1,5.96046e-06,-0.498334,0,-0.000119209,0.0398661,0,0.00893599,23,16.3,1.00005,-3,1,0.000120886,0,0,-0.000737607,0,0,0.00932455,24,16.3,1.99999,8.0957e-08,1,9.87202e-06,-5.00451e-08,0,6.70552e-05,-4.93038e-07,0,0.0117647,25,16.3,0.998122,-0.338936,1,-0.00484334,-0.29095,0,0.00693277,-0.926994,0,0.0174294,26,16.3,1.99963,1.22624,1,-0.00718925,-0.454615,0,0.0267997,0.284038,0,0.00931838,27,16.3,-1.04751,3,1,-0.24265,0,0,-0.670768,0,0,0.00446695,28,16.3,2.68011,-2.99942,1,0.489316,-0.0020735,0,-0.114053,0.00426173,0,0.00608135,29,16.3,-0.958924,1.99677,1,0.202782,-0.000465102,0,0.524141,0.0232086,0,0.0132481,30,16.3,2.00037,3,1,-0.000569969,1.3411e-05,0,-0.00116229,-5.96046e-05,0,0.00514382,31,16.3,-2.04242,3,1,-0.210382,-3.72529e-06,0,-0.485703,-5.96046e-05,0,0.00560247,32,16.3,-0.000111119,1.88256,1,0.000544513,0.5,0,0.000966592,-7.45058e-06,0,0.011276,33,16.3,-1.53841,1.00025,1,-0.193403,-0.000441447,0,-0.0444204,0.0012517,0,0.0125882,34,16.3,-1.95252,2,1,0.242205,0,0,0.672638,0,0,0.00867792,35,16.3,0.0879212,0.988123,1,-0.308866,0.0413291,0,0.505828,-0.054881,0,0.0140547
0,16.4,-2.99996,-0.694107,1,-1.78814e-05,-0.484389,0,-0.000238419,0.158459,0,0.00812837,1,16.4,0.772221,-2.00204,1,0.447392,-0.00286698,0,-0.277936,0.0228882,0,0.0102471,2,16.4,2.82578,-0.994427,1,0.403243,0.00166595,0,-0.409484,-0.066489,0,0.00636995,3,16.4,-2.00026,0.440721,1,0.000190735,-0.196953,0,-0.000953674,-0.0715852,0,0.012832,4,16.4,-0.999994,-2,1,0.000602007,-1.19209e-05,0,-0.00175834,0,0,0.0105763,5,16.4,3,-1.98957,1,1.19209e-05,0.0563085,0,0,-0.274301,0,0.00550672,6,16.4,-3,2.93261,1,0,-0.251001,0,0,-0.475764,0,0.00782716,7,16.4,-0.999672,0.557554,1,-0.000429153,0.211771,0,0.0012219,0.0268519,0,0.0165387,8,16.4,-1.44078,-0.000264728,1,0.196382,0.000200445,0,0.0745654,-0.00103575,0,0.0171471,9,16.4,-2.29426,-2.01177,1,0.488287,0.00806451,0,-0.127077,0.0414848,0,0.00924668,10,16.4,-2.00074,-1.27094,1,0.00413656,0.476587,0,-0.00905991,-0.181913,0,0.00965509,11,16.4,1.00976,0.963712,1,-0.0219166,0.5,0,0.0158548,0,0,0.0140111,12,16.4,2.00028,-1.99563,1,-0.00199676,-0.0237197,0,0.0038147,0.0294447,0,0.00966304,13,16.4,2.99559,0.184508,1,0.00784993,-0.423912,0,0.00119209,0.367381,0,0.0108384,14,16.4,-2.99532,-3,1,-0.00353456,0,0,-0.017643,0,0,0.0084751,15,16.4,1.4177,-1.07182,1,0.500003,0.21098,0,-5.96046e-05,-0.368118,0,0.0102572,16,16.4,-2.99698,-1.67035,1,-0.00127554,-0.489613,0,-0.010252,0.114083,0,0.0092071,17,16.4,-0.998106,-0.999999,1,0.0234634,-2.38419e-05,0,-0.0832379,5.96046e-05,0,0.00855049,18,16.4,-2.92744,1.9976,1,0.313753,-0.00622272,0,0.706911,0.0324249,0,0.0100297,19,16.4,1.0005,2.81505,1,-0.00964105,0.415897,0,0.0290573,-0.393867,0,0.0055656,20,16.4,-0.0725565,3,1,-0.313778,0,0,-0.70716,0,0,0.00474204,21,16.4,0.000238396,-0.999151,1,-0.00940769,-0.096333,0,0.0253605,0.361621,0,0.0132114,22,16.4,-2.99998,0.300511,1,-5.96046e-06,-0.49093,0,0,0.112653,0,0.00805368,23,16.4,1.00006,-3,1,5.36442e-05,0,0,-0.000655651,0,0,0.0100692,24,16.4,1.99999,7.37874e-08,1,1.78814e-05,-9.04263e-08,0,0,-3.17904e-07,0,0.0126742,25,16.4,0.99768,-0.372403,1,-0.00393689,-0.375404,0,0.0108778,-0.748828,0,0.0149119,26,16.4,1.99904,1.18235,1,-0.00468194,-0.421682,0,0.0232458,0.371397,0,0.00835407,27,16.4,-1.07507,3,1,-0.307491,0,0,-0.614524,0,0,0.00434156,28,16.4,2.72834,-2.9996,1,0.473821,-0.00165105,0,-0.198007,0.00417233,0,0.00533226,29,16.4,-0.936119,1.99682,1,0.252098,0.00149608,0,0.452012,0.0160336,0,0.0109381,30,16.4,2.00031,3,1,-0.000655651,5.96046e-06,0,-0.000357628,0,0,0.00535743,31,16.4,-2.0658,3,1,-0.255936,-5.96046e-06,0,-0.415564,0,0,0.00612866,32,16.4,-5.05526e-05,1.93255,1,0.000683743,0.500003,0,0.00197699,-5.96046e-05,0,0.0122858,33,16.4,-1.55804,1.00021,1,-0.199589,-0.000295043,0,-0.0709295,0.00166893,0,0.0133635,34,16.4,-1.925,2,1,0.307262,0,0,0.616908,0,0,0.00901572,35,16.4,0.0595786,0.991969,1,-0.257923,0.0354692,0,0.509532,-0.0615716,0,0.0121702
0,16.5,-2.99996,-0.741624,1,-3.68804e-05,-0.464678,0,-0.000163913,0.235669,0,0.00812837,1,16.5,0.815419,-2.00222,1,0.415159,-0.000816584,0,-0.362903,0.0181496,0,0.0102471,2,16.5,2.86395,-0.994555,1,0.359045,-0.00387132,0,-0.470504,-0.0448301,0,0.00636995,3,16.5,-2.00025,0.420262,1,0.000115111,-0.215686,0,-0.000730157,-0.279471,0,0.012832,4,16.5,-0.999943,-2.00001,1,0.000429899,-1.04308e-05,0,-0.00166893,2.98023e-05,0,0.0105763,5,16.5,3,-1.98523,1,7.45058e-06,0.0311803,0,-5.96046e-05,-0.227794,0,0.00550672,6,16.5,-3,2.90508,1,0,-0.299708,0,0,-0.482827,0,0.00782716,7,16.5,-0.99971,0.579281,1,-0.000323076,0.226331,0,0.00108406,0.240795,0,0.0165387,8,16.5,-1.42037,-0.000249002,1,0.215402,0.000117754,0,0.282221,-0.000810553,0,0.0171471,9,16.5,-2.24627,-2.01078,1,0.469771,0.0115428,0,-0.240639,0.0282675,0,0.00924668,10,16.5,-2.00037,-1.22437,1,0.0032492,0.452944,0,-0.00861287,-0.287741,0,0.00965509,11,16.5,1.00765,1.01371,1,-0.0200924,0.5,0,0.020355,0,0,0.0140111,12,16.5,2.0001,-1.99784,1,-0.0016015,-0.0202937,0,0.00403821,0.0381693,0,0.00966304,13,16.5,2.99637,0.144068,1,0.00774711,-0.383849,0,-0.00306964,0.430894,0,0.0108384,14,16.5,-2.99575,-3,1,-0.00498965,0,0,-0.0115037,0,0,0.0084751,15,16.5,1.4677,-1.05252,1,0.5,0.175324,0,-7.45058e-06,-0.344187,0,0.0102572,16,16.5,-2.99715,-1.71863,1,-0.00218563,-0.474701,0,-0.00794232,0.185534,0,0.0092071,17,16.5,-0.996164,-1,1,0.0155129,-1.78814e-05,0,-0.0752136,5.96046e-05,0,0.00855049,18,16.5,-2.89265,1.99713,1,0.380524,-0.00325739,0,0.615537,0.0268966,0,0.0100297,19,16.5,0.999677,2.85454,1,-0.0068685,0.372898,0,0.0262409,-0.46216,0,0.0055656,20,16.5,-0.10735,3,1,-0.38056,0,0,-0.615537,0,0,0.00474204,21,16.5,-0.000576368,-1.00707,1,-0.00690229,-0.0629773,0,0.0244855,0.305064,0,0.0132114,22,16.5,-2.99998,0.252179,1,-7.82311e-06,-0.473799,0,-4.47035e-05,0.227584,0,0.00805368,23,16.5,1.00006,-3,1,-3.91155e-06,0,0,-0.000499189,0,0,0.0100692,24,16.5,1.99999,6.34229e-08,1,1.76951e-05,-1.14308e-07,0,-7.45058e-06,-1.64581e-07,0,0.0126742,25,16.5,0.997343,-0.413262,1,-0.00278158,-0.43759,0,0.0120588,-0.498122,0,0.0149119,26,16.5,1.99868,1.14215,1,-0.00255145,-0.381284,0,0.0193119,0.433557,0,0.00835407,27,16.5,-1.10883,3,1,-0.366986,0,0,-0.565052,0,0,0.00434156,28,16.5,2.77454,-2.99975,1,0.448292,-0.00124611,0,-0.308946,0.0038892,0,0.00533226,29,16.5,-0.908748,1.99705,1,0.294149,0.00282582,0,0.381056,0.0105128,0,0.0109381,30,16.5,2.00024,3,1,-0.000664964,1.86265e-06,0,0.000163913,-4.47035e-05,0,0.00535743,31,16.5,-2.09338,3,1,-0.294491,-5.58794e-06,0,-0.347733,1.49012e-05,0,0.00612866,32,16.5,2.57613e-05,1.98256,1,0.00083101,0.5,0,0.00127808,7.45058e-06,0,0.0122858,33,16.5,-1.57876,1.00019,1,-0.218167,-0.000154041,0,-0.277139,0.00133365,0,0.0133635,34,16.5,-1.89124,2,1,0.367069,0,0,0.568777,0,0,0.00901572,35,16.5,0.0363127,0.995203,1,-0.207689,0.0291772,0,0.491911,-0.0635907,0,0.0121702
0,16.6,-2.99997,-0.786788,1,-5.36442e-05,-0.437345,0,0,0.310153,0,0.00928485,1,16.6,0.855008,-2.00222,1,0.37556,0.00077486,0,-0.425428,0.0134706,0,0.0093507,2,16.6,2.89743,-0.995135,1,0.309944,-0.00741482,0,-0.507474,-0.0266135,0,0.00608132,3,16.6,-2.00024,0.397114,1,5.96046e-06,-0.248598,0,-0.00166893,-0.359863,0,0.0116275,4,16.6,-0.999908,-2.00001,1,0.000271201,-5.96046e-06,0,-0.00151992,0,0,0.0117056,5,16.6,3,-1.98318,1,0,0.0108033,0,0,-0.179827,0,0.00441447,6,16.6,-3,2.87279,1,0,-0.344843,0,0,-0.408173,0,0.00742854,7,16.6,-0.999736,0.60331,1,-0.000180304,0.255685,0,0.00190735,0.327379,0,0.0148053,8,16.6,-1.39724,-0.000242221,1,0.248572,4.73992e-06,0,0.362217,-0.00159317,0,0.013297,9,16.6,-2.20066,-2.0095,1,0.440705,0.0137568,0,-0.33772,0.0163317,0,0.00791526,10,16.6,-2.00009,-1.18067,1,0.00241697,0.419694,0,-0.00786781,-0.374019,0,0.00900812,11,16.6,1.00575,1.06371,1,-0.0178963,0.500003,0,0.023365,-5.96046e-05,0,0.0149822,12,16.6,1.99996,-1.99967,1,-0.00120103,-0.0162482,0,0.00399351,0.0418425,0,0.00919481,13,16.6,2.99712,0.10792,1,0.00726581,-0.338353,0,-0.00655651,0.475805,0,0.00864577,14,16.6,-2.9963,-3,1,-0.00584722,0,0,-0.00596046,0,0,0.00795114,15,16.6,1.5177,-1.03666,1,0.500003,0.142285,0,-5.96046e-05,-0.315905,0,0.00935309,16,16.6,-2.9974,-1.76504,1,-0.00285506,-0.452337,0,-0.00560284,0.262141,0,0.00844159,17,16.6,-0.994972,-1,1,0.00851452,-1.19209e-05,0,-0.0644028,5.96046e-05,0,0.00905873,18,16.6,-2.85175,1.99693,1,0.434858,-0.000837445,0,0.46432,0.0215769,0,0.00867965,19,16.6,0.999115,2.88944,1,-0.00441819,0.324261,0,0.0226796,-0.506282,0,0.00568494,20,16.6,-0.14825,3,1,-0.434895,0,0,-0.464185,0,0,0.00469447,21,16.6,-0.00114741,-1.01194,1,-0.00455596,-0.0353634,0,0.0222491,0.247061,0,0.0105386,22,16.6,-2.99998,0.20611,1,-5.96046e-06,-0.445926,0,-0.000119209,0.327133,0,0.0103291,23,16.6,1.00006,-3,1,-4.76837e-05,0,0,-0.000298023,0,0,0.0100119,24,16.6,1.99999,5.13887e-08,1,1.78814e-05,-1.24298e-07,0,-5.96046e-05,-3.99237e-08,0,0.0110938,25,16.6,0.997126,-0.459127,1,-0.00155568,-0.476018,0,0.0122786,-0.277087,0,0.0150745,26,16.6,1.99851,1.10627,1,-0.000822544,-0.335595,0,0.0151992,0.476956,0,0.00832506,27,16.6,-1.1482,3,1,-0.418675,0,0,-0.460982,0,0,0.00527728,28,16.6,2.81767,-2.99985,1,0.412774,-0.000882149,0,-0.397682,0.00345707,0,0.00536543,29,16.6,-0.877599,1.99737,1,0.326963,0.0035882,0,0.269711,0.00482798,0,0.0137764,30,16.6,2.00018,3,1,-0.000625849,0,0,0.000476837,-0.000119209,0,0.0051294,31,16.6,-2.1244,3,1,-0.324166,-5.96046e-06,0,-0.240326,0.000119209,0,0.00681588,32,16.6,0.000116218,2.03256,1,0.000993842,0.5,0,0.00221368,0,0,0.0110009,33,16.6,-1.60214,1.00018,1,-0.25079,5.96046e-06,0,-0.356436,0.00196695,0,0.0131106,34,16.6,-1.85184,2,1,0.419173,0,0,0.465214,0,0,0.00895917,35,16.6,0.0179515,0.997804,1,-0.160118,0.0228733,0,0.456972,-0.0618994,0,0.0125353
0,16.7,-2.99997,-0.828832,1,-5.32717e-05,-0.402239,0,1.49012e-05,0.387944,0,0.00928485,1,16.7,0.890367,-2.00208,1,0.331024,0.00191554,0,-0.46213,0.00941753,0,0.0093507,2,16.7,2.92584,-0.995983,1,0.258131,-0.00930913,0,-0.523537,-0.0118762,0,0.00608132,3,16.7,-2.00025,0.370263,1,-9.98378e-05,-0.289863,0,-0.000536442,-0.445966,0,0.0116275,4,16.7,-0.999888,-2.00001,1,0.000131596,-5.58794e-06,0,-0.00126287,1.49012e-05,0,0.0117056,5,16.7,3,-1.98291,1,0,-0.00475924,0,0,-0.132076,0,0.00441447,6,16.7,-3,2.83626,1,0,-0.385607,0,0,-0.396535,0,0.00742854,7,16.7,-0.999746,0.630719,1,-4.66593e-05,0.294034,0,0.000823289,0.420045,0,0.0148053,8,16.7,-1.37038,-0.000247699,1,0.290024,-9.58302e-05,0,0.447385,-0.000484567,0,0.013297,9,16.7,-2.15844,-2.00807,1,0.402359,0.0148136,0,-0.423983,0.00520051,0,0.00791526,10,16.7,-1.99988,-1.14068,1,0.00167526,0.379089,0,-0.00692904,-0.435054,0,0.00900812,11,16.7,1.00408,1.11371,1,-0.015489,0.5,0,0.0246018,-7.45058e-06,0,0.0149822,12,16.7,1.99986,-2.00108,1,-0.000818819,-0.0120591,0,0.00362098,0.0414103,0,0.00919481,13,16.7,2.99781,0.0765141,1,0.00648312,-0.289365,0,-0.0089258,0.499748,0,0.00864577,14,16.7,-2.99691,-3,1,-0.00617318,0,0,-0.000730157,0,0,0.00795114,15,16.7,1.5677,-1.02396,1,0.499931,0.112388,0,-0.00277162,-0.281863,0,0.00935309,16,16.7,-2.99771,-1.80881,1,-0.00327788,-0.421514,0,-0.00290573,0.350595,0,0.00844159,17,16.7,-0.994421,-1,1,0.00271033,-6.14673e-06,0,-0.0516251,5.21541e-05,0,0.00905873,18,16.7,-2.80626,1.99695,1,0.471847,0.00101756,0,0.279248,0.0156686,0,0.00867965,19,16.7,0.99878,2.91928,1,-0.00235476,0.272289,0,0.0185668,-0.527918,0,0.00568494,20,16.7,-0.193742,3,1,-0.471865,0,0,-0.279038,0,0,0.00469447,21,16.7,-0.00149705,-1.01434,1,-0.00249199,-0.0135597,0,0.0189457,0.189707,0,0.0105386,22,16.7,-2.99998,0.163316,1,-1.60187e-05,-0.408451,0,-7.45058e-05,0.417127,0,0.0103291,23,16.7,1.00005,-3,1,-7.20844e-05,0,0,-0.000186265,0,0,0.0100119,24,16.7,2,3.8931e-08,1,1.28523e-05,-1.23263e-07,0,-3.72529e-05,5.56865e-08,0,0.0110938,25,16.7,0.997031,-0.507805,1,-0.000356045,-0.49469,0,0.0115968,-0.106527,0,0.0150745,26,16.7,1.9985,1.07515,1,0.000492111,-0.286565,0,0.0111461,0.499465,0,0.00832506,27,16.7,-1.19217,3,1,-0.458498,0,0,-0.332691,0,0,0.00527728,28,16.7,2.85684,-2.99993,1,0.369485,-0.000567734,0,-0.464141,0.00280142,0,0.00536543,29,16.7,-0.843643,1.99775,1,0.351111,0.00390317,0,0.20672,0.00140816,0,0.0137764,30,16.7,2.00012,3,1,-0.000562891,-9.68575e-06,0,0.000759959,-5.96046e-05,0,0.0051294,31,16.7,-2.15794,3,1,-0.345752,3.72529e-06,0,-0.184566,5.96046e-05,0,0.00681588,32,16.7,0.000222945,2.08256,1,0.00111328,0.5,0,0.000560152,0,0,0.0110009,33,16.7,-1.62919,1.00019,1,-0.291714,0.000138395,0,-0.442602,0.000752509,0,0.0131106,34,16.7,-1.80781,2,1,0.459131,0,0,0.331663,0,0,0.00895917,35,16.7,0.00414592,0.999789,1,-0.116822,0.0169065,0,0.407343,-0.0570565,0,0.0125353
0,16.8,-2.99998,-0.867016,1,-4.76837e-05,-0.360534,0,0,0.442356,0,0.00962418,1,16.8,0.921121,-2.00185,1,0.283755,0.00267029,0,-0.480205,0.00560284,0,0.00925083,2,16.8,2.94905,-0.996953,1,0.206214,-0.0099048,0,-0.510573,-0.000536442,0,0.00543753,3,16.8,-2.00026,0.339038,1,-0.000113249,-0.334334,0,0.000238419,-0.428379,0,0.00927782,4,16.8,-0.999881,-2.00001,1,1.78814e-05,-5.96046e-06,0,-0.000953674,0.000119209,0,0.0105699,5,16.8,3,-1.98398,1,0,-0.0157624,0,0,-0.0886917,0,0.0049855,6,16.8,-3,2.79581,1,0,-0.422269,0,0,-0.328422,0,0.00768891,7,16.8,-0.999748,0.662242,1,-2.98023e-06,0.336218,0,8.9407e-05,0.408441,0,0.0125547,8,16.8,-1.33913,-0.000258328,1,0.3346,-0.000104433,0,0.429094,0.000256245,0,0.0124813,9,16.8,-2.12043,-2.00658,1,0.356907,0.0148714,0,-0.480294,-0.00369549,0,0.00812336,10,16.8,-1.99975,-1.10502,1,0.00103414,0.333309,0,-0.00590086,-0.477314,0,0.00788725,11,16.8,1.00266,1.16371,1,-0.0130057,0.500003,0,0.0247955,-5.96046e-05,0,0.0159277,12,16.8,1.9998,-2.00209,1,-0.000482798,-0.00805259,0,0.00315905,0.0382662,0,0.00850455,13,16.8,2.99841,0.0500861,1,0.00551343,-0.23919,0,-0.0101328,0.500117,0,0.00970301,14,16.8,-2.99752,-3,1,-0.00603199,0,0,0.00345707,0,0,0.00765415,15,16.8,1.61766,-1.01407,1,0.498894,0.085941,0,-0.0221133,-0.247061,0,0.00845511,16,16.8,-2.99805,-1.84909,1,-0.00345111,-0.382948,0,-0.000596046,0.416994,0,0.00791631,17,16.8,-0.994387,-1,1,-0.00180751,-2.98023e-06,0,-0.0388324,5.96046e-05,0,0.00882041,18,16.8,-2.75795,1.99712,1,0.491804,0.00232458,0,0.127077,0.0106692,0,0.00915134,19,16.8,0.99863,2.94387,1,-0.000706315,0.219655,0,0.0144541,-0.520349,0,0.00554817,20,16.8,-0.242053,3,1,-0.491806,0,0,-0.127003,0,0,0.00500002,21,16.8,-0.00165755,-1.01483,1,-0.000779412,0.00272989,0,0.0152646,0.136971,0,0.0124027,22,16.8,-2.99998,0.124668,1,-2.38419e-05,-0.363501,0,0,0.477098,0,0.0104432,23,16.8,1.00005,-3,1,-8.34465e-05,0,0,-0.000178814,0,0,0.00996733,24,16.8,2,2.70069e-08,1,8.9407e-06,-1.14093e-07,0,-5.96046e-05,1.23341e-07,0,0.0105388,25,16.8,0.997051,-0.557607,1,0.000745058,-0.499675,0,0.0103116,-0.00649691,0,0.0143662,26,16.8,1.9986,1.04899,1,0.00142157,-0.236481,0,0.00739098,0.498593,0,0.0107352,27,16.8,-1.23945,3,1,-0.484863,0,0,-0.193894,0,0,0.00416751,28,16.8,2.89138,-2.99997,1,0.320745,-0.000315905,0,-0.50652,0.00202656,0,0.00492537,29,16.8,-0.807647,1.99814,1,0.367212,0.0038594,0,0.110894,-0.00232458,0,0.015096,30,16.8,2.00006,3,1,-0.000482798,-1.19209e-05,0,0.00107288,0,0,0.00714118,31,16.8,-2.1933,3,1,-0.359935,5.96046e-06,0,-0.0944138,0.000119209,0,0.00510227,32,16.8,0.000336985,2.13256,1,0.00117433,0.5,0,0.000960252,0,0,0.0103019,33,16.8,-1.66059,1.0002,1,-0.335857,0.000169873,0,-0.42516,-5.96046e-05,0,0.0120363,34,16.8,-1.76048,2,1,0.485256,0,0,0.190735,0,0,0.00795723,35,16.8,-0.00559279,1.0012,1,-0.0789105,0.0115246,0,0.349896,-0.0503659,0,0.0105763
0,16.9,-2.99998,-0.900802,1,-4.58211e-05,-0.314714,0,4.47035e-05,0.470832,0,0.00962418,1,16.9,0.947089,-2.00156,1,0.235626,0.00306517,0,-0.478979,0.00241399,0,0.00925083,2,16.9,2.96717,-0.997932,1,0.15677,-0.00953367,0,-0.474289,0.00746176,0,0.00543753,3,16.9,-1.99981,0.303676,1,0.0129938,-0.370689,0,0.240505,-0.295378,0,0.00927782,4,16.9,-0.999883,-2.00001,1,-6.46338e-05,4.09782e-06,0,-0.000700355,7.45058e-05,0,0.0105699,5,16.9,3,-1.98593,1,0,-0.0226729,0,0,-0.0506639,0,0.0049855,6,16.9,-3,2.75201,1,0,-0.452907,0,0,-0.277162,0,0.00768891,7,16.9,-1.0002,0.697703,1,-0.0130773,0.370865,0,-0.240192,0.28101,0,0.0125547,8,16.9,-1.30323,-0.000267154,1,0.385307,-6.90334e-05,0,0.544988,0.000438878,0,0.0124813,9,16.9,-2.08719,-2.00512,1,0.307415,0.0141565,0,-0.505596,-0.0102967,0,0.00812336,10,16.9,-1.99967,-1.07413,1,0.0005031,0.2843,0,-0.00471622,-0.498727,0,0.00788725,11,16.9,1.00148,1.21371,1,-0.0105837,0.5,0,0.0235662,-7.45058e-06,0,0.0159277,12,16.9,1.99976,-2.00271,1,-0.000197254,-0.0044778,0,0.00255555,0.0330508,0,0.00850455,13,16.9,2.99891,0.0286397,1,0.00446588,-0.190102,0,-0.0106394,0.478479,0,0.00970301,14,16.9,-2.9981,-3,1,-0.00552572,0,0,0.00648201,0,0,0.00765415,15,16.9,1.66736,-1.00665,1,0.494294,0.0630153,0,-0.074856,-0.211515,0,0.00845511,16,16.9,-2.9984,-1.88522,1,-0.00341199,-0.339053,0,0.0012964,0.457764,0,0.00791631,17,16.9,-0.99474,-1,1,-0.00505866,2.04891e-06,0,-0.0264235,3.72529e-05,0,0.00882041,18,16.9,-2.70833,1.9974,1,0.499027,0.0031691,0,0.029698,0.0063628,0,0.00915134,19,16.9,0.998625,2.96328,1,0.000535138,0.169007,0,0.0104383,-0.48849,0,0.00554817,20,16.9,-0.291675,3,1,-0.499027,0,0,-0.0297017,0,0,0.00500002,21,16.9,-0.00166568,-1.01396,1,0.000552403,0.0140097,0,0.0114043,0.0898838,0,0.0124027,22,16.9,-2.99998,0.0907612,1,-2.38419e-05,-0.314169,0,0,0.505594,0,0.0104432,23,16.9,1.00004,-3,1,-9.48086e-05,0,0,-6.70552e-05,0,0,0.00996733,24,16.9,2,1.6293e-08,1,4.09782e-06,-9.94984e-08,0,-2.98023e-05,1.64709e-07,0,0.0105388,25,16.9,0.997173,-0.607556,1,0.00166595,-0.498711,0,0.00810623,0.0299066,0,0.0143662,26,16.9,1.99877,1.02781,1,0.00199564,-0.187596,0,0.00418723,0.475995,0,0.0107352,27,16.9,-1.28867,3,1,-0.497321,0,0,-0.065051,0,0,0.00416751,28,16.9,2.92088,-2.99999,1,0.268779,-0.000138581,0,-0.527427,0.00151992,0,0.00492537,29,16.9,-0.770277,1.99851,1,0.380789,0.003561,0,0.147689,-0.0037998,0,0.015096,30,16.9,2.00002,3,1,-0.000375882,-1.15484e-05,0,0.00105798,1.49012e-05,0,0.00714118,31,16.9,-2.22988,3,1,-0.372351,1.15484e-05,0,-0.140235,1.49012e-05,0,0.00510227,32,16.9,0.000456042,2.18255,1,0.00117832,0.5,0,-0.000751656,0,0,0.0103019,33,16.9,-1.69659,1.00022,1,-0.386233,0.000148825,0,-0.54206,-0.000335276,0,0.0120363,34,16.9,-1.71124,2,1,0.49744,0,0,0.0628904,0,0,0.00795723,35,16.9,-0.0123608,1.00212,1,-0.0620147,0.00689141,0,0.0154858,-0.042215,0,0.0105763
0,17,-2.99999,-0.929895,1,-4.17233e-05,-0.266986,0,0,0.480771,0,0.00931891,1,17,0.968283,-2.00124,1,0.188579,0.00317097,0,-0.459105,-0.000119209,0,0.00708943,2,17,2.98056,-0.998838,1,0.112045,-0.00850409,0,-0.417233,0.0126958,0,0.00555485,3,17,-1.99706,0.265372,1,0.0440925,-0.392913,0,0.364065,-0.147499,0,0.0120442,4,17,-0.999893,-2.00001,1,-0.00012219,5.96046e-06,0,-0.000476837,0.000238419,0,0.00918215,5,17,3,-1.98839,1,0,-0.0261217,0,0,-0.0195503,0,0.00690088,6,17,-3,2.70546,1,0,-0.476664,0,0,-0.194788,0,0.00739708,7,17,-1.00296,0.73596,1,-0.0441462,0.391896,0,-0.363767,0.137866,0,0.0121938,8,17,-1.26204,-0.000271651,1,0.437137,-1.90776e-05,0,0.467181,0.000548913,0,0.0125094,9,17,-2.05899,-2.00376,1,0.256521,0.0128806,0,-0.508666,-0.0151396,0,0.00809361,10,17,-1.99964,-1.0482,1,8.9407e-05,0.234336,0,-0.00357628,-0.497043,0,0.0101471,11,17,1.00054,1.26371,1,-0.00830889,0.500003,0,0.0219941,-5.96046e-05,0,0.0131581,12,17,1.99975,-2.003,1,2.68221e-05,-0.00147223,0,0.00190735,0.0269413,0,0.00893211,13,17,2.99931,0.011964,1,0.00340939,-0.144051,0,-0.010252,0.440132,0,0.0085459,14,17,-2.99862,-3,1,-0.00478029,0,0,0.00834465,0,0,0.00774251,15,17,1.7163,-1.00135,1,0.483108,0.0436142,0,-0.151992,-0.176698,0,0.0088668,16,17,-2.99873,-1.91679,1,-0.00320077,-0.292018,0,0.00274181,0.479877,0,0.00871744,17,17,-0.99536,-1,1,-0.00714064,5.96046e-06,0,-0.0154972,0,0,0.0094577,18,17,-2.65836,1.99774,1,0.5,0.00362098,0,0,0.00292063,0,0.0089111,19,17,0.998725,2.97782,1,0.00139624,0.122672,0,0.00682473,-0.435233,0,0.00556698,20,17,-0.341651,3,1,-0.5,0,0,1.43051e-05,0,0,0.00542792,21,17,-0.00155956,-1.01218,1,0.00150982,0.020957,0,0.007795,0.0502467,0,0.0133451,22,17,-2.99999,0.0618912,1,-2.38419e-05,-0.263133,0,0,0.511579,0,0.0105956,23,17,1.00003,-3,1,-9.53674e-05,0,0,0,0,0,0.0095218,24,17,2,7.20853e-09,1,0,-8.18525e-08,0,0,1.85026e-07,0,0.0093375,25,17,0.997377,-0.657189,1,0.00236928,-0.492983,0,0.00593066,0.0876784,0,0.0117677,26,17,1.99899,1.01137,1,0.0022769,-0.141826,0,0.00160933,0.436962,0,0.0128994,27,17,-1.33859,3,1,-0.5,0,0,0,0,0,0.00435493,28,17,2.94512,-3,1,0.216258,-1.78814e-05,0,-0.518441,0.000953674,0,0.00496596,29,17,-0.731487,1.99885,1,0.394475,0.0030756,0,0.116199,-0.00607967,0,0.01173,30,17,1.99999,3,1,-0.000271201,-5.96046e-06,0,0.00089407,-0.000119209,0,0.00652686,31,17,-2.2678,3,1,-0.385582,1.19209e-05,0,-0.113964,0,0,0.00620237,32,17,0.000568178,2.23255,1,0.00104777,0.5,0,-0.00175025,0,0,0.00841366,33,17,-1.73786,1.00023,1,-0.437781,0.000104308,0,-0.464439,-0.000536442,0,0.00980158,34,17,-1.66131,2,1,0.500003,0,0,-5.96046e-05,0,0,0.00889171,35,17,-0.0188509,1.00261,1,-0.070886,0.0030905,0,-0.171103,-0.0337958,0,0.0157623
0,17.1,-2.99999,-0.954649,1,-3.94881e-05,-0.232214,0,5.96046e-05,0.232741,0,0.00931891,1,17.1,0.984901,-2.00093,1,0.144385,0.00305437,0,-0.422616,-0.00210106,0,0.00708943,2,17.1,2.98979,-0.999097,1,0.0737783,0.00790032,0,-0.346377,0.287484,0,0.00555485,3,17.1,-1.99021,0.22568,1,0.0985092,-0.39774,0,0.692315,0.0439286,0,0.0120442,4,17.1,-0.999907,-2,1,-0.00015879,2.34693e-05,0,-0.000257045,0.00013411,0,0.00918215,5,17.1,3,-1.99054,1,0,-0.0118423,0,0,0.276402,0,0.00690088,6,17.1,-3,2.65696,1,0,-0.491849,0,0,-0.107422,0,0.00739708,7,17.1,-1.00982,0.775509,1,-0.0985449,0.39597,0,-0.692241,-0.0494942,0,0.0121938,8,17.1,-1.21624,-0.000270866,1,0.476037,3.41764e-05,0,0.294939,0.000513694,0,0.0125094,9,17.1,-2.03586,-2.00256,1,0.206394,0.011206,0,-0.490636,-0.0180751,0,0.00809361,10,17.1,-1.99965,-1.02676,1,-0.000214018,0.198919,0,-0.00257045,-0.230059,0,0.0101471,11,17.1,1.0006,1.31371,1,0.0167819,0.5,0,0.450529,-7.45058e-06,0,0.0131581,12,17.1,1.99977,-2.0025,1,0.000187568,0.01582,0,0.00131875,0.291444,0,0.00893211,13,17.1,2.9996,0.000844375,1,0.00242889,-0.0702946,0,-0.00926852,0.930017,0,0.0085459,14,17.1,-2.99783,-3,1,0.0310808,0,0,0.647455,0,0,0.00774251,15,17.1,1.76319,-0.997815,1,0.448745,0.0276354,0,-0.50953,-0.143144,0,0.0088668,16,17.1,-2.99903,-1.94403,1,-0.002864,-0.256722,0,0.0039041,0.243619,0,0.00871744,17,17.1,-0.996658,-1,1,-0.0232051,5.96046e-06,0,-0.278529,0,0,0.0094577,18,17.1,-2.60836,1.99811,1,0.5,0.00377186,0,0,0.000208616,0,0.0089111,19,17.1,0.998893,2.98754,1,0.00191908,0.0687633,0,0.00373274,-0.617161,0,0.00556698,20,17.1,-0.391651,3,1,-0.5,0,0,0,0,0,0.00542792,21,17.1,-0.00189802,-1.00989,1,-0.0128565,0.0243202,0,-0.267469,0.0183433,0,0.0133451,22,17.1,-2.99999,0.0376645,1,-2.34693e-05,-0.225654,0,1.49012e-05,0.256075,0,0.0105956,23,17.1,1.00002,-3,1,-9.10833e-05,0,0,8.19564e-05,0,0,0.0095218,24,17.1,2,-4.29116e-11,1,0,-6.31492e-08,0,0,1.8671e-07,0,0.0093375,25,17.1,0.997187,-0.705938,1,-0.0101959,-0.480834,0,-0.23587,0.15739,0,0.0117677,26,17.1,1.99813,0.999269,1,-0.0292584,-0.10124,0,-0.582606,0.374559,0,0.0128994,27,17.1,-1.38858,3,1,-0.499874,0,0,0.00503659,0,0,0.00435493,28,17.1,2.9642,-2.99948,1,0.165898,0.0149999,0,-0.48472,0.271931,0,0.00496596,29,17.1,-0.691304,1.99899,1,0.410523,-0.00134781,0,0.195764,-0.0745803,0,0.01173,30,17.1,1.99997,2.99999,1,-0.000185519,-1.41561e-05,0,0.000819564,-2.98023e-05,0,0.00652686,31,17.1,-2.30719,3,1,-0.404394,7.82311e-06,0,-0.245139,-4.47035e-05,0,0.00620237,32,17.1,0.000662748,2.28255,1,0.00083069,0.5,0,-0.00252832,0,0,0.00841366,33,17.1,-1.78372,1.00024,1,-0.476392,4.99189e-05,0,-0.292078,-0.000551343,0,0.00980158,34,17.1,-1.61131,2,1,0.499892,0,0,-0.00431389,0,0,0.00889171,35,17.1,-0.0273441,1.00277,1,-0.1037,0.000166707,0,-0.454955,-0.0248924,0,0.0157623
0,17.2,-2.99999,-0.976992,1,-3.57628e-05,-0.21714,0,0.000238419,0.0835657,0,0.00888011,1,17.2,0.997301,-2.00064,1,0.104421,0.00276566,0,-0.375152,-0.00333786,0,0.00931197,2,17.2,2.99557,-0.996605,1,0.0429928,0.044021,0,-0.268817,0.41315,0,0.00594822,3,17.2,-1.97657,0.186393,1,0.176692,-0.385481,0,0.844657,0.194743,0,0.0155789,4,17.2,-0.999924,-2,1,-0.000175834,2.98023e-05,0,-5.96046e-05,5.96046e-05,0,0.0131234,5,17.2,3,-1.99005,1,0,0.0240296,0,0,0.418484,0,0.00460806,6,17.2,-3,2.60738,1,0,-0.498486,0,0,-0.0302792,0,0.00711157,7,17.2,-1.02346,0.814597,1,-0.176731,0.383322,0,-0.844657,-0.197083,0,0.0119296,8,17.2,-1.16751,-0.000264956,1,0.495222,8.32071e-05,0,0.0956059,0.000464861,0,0.0123437,9,17.2,-2.01762,-2.00153,1,0.158966,0.00931621,0,-0.455379,-0.0193119,0,0.00867515,10,17.2,-1.99968,-1.0077,1,-0.000441074,0.184894,0,-0.00190735,-0.0659227,0,0.0135275,11,17.2,1.00504,1.36371,1,0.0763476,0.500003,0,0.715673,-5.96046e-05,0,0.0116318,12,17.2,1.99979,-1.99921,1,0.000295043,0.0519365,0,0.000715256,0.409484,0,0.012573,13,17.2,2.9998,-0.00132505,1,0.0015676,0.0279558,0,-0.00762939,1,0,0.00711048,14,17.2,-2.99086,-3,1,0.113517,0,0,0.950694,0,0,0.00697726,15,17.2,1.8051,-0.995714,1,0.385931,0.0149205,0,-0.72521,-0.11158,0,0.00927079,16,17.2,-2.9993,-1.96876,1,-0.00243783,-0.240096,0,0.00452995,0.103354,0,0.0112353,17,17.2,-1.00062,-1,1,-0.0579953,5.96046e-06,0,-0.396132,-5.96046e-05,0,0.00998786,18,17.2,-2.55836,1.99848,1,0.5,0.00368357,0,0,-0.00178814,0,0.00999453,19,17.2,0.999099,2.99121,1,0.00216216,0.00379086,0,0.0012517,-0.662446,0,0.0075052,20,17.2,-0.441651,3,1,-0.5,0,0,1.43051e-05,0,0,0.00486158,21,17.2,-0.004788,-1.00741,1,-0.0470576,0.024882,0,-0.394939,-0.00590086,0,0.0109555,22,17.2,-2.99999,0.016081,1,-2.38419e-05,-0.208622,0,0,0.0994492,0,0.00827773,23,17.2,1.00001,-3,1,-8.04663e-05,0,0,0.000119209,0,0,0.0093993,24,17.2,2,-5.43752e-09,1,2.98023e-06,-4.49211e-08,0,-5.96046e-05,1.76074e-07,0,0.010511,25,17.2,0.994735,-0.753106,1,-0.0409171,-0.461204,0,-0.361055,0.236094,0,0.0145585,26,17.2,1.99167,0.990913,1,-0.105116,-0.066936,0,-0.892997,0.311583,0,0.0158919,27,17.2,-1.43851,3,1,-0.497982,0,0,0.0402927,0,0,0.00397433,28,17.2,2.97845,-2.99635,1,0.120008,0.0494719,0,-0.430107,0.396013,0,0.0046999,29,17.2,-0.649203,1.99842,1,0.431992,-0.0104368,0,0.226229,-0.100911,0,0.0100319,30,17.2,1.99995,2.99999,1,-0.000107288,-1.78814e-05,0,0.000655651,0.000119209,0,0.00486633,31,17.2,-2.34895,3,1,-0.431579,0,0,-0.285268,0,0,0.00406202,32,17.2,0.00073233,2.33255,1,0.000553872,0.5,0,-0.00295346,0,0,0.00704253,33,17.2,-1.83247,1.00024,1,-0.495324,-2.98023e-06,0,-0.0935197,-0.000596046,0,0.0105827,34,17.2,-1.56138,2,1,0.498277,0,0,-0.0345111,0,0,0.00972998,35,17.2,-0.0402503,1.00267,1,-0.156412,-0.00192523,0,-0.574848,-0.0171661,0,0.0114003
0,17.3,-3,-0.998842,1,-1.67638e-05,-0.224667,0,0.000163913,-0.205457,0,0.00888011,1,17.3,1.00596,-2.00038,1,0.0696702,0.00238493,0,-0.319265,-0.00420213,0,0.00931197,2,17.3,2.99865,-0.989455,1,0.0200447,0.104847,0,-0.191227,0.765957,0,0.00594822,3,17.3,-1.95457,0.149025,1,0.263813,-0.359977,0,0.872135,0.309018,0,0.0155789,4,17.3,-0.999942,-2,1,-0.000174902,3.241e-05,0,7.45058e-05,0,0,0.0131234,5,17.3,3,-1.98509,1,0,0.0790408,0,0,0.652038,0,0.00460806,6,17.3,-3,2.55744,1,0,-0.499905,0,0,-0.00378489,0,0.00711157,7,17.3,-1.04547,0.851741,1,-0.263851,0.357699,0,-0.872113,-0.309143,0,0.0119296,8,17.3,-1.11769,-0.000254441,1,0.499702,0.000125812,0,0.0119284,0.000387181,0,0.0123437,9,17.3,-2.00392,-2.00069,1,0.115837,0.0073798,0,-0.405602,-0.0192225,0,0.00867515,10,17.3,-1.99974,-0.988978,1,-0.000598095,0.194484,0,-0.00149757,0.229023,0,0.0135275,11,17.3,1.0168,1.41371,1,0.16302,0.5,0,0.964463,-7.45058e-06,0,0.0116318,12,17.3,1.99982,-1.99174,1,0.000355206,0.0993025,0,0.000588596,0.518799,0,0.012573,13,17.3,2.99992,0.00647053,1,0.000883266,0.127956,0,-0.00600517,1,0,0.00711048,14,17.3,-2.97466,-3,1,0.211206,0,0,0.993833,0,0,0.00697726,15,17.3,1.83953,-0.99473,1,0.298812,0.00524344,0,-0.965655,-0.0825413,0,0.00927079,16,17.3,-2.99952,-1.99285,1,-0.00196844,-0.246957,0,0.00476837,-0.209622,0,0.0112353,17,17.3,-1.00864,-1,1,-0.104148,-6.14673e-06,0,-0.507824,-0.000275671,0,0.00998786,18,17.3,-2.50836,1.99884,1,0.5,0.00342838,0,0,-0.00323355,0,0.00999453,19,17.3,0.999318,2.98789,1,0.00217026,-0.073275,0,-0.00128523,-0.849247,0,0.0075052,20,17.3,-0.491532,3,1,-0.496336,0,0,0.0766049,0,0,0.00486158,21,17.3,-0.0119155,-1.00498,1,-0.0992262,0.0233982,0,-0.619525,-0.0226945,0,0.0109555,22,17.3,-2.99999,-0.00485076,1,-2.23517e-05,-0.214945,0,2.98023e-05,-0.197089,0,0.00827773,23,17.3,1,-3,1,-6.71484e-05,0,0,0.000152737,0,0,0.0093993,24,17.3,2,-9.08132e-09,1,-1.86265e-06,-2.83003e-08,0,-2.98023e-05,1.55387e-07,0,0.010511,25,17.3,0.988496,-0.797851,1,-0.0867892,-0.431883,0,-0.536442,0.344791,0,0.0145585,26,17.3,1.97648,0.985663,1,-0.2001,-0.0391889,0,-0.986628,0.244871,0,0.0158919,27,17.3,-1.48821,3,1,-0.496863,0,0,-0.00917166,0,0,0.00397433,28,17.3,2.98841,-2.98898,1,0.08035,0.101626,0,-0.361115,0.618294,0,0.0046999,29,17.3,-0.604847,1.99697,1,0.455126,-0.01757,0,0.226509,-0.0442863,0,0.0100319,30,17.3,1.99994,2.99999,1,-4.71249e-05,-7.45058e-06,0,0.000543892,8.9407e-05,0,0.00486633,31,17.3,-2.39349,3,1,-0.458472,0,0,-0.245273,0,0,0.00406202,32,17.3,0.00108356,2.38255,1,0.00928387,0.5,0,0.165991,0,0,0.00704253,33,17.3,-1.88229,0.999929,1,-0.499707,-0.00909781,0,-0.01169,-0.171494,0,0.0105827,34,17.3,-1.51163,2,1,0.497414,0,0,0.00906736,0,0,0.00972998,35,17.3,-0.0591074,1.00241,1,-0.22347,-0.00327807,0,-0.739772,-0.0101402,0,0.0114003
0,17.4,-3,-1.02262,1,0,-0.253052,0,0,-0.339031,0,0.00683114,1,17.4,1.01143,-2.00016,1,0.0406414,0.00194311,0,-0.261128,-0.00464916,0,0.00919433,2,17.4,2.99982,-0.974815,1,0.00445843,0.190425,0,-0.122428,0.91517,0,0.00600432,3,17.4,-1.92395,0.114717,1,0.346798,-0.324876,0,0.769973,0.387352,0,0.0128007,4,17.4,-0.999959,-2,1,-0.000162423,2.98023e-05,0,0.000178814,-5.96046e-05,0,0.013353,5,17.4,3,-1.97374,1,0,0.149089,0,0,0.725091,0,0.00469387,6,17.4,-3,2.50744,1,0,-0.5,0,0,0,0,0.00723824,7,17.4,-1.07609,0.885824,1,-0.34683,0.322673,0,-0.769913,-0.385821,0,0.0112683,8,17.4,-1.0677,-0.000240053,1,0.500003,0.000160648,0,-5.96046e-05,0.000309672,0,0.0110119,9,17.4,-1.99427,-2.00005,1,0.0781029,0.00550747,0,-0.348091,-0.0181794,0,0.010624,10,17.4,-1.9998,-0.968094,1,-0.000786781,0.225504,0,-0.00238419,0.368029,0,0.0138069,11,17.4,1.03803,1.46371,1,0.262132,0.500003,0,0.999987,-5.96046e-05,0,0.0116738,12,17.4,1.99986,-1.97917,1,0.000429153,0.152293,0,0.00089407,0.525951,0,0.01315,13,17.4,2.99998,0.0242661,1,0.000363588,0.227956,0,-0.00417233,1,0,0.0067741,14,17.4,-2.94855,-3,1,0.311047,0,0,1.00017,0,0,0.00470793,15,17.4,1.86448,-0.994574,1,0.19967,-0.00170767,0,-0.999987,-0.0571012,0,0.0109718,16,17.4,-2.99969,-2.0189,1,-0.00149012,-0.276423,0,0.00441074,-0.354886,0,0.00813657,17,17.4,-1.02164,-1.00001,1,-0.156143,-6.25849e-05,0,-0.51707,-0.00089407,0,0.011163,18,17.4,-2.45836,1.99917,1,0.5,0.00305176,0,0,-0.00417233,0,0.00918291,19,17.4,0.999523,2.97621,1,0.0018701,-0.160754,0,-0.00479817,-0.876665,0,0.00919812,20,17.4,-0.540634,3,1,-0.484167,0,0,0.168562,0,0,0.00514416,21,17.4,-0.0251082,-1.00277,1,-0.165759,0.0205457,0,-0.687991,-0.0334978,0,0.010564,22,17.4,-2.99999,-0.027623,1,-1.78814e-05,-0.242824,0,0,-0.337159,0,0.0102263,23,17.4,0.999996,-3,1,-5.06639e-05,0,0,0.000149012,0,0,0.0077006,24,17.4,2,-1.11751e-08,1,-2.98023e-06,-1.39974e-08,0,0,1.30086e-07,0,0.0115257,25,17.4,0.976983,-0.839174,1,-0.144558,-0.393301,0,-0.602365,0.421882,0,0.0146983,26,17.4,1.9515,0.982868,1,-0.299767,-0.0176713,0,-0.999987,0.18695,0,0.0136528,27,17.4,-1.53797,3,1,-0.498447,0,0,-0.0174046,0,0,0.00482091,28,17.4,2.99477,-2.97556,1,0.0480533,0.167948,0,-0.284195,0.685215,0,0.00558132,29,17.4,-0.558265,1.99507,1,0.475721,-0.0197679,0,0.179529,-0.00202656,0,0.0107489,30,17.4,1.99994,2.99999,1,2.98023e-06,0,0,0.000357628,0,0,0.00622853,31,17.4,-2.44045,3,1,-0.479561,0,0,-0.173211,0,0,0.00431517,32,17.4,0.00304073,2.43255,1,0.0315935,0.5,0,0.270179,0,0,0.00711886,33,17.4,-1.93228,0.997948,1,-0.500003,-0.0324473,0,5.96046e-05,-0.286788,0,0.0118241,34,17.4,-1.46182,2,1,0.498822,0,0,0.0146031,0,0,0.0107301,35,17.4,-0.0852436,1.00204,1,-0.29962,-0.00399947,0,-0.762324,-0.00458956,0,0.0133386
0,17.5,-3,-1.04991,1,0,-0.295158,0,0,-0.482865,0,0.00683114,1,17.5,1.01428,-1.99999,1,0.0174776,0.00147931,0,-0.202745,-0.00457466,0,0.00919433,2,17.5,2.99974,-0.951069,1,-0.00516698,0.284955,0,-0.0720918,0.943344,0,0.00600432,3,17.5,-1.88564,0.0842378,1,0.416666,-0.284106,0,0.609897,0.424088,0,0.0128007,4,17.5,-0.999974,-1.99999,1,-0.000141654,2.29105e-05,0,0.000227243,-8.19564e-05,0,0.013353,5,17.5,3,-1.95493,1,0,0.229033,0,0,0.844456,0,0.00469387,6,17.5,-3,2.45744,1,0,-0.5,0,0,0,0,0.00723824,7,17.5,-1.11434,0.916105,1,-0.415279,0.282461,0,-0.588685,-0.415146,0,0.0112683,8,17.5,-1.0177,-0.0002226,1,0.5,0.000186871,0,0,0.00021651,0,0.0110119,9,17.5,-1.9881,-1.99959,1,0.0464214,0.00378583,0,-0.285514,-0.0161603,0,0.010624,10,17.5,-1.99993,-0.943382,1,-0.00197366,0.271424,0,-0.0201017,0.529338,0,0.0138069,11,17.5,1.06909,1.51365,1,0.356599,0.498073,0,0.861928,-0.039205,0,0.0116738,12,17.5,1.99991,-1.96124,1,0.000570528,0.206464,0,0.00204891,0.542283,0,0.01315,13,17.5,3,0.0520318,1,2.16067e-05,0.326646,0,-0.00271201,0.955065,0,0.0067741,14,17.5,-2.91275,-3,1,0.401221,0,0,0.777513,0,0,0.00470793,15,17.5,1.87945,-0.994992,1,0.0996701,-0.00627479,0,-1,-0.0350364,0,0.0109718,16,17.5,-2.99982,-2.04854,1,-0.00106357,-0.318314,0,0.00406802,-0.465393,0,0.00813657,17,17.5,-1.03991,-1.00002,1,-0.209604,-0.000139698,0,-0.536814,-0.000864267,0,0.011163,18,17.5,-2.40837,1.99945,1,0.499474,0.00261012,0,-0.0156164,-0.00459701,0,0.00918291,19,17.5,0.999662,2.95565,1,0.000679865,-0.250812,0,-0.0183359,-0.90085,0,0.00919812,20,17.5,-0.587538,3,1,-0.447899,0,0,0.530269,0,0,0.00514416,21,17.5,-0.0451884,-1.00089,1,-0.236119,0.0169861,0,-0.704679,-0.0371821,0,0.010564,22,17.5,-3,-0.0538649,1,-1.63913e-05,-0.284258,0,2.98023e-05,-0.472127,0,0.0102263,23,17.5,0.999992,-3,1,-3.58559e-05,0,0,0.000145286,0,0,0.0077006,24,17.5,2,-1.19716e-08,1,-2.79397e-06,-2.40316e-09,0,7.45058e-06,1.01829e-07,0,0.0115257,25,17.5,0.959252,-0.876304,1,-0.21215,-0.348506,0,-0.728104,0.469446,0,0.0146983,26,17.5,1.91676,0.981948,1,-0.391781,-0.00157533,0,-0.810362,0.136357,0,0.0136528,27,17.5,-1.58788,3,1,-0.499482,0,0,0.00108778,0,0,0.00482091,28,17.5,2.99828,-2.9552,1,0.0235762,0.240324,0,-0.205889,0.744477,0,0.00558132,29,17.5,-0.509915,1.99264,1,0.49011,-0.0329556,0,0.108782,-0.245057,0,0.0107489,30,17.5,1.99994,2.99999,1,3.42727e-05,3.72529e-07,0,0.000268221,1.49012e-05,0,0.00622853,31,17.5,-2.48914,3,1,-0.492821,0,0,-0.0927001,0,0,0.00431517,32,17.5,0.00780372,2.48255,1,0.0658701,0.5,0,0.402591,0,0,0.00711886,33,17.5,-1.98228,0.992955,1,-0.5,-0.0702275,0,-7.45058e-06,-0.456415,0,0.0118241,34,17.5,-1.41189,2,1,0.499537,0,0,-0.00394136,0,0,0.0107301,35,17.5,-0.118928,1.00162,1,-0.372663,-0.00424795,0,-0.679357,-0.000551343,0,0.0133386
0,17.6,-3,-1.08194,1,0,-0.345942,0,0,-0.516236,0,0.0105368,1,17.6,1.01511,-1.99987,1,-4.76837e-05,0.00103712,0,-0.148535,-0.00429153,0,0.0118624,2,17.6,2.99894,-0.918036,1,-0.0103295,0.373237,0,-0.0331402,0.795811,0,0.00581301,3,17.6,-1.8413,0.0579805,1,0.466475,-0.240799,0,0.380754,0.438593,0,0.0100604,4,17.6,-0.999987,-1.99999,1,-0.000117719,1.49012e-05,0,0.000268221,-5.96046e-05,0,0.010216,5,17.6,3,-1.92781,1,0,0.312886,0,0,0.810981,0,0.00489498,6,17.6,-3,2.40744,1,0,-0.5,0,0,0,0,0.00717061,7,17.6,-1.15846,0.94225,1,-0.463337,0.240257,0,-0.370502,-0.426024,0,0.0112555,8,17.6,-0.967697,-0.000202972,1,0.5,0.00020429,0,2.98023e-05,0.000133521,0,0.0124893,9,17.6,-1.98478,-1.99929,1,0.0209719,0.00228882,0,-0.223815,-0.0137687,0,0.00901156,10,17.6,-2.00025,-0.913472,1,-0.00457168,0.327538,0,-0.030756,0.575691,0,0.0127077,11,17.6,1.10866,1.56319,1,0.430527,0.492045,0,0.604093,-0.0817776,0,0.0111329,12,17.6,1.99998,-1.93796,1,0.000858307,0.258076,0,0.00393391,0.478446,0,0.0112281,13,17.6,2.99999,0.089198,1,-0.000190735,0.412967,0,-0.00143051,0.730086,0,0.00990472,14,17.6,-2.86925,-3,1,0.463337,0,0,0.458598,0,0,0.00677339,15,17.6,1.88442,-0.995764,1,-0.000330806,-0.0088647,0,-0.999987,-0.017494,0,0.0135915,16,17.6,-2.99991,-2.08276,1,-0.000691414,-0.36633,0,0.00345707,-0.48089,0,0.00855595,17,17.6,-1.06349,-1.00003,1,-0.260809,-0.000271201,0,-0.475705,-0.00184774,0,0.0116385,18,17.6,-2.35856,1.99969,1,0.495911,0.00213981,0,-0.0602007,-0.00470877,0,0.0077695,19,17.6,0.99962,2.92619,1,-0.00166595,-0.336868,0,-0.0279546,-0.803471,0,0.0112685,20,17.6,-0.629262,3,1,-0.382982,0,0,0.745863,0,0,0.00485143,21,17.6,-0.0722501,-0.999382,1,-0.304082,0.0131994,0,-0.642989,-0.0380874,0,0.0107203,22,17.6,-3,-0.0847399,1,-1.19209e-05,-0.333725,0,0,-0.501364,0,0.00826718,23,17.6,0.999989,-3,1,-2.08616e-05,0,0,0.000119209,0,0,0.00835075,24,17.6,2,-1.17491e-08,1,-2.98023e-06,6.39262e-09,0,5.96046e-05,7.4301e-08,0,0.0135761,25,17.6,0.934337,-0.908761,1,-0.286293,-0.30027,0,-0.737309,0.491321,0,0.0122684,26,17.6,1.87402,0.982398,1,-0.457844,0.00986755,0,-0.500858,0.0937879,0,0.0124578,27,17.6,-1.63776,3,1,-0.497293,0,0,0.0476241,0,0,0.00488893,28,17.6,2.99973,-2.92747,1,0.0066638,0.313616,0,-0.13411,0.70703,0,0.00536574,29,17.6,-0.46047,1.98783,1,0.497726,-0.0656694,0,0.0454783,-0.394702,0,0.0154425,30,17.6,1.99995,2.99999,1,5.96046e-05,0,0,0.000119209,0.000119209,0,0.00636539,31,17.6,-2.53876,3,1,-0.498617,0,0,-0.0276566,0,0,0.00371843,32,17.6,0.0165335,2.53255,1,0.109746,0.5,0,0.46403,0,0,0.00709718,33,17.6,-2.03228,0.983457,1,-0.5,-0.121397,0,0,-0.555992,0,0.0124065,34,17.6,-1.36202,2,1,0.497141,0,0,-0.0494719,0,0,0.0104245,35,17.6,-0.159332,1.0012,1,-0.432561,-0.0041455,0,-0.50848,0.00244379,0,0.0130932
0,17.7,-3,-1.11907,1,0,-0.396068,0,0,-0.474893,0,0.0105368,1,17.7,1.01445,-1.99978,1,-0.012394,0.000636093,0,-0.0996143,-0.00371784,0,0.0118624,2,17.7,2.99778,-0.877126,1,-0.0123963,0.440759,0,-0.00926852,0.544481,0,0.00581301,3,17.7,-1.79315,0.0360619,1,0.492607,-0.197921,0,0.151701,0.417682,0,0.0100604,4,17.7,-0.999997,-1.99999,1,-9.06177e-05,8.9407e-06,0,0.000271946,-5.96046e-05,0,0.010216,5,17.7,3,-1.89261,1,0,0.38901,0,0,0.689633,0,0.00489498,6,17.7,-3,2.35756,1,0,-0.496332,0,0,0.0745058,0,0.00717061,7,17.7,-1.20629,0.964168,1,-0.490015,0.198374,0,-0.167653,-0.410151,0,0.0112555,8,17.7,-0.917697,-0.00018201,1,0.5,0.000213667,0,0,5.60185e-05,0,0.0124893,9,17.7,-1.9837,-1.99912,1,0.00159051,0.00104774,0,-0.164814,-0.0110492,0,0.00901156,10,17.7,-2.00082,-0.877768,1,-0.00668578,0.386563,0,-0.0123531,0.578515,0,0.0127077,11,17.7,1.15424,1.61189,1,0.476329,0.481032,0,0.315182,-0.137724,0,0.0111329,12,17.7,2.0001,-1.90973,1,0.00153296,0.306495,0,0.00934303,0.475273,0,0.0112281,13,17.7,2.99996,0.133578,1,-0.000292435,0.469009,0,-0.00064075,0.393772,0,0.00990472,14,17.7,-2.82116,-3,1,0.493439,0,0,0.160322,0,0,0.00677339,15,17.7,1.87938,-0.996714,1,-0.10033,-0.00993442,0,-1,-0.0045076,0,0.0135915,16,17.7,-2.99996,-2.12188,1,-0.000394136,-0.415931,0,0.0025332,-0.4839,0,0.00855595,17,17.7,-1.09192,-1.00007,1,-0.307256,-0.000426173,0,-0.444591,-0.00151992,0,0.0116385,18,17.7,-2.30937,1.99988,1,0.486834,0.00167396,0,-0.124514,-0.00456721,0,0.0077695,19,17.7,0.999338,2.88874,1,-0.00375416,-0.409068,0,-0.0143498,-0.627011,0,0.0112685,20,17.7,-0.663338,3,1,-0.294895,0,0,0.968236,0,0,0.00485143,21,17.7,-0.105823,-0.998249,1,-0.366585,0.00950992,0,-0.596102,-0.0355095,0,0.0107203,22,17.7,-3,-0.12059,1,-1.00583e-05,-0.382751,0,4.47035e-05,-0.470313,0,0.00826718,23,17.7,0.999987,-3,1,-9.49949e-06,0,0,0.000104308,0,0,0.00835075,24,17.7,2,-1.07829e-08,1,2.04891e-06,1.2501e-08,0,3.72529e-05,4.84351e-08,0,0.0135761,25,17.7,0.902179,-0.936345,1,-0.355138,-0.251606,0,-0.633057,0.479802,0,0.0122684,26,17.7,1.82628,0.983793,1,-0.491758,0.0174526,0,-0.190958,0.0590459,0,0.0124578,27,17.7,-1.68714,3,1,-0.489349,0,0,0.114486,0,0,0.00488893,28,17.7,2.99982,-2.89272,1,-0.00396855,0.379573,0,-0.0806302,0.602186,0,0.00536574,29,17.7,-0.410591,1.97867,1,0.498641,-0.122759,0,-0.0275187,-0.712842,0,0.0154425,30,17.7,1.99995,2.99999,1,6.89179e-05,9.68575e-06,0,7.45058e-05,5.96046e-05,0,0.00636539,31,17.7,-2.58871,3,1,-0.499676,0,0,0.00503659,0,0,0.00371843,32,17.7,0.0300526,2.58247,1,0.162508,0.497569,0,0.576611,-0.0503212,0,0.00709718,33,17.7,-2.08228,0.96832,1,-0.5,-0.183134,0,0,-0.663552,0,0.0124065,34,17.7,-1.31265,2,1,0.489051,0,0,-0.115581,0,0,0.0104245,35,17.7,-0.204795,1.0008,1,-0.473288,-0.00381377,0,-0.30435,0.00409037,0,0.0130932
0,17.8,-3,-1.16091,1,0,-0.439101,0,0,-0.379026,0,0.00979003,1,17.8,1.01278,-1.99974,1,-0.0202179,0.000298023,0,-0.0580549,-0.00309944,0,0.0119294,2,17.8,2.99653,-0.830787,1,-0.0123799,0.481494,0,0.00858307,0.273973,0,0.00587573,3,17.8,-1.74342,0.0183142,1,0.499636,-0.157501,0,0.00727177,0.389625,0,0.0122832,4,17.8,-1,-1.99999,1,-6.55651e-05,0,0,0.000238419,0,0,0.0126433,5,17.8,3,-1.8506,1,0,0.447673,0,0,0.474095,0,0.00475275,6,17.8,-3,2.30843,1,0,-0.484943,0,0,0.153661,0,0.00848794,7,17.8,-1.25586,0.981992,1,-0.498822,0.158501,0,-0.0236034,-0.386029,0,0.0125983,8,17.8,-0.867697,-0.000160478,1,0.5,0.000215881,0,2.98023e-05,-9.85165e-06,0,0.0123004,9,17.8,-1.98428,-1.99907,1,-0.0122041,7.7486e-05,0,-0.112116,-0.00840425,0,0.0096278,10,17.8,-2.00153,-0.836383,1,-0.00720024,0.439087,0,0.0013113,0.45681,0,0.0121688,11,17.8,1.20303,1.65922,1,0.495613,0.464657,0,0.087738,-0.188947,0,0.0128067,12,17.8,2.0003,-1.87681,1,0.00268221,0.35058,0,0.0135899,0.395477,0,0.0108936,13,17.8,2.99993,0.181951,1,-0.000327826,0.493884,0,0,0.122323,0,0.0104714,14,17.8,-2.77136,-3,1,0.5,0,0,0,0,0,0.00647832,15,17.8,1.86435,-0.997713,1,-0.200331,-0.00988096,0,-0.999987,0.00500679,0,0.0112431,16,17.8,-2.99999,-2.16572,1,-0.000184774,-0.458932,0,0.00178814,-0.361562,0,0.00692383,17,17.8,-1.12475,-1.00012,1,-0.348195,-0.000619888,0,-0.367582,-0.00274181,0,0.0134985,18,17.8,-2.26144,2.00002,1,0.470519,0.00122786,0,-0.203371,-0.00417233,0,0.00814811,19,17.8,0.99891,2.84507,1,-0.00464022,-0.460559,0,-0.0038445,-0.399232,0,0.0113037,20,17.8,-0.687891,3,1,-0.195689,0,0,1.00002,0,0,0.00602499,21,17.8,-0.145308,-0.99747,1,-0.421367,0.00613183,0,-0.491142,-0.0318885,0,0.0111636,22,17.8,-3,-0.161106,1,0,-0.426304,0,-0.000119209,-0.394762,0,0.00847652,23,17.8,0.999987,-3,1,0,0,0,8.9407e-05,0,0,0.00620357,24,17.8,2,-9.32936e-09,1,2.98023e-06,1.6197e-08,0,0.000119209,2.60876e-08,0,0.0132754,25,17.8,0.863715,-0.959141,1,-0.411884,-0.204708,0,-0.498205,0.456244,0,0.0119031,26,17.8,1.77653,0.985784,1,-0.5,0.0218943,0,0,0.0308454,0,0.0153948,27,17.8,-1.73537,3,1,-0.473899,0,0,0.196218,0,0,0.00524333,28,17.8,2.9991,-2.85199,1,-0.00985861,0.432557,0,-0.0389814,0.452757,0,0.00511616,29,17.8,-0.360988,1.96254,1,0.492191,-0.202057,0,-0.101432,-0.845551,0,0.0190383,30,17.8,1.99996,2.99999,1,7.45058e-05,1.19209e-05,0,0,0.000119209,0,0.00510553,31,17.8,-2.63858,3,1,-0.496995,0,0,0.0561476,0,0,0.00434179,32,17.8,0.0492704,2.63189,1,0.222373,0.489658,0,0.608348,-0.108957,0,0.00829531,33,17.8,-2.13228,0.946616,1,-0.5,-0.251347,0,0,-0.688314,0,0.012081,34,17.8,-1.26446,2,1,0.473526,0,0,-0.196755,0,0,0.0111868,35,17.8,-0.253318,1.00044,1,-0.494055,-0.0033468,0,-0.118896,0.00524521,0,0.0114447
0,17.9,-3,-1.20654,1,0,-0.471627,0,0,-0.264414,0,0.00979003,1,17.9,1.01053,-1.99972,1,-0.0242641,2.45869e-05,0,-0.0242367,-0.00236928,0,0.0119294,2,17.9,2.99535,-0.78166,1,-0.0110015,0.497641,0,0.018388,0.0703074,0,0.00587573,3,17.9,-1.69343,0.00445214,1,0.499977,-0.120358,0,0.000908971,0.35262,0,0.0122832,4,17.9,-1.00001,-1.99999,1,-4.28408e-05,-9.31323e-07,0,0.000208616,-2.23517e-05,0,0.0126433,5,17.9,3,-1.80386,1,0,0.483045,0,0,0.23742,0,0.00475275,6,17.9,-3,2.26033,1,0,-0.480091,0,0,-0.0308007,0,0.00848794,7,17.9,-1.30581,0.996259,1,-0.499927,0.130047,0,-0.00292808,-0.193164,0,0.0125983,8,17.9,-0.817697,-0.000139044,1,0.5,0.000211798,0,0,-6.95954e-05,0,0.0123004,9,17.9,-1.98598,-1.9991,1,-0.0210691,-0.000633486,0,-0.0666082,-0.00586361,0,0.0096278,10,17.9,-2.00223,-0.790483,1,-0.00670478,0.475902,0,0.00822544,0.276189,0,0.0121688,11,17.9,1.25286,1.70463,1,0.499725,0.442596,0,0.0109673,-0.249974,0,0.0128067,12,17.9,2.0007,-1.83982,1,0.00576265,0.388603,0,0.0447184,0.358,0,0.0108936,13,17.9,2.9999,0.231714,1,-0.000310317,0.499618,0,0.000342727,0.0152913,0,0.0104714,14,17.9,-2.72136,-3,1,0.5,0,0,0,0,0,0.00647832,15,17.9,1.83938,-0.998667,1,-0.297851,-0.00910098,0,-0.927597,0.0102706,0,0.0112431,16,17.9,-3,-2.21313,1,-3.72529e-05,-0.486347,0,0.00119209,-0.187546,0,0.00692383,17,17.9,-1.1615,-1.00022,1,-0.387397,-0.00155661,0,-0.402875,-0.014849,0,0.0134985,18,17.9,-2.21606,2.00013,1,0.431244,0.000832975,0,-0.555292,-0.00369549,0,0.00814811,19,17.9,0.998438,2.7974,1,-0.00468213,-0.489238,0,0.00268221,-0.179902,0,0.0113037,20,17.9,-0.70246,3,1,-0.0956888,0,0,1.00001,0,0,0.00602499,21,17.9,-0.189621,-0.997008,1,-0.462116,0.00320422,0,-0.324385,-0.0266694,0,0.0111636,22,17.9,-3,-0.205581,1,-1.49012e-06,-0.461666,0,2.98023e-05,-0.303173,0,0.00847652,23,17.9,0.999987,-3,1,7.72998e-06,0,0,7.07805e-05,0,0,0.00620357,24,17.9,2,-7.61192e-09,1,1.17347e-05,1.78434e-08,0,6.70552e-05,7.57406e-09,0,0.0132754,25,17.9,0.820273,-0.977399,1,-0.454517,-0.161142,0,-0.352118,0.414446,0,0.0119031,26,17.9,1.72653,0.988089,1,-0.5,0.0238472,0,0,0.00910088,0,0.0153948,27,17.9,-1.7816,3,1,-0.448878,0,0,0.300772,0,0,0.00524333,28,17.9,2.99797,-2.80669,1,-0.0122998,0.470955,0,-0.011161,0.305206,0,0.00511616,29,17.9,-0.312463,1.93783,1,0.476522,-0.293983,0,-0.20794,-0.951327,0,0.0190383,30,17.9,1.99997,3,1,7.26432e-05,1.75089e-05,0,-4.47035e-05,1.49012e-05,0,0.00510553,31,17.9,-2.68789,3,1,-0.487901,0,0,0.128806,0,0,0.00434179,32,17.9,0.0747581,2.68013,1,0.288819,0.473705,0,0.695402,-0.206649,0,0.00829531,33,17.9,-2.18228,0.917991,1,-0.5,-0.321161,0,0,-0.689171,0,0.012081,34,17.9,-1.21827,2,1,0.448477,0,0,-0.300832,0,0,0.0111868,35,17.9,-0.303087,1.00013,1,-0.499628,-0.00279313,0,-0.0148638,0.00576302,0,0.0114447
0,18,-3,-1.2548,1,0,-0.491381,0,0,-0.131726,0,0.00862479,1,18,1.00803,-1.99973,1,-0.025323,-0.000178814,0,0.00178814,-0.00166893,0,0.0119754,2,18,2.99435,-0.731719,1,-0.00881553,0.5,0,0.0249147,2.98023e-05,0,0.00587023,3,18,-1.64343,-0.00588639,1,0.500003,-0.0870814,0,-5.96046e-05,0.312484,0,0.0103606,4,18,-1.00001,-1.99999,1,-2.38419e-05,-2.98023e-06,0,0.000178814,-5.96046e-05,0,0.0119851,5,18,3,-1.75471,1,0,0.497079,0,0,0.0584126,0,0.0047515,6,18,-3,2.21203,1,0,-0.486809,0,0,-0.0865459,0,0.00773208,7,18,-1.35581,1.00855,1,-0.500003,0.117967,0,5.96046e-05,-0.0572205,0,0.0101978,8,18,-0.767697,-0.000118296,1,0.5,0.000202388,0,2.98023e-05,-0.00011655,0,0.011823,9,18,-1.98835,-1.99919,1,-0.0258088,-0.00110567,0,-0.0294447,-0.00363588,0,0.00898994,10,18,-2.00285,-0.741811,1,-0.00562668,0.494683,0,0.0128746,0.106335,0,0.0112467,11,18,1.30286,1.74756,1,0.500003,0.415102,0,-5.96046e-05,-0.297666,0,0.014932,12,18,2.00153,-1.79928,1,0.0110269,0.420949,0,0.0578165,0.283599,0,0.0105335,13,18,2.99987,0.281706,1,-0.00026226,0.5,0,0.000476837,0,0,0.0095887,14,18,-2.67136,-3,1,0.5,0,0,0,0,0,0.00795338,15,18,1.80523,-0.999519,1,-0.382084,-0.00788718,0,-0.742137,0.0137687,0,0.0114837,16,18,-3,-2.26244,1,5.36442e-05,-0.497597,0,0.000715256,-0.0480413,0,0.00657494,17,18,-1.20222,-1.00046,1,-0.426447,-0.00338256,0,-0.368416,-0.0206828,0,0.0126653,18,18,-2.17611,2.00019,1,0.364363,0.000488758,0,-0.75984,-0.00309944,0,0.00898724,19,18,0.997992,2.74787,1,-0.00416636,-0.498712,0,0.00733137,-0.0258684,0,0.0111105,20,18,-0.707029,3,1,0.00431091,0,0,1.00002,0,0,0.00508984,21,18,-0.237191,-0.996812,1,-0.486726,0.000794232,0,-0.172086,-0.0214875,0,0.0122603,22,18,-3,-0.25306,1,0,-0.485808,0,0,-0.177667,0,0.00827551,23,18,0.999988,-3,1,1.3411e-05,0,0,2.98023e-05,0,0,0.00881214,24,18,2,-5.8152e-09,1,1.49012e-05,1.78532e-08,0,0,-6.69555e-09,0,0.0119715,25,18,0.773311,-0.991515,1,-0.482255,-0.121926,0,-0.204414,0.369459,0,0.0118331,26,18,1.67653,0.990489,1,-0.500003,0.0238851,0,5.96046e-05,-0.00756979,0,0.0140753,27,18,-1.82484,3,1,-0.414434,0,0,0.384629,0,0,0.00519206,28,18,2.99672,-2.75836,1,-0.0123382,0.492823,0,0.00905991,0.134587,0,0.00567653,29,18,-0.265999,1.90381,1,0.451376,-0.384182,0,-0.291258,-0.812829,0,0.0124113,30,18,1.99998,3,1,6.85453e-05,1.78814e-05,0,-5.96046e-05,-0.000119209,0,0.00531613,31,18,-2.73589,3,1,-0.470763,0,0,0.215292,0,0,0.00436181,32,18,0.107092,2.72633,1,0.357136,0.44899,0,0.652924,-0.284195,0,0.0072554,33,18,-2.23228,0.882552,1,-0.5,-0.386035,0,0,-0.595599,0,0.0113444,34,18,-1.17508,2,1,0.414044,0,0,-0.384331,0,0,0.0119474,35,18,-0.35308,0.999884,1,-0.5,-0.00220686,0,1.43051e-05,0.00593066,0,0.0142463
0,18.1,-3,-1.3044,1,0,-0.498953,0,0,-0.0317097,0,0.00862479,1,18.1,1.00554,-1.99975,1,-0.0241607,-0.000314042,0,0.0202954,-0.00104308,0,0.0119754,2,18.1,2.9936,-0.681719,1,-0.0061661,0.5,0,0.0276864,0,0,0.00587023,3,18.1,-1.59343,-0.0131142,1,0.5,-0.0582854,0,-7.45058e-06,0.263851,0,0.0103606,4,18.1,-1.00002,-1.99999,1,-7.82311e-06,-8.00937e-06,0,0.00013411,-3.72529e-05,0,0.0119851,5,18.1,3,-1.70482,1,0,0.499817,0,0,0.00730157,0,0.0047515,6,18.1,-3,2.1629,1,0,-0.49556,0,0,-0.0719279,0,0.00773208,7,18.1,-1.40581,1.02033,1,-0.5,0.120252,0,7.45058e-06,0.0920892,0,0.0101978,8,18.1,-0.717697,-9.87013e-05,1,0.5,0.000188925,0,0,-0.000150948,0,0.011823,9,18.1,-1.99103,-1.99931,1,-0.0272494,-0.00137147,0,-0.000745058,-0.00173599,0,0.00898994,10,18.1,-2.00334,-0.692017,1,-0.00420436,0.499668,0,0.0153184,0.0132993,0,0.0112467,11,18.1,1.35286,1.78751,1,0.5,0.383478,0,-7.45058e-06,-0.332862,0,0.014932,12,18.1,2.00289,-1.75572,1,0.0158384,0.450209,0,0.0380874,0.285588,0,0.0105335,13,18.1,2.99985,0.331706,1,-0.000206009,0.5,0,0.00064075,-3.57628e-06,0,0.0095887,14,18.1,-2.62136,-3,1,0.5,0,0,0,0,0,0.00795338,15,18.1,1.76368,-1.00024,1,-0.444981,-0.00644596,0,-0.50658,0.0148825,0,0.0114837,16,18.1,-2.99999,-2.31235,1,0.000105798,-0.499849,0,0.000327826,-0.00600517,0,0.00657494,17,18.1,-1.24667,-1.00088,1,-0.461539,-0.0047734,0,-0.314049,-0.00772625,0,0.0126653,18,18.1,-2.14393,2.00023,1,0.27562,0.00022687,0,-0.969976,-0.00186265,0,0.00898724,19,18.1,0.997617,2.69792,1,-0.0032871,-0.499921,0,0.0100248,-0.00318885,0,0.0111105,20,18.1,-0.701598,3,1,0.104312,0,0,1.00001,0,0,0.00508984,21,18.1,-0.286512,-0.99683,1,-0.497766,-0.00105752,0,-0.0565322,-0.0156872,0,0.0122603,22,18.1,-3,-0.302326,1,0,-0.497567,0,0,-0.0620221,0,0.00827551,23,18.1,0.99999,-3,1,1.58325e-05,0,0,1.49012e-05,0,0,0.00881214,24,18.1,2,-4.08188e-09,1,1.39698e-05,1.66446e-08,0,-7.45058e-06,-1.68229e-08,0,0.0119715,25,18.1,0.724281,-1.00195,1,-0.496268,-0.0876754,0,-0.0807419,0.315946,0,0.0118331,26,18.1,1.62653,0.99282,1,-0.5,0.0225479,0,7.45058e-06,-0.0185743,0,0.0140753,27,18.1,-1.86425,3,1,-0.372917,0,0,0.442557,0,0,0.00519206,28,18.1,2.99555,-2.70865,1,-0.0108417,0.499439,0,0.0201017,0.0201762,0,0.00567653,29,18.1,-0.222433,1.8618,1,0.41887,-0.450942,0,-0.355282,-0.515684,0,0.0124113,30,18.1,1.99998,3,1,6.16536e-05,7.82311e-06,0,-8.19564e-05,-7.45058e-05,0,0.00531613,31,18.1,-2.7817,3,1,-0.443567,0,0,0.324756,0,0,0.00436181,32,18.1,0.145998,2.7697,1,0.419573,0.417275,0,0.569404,-0.346735,0,0.0072554,33,18.1,-2.28228,0.841167,1,-0.5,-0.439393,0,0,-0.459507,0,0.0113444,34,18.1,-1.1357,2,1,0.372568,0,0,-0.442043,0,0,0.0119474,35,18.1,-0.40308,0.999692,1,-0.5,-0.00163158,0,0,0.00555441,0,0.0142463
0,18.2,-3,-1.35438,1,0,-0.500003,0,0,5.96046e-05,0,0.00873683,1,18.2,1.00325,-1.99979,1,-0.0214785,-0.000393391,0,0.0324249,-0.000536442,0,0.0115647,2,18.2,2.99313,-0.631719,1,-0.00335574,0.5,0,0.0282526,2.98023e-05,0,0.00521322,3,18.2,-1.54343,-0.0177013,1,0.500003,-0.0342235,0,-5.96046e-05,0.217848,0,0.0100929,4,18.2,-1.00002,-1.99999,1,5.96046e-06,-1.19209e-05,0,5.96046e-05,-5.96046e-05,0,0.0106087,5,18.2,3,-1.65482,1,0,0.500003,0,0,-5.96046e-05,0,0.00559899,6,18.2,-3,2.11309,1,0,-0.49957,0,0,-0.00858307,0,0.008484,7,18.2,-1.45581,1.03299,1,-0.500003,0.134367,0,5.96046e-05,0.18096,0,0.0131171,8,18.2,-0.667697,-8.0608e-05,1,0.5,0.000172536,0,2.98023e-05,-0.000175212,0,0.0122822,9,18.2,-1.99372,-1.99945,1,-0.0262231,-0.00146925,0,0.0201464,-0.000178814,0,0.00771912,10,18.2,-2.00369,-0.642024,1,-0.00261068,0.5,0,0.0162125,2.98023e-05,0,0.0119139,11,18.2,1.40286,1.82415,1,0.500003,0.348905,0,-5.96046e-05,-0.356913,0,0.013413,12,18.2,2.00463,-1.70937,1,0.0186086,0.475603,0,0.0172853,0.213802,0,0.011031,13,18.2,2.99983,0.381706,1,-0.000137091,0.5,0,0.000715256,1.43051e-05,0,0.0118513,14,18.2,-2.57136,-3,1,0.5,0,0,0,0,0,0.00710809,15,18.2,1.71708,-1.00081,1,-0.482845,-0.00494123,0,-0.254333,0.01508,0,0.0110184,16,18.2,-2.99998,-2.36235,1,0.00012517,-0.5,0,0.000119209,0,0,0.0066705,17,18.2,-1.29419,-1.00138,1,-0.486696,-0.00503957,0,-0.182748,0.00178814,0,0.0101675,18,18.2,-2.12131,2.00024,1,0.176376,0.000154972,0,-1.00017,0.000596046,0,0.00946375,19,18.2,0.997341,2.64792,1,-0.00220537,-0.5,0,0.0114739,0,0,0.00962194,20,18.2,-0.686167,3,1,0.204311,0,0,1.00002,0,0,0.00813032,21,18.2,-0.336448,-0.997006,1,-0.5,-0.00237226,0,1.43051e-05,-0.0107288,0,0.0105825,22,18.2,-3,-0.352257,1,0,-0.5,0,0,-1.43051e-05,0,0.00703055,23,18.2,0.999992,-3,1,1.63913e-05,0,0,2.98023e-05,0,0,0.00867471,24,18.2,2,-2.51374e-09,1,1.19209e-05,1.46105e-08,0,0,-2.32936e-08,0,0.0109665,25,18.2,0.674406,-1.00922,1,-0.4999,-0.058651,0,-0.00202656,0.265062,0,0.0108584,26,18.2,1.57653,0.994968,1,-0.500003,0.020285,0,5.96046e-05,-0.0261664,0,0.0142123,27,18.2,-1.89926,3,1,-0.326562,0,0,0.481367,0,0,0.00651443,28,18.2,2.99458,-2.65866,1,-0.0084579,0.5,0,0.0270605,0,0,0.00614824,29,18.2,-0.182404,1.81463,1,0.380997,-0.487509,0,-0.398949,-0.224411,0,0.0133732,30,18.2,1.99999,3,1,5.36442e-05,5.96046e-06,0,-0.000119209,-0.000238419,0,0.00531495,31,18.2,-2.82428,3,1,-0.406599,0,0,0.410557,0,0,0.00374114,32,18.2,0.190504,2.80961,1,0.467237,0.38029,0,0.372514,-0.389814,0,0.00625356,33,18.2,-2.33228,0.795224,1,-0.5,-0.476439,0,0,-0.278443,0,0.00942462,34,18.2,-1.10072,2,1,0.326267,0,0,-0.480652,0,0,0.0130553,35,18.2,-0.45308,0.999556,1,-0.5,-0.0011012,0,1.43051e-05,0.00506639,0,0.0119551
0,18.3,-3,-1.40438,1,0,-0.5,0,0,7.45058e-06,0,0.00873683,1,18.3,1.00127,-1.99983,1,-0.0178861,-0.000425056,0,0.0386275,-0.000104308,0,0.0115647,2,18.3,2.99293,-0.581719,1,-0.000669435,0.5,0,0.0253469,0,0,0.00521322,3,18.3,-1.49343,-0.0201084,1,0.5,-0.0146448,0,-7.45058e-06,0.174258,0,0.0100929,4,18.3,-1.00001,-1.99999,1,1.11759e-05,-1.67638e-05,0,4.47035e-05,-2.98023e-05,0,0.0106087,5,18.3,3,-1.60482,1,0,0.5,0,0,-7.45058e-06,0,0.00559899,6,18.3,-3,2.06311,1,0,-0.499973,0,0,-0.00107288,0,0.008484,7,18.3,-1.50581,1.04749,1,-0.5,0.157015,0,7.45058e-06,0.26267,0,0.0131171,8,18.3,-0.617696,-6.42583e-05,1,0.5,0.000154216,0,0,-0.00018979,0,0.0122822,9,18.3,-1.99622,-1.9996,1,-0.0234833,-0.00142958,0,0.0335798,0.000916421,0,0.00771912,10,18.3,-2.00387,-0.592024,1,-0.00104494,0.5,0,0.0150055,0,0,0.0119139,11,18.3,1.45286,1.85723,1,0.5,0.312302,0,-7.45058e-06,-0.373147,0,0.013413,12,18.3,2.00652,-1.66091,1,0.0187427,0.49191,0,-0.012964,0.112012,0,0.011031,13,18.3,2.99982,0.431706,1,-6.59376e-05,0.5,0,0.000700355,-1.78814e-06,0,0.0118513,14,18.3,-2.52136,-3,1,0.5,0,0,0,0,0,0.00710809,15,18.3,1.66788,-1.00123,1,-0.497818,-0.00348724,0,-0.0650734,0.0139475,0,0.0110184,16,18.3,-2.99996,-2.41235,1,0.00012666,-0.5,0,-8.9407e-05,0,0,0.0066705,17,18.3,-1.34354,-1.00186,1,-0.498075,-0.00457279,0,-0.0540912,0.00721216,0,0.0101675,18,18.3,-2.10868,2.00031,1,0.0763677,0.00150837,0,-1.00002,0.0247806,0,0.00946375,19,18.3,0.997177,2.59792,1,-0.00107652,-0.5,0,0.0110157,0,0,0.00962194,20,18.3,-0.660833,3,1,0.300854,0,0,0.910461,0,0,0.00813032,21,18.3,-0.386448,-0.997289,1,-0.5,-0.00322433,0,0,-0.00644848,0,0.0105825,22,18.3,-3,-0.402257,1,0,-0.5,0,0,1.78814e-06,0,0.00703055,23,18.3,0.999993,-3,1,1.81608e-05,0,0,1.11759e-05,0,0,0.00867471,24,18.3,2,-1.17552e-09,1,1.15484e-05,1.21021e-08,0,-1.49012e-05,-2.64161e-08,0,0.0109665,25,18.3,0.62441,-1.01385,1,-0.499994,-0.0347983,0,-0.000249594,0.212938,0,0.0108584,26,18.3,1.52653,0.996858,1,-0.5,0.0174365,0,7.45058e-06,-0.0303648,0,0.0142123,27,18.3,-1.92947,3,1,-0.277337,0,0,0.499055,0,0,0.00651443,28,18.3,2.99387,-2.60866,1,-0.0056725,0.5,0,0.0282973,0,0,0.00614824,29,18.3,-0.146341,1.76516,1,0.339888,-0.498901,0,-0.420704,-0.0375733,0,0.0133732,30,18.3,1.99999,3,1,4.19095e-05,-1.15484e-05,0,-0.000111759,-0.00013411,0,0.00531495,31,18.3,-2.86277,3,1,-0.362201,0,0,0.473306,0,0,0.00374114,32,18.3,0.238693,2.84565,1,0.492785,0.339916,0,0.148166,-0.414938,0,0.00625356,33,18.3,-2.38228,0.746501,1,-0.5,-0.49512,0,0,-0.104986,0,0.00942462,34,18.3,-1.07054,2,1,0.277113,0,0,-0.498347,0,0,0.0130553,35,18.3,-0.50308,0.99947,1,-0.5,-0.000625942,0,1.78814e-06,0.00442192,0,0.0119551
0,18.4,-3,-1.45438,1,0,-0.500003,0,0,5.96046e-05,0,0.00704978,1,18.4,0.999683,-1.99987,1,-0.0138968,-0.000417233,0,0.0405908,0.000178814,0,0.0103666,2,18.4,2.99298,-0.531719,1,0.00169873,0.5,0,0.0216961,1.43051e-05,0,0.00607969,3,18.4,-1.44343,-0.0207701,1,0.500003,0.000739191,0,-5.96046e-05,0.133996,0,0.0105245,4,18.4,-1.00001,-1.99999,1,1.49012e-05,-1.78814e-05,0,0,0,0,0.0102521,5,18.4,3,-1.55482,1,0,0.500003,0,0,-5.96046e-05,0,0.00467619,6,18.4,-3,2.01311,1,0,-0.500003,0,0,5.96046e-05,0,0.00852617,7,18.4,-1.55581,1.06458,1,-0.500003,0.18518,0,5.96046e-05,0.292599,0,0.0109048,8,18.4,-0.567697,-4.97998e-05,1,0.5,0.000134844,0,2.98023e-05,-0.000196393,0,0.0110372,9,18.4,-1.99838,-1.99974,1,-0.0197053,-0.00129938,0,0.0410676,0.00160933,0,0.00905863,10,18.4,-2.0039,-0.542024,1,0.000375509,0.5,0,0.0133514,2.98023e-05,0,0.010858,11,18.4,1.50286,1.88658,1,0.500003,0.274649,0,-5.96046e-05,-0.378013,0,0.0111157,12,18.4,2.00829,-1.61132,1,0.0163317,0.498599,0,-0.0337362,0.0280142,0,0.0096787,13,18.4,2.99982,0.481706,1,-5.96046e-06,0.5,0,0.000834465,-1.43051e-05,0,0.0121076,14,18.4,-2.47136,-3,1,0.5,0,0,0,0,0,0.00728029,15,18.4,1.61794,-1.00151,1,-0.500003,-0.00216067,0,5.96046e-05,0.012517,0,0.0125668,16,18.4,-2.99995,-2.46235,1,0.000113249,-0.5,0,-0.000238419,0,0,0.00631162,17,18.4,-1.39349,-1.00228,1,-0.500003,-0.00365973,0,5.96046e-05,0.0107288,0,0.00967248,18,18.4,-2.10604,2.00061,1,-0.0236273,0.00478029,0,-1.00017,0.0393391,0,0.0107804,19,18.4,0.997124,2.54792,1,-1.78814e-05,-0.5,0,0.0101328,0,0,0.00997652,20,18.4,-0.626476,3,1,0.38316,0,0,0.723541,0,0,0.00753331,21,18.4,-0.436448,-0.997637,1,-0.5,-0.00368953,0,1.43051e-05,-0.00295043,0,0.00938409,22,18.4,-3,-0.452257,1,0,-0.5,0,0,1.43051e-05,0,0.00753577,23,18.4,0.999995,-3,1,1.78814e-05,0,0,0,0,0,0.00770156,24,18.4,2,-9.93828e-11,1,5.96046e-06,9.40995e-09,0,0.000119209,-2.70593e-08,0,0.0110854,25,18.4,0.57441,-1.01635,1,-0.5,-0.0158787,0,-2.98023e-05,0.166357,0,0.0121503,26,18.4,1.47653,0.998446,1,-0.500003,0.0142932,0,5.96046e-05,-0.0321567,0,0.0151171,27,18.4,-1.95471,3,1,-0.227505,0,0,0.494063,0,0,0.00704315,28,18.4,2.99345,-2.55866,1,-0.00285506,0.5,0,0.0276566,0,0,0.00576261,29,18.4,-0.114474,1.71518,1,0.297333,-0.500003,0,-0.428155,5.96046e-05,0,0.0155602,30,18.4,2,3,1,3.27826e-05,-1.78814e-05,0,-0.000119209,-0.000119209,0,0.00601304,31,18.4,-2.89655,3,1,-0.312757,0,0,0.511646,0,0,0.00448524,32,18.4,0.288432,2.87754,1,0.499646,0.297815,0,0.00709236,-0.424385,0,0.00569719,33,18.4,-2.43228,0.696668,1,-0.5,-0.499831,0,0,-0.00336766,0,0.00868857,34,18.4,-1.04532,2,1,0.227353,0,0,-0.493526,0,0,0.0125519,35,18.4,-0.55308,0.999428,1,-0.500001,-0.000217557,0,2.98023e-05,0.00372529,0,0.0103272
0,18.5,-3,-1.50438,1,0,-0.5,0,0,7.45058e-06,0,0.00704978,1,18.5,0.998495,-1.99991,1,-0.0099048,-0.000386499,0,0.0388324,0.000424683,0,0.0103666,2,18.5,2.99325,-0.481719,1,0.00367686,0.5,0,0.0178218,-1.78814e-06,0,0.00607969,3,18.5,-1.39347,-0.0200941,1,0.498589,0.0121277,0,-0.0325441,0.0947543,0,0.0105245,4,18.5,-1.00001,-2,1,1.49012e-05,-1.71363e-05,0,0,1.49012e-05,0,0.0102521,5,18.5,3,-1.50482,1,0,0.5,0,0,-7.45058e-06,0,0.00467619,6,18.5,-3,1.96311,1,0,-0.5,0,0,7.45058e-06,0,0.00852617,7,18.5,-1.60577,1.08478,1,-0.498602,0.220592,0,0.0327304,0.399955,0,0.0109048,8,18.5,-0.517697,-3.7297e-05,1,0.5,0.00011524,0,-2.08616e-06,-0.00019473,0,0.0110372,9,18.5,-2.00014,-1.99986,1,-0.0154503,-0.00111368,0,0.0433624,0.00204891,0,0.00905863,10,18.5,-2.0038,-0.492024,1,0.00160709,0.5,0,0.0112355,-5.66244e-06,0,0.010858,11,18.5,1.55286,1.91216,1,0.499996,0.237134,0,-0.000171363,-0.370927,0,0.0111157,12,18.5,2.00974,-1.56137,1,0.0124808,0.499912,0,-0.0424534,0.00350177,0,0.0096787,13,18.5,2.99982,0.531706,1,6.85453e-05,0.5,0,0.000655651,5.66244e-06,0,0.0121076,14,18.5,-2.42136,-3,1,0.499883,0,0,-0.00467896,0,0,0.00728029,15,18.5,1.56794,-1.00166,1,-0.5,-0.0010116,0,7.45058e-06,0.0104681,0,0.0125668,16,18.5,-2.99994,-2.51235,1,8.49366e-05,-0.5,0,-0.000298023,0,0,0.00631162,17,18.5,-1.44349,-1.00259,1,-0.5,-0.00253208,0,7.45058e-06,0.0116676,0,0.00967248,18,18.5,-2.1134,2.00131,1,-0.123636,0.00938475,0,-1.00002,0.0512004,0,0.0107804,19,18.5,0.99717,2.49792,1,0.000929646,-0.5,0,0.00876933,0,0,0.00997652,20,18.5,-0.584966,3,1,0.442872,0,0,0.474371,0,0,0.00753331,21,18.5,-0.486448,-0.998016,1,-0.5,-0.00384524,0,-1.78814e-06,-0.000268221,0,0.00938409,22,18.5,-3,-0.502257,1,0,-0.5,0,0,1.78814e-06,0,0.00753577,23,18.5,0.999997,-3,1,1.73226e-05,0,0,-1.49012e-05,0,0,0.00770156,24,18.5,2.00001,7.08179e-10,1,1.41561e-05,6.76615e-09,0,2.98023e-05,-2.55742e-08,0,0.0110854,25,18.5,0.52441,-1.01718,1,-0.5,-0.00134949,0,2.08616e-06,0.125103,0,0.0121503,26,18.5,1.42654,0.999715,1,-0.499905,0.0111245,0,0.00377744,-0.0310242,0,0.0151171,27,18.5,-1.97502,3,1,-0.179246,0,0,0.468194,0,0,0.00704315,28,18.5,2.99329,-2.50866,1,-0.000187382,0.5,0,0.0254661,0,0,0.00576261,29,18.5,-0.0868721,1.66518,1,0.254839,-0.5,0,-0.420048,7.45058e-06,0,0.0155602,30,18.5,2,2.99999,1,2.17929e-05,-2.49594e-05,0,-0.000111759,-4.47035e-05,0,0.00601304,31,18.5,-2.92523,3,1,-0.260493,0,0,0.528306,0,0,0.00448524,32,18.5,0.338419,2.9052,1,0.499978,0.255444,0,0.000882968,-0.420853,0,0.00569719,33,18.5,-2.48228,0.646675,1,-0.499936,-0.499989,0,0.0025481,-0.000428408,0,0.00868857,34,18.5,-1.02502,2,1,0.179146,0,0,-0.467695,0,0,0.0125519,35,18.5,-0.603044,0.999424,1,-0.49881,0.000112783,0,0.0284612,0.0028871,0,0.0103272
0,18.6,-3,-1.55438,1,0,-0.500003,0,0,5.96046e-05,0,0.00741994,1,18.6,0.997693,-1.99995,1,-0.00620335,-0.000336766,0,0.0349283,0.000596046,0,0.0109891,2,18.6,2.9937,-0.431719,1,0.00524521,0.5,0,0.0137091,-1.43051e-05,0,0.00612048,3,18.6,-1.34386,-0.0184657,1,0.492743,0.0198809,0,-0.0874996,0.061241,0,0.00999817,4,18.6,-1.00001,-2,1,1.49012e-05,-1.49012e-05,0,0,5.96046e-05,0,0.0110255,5,18.6,3,-1.45482,1,0,0.500003,0,0,-5.96046e-05,0,0.005319,6,18.6,-3,1.91311,1,0,-0.500003,0,0,5.96046e-05,0,0.00798918,7,18.6,-1.65538,1.1089,1,-0.492635,0.26232,0,0.0901222,0.421703,0,0.0134482,8,18.6,-0.467696,-2.6737e-05,1,0.5,9.60779e-05,0,-1.43051e-05,-0.000187681,0,0.0118935,9,18.6,-2.00147,-1.99996,1,-0.0111461,-0.00089705,0,0.0420809,0.00220537,0,0.0077798,10,18.6,-2.00359,-0.442024,1,0.00261664,0.5,0,0.0089407,-1.43051e-05,0,0.00989053,11,18.6,1.60285,1.93404,1,0.499931,0.200719,0,-0.00137091,-0.356197,0,0.0108811,12,18.6,2.01077,-1.51137,1,0.00799298,0.500003,0,-0.0464916,-5.96046e-05,0,0.00869038,13,18.6,2.99983,0.581706,1,0.00013113,0.5,0,0.000357628,2.98023e-05,0,0.00836483,14,18.6,-2.37143,-3,1,0.498134,0,0,-0.0375509,0,0,0.00797271,15,18.6,1.51794,-1.00172,1,-0.500003,-6.55651e-05,0,5.96046e-05,0.00852346,0,0.011355,16,18.6,-2.99994,-2.56235,1,5.36442e-05,-0.5,0,-0.000357628,0,0,0.00693492,17,18.6,-1.49349,-1.00278,1,-0.500003,-0.00135601,0,5.96046e-05,0.0117421,0,0.0091225,18,18.6,-2.13076,2.00251,1,-0.223631,0.0147343,0,-1.00017,0.0543594,0,0.0104426,19,18.6,0.997305,2.44792,1,0.00172704,-0.5,0,0.00718236,0,0,0.0104236,20,18.6,-0.538687,3,1,0.479102,0,0,0.257269,0,0,0.00758697,21,18.6,-0.536448,-0.998399,1,-0.5,-0.00376403,0,-2.98023e-05,0.00175834,0,0.00938578,22,18.6,-3,-0.552257,1,0,-0.500001,0,0,2.98023e-05,0,0.00842956,23,18.6,0.999999,-3,1,1.49012e-05,0,0,-2.98023e-05,0,0,0.00911762,24,18.6,2.00001,1.26104e-09,1,1.78814e-05,4.33676e-09,0,-0.000119209,-2.28397e-08,0,0.0100036,25,18.6,0.47441,-1.01675,1,-0.5,0.00931025,0,1.43051e-05,0.0891089,0,0.012072,26,18.6,1.37659,1.00068,1,-0.498492,0.00812411,0,0.0302196,-0.028789,0,0.0123347,27,18.6,-1.99067,3,1,-0.134376,0,0,0.426829,0,0,0.00666214,28,18.6,2.9934,-2.45866,1,0.00219941,0.5,0,0.0220537,0,0,0.0066775,29,18.6,-0.0634629,1.61518,1,0.213636,-0.500003,0,-0.402585,5.96046e-05,0,0.0134264,30,18.6,2,2.99999,1,1.19209e-05,-2.38419e-05,0,0,0,0,0.00495232,31,18.6,-2.94865,3,1,-0.208086,0,0,0.515461,0,0,0.00376225,32,18.6,0.388418,2.92866,1,0.5,0.21404,0,-1.43051e-05,-0.405312,0,0.00587093,33,18.6,-2.53224,0.596675,1,-0.49898,-0.5,0,0.020504,-2.98023e-05,0,0.00913943,34,18.6,-1.00938,2,1,0.134328,0,0,-0.426531,0,0,0.0150201,35,18.6,-0.652704,0.999448,1,-0.493503,0.000362098,0,0.0811219,0.00214577,0,0.0115719
0,18.7,-3,-1.60434,1,0,-0.498727,0,0,0.029996,0,0.00741994,1,18.7,0.997238,-1.99998,1,-0.00298368,-0.000273995,0,0.0293441,0.000648201,0,0.0109891,2,18.7,2.99429,-0.381788,1,0.00636205,0.497856,0,0.00870228,-0.0461786,0,0.00612048,3,18.7,-1.29513,-0.0162196,1,0.480704,0.0245815,0,-0.155531,0.0336063,0,0.00999817,4,18.7,-1.00001,-2,1,1.49012e-05,-9.87202e-06,0,0,3.72529e-05,0,0.0110255,5,18.7,3,-1.40484,1,0,0.499305,0,0,-0.0192598,0,0.005319,6,18.7,-3,1.86311,1,0,-0.5,0,0,7.45058e-06,0,0.00798918,7,18.7,-1.70398,1.13734,1,-0.477496,0.307012,0,0.208676,0.461675,0,0.0134482,8,18.7,-0.417701,-1.80466e-05,1,0.499783,7.79513e-05,0,-0.00738159,-0.00017437,0,0.0118935,9,18.7,-2.00238,-2.00004,1,-0.00713021,-0.000675581,0,0.0379384,0.00219792,0,0.0077798,10,18.7,-2.00328,-0.39207,1,0.00336431,0.498503,0,0.00606477,-0.0341608,0,0.00989053,11,18.7,1.6527,1.95237,1,0.495518,0.166197,0,-0.0871569,-0.333399,0,0.0108811,12,18.7,2.01133,-1.46137,1,0.00333637,0.5,0,-0.0461042,-7.45058e-06,0,0.00869038,13,18.7,2.99984,0.631608,1,0.00016056,0.497016,0,0.00025332,-0.0618175,0,0.00836483,14,18.7,-2.3219,-3,1,0.491593,0,0,-0.0973195,0,0,0.00797271,15,18.7,1.46794,-1.00168,1,-0.5,0.00069011,0,7.45058e-06,0.00660866,0,0.011355,16,18.7,-2.99993,-2.61229,1,1.9744e-05,-0.498059,0,-0.000312924,0.0428259,0,0.00693492,17,18.7,-1.54349,-1.00286,1,-0.5,-0.00021439,0,7.45058e-06,0.0109896,0,0.0091225,18,18.7,-2.15806,2.00419,1,-0.320954,0.0181939,0,-0.921056,0.0164956,0,0.0104426,19,18.7,0.99751,2.39795,1,0.00233818,-0.498873,0,0.00506639,0.027284,0,0.0104236,20,18.7,-0.489791,3,1,0.49606,0,0,0.0924151,0,0,0.00758697,21,18.7,-0.586439,-0.998764,1,-0.499647,-0.00351155,0,0.0110269,0.00320747,0,0.00938578,22,18.7,-3,-0.602223,1,0,-0.498861,0,0,0.0275001,0,0.00842956,23,18.7,1,-3,1,1.17347e-05,0,0,-2.23517e-05,0,0,0.00911762,24,18.7,2.00001,1.5865e-09,1,7.45058e-06,2.234e-09,0,-8.9407e-05,-1.91487e-08,0,0.0100036,25,18.7,0.424412,-1.01543,1,-0.499896,0.0165524,0,0.00414431,0.0567362,0,0.012072,26,18.7,1.32698,1.00135,1,-0.492871,0.0053972,0,0.0866875,-0.02563,0,0.0123347,27,18.7,-2.00206,3,1,-0.0943208,0,0,0.373043,0,0,0.00666214,28,18.7,2.99372,-2.40868,1,0.00414811,0.499485,0,0.0169426,-0.0153333,0,0.0066775,29,18.7,-0.0440632,1.56518,1,0.174866,-0.5,0,-0.372138,7.45058e-06,0,0.0134264,30,18.7,2,2.99999,1,1.15484e-05,-2.19792e-05,0,-1.49012e-05,4.47035e-05,0,0.00495232,31,18.7,-2.96693,3,1,-0.15816,0,0,0.478953,0,0,0.00376225,32,18.7,0.438418,2.94808,1,0.5,0.174695,0,0,-0.380084,0,0.00587093,33,18.7,-2.58197,0.546675,1,-0.495051,-0.5,0,0.0602454,0,0,0.00913943,34,18.7,-0.997991,2,1,0.094303,0,0,-0.372771,0,0,0.0150201,35,18.7,-0.701852,0.999493,1,-0.491113,0.000524148,0,-0.0184961,0.000916421,0,0.0115719
0,18.8,-3,-1.65398,1,0,-0.493217,0,0,0.0834465,0,0.00738943,1,18.8,0.997076,-2.00001,1,-0.000351667,-0.000208616,0,0.0232458,0.000715256,0,0.0106199,2,18.8,2.99496,-0.332332,1,0.00701547,0.490207,0,0.00417233,-0.109062,0,0.00593875,3,18.8,-1.24797,-0.0136333,1,0.461313,0.0267653,0,-0.233352,0.0108653,0,0.0097475,4,18.8,-1.00001,-2,1,1.19209e-05,-5.96046e-06,0,5.96046e-05,5.96046e-05,0,0.0105011,5,18.8,3,-1.35508,1,0,0.495213,0,0,-0.0665784,0,0.00496055,6,18.8,-3,1.81311,1,0,-0.500003,0,0,5.96046e-05,0,0.00820258,7,18.8,-1.75052,1.17034,1,-0.451678,0.352743,0,0.303805,0.444353,0,0.0118833,8,18.8,-0.367804,-1.10978e-05,1,0.497562,6.12894e-05,0,-0.0436306,-0.000158496,0,0.0106556,9,18.8,-2.00291,-2.00009,1,-0.00360608,-0.000464916,0,0.0321865,0.00214577,0,0.00829321,10,18.8,-2.00292,-0.342476,1,0.00383854,0.492442,0,0.00357628,-0.0901222,0,0.0111967,11,18.8,1.70167,1.96737,1,0.482506,0.134194,0,-0.172734,-0.30607,0,0.0116058,12,18.8,2.01144,-1.41137,1,-0.00112653,0.500003,0,-0.0426769,-5.96046e-05,0,0.00978907,13,18.8,2.99986,0.680884,1,0.000178814,0.487301,0,0.000119209,-0.133753,0,0.00811957,14,18.8,-2.27335,-3,1,0.478023,0,0,-0.17643,0,0,0.00628227,15,18.8,1.41794,-1.00158,1,-0.500003,0.00126064,0,5.96046e-05,0.00488758,0,0.0110296,16,18.8,-2.99993,-2.66178,1,-1.19209e-05,-0.490749,0,-0.000238419,0.106096,0,0.00655966,17,18.8,-1.59349,-1.00283,1,-0.500003,0.000825524,0,5.96046e-05,0.00965595,0,0.00957916,18,18.8,-2.19446,2.00604,1,-0.403434,0.0183523,0,-0.709772,-0.0116825,0,0.00922372,19,18.8,0.997765,2.34828,1,0.00274777,-0.493717,0,0.00312924,0.079155,0,0.0105864,20,18.8,-0.439911,3,1,0.5,0,0,-1.43051e-05,0,0,0.00935207,21,18.8,-0.636296,-0.999097,1,-0.49683,-0.00313818,0,0.050962,0.00417233,0,0.00986976,22,18.8,-3,-0.651893,1,0,-0.493681,0,0,0.0796318,0,0.00794205,23,18.8,1,-3,1,8.9407e-06,0,0,-5.96046e-05,0,0,0.00861991,24,18.8,2.00001,1.7207e-09,1,0,5.16265e-10,0,-0.000119209,-1.51805e-08,0,0.0109439,25,18.8,0.374477,-1.01353,1,-0.498343,0.0208527,0,0.0331402,0.03016,0,0.0120386,26,18.8,1.27825,1.00177,1,-0.480431,0.00301898,0,0.164926,-0.0219345,0,0.0128611,27,18.8,-2.00972,3,1,-0.0599504,0,0,0.313759,0,0,0.00646923,28,18.8,2.99421,-2.35887,1,0.00559092,0.495964,0,0.0120401,-0.0596046,0,0.00861843,29,18.8,-0.0283819,1.51518,1,0.139327,-0.500003,0,-0.338126,5.96046e-05,0,0.0141215,30,18.8,2,2.99999,1,5.96046e-06,-1.19209e-05,0,0.000119209,0,0,0.00593846,31,18.8,-2.98044,3,1,-0.112987,0,0,0.421405,0,0,0.00438323,32,18.8,0.488418,2.9637,1,0.5,0.138301,0,-1.43051e-05,-0.346541,0,0.00630577,33,18.8,-2.6311,0.496675,1,-0.486565,-0.5,0,0.110984,1.43051e-05,0,0.00828759,34,18.8,-0.990327,2,1,0.0599593,0,0,-0.313491,0,0,0.0121059,35,18.8,-0.751124,0.999547,1,-0.494754,0.00051409,0,-0.0446141,-0.0012219,0,0.0116847
0,18.9,-3,-1.70278,1,0,-0.481615,0,0,0.150964,0,0.00738943,1,18.9,0.997147,-2.00002,1,0.00165431,-0.000140816,0,0.0169389,0.000625849,0,0.0106199,2,18.9,2.99568,-0.284393,1,0.00726581,0.463663,0,0.000864267,-0.403729,0,0.00593875,3,18.9,-1.20317,-0.0109352,1,0.433056,0.026889,0,-0.328243,-0.00752946,0,0.0097475,4,18.9,-1.00001,-2,1,1.60187e-05,-1.11759e-06,0,1.49012e-05,2.98023e-05,0,0.0105011,5,18.9,3,-1.30641,1,0,0.473494,0,0,-0.351869,0,0.00496055,6,18.9,-3,1.76311,1,0,-0.5,0,0,7.45058e-06,0,0.00820258,7,18.9,-1.79404,1.20797,1,-0.417501,0.400442,0,0.375584,0.483662,0,0.0118833,8,18.9,-0.318359,-5.73148e-06,1,0.490325,4.63422e-05,0,-0.104897,-0.000140218,0,0.0106556,9,18.9,-2.00312,-2.00013,1,-0.000714138,-0.000265986,0,0.0256151,0.00184774,0,0.00829321,10,18.9,-2.00252,-0.293791,1,0.00408143,0.48012,0,0.0013113,-0.158471,0,0.0111967,11,18.9,1.74892,1.97931,1,0.46127,0.105164,0,-0.251435,-0.274099,0,0.0116058,12,18.9,2.01113,-1.36149,1,-0.00500418,0.496577,0,-0.034824,-0.0699461,0,0.00978907,13,18.9,2.99988,0.728394,1,0.00018701,0.45788,0,2.98023e-05,-0.435185,0,0.00811957,14,18.9,-2.22661,-3,1,0.454882,0,0,-0.283241,0,0,0.00628227,15,18.9,1.36804,-1.00144,1,-0.496989,0.00165571,0,0.0622869,0.00306219,0,0.0110296,16,18.9,-2.99993,-2.7102,1,-3.39001e-05,-0.476451,0,-0.000193715,0.181571,0,0.00655966,17,18.9,-1.64336,-1.0027,1,-0.496273,0.00168495,0,0.0756085,0.00753999,0,0.00957916,18,18.9,-2.23787,2.00779,1,-0.460032,0.0163503,0,-0.424728,-0.0274181,0,0.00922372,19,18.9,0.998053,2.29941,1,0.00297492,-0.482578,0,0.00144914,0.146136,0,0.0105864,20,18.9,-0.390036,2.99902,1,0.496227,-0.0282511,0,-0.0753346,-0.523955,0,0.00935207,21,18.9,-0.685629,-0.999389,1,-0.488778,-0.00269283,0,0.113588,0.00467896,0,0.00986976,22,18.9,-3,-0.700758,1,0,-0.482495,0,0,0.146601,0,0.00794205,23,18.9,1,-3,1,3.91155e-06,0,0,-3.72529e-05,0,0,0.00861991,24,18.9,2.00001,1.70329e-09,1,-9.68575e-06,-7.9683e-10,0,-5.96046e-05,-1.11276e-08,0,0.0109439,25,18.9,0.324894,-1.01134,1,-0.492351,0.0227919,0,0.0909995,0.00942498,0,0.0120386,26,18.9,1.23125,1.00078,1,-0.457317,-0.0330199,0,0.292011,-0.640493,0,0.0128611,27,18.9,-2.01305,3,1,0.00225231,0,0,0.852793,0,0,0.00646923,28,18.9,2.99482,-2.31139,1,0.00650883,0.440045,0,0.00649691,-0.882447,0,0.00861843,29,18.9,-0.0157249,1.46518,1,0.117595,-0.5,0,-0.110959,7.45058e-06,0,0.0141215,30,18.9,2,2.99999,1,1.41561e-05,-1.00583e-05,0,2.98023e-05,4.47035e-05,0,0.00593846,31,18.9,-2.98926,3,1,-0.0605512,0,0,0.601754,0,0,0.00438323,32,18.9,0.538246,2.97586,1,0.494804,0.105562,0,-0.104772,-0.307322,0,0.00630577,33,18.9,-2.67906,0.446701,1,-0.47132,-0.499121,0,0.191987,0.0209025,0,0.00828759,34,18.9,-0.985794,1.99941,1,0.0317427,-0.0168525,0,-0.251006,-0.306055,0,0.0121059,35,18.9,-0.800807,0.999593,1,-0.498627,0.000393856,0,-0.0279509,-0.00127032,0,0.0116847
0,19,-3,-1.75006,1,0,-0.462675,0,-0.000119209,0.228941,0,0.00820917,1,19,0.997387,-2.00003,1,0.00305474,-8.34465e-05,0,0.0110865,0.000596046,0,0.0131152,2,19,2.9964,-0.240407,1,0.00718832,0.412841,0,-0.00226498,-0.597007,0,0.0059021,3,19,-1.16164,-0.0083084,1,0.396374,0.0254228,0,-0.401974,-0.0210239,0,0.0104546,4,19,-1,-2,1,1.78814e-05,2.98023e-06,0,0,0,0,0.0134821,5,19,3,-1.26118,1,0,0.427845,0,0,-0.546992,0,0.00589242,6,19,-3,1.71311,1,0,-0.500003,0,0,5.96046e-05,0,0.0082644,7,19,-1.83382,1.25033,1,-0.377354,0.445309,0,0.423729,0.398099,0,0.0102029,8,19,-0.269977,-1.76644e-06,1,0.475983,3.32811e-05,0,-0.184163,-0.000120879,0,0.0105848,9,19,-2.00308,-2.00015,1,0.00151396,-0.000101328,0,0.0190735,0.00154972,0,0.00821686,10,19,-2.00211,-0.246698,1,0.00411868,0.460437,0,-0.000715256,-0.236161,0,0.0101954,11,19,1.79367,1.98851,1,0.432387,0.0794381,0,-0.325084,-0.240147,0,0.0102053,12,19,2.01047,-1.3123,1,-0.00808835,0.485793,0,-0.0267029,-0.146508,0,0.00946412,13,19,2.9999,0.771643,1,0.000184774,0.403886,0,0.000119209,-0.627995,0,0.00883741,14,19,-2.1827,-3,1,0.422025,0,0,-0.37086,0,0,0.0115901,15,19,1.31877,-1.00126,1,-0.487217,0.00188351,0,0.134468,0.00149012,0,0.0119825,16,19,-2.99994,-2.75681,1,-5.36442e-05,-0.454223,0,-0.000119209,0.263691,0,0.00844384,17,19,-1.69248,-1.0025,1,-0.484738,0.00233352,0,0.155389,0.00548363,0,0.00886294,18,19,-2.28556,2.00927,1,-0.489736,0.0130475,0,-0.180244,-0.0379086,0,0.00916792,19,19,0.998355,2.25201,1,0.00304282,-0.464112,0,-2.98023e-05,0.224471,0,0.0095331,20,19,-0.340914,2.993,1,0.484991,-0.0972509,0,-0.148922,-0.82159,0,0.0100747,21,19,-0.733812,-0.999634,1,-0.473563,-0.0022158,0,0.192761,0.00485778,0,0.00866739,22,19,-3,-0.748148,1,0,-0.463988,0,0,0.224769,0,0.00782958,23,19,1,-3,1,0,0,0,-5.96046e-05,0,0,0.00870591,24,19,2.00001,1.57434e-09,1,-1.78814e-05,-1.72013e-09,0,0,-7.40086e-09,0,0.0114416,25,19,0.276238,-1.00904,1,-0.47945,0.0228971,0,0.169613,-0.00667572,0,0.012134,26,19,1.18716,0.993657,1,-0.423056,-0.114441,0,0.388265,-0.939816,0,0.0160653,27,19,-2.00819,3,1,0.097549,0,0,0.999987,0,0,0.0044083,28,19,2.9955,-2.27215,1,0.00692606,0.342989,0,0.00202656,-1.00017,0,0.00622377,29,19,-0.00424448,1.41518,1,0.114458,-0.500003,0,0.0359036,5.96046e-05,0,0.0161227,30,19,2.00001,2.99999,1,1.78814e-05,-5.96046e-06,0,-0.000119209,0.000119209,0,0.00596608,31,19,-2.99219,3,1,0.00285506,0,0,0.64683,0,0,0.00402672,32,19,0.587024,2.98495,1,0.478981,0.0769854,0,-0.211418,-0.263691,0,0.00618762,33,19,-2.72511,0.396952,1,-0.448561,-0.495228,0,0.261426,0.0595152,0,0.0090551,34,19,-0.983773,1.9959,1,0.00969023,-0.0556856,0,-0.190556,-0.446498,0,0.0157343,35,19,-0.850761,0.999625,1,-0.499982,0.000242889,0,-0.000357628,-0.00175834,0,0.0134282
0,19.1,-3,-1.79455,1,-7.45058e-06,-0.421558,0,-5.96046e-05,0.567101,0,0.00820917,1,19.1,0.997739,-2.00004,1,0.00389777,-3.05474e-05,0,0.00593066,0.000476837,0,0.0131152,2,19.1,2.9971,-0.202785,1,0.00680834,0.334213,0,-0.0051856,-0.922557,0,0.0059021,3,19.1,-1.12412,-0.00634118,1,0.353108,0.00978288,0,-0.458591,-0.269743,0,0.0104546,4,19.1,-1.00052,-2,1,-0.0149451,2.98023e-06,0,-0.271723,0,0,0.0134821,5,19.1,3,-1.222,1,0,0.34908,0,0,-0.943378,0,0.00589242,6,19.1,-3,1.66311,1,0,-0.5,0,0,7.45058e-06,0,0.0082644,7,19.1,-1.86939,1.29661,1,-0.333664,0.477856,0,0.447072,0.24835,0,0.0102029,8,19.1,-0.22395,9.90289e-07,1,0.438717,2.21823e-05,0,-0.535101,-0.000101156,0,0.0105848,9,19.1,-2.00284,-2.00067,1,0.00309572,-0.0149451,0,0.0126958,-0.270844,0,0.00821686,10,19.1,-2.00216,-0.202001,1,-0.00909977,0.43193,0,-0.242218,-0.33041,0,0.0101954,11,19.1,1.83515,1.99531,1,0.39596,0.0572516,0,-0.399366,-0.203736,0,0.0102053,12,19.1,2.00954,-1.26458,1,-0.0103611,0.467376,0,-0.0187904,-0.222147,0,0.00946412,13,19.1,2.99992,0.808231,1,0.000188127,0.32277,0,-4.47035e-05,-0.937711,0,0.00883741,14,19.1,-2.14298,-3,1,0.366715,0,0,-0.704736,0,0,0.0115901,15,19.1,1.27084,-1.00107,1,-0.470103,0.00196956,0,0.208519,0.000268221,0,0.0119825,16,19.1,-2.99994,-2.8003,1,-6.37025e-05,-0.410368,0,-7.45058e-05,0.587583,0,0.00844384,17,19.1,-1.74005,-1.00179,1,-0.465358,0.0158434,0,0.232205,0.243384,0,0.00886294,18,19.1,-2.33512,2.01068,1,-0.499045,0.0180293,0,-0.0319183,0.126585,0,0.00916792,19,19.1,0.998657,2.20689,1,0.00296971,-0.436647,0,-0.00137463,0.321344,0,0.0095331,20,19.1,-0.293329,2.97882,1,0.465123,-0.188889,0,-0.244568,-0.977695,0,0.0100747,21,19.1,-0.780024,-1.00029,1,-0.448942,-0.0147999,0,0.29638,-0.235219,0,0.00866739,22,19.1,-2.99957,-0.793253,1,0.0124738,-0.436497,0,0.229061,0.32156,0,0.00782958,23,19.1,1,-3,1,-4.84288e-06,0,0,-2.98023e-05,0,0,0.00870591,24,19.1,2,1.37108e-09,1,-1.75089e-05,-2.28987e-09,0,1.49012e-05,-4.09202e-09,0,0.0114416,25,19.1,0.229328,-1.0068,1,-0.456947,0.0216095,0,0.277366,-0.0183806,0,0.012134,26,19.1,1.1469,0.977397,1,-0.381044,-0.21162,0,0.447549,-0.992481,0,0.0160653,27,19.1,-1.99343,3,1,0.197548,0,0,1,0,0,0.0044083,28,19.1,2.99619,-2.24285,1,0.006935,0.242981,0,-0.00166893,-1.00002,0,0.00622377,29,19.1,0.00790853,1.36529,1,0.133266,-0.496794,0,0.316155,0.0662506,0,0.0161227,30,19.1,2.00001,2.99999,1,7.45058e-06,4.09782e-06,0,-8.9407e-05,7.45058e-05,0,0.00596608,31,19.1,-2.98811,3,1,0.0832684,0,0,0.922769,0,0,0.00402672,32,19.1,0.633095,2.99141,1,0.435571,0.0528738,0,-0.623882,-0.218213,0,0.00618762,33,19.1,-2.7686,0.348176,1,-0.420639,-0.476129,0,0.298128,0.309395,0,0.0090551,34,19.1,-0.983656,1.9877,1,-0.00638366,-0.111572,0,-0.132233,-0.643685,0,0.0157343,35,19.1,-0.90076,0.999642,1,-0.499999,0.000107102,0,-5.21541e-05,-0.000983477,0,0.0134282
0,19.2,-3,-1.83349,1,-5.96046e-06,-0.354064,0,-0.000119209,0.761032,0,0.00856544,1,19.2,0.998151,-2.00004,1,0.00427216,5.96046e-06,0,0.00163913,0.000476837,0,0.0132658,2,19.2,2.99776,-0.174182,1,0.00617504,0.2366,0,-0.00739098,-1,0,0.00630417,3,19.2,-1.09116,-0.00697111,1,0.305551,-0.0245146,0,-0.488341,-0.398126,0,0.0118834,4,19.2,-1.00364,-2,1,-0.0494272,0,0,-0.396252,5.96046e-05,0,0.0165169,5,19.2,3,-1.19198,1,0,0.250494,0,0,-0.999987,0,0.00489352,6,19.2,-3,1.61311,1,0,-0.500003,0,0,5.96046e-05,0,0.00820937,7,19.2,-1.90051,1.34538,1,-0.288498,0.495017,0,0.453591,0.099659,0,0.0102451,8,19.2,-0.183155,2.73495e-06,1,0.373746,1.30298e-05,0,-0.742555,-8.20377e-05,0,0.0146674,9,19.2,-2.00248,-2.00379,1,0.00408292,-0.0493646,0,0.00703335,-0.395894,0,0.0104429,10,19.2,-2.00453,-0.160591,1,-0.0404239,0.395064,0,-0.366807,-0.403367,0,0.0106628,11,19.2,1.87265,2.00008,1,0.353307,0.0386536,0,-0.450015,-0.168443,0,0.00872681,12,19.2,2.00842,-1.21908,1,-0.0118494,0.441384,0,-0.0110865,-0.297248,0,0.00915792,13,19.2,2.99994,0.835649,1,0.000178814,0.22459,0,-0.000238419,-0.999987,0,0.00885501,14,19.2,-2.11018,-3,1,0.286615,0,0,-0.872612,0,0,0.0115088,15,19.2,1.225,-1.00087,1,-0.445461,0.00194609,0,0.284135,-0.000715256,0,0.00995085,16,19.2,-2.99995,-2.83805,1,-7.15256e-05,-0.341421,0,-0.000119209,0.769854,0,0.00736671,17,19.2,-1.7853,-0.998742,1,-0.438368,0.0471279,0,0.306785,0.36484,0,0.0129103,18,19.2,-2.3851,2.01331,1,-0.5,0.0363171,0,0,0.229836,0,0.00909874,19,19.2,0.998945,2.16497,1,0.00277907,-0.400543,0,-0.00238419,0.397205,0,0.00884041,20,19.2,-0.248171,2.95497,1,0.43682,-0.288326,0,-0.317938,-1.00017,0,0.0110536,21,19.2,-0.823288,-1.00319,1,-0.414953,-0.045377,0,0.380069,-0.35888,0,0.0111208,22,19.2,-2.99694,-0.835159,1,0.0421047,-0.400375,0,0.34678,0.397354,0,0.00746478,23,19.2,1,-3,1,-5.96046e-06,0,0,-5.96046e-05,0,0,0.00786469,24,19.2,2,1.12642e-09,1,-1.78814e-05,-2.558e-09,0,0.000119209,-1.36732e-09,0,0.0108546,25,19.2,0.185176,-1.00475,1,-0.424609,0.0193506,0,0.366166,-0.026226,0,0.0109881,26,19.2,1.1111,0.95125,1,-0.334379,-0.311431,0,0.481784,-1.00002,0,0.0147304,27,19.2,-1.96868,3,1,0.297549,0,0,0.999987,0,0,0.00540812,28,19.2,2.99687,-2.22355,1,0.00662208,0.142986,0,-0.00452995,-1.00017,0,0.00640034,29,19.2,0.0231123,1.31606,1,0.173257,-0.486416,0,0.463426,0.142574,0,0.0172386,30,19.2,2.00001,2.99999,1,0,1.19209e-05,0,0,0.000119209,0,0.005322,31,19.2,-2.97497,3,1,0.180787,0,0,1.00005,0,0,0.00395887,32,19.2,0.673077,2.99568,1,0.360201,0.0333786,0,-0.856429,-0.1719,0,0.00739533,33,19.2,-2.80911,0.302432,1,-0.388795,-0.435816,0,0.339031,0.485241,0,0.00852032,34,19.2,-0.984869,1.97319,1,-0.0170171,-0.179473,0,-0.0816882,-0.692427,0,0.0155988,35,19.2,-0.95076,0.999649,1,-0.5,4.02331e-05,0,-2.98023e-05,-0.00038743,0,0.0185442
0,19.3,-3,-1.86466,1,-9.31323e-06,-0.26602,0,4.47035e-05,0.961892,0,0.00856544,1,19.3,0.99858,-2.00004,1,0.00426378,4.47035e-05,0,-0.00163913,0.000298023,0,0.0132658,2,19.3,2.99833,-0.155522,1,0.00535101,0.1366,0,-0.0089407,-0.999999,0,0.00630417,3,19.3,-1.06306,-0.0119018,1,0.256311,-0.0782066,0,-0.492789,-0.645214,0,0.0118834,4,19.3,-1.01081,-2,1,-0.095869,1.3411e-05,0,-0.513203,0.000283122,0,0.0165169,5,19.3,3,-1.17193,1,0,0.150495,0,0,-1,0,0.00489352,6,19.3,-3,1.56354,1,0,-0.487404,0,0,0.240676,0,0.00820937,7,19.3,-1.92674,1.39518,1,-0.233185,0.499688,0,0.637539,0.0124574,0,0.0102451,8,19.3,-0.149948,3.82482e-06,1,0.286853,1.31764e-05,0,-0.95648,0.000179807,0,0.0146674,9,19.3,-2.00204,-2.01095,1,0.00454225,-0.0957645,0,0.00245869,-0.512719,0,0.0104429,10,19.3,-2.01069,-0.123206,1,-0.085102,0.351689,0,-0.506133,-0.459487,0,0.0106628,11,19.3,1.90568,2.00316,1,0.306918,0.0235014,0,-0.474557,-0.134945,0,0.00872681,12,19.3,2.00719,-1.17657,1,-0.012555,0.407431,0,-0.00327826,-0.377886,0,0.00915792,13,19.3,2.99995,0.853108,1,0.000153109,0.124591,0,-0.000283122,-1,0,0.00885501,14,19.3,-2.08612,-3,1,0.192586,0,0,-0.984073,0,0,0.0115088,15,19.3,1.18202,-1.00068,1,-0.412677,0.0018334,0,0.367694,-0.00149757,0,0.00995085,16,19.3,-2.99996,-2.86789,1,-7.97212e-05,-0.252209,0,-2.98023e-05,0.971228,0,0.00736671,17,19.3,-1.82746,-0.99192,1,-0.403555,0.0916314,0,0.385568,0.504483,0,0.0129103,18,19.3,-2.4351,2.01846,1,-0.5,0.0697028,0,0,0.421509,0,0.00909874,19,19.3,0.99921,2.12699,1,0.00250479,-0.358147,0,-0.00305846,0.447601,0,0.00884041,20,19.3,-0.206176,2.92131,1,0.40217,-0.382237,0,-0.371768,-0.843912,0,0.0110536,21,19.3,-0.862756,-1.00981,1,-0.373266,-0.0893632,0,0.448763,-0.50012,0,0.0111208,22,19.3,-2.99071,-0.8731,1,0.084753,-0.357448,0,0.485972,0.456285,0,0.00746478,23,19.3,1,-3,1,-1.01514e-05,0,0,-2.6077e-05,0,0,0.00786469,24,19.3,2,8.67585e-10,1,-7.82311e-06,-2.58325e-09,0,7.45058e-05,7.5849e-10,0,0.0108546,25,19.3,0.14466,-1.00295,1,-0.384647,0.0164967,0,0.430094,-0.0303686,0,0.0109881,26,19.3,1.08008,0.915412,1,-0.286019,-0.401581,0,0.483014,-0.77698,0,0.0147304,27,19.3,-1.93414,3,1,0.390216,0,0,0.820681,0,0,0.00540812,28,19.3,2.99751,-2.21426,1,0.00606515,0.0429772,0,-0.00648201,-1.00002,0,0.00640034,29,19.3,0.0430127,1.2684,1,0.226913,-0.464452,0,0.59335,0.289328,0,0.0172386,30,19.3,2.00001,2.99999,1,-3.72529e-07,2.16067e-05,0,-1.49012e-05,5.96046e-05,0,0.005322,31,19.3,-2.9519,3,1,0.280237,0,0,0.977904,0,0,0.00395887,32,19.3,0.704537,2.99823,1,0.266931,0.0183508,0,-0.982057,-0.127941,0,0.00739533,33,19.3,-2.84622,0.26199,1,-0.352806,-0.366932,0,0.380114,0.852055,0,0.00852032,34,19.3,-0.986827,1.95172,1,-0.020746,-0.25015,0,0.00217557,-0.707187,0,0.0155988,35,19.3,-1.00076,0.999651,1,-0.5,2.04891e-05,0,7.45058e-06,-2.23517e-05,0,0.0185442
0,19.4,-3,-1.88635,1,-5.96046e-06,-0.167108,0,0.000119209,0.999928,0,0.00930069,1,19.4,0.998994,-2.00003,1,0.00397265,6.55651e-05,0,-0.00396371,0.000238419,0,0.0124322,2,19.4,2.99882,-0.146862,1,0.00442266,0.0365995,0,-0.00941753,-0.999987,0,0.00680701,3,19.4,-1.03988,-0.0231471,1,0.207663,-0.148059,0,-0.477016,-0.727364,0,0.0131695,4,19.4,-1.02302,-2,1,-0.148594,7.15256e-05,0,-0.525951,0.00101328,0,0.0139925,5,19.4,3,-1.16188,1,0,0.0504941,0,0,-0.999987,0,0.00519411,6,19.4,-3,1.51632,1,0,-0.454,0,0,0.417233,0,0.00685247,7,19.4,-1.94668,1.44518,1,-0.163811,0.500003,0,0.736833,-5.96046e-05,0,0.0100551,8,19.4,-0.126164,7.11987e-06,1,0.18813,6.52757e-05,0,-0.999998,0.000930188,0,0.0182957,9,19.4,-2.00158,-2.02315,1,0.00461936,-0.148439,0,-0.000476837,-0.525475,0,0.0112856,10,19.4,-2.02182,-0.090395,1,-0.137955,0.304046,0,-0.534534,-0.489253,0,0.0117888,11,19.4,1.93399,2.00489,1,0.259012,0.0115871,0,-0.480652,-0.103593,0,0.00943309,12,19.4,2.00593,-1.13782,1,-0.0125468,0.366575,0,0.00309944,-0.435591,0,0.0101486,13,19.4,2.99997,0.860567,1,0.00012517,0.0245914,0,-0.000238419,-1.00002,0,0.00748384,14,19.4,-2.07183,-3,1,0.0929892,0,0,-1.00017,0,0,0.0086454,15,19.4,1.1427,-1.0005,1,-0.372678,0.00165403,0,0.428677,-0.00202656,0,0.00989813,16,19.4,-2.99997,-2.88817,1,-7.7486e-05,-0.152934,0,0,1.00017,0,0.00728752,17,19.4,-1.86579,-0.980146,1,-0.362015,0.144301,0,0.441492,0.532508,0,0.0150109,18,19.4,-2.4851,2.02774,1,-0.5,0.11757,0,0,0.522017,0,0.00746031,19,19.4,0.999444,2.09348,1,0.00217408,-0.311649,0,-0.00342727,0.479221,0,0.011209,20,19.4,-0.167884,2.87933,1,0.363094,-0.45231,0,-0.406757,-0.543714,0,0.0105223,21,19.4,-0.89776,-1.02134,1,-0.32613,-0.14168,0,0.489533,-0.529766,0,0.0120172,22,19.4,-2.97971,-0.9065,1,0.135672,-0.310038,0,0.516057,0.487536,0,0.00750435,23,19.4,0.999999,-3,1,-1.19209e-05,0,0,2.98023e-05,0,0,0.00816821,24,19.4,2,6.15844e-10,1,-5.96046e-06,-2.426e-09,0,0.000119209,2.29361e-09,0,0.0128616,25,19.4,0.10843,-1.00146,1,-0.339209,0.0133693,0,0.475448,-0.0318289,0,0.0124554,26,19.4,1.05388,0.871885,1,-0.238228,-0.4636,0,0.470757,-0.457138,0,0.0140586,27,19.4,-1.8915,3,1,0.457278,0,0,0.509202,0,0,0.00474267,28,19.4,2.99808,-2.21496,1,0.0053525,-0.0570178,0,-0.0077486,-1.00017,0,0.00665578,29,19.4,0.0687718,1.22359,1,0.288931,-0.429946,0,0.633407,0.394106,0,0.0175796,30,19.4,2.00001,2.99999,1,0,2.38419e-05,0,-0.000119209,0,0,0.00629898,31,19.4,-2.91916,3,1,0.371951,0,0,0.823379,0,0,0.00411565,32,19.4,0.726266,2.9995,1,0.16738,0.00782609,0,-1.00002,-0.0828505,0,0.00853001,33,19.4,-2.87954,0.229885,1,-0.31299,-0.272701,0,0.414968,1,0,0.00749484,34,19.4,-0.988786,1.92324,1,-0.0175089,-0.318408,0,0.0582337,-0.646889,0,0.0150581,35,19.4,-1.05076,0.999654,1,-0.5,3.12924e-05,0,0,0.000268221,0,0.0170949
0,19.5,-3,-1.89807,1,3.72529e-06,-0.0673508,0,5.96046e-05,0.990398,0,0.00930069,1,19.5,0.999369,-2.00002,1,0.00349479,8.12113e-05,0,-0.00545755,8.9407e-05,0,0.0124322,2,19.5,2.99922,-0.148202,1,0.0034783,-0.0633999,0,-0.00934303,-0.999997,0,0.00680701,3,19.5,-1.02143,-0.0416614,1,0.161965,-0.222554,0,-0.435777,-0.747365,0,0.0131695,4,19.5,-1.04053,-1.99998,1,-0.201533,0.000183657,0,-0.519715,0.00137091,0,0.0139925,5,19.5,3,-1.16183,1,0,-0.0495054,0,0,-1,0,0.00519411,6,19.5,-3,1.47376,1,0,-0.390606,0,0,0.810578,0,0.00685247,7,19.5,-1.95908,1.49518,1,-0.0817683,0.5,0,0.886664,-7.45058e-06,0,0.0100551,8,19.5,-0.111528,1.73018e-05,1,0.112173,0.000129166,0,-0.545436,0.000377982,0,0.0182957,9,19.5,-2.00113,-2.04064,1,0.00445098,-0.201445,0,-0.0025928,-0.521347,0,0.0112856,10,19.5,-2.03838,-0.0624541,1,-0.193507,0.254686,0,-0.560611,-0.4944,0,0.0117888,11,19.5,1.9575,2.00558,1,0.211413,0.00267811,0,-0.468306,-0.0752062,0,0.00943309,12,19.5,2.0047,-1.10341,1,-0.0119787,0.321269,0,0.00806153,-0.46733,0,0.0101486,13,19.5,2.99998,0.858026,1,9.98378e-05,-0.0754093,0,-0.000268221,-1.00001,0,0.00748384,14,19.5,-2.06753,-3,1,-0.00675544,0,0,-0.989467,0,0,0.0086454,15,19.5,1.10765,-1.00035,1,-0.327897,0.00143461,0,0.463784,-0.00233948,0,0.00989813,16,19.5,-2.99997,-2.89846,1,-7.41333e-05,-0.0529252,0,7.45058e-05,1.00002,0,0.00728752,17,19.5,-1.89971,-0.963019,1,-0.315866,0.19823,0,0.477299,0.532359,0,0.0150109,18,19.5,-2.5351,2.04228,1,-0.5,0.174812,0,0,0.612408,0,0.00746031,19,19.5,0.999644,2.06474,1,0.0018199,-0.262965,0,-0.00361726,0.490606,0,0.011209,20,19.5,-0.133637,2.83196,1,0.321602,-0.489644,0,-0.420838,-0.21638,0,0.0105223,21,19.5,-0.927891,-1.0382,1,-0.276265,-0.195476,0,0.503805,-0.532329,0,0.0120172,22,19.5,-2.9635,-0.935045,1,0.188833,-0.260759,0,0.532538,0.4941,0,0.00750435,23,19.5,0.999998,-3,1,-8.9407e-06,0,0,2.98023e-05,0,0,0.00816821,24,19.5,2,3.86546e-10,1,3.72529e-06,-2.14375e-09,0,5.96046e-05,3.26845e-09,0,0.0128616,25,19.5,0.0769373,-1.00028,1,-0.290234,0.0102197,0,0.49984,-0.0308566,0,0.0124554,26,19.5,1.03236,0.823778,1,-0.19279,-0.493539,0,0.437133,-0.158712,0,0.0140586,27,19.5,-1.84379,3,1,0.491714,0,0,0.193112,0,0,0.00474267,28,19.5,2.99759,-2.22566,1,-0.0239316,-0.156962,0,-0.535533,-0.997439,0,0.00665578,29,19.5,0.101007,1.18263,1,0.356624,-0.388661,0,0.685382,0.428692,0,0.0175796,30,19.5,2.00001,2.99999,1,-9.68575e-06,2.23517e-05,0,-5.96046e-05,-2.98023e-05,0,0.00629898,31,19.5,-2.87827,3,1,0.441415,0,0,0.555441,0,0,0.00411565,32,19.5,0.738004,2.99992,1,0.0673796,0.0010822,0,-1.00001,-0.0531226,0,0.00853001,33,19.5,-2.9087,0.207615,1,-0.269723,-0.1727,0,0.445768,0.999999,0,0.00749484,34,19.5,-0.990167,1.88827,1,-0.00945944,-0.37985,0,0.0980198,-0.570826,0,0.0150581,35,19.5,-1.10076,0.999659,1,-0.5,6.51926e-05,0,0,0.000394881,0,0.0170949
0,19.6,-3,-1.89993,1,5.96046e-06,0.0290513,0,0.000119209,0.923216,0,0.0076723,1,19.6,0.999689,-2.00002,1,0.00290424,8.34465e-05,0,-0.00622869,0,0,0.0109905,2,19.6,2.99952,-0.159542,1,0.00257492,-0.1634,0,-0.00870228,-0.999987,0,0.00636147,3,19.6,-1.00733,-0.0675811,1,0.120708,-0.294807,0,-0.388443,-0.685591,0,0.0140155,4,19.6,-1.06318,-1.99996,1,-0.250241,0.000369549,0,-0.444651,0.00238419,0,0.0162585,5,19.6,3,-1.17178,1,0,-0.149506,0,0,-0.999987,0,0.00491242,6,19.6,-3,1.43913,1,0,-0.299138,0,0,0.986218,0,0.00777316,7,19.6,-1.9627,1.54518,1,0.0103056,0.500003,0,0.940025,-5.96046e-05,0,0.0111081,8,19.6,-0.102465,3.14036e-05,1,0.0742421,0.000146477,0,-0.234902,-6.08648e-06,0,0.013416,9,19.6,-2.0007,-2.0633,1,0.00415444,-0.250381,0,-0.00309944,-0.447392,0,0.010962,10,19.6,-2.06046,-0.0394411,1,-0.24727,0.205815,0,-0.502586,-0.480058,0,0.0171989,11,19.6,1.97634,2.00551,1,0.165895,-0.0035882,0,-0.439644,-0.0504255,0,0.00846474,12,19.6,2.00355,-1.07365,1,-0.0109792,0.273725,0,0.0118017,-0.480473,0,0.00950884,13,19.6,2.99999,0.845485,1,7.15256e-05,-0.175409,0,-0.000119209,-1.00002,0,0.00736077,14,19.6,-2.07307,-3,1,-0.102806,0,0,-0.915527,0,0,0.00755739,15,19.6,1.07721,-1.00022,1,-0.280544,0.00119507,0,0.480294,-0.00244379,0,0.00791922,16,19.6,-2.99998,-2.89876,1,-6.55651e-05,0.0470698,0,0.000119209,1.00017,0,0.006438,17,19.6,-1.92888,-0.940629,1,-0.267339,0.248371,0,0.489593,0.460178,0,0.0144376,18,19.6,-2.5851,2.0629,1,-0.5,0.238097,0,0,0.644326,0,0.00909242,19,19.6,0.999808,2.04088,1,0.00145733,-0.214231,0,-0.00360608,0.480771,0,0.0122529,20,19.6,-0.103589,2.78233,1,0.279352,-0.49957,0,-0.42215,-0.00858307,0,0.0117314,21,19.6,-0.953003,-1.06031,1,-0.226097,-0.24572,0,0.496209,-0.462174,0,0.0120434,22,19.6,-2.94203,-0.958668,1,0.239599,-0.211939,0,0.471711,0.479072,0,0.00917977,23,19.6,0.999997,-3,1,-4.47035e-06,0,0,0,0,0,0.00940285,24,19.6,2,1.89551e-10,1,5.96046e-06,-1.78754e-09,0,0.000119209,3.78632e-09,0,0.0119328,25,19.6,0.0504236,-0.999408,1,-0.240029,0.00724792,0,0.500588,-0.028342,0,0.0136787,26,19.6,1.0152,0.773968,1,-0.150952,-0.5,0,0.398874,0,0,0.0122395,27,19.6,-1.79404,3,1,0.5,0,0,0,0,0,0.00483331,28,19.6,2.99194,-2.24632,1,-0.0939906,-0.256002,0,-0.830531,-0.979304,0,0.00783847,29,19.6,0.139955,1.14595,1,0.420352,-0.344762,0,0.567712,0.446737,0,0.0145618,30,19.6,2.00001,3,1,-1.78814e-05,1.78814e-05,0,0,0,0,0.00547558,31,19.6,-2.83184,3,1,0.482476,0,0,0.270486,0,0,0.00414856,32,19.6,0.739742,2.9998,1,-0.0326201,-0.00300407,0,-1.00002,-0.0296831,0,0.00613267,33,19.6,-2.93343,0.195345,1,-0.224692,-0.0727002,0,0.45085,0.999987,0,0.00749698,34,19.6,-0.99059,1.84763,1,0.00122935,-0.43084,0,0.111908,-0.442684,0,0.0153782,35,19.6,-1.15076,0.999667,1,-0.500003,0.000107288,0,5.96046e-05,0.000506639,0,0.0142156
0,19.7,-3,-1.89255,1,1.41561e-05,0.116784,0,2.98023e-05,0.821307,0,0.0076723,1,19.7,0.999948,-2.00001,1,0.00227029,7.86036e-05,0,-0.00636652,-7.45058e-05,0,0.0109905,2,19.7,2.99973,-0.180873,1,0.00176206,-0.262957,0,-0.00751019,-0.982275,0,0.00636147,3,19.7,-0.997109,-0.100416,1,0.0847487,-0.360876,0,-0.33097,-0.625384,0,0.0140155,4,19.7,-1.09031,-1.99991,1,-0.290907,0.000627525,0,-0.361845,0.00291318,0,0.0162585,5,19.7,3,-1.19173,1,0,-0.249144,0,0,-0.985511,0,0.00491242,6,19.7,-3,1.41417,1,0,-0.199784,0,0,0.998281,0,0.00777316,7,19.7,-1.95685,1.59508,1,0.107494,0.497018,0,0.992507,-0.060305,0,0.0111081,8,19.7,-0.0958693,4.55825e-05,1,0.0607583,0.000133209,0,-0.0496665,-0.000240021,0,0.013416,9,19.7,-2.0003,-2.09047,1,0.00382029,-0.291836,0,-0.00332296,-0.373974,0,0.010962,10,19.7,-2.08774,-0.0212123,1,-0.298219,0.159286,0,-0.50135,-0.448523,0,0.0171989,11,19.7,1.9908,2.00494,1,0.123991,-0.00756793,0,-0.396751,-0.0298768,0,0.00846474,12,19.7,2.00252,-1.04867,1,-0.0096634,0.225803,0,0.0142753,-0.474736,0,0.00950884,13,19.7,2.99999,0.822954,1,5.36442e-05,-0.27489,0,-0.000208616,-0.979207,0,0.00736077,14,19.7,-2.08785,-3,1,-0.191817,0,0,-0.849873,0,0,0.00755739,15,19.7,1.05156,-1.00011,1,-0.232481,0.000951253,0,0.477605,-0.00242144,0,0.00791922,16,19.7,-2.99999,-2.88905,1,-5.36442e-05,0.146858,0,0.000119209,0.991195,0,0.006438,17,19.7,-1.95318,-0.913604,1,-0.218817,0.290813,0,0.478029,0.38125,0,0.0144376,18,19.7,-2.63488,2.09022,1,-0.493599,0.310235,0,0.123888,0.760049,0,0.00909242,19,19.7,0.999936,2.02182,1,0.00110678,-0.167479,0,-0.00337511,0.451624,0,0.0122529,20,19.7,-0.0777466,2.73234,1,0.237701,-0.499973,0,-0.409402,-0.00107288,0,0.0117314,21,19.7,-0.973177,-1.08708,1,-0.177894,-0.28814,0,0.465706,-0.379175,0,0.0120434,22,19.7,-2.91581,-0.977518,1,0.283661,-0.165643,0,0.401348,0.444658,0,0.00917977,23,19.7,0.999997,-3,1,-4.00469e-06,0,0,1.11759e-05,0,0,0.00940285,24,19.7,2,3.00436e-11,1,1.41561e-05,-1.40079e-09,0,2.98023e-05,3.89676e-09,0,0.0119328,25,19.7,0.0288961,-0.998819,1,-0.190879,0.00459626,0,0.479247,-0.0245795,0,0.0136787,26,19.7,1.00203,0.723968,1,-0.11328,-0.5,0,0.354283,-7.45058e-06,0,0.0122395,27,19.7,-1.74404,3,1,0.5,0,0,0,0,0,0.00483331,28,19.7,2.97806,-2.27648,1,-0.185987,-0.34381,0,-0.976413,-0.774577,0,0.00783847,29,19.7,0.184497,1.11371,1,0.466992,-0.300092,0,0.359154,0.444874,0,0.0145618,30,19.7,2,3,1,-1.75089e-05,1.60187e-05,0,1.49012e-05,-4.47035e-05,0,0.00547558,31,19.7,-2.78265,3,1,0.497904,0,0,0.0638068,0,0,0.00414856,32,19.7,0.73148,2.99939,1,-0.132621,-0.00511967,0,-1.00001,-0.0133663,0,0.00613267,33,19.7,-2.95366,0.193075,1,-0.180154,0.0272992,0,0.436246,0.999997,0,0.00749698,34,19.7,-0.990007,1.80253,1,0.00951374,-0.468769,0,0.0560842,-0.306241,0,0.0153782,35,19.7,-1.20076,0.99968,1,-0.5,0.000155624,0,7.45058e-06,0.000458211,0,0.0142156
0,19.8,-3,-1.877,1,1.78814e-05,0.191581,0,0,0.667512,0,0.00966098,1,19.8,1.00014,-2,1,0.00164509,7.15256e-05,0,-0.00602007,-0.000178814,0,0.0103683,2,19.8,2.99988,-0.211938,1,0.0010848,-0.35631,0,-0.00607967,-0.858225,0,0.00630812,3,19.8,-0.990195,-0.139458,1,0.0544578,-0.418049,0,-0.275165,-0.510134,0,0.014032,4,19.8,-1.12103,-1.99983,1,-0.321472,0.000974536,0,-0.244796,0.00411272,0,0.0171565,5,19.8,3,-1.22145,1,0,-0.34371,0,0,-0.883996,0,0.00658444,6,19.8,-3,1.39919,1,0,-0.0998259,0,0,0.999987,0,0.0114214,7,19.8,-1.94112,1.64438,1,0.207308,0.487843,0,0.999987,-0.123441,0,0.0114593,8,19.8,-0.0898368,5.74482e-05,1,0.0616392,0.000101952,0,0.055477,-0.000369568,0,0.0121747,9,19.8,-1.99993,-2.12135,1,0.00352859,-0.32388,0,-0.00232458,-0.261545,0,0.00981152,10,19.8,-2.11996,-0.00745994,1,-0.344914,0.116466,0,-0.421166,-0.406337,0,0.0138934,11,19.8,2.00129,2.00406,1,0.0868261,-0.00970364,0,-0.345469,-0.0133514,0,0.00861956,12,19.8,2.00162,-1.02843,1,-0.00815988,0.179368,0,0.0154972,-0.451267,0,0.0101708,13,19.8,3,0.790736,1,2.98023e-05,-0.367092,0,-0.000238419,-0.83366,0,0.00619038,14,19.8,-2.11108,-3,1,-0.270218,0,0,-0.707388,0,0,0.00788628,15,19.8,1.03067,-1.00003,1,-0.18563,0.000716746,0,0.456512,-0.00226498,0,0.0086063,16,19.8,-2.99999,-2.86948,1,-3.57628e-05,0.243551,0,0,0.929475,0,0.00807983,17,19.8,-1.97271,-0.882797,1,-0.172246,0.323376,0,0.451088,0.264972,0,0.0121665,18,19.8,-2.68345,2.12498,1,-0.476015,0.383711,0,0.223994,0.683904,0,0.00767993,19,19.8,1.00003,2.00727,1,0.000783801,-0.124371,0,-0.00298023,0.408471,0,0.0110384,20,19.8,-0.0559918,2.68234,1,0.197743,-0.5,0,-0.388516,0,0,0.0100115,21,19.8,-0.988704,-1.1176,1,-0.133334,-0.320378,0,0.423849,-0.26083,0,0.0140077,22,19.8,-2.88561,-0.991931,1,0.318474,-0.123389,0,0.28944,0.398725,0,0.0104459,23,19.8,0.999996,-3,1,-1.49012e-06,0,0,-2.98023e-05,0,0,0.00828359,24,19.8,2,-9.07264e-11,1,1.78814e-05,-1.0174e-09,0,0,3.73086e-09,0,0.010297,25,19.8,0.012147,-0.998475,1,-0.14474,0.00234991,0,0.441101,-0.020355,0,0.0134863,26,19.8,0.992394,0.673968,1,-0.0801355,-0.5,0,0.308514,-2.98023e-05,0,0.0109322,27,19.8,-1.69404,3,1,0.500003,0,0,-5.96046e-05,0,0,0.00464967,28,19.8,2.95454,-2.31439,1,-0.284564,-0.41073,0,-0.980854,-0.564456,0,0.00844492,29,19.8,0.232631,1.0859,1,0.492196,-0.256124,0,0.150964,0.432849,0,0.014698,30,19.8,2,3,1,-1.78814e-05,1.19209e-05,0,0.000119209,0,0,0.00544198,31,19.8,-2.7327,3,1,0.5,0,0,0,0,0,0.00479095,32,19.8,0.713218,2.99883,1,-0.232621,-0.00580549,0,-1.00002,-0.00119209,0,0.00804149,33,19.8,-2.96954,0.200805,1,-0.138104,0.1273,0,0.402093,0.999987,0,0.00819118,34,19.8,-0.988851,1.75439,1,0.0128835,-0.491264,0,0.013411,-0.145078,0,0.0151786,35,19.8,-1.25076,0.999698,1,-0.500003,0.000198185,0,5.96046e-05,0.00038743,0,0.0133513
0,19.9,-2.99999,-1.85475,1,1.60187e-05,0.250884,0,-4.47035e-05,0.514582,0,0.00966098,1,19.9,1.00028,-1.99999,1,0.00107307,5.36442e-05,0,-0.00538677,-0.000178814,0,0.0103683,2,19.9,2.99996,-0.251464,1,0.000555068,-0.429945,0,-0.00452995,-0.60382,0,0.00630812,3,19.9,-0.986027,-0.183535,1,0.0298589,-0.460702,0,-0.21781,-0.34302,0,0.014032,4,19.9,-1.15424,-1.99971,1,-0.341197,0.00135936,0,-0.146747,0.00375509,0,0.0171565,5,19.9,3,-1.25987,1,0,-0.420642,0,0,-0.642464,0,0.00658444,6,19.9,-3,1.39421,1,0,0.000173599,0,0,1,0,0.0114214,7,19.9,-1.91542,1.69236,1,0.305677,0.470265,0,0.948764,-0.224143,0,0.0114593,8,19.9,-0.0833142,6.57031e-05,1,0.0694454,6.24819e-05,0,0.0936622,-0.000409702,0,0.0121747,9,19.9,-1.99959,-2.15494,1,0.0032736,-0.34664,0,-0.00252575,-0.188172,0,0.00981152,10,19.9,-2.15656,0.00222712,1,-0.386779,0.0780322,0,-0.406638,-0.360972,0,0.0138934,11,19.9,2.00835,2.00304,1,0.0551306,-0.0103857,0,-0.288188,-0.000908971,0,0.00861956,12,19.9,2.00089,-1.01269,1,-0.00659339,0.136099,0,0.0156611,-0.412159,0,0.0101708,13,19.9,3,0.75028,1,9.68575e-06,-0.437556,0,-0.000149012,-0.567105,0,0.00619038,14,19.9,-2.14141,-3,1,-0.334065,0,0,-0.565499,0,0,0.00788628,15,19.9,1.01434,-0.999967,1,-0.141739,0.000502169,0,0.419222,-0.00201911,0,0.0086063,16,19.9,-3,-2.84068,1,-3.09199e-05,0.330295,0,7.45058e-05,0.797004,0,0.00807983,17,19.9,-1.98775,-0.849231,1,-0.129281,0.346835,0,0.40707,0.1981,0,0.0121665,18,19.9,-2.72979,2.16649,1,-0.449569,0.443295,0,0.30145,0.494316,0,0.00767993,19,19.9,1.00009,1.99678,1,0.000506081,-0.0861824,0,-0.00255555,0.35429,0,0.0110384,20,19.9,-0.0381068,2.63234,1,0.1605,-0.5,0,-0.355847,0,0,0.0100115,21,19.9,-1.00001,-1.15078,1,-0.0937789,-0.341423,0,0.366945,-0.157319,0,0.0140077,22,19.9,-2.85247,-1.00237,1,0.34261,-0.0862702,0,0.189692,0.343096,0,0.0104459,23,19.9,0.999996,-3,1,-3.25963e-06,0,0,-1.11759e-05,0,0,0.00828359,24,19.9,2.00001,-1.74411e-10,1,1.60187e-05,-6.62879e-10,0,-4.47035e-05,3.33678e-09,0,0.010297,25,19.9,-0.000204784,-0.998334,1,-0.103164,0.000544451,0,0.388994,-0.0157803,0,0.0134863,26,19.9,0.985834,0.623968,1,-0.0519169,-0.5,0,0.256486,0,0,0.0109322,27,19.9,-1.64404,3,1,0.5,0,0,-7.45058e-06,0,0,0.00464967,28,19.9,2.9214,-2.35793,1,-0.375199,-0.456684,0,-0.808686,-0.360042,0,0.00844492,29,19.9,0.282321,1.06242,1,0.499448,-0.213963,0,0.0207889,0.409298,0,0.014698,30,19.9,2,3,1,-7.82311e-06,7.82311e-06,0,7.45058e-05,-4.47035e-05,0,0.00544198,31,19.9,-2.6827,2.99993,1,0.5,-0.00221618,0,0,-0.0519902,0,0.00479095,32,19.9,0.685105,2.99826,1,-0.327612,-0.00553913,0,-0.879444,0.00609457,0,0.00804149,33,19.9,-2.98142,0.218528,1,-0.100243,0.226952,0,0.353128,0.986106,0,0.00819118,34,19.9,-0.987548,1.70478,1,0.0126887,-0.499083,0,-0.0156388,-0.0292435,0,0.0151786,35,19.9,-1.30076,0.99972,1,-0.5,0.000232924,0,7.45058e-06,0.000309199,0,0.0133513
0,20,-2.99999,-1.82737,1,1.19209e-05,0.293899,0,0,0.343561,0,0.00937463,1,20,1.00036,-1.99999,1,0.000575185,3.57628e-05,0,-0.00458956,-0.000178814,0,0.0113039,2,20,2.99999,-0.297007,1,0.000178814,-0.476237,0,-0.00298023,-0.324264,0,0.00608887,3,20,-0.984042,-0.231048,1,0.0106961,-0.486894,0,-0.166446,-0.183105,0,0.0126643,4,20,-1.18891,-1.99956,1,-0.350374,0.00175536,0,-0.0352263,0.00423193,0,0.0165579,5,20,3,-1.30469,1,0,-0.471008,0,0,-0.365078,0,0.00686746,6,20,-3,1.39922,1,0,0.100175,0,0,0.999987,0,0.0105251,7,20,-1.88036,1.73813,1,0.392395,0.443777,0,0.757635,-0.301898,0,0.0113139,8,20,-0.0758853,6.99054e-05,1,0.0791604,2.17842e-05,0,0.0955164,-0.000396656,0,0.0112747,9,20,-1.99927,-2.19038,1,0.00306964,-0.360602,0,-0.00143051,-0.087738,0,0.0118602,10,20,-2.19718,0.00831024,1,-0.424558,0.0445025,0,-0.341535,-0.308671,0,0.0121077,11,20,2.01251,2.00202,1,0.0292003,-0.0100076,0,-0.230551,0.00798702,0,0.00708381,12,20,2.0003,-1.00107,1,-0.00506043,0.0972658,0,0.0151396,-0.363111,0,0.00917975,13,20,3,0.704164,1,0,-0.480106,0,-0.000119209,-0.288397,0,0.00705686,14,20,-2.17738,-3,1,-0.382656,0,0,-0.403762,0,0,0.00688765,15,20,1.00218,-0.999927,1,-0.102143,0.000314415,0,0.371337,-0.00172853,0,0.00760974,16,20,-3,-2.80394,1,-2.38419e-05,0.401545,0,0.000238419,0.62263,0,0.00804269,17,20,-1.99872,-0.813708,1,-0.0910223,0.361982,0,0.357389,0.100821,0,0.0115448,18,20,-2.77314,2.21291,1,-0.416392,0.481224,0,0.35882,0.264168,0,0.00689679,19,20,1.00013,1.98984,1,0.000271201,-0.0536621,0,-0.00202656,0.295699,0,0.0119349,20,20,-0.0237782,2.58234,1,0.126662,-0.5,0,-0.320547,0,0,0.0120213,21,20,-1.00765,-1.18552,1,-0.0599802,-0.351438,0,0.308931,-0.041604,0,0.0138837,22,20,-2.81745,-1.00938,1,0.355858,-0.0548452,0,0.0733137,0.285208,0,0.0119568,23,20,0.999996,-3,1,-2.98023e-06,0,0,0,0,0,0.00847146,24,20,2.00001,-2.24821e-10,1,1.19209e-05,-3.53771e-10,0,0,2.83083e-09,0,0.0108281,25,20,-0.00867219,-0.998351,1,-0.0671655,-0.000813603,0,0.330158,-0.0114143,0,0.0130107,26,20,0.981843,0.573968,1,-0.0287116,-0.5,0,0.208288,-2.98023e-05,0,0.0104568,27,20,-1.59404,3,1,0.500003,0,0,-5.96046e-05,0,0,0.00611526,28,20,2.88026,-2.4051,1,-0.443083,-0.483966,0,-0.539899,-0.192404,0,0.00822109,29,20,0.332309,1.04302,1,0.5,-0.174466,0,-1.43051e-05,0.37986,0,0.0149305,30,20,2,3,1,-5.96046e-06,0,0,0.000238419,0,0,0.0043536,31,20,-2.6327,2.99931,1,0.5,-0.0116348,0,0,-0.141382,0,0.0074519,32,20,0.648275,2.99774,1,-0.405388,-0.00466704,0,-0.665277,0.0109673,0,0.00806968,33,20,-2.98977,0.246043,1,-0.0677884,0.321741,0,0.294566,0.888884,0,0.00871428,34,20,-0.986394,1.6548,1,0.0100717,-0.500003,0,-0.0352561,5.96046e-05,0,0.0147053,35,20,-1.35076,0.999744,1,-0.500003,0.00025928,0,5.96046e-05,0.000208616,0,0.0118799
0,20.1,-2.99999,-1.79649,1,1.04308e-05,0.321301,0,-2.98023e-05,0.203677,0,0.00937463,1,20.1,1.0004,-1.99999,1,0.00016354,1.8999e-05,0,-0.00365078,-0.000149012,0,0.0113039,2,20.1,3,-0.345828,1,-5.96046e-05,-0.496381,0,-0.00181794,-0.0971609,0,0.00608887,3,20.1,-0.983723,-0.280407,1,-0.00351192,-0.498062,0,-0.118989,-0.050377,0,0.0126643,4,20.1,-1.22402,-1.99936,1,-0.350707,0.00207331,0,0.0307634,0.00239164,0,0.0165579,5,20.1,3,-1.35318,1,0,-0.494777,0,0,-0.126183,0,0.00686746,6,20.1,-3,1.41423,1,0,0.199662,0,0,0.981815,0,0.0105251,7,20.1,-1.83779,1.7809,1,0.454434,0.410621,0,0.477985,-0.357978,0,0.0113139,8,20.1,-0.0675301,7.01836e-05,1,0.0875047,-1.5294e-05,0,0.0693204,-0.000341308,0,0.0112747,9,20.1,-1.99898,-2.22686,1,0.00282992,-0.368689,0,-0.00300258,-0.0666231,0,0.0118602,10,20.1,-2.24136,0.0113673,1,-0.458499,0.0180764,0,-0.315458,-0.222439,0,0.0121077,11,20.1,2.01438,2.00107,1,0.0089936,-0.0089068,0,-0.174373,0.013575,0,0.00708381,12,20.1,1.99987,-0.993063,1,-0.00361726,0.0637542,0,0.0136495,-0.306658,0,0.00917975,13,20.1,3,0.655112,1,-9.68575e-06,-0.497388,0,-5.96046e-05,-0.0771061,0,0.00705686,14,20.1,-2.21756,-3,1,-0.419792,0,0,-0.332549,0,0,0.00688765,15,20.1,0.993732,-0.999903,1,-0.0677853,0.000158139,0,0.31526,-0.00139326,0,0.00760974,16,20.1,-3,-2.76103,1,-4.84288e-06,0.453119,0,0.000163913,0.410855,0,0.00804269,17,20.1,-2.00614,-0.776865,1,-0.0584297,0.375906,0,0.295043,0.162832,0,0.0115448,18,20.1,-2.81291,2.262,1,-0.378386,0.49739,0,0.398323,0.074774,0,0.00689679,19,20.1,1.00015,1.98585,1,9.07108e-05,-0.027152,0,-0.00158697,0.234865,0,0.0119349,20,20.1,-0.0126512,2.53234,1,0.0965179,-0.5,0,-0.282186,0,0,0.0120213,21,20.1,-1.01221,-1.22073,1,-0.0323087,-0.35154,0,0.245467,0.0404865,0,0.0138837,22,20.1,-2.78161,-1.01353,1,0.359688,-0.0292979,0,0.000849366,0.226304,0,0.0119568,23,20.1,0.999996,-3,1,-2.51457e-06,0,0,1.11759e-05,0,0,0.00847146,24,20.1,2.00001,-2.4701e-10,1,1.00583e-05,-9.97115e-11,0,-4.47035e-05,2.24912e-09,0,0.0108281,25,20.1,-0.0138432,-0.998483,1,-0.0373046,-0.00174968,0,0.267186,-0.00740215,0,0.0130107,26,20.1,0.979937,0.523968,1,-0.0101492,-0.5,0,0.163637,2.08616e-06,0,0.0104568,27,20.1,-1.54437,3,1,0.49033,0,0,-0.186965,0,0,0.00611526,28,20.1,2.83376,-2.45424,1,-0.482285,-0.496804,0,-0.254825,-0.0721514,0,0.00822109,29,20.1,0.382309,1.02741,1,0.5,-0.138438,0,0,0.340529,0,0.0149305,30,20.1,2,3,1,1.15484e-05,0,0,0.00013411,0,0,0.0043536,31,20.1,-2.5827,2.99675,1,0.5,-0.0460535,0,0,-0.519842,0,0.0074519,32,20.1,0.604864,2.99733,1,-0.458446,-0.0034716,0,-0.402037,0.0127107,0,0.00806968,33,20.1,-2.99518,0.282366,1,-0.0414915,0.401386,0,0.231236,0.689421,0,0.00871428,34,20.1,-0.985577,1.6048,1,0.00616023,-0.5,0,-0.0421889,7.45058e-06,0,0.0147053,35,20.1,-1.40076,0.999771,1,-0.5,0.000274554,0,7.45058e-06,0.000104308,0,0.0118799
0,20.2,-2.99999,-1.76358,1,5.96046e-06,0.334591,0,0,0.0624657,0,0.00694923,1,20.2,1.0004,-1.99999,1,-0.000154972,5.96046e-06,0,-0.00268221,-0.000178814,0,0.0119918,2,20.2,2.99998,-0.395728,1,-0.000190735,-0.5,0,-0.00107288,-1.43051e-05,0,0.00675025,3,20.2,-0.984599,-0.330323,1,-0.0133485,-0.499143,0,-0.0789464,0.0171363,0,0.0161838,4,20.2,-1.25882,-1.99914,1,-0.343889,0.0022769,0,0.106573,0.00184774,0,0.0180414,5,20.2,3,-1.40302,1,0,-0.5,0,0,0,0,0.00640292,6,20.2,-3,1.43899,1,0,0.293806,0,0,0.881732,0,0.00896099,7,20.2,-1.79042,1.8201,1,0.488317,0.372797,0,0.20808,-0.395596,0,0.0101985,8,20.2,-0.0584897,6.70632e-05,1,0.092706,-4.59018e-05,0,0.0335723,-0.000268694,0,0.0133591,9,20.2,-1.99871,-2.26398,1,0.0025332,-0.372672,0,-0.002563,-0.0077486,0,0.011349,10,20.2,-2.28861,0.0121877,1,-0.484586,-0.000481377,0,-0.19753,-0.15109,0,0.0127838,11,20.2,2.01449,2.00025,1,-0.00584722,-0.00737607,0,-0.123501,0.0165701,0,0.00929729,12,20.2,1.99958,-0.988124,1,-0.00234246,0.0359833,0,0.0117421,-0.24873,0,0.00953362,13,20.2,3,0.605178,1,-1.19209e-05,-0.5,0,-0.000119209,-2.98023e-05,0,0.00786562,14,20.2,-2.26104,-3,1,-0.448048,0,0,-0.227928,0,0,0.00588235,15,20.2,0.988433,-0.999894,1,-0.0391573,3.57628e-05,0,0.257194,-0.00110269,0,0.0077004,16,20.2,-3,-2.714,1,5.96046e-06,0.484329,0,0.000119209,0.217319,0,0.00668408,17,20.2,-2.01061,-0.73846,1,-0.0318825,0.391933,0,0.23663,0.146389,0,0.0129749,18,20.2,-2.84871,2.31193,1,-0.337291,0.5,0,0.420809,0,0,0.00654272,19,20.2,1.00015,1.98421,1,-4.76837e-05,-0.00658929,0,-0.00113249,0.177026,0,0.0112473,20,20.2,-0.00434567,2.48234,1,0.0702404,-0.5,0,-0.243345,0,0,0.00975077,21,20.2,-1.01432,-1.25554,1,-0.0106871,-0.343248,0,0.187993,0.125349,0,0.0145927,22,20.2,-2.74577,-1.01543,1,0.355661,-0.0094533,0,-0.082612,0.171304,0,0.0115451,23,20.2,0.999995,-3,1,0,0,0,-2.98023e-05,0,0,0.00792739,24,20.2,2.00001,-2.46704e-10,1,1.19209e-05,9.62293e-11,0,-0.000238419,1.67269e-09,0,0.00992681,25,20.2,-0.0163409,-0.998689,1,-0.0136691,-0.00231415,0,0.205992,-0.00399351,0,0.0157563,26,20.2,0.979671,0.473968,1,0.00415444,-0.5,0,0.123143,1.43051e-05,0,0.0103341,27,20.2,-1.49653,3,1,0.463876,0,0,-0.335932,0,0,0.00538236,28,20.2,2.78463,-2.50414,1,-0.497031,-0.5,0,-0.0593662,0,0,0.00836257,29,20.2,0.432309,1.0152,1,0.5,-0.106385,0,-1.43051e-05,0.300407,0,0.016195,30,20.2,2,3,1,1.78814e-05,0,0,0.000119209,0,0,0.00448025,31,20.2,-2.5327,2.9891,1,0.5,-0.110531,0,0,-0.746131,0,0.00877441,32,20.2,0.557391,2.99705,1,-0.487426,-0.00215769,0,-0.187784,0.0133514,0,0.00826856,33,20.2,-2.99828,0.325538,1,-0.0214934,0.457802,0,0.169277,0.435248,0,0.00856522,34,20.2,-0.985178,1.5548,1,0.00178069,-0.500003,0,-0.0447631,5.96046e-05,0,0.0143902,35,20.2,-1.45076,0.999799,1,-0.500003,0.000280142,0,5.96046e-05,2.98023e-05,0,0.0136283
0,20.3,-2.99999,-1.72995,1,4.47035e-06,0.336478,0,-2.98023e-05,-0.0253469,0,0.00694923,1,20.3,1.00037,-1.99999,1,-0.000378117,-8.75443e-06,0,-0.00178814,-0.00012666,0,0.0119918,2,20.3,2.99996,-0.445728,1,-0.000263005,-0.5,0,-0.00038743,1.78814e-06,0,0.00675025,3,20.3,-0.98627,-0.380053,1,-0.0195016,-0.494396,0,-0.0453182,0.0799615,0,0.0161838,4,20.3,-1.29268,-1.99891,1,-0.333475,0.00228453,0,0.10673,-0.00130385,0,0.0180414,5,20.3,3,-1.45302,1,0,-0.5,0,0,0,0,0.00640292,6,20.3,-3,1.4725,1,0,0.373555,0,0,0.705913,0,0.00896099,7,20.3,-1.74092,1.85564,1,0.49895,0.340192,0,0.0355989,-0.263467,0,0.0101985,8,20.3,-0.0491207,6.1269e-05,1,0.0939931,-6.85951e-05,0,-0.00728667,-0.000185523,0,0.0133591,9,20.3,-1.99847,-2.30144,1,0.00214372,-0.377524,0,-0.00476092,-0.0755191,0,0.011349,10,20.3,-2.33782,0.011483,1,-0.497393,-0.0126746,0,-0.0662357,-0.0947799,0,0.0127838,11,20.3,2.01337,1.9996,1,-0.0158843,-0.00566281,0,-0.0785142,0.0174195,0,0.00929729,12,20.3,1.9994,-0.985672,1,-0.0012733,0.0140187,0,0.00962615,-0.19123,0,0.00953362,13,20.3,3,0.555178,1,-2.01166e-05,-0.5,0,-2.98023e-05,0,0,0.00786562,14,20.3,-2.30697,-3,1,-0.470096,0,0,-0.20501,0,0,0.00588235,15,20.3,0.985705,-0.999895,1,-0.0163743,-5.78351e-05,0,0.19908,-0.000778586,0,0.0077004,16,20.3,-3,-2.66477,1,1.41561e-05,0.497628,0,2.98023e-05,0.0595003,0,0.00668408,17,20.3,-2.01273,-0.698242,1,-0.011526,0.414703,0,0.172347,0.284649,0,0.0129749,18,20.3,-2.88032,2.36193,1,-0.294698,0.5,0,0.428632,0,0,0.00654272,19,20.3,1.00014,1.98435,1,-0.00014212,0.00838507,0,-0.000752509,0.123627,0,0.0112473,20,20.3,0.00153226,2.43235,1,0.048012,-0.499931,0,-0.201716,0.00275671,0,0.00975077,21,20.3,-1.01454,-1.28918,1,0.00523105,-0.328882,0,0.132009,0.163294,0,0.0145927,22,20.3,-2.71054,-1.0156,1,0.349617,0.00511464,0,-0.0471026,0.121124,0,0.0115451,23,20.3,0.999995,-3,1,-1.76951e-06,0,0,-1.11759e-05,0,0,0.00792739,24,20.3,2.00001,-2.29662e-10,1,-7.07805e-06,2.35446e-10,0,-0.000163913,1.12261e-09,0,0.00992681,25,20.3,-0.0167768,-0.998935,1,0.00398827,-0.0025671,0,0.148252,-0.00118464,0,0.0157563,26,20.3,0.980636,0.42397,1,0.0144951,-0.499894,0,0.0847057,0.00422068,0,0.0103341,27,20.3,-1.45248,3,1,0.411244,0,0,-0.68596,0,0,0.00538236,28,20.3,2.73474,-2.55405,1,-0.499814,-0.497289,0,-0.00742078,0.0545979,0,0.00836257,29,20.3,0.482309,1.006,1,0.5,-0.0784116,0,-1.78814e-06,0.259168,0,0.016195,30,20.3,2.00001,3,1,2.49594e-05,0,0,4.47035e-05,0,0,0.00448025,31,20.3,-2.48277,2.97383,1,0.497948,-0.198631,0,-0.0415742,-0.968263,0,0.00877441,32,20.3,0.507982,2.9969,1,-0.498418,-0.000837445,0,-0.0473577,0.0129044,0,0.00826856,33,20.3,-2.99968,0.373048,1,-0.00745058,0.488255,0,0.113457,0.187052,0,0.00856522,34,20.3,-0.985228,1.50489,1,-0.00281427,-0.497165,0,-0.0461861,0.0613555,0,0.0143902,35,20.3,-1.50076,0.999827,1,-0.5,0.000278652,0,7.45058e-06,-5.96046e-05,0,0.0136283
0,20.4,-2.99999,-1.69658,1,0,0.32948,0,0,-0.114381,0,0.00679289,1,20.4,1.00032,-1.99999,1,-0.000521541,-1.78814e-05,0,-0.000953674,-5.96046e-05,0,0.0124885,2,20.4,2.99993,-0.495728,1,-0.000274181,-0.5,0,0.000119209,1.43051e-05,0,0.00691168,3,20.4,-0.988399,-0.428974,1,-0.0226423,-0.482809,0,-0.0185668,0.15302,0,0.0136006,4,20.4,-1.32546,-1.99869,1,-0.32168,0.00208616,0,0.13262,-0.00244379,0,0.0145666,5,20.4,3,-1.50302,1,0,-0.500003,0,0,5.96046e-05,0,0.0081294,6,20.4,-3,1.51305,1,0,0.434005,0,0,0.500739,0,0.0105666,7,20.4,-1.69094,1.88851,1,0.500003,0.318798,0,-5.96046e-05,-0.170529,0,0.00980263,8,20.4,-0.0398211,5.36163e-05,1,0.0913858,-8.31356e-05,0,-0.0440329,-0.000106229,0,0.0115249,9,20.4,-1.99828,-2.33958,1,0.00166297,-0.385344,0,-0.00452995,-0.0703335,0,0.00999024,10,20.4,-2.38774,0.00982089,1,-0.5,-0.0198195,0,0,-0.0499348,0,0.00986405,11,20.4,2.01145,1.99912,1,-0.0218034,-0.00394285,0,-0.0412464,0.0168085,0,0.00896851,12,20.4,1.99931,-0.985136,1,-0.000417233,-0.00241548,0,0.00751019,-0.138342,0,0.00893121,13,20.4,2.99999,0.505178,1,-2.38419e-05,-0.5,0,0,1.43051e-05,0,0.00608646,14,20.4,-2.35491,-3,1,-0.487685,0,0,-0.141025,0,0,0.0074926,15,20.4,0.984971,-0.999904,1,0.000801682,-0.000120699,0,0.145286,-0.000476837,0,0.00815751,16,20.4,-3,-2.61489,1,1.78814e-05,0.498521,0,0,-0.0295639,0,0.00716484,17,20.4,-2.01311,-0.655282,1,0.00293851,0.444731,0,0.118613,0.298947,0,0.0130922,18,20.4,-2.90765,2.41193,1,-0.25202,0.5,0,0.422955,0,0,0.00657825,19,20.4,1.00013,1.98572,1,-0.000202656,0.0183761,0,-0.000417233,0.0773668,0,0.00951405,20,20.4,0.00539048,2.38239,1,0.0297955,-0.498897,0,-0.163138,0.0220537,0,0.0101528,21,20.4,-1.01344,-1.32118,1,0.0160247,-0.310403,0,0.0854731,0.206828,0,0.0142454,22,20.4,-2.67581,-1.01456,1,0.344694,0.0149876,0,-0.0581741,0.0774264,0,0.0126162,23,20.4,0.999995,-3,1,-1.49012e-06,0,0,0,0,0,0.00859077,24,20.4,2.00001,-2.01336e-10,1,-1.78814e-05,3.23049e-10,0,-0.000119209,6.41459e-10,0,0.0102116,25,20.4,-0.0157245,-0.999194,1,0.0162099,-0.00257194,0,0.0973698,0.000953674,0,0.0135075,26,20.4,0.982452,0.374036,1,0.0212967,-0.498311,0,0.0522733,0.0337511,0,0.00943037,27,20.4,-1.41516,3,1,0.332251,0,0,-0.868976,0,0,0.00689163,28,20.4,2.68475,-2.60341,1,-0.5,-0.489032,0,0,0.110507,0,0.00918829,29,20.4,0.532309,0.999385,1,0.500001,-0.0545219,0,-2.98023e-05,0.218868,0,0.0146712,30,20.4,2.00001,3,1,2.38419e-05,0,0,0.000119209,0,0,0.00464586,31,20.4,-2.43325,2.94903,1,0.491589,-0.297832,0,-0.0857115,-1.00017,0,0.010991,32,20.4,0.458022,2.99688,1,-0.5,0.000399351,0,1.43051e-05,0.0116825,0,0.00958774,33,20.4,-2.99994,0.422507,1,0.00156164,0.498351,0,0.0686646,0.0329906,0,0.00985069,34,20.4,-0.985736,1.45562,1,-0.00728816,-0.486976,0,-0.0425577,0.145376,0,0.0152914,35,20.4,-1.55076,0.999855,1,-0.500003,0.000269711,0,5.96046e-05,-0.000149012,0,0.0115219
0,20.5,-2.99999,-1.66417,1,-3.72529e-07,0.319022,0,-1.49012e-05,-0.100702,0,0.00679289,1,20.5,1.00027,-1.99999,1,-0.000584871,-2.19792e-05,0,-0.000342727,-1.49012e-05,0,0.0124885,2,20.5,2.99991,-0.545728,1,-0.000245124,-0.5,0,0.000447035,-5.66244e-06,0,0.00691168,3,20.5,-0.990721,-0.476475,1,-0.0234539,-0.466924,0,0.00139326,0.170326,0,0.0136006,4,20.5,-1.35718,-1.9985,1,-0.314407,0.0016816,0,0.0261962,-0.00521541,0,0.0145666,5,20.5,3,-1.55302,1,0,-0.499995,0,0,0.000201166,0,0.0081294,6,20.5,-3,1.5586,1,0,0.473473,0,0,0.293627,0,0.0105666,7,20.5,-1.64094,1.91981,1,0.5,0.309659,0,-7.45058e-06,-0.0219643,0,0.00980263,8,20.5,-0.030958,4.48974e-05,1,0.0853614,-9.00388e-05,0,-0.0749535,-3.40033e-05,0,0.0115249,9,20.5,-1.99814,-2.37877,1,0.00113603,-0.400856,0,-0.00561029,-0.221893,0,0.00999024,10,20.5,-2.43774,0.00764671,1,-0.5,-0.023125,0,0,-0.0175771,0,0.00986405,11,20.5,2.00912,1.9988,1,-0.0243764,-0.00234786,0,-0.0115484,0.0149682,0,0.00896851,12,20.5,1.99931,-0.985987,1,0.000228733,-0.0138217,0,0.00543892,-0.0910275,0,0.00893121,13,20.5,2.99999,0.455178,1,-2.19792e-05,-0.5,0,4.47035e-05,0,0,0.00608646,14,20.5,-2.40423,-3,1,-0.497271,0,0,-0.0551194,0,0,0.0074926,15,20.5,0.985694,-0.999918,1,0.0128479,-0.000156183,0,0.0968762,-0.000242144,0,0.00815751,16,20.5,-2.99999,-2.56522,1,1.60187e-05,0.494133,0,-4.47035e-05,-0.0651032,0,0.00716484,17,20.5,-2.0123,-0.609426,1,0.0125561,0.471127,0,0.075236,0.224087,0,0.0130922,18,20.5,-2.93076,2.46193,1,-0.210503,0.5,0,0.40561,0,0,0.00657825,19,20.5,1.0001,1.98788,1,-0.000231154,0.0241127,0,-0.000156462,0.0387877,0,0.00951405,20,20.5,0.0076146,2.33268,1,0.0152761,-0.494305,0,-0.127792,0.074774,0,0.0101528,21,20.5,-1.01148,-1.35124,1,0.0224307,-0.291022,0,0.0443906,0.18505,0,0.0142454,22,20.5,-2.64111,-1.01274,1,0.353863,0.0208804,0,0.215158,0.0417158,0,0.0126162,23,20.5,0.999995,-3,1,-1.02445e-06,0,0,1.11759e-05,0,0,0.00859077,24,20.5,2.00001,-1.66536e-10,1,-2.6077e-05,3.66212e-10,0,-2.98023e-05,2.36865e-10,0,0.0102116,25,20.5,-0.0136925,-0.999444,1,0.0237064,-0.00239564,0,0.0540206,0.00246987,0,0.0135075,26,20.5,0.984797,0.324459,1,0.0251658,-0.492242,0,0.0259727,0.091901,0,0.00943037,27,20.5,-1.38653,3,1,0.238393,0,0,-0.983626,0,0,0.00689163,28,20.5,2.63475,-2.65167,1,-0.5,-0.475116,0,0,0.167534,0,0.00918829,29,20.5,0.582304,0.994956,1,0.499783,-0.0347516,0,-0.00738725,0.17719,0,0.0146712,30,20.5,2.00001,3,1,3.05474e-05,0,0,2.98023e-05,0,0,0.00464586,31,20.5,-2.38464,2.91455,1,0.479591,-0.388123,0,-0.152573,-0.786439,0,0.010991,32,20.5,0.408035,2.99697,1,-0.499463,0.00145324,0,0.0159181,0.00940263,0,0.00958774,33,20.5,-2.9995,0.472444,1,0.00665635,0.499897,0,0.0347793,0.00412203,0,0.00985069,34,20.5,-0.986667,1.40836,1,-0.0112014,-0.451826,0,-0.0351742,0.529483,0,0.0152914,35,20.5,-1.60073,0.999881,1,-0.498954,0.000252016,0,0.0257716,-0.000208616,0,0.0115219
0,20.6,-2.99999,-1.63279,1,0,0.308311,0,-0.000119209,-0.117779,0,0.0106214,1,20.6,1.00021,-1.99999,1,-0.000593066,-2.38419e-05,0,0.000119209,0,0,0.0136427,2,20.6,2.99988,-0.595728,1,-0.000190735,-0.5,0,0.000715256,-2.98023e-05,0,0.00640562,3,20.6,-0.993033,-0.52225,1,-0.0225395,-0.447793,0,0.0160336,0.216156,0,0.0119335,4,20.6,-1.38857,-1.99836,1,-0.314057,0.00112355,0,-0.00870228,-0.00572205,0,0.0161521,5,20.6,3,-1.60302,1,0,-0.499919,0,0,0.00160933,0,0.00683147,6,20.6,-3,1.60711,1,0,0.493911,0,0,0.121772,0,0.0087147,7,20.6,-1.59094,1.95085,1,0.500003,0.312585,0,-5.96046e-05,0.0721216,0,0.010227,8,20.6,-0.0228371,3.58276e-05,1,0.0766877,-9.03729e-05,0,-0.097096,2.51266e-05,0,0.0111886,9,20.6,-1.99806,-2.42009,1,0.000607967,-0.426447,0,-0.00458956,-0.275016,0,0.00928093,10,20.6,-2.48774,0.00529012,1,-0.5,-0.0236005,0,0,0.00681158,0,0.0104981,11,20.6,2.00666,1.99864,1,-0.0243604,-0.000965595,0,0.0107288,0.012517,0,0.0100442,12,20.6,1.99935,-0.987755,1,0.000679493,-0.0208706,0,0.00363588,-0.0511706,0,0.00986354,13,20.6,2.99999,0.405178,1,-1.78814e-05,-0.5,0,0,1.43051e-05,0,0.00703647,14,20.6,-2.45413,-3,1,-0.499845,0,0,-0.00309944,0,0,0.00720305,15,20.6,0.987392,-0.999935,1,0.0204235,-0.000171363,0,0.0559092,-2.98023e-05,0,0.00930918,16,20.6,-2.99999,-2.51624,1,1.78814e-05,0.484341,0,-0.000238419,-0.135422,0,0.00604816,17,20.6,-2.01073,-0.561344,1,0.0182688,0.488992,0,0.0405312,0.132501,0,0.0118846,18,20.6,-2.94982,2.51193,1,-0.17122,0.5,0,0.378609,0,0,0.00734354,19,20.6,1.00008,1.99043,1,-0.000235438,0.0264049,0,5.96046e-05,0.00834465,0,0.0122437,20,20.6,0.00855801,2.28375,1,0.00412546,-0.483131,0,-0.0957944,0.151992,0,0.0106752,21,20.6,-1.00907,-1.37942,1,0.0252336,-0.272653,0,0.0131726,0.18543,0,0.0109278,22,20.6,-2.60438,-1.01049,1,0.38299,0.0235766,0,0.346303,0.0134706,0,0.0121269,23,20.6,0.999995,-3,1,0,0,0,2.98023e-05,0,0,0.00817978,24,20.6,2,-1.29294e-10,1,-2.98023e-05,3.7334e-10,0,0,-8.01648e-11,0,0.00942623,25,20.6,-0.0111133,-0.999669,1,0.027298,-0.00209808,0,0.0191917,0.00345707,0,0.0137513,26,20.6,0.987406,0.275819,1,0.0266582,-0.479246,0,0.00470877,0.170618,0,0.00908726,27,20.6,-1.36766,3,1,0.138801,0,0,-0.999987,0,0,0.00788044,28,20.6,2.58475,-2.69825,1,-0.5,-0.4556,0,0,0.222325,0,0.00798585,29,20.6,0.632201,0.992302,1,0.49756,-0.0189543,0,-0.0436306,0.139445,0,0.0162992,30,20.6,2.00001,3,1,2.98023e-05,0,0,0,0,0,0.00506098,31,20.6,-2.33754,2.87227,1,0.461411,-0.452626,0,-0.209451,-0.498056,0,0.00894945,32,20.6,0.358232,2.99716,1,-0.495851,0.00227094,0,0.0607818,0.00715256,0,0.00940674,33,20.6,-2.9987,0.522441,1,0.00880361,0.5,0,0.00965595,2.98023e-05,0,0.00801672,34,20.6,-0.987947,1.36626,1,-0.0142381,-0.386241,0,-0.0252724,0.758767,0,0.0137101,35,20.6,-1.65042,0.999905,1,-0.494003,0.000229478,0,0.07689,-0.000268221,0,0.0117765
0,20.7,-2.99999,-1.60184,1,-9.68575e-06,0.316862,0,-5.96046e-05,0.253931,0,0.0106214,1,20.7,1.00015,-1.99999,1,-0.000561588,-2.29105e-05,0,0.000484288,2.23517e-05,0,0.0136427,2,20.7,2.99987,-0.6456,1,-0.000117719,-0.496135,0,0.000745058,0.0781715,0,0.00640562,3,20.7,-0.995188,-0.56594,1,-0.0204189,-0.425822,0,0.0256747,0.227436,0,0.0119335,4,20.7,-1.42062,-1.99828,1,-0.331982,0.000534393,0,-0.316232,-0.0057891,0,0.0161521,5,20.7,3,-1.65301,1,0,-0.499954,0,0,-0.00100583,0,0.00683147,6,20.7,-3,1.65653,1,0,0.489126,0,0,-0.201255,0,0.0087147,7,20.7,-1.54094,1.98271,1,0.5,0.326851,0,-7.45058e-06,0.202805,0,0.010227,8,20.7,-0.0156797,2.69977e-05,1,0.0662384,-8.54683e-05,0,-0.11041,7.04598e-05,0,0.0111886,9,20.7,-1.99802,-2.46411,1,0.000103563,-0.453806,0,-0.00537932,-0.261188,0,0.00928093,10,20.7,-2.53774,0.0029944,1,-0.5,-0.0220375,0,0,0.0234037,0,0.0104981,11,20.7,2.00378,1.9986,1,-0.0374662,0.000149012,0,-0.246324,0.00976026,0,0.0100442,12,20.7,1.99944,-0.990041,1,0.000959449,-0.024314,0,0.00201911,-0.0190362,0,0.00986354,13,20.7,2.99999,0.355304,1,-1.60187e-05,-0.49619,0,4.47035e-05,0.0771358,0,0.00703647,14,20.7,-2.50412,-3,1,-0.49999,0,0,-0.00038743,0,0,0.00720305,15,20.7,0.989655,-0.999952,1,0.0242812,-0.000167731,0,0.0225939,0.000100583,0,0.00930918,16,20.7,-2.99999,-2.46851,1,-1.11759e-06,0.469844,0,-0.000163913,-0.159979,0,0.00604816,17,20.7,-2.00808,-0.511932,1,0.0403233,0.497845,0,0.377148,0.0494383,0,0.0118846,18,20.7,-2.96511,2.56169,1,-0.135054,0.492921,0,0.343665,-0.13943,0,0.00734354,19,20.7,1.00006,1.99255,1,-0.000222214,0.0111623,0,0.000186265,-0.2845,0,0.0122437,20,20.7,0.00854245,2.23639,1,-0.00394813,-0.462283,0,-0.066476,0.262126,0,0.0106752,21,20.7,-1.00653,-1.406,1,0.0252891,-0.260966,0,-0.0105947,0.0611767,0,0.0109278,22,20.7,-2.56434,-1.0081,1,0.41762,0.0239206,0,0.337705,-0.00568479,0,0.0121269,23,20.7,0.999995,-3,1,2.6077e-06,0,0,2.23517e-05,0,0,0.00817978,24,20.7,2,-9.27771e-11,1,-2.79397e-05,3.53185e-10,0,4.47035e-05,-3.08965e-10,0,0.00942623,25,20.7,-0.00833497,-0.999861,1,0.0278287,-0.00172695,0,-0.00721091,0.00389293,0,0.0137513,26,20.7,0.990066,0.228935,1,0.0262493,-0.456649,0,-0.0120476,0.278231,0,0.00908726,27,20.7,-1.35878,3,1,0.0389135,0,0,-0.995539,0,0,0.00788044,28,20.7,2.53475,-2.74258,1,-0.5,-0.429985,0,0,0.287443,0,0.00798585,29,20.7,0.681909,0.99104,1,0.497703,-0.00689216,0,0.0245571,0.102803,0,0.0162992,30,20.7,2.00002,3,1,2.75671e-05,0,0,-5.96046e-05,0,0,0.00506098,31,20.7,-2.29254,2.82501,1,0.437767,-0.487856,0,-0.261486,-0.215545,0,0.00894945,32,20.7,0.30905,2.99742,1,-0.486709,0.00287034,0,0.125201,0.00484288,0,0.00940674,33,20.7,-2.99746,0.57244,1,0.0190053,0.49991,0,0.180766,-0.00359491,0,0.00801672,34,20.7,-0.989478,1.3319,1,-0.0161986,-0.297549,0,-0.0140332,0.96985,0,0.0137101,35,20.7,-1.69933,0.999497,1,-0.483114,-0.0121537,0,0.143498,-0.227187,0,0.0117765
0,20.8,-2.99999,-1.56851,1,-1.78814e-05,0.352806,0,0.000119209,0.436842,0,0.00697556,1,20.8,1.0001,-2,1,-0.000500679,-2.08616e-05,0,0.000715256,5.96046e-05,0,0.0112546,2,20.8,2.99986,-0.694688,1,-4.76837e-05,-0.484259,0,0.000596046,0.159502,0,0.00591385,3,20.8,-0.997091,-0.607338,1,-0.0175357,-0.401612,0,0.0314116,0.259519,0,0.012299,4,20.8,-1.45568,-1.99825,1,-0.371337,1.49012e-05,0,-0.44471,-0.00435114,0,0.0108813,5,20.8,3,-1.70301,1,0,-0.500003,0,0,5.96046e-05,0,0.00616727,6,20.8,-3,1.70402,1,0,0.456721,0,0,-0.432432,0,0.0107566,7,20.8,-1.49094,2.01655,1,0.500003,0.351202,0,-5.96046e-05,0.274897,0,0.00911714,8,20.8,-0.00961961,1.88607e-05,1,0.0548789,-7.67554e-05,0,-0.115525,0.000101554,0,0.0109612,9,20.8,-1.99804,-2.51071,1,-0.000444055,-0.476962,0,-0.00554323,-0.195861,0,0.0077022,10,20.8,-2.58774,0.000927841,1,-0.5,-0.0191152,0,0,0.0341346,0,0.00959662,11,20.8,1.99856,1.99866,1,-0.0689149,0.000989437,0,-0.36186,0.00703335,0,0.0098972,12,20.8,1.99954,-0.992524,1,0.00109375,-0.0249341,0,0.000715256,0.00542402,0,0.00915357,13,20.8,2.99999,0.306205,1,-1.19209e-05,-0.484452,0,0,0.157878,0,0.00713356,14,20.8,-2.55412,-3,1,-0.5,0,0,0,0,0,0.00618442,15,20.8,0.99215,-0.999968,1,0.0252008,-0.000153482,0,-0.00292063,0.000208616,0,0.00830554,16,20.8,-2.99999,-2.4224,1,-5.96046e-06,0.451434,0,-0.000238419,-0.211954,0,0.00773627,17,20.8,-2.00177,-0.461999,1,0.0893265,0.5,0,0.582635,0,0,0.0127004,18,20.8,-2.97696,2.61007,1,-0.102675,0.472605,0,0.303388,-0.264168,0,0.00740616,19,20.8,1.00004,1.99196,1,-0.000199676,-0.0253737,0,0.000178814,-0.423789,0,0.0150887,20,20.8,0.00785824,2.19163,1,-0.00932536,-0.431305,0,-0.0418266,0.354409,0,0.0104491,21,20.8,-1.00408,-1.43191,1,0.0233918,-0.258103,0,-0.0261664,0.00631809,0,0.0129919,22,20.8,-2.52096,-1.00576,1,0.449085,0.022611,0,0.285864,-0.0196695,0,0.0113892,23,20.8,0.999995,-3,1,4.47035e-06,0,0,0,0,0,0.00925958,24,20.8,2,-5.92847e-11,1,-2.38419e-05,3.14159e-10,0,5.96046e-05,-4.59407e-10,0,0.00861348,25,20.8,-0.00562234,-1.00001,1,0.0261129,-0.00132918,0,-0.0259017,0.00393391,0,0.0108924,26,20.8,0.992609,0.184817,1,0.0244081,-0.424234,0,-0.0240207,0.366822,0,0.00928418,27,20.8,-1.35983,3,1,-0.0594139,0,0,-0.964224,0,0,0.00649881,28,20.8,2.48475,-2.78405,1,-0.5,-0.398606,0,0,0.337601,0,0.00938784,29,20.8,0.731791,0.990811,1,0.499628,0.00180155,0,0.00742078,0.0720024,0,0.0130329,30,20.8,2.00002,3,1,1.78814e-05,0,0,-0.000119209,0,0,0.00459211,31,20.8,-2.25014,2.77552,1,0.409502,-0.498778,0,-0.302196,-0.0244379,0,0.00897619,32,20.8,0.261133,2.99773,1,-0.470326,0.00324249,0,0.204176,0.0026226,0,0.00646587,33,20.8,-2.99446,0.622384,1,0.0424445,0.498563,0,0.276446,-0.0287592,0,0.00900277,34,20.8,-0.991151,1.30708,1,-0.0170708,-0.198302,0,-0.00357628,0.999987,0,0.0151526,35,20.8,-1.7468,0.99691,1,-0.464913,-0.041531,0,0.221729,-0.343859,0,0.0137898
0,20.9,-2.99999,-1.53099,1,-8.19564e-06,0.397512,0,5.96046e-05,0.442527,0,0.00697556,1,20.9,1.00005,-2,1,-0.000421703,-1.50874e-05,0,0.000849366,5.21541e-05,0,0.0112546,2,20.9,2.99986,-0.742187,1,1.00583e-05,-0.464434,0,0.000551343,0.236873,0,0.00591385,3,20.9,-0.998683,-0.646315,1,-0.0142784,-0.378844,0,0.0333078,0.204038,0,0.012299,4,20.9,-1.49501,-1.99827,1,-0.414799,-0.000424497,0,-0.413895,-0.00435859,0,0.0108813,5,20.9,3,-1.75301,1,0,-0.5,0,0,7.45058e-06,0,0.00616727,6,20.9,-3,1.74697,1,0,0.397618,0,0,-0.722833,0,0.0107566,7,20.9,-1.44106,2.05342,1,0.49646,0.38892,0,-0.0697151,0.442371,0,0.00911714,8,20.9,-0.00470796,1.17272e-05,1,0.0433936,-6.56204e-05,0,-0.113177,0.000119135,0,0.0109612,9,20.9,-1.99645,-2.55917,1,0.045494,-0.490303,0,0.798747,-0.0729859,0,0.0077022,10,20.9,-2.63763,-0.000804992,1,-0.496429,-0.0154754,0,0.0730902,0.0381075,0,0.00959662,11,20.9,1.98962,1.99879,1,-0.111714,0.00155997,0,-0.475332,0.0045523,0,0.0098972,12,20.9,1.99965,-0.994959,1,0.00111256,-0.0234805,0,-0.000290573,0.022538,0,0.00915357,13,20.9,2.99999,0.258678,1,-1.00583e-05,-0.464805,0,4.47035e-05,0.235007,0,0.00713356,14,20.9,-2.60374,-3,1,-0.488799,0,0,0.215203,0,0,0.00618442,15,20.9,0.994623,-0.999982,1,0.0239475,-0.000130478,0,-0.0210032,0.000249594,0,0.00830554,16,20.9,-2.99999,-2.37868,1,-2.08616e-05,0.419772,0,-5.96046e-05,-0.409484,0,0.00773627,17,20.9,-1.98943,-0.412132,1,0.161481,0.496035,0,0.825144,-0.0780521,0,0.0127004,18,20.9,-2.98578,2.65534,1,-0.0745159,0.426576,0,0.259355,-0.627041,0,0.00740616,19,20.9,1,1.98692,1,-0.000579376,-0.0786265,0,-0.00741705,-0.615008,0,0.0150887,20,20.9,0.00675138,2.15039,1,-0.0124809,-0.392324,0,-0.0219652,0.422299,0,0.0104491,21,20.9,-1.00189,-1.45838,1,0.0203019,-0.277463,0,-0.0348911,-0.357956,0,0.0129919,22,20.9,-2.47474,-1.00361,1,0.474051,0.0201635,0,0.210017,-0.0286102,0,0.0113892,23,20.9,0.999996,-3,1,4.47035e-06,0,0,0,0,0,0.00925958,24,20.9,2,-3.03229e-11,1,-1.76951e-05,2.63765e-10,0,6.70552e-05,-5.38306e-10,0,0.00861348,25,20.9,-0.00316232,-1.00013,1,0.022896,-0.000945106,0,-0.0374107,0.00371039,0,0.0108924,26,20.9,0.994915,0.144341,1,0.0216036,-0.384217,0,-0.0314452,0.430525,0,0.00928418,27,20.9,-1.37066,3,1,-0.157659,0,0,-0.992425,0,0,0.00649881,28,20.9,2.43475,-2.82216,1,-0.499941,-0.362973,0,0.00233948,0.372887,0,0.00938784,29,20.9,0.781776,0.991309,1,0.499977,0.00775559,0,0.000935048,0.047829,0,0.0130329,30,20.9,2.00002,3,1,5.96046e-06,0,0,-0.000119209,0,0,0.00459211,31,20.9,-2.21077,2.72557,1,0.377415,-0.499923,0,-0.337347,-0.00305474,0,0.00897619,32,20.9,0.215298,2.99806,1,-0.444675,0.00339262,0,0.305493,0.000432134,0,0.00646587,33,20.9,-2.98862,0.671938,1,0.0763897,0.490944,0,0.388786,-0.122748,0,0.00900277,34,20.9,-0.992858,1.29225,1,-0.0169112,-0.0983022,0,0.00631437,1,0,0.0151526,35,20.9,-1.79201,0.990639,1,-0.43771,-0.0872342,0,0.318661,-0.544682,0,0.0137898
0,21,-2.99999,-1.48912,1,0,0.438854,0,0,0.374556,0,0.00704062,1,21,1.00001,-2,1,-0.000335276,-1.19209e-05,0,0.00089407,5.96046e-05,0,0.0129752,2,21,2.99986,-0.78732,1,6.55651e-05,-0.436981,0,0.000357628,0.311315,0,0.00627284,3,21,-0.999944,-0.683215,1,-0.0109509,-0.359359,0,0.0329912,0.191867,0,0.0105459,4,21,-1.53844,-1.99834,1,-0.452355,-0.000849366,0,-0.330329,-0.00393391,0,0.0103882,5,21,3,-1.80301,1,0,-0.500003,0,0,5.96046e-05,0,0.0058296,6,21,-3,1.78283,1,0,0.317007,0,0,-0.867665,0,0.00757828,7,21,-1.39187,2.09456,1,0.486276,0.433522,0,-0.132859,0.42522,0,0.00742813,8,21,-0.000923646,5.77599e-06,1,0.0324211,-5.32961e-05,0,-0.105501,0.000125687,0,0.0110208,9,21,-1.98738,-2.60838,1,0.139204,-0.491971,0,0.999987,0.0374317,0,0.00797205,10,21,-2.68677,-0.00215929,1,-0.485134,-0.0115955,0,0.153661,0.0390271,0,0.00806292,11,21,1.97602,1.99897,1,-0.16062,0.00192821,0,-0.487804,0.00298023,0,0.0113728,12,21,1.99976,-0.997174,1,0.00104606,-0.0206336,0,-0.00107288,0.0334382,0,0.00877041,13,21,2.99998,0.213498,1,-5.96046e-06,-0.437538,0,0,0.309527,0,0.00702572,14,21,-2.65125,-3,1,-0.458652,0,0,0.379562,0,0,0.00681796,15,21,0.996891,-0.999994,1,0.0212118,-0.000104308,0,-0.0327229,0.000298023,0,0.0082024,16,21,-3,-2.33899,1,-2.38419e-05,0.371772,0,0.000119209,-0.540376,0,0.0081906,17,21,-1.969,-0.363039,1,0.248107,0.484645,0,0.880241,-0.148475,0,0.0127517,18,21,-2.99201,2.69446,1,-0.0508547,0.35255,0,0.213504,-0.829458,0,0.00737138,19,21,0.999898,1.97584,1,-0.0016138,-0.143659,0,-0.012964,-0.66483,0,0.013159,20,21,0.00542155,2.11336,1,-0.013851,-0.347453,0,-0.00608224,0.472069,0,0.0106803,21,21,-1.00004,-1.48828,1,0.0165507,-0.32329,0,-0.0395179,-0.530124,0,0.0123335,22,21,-2.42643,-1.00175,1,0.490665,0.0170112,0,0.121355,-0.0337958,0,0.0108775,23,21,0.999996,-3,1,5.96046e-06,0,0,-2.98023e-05,0,0,0.0075569,24,21,1.99999,-6.69818e-12,1,-1.19209e-05,2.08337e-10,0,5.96046e-05,-5.62007e-10,0,0.00945502,25,21,-0.00107172,-1.0002,1,0.0188179,-0.000593066,0,-0.0433055,0.00327826,0,0.0138694,26,21,0.996911,0.108155,1,0.0182331,-0.338748,0,-0.035435,0.475641,0,0.00924715,27,21,-1.39137,3,1,-0.256383,0,0,-0.975132,0,0,0.00592094,28,21,2.38478,-2.85655,1,-0.49907,-0.324458,0,0.0188351,0.395298,0,0.00846328,29,21,0.831776,0.992289,1,0.5,0.0115097,0,2.98023e-05,0.0279546,0,0.0133448,30,21,2.00002,3,1,0,0,0,-0.000238419,0,0,0.00458126,31,21,-2.17476,2.67557,1,0.342453,-0.5,0,-0.359893,0,0,0.00955873,32,21,0.172502,2.9984,1,-0.409906,0.00334382,0,0.386454,-0.00143051,0,0.0060308,33,21,-2.97894,0.720269,1,0.117701,0.474228,0,0.426173,-0.210345,0,0.0118789,34,21,-0.994504,1.28742,1,-0.0158936,0.00169873,0,0.0135899,0.999987,0,0.0170368,35,21,-1.83405,0.979035,1,-0.401911,-0.145872,0,0.393689,-0.60764,0,0.0165377
0,21.1,-2.99999,-1.44355,1,0,0.470643,0,0,0.259437,0,0.00704062,1,21.1,0.999984,-2,1,-0.00024708,-6.70552e-06,0,0.000860542,4.47035e-05,0,0.0129752,2,21.1,2.99987,-0.829322,1,9.90927e-05,-0.401772,0,0.000298023,0.388853,0,0.00627284,3,21.1,-1.00088,-0.7184,1,-0.00778353,-0.346098,0,0.030186,0.0861175,0,0.0105459,4,21.1,-1.58514,-1.99844,1,-0.479792,-0.00120141,0,-0.216052,-0.00309944,0,0.0103882,5,21.1,3,-1.85301,1,0,-0.5,0,0,7.45058e-06,0,0.0058296,6,21.1,-3,1.80993,1,0,0.223275,0,0,-0.980884,0,0.00757828,7,21.1,-1.34402,2.13987,1,0.469696,0.470776,0,-0.196941,0.304475,0,0.00742813,8,21.1,0.00180998,1.07255e-06,1,0.0224532,-4.08267e-05,0,-0.0934154,0.000122484,0,0.0110208,9,21.1,-1.96846,-2.65718,1,0.239,-0.482133,0,0.991896,0.155166,0,0.00797205,10,21.1,-2.73438,-0.00312582,1,-0.465652,-0.00776554,0,0.235975,0.03721,0,0.00806292,11,21.1,1.95745,1.99917,1,-0.211176,0.00211969,0,-0.508405,0.00111759,0,0.0113728,12,21.1,1.99986,-0.999059,1,0.000916049,-0.016987,0,-0.00149012,0.0387393,0,0.00877041,13,21.1,2.99998,0.171432,1,-4.09782e-06,-0.402489,0,4.47035e-05,0.38745,0,0.00702572,14,21.1,-2.69402,-3,1,-0.387734,0,0,0.922441,0,0,0.00681796,15,21.1,0.998836,-1,1,0.0176038,-7.56234e-05,0,-0.0386573,0.000268221,0,0.0082024,16,21.1,-3,-2.30482,1,-1.37836e-05,0.309086,0,7.45058e-05,-0.695169,0,0.0081906,17,21.1,-1.93974,-0.315464,1,0.336648,0.46549,0,0.854693,-0.231436,0,0.0127517,18,21.1,-2.99611,2.72524,1,-0.0317927,0.260543,0,0.167921,-0.978678,0,0.00737138,19,21.1,0.999623,1.95816,1,-0.00432394,-0.209648,0,-0.039041,-0.644557,0,0.013159,20,21.1,0.00402755,2.08104,1,-0.01383,-0.298598,0,0.00586432,0.500724,0,0.0106803,21,21.1,-0.997601,-1.52315,1,0.0410525,-0.373014,0,0.488542,-0.459783,0,0.0123335,22,21.1,-2.37692,-1.00022,1,0.497909,0.0135716,0,0.0225306,-0.0346527,0,0.0108775,23,21.1,0.999997,-3,1,3.53903e-06,0,0,-1.49012e-05,0,0,0.0075569,24,21.1,1.99999,1.13479e-11,1,-6.14673e-06,1.52951e-10,0,5.21541e-05,-5.40165e-10,0,0.00945502,25,21.1,0.000590416,-1.00025,1,0.0144094,-0.000291318,0,-0.0442534,0.00275671,0,0.0138694,26,21.1,0.998554,0.0767096,1,0.0146264,-0.289766,0,-0.0362769,0.49979,0,0.00924715,27,21.1,-1.42158,3,1,-0.344462,0,0,-0.781707,0,0,0.00592094,28,21.1,2.33512,-2.88699,1,-0.492611,-0.284041,0,0.109926,0.410303,0,0.00846328,29,21.1,0.881776,0.993553,1,0.5,0.0135059,0,0,0.0125468,0,0.0133448,30,21.1,2.00002,3,1,-1.8999e-05,0,0,-0.000163913,0,0,0.00458126,31,21.1,-2.14233,2.62557,1,0.305899,-0.5,0,-0.369534,0,0,0.00955873,32,21.1,0.133543,2.99873,1,-0.36833,0.00313148,0,0.441988,-0.00277162,0,0.0060308,33,21.1,-2.96497,0.766469,1,0.1621,0.448173,0,0.451505,-0.306576,0,0.0118789,34,21.1,-0.996018,1.29259,1,-0.0143047,0.101698,0,0.0178814,1,0,0.0170368,35,21.1,-1.87218,0.961197,1,-0.359746,-0.212542,0,0.444993,-0.70677,0,0.0165377
0,21.2,-2.99999,-1.39539,1,-5.96046e-06,0.490558,0,0.000119209,0.138819,0,0.00739882,1,21.2,0.999964,-2,1,-0.000165403,-5.96046e-06,0,0.000804663,0.000119209,0,0.0137565,2,21.2,2.99988,-0.867456,1,0.000119209,-0.35999,0,0.000357628,0.443012,0,0.00724856,3,21.2,-1.00151,-0.752667,1,-0.00494123,-0.339858,0,0.0264645,0.048697,0,0.0135868,4,21.2,-1.634,-1.99858,1,-0.495204,-0.00146627,0,-0.0908971,-0.00232458,0,0.0130591,5,21.2,3,-1.90301,1,0,-0.500003,0,0,5.96046e-05,0,0.00637509,6,21.2,-3,1.82733,1,0,0.124654,0,0,-0.979304,0,0.00894604,7,21.2,-1.29813,2.1882,1,0.447237,0.492865,0,-0.250578,0.136852,0,0.00730699,8,21.2,0.00361123,-2.41137e-06,1,0.013809,-2.9012e-05,0,-0.0791998,0.000112899,0,0.0105504,9,21.2,-1.93967,-2.70445,1,0.335959,-0.461733,0,0.935137,0.249147,0,0.0101745,10,21.2,-2.77963,-0.00372184,1,-0.438017,-0.00421704,0,0.315905,0.0334855,0,0.00636606,11,21.2,1.93385,1.99939,1,-0.259677,0.00219941,0,-0.450253,0.00077486,0,0.0112164,12,21.2,1.99994,-1.00056,1,0.000753999,-0.0130206,0,-0.00166893,0.0399947,0,0.00859345,13,21.2,2.99998,0.133221,1,0,-0.360826,0,0,0.442039,0,0.00561442,14,21.2,-2.72794,-3,1,-0.289679,0,0,1.00017,0,0,0.00686522,15,21.2,1.0004,-1.00001,1,0.0136197,-4.76837e-05,0,-0.0403523,0.000178814,0,0.0080805,16,21.2,-3,-2.27752,1,-5.96046e-06,0.236005,0,0,-0.751853,0,0.00804001,17,21.2,-1.90207,-0.270187,1,0.413442,0.438974,0,0.660956,-0.295922,0,0.0136416,18,21.2,-2.99852,2.74633,1,-0.0172019,0.161082,0,0.124574,-1.00017,0,0.00715074,19,21.2,0.998968,1.93408,1,-0.00901073,-0.27073,0,-0.0528097,-0.568926,0,0.0141624,20,21.2,0.0026892,2.0537,1,-0.0127981,-0.248116,0,0.0142116,0.504971,0,0.00992432,21,21.2,-0.990463,-1.5626,1,0.106728,-0.414437,0,0.790685,-0.365198,0,0.0114843,22,21.2,-2.32719,-0.999036,1,0.495052,0.0101432,0,-0.079751,-0.0336766,0,0.0112031,23,21.2,0.999997,-3,1,2.98023e-06,0,0,-2.98023e-05,0,0,0.00764149,24,21.2,1.99999,2.40164e-11,1,0,1.01267e-10,0,0,-4.8944e-10,0,0.0100363,25,21.2,0.00181271,-1.00026,1,0.0100748,-4.47035e-05,0,-0.0419725,0.00214577,0,0.0107431,26,21.2,0.999837,0.050242,1,0.0110537,-0.239577,0,-0.0348687,0.500336,0,0.00997845,27,21.2,-1.45958,3,1,-0.412148,0,0,-0.571012,0,0,0.00589252,28,21.2,2.28656,-2.91333,1,-0.477219,-0.242901,0,0.197291,0.410199,0,0.00817235,29,21.2,0.931776,0.994945,1,0.5,0.0141293,0,2.98023e-05,0.000417233,0,0.0128751,30,21.2,2.00002,3,1,-2.98023e-05,0,0,-0.000119209,0,0,0.00473086,31,21.2,-2.11359,2.57557,1,0.268859,-0.5,0,-0.369906,0,0,0.0104617,32,21.2,0.0989896,2.99902,1,-0.322135,0.00280738,0,0.478737,-0.00357628,0,0.00583628,33,21.2,-2.94653,0.809624,1,0.206143,0.41372,0,0.421047,-0.378609,0,0.0126029,34,21.2,-0.997354,1.30776,1,-0.0123724,0.201699,0,0.020504,0.999987,0,0.0145743,35,21.2,-1.90588,0.936377,1,-0.313771,-0.283782,0,0.4704,-0.70262,0,0.0221404
0,21.3,-2.99963,-1.34588,1,0.0106562,0.497179,0,0.197724,-0.00426173,0,0.00739882,1,21.3,0.999951,-2,1,-9.11765e-05,3.72529e-06,0,0.000681728,5.96046e-05,0,0.0137565,2,21.3,2.9999,-0.901185,1,0.000146404,-0.31412,0,0.000193715,0.471178,0,0.00724856,3,21.3,-1.00188,-0.786902,1,-0.00257567,-0.349135,0,0.020653,-0.210013,0,0.0135868,4,21.3,-1.6838,-1.99873,1,-0.499637,-0.00163559,0,-0.0132397,-0.000931323,0,0.0130591,5,21.3,3,-1.95301,1,0,-0.5,0,0,7.45058e-06,0,0.00637509,6,21.3,-3,1.83489,1,0,0.0270532,0,0,-0.954919,0,0.00894604,7,21.3,-1.25475,2.23791,1,0.419416,0.499481,0,-0.303335,0.019297,0,0.00730699,8,21.3,0.00462213,-4.77145e-06,1,0.00666888,-1.84352e-05,0,-0.0636138,9.81766e-05,0,0.0105504,9,21.3,-1.90175,-2.74925,1,0.41836,-0.43312,0,0.692278,0.319675,0,0.0101745,10,21.3,-2.8217,-0.00398575,1,-0.401956,-0.00115884,0,0.400811,0.0276293,0,0.00636606,11,21.3,1.90562,1.99961,1,-0.304727,0.00218078,0,-0.437573,-0.000789762,0,0.0112164,12,21.3,2.00001,-1.00167,1,0.000583567,-0.00911132,0,-0.00172108,0.0378042,0,0.00859345,13,21.3,2.99998,0.0994043,1,1.49012e-06,-0.315031,0,2.98023e-05,0.470666,0,0.00561442,14,21.3,-2.75191,-3,1,-0.18967,0,0,1.00002,0,0,0.00686522,15,21.3,1.00156,-1.00001,1,0.00965688,-2.99886e-05,0,-0.0384822,0.000171363,0,0.0080805,16,21.3,-3,-2.25807,1,-1.86265e-06,0.149798,0,4.47035e-05,-0.940338,0,0.00804001,17,21.3,-1.85786,-0.227856,1,0.466307,0.406847,0,0.392564,-0.343905,0,0.0136416,18,21.3,-2.99969,2.75744,1,-0.00677854,0.0610732,0,0.084877,-1.00002,0,0.00715074,19,21.3,0.99768,1.9043,1,-0.0177848,-0.323419,0,-0.115197,-0.482418,0,0.0141624,20,21.3,0.00148997,2.03139,1,-0.0111032,-0.198375,0,0.0192123,0.486523,0,0.00992432,21,21.3,-0.975432,-1.60555,1,0.196875,-0.441401,0,0.972182,-0.179172,0,0.0114843,22,21.3,-2.27825,-0.99864,1,0.482161,-0.00616405,0,-0.177875,-0.270896,0,0.0112031,23,21.3,0.999997,-3,1,5.58794e-07,0,0,-1.49012e-05,0,0,0.00764149,24,21.3,1.99999,3.18136e-11,1,7.45058e-07,5.59048e-11,0,1.49012e-05,-4.15919e-10,0,0.0100363,25,21.3,0.00261788,-1.00026,1,0.00611065,0.000140816,0,-0.0370621,0.00157952,0,0.0107431,26,21.3,1.00077,0.0287581,1,0.00772327,-0.19046,0,-0.0315309,0.478834,0,0.00997845,27,21.3,-1.5033,3,1,-0.45874,0,0,-0.364088,0,0,0.00589252,28,21.3,2.23996,-2.93559,1,-0.453588,-0.202449,0,0.27433,0.396818,0,0.00817235,29,21.3,0.981776,0.996345,1,0.5,0.0137486,0,-7.45058e-06,-0.00765547,0,0.0128751,30,21.3,2.00001,3,1,-3.7998e-05,0,0,-2.98023e-05,0,0,0.00473086,31,21.3,-2.08854,2.52557,1,0.232305,-0.5,0,-0.360042,0,0,0.0104617,32,21.3,0.0692067,2.99929,1,-0.273254,0.00241175,0,0.494892,-0.00426173,0,0.00583628,33,21.3,-2.92375,0.849,1,0.250005,0.37289,0,0.444919,-0.433505,0,0.0126029,34,21.3,-0.998488,1.33285,1,-0.0102915,0.298707,0,0.0209585,0.918455,0,0.0145743,35,21.3,-1.93488,0.90446,1,-0.266161,-0.354197,0,0.47867,-0.682473,0,0.0221404
0,21.4,-2.99735,-1.29641,1,0.0366926,0.490165,0,0.309944,-0.133574,0,0.0075321,1,21.4,0.999945,-2,1,-3.12924e-05,8.9407e-06,0,0.000566244,5.96046e-05,0,0.0123748,2,21.4,2.99991,-0.930217,1,0.000160933,-0.266372,0,0.000119209,0.480801,0,0.00685769,3,21.4,-1.00205,-0.823125,1,-0.000840425,-0.377423,0,0.0139475,-0.335634,0,0.0133146,4,21.4,-1.7338,-1.9989,1,-0.500003,-0.00163019,0,5.96046e-05,0.00107288,0,0.0110691,5,21.4,3,-2.00301,1,0,-0.5,0,0,0,0,0.00594797,6,21.4,-3,1.83299,1,0,-0.063175,0,0,-0.835896,0,0.00881061,7,21.4,-1.2144,2.2879,1,0.387049,0.5,0,-0.341594,0,0,0.00579739,8,21.4,0.0049966,-6.15155e-06,1,0.00107463,-9.44835e-06,0,-0.0483759,8.13047e-05,0,0.0135399,9,21.4,-1.85696,-2.79088,1,0.472146,-0.398451,0,0.381231,0.370622,0,0.00801073,10,21.4,-2.85978,-0.00397352,1,-0.358737,0.00130286,0,0.459671,0.0215946,0,0.00652225,11,21.4,1.87307,1.99982,1,-0.344896,0.00210404,0,-0.356019,-0.000476837,0,0.0138675,12,21.4,2.00006,-1.00239,1,0.000417233,-0.00552535,0,-0.00178814,0.033617,0,0.00857233,13,21.4,2.99998,0.0702789,1,5.96046e-06,-0.267311,0,0,0.480739,0,0.0071037,14,21.4,-2.76588,-3,1,-0.0896752,0,0,1.00017,0,0,0.00726764,15,21.4,1.00234,-1.00002,1,0.00599325,-1.49012e-05,0,-0.0345707,0.000119209,0,0.00799932,16,21.4,-3,-2.24789,1,0,0.0535429,0,0.000119209,-0.960827,0,0.00739129,17,21.4,-1.8097,-0.188951,1,0.492689,0.370712,0,0.14621,-0.376329,0,0.0156863,18,21.4,-3,2.75855,1,-1.19209e-05,-0.0389218,0,0.0514984,-1.00017,0,0.00676242,19,21.4,0.995274,1.86971,1,-0.0306889,-0.36681,0,-0.136703,-0.383675,0,0.0153796,20,21.4,0.000480702,2.01393,1,-0.00904237,-0.151402,0,0.021612,0.450373,0,0.0102614,21,21.4,-0.950819,-1.65031,1,0.295599,-0.451252,0,0.986725,-0.0227094,0,0.0153185,22,21.4,-2.23108,-1.00085,1,0.459594,-0.0401109,0,-0.272393,-0.39041,0,0.013667,23,21.4,0.999997,-3,1,0,0,0,0,0,0,0.00761169,24,21.4,1.99999,3.54588e-11,1,2.98023e-06,1.8365e-11,0,0,-3.33948e-10,0,0.00963068,25,21.4,0.00305344,-1.00024,1,0.00270247,0.000268221,0,-0.0309484,0.00113249,0,0.0123755,26,21.4,1.00139,0.0120486,1,0.00478029,-0.144369,0,-0.0272393,0.440579,0,0.00868655,27,21.4,-1.55068,3,1,-0.485948,0,0,-0.186741,0,0,0.00580209,28,21.4,2.19609,-2.95389,1,-0.422597,-0.163901,0,0.344157,0.372529,0,0.00807806,29,21.4,1.03178,0.997671,1,0.500003,0.0126705,0,-5.96046e-05,-0.0135899,0,0.0170487,30,21.4,2.00001,3,1,-4.17233e-05,0,0,0.000119209,0,0,0.00462234,31,21.4,-2.06709,2.47557,1,0.197053,-0.5,0,-0.3438,0,0,0.00816558,32,21.4,0.0443543,2.9995,1,-0.223894,0.00197291,0,0.488906,-0.00452995,0,0.00573774,33,21.4,-2.89656,0.884062,1,0.293094,0.327863,0,0.407815,-0.463068,0,0.0120142,34,21.4,-0.999412,1.36704,1,-0.00820905,0.381923,0,0.0205934,0.732839,0,0.0121474,35,21.4,-1.95911,0.865812,1,-0.218615,-0.416555,0,0.469446,-0.550628,0,0.0172385
0,21.5,-2.99178,-1.24825,1,0.0776421,0.47121,0,0.486419,-0.24312,0,0.0075321,1,21.5,0.999944,-2,1,1.76951e-05,1.24797e-05,0,0.000409782,2.23517e-05,0,0.0123748,2,21.5,2.99993,-0.954458,1,0.000164658,-0.218588,0,-2.98023e-05,0.471726,0,0.00685769,3,21.5,-1.00207,-0.862702,1,0.000377372,-0.415062,0,0.0104755,-0.393543,0,0.0133146,4,21.5,-1.7838,-1.99905,1,-0.5,-0.00147503,0,7.45058e-06,0.00215322,0,0.0110691,5,21.5,3,-2.05301,1,0,-0.5,0,0,0,0,0.00594797,6,21.5,-3,1.82267,1,0,-0.141254,0,0,-0.717953,0,0.00881061,7,21.5,-1.17744,2.3379,1,0.351589,0.5,0,-0.365637,0,0,0.00579739,8,21.5,0.00488692,-6.72024e-06,1,-0.00302779,-2.22727e-06,0,-0.0339536,6.32001e-05,0,0.0135399,9,21.5,-1.80834,-2.8288,1,0.495888,-0.359552,0,0.113592,0.404447,0,0.00801073,10,21.5,-2.89329,-0.00374517,1,-0.310824,0.00316553,0,0.494435,0.0156798,0,0.00652225,11,21.5,1.83684,2.00003,1,-0.379331,0.00201911,0,-0.324786,-0.000938773,0,0.0138675,12,21.5,2.00009,-1.00279,1,0.000249967,-0.00244174,0,-0.00153482,0.027962,0,0.00857233,13,21.5,2.99998,0.045945,1,6.33299e-06,-0.219512,0,1.49012e-05,0.472091,0,0.0071037,14,21.5,-2.76985,-3,1,0.0103332,0,0,1.00002,0,0,0.00726764,15,21.5,1.00278,-1.00002,1,0.00281185,-3.91155e-06,0,-0.028953,9.68575e-05,0,0.00799932,16,21.5,-3,-2.24722,1,7.07805e-06,-0.0388555,0,4.47035e-05,-0.883251,0,0.00739129,17,21.5,-1.75998,-0.153795,1,0.499543,0.332108,0,0.0182763,-0.393631,0,0.0156863,18,21.5,-2.99979,2.74966,1,0.00383146,-0.138603,0,0.0265688,-0.986919,0,0.00676242,19,21.5,0.991419,1.83117,1,-0.047203,-0.403239,0,-0.184201,-0.342079,0,0.0153796,20,21.5,-0.000314579,2.00096,1,-0.00686144,-0.108838,0,0.0217274,0.399344,0,0.0102614,21,21.5,-0.916606,-1.69531,1,0.385319,-0.44653,0,0.787258,0.112258,0,0.0153185,22,21.5,-2.18666,-1.0071,1,0.427246,-0.087166,0,-0.369832,-0.529639,0,0.013667,23,21.5,0.999997,-3,1,9.31323e-08,0,0,3.72529e-06,0,0,0.00761169,24,21.5,1.99999,3.57674e-11,1,3.1665e-06,-1.07877e-11,0,7.45058e-06,-2.4974e-10,0,0.00963068,25,21.5,0.00318043,-1.00021,1,-4.76495e-05,0.00035502,0,-0.0240591,0.000610948,0,0.0123755,26,21.5,1.00174,-0.000268683,1,0.00230912,-0.102848,0,-0.0221655,0.388414,0,0.00868655,27,21.5,-1.59997,3,1,-0.497669,0,0,-0.0547022,0,0,0.00580209,28,21.5,2.15569,-2.96726,1,-0.384175,-0.094758,0,0.419244,0.905812,0,0.00807806,29,21.5,1.08178,0.998864,1,0.5,0.0111246,0,-7.45058e-06,-0.0170767,0,0.0170487,30,21.5,2.00001,3,1,-3.01749e-05,0,0,0.000104308,0,0,0.00462234,31,21.5,-2.04907,2.42557,1,0.163754,-0.499901,0,-0.321433,0.00393391,0,0.00816558,32,21.5,0.0243725,2.99968,1,-0.176182,0.00152327,0,0.462487,-0.00442564,0,0.00573774,33,21.5,-2.86498,0.914553,1,0.340172,0.282186,0,0.512183,-0.449266,0,0.0120142,34,21.5,-1.00013,1.40847,1,-0.00623288,0.442398,0,0.0188835,0.48022,0,0.0121474,35,21.5,-1.97869,0.821681,1,-0.173646,-0.463033,0,0.429347,-0.369724,0,0.0172385
0,21.6,-2.98145,-1.2025,1,0.129902,0.442058,0,0.540495,-0.337064,0,0.00966743,1,21.6,0.999948,-2,1,5.21541e-05,1.49012e-05,0,0.000298023,-5.96046e-05,0,0.0114199,2,21.6,2.99994,-0.973995,1,0.000154972,-0.172596,0,-0.000119209,0.445634,0,0.00599416,3,21.6,-1.00198,-0.906118,1,0.00127256,-0.452296,0,0.00745058,-0.336379,0,0.014692,4,21.6,-1.8338,-1.99919,1,-0.500003,-0.00117421,0,5.96046e-05,0.00393391,0,0.0139197,5,21.6,3,-2.10301,1,0,-0.5,0,0,0,0,0.00636393,6,21.6,-3,1.8052,1,0,-0.205475,0,0,-0.561237,0,0.00690983,7,21.6,-1.14414,2.3879,1,0.314298,0.5,0,-0.378311,0,0,0.007481,8,21.6,0.00443624,-6.65626e-06,1,-0.00577478,3.21814e-06,0,-0.0212917,4.58899e-05,0,0.0104142,9,21.6,-1.75845,-2.8627,1,0.5,-0.318122,0,0,0.421762,0,0.00744858,10,21.6,-2.92187,-0.00335981,1,-0.260645,0.00444707,0,0.505328,0.0100126,0,0.00737636,11,21.6,1.79739,2.00023,1,-0.408459,0.00196099,0,-0.251651,0.000238419,0,0.0132957,12,21.6,2.00011,-1.0029,1,0.000113249,5.06639e-05,0,-0.0013113,0.0219345,0,0.00807941,13,21.6,2.99999,0.0263177,1,1.19209e-05,-0.173463,0,-0.000119209,0.446326,0,0.0071939,14,21.6,-2.76381,-3,1,0.110328,0,0,1.00017,0,0,0.00758524,15,21.6,1.00292,-1.00002,1,0.000220537,5.96046e-06,0,-0.0228286,0.000119209,0,0.00799334,16,21.6,-3,-2.25537,1,1.19209e-05,-0.122428,0,-0.000119209,-0.785112,0,0.00893627,17,21.6,-1.70999,-0.122566,1,0.500003,0.292384,0,-5.96046e-05,-0.398986,0,0.0136491,18,21.6,-2.9993,2.73097,1,0.00551939,-0.233692,0,0.00846386,-0.895143,0,0.00666415,19,21.6,0.985764,1.78922,1,-0.0658438,-0.434759,0,-0.181168,-0.28652,0,0.0135359,20,21.6,-0.000893812,1.99198,1,-0.00474592,-0.0717849,0,0.020372,0.34076,0,0.0101993,21,21.6,-0.874588,-1.73922,1,0.45034,-0.429741,0,0.506431,0.218987,0,0.0128251,22,21.6,-2.14591,-1.01855,1,0.386536,-0.142264,0,-0.440001,-0.555634,0,0.0125557,23,21.6,0.999997,-3,1,0,0,0,2.98023e-05,0,0,0.0074712,24,21.6,1.99999,3.35744e-11,1,2.98023e-06,-3.1752e-11,0,5.96046e-05,-1.70603e-10,0,0.0094172,25,21.6,0.0030667,-1.00017,1,-0.00211507,0.000393391,0,-0.017341,0.000238419,0,0.0118501,26,21.6,1.00187,-0.00870744,1,0.000348687,-0.0669088,0,-0.0170469,0.329562,0,0.00997284,27,21.6,-1.64985,3,1,-0.498399,0,0,0.0320673,0,0,0.00596695,28,21.6,2.11945,-2.97194,1,-0.339711,0.0026226,0,0.465751,1.00005,0,0.00868366,29,21.6,1.13178,0.999887,1,0.500003,0.00930429,0,-5.96046e-05,-0.0191331,0,0.0136478,30,21.6,2,3,1,-2.38419e-05,0,0,0.000119209,0,0,0.00446952,31,21.6,-2.03425,2.37563,1,0.132895,-0.49842,0,-0.294924,0.031352,0,0.00825687,32,21.6,0.00900319,2.99981,1,-0.131896,0.00109673,0,0.421102,-0.00393391,0,0.00559526,33,21.6,-2.82838,0.940557,1,0.391769,0.238235,0,0.503659,-0.428766,0,0.0113754,34,21.6,-1.00066,1.45472,1,-0.00444055,0.479034,0,0.0168681,0.259519,0,0.00905178,35,21.6,-1.99398,0.773868,1,-0.132847,-0.489901,0,0.386178,-0.170827,0,0.0146651
0,21.7,-2.96568,-1.16014,1,0.185757,0.403828,0,0.561237,-0.422277,0,0.00966743,1,21.7,0.999954,-2,1,7.5344e-05,9.12696e-06,0,0.000167638,-5.21541e-05,0,0.0114199,2,21.7,2.99996,-0.98909,1,0.000138208,-0.129994,0,-0.000193715,0.404574,0,0.00599416,3,21.7,-1.00182,-0.952883,1,0.0018768,-0.481123,0,0.00470877,-0.225049,0,0.014692,4,21.7,-1.8838,-1.99929,1,-0.5,-0.000851974,0,7.45058e-06,0.002563,0,0.0139197,5,21.7,3,-2.15301,1,0,-0.5,0,0,0,0,0.00636393,6,21.7,-3,1.78185,1,0,-0.261346,0,0,-0.545815,0,0.00690983,7,21.7,-1.11461,2.4379,1,0.276247,0.5,0,-0.381052,0,0,0.007481,8,21.7,0.00377112,-6.13261e-06,1,-0.00734902,6.98801e-06,0,-0.010571,2.98825e-05,0,0.0104142,9,21.7,-1.70845,-2.8924,1,0.5,-0.275715,0,0,0.424117,0,0.00744858,10,21.7,-2.94541,-0.00287407,1,-0.210353,0.00518088,0,0.496104,0.00480702,0,0.00737636,11,21.7,1.7552,2.00042,1,-0.435837,0.00190511,0,-0.281766,-0.00116229,0,0.0132957,12,21.7,2.00011,-1.0028,1,-1.86265e-06,0.00193007,0,-0.000998378,0.0157356,0,0.00807941,13,21.7,2.99999,0.0111397,1,3.72529e-06,-0.130779,0,-2.98023e-05,0.405524,0,0.0071939,14,21.7,-2.74778,-3,1,0.210267,0,0,0.997216,0,0,0.00758524,15,21.7,1.00284,-1.00002,1,-0.00174586,1.58325e-05,0,-0.0165626,6.70552e-05,0,0.00799334,16,21.7,-3,-2.27156,1,2.23517e-06,-0.201393,0,-5.96046e-05,-0.783667,0,0.00893627,17,21.7,-1.65999,-0.0953138,1,0.5,0.252792,0,-7.45058e-06,-0.391426,0,0.0136491,18,21.7,-2.99873,2.70342,1,0.0057932,-0.31431,0,-0.00236928,-0.713825,0,0.00666415,19,21.7,0.978557,1.74428,1,-0.0756454,-0.463863,0,-0.022769,-0.274457,0,0.0135359,20,21.7,-0.00127051,1.9864,1,-0.00283051,-0.0408784,0,0.0178276,0.277415,0,0.0101993,21,21.7,-0.827508,-1.78095,1,0.486553,-0.40365,0,0.225902,0.298828,0,0.0128251,22,21.7,-2.10955,-1.03565,1,0.339888,-0.200116,0,-0.48779,-0.584759,0,0.0125557,23,21.7,0.999998,-3,1,2.51457e-06,0,0,1.86265e-05,0,0,0.0074712,24,21.7,1.99999,2.96686e-11,1,7.82311e-06,-4.51866e-11,0,2.98023e-05,-9.99722e-11,0,0.0094172,25,21.7,0.00277935,-1.00013,1,-0.00352658,0.000398606,0,-0.0110307,-0.000104308,0,0.0118501,26,21.7,1.00183,-0.0138557,1,-0.00110473,-0.0371066,0,-0.0121072,0.266612,0,0.00997284,27,21.7,-1.69962,3,1,-0.497736,0,0,-0.0101551,0,0,0.00596695,28,21.7,2.08783,-2.96668,1,-0.2927,0.102625,0,0.471935,1,0,0.00868366,29,21.7,1.18178,1.00072,1,0.5,0.0073893,0,-7.45058e-06,-0.0190511,0,0.0136478,30,21.7,2,3,1,-1.37836e-05,0,0,7.45058e-05,0,0,0.00446952,31,21.7,-2.02239,2.32648,1,0.104905,-0.479595,0,-0.264511,0.328302,0,0.00825687,32,21.7,-0.00216726,2.9999,1,-0.0924073,0.000728294,0,0.367512,-0.00338256,0,0.00559526,33,21.7,-2.78676,0.962267,1,0.439259,0.196301,0,0.428587,-0.408657,0,0.0113754,34,21.7,-1.0014,1.50362,1,-0.0135174,0.496087,0,-0.183024,0.0923648,0,0.00905178,35,21.7,-2.00541,0.72431,1,-0.0966243,-0.498979,0,0.338212,-0.0330396,0,0.0146651
0,21.8,-2.94437,-1.12197,1,0.23945,0.358605,0,0.500798,-0.477314,0,0.0105752,1,21.8,0.999963,-2,1,8.64267e-05,2.98023e-06,0,5.96046e-05,0,0,0.010377,2,21.8,2.99997,-1.00015,1,0.000119209,-0.0919878,0,-0.000357628,0.35435,0,0.00768267,3,21.8,-1.00162,-1.00187,1,0.00223219,-0.49611,0,0.0025034,-0.0777841,0,0.0138985,4,21.8,-1.9338,-1.99936,1,-0.500003,-0.000652671,0,5.96046e-05,0.00154972,0,0.0109695,5,21.8,3,-2.20301,1,0,-0.5,0,0,0,0,0.00612319,6,21.8,-3,1.75308,1,0,-0.312784,0,0,-0.47493,0,0.00791211,7,21.8,-1.08888,2.4879,1,0.238398,0.5,0,-0.374436,0,0,0.00676763,8,21.8,0.00299845,-5.30822e-06,1,-0.00796237,9.2712e-06,0,-0.00205217,1.61713e-05,0,0.00963454,9,21.8,-1.65845,-2.91786,1,0.500003,-0.233722,0,-5.96046e-05,0.413775,0,0.00698689,10,21.8,-2.96402,-0.00233954,1,-0.162214,0.00543752,0,0.463009,0.00047287,0,0.00704443,11,21.8,1.71025,2.0006,1,-0.462496,0.0017643,0,-0.242472,-0.0013113,0,0.0113999,12,21.8,2.00011,-1.00254,1,-8.34465e-05,0.00321269,0,-0.000715256,0.0101328,0,0.00748144,13,21.8,2.99999,9.16998e-06,1,0,-0.0926668,0,0,0.355473,0,0.00891605,14,21.8,-2.72179,-3,1,0.309217,0,0,0.977635,0,0,0.00733079,15,21.8,1.00259,-1.00001,1,-0.00310838,2.38419e-05,0,-0.0107884,0,0,0.00824411,16,21.8,-3,-2.29554,1,-5.96046e-06,-0.277305,0,0.000119209,-0.726342,0,0.00881659,17,21.8,-1.60999,-0.0719689,1,0.500003,0.214363,0,-5.96046e-05,-0.375932,0,0.0125897,18,21.8,-2.99818,2.66875,1,0.00516176,-0.375926,0,-0.00953674,-0.516534,0,0.00948159,19,21.8,0.971086,1.69667,1,-0.0718877,-0.486672,0,0.0909567,-0.172973,0,0.0152206,20,21.8,-0.00146936,1.98359,1,-0.0011977,-0.0162572,0,0.0147643,0.215352,0,0.00856589,21,21.8,-0.778097,-1.81972,1,0.498405,-0.370732,0,0.0318885,0.355899,0,0.0118473,22,21.8,-2.07804,-1.05852,1,0.289947,-0.256279,0,-0.506639,-0.525713,0,0.0127907,23,21.8,0.999998,-3,1,2.98023e-06,0,0,2.98023e-05,0,0,0.00723566,24,21.8,2,2.47537e-11,1,1.19209e-05,-5.21258e-11,0,0,-4.07201e-11,0,0.0086677,25,21.8,0.00238097,-1.00009,1,-0.00435045,0.000375509,0,-0.00559703,-0.000417233,0,0.0126956,26,21.8,1.00167,-0.0163364,1,-0.00208914,-0.0135262,0,-0.0077486,0.205467,0,0.00826518,27,21.8,-1.74946,3,1,-0.499123,0,0,-0.0131726,0,0,0.00635764,28,21.8,2.06091,-2.95142,1,-0.245792,0.20262,0,0.464082,1.00017,0,0.00856657,29,21.8,1.23178,1.00137,1,0.500003,0.00551641,0,-5.96046e-05,-0.0182986,0,0.0126437,30,21.8,2,3,1,-5.96046e-06,0,0,5.96046e-05,0,0,0.00633164,31,21.8,-2.01317,2.28054,1,0.080055,-0.435913,0,-0.232339,0.530481,0,0.00897488,32,21.8,-0.00966699,2.99996,1,-0.0585696,0.000423193,0,0.308638,-0.00274181,0,0.0061139,33,21.8,-2.74093,0.979897,1,0.474995,0.156738,0,0.279069,-0.381559,0,0.0115868,34,21.8,-1.00389,1.5535,1,-0.0382036,0.5,0,-0.297725,0,0,0.0110973,35,21.8,-2.01347,0.674334,1,-0.0652075,-0.5,0,0.290155,-2.98023e-05,0,0.0120339
0,21.9,-2.91801,-1.08856,1,0.286591,0.309132,0,0.433072,-0.507288,0,0.0105752,1,21.9,0.999972,-2,1,8.81031e-05,2.23517e-06,0,-2.23517e-05,-1.49012e-05,0,0.010377,2,21.9,2.99998,-1.00767,1,8.71718e-05,-0.0593817,0,-0.000268221,0.297435,0,0.00768267,3,21.9,-1.00138,-1.05172,1,0.00239126,-0.499756,0,0.000745058,-0.00972301,0,0.0138985,4,21.9,-1.9838,-1.99942,1,-0.5,-0.000526011,0,-7.45058e-06,0.00101328,0,0.0109695,5,21.9,3,-2.25301,1,0,-0.5,0,0,0,0,0.00612319,6,21.9,-3,1.71922,1,0,-0.365767,0,0,-0.555865,0,0.00791211,7,21.9,-1.06689,2.5379,1,0.201732,0.5,0,-0.357792,0,0,0.00676763,8,21.9,0.00220341,-4.32015e-06,1,-0.00783273,1.03027e-05,0,0.00429428,4.91346e-06,0,0.00963454,9,21.9,-1.60845,-2.93919,1,0.5,-0.193292,0,-7.45058e-06,0.393108,0,0.00698689,10,21.9,-2.978,-0.00179953,1,-0.118323,0.00530585,0,0.411972,-0.00293642,0,0.00704443,11,21.9,1.66289,2.00077,1,-0.483327,0.00154227,0,-0.168078,-0.00303984,0,0.0113999,12,21.9,2.0001,-1.00217,1,-0.000139698,0.00396743,0,-0.000432134,0.0051111,0,0.00748144,13,21.9,2.99999,-0.00757397,1,1.49012e-06,-0.0599443,0,2.98023e-05,0.298615,0,0.00891605,14,21.9,-2.68637,-3,1,0.394995,0,0,0.729159,0,0,0.00733079,15,21.9,1.00224,-1.00001,1,-0.00392403,2.36556e-05,0,-0.00566989,-7.45058e-06,0,0.00824411,16,21.9,-3,-2.32691,1,3.72529e-06,-0.349533,0,5.96046e-05,-0.696406,0,0.00881659,17,21.9,-1.55999,-0.0523708,1,0.5,0.178031,0,-7.45058e-06,-0.350065,0,0.0125897,18,21.9,-2.99771,2.62869,1,0.00402555,-0.423753,0,-0.0128746,-0.432879,0,0.00948159,19,21.9,0.964458,1.64735,1,-0.0597367,-0.497807,0,0.147842,-0.0567213,0,0.0152206,20,21.9,-0.00152097,1.98294,1,0.000109113,0.0022782,0,0.0113814,0.15641,0,0.00856589,21,21.9,-0.728159,-1.85495,1,0.4999,-0.333303,0,0.00399351,0.389732,0,0.0118473,22,21.9,-2.05154,-1.08671,1,0.240405,-0.306628,0,-0.482291,-0.473723,0,0.0127907,23,21.9,0.999998,-3,1,5.40167e-06,0,0,1.49012e-05,0,0,0.00723566,24,21.9,2,1.94208e-11,1,1.17347e-05,-5.37526e-11,0,-7.45058e-06,6.0452e-12,0,0.0086677,25,21.9,0.00192587,-1.00005,1,-0.00467707,0.000326335,0,-0.00111791,-0.000551343,0,0.0126956,26,21.9,1.00143,-0.0167605,1,-0.00266787,0.00408201,0,-0.00395626,0.147796,0,0.00826518,27,21.9,-1.79942,3,1,-0.49989,0,0,-0.00327826,0,0,0.00635764,28,21.9,2.0386,-2.92617,1,-0.200816,0.302004,0,0.434458,0.975057,0,0.00856657,29,21.9,1.28178,1.00183,1,0.5,0.00375714,0,-7.45058e-06,-0.016816,0,0.0126437,30,21.9,2,3,1,-9.31323e-07,0,0,3.72529e-05,0,0,0.00633164,31,21.9,-2.00627,2.2402,1,0.0585023,-0.365679,0,-0.198498,0.841692,0,0.00897488,32,21.9,-0.0140843,2.99999,1,-0.0308069,0.000191107,0,0.246897,-0.00192225,0,0.0061139,33,21.9,-2.69232,0.993721,1,0.494462,0.120344,0,0.114977,-0.345726,0,0.0115868,34,21.9,-1.00944,1.60346,1,-0.074924,0.498778,0,-0.421725,-0.0291169,0,0.0110973,35,21.9,-2.01863,0.624334,1,-0.0388756,-0.5,0,0.237256,0,0,0.0120339
0,22,-2.88736,-1.0602,1,0.324535,0.258043,0,0.319481,-0.510335,0,0.0113776,1,22,0.99998,-2,1,8.34465e-05,0,0,-8.9407e-05,0,0,0.00883004,2,22,2.99999,-1.01222,1,5.96046e-05,-0.0325322,0,-0.000238419,0.239611,0,0.00573729,3,22,-1.00114,-1.10171,1,0.00239611,-0.500003,0,-0.000655651,5.96046e-05,0,0.0109737,4,22,-2.0338,-1.99947,1,-0.5,-0.000447035,0,0,0.000596046,0,0.00821392,5,22,3,-2.30301,1,0,-0.5,0,0,0,0,0.00583815,6,22,-3,1.67992,1,0,-0.419182,0,0,-0.493467,0,0.00921316,7,22,-1.04847,2.5879,1,0.167036,0.5,0,-0.335157,0,0,0.00618788,8,22,0.00144967,-3.28076e-06,1,-0.00716928,1.03414e-05,0,0.00866782,-3.71858e-06,0,0.0120966,9,22,-1.55845,-2.9566,1,0.500003,-0.155401,0,-5.96046e-05,0.36335,0,0.0080803,10,22,-2.98788,-0.00128808,1,-0.0802875,0.00488259,0,0.346899,-0.00537522,0,0.00857076,11,22,1.61387,2.00091,1,-0.495577,0.00118613,0,-0.077486,-0.00417233,0,0.0115073,12,22,2.00008,-1.00176,1,-0.000172853,0.00426769,0,-0.000238419,0.00107288,0,0.00747826,13,22,2.99999,-0.0121718,1,5.96046e-06,-0.0329761,0,0,0.240788,0,0.00821259,14,22,-2.64368,-3,1,0.454175,0,0,0.454307,0,0,0.0074286,15,22,1.00182,-1.00001,1,-0.00427663,2.08616e-05,0,-0.00143051,0,0,0.00803248,16,22,-3,-2.36515,1,1.19209e-05,-0.41309,0,-0.000119209,-0.561595,0,0.00877015,17,22,-1.50999,-0.0362703,1,0.500003,0.144468,0,-5.96046e-05,-0.320665,0,0.0126428,18,22,-2.99738,2.58434,1,0.00265241,-0.461268,0,-0.0144243,-0.31209,0,0.00730308,19,22,0.959288,1.59741,1,-0.0431076,-0.5,0,0.181049,0,0,0.0147016,20,22,-0.00145867,1.98386,1,0.00108258,0.0152498,0,0.00811834,0.104129,0,0.00881935,21,22,-0.678161,-1.8863,1,0.5,-0.293344,0,2.98023e-05,0.406861,0,0.0120577,22,22,-2.02986,-1.1196,1,0.193828,-0.349694,0,-0.447631,-0.382006,0,0.0165129,23,22,0.999999,-3,1,5.96046e-06,0,0,0,0,0,0.0083935,24,22,2,1.41382e-11,1,1.19209e-05,-5.13247e-11,0,-5.96046e-05,4.05735e-11,0,0.00891394,25,22,0.0014587,-1.00002,1,-0.00460917,0.000268221,0,0.00230723,-0.000596046,0,0.0124101,26,22,1.00115,-0.015701,1,-0.00290275,0.0162618,0,-0.000953674,0.0969917,0,0.0084429,27,22,-1.84942,3,1,-0.500003,0,0,5.96046e-05,0,0,0.00528882,28,22,2.02064,-2.89129,1,-0.159085,0.39264,0,0.39959,0.80049,0,0.00825181,29,22,1.33178,1.00212,1,0.500003,0.00216365,0,-5.96046e-05,-0.0149608,0,0.0115655,30,22,2,3,1,0,0,0,5.96046e-05,0,0,0.00583619,31,22,-2.00135,2.20813,1,0.0403702,-0.273424,0,-0.164032,0.977159,0,0.0103954,32,22,-0.0160306,3,1,-0.009104,3.57628e-05,0,0.187742,-0.00119209,0,0.00695839,33,22,-2.64251,1.00409,1,0.499773,0.0876993,0,0.00452995,-0.306845,0,0.0117506,34,22,-1.01914,1.65311,1,-0.119814,0.493366,0,-0.463724,-0.0825524,0,0.0116606,35,22,-2.02141,0.574334,1,-0.0176072,-0.5,0,0.188828,-2.98023e-05,0,0.010516
0,22.1,-2.85338,-1.03692,1,0.354312,0.20788,0,0.267565,-0.489794,0,0.0113776,1,22.1,0.999988,-2,1,7.28294e-05,-1.86265e-07,0,-0.000119209,-7.45058e-06,0,0.00883004,2,22.1,2.99999,-1.01437,1,3.7998e-05,-0.011451,0,-0.000178814,0.182755,0,0.00573729,3,22.1,-1.00091,-1.15171,1,0.00228211,-0.5,0,-0.00157952,7.45058e-06,0,0.0109737,4,22.1,-2.0838,-1.99951,1,-0.5,-0.000401959,0,0,0.000327826,0,0.00821392,5,22.1,3,-2.35301,1,0,-0.5,0,0,0,0,0.00583815,6,22.1,-3,1.63579,1,0,-0.460793,0,0,-0.33617,0,0.00921316,7,22.1,-1.03339,2.63778,1,0.134977,0.496417,0,-0.305548,-0.0732839,0,0.00618788,8,22.1,0.00078097,-2.27635e-06,1,-0.00616237,9.64543e-06,0,0.0112124,-9.80398e-06,0,0.0120966,9,22.1,-1.50845,-2.97038,1,0.5,-0.120836,0,-7.45058e-06,0.326872,0,0.0080803,10,22.1,-2.99429,-0.000829569,1,-0.0491992,0.00426252,0,0.274241,-0.0068858,0,0.00857076,11,22.1,1.56406,2.00101,1,-0.499586,0.000758469,0,-0.0137985,-0.00432134,0,0.0115073,12,22.1,2.00007,-1.00133,1,-0.000186265,0.00420921,0,-2.98023e-05,-0.00207126,0,0.00747826,13,22.1,2.99999,-0.0143621,1,6.33299e-06,-0.0117808,0,1.49012e-05,0.183841,0,0.00821259,14,22.1,-2.59645,-3,1,0.486298,0,0,0.202134,0,0,0.0074286,15,22.1,1.00139,-1.00001,1,-0.00425018,2.01166e-05,0,0.00178814,-1.49012e-05,0,0.00803248,16,22.1,-3,-2.40893,1,2.23517e-06,-0.459029,0,-5.96046e-05,-0.359997,0,0.00877015,17,22.1,-1.45999,-0.0233718,1,0.5,0.114058,0,-7.45058e-06,-0.287255,0,0.0126428,18,22.1,-2.99718,2.53689,1,0.00124238,-0.485456,0,-0.0136346,-0.173718,0,0.00730308,19,22.1,0.955907,1.54741,1,-0.0243463,-0.5,0,0.191279,0,0,0.0147016,20,22.1,-0.00131505,1.98583,1,0.00173907,0.0233505,0,0.00508325,0.0593364,0,0.00881935,21,22.1,-0.628161,-1.91359,1,0.5,-0.252653,0,0,0.405066,0,0.0120577,22,22.1,-2.01243,-1.15645,1,0.157282,-0.386788,0,-0.293344,-0.354469,0,0.0165129,23,22.1,0.999999,-3,1,5.58794e-06,0,0,-7.45058e-06,0,0,0.0083935,24,22.1,2,9.25233e-12,1,6.89179e-06,-4.60018e-11,0,-3.72529e-05,6.40018e-11,0,0.00891394,25,22.1,0.00101372,-1,1,-0.00425045,0.000207685,0,0.00470543,-0.000603497,0,0.0124101,26,22.1,1.00086,-0.0136656,1,-0.00287574,0.0237247,0,0.00137836,0.0537247,0,0.0084429,27,22.1,-1.89942,3,1,-0.5,0,0,7.45058e-06,0,0,0.00528882,28,22.1,2.00665,-2.84854,1,-0.121465,0.456994,0,0.352874,0.483885,0,0.00825181,29,22.1,1.38178,1.00227,1,0.5,0.000795908,0,-7.45058e-06,-0.0124052,0,0.0115655,30,22.1,2,3,1,4.09782e-06,0,0,1.49012e-05,0,0,0.00583619,31,22.1,-1.99807,2.18572,1,0.0259249,-0.174494,0,-0.125475,0.997141,0,0.0103954,32,22.1,-0.0160969,3,1,0.00685918,-5.55068e-05,0,0.132668,-0.00064075,0,0.00695839,33,22.1,-2.59252,1.01141,1,0.499985,0.0593949,0,0.000566244,-0.259638,0,0.0117506,34,22.1,-1.0335,1.70187,1,-0.167545,0.480015,0,-0.480495,-0.182517,0,0.0116606,35,22.1,-2.0223,0.524334,1,-0.000961125,-0.5,0,0.144869,2.08616e-06,0,0.010516
0,22.2,-2.81675,-1.01852,1,0.376606,0.160649,0,0.172257,-0.452459,0,0.0125279,1,22.2,0.999995,-2,1,5.96046e-05,0,0,-0.000119209,-5.96046e-05,0,0.00953225,2,22.2,3,-1.01469,1,2.38419e-05,0.00417829,0,-0.000119209,0.130832,0,0.00801075,3,22.2,-1.00069,-1.20171,1,0.00208914,-0.500003,0,-0.00226498,5.96046e-05,0,0.0141941,4,22.2,-2.1338,-1.99955,1,-0.5,-0.000378489,0,0,5.96046e-05,0,0.00791242,5,22.2,3,-2.40301,1,0,-0.5,0,0,0,0,0.00626587,6,22.2,-3,1.5883,1,0,-0.486442,0,0,-0.179708,0,0.00830407,7,22.2,-1.02137,2.68692,1,0.106007,0.485098,0,-0.273526,-0.153899,0,0.00681624,8,22.2,0.000223221,-1.36813e-06,1,-0.00497376,8.45445e-06,0,0.012348,-1.36744e-05,0,0.0105153,9,22.2,-1.45845,-2.9809,1,0.500003,-0.0902116,0,-5.96046e-05,0.285029,0,0.00784761,10,22.2,-2.99796,-0.00043927,1,-0.0254631,0.00353124,0,0.200868,-0.00762204,0,0.0080999,11,22.2,1.51407,2.00106,1,-0.500003,0.000333786,0,5.96046e-05,-0.00429153,0,0.0125435,12,22.2,2.00005,-1.00092,1,-0.000178814,0.00388324,0,0,-0.00429153,0,0.00843746,13,22.2,2.99999,-0.0147101,1,5.96046e-06,0.00395398,0,0.000119209,0.131749,0,0.00986904,14,22.2,-2.54712,-3,1,0.497758,0,0,0.0448227,0,0,0.00708822,15,22.2,1.00098,-1,1,-0.00394583,1.78814e-05,0,0.00405312,0,0,0.00756748,16,22.2,-3,-2.45633,1,-5.96046e-06,-0.485992,0,0,-0.18549,0,0.00723487,17,22.2,-1.40999,-0.0133448,1,0.500003,0.0870603,0,-5.96046e-05,-0.252552,0,0.0144719,18,22.2,-2.99713,2.48768,1,-5.36442e-05,-0.4969,0,-0.0121593,-0.0619888,0,0.0082646,19,22.2,0.954425,1.49741,1,-0.00538081,-0.500003,0,0.185668,5.96046e-05,0,0.0122681,20,22.2,-0.00112024,1.9884,1,0.0021139,0.0274032,0,0.00248838,0.0231862,0,0.00998236,21,22.2,-0.578161,-1.93685,1,0.5,-0.212681,0,2.98023e-05,0.392675,0,0.0117406,22,22.2,-1.99799,-1.19681,1,0.133315,-0.419626,0,-0.19443,-0.298142,0,0.0138842,23,22.2,1,-3,1,2.98023e-06,0,0,5.96046e-05,0,0,0.0083927,24,22.2,2,4.99787e-12,1,2.98023e-06,-3.88708e-11,0,0,7.70375e-11,0,0.0078902,25,22.2,0.000615049,-0.999983,1,-0.00369813,0.000147521,0,0.00620222,-0.000536442,0,0.0125482,26,22.2,1.00058,-0.0110859,1,-0.00265241,0.0272906,0,0.00303984,0.0189734,0,0.0089978,27,22.2,-1.94942,3,1,-0.500003,0,0,5.96046e-05,0,0,0.00775157,28,22.2,1.99619,-2.80094,1,-0.0884861,0.490302,0,0.306904,0.193954,0,0.00954836,29,22.2,1.43178,1.00229,1,0.500003,-0.000321865,0,-5.96046e-05,-0.00995398,0,0.0117129,30,22.2,2,3,1,5.96046e-06,0,0,0.000119209,0,0,0.00570655,31,22.2,-1.99605,2.17327,1,0.0151455,-0.0745714,0,-0.0905991,1.00017,0,0.00934761,32,22.2,-0.0148307,2.99999,1,0.0176652,-9.53674e-05,0,0.0846651,-0.000357628,0,0.00828688,33,22.2,-2.54252,1.01612,1,0.5,0.0356883,0,0,-0.214875,0,0.0107588,34,22.2,-1.05261,1.7488,1,-0.214046,0.457266,0,-0.441253,-0.270367,0,0.0142937,35,22.2,-2.02174,0.474334,1,0.0115216,-0.5,0,0.1055,1.43051e-05,0,0.0109353
0,22.3,-2.7781,-1.00463,1,0.397426,0.118246,0,0.231624,-0.395063,0,0.0125279,1,22.3,1,-2,1,4.71249e-05,-5.02914e-06,0,-0.000119209,-3.72529e-05,0,0.00953225,2,22.3,3,-1.0137,1,1.37836e-05,0.0148909,0,-7.45058e-05,0.0846907,0,0.00801075,3,22.3,-1.00049,-1.25171,1,0.00184216,-0.5,0,-0.00265241,7.45058e-06,0,0.0141941,4,22.3,-2.1838,-1.99959,1,-0.5,-0.00037495,0,0,2.23517e-05,0,0.00791242,5,22.3,3,-2.45301,1,0,-0.5,0,0,0,0,0.00626587,6,22.3,-3,1.53898,1,0,-0.497834,0,0,-0.0567511,0,0.00830407,7,22.3,-1.01208,2.73453,1,0.080367,0.465589,0,-0.239126,-0.236318,0,0.00681624,8,22.3,-0.000212202,-5.94833e-07,1,-0.00373637,6.98084e-06,0,0.012251,-1.55236e-05,0,0.0105153,9,22.3,-1.40846,-2.98857,1,0.499477,-0.0639532,0,-0.0155568,0.239775,0,0.00784761,10,22.3,-2.99962,-0.000124553,1,-0.00883937,0.00276238,0,0.133276,-0.00766633,0,0.0080999,11,22.3,1.46407,2.00107,1,-0.5,-7.6741e-05,0,7.45058e-06,-0.0039041,0,0.0125435,12,22.3,2.00003,-1.00056,1,-0.000170246,0.00337977,0,0.000163913,-0.00564009,0,0.00843746,13,22.3,2.99999,-0.0137362,1,1.56462e-05,0.0147518,0,5.96046e-05,0.085472,0,0.00986904,14,22.3,-2.4972,-3,1,0.499859,0,0,0.00560284,0,0,0.00708822,15,22.3,1.00061,-1,1,-0.00346098,1.69501e-05,0,0.00550598,-2.23517e-05,0,0.00756748,16,22.3,-3,-2.50562,1,-5.96046e-06,-0.497715,0,0,-0.0586808,0,0.00723487,17,22.3,-1.36011,-0.00583758,1,0.496491,0.0637172,0,-0.0715554,-0.214614,0,0.0144719,18,22.3,-2.99719,2.4378,1,-0.00114888,-0.499779,0,-0.00971556,-0.00666082,0,0.0082646,19,22.3,0.95477,1.44741,1,0.0118284,-0.499997,0,0.15793,0.00012666,0,0.0122681,20,22.3,-0.00090017,1.9912,1,0.00225222,0.028266,0,0.000366934,-0.00452995,0,0.00998236,21,22.3,-0.528161,-1.95619,1,0.5,-0.174526,0,-2.08616e-06,0.369236,0,0.0117406,22,22.3,-1.98565,-1.2403,1,0.113077,-0.450074,0,-0.209488,-0.294574,0,0.0138842,23,22.3,1,-3,1,7.07805e-06,0,0,1.49012e-05,0,0,0.0083927,24,22.3,2,1.5048e-12,1,2.98023e-06,-3.09317e-11,0,0,8.06032e-11,0,0.0078902,25,22.3,0.000277651,-0.99997,1,-0.00303863,9.62056e-05,0,0.00687588,-0.000488013,0,0.0125482,26,22.3,1.00033,-0.00830927,1,-0.0022959,0.0278032,0,0.00399351,-0.00735643,0,0.0089978,27,22.3,-1.99942,3,1,-0.5,0,0,7.45058e-06,0,0,0.00775157,28,22.3,1.98879,-2.75131,1,-0.0603313,0.499393,0,0.256889,0.0242442,0,0.00954836,29,22.3,1.48178,1.00221,1,0.5,-0.00119936,0,-7.45058e-06,-0.00762194,0,0.0117129,30,22.3,2,3,1,1.41561e-05,0,0,2.98023e-05,0,0,0.00570655,31,22.3,-1.99484,2.17081,1,0.0101943,0.025256,0,-0.013724,0.992775,0,0.00934761,32,22.3,-0.0127117,2.99998,1,0.0240408,-0.000113994,0,0.0442799,-2.98023e-05,0,0.00828688,33,22.3,-2.49252,1.01869,1,0.5,0.0163477,0,0,-0.172436,0,0.0107588,34,22.3,-1.07619,1.79302,1,-0.256969,0.425718,0,-0.40964,-0.356488,0,0.0142937,35,22.3,-2.02012,0.424336,1,0.0201862,-0.499896,0,0.0688583,0.00415735,0,0.0109353
0,22.4,-2.73719,-0.994679,1,0.420678,0.081718,0,0.223279,-0.335276,0,0.0111207,1,22.4,1,-2,1,3.27826e-05,-5.96046e-06,0,-5.96046e-05,-5.96046e-05,0,0.00890506,2,22.4,3,-1.01185,1,5.96046e-06,0.0213683,0,-0.000119209,0.0460148,0,0.00571571,3,22.4,-1.00032,-1.30171,1,0.0015676,-0.500003,0,-0.00292063,5.96046e-05,0,0.0136256,4,22.4,-2.2338,-1.99962,1,-0.5,-0.000375509,0,0,5.96046e-05,0,0.00868681,5,22.4,3,-2.50301,1,0,-0.5,0,0,0,0,0.00558086,6,22.4,-3,1.48904,1,0,-0.5,0,0,0,0,0.00708285,7,22.4,-1.00518,2.77977,1,0.058195,0.437915,0,-0.204265,-0.316143,0,0.00612737,8,22.4,-0.000525766,2.44667e-08,1,-0.0025496,5.39912e-06,0,0.0113727,-1.5891e-05,0,0.0100963,9,22.4,-1.35865,-2.99384,1,0.495926,-0.0422955,0,-0.0600815,0.193477,0,0.00762384,10,22.4,-2.99994,0.000113893,1,0.00159144,0.00201368,0,0.0779629,-0.00723966,0,0.00836741,11,22.4,1.41407,2.00105,1,-0.500003,-0.000435114,0,5.96046e-05,-0.00345707,0,0.0113065,12,22.4,2.00001,-1.00025,1,-0.000154972,0.00277758,0,0.000357628,-0.00631809,0,0.00737489,13,22.4,2.99999,-0.0119014,1,1.78814e-05,0.0212994,0,0.000119209,0.0467272,0,0.00787658,14,22.4,-2.4472,-3,1,0.5,0,0,0,0,0,0.00649814,15,22.4,1.00029,-1,1,-0.00286698,1.49012e-05,0,0.00625849,0,0,0.00763287,16,22.4,-3,-2.55555,1,-5.96046e-06,-0.500005,0,0,0.000119209,0,0.00840411,17,22.4,-1.31094,-0.000478102,1,0.485492,0.044072,0,-0.149012,-0.17864,0,0.0160869,18,22.4,-2.99735,2.38782,1,-0.00200272,-0.499558,0,-0.00727177,0.00870228,0,0.00893133,19,22.4,0.956693,1.39741,1,0.0261083,-0.499949,0,0.127316,0.000953674,0,0.0130312,20,22.4,-0.000676001,1.99397,1,0.00220435,0.0267625,0,-0.00124256,-0.0243783,0,0.0104724,21,22.4,-0.478161,-1.97184,1,0.5,-0.139046,0,-1.43051e-05,0.339389,0,0.0105244,22,22.4,-1.97541,-1.28667,1,0.0915915,-0.476065,0,-0.219405,-0.216603,0,0.0110996,23,22.4,1,-3,1,8.9407e-06,0,0,0,0,0,0.0083213,24,22.4,2,-1.18732e-12,1,2.98023e-06,-2.29532e-11,0,-5.96046e-05,7.8077e-11,0,0.00704256,25,22.4,8.50919e-06,-0.999963,1,-0.00234308,5.06639e-05,0,0.00694571,-0.000447035,0,0.00958916,26,22.4,1.00012,-0.00559979,1,-0.00186861,0.0260761,0,0.00441074,-0.0259845,0,0.007543,27,22.4,-2.04942,3,1,-0.5,0,0,0,0,0,0.00633645,28,22.4,1.98397,-2.70132,1,-0.0369757,0.5,0,0.211,0,0,0.00951833,29,22.4,1.53178,1.00206,1,0.500003,-0.00185072,0,-5.96046e-05,-0.00542402,0,0.0092689,30,22.4,2,3,1,1.78814e-05,0,0,0,0,0,0.00471192,31,22.4,-1.9938,2.17824,1,0.0114202,0.122535,0,0.0337362,0.94223,0,0.00833898,32,22.4,-0.010143,2.99997,1,0.0267988,-0.000107288,0,0.0122217,0.000119209,0,0.0089568,33,22.4,-2.44252,1.01953,1,0.5,0.00109375,0,0,-0.133216,0,0.0111709,34,22.4,-1.10383,1.8337,1,-0.294644,0.386757,0,-0.337958,-0.418901,0,0.0118126,35,22.4,-2.01781,0.3744,1,0.0254989,-0.498337,0,0.0383854,0.0332594,0,0.00941064
0,22.5,-2.69386,-0.988073,1,0.446733,0.0514765,0,0.276193,-0.270721,0,0.0111207,1,22.5,1.00001,-2,1,2.58908e-05,-1.00583e-05,0,-8.19564e-05,-1.49012e-05,0,0.00890506,2,22.5,3,-1.00954,1,-3.72529e-06,0.0243606,0,-5.96046e-05,0.015147,0,0.00571571,3,22.5,-1.00018,-1.35171,1,0.00127815,-0.5,0,-0.00284612,7.45058e-06,0,0.0136256,4,22.5,-2.2838,-1.99966,1,-0.5,-0.00037048,0,0,3.72529e-05,0,0.00868681,5,22.5,3,-2.55301,1,0,-0.499978,0,0,0.000879169,0,0.00558086,6,22.5,-3,1.43904,1,0,-0.49996,0,0,0.00157952,0,0.00708285,7,22.5,-1.00032,2.82183,1,0.0395782,0.401833,0,-0.168428,-0.40099,0,0.00612737,8,22.5,-0.00072623,4.86064e-07,1,-0.00148481,3.84791e-06,0,0.00986809,-1.49898e-05,0,0.0100963,9,22.5,-1.30946,-2.99718,1,0.486863,-0.0252534,0,-0.124335,0.147805,0,0.00762384,10,22.5,-2.99946,0.000280323,1,0.00725947,0.00132851,0,0.0374764,-0.00642556,0,0.00836741,11,22.5,1.36418,2.00099,1,-0.496747,-0.00073649,0,0.066787,-0.0025779,0,0.0113065,12,22.5,2,-1.00001,1,-0.000119209,0.00214064,0,0.000357628,-0.00634417,0,0.00737489,13,22.5,2.99999,-0.00959285,1,2.45869e-05,0.0243535,0,2.98023e-05,0.015682,0,0.00787658,14,22.5,-2.39724,-3,1,0.498828,0,0,-0.0281185,0,0,0.00649814,15,22.5,1.00004,-1,1,-0.00223219,1.39698e-05,0,0.00635535,-2.23517e-05,0,0.00763287,16,22.5,-3,-2.60551,1,-5.96046e-06,-0.498505,0,0,0.0345409,0,0.00840411,17,22.5,-1.26327,0.00309334,1,0.466803,0.0279214,0,-0.224993,-0.144771,0,0.0160869,18,22.5,-2.99758,2.33798,1,-0.00261404,-0.496337,0,-0.00496209,0.0609905,0,0.00893133,19,22.5,0.959887,1.34748,1,0.0372453,-0.498018,0,0.0952482,0.0439286,0,0.0130312,20,22.5,-0.000463828,1.9965,1,0.00202057,0.02365,0,-0.00235573,-0.0368059,0,0.0104724,21,22.5,-0.428163,-1.98412,1,0.499913,-0.107029,0,-0.00348866,0.300728,0,0.0105244,22,22.5,-1.96738,-1.33519,1,0.0687739,-0.492389,0,-0.234239,-0.110008,0,0.0110996,23,22.5,1,-3,1,8.00937e-06,0,0,-2.23517e-05,0,0,0.0083213,24,22.5,2,-3.10256e-12,1,-1.86265e-06,-1.54694e-11,0,-2.98023e-05,7.10373e-11,0,0.00704256,25,22.5,-0.000191668,-0.99996,1,-0.00166792,1.08965e-05,0,0.00649965,-0.000346452,0,0.00958916,26,22.5,0.999956,-0.00314378,1,-0.0014239,0.0228536,0,0.00442937,-0.037442,0,0.007543,27,22.5,-2.09942,3,1,-0.5,0,0,0,0,0,0.00633645,28,22.5,1.98125,-2.65132,1,-0.0180533,0.5,0,0.168197,0,0,0.00951833,29,22.5,1.58177,1.00185,1,0.4998,-0.00228174,0,-0.00692904,-0.00324845,0,0.0092689,30,22.5,2,3,1,1.60187e-05,0,0,-4.47035e-05,0,0,0.00471192,31,22.5,-1.99234,2.19513,1,0.019042,0.214272,0,0.109829,0.882819,0,0.00833898,32,22.5,-0.00744514,2.99996,1,0.0267612,-8.86619e-05,0,-0.011671,0.000238419,0,0.0089568,33,22.5,-2.39257,1.01904,1,0.498535,-0.0102652,0,-0.0335574,-0.094898,0,0.0111709,34,22.5,-1.13499,1.87017,1,-0.328405,0.341747,0,-0.328854,-0.475965,0,0.0118126,35,22.5,-2.01512,0.324819,1,0.0280794,-0.492331,0,0.0141114,0.0911634,0,0.00941064
0,22.6,-2.64786,-0.98418,1,0.472492,0.0273436,0,0.226378,-0.213027,0,0.00962054,1,22.6,1.00001,-2,1,1.78814e-05,-1.19209e-05,0,-0.000119209,-5.96046e-05,0,0.00811116,2,22.6,3,-1.00707,1,-5.96046e-06,0.0246525,0,-0.000119209,-0.00816584,0,0.0069211,3,22.6,-1.00007,-1.40171,1,0.00100136,-0.500003,0,-0.00271201,5.96046e-05,0,0.0110978,4,22.6,-2.3338,-1.9997,1,-0.5,-0.000363588,0,0,0,0,0.00718821,5,22.6,3,-2.60299,1,0,-0.499642,0,0,0.00691414,0,0.00612153,6,22.6,-3,1.38906,1,0,-0.499365,0,0,0.0126958,0,0.00862625,7,22.6,-0.997151,2.8599,1,0.0244305,0.358593,0,-0.134915,-0.459671,0,0.00538015,8,22.6,-0.00082823,7.98377e-07,1,-0.000584629,2.42571e-06,0,0.00810428,-1.3352e-05,0,0.0100969,9,22.6,-1.26152,-2.99904,1,0.47057,-0.0126183,0,-0.203311,0.1055,0,0.00737888,10,22.6,-2.9986,0.000382651,1,0.00947118,0.000734732,0,0.00858307,-0.00542648,0,0.00827499,11,22.6,1.31496,2.0009,1,-0.486377,-0.000953674,0,0.141561,-0.00178814,0,0.0118302,12,22.6,1.99999,-0.999823,1,-8.34465e-05,0.0015229,0,0.000298023,-0.00599027,0,0.00741595,13,22.6,3,-0.0071212,1,2.38419e-05,0.0246889,0,0,-0.00777096,0,0.00989175,14,22.6,-2.34758,-3,1,0.493568,0,0,-0.0807047,0,0,0.00670375,15,22.6,0.999848,-0.999998,1,-0.00160933,1.19209e-05,0,0.00604987,-2.98023e-05,0,0.00777663,16,22.6,-3,-2.65509,1,0,-0.492293,0,-0.000119209,0.0931025,0,0.00745696,17,22.6,-1.21784,0.00521495,1,0.440529,0.0150329,0,-0.29999,-0.113448,0,0.0132488,18,22.6,-2.99786,2.28877,1,-0.00300407,-0.486487,0,-0.00274181,0.139356,0,0.00685358,19,22.6,0.964034,1.29801,1,0.045146,-0.490117,0,0.0627935,0.118196,0,0.0141823,20,22.6,-0.000274854,1.99867,1,0.00174756,0.019595,0,-0.0030383,-0.0434518,0,0.0101189,21,22.6,-0.378217,-1.99338,1,0.498605,-0.0789344,0,-0.0279099,0.261128,0,0.01037,22,22.6,-1.96168,-1.38482,1,0.0452459,-0.498772,0,-0.234008,-0.0245571,0,0.0105515,23,22.6,1,-3,1,8.9407e-06,0,0,-0.000119209,0,0,0.00611205,24,22.6,2,-4.30979e-12,1,-2.98023e-06,-8.83971e-12,0,-5.96046e-05,6.11776e-11,0,0.00766469,25,22.6,-0.000327095,-0.999961,1,-0.00105304,-2.08616e-05,0,0.005757,-0.000208616,0,0.00997387,26,22.6,0.999835,-0.00105751,1,-0.000992417,0.0187744,0,0.00414252,-0.043297,0,0.00825695,27,22.6,-2.14942,3,1,-0.5,0,0,0,0,0,0.00527796,28,22.6,1.98022,-2.60132,1,-0.00318885,0.5,0,0.129819,0,0,0.0101114,29,22.6,1.63167,1.00161,1,0.497651,-0.00251234,0,-0.0426173,-0.00149012,0,0.009396,30,22.6,2.00001,3,1,1.78814e-05,0,0,-0.000238419,0,0,0.00423379,31,22.6,-1.98982,2.2208,1,0.0317782,0.297439,0,0.137568,0.773787,0,0.00813839,32,22.6,-0.00485785,2.99995,1,0.0247086,-5.96046e-05,0,-0.0282412,0.000357628,0,0.0107347,33,22.6,-2.34296,1.01759,1,0.492549,-0.0180721,0,-0.0891685,-0.062108,0,0.0106931,34,22.6,-1.1694,1.90191,1,-0.358921,0.292563,0,-0.275016,-0.503004,0,0.0144081,35,22.6,-2.01227,0.276166,1,0.028491,-0.479414,0,-0.00524521,0.169791,0,0.00971694
0,22.7,-2.59965,-0.982419,1,0.489907,0.00877343,0,0.12356,-0.159711,0,0.00962054,1,22.7,1.00001,-2,1,6.89179e-06,-1.52737e-05,0,-9.68575e-05,0,0,0.00811116,2,22.7,3,-1.00467,1,-1.41561e-05,0.0229791,0,-2.98023e-05,-0.0242144,0,0.0069211,3,22.7,-0.999979,-1.45171,1,0.000742078,-0.5,0,-0.00246614,7.45058e-06,0,0.0110978,4,22.7,-2.3838,-1.99973,1,-0.5,-0.000360049,0,0,6.70552e-05,0,0.00718821,5,22.7,3,-2.65286,1,0,-0.496836,0,0,0.0554323,0,0.00612153,6,22.7,-3,1.33914,1,0,-0.499348,0,0,-0.0064522,0,0.00862625,7,22.7,-0.99533,2.89339,1,0.0124964,0.31068,0,-0.10423,-0.49445,0,0.00538015,8,22.7,-0.000849384,9.77757e-07,1,0.000129612,1.19858e-06,0,0.00618939,-1.11527e-05,0,0.0100969,9,22.7,-1.21566,-2.99984,1,0.444997,-0.00395738,0,-0.304796,0.0688881,0,0.00737888,10,22.7,-2.99712,0.000430859,1,0.0243135,0.000248097,0,0.262082,-0.00430603,0,0.00827499,11,22.7,1.26715,2.0008,1,-0.468495,-0.00109486,0,0.216551,-0.00102818,0,0.0118302,12,22.7,1.99998,-0.999699,1,-5.47618e-05,0.000958517,0,0.000268221,-0.00526756,0,0.00741595,13,22.7,3,-0.00472092,1,1.8999e-05,0.0230467,0,-7.45058e-05,-0.0239836,0,0.00989175,14,22.7,-2.29873,-3,1,0.482269,0,0,-0.14776,0,0,0.00670375,15,22.7,0.999716,-0.999997,1,-0.00103684,8.84756e-06,0,0.00536814,-3.35276e-05,0,0.00777663,16,22.7,-3,-2.70374,1,-4.09782e-06,-0.479434,0,1.49012e-05,0.166252,0,0.00745696,17,22.7,-1.17543,0.0062017,1,0.406331,0.00519191,0,-0.380017,-0.0840558,0,0.0132488,18,22.7,-2.99817,2.24102,1,-0.00316799,-0.466749,0,-0.000596046,0.25256,0,0.00685358,19,22.7,0.968803,1.24978,1,0.0496698,-0.472433,0,0.0285618,0.233009,0,0.0141823,20,22.7,-0.000115907,2.00041,1,0.00142655,0.0151446,0,-0.00332909,-0.0449046,0,0.0101189,21,22.7,-0.328577,-2.00004,1,0.493274,-0.0548411,0,-0.083331,0.22082,0,0.01037,22,22.7,-1.95829,-1.43477,1,0.0230098,-0.499923,0,-0.21001,-0.00306964,0,0.0105515,23,22.7,1,-3,1,-5.58794e-07,0,0,-8.19564e-05,0,0,0.00611205,24,22.7,2,-4.90621e-12,1,-7.07805e-06,-3.27564e-12,0,-1.49012e-05,4.9979e-11,0,0.00766469,25,22.7,-0.000405188,-0.999964,1,-0.000524951,-3.82774e-05,0,0.00479037,-0.000145286,0,0.00997387,26,22.7,0.999756,0.000600381,1,-0.000602659,0.0143683,0,0.00363216,-0.0442165,0,0.00825695,27,22.7,-2.19942,3,1,-0.5,0,0,0,0,0,0.00527796,28,22.7,1.98049,-2.55132,1,0.00794139,0.5,0,0.093706,0,0,0.0101114,29,22.7,1.68139,1.00135,1,0.49782,-0.0025792,0,0.0241697,8.19564e-05,0,0.009396,30,22.7,2.00001,3,1,-1.11759e-06,0,0,-0.000163913,0,0,0.00423379,31,22.7,-1.98614,2.25439,1,0.040194,0.373181,0,0.0356734,0.713214,0,0.00813839,32,22.7,-0.00254691,2.99995,1,0.0213472,-2.42144e-05,0,-0.0380358,0.000342727,0,0.0107347,33,22.7,-2.29471,1.01552,1,0.467415,-0.0229903,0,-0.394881,-0.0367165,0,0.0106931,34,22.7,-1.20673,1.92853,1,-0.388101,0.239008,0,-0.302076,-0.557341,0,0.0144081,35,22.7,-2.00947,0.229731,1,0.0272296,-0.443375,0,-0.0193119,0.52494,0,0.00971694
0,22.8,-2.55019,-0.982261,1,0.497907,-0.00485778,0,0.0418425,-0.114173,0,0.0114387,1,22.8,1.00001,-2,1,0,-1.78814e-05,0,-0.000119209,0.000119209,0,0.00827783,2,22.8,3,-1.00252,1,-1.78814e-05,0.0200063,0,0,-0.0342131,0,0.00912978,3,22.8,-0.999917,-1.50171,1,0.00050813,-0.500003,0,-0.00214577,5.96046e-05,0,0.0121101,4,22.8,-2.4338,-1.99977,1,-0.5,-0.000348687,0,0,0.000119209,0,0.00772707,5,22.8,3,-2.70214,1,0,-0.487512,0,0,0.134945,0,0.00573996,6,22.8,-3,1.28918,1,0,-0.49988,0,0,-0.00238419,0,0.0066748,7,22.8,-0.994554,2.92196,1,0.00348836,0.260502,0,-0.0765026,-0.505447,0,0.00535762,8,22.8,-0.000808573,1.04574e-06,1,0.000656121,2.00362e-07,0,0.0043606,-8.79771e-06,0,0.0109943,9,22.8,-1.17283,-2.99994,1,0.410289,0.00140071,0,-0.38594,0.0396967,0,0.00854134,10,22.8,-2.99314,0.000435988,1,0.0572264,-0.000127181,0,0.375748,-0.00320676,0,0.00742601,11,22.8,1.22151,2.00069,1,-0.443056,-0.00116825,0,0.291824,-0.000238419,0,0.0111578,12,22.8,1.99998,-0.999628,1,-2.68221e-05,0.000473857,0,0.000178814,-0.00438094,0,0.00717994,13,22.8,3,-0.00255544,1,1.19209e-05,0.0200938,0,-0.000119209,-0.0341484,0,0.00535398,14,22.8,-2.25137,-3,1,0.463647,0,0,-0.225902,0,0,0.00710853,15,22.8,0.999638,-0.999997,1,-0.000540912,5.96046e-06,0,0.00450015,-2.98023e-05,0,0.00804454,16,22.8,-3,-2.75072,1,0,-0.458729,0,0,0.248551,0,0.00714395,17,22.8,-1.1368,0.00634453,1,0.365293,-0.0019128,0,-0.437021,-0.0587006,0,0.0140726,18,22.8,-2.99849,2.19577,1,-0.00314116,-0.436562,0,0.00119209,0.347972,0,0.00809798,19,22.8,0.973862,1.20388,1,0.0510335,-0.444052,0,-0.000417233,0.331879,0,0.0136378,20,22.8,9.98574e-06,2.0017,1,0.00109121,0.0107288,0,-0.00333571,-0.0429153,0,0.0105661,21,22.8,-0.279789,-2.00448,1,0.481188,-0.0347435,0,-0.161245,0.181437,0,0.0104257,22,22.8,-1.95699,-1.48477,1,0.00337064,-0.500003,0,-0.182271,5.96046e-05,0,0.0092544,23,22.8,1,-3,1,-5.96046e-06,0,0,-5.96046e-05,0,0,0.00717567,24,22.8,2,-5.00322e-12,1,-8.9407e-06,1.14145e-12,0,0,3.83411e-11,0,0.00975044,25,22.8,-0.000435425,-0.999968,1,-9.6843e-05,-4.91738e-05,0,0.00376742,-8.9407e-05,0,0.00993546,26,22.8,0.999713,0.00181879,1,-0.000268221,0.0100384,0,0.00298023,-0.0419175,0,0.00837938,27,22.8,-2.24942,3,1,-0.5,0,0,0,0,0,0.00610938,28,22.8,1.9817,-2.50132,1,0.0157356,0.5,0,0.0629425,0,0,0.00991155,29,22.8,1.73128,1.0011,1,0.499672,-0.00250638,0,0.00655651,0.0013113,0,0.00885904,30,22.8,2.00001,3,1,-1.19209e-05,0,0,-0.000119209,0,0,0.006745,31,22.8,-1.98208,2.295,1,0.0398457,0.435859,0,-0.0383258,0.525832,0,0.00716745,32,22.8,-0.000612,2.99994,1,0.0172747,5.96046e-06,0,-0.0426327,0.000357628,0,0.0103625,33,22.8,-2.25032,1.01308,1,0.41706,-0.0255197,0,-0.596166,-0.0143647,0,0.0144214,34,22.8,-1.24705,1.94963,1,-0.418162,0.183034,0,-0.29403,-0.553429,0,0.0135982,35,22.8,-2.00687,0.188425,1,0.0247657,-0.379207,0,-0.0294447,0.736676,0,0.0109718
0,22.9,-2.50027,-0.983252,1,0.499869,-0.0143169,0,0.00523031,-0.0761338,0,0.0114387,1,22.9,1.00001,-2,1,-9.49949e-06,-7.82311e-06,0,-8.19564e-05,7.45058e-05,0,0.00827783,2,22.9,2.99999,-1.0007,1,-1.60187e-05,0.0163178,0,4.47035e-05,-0.0388287,0,0.00912978,3,22.9,-0.999876,-1.55171,1,0.000310969,-0.5,0,-0.00179932,7.45058e-06,0,0.0121101,4,22.9,-2.4838,-1.9998,1,-0.5,-0.000333413,0,0,0.000178814,0,0.00772707,5,22.9,3,-2.75001,1,0,-0.467881,0,0,0.25484,0,0.00573996,6,22.9,-3,1.23918,1,0,-0.499992,0,0,-0.000298023,0,0.0066748,7,22.9,-0.994546,2.94548,1,-0.00290535,0.210204,0,-0.0520349,-0.496119,0,0.00535762,8,22.9,-0.000724071,1.02585e-06,1,0.00100584,-5.58129e-07,0,0.00267549,-6.4008e-06,0,0.0109943,9,22.9,-1.13383,-2.99964,1,0.368753,0.0042446,0,-0.441693,0.0182986,0,0.00854134,10,22.9,-2.9853,0.000408891,1,0.101319,-0.000400964,0,0.487432,-0.00237635,0,0.00742601,11,22.9,1.17881,2.00057,1,-0.409586,-0.00116378,0,0.373684,0.000327826,0,0.0111578,12,22.9,1.99998,-0.999601,1,-9.87202e-06,8.36328e-05,0,0.000156462,-0.00341982,0,0.00717994,13,22.9,3,-0.000726453,1,1.86265e-06,0.0164078,0,-7.45058e-05,-0.0388486,0,0.00535398,14,22.9,-2.2063,-3,1,0.436057,0,0,-0.322416,0,0,0.00710853,15,22.9,0.999605,-0.999996,1,-0.000138208,2.98023e-06,0,0.00355393,-2.98023e-05,0,0.00804454,16,22.9,-3,-2.79517,1,0,-0.42873,0,0,0.34754,0,0.00714395,17,22.9,-1.10251,0.00589652,1,0.319879,-0.00669494,0,-0.468075,-0.0375536,0,0.0140726,18,22.9,-2.9988,2.15398,1,-0.00295416,-0.398064,0,0.0025034,0.41908,0,0.00809798,19,22.9,0.97892,1.16129,1,0.0497033,-0.406173,0,-0.0250451,0.420466,0,0.0136378,20,22.9,0.000102753,2.00256,1,0.000768057,0.00666007,0,-0.00310065,-0.0382066,0,0.0105661,21,22.9,-0.232665,-2.00712,1,0.45947,-0.0186082,0,-0.270139,0.141934,0,0.0104257,22,22.9,-1.95751,-1.53477,1,-0.0133034,-0.5,0,-0.150919,7.45058e-06,0,0.0092544,23,22.9,1,-3,1,-1.00583e-05,0,0,-1.49012e-05,0,0,0.00717567,24,22.9,2,-4.7173e-12,1,-8.00937e-06,4.38226e-12,0,2.23517e-05,2.66658e-11,0,0.00975044,25,22.9,-0.000428025,-0.999973,1,0.000227629,-5.54137e-05,0,0.00273521,-3.35276e-05,0,0.00993546,26,22.9,0.9997,0.00262061,1,-3.53903e-06,0.00608029,0,0.00231713,-0.0369976,0,0.00837938,27,22.9,-2.29942,3,1,-0.5,0,0,0,0,0,0.00610938,28,22.9,1.98354,-2.45132,1,0.0207221,0.5,0,0.0375584,0,0,0.00991155,29,22.9,1.78127,1.00085,1,0.499979,-0.00233836,0,0.000819564,0.00201166,0,0.00885904,30,22.9,2,3,1,-2.01166e-05,0,0,-2.98023e-05,0,0,0.006745,31,22.9,-1.97836,2.3408,1,0.0339443,0.476176,0,-0.0770167,0.286371,0,0.00716745,32,22.9,0.000900841,2.99995,1,0.0129815,3.65078e-05,0,-0.0426827,0.000268221,0,0.0103625,33,22.9,-2.21211,1.01048,1,0.342797,-0.0259805,0,-0.859752,0.00448525,0,0.0144214,34,22.9,-1.29041,1.96537,1,-0.449403,0.1336,0,-0.309564,-0.438213,0,0.0135982,35,22.9,-2.00455,0.154646,1,0.0214949,-0.292807,0,-0.0352561,0.95337,0,0.0109718
0,23,-2.45028,-0.985009,1,0.5,-0.0203028,0,0,-0.0445843,0,0.0120174,1,23,1.00001,-2,1,-1.78814e-05,0,0,0,0,0,0.00909043,2,23,2.99999,-0.999261,1,-1.78814e-05,0.012368,0,0.000238419,-0.0395477,0,0.0079529,3,23,-0.999854,-1.60171,1,0.000147521,-0.500003,0,-0.00143051,5.96046e-05,0,0.0108497,4,23,-2.5338,-1.99984,1,-0.5,-0.000312924,0,0,0.000178814,0,0.00727398,5,23,3,-2.79535,1,0,-0.437152,0,0,0.356436,0,0.00665473,6,23,-3,1.18918,1,0,-0.500003,0,0,5.96046e-05,0,0.0103723,7,23,-0.99506,2.96407,1,-0.00705123,0.162077,0,-0.0314713,-0.463128,0,0.00810694,8,23,-0.000612601,9.41791e-07,1,0.00119972,-1.08647e-06,0,0.00124526,-4.2042e-06,0,0.010501,9,23,-1.09923,-2.99916,1,0.322577,0.00526905,0,-0.478685,0.00309944,0,0.00788832,10,23,-2.97268,0.000357552,1,0.151372,-0.000621579,0,0.498891,-0.00211978,0,0.00931811,11,23,1.13983,2.00045,1,-0.369081,-0.00110269,0,0.43267,0.000596046,0,0.0107869,12,23,1.99998,-0.999608,1,5.96046e-06,-0.000213087,0,0.000119209,-0.00247359,0,0.00771517,13,23,3,0.000717289,1,-5.96046e-06,0.0124538,0,0,-0.0396561,0,0.00810163,14,23,-2.16444,-3,1,0.399864,0,0,-0.39804,0,0,0.00663949,15,23,0.999607,-0.999996,1,0.000171363,1.49012e-06,0,0.0025928,-5.96046e-05,0,0.00823815,16,23,-3,-2.83617,1,0,-0.389993,0,0,0.423074,0,0.00658163,17,23,-1.07289,0.00506997,1,0.272298,-0.00954405,0,-0.480592,-0.0200227,0,0.0138149,18,23,-2.99908,2.11637,1,-0.00265241,-0.353354,0,0.00333786,0.471711,0,0.00785131,19,23,0.983732,1.12289,1,0.0462413,-0.36096,0,-0.0431836,0.479043,0,0.0113802,20,23,0.000164627,2.00305,1,0.000475624,0.0031352,0,-0.00272933,-0.0321865,0,0.0114803,21,23,-0.188227,-2.00833,1,0.427777,-0.00622272,0,-0.360571,0.106335,0,0.0097049,22,23,-1.95955,-1.58477,1,-0.0267714,-0.500003,0,-0.118315,5.96046e-05,0,0.00980514,23,23,1,-3,1,-1.19209e-05,0,0,-2.98023e-05,0,0,0.00861039,24,23,2,-4.1637e-12,1,-5.96046e-06,6.51566e-12,0,0,1.62225e-11,0,0.00968842,25,23,-0.000393198,-0.999979,1,0.000453213,-5.51343e-05,0,0.00179346,-2.98023e-05,0,0.0109329,26,23,0.99971,0.00305346,1,0.000195205,0.00267877,0,0.00166893,-0.0308813,0,0.00773336,27,23,-2.34942,3,1,-0.5,0,0,0,0,0,0.00583353,28,23,1.98576,-2.40132,1,0.0233978,0.5,0,0.0166893,0,0,0.0101608,29,23,1.83127,1.00063,1,0.500003,-0.00211,0,-5.96046e-05,0.00244379,0,0.00877038,30,23,2,3,1,-2.38419e-05,0,0,0,0,0,0.00721243,31,23,-1.97539,2.38951,1,0.0249416,0.494939,0,-0.100672,0.101209,0,0.00712548,32,23,0.00198926,2.99995,1,0.00883447,5.96046e-05,0,-0.0398441,0.000119209,0,0.0103833,33,23,-2.18236,1.00794,1,0.250375,-0.0247538,0,-0.965476,0.0193119,0,0.0103445,34,23,-1.33679,1.97671,1,-0.476834,0.0948191,0,-0.227809,-0.340164,0,0.00973383,35,23,-2.00258,0.130258,1,0.0178397,-0.194201,0,-0.0373125,1,0,0.0110065
0,23.1,-2.4003,-0.987217,1,0.499021,-0.0234263,0,-0.0245422,-0.0189021,0,0.0120174,1,23.1,1.00001,-2,1,-1.76951e-05,0,0,7.45058e-06,0,0,0.00909043,2,23.1,2.99999,-0.998219,1,1.11759e-06,0.00852095,0,0.000163913,-0.0370331,0,0.0079529,3,23.1,-0.999846,-1.65166,1,2.00234e-05,-0.498202,0,-0.00112131,0.0422895,0,0.0108497,4,23.1,-2.58379,-1.99987,1,-0.49964,-0.000291504,0,0.0112951,0.000245869,0,0.00727398,5,23.1,3,-2.83711,1,0,-0.396574,0,0,0.449032,0,0.00665473,6,23.1,-3,1.13918,1,0,-0.5,0,0,7.45058e-06,0,0.0103723,7,23.1,-0.995894,2.97804,1,-0.00933716,0.118185,0,-0.0149198,-0.411868,0,0.00810694,8,23.1,-0.000488461,8.15508e-07,1,0.00126379,-1.40681e-06,0,8.62696e-05,-2.26136e-06,0,0.010501,9,23.1,-1.06941,-2.99863,1,0.273692,0.00506379,0,-0.495039,-0.00648201,0,0.00788832,10,23.1,-2.95501,0.00028679,1,0.201948,-0.00077868,0,0.499457,-0.00121659,0,0.00931811,11,23.1,1.10515,2.00035,1,-0.323997,-0.00102371,0,0.465833,0.000983477,0,0.0107869,12,23.1,1.99998,-0.999641,1,1.67638e-05,-0.000416301,0,8.9407e-05,-0.00161678,0,0.00771517,13,23.1,3,0.00176763,1,-5.96046e-06,0.00859487,0,0,-0.0371601,0,0.00810163,14,23.1,-2.12654,-3,1,0.357407,0,0,-0.448003,0,0,0.00663949,15,23.1,0.999636,-0.999996,1,0.000386592,-3.25963e-06,0,0.00172481,-4.09782e-05,0,0.00823815,16,23.1,-3,-2.87296,1,0,-0.344827,0,0,0.476286,0,0.00658163,17,23.1,-1.04806,0.00404013,1,0.224398,-0.0108215,0,-0.474177,-0.00614058,0,0.0138149,18,23.1,-2.99932,2.08345,1,-0.00228211,-0.304385,0,0.00399351,0.503242,0,0.00785131,19,23.1,0.988119,1.08924,1,0.0413002,-0.3115,0,-0.0547655,0.506192,0,0.0113802,20,23.1,0.000199315,2.00321,1,0.000226041,0.000264496,0,-0.0022563,-0.0252426,0,0.0114803,21,23.1,-0.147369,-2.00847,1,0.388281,0.00282526,0,-0.426397,0.0753105,0,0.0097049,22,23.1,-1.96275,-1.63466,1,-0.0366878,-0.496819,0,-0.0807494,0.0654384,0,0.00980514,23,23.1,1,-3,1,-1.33179e-05,0,0,-3.72529e-06,0,0,0.00861039,24,23.1,2,-3.45741e-12,1,-5.21541e-06,7.36672e-12,0,1.49012e-05,1.60914e-12,0,0.00968842,25,23.1,-0.000340355,-0.999985,1,0.000589815,-5.55068e-05,0,0.000964026,2.23517e-05,0,0.0109329,26,23.1,0.999737,0.00317842,1,0.000331271,-6.474e-05,0,0.00106171,-0.0239949,0,0.00773336,27,23.1,-2.39942,3,1,-0.5,0,0,0,0,0,0.00583353,28,23.1,1.98816,-2.35146,1,0.0241842,0.495948,0,-0.000238419,-0.0816137,0,0.0101608,29,23.1,1.88127,1.00043,1,0.5,-0.00185072,0,-7.45058e-06,0.00271201,0,0.00877038,30,23.1,2,3,1,-2.27243e-05,0,0,2.98023e-05,0,0,0.00721243,31,23.1,-1.97341,2.43931,1,0.0146845,0.499683,0,-0.103332,0.0126511,0,0.00712548,32,23.1,0.00268157,2.99996,1,0.00509772,6.89179e-05,0,-0.0346838,4.47035e-05,0,0.0103833,33,23.1,-2.16222,1.00557,1,0.152066,-0.02231,0,-0.992745,0.0290573,0,0.0103445,34,23.1,-1.3854,1.98463,1,-0.493218,0.0649625,0,-0.104256,-0.259303,0,0.00973383,35,23.1,-2.00098,0.115837,1,0.01409,-0.0942719,0,-0.0370964,0.997181,0,0.0110065
0,23.2,-2.3506,-0.989618,1,0.49423,-0.024277,0,-0.0748634,0.00101328,0,0.0100865,1,23.2,1.00001,-2,1,-1.49012e-05,0,0,-5.96046e-05,0.000119209,0,0.00780554,2,23.2,2.99999,-0.997545,1,5.96046e-06,0.00502318,0,0.000238419,-0.0326633,0,0.00688668,3,23.2,-0.999849,-1.70116,1,-7.7486e-05,-0.490484,0,-0.000834465,0.116289,0,0.0111251,4,23.2,-2.63364,-1.99989,1,-0.496703,-0.000265241,0,0.053525,0.000357628,0,0.00658517,5,23.2,3,-2.87441,1,0,-0.348508,0,0,0.506759,0,0.0068021,6,23.2,-3,1.08918,1,0,-0.500003,0,0,5.96046e-05,0,0.0109188,7,23.2,-0.996879,2.9879,1,-0.0101641,0.0801682,0,-0.00223517,-0.34678,0,0.00916635,8,23.2,-0.000363218,6.6632e-07,1,0.00122655,-1.5504e-06,0,-0.000785177,-6.68194e-07,0,0.00964125,9,23.2,-1.04451,-2.99817,1,0.224307,0.0041008,0,-0.489175,-0.0119209,0,0.0111559,10,23.2,-2.93241,0.000203003,1,0.248951,-0.000899271,0,0.430703,-0.00134463,0,0.010618,11,23.2,1.07511,2.00025,1,-0.276533,-0.000905991,0,0.480354,0.00107288,0,0.0108144,12,23.2,1.99998,-0.999689,1,2.38419e-05,-0.000539422,0,5.96046e-05,-0.000864267,0,0.00755958,13,23.2,3,0.00244793,1,0,0.00508363,0,-0.000119209,-0.0328093,0,0.00669891,14,23.2,-2.0931,-3,1,0.310886,0,0,-0.479221,0,0,0.00748887,15,23.2,0.999682,-0.999997,1,0.000520051,-5.96046e-06,0,0.00101328,-2.98023e-05,0,0.00926997,16,23.2,-3,-2.905,1,0,-0.29552,0,0,0.505924,0,0.00646242,17,23.2,-1.02796,0.00294596,1,0.178048,-0.0108889,0,-0.450194,0.00423962,0,0.0154757,18,23.2,-2.99953,2.05555,1,-0.00186563,-0.253534,0,0.00429153,0.509739,0,0.0084018,19,23.2,0.991962,1.06064,1,0.0354514,-0.260466,0,-0.0614226,0.510931,0,0.0121484,20,23.2,0.000211459,2.00313,1,2.51061e-05,-0.00191331,0,-0.00176101,-0.0184774,0,0.01068,21,23.2,-0.11076,-2.00786,1,0.343111,0.0089705,0,-0.473801,0.048399,0,0.0114435,22,23.2,-1.96676,-1.6839,1,-0.0430673,-0.48663,0,-0.0475645,0.139415,0,0.00893186,23,23.2,0.999998,-3,1,-1.19209e-05,0,0,0,0,0,0.00794375,24,23.2,2,-2.7312e-12,1,-2.98023e-06,6.99069e-12,0,0,-8.4081e-12,0,0.00953617,25,23.2,-0.000277746,-0.99999,1,0.000651051,-5.06639e-05,0,0.000285596,2.98023e-05,0,0.00901723,26,23.2,0.999774,0.00306329,1,0.000409782,-0.00212603,0,0.000566244,-0.0172833,0,0.00829763,27,23.2,-2.44942,3,1,-0.5,0,0,0,0,0,0.00534798,28,23.2,1.99055,-2.30241,1,0.0234902,0.48362,0,-0.013113,-0.164986,0,0.0104472,29,23.2,1.93127,1.00026,1,0.500003,-0.00157356,0,-5.96046e-05,0.00286102,0,0.00883821,30,23.2,2,3,1,-1.78814e-05,0,0,0,0,0,0.00495013,31,23.2,-1.97245,2.48931,1,0.00448227,0.5,0,-0.0997782,0,0,0.00635652,32,23.2,0.00302785,2.99996,1,0.00193043,7.15256e-05,0,-0.0285418,0,0,0.00973055,33,23.2,-2.15196,1.0035,1,0.0532687,-0.0190407,0,-0.976443,0.0358224,0,0.011709,34,23.2,-1.43508,1.98995,1,-0.498998,0.042513,0,-0.0200272,-0.191867,0,0.0105883,35,23.2,-1.99976,0.111373,1,0.0105232,0.00467058,0,-0.0337958,0.977442,0,0.0127362
0,23.3,-2.30129,-0.992018,1,0.493782,-0.02351,0,0.0393242,0.0137128,0,0.0100865,1,23.3,1,-2,1,-1.86265e-05,9.68575e-06,0,-2.98023e-05,5.96046e-05,0,0.00780554,2,23.3,3,-0.997197,1,1.9744e-05,0.00203932,0,4.47035e-05,-0.0269301,0,0.00688668,3,23.3,-0.99986,-1.74977,1,-0.000145473,-0.482864,0,-0.000528991,0.046894,0,0.0111251,4,23.3,-2.68252,-1.99992,1,-0.476053,-0.000229664,0,0.343665,0.000350177,0,0.00658517,5,23.3,3,-2.90667,1,0,-0.296244,0,0,0.533551,0,0.0068021,6,23.3,-3,1.03919,1,0,-0.499762,0,0,0.00805408,0,0.0109188,7,23.3,-0.99789,2.99431,1,-0.00990769,0.0491001,0,0.00681356,-0.273973,0,0.00916635,8,23.3,-0.000245585,5.10153e-07,1,0.0011162,-1.55235e-06,0,-0.00137915,5.67512e-07,0,0.00964125,9,23.3,-1.02502,-2.99782,1,0.161456,0.00277422,0,-0.737086,-0.0142008,0,0.0111559,10,23.3,-2.90546,0.000108686,1,0.288768,-0.000969616,0,0.358284,-0.000292922,0,0.010618,11,23.3,1.04986,2.00017,1,-0.228555,-0.000785664,0,0.475906,0.0012964,0,0.0108144,12,23.3,1.99998,-0.999746,1,2.86847e-05,-0.000594091,0,2.98023e-05,-0.000249594,0,0.00755958,13,23.3,3,0.00280159,1,-9.68575e-06,0.00208553,0,-5.96046e-05,-0.0270672,0,0.00669891,14,23.3,-2.06496,-3,1,0.247239,0,0,-0.762284,0,0,0.00748887,15,23.3,0.999737,-0.999997,1,0.000587478,-8.00937e-06,0,0.000357628,-7.45058e-06,0,0.00926997,16,23.3,-3,-2.93153,1,0,-0.230818,0,0,0.758588,0,0.00646242,17,23.3,-1.01235,0.00189128,1,0.134907,-0.0100872,0,-0.410698,0.0113027,0,0.0154757,18,23.3,-2.9997,2.03273,1,-0.00143982,-0.203231,0,0.00418723,0.492871,0,0.0084018,19,23.3,0.995195,1.03713,1,0.0291724,-0.210048,0,-0.0634789,0.494152,0,0.0121484,20,23.3,0.000206008,2.00285,1,-0.000125878,-0.00342764,0,-0.00126555,-0.0119656,0,0.01068,21,23.3,-0.0793955,-2.00676,1,0.279225,0.0126388,0,-0.772027,0.0257641,0,0.0114435,22,23.3,-1.97127,-1.73128,1,-0.0465715,-0.45582,0,-0.0225827,0.455648,0,0.00893186,23,23.3,0.999997,-3,1,-1.09896e-05,0,0,2.23517e-05,0,0,0.00794375,24,23.3,2,-2.07625e-12,1,-2.23517e-06,6.08961e-12,0,1.49012e-05,-9.51805e-12,0,0.00953617,25,23.3,-0.000212154,-0.999995,1,0.00065206,-4.59142e-05,0,-0.000239067,6.33299e-05,0,0.00901723,26,23.3,0.999818,0.00277512,1,0.000443496,-0.0035322,0,0.00012666,-0.010982,0,0.00829763,27,23.3,-2.49942,3,1,-0.5,0,0,0,0,0,0.00534798,28,23.3,1.99282,-2.255,1,0.0217155,0.463204,0,-0.0218451,-0.243023,0,0.0104472,29,23.3,1.98127,1.00012,1,0.5,-0.00129119,0,-7.45058e-06,0.00278652,0,0.00883821,30,23.3,2,3,1,-1.67638e-05,0,0,2.98023e-05,0,0,0.00495013,31,23.3,-1.97249,2.53931,1,-0.00505093,0.5,0,-0.0901893,0,0,0.00635652,32,23.3,0.00308946,2.99997,1,-0.000585962,6.92904e-05,0,-0.021812,-5.96046e-05,0,0.00973055,33,23.3,-2.1514,1.00178,1,-0.0404596,-0.0153432,0,-0.887603,0.0379011,0,0.011709,34,23.3,-1.48504,1.99334,1,-0.499937,0.0261551,0,-0.0025034,-0.137173,0,0.0105883,35,23.3,-1.99887,0.116583,1,0.00731628,0.097812,0,-0.0299886,0.874922,0,0.0127362
0,23.4,-2.25169,-0.994284,1,0.498188,-0.0216514,0,0.0362396,0.022918,0,0.0127995,1,23.4,1,-2,1,-1.78814e-05,1.19209e-05,0,0,0.000119209,0,0.00751896,2,23.4,3,-0.997117,1,1.78814e-05,-0.000351667,0,0,-0.0208616,0,0.00733191,3,23.4,-0.999877,-1.79786,1,-0.000184774,-0.479165,0,-0.000298023,0.0357628,0,0.0113944,4,23.4,-2.72804,-1.99994,1,-0.430959,-0.000193715,0,0.54431,0.000298023,0,0.00773714,5,23.4,3,-2.93362,1,0,-0.242734,0,0,0.53215,0,0.00685019,6,23.4,-3,0.989302,1,0,-0.497358,0,0,0.0469685,0,0.00947742,7,23.4,-0.998836,2.99797,1,-0.00890493,0.0253916,0,0.012815,-0.200629,0,0.00896648,8,23.4,-0.000141547,3.59369e-07,1,0.000958653,-1.44857e-06,0,-0.00173528,1.45295e-06,0,0.0105301,9,23.4,-1.01276,-2.99762,1,0.0823557,0.00133514,0,-0.820994,-0.0144243,0,0.00937526,10,23.4,-2.87496,1.04197e-05,1,0.319374,-0.000998694,0,0.248551,-0.000466339,0,0.0101312,11,23.4,1.02935,2.00009,1,-0.181952,-0.000655651,0,0.453472,0.00154972,0,0.0117854,12,23.4,1.99998,-0.999806,1,2.98023e-05,-0.000593066,0,5.96046e-05,0.000178814,0,0.0074959,13,23.4,3,0.00288486,1,-1.19209e-05,-0.000318821,0,0,-0.0209954,0,0.00751182,14,23.4,-2.0443,-3,1,0.164056,0,0,-0.876546,0,0,0.00808658,15,23.4,0.999797,-0.999998,1,0.000597537,-8.9407e-06,0,-0.000149012,0,0,0.00792452,16,23.4,-3,-2.9506,1,0,-0.149077,0,0,0.8533,0,0.00763781,17,23.4,-1.00083,0.00094735,1,0.0962332,-0.00871913,0,-0.361383,0.0156428,0,0.0144339,18,23.4,-2.99982,2.01482,1,-0.00103712,-0.155574,0,0.0038147,0.457764,0,0.00887896,19,23.4,0.997796,1.01854,1,0.0228778,-0.162217,0,-0.0618398,0.459731,0,0.0116031,20,23.4,0.000187862,2.00246,1,-0.000229546,-0.00433326,0,-0.000816369,-0.00631809,0,0.0109006,21,23.4,-0.055608,-2.0054,1,0.194422,0.0142813,0,-0.89876,0.0077486,0,0.0109558,22,23.4,-1.976,-1.77421,1,-0.0476211,-0.399414,0,0.0012517,0.654399,0,0.0115339,23,23.4,0.999996,-3,1,-8.9407e-06,0,0,2.98023e-05,0,0,0.00763337,24,23.4,1.99999,-1.51592e-12,1,0,5.11003e-12,0,0,-9.97808e-12,0,0.00913253,25,23.4,-0.000148827,-0.999999,1,0.000608222,-3.8743e-05,0,-0.000614197,5.96046e-05,0,0.00994934,26,23.4,0.999862,0.00237641,1,0.000438094,-0.00435167,0,-0.000208616,-0.00555837,0,0.00794351,27,23.4,-2.54942,3,1,-0.5,0,0,0,0,0,0.00516257,28,23.4,1.99487,-2.21002,1,0.0192255,0.435144,0,-0.0275373,-0.317216,0,0.0104949,29,23.4,2.03127,1,1,0.5,-0.00102073,0,0,0.00265241,0,0.00735115,30,23.4,1.99999,3,1,-1.19209e-05,0,0,0,0,0,0.00532243,31,23.4,-1.97342,2.58931,1,-0.0134289,0.5,0,-0.0770092,0,0,0.00583222,32,23.4,0.00293272,2.99998,1,-0.00244122,6.55651e-05,0,-0.0153594,-0.000119209,0,0.0101741,33,23.4,-2.15966,1.00044,1,-0.122446,-0.0115052,0,-0.744462,0.0386536,0,0.0107693,34,23.4,-1.53504,1.99534,1,-0.500003,0.0147223,0,5.96046e-05,-0.0932217,0,0.0118556,35,23.4,-1.99828,0.130497,1,0.0045836,0.177866,0,-0.0244379,0.718735,0,0.0131707
0,23.5,-2.20176,-0.996327,1,0.499886,-0.0191372,0,0.00452995,0.0270531,0,0.0127995,1,23.5,1,-2,1,-1.66707e-05,2.03028e-05,0,1.86265e-05,5.21541e-05,0,0.00751896,2,23.5,3,-0.997246,1,1.3411e-05,-0.00212891,0,-5.96046e-05,-0.0147708,0,0.00733191,3,23.5,-0.999896,-1.84568,1,-0.000184961,-0.477969,0,0.000357628,-0.00242889,0,0.0113944,4,23.5,-2.76789,-1.99996,1,-0.361782,-0.000164472,0,0.811398,0.000230968,0,0.00773714,5,23.5,3,-2.95527,1,0,-0.190572,0,0,0.506893,0,0.00685019,6,23.5,-3,0.939878,1,0,-0.490263,0,0,0.0975393,0,0.00947742,7,23.5,-0.999656,2.99962,1,-0.00744592,0.00879318,0,0.0159889,-0.133008,0,0.00896648,8,23.5,-5.46644e-05,2.22823e-07,1,0.000776659,-1.27312e-06,0,-0.00187586,2.00738e-06,0,0.0105301,9,23.5,-1.00897,-2.99755,1,-0.00915602,-9.31323e-06,0,-0.975296,-0.0123829,0,0.00937526,10,23.5,-2.84193,-8.94352e-05,1,0.3397,-0.000980685,0,0.154719,0.000601951,0,0.0101312,11,23.5,1.01336,2.00004,1,-0.138422,-0.000503473,0,0.415109,0.00146776,0,0.0117854,12,23.5,1.99999,-0.999864,1,3.33413e-05,-0.000556093,0,2.23517e-05,0.000532717,0,0.0074959,13,23.5,3,0.0027584,1,-1.04308e-05,-0.00210857,0,2.98023e-05,-0.0148839,0,0.00751182,14,23.5,-2.03247,-3,1,0.0709936,0,0,-0.962883,0,0,0.00808658,15,23.5,0.999855,-0.999999,1,0.00056345,-8.47504e-06,0,-0.000506639,1.11759e-05,0,0.00792452,16,23.5,-3,-2.96107,1,0,-0.0590246,0,0,0.927225,0,0.00763781,17,23.5,-0.992922,0.000157609,1,0.0629001,-0.00704426,0,-0.304844,0.0175353,0,0.0144339,18,23.5,-2.99991,2.00147,1,-0.000684708,-0.112255,0,0.00321865,0.406981,0,0.00887896,19,23.5,0.999782,1.00454,1,0.0169161,-0.118624,0,-0.0570305,0.410471,0,0.0116031,20,23.5,0.000161512,2.002,1,-0.000290915,-0.00472181,0,-0.000423438,-0.00162423,0,0.0109006,21,23.5,-0.040157,-2.00396,1,0.119323,0.0143528,0,-0.615116,-0.00560284,0,0.0109558,22,23.5,-1.98072,-1.81024,1,-0.0464752,-0.316423,0,0.0207573,0.947982,0,0.0115339,23,23.5,0.999995,-3,1,-5.86733e-06,0,0,3.35276e-05,0,0,0.00763337,24,23.5,1.99999,-1.05493e-12,1,1.86265e-07,4.11115e-12,0,7.45058e-06,-9.8967e-12,0,0.00913253,25,23.5,-9.15184e-05,-1,1,0.000534063,-3.18512e-05,0,-0.00084826,8.19564e-05,0,0.00994934,26,23.5,0.999904,0.00192135,1,0.000404846,-0.00467495,0,-0.00044331,-0.00108939,0,0.00794351,27,23.5,-2.59939,3,1,-0.49891,0,0,0.0270605,0,0,0.00516257,28,23.5,1.99784,-2.16825,1,0.0506395,0.398903,0,0.598453,-0.402272,0,0.0104949,29,23.5,2.08127,0.999915,1,0.5,-0.000767224,0,0,0.00241399,0,0.00735115,30,23.5,1.99999,3,1,-1.08033e-05,0,0,2.98023e-05,0,0,0.00532243,31,23.5,-1.97512,2.63919,1,-0.0201322,0.49632,0,-0.0572354,-0.0751168,0,0.00583222,32,23.5,0.00262211,2.99998,1,-0.00367156,5.36442e-05,0,-0.00939381,-0.000119209,0,0.0101741,33,23.5,-2.1754,0.999475,1,-0.189795,-0.00777682,0,-0.598088,0.0359081,0,0.0107693,34,23.5,-1.58503,1.99641,1,-0.499693,0.0071073,0,0.00980496,-0.060387,0,0.0118556,35,23.5,-1.99793,0.151626,1,0.00234544,0.242095,0,-0.0201166,0.561784,0,0.0131707
0,23.6,-2.15176,-0.998101,1,0.5,-0.0162989,0,0,0.0294447,0,0.0153717,1,23.6,0.999998,-2,1,-1.49012e-05,2.08616e-05,0,5.96046e-05,5.96046e-05,0,0.00897734,2,23.6,3,-0.997524,1,5.96046e-06,-0.00332594,0,-0.000119209,-0.00920892,0,0.00683549,3,23.6,-0.999911,-1.89349,1,-0.000102818,-0.477961,0,0.0013113,0.0100136,0,0.0117669,4,23.6,-2.79977,-1.99997,1,-0.273699,-0.000160933,0,0.927925,-0.000238419,0,0.010835,5,23.6,3,-2.97186,1,0,-0.142092,0,0,0.459552,0,0.00497288,6,23.6,-3,0.891441,1,0,-0.47742,0,0,0.160933,0,0.00967082,7,23.6,-1.00032,2.99994,1,-0.00577569,-0.00162125,0,0.0172257,-0.0776052,0,0.00941965,8,23.6,1.3588e-05,1.06127e-07,1,0.000588629,-1.05605e-06,0,-0.00186202,2.2932e-06,0,0.0116837,9,23.6,-1.01482,-2.99761,1,-0.10792,-0.00112653,0,-0.986099,-0.0100136,0,0.00854495,10,23.6,-2.80737,-0.000184266,1,0.349814,-0.000918132,0,0.0458956,0.000475361,0,0.00948469,11,23.6,1.00152,1.99999,1,-0.099273,-0.000363588,0,0.366569,0.00137091,0,0.0101873,12,23.6,1.99999,-0.999916,1,3.27826e-05,-0.000490248,0,0,0.00077486,0,0.00808555,13,23.6,2.99999,0.00248262,1,-5.96046e-06,-0.00331465,0,0,-0.00934349,0,0.00655893,14,23.6,-2.03018,-3,1,-0.0246227,0,0,-0.932455,0,0,0.00621867,15,23.6,0.999909,-1,1,0.000499189,-7.45058e-06,0,-0.000745058,2.98023e-05,0,0.00696013,16,23.6,-3,-2.96235,1,0,0.0326991,0,0,0.891089,0,0.00686734,17,23.6,-0.98806,-0.000458208,1,0.0353113,-0.00526923,0,-0.246972,0.0177132,0,0.013639,18,23.6,-2.99996,1.99218,1,-0.000399351,-0.0744432,0,0.0026226,0.34821,0,0.007322,19,23.6,1.0012,0.994638,1,0.0115365,-0.0803918,0,-0.0503063,0.353158,0,0.0118687,20,23.6,0.000130866,2.00153,1,-0.000316686,-0.00469685,0,-0.000104079,0.00202656,0,0.00935785,21,23.6,-0.0309125,-2.00257,1,0.0691842,0.0132978,0,-0.397915,-0.014782,0,0.0119486,22,23.6,-1.98524,-1.837,1,-0.0436455,-0.21787,0,0.0351071,0.999987,0,0.0125167,23,23.6,0.999995,-3,1,-2.98023e-06,0,0,2.98023e-05,0,0,0.00782269,24,23.6,2,-6.92441e-13,1,0,3.14924e-12,0,5.96046e-05,-9.25911e-12,0,0.0098037,25,23.6,-4.2597e-05,-1.00001,1,0.000442369,-2.38419e-05,0,-0.000968339,0.000119209,0,0.00986546,26,23.6,0.999942,0.00145453,1,0.000351667,-0.00460467,0,-0.000566244,0.00232628,0,0.00773431,27,23.6,-2.64906,3,1,-0.493675,0,0,0.0813007,0,0,0.0059112,28,23.6,2.00654,-2.13048,1,0.12849,0.355691,0,0.911713,-0.457048,0,0.00935509,29,23.6,2.13127,0.999849,1,0.5,-0.000537932,0,0,0.00214577,0,0.00730566,30,23.6,1.99999,3,1,-8.9407e-06,0,0,5.96046e-05,0,0,0.00695736,31,23.6,-1.97739,2.68831,1,-0.0249147,0.484753,0,-0.0386238,-0.156641,0,0.0055461,32,23.6,0.00221681,2.99999,1,-0.00434982,4.17233e-05,0,-0.00432314,0,0,0.00976416,33,23.6,-2.1971,0.998873,1,-0.241369,-0.00432432,0,-0.430703,0.0331104,0,0.0144324,34,23.6,-1.6349,1.99686,1,-0.497076,0.00239611,0,0.0485182,-0.0349283,0,0.0104222,35,23.6,-1.99779,0.178357,1,0.000596046,0.289602,0,-0.0147223,0.386208,0,0.0145103
0,23.7,-2.10176,-0.999583,1,0.5,-0.0133585,0,0,0.0292137,0,0.0153717,1,23.7,0.999997,-2,1,-9.40636e-06,2.34693e-05,0,4.84288e-05,0,0,0.00897734,2,23.7,3,-0.997894,1,-3.72529e-06,-0.0039991,0,-5.96046e-05,-0.00441074,0,0.00683549,3,23.7,-0.999915,-1.94127,1,3.6601e-05,-0.477834,0,0.0016354,5.96046e-05,0,0.0117669,4,23.7,-2.82236,-1.99999,1,-0.177091,-0.000184029,0,0.990391,-0.000417233,0,0.010835,5,23.7,3,-2.98387,1,0,-0.0992015,0,0,0.395954,0,0.00497288,6,23.7,-3,0.844513,1,0,-0.460909,0,0,0.174887,0,0.00967082,7,23.7,-1.00081,2.99946,1,-0.00407398,-0.00726134,0,0.0166148,-0.0372529,0,0.00941965,8,23.7,6.33457e-05,1.21424e-08,1,0.00040894,-8.22873e-07,0,-0.00171755,2.34014e-06,0,0.0116837,9,23.7,-1.03049,-2.99777,1,-0.204854,-0.00196286,0,-0.939161,-0.00678003,0,0.00854495,10,23.7,-2.77228,-0.000271774,1,0.35056,-0.000817628,0,-0.0322312,0.00134357,0,0.00948469,11,23.7,0.993333,1.99996,1,-0.0654076,-0.00023637,0,0.310246,0.00116974,0,0.0101873,12,23.7,1.99999,-0.999961,1,3.1665e-05,-0.000406336,0,-2.98023e-05,0.000882894,0,0.00808555,13,23.7,2.99999,0.0021129,1,-5.58794e-06,-0.00399917,0,1.49012e-05,-0.00450358,0,0.00655893,14,23.7,-2.03724,-3,1,-0.115553,0,0,-0.872225,0,0,0.00621867,15,23.7,0.999955,-1,1,0.000417698,-5.12227e-06,0,-0.000867993,2.6077e-05,0,0.00696013,16,23.7,-3,-2.9547,1,0,0.119317,0,0,0.828236,0,0.00686734,17,23.7,-0.985666,-0.000898286,1,0.0135178,-0.00355354,0,-0.189587,0.0164453,0,0.013639,18,23.7,-2.99999,1.98637,1,-0.000180677,-0.0428194,0,0.00177324,0.284262,0,0.007322,19,23.7,1.00211,0.98826,1,0.00690836,-0.0482095,0,-0.0421777,0.290409,0,0.0118687,20,23.7,9.91163e-05,2.00107,1,-0.000314219,-0.00435933,0,0.000140779,0.00455976,0,0.00935785,21,23.7,-0.0257018,-2.00132,1,0.0376486,0.011516,0,-0.240728,-0.0203401,0,0.0119486,22,23.7,-1.98945,-1.85379,1,-0.0408093,-0.11787,0,0.0224635,1,0,0.0125167,23,23.7,0.999995,-3,1,-9.31323e-08,0,0,2.6077e-05,0,0,0.00782269,24,23.7,2,-4.222e-13,1,5.02914e-06,2.27341e-12,0,3.72529e-05,-8.19189e-12,0,0.0098037,25,23.7,-3.2653e-06,-1.00001,1,0.000343955,-1.28523e-05,0,-0.000987171,9.68575e-05,0,0.00986546,26,23.7,0.999974,0.00101008,1,0.000290666,-0.00424448,0,-0.000637025,0.00471606,0,0.00773431,27,23.7,-2.69791,3,1,-0.482121,0,0,0.152409,0,0,0.0059112,28,23.7,2.02412,-2.09722,1,0.224242,0.309334,0,0.98455,-0.467628,0,0.00935509,29,23.7,2.18127,0.999806,1,0.5,-0.000339467,0,0,0.00182167,0,0.00730566,30,23.7,1.99999,3,1,-3.1665e-06,0,0,5.21541e-05,0,0,0.00695736,31,23.7,-1.98004,2.73586,1,-0.0279197,0.464939,0,-0.0217184,-0.239521,0,0.0055461,32,23.7,0.00176752,2.99999,1,-0.00456753,3.68804e-05,0,-0.000208449,-7.45058e-05,0,0.00976416,33,23.7,-2.22315,0.998596,1,-0.27733,-0.00131326,0,-0.287548,0.0273176,0,0.0144324,34,23.7,-1.68427,1.99696,1,-0.489298,-0.000124238,0,0.110663,-0.0164583,0,0.0104222,35,23.7,-1.9978,0.209001,1,-0.000699237,0.320789,0,-0.0110716,0.237074,0,0.0145103
0,23.8,-2.05176,-1.00077,1,0.5,-0.0104845,0,0,0.0281334,0,0.0100242,1,23.8,0.999996,-1.99999,1,-4.47035e-06,2.38419e-05,0,5.96046e-05,-0.000119209,0,0.00812892,2,23.8,3,-0.998309,1,-5.96046e-06,-0.00423938,0,-0.000119209,-0.000506639,0,0.00630344,3,23.8,-0.999901,-1.98902,1,0.00025034,-0.476611,0,0.00274181,0.0303984,0,0.0110426,4,23.8,-2.83509,-2.00001,1,-0.0775337,-0.000280142,0,0.995278,-0.00154972,0,0.010291,5,23.8,3,-2.99193,1,0,-0.0632465,0,0,0.321746,0,0.00565441,6,23.8,-3,0.799357,1,0,-0.441499,0,0,0.21711,0,0.0090876,7,23.8,-1.00114,2.9986,1,-0.00248551,-0.00945926,0,0.0150204,-0.00846386,0,0.00812043,8,23.8,9.59879e-05,-5.85749e-08,1,0.000247518,-5.93378e-07,0,-0.00150111,2.2265e-06,0,0.0113609,9,23.8,-1.0555,-2.99799,1,-0.293362,-0.00249743,0,-0.820518,-0.00405312,0,0.00649276,10,23.8,-2.73752,-0.000346694,1,0.34321,-0.000683332,0,-0.114799,0.00119436,0,0.0117214,11,23.8,0.988247,1.99995,1,-0.0372797,-0.00013113,0,0.252217,0.00101328,0,0.0104497,12,23.8,2,-0.999997,1,2.68221e-05,-0.000315905,0,0,0.00089407,0,0.00763577,13,23.8,2.99999,0.00169736,1,-5.96046e-06,-0.0042462,0,0.000119209,-0.000588764,0,0.00872965,14,23.8,-2.05296,-3,1,-0.196654,0,0,-0.739455,0,0,0.00647227,15,23.8,0.999992,-1,1,0.000329316,0,0,-0.000923872,-5.96046e-05,0,0.00806481,16,23.8,-3,-2.93882,1,0,0.196093,0,0,0.697494,0,0.00626303,17,23.8,-0.985173,-0.00117457,1,-0.00276119,-0.00200649,0,-0.136822,0.0143881,0,0.0155593,18,23.8,-3,1.98341,1,-3.57628e-05,-0.0175565,0,0.00107288,0.221431,0,0.00628228,19,23.8,1.00261,0.984787,1,0.00311136,-0.0222862,0,-0.0336766,0.228316,0,0.0118134,20,23.8,6.87152e-05,2.00066,1,-0.000290917,-0.0038147,0,0.000314037,0.00619888,0,0.00969217,21,23.8,-0.0229348,-2.00028,1,0.0195774,0.00933111,0,-0.127378,-0.023067,0,0.0132172,22,23.8,-1.99343,-1.86057,1,-0.0389904,-0.0178695,0,0.014782,0.999987,0,0.015434,23,23.8,0.999995,-3,1,2.98023e-06,0,0,0,0,0,0.00760671,24,23.8,2,-2.33609e-13,1,5.96046e-06,1.5216e-12,0,5.96046e-05,-6.80242e-12,0,0.0110774,25,23.8,2.62511e-05,-1.00001,1,0.000247195,-5.96046e-06,0,-0.000938207,0.000119209,0,0.00924658,26,23.8,1,0.000612045,1,0.000223517,-0.00369145,0,-0.000596046,0.00620587,0,0.00863196,27,23.8,-2.74523,3,1,-0.462806,0,0,0.235319,0,0,0.00542348,28,23.8,2.05146,-2.06862,1,0.322312,0.262636,0,0.964642,-0.464201,0,0.00802284,29,23.8,2.23127,0.99978,1,0.5,-0.000174344,0,0,0.00154972,0,0.00653113,30,23.8,1.99999,3,1,2.98023e-06,0,0,0,0,0,0.00536565,31,23.8,-1.98292,2.78102,1,-0.0293106,0.436944,0,-0.00631809,-0.319242,0,0.0056583,32,23.8,0.00131529,3,1,-0.00442551,2.98023e-05,0,0.00288614,-0.000238419,0,0.00862985,33,23.8,-2.25208,0.998593,1,-0.298804,0.00117421,0,-0.142097,0.0226498,0,0.0125944,34,23.8,-1.73252,1.99689,1,-0.474378,-0.00108182,0,0.189841,-0.00351667,0,0.0101948,35,23.8,-1.99792,0.242016,1,-0.00160038,0.337036,0,-0.00679493,0.0885051,0,0.0154941
0,23.9,-2.00176,-1.00153,1,0.5,-0.00350457,0,0,0.098981,0,0.0100242,1,23.9,0.999996,-1.99999,1,5.58794e-07,1.28523e-05,0,3.72529e-05,-9.68575e-05,0,0.00812892,2,23.9,3,-0.99873,1,-1.41561e-05,-0.00413507,0,-2.98023e-05,0.00242889,0,0.00630344,3,23.9,-0.999864,-2.03657,1,0.000485964,-0.47463,0,0.00221282,0.0166297,0,0.0110426,4,23.9,-2.83788,-2.00006,1,0.0213493,-0.000689179,0,0.971362,-0.00655651,0,0.010291,5,23.9,3,-2.99678,1,0,-0.0349645,0,0,0.243768,0,0.00565441,6,23.9,-3,0.756332,1,0,-0.41856,0,0,0.2442,0,0.0090876,7,23.9,-1.00131,2.99764,1,-0.00110082,-0.00931509,0,0.0126213,0.00996888,0,0.00812043,8,23.9,0.000113676,-1.07157e-07,1,0.000110734,-3.82363e-07,0,-0.00123175,1.98087e-06,0,0.0113609,9,23.9,-1.08873,-2.99826,1,-0.368944,-0.00277534,0,-0.683755,-0.00157952,0,0.00649276,10,23.9,-2.70385,-0.000407788,1,0.329556,-0.000529666,0,-0.159174,0.00173054,0,0.0117214,11,23.9,0.985682,1.99994,1,-0.0149786,-4.20958e-05,0,0.19446,0.00077486,0,0.0104497,12,23.9,2,-1.00002,1,2.55182e-05,-0.000227988,0,-3.72529e-05,0.000849366,0,0.00763577,13,23.9,2.99999,0.00127516,1,3.72529e-06,-0.00414823,0,5.96046e-05,0.0023893,0,0.00872965,14,23.9,-2.0761,-3,1,-0.263782,0,0,-0.596717,0,0,0.00647227,15,23.9,1.00002,-1,1,0.000238884,-4.84288e-06,0,-0.000882894,-2.98023e-05,0,0.00806481,16,23.9,-3,-2.91593,1,0,0.259446,0,0,0.563234,0,0.00626303,17,23.9,-0.986051,-0.0013076,1,-0.0140276,-0.000698091,0,-0.0897571,0.011748,0,0.0155593,18,23.9,-3,1.98265,1,4.58211e-05,0.00153501,0,0.000581145,0.161462,0,0.00628228,19,23.9,1.00277,0.983599,1,0.000170246,-0.00248132,0,-0.0252575,0.168767,0,0.0118134,20,23.9,4.1395e-05,2.00032,1,-0.000253726,-0.00315234,0,0.000419981,0.00694394,0,0.00969217,21,23.9,-0.0214775,-1.99946,1,0.0108081,0.00700429,0,-0.0528864,-0.0231564,0,0.0132172,22,23.9,-1.99735,-1.85736,1,-0.040121,0.082003,0,-0.0328124,0.994921,0,0.015434,23,23.9,0.999995,-3,1,3.07336e-06,0,0,3.72529e-06,0,0,0.00760671,24,23.9,2,-1.12894e-13,1,1.08033e-05,9.18899e-13,0,2.98023e-05,-5.23303e-12,0,0.0110774,25,23.9,4.64402e-05,-1.00001,1,0.000158334,4.09782e-06,0,-0.000833593,7.45058e-05,0,0.00924658,26,23.9,1.00002,0.000275323,1,0.000164099,-0.00303188,0,-0.000588596,0.00687404,0,0.00863196,27,23.9,-2.79015,3,1,-0.433942,0,0,0.338078,0,0,0.00542348,28,23.9,2.0882,-2.04465,1,0.408697,0.217195,0,0.73874,-0.44322,0,0.00802284,29,23.9,2.28127,0.99977,1,0.5,-3.52971e-05,0,0,0.00123307,0,0.00653113,30,23.9,1.99999,3,1,3.1665e-06,0,0,7.45058e-06,0,0,0.00536565,31,23.9,-1.98585,2.82297,1,-0.0291947,0.400601,0,0.00807643,-0.403136,0,0.0056583,32,23.9,0.000891068,3,1,-0.00402381,1.08033e-05,0,0.00499544,-0.000163913,0,0.00862985,33,23.9,-2.2825,0.998809,1,-0.307818,0.00303667,0,-0.0382811,0.0150055,0,0.0125944,34,23.9,-1.77883,1.99678,1,-0.450021,-0.00103507,0,0.294045,0.00389665,0,0.0101948,35,23.9,-1.99811,0.275984,1,-0.00215583,0.340543,0,-0.00424683,-0.0176756,0,0.0154941
0,24,-1.95176,-1.00136,1,0.500003,0.00706315,0,-5.96046e-05,0.102341,0,0.012723,1,24,0.999997,-1.99999,1,4.47035e-06,2.98023e-06,0,0,-5.96046e-05,0,0.00825781,2,24,3,-0.999128,1,-1.78814e-05,-0.00378191,0,0,0.00447035,0,0.00661529,3,24,-0.999804,-2.08392,1,0.000734627,-0.471961,0,0.00289083,0.0424385,0,0.0115556,4,24,-2.83102,-2.00017,1,0.114137,-0.0015676,0,0.869155,-0.010848,0,0.0121014,5,24,3,-2.99918,1,0,-0.0144124,0,0,0.168324,0,0.00527411,6,24,-3,0.715758,1,0,-0.392258,0,0,0.283301,0,0.00822465,7,24,-1.00137,2.99678,1,2.98023e-05,-0.00770688,0,0.00995398,0.0208616,0,0.00748909,8,24,0.000119054,-1.35983e-07,1,1.48029e-06,-1.9931e-07,0,-0.000953016,1.67204e-06,0,0.0114378,9,24,-1.12877,-2.99854,1,-0.428942,-0.00283718,0,-0.511646,0.000357628,0,0.00819029,10,24,-2.67177,-0.000452233,1,0.311267,-0.000363492,0,-0.206947,0.00147868,0,0.010399,11,24,0.985066,1.99994,1,0.00176132,2.38419e-05,0,0.141174,0.000536442,0,0.0105295,12,24,2,-1.00004,1,2.38419e-05,-0.000146031,0,-0.000119209,0.00077486,0,0.00934623,13,24,2.99999,0.000876105,1,1.19209e-05,-0.0037983,0,0,0.00446854,0,0.00707699,14,24,-2.10518,-3,1,-0.314963,0,0,-0.422955,0,0,0.00664282,15,24,1.00004,-1,1,0.000154972,-5.96046e-06,0,-0.00077486,0,0,0.00904934,16,24,-3,-2.88744,1,0,0.307721,0,0,0.398278,0,0.00903821,17,24,-0.987834,-0.00132324,1,-0.020963,0.000339391,0,-0.0501573,0.00899605,0,0.0140621,18,24,-2.99999,1.98352,1,8.34465e-05,0.0149578,0,0.000357628,0.108123,0,0.00668346,19,24,1.00267,0.984103,1,-0.00196397,0.0116751,0,-0.0175238,0.115454,0,0.0134212,20,24,1.82296e-05,2.00004,1,-0.000208716,-0.00244677,0,0.000472062,0.00703335,0,0.00993466,21,24,-0.0205713,-1.99887,1,0.00811457,0.00475347,0,-0.00496302,-0.0216961,0,0.01417,22,24,-2.00157,-1.84423,1,-0.0447094,0.180092,0,-0.0549555,0.959396,0,0.0152659,23,24,0.999996,-3,1,2.98023e-06,0,0,2.98023e-05,0,0,0.00798255,24,24,2,-4.44767e-14,1,1.19209e-05,4.76296e-13,0,0,-3.62462e-12,0,0.0105642,25,24,5.83154e-05,-1.00001,1,8.13579e-05,8.9407e-06,0,-0.000702532,0.000119209,0,0.0102526,26,24,1.00003,6.84034e-06,1,0.000107288,-0.00233672,0,-0.000536442,0.00693988,0,0.00812301,27,24,-2.83171,3,1,-0.39596,0,0,0.417352,0,0,0.00544318,28,24,2.13226,-2.0251,1,0.467139,0.174248,0,0.42522,-0.414729,0,0.00767735,29,24,2.33127,0.999772,1,0.5,7.30157e-05,0,0,0.000983477,0,0.00746056,30,24,1.99999,3,1,5.96046e-06,0,0,-5.96046e-05,0,0,0.00534882,31,24,-1.98871,2.86091,1,-0.0278026,0.357187,0,0.0193119,-0.460744,0,0.00527243,32,24,0.000516095,3,1,-0.00345465,0,0,0.00625795,-0.000119209,0,0.00811856,33,24,-2.3133,0.999178,1,-0.306559,0.00424981,0,0.0625849,0.00959635,0,0.0125473,34,24,-1.82221,1.9967,1,-0.416231,-0.000405312,0,0.37837,0.00828505,0,0.0109534,35,24,-1.99834,0.309779,1,-0.00244379,0.333699,0,-0.00137091,-0.117913,0,0.0141399
0,24.1,-1.90176,-1.00018,1,0.5,0.0158734,0,-7.45058e-06,0.0634827,0,0.012723,1,24.1,0.999997,-1.99999,1,4.47035e-06,-2.79397e-06,0,0,-5.21541e-05,0,0.00825781,2,24.1,2.99999,-0.999481,1,-1.60187e-05,-0.00326773,0,4.47035e-05,0.00568852,0,0.00661529,3,24.1,-0.999718,-2.13098,1,0.000949856,-0.469708,0,0.00170991,0.0110716,0,0.0115556,4,24.1,-2.81541,-2.00043,1,0.196352,-0.00411458,0,0.768885,-0.037387,0,0.0121014,5,24.1,3,-2.9999,1,0,-0.000971928,0,0,0.102922,0,0.00527411,6,24.1,-3,0.677956,1,0,-0.363668,0,0,0.29045,0,0.00822465,7,24.1,-1.00132,2.99613,1,0.000886247,-0.00534728,0,0.00721216,0.0255406,0,0.00748909,8,24.1,-0.000407873,-1.48137e-07,1,-0.0150589,-4.96292e-08,0,-0.272693,1.32129e-06,0,0.0114378,9,24.1,-1.17388,-2.99882,1,-0.469791,-0.00272244,0,-0.309318,0.00184774,0,0.00819029,10,24.1,-2.64165,-0.000480347,1,0.291338,-0.000193791,0,-0.19674,0.00178187,0,0.010399,11,24.1,0.985865,1.99994,1,0.0134286,6.78003e-05,0,0.0934154,0.000342727,0,0.0105295,12,24.1,1.99998,-1.00094,1,-0.000675768,-0.0258202,0,-0.0132471,-0.477262,0,0.00934623,13,24.1,3,0.000520985,1,1.19209e-05,-0.00328354,0,0,0.00570431,0,0.00707699,14,24.1,-2.13854,-3,1,-0.349678,0,0,-0.269681,0,0,0.00664282,15,24.1,1.00057,-1,1,0.0150619,-5.21541e-06,0,0.271358,1.49012e-05,0,0.00904934,16,24.1,-3,-2.85486,1,0,0.341731,0,0,0.277951,0,0.00903821,17,24.1,-0.990123,-0.00204017,1,-0.02428,-0.0216872,0,-0.0175349,-0.412231,0,0.0140621,18,24.1,-2.99998,1.98548,1,0.000103563,0.0234043,0,5.96046e-05,0.0622943,0,0.00668346,19,24.1,1.0024,0.985767,1,-0.0033645,0.0208393,0,-0.0106767,0.0692606,0,0.0134212,20,24.1,-2.59332e-07,1.99983,1,-0.000160992,-0.0017602,0,0.000476471,0.00663102,0,0.00993466,21,24.1,-0.0197362,-1.99798,1,0.00900326,0.0176799,0,0.0201166,0.252798,0,0.01417,22,24.1,-2.0064,-1.82138,1,-0.0525717,0.276739,0,-0.0964552,0.95015,0,0.0152659,23,24.1,0.999996,-3,1,5.40167e-06,0,0,1.49012e-05,0,0,0.00798255,24,24.1,2,-1.23937e-14,1,1.09896e-05,1.90446e-13,0,-2.23517e-05,-2.1221e-12,0,0.0105642,25,24.1,0.000585924,-1.00001,1,0.0149965,1.75089e-05,0,0.271441,5.96046e-05,0,0.0102526,26,24.1,1.00004,-0.000192735,1,5.71832e-05,-0.00166228,0,-0.000469387,0.00649126,0,0.00812301,27,24.1,-2.86912,3,1,-0.351177,0,0,0.474289,0,0,0.00544318,28,24.1,2.18058,-2.00968,1,0.494503,0.134935,0,0.140145,-0.371359,0,0.00767735,29,24.1,2.38127,0.999784,1,0.5,0.000156369,0,0,0.000689179,0,0.00746056,30,24.1,1.99999,3,1,1.86265e-06,0,0,-1.49012e-05,0,0,0.00534882,31,24.1,-1.99138,2.89425,1,-0.0254575,0.309205,0,0.027135,-0.494778,0,0.00527243,32,24.1,0.000203002,3,1,-0.00279899,-9.68575e-06,0,0.00675264,-5.96046e-05,0,0.00811856,33,24.1,-2.34355,0.999639,1,-0.297642,0.00485061,0,0.116169,0.00289455,0,0.0125473,34,24.1,-1.86184,1.9967,1,-0.375287,0.00052806,0,0.437476,0.010021,0,0.0109534,35,24.1,-1.99859,0.342473,1,-0.00250991,0.3193,0,8.19564e-05,-0.170015,0,0.0141399
0,24.2,-1.85176,-0.998409,1,0.500003,0.0179663,0,-5.96046e-05,-0.0291467,0,0.012438,1,24.2,0.999997,-1.99999,1,4.47035e-06,-5.96046e-06,0,0,-5.96046e-05,0,0.00934979,2,24.2,2.99999,-0.999779,1,-1.78814e-05,-0.00266582,0,0.000238419,0.00622869,0,0.0054533,3,24.2,-0.999615,-2.17789,1,0.00112802,-0.468236,0,0.00208616,0.025034,0,0.0116639,4,24.2,-2.79214,-2.00105,1,0.266826,-0.00855327,0,0.635862,-0.048995,0,0.0119018,5,24.2,3,-2.99957,1,0,0.00668764,0,0,0.0528097,0,0.00428646,6,24.2,-3,0.643066,1,0,-0.333856,0,0,0.306934,0,0.00958728,7,24.2,-1.0012,2.99572,1,0.0014782,-0.00272989,0,0.00464916,0.0261068,0,0.0102491,8,24.2,-0.00353903,-1.47074e-07,1,-0.0496289,6.51347e-08,0,-0.397187,9.76137e-07,0,0.0154263,9,24.2,-1.2221,-2.99908,1,-0.491861,-0.00248551,0,-0.13864,0.00298023,0,0.00731612,10,24.2,-2.61351,-0.000491224,1,0.271088,-3.0364e-05,0,-0.211596,0.00138767,0,0.0103624,11,24.2,0.987605,1.99995,1,0.0206918,9.23872e-05,0,0.0531375,0.000238419,0,0.0110213,12,24.2,1.99983,-1.00645,1,-0.0025034,-0.0887692,0,-0.0227094,-0.750422,0,0.0110738,13,24.2,3,0.000222349,1,5.96046e-06,-0.0026798,0,0.000119209,0.00626913,0,0.00637925,14,24.2,-2.1746,-3,1,-0.368714,0,0,-0.110865,0,0,0.00869125,15,24.2,1.0037,-1,1,0.0495136,-2.98023e-06,0,0.396311,0,0,0.0107519,16,24.2,-3,-2.81953,1,0,0.362706,0,0,0.139475,0,0.00618073,17,24.2,-0.992594,-0.00670972,1,-0.0247255,-0.0753194,0,0.00739098,-0.629836,0,0.0196514,18,24.2,-2.99997,1.98807,1,0.000101328,0.0277013,0,-0.000238419,0.0252128,0,0.0077589,19,24.2,1.00202,0.988131,1,-0.00413954,0.0258088,0,-0.00494719,0.0314713,0,0.0130656,20,24.2,-1.40098e-05,1.99968,1,-0.000114472,-0.00113249,0,0.000449369,0.00596046,0,0.0116695,21,24.2,-0.0187116,-1.99468,1,0.0116732,0.0504285,0,0.0312543,0.380635,0,0.0145112,22,24.2,-2.01217,-1.78915,1,-0.0629365,0.365445,0,-0.106096,0.80055,0,0.0115458,23,24.2,0.999997,-3,1,7.45058e-06,0,0,0,0,0,0.0081279,24,24.2,2,-1.7407e-15,1,1.19209e-05,4.35174e-14,0,-0.000119209,-8.70348e-13,0,0.0125692,25,24.2,0.00370522,-1,1,0.0494608,2.38419e-05,0,0.396322,-5.96046e-05,0,0.0129203,26,24.2,1.00004,-0.000327643,1,1.49012e-05,-0.00104832,0,-0.000357628,0.00574724,0,0.00948864,27,24.2,-2.9018,3,1,-0.301892,0,0,0.507236,0,0,0.00409591,28,24.2,2.23042,-1.99797,1,0.5,0.0999957,0,0,-0.327289,0,0.00686443,29,24.2,2.43127,0.999803,1,0.5,0.000211596,0,0,0.000447035,0,0.00671498,30,24.2,1.99999,3,1,0,0,0,0,0,0,0.00750752,31,24.2,-1.99378,2.92267,1,-0.022462,0.25903,0,0.0324249,-0.504851,0,0.00525901,32,24.2,-4.30226e-05,3,1,-0.00212248,-1.19209e-05,0,0.00669664,0,0,0.00863371,33,24.2,-2.37265,1.00013,1,-0.283295,0.0049144,0,0.17035,-0.0012517,0,0.0119799,34,24.2,-1.89711,1.99681,1,-0.329363,0.00153184,0,0.47785,0.00989437,0,0.0117754,35,24.2,-1.99884,0.373468,1,-0.00242293,0.299756,0,0.00166893,-0.220343,0,0.014114
0,24.3,-1.80176,-0.997044,1,0.5,0.00644233,0,-7.45058e-06,-0.202447,0,0.012438,1,24.3,0.999998,-1.99999,1,4.47035e-06,-1.08033e-05,0,0,-2.98023e-05,0,0.00934979,2,24.3,2.99999,-1.00001,1,1.11759e-06,-0.00204043,0,0.000163913,0.00621006,0,0.0054533,3,24.3,-0.999496,-2.22469,1,0.00122497,-0.468753,0,0.00019744,-0.0253171,0,0.0116639,4,24.3,-2.76213,-2.00228,1,0.334251,-0.0171639,0,0.684738,-0.113726,0,0.0119018,5,24.3,3,-2.9987,1,0,0.0101082,0,0,0.017643,0,0.00428646,6,24.3,-3,0.611131,1,0,-0.305497,0,0,0.266641,0,0.00958728,7,24.3,-1.00103,2.99558,1,0.00182744,-0.000233576,0,0.00239164,0.0234991,0,0.0102491,8,24.3,-0.0107851,6.01591e-08,1,-0.0977053,9.96026e-06,0,-0.542458,0.000349619,0,0.0154263,9,24.3,-1.27175,-2.99931,1,-0.499135,-0.00215583,0,-0.0242069,0.00356138,0,0.00731612,10,24.3,-2.5874,-0.000487057,1,0.251512,0.000113695,0,-0.185341,0.00139096,0,0.0103624,11,24.3,0.989882,1.99996,1,0.0243065,0.000108406,0,0.0205077,8.9407e-05,0,0.0110213,12,24.3,1.99949,-1.01956,1,-0.00415258,-0.17707,0,-0.0107586,-0.968806,0,0.0110738,13,24.3,3,-1.41459e-05,1,1.15484e-05,-0.00205058,0,1.49012e-05,0.00624211,0,0.00637925,14,24.3,-2.21184,-3,1,-0.374478,0,0,-0.00374019,0,0,0.00869125,15,24.3,1.01102,-1,1,0.100053,2.62633e-05,0,0.588499,0.000782311,0,0.0107519,16,24.3,-3,-2.78257,1,0,0.376013,0,0,0.118196,0,0.00618073,17,24.3,-0.995002,-0.0178408,1,-0.0231803,-0.151001,0,0.0226609,-0.852406,0,0.0196514,18,24.3,-2.99996,1.99091,1,7.41333e-05,0.0287231,0,-0.000312924,-0.00335276,0,0.0077589,19,24.3,1.00159,0.990816,1,-0.00440013,0.0274193,0,-0.000469387,0.00213832,0,0.0130656,20,24.3,-2.3292e-05,1.9996,1,-7.20536e-05,-0.000584498,0,0.000396564,0.00497699,0,0.0116695,21,24.3,-0.0173915,-1.98748,1,0.0146787,0.0955353,0,0.028181,0.502013,0,0.0145112,22,24.3,-2.01888,-1.74887,1,-0.0704482,0.436697,0,-0.0579059,0.596054,0,0.0115458,23,24.3,0.999997,-3,1,7.35745e-06,0,0,-3.72529e-06,0,0,0.0081279,24,24.3,2,-5.43967e-17,1,1.86265e-06,2.71984e-15,0,-7.45058e-05,-1.08793e-13,0,0.0125692,25,24.3,0.011076,-1,1,0.101652,1.80677e-05,0,0.618719,-5.21541e-05,0,0.0129203,26,24.3,1.00004,-0.000405314,1,-1.63913e-05,-0.00052123,0,-0.000268221,0.00478027,0,0.00948864,27,24.3,-2.92942,3,1,-0.250294,0,0,0.519603,0,0,0.00409591,28,24.3,2.28042,-1.98952,1,0.5,0.069589,0,0,-0.281058,0,0.00686443,29,24.3,2.48127,0.999826,1,0.5,0.000245403,0,0,0.000234693,0,0.00671498,30,24.3,1.99999,3,1,7.45058e-07,0,0,1.49012e-05,0,0,0.00750752,31,24.3,-1.99586,2.94606,1,-0.0190645,0.208817,0,0.035122,-0.495017,0,0.00525901,32,24.3,-0.000222529,3,1,-0.00147637,-1.15484e-05,0,0.00617469,1.49012e-05,0,0.00863371,33,24.3,-2.40015,1.00061,1,-0.267039,0.00454746,0,0.160024,-0.00561774,0,0.0119799,34,24.3,-1.92761,1.99701,1,-0.280397,0.00244193,0,0.497386,0.00819564,0,0.0117754,35,24.3,-1.99907,0.402378,1,-0.00223164,0.278679,0,0.00221282,-0.206031,0,0.014114
0,24.4,-1.75176,-0.997703,1,0.500003,-0.0225067,0,-5.96046e-05,-0.375211,0,0.0139218,1,24.4,0.999998,-1.99999,1,2.98023e-06,-1.49012e-05,0,2.98023e-05,0,0,0.00938794,2,24.4,2.99999,-1.00019,1,5.96046e-06,-0.00143647,0,0.000238419,0.00578165,0,0.00726174,3,24.4,-0.999373,-2.27171,1,0.00123084,-0.471497,0,0.000178814,-0.0215769,0,0.0125205,4,24.4,-2.72538,-2.00461,1,0.399148,-0.0296056,0,0.594854,-0.127673,0,0.0114953,5,24.4,3,-2.99765,1,0,0.0105858,0,0,-0.00631809,0,0.00672031,6,24.4,-3,0.58189,1,0,-0.279459,0,0,0.258505,0,0.00952696,7,24.4,-1.00084,2.99566,1,0.00197291,0.00191927,0,0.000476837,0.0191927,0,0.0101341,8,24.4,-0.0233575,4.42201e-06,1,-0.154195,9.6326e-05,0,-0.569972,0.00148837,0,0.0201758,9,24.4,-1.32169,-2.99951,1,-0.499129,-0.00178814,0,0.0174046,0.0038147,0,0.00704406,10,24.4,-2.56317,-0.000469424,1,0.23312,0.000230153,0,-0.186086,0.000863991,0,0.0118596,11,24.4,0.99237,1.99997,1,0.0250503,0.000110269,0,-0.00444055,0,0,0.0111042,12,24.4,1.99903,-1.0422,1,-0.00474751,-0.276291,0,-0.00166893,-0.999987,0,0.014072,13,24.4,3,-0.000188542,1,1.19209e-05,-0.00144425,0,-0.000119209,0.00582898,0,0.00521194,14,24.4,-2.24913,-3,1,-0.369436,0,0,0.104189,0,0,0.00923543,15,24.4,1.02411,-0.999993,1,0.162542,0.000189245,0,0.640631,0.00265241,0,0.0129683,16,24.4,-3,-2.74447,1,0,0.384897,0,0,0.053525,0,0.00826475,17,24.4,-0.997187,-0.037355,1,-0.0203505,-0.240163,0,0.0331104,-0.905836,0,0.0182191,18,24.4,-2.99996,1.99373,1,4.17233e-05,0.0272989,0,-0.000238419,-0.0238419,0,0.00827419,19,24.4,1.00115,0.99353,1,-0.00427365,0.0265002,0,0.00286102,-0.0192225,0,0.0137755,20,24.4,-2.86184e-05,1.99956,1,-3.55527e-05,-0.000140071,0,0.000331964,0.00399351,0,0.0129519,21,24.4,-0.0157924,-1.97535,1,0.0171933,0.147337,0,0.0216262,0.51862,0,0.0151197,22,24.4,-2.02623,-1.7027,1,-0.0769377,0.481516,0,-0.0818968,0.297308,0,0.0115991,23,24.4,0.999998,-3,1,7.45058e-06,0,0,-2.98023e-05,0,0,0.00950856,24,24.4,2,0,1,0,0,0,-0.000119209,0,0,0.0111742,25,24.4,0.0245045,-1,1,0.168022,1.19209e-05,0,0.68565,-2.98023e-05,0,0.0146183,26,24.4,1.00004,-0.000435228,1,-4.17233e-05,-9.41167e-05,0,-0.000119209,0.00375771,0,0.00875506,27,24.4,-2.95186,3,1,-0.198913,0,0,0.503659,0,0,0.00549458,28,24.4,2.33042,-1.9839,1,0.5,0.0437409,0,0,-0.236332,0,0.00750352,29,24.4,2.53127,0.999851,1,0.5,0.00025928,0,0,8.9407e-05,0,0.0064855,30,24.4,1.99999,3,1,2.98023e-06,0,0,0,0,0,0.00692342,31,24.4,-1.99759,2.96451,1,-0.0155121,0.160807,0,0.0355244,-0.46134,0,0.00496933,32,24.4,-0.000340502,2.99999,1,-0.000896094,-5.96046e-06,0,0.00539601,0,0,0.0080283,33,24.4,-2.42604,1.00103,1,-0.250423,0.00387728,0,0.175714,-0.00739098,0,0.0125373,34,24.4,-1.95316,1.99729,1,-0.230643,0.00315011,0,0.494123,0.00596046,0,0.0112772,35,24.4,-1.99928,0.429207,1,-0.00197291,0.257758,0,0.00292063,-0.215501,0,0.0161531
0,24.5,-1.70176,-1.00247,1,0.5,-0.0783876,0,-7.45058e-06,-0.711605,0,0.0139218,1,24.5,0.999999,-1.99999,1,5.02914e-06,-1.47149e-05,0,7.45058e-06,7.45058e-06,0,0.00938794,2,24.5,3,-1.0003,1,1.9744e-05,-0.00089258,0,4.47035e-05,0.00506639,0,0.00726174,3,24.5,-0.999252,-2.31912,1,0.00115931,-0.477962,0,-0.00127405,-0.0952482,0,0.0125205,4,24.5,-2.68277,-2.00805,1,0.450199,-0.0376526,0,0.419602,-0.037536,0,0.0114953,5,24.5,3,-2.99665,1,0,0.00918433,0,0,-0.0204444,0,0.00672031,6,24.5,-3,0.55513,1,0,-0.256623,0,0,0.205487,0,0.00952696,7,24.5,-1.00064,2.99594,1,0.00194721,0.00357702,0,-0.000923872,0.0139475,0,0.0101341,8,24.5,-0.0417198,2.10862e-05,1,-0.213628,0.000240017,0,-0.604964,0.0016646,0,0.0201758,9,24.5,-1.37145,-2.99967,1,-0.495196,-0.00140965,0,0.0646338,0.00372529,0,0.00704406,10,24.5,-2.5407,-0.000442053,1,0.21717,0.00031528,0,-0.139803,0.000748332,0,0.0118596,11,24.5,0.994821,1.99998,1,0.0236752,0.000105239,0,-0.0219345,-9.68575e-05,0,0.0111042,12,24.5,1.99856,-1.07471,1,-0.00461955,-0.371656,0,0.00392646,-0.870228,0,0.014072,13,24.5,3,-0.000304959,1,2.23517e-06,-0.000896205,0,-5.96046e-05,0.0051032,0,0.00521194,14,24.5,-2.28556,-3,1,-0.359182,0,0,0.106514,0,0,0.00923543,15,24.5,1.04375,-0.999887,1,0.231834,0.00258647,0,0.726812,0.0422373,0,0.0129683,16,24.5,-3,-2.7056,1,0,0.393672,0,0,0.118196,0,0.00826475,17,24.5,-0.999052,-0.0657702,1,-0.0168948,-0.326438,0,0.0356473,-0.804275,0,0.0182191,18,24.5,-2.99995,1.99632,1,1.78814e-05,0.0242108,0,-0.000238419,-0.0368282,0,0.00827419,19,24.5,1.00074,0.996058,1,-0.00386965,0.0238269,0,0.00505894,-0.0331514,0,0.0137755,20,24.5,-3.06343e-05,1.99957,1,-5.96811e-06,0.000204518,0,0.000259804,0.00292063,0,0.0129519,21,24.5,-0.0139814,-1.95795,1,0.0188579,0.201229,0,0.0115388,0.54355,0,0.0151197,22,24.5,-2.03464,-1.65354,1,-0.0945169,0.49794,0,-0.271961,0.0642985,0,0.0115991,23,24.5,0.999999,-3,1,4.93601e-06,0,0,-1.86265e-05,0,0,0.00950856,24,24.5,2,0,1,-9.12696e-06,0,0,-5.21541e-05,0,0,0.0111742,25,24.5,0.0448554,-0.999999,1,0.23977,8.9407e-06,0,0.732414,-2.98023e-05,0,0.0146183,26,24.5,1.00004,-0.000427603,1,-5.12227e-05,0.000229431,0,-8.19564e-05,0.00272648,0,0.00875506,27,24.5,-2.96929,3,1,-0.150266,0,0,0.465423,0,0,0.00549458,28,24.5,2.38042,-1.98062,1,0.5,0.0225194,0,0,-0.188917,0,0.00750352,29,24.5,2.58126,0.999877,1,0.499725,0.000260118,0,-0.0090301,-6.33299e-05,0,0.0064855,30,24.5,1.99999,3,1,3.1665e-06,0,0,7.45058e-06,0,0,0.00692342,31,24.5,-1.99897,2.97836,1,-0.0120256,0.117094,0,0.0339299,-0.41008,0,0.00496933,32,24.5,-0.000404718,2.99999,1,-0.000404366,-5.58794e-06,0,0.00442854,1.49012e-05,0,0.0080283,33,24.5,-2.45028,1.00138,1,-0.234934,0.00302624,0,0.140682,-0.00924617,0,0.0125373,34,24.5,-1.97379,1.99763,1,-0.1823,0.00361484,0,0.469744,0.00336021,0,0.0112772,35,24.5,-1.99946,0.45399,1,-0.00167992,0.238574,0,0.00298768,-0.174565,0,0.0161531
0,24.6,-1.65176,-1.01421,1,0.500003,-0.15915,0,-5.96046e-05,-0.877619,0,0.0110372,1,24.6,0.999999,-2,1,5.96046e-06,-1.49012e-05,0,2.98023e-05,5.96046e-05,0,0.00921881,2,24.6,3,-1.00037,1,1.78814e-05,-0.000426173,0,0,0.00417233,0,0.00567161,3,24.6,-0.999143,-2.36743,1,0.00103414,-0.488287,0,-0.000953674,-0.101089,0,0.0110451,4,24.6,-2.63597,-2.01188,1,0.482577,-0.0379264,0,0.229359,0.0283718,0,0.01141,5,24.6,3,-2.99585,1,0,0.0067234,0,0,-0.0276566,0,0.00642988,6,24.6,-3,0.530456,1,0,-0.237125,0,0,0.189573,0,0.00965913,7,24.6,-1.00045,2.99636,1,0.00180006,0.00471473,0,-0.00190735,0.00858307,0,0.00660593,8,24.6,-0.0660698,5.56095e-05,1,-0.272714,0.00047777,0,-0.565742,0.00329654,0,0.0181586,9,24.6,-1.42054,-2.99979,1,-0.485629,-0.00104904,0,0.128865,0.00345707,0,0.00714768,10,24.6,-2.51965,-0.000407586,1,0.203973,0.000364365,0,-0.128865,0.000169006,0,0.0120839,11,24.6,0.997058,1.99999,1,0.0208721,9.23872e-05,0,-0.0331998,-0.000178814,0,0.0115471,12,24.6,1.99813,-1.11579,1,-0.00401735,-0.445002,0,0.00786781,-0.58043,0,0.012801,13,24.6,3,-0.000370458,1,-5.96046e-06,-0.000428184,0,0,0.00424027,0,0.00537263,14,24.6,-2.32091,-3,1,-0.347167,0,0,0.137806,0,0,0.00927658,15,24.6,1.07059,-0.999373,1,0.304577,0.00806451,0,0.71317,0.0647306,0,0.0133853,16,24.6,-3,-2.66556,1,0,0.407809,0,0,0.161052,0,0.00659259,17,24.6,-1.00056,-0.102168,1,-0.0132889,-0.3986,0,0.0362396,-0.630181,0,0.0211343,18,24.6,-2.99995,1.99854,1,-5.96046e-06,0.0201285,0,-0.000238419,-0.0437498,0,0.00882151,19,24.6,1.00038,0.99826,1,-0.00329316,0.0200704,0,0.00631809,-0.0410974,0,0.0139136,20,24.6,-3.00506e-05,1.9996,1,1.64701e-05,0.000444055,0,0.000189508,0.00196695,0,0.0106983,21,24.6,-0.0120554,-1.93517,1,0.019486,0.253284,0,0.000999346,0.485599,0,0.0135548,22,24.6,-2.04577,-1.60359,1,-0.131327,0.500003,0,-0.461698,-5.96046e-05,0,0.0103423,23,24.6,0.999999,-3,1,2.98023e-06,0,0,-2.98023e-05,0,0,0.00927132,24,24.6,2,0,1,-1.19209e-05,0,0,-5.96046e-05,0,0,0.012204,25,24.6,0.0724544,-0.999998,1,0.311461,5.96046e-06,0,0.687842,0,0,0.0168404,26,24.6,1.00003,-0.000392637,1,-5.66244e-05,0.000454205,0,-5.96046e-05,0.00178603,0,0.00919618,27,24.6,-2.98208,3,1,-0.106484,0,0,0.407338,0,0,0.00517475,28,24.6,2.43042,-1.97924,1,0.5,0.00579357,0,0,-0.146329,0,0.00711379,29,24.6,2.63114,0.999903,1,0.497162,0.000247359,0,-0.048995,-0.000178814,0,0.00712077,30,24.6,1.99999,3,1,2.98023e-06,0,0,5.96046e-05,0,0,0.00545051,31,24.6,-2,2.98813,1,-0.00876784,0.0792503,0,0.0309944,-0.344992,0,0.00569871,32,24.6,-0.000424676,2.99999,1,-1.14924e-05,-5.96046e-06,0,0.00342789,0.000119209,0,0.0094791,33,24.6,-2.47308,1.00163,1,-0.221175,0.0020951,0,0.139236,-0.0090003,0,0.0138605,34,24.6,-1.98973,1.998,1,-0.137219,0.0038296,0,0.42969,0.00089407,0,0.0127667,35,24.6,-1.99962,0.477,1,-0.00136793,0.221764,0,0.00327826,-0.166088,0,0.0188183
0,24.7,-1.60176,-1.03474,1,0.5,-0.253078,0,-7.45058e-06,-0.971265,0,0.0110372,1,24.7,1,-2,1,7.82311e-06,-9.87202e-06,0,1.49012e-05,3.72529e-05,0,0.00921881,2,24.7,3,-1.00039,1,1.3411e-05,-5.47618e-05,0,-5.96046e-05,0.00324845,0,0.00567161,3,24.7,-0.999047,-2.41669,1,0.00086436,-0.49604,0,-0.00234321,-0.0537187,0,0.0110451,4,24.7,-2.58686,-2.01547,1,0.497105,-0.0331912,0,0.0733286,0.0639409,0,0.01141,5,24.7,3,-2.99532,1,0,0.00384673,0,0,-0.0292361,0,0.00642988,6,24.7,-3,0.507542,1,0,-0.222406,0,0,0.114759,0,0.00965913,7,24.7,-1.00028,2.99687,1,0.00157487,0.00531897,0,-0.00254065,0.00363588,0,0.00660593,8,24.7,-0.0962704,0.000131474,1,-0.331856,0.00114772,0,-0.599694,0.00979094,0,0.0181586,9,24.7,-1.46851,-2.99988,1,-0.474074,-0.000728294,0,0.111535,0.00296533,0,0.00714768,10,24.7,-2.49975,-0.000370191,1,0.195048,0.000382109,0,-0.0594407,8.6502e-05,0,0.0120839,11,24.7,0.998968,2,1,0.0172372,7.43195e-05,0,-0.0387318,-0.000186265,0,0.0115471,12,24.7,1.99777,-1.16261,1,-0.00314228,-0.485895,0,0.00949204,-0.249229,0,0.012801,13,24.7,3,-0.00039366,1,-5.96046e-06,-5.16375e-05,0,0,0.00329337,0,0.00537263,14,24.7,-2.35547,-3,1,-0.348728,0,0,-0.145033,0,0,0.00927658,15,24.7,1.10463,-0.99831,1,0.375782,0.0125889,0,0.681393,0.027433,0,0.0133853,16,24.7,-3,-2.62378,1,0,0.429096,0,0,0.247538,0,0.00659259,17,24.7,-1.00171,-0.144866,1,-0.00979062,-0.452037,0,0.0335947,-0.431708,0,0.0211343,18,24.7,-2.99995,2.00033,1,-2.75671e-05,0.0156313,0,-0.000178814,-0.0455081,0,0.00882151,19,24.7,1.00009,1.00006,1,-0.00263238,0.015799,0,0.0067912,-0.0436567,0,0.0139136,20,24.7,-2.75697e-05,1.99965,1,3.2046e-05,0.000594556,0,0.00012346,0.00107288,0,0.0106983,21,24.7,-0.0101183,-1.90738,1,0.0190922,0.302503,0,-0.00879344,0.483997,0,0.0135548,22,24.7,-2.06206,-1.55359,1,-0.201353,0.49997,0,-0.874221,-0.00118464,0,0.0103423,23,24.7,0.999999,-3,1,5.58794e-07,0,0,-1.49012e-05,0,0,0.00927132,24,24.7,2,0,1,-1.546e-05,0,0,-2.23517e-05,0,0,0.012204,25,24.7,0.106892,-0.999998,1,0.375606,5.4948e-06,0,0.587067,-1.11759e-05,0,0.0168404,26,24.7,1.00003,-0.00033973,1,-5.99772e-05,0.000590138,0,-1.49012e-05,0.000958083,0,0.00919618,27,24.7,-2.99081,3,1,-0.0692241,0,0,0.336289,0,0,0.00517475,28,24.7,2.48042,-1.97933,1,0.5,-0.00690855,0,0,-0.10848,0,0.00711379,29,24.7,2.68051,0.999927,1,0.489155,0.000225566,0,-0.114977,-0.00025332,0,0.00712077,30,24.7,1.99999,3,1,7.82311e-06,0,0,2.98023e-05,0,0,0.00545051,31,24.7,-2.00073,2.99445,1,-0.00586696,0.0483565,0,0.0269264,-0.272304,0,0.00569871,32,24.7,-0.000410375,2.99999,1,0.000280993,3.72529e-06,0,0.00243677,5.96046e-05,0,0.0094791,33,24.7,-2.49463,1.0018,1,-0.210928,0.0011716,0,0.0752211,-0.00914931,0,0.0138605,34,24.7,-2.00139,1.99839,1,-0.0968402,0.0038093,0,0.376619,-0.00122935,0,0.0127667,35,24.7,-1.99974,0.498487,1,-0.00105947,0.209133,0,0.00296533,-0.0959933,0,0.0188183
0,24.8,-1.55176,-1.06484,1,0.500003,-0.34765,0,-5.96046e-05,-0.89252,0,0.0106065,1,24.8,1,-2,1,5.96046e-06,-5.96046e-06,0,5.96046e-05,0,0,0.00947666,2,24.8,3,-1.00038,1,5.96046e-06,0.000226498,0,-0.000119209,0.00232458,0,0.00629877,3,24.8,-0.998974,-2.46649,1,0.000582635,-0.49929,0,-0.00318885,-0.0141859,0,0.0107169,4,24.8,-2.53694,-2.01843,1,0.5,-0.0255823,0,0,0.0863075,0,0.0113232,5,24.8,3,-2.99508,1,0,0.000989437,0,0,-0.0272989,0,0.0076995,6,24.8,-3,0.485818,1,0,-0.212456,0,0,0.0914633,0,0.0101735,7,24.8,-1.00014,2.99741,1,0.00130534,0.00546575,0,-0.00292063,-0.000476837,0,0.0067621,8,24.8,-0.132393,0.000303728,1,-0.389655,0.00237518,0,-0.543706,0.0144621,0,0.0156448,9,24.8,-1.51533,-2.99994,1,-0.461712,-0.000464916,0,0.142634,0.0025034,0,0.00627949,10,24.8,-2.4805,-0.000332358,1,0.190389,0.000364592,0,-0.0407696,-0.000508167,0,0.0104552,11,24.8,1.00049,2.00001,1,0.0132591,5.36442e-05,0,-0.0401139,-0.000238419,0,0.0106312,12,24.8,1.9975,-1.21202,1,-0.00214875,-0.498548,0,0.0103116,-0.0290275,0,0.0116047,13,24.8,3,-0.0003839,1,0,0.000231606,0,-0.000119209,0.00237994,0,0.00508818,14,24.8,-2.39137,-3,1,-0.371838,0,0,-0.297785,0,0,0.00688914,15,24.8,1.14538,-0.996964,1,0.436312,0.0138655,0,0.513315,-0.000357628,0,0.0102889,16,24.8,-3,-2.57961,1,0,0.454408,0,0,0.246763,0,0.00644622,17,24.8,-1.00253,-0.191871,1,-0.00658929,-0.484558,0,0.0302792,-0.221722,0,0.018943,18,24.8,-2.99996,2.00166,1,-4.17233e-05,0.0111401,0,-0.000238419,-0.0437498,0,0.00943996,19,24.8,0.999856,1.00142,1,-0.00195354,0.011459,0,0.00670552,-0.0425577,0,0.0152258,20,24.8,-2.38468e-05,1.99971,1,4.14618e-05,0.000667572,0,6.64031e-05,0.000298023,0,0.0131398,21,24.8,-0.00826864,-1.87481,1,0.01775,0.347498,0,-0.0179063,0.404894,0,0.0146596,22,24.8,-2.08682,-1.50361,1,-0.295007,0.499529,0,-0.952005,-0.00947714,0,0.00984624,23,24.8,0.999999,-3,1,-1.49012e-06,0,0,2.98023e-05,0,0,0.0101634,24,24.8,2,0,1,-1.49012e-05,0,0,0,0,0,0.010338,25,24.8,0.14717,-0.999997,1,0.42766,4.47035e-06,0,0.449866,0,0,0.0123157,26,24.8,1.00002,-0.000277116,1,-5.96046e-05,0.000650855,0,5.96046e-05,0.000281136,0,0.00988711,27,24.8,-2.99617,3,1,-0.0394285,0,0,0.259161,0,0,0.00558969,28,24.8,2.53042,-1.98051,1,0.5,-0.0160575,0,0,-0.0752807,0,0.00613852,29,24.8,2.72872,0.999948,1,0.473577,0.000198185,0,-0.19896,-0.000327826,0,0.00740986,30,24.8,2,3,1,1.19209e-05,0,0,0,0,0,0.00587197,31,24.8,-2.00119,2.99804,1,-0.00339746,0.0248134,0,0.0222921,-0.19908,0,0.00519039,32,24.8,-0.000371624,2.99999,1,0.000479157,1.19209e-05,0,0.00154455,0,0,0.0107316,33,24.8,-2.51539,1.00187,1,-0.204486,0.000315905,0,0.0604391,-0.007689,0,0.0121356,34,24.8,-2.00928,1.99876,1,-0.0620902,0.00360012,0,0.317693,-0.00292063,0,0.0126685,35,24.8,-1.99983,0.518973,1,-0.000759959,0.20093,0,0.00303984,-0.0748932,0,0.0164528
0,24.9,-1.50181,-1.10366,1,0.498624,-0.424416,0,-0.0287965,-0.632592,0,0.0106065,1,24.9,1,-2,1,9.68575e-06,-5.96046e-06,0,2.98023e-05,0,0,0.00947666,2,24.9,3,-1.00035,1,-3.72529e-06,0.00041686,0,-5.96046e-05,0.00150502,0,0.00629877,3,24.9,-0.998932,-2.51646,1,0.000243075,-0.499955,0,-0.00353903,-0.00177324,0,0.0107169,4,24.9,-2.48694,-2.02053,1,0.5,-0.0164062,0,0,0.095576,0,0.0113232,5,24.9,3,-2.99511,1,0,-0.00152811,0,0,-0.0228286,0,0.0076995,6,24.9,-3,0.464859,1,0,-0.208162,0,0,0.00478886,0,0.0101735,7,24.9,-1.00002,2.99795,1,0.00101142,0.00523925,0,-0.00292808,-0.0038743,0,0.0067621,8,24.9,-0.173939,0.000598593,1,-0.439501,0.00338152,0,-0.439067,0.00602155,0,0.0156448,9,24.9,-1.56103,-2.99998,1,-0.454351,-0.000251457,0,0.0182539,0.00177324,0,0.00627949,10,24.9,-2.4615,-0.000298125,1,0.190874,0.000320164,0,0.0402927,-0.000499796,0,0.0104552,11,24.9,1.00162,2.00001,1,0.00933073,3.1665e-05,0,-0.0380576,-0.000193715,0,0.0106312,12,24.9,1.99734,-1.26196,1,-0.00112038,-0.499909,0,0.0101551,-0.00362843,0,0.0116047,13,24.9,3,-0.000350306,1,-9.68575e-06,0.00042609,0,-5.96046e-05,0.00152935,0,0.00508818,14,24.9,-2.43013,-3,1,-0.403913,0,0,-0.332639,0,0,0.00688914,15,24.9,1.1912,-0.995605,1,0.47642,0.013076,0,0.28865,-0.0146553,0,0.0102889,16,24.9,-3,-2.53302,1,0,0.476452,0,0,0.188366,0,0.00644622,17,24.9,-1.00304,-0.241131,1,-0.00379644,-0.497946,0,0.0256002,-0.0603859,0,0.018943,18,24.9,-2.99996,2.00257,1,-5.88596e-05,0.0069838,0,-0.000119209,-0.0390857,0,0.00943996,19,24.9,0.999693,1.00236,1,-0.00130925,0.00739172,0,0.00612438,-0.0384897,0,0.0152258,20,24.9,-1.94521e-05,1.99978,1,4.56453e-05,0.000669062,0,1.91407e-05,-0.000238419,0,0.0131398,21,24.9,-0.00661799,-1.83801,1,0.0149528,0.388737,0,-0.0365456,0.40888,0,0.0146596,22,24.9,-2.12081,-1.4538,1,-0.381722,0.495714,0,-0.764638,-0.066407,0,0.00984624,23,24.9,0.999999,-3,1,9.31323e-07,0,0,1.49012e-05,0,0,0.0101634,24,24.9,1.99999,0,1,-1.37836e-05,0,0,2.98023e-05,0,0,0.010338,25,24.9,0.191995,-0.999997,1,0.466625,4.00469e-06,0,0.318405,-1.11759e-05,0,0.0123157,26,24.9,1.00001,-0.000211563,1,-5.27129e-05,0.000651492,0,8.19564e-05,-0.000242095,0,0.00988711,27,24.9,-2.99895,3,1,-0.0173867,0,0,0.182599,0,0,0.00558969,28,24.9,2.58041,-1.98243,1,0.499756,-0.0220325,0,-0.00822544,-0.0451654,0,0.00613852,29,24.9,2.77489,0.999966,1,0.447964,0.000164937,0,-0.309646,-0.000339001,0,0.00740986,30,24.9,2,3,1,1.17347e-05,0,0,-7.45058e-06,0,0,0.00587197,31,24.9,-2.00143,2.99965,1,-0.0014063,0.00836104,0,0.0175685,-0.131637,0,0.00519039,32,24.9,-0.00031734,3,1,0.000593615,1.19209e-05,0,0.000769946,0,0,0.0107316,33,24.9,-2.5357,1.00186,1,-0.202934,-0.000400282,0,-0.0194311,-0.00647455,0,0.0121356,34,24.9,-2.01401,1.9991,1,-0.0334475,0.00324603,0,0.255361,-0.00407547,0,0.0126685,35,24.9,-1.99989,0.53886,1,-0.000488944,0.198237,0,0.00249594,0.0108629,0,0.0164528
0,25,-1.45215,-1.14879,1,0.494015,-0.473353,0,-0.064373,-0.348151,0,0.00987406,1,25,1,-2,1,8.9407e-06,-2.98023e-06,0,5.96046e-05,-5.96046e-05,0,0.0102284,2,25,3,-1.0003,1,-5.96046e-06,0.000533462,0,-0.000119209,0.000715256,0,0.00617354,3,25,-0.998925,-2.56646,1,-0.000113249,-0.5,0,-0.00348687,0,0,0.00974763,4,25,-2.43694,-2.02169,1,0.5,-0.00677109,0,0,0.0958443,0,0.0106038,5,25,3,-2.99536,1,0,-0.00354648,0,0,-0.0172853,0,0.00571563,6,25,-3,0.443994,1,0,-0.209644,0,0,-0.0262409,0,0.00758037,7,25,-0.999937,2.99845,1,0.000727177,0.00472665,0,-0.00277162,-0.00619888,0,0.00707041,8,25,-0.219827,0.00095537,1,-0.475559,0.00364731,0,-0.277132,-0.000384371,0,0.0173413,9,25,-1.60648,-2.99999,1,-0.455576,-0.000107288,0,-0.0314713,0.00119209,0,0.00789912,10,25,-2.44215,-0.000269408,1,0.196618,0.000243892,0,0.0667572,-0.00111369,0,0.0111782,11,25,1.00237,2.00001,1,0.00571609,1.78814e-05,0,-0.0340343,-0.000238419,0,0.010709,12,25,1.99728,-1.31196,1,-0.00013113,-0.500003,0,0.00947714,5.96046e-05,0,0.0103151,13,25,3,-0.000301318,1,-1.19209e-05,0.000541497,0,0,0.000799352,0,0.006171,14,25,-2.47216,-3,1,-0.436449,0,0,-0.309706,0,0,0.00660679,15,25,1.23994,-0.994389,1,0.495145,0.011082,0,0.097096,-0.0245571,0,0.0100537,16,25,-3,-2.48456,1,0,0.491393,0,0,0.109315,0,0.00615174,17,25,-1.0033,-0.291079,1,-0.00146329,-0.5,0,0.0211,0,0,0.0154181,18,25,-2.99997,2.00308,1,-7.15256e-05,0.00336766,0,0.000119209,-0.033021,0,0.0084545,19,25,0.999592,1.00291,1,-0.000736117,0.00381172,0,0.00527501,-0.0329018,0,0.0126621,20,25,-1.48569e-05,1.99985,1,4.56513e-05,0.000622869,0,-1.728e-05,-0.000596046,0,0.0142159,21,25,-0.00532588,-1.79716,1,0.0107176,0.427312,0,-0.046883,0.353932,0,0.0168478,22,25,-2.16239,-1.40465,1,-0.445575,0.486344,0,-0.506163,-0.120521,0,0.0102573,23,25,0.999999,-3,1,2.98023e-06,0,0,0,0,0,0.00952195,24,25,1.99999,0,1,-1.19209e-05,0,0,0.000119209,0,0,0.0116584,25,25,0.239977,-0.999997,1,0.490293,4.47035e-06,0,0.155516,-5.96046e-05,0,0.0148701,26,25,1.00001,-0.000148306,1,-4.47035e-05,0.000607415,0,5.96046e-05,-0.000615967,0,0.0104679,27,25,-2.99989,3,1,-0.00263453,0,0,0.114441,0,0,0.00519333,28,25,2.6303,-1.98482,1,0.497317,-0.0252724,0,-0.0474453,-0.0206232,0,0.00604546,29,25,2.81798,0.999981,1,0.412387,0.00013262,0,-0.398159,-0.000357628,0,0.00666989,30,25,2,3,1,1.19209e-05,0,0,-5.96046e-05,0,0,0.00698246,31,25,-2.00149,2.99992,1,0.000119209,-0.00191927,0,0.013113,-0.0765324,0,0.00524231,32,25,-0.000255232,3,1,0.000638124,5.96046e-06,0,0.000144668,0.000119209,0,0.0117601,33,25,-2.55615,1.00179,1,-0.206584,-0.000950694,0,-0.0457764,-0.00435114,0,0.0110245,34,25,-2.01618,1.99941,1,-0.0109375,0.00279844,0,0.195146,-0.00476837,0,0.0103077,35,25,-1.99993,0.55881,1,-0.000238419,0.201283,0,0.0026226,0.0420809,0,0.0160139
0,25.1,-1.40316,-1.19744,1,0.4849,-0.495654,0,-0.117548,-0.112817,0,0.00987406,1,25.1,1,-2,1,1.24797e-05,-7.26432e-06,0,2.23517e-05,-2.23517e-05,0,0.0102284,2,25.1,3,-1.00025,1,-1.41561e-05,0.000576489,0,-2.98023e-05,0.000171363,0,0.00617354,3,25.1,-0.998953,-2.61639,1,-0.000437628,-0.497803,0,-0.00298396,0.0475645,0,0.00974763,4,25.1,-2.387,-2.02191,1,0.498184,0.00223033,0,-0.0400692,0.0837594,0,0.0106038,5,25.1,3,-2.9958,1,0,-0.00497028,0,0,-0.0112653,0,0.00571563,6,25.1,-3,0.422498,1,0,-0.223707,0,0,-0.231784,0,0.00758037,7,25.1,-0.999878,2.99889,1,0.000466127,0.00402778,0,-0.00244007,-0.00759959,0,0.00707041,8,25.1,-0.268492,0.00131038,1,-0.494989,0.00338148,0,-0.114027,-0.00467369,0,0.0173413,9,25.1,-1.6522,-3,1,-0.458642,-8.19564e-06,0,-0.0210106,0.00077486,0,0.00789912,10,25.1,-2.42176,-0.000249751,1,0.214415,0.000152784,0,0.266433,-0.000896451,0,0.0111782,11,25.1,1.00278,2.00001,1,0.00259038,-2.23517e-06,0,-0.0283644,-0.000149012,0,0.010709,12,25.1,1.99731,-1.36196,1,0.000740401,-0.5,0,0.00794977,7.45058e-06,0,0.0103151,13,25.1,3,-0.000244233,1,-1.04308e-05,0.000590206,0,2.98023e-05,0.000199267,0,0.006171,14,25.1,-2.51727,-3,1,-0.464578,0,0,-0.247523,0,0,0.00660679,15,25.1,1.28975,-0.993413,1,0.499696,0.00834148,0,0.012137,-0.0297204,0,0.0100537,16,25.1,-3,-2.435,1,0,0.498473,0,0,0.0372231,0,0.00615174,17,25.1,-1.00335,-0.341079,1,0.000398979,-0.5,0,0.0162274,3.57628e-06,0,0.0154181,18,25.1,-2.99998,2.00326,1,-5.99772e-05,0.000416115,0,0.000104308,-0.0260025,0,0.0084545,19,25.1,0.999543,1.00314,1,-0.000258442,0.000853278,0,0.00427291,-0.0262335,0,0.0126621,20,25.1,-1.04254e-05,1.99991,1,4.25478e-05,0.000549108,0,-4.31181e-05,-0.000849366,0,0.0142159,21,25.1,-0.00446134,-1.75268,1,0.00683023,0.461467,0,-0.0314516,0.309154,0,0.0168478,22,25.1,-2.20903,-1.35672,1,-0.482812,0.471249,0,-0.245586,-0.179984,0,0.0102573,23,25.1,1,-3,1,2.8871e-06,0,0,-3.72529e-06,0,0,0.00952195,24,25.1,1.99999,0,1,-1.86265e-06,0,0,7.45058e-05,0,0,0.0116584,25,25.1,0.289538,-0.999996,1,0.49891,-5.58794e-07,0,0.0339252,-3.72529e-05,0,0.0148701,26,25.1,1.00001,-9.10847e-05,1,-3.7998e-05,0.000533134,0,7.45058e-05,-0.000848967,0,0.0104679,27,25.1,-2.99968,3,1,0.00602603,0,0,0.0613332,0,0,0.00519333,28,25.1,2.67969,-1.98742,1,0.489479,-0.0263397,0,-0.113189,-0.00149012,0,0.00604546,29,25.1,2.85711,0.999992,1,0.369063,9.87202e-05,0,-0.46438,-0.000320375,0,0.00666989,30,25.1,2,3,1,6.89179e-06,0,0,-3.72529e-05,0,0,0.00698246,31,25.1,-2.00142,2.99942,1,0.00121444,-0.00745729,0,0.00888109,-0.036329,0,0.00524231,32,25.1,-0.000191551,3,1,0.000627582,1.15484e-05,0,-0.000330281,1.49012e-05,0,0.0117601,33,25.1,-2.57743,1.00168,1,-0.222367,-0.00133906,0,-0.24718,-0.0032261,0,0.0110245,34,25.1,-2.01639,1.99966,1,0.00571348,0.00230521,0,0.139013,-0.00503659,0,0.0103077,35,25.1,-1.99994,0.579549,1,-2.10479e-05,0.216915,0,0.0019297,0.24765,0,0.0160139
0,25.2,-1.35534,-1.24731,1,0.470603,-0.5,0,-0.168025,0,0,0.0101993,1,25.2,1.00001,-2,1,1.19209e-05,-5.96046e-06,0,0,-0.000119209,0,0.0105553,2,25.2,3,-1.00019,1,-1.78814e-05,0.000569224,0,0,-0.000178814,0,0.00589283,3,25.2,-0.999011,-2.66583,1,-0.000707805,-0.489873,0,-0.00241399,0.113726,0,0.00903959,4,25.2,-2.33747,-2.02129,1,0.491339,0.00991225,0,-0.0994205,0.0696182,0,0.010087,5,25.2,3,-2.99634,1,0,-0.00580549,0,0,-0.00572205,0,0.00665397,6,25.2,-3,0.398788,1,0,-0.251813,0,0,-0.311747,0,0.00987959,7,25.2,-0.999843,2.99925,1,0.000242889,0.00323653,0,-0.00205636,-0.00810623,0,0.00694457,8,25.2,-0.318337,0.00161987,1,-0.5,0.00276112,0,0,-0.00750652,0,0.0186366,9,25.2,-1.6981,-3,1,-0.458258,4.76837e-05,0,0.0350475,0.000357628,0,0.00790251,10,25.2,-2.39882,-0.000239879,1,0.245804,3.18018e-05,0,0.342965,-0.0016632,0,0.0106879,11,25.2,1.00291,2.00001,1,5.66244e-05,-1.19209e-05,0,-0.0222921,-0.000238419,0,0.0114149,12,25.2,1.99742,-1.41196,1,0.00145733,-0.500003,0,0.0063777,5.96046e-05,0,0.0107144,13,25.2,2.99999,-0.000185038,1,-5.96046e-06,0.00058605,0,0,-0.000259831,0,0.00525703,14,25.2,-2.56483,-3,1,-0.485164,0,0,-0.161648,0,0,0.00590461,15,25.2,1.33975,-0.992732,1,0.500003,0.00523627,0,-5.96046e-05,-0.0318885,0,0.00844625,16,25.2,-3,-2.38505,1,0,0.5,0,0,0,0,0.00581775,17,25.2,-1.00324,-0.391079,1,0.00180304,-0.5,0,0.0119209,-1.43051e-05,0,0.0125875,18,25.2,-2.99998,2.00319,1,-4.76837e-05,-0.00183582,0,0,-0.0190735,0,0.00746883,19,25.2,0.999536,1.0031,1,0.000117719,-0.00143349,0,0.00324845,-0.0195503,0,0.0122902,20,25.2,-6.41736e-06,1.99996,1,3.7339e-05,0.000458956,0,-5.96169e-05,-0.00107288,0,0.0130827,21,25.2,-0.00391411,-1.70518,1,0.00431579,0.486445,0,-0.0193642,0.183523,0,0.0131031,22,25.2,-2.25819,-1.31058,1,-0.497115,0.45062,0,-0.0578165,-0.231206,0,0.0101679,23,25.2,1,-3,1,4.47035e-06,0,0,-8.9407e-05,0,0,0.00834112,24,25.2,1.99999,0,1,5.96046e-06,0,0,5.96046e-05,0,0,0.0114187,25,25.2,0.339512,-0.999997,1,0.5,-2.98023e-06,0,-1.43051e-05,-5.96046e-05,0,0.0124596,26,25.2,1,-4.22582e-05,1,-2.98023e-05,0.000441414,0,5.96046e-05,-0.000968211,0,0.00957408,27,25.2,-2.99884,3,1,0.010103,0,0,0.0226498,0,0,0.00535255,28,25.2,2.72794,-1.99003,1,0.474077,-0.0257194,0,-0.197291,0.0132918,0,0.0058538,29,25.2,2.89161,1,1,0.320315,6.85453e-05,0,-0.506639,-0.000298023,0,0.00686074,30,25.2,2,3,1,2.98023e-06,0,0,0,0,0,0.00596541,31,25.2,-2.00126,2.99855,1,0.00191927,-0.00956655,0,0.00524521,-0.00762939,0,0.00582213,32,25.2,-0.000131054,3,1,0.000576821,1.19209e-05,0,-0.0006626,-0.000119209,0,0.00801182,33,25.2,-2.60108,1.00153,1,-0.251925,-0.00156164,0,-0.325799,-0.00113249,0,0.00922347,34,25.2,-2.01521,1.99987,1,0.0170946,0.00180304,0,0.0898838,-0.00500679,0,0.00984788,35,25.2,-1.99993,0.602661,1,0.000181794,0.246687,0,0.00226498,0.329405,0,0.013564
0,25.3,-1.30923,-1.29731,1,0.450498,-0.5,0,-0.23184,0,0,0.0101993,1,25.3,1.00001,-2,1,1.08033e-05,-1.41561e-05,0,-2.98023e-05,-2.98023e-05,0,0.0105553,2,25.3,2.99999,-1.00013,1,-1.60187e-05,0.000533834,0,4.47035e-05,-0.000521541,0,0.00589283,3,25.3,-0.999093,-2.71412,1,-0.000917912,-0.474716,0,-0.00178814,0.19078,0,0.00903959,4,25.3,-2.28895,-2.01998,1,0.47801,0.0161007,0,-0.168994,0.053972,0,0.010087,5,25.3,3,-2.99694,1,0,-0.00611357,0,0,-0.00064075,0,0.00665397,6,25.3,-3,0.371816,1,0,-0.289408,0,0,-0.419637,0,0.00987959,7,25.3,-0.999828,2.99953,1,5.99772e-05,0.00243485,0,-0.00160187,-0.00783801,0,0.00694457,8,25.3,-0.368337,0.00185668,1,-0.5,0.00196058,0,3.57628e-06,-0.00838294,0,0.0186366,9,25.3,-1.74356,-2.99999,1,-0.449144,7.0408e-05,0,0.146054,0.00013411,0,0.00790251,10,25.3,-2.3723,-0.000243007,1,0.286119,-7.59287e-05,0,0.443041,-0.000556742,0,0.0106879,11,25.3,1.00281,2.00001,1,-0.00185724,-2.94298e-05,0,-0.016056,-0.00013411,0,0.0114149,12,25.3,1.99759,-1.46186,1,0.00201594,-0.497013,0,0.00480562,0.0618473,0,0.0107144,13,25.3,2.99999,-0.000128323,1,-5.58794e-06,0.000542889,0,1.49012e-05,-0.000581951,0,0.00525703,14,25.3,-2.61398,-3,1,-0.496114,0,0,-0.0559241,0,0,0.00590461,15,25.3,1.38974,-0.992368,1,0.49994,0.00206372,0,-0.00239909,-0.0312142,0,0.00844625,16,25.3,-3,-2.33514,1,0,0.497186,0,0,-0.0609756,0,0.00581775,17,25.3,-1.00377,-0.441079,1,-0.0194376,-0.5,0,-0.409432,1.78814e-06,0,0.0125875,18,25.3,-2.99999,2.00292,1,-4.54485e-05,-0.00340529,0,5.96046e-05,-0.0124425,0,0.00746883,19,25.3,0.999563,1.00287,1,0.000391435,-0.00305902,0,0.00224635,-0.0130758,0,0.0122902,20,25.3,-2.99773e-06,2,1,3.09214e-05,0.000350922,0,-6.75648e-05,-0.00105798,0,0.0130827,21,25.3,-0.00385634,-1.65585,1,-0.00566399,0.497968,0,-0.169714,0.055775,0,0.0131031,22,25.3,-2.30807,-1.26677,1,-0.499821,0.424666,0,-0.00718236,-0.285491,0,0.0101679,23,25.3,1,-3,1,-2.32831e-06,0,0,-4.84288e-05,0,0,0.00834112,24,25.3,1.99999,0,1,1.08033e-05,0,0,2.98023e-05,0,0,0.0114187,25,25.3,0.38951,-0.999997,1,0.499941,-7.35745e-06,0,-0.0023599,-3.35276e-05,0,0.0124596,26,25.3,0.999999,-3.02042e-06,1,-2.34693e-05,0.000343044,0,6.70552e-05,-0.000986431,0,0.00957408,27,25.3,-2.99777,3,1,0.0109881,0,0,-0.00318885,0,0,0.00535255,28,25.3,2.77417,-1.99252,1,0.448615,-0.0238266,0,-0.308305,0.0238866,0,0.0058538,29,25.3,2.92106,1.00001,1,0.268348,4.20958e-05,0,-0.527337,-0.000238419,0,0.00686074,30,25.3,2,3,1,2.98023e-06,0,0,0,0,0,0.00596541,31,25.3,-2.00105,2.99758,1,0.0022877,-0.00934787,0,0.00225008,0.0106245,0,0.00582213,32,25.3,-7.70647e-05,3,1,0.00049966,2.23517e-06,0,-0.000861337,-5.96046e-05,0,0.00801182,33,25.3,-2.62812,1.00137,1,-0.290433,-0.00166297,0,-0.423729,-0.000864267,0,0.00922347,34,25.3,-2.01313,2.00002,1,0.0239301,0.00131931,0,0.0482649,-0.00462681,0,0.00984788,35,25.3,-1.9999,0.629201,1,0.000333972,0.285821,0,0.000841916,0.432897,0,0.013564
0,25.4,-1.26543,-1.34731,1,0.424665,-0.500003,0,-0.282705,5.96046e-05,0,0.01186,1,25.4,1.00001,-2,1,8.9407e-06,-1.78814e-05,0,-5.96046e-05,0,0,0.00960778,2,25.4,2.99999,-1.00008,1,-1.78814e-05,0.000470877,0,0.000238419,-0.000715256,0,0.00532978,3,25.4,-0.999193,-2.7605,1,-0.00106394,-0.451553,0,-0.00113249,0.272632,0,0.00899934,4,25.4,-2.24212,-2.01812,1,0.457281,0.0206888,0,-0.246286,0.0376701,0,0.00877348,5,25.4,3,-2.99755,1,0,-0.00596642,0,0,0.00345707,0,0.00502659,6,25.4,-3,0.34074,1,0,-0.33209,0,0,-0.417978,0,0.00807312,7,25.4,-0.999829,2.99974,1,-7.89762e-05,0.00169277,0,-0.00119209,-0.00703335,0,0.00678486,8,25.4,-0.418337,0.00201023,1,-0.5,0.001107,0,-1.43051e-05,-0.0085854,0,0.0170174,9,25.4,-1.78757,-2.99998,1,-0.429347,7.15256e-05,0,0.248075,0,0,0.0100774,10,25.4,-2.34145,-0.000252004,1,0.3308,-9.16283e-05,0,0.434875,0.000187283,0,0.0121099,11,25.4,1.00256,2.00001,1,-0.00317395,-3.57628e-05,0,-0.0103116,-0.000119209,0,0.0103636,12,25.4,1.99782,-1.51113,1,0.00241995,-0.487295,0,0.00327826,0.133693,0,0.0112755,13,25.4,2.99999,-7.73274e-05,1,-5.96046e-06,0.000473645,0,0.000119209,-0.000784505,0,0.00649761,14,25.4,-2.66368,-3,1,-0.496143,0,0,0.0556707,0,0,0.00681216,15,25.4,1.43971,-0.992314,1,0.499043,-0.000941753,0,-0.0191331,-0.02864,0,0.0125187,16,25.4,-3,-2.28586,1,0,0.487047,0,0,-0.144958,0,0.00671854,17,25.4,-1.00827,-0.491079,1,-0.0749826,-0.5,0,-0.677764,1.43051e-05,0,0.0152029,18,25.4,-2.99999,2.00253,1,-4.17233e-05,-0.0043571,0,0.000119209,-0.00667572,0,0.00907768,19,25.4,0.999612,1.00251,1,0.000570714,-0.00407696,0,0.0013411,-0.00733137,0,0.0112101,20,25.4,-2.48477e-07,2.00003,1,2.40371e-05,0.00025034,0,-6.91828e-05,-0.000953674,0,0.0115148,21,25.4,-0.00544665,-1.60591,1,-0.0276645,0.5,0,-0.261189,5.96046e-05,0,0.0146987,22,25.4,-2.35807,-1.22581,1,-0.5,0.393984,0,0,-0.325978,0,0.00782522,23,25.4,1,-3,1,-5.96046e-06,0,0,-2.98023e-05,0,0,0.0079096,24,25.4,1.99999,0,1,1.19209e-05,0,0,5.96046e-05,0,0,0.0122287,25,25.4,0.439474,-0.999998,1,0.499056,-8.9407e-06,0,-0.0188798,-2.98023e-05,0,0.0121725,26,25.4,0.999997,2.64094e-05,1,-1.63913e-05,0.00024638,0,5.96046e-05,-0.000937062,0,0.0101218,27,25.4,-2.99671,3,1,0.00978112,0,0,-0.0195503,0,0,0.00510001,28,25.4,2.81733,-1.99477,1,0.41315,-0.0210643,0,-0.397205,0.030756,0,0.00587421,29,25.4,2.94526,1.00001,1,0.215846,1.78814e-05,0,-0.518203,-0.000119209,0,0.00629245,30,25.4,2,3,1,2.98023e-06,0,0,-5.96046e-05,0,0,0.00470959,31,25.4,-2.00081,2.99672,1,0.00238419,-0.007689,0,0,0.0213385,0,0.0064797,32,25.4,-3.16005e-05,3,1,0.00040808,-5.96046e-06,0,-0.000954291,0,0,0.00808861,33,25.4,-2.6593,1.0012,1,-0.333011,-0.00172853,0,-0.411749,-0.000417233,0,0.00805421,34,25.4,-2.01055,2.00013,1,0.0270247,0.000882149,0,0.0151396,-0.00405312,0,0.00951124,35,25.4,-1.99987,0.659979,1,0.000366569,0.329643,0,-0.000119209,0.427663,0,0.0112495
0,25.5,-1.22445,-1.39731,1,0.394349,-0.5,0,-0.321694,7.45058e-06,0,0.01186,1,25.5,1.00001,-2.00001,1,3.1665e-06,-1.60187e-05,0,-5.21541e-05,4.47035e-05,0,0.00960778,2,25.5,2.99999,-1.00004,1,1.11759e-06,0.000392832,0,0.000163913,-0.000827014,0,0.00532978,3,25.5,-0.999303,-2.80413,1,-0.00114134,-0.419372,0,-0.000435859,0.366822,0,0.00899934,4,25.5,-2.19778,-2.0159,1,0.427872,0.0235517,0,-0.338301,0.0200123,0,0.00877348,5,25.5,3,-2.99812,1,0,-0.00546277,0,0,0.0064075,0,0.00502659,6,25.5,-3,0.305635,1,0,-0.367945,0,0,-0.29514,0,0.00807312,7,25.5,-0.999842,2.99988,1,-0.000177138,0.00105314,0,-0.000782311,-0.00573695,0,0.00678486,8,25.5,-0.468337,0.00207856,1,-0.5,0.000267149,0,3.57628e-06,-0.00813273,0,0.0170174,9,25.5,-1.82909,-2.99998,1,-0.399333,6.51926e-05,0,0.347368,-0.000104308,0,0.0100774,10,25.5,-2.3064,-0.000259515,1,0.368054,-5.23403e-05,0,0.306427,0.000563763,0,0.0121099,11,25.5,1.0022,2,1,-0.00394657,-4.20958e-05,0,-0.00528991,-2.98023e-05,0,0.0103636,12,25.5,1.99807,-1.55883,1,0.00267718,-0.463087,0,0.0019148,0.339523,0,0.0112755,13,25.5,2.99999,-3.40784e-05,1,3.72529e-06,0.000389782,0,5.96046e-05,-0.000877953,0,0.00649761,14,25.5,-2.71283,-3,1,-0.48499,0,0,0.167057,0,0,0.00681216,15,25.5,1.48902,-0.992545,1,0.482589,-0.00360869,0,-0.295207,-0.0244901,0,0.0125187,16,25.5,-3,-2.23808,1,0,0.466631,0,0,-0.260279,0,0.00671854,17,25.5,-1.01978,-0.540982,1,-0.159878,-0.497101,0,-0.959724,0.0575985,0,0.0152029,18,25.5,-2.99999,2.00207,1,-3.01749e-05,-0.00477619,0,0.000104308,-0.00189245,0,0.00907768,19,25.5,0.999674,1.00208,1,0.000665244,-0.00456292,0,0.00057742,-0.00255555,0,0.0112101,20,25.5,1.81411e-06,2.00005,1,1.72786e-05,0.000160187,0,-6.53675e-05,-0.000864267,0,0.0115148,21,25.5,-0.0101453,-1.55591,1,-0.0718964,0.5,0,-0.596889,-1.49012e-05,0,0.0146987,22,25.5,-2.40807,-1.18809,1,-0.5,0.359938,0,0,-0.353009,0,0.00782522,23,25.5,0.999999,-3,1,-7.72998e-06,0,0,-1.11759e-05,0,0,0.0079096,24,25.5,2,0,1,1.60187e-05,0,0,1.49012e-05,0,0,0.0122287,25,25.5,0.488768,-0.999999,1,0.482051,-1.08033e-05,0,-0.305543,-1.49012e-05,0,0.0121725,26,25.5,0.999996,4.65232e-05,1,-1.05239e-05,0.000157646,0,5.58794e-05,-0.000832228,0,0.0101218,27,25.5,-2.99585,3,1,0.00737049,0,0,-0.0276417,0,0,0.00510001,28,25.5,2.85654,-1.99671,1,0.369899,-0.0177994,0,-0.463858,0.034079,0,0.00587421,29,25.5,2.9643,1.00001,1,0.165524,6.89179e-06,0,-0.484243,-9.68575e-05,0,0.00629245,30,25.5,2,3,1,-1.86265e-06,0,0,-2.98023e-05,0,0,0.00470959,31,25.5,-2.00057,2.99607,1,0.00229217,-0.00529028,0,-0.00171363,0.0258535,0,0.0064797,32,25.5,4.40747e-06,3,1,0.00031209,-5.96046e-06,0,-0.00095398,0,0,0.00808861,33,25.5,-2.69445,1.00103,1,-0.367902,-0.00174008,0,-0.282153,0.000178814,0,0.00805421,34,25.5,-2.00782,2.0002,1,0.0272244,0.000509247,0,-0.00983477,-0.00341237,0,0.00951124,35,25.5,-1.99983,0.694882,1,0.000323541,0.366325,0,-0.000692904,0.302076,0,0.0112495
0,25.6,-1.18667,-1.44731,1,0.3607,-0.500003,0,-0.349402,5.96046e-05,0,0.0120095,1,25.6,1.00001,-2.00001,1,-2.98023e-06,-1.78814e-05,0,0,0.000238419,0,0.0114248,2,25.6,2.99999,-1,1,5.96046e-06,0.000306964,0,0.000238419,-0.000834465,0,0.00568565,3,25.6,-0.999419,-2.8441,1,-0.00115484,-0.379008,0,0.000149012,0.436425,0,0.00771784,4,25.6,-2.15681,-2.01347,1,0.390345,0.0247657,0,-0.408888,0.00488758,0,0.00849095,5,25.6,3,-2.99863,1,0,-0.00472069,0,0,0.00810623,0,0.00463363,6,25.6,-3,0.267595,1,0,-0.390503,0,0,-0.153832,0,0.00808756,7,25.6,-0.999863,2.99995,1,-0.000235438,0.000554323,0,-0.000476837,-0.00429153,0,0.00779544,8,25.6,-0.518337,0.00206591,1,-0.500001,-0.000505493,0,2.98023e-05,-0.00725815,0,0.0147159,9,25.6,-1.86715,-2.99997,1,-0.360814,4.76837e-05,0,0.418603,-0.000119209,0,0.00928103,10,25.6,-2.2683,-0.000261547,1,0.391507,1.48073e-05,0,0.160456,0.000750733,0,0.0104886,11,25.6,1.00178,2,1,-0.00426173,-4.17233e-05,0,-0.0012517,0,0,0.0118933,12,25.6,1.99835,-1.60317,1,0.00280738,-0.421464,0,0.00077486,0.483274,0,0.0138283,13,25.6,2.99999,4.57724e-07,1,1.19209e-05,0.000300719,0,0,-0.000891478,0,0.00627716,14,25.6,-2.76032,-3,1,-0.46289,0,0,0.273585,0,0,0.0063436,15,25.6,1.53545,-0.99302,1,0.442779,-0.00580549,0,-0.488102,-0.0193119,0,0.0145689,16,25.6,-3,-2.19288,1,0,0.435638,0,0,-0.356197,0,0.00687306,17,25.6,-1.04069,-0.590312,1,-0.258872,-0.488567,0,-0.999987,0.112623,0,0.0161272,18,25.6,-3,2.00159,1,-2.38419e-05,-0.00477433,0,0.000238419,0.00190735,0,0.0077354,19,25.6,0.999742,1.00162,1,0.000691414,-0.00462234,0,-2.98023e-05,0.00113249,0,0.011144,20,25.6,3.22568e-06,2.00006,1,1.10698e-05,8.34465e-05,0,-5.83646e-05,-0.000715256,0,0.0149022,21,25.6,-0.0206892,-1.50591,1,-0.1421,0.500003,0,-0.784327,-5.96046e-05,0,0.0166226,22,25.6,-2.45807,-1.15389,1,-0.5,0.323752,0,0,-0.368953,0,0.00952466,23,25.6,0.999998,-3,1,-7.45058e-06,0,0,0,0,0,0.00878147,24,25.6,2,0,1,1.78814e-05,0,0,-5.96046e-05,0,0,0.0111898,25,25.6,0.53508,-1,1,0.440891,-1.19209e-05,0,-0.503808,0,0,0.0119095,26,25.6,0.999995,5.83366e-05,1,-4.47035e-06,8.08116e-05,0,2.98023e-05,-0.000701091,0,0.00934196,27,25.6,-2.99526,3,1,0.00443459,0,0,-0.0302792,0,0,0.0058271,28,25.6,2.89113,-1.99832,1,0.32118,-0.0143379,0,-0.50652,0.0348687,0,0.00577352,29,25.6,2.97852,1.00001,1,0.119692,0,0,-0.429392,-0.000119209,0,0.00724042,30,25.6,2,3,1,-2.98023e-06,0,0,-5.96046e-05,0,0,0.00863207,31,25.6,-2.00036,2.99567,1,0.00205636,-0.00264645,0,-0.00298023,0.026226,0,0.00520443,32,25.6,3.09263e-05,3,1,0.00021931,0,0,-0.000892884,-0.000119209,0,0.00844702,33,25.6,-2.73242,1.00086,1,-0.388843,-0.00169575,0,-0.134706,0.000715256,0,0.00771198,34,25.6,-2.00518,2.00024,1,0.0253081,0.000202656,0,-0.0271797,-0.0026226,0,0.00969376,35,25.6,-1.9998,0.732791,1,0.000235438,0.389464,0,-0.00101328,0.158608,0,0.010688
0,25.7,-1.15238,-1.49731,1,0.324913,-0.5,0,-0.36487,7.45058e-06,0,0.0120095,1,25.7,1.00001,-2.00001,1,-3.1665e-06,1.11759e-06,0,-7.45058e-06,0.000163913,0,0.0114248,2,25.7,3,-0.999977,1,1.9744e-05,0.000224356,0,4.47035e-05,-0.000808388,0,0.00568565,3,25.7,-0.999533,-2.87974,1,-0.00111572,-0.332876,0,0.000610948,0.482261,0,0.00771784,4,25.7,-2.11991,-2.01099,1,0.347064,0.0246163,0,-0.453621,-0.00746548,0,0.00849095,5,25.7,3,-2.99906,1,0,-0.00385828,0,0,0.0089556,0,0.00463363,6,25.7,-3,0.228067,1,0,-0.397238,0,0,0.015161,0,0.00808756,7,25.7,-0.999889,2.99999,1,-0.000266638,0.000200048,0,-0.000160187,-0.00284612,0,0.00779544,8,25.7,-0.568336,0.00198164,1,-0.499928,-0.00115421,0,0.0028722,-0.00571819,0,0.0147159,9,25.7,-1.90106,-2.99997,1,-0.316725,3.35276e-05,0,0.459336,-0.000178814,0,0.00928103,10,25.7,-2.22864,-0.000256298,1,0.398725,8.99739e-05,0,-0.0119656,0.00073885,0,0.0104886,11,25.7,1.00136,1.99999,1,-0.00421964,-3.85568e-05,0,0.00193715,5.21541e-05,0,0.0118933,12,25.7,1.99863,-1.6425,1,0.00282675,-0.361533,0,-0.00025332,0.694364,0,0.0138283,13,25.7,3,2.61441e-05,1,1.19209e-05,0.000213926,0,0,-0.000836692,0,0.00627716,14,25.7,-2.80504,-3,1,-0.429722,0,0,0.384346,0,0,0.0063436,15,25.7,1.57655,-0.993688,1,0.373117,-0.00745505,0,-0.861764,-0.0136048,0,0.0145689,16,25.7,-3,-2.15123,1,0,0.396339,0,0,-0.426725,0,0.00687306,17,25.7,-1.07142,-0.638485,1,-0.353629,-0.473735,0,-0.867456,0.181943,0,0.0161272,18,25.7,-3,2.00112,1,-4.84288e-06,-0.00444502,0,0.000163913,0.00452995,0,0.0077354,19,25.7,0.999811,1.00116,1,0.000664499,-0.00436362,0,-0.000480562,0.00388175,0,0.011144,20,25.7,4.05614e-06,2.00006,1,5.69699e-06,1.8999e-05,0,-4.89219e-05,-0.000581145,0,0.0149022,21,25.7,-0.03914,-1.45598,1,-0.229155,0.497838,0,-0.919696,-0.0440478,0,0.0166226,22,25.7,-2.50807,-1.12337,1,-0.5,0.28659,0,0,-0.372879,0,0.00952466,23,25.7,0.999997,-3,1,-6.89179e-06,0,0,1.49012e-05,0,0,0.00878147,24,25.7,2,0,1,1.22935e-05,0,0,-4.47035e-05,0,0,0.0111898,25,25.7,0.575689,-1,1,0.36415,-1.21072e-05,0,-0.93798,-7.45058e-06,0,0.0119095,26,25.7,0.999995,6.31595e-05,1,-1.49012e-06,1.8123e-05,0,2.98023e-05,-0.000552614,0,0.00934196,27,25.7,-2.99496,3,1,0.00147074,0,0,-0.0285506,0,0,0.0058271,28,25.7,2.92067,-1.99958,1,0.269214,-0.0109157,0,-0.527427,0.0332966,0,0.00577352,29,25.7,2.98845,1.00001,1,0.0801083,-9.49949e-06,0,-0.360385,-8.19564e-05,0,0.00724042,30,25.7,2,3,1,-7.07805e-06,0,0,-1.49012e-05,0,0,0.00863207,31,25.7,-2.00017,2.99554,1,0.0017263,-0.000144169,0,-0.00357628,0.0235289,0,0.00520443,32,25.7,4.85653e-05,3,1,0.000135311,-9.68575e-06,0,-0.000782541,-5.96046e-05,0,0.00844702,33,25.7,-2.77167,1.00069,1,-0.393358,-0.00159815,0,0.0400096,0.0012219,0,0.00771198,34,25.7,-2.0028,2.00024,1,0.022012,-2.64496e-05,0,-0.0377595,-0.00198185,0,0.00969376,35,25.7,-1.99979,0.772236,1,0.00012964,0.396593,0,-0.00107288,-0.0119917,0,0.010688
0,25.8,-1.12173,-1.54731,1,0.288016,-0.500003,0,-0.371695,5.96046e-05,0,0.0107879,1,25.8,1.00001,-2.00001,1,-5.96046e-06,1.78814e-05,0,5.96046e-05,0,0,0.00971943,2,25.8,3,-0.999959,1,1.78814e-05,0.000146031,0,0,-0.000715256,0,0.00601482,3,25.8,-0.999641,-2.91056,1,-0.00103414,-0.283337,0,0.000953674,0.504851,0,0.008985,4,25.8,-2.08752,-2.00858,1,0.300246,0.0233471,0,-0.479698,-0.0174046,0,0.00929461,5,25.8,3,-2.9994,1,0,-0.00296235,0,0,0.0089407,0,0.00482924,6,25.8,-3,0.188671,1,0,-0.388287,0,0,0.159674,0,0.00887027,7,25.8,-0.999916,3,1,-0.000271201,-2.38419e-05,0,0.000119209,-0.00166893,0,0.00729436,8,25.8,-0.618291,0.00184017,1,-0.498849,-0.00165009,0,0.0230074,-0.00420696,0,0.0161223,9,25.8,-1.9304,-2.99996,1,-0.269681,1.78814e-05,0,0.478029,-0.000238419,0,0.00929571,10,25.8,-2.18909,-0.000243721,1,0.389957,0.000160162,0,-0.159025,0.000654531,0,0.0103044,11,25.8,1.00095,1.99999,1,-0.00390708,-2.98023e-05,0,0.00423193,5.96046e-05,0,0.0100623,12,25.8,1.99891,-1.67497,1,0.00278354,-0.286394,0,-0.000536442,0.79149,0,0.0156479,13,25.8,3,4.34964e-05,1,5.96046e-06,0.000134693,0,0.000119209,-0.000742524,0,0.00760911,14,25.8,-2.84594,-3,1,-0.387073,0,0,0.463605,0,0,0.00674936,15,25.8,1.60924,-0.994491,1,0.278273,-0.00851899,0,-0.999987,-0.0076592,0,0.0126054,16,25.8,-3,-2.11382,1,0,0.350934,0,0,-0.478029,0,0.00738942,17,25.8,-1.11073,-0.684848,1,-0.428304,-0.452586,0,-0.613153,0.239104,0,0.0151489,18,25.8,-3,2.0007,1,5.96046e-06,-0.0039041,0,0,0.00619888,0,0.00856672,19,25.8,0.999874,1.00075,1,0.000599027,-0.00387728,0,-0.00077486,0.00566244,0,0.013024,20,25.8,4.39797e-06,2.00006,1,1.30891e-06,-2.98023e-05,0,-3.87749e-05,-0.000357628,0,0.0145182,21,25.8,-0.0666294,-1.40649,1,-0.319701,0.491053,0,-0.864923,-0.0920296,0,0.0149611,22,25.8,-2.55807,-1.09657,1,-0.5,0.249442,0,0,-0.368834,0,0.00750668,23,25.8,0.999997,-3,1,-5.96046e-06,0,0,5.96046e-05,0,0,0.00825337,24,25.8,2,0,1,5.96046e-06,0,0,0,0,0,0.0130179,25,25.8,0.607228,-1,1,0.265701,-1.49012e-05,0,-1.00002,-5.96046e-05,0,0.0157389,26,25.8,0.999995,6.24541e-05,1,1.49012e-06,-2.98005e-05,0,0,-0.00040681,0,0.00963629,27,25.8,-2.99495,3,1,-0.00119805,0,0,-0.0244379,0,0,0.00508356,28,25.8,2.94495,-2.00051,1,0.216693,-0.00773072,0,-0.51868,0.0302792,0,0.00510368,29,25.8,2.99479,1.00001,1,0.0478864,-1.78814e-05,0,-0.28336,0,0,0.00704632,30,25.8,2,3,1,-8.9407e-06,0,0,0,0,0,0.00589223,31,25.8,-2.00001,2.99563,1,0.00135899,0.00200272,0,-0.0038147,0.0193119,0,0.00587401,32,25.8,5.8397e-05,3,1,6.35263e-05,-1.19209e-05,0,-0.000650469,0,0,0.00807719,33,25.8,-2.81055,1.00054,1,-0.38175,-0.00145733,0,0.187635,0.00154972,0,0.00748222,34,25.8,-2.0008,2.00023,1,0.017935,-0.000190735,0,-0.0428557,-0.00143051,0,0.0103279,35,25.8,-1.99978,0.811582,1,2.38419e-05,0.387897,0,-0.00107288,-0.157744,0,0.0110885
0,25.9,-1.09479,-1.59729,1,0.250717,-0.49917,0,-0.372574,0.0217482,0,0.0107879,1,25.9,1.00001,-2,1,-1.86265e-06,1.75089e-05,0,1.49012e-05,-1.49012e-05,0,0.00971943,2,25.9,3,-0.999948,1,1.3411e-05,7.94418e-05,0,-5.96046e-05,-0.000614673,0,0.00601482,3,25.9,-0.999739,-2.93636,1,-0.000924245,-0.232576,0,0.00122935,0.505894,0,0.008985,4,25.9,-2.05991,-2.00635,1,0.251786,0.0212111,0,-0.485882,-0.0248253,0,0.00929461,5,25.9,3,-2.99965,1,0,-0.00210553,0,0,0.00810623,0,0.00482924,6,25.9,-3,0.15084,1,0,-0.36644,0,0,0.273323,0,0.00887027,7,25.9,-0.999942,2.99999,1,-0.000251178,-0.000144914,0,0.000271946,-0.000819564,0,0.00729436,8,25.9,-0.667985,0.00165654,1,-0.494137,-0.0019985,0,0.0761598,-0.00277252,0,0.0161223,9,25.9,-1.95497,-2.99996,1,-0.221861,-4.09782e-06,0,0.474826,-0.000193715,0,0.00929571,10,25.9,-2.15109,-0.000224639,1,0.368081,0.00021921,0,-0.274435,0.000519145,0,0.0103044,11,25.9,1.00058,1.99999,1,-0.00340864,-2.27243e-05,0,0.00560284,8.9407e-05,0,0.0100623,12,25.9,1.99919,-1.6993,1,0.00266731,-0.197443,0,-0.00146031,0.958011,0,0.0156479,13,25.9,3,5.34548e-05,1,1.15484e-05,6.65436e-05,0,1.49012e-05,-0.000618514,0,0.00760911,14,25.9,-2.88224,-3,1,-0.33794,0,0,0.51412,0,0,0.00674936,15,25.9,1.63206,-0.995371,1,0.178274,-0.00896174,0,-1,-0.00142306,0,0.0126054,16,25.9,-3,-2.08118,1,0,0.301438,0,0,-0.507444,0,0.00738942,17,25.9,-1.15614,-0.728824,1,-0.475075,-0.426113,0,-0.325009,0.288203,0,0.0151489,18,25.9,-3,2.00035,1,5.58794e-06,-0.00323839,0,-1.49012e-05,0.00701845,0,0.00856672,19,25.9,0.99993,1.00039,1,0.000511575,-0.00325758,0,-0.0009574,0.00660866,0,0.013024,20,25.9,4.35255e-06,2.00006,1,-2.04466e-06,-5.92321e-05,0,-2.8415e-05,-0.00025332,0,0.0145182,21,25.9,-0.102751,-1.35798,1,-0.400285,0.478039,0,-0.719393,-0.166267,0,0.0149611,22,25.9,-2.60802,-1.07346,1,-0.498338,0.213038,0,0.0376254,-0.357971,0,0.00750668,23,25.9,0.999996,-3,1,-9.31323e-07,0,0,3.72529e-05,0,0,0.00825337,24,25.9,2,0,1,5.96046e-06,0,0,0,0,0,0.0130179,25,25.9,0.628798,-1,1,0.1657,-1.84402e-05,0,-1.00001,-2.23517e-05,0,0.0157389,26,25.9,0.999995,5.76772e-05,1,1.95578e-06,-6.34366e-05,0,1.11759e-05,-0.00026881,0,0.00963629,27,25.9,-2.99519,3,1,-0.00335947,0,0,-0.0186861,0,0,0.00508356,28,25.9,2.96408,-2.00114,1,0.166304,-0.00490993,0,-0.485092,0.0260472,0,0.00510368,29,25.9,2.99829,1.00001,1,0.0234749,-1.76951e-05,0,-0.205204,7.45058e-06,0,0.00704632,30,25.9,2,3,1,-8.00937e-06,0,0,2.23517e-05,0,0,0.00589223,31,25.9,-1.9999,2.99592,1,0.000984035,0.00366569,0,-0.00365824,0.0139475,0,0.00587401,32,25.9,6.17406e-05,3,1,5.77296e-06,-1.04308e-05,0,-0.000504975,2.98023e-05,0,0.00807719,33,25.9,-2.84757,1.0004,1,-0.356766,-0.0012897,0,0.307158,0.00178814,0,0.00748222,34,25.9,-1.99922,2.00021,1,0.0135962,-0.000305101,0,-0.0433326,-0.000849366,0,0.0103279,35,25.9,-1.99978,0.849382,1,-7.6741e-05,0.366198,0,-0.000923872,-0.272248,0,0.0110885
0,26,-1.07157,-1.64703,1,0.213817,-0.494751,0,-0.363886,0.0705719,0,0.0109305,1,26,1.00001,-2,1,0,1.78814e-05,0,0,-0.000119209,0,0.0109617,2,26,3,-0.999943,1,5.96046e-06,2.38419e-05,0,-0.000119209,-0.000506639,0,0.00514641,3,26,-0.999825,-2.95712,1,-0.000792742,-0.182974,0,0.00137091,0.48244,0,0.00864225,4,26,-2.03715,-2.00436,1,0.203741,0.0184774,0,-0.47195,-0.0295639,0,0.00876066,5,26,3,-2.99983,1,0,-0.00135899,0,0,0.00691414,0,0.00479494,6,26,-3,0.115721,1,0,-0.334435,0,0,0.362598,0,0.00873524,7,26,-0.999965,2.99997,1,-0.000219047,-0.000196695,0,0.000357628,-0.000119209,0,0.0071845,8,26,-0.716897,0.00144512,1,-0.482813,-0.00220742,0,0.153422,-0.00142295,0,0.0150531,9,26,-1.97482,-2.99996,1,-0.17536,-2.38419e-05,0,0.45222,-0.000119209,0,0.00804036,10,26,-2.11582,-0.000200394,1,0.335896,0.000262876,0,-0.36478,0.000350286,0,0.00947023,11,26,1.00027,1.99999,1,-0.00280738,-1.49012e-05,0,0.00625849,0.000119209,0,0.0125301,12,26,1.99945,-1.71418,1,0.0025481,-0.0996888,0,-0.000655651,0.977635,0,0.0142641,13,26,3,5.72346e-05,1,1.19209e-05,1.12499e-05,0,0,-0.000486725,0,0.00533258,14,26,-2.91341,-3,1,-0.285202,0,0,0.535846,0,0,0.00623021,15,26,1.64489,-0.996265,1,0.0782728,-0.00884682,0,-0.999987,0.00348687,0,0.0114195,16,26,-3,-2.05359,1,0,0.25028,0,0,-0.512004,0,0.00734425,17,26,-1.20485,-0.769928,1,-0.495246,-0.395356,0,-0.0950694,0.324935,0,0.0124155,18,26,-3,2.00006,1,5.96046e-06,-0.00252724,0,0,0.00715256,0,0.00900003,19,26,0.999976,1.0001,1,0.000411272,-0.00257641,0,-0.00101328,0.00691414,0,0.010812,20,26,4.02228e-06,2.00005,1,-4.40195e-06,-7.7486e-05,0,-1.88907e-05,-0.000238419,0,0.0144612,21,26,-0.145972,-1.31111,1,-0.459781,0.458187,0,-0.459887,-0.228822,0,0.0119789,22,26,-2.65757,-1.05392,1,-0.491714,0.178084,0,0.09799,-0.339985,0,0.00731183,23,26,0.999997,-3,1,2.98023e-06,0,0,2.98023e-05,0,0,0.00794235,24,26,2,0,1,0,0,0,0.000119209,0,0,0.0128277,25,26,0.640368,-1.00001,1,0.0657007,-2.08616e-05,0,-1.00002,5.96046e-05,0,0.0138105,26,26,0.999995,5.01972e-05,1,1.49012e-06,-8.41655e-05,0,2.98023e-05,-0.000148901,0,0.00929535,27,26,-2.9956,3,1,-0.0049293,0,0,-0.0127554,0,0,0.00595685,28,26,2.97836,-2.00151,1,0.120372,-0.0025332,0,-0.430584,0.0213385,0,0.00609247,29,26,2.99973,1.00001,1,0.00664592,-1.49012e-05,0,-0.132918,-5.96046e-05,0,0.00668258,30,26,2,3,1,-5.96046e-06,0,0,0,0,0,0.00774413,31,26,-1.99981,2.99635,1,0.00063777,0.00479817,0,-0.00333786,0.00846386,0,0.00569951,32,26,6.00304e-05,2.99999,1,-3.76337e-05,-5.96046e-06,0,-0.000364429,0,0,0.00808209,33,26,-2.88155,1.00028,1,-0.321311,-0.00110269,0,0.396967,0.00184774,0,0.007943,34,26,-1.99808,2.00017,1,0.00936985,-0.000363588,0,-0.0407696,-0.000476837,0,0.0109091,35,26,-1.99979,0.88448,1,-0.000160933,0.334269,0,-0.000715256,-0.362128,0,0.0120824
0,26.1,-1.05198,-1.69605,1,0.178304,-0.484546,0,-0.345267,0.136346,0,0.0109305,1,26.1,1.00001,-2,1,-7.45058e-07,7.82311e-06,0,-1.49012e-05,-7.45058e-05,0,0.0109617,2,26.1,3,-0.999943,1,-3.72529e-06,-2.03028e-05,0,-5.96046e-05,-0.00037998,0,0.00514641,3,26.1,-0.999897,-2.97307,1,-0.000652205,-0.136695,0,0.00142679,0.439867,0,0.00864225,4,26.1,-2.01909,-2.00266,1,0.158033,0.0154018,0,-0.439748,-0.0315607,0,0.00876066,5,26.1,3,-2.99993,1,0,-0.000751764,0,0,0.00521541,0,0.00479494,6,26.1,-3,0.0842079,1,0,-0.2948,0,0,0.424741,0,0.00873524,7,26.1,-0.999985,2.99995,1,-0.00018049,-0.000189617,0,0.000402331,0.00025332,0,0.0071845,8,26.1,-0.76422,0.00121957,1,-0.461828,-0.00228159,0,0.263385,-0.000104083,0,0.0150531,9,26.1,-1.99015,-2.99997,1,-0.132008,-3.39001e-05,0,0.412755,-7.45058e-05,0,0.00804036,10,26.1,-2.08417,-0.00017267,1,0.296007,0.000288491,0,-0.427559,0.000164292,0,0.00947023,11,26.1,1.00002,1.99998,1,-0.00217436,-3.91155e-06,0,0.00632182,9.68575e-05,0,0.0125301,12,26.1,1.9997,-1.71921,1,0.00267327,-0.000737049,0,0.00321865,0.997208,0,0.0142641,13,26.1,3,5.61524e-05,1,7.45058e-06,-3.06695e-05,0,-5.96046e-05,-0.000353335,0,0.00533258,14,26.1,-2.93924,-3,1,-0.231469,0,0,0.533611,0,0,0.00623021,15,26.1,1.64772,-0.997126,1,-0.0217266,-0.00830023,0,-1,0.00722334,0,0.0114195,16,26.1,-3,-2.0311,1,0,0.199858,0,0,-0.493035,0,0.00734425,17,26.1,-1.25467,-0.807786,1,-0.499702,-0.36132,0,-0.0118837,0.35366,0,0.0124155,18,26.1,-3,1.99984,1,5.58794e-06,-0.001828,0,-1.49012e-05,0.00676513,0,0.00900003,19,26.1,1.00001,0.999877,1,0.00031013,-0.00189589,0,-0.00100583,0.00663474,0,0.010812,20,26.1,3.50235e-06,2.00004,1,-5.85578e-06,-9.46224e-05,0,-1.04365e-05,-0.000119209,0,0.0144612,21,26.1,-0.193761,-1.26655,1,-0.491346,0.432093,0,-0.182656,-0.290304,0,0.0119789,22,26.1,-2.70613,-1.03777,1,-0.478318,0.145314,0,0.171959,-0.314653,0,0.00731183,23,26.1,0.999997,-3,1,5.40167e-06,0,0,1.49012e-05,0,0,0.00794235,24,26.1,2,0,1,9.68575e-06,0,0,5.96046e-05,0,0,0.0128277,25,26.1,0.641938,-1.00001,1,-0.0343,-1.49012e-05,0,-1.00001,5.96046e-05,0,0.0138105,26,26.1,0.999995,4.12125e-05,1,4.00469e-06,-9.38617e-05,0,1.86265e-05,-4.88888e-05,0,0.00929535,27,26.1,-2.99615,3,1,-0.00589304,0,0,-0.00663102,0,0,0.00595685,28,26.1,2.98836,-2.00166,1,0.0806514,-0.000644103,0,-0.361905,0.0164956,0,0.00609247,29,26.1,2.99984,1,1,-0.00364594,-1.86265e-05,0,-0.0755638,-2.98023e-05,0,0.00668258,30,26.1,2,3,1,-5.21541e-06,0,0,1.49012e-05,0,0,0.00774413,31,26.1,-1.99977,2.99686,1,0.000330061,0.00538863,0,-0.00281632,0.00347197,0,0.00569951,32,26.1,5.46707e-05,2.99999,1,-6.73753e-05,-5.58794e-06,0,-0.000233417,1.49012e-05,0,0.00808209,33,26.1,-2.91158,1.00018,1,-0.278137,-0.000914931,0,0.459746,0.00189245,0,0.007943,34,26.1,-1.99734,2.00014,1,0.00553317,-0.000389293,0,-0.035733,-7.45058e-05,0,0.0109091,35,26.1,-1.99981,0.915979,1,-0.000221096,0.294662,0,-0.000499189,-0.424616,0,0.0120824
0,26.2,-1.03584,-1.74369,1,0.144961,-0.467056,0,-0.320613,0.214934,0,0.0108464,1,26.2,1.00001,-2,1,-2.98023e-06,5.96046e-06,0,0,-0.000238419,0,0.0121908,2,26.2,3,-0.999946,1,-5.96046e-06,-5.21541e-05,0,-0.000119209,-0.000238419,0,0.00527375,3,26.2,-0.999955,-2.98463,1,-0.00050962,-0.0955462,0,0.00137091,0.380635,0,0.00874644,4,26.2,-2.00541,-2.00128,1,0.116217,0.0122368,0,-0.395,-0.0315905,0,0.0094689,5,26.2,3,-2.99998,1,0,-0.000309944,0,0,0.00357628,0,0.00419977,6,26.2,-3,0.0569166,1,0,-0.250496,0,0,0.456611,0,0.00807074,7,26.2,-1,2.99994,1,-0.000140071,-0.000154972,0,0.000417233,0.000476837,0,0.0111668,8,26.2,-0.808925,0.000992766,1,-0.430736,-0.00223676,0,0.355333,0.00095909,0,0.0163832,9,26.2,-2.00137,-2.99997,1,-0.0931561,-4.17233e-05,0,0.362754,0,0,0.0096358,10,26.2,-2.05677,-0.00014329,1,0.251406,0.0002963,0,-0.459671,-4.74043e-06,0,0.0115335,11,26.2,0.999834,1.99999,1,-0.00155568,5.96046e-06,0,0.00596046,5.96046e-05,0,0.0117027,12,26.2,1.99999,-1.71429,1,0.00320077,0.099194,0,0.00727177,0.999987,0,0.012888,13,26.2,3,5.15273e-05,1,0,-5.98012e-05,0,0,-0.000231465,0,0.00623719,14,26.2,-2.95976,-3,1,-0.179416,0,0,0.503182,0,0,0.0063536,15,26.2,1.64055,-0.997915,1,-0.121728,-0.00744313,0,-0.999987,0.00977516,0,0.010907,16,26.2,-3,-2.01352,1,0,0.152278,0,0,-0.456214,0,0.00669997,17,26.2,-1.30466,-0.842117,1,-0.500003,-0.32503,0,5.96046e-05,0.370204,0,0.0103264,18,26.2,-3,1.99969,1,5.96046e-06,-0.00118613,0,-0.000119209,0.00602007,0,0.00929413,19,26.2,1.00004,0.99972,1,0.000214577,-0.00126064,0,-0.000953674,0.00599027,0,0.0109892,20,26.2,2.8768e-06,2.00003,1,-6.53904e-06,-9.53674e-05,0,-3.47609e-06,-0.000119209,0,0.0147595,21,26.2,-0.24346,-1.22487,1,-0.499679,0.400653,0,-0.0064075,-0.335872,0,0.0105643,22,26.2,-2.75297,-1.02476,1,-0.457048,0.115293,0,0.254273,-0.285327,0,0.00731826,23,26.2,0.999998,-3,1,5.96046e-06,0,0,2.98023e-05,0,0,0.00792033,24,26.2,2,0,1,1.19209e-05,0,0,0,0,0,0.0128254,25,26.2,0.633508,-1.00001,1,-0.1343,-8.9407e-06,0,-1.00002,5.96046e-05,0,0.0139909,26,26.2,0.999996,3.17203e-05,1,5.96046e-06,-9.469e-05,0,0,2.87173e-05,0,0.0109409,27,26.2,-2.99676,3,1,-0.00628829,0,0,-0.0013113,0,0,0.0055573,28,26.2,2.99474,-2.00165,1,0.0482678,0.00077486,0,-0.285029,0.0118017,0,0.00576689,29,26.2,2.99917,1,1,-0.00895858,-1.78814e-05,0,-0.0331402,0,0,0.00516212,30,26.2,2,3,1,-2.98023e-06,0,0,0,0,0,0.00747312,31,26.2,-1.99975,2.99741,1,8.04663e-05,0.00551939,0,-0.00226498,-0.000715256,0,0.00515486,32,26.2,4.69615e-05,2.99999,1,-8.49358e-05,-5.96046e-06,0,-0.000120963,0.000119209,0,0.00823638,33,26.2,-2.93704,1.0001,1,-0.230616,-0.000727177,0,0.484705,0.00184774,0,0.00803559,34,26.2,-1.99695,2.0001,1,0.002262,-0.000375509,0,-0.0296831,0.000119209,0,0.01068,35,26.2,-1.99984,0.943257,1,-0.00025928,0.25036,0,-0.000238419,-0.456691,0,0.0133067
0,26.3,-1.02289,-1.78915,1,0.114394,-0.440443,0,-0.290111,0.3139,0,0.0108464,1,26.3,1.00001,-2,1,-3.1665e-06,-1.15484e-05,0,-7.45058e-06,-0.00013411,0,0.0121908,2,26.3,3,-0.999953,1,-1.41561e-05,-7.10599e-05,0,-2.98023e-05,-0.000137836,0,0.00527375,3,26.3,-0.999999,-2.99239,1,-0.000376627,-0.060913,0,0.00127405,0.310808,0,0.00874644,4,26.3,-1.99568,-2.00021,1,0.0794234,0.00916701,0,-0.340037,-0.0295714,0,0.0094689,5,26.3,3,-3,1,0,-2.23517e-05,0,0,0.00220537,0,0.00419977,6,26.3,-3,0.0341661,1,0,-0.204462,0,0,0.459831,0,0.00807074,7,26.3,-1.00001,2.99992,1,-9.94653e-05,-0.000102818,0,0.00038743,0.000536442,0,0.0111668,8,26.3,-0.850102,0.000775288,1,-0.391677,-0.00209971,0,0.422943,0.00174527,0,0.0163832,9,26.3,-2.00896,-2.99998,1,-0.0597384,-4.17233e-05,0,0.305131,0,0,0.0096358,10,26.3,-2.03394,-0.000113941,1,0.20507,0.000288255,0,-0.46277,-0.000150176,0,0.0115335,11,26.3,0.999707,1.99999,1,-0.000992231,1.11759e-05,0,0.00527501,4.47035e-05,0,0.0117027,12,26.3,2.00034,-1.69938,1,0.00359379,0.199073,0,0.000908971,0.995167,0,0.012888,13,26.3,3,4.45771e-05,1,0,-7.74101e-05,0,0,-0.000124001,0,0.00623719,14,26.3,-2.97527,-3,1,-0.131528,0,0,0.451148,0,0,0.0063536,15,26.3,1.62339,-0.998608,1,-0.221215,-0.00641271,0,-0.981107,0.0107214,0,0.010907,16,26.3,-3,-2.00049,1,0,0.109185,0,0,-0.404067,0,0.00669997,17,26.3,-1.35466,-0.872759,1,-0.5,-0.287737,0,7.45058e-06,0.374112,0,0.0103264,18,26.3,-3,1.9996,1,-3.72529e-06,-0.000631064,0,-5.96046e-05,0.00506639,0,0.00929413,19,26.3,1.00005,0.999622,1,0.000125729,-0.000705011,0,-0.000812113,0.0050962,0,0.0109892,20,26.3,2.21523e-06,2.00002,1,-6.60193e-06,-0.000100583,0,1.95275e-06,0,0,0.0147595,21,26.3,-0.293447,-1.18654,1,-0.49998,0.365457,0,-0.000802726,-0.365883,0,0.0105643,22,26.3,-2.79723,-1.01461,1,-0.426538,0.0884311,0,0.351995,-0.251658,0,0.00731826,23,26.3,0.999998,-3,1,8.00937e-06,0,0,7.45058e-06,0,0,0.00792033,24,26.3,2,0,1,1.04308e-05,0,0,-2.98023e-05,0,0,0.0128254,25,26.3,0.615106,-1.00001,1,-0.233151,-3.1665e-06,0,-0.964288,5.21541e-05,0,0.0139909,26,26.3,0.999996,2.24964e-05,1,5.96046e-06,-8.88609e-05,0,0,8.4367e-05,0,0.0109409,27,26.3,-2.99739,3,1,-0.00619218,0,0,0.00301003,0,0,0.0055573,28,26.3,2.99827,-2.00152,1,0.023691,0.00174269,0,-0.206813,0.0076592,0,0.00576689,29,26.3,2.99816,1,1,-0.0107296,-1.66707e-05,0,-0.00411272,1.86265e-05,0,0.00516212,30,26.3,1.99999,3,1,-2.23517e-06,0,0,1.49012e-05,0,0,0.00747312,31,26.3,-1.99975,2.99795,1,-0.000115111,0.00527129,0,-0.00165403,-0.00405312,0,0.00515486,32,26.3,3.80266e-05,2.99999,1,-9.22217e-05,3.72529e-06,0,-2.85281e-05,5.96046e-05,0,0.00823638,33,26.3,-2.95767,1.00003,1,-0.182174,-0.000548456,0,0.478536,0.00170991,0,0.00803559,34,26.3,-1.99686,2.00006,1,-0.000363961,-0.000349805,0,-0.0228584,0.000372529,0,0.01068,35,26.3,-1.99986,0.965993,1,-0.000273436,0.204315,0,-4.47035e-05,-0.45998,0,0.0133067
0,26.4,-1.01285,-1.83149,1,0.0870407,-0.404966,0,-0.256538,0.392258,0,0.00978598,1,26.4,1.00001,-2,1,-2.98023e-06,-1.78814e-05,0,-5.96046e-05,-0.000119209,0,0.0113674,2,26.4,3,-0.99996,1,-1.78814e-05,-8.04663e-05,0,0,-5.96046e-05,0,0.00662868,3,26.4,-1.00003,-2.99705,1,-0.0002563,-0.0335217,0,0.00113249,0.23675,0,0.00783394,4,26.4,-1.98934,-1.99944,1,0.0483274,0.00635982,0,-0.281513,-0.0264645,0,0.00858194,5,26.4,3,-2.99999,1,0,0.000143051,0,0,0.00107288,0,0.00403671,6,26.4,-3,0.0159949,1,0,-0.159291,0,0,0.440195,0,0.008435,7,26.4,-1.00002,2.99991,1,-6.25849e-05,-4.76837e-05,0,0.000357628,0.000476837,0,0.0103442,8,26.4,-0.887065,0.000575082,1,-0.346757,-0.0018949,0,0.472277,0.00231586,0,0.0163471,9,26.4,-2.01351,-2.99998,1,-0.0321746,-3.57628e-05,0,0.246167,-0.000119209,0,0.00916791,10,26.4,-2.01573,-8.60644e-05,1,0.159621,0.000267437,0,-0.442863,-0.000260421,0,0.0103339,11,26.4,0.999633,1.99999,1,-0.000505149,1.49012e-05,0,0.00441074,0,0,0.0109542,12,26.4,2.00069,-1.67453,1,0.00344515,0.297254,0,-0.0038147,0.961363,0,0.0110911,13,26.4,3,3.63708e-05,1,0,-8.5252e-05,0,0,-3.60588e-05,0,0.00469177,14,26.4,-2.98627,-3,1,-0.0897467,0,0,0.382304,0,0,0.00631301,15,26.4,1.59649,-0.999195,1,-0.314802,-0.00531673,0,-0.867903,0.0110269,0,0.00929368,16,26.4,-3,-1.9915,1,0,0.0717133,0,0,-0.344396,0,0.00738882,17,26.4,-1.40466,-0.899666,1,-0.500003,-0.250497,0,5.96046e-05,0.369251,0,0.0110321,18,26.4,-3,1.99956,1,-5.96046e-06,-0.000175834,0,-0.000119209,0.00405312,0,0.00944014,19,26.4,1.00006,0.999575,1,5.06639e-05,-0.000244379,0,-0.000655651,0.00411272,0,0.0119727,20,26.4,1.57193e-06,2.00001,1,-6.19884e-06,-9.53674e-05,0,5.87124e-06,0.000119209,0,0.0143193,21,26.4,-0.343447,-1.15186,1,-0.5,0.327891,0,1.43051e-05,-0.383377,0,0.0103326,22,26.4,-2.83799,-1.00696,1,-0.387436,0.0649959,0,0.426292,-0.217021,0,0.00709844,23,26.4,0.999999,-3,1,8.9407e-06,0,0,-2.98023e-05,0,0,0.00804914,24,26.4,2.00001,0,1,5.96046e-06,0,0,0,0,0,0.0119134,25,26.4,0.587137,-1.00001,1,-0.324118,0,0,-0.837356,5.96046e-05,0,0.0135435,26,26.4,0.999997,1.40998e-05,1,5.96046e-06,-7.8469e-05,0,-2.98023e-05,0.000120445,0,0.0104626,27,26.4,-2.99799,3,1,-0.00572205,0,0,0.00607967,0,0,0.00658108,28,26.4,2.99973,-2.00132,1,0.00671148,0.00233054,0,-0.13423,0.00405312,0,0.00716675,29,26.4,2.9971,0.999998,1,-0.0101149,-1.49012e-05,0,0.014782,5.96046e-05,0,0.00633872,30,26.4,1.99999,3,1,0,0,0,0,0,0,0.00484414,31,26.4,-1.99977,2.99846,1,-0.00025332,0.00473857,0,-0.00113249,-0.00619888,0,0.00507395,32,26.4,2.87883e-05,2.99999,1,-9.1367e-05,1.19209e-05,0,4.21389e-05,0,0,0.00966682,33,26.4,-2.97354,0.999986,1,-0.135905,-0.00038594,0,0.442505,0.00149012,0,0.00780844,34,26.4,-1.997,2.00003,1,-0.00231564,-0.000303984,0,-0.0162125,0.000596046,0,0.00986328,35,26.4,-1.99989,0.984149,1,-0.000271201,0.15913,0,0.000119209,-0.440359,0,0.0118188
0,26.5,-1.00537,-1.86993,1,0.0631746,-0.362947,0,-0.220612,0.445038,0,0.00978598,1,26.5,1.00001,-2.00001,1,-7.82311e-06,-2.49594e-05,0,-2.98023e-05,-4.47035e-05,0,0.0113674,2,26.5,2.99999,-0.999969,1,-1.60187e-05,-8.27014e-05,0,4.47035e-05,7.45058e-06,0,0.00662868,3,26.5,-1.00005,-2.99935,1,-0.000151992,-0.0135127,0,0.000953674,0.164434,0,0.00783394,4,26.5,-1.98581,-1.99893,1,0.0231912,0.00391137,0,-0.221662,-0.0224486,0,0.00858194,5,26.5,3,-2.99997,1,0,0.000211224,0,0,0.000342727,0,0.00403671,6,26.5,-3,0.00220694,1,0,-0.117124,0,0,0.400903,0,0.008435,7,26.5,-1.00003,2.99991,1,-3.01749e-05,-1.86265e-06,0,0.000298023,0.000432134,0,0.0103442,8,26.5,-0.919321,0.000397852,1,-0.297896,-0.00164383,0,0.500627,0.00266854,0,0.0163471,9,26.5,-2.0156,-2.99998,1,-0.0105176,-4.28408e-05,0,0.18771,-4.47035e-05,0,0.00916791,10,26.5,-2.00192,-6.07623e-05,1,0.11721,0.000237363,0,-0.403114,-0.000335025,0,0.0103339,11,26.5,0.999603,1.99999,1,-0.000111014,1.49012e-05,0,0.00347197,0,0,0.0109542,12,26.5,2.00101,-1.64037,1,0.00293963,0.382177,0,-0.00612438,0.731066,0,0.0110911,13,26.5,3,2.77872e-05,1,0,-8.5285e-05,0,0,3.19829e-05,0,0.00469177,14,26.5,-2.99347,-3,1,-0.0554029,0,0,0.30373,0,0,0.00631301,15,26.5,1.56099,-0.999672,1,-0.391975,-0.0042228,0,-0.668369,0.0107735,0,0.00929368,16,26.5,-3,-1.98594,1,0,0.0404997,0,0,-0.279941,0,0.00738882,17,26.5,-1.45466,-0.922891,1,-0.5,-0.214236,0,7.45058e-06,0.354957,0,0.0110321,18,26.5,-3,1.99956,1,-1.15484e-05,0.00017602,0,-1.49012e-05,0.00298768,0,0.00944014,19,26.5,1.00007,0.99957,1,-7.07805e-06,0.000114646,0,-0.000506639,0.00308082,0,0.0119727,20,26.5,9.86085e-07,2,1,-5.47671e-06,-8.13976e-05,0,8.35953e-06,0.000171363,0,0.0143193,21,26.5,-0.393447,-1.121,1,-0.5,0.289136,0,0,-0.389874,0,0.0103326,22,26.5,-2.87451,-1.00149,1,-0.342063,0.0450538,0,0.477299,-0.18188,0,0.00709844,23,26.5,1,-3,1,6.33299e-06,0,0,-2.23517e-05,0,0,0.00804914,24,26.5,2.00001,0,1,5.58794e-06,0,0,-1.49012e-05,0,0,0.0119134,25,26.5,0.550854,-1.00001,1,-0.398216,5.02914e-06,0,-0.638552,3.72529e-05,0,0.0135435,26,26.5,0.999997,6.89158e-06,1,3.53903e-06,-6.53955e-05,0,-1.49012e-05,0.000138546,0,0.0104626,27,26.5,-2.99853,3,1,-0.00499859,0,0,0.00819564,0,0,0.00658108,28,26.5,2.99983,-2.00107,1,-0.00368208,0.00258721,0,-0.0763237,0.00120699,0,0.00716675,29,26.5,2.99619,0.999997,1,-0.00806972,-9.40636e-06,0,0.025034,4.84288e-05,0,0.00633872,30,26.5,1.99999,3,1,1.86265e-07,0,0,7.45058e-06,0,0,0.00484414,31,26.5,-1.9998,2.9989,1,-0.000340305,0.00403635,0,-0.000618398,-0.0076741,0,0.00507395,32,26.5,1.99531e-05,3,1,-8.45119e-05,1.19209e-05,0,9.16519e-05,0,0,0.00966682,33,26.5,-2.98501,0.999955,1,-0.094391,-0.000247732,0,0.384703,0.00127405,0,0.00780844,34,26.5,-1.9973,2,1,-0.00362359,-0.000241213,0,-0.0100881,0.000648201,0,0.00986328,35,26.5,-1.99992,0.99792,1,-0.000253692,0.116948,0,0.000238419,-0.401005,0,0.0118188
0,26.6,-1.00009,-1.90393,1,0.0429377,-0.316584,0,-0.184238,0.479043,0,0.00938239,1,26.6,1,-2.00001,1,-1.19209e-05,-2.38419e-05,0,0,0,0,0.0126617,2,26.6,2.99999,-0.999977,1,-1.78814e-05,-7.89762e-05,0,0.000238419,5.96046e-05,0,0.00566353,3,26.6,-1.00006,-2.99999,1,-6.55651e-05,-0.000345707,0,0.000715256,0.100613,0,0.00742995,4,26.6,-1.9845,-1.99864,1,0.00387728,0.00188053,0,-0.165284,-0.0181794,0,0.00837949,5,26.6,3,-2.99995,1,0,0.000220537,0,0,-0.000119209,0,0.00506803,6,26.6,-3,-0.00758143,1,0,-0.0794888,0,0,0.350267,0,0.00834783,7,26.6,-1.00003,2.99991,1,-2.98023e-06,3.57628e-05,0,0.000238419,0.000476837,0,0.00711787,8,26.6,-0.946592,0.000247137,1,-0.247441,-0.00136801,0,0.504702,0.00281644,0,0.0141467,9,26.6,-2.0158,-2.99999,1,0.00553131,-4.17233e-05,0,0.133991,0,0,0.00875562,10,26.6,-1.99213,-3.87822e-05,1,0.0793785,0.000201559,0,-0.351965,-0.000375844,0,0.00905268,11,26.6,0.999608,1.99999,1,0.000190735,1.49012e-05,0,0.0025332,0,0,0.0127697,12,26.6,2.00128,-1.59891,1,0.00225306,0.442883,0,-0.00762939,0.483155,0,0.0090557,13,26.6,3,1.95074e-05,1,0,-7.9502e-05,0,0,8.06281e-05,0,0.00441255,14,26.6,-2.99762,-3,1,-0.0290573,0,0,0.223517,0,0,0.00648885,15,26.6,1.51882,-1.00004,1,-0.44767,-0.00317395,0,-0.444531,0.0100732,0,0.00881159,16,26.6,-3,-1.98318,1,0,0.015676,0,0,-0.216901,0,0.0067756,17,26.6,-1.50466,-0.942571,1,-0.500003,-0.179693,0,5.96046e-05,0.335008,0,0.010662,18,26.6,-3,1.99959,1,-1.19209e-05,0.000423193,0,0,0.00208616,0,0.00821802,19,26.6,1.00006,0.999595,1,-4.76837e-05,0.000374019,0,-0.000417233,0.00214577,0,0.0153311,20,26.6,4.82859e-07,2,1,-4.56585e-06,-6.55651e-05,0,9.68018e-06,0.000238419,0,0.0153449,21,26.6,-0.443447,-1.09404,1,-0.5,0.250262,0,1.43051e-05,-0.38594,0,0.00925232,22,26.6,-2.90627,-0.997836,1,-0.292754,0.0285909,0,0.505209,-0.147641,0,0.00771714,23,26.6,1,-3,1,2.98023e-06,0,0,0,0,0,0.00881413,24,26.6,2.00001,0,1,5.96046e-06,0,0,-0.000119209,0,0,0.0109214,25,26.6,0.508202,-1.00001,1,-0.451195,8.9407e-06,0,-0.420779,5.96046e-05,0,0.0143507,26,26.6,0.999998,1.05757e-06,1,1.49012e-06,-5.12077e-05,0,0,0.000143208,0,0.00972907,27,26.6,-2.99899,3,1,-0.00411868,0,0,0.00917912,0,0,0.00579829,28,26.6,2.99916,-2.00081,1,-0.00904799,0.0025928,0,-0.0333786,-0.000953674,0,0.00915767,29,26.6,2.99551,0.999996,1,-0.00531077,-4.47035e-06,0,0.0293255,5.96046e-05,0,0.00617193,30,26.6,1.99999,3,1,0,0,0,5.96046e-05,0,0,0.00679469,31,26.6,-1.99983,2.99926,1,-0.00038147,0.00323653,0,-0.000238419,-0.00822544,0,0.00513398,32,26.6,1.20191e-05,3,1,-7.36523e-05,5.96046e-06,0,0.000122696,0.000119209,0,0.00982038,33,26.6,-2.99264,0.999936,1,-0.0594437,-0.00013262,0,0.312567,0.00104308,0,0.00776059,34,26.6,-1.99771,1.99998,1,-0.00436306,-0.000178814,0,-0.00488758,0.000655651,0,0.010476,35,26.6,-1.99994,1.00769,1,-0.000226498,0.079304,0,0.000298023,-0.350237,0,0.0119888
0,26.7,-0.99666,-1.93316,1,0.0263349,-0.267804,0,-0.148144,0.492662,0,0.00938239,1,26.7,1,-2.00001,1,-1.17347e-05,-2.19792e-05,0,7.45058e-06,4.47035e-05,0,0.0126617,2,26.7,2.99999,-0.999984,1,1.11759e-06,-7.12462e-05,0,0.000163913,9.31323e-05,0,0.00566353,3,26.7,-1.00007,-2.99961,1,-2.79397e-06,0.00713952,0,0.000543892,0.0515133,0,0.00742995,4,26.7,-1.98485,-1.99854,1,-0.0100147,0.000283495,0,-0.113741,-0.0137985,0,0.00837949,5,26.7,3,-2.99993,1,0,0.000191852,0,0,-0.000432134,0,0.00506803,6,26.7,-3,-0.0138761,1,0,-0.0473872,0,0,0.291351,0,0.00834783,7,26.7,-1.00003,2.99992,1,1.73226e-05,7.59959e-05,0,0.000171363,0.000327826,0,0.00711787,8,26.7,-0.968835,0.000124417,1,-0.19774,-0.00108705,0,0.485994,0.00277732,0,0.0141467,9,26.7,-2.01466,-2.99999,1,0.016484,-3.7998e-05,0,0.0863522,8.9407e-05,0,0.00875562,10,26.7,-1.98586,-2.05326e-05,1,0.0471335,0.000163274,0,-0.29254,-0.000385529,0,0.00905268,11,26.7,0.999638,1.99999,1,0.000400376,1.49012e-05,0,0.00167266,0,0,0.0127697,12,26.7,2.00146,-1.5526,1,0.00146441,0.479406,0,-0.00803173,0.25446,0,0.0090557,13,26.7,3,1.20176e-05,1,0,-6.97877e-05,0,0,0.000110967,0,0.00441255,14,26.7,-2.99954,-3,1,-0.0105117,0,0,0.149146,0,0,0.00648885,15,26.7,1.4722,-1.00031,1,-0.481081,-0.002224,0,-0.232197,0.00889599,0,0.00881159,16,26.7,-3,-1.9826,1,0,-0.00297017,0,0,-0.157118,0,0.0067756,17,26.7,-1.55466,-0.958907,1,-0.499988,-0.147467,0,0.000491738,0.308938,0,0.010662,18,26.7,-3,1.99964,1,-7.82311e-06,0.000584684,0,4.47035e-05,0.00116974,0,0.00821802,19,26.7,1.00006,0.999642,1,-8.06525e-05,0.000543334,0,-0.000245869,0.00125915,0,0.0153311,20,26.7,7.54753e-08,1.99999,1,-3.57721e-06,-4.28408e-05,0,9.95999e-06,0.000208616,0,0.0153449,21,26.7,-0.493447,-1.07092,1,-0.5,0.212357,0,-5.66244e-06,-0.37095,0,0.00925232,22,26.7,-2.933,-0.995659,1,-0.241597,0.0154878,0,0.513062,-0.114899,0,0.00771714,23,26.7,1,-3,1,2.98023e-06,0,0,0,0,0,0.00881413,24,26.7,2.00001,0,1,-4.09782e-06,0,0,-7.45058e-05,0,0,0.0109214,25,26.7,0.461339,-1.00001,1,-0.482648,1.37836e-05,0,-0.216763,2.98023e-05,0,0.0143507,26,26.7,0.999998,-3.35531e-06,1,1.49012e-06,-3.7166e-05,0,0,0.000136288,0,0.00972907,27,26.7,-2.99935,3,1,-0.00318848,0,0,0.00928342,0,0,0.00579829,28,26.7,2.99814,-2.00056,1,-0.0108294,0.00241548,0,-0.00411272,-0.0025034,0,0.00915767,29,26.7,2.99513,0.999996,1,-0.00237897,5.58794e-07,0,0.028789,3.72529e-05,0,0.00617193,30,26.7,2,3,1,5.02914e-06,0,0,3.72529e-05,0,0,0.00679469,31,26.7,-1.99987,2.99954,1,-0.000387803,0.00242367,0,0.000104308,-0.00792742,0,0.00513398,32,26.7,5.29673e-06,3,1,-6.05587e-05,1.15484e-05,0,0.000136889,1.49012e-05,0,0.00982038,33,26.7,-2.99715,0.999928,1,-0.032093,-4.06057e-05,0,0.234321,0.000804663,0,0.00776059,34,26.7,-1.99816,1.99997,1,-0.0046283,-0.000116602,0,-0.000596046,0.000596046,0,0.010476,35,26.7,-1.99996,1.01397,1,-0.000193715,0.0472076,0,0.000342727,-0.291273,0,0.0119888
0,26.8,-0.99471,-1.95748,1,0.0132337,-0.218773,0,-0.114352,0.484586,0,0.0117895,1,26.8,1,-2.00001,1,-1.19209e-05,-1.19209e-05,0,5.96046e-05,0,0,0.0107556,2,26.8,2.99999,-0.999991,1,5.96046e-06,-6.10948e-05,0,0.000238419,0.000119209,0,0.0065709,3,26.8,-1.00006,-2.9987,1,4.47035e-05,0.0104189,0,0.000357628,0.0158548,0,0.008126,4,26.8,-1.98635,-1.99857,1,-0.0191122,-0.000891089,0,-0.069499,-0.00977516,0,0.00959907,5,26.8,3,-2.99991,1,0,0.000143051,0,0,-0.000596046,0,0.00590934,6,26.8,-3,-0.0172582,1,0,-0.0212563,0,0,0.231305,0,0.00806882,7,26.8,-1.00002,2.99993,1,3.27826e-05,0.000101328,0,5.96046e-05,0.000238419,0,0.0113914,8,26.8,-0.986233,2.93572e-05,1,-0.150831,-0.000817056,0,0.449657,0.00260298,0,0.014473,9,26.8,-2.01265,-3,1,0.0230551,-2.98023e-05,0,0.0466108,0,0,0.00752517,10,26.8,-1.9825,-6.11893e-06,1,0.0209093,0.000125228,0,-0.232041,-0.000371972,0,0.0106977,11,26.8,0.999685,1.99999,1,0.000528991,1.19209e-05,0,0.000923872,5.96046e-05,0,0.0105429,12,26.8,2.00157,-1.5037,1,0.000667572,0.49575,0,-0.00786781,0.0849962,0,0.00981687,13,26.8,3,5.62524e-06,1,0,-5.78022e-05,0,0,0.0001265,0,0.00462769,14,26.8,-2.99995,-3,1,0.00120997,0,0,0.087738,0,0,0.00666492,15,26.8,1.42322,-1.00049,1,-0.496069,-0.00139773,0,-0.0786185,0.007689,0,0.00874229,16,26.8,-3,-1.98359,1,0,-0.015977,0,0,-0.104129,0,0.00789412,17,26.8,-1.60465,-0.972157,1,-0.499806,-0.118005,0,0.0038743,0.279874,0,0.00898849,18,26.8,-3,1.99971,1,0,0.000664592,0,0,0.000417233,0,0.00731773,19,26.8,1.00005,0.999701,1,-0.000101328,0.000631809,0,-5.96046e-05,0.000536442,0,0.012541,20,26.8,-2.32896e-07,1.99999,1,-2.59738e-06,-2.38419e-05,0,9.53407e-06,0.000178814,0,0.0125732,21,26.8,-0.543447,-1.0515,1,-0.5,0.176296,0,-2.98023e-05,-0.349283,0,0.00934399,22,26.8,-2.95461,-0.994634,1,-0.191045,0.00551194,0,0.494242,-0.0852048,0,0.00787318,23,26.8,1,-3,1,0,0,0,5.96046e-05,0,0,0.0079494,24,26.8,2.00001,0,1,-5.96046e-06,0,0,-0.000238419,0,0,0.0109958,25,26.8,0.412261,-1.00001,1,-0.496475,1.49012e-05,0,-0.0704974,5.96046e-05,0,0.0135904,26,26.8,0.999998,-6.41108e-06,1,2.98023e-06,-2.41804e-05,0,-2.98023e-05,0.000122459,0,0.00947695,27,26.8,-2.99962,3,1,-0.00229478,0,0,0.00870228,0,0,0.00564471,28,26.8,2.99708,-2.00033,1,-0.0102103,0.00211596,0,0.0151396,-0.00357628,0,0.0086153,29,26.8,2.99503,0.999997,1,0.000357628,4.47035e-06,0,0.0255108,0,0,0.00570231,30,26.8,2,3,1,5.96046e-06,0,0,5.96046e-05,0,0,0.00639115,31,26.8,-1.99991,2.99975,1,-0.000366569,0.00167489,0,0.000417233,-0.00703335,0,0.00604832,32,26.8,-6.69916e-08,3,1,-4.66856e-05,1.19209e-05,0,0.000138746,-0.000119209,0,0.00852245,33,26.8,-2.99932,0.999927,1,-0.0124812,2.83122e-05,0,0.159144,0.000566244,0,0.0083577,34,26.8,-1.99862,1.99996,1,-0.00451803,-5.96046e-05,0,0.0026226,0.000476837,0,0.00884487,35,26.8,-1.99998,1.01733,1,-0.000157952,0.0210851,0,0.000357628,-0.231147,0,0.0112316
0,26.9,-0.993905,-1.97698,1,0.00337772,-0.17157,0,-0.0834316,0.456721,0,0.0117895,1,26.9,1,-2.00001,1,-6.89179e-06,-1.00583e-05,0,3.72529e-05,4.47035e-05,0,0.0107556,2,26.9,3,-0.999996,1,1.9744e-05,-4.87082e-05,0,4.47035e-05,0.000130385,0,0.0065709,3,26.9,-1.00006,-2.99762,1,7.35745e-05,0.010765,0,0.000230968,-0.00728667,0,0.008126,4,26.9,-1.98854,-1.9987,1,-0.02416,-0.00168104,0,-0.0328422,-0.00611693,0,0.00959907,5,26.9,3,-2.9999,1,0,8.15839e-05,0,0,-0.00064075,0,0.00590934,6,26.9,-3,-0.0183278,1,0,-0.00112,0,0,0.172247,0,0.00806882,7,26.9,-1.00002,2.99994,1,3.74392e-05,0.000116602,0,2.23517e-05,7.45058e-05,0,0.0113914,8,26.9,-0.999149,-3.97824e-05,1,-0.108346,-0.000570524,0,0.398513,0.00231611,0,0.014473,9,26.9,-2.01017,-3,1,0.0260457,-2.16067e-05,0,0.0146031,0.000149012,0,0.00752517,10,26.9,-1.98147,4.59397e-06,1,0.000721216,8.95864e-05,0,-0.17257,-0.000338682,0,0.0106977,11,26.9,0.999742,1.99999,1,0.000588875,1.60187e-05,0,0.000301749,1.49012e-05,0,0.0105429,12,26.9,2.0016,-1.45387,1,-6.48201e-05,0.499734,0,-0.00676513,0.0106245,0,0.00981687,13,26.9,3,4.85677e-07,1,0,-4.49501e-05,0,0,0.000128879,0,0.00462769,14,26.9,-2.99947,-3,1,0.00763088,0,0,0.0429749,0,0,0.00666492,15,26.9,1.37339,-1.00059,1,-0.498876,-0.00070408,0,0.0164807,0.00619888,0,0.00874229,16,26.9,-3,-1.98563,1,0,-0.0240514,0,0,-0.0588521,0,0.00789412,17,26.9,-1.65456,-0.982611,1,-0.497507,-0.0916111,0,0.0481829,0.24778,0,0.00898849,18,26.9,-3,1.99977,1,0,0.000675954,0,0,-0.000171363,0,0.00731773,19,26.9,1.00004,0.999766,1,-0.000103004,0.00065472,0,2.23517e-05,-5.21541e-05,0,0.012541,20,26.9,-4.46498e-07,1.99999,1,-1.6915e-06,-7.82311e-06,0,8.52546e-06,0.00013411,0,0.0125732,21,26.9,-0.593432,-1.03557,1,-0.499415,0.142818,0,0.0172034,-0.319719,0,0.00934399,22,26.9,-2.97131,-0.994463,1,-0.143458,-0.00165924,0,0.453889,-0.0589117,0,0.00787318,23,26.9,1,-3,1,4.84288e-06,0,0,2.98023e-05,0,0,0.0079494,24,26.9,2,0,1,-2.34693e-05,0,0,-0.00013411,0,0,0.0109958,25,26.9,0.362432,-1,1,-0.498455,1.8999e-05,0,0.0292677,1.49012e-05,0,0.0135904,26,26.9,0.999998,-8.24777e-06,1,5.58794e-07,-1.28733e-05,0,-1.49012e-05,0.00010329,0,0.00947695,27,26.9,-2.99981,3,1,-0.00148788,0,0,0.00736117,0,0,0.00564471,28,26.9,2.99615,-2.00014,1,-0.0081297,0.00173524,0,0.0253767,-0.00399351,0,0.0086153,29,26.9,2.99519,0.999997,1,0.00265017,4.47035e-06,0,0.020206,0,0,0.00570231,30,26.9,2,3,1,1.08033e-05,0,0,2.98023e-05,0,0,0.00639115,31,26.9,-1.99995,2.99988,1,-0.000318326,0.00103414,0,0.000528991,-0.00572205,0,0.00604832,32,26.9,-4.05331e-06,3,1,-3.3186e-05,2.23517e-06,0,0.000130064,-5.96046e-05,0,0.00852245,33,26.9,-2.99989,0.999932,1,0.000118837,7.48783e-05,0,0.0956506,0.000372529,0,0.0083577,34,26.9,-1.99905,1.99995,1,-0.00413526,-1.63913e-05,0,0.00486523,0.00038743,0,0.00884487,35,26.9,-1.99999,1.01838,1,-0.000122748,0.000966154,0,0.000350177,-0.172071,0,0.0112316
0,27,-0.993938,-1.99192,1,-0.00358522,-0.127909,0,-0.0565648,0.414491,0,0.0108035,1,27,1,-2.00001,1,-2.98023e-06,-5.96046e-06,0,0,0.000119209,0,0.0119165,2,27,3,-1,1,1.78814e-05,-3.8743e-05,0,0,0.000178814,0,0.00566736,3,27,-1.00005,-2.99661,1,9.23872e-05,0.00926256,0,5.96046e-05,-0.0215769,0,0.00815088,4,27,-1.99107,-1.9989,1,-0.0259489,-0.00213385,0,-0.00423193,-0.00309944,0,0.0079321,5,27,3,-2.9999,1,0,2.38419e-05,0,0,-0.000715256,0,0.0055331,6,27,-3,-0.0176703,1,0,0.0133756,0,0,0.118663,0,0.00768731,7,27,-1.00002,2.99995,1,3.8743e-05,0.000119209,0,0,0,0,0.00974484,8,27,-1.00809,-8.58076e-05,1,-0.0713795,-0.000355703,0,0.339985,0.00197313,0,0.0129889,9,27,-2.00753,-3,1,0.026232,-1.19209e-05,0,-0.00953674,0.000238419,0,0.00746035,10,27,-1.98217,1.19291e-05,1,-0.0137895,5.78546e-05,0,-0.118554,-0.000294492,0,0.00890463,11,27,0.999801,2,1,0.000594556,1.78814e-05,0,-0.000208616,0,0,0.0105993,12,27,2.00156,-1.40387,1,-0.000679493,0.500003,0,-0.00548363,-5.96046e-05,0,0.0103211,13,27,3,-3.37244e-06,1,0,-3.232e-05,0,0,0.000122448,0,0.00460576,14,27,-2.99855,-3,1,0.0102222,0,0,0.0109673,0,0,0.00718925,15,27,1.32372,-1.00064,1,-0.492996,-0.000154972,0,0.104785,0.00488758,0,0.00792459,16,27,-3,-1.98826,1,0,-0.028038,0,0,-0.0222921,0,0.00679095,17,27,-1.70395,-0.990588,1,-0.489157,-0.0684813,0,0.122905,0.214756,0,0.00936139,18,27,-3,1.99984,1,0,0.00063777,0,0,-0.000596046,0,0.00709922,19,27,1.00003,0.99983,1,-9.53674e-05,0.000625849,0,0,-0.000476837,0,0.0130655,20,27,-5.75083e-07,1.99999,1,-9.01801e-07,2.98023e-06,0,7.23139e-06,0.000119209,0,0.0120379,21,27,-0.643221,-1.02284,1,-0.495593,0.11245,0,0.0633895,-0.287235,0,0.00911205,22,27,-2.98347,-0.994885,1,-0.100881,-0.00640601,0,0.395298,-0.0367165,0,0.00785064,23,27,1,-3,1,5.96046e-06,0,0,0,0,0,0.00805626,24,27,2,0,1,-2.98023e-05,0,0,-5.96046e-05,0,0,0.0122058,25,27,0.312893,-1,1,-0.49072,2.08616e-05,0,0.126064,-5.96046e-05,0,0.0136774,26,27,0.999998,-9.05296e-06,1,0,-3.57852e-06,0,-2.98023e-05,8.24375e-05,0,0.0101865,27,27,-2.99993,3,1,-0.000828505,0,0,0.00572205,0,0,0.00425416,28,27,2.99547,-1.99998,1,-0.00533462,0.00133216,0,0.0295639,-0.00405312,0,0.00790855,29,27,2.99554,0.999997,1,0.00438094,4.47035e-06,0,0.0144243,0,0,0.00698518,30,27,2,3,1,1.19209e-05,0,0,0,0,0,0.00704122,31,27,-1.99997,2.99996,1,-0.00025928,0.000536442,0,0.000536442,-0.00441074,0,0.00531093,32,27,-6.74404e-06,3,1,-2.0875e-05,-5.96046e-06,0,0.000115317,0,0,0.00823802,33,27,-2.99948,0.999942,1,0.0071764,0.000102818,0,0.0476837,0.000208616,0,0.00922703,34,27,-1.99944,1.99995,1,-0.00357032,1.78814e-05,0,0.00619888,0.000298023,0,0.00955925,35,27,-2,1.01771,1,-8.9407e-05,-0.0135094,0,0.000357628,-0.118494,0,0.0112109
0,27.1,-0.99454,-2.00272,1,-0.00806944,-0.0891035,0,-0.0338815,0.360556,0,0.0108035,1,27.1,1,-2.00001,1,-2.98023e-06,4.09782e-06,0,0,7.45058e-05,0,0.0119165,2,27.1,3,-1,1,1.3411e-05,-2.27243e-05,0,-5.96046e-05,0.00013411,0,0.00566736,3,27.1,-1.00004,-2.9958,1,9.48086e-05,0.00672787,0,-7.45058e-06,-0.028193,0,0.00815088,4,27.1,-1.99365,-1.99912,1,-0.0252696,-0.00231471,0,0.0165924,-0.000618398,0,0.0079321,5,27.1,3,-2.9999,1,0,-3.91155e-05,0,0,-0.000551343,0,0.0055331,6,27.1,-3,-0.0158214,1,0,0.0228175,0,0,0.0715671,0,0.00768731,7,27.1,-1.00001,2.99996,1,3.78117e-05,0.000112876,0,-2.23517e-05,-0.000104308,0,0.00974484,8,27.1,-1.01363,-0.000112145,1,-0.0405524,-0.000177384,0,0.276595,0.00159304,0,0.0129889,9,27.1,-2.00499,-3,1,0.0243895,6.70552e-06,0,-0.0261664,0.000149012,0,0.00746035,10,27.1,-1.98406,1.6328e-05,1,-0.0232086,3.09908e-05,0,-0.0712425,-0.000242426,0,0.00890463,11,27.1,0.999859,2,1,0.000555813,1.69501e-05,0,-0.000543892,-2.23517e-05,0,0.0105993,12,27.1,2.00147,-1.354,1,-0.00115223,0.496106,0,-0.00400841,-0.0786856,0,0.0103211,13,27.1,3,-6.01319e-06,1,0,-2.07233e-05,0,0,0.000108782,0,0.00460576,14,27.1,-2.99751,-3,1,0.0102069,0,0,-0.00976026,0,0,0.00718925,15,27.1,1.2751,-1.00063,1,-0.478103,0.000268593,0,0.193208,0.00360608,0,0.00792459,16,27.1,-3,-1.99113,1,0,-0.028803,0,0,0.00558048,0,0.00679095,17,27.1,-1.75206,-0.99642,1,-0.471034,-0.04874,0,0.237033,0.180312,0,0.00936139,18,27.1,-3,1.9999,1,0,0.000564009,0,0,-0.000849366,0,0.00709922,19,27.1,1.00002,0.99989,1,-9.10833e-05,0.000562519,0,8.19564e-05,-0.00076741,0,0.0130655,20,27.1,-6.31576e-07,1.99999,1,-2.52865e-07,1.24797e-05,0,5.74422e-06,8.19564e-05,0,0.0120379,21,27.1,-0.692363,-1.01297,1,-0.486162,0.085482,0,0.128284,-0.251919,0,0.00911205,22,27.1,-2.9917,-0.995677,1,-0.0648279,-0.00914074,0,0.324354,-0.0186935,0,0.00785064,23,27.1,1,-3,1,5.21541e-06,0,0,-1.49012e-05,0,0,0.00805626,24,27.1,2,0,1,-3.241e-05,0,0,0,0,0,0.0122058,25,27.1,0.264603,-1,1,-0.473554,1.50874e-05,0,0.21674,-5.21541e-05,0,0.0136774,26,27.1,0.999998,-9.03499e-06,1,-2.04891e-06,3.57972e-06,0,-7.45058e-06,6.09488e-05,0,0.0101865,27,27.1,-2.99998,3,1,-0.000338629,0,0,0.00406802,0,0,0.00425416,28,27.1,2.99509,-1.99987,1,-0.00238046,0.000938773,0,0.0289977,-0.00378489,0,0.00790855,29,27.1,2.99604,0.999998,1,0.00551604,4.47035e-06,0,0.00835955,0,0,0.00698518,30,27.1,2,3,1,1.11759e-05,0,0,-1.49012e-05,0,0,0.00704122,31,27.1,-2,2.99999,1,-0.00020396,0.000176579,0,0.000573695,-0.00286102,0,0.00531093,32,27.1,-8.28641e-06,3,1,-1.0295e-05,-5.96046e-06,0,9.59848e-05,0,0,0.00823802,33,27.1,-2.99859,0.999953,1,0.0101749,0.000116415,0,0.0142604,7.45058e-05,0,0.00922703,34,27.1,-1.99977,1.99996,1,-0.00291523,4.32134e-05,0,0.00680238,0.000208616,0,0.00955925,35,27.1,-2.00001,1.01585,1,-5.58794e-05,-0.0229333,0,0.000298023,-0.0713766,0,0.0112109
0,27.2,-0.995484,-2.00993,1,-0.0105113,-0.0559628,0,-0.015676,0.301838,0,0.00983861,1,27.2,1,-2.00001,1,-2.98023e-06,1.19209e-05,0,2.98023e-05,0.000119209,0,0.0113497,2,27.2,3,-1.00001,1,5.96046e-06,-1.19209e-05,0,-0.000119209,0.000178814,0,0.00640174,3,27.2,-1.00003,-2.99527,1,9.23872e-05,0.00379682,0,-0.000119209,-0.0299215,0,0.0087435,4,27.2,-1.99607,-1.99935,1,-0.0228584,-0.0022769,0,0.0306368,0.00113249,0,0.00801869,5,27.2,3,-2.9999,1,0,-8.34465e-05,0,0,-0.000476837,0,0.00689542,6,27.2,-3,-0.01325,1,0,0.027964,0,0,0.0327211,0,0.00815237,7,27.2,-1.00001,2.99997,1,3.27826e-05,0.000101328,0,0,-0.000238419,0,0.0073035,8,27.2,-1.01641,-0.000122547,1,-0.0160128,-3.68957e-05,0,0.214636,0.00121893,0,0.0152112,9,27.2,-2.0027,-3,1,0.0212073,1.78814e-05,0,-0.0365973,0,0,0.00924265,10,27.2,-1.98667,1.83033e-05,1,-0.0283152,9.39945e-06,0,-0.0322461,-0.000189457,0,0.00864222,11,27.2,0.999911,2,1,0.000488758,1.78814e-05,0,-0.000745058,-0.000119209,0,0.0134559,12,27.2,2.00133,-1.30492,1,-0.0014782,0.484166,0,-0.00274181,-0.160277,0,0.0101068,13,27.2,3,-7.56899e-06,1,0,-1.06782e-05,0,0,9.168e-05,0,0.00439457,14,27.2,-2.99657,-3,1,0.00854731,0,0,-0.0221729,0,0,0.00626323,15,27.2,1.2284,-1.00059,1,-0.454411,0.000569224,0,0.279963,0.0025034,0,0.00761537,16,27.2,-3,-1.99394,1,0,-0.0271887,0,0,0.0254512,0,0.00712882,17,27.2,-1.79781,-1.00045,1,-0.442293,-0.0323623,0,0.334978,0.147521,0,0.00893562,18,27.2,-3,1.99995,1,0,0.000467896,0,0,-0.000953674,0,0.00657872,19,27.2,1.00001,0.999942,1,-8.04663e-05,0.000476837,0,0.000119209,-0.000953674,0,0.0126922,20,27.2,-6.30616e-07,1.99999,1,2.47503e-07,2.08616e-05,0,4.27093e-06,0,0,0.0121549,21,27.2,-0.740211,-1.00562,1,-0.469467,0.0620872,0,0.207186,-0.215828,0,0.00878055,22,27.2,-2.99669,-0.99666,1,-0.03618,-0.0102788,0,0.248194,-0.00476837,0,0.00680964,23,27.2,1,-3,1,2.98023e-06,0,0,0,0,0,0.00765932,24,27.2,2,0,1,-2.98023e-05,0,0,5.96046e-05,0,0,0.0104157,25,27.2,0.218477,-1,1,-0.447545,1.04308e-05,0,0.302233,-5.96046e-05,0,0.0129637,26,27.2,0.999998,-8.40619e-06,1,-2.98023e-06,8.66478e-06,0,0,4.10651e-05,0,0.00845552,27,27.2,-3,3,1,-1.19209e-05,0,0,0.0025034,0,0,0.00403764,28,27.2,2.99499,-1.9998,1,0.000375509,0.000581145,0,0.02563,-0.00327826,0,0.00507539,29,27.2,2.99663,0.999998,1,0.00607967,2.98023e-06,0,0.00298023,2.98023e-05,0,0.00766055,30,27.2,2,3,1,5.96046e-06,0,0,0.000119209,0,0,0.00505425,31,27.2,-2.00002,3,1,-0.000149012,-4.76837e-05,0,0.000596046,-0.00166893,0,0.00537185,32,27.2,-8.86992e-06,3,1,-1.71726e-06,0,0,7.54767e-05,-0.000119209,0,0.00871066,33,27.2,-2.99754,0.999964,1,0.0103891,0.000117719,0,-0.00822544,-5.96046e-05,0,0.00735866,34,27.2,-2.00002,1.99996,1,-0.00222921,5.66244e-05,0,0.00691414,0.000178814,0,0.00940501,35,27.2,-2.00002,1.01327,1,-2.98023e-05,-0.0280619,0,0.000238419,-0.0324845,0,0.0135925
0,27.3,-0.996589,-2.01412,1,-0.0113513,-0.0288609,0,-0.00181049,0.240549,0,0.00983861,1,27.3,1,-2.00001,1,-4.65661e-07,2.16067e-05,0,1.86265e-05,5.96046e-05,0,0.0113497,2,27.3,3,-1.00001,1,-3.72529e-06,2.6077e-06,0,-5.96046e-05,0.000119209,0,0.00640174,3,27.3,-1.00002,-2.99504,1,7.97212e-05,0.0009045,0,-0.00013411,-0.0275075,0,0.0087435,4,27.3,-1.99818,-1.99957,1,-0.0193648,-0.00209324,0,0.0383854,0.00244379,0,0.00801869,5,27.3,3,-2.99991,1,0,-0.000120327,0,0,-0.00025332,0,0.00689542,6,27.3,-3,-0.0103444,1,0,0.0296409,0,0,0.00223869,0,0.00815237,7,27.3,-1.00001,2.99998,1,3.1665e-05,7.78586e-05,0,-2.98023e-05,-0.000223517,0,0.0073035,8,27.3,-1.01704,-0.000120752,1,0.00245236,6.68514e-05,0,0.155732,0.000862666,0,0.0152112,9,27.3,-2.00077,-3,1,0.0172762,1.63913e-05,0,-0.0412837,-2.98023e-05,0,0.00924265,10,27.3,-1.98961,1.83844e-05,1,-0.0299398,-6.91158e-06,0,-0.00168383,-0.000137559,0,0.00864222,11,27.3,0.999956,2,1,0.000407733,7.82311e-06,0,-0.000856817,-7.45058e-05,0,0.0134559,12,27.3,2.00117,-1.25743,1,-0.00169016,0.464259,0,-0.00150502,-0.237711,0,0.0101068,13,27.3,3,-8.21066e-06,1,0,-2.47819e-06,0,0,7.23095e-05,0,0.00439457,14,27.3,-2.99583,-3,1,0.00601411,0,0,-0.0276566,0,0,0.00626323,15,27.3,1.18452,-1.00052,1,-0.421619,0.00076443,0,0.371575,0.00143051,0,0.00761537,16,27.3,-3,-1.99651,1,0,-0.0239694,0,0,0.0378564,0,0.00712882,17,27.3,-1.8402,-1.003,1,-0.404167,-0.0192218,0,0.422306,0.115857,0,0.00893562,18,27.3,-3,1.99999,1,0,0.00036899,0,0,-0.00100583,0,0.00657872,19,27.3,1,0.999985,1,-6.6869e-05,0.000378676,0,0.000149012,-0.000998378,0,0.0126922,20,27.3,-5.86923e-07,1.99999,1,6.02909e-07,2.06754e-05,0,2.86522e-06,-7.45058e-06,0,0.0121549,21,27.3,-0.785945,-1.00043,1,-0.443543,0.0423891,0,0.307903,-0.178482,0,0.00878055,22,27.3,-2.99919,-0.997694,1,-0.0151433,-0.0102218,0,0.173479,0.00531971,0,0.00680964,23,27.3,1,-3,1,2.79397e-06,0,0,-7.45058e-06,0,0,0.00765932,24,27.3,1.99999,0,1,-2.29105e-05,0,0,8.19564e-05,0,0,0.0104157,25,27.3,0.175389,-0.999999,1,-0.412774,5.12227e-06,0,0.388767,-4.09782e-05,0,0.0129637,26,27.3,0.999998,-7.36527e-06,1,-2.51457e-06,1.18574e-05,0,1.11759e-05,2.32981e-05,0,0.00845552,27,27.3,-2.99999,3,1,0.000174716,0,0,0.0012964,0,0,0.00403764,28,27.3,2.99515,-1.99975,1,0.0026796,0.000280328,0,0.0203103,-0.00273436,0,0.00507539,29,27.3,2.99724,0.999999,1,0.00613667,5.02914e-06,0,-0.00165403,7.45058e-06,0,0.00766055,30,27.3,2,3,1,1.41561e-05,0,0,2.98023e-05,0,0,0.00505425,31,27.3,-2.00003,2.99999,1,-9.31323e-05,-0.000168011,0,0.000506639,-0.000789762,0,0.00537185,32,27.3,-8.69946e-06,3,1,4.78086e-06,-9.68575e-06,0,5.47483e-05,-5.96046e-05,0,0.00871066,33,27.3,-2.99657,0.999976,1,0.00884943,0.000108406,0,-0.0213236,-0.000119209,0,0.00735866,34,27.3,-2.00021,1.99997,1,-0.00156127,6.92904e-05,0,0.0063926,7.45058e-05,0,0.00940501,35,27.3,-2.00002,1.01035,1,-8.19564e-06,-0.0297161,0,0.000178814,-0.00201911,0,0.0135925
0,27.4,-0.997715,-2.0159,1,-0.0110045,-0.00776052,0,0.00819564,0.182033,0,0.0086781,1,27.4,1,-2.00001,1,0,2.38419e-05,0,5.96046e-05,0.000119209,0,0.0104412,2,27.4,3,-1,1,-5.96046e-06,1.19209e-05,0,-0.000119209,5.96046e-05,0,0.00593994,3,27.4,-1.00001,-2.99508,1,6.55651e-05,-0.00163913,0,-0.000119209,-0.0231266,0,0.00926517,4,27.4,-1.99992,-1.99977,1,-0.0153393,-0.00180602,0,0.0414252,0.00321865,0,0.00723073,5,27.4,3,-2.99993,1,0,-0.000143051,0,0,0,0,0.00527796,6,27.4,-3,-0.0074096,1,0,0.0286813,0,0,-0.0201552,0,0.00865589,7,27.4,-1,2.99999,1,2.68221e-05,5.36442e-05,0,0,-0.000119209,0,0.00968962,8,27.4,-1.0161,-0.000110296,1,0.0153601,0.000137037,0,0.103533,0.000548381,0,0.0161402,9,27.4,-1.99925,-3,1,0.0130862,1.19209e-05,0,-0.0419021,0,0,0.009513,10,27.4,-1.99257,1.70857e-05,1,-0.0289232,-1.82857e-05,0,0.0207424,-9.08622e-05,0,0.00798711,11,27.4,0.999993,2,1,0.000318885,0,0,-0.000834465,0,0,0.0138345,12,27.4,2.001,-1.21232,1,-0.00178814,0.436723,0,-0.000357628,-0.31209,0,0.00947766,13,27.4,3,-8.12894e-06,1,0,3.79512e-06,0,0,5.32805e-05,0,0.00434374,14,27.4,-2.99537,-3,1,0.00317097,0,0,-0.028491,0,0,0.00667738,15,27.4,1.14434,-1.00044,1,-0.380933,0.000861287,0,0.438094,0.000596046,0,0.00817476,16,27.4,-3,-1.99871,1,0,-0.0198126,0,0,0.0443459,0,0.00708826,17,27.4,-1.8784,-1.00439,1,-0.358829,-0.00907481,0,0.479698,0.0876188,0,0.00811749,18,27.4,-3,2.00003,1,0,0.000268221,0,0,-0.000953674,0,0.00688815,19,27.4,0.999995,1.00002,1,-5.21541e-05,0.000280142,0,0.000178814,-0.000953674,0,0.0122195,20,27.4,-5.14432e-07,1.99999,1,8.26425e-07,1.78814e-05,0,1.63593e-06,0,0,0.0115099,21,27.4,-0.828617,-0.997021,1,-0.408569,0.026314,0,0.388175,-0.143409,0,0.00929681,22,27.4,-2.99995,-0.998677,1,-0.00119805,-0.00932515,0,0.107169,0.0121295,0,0.00737226,23,27.4,1,-3,1,2.98023e-06,0,0,-5.96046e-05,0,0,0.00785292,24,27.4,1.99999,0,1,-1.49012e-05,0,0,5.96046e-05,0,0,0.0119278,25,27.4,0.136167,-0.999999,1,-0.370647,1.49012e-06,0,0.449635,-2.98023e-05,0,0.0128772,26,27.4,0.999997,-6.08883e-06,1,-2.98023e-06,1.34261e-05,0,5.96046e-05,8.58336e-06,0,0.00975575,27,27.4,-2.99997,3,1,0.0002563,0,0,0.000357628,0,0,0.00521447,28,27.4,2.99551,-1.99974,1,0.0044167,3.57628e-05,0,0.0145435,-0.00214577,0,0.00549288,29,27.4,2.99784,0.999999,1,0.00578761,5.96046e-06,0,-0.00500679,2.98023e-05,0,0.00550023,30,27.4,2,3,1,1.78814e-05,0,0,0,0,0,0.00453699,31,27.4,-2.00003,2.99997,1,-4.76837e-05,-0.000214577,0,0.000476837,-0.000119209,0,0.00468415,32,27.4,-7.98001e-06,3,1,9.2926e-06,-1.19209e-05,0,3.58259e-05,0,0,0.00842795,33,27.4,-2.9958,0.999986,1,0.00634193,9.38773e-05,0,-0.027895,-0.000178814,0,0.00875512,34,27.4,-2.00034,1.99997,1,-0.000959635,7.45058e-05,0,0.00560284,-5.96046e-05,0,0.00877056,35,27.4,-2.00002,1.00741,1,5.96046e-06,-0.0287354,0,0.000238419,0.0203252,0,0.0104489
0,27.5,-0.998762,-2.01586,1,-0.00984306,0.00767596,0,0.0145175,0.127837,0,0.0086781,1,27.5,1,-2.00001,1,4.84288e-06,3.20375e-05,0,2.98023e-05,2.98023e-05,0,0.0104412,2,27.5,3,-1,1,-1.41561e-05,1.60187e-05,0,-2.98023e-05,1.49012e-05,0,0.00593994,3,27.5,-1.00001,-2.99535,1,5.36442e-05,-0.00365824,0,-0.000119209,-0.0171959,0,0.00926517,4,27.5,-2.00125,-1.99993,1,-0.0112219,-0.00146329,0,0.0404641,0.00357628,0,0.00723073,5,27.5,3,-2.99994,1,0,-0.000138208,0,0,7.45058e-05,0,0.00527796,6,27.5,-3,-0.00466966,1,0,0.0258721,0,0,-0.0348985,0,0.00865589,7,27.5,-1,2.99999,1,2.54251e-05,3.98606e-05,0,-3.35276e-05,-0.000163913,0,0.00968962,8,27.5,-1.01413,-9.43195e-05,1,0.0234053,0.000178035,0,0.0588447,0.000280811,0,0.0161402,9,27.5,-1.99815,-2.99999,1,0.00901483,1.04308e-05,0,-0.0391603,-2.98023e-05,0,0.009513,10,27.5,-1.99533,1.48737e-05,1,-0.0260558,-2.52771e-05,0,0.0354648,-5.02523e-05,0,0.00798711,11,27.5,1.00002,2,1,0.000235811,0,0,-0.000819564,0,0,0.0138345,12,27.5,2.00082,-1.17035,1,-0.00177547,0.401445,0,0.000566244,-0.389442,0,0.00947766,13,27.5,3,-7.514e-06,1,0,8.20341e-06,0,0,3.52626e-05,0,0.00434374,14,27.5,-2.9952,-3,1,0.000437349,0,0,-0.0258386,0,0,0.00667738,15,27.5,1.10851,-1.00035,1,-0.335032,0.000884756,0,0.476457,-8.9407e-05,0,0.00817476,16,27.5,-3,-2.00046,1,0,-0.0152782,0,0,0.045687,0,0.00708826,17,27.5,-1.91183,-1.0049,1,-0.309354,-0.0015663,0,0.50588,0.0631139,0,0.00811749,18,27.5,-3,2.00005,1,0,0.000176951,0,0,-0.000849366,0,0.00688815,19,27.5,0.999991,1.00004,1,-3.48315e-05,0.0001885,0,0.000163913,-0.000879169,0,0.0122195,20,27.5,-4.25429e-07,2,1,9.36428e-07,1.71363e-05,0,6.02897e-07,-1.49012e-05,0,0.0115099,21,27.5,-0.867435,-0.995052,1,-0.366859,0.0136091,0,0.442952,-0.111151,0,0.00929681,22,27.5,-2.99963,-0.999541,1,0.00682883,-0.00790227,0,0.0558943,0.0159219,0,0.00737226,23,27.5,1,-3,1,-2.04891e-06,0,0,-3.72529e-05,0,0,0.00785292,24,27.5,1.99999,0,1,-8.75443e-06,0,0,6.70552e-05,0,0,0.0119278,25,27.5,0.101414,-0.999998,1,-0.323875,-1.02445e-06,0,0.482313,-1.86265e-05,0,0.0128772,26,27.5,0.999997,-4.72396e-06,1,1.76951e-06,1.36786e-05,0,4.09782e-05,-2.98293e-06,0,0.00975575,27,27.5,-2.99994,3,1,0.000261888,0,0,-0.000193715,0,0,0.00521447,28,27.5,2.99601,-1.99974,1,0.00556074,-0.000148825,0,0.00844896,-0.00155717,0,0.00549288,29,27.5,2.99839,1,1,0.00515096,7.82311e-06,0,-0.00749528,1.49012e-05,0,0.00550023,30,27.5,2,3,1,1.60187e-05,0,0,-4.47035e-05,0,0,0.00453699,31,27.5,-2.00004,2.99995,1,-6.70552e-06,-0.000204891,0,0.000357628,0.000268221,0,0.00468415,32,27.5,-6.90069e-06,3,1,1.2016e-05,-1.04308e-05,0,1.91536e-05,2.98023e-05,0,0.00842795,33,27.5,-2.99531,0.999994,1,0.00346936,7.54371e-05,0,-0.0289232,-0.000193715,0,0.00875512,34,27.5,-2.00041,1.99998,1,-0.000448152,6.74278e-05,0,0.00460446,-8.9407e-05,0,0.00877056,35,27.5,-2.00002,1.00467,1,2.49594e-05,-0.0259098,0,0.000163913,0.0350475,0,0.0104489
0,27.6,-0.999667,-2.01453,1,-0.00819415,0.0180483,0,0.0180304,0.0807047,0,0.0103545,1,27.6,1,-2,1,5.96046e-06,3.57628e-05,0,0,-0.000119209,0,0.0114988,2,27.6,3,-1,1,-1.78814e-05,1.78814e-05,0,0,-5.96046e-05,0,0.00758369,3,27.6,-1,-2.99579,1,4.17233e-05,-0.00507832,0,-0.000119209,-0.0110865,0,0.00830149,4,27.6,-2.00217,-2.00006,1,-0.00732541,-0.00110865,0,0.0369549,0.00369549,0,0.00843081,5,27.6,3,-2.99995,1,0,-0.00013113,0,0,0.000238419,0,0.00666556,6,27.6,-3,-0.00227349,1,0,0.0219098,0,0,-0.0433981,0,0.00795014,7,27.6,-0.999998,3,1,2.08616e-05,2.38419e-05,0,-2.98023e-05,-0.000119209,0,0.00686367,8,27.6,-1.01156,-7.549e-05,1,0.0274152,0.000194994,0,0.0227094,6.70899e-05,0,0.0132703,9,27.6,-1.99744,-2.99999,1,0.00531971,5.96046e-06,0,-0.0345111,0,0,0.00890403,10,27.6,-1.99774,1.21529e-05,1,-0.0220388,-2.85886e-05,0,0.0439286,-1.72181e-05,0,0.00822247,11,27.6,1.00004,2,1,0.000154972,0,0,-0.000715256,0,0,0.0109788,12,27.6,2.00065,-1.13225,1,-0.00168085,0.359616,0,0.00119209,-0.443399,0,0.00889623,13,27.6,3,-6.54446e-06,1,0,1.09261e-05,0,0,1.95994e-05,0,0.00431944,14,27.6,-2.99527,-3,1,-0.00193715,0,0,-0.0213385,0,0,0.00663839,15,27.6,1.07742,-1.00026,1,-0.28632,0.000846386,0,0.49454,-0.000596046,0,0.00827,16,27.6,-3,-2.00176,1,0,-0.0107884,0,0,0.0436306,0,0.006811,17,27.6,-1.94022,-1.00478,1,-0.258395,0.00365973,0,0.509739,0.0419617,0,0.008722,18,27.6,-3,2.00006,1,0,9.53674e-05,0,0,-0.000715256,0,0.00697749,19,27.6,0.999988,1.00006,1,-1.93715e-05,0.000107288,0,0.000149012,-0.000715256,0,0.011379,20,27.6,-3.30209e-07,2,1,9.54515e-07,1.49012e-05,0,-2.0482e-07,0,0,0.0122189,21,27.6,-0.901838,-0.994197,1,-0.320604,0.00398606,0,0.478923,-0.0818968,0,0.00920688,22,27.6,-2.99873,-1.00025,1,0.0104487,-0.00621676,0,0.0185966,0.0175834,0,0.00745626,23,27.6,1,-3,1,-2.98023e-06,0,0,-0.000119209,0,0,0.00790377,24,27.6,1.99999,0,1,-2.98023e-06,0,0,5.96046e-05,0,0,0.0119685,25,27.6,0.0714669,-0.999999,1,-0.274859,-1.49012e-06,0,0.494743,-2.98023e-05,0,0.0148408,26,27.6,0.999998,-3.3863e-06,1,4.47035e-06,1.29343e-05,0,2.98023e-05,-1.14063e-05,0,0.00855506,27,27.6,-2.99992,3,1,0.000226498,0,0,-0.000596046,0,0,0.00599655,28,27.6,2.9966,-1.99977,1,0.00612736,-0.000277162,0,0.00309944,-0.00101328,0,0.0060455,29,27.6,2.99886,1,1,0.0043273,5.96046e-06,0,-0.00882149,5.96046e-05,0,0.00784652,30,27.6,2.00001,3,1,1.78814e-05,0,0,-0.000238419,0,0,0.00576695,31,27.6,-2.00004,2.99993,1,2.38419e-05,-0.000166893,0,0.000357628,0.000476837,0,0.00500643,32,27.6,-5.6273e-06,2.99999,1,1.32246e-05,-5.96046e-06,0,5.51836e-06,0,0,0.00728797,33,27.6,-2.9951,1,1,0.000661612,5.96046e-05,0,-0.0267029,-0.000298023,0,0.00737074,34,27.6,-2.00043,1.99999,1,-4.17233e-05,5.96046e-05,0,0.00369549,-0.000178814,0,0.00989027,35,27.6,-2.00001,1.00227,1,3.57628e-05,-0.0219345,0,0,0.0435114,0,0.0109007
0,27.7,-1.00039,-2.01239,1,-0.00632377,0.0240773,0,0.0190623,0.0412762,0,0.0103545,1,27.7,1,-2,1,5.7742e-06,2.47732e-05,0,-7.45058e-06,-9.68575e-05,0,0.0114988,2,27.7,2.99999,-1,1,-1.60187e-05,1.23866e-05,0,4.47035e-05,-4.84288e-05,0,0.00758369,3,27.7,-1,-2.99635,1,3.0268e-05,-0.00588894,0,-0.000108033,-0.00527501,0,0.00830149,4,27.7,-2.00273,-2.00015,1,-0.00388995,-0.000752881,0,0.0315905,0.00338256,0,0.00843081,5,27.7,3,-2.99997,1,0,-0.000107661,0,0,0.000223517,0,0.00666556,6,27.7,-3,-0.000306177,1,0,0.0173883,0,0,-0.0463128,0,0.00795014,7,27.7,-0.999996,3,1,1.73226e-05,9.68575e-06,0,-4.47035e-05,-0.000119209,0,0.00686367,8,27.7,-1.00875,-5.59443e-05,1,0.0282379,0.000193249,0,-0.00486523,-9.33112e-05,0,0.0132703,9,27.7,-1.99707,-2.99999,1,0.00216942,5.58794e-06,0,-0.0284091,-1.49012e-05,0,0.00890403,10,27.7,-1.99972,9.25347e-06,1,-0.0174681,-2.8976e-05,0,0.0467822,8.19134e-06,0,0.00822247,11,27.7,1.00005,2,1,8.79169e-05,0,0,-0.000625849,0,0,0.0109788,12,27.7,2.00049,-1.09856,1,-0.00153407,0.313718,0,0.00172853,-0.471368,0,0.00889623,13,27.7,3,-5.3769e-06,1,0,1.22073e-05,0,0,6.52843e-06,0,0.00431944,14,27.7,-2.99556,-3,1,-0.00378676,0,0,-0.0156015,0,0,0.00663839,15,27.7,1.05127,-1.00018,1,-0.236823,0.000767224,0,0.491865,-0.000961125,0,0.00827,16,27.7,-3,-2.00263,1,0,-0.00665709,0,0,0.038743,0,0.006811,17,27.7,-1.96353,-1.00424,1,-0.208131,0.00694264,0,0.492297,0.0243112,0,0.008722,18,27.7,-3,2.00007,1,0,3.05474e-05,0,0,-0.000596046,0,0.00697749,19,27.7,0.999987,1.00006,1,-6.14673e-06,4.20958e-05,0,0.000119209,-0.000581145,0,0.011379,20,27.7,-2.36847e-07,2,1,9.02957e-07,1.39698e-05,0,-7.90687e-07,-2.23517e-05,0,0.0122189,21,27.7,-0.931468,-0.994163,1,-0.271742,-0.0028735,0,0.494361,-0.0559837,0,0.00920688,22,27.7,-2.99764,-1.00078,1,0.0109997,-0.0044642,0,-0.00588596,0.0172481,0,0.00745626,23,27.7,1,-3,1,-1.17347e-05,0,0,-6.70552e-05,0,0,0.00790377,24,27.7,1.99999,0,1,2.79397e-06,0,0,5.21541e-05,0,0,0.0119685,25,27.7,0.0464501,-0.999999,1,-0.225608,-3.91155e-06,0,0.486916,-1.49012e-05,0,0.0148408,26,27.7,0.999998,-2.16008e-06,1,6.51926e-06,1.14996e-05,0,7.45058e-06,-1.68433e-05,0,0.00855506,27,27.7,-2.9999,3,1,0.00015907,0,0,-0.000730157,0,0,0.00599655,28,27.7,2.99722,-1.9998,1,0.00619143,-0.000354089,0,-0.00160933,-0.000543892,0,0.0060455,29,27.7,2.99925,1,1,0.00341907,9.68575e-06,0,-0.00917912,2.98023e-05,0,0.00784652,30,27.7,2.00001,3,1,-1.11759e-06,0,0,-0.000163913,0,0,0.00576695,31,27.7,-2.00003,2.99991,1,5.1409e-05,-0.000113249,0,0.000208616,0.000566244,0,0.00500643,32,27.7,-4.29616e-06,2.99999,1,1.32228e-05,-5.58794e-06,0,-5.02294e-06,1.49012e-05,0,0.00728797,33,27.7,-2.99516,1.00001,1,-0.00178553,3.33413e-05,0,-0.0220686,-0.000230968,0,0.00737074,34,27.7,-2.00042,1.99999,1,0.000273064,4.28408e-05,0,0.0026077,-0.000149012,0,0.00989027,35,27.7,-2.00001,1.0003,1,3.42727e-05,-0.0174026,0,-2.98023e-05,0.0464059,0,0.0109007
0,27.8,-1.00093,-2.00983,1,-0.00443459,0.0265837,0,0.0184178,0.0101328,0,0.00894786,1,27.8,1,-2,1,2.98023e-06,1.49012e-05,0,5.96046e-05,-5.96046e-05,0,0.0109835,2,27.8,2.99999,-0.999999,1,-1.78814e-05,7.45058e-06,0,0.000238419,-2.98023e-05,0,0.00575471,3,27.8,-0.999997,-2.99695,1,2.08616e-05,-0.00616312,0,-0.000119209,-0.000238419,0,0.00837177,4,27.8,-2.00297,-2.00021,1,-0.00103116,-0.000435114,0,0.0255108,0.00286102,0,0.00714056,5,27.8,3,-2.99998,1,0,-8.34465e-05,0,0,0.000119209,0,0.00609304,6,27.8,-3,0.00120121,1,0,0.0127752,0,0,-0.0453864,0,0.00839038,7,27.8,-0.999995,3,1,1.19209e-05,0,0,-2.98023e-05,-0.000119209,0,0.00833882,8,27.8,-1.00599,-3.72909e-05,1,0.0267059,0.00017796,0,-0.0245571,-0.00020486,0,0.0155242,9,27.8,-1.99698,-2.99999,1,-0.000354648,0,0,-0.0219345,0.000119209,0,0.00725924,10,27.8,-2.00123,6.42995e-06,1,-0.012815,-2.71918e-05,0,0.0458956,2.63578e-05,0,0.00915435,11,27.8,1.00006,2,1,2.98023e-05,0,0,-0.000476837,0,0,0.00982747,12,27.8,2.00034,-1.06957,1,-0.00134706,0.265962,0,0.00214577,-0.480831,0,0.0106671,13,27.8,3,-4.14162e-06,1,0,1.23292e-05,0,0,-3.62104e-06,0,0.00443665,14,27.8,-2.99601,-3,1,-0.00506043,0,0,-0.00989437,0,0,0.00622517,15,27.8,1.03002,-1.00011,1,-0.188589,0.000658631,0,0.469863,-0.00119209,0,0.0086814,16,27.8,-3,-2.00311,1,0,-0.00308156,0,0,0.0324249,0,0.00680079,17,27.8,-1.98194,-1.00345,1,-0.160515,0.00864267,0,0.457466,0.0103116,0,0.00865923,18,27.8,-3,2.00007,1,0,-1.78814e-05,0,0,-0.000476837,0,0.00724109,19,27.8,0.999987,1.00006,1,4.47035e-06,-8.9407e-06,0,8.9407e-05,-0.000536442,0,0.0116915,20,27.8,-1.51226e-07,2,1,8.03042e-07,1.19209e-05,0,-1.17664e-06,0,0,0.0153492,21,27.8,-0.956173,-0.994692,1,-0.222465,-0.00734776,0,0.487804,-0.0341535,0,0.00942054,22,27.8,-2.9966,-1.00114,1,0.00958443,-0.0028044,0,-0.0212193,0.0157952,0,0.00808189,23,27.8,1,-3,1,-1.49012e-05,0,0,-2.98023e-05,0,0,0.00807032,24,27.8,1.99999,0,1,8.9407e-06,0,0,0,0,0,0.0119097,25,27.8,0.0262873,-0.999999,1,-0.178083,-4.47035e-06,0,0.460866,0,0,0.0126569,26,27.8,0.999999,-1.10025e-06,1,7.45058e-06,9.64769e-06,0,0,-1.98196e-05,0,0.00887325,27,27.8,-2.99989,3,1,8.34465e-05,0,0,-0.000715256,0,0,0.00573051,28,27.8,2.99783,-1.99983,1,0.00584126,-0.00038743,0,-0.005126,-0.000119209,0,0.0054847,29,27.8,2.99955,1,1,0.00252128,8.9407e-06,0,-0.00882149,5.96046e-05,0,0.00987381,30,27.8,2.00001,3,1,-1.19209e-05,0,0,-0.000119209,0,0,0.00471699,31,27.8,-2.00003,2.9999,1,6.55651e-05,-5.36442e-05,0,0.000119209,0.000596046,0,0.00595795,32,27.8,-3.01273e-06,2.99999,1,1.23203e-05,-5.96046e-06,0,-1.25532e-05,0.000119209,0,0.0102807,33,27.8,-2.99544,1.00001,1,-0.00371933,1.19209e-05,0,-0.0164509,-0.000119209,0,0.0075274,34,27.8,-2.00038,2,1,0.000482798,3.27826e-05,0,0.00178814,-0.000178814,0,0.0110856,35,27.8,-2.00001,0.998792,1,2.98023e-05,-0.0127807,0,0,0.0454485,0,0.0115668
0,27.9,-1.00129,-2.00717,1,-0.00268258,0.0263792,0,0.0164956,-0.0129491,0,0.00894786,1,27.9,1,-2,1,7.07805e-06,9.12696e-06,0,1.49012e-05,-5.21541e-05,0,0.0109835,2,27.9,2.99999,-0.999999,1,1.11759e-06,4.56348e-06,0,0.000163913,-2.6077e-05,0,0.00575471,3,27.9,-0.999996,-2.99756,1,1.05239e-05,-0.0059776,0,-9.31323e-05,0.00372529,0,0.00837177,4,27.9,-2.00296,-2.00024,1,0.00119321,-0.000174344,0,0.0190288,0.00235438,0,0.00714056,5,27.9,3,-2.99998,1,0,-6.96629e-05,0,0,0.000163913,0,0.00609304,6,27.9,-3,0.00225785,1,0,0.00842654,0,0,-0.0412563,0,0.00839038,7,27.9,-0.999994,3,1,8.47504e-06,-9.68575e-06,0,-4.09782e-05,-5.96046e-05,0,0.00833882,8,27.9,-1.00346,-2.06457e-05,1,0.0235802,0.000153845,0,-0.0368878,-0.000270996,0,0.0155242,9,27.9,-1.99712,-2.99999,1,-0.00222307,8.19564e-06,0,-0.0155345,2.98023e-05,0,0.00725924,10,27.9,-2.00229,3.86399e-06,1,-0.00842251,-2.39383e-05,0,0.0416189,3.77223e-05,0,0.00915435,11,27.9,1.00006,2,1,-1.24797e-05,0,0,-0.000365078,0,0,0.00982747,12,27.9,2.00022,-1.04537,1,-0.00112616,0.218186,0,0.00225008,-0.471547,0,0.0106671,13,27.9,3,-2.9401e-06,1,0,1.158e-05,0,0,-1.09067e-05,0,0.00443665,14,27.9,-2.99656,-3,1,-0.00576563,0,0,-0.00433624,0,0,0.00622517,15,27.9,1.01345,-1.00005,1,-0.143448,0.000534579,0,0.430822,-0.0012815,0,0.0086814,16,27.9,-3,-2.00327,1,0,-0.00018999,0,0,0.0253916,0,0.00680079,17,27.9,-1.99578,-1.00255,1,-0.117165,0.00911858,0,0.407919,-0.000245869,0,0.00865923,18,27.9,-3,2.00006,1,0,-5.84871e-05,0,0,-0.000342727,0,0.00724109,19,27.9,0.999988,1.00006,1,1.18278e-05,-5.38304e-05,0,6.33299e-05,-0.000365078,0,0.0116915,20,27.9,-7.72057e-08,2,1,6.74012e-07,1.15484e-05,0,-1.37832e-06,-1.49012e-05,0,0.0153492,21,27.9,-0.976018,-0.995566,1,-0.174886,-0.0098451,0,0.460949,-0.0164993,0,0.00942054,22,27.9,-2.99576,-1.00135,1,0.00705346,-0.00133943,0,-0.0284314,0.0134334,0,0.00808189,23,27.9,0.999999,-3,1,-1.6205e-05,0,0,0,0,0,0.00807032,24,27.9,1.99999,0,1,9.12696e-06,0,0,7.45058e-06,0,0,0.0119097,25,27.9,0.0107182,-1,1,-0.134001,-4.37722e-06,0,0.418845,3.72529e-06,0,0.0126569,26,27.9,1,-2.36582e-07,1,6.98492e-06,7.6128e-06,0,-1.11759e-05,-2.05949e-05,0,0.00887325,27,27.9,-2.99988,3,1,1.45286e-05,0,0,-0.00064075,0,0,0.00573051,28,27.9,2.99838,-1.99987,1,0.00519305,-0.000384077,0,-0.00759959,0.000163913,0,0.0054847,29,27.9,2.99976,1,1,0.00169575,1.24797e-05,0,-0.00759959,2.23517e-05,0,0.00987381,30,27.9,2,3,1,-2.01166e-05,0,0,-2.98023e-05,0,0,0.00471699,31,27.9,-2.00002,2.9999,1,7.22706e-05,3.35276e-06,0,2.98023e-05,0.000521541,0,0.00595795,32,27.9,-1.85233e-06,2.99999,1,1.08097e-05,3.72529e-06,0,-1.72426e-05,5.96046e-05,0,0.0102807,33,27.9,-2.99589,1.00001,1,-0.00506267,1.11759e-06,0,-0.0104606,-8.9407e-05,0,0.0075274,34,27.9,-2.00032,2,1,0.00061579,1.73226e-05,0,0.000879169,-0.000141561,0,0.0110856,35,27.9,-2,0.997735,1,2.79397e-05,-0.00842651,0,-4.47035e-05,0.0413023,0,0.0115668
