0,0,1,1,1,0,0,0,0,0,0,0.0230451,1,0,0,-3,1,0,0,0,0,0,0,0.00928989,2,0,3,-1,1,0,0,0,0,0,0,0.00958463,3,0,-2,-1,1,0,0,0,0,0,0,0.00900301,4,0,-3,2,1,0,0,0,0,0,0,0.00436277,5,0,0,0,1,0,0,0,0,0,0,0.00618202,6,0,-1,0,1,0,0,0,0,0,0,0.00580494,7,0,2,-2,1,0,0,0,0,0,0,0.00859482,8,0,-2,2,1,0,0,0,0,0,0,0.00453824,9,0,-2,1,1,0,0,0,0,0,0,0.0100263,10,0,1,-1,1,0,0,0,0,0,0,0.0097203,11,0,-2,-2,1,0,0,0,0,0,0,0.00463244,12,0,3,-2,1,0,0,0,0,0,0,0.00370849,13,0,-3,-3,1,0,0,0,0,0,0,0.00657381,14,0,1,0,1,0,0,0,0,0,0,0.00551941,15,0,2,3,1,0,0,0,0,0,0,0.00451827,16,0,0,2,1,0,0,0,0,0,0,0.00572853,17,0,1,-3,1,0,0,0,0,0,0,0.00515781,18,0,1,-2,1,0,0,0,0,0,0,0.00646056,19,0,2,2,1,0,0,0,0,0,0,0.0074705,20,0,-2,-3,1,0,0,0,0,0,0,0.0115019,21,0,-1,-2,1,0,0,0,0,0,0,0.00745922,22,0,0,1,1,0,0,0,0,0,0,0.00561796,23,0,-1,2,1,0,0,0,0,0,0,0.00818836,24,0,0,3,1,0,0,0,0,0,0,0.00483238,25,0,2,1,1,0,0,0,0,0,0,0.00990539,26,0,3,3,1,0,0,0,0,0,0,0.00459364,27,0,1,3,1,0,0,0,0,0,0,0.00924227,28,0,-2,3,1,0,0,0,0,0,0,0.00462923,29,0,3,1,1,0,0,0,0,0,0,0.00496203,30,0,-1,3,1,0,0,0,0,0,0,0.0046312,31,0,-3,3,1,0,0,0,0,0,0,0.00415288,32,0,-1,-1,1,0,0,0,0,0,0,0.00889213,33,0,3,2,1,0,0,0,0,0,0,0.00442212,34,0,-3,0,1,0,0,0,0,0,0,0.0091349,35,0,-3,1,1,0,0,0,0,0,0,0.00447762
0,0.1,1,0.999477,1,0,-0.0149784,0,0,-0.272002,0,0.0230451,1,0.1,0,-3,1,0,0,0,0,0,0,0.00928989,2,0.1,3,-1,1,0,0,0,0,0,0,0.00958463,3,0.1,-2,-1,1,0,0,0,0,0,0,0.00900301,4,0.1,-3,1.99948,1,0,-0.0149786,0,0,-0.272006,0,0.00436277,5,0.1,-0.000522755,0,1,-0.0149784,0,0,-0.272003,0,0,0.00618202,6,0.1,-1,-0.000522755,1,0,-0.0149784,0,0,-0.272003,0,0.00580494,7,0.1,2,-1.99878,1,0,0.0349984,0,0,0.638947,0,0.00859482,8,0.1,-2,2.00052,1,0,0.014979,0,0,0.271991,0,0.00453824,9,0.1,-1.99878,1,1,0.0349984,0,0,0.638947,0,0,0.0100263,10,0.1,1,-1,1,0,0,0,0,0,0,0.0097203,11,0.1,-1.99948,-2,1,0.0149786,0,0,0.272006,0,0,0.00463244,12,0.1,2.99948,-2,1,-0.014979,0,0,-0.271991,0,0,0.00370849,13,0.1,-3,-2.99878,1,0,0.0349991,0,0,0.638932,0,0.00657381,14,0.1,0.999477,0,1,-0.0149784,0,0,-0.272002,0,0,0.00551941,15,0.1,2,2.99948,1,0,-0.014979,0,0,-0.271991,0,0.00451827,16,0.1,0,2.00052,1,0,0.014979,0,0,0.271991,0,0.00572853,17,0.1,1.00122,-3,1,0.0349984,0,0,0.638947,0,0,0.00515781,18,0.1,0.998773,-2,1,-0.0352424,8.00937e-06,0,-0.642993,0.000305474,0,0.00646056,19,0.1,1.99878,2,1,-0.0349984,0,0,-0.638947,0,0,0.0074705,20,0.1,-2.00052,-3,1,-0.014979,0,0,-0.271991,0,0,0.0115019,21,0.1,-1,-2.00122,1,0,-0.0349991,0,0,-0.638932,0,0.00745922,22,0.1,0,1,1,0,0,0,0,0,0,0.00561796,23,0.1,-1.00052,2,1,-0.0149786,0,0,-0.272006,0,0,0.00818836,24,0.1,0.000522755,3,1,0.0149784,0,0,0.272003,0,0,0.00483238,25,0.1,1.99948,1,1,-0.0149786,0,0,-0.272006,0,0,0.00990539,26,0.1,3,2.99948,1,0,-0.014979,0,0,-0.271991,0,0.00459364,27,0.1,1.00052,3,1,0.0149786,0,0,0.272006,0,0,0.00924227,28,0.1,-1.99948,3,1,0.0149786,0,0,0.272006,0,0,0.00462923,29,0.1,3,0.998599,1,0,-0.0399801,0,0,-0.718933,0,0.00496203,30,0.1,-1,2.99948,1,0,-0.014979,0,0,-0.271991,0,0.0046312,31,0.1,-3,3,1,0,0,0,0,0,0,0.00415288,32,0.1,-0.998773,-1,1,0.0352424,-8.3819e-06,0,0.642993,-0.000290573,0,0.00889213,33,0.1,3,1.99948,1,0,-0.0149786,0,0,-0.272006,0,0.00442212,34,0.1,-2.99878,0,1,0.0349991,0,0,0.638932,0,0,0.0091349,35,0.1,-2.99948,1,1,0.014979,0,0,0.271991,0,0,0.00447762
0,0.2,1,0.996357,1,0,-0.0494927,0,0,-0.396729,0,0.0105476,1,0.2,0,-3,1,0,0,0,0,0,0,0.00635314,2,0.2,3,-1,1,0,0,0,0,0,0,0.00706226,3,0.2,-2,-1,1,0,0,0,0,0,0,0.010125,4,0.2,-3,1.99636,1,0,-0.0494927,0,0,-0.396729,0,0.00958177,5,0.2,-0.00364282,0,1,-0.0494918,0,0,-0.396742,0,0,0.0087037,6,0.2,-1,-0.00364282,1,0,-0.0494918,0,0,-0.396742,0,0.0140938,7,0.2,2,-1.99145,1,0,0.116673,0,0,0.944495,0,0.0113517,8,0.2,-2,2.00364,1,0,0.0494897,0,0,0.396848,0,0.0100346,9,0.2,-1.99145,1,1,0.116673,0,0,0.944495,0,0,0.0075589,10,0.2,1,-1,1,0,0,0,0,0,0,0.0117263,11,0.2,-1.99636,-2,1,0.0494927,0,0,0.396729,0,0,0.0122552,12,0.2,2.99636,-2,1,-0.0494897,0,0,-0.396848,0,0,0.00826223,13,0.2,-3,-2.99145,1,0,0.116676,0,0,0.944376,0,0.00478818,14,0.2,0.996357,0,1,-0.0494927,0,0,-0.396729,0,0,0.0079012,15,0.2,2,2.99636,1,0,-0.0494897,0,0,-0.396848,0,0.00582321,16,0.2,0,2.00364,1,0,0.0494897,0,0,0.396848,0,0.00787356,17,0.2,1.00855,-3,1,0.116673,0,0,0.944495,0,0,0.00887849,18,0.2,0.991397,-2,1,-0.117341,8.04663e-05,0,-0.948191,0.00119209,0,0.0155663,19,0.2,1.99145,2,1,-0.116673,0,0,-0.944495,0,0,0.0109012,20,0.2,-2.00364,-3,1,-0.0494897,0,0,-0.396848,0,0,0.00845328,21,0.2,-1,-2.00855,1,0,-0.116676,0,0,-0.944376,0,0.0136212,22,0.2,0,1,1,0,0,0,0,0,0,0.0095885,23,0.2,-1.00364,2,1,-0.0494927,0,0,-0.396729,0,0,0.0103725,24,0.2,0.00364282,3,1,0.0494918,0,0,0.396742,0,0,0.00497157,25,0.2,1.99636,1,1,-0.0494927,0,0,-0.396729,0,0,0.0168338,26,0.2,3,2.99636,1,0,-0.0494897,0,0,-0.396848,0,0.00430344,27,0.2,1.00364,3,1,0.0494927,0,0,0.396729,0,0,0.00535673,28,0.2,-1.99636,3,1,0.0494927,0,0,0.396729,0,0,0.00571216,29,0.2,3,0.990373,1,0,-0.12919,0,0,-1.00002,0,0.00420245,30,0.2,-1,2.99636,1,0,-0.0494897,0,0,-0.396848,0,0.00921848,31,0.2,-3,3,1,0,0,0,0,0,0,0.00514066,32,0.2,-0.991397,-1,1,0.117341,-8.04663e-05,0,0.948191,-0.00119209,0,0.0126776,33,0.2,3,1.99636,1,0,-0.0494927,0,0,-0.396729,0,0.00464991,34,0.2,-2.99145,0,1,0.116676,0,0,0.944376,0,0,0.0104395,35,0.2,-2.99636,1,1,0.0494897,0,0,0.396848,0,0,0.00652413
0,0.3,1,0.989181,1,8.75443e-06,-0.0959801,0,0.00026077,-0.513621,0,0.0105476,1,0.3,0.000945542,-3,1,0.027362,0,0,0.507676,0,0,0.00635314,2,0.3,3,-1,1,0,0,0,0,0,0,0.00706226,3,0.3,-2,-1,1,0,0,0,0,0,0,0.010125,4,0.3,-3,1.98918,1,0,-0.0959778,0,0,-0.513561,0,0.00958177,5,0.3,-0.0108194,2.22784e-07,1,-0.0959801,8.82367e-06,0,-0.513627,0.000259712,0,0.0087037,6,0.3,-1,-0.0110829,1,-1.37836e-05,-0.103576,0,-0.000566244,-0.653315,0,0.0140938,7,0.3,2,-1.97495,1,0,0.214071,0,0,0.993066,0,0.0113517,8,0.3,-2,2.01082,1,-8.56817e-06,0.0959862,0,-0.00025332,0.513688,0,0.0100346,9,0.3,-1.97495,1,1,0.214071,0,0,0.993066,0,0,0.0075589,10,0.3,1,-1,1,0,0,0,0,0,0,0.0117263,11,0.3,-1.98892,-2,1,0.103426,0.000106357,0,0.650495,0.00228733,0,0.0122552,12,0.3,2.98892,-2,1,-0.103433,-0.000106543,0,-0.650555,-0.00229478,0,0.00826223,13,0.3,-3,-2.97495,1,0,0.214069,0,0,0.993043,0,0.00478818,14,0.3,0.988981,0,1,-0.101718,0,0,-0.618983,0,0,0.0079012,15,0.3,2,2.98892,1,0.000106543,-0.103433,0,0.00229478,-0.650555,0,0.00582321,16,0.3,-2.23074e-07,2.01082,1,-8.83214e-06,0.0959862,0,-0.000259872,0.513688,0,0.00787356,17,0.3,1.02505,-3,1,0.214071,0,0,0.993066,0,0,0.00887849,18,0.3,0.974822,-1.99998,1,-0.214912,0.000169873,0,-0.993528,0.000610948,0,0.0155663,19,0.3,1.97495,2,1,-0.214071,0,0,-0.993066,0,0,0.0109012,20,0.3,-2.01108,-3,1,-0.103417,0,0,-0.650093,0,0,0.00845328,21,0.3,-1,-2.02505,1,0,-0.214069,0,0,-0.993043,0,0.0136212,22,0.3,0,1,1,0,0,0,0,0,0,0.0095885,23,0.3,-1.01082,2,1,-0.0959801,-8.75443e-06,0,-0.513621,-0.00026077,0,0.0103725,24,0.3,0.0110186,3,1,0.101718,0,0,0.61899,0,0,0.00497157,25,0.3,1.98918,1,1,-0.0959801,8.75443e-06,0,-0.513621,0.00026077,0,0.0168338,26,0.3,3,2.98898,1,0,-0.101724,0,0,-0.619039,0,0.00430344,27,0.3,1.01082,3,1,0.0959778,0,0,0.513561,0,0,0.00535673,28,0.3,-1.98918,3,1,0.0959778,0,0,0.513561,0,0,0.00571216,29,0.3,3,0.972454,1,0,-0.229191,0,0,-1.00001,0,0.00420245,30,0.3,-1,2.98918,1,8.9407e-06,-0.0959862,0,0.00026077,-0.513688,0,0.00921848,31,0.3,-3,3,1,0,0,0,0,0,0,0.00514066,32,0.3,-0.974822,-1.00002,1,0.214912,-0.000169873,0,0.993528,-0.000610948,0,0.0126776,33,0.3,3,1.98864,1,0,-0.111521,0,0,-0.797689,0,0.00464991,34,0.3,-2.97495,0,1,0.214069,0,0,0.993043,0,0,0.0104395,35,0.3,-2.98874,1,1,0.108877,0,0,0.753298,0,0,0.00652413
0,0.4,1,0.976955,1,6.55651e-05,-0.148743,0,0.000953674,-0.526369,0,0.0157237,1,0.4,0.00678522,-3,1,0.0942303,0,0,0.796203,0,0,0.00783364,2,0.4,3,-1,1,0,0,0,0,0,0,0.00681713,3,0.4,-2,-1,1,0,0,0,0,0,0,0.0119248,4,0.4,-3,1.97696,1,0,-0.148731,0,0,-0.52613,0,0.0103274,5,0.4,-0.0230453,3.3997e-06,1,-0.148745,6.62228e-05,0,-0.52634,0.000947836,0,0.0130514,6,0.4,-1.00001,-0.0249137,1,-0.000163913,-0.174455,0,-0.002563,-0.738904,0,0.0193894,7,0.4,2,-1.94856,1,0,0.313899,0,0,0.999987,0,0.0125,8,0.4,-2,2.02305,1,-6.55651e-05,0.148755,0,-0.000953674,0.526428,0,0.0113501,9,0.4,-1.94856,1,1,0.313899,0,0,0.999987,0,0,0.00830591,10,0.4,1,-1,1,0,0,0,0,0,0,0.0107046,11,0.4,-1.97512,-1.99997,1,0.173926,0.000488758,0,0.73421,0.00536442,0,0.0131277,12,0.4,2.97512,-2.00003,1,-0.173932,-0.000482798,0,-0.734448,-0.00560284,0,0.0100184,13,0.4,-3,-2.94856,1,0,0.31389,0,0,1.00017,0,0.00677244,14,0.4,0.975545,0,1,-0.168107,0,0,-0.685811,0,0,0.0221656,15,0.4,2.00003,2.97512,1,0.000482798,-0.173932,0,0.00560284,-0.734448,0,0.00723025,16,0.4,-3.40184e-06,2.02305,1,-6.62531e-05,0.148755,0,-0.000948103,0.526428,0,0.0105292,17,0.4,1.05144,-3,1,0.313899,0,0,0.999987,0,0,0.008805,18,0.4,0.948343,-1.99996,1,-0.31475,0.000208616,0,-1.00002,0.000119209,0,0.0185936,19,0.4,1.94856,2,1,-0.313899,0,0,-0.999987,0,0,0.0111507,20,0.4,-2.02487,-3,1,-0.173813,0,0,-0.732422,0,0,0.00662355,21,0.4,-1,-2.05144,1,0,-0.31389,0,0,-1.00017,0,0.0107283,22,0.4,0,1,1,0,0,0,0,0,0,0.0101599,23,0.4,-1.02305,2,1,-0.148743,-6.55651e-05,0,-0.526369,-0.000953674,0,0.0143537,24,0.4,0.0244547,3,1,0.168108,0,0,0.685799,0,0,0.00599397,25,0.4,1.97695,1,1,-0.148743,6.55651e-05,0,-0.526369,0.000953674,0,0.0143192,26,0.4,3,2.97554,1,0,-0.168115,0,0,-0.68593,0,0.00406386,27,0.4,1.02304,3,1,0.148731,0,0,0.52613,0,0,0.00765722,28,0.4,-1.97696,3,1,0.148731,0,0,0.52613,0,0,0.00490247,29,0.4,3,0.944535,1,0,-0.32919,0,0,-1.00002,0,0.00413137,30,0.4,-0.999997,2.97695,1,6.70552e-05,-0.148755,0,0.000923872,-0.526428,0,0.00803985,31,0.4,-3,3,1,0,0,0,0,0,0,0.00621395,32,0.4,-0.948343,-1.00004,1,0.31475,-0.000208616,0,1.00002,-0.000119209,0,0.0117993,33,0.4,3,1.97315,1,0,-0.200775,0,0,-0.951052,0,0.0044956,34,0.4,-2.94856,0,1,0.31389,0,0,1.00017,0,0,0.0105688,35,0.4,-2.97375,1,1,0.193334,0,0,0.905275,0,0,0.00674118
0,0.5,1.00002,0.959373,1,0.000180304,-0.203242,0,0.00151992,-0.548042,0,0.0157237,1,0.5,0.0205841,-3,1,0.184677,0,0,0.974526,0,0,0.00783364,2,0.5,3,-1,1,0,0,0,0,0,0,0.00681713,3,0.5,-2,-1,1,0,0,0,0,0,0,0.0119248,4,0.5,-3,1.95921,1,0,-0.208105,0,0,-0.637636,0,0.0103274,5,0.5,-0.0406476,1.41717e-05,1,-0.20384,0.000148984,0,-0.559075,0.00092809,0,0.0130514,6,0.5,-1.00009,-0.0462311,1,-0.00206027,-0.253046,0,-0.0330135,-0.808676,0,0.0193894,7,0.5,2,-1.91249,1,0,0.403607,0,0,0.769325,0,0.0125,8,0.5,-2.00002,2.04058,1,-0.000174716,0.201866,0,-0.00135601,0.52245,0,0.0113501,9,0.5,-1.91249,1,1,0.403607,0,0,0.769325,0,0,0.00830591,10,0.5,1,-1,1,0,0,0,0,0,0,0.0107046,11,0.5,-1.95387,-1.99983,1,0.252285,0.0027379,0,0.808269,0.0371113,0,0.0131277,12,0.5,2.95387,-2.00017,1,-0.252308,-0.00275038,0,-0.808373,-0.037238,0,0.0100184,13,0.5,-2.9999,-2.9125,1,0.00307858,0.4035,0,0.0626743,0.767916,0,0.00677244,14,0.5,0.955243,2.92891e-16,1,-0.238195,1.16038e-14,0,-0.701483,3.4252e-13,0,0.0221656,15,0.5,2.00016,2.95388,1,0.00267103,-0.252173,0,0.0357628,-0.806198,0,0.00723025,16,0.5,-1.52736e-05,2.04063,1,-0.000180776,0.203257,0,-0.00151844,0.548065,0,0.0105292,17,0.5,1.08751,-3,1,0.403607,0,0,0.769325,0,0,0.008805,18,0.5,0.912194,-1.99994,1,-0.404321,0.000206754,0,-0.766851,-0.000149012,0,0.0185936,19,0.5,1.91249,2,1,-0.403607,0,0,-0.769325,0,0,0.0111507,20,0.5,-2.04602,-3,1,-0.249825,0,0,-0.771493,0,0,0.00662355,21,0.5,-0.999527,-2.08745,1,0.0138112,-0.402229,0,0.261251,-0.750974,0,0.0107283,22,0.5,0,1,1,0,0,0,0,0,0,0.0101599,23,0.5,-1.04058,1.99999,1,-0.201933,-0.000144355,0,-0.524007,-0.000797212,0,0.0143537,24,0.5,0.044757,3,1,0.238194,0,0,0.701442,0,0,0.00599397,25,0.5,1.95943,1.00002,1,-0.201715,0.00017304,0,-0.519961,0.00134856,0,0.0143192,26,0.5,3,2.955,1,0,-0.244942,0,0,-0.81858,0,0.00406386,27,0.5,1.04064,3,1,0.203804,0,0,0.558726,0,0,0.00765722,28,0.5,-1.95942,3,1,0.2019,0,0,0.523761,0,0,0.00490247,29,0.5,3,0.907027,1,0,-0.416334,0,0,-0.723753,0,0.00413137,30,0.5,-0.999986,2.95942,1,0.000143517,-0.201949,0,0.000771135,-0.524014,0,0.00803985,31,0.5,-3,3,1,0,0,0,0,0,0,0.00621395,32,0.5,-0.912194,-1.00006,1,0.404321,-0.000206754,0,0.766851,0.000149012,0,0.0117993,33,0.5,3,1.94829,1,0,-0.296041,0,0,-0.92458,0,0.0044956,34,0.5,-2.91249,0,1,0.403611,0,0,0.769377,0,0,0.0105688,35,0.5,-2.94974,1,1,0.287551,0,0,0.945836,0,0,0.00674118
0,0.6,1.00004,0.93638,1,0.000402331,-0.25561,0,0.00292063,-0.487506,0,0.0171004,1,0.6,0.0440009,-3,1,0.28404,0,0,0.999998,0,0,0.00796595,2,0.6,3,-1,1,0,0,0,0,0,0,0.00612649,3,0.6,-2,-1,1,0,0,0,0,0,0,0.012111,4,0.6,-3,1.93519,1,0,-0.272039,0,0,-0.62263,0,0.0104281,5,0.6,-0.0637679,3.51837e-05,1,-0.257649,0.000290203,0,-0.504501,0.00205922,0,0.015924,6,0.6,-1.0005,-0.0755305,1,-0.00632703,-0.331997,0,-0.0501871,-0.752624,0,0.0188846,7,0.6,2,-1.86881,1,0,0.464737,0,0,0.447929,0,0.00980951,8,0.6,-2.00004,2.06328,1,-0.000363588,0.250912,0,-0.0025034,0.448465,0,0.0114868,9,0.6,-1.86881,1,1,0.464737,0,0,0.447929,0,0,0.00890826,10,0.6,1,-1,1,0,0,0,0,0,0,0.0106112,11,0.6,-1.92465,-1.99934,1,0.331303,0.00744462,0,0.754178,0.0548363,0,0.0145778,12,0.6,2.92464,-2.00066,1,-0.331336,-0.00746846,0,-0.754118,-0.0548363,0,0.00943391,13,0.6,-2.99917,-2.86883,1,0.0126779,0.464541,0,0.129819,0.447989,0,0.00653695,14,0.6,0.927991,4.50728e-15,1,-0.305806,8.83559e-14,0,-0.6392,1.27372e-12,0,0.0173316,15,0.6,2.00064,2.92467,1,0.00718832,-0.330985,0,0.0526905,-0.752211,0,0.0110331,16,0.6,-4.30774e-05,2.06362,1,-0.000399848,0.255626,0,-0.002986,0.487447,0,0.0118888,17,0.6,1.13119,-3,1,0.464737,0,0,0.447929,0,0,0.00701389,18,0.6,0.86845,-1.99992,1,-0.465153,0.000181794,0,-0.44468,-0.000298023,0,0.0138045,19,0.6,1.86881,2,1,-0.464737,0,0,-0.447929,0,0,0.00960088,20,0.6,-2.07481,-3,1,-0.325179,0,0,-0.722647,0,0,0.00663845,21,0.6,-0.996512,-2.13093,1,0.0494167,-0.462288,0,0.437498,-0.447869,0,0.0131129,22,0.6,0,1,1,0,0,0,0,0,0,0.00922875,23,0.6,-1.0633,1.99997,1,-0.251192,-0.00025332,0,-0.451088,-0.00149012,0,0.0138839,24,0.6,0.0720088,3,1,0.305799,0,0,0.639159,0,0,0.00711265,25,0.6,1.93676,1.00004,1,-0.250441,0.000357628,0,-0.44477,0.00244379,0,0.0157609,26,0.6,3,2.92641,1,0,-0.326306,0,0,-0.785351,0,0.00439803,27,0.6,1.06376,3,1,0.257549,0,0,0.50348,0,0,0.00603398,28,0.6,-1.93671,3,1,0.25112,0,0,0.450611,0,0,0.00526877,29,0.6,3,0.86233,1,0,-0.472017,0,0,-0.389755,0,0.00418192,30,0.6,-0.999967,2.9367,1,0.00025183,-0.25121,0,0.00149012,-0.451088,0,0.00855575,31,0.6,-3,3,1,0,0,0,0,0,0,0.00631371,32,0.6,-0.86845,-1.00008,1,0.465153,-0.000181794,0,0.44468,0.000298023,0,0.0114414,33,0.6,3,1.9143,1,0,-0.380898,0,0,-0.754237,0,0.00414383,34,0.6,-2.86881,0,1,0.464743,0,0,0.447869,0,0,0.0100119,35,0.6,-2.91643,1,1,0.37623,0,0,0.798583,0,0,0.00744985
0,0.7,1.0001,0.908382,1,0.000714697,-0.304004,0,0.00355393,-0.467144,0,0.0171004,1,0.7,0.0772232,-3,1,0.377752,0,0,0.842683,0,0,0.00796595,2,0.7,3,-1,1,0,0,0,0,0,0,0.00612649,3,0.7,-2,-1,1,0,0,0,0,0,0,0.012111,4,0.7,-3,1.9049,1,0,-0.33315,0,0,-0.590324,0,0.0104281,5,0.7,-0.092093,7.27912e-05,1,-0.308928,0.000453197,0,-0.509295,0.00152618,0,0.015924,6,0.7,-1.00133,-0.112361,1,-0.00992995,-0.402704,0,-0.022985,-0.63887,0,0.0188846,7,0.7,2,-1.82063,1,0,0.493872,0,0,0.152484,0,0.00980951,8,0.7,-2.00009,2.0905,1,-0.000631809,0.292108,0,-0.00301003,0.368312,0,0.0114868,9,0.7,-1.82063,1,1,0.493872,0,0,0.152484,0,0,0.00890826,10,0.7,1,-1,1,0,0,0,0,0,0,0.0106112,11,0.7,-1.88784,-1.99838,1,0.403282,0.0113524,0,0.657156,0.024572,0,0.0145778,12,0.7,2.88787,-2.00163,1,-0.402368,-0.0113748,0,-0.642985,-0.0245571,0,0.00943391,13,0.7,-2.9972,-2.82064,1,0.0272915,0.494143,0,0.169098,0.153944,0,0.00653695,14,0.7,0.894265,6.19232e-15,1,-0.367923,-1.51462e-13,0,-0.592079,-4.57133e-12,0,0.0173316,15,0.7,2.00157,2.88794,1,0.0109416,-0.401777,0,0.0235587,-0.640765,0,0.0110331,16,0.7,-9.84284e-05,2.09162,1,-0.000717304,0.304014,0,-0.00358669,0.467062,0,0.0118888,17,0.7,1.17937,-3,1,0.493872,0,0,0.152484,0,0,0.00701389,18,0.7,0.820246,-1.99991,1,-0.493998,0.000146963,0,-0.150185,-0.000394881,0,0.0138045,19,0.7,1.82063,2,1,-0.493872,0,0,-0.152484,0,0,0.00960088,20,0.7,-2.11059,-3,1,-0.387054,0,0,-0.522003,0,0,0.00663845,21,0.7,-0.988786,-2.1789,1,0.110205,-0.49236,0,0.74432,-0.168681,0,0.0131129,22,0.7,0,1,1,0,0,0,0,0,0,0.00922875,23,0.7,-1.09056,1.99994,1,-0.292758,-0.000358559,0,-0.372946,-0.000827014,0,0.0138839,24,0.7,0.105734,3,1,0.367915,0,0,0.59209,0,0,0.00711265,25,0.7,1.9096,1.00009,1,-0.291473,0.000626966,0,-0.368476,0.00308454,0,0.0157609,26,0.7,3,2.89,1,0,-0.399874,0,0,-0.662878,0,0.00439803,27,0.7,1.09207,3,1,0.308739,0,0,0.508279,0,0,0.00603398,28,0.7,-1.90946,3,1,0.29265,0,0,0.372596,0,0,0.00526877,29,0.7,3,0.813694,1,0,-0.496045,0,0,-0.112437,0,0.00418192,30,0.7,-0.999936,2.90943,1,0.000356883,-0.292775,0,0.000827014,-0.372916,0,0.00855575,31,0.7,-3,3,1,0,0,0,0,0,0,0.00631371,32,0.7,-0.820246,-1.00009,1,0.493998,-0.000146963,0,0.150185,0.000394881,0,0.0114414,33,0.7,3,1.87279,1,0,-0.445257,0,0,-0.519641,0,0.00414383,34,0.7,-2.82063,0,1,0.493874,0,0,0.152454,0,0,0.0100119,35,0.7,-2.87521,1,1,0.443746,0,0,0.540122,0,0,0.00744985
0,0.8,1.00019,0.87577,1,0.00115037,-0.346741,0,0.00524521,-0.377804,0,0.0149017,1,0.8,0.118761,-3,1,0.448132,0,0,0.552024,0,0,0.00690506,2,0.8,3,-1,1,0,0,0,0,0,0,0.00633403,3,0.8,-2,-1,1,0,0,0,0,0,0,0.011308,4,0.8,-3,1.86875,1,0,-0.388461,0,0,-0.508666,0,0.00902625,5,0.8,-0.125458,0.00012709,1,-0.357401,0.000652621,0,-0.450857,0.00270859,0,0.0137845,6,0.8,-1.0024,-0.1555,1,-0.0111431,-0.456546,0,-0.00214577,-0.428386,0,0.0154123,7,0.8,2,-1.77081,1,0,0.5,0,0,5.96046e-05,0,0.00999196,8,0.8,-2.00017,2.12137,1,-0.000983477,0.323373,0,-0.00429153,0.252128,0,0.0132009,9,0.8,-1.77081,1,1,0.5,0,0,5.96046e-05,0,0,0.00777965,10,0.8,1,-1,1,0,0,0,0,0,0,0.0110526,11,0.8,-1.84456,-1.99716,1,0.458667,0.0125974,0,0.438094,0.00154972,0,0.0132157,12,0.8,2.84474,-2.00285,1,-0.456583,-0.0126183,0,-0.43118,-0.00143051,0,0.0103522,13,0.8,-2.99352,-2.77081,1,0.0476062,0.5,0,0.241637,0,0,0.00667766,14,0.8,0.854667,-3.12578e-14,1,-0.422284,-5.62786e-13,0,-0.486821,-2.52267e-12,0,0.0154271,15,0.8,2.00275,2.84488,1,0.0121355,-0.455874,0,0.0013113,-0.431418,0,0.00894504,16,0.8,-0.000190584,2.12424,1,-0.00115469,0.346744,0,-0.00531248,0.377774,0,0.0109342,17,0.8,1.22919,-3,1,0.5,0,0,5.96046e-05,0,0,0.00615307,18,0.8,0.77042,-1.99989,1,-0.5,0.000104308,0,-2.98023e-05,-0.000417233,0,0.0122035,19,0.8,1.77081,2,1,-0.5,0,0,-5.96046e-05,0,0,0.0100354,20,0.8,-2.15162,-3,1,-0.430942,0,0,-0.362039,0,0,0.00765026,21,0.8,-0.97377,-2.22865,1,0.192167,-0.499827,0,0.867695,-0.00345707,0,0.0112648,22,0.8,0,1,1,0,0,0,0,0,0,0.00974288,23,0.8,-1.12152,1.9999,1,-0.324556,-0.000455976,0,-0.258029,-0.0012517,0,0.0134249,24,0.8,0.145332,3,1,0.422279,0,0,0.486858,0,0,0.00587627,25,0.8,1.87878,1.00017,1,-0.322893,0.000995398,0,-0.254869,0.00447035,0,0.014064,26,0.8,3,2.84704,1,0,-0.4556,0,0,-0.442147,0,0.00476177,27,0.8,1.12541,3,1,0.357044,0,0,0.448346,0,0,0.00694347,28,0.8,-1.87851,3,1,0.324398,0,0,0.257432,0,0,0.00494026,29,0.8,3,0.763797,1,0,-0.5,0,0,0,0,0.00475652,30,0.8,-0.999896,2.87847,1,0.000454485,-0.324571,0,0.0012517,-0.257969,0,0.00914304,31,0.8,-3,3,1,0,0,0,0,0,0,0.00661442,32,0.8,-0.77042,-1.00011,1,0.5,-0.000104308,0,2.98023e-05,0.000417233,0,0.0115537,33,0.8,3,1.82612,1,0,-0.483784,0,0,-0.253797,0,0.005172,34,0.8,-2.77081,0,1,0.5,0,0,0,0,0,0.0104674,35,0.8,-2.82861,1,1,0.483531,0,0,0.260115,0,0,0.00675491
0,0.9,1.00033,0.839304,1,0.00152383,-0.381447,0,0.00261515,-0.310767,0,0.0149017,1,0.9,0.16578,-3,1,0.486946,0,0,0.235382,0,0,0.00690506,2,0.9,3,-1,1,0,0,0,0,0,0,0.00633403,3,0.9,-2,-1,1,0,0,0,0,0,0,0.011308,4,0.9,-3,1.8274,1,0,-0.437439,0,0,-0.448234,0,0.00902625,5,0.9,-0.163519,0.000204867,1,-0.40395,0.000892285,0,-0.460356,0.0020707,0,0.0137845,6,0.9,-1.00351,-0.202898,1,-0.0106998,-0.487549,0,0.0103563,-0.197566,0,0.0154123,7,0.9,2,-1.72081,1,0,0.5,0,0,-1.49012e-05,0,0.00999196,8,0.9,-2.00029,2.15481,1,-0.00136085,0.343794,0,-0.00344217,0.153199,0,0.0132009,9,0.9,-1.72081,1,1,0.5,0,0,-1.49012e-05,0,0,0.00777965,10,0.9,1,-1,1,0,0,0,0,0,0,0.0110526,11,0.9,-1.79694,-1.99592,1,0.489527,0.0120232,0,0.18768,-0.0123009,0,0.0132157,12,0.9,2.79733,-2.00409,1,-0.487699,-0.0120327,0,-0.197336,0.0123978,0,0.0103522,13,0.9,-2.98721,-2.72081,1,0.0815261,0.5,0,0.427321,0,0,0.00667766,14,0.9,0.810275,-9.00456e-14,1,-0.462824,-5.22891e-13,0,-0.323366,2.88829e-12,0,0.0154271,15,0.9,2.00394,2.79754,1,0.0115681,-0.487189,0,-0.0119656,-0.200585,0,0.00894504,16,0.9,-0.000327199,2.1607,1,-0.00153332,0.381438,0,-0.0026471,0.3106,0,0.0109342,17,0.9,1.27919,-3,1,0.5,0,0,-1.49012e-05,0,0,0.00615307,18,0.9,0.72042,-1.99989,1,-0.5,6.16536e-05,0,0,-0.000439584,0,0.0122035,19,0.9,1.72081,2,1,-0.5,0,0,1.49012e-05,0,0,0.0100354,20,0.9,-2.19646,-3,1,-0.464554,0,0,-0.29467,0,0,0.00765026,21,0.9,-0.950028,-2.27864,1,0.283552,-0.499989,0,0.922162,-0.000432134,0,0.0112648,22,0.9,0,1,1,0,0,0,0,0,0,0.00974288,23,0.9,-1.15511,1.99985,1,-0.345538,-0.000523217,0,-0.158556,-0.000305474,0,0.0134249,24,0.9,0.189723,3,1,0.462821,0,0,0.323379,0,0,0.00587627,25,0.9,1.84532,1.00029,1,-0.345106,0.00139475,0,-0.183836,0.00374019,0,0.014064,26,0.9,3,2.79968,1,0,-0.487465,0,0,-0.201747,0,0.00476177,27,0.9,1.16339,3,1,0.402508,0,0,0.445046,0,0,0.00694347,28,0.9,-1.84494,3,1,0.345344,0,0,0.15831,0,0,0.00494026,29,0.9,3,0.713797,1,0,-0.5,0,0,-7.45058e-06,0,0.00475652,30,0.9,-0.999846,2.84488,1,0.000521727,-0.345549,0,0.000305474,-0.158548,0,0.00914304,31,0.9,-3,3,1,0,0,0,0,0,0,0.00661442,32,0.9,-0.72042,-1.00011,1,0.5,-6.16536e-05,0,0,0.000439584,0,0.0115537,33,0.9,2.9995,1.77686,1,-0.0146694,-0.498105,0,-0.276417,-0.0581667,0,0.005172,34,0.9,-2.72081,0,1,0.5,0,0,0,0,0,0.0104674,35,0.9,-2.77936,1,1,0.498104,0,0,0.0584871,0,0,0.00675491
0,1,1.00049,0.799755,1,0.00174344,-0.407939,0,0.00202656,-0.215083,0,0.0159678,1,1,0.215241,-3,1,0.49875,0,0,0.0249958,0,0,0.00776927,2,1,3,-1,1,0,0,0,0,0,0,0.00833721,3,1,-2,-1,1,0,0,0,0,0,0,0.0106066,4,1,-3,1.78166,1,0,-0.474888,0,0,-0.291049,0,0.00980974,5,1,-0.206103,0.000303295,1,-0.446297,0.00106449,0,-0.374607,0.00136469,0,0.014009,6,1,-1.00451,-0.252328,1,-0.00919998,-0.498302,0,0.0191331,-0.0339597,0,0.0129187,7,1,2,-1.67081,1,0,0.500003,0,0,-5.96046e-05,0,0.0102858,8,1,-2.00044,2.18977,1,-0.00171065,0.353551,0,-0.00357628,0.0402927,0,0.011457,9,1,-1.67081,1,1,0.500003,0,0,-5.96046e-05,0,0,0.00714447,10,1,1,-1,1,0,0,0,0,0,0,0.0105617,11,1,-1.74737,-1.99479,1,0.498977,0.0102788,0,0.0204444,-0.0219941,0,0.00962802,12,1,2.74789,-2.00522,1,-0.49836,-0.0102818,0,-0.0327826,0.0220537,0,0.0101082,13,1,-2.97669,-2.67081,1,0.131232,0.5,0,0.557661,0,0,0.00791435,14,1,0.762641,-1.21954e-13,1,-0.487283,-6.52863e-14,0,-0.169754,5.8945e-12,0,0.0213888,15,1,2.00502,2.74813,1,0.00987649,-0.498199,0,-0.0211,-0.0360012,0,0.00914394,16,1,-0.000492012,2.20025,1,-0.00175322,0.40791,0,-0.00205508,0.214934,0,0.00969038,17,1,1.32919,-3,1,0.500003,0,0,-5.96046e-05,0,0,0.00588685,18,1,0.67042,-1.99988,1,-0.5,1.78814e-05,0,-2.98023e-05,-0.000357628,0,0.0123785,19,1,1.67081,2,1,-0.500003,0,0,5.96046e-05,0,0,0.0122998,20,1,-2.24418,-3,1,-0.487888,0,0,-0.167489,0,0,0.00782332,21,1,-0.917221,-2.32864,1,0.370376,-0.5,0,0.789911,0,0,0.00853011,22,1,0,1,1,0,0,0,0,0,0,0.00926014,23,1,-1.19027,1.99979,1,-0.355804,-0.000551343,0,-0.0451207,-0.000536442,0,0.0152882,24,1,0.237357,3,1,0.487283,0,0,0.169746,0,0,0.00693399,25,1,1.81005,1.00045,1,-0.358745,0.0017792,0,-0.0854135,0.00423193,0,0.0136196,26,1,3,2.75025,1,0,-0.498337,0,0,-0.0332594,0,0.00508503,27,1,1.20576,3,1,0.443482,0,0,0.36478,0,0,0.00613538,28,1,-1.8098,3,1,0.355577,0,0,0.0446439,0,0,0.00707229,29,1,3,0.663797,1,0,-0.5,0,0,-2.98023e-05,0,0.00485583,30,1,-0.999793,2.80972,1,0.000551343,-0.355816,0,0.000506639,-0.0451803,0,0.010306,31,1,-3,3,1,0,0,0,0,0,0,0.00783563,32,1,-0.67042,-1.00012,1,0.5,-1.78814e-05,0,2.98023e-05,0.000357628,0,0.0102375,33,1,2.99631,1.72691,1,-0.0520825,-0.500003,0,-0.456929,5.96046e-05,0,0.00826594,34,1,-2.67081,0,1,0.5,0,0,0,0,0,0.00944009,35,1,-2.72941,1,1,0.5,0,0,0,0,0,0.00701152
0,1.1,1.00067,0.757757,1,0.00178851,-0.432983,0,-0.000670552,-0.272401,0,0.0159678,1,1.1,0.265193,-3,1,0.499922,0,0,0.0031209,0,0,0.00776927,2,1.1,3,-1.00105,1,0,-0.030262,0,0,-0.560254,0,0.00833721,3,1.1,-2,-1,1,0,0,0,0,0,0,0.0106066,4,1.1,-3,1.73301,1,0,-0.495004,0,0,-0.115588,0,0.00980974,5,1.1,-0.252418,0.000413085,1,-0.477853,0.00109912,0,-0.246943,-0.000568113,0,0.014009,6,1.1,-1.00532,-0.302262,1,-0.00702906,-0.499894,0,0.0238344,-0.00424676,0,0.0129187,7,1.1,2,-1.62081,1,0,0.5,0,0,-7.45058e-06,0,0.0102858,8,1.1,-2.00063,2.2252,1,-0.00197515,0.353638,0,-0.00193715,-0.0397116,0,0.011457,9,1.1,-1.62081,1,1,0.5,0,0,-7.45058e-06,0,0,0.00714447,10,1.1,1,-1.00118,1,8.56817e-06,-0.0339953,0,0.000298023,-0.62225,0,0.0105617,11,1.1,-1.69741,-1.99441,1,0.499936,-0.00758711,0,0.00255555,-0.317074,0,0.00962802,12,1.1,2.69795,-2.00612,1,-0.499897,-0.00779554,0,-0.00409782,0.0271797,0,0.0101082,13,1.1,-2.96043,-2.62081,1,0.196608,0.5,0,0.725701,0,0,0.00791435,14,1.1,0.713277,-9.72767e-14,1,-0.498043,5.42413e-13,0,-0.0529438,4.95482e-12,0,0.0213888,15,1.1,2.00589,2.6982,1,0.00749379,-0.499887,0,-0.026077,-0.00450015,0,0.00914394,16,1.1,-0.000671931,2.24224,1,-0.0017999,0.432949,0,0.000670047,0.272438,0,0.00969038,17,1.1,1.37919,-3,1,0.5,0,0,-7.45058e-06,0,0,0.00588685,18,1.1,0.62042,-1.99988,1,-0.5,-1.67638e-05,0,0,-0.000327826,0,0.0123785,19,1.1,1.62081,2,1,-0.5,0,0,7.45058e-06,0,0,0.0122998,20,1.1,-2.29359,-3,1,-0.498308,0,0,-0.0489652,0,0,0.00782332,21,1.1,-0.87662,-2.37864,1,0.437546,-0.5,0,0.545803,0,0,0.00853011,22,1.1,0,1,1,0,0,0,0,0,0,0.00926014,23,1.1,-1.22594,1.99974,1,-0.356266,-0.000548549,0,0.0369027,0.000409782,0,0.0152882,24,1.1,0.286721,3,1,0.498039,0,0,0.0529464,0,0,0.00693399,25,1.1,1.77373,1.00064,1,-0.367538,0.00206195,0,-0.0816509,0.00178814,0,0.0136196,26,1.1,3,2.70032,1,0,-0.499896,0,0,-0.00415742,0,0.00508503,27,1.1,1.25178,3,1,0.475285,0,0,0.258788,0,0,0.00613538,28,1.1,-1.77415,3,1,0.356025,0,0,-0.0368208,0,0,0.00707229,29,1.1,3,0.613797,1,0,-0.5,0,0,0,0,0.00485583,30,1.1,-0.999737,2.77404,1,0.000546128,-0.356287,0,-0.000424683,0.0367612,0,0.010306,31,1.1,-3,3,1,0,0,0,0,0,0,0.00783563,32,1.1,-0.62042,-1.00012,1,0.5,1.67638e-05,0,0,0.000327826,0,0.0102375,33,1.1,2.98844,1.67691,1,-0.108674,-0.5,0,-0.656128,7.45058e-06,0,0.00826594,34,1.1,-2.62081,0,1,0.5,0,0,0,0,0,0.00944009,35,1.1,-2.67941,1,1,0.5,0,0,0,0,0,0.00701152
0,1.2,1.00084,0.713094,1,0.00168979,-0.460014,0,-0.000953674,-0.257552,0,0.0163363,1,1.2,0.315191,-3,1,0.5,0,0,-1.43051e-05,0,0,0.00876959,2,1.2,3,-1.00749,1,0,-0.103757,0,0,-0.871718,0,0.0050461,3,1.2,-2,-1,1,0,0,0,0,0,0,0.0106898,4,1.2,-3,1.68317,1,0,-0.5,0,0,0,0,0.00890677,5,1.2,-0.301186,0.000517683,1,-0.495026,0.000970419,0,-0.0994945,-0.00191428,0,0.0127349,6,1.2,-1.0059,-0.35226,1,-0.00451505,-0.5,0,0.025928,1.43051e-05,0,0.0132363,7,1.2,2,-1.57081,1,0,0.500003,0,0,-5.96046e-05,0,0.0106113,8,1.2,-2.00083,2.26023,1,-0.00213981,0.34548,0,-0.00166893,-0.123739,0,0.0113306,9,1.2,-1.57081,1,1,0.500003,0,0,-5.96046e-05,0,0,0.00794473,10,1.2,1,-1.00832,1,8.04663e-05,-0.113931,0,0.0013113,-0.928938,0,0.016331,11,1.2,-1.64741,-1.99712,1,0.500003,-0.0497013,0,-5.96046e-05,-0.509143,0,0.0120966,12,1.2,2.64796,-2.00676,1,-0.5,-0.00494123,0,0,0.0295639,0,0.00939216,13,1.2,-2.93703,-2.57081,1,0.272036,0.5,0,0.763535,0,0,0.00940616,14,1.2,0.66333,-2.84263e-14,1,-0.5,7.10657e-13,0,-2.98023e-05,-2.43549e-12,0,0.0143598,15,1.2,2.00651,2.6482,1,0.00475645,-0.5,0,-0.0283718,0,0,0.00808362,16,1.2,-0.000847171,2.2869,1,-0.00170007,0.459987,0,0.000969593,0.257611,0,0.00967887,17,1.2,1.42919,-3,1,0.500003,0,0,-5.96046e-05,0,0,0.00599157,18,1.2,0.57042,-1.99989,1,-0.5,-4.47035e-05,0,-2.98023e-05,-0.000357628,0,0.0122293,19,1.2,1.57081,2,1,-0.500003,0,0,5.96046e-05,0,0,0.0115652,20,1.2,-2.34355,-3,1,-0.5,0,0,0,0,0,0.00614798,21,1.2,-0.830573,-2.42864,1,0.479099,-0.5,0,0.288635,0,0,0.00795479,22,1.2,0,1,1,0,0,0,0,0,0,0.00736277,23,1.2,-1.26124,1.99968,1,-0.348315,-0.000500679,0,0.12219,0.000357628,0,0.0124627,24,1.2,0.336667,3,1,0.5,0,0,1.43051e-05,0,0,0.0063948,25,1.2,1.73664,1.00086,1,-0.373557,0.00220537,0,-0.0322461,0.0012517,0,0.0139202,26,1.2,3,2.65032,1,0,-0.5,0,0,0,0,0.00521304,27,1.2,1.30037,3,1,0.494,0,0,0.115693,0,0,0.00505986,28,1.2,-1.73887,3,1,0.348082,0,0,-0.122309,0,0,0.00617688,29,1.2,3,0.563797,1,0,-0.5,0,0,-2.98023e-05,0,0.00428615,30,1.2,-0.999685,2.73874,1,0.000499189,-0.348353,0,-0.00038743,0.12219,0,0.00999405,31,1.2,-3,3,1,0,0,0,0,0,0,0.00740408,32,1.2,-0.57042,-1.00011,1,0.5,4.47035e-05,0,2.98023e-05,0.000357628,0,0.0105711,33,1.2,2.97409,1.62691,1,-0.179839,-0.500003,0,-0.751257,5.96046e-05,0,0.0102605,34,1.2,-2.57081,0,1,0.5,0,0,0,0,0,0.00993531,35,1.2,-2.62941,1,1,0.5,0,0,0,0,0,0.00757799
0,1.3,1.001,0.665921,1,0.00148695,-0.482119,0,-0.00297278,-0.178419,0,0.0163363,1,1.3,0.365191,-3,1,0.5,0,0,0,0,0,0.00876959,2,1.3,3,-1.02247,1,0,-0.197744,0,0,-0.983968,0,0.0050461,3,1.3,-2,-1,1,0,0,0,0,0,0,0.0106898,4,1.3,-3,1.63317,1,0,-0.5,0,0,0,0,0.00890677,5,1.3,-0.350993,0.000604052,1,-0.499689,0.000747268,0,-0.0124332,-0.00249623,0,0.0127349,6,1.3,-1.00623,-0.40226,1,-0.00199378,-0.5,0,0.0243336,0,0,0.0132363,7,1.3,2,-1.52081,1,0,0.5,0,0,-7.45058e-06,0,0.0106113,8,1.3,-2.00105,2.29409,1,-0.00217631,0.330995,0,0.000655651,-0.166953,0,0.0113306,9,1.3,-1.52081,1,1,0.5,0,0,-7.45058e-06,0,0,0.00794473,10,1.3,1.00002,-1.0245,1,0.000178814,-0.2106,0,0.000685453,-0.991121,0,0.016331,11,1.3,-1.59741,-2.00539,1,0.5,-0.121961,0,-7.45058e-06,-0.886284,0,0.0120966,12,1.3,2.59796,-2.00711,1,-0.5,-0.00207536,0,0,0.027582,0,0.00939216,13,1.3,-2.90594,-2.52082,1,0.349736,0.499552,0,0.758275,-0.0117421,0,0.00940616,14,1.3,0.61333,5.34584e-15,1,-0.5,-2.5108e-13,0,0,-1.54125e-11,0,0.0143598,15,1.3,2.00684,2.5982,1,0.00200532,-0.5,0,-0.0265092,0,0,0.00808362,16,1.3,-0.00100862,2.33407,1,-0.00149526,0.482078,0,0.00299492,0.178233,0,0.00967887,17,1.3,1.47919,-3,1,0.5,0,0,-7.45058e-06,0,0,0.00599157,18,1.3,0.52042,-1.99989,1,-0.5,-7.61822e-05,0,2.08616e-06,-0.000275671,0,0.0122293,19,1.3,1.52081,2,1,-0.5,0,0,7.45058e-06,0,0,0.0115652,20,1.3,-2.39355,-3,1,-0.5,0,0,0,0,0,0.00614798,21,1.3,-0.781602,-2.47861,1,0.496911,-0.4992,0,0.0846013,0.0179261,0,0.00795479,22,1.3,0,1,1,0,0,0,0,0,0,0.00736277,23,1.3,-1.29539,1.99964,1,-0.333825,-0.000423379,0,0.168309,0.00103563,0,0.0124627,24,1.3,0.386667,3,1,0.5,0,0,-1.78814e-06,0,0,0.0063948,25,1.3,1.69892,1.00108,1,-0.382361,0.0021385,0,-0.130579,-0.00212342,0,0.0139202,26,1.3,3,2.60032,1,0,-0.5,0,0,0,0,0.00521304,27,1.3,1.35013,3,1,0.499571,0,0,0.0160709,0,0,0.00505986,28,1.3,-1.70475,3,1,0.333617,0,0,-0.167824,0,0,0.00617688,29,1.3,3,0.513797,1,0,-0.5,0,0,2.08616e-06,0,0.00428615,30,1.3,-0.999638,2.70459,1,0.000420026,-0.333872,0,-0.00105053,0.168175,0,0.00999405,31,1.3,-3,3,1,0,0,0,0,0,0,0.00740408,32,1.3,-0.52042,-1.00011,1,0.5,7.61822e-05,0,-2.08616e-06,0.000275671,0,0.0105711,33,1.3,2.95224,1.57691,1,-0.257755,-0.5,0,-0.786915,7.45058e-06,0,0.0102605,34,1.3,-2.52081,0,1,0.5,0,0,0,0,0,0.00993531,35,1.3,-2.57941,1,1,0.5,0,0,0,0,0,0.00757799
0,1.4,1.00113,0.616977,1,0.00112057,-0.495158,0,-0.00429153,-0.0831485,0,0.0134357,1,1.4,0.415191,-3,1,0.5,0,0,-1.43051e-05,0,0,0.00757948,2,1.4,3,-1.04721,1,0,-0.297344,0,0,-0.999987,0,0.00747764,3,1.4,-2,-1,1,0,0,0,0,0,0,0.00999384,4,1.4,-3,1.58317,1,0,-0.500003,0,0,5.96046e-05,0,0.008768,5,1.4,-0.400987,0.000665703,1,-0.5,0.000480957,0,1.43051e-05,-0.00278465,0,0.0123392,6,1.4,-1.00631,-0.45226,1,0.000324845,-0.5,0,0.0219345,1.43051e-05,0,0.0136872,7,1.4,2,-1.47081,1,0,0.500003,0,0,-5.96046e-05,0,0.0125452,8,1.4,-2.00126,2.32627,1,-0.00206232,0.311971,0,0.00154972,-0.213742,0,0.0124601,9,1.4,-1.47081,1,1,0.500003,0,0,-5.96046e-05,0,0,0.00737618,10,1.4,1.00004,-1.05054,1,0.000220537,-0.310379,0,0.000238419,-0.999987,0,0.0158026,11,1.4,-1.54741,-2.0223,1,0.500003,-0.218153,0,-5.96046e-05,-0.999451,0,0.0106049,12,1.4,2.54796,-2.00719,1,-0.5,0.000542402,0,0,0.0247955,0,0.00917781,13,1.4,-2.86739,-2.47096,1,0.418591,0.497162,0,0.599861,-0.038147,0,0.0085419,14,1.4,0.56333,-1.087e-13,1,-0.5,-2.11955e-12,0,-2.98023e-05,-2.0821e-11,0,0.0115918,15,1.4,2.00692,2.5482,1,-0.0005126,-0.5,0,-0.0238419,0,0,0.00904987,16,1.4,-0.00114074,2.38301,1,-0.00112574,0.495118,0,0.00428053,0.0832081,0,0.00877459,17,1.4,1.52919,-3,1,0.500003,0,0,-5.96046e-05,0,0,0.005359,18,1.4,0.47042,-1.9999,1,-0.5,-9.83477e-05,0,1.43051e-05,-0.000238419,0,0.0126879,19,1.4,1.47081,2,1,-0.500003,0,0,5.96046e-05,0,0,0.0131466,20,1.4,-2.44355,-3,1,-0.5,0,0,0,0,0,0.00744943,21,1.4,-0.731685,-2.5284,1,0.5,-0.49606,0,2.98023e-05,0.0463724,0,0.00699376,22,1.4,0,1,1,0,0,0,0,0,0,0.00760751,23,1.4,-1.32785,1.9996,1,-0.314578,-0.000318885,0,0.216722,0.000953674,0,0.0137687,24,1.4,0.436667,3,1,0.5,0,0,-1.43051e-05,0,0,0.00731874,25,1.4,1.65996,1.00128,1,-0.397268,0.00186265,0,-0.156641,-0.00298023,0,0.0133418,26,1.4,3,2.55032,1,0,-0.5,0,0,0,0,0.00483884,27,1.4,1.40012,3,1,0.500003,0,0,-5.96046e-05,0,0,0.00499394,28,1.4,-1.67231,3,1,0.31442,0,0,-0.216246,0,0,0.00582847,29,1.4,3,0.463797,1,0,-0.5,0,0,1.43051e-05,0,0.00508095,30,1.4,-0.999602,2.67213,1,0.000314415,-0.314641,0,-0.000923872,0.216484,0,0.0131599,31,1.4,-3,3,1,0,0,0,0,0,0,0.00656604,32,1.4,-0.47042,-1.0001,1,0.5,9.83477e-05,0,-1.43051e-05,0.000238419,0,0.0102533,33,1.4,2.92261,1.52691,1,-0.333756,-0.500003,0,-0.718594,5.96046e-05,0,0.00999717,34,1.4,-2.47081,0,1,0.5,0,0,0,0,0,0.0113002,35,1.4,-2.52941,1,1,0.5,0,0,0,0,0,0.00662265
0,1.5,1.00122,0.567187,1,0.000675954,-0.499526,0,-0.0045374,-0.0155307,0,0.0134357,1,1.5,0.465191,-3,1,0.5,0,0,-1.78814e-06,0,0,0.00757948,2,1.5,3,-1.08172,1,0,-0.389768,0,0,-0.817589,0,0.00747764,3,1.5,-2,-1,1,0,0,0,0,0,0,0.00999384,4,1.5,-3,1.53317,1,0,-0.5,0,0,7.45058e-06,0,0.008768,5,1.5,-0.450987,0.000699781,1,-0.5,0.000200564,0,1.78814e-06,-0.00278783,0,0.0123392,6,1.5,-1.00617,-0.50226,1,0.00236016,-0.5,0,0.0186786,-5.66244e-06,0,0.0136872,7,1.5,2,-1.42081,1,0,0.49988,0,0,-0.00477582,0,0.0125452,8,1.5,-2.00146,2.35643,1,-0.00179149,0.291479,0,0.00353158,-0.201359,0,0.0124601,9,1.5,-1.42081,1,1,0.49988,0,0,-0.00477582,0,0,0.00737618,10,1.5,1.00006,-1.08628,1,0.000227802,-0.400665,0,-8.19564e-05,-0.779577,0,0.0158026,11,1.5,-1.49746,-2.04907,1,0.498469,-0.316315,0,-0.031732,-0.943288,0,0.0106049,12,1.5,2.49796,-2.00701,1,-0.5,0.00283606,0,0,0.0209957,0,0.00917781,13,1.5,-2.8229,-2.42152,1,0.467227,0.490721,0,0.368401,-0.0905991,0,0.0085419,14,1.5,0.51333,-4.01789e-13,1,-0.5,-3.52869e-12,0,2.08616e-06,-8.00077e-12,0,0.0115918,15,1.5,2.00675,2.4982,1,-0.00271872,-0.5,0,-0.020206,0,0,0.00904987,16,1.5,-0.00123133,2.4328,1,-0.000681516,0.499514,0,0.00454631,0.0158101,0,0.00877459,17,1.5,1.57919,-3,1,0.49988,0,0,-0.00477582,0,0,0.005359,18,1.5,0.420423,-1.99991,1,-0.499873,-0.000116788,0,0.00497878,-0.00012666,0,0.0126879,19,1.5,1.42081,2,1,-0.49988,0,0,0.00477582,0,0,0.0131466,20,1.5,-2.49355,-3,1,-0.5,0,0,0,0,0,0.00744943,21,1.5,-0.681685,-2.57769,1,0.5,-0.488926,0,0,0.0964403,0,0.00699376,22,1.5,0,1,1,0,0,0,0,0,0,0.00760751,23,1.5,-1.35825,1.99957,1,-0.293655,-0.000195578,0,0.206694,0.00138581,0,0.0137687,24,1.5,0.486667,3,1,0.5,0,0,1.78814e-06,0,0,0.00731874,25,1.5,1.61923,1.00144,1,-0.418958,0.00147372,0,-0.259176,-0.00467896,0,0.0133418,26,1.5,3,2.50032,1,0,-0.5,0,0,0,0,0.00483884,27,1.5,1.45012,3,1,0.5,0,0,-7.45058e-06,0,0,0.00499394,28,1.5,-1.64191,3,1,0.293575,0,0,-0.205718,0,0,0.00582847,29,1.5,3,0.413806,1,0,-0.499654,0,0,0.0108219,0,0.00508095,30,1.5,-0.999576,2.64171,1,0.000193715,-0.293744,0,-0.00135601,0.206441,0,0.0131599,31,1.5,-3,3,1,0,0,0,0,0,0,0.00656604,32,1.5,-0.420423,-1.00009,1,0.499873,0.000116788,0,-0.00497878,0.00012666,0,0.0102533,33,1.5,2.88579,1.47695,1,-0.400697,-0.498701,0,-0.603572,0.0277758,0,0.00999717,34,1.5,-2.42081,0,1,0.49988,0,0,-0.00476837,0,0,0.0113002,35,1.5,-2.47941,1,1,0.5,0,0,0,0,0,0.00662265
0,1.6,1.00127,0.517198,1,0.000223517,-0.5,0,-0.00452995,1.43051e-05,0,0.0142672,1,1.6,0.515191,-3,1,0.500001,0,0,-2.98023e-05,0,0,0.0068783,2,1.6,3,-1.1243,1,0,-0.456685,0,0,-0.510037,0,0.00681063,3,1.6,-2,-1,1,0,0,0,0,0,0,0.00868366,4,1.6,-3,1.48317,1,0,-0.500003,0,0,5.96046e-05,0,0.00868573,5,1.6,-0.500987,0.00070614,1,-0.500001,-7.02275e-05,0,2.98023e-05,-0.00259953,0,0.0111174,6,1.6,-1.00585,-0.55226,1,0.00404716,-0.5,0,0.0149608,-2.98023e-05,0,0.0116611,7,1.6,2,-1.37088,1,0,0.498089,0,0,-0.038147,0,0.0130142,8,1.6,-2.00162,2.38456,1,-0.00141859,0.270838,0,0.0038147,-0.214934,0,0.0125555,9,1.6,-1.37088,1,1,0.498089,0,0,-0.038147,0,0,0.00705194,10,1.6,1.00008,-1.12973,1,0.000205636,-0.463027,0,-0.000298023,-0.461042,0,0.0164165,11,1.6,-1.44784,-2.08515,1,0.493461,-0.401819,0,-0.0692606,-0.737548,0,0.0103753,12,1.6,2.44796,-2.00663,1,-0.5,0.00472665,0,0,0.0166893,0,0.00912158,13,1.6,-2.77473,-2.37299,1,0.49262,0.479072,0,0.147581,-0.141978,0,0.0107352,14,1.6,0.46333,-7.77886e-13,1,-0.5,-3.83971e-12,0,1.43051e-05,1.21929e-12,0,0.0105785,15,1.6,2.00639,2.4482,1,-0.00453591,-0.5,0,-0.0162125,0,0,0.0085631,16,1.6,-0.00127671,2.48279,1,-0.000227118,0.5,0,0.00449305,0,0,0.00750941,17,1.6,1.62912,-3,1,0.498089,0,0,-0.038147,0,0,0.00722445,18,1.6,0.370499,-1.99992,1,-0.498043,-0.00012815,0,0.0388026,0,0,0.0103103,19,1.6,1.37088,2,1,-0.498089,0,0,0.038147,0,0,0.0106925,20,1.6,-2.54355,-3,1,-0.5,0,0,0,0,0,0.00578131,21,1.6,-0.631685,-2.62602,1,0.5,-0.47676,0,2.98023e-05,0.146747,0,0.00818044,22,1.6,0,1,1,0,0,0,0,0,0,0.00755217,23,1.6,-1.38657,1.99956,1,-0.272432,-6.55651e-05,0,0.220835,0.00113249,0,0.0139889,24,1.6,0.536667,3,1,0.5,0,0,2.98023e-05,0,0,0.00701347,25,1.6,1.57599,1.00157,1,-0.446025,0.000953674,0,-0.269234,-0.00566244,0,0.0103353,26,1.6,3,2.45032,1,0,-0.5,0,0,0,0,0.00479621,27,1.6,1.50012,3,1,0.500003,0,0,-5.96046e-05,0,0,0.00471794,28,1.6,-1.6136,3,1,0.272447,0,0,-0.22006,0,0,0.0078463,29,1.6,3,0.363947,1,0,-0.496873,0,0,0.0505596,0,0.00633691,30,1.6,-0.999563,2.61339,1,6.70552e-05,-0.272548,0,-0.00113249,0.220537,0,0.00978599,31,1.6,-3,3,1,0,0,0,0,0,0,0.00740064,32,1.6,-0.370499,-1.00008,1,0.498043,0.00012815,0,-0.0388026,0,0,0.0130636,33,1.6,2.84299,1.42728,1,-0.452101,-0.494123,0,-0.417352,0.0650883,0,0.0108769,34,1.6,-2.37088,0,1,0.498092,0,0,-0.0382662,0,0,0.00874424,35,1.6,-2.42941,1,1,0.5,0,0,0,0,0,0.00692526
0,1.7,1.00127,0.467198,1,-0.000211783,-0.5,0,-0.00413507,0,0,0.0142672,1,1.7,0.564914,-3,1,0.491791,0,0,-0.160128,0,0,0.0068783,2,1.7,3,-1.17197,1,0,-0.491378,0,0,-0.196941,0,0.00681063,3,1.7,-2,-0.999477,1,0,0.0149784,0,0,0.272002,0,0.00868366,4,1.7,-3,1.43317,1,0,-0.499934,0,0,0.00261515,0,0.00868573,5,1.7,-0.550987,0.00105501,1,-0.5,0.0103458,0,-3.72529e-06,0.195523,0,0.0111174,6,1.7,-1.00538,-0.602226,1,0.00530835,-0.498864,0,0.010334,0.0274666,0,0.0116611,7,1.7,2,-1.32111,1,0,0.498322,0,0,0.0219494,0,0.0130142,8,1.7,-2.00174,2.41063,1,-0.000962988,0.251055,0,0.00499189,-0.186309,0,0.0125555,9,1.7,-1.32116,1,1,0.497194,0,0,0.0112057,0,0,0.00705194,10,1.7,1.0001,-1.1778,1,0.000169314,-0.493347,0,-0.000409782,-0.162035,0,0.0164165,11,1.7,-1.39895,-2.12852,1,0.4832,-0.460574,0,-0.134505,-0.438616,0,0.0103753,12,1.7,2.39799,-2.00572,1,-0.498876,0.0167761,0,0.0272244,0.208989,0,0.00912158,13,1.7,-2.72501,-2.32568,1,0.499538,0.468251,0,0.0184476,-0.0803471,0,0.0107352,14,1.7,0.413339,-0.000368122,1,-0.499639,-0.0106527,0,0.0112335,-0.197651,0,0.0105785,15,1.7,2.00586,2.39823,1,-0.00589751,-0.498891,0,-0.0111014,0.0269562,0,0.0085631,16,1.7,-0.000909244,2.53279,1,0.0108616,0.5,0,0.201835,0,0,0.00750941,17,1.7,1.67889,-3,1,0.498354,0,0,0.02224,0,0,0.00722445,18,1.7,0.320751,-1.99994,1,-0.497865,-0.000124983,0,-0.018619,5.21541e-05,0,0.0103103,19,1.7,1.32111,2,1,-0.498354,0,0,-0.0222549,0,0,0.0106925,20,1.7,-2.59353,-3,1,-0.499275,0,0,0.0202805,0,0,0.00578131,21,1.7,-0.581685,-2.67258,1,0.5,-0.451112,0,0,0.355005,0,0.00818044,22,1.7,0,0.999477,1,0,-0.0149784,0,0,-0.272002,0,0.00755217,23,1.7,-1.41277,1.99956,1,-0.251987,5.7742e-05,0,0.193395,0.0012219,0,0.0139889,24,1.7,0.586658,2.99963,1,0.49964,-0.0106525,0,-0.0112206,-0.197664,0,0.00701347,25,1.7,1.53012,1.00163,1,-0.470624,0.000371411,0,-0.215903,-0.00588596,0,0.0103353,26,1.7,3,2.40035,1,0,-0.499024,0,0,0.0244677,0,0.00479621,27,1.7,1.55012,3,1,0.5,0,0,-7.45058e-06,0,0,0.00471794,28,1.7,-1.5874,3,1,0.252096,0,0,-0.192389,0,0,0.0078463,29,1.7,3,0.314324,1,0,-0.496844,0,0,-0.0273529,0,0.00633691,30,1.7,-0.999562,2.58718,1,-5.57862e-05,-0.252128,0,-0.00122562,0.193194,0,0.00978599,31,1.7,-3,3,1,0,0,0,0,0,0,0.00740064,32,1.7,-0.320762,-1.00006,1,0.497607,0.000125542,0,0.0162888,-4.47035e-05,0,0.0130636,33,1.7,2.79603,1.37832,1,-0.483796,-0.483923,0,-0.218019,0.137314,0,0.0108769,34,1.7,-2.32116,8.82136e-11,1,0.497289,3.53375e-09,0,0.0128895,1.05222e-07,0,0.00874424,35,1.7,-2.37948,1,1,0.497711,0,0,-0.0488758,0,0,0.00692526
0,1.8,1.00123,0.417198,1,-0.000599027,-0.5,0,-0.00357628,1.43051e-05,0,0.0134357,1,1.8,0.613057,-3,1,0.468808,0,0,-0.295311,0,0,0.00711688,2,1.8,3,-1.2217,1,0,-0.499967,0,0,-0.000655651,0,0.00570012,3,1.8,-2,-0.996357,1,0,0.0494927,0,0,0.396729,0,0.0103614,4,1.8,-3,1.38321,1,0,-0.498953,0,0,0.0208616,0,0.00873862,5,1.8,-0.600987,0.00328803,1,-0.5,0.036191,0,-2.98023e-05,0.308346,0,0.013546,6,1.8,-1.0048,-0.651897,1,0.00613034,-0.493684,0,0.00613928,0.0795722,0,0.0114306,7,1.8,2,-1.27118,1,0,0.499848,0,0,0.00303984,0,0.0108717,8,1.8,-2.00181,2.43482,1,-0.000470877,0.232631,0,0.00441074,-0.185847,0,0.0096983,9,1.8,-1.27136,1,1,0.498876,0,0,0.0169277,0,0,0.00964179,10,1.8,1.00012,-1.2276,1,0.00012517,-0.5,0,-0.000536442,-5.96046e-05,0,0.0121983,11,1.8,-1.3514,-2.1763,1,0.466847,-0.490808,0,-0.191092,-0.177741,0,0.00950765,12,1.8,2.34832,-2.00278,1,-0.493729,0.0436962,0,0.0790358,0.316679,0,0.00910275,13,1.8,-2.67502,-2.27919,1,0.5,0.4619,0,0,-0.0514984,0,0.0114981,14,1.8,0.363484,-0.00264165,1,-0.496789,-0.0366861,0,0.0513494,-0.309982,0,0.0133279,15,1.8,2.00522,2.34856,1,-0.00677109,-0.493783,0,-0.00655651,0.0787973,0,0.00878169,16,1.8,0.00140528,2.58279,1,0.0372882,0.5,0,0.313627,0,0,0.00717504,17,1.8,1.72882,-3,1,0.499871,0,0,0.002563,0,0,0.00775091,18,1.8,0.270872,-1.99995,1,-0.499539,-0.000119209,0,-0.00922322,0.000119209,0,0.0135094,19,1.8,1.27118,2,1,-0.499871,0,0,-0.002563,0,0,0.0126616,20,1.8,-2.64328,-3,1,-0.494939,0,0,0.0706911,0,0,0.00756546,21,1.8,-0.531685,-2.71566,1,0.5,-0.407887,0,1.43051e-05,0.499725,0,0.00986302,22,1.8,0,0.996357,1,0,-0.0494927,0,0,-0.396729,0,0.013532,23,1.8,-1.43701,1.99957,1,-0.232863,0.000163913,0,0.192702,0.000715256,0,0.0135227,24,1.8,0.636513,2.99736,1,0.496791,-0.0366867,0,-0.0513494,-0.309944,0,0.00732702,25,1.8,1.4821,1.00164,1,-0.488287,-0.000208616,0,-0.135183,-0.00560284,0,0.00919122,26,1.8,3,2.35064,1,0,-0.494242,0,0,0.0748634,0,0.00595983,27,1.8,1.60012,3,1,0.500003,0,0,-5.96046e-05,0,0,0.00664858,28,1.8,-1.56314,3,1,0.233057,0,0,-0.192106,0,0,0.00574195,29,1.8,3,0.264505,1,0,-0.4993,0,0,-0.0139916,0,0.00559369,30,1.8,-0.999574,2.56292,1,-0.000159442,-0.233018,0,-0.000804663,0.192642,0,0.0117183,31,1.8,-3,3,1,0,0,0,0,0,0,0.00516043,32,1.8,-0.27091,-1.00005,1,0.499353,0.000119209,0,0.0129414,-0.000119209,0,0.012287,33,1.8,2.74685,1.33072,1,-0.497049,-0.46697,0,-0.0590086,0.200152,0,0.0114062,34,1.8,-2.27134,1.37773e-09,1,0.499117,2.70075e-08,0,0.0174046,3.89335e-07,0,0.0111973,35,1.8,-2.33006,1,1,0.489706,0,0,-0.113249,0,0,0.00708409
0,1.9,1.00115,0.367299,1,-0.000911392,-0.496944,0,-0.00267476,0.0631175,0,0.0134357,1,1.9,0.658702,-3,1,0.446126,0,0,-0.172764,0,0,0.00711688,2,1.9,2.99969,-1.2717,1,-0.00896864,-0.499997,0,-0.167802,-8.19564e-05,0,0.00570012,3,1.9,-2,-0.989182,1,-8.56817e-06,0.0959553,0,-0.00025332,0.513166,0,0.0103614,4,1.9,-3,1.33332,1,0,-0.499412,0,0,-0.0130609,0,0.00873862,5,1.9,-0.650848,0.00868986,1,-0.495817,0.0738781,0,0.0839941,0.430553,0,0.013546,6,1.9,-1.00416,-0.700763,1,0.00656042,-0.482502,0,0.00254065,0.146583,0,0.0114306,7,1.9,2,-1.22119,1,0,0.49999,0,0,0.00037998,0,0.0108717,8,1.9,-2.00183,2.45725,1,1.11759e-06,0.216796,0,0.00475347,-0.13797,0,0.0096983,9,1.9,-1.22141,1,1,0.49986,9.68575e-06,0,0.00419468,0.000283122,0,0.00964179,10,1.9,1.00013,-1.2776,1,7.17118e-05,-0.5,0,-0.000528991,1.49012e-05,0,0.0121983,11,1.9,-1.30576,-2.22594,1,0.444955,-0.499349,0,-0.244901,-0.0244975,0,0.00950765,12,1.9,2.29951,-1.99615,1,-0.480744,0.0947865,0,0.178605,0.671826,0,0.00910275,13,1.9,-2.62502,-2.23308,1,0.5,0.462002,0,0,0.0446737,0,0.0114981,14,1.9,0.314228,-0.00820467,1,-0.486692,-0.0775334,0,0.148948,-0.487847,0,0.0133279,15,1.9,2.00452,2.29968,1,-0.00722297,-0.482686,0,-0.0025779,0.145659,0,0.00878169,16,1.9,0.00636357,2.63268,1,0.0587246,0.496776,0,0.124344,-0.0666231,0,0.00717504,17,1.9,1.77882,-3,1,0.499992,0,0,0.000320375,0,0,0.00775091,18,1.9,0.220889,-1.99996,1,-0.499971,-0.000106543,0,-0.00115111,0.00013411,0,0.0135094,19,1.9,1.22119,2,1,-0.499992,0,0,-0.000320375,0,0,0.0126616,20,1.9,-2.69232,-3,1,-0.48454,0,0,0.14028,0,0,0.00756546,21,1.9,-0.481686,-2.75411,1,0.499963,-0.362685,0,-0.00149183,0.40856,0,0.00986302,22,1.9,0,0.988981,1,0,-0.101718,0,0,-0.618983,0,0.013532,23,1.9,-1.45943,1.99959,1,-0.216342,0.000238977,0,0.144646,0.000692904,0,0.0135227,24,1.9,0.68584,2.9925,1,0.488697,-0.0572342,0,-0.114042,-0.111684,0,0.00732702,25,1.9,1.43274,1.00211,1,-0.497567,0.0140991,0,-0.0540465,0.270233,0,0.00919122,26,1.9,3,2.30136,1,0,-0.493283,0,0,-0.0329912,0,0.00595983,27,1.9,1.65007,3,1,0.498324,0,0,-0.0400394,0,0,0.00664858,28,1.9,-1.5407,3,1,0.216601,0,0,-0.14405,0,0,0.00574195,29,1.9,3,0.214532,1,0,-0.499956,0,0,-0.00175074,0,0.00559369,30,1.9,-0.999594,2.54048,1,-0.000241306,-0.216495,0,-0.000741333,0.144765,0,0.0117183,31,1.9,-3,3,1,0,0,0,0,0,0,0.00516043,32,1.9,-0.220935,-1.00004,1,0.49996,0.000106543,0,0.00161946,-0.00013411,0,0.012287,33,1.9,2.69697,1.28514,1,-0.499815,-0.443514,0,-0.00737607,0.266254,0,0.0114062,34,1.9,-2.22137,-2.36786e-07,1,0.499941,-9.65676e-06,0,0.00226498,-0.000288998,0,0.0111973,35,1.9,-2.28177,1,1,0.474881,0,0,-0.184625,0,0,0.00708409
0,2,1.00105,0.318038,1,-0.00113547,-0.487059,0,-0.00184774,0.135764,0,0.0148503,1,2,0.702555,-3,1,0.431682,0,0,-0.127375,0,0,0.0067791,2,2,2.99776,-1.3217,1,-0.0314057,-0.500003,0,-0.270963,5.96046e-05,0,0.00698428,3,2,-2,-0.976961,1,-6.55651e-05,0.14866,0,-0.000953674,0.525653,0,0.0124294,4,2,-3,1.28333,1,0,-0.500003,0,0,5.96046e-05,0,0.00972041,5,2,-0.699869,0.0183294,1,-0.483194,0.119589,0,0.168175,0.471371,0,0.0144889,6,2,-1.0035,-0.748153,1,0.00665188,-0.463995,0,-0.000655651,0.224769,0,0.0109685,7,2,2,-1.17119,1,0,0.500003,0,0,-5.96046e-05,0,0.00990456,8,2,-2.00181,2.47827,1,0.000441074,0.203818,0,0.0038147,-0.126481,0,0.0116234,9,2,-1.17142,1,1,0.500003,7.45058e-05,0,-5.96046e-05,0.00107288,0,0.015935,10,2,1.00013,-1.3276,1,2.08616e-05,-0.500003,0,-0.000536442,5.96046e-05,0,0.0133432,11,2,-1.26257,-2.27592,1,0.418228,-0.5,0,-0.287831,0,0,0.00843974,12,2,2.25248,-1.98296,1,-0.458431,0.171944,0,0.26536,0.843525,0,0.00962813,13,2,-2.57502,-2.18656,1,0.5,0.46919,0,0,0.0916719,0,0.0118605,14,2,0.266454,-0.0185586,1,-0.467349,-0.130753,0,0.236079,-0.560636,0,0.0144436,15,2,2.00379,2.25227,1,-0.00730157,-0.464278,0,0.000834465,0.223994,0,0.010258,16,2,0.0126087,2.6819,1,0.0638924,0.486332,0,-0.0128746,-0.143528,0,0.00649884,17,2,1.82881,-3,1,0.500003,0,0,-5.96046e-05,0,0,0.00539655,18,2,0.17089,-1.99997,1,-0.5,-9.23872e-05,0,0,0.000119209,0,0.0184918,19,2,1.17119,2,1,-0.500003,0,0,5.96046e-05,0,0,0.0103596,20,2,-2.73993,-3,1,-0.466424,0,0,0.223517,0,0,0.00773806,21,2,-0.431709,-2.78846,1,0.499404,-0.325388,0,-0.0119209,0.341296,0,0.00816783,22,2,0,0.975545,1,0,-0.168107,0,0,-0.685811,0,0.0153236,23,2,-1.48038,1.99962,1,-0.202748,0.000286102,0,0.132084,0.000238419,0,0.0158452,24,2,0.734013,2.98647,1,0.473434,-0.0610054,0,-0.193149,0.0269413,0,0.00530238,25,2,1.38282,1.00517,1,-0.500003,0.0498623,0,5.96046e-05,0.426769,0,0.0129083,26,2,3,2.25182,1,0,-0.497419,0,0,-0.0380278,0,0.00443608,27,2,1.69959,3,1,0.490898,0,0,-0.112891,0,0,0.00702797,28,2,-1.51972,3,1,0.203046,0,0,-0.132143,0,0,0.00666709,29,2,3,0.164533,1,0,-0.5,0,0,-3.57628e-06,0,0.00787735,30,2,-0.999621,2.51953,1,-0.000292063,-0.202888,0,-0.000208616,0.132322,0,0.0104559,31,2,-3,3,1,0,0,0,0,0,0,0.00768665,32,2,-0.170936,-1.00003,1,0.5,9.23872e-05,0,0,-0.000119209,0,0.0135256,33,2,2.64697,1.24221,1,-0.5,-0.414237,0,0,0.316799,0,0.0102919,34,2,-2.17137,-3.77457e-06,1,0.5,-7.41583e-05,0,0,-0.00106996,0,0.0154059,35,2,-2.23533,1,1,0.452602,0,0,-0.261188,0,0,0.00801842
0,2.1,1.00093,0.270133,1,-0.00128038,-0.469802,0,-0.00105798,0.210034,0,0.0148503,1,2.1,0.745025,-3,1,0.417058,0,0,-0.16778,0,0,0.0067791,2,2.1,2.99295,-1.3717,1,-0.0676088,-0.5,0,-0.438213,7.45058e-06,0,0.00698428,3,2.1,-2.00001,-0.959452,1,-0.000173226,0.201342,0,-0.0013262,0.515245,0,0.0124294,4,2.1,-3,1.23333,1,0,-0.5,0,0,7.45058e-06,0,0.00972041,5,2.1,-0.747167,0.0326917,1,-0.461071,0.167866,0,0.27043,0.484149,0,0.0144889,6,2.1,-1.00284,-0.793258,1,0.00644084,-0.436503,0,-0.00344962,0.321571,0,0.0109685,7,2.1,2,-1.12119,1,0,0.5,0,0,-7.45058e-06,0,0.00990456,8,2.1,-2.00175,2.49816,1,0.000822544,0.195167,0,0.00357628,-0.0564903,0,0.0116234,9,2.1,-1.12142,1.00002,1,0.5,0.000178069,0,-7.45058e-06,0.00120699,0,0.015935,10,2.1,1.00013,-1.3776,1,-2.81259e-05,-0.5,0,-0.000439584,7.45058e-06,0,0.0133432,11,2.1,-1.22224,-2.32592,1,0.387707,-0.5,0,-0.320941,0,0,0.00843974,12,2.1,2.20813,-1.96142,1,-0.427054,0.259473,0,0.35724,0.880361,0,0.00962813,13,2.1,-2.52502,-2.13915,1,0.499974,0.479023,0,-0.00102818,0.0999421,0,0.0118605,14,2.1,0.221017,-0.0345617,1,-0.440267,-0.190192,0,0.303267,-0.613893,0,0.0144436,15,2.1,2.00307,2.20713,1,-0.00705756,-0.436859,0,0.0038892,0.320941,0,0.010258,16,2.1,0.0187683,2.72968,1,0.0578204,0.467952,0,-0.101818,-0.224441,0,0.00649884,17,2.1,1.87881,-3,1,0.5,0,0,-7.45058e-06,0,0,0.00539655,18,2.1,0.12089,-1.99998,1,-0.5,-8.028e-05,0,-1.3411e-06,0.00012666,0,0.0184918,19,2.1,1.12119,2,1,-0.5,0,0,7.45058e-06,0,0,0.0103596,20,2.1,-2.78527,-3,1,-0.438601,0,0,0.329107,0,0,0.00773806,21,2.1,-0.381886,-2.81937,1,0.496394,-0.29379,0,-0.0518784,0.293791,0,0.00816783,22,2.1,-6.03304e-16,0.955189,1,-2.39018e-14,-0.239745,0,-7.05533e-13,-0.730224,0,0.0153236,23,2.1,-1.50013,1.99965,1,-0.193581,0.000312179,0,0.0611022,0.000178814,0,0.0158452,24,2.1,0.78021,2.98065,1,0.448777,-0.0540022,0,-0.296708,0.106767,0,0.00530238,25,2.1,1.33302,1.01268,1,-0.494,0.103611,0,0.118226,0.625201,0,0.0129083,26,2.1,3,2.20195,1,0,-0.499668,0,0,-0.00984967,0,0.00443608,27,2.1,1.74792,3,1,0.473744,0,0,-0.227816,0,0,0.00702797,28,2.1,-1.49994,3,1,0.193877,0,0,-0.0612214,0,0,0.00666709,29,2.1,3,0.114533,1,0,-0.5,0,0,0,0,0.00787735,30,2.1,-0.999651,2.49976,1,-0.000315253,-0.193689,0,-0.000152737,0.0614673,0,0.0104559,31,2.1,-3,3,1,0,0,0,0,0,0,0.00768665,32,2.1,-0.120936,-1.00002,1,0.5,8.028e-05,0,8.9407e-07,-0.00012666,0,0.0135256,33,2.1,2.59697,1.20243,1,-0.5,-0.380675,0,0,0.352263,0,0.0102919,34,2.1,-2.12138,-1.66047e-05,1,0.499932,-0.000186748,0,-0.00268221,-0.00132428,0,0.0154059,35,2.1,-2.19154,1,1,0.421861,0,0,-0.349894,0,0,0.00801842
0,2.2,1.0008,0.224329,1,-0.00135005,-0.445009,0,-0.000357628,0.285588,0,0.0142572,1,2.2,0.785808,-3,1,0.397708,0,0,-0.220746,0,0,0.00698595,2,2.2,2.98382,-1.4217,1,-0.116289,-0.500003,0,-0.522614,5.96046e-05,0,0.00624649,3,2.2,-2.00004,-0.936846,1,-0.000351667,0.249481,0,-0.0025034,0.438005,0,0.0127395,4,2.2,-3,1.18333,1,0,-0.500003,0,0,5.96046e-05,0,0.00884909,5,2.2,-0.79178,0.0518504,1,-0.42986,0.214615,0,0.350147,0.442816,0,0.0143463,6,2.2,-1.00222,-0.835166,1,0.00598729,-0.400379,0,-0.00554323,0.397414,0,0.0121622,7,2.2,2,-1.07119,1,0,0.500003,0,0,-5.96046e-05,0,0.0109477,8,2.2,-2.00165,2.51744,1,0.00112653,0.190806,0,0.00226498,-0.0380278,0,0.0100782,9,2.2,-1.07142,1.00004,1,0.500003,0.000348687,0,-5.96046e-05,0.00238419,0,0.0151555,10,2.2,1.00013,-1.4276,1,-6.85453e-05,-0.500003,0,-0.000298023,5.96046e-05,0,0.0117792,11,2.2,-1.18512,-2.37592,1,0.354362,-0.5,0,-0.344396,0,0,0.00821885,12,2.2,2.16732,-1.93119,1,-0.387925,0.343508,0,0.42069,0.781894,0,0.0101414,13,2.2,-2.47504,-2.09077,1,0.499582,0.488353,0,-0.00822544,0.0834465,0,0.0113478,14,2.2,0.178602,-0.0566394,1,-0.407147,-0.25096,0,0.356913,-0.590011,0,0.0154783,15,2.2,2.00239,2.16518,1,-0.00654459,-0.400794,0,0.00619888,0.396967,0,0.00892276,16,2.2,0.0239408,2.77522,1,0.0447681,0.441456,0,-0.153583,-0.304818,0,0.00714307,17,2.2,1.92881,-3,1,0.500003,0,0,-5.96046e-05,0,0,0.00592174,18,2.2,0.0708901,-1.99999,1,-0.5,-6.85453e-05,0,-3.57628e-06,0.000119209,0,0.0116654,19,2.2,1.07119,2,1,-0.500003,0,0,5.96046e-05,0,0,0.011253,20,2.2,-2.82734,-3,1,-0.401366,0,0,0.41163,0,0,0.00896073,21,2.2,-0.332596,-2.84734,1,0.488418,-0.266063,0,-0.110179,0.263095,0,0.00747604,22,2.2,-9.28422e-15,0.927607,1,-1.81998e-13,-0.311142,0,-2.62365e-12,-0.684291,0,0.0164849,23,2.2,-1.51924,1.99968,1,-0.188828,0.000303984,0,0.0411868,-0.000357628,0,0.0155587,24,2.2,0.823456,2.97587,1,0.414759,-0.0408173,0,-0.380307,0.151634,0,0.00636825,25,2.2,1.28439,1.02634,1,-0.476745,0.170702,0,0.224829,0.697553,0,0.0152735,26,2.2,3,2.15195,1,0,-0.5,0,0,0,0,0.00440266,27,2.2,1.79398,3,1,0.445849,0,0,-0.327289,0,0,0.0056521,28,2.2,-1.48081,3,1,0.189078,0,0,-0.0420809,0,0,0.00518643,29,2.2,3,0.0645328,1,0,-0.5,0,0,1.19209e-06,0,0.00661251,30,2.2,-0.999683,2.48064,1,-0.000305474,-0.188893,0,0.000417233,0.041604,0,0.0122916,31,2.2,-3,3,1,0,0,0,0,0,0,0.0070575,32,2.2,-0.0709363,-1.00001,1,0.5,6.85453e-05,0,0,-0.000119209,0,0.0113079,33,2.2,2.54697,1.16617,1,-0.5,-0.344205,0,0,0.375092,0,0.0111919,34,2.2,-2.07142,-4.32908e-05,1,0.498927,-0.000363543,0,-0.0215769,-0.00231448,0,0.0144208,35,2.2,-2.15122,1,1,0.383353,0,0,-0.416636,0,0,0.00991473
0,2.3,1.00066,0.181405,1,-0.00135042,-0.412094,0,0.000312924,0.368842,0,0.0142572,1,2.3,0.824349,-3,1,0.371919,0,0,-0.29248,0,0,0.00698595,2,2.3,2.96943,-1.4717,1,-0.172841,-0.5,0,-0.598565,7.45058e-06,0,0.00624649,3,2.3,-2.00009,-0.909836,1,-0.000615418,0.289284,0,-0.00289083,0.351686,0,0.0127395,4,2.3,-3,1.13333,1,0,-0.5,0,0,7.45058e-06,0,0.00884909,5,2.3,-0.832914,0.0755516,1,-0.391886,0.259335,0,0.406101,0.438704,0,0.0143463,6,2.3,-1.00165,-0.873125,1,0.00536144,-0.357968,0,-0.00688434,0.447709,0,0.0121622,7,2.3,2.00018,-1.02119,1,0.00531375,0.5,0,0.102013,0,0,0.0109477,8,2.3,-2.00153,2.53649,1,0.00132993,0.191522,0,0.00166893,0.0421703,0,0.0100782,9,2.3,-1.02142,1.00009,1,0.5,0.000539981,0,0,0.00175089,0,0.0151555,10,2.3,1.00012,-1.4776,1,-9.48086e-05,-0.5,0,-0.000230968,7.45058e-06,0,0.0117792,11,2.3,-1.15144,-2.42592,1,0.318904,-0.5,0,-0.362813,0,0,0.00821885,12,2.3,2.1307,-1.89315,1,-0.34398,0.414602,0,0.454634,0.621825,0,0.0101414,13,2.3,-2.42523,-2.04157,1,0.495531,0.4952,0,-0.0723302,0.0526384,0,0.0113478,14,2.3,0.139648,-0.0846039,1,-0.372103,-0.307384,0,0.346522,-0.533406,0,0.0154783,15,2.3,2.00177,2.12718,1,-0.00584647,-0.358417,0,0.0076592,0.447467,0,0.00892276,16,2.3,0.0276188,2.81768,1,0.028565,0.406327,0,-0.167221,-0.393227,0,0.00714307,17,2.3,1.97881,-3,1,0.5,0,0,-7.45058e-06,0,0,0.00592174,18,2.3,0.0208901,-1.99999,1,-0.5,-5.66244e-05,0,0,0.000119209,0,0.0116654,19,2.3,1.02119,2,1,-0.5,0,0,0,0,0,0.011253,20,2.3,-2.86531,-3,1,-0.357004,0,0,0.471622,0,0,0.00896073,21,2.3,-0.284414,-2.87267,1,0.474102,-0.240741,0,-0.177907,0.245318,0,0.00747604,22,2.3,-2.74039e-14,0.893165,1,-7.68486e-14,-0.376405,0,3.62025e-12,-0.608016,0,0.0164849,23,2.3,-1.53808,1.99971,1,-0.189301,0.000273623,0,-0.0404418,-0.000365078,0,0.0155587,24,2.3,0.862926,2.97259,1,0.373662,-0.0246465,0,-0.438564,0.167549,0,0.00636825,25,2.3,1.23811,1.04688,1,-0.446507,0.239655,0,0.371262,0.674263,0,0.0152735,26,2.3,3,2.10195,1,0,-0.5,0,0,0,0,0.00440266,27,2.3,1.83677,3,1,0.40836,0,0,-0.417255,0,0,0.0056521,28,2.3,-1.46195,3,1,0.189468,0,0,0.0394806,0,0,0.00518643,29,2.3,3,0.0145328,1,0,-0.5,0,0,1.49012e-07,0,0.00661251,30,2.3,-0.999711,2.4618,1,-0.000270642,-0.18932,0,0.000402331,-0.03995,0,0.0122916,31,2.3,-3,3,1,0,0,0,0,0,0,0.0070575,32,2.3,-0.0209363,-1.00001,1,0.5,5.66244e-05,0,-4.47035e-07,-0.000119209,0,0.0113079,33,2.3,2.49697,1.13365,1,-0.5,-0.306153,0,0,0.384323,0,0.0111919,34,2.3,-2.02167,-9.06478e-05,1,0.495448,-0.000581966,0,-0.0524893,-0.00221227,0,0.0144208,35,2.3,-2.11504,1,1,0.339483,0,0,-0.457615,0,0,0.00991473
0,2.4,1.00053,0.14215,1,-0.00129044,-0.371996,0,0.00089407,0.429429,0,0.0145666,1,2.4,0.859978,-3,1,0.339726,0,0,-0.348717,0,0,0.00713599,2,2.4,2.9491,-1.5217,1,-0.234151,-0.500003,0,-0.619173,5.96046e-05,0,0.00975062,3,2.4,-2.00017,-0.879335,1,-0.000953674,0.31876,0,-0.00405312,0.23365,0,0.0125119,4,2.4,-3,1.08333,1,0,-0.500003,0,0,5.96046e-05,0,0.00782965,5,2.4,-0.870002,0.103584,1,-0.349268,0.300103,0,0.44322,0.367019,0,0.0137539,6,2.4,-1.00115,-0.906623,1,0.0046283,-0.311463,0,-0.007689,0.479251,0,0.0112347,7,2.4,2.00136,-0.971191,1,0.0195801,0.5,0,0.179291,2.98023e-05,0,0.0102978,8,2.4,-2.00139,2.55592,1,0.00143647,0.197417,0,0.000357628,0.0677109,0,0.00813928,9,2.4,-0.971416,1.00015,1,0.5,0.000751019,0,2.98023e-05,0.00268221,0,0.0183184,10,2.4,1.00011,-1.5276,1,-0.000116229,-0.500003,0,-0.000119209,5.96046e-05,0,0.0113479,11,2.4,-1.12138,-2.47592,1,0.282165,-0.5,0,-0.370204,0,0,0.00834279,12,2.4,2.09861,-1.84895,1,-0.297666,0.465468,0,0.468493,0.389695,0,0.0114295,13,2.4,-2.37614,-1.99184,1,0.485229,0.498885,0,-0.133038,0.0218749,0,0.00972393,14,2.4,0.10417,-0.11788,1,-0.337399,-0.356754,0,0.349417,-0.450175,0,0.0169305,15,2.4,2.00122,2.09364,1,-0.00503659,-0.311929,0,0.00858307,0.479221,0,0.00857027,16,2.4,0.0296391,2.85624,1,0.0119084,0.36369,0,-0.163328,-0.455141,0,0.00705292,17,2.4,2.02881,-3,1,0.5,0,0,0,0,0,0.00620565,18,2.4,-0.0291099,-2,1,-0.5,-4.76837e-05,0,-1.19209e-06,0.000119209,0,0.0173518,19,2.4,0.971185,2,1,-0.5,0,0,-2.98023e-05,0,0,0.013633,20,2.4,-2.89858,-3,1,-0.307852,0,0,0.507712,0,0,0.00735421,21,2.4,-0.238016,-2.89553,1,0.452598,-0.216657,0,-0.252805,0.237584,0,0.00794353,22,2.4,-1.40753e-14,0.852695,1,3.51882e-13,-0.4307,0,4.15906e-12,-0.47034,0,0.0144015,23,2.4,-1.55727,1.99973,1,-0.195089,0.000208616,0,-0.0673532,-0.000953674,0,0.0121027,24,2.4,0.898025,2.97096,1,0.327671,-0.00804067,0,-0.478059,0.161171,0,0.00661778,25,2.4,1.1955,1.07412,1,-0.404128,0.304234,0,0.468612,0.611424,0,0.0127587,26,2.4,3,2.05195,1,0,-0.5,0,0,0,0,0.00456787,27,2.4,1.87541,3,1,0.363401,0,0,-0.477135,0,0,0.00595143,28,2.4,-1.44274,3,1,0.195113,0,0,0.0652671,0,0,0.00495739,29,2.4,3,-0.0354672,1,0,-0.5,0,0,0,0,0.00620481,30,2.4,-0.999736,2.4426,1,-0.000204146,-0.195056,0,0.00101328,-0.0668764,0,0.0123152,31,2.4,-3,3,1,0,0,0,0,0,0,0.00784473,32,2.4,0.0290638,-1,1,0.5,4.76837e-05,0,1.19209e-06,-0.000178814,0,0.0161136,33,2.4,2.44697,1.10496,1,-0.5,-0.267649,0,0,0.384271,0,0.0113964,34,2.4,-1.97247,-0.000160811,1,0.487652,-0.00083333,0,-0.106633,-0.00293004,0,0.0153916,35,2.4,-2.08343,1,1,0.292456,0,0,-0.480056,0,0,0.0118861
0,2.5,1.0004,0.107163,1,-0.00118222,-0.327157,0,0.00124425,0.464177,0,0.0145666,1,2.5,0.89214,-3,1,0.3029,0,0,-0.385478,0,0,0.00713599,2,2.5,2.92232,-1.57159,1,-0.303124,-0.496703,0,-0.727758,0.0654459,0,0.00975062,3,2.5,-2.00028,-0.846451,1,-0.00133999,0.337235,0,-0.0038296,0.133347,0,0.0125119,4,2.5,-3,1.03333,1,0,-0.5,0,0,3.72529e-06,0,0.00782965,5,2.5,-0.902664,0.13536,1,-0.303563,0.334513,0,0.467017,0.312513,0,0.0137539,6,2.5,-1.00073,-0.935344,1,0.00384208,-0.262781,0,-0.00794977,0.490554,0,0.0112347,7,2.5,2.00439,-0.921191,1,0.0426836,0.5,0,0.278175,0,0,0.0102978,8,2.5,-2.00124,2.57638,1,0.00146329,0.215112,0,0,0.263721,0,0.00813928,9,2.5,-0.921416,1.00024,1,0.5,0.000918098,0,0,0.00105053,0,0.0183184,10,2.5,1.00009,-1.5776,1,-0.000124797,-0.499887,0,-5.96046e-05,0.00450015,0,0.0113479,11,2.5,-1.09501,-2.52592,1,0.245301,-0.5,0,-0.365749,0,0,0.00834279,12,2.5,2.07116,-1.80086,1,-0.251514,0.492384,0,0.452995,0.157282,0,0.0114295,13,2.5,-2.32839,-1.94188,1,0.468842,0.499925,0,-0.19367,0.00289083,0,0.00972393,14,2.5,0.0721238,-0.155762,1,-0.303961,-0.400239,0,0.323248,-0.412088,0,0.0169305,15,2.5,2.00076,2.06487,1,-0.00416227,-0.263241,0,0.00880659,0.490725,0,0.00857027,16,2.5,0.030038,2.89026,1,-0.00363596,0.316066,0,-0.145651,-0.493109,0,0.00705292,17,2.5,2.07881,-3,1,0.5,0,0,0,0,0,0.00620565,18,2.5,-0.0791099,-2,1,-0.5,-3.61353e-05,0,-1.49012e-07,0.000104308,0,0.0173518,19,2.5,0.921185,2,1,-0.5,0,0,0,0,0,0.013633,20,2.5,-2.92679,-3,1,-0.256073,0,0,0.522673,0,0,0.00735421,21,2.5,-0.194178,-2.916,1,0.42269,-0.192626,0,-0.34178,0.242501,0,0.00794353,22,2.5,2.36518e-14,0.807571,1,2.51413e-13,-0.468837,0,-4.94964e-12,-0.294328,0,0.0144015,23,2.5,-1.5775,1.99975,1,-0.212804,0.000131689,0,-0.264421,-0.000782311,0,0.0121027,24,2.5,0.92836,2.97093,1,0.278724,0.00697561,0,-0.496808,0.137672,0,0.00661778,25,2.5,1.15751,1.10763,1,-0.354896,0.365766,0,0.510916,0.599705,0,0.0127587,26,2.5,3,2.00195,1,0,-0.5,0,0,0,0,0.00456787,27,2.5,1.9093,3,1,0.314065,0,0,-0.505604,0,0,0.00595143,28,2.5,-1.42251,3,1,0.212643,0,0,0.262365,0,0,0.00495739,29,2.5,3,-0.0854672,1,0,-0.5,0,0,4.47035e-07,0,0.00620481,30,2.5,-0.999752,2.42238,1,-0.000122748,-0.212722,0,0.000804663,-0.263929,0,0.0123152,31,2.5,-3,3,1,0,0,0,0,0,0,0.00784473,32,2.5,0.0790638,-0.999999,1,0.5,3.15718e-05,0,-7.45058e-07,-0.000145286,0,0.0161136,33,2.5,2.39701,1.0801,1,-0.498814,-0.229538,0,0.0283718,0.376441,0,0.0113964,34,2.5,-1.92422,-0.000259815,1,0.477267,-0.00115996,0,-0.109002,-0.00371751,0,0.0153916,35,2.5,-2.0566,1,1,0.244142,0,0,-0.482678,0,0,0.0118861
0,2.6,1.00029,0.0768027,1,-0.00104308,-0.279781,0,0.00143051,0.480318,0,0.0140669,1,2.6,0.920459,-3,1,0.263102,0,0,-0.407994,0,0,0.00708764,2,2.6,2.88841,-1.62083,1,-0.374198,-0.487024,0,-0.671148,0.127614,0,0.00788759,3,2.6,-2.00043,-0.812244,1,-0.00174642,0.345065,0,-0.00429153,0.0221133,0,0.0125373,4,2.6,-3,0.983334,1,0,-0.5,0,0,-2.98023e-05,0,0.00982195,5,2.6,-0.930673,0.170225,1,-0.256583,0.361128,0,0.469267,0.21369,0,0.0124513,6,2.6,-1.00038,-0.959178,1,0.00305176,-0.214058,0,-0.00780821,0.480711,0,0.0108437,7,2.6,2.01018,-0.871191,1,0.074321,0.5,0,0.350356,2.98023e-05,0,0.0113331,8,2.6,-2.0011,2.59938,1,0.00140667,0.246114,0,-0.00143051,0.338316,0,0.0071159,9,2.6,-0.871416,1.00033,1,0.5,0.00102818,0,2.98023e-05,0.00143051,0,0.0204388,10,2.6,1.00008,-1.62753,1,-0.00012815,-0.498202,0,-5.96046e-05,0.0360012,0,0.00978365,11,2.6,-1.07229,-2.57592,1,0.209266,-0.5,0,-0.353694,0,0,0.00778853,12,2.6,2.04824,-1.75113,1,-0.207347,0.499657,0,0.429153,0.00685453,0,0.0113552,13,2.6,-2.28256,-1.89188,1,0.446719,0.500003,0,-0.247717,-5.96046e-05,0,0.00908511,14,2.6,0.043327,-0.197734,1,-0.272067,-0.43796,0,0.317553,-0.337645,0,0.0146879,15,2.6,2.00039,2.04099,1,-0.00329018,-0.214493,0,0.00870228,0.481009,0,0.00965325,16,2.6,0.0289881,2.91936,1,-0.0169081,0.265872,0,-0.118562,-0.506639,0,0.00601309,17,2.6,2.12881,-3,1,0.5,0,0,0,0,0,0.0052318,18,2.6,-0.12911,-2,1,-0.5,-2.38419e-05,0,0,0,0,0.0137956,19,2.6,0.871185,2,1,-0.5,0,0,-2.98023e-05,0,0,0.0136565,20,2.6,-2.9498,-3,1,-0.204277,0,0,0.508666,0,0,0.00762296,21,2.6,-0.153739,-2.93405,1,0.384951,-0.168276,0,-0.409495,0.243783,0,0.0100186,22,2.6,1.71284e-14,0.759484,1,-4.2821e-13,-0.490348,0,-7.76327e-12,-0.141799,0,0.0148696,23,2.6,-1.60028,1.99976,1,-0.243917,2.08616e-05,0,-0.339746,-0.00154972,0,0.0116996,24,2.6,0.953746,2.97226,1,0.229062,0.0192523,0,-0.49293,0.106931,0,0.00611453,25,2.6,1.12461,1.14706,1,-0.302896,0.421017,0,0.52464,0.49305,0,0.0130391,26,2.6,3,1.95195,1,0,-0.500003,0,0,5.96046e-05,0,0.00553648,27,2.6,1.93816,3,1,0.263032,0,0,-0.511587,0,0,0.00517826,28,2.6,-1.39977,3,1,0.243449,0,0,0.335455,0,0,0.00474675,29,2.6,3,-0.135467,1,0,-0.5,0,0,0,0,0.00515895,30,2.6,-0.999759,2.39961,1,-1.19209e-05,-0.243789,0,0.00160933,-0.33927,0,0.0105961,31,2.6,-3,3,1,0,0,0,0,0,0,0.00875421,32,2.6,0.129064,-0.999997,1,0.5,1.93715e-05,0,0,-0.000119209,0,0.014623,33,2.6,2.34735,1.05901,1,-0.493515,-0.192639,0,0.0809431,0.36031,0,0.0122191,34,2.6,-1.8771,-0.000396446,1,0.464496,-0.00159489,0,-0.152111,-0.00504681,0,0.0164122,35,2.6,-2.03457,1,1,0.196558,0,0,-0.465751,0,0,0.00981321
0,2.7,1.0002,0.0512296,1,-0.000891462,-0.231732,0,0.00159442,0.477305,0,0.0140669,1,2.7,0.94471,-3,1,0.221804,0,0,-0.414927,0,0,0.00708764,2,2.7,2.84783,-1.66876,1,-0.434861,-0.470297,0,-0.523046,0.204414,0,0.00788759,3,2.7,-2.00063,-0.777747,1,-0.0020802,0.343628,0,-0.0025928,-0.0520013,0,0.0125373,4,2.7,-3,0.933334,1,0,-0.5,0,0,0,0,0.00982195,5,2.7,-0.954003,0.207456,1,-0.210284,0.383684,0,0.45386,0.224786,0,0.0124513,6,2.7,-1.00012,-0.978222,1,0.0022972,-0.167317,0,-0.00724196,0.45146,0,0.0108437,7,2.7,2.01946,-0.821191,1,0.112155,0.5,0,0.403807,0,0,0.0113331,8,2.7,-2.00096,2.62578,1,0.00128523,0.282392,0,-0.00104308,0.37545,0,0.0071159,9,2.7,-0.821416,1.00044,1,0.5,0.00106972,0,0,-0.000499189,0,0.0204388,10,2.7,1.00007,-1.67708,1,-0.000130571,-0.491852,0,7.45058e-06,0.0951365,0,0.00978365,11,2.7,-1.05311,-2.62583,1,0.174831,-0.497215,0,-0.334062,0.058502,0,0.00778853,12,2.7,2.02959,-1.70115,1,-0.166097,0.499978,0,0.39506,0.000856817,0,0.0113552,13,2.7,-2.23924,-1.84188,1,0.418812,0.5,0,-0.307694,-7.45058e-06,0,0.00908511,14,2.7,0.0178367,-0.243119,1,-0.23659,-0.468477,0,0.386605,-0.262179,0,0.0146879,15,2.7,2.0001,2.0219,1,-0.00245329,-0.167715,0,0.00797957,0.451878,0,0.00965325,16,2.7,0.02676,2.94342,1,-0.0270979,0.21532,0,-0.0851576,-0.499874,0,0.00601309,17,2.7,2.17881,-3,1,0.5,0,0,0,0,0,0.0052318,18,2.7,-0.17911,-2.00001,1,-0.5,-2.23517e-05,0,-8.9407e-07,2.98023e-05,0,0.0137956,19,2.7,0.821185,2,1,-0.5,0,0,0,0,0,0.0136565,20,2.7,-2.96773,-3,1,-0.155049,0,0,0.471935,0,0,0.00762296,21,2.7,-0.11737,-2.94966,1,0.341724,-0.143981,0,-0.451977,0.241384,0,0.0100186,22,2.7,-5.68574e-14,0.709942,1,-9.80059e-13,-0.498756,0,-3.47412e-12,-0.0369437,0,0.0148696,23,2.7,-1.6266,1.99975,1,-0.284185,-7.7486e-05,0,-0.444956,-0.000476837,0,0.0116996,24,2.7,0.974222,2.97466,1,0.180864,0.0281788,0,-0.468072,0.0717938,0,0.00611453,25,2.7,1.09685,1.19141,1,-0.253195,0.463459,0,0.469752,0.345387,0,0.0130391,26,2.7,3,1.90195,1,0,-0.5,0,0,7.45058e-06,0,0.00553648,27,2.7,1.96193,3,1,0.212494,0,0,-0.495836,0,0,0.00517826,28,2.7,-1.37352,3,1,0.283431,0,0,0.443369,0,0,0.00474675,29,2.7,3,-0.185467,1,0,-0.5,0,0,-8.9407e-07,0,0.00515895,30,2.7,-0.999754,2.37331,1,9.03383e-05,-0.284022,0,0.000499189,-0.444725,0,0.0105961,31,2.7,-3,3,1,0,0,0,0,0,0,0.00875421,32,2.7,0.179064,-0.999995,1,0.5,9.12696e-06,0,8.9407e-07,-8.9407e-05,0,0.014623,33,2.7,2.29851,1.04151,1,-0.482183,-0.1578,0,0.148147,0.335552,0,0.0122191,34,2.7,-1.83143,-0.000577738,1,0.44873,-0.00200314,0,-0.168465,-0.00337176,0,0.0164122,35,2.7,-2.0172,1,1,0.151577,0,0,-0.431582,0,0,0.00981321
0,2.8,1.00011,0.0304144,1,-0.000730157,-0.184928,0,0.00160933,0.456032,0,0.0160713,1,2.8,0.964826,-3,1,0.18068,0,0,-0.404984,0,0,0.00692212,2,2.8,2.80208,-1.71466,1,-0.476444,-0.446627,0,-0.303864,0.266671,0,0.0090408,3,2.8,-2.00085,-0.743774,1,-0.0023067,0.33453,0,-0.00214577,-0.130206,0,0.0124525,4,2.8,-3,0.883334,1,0,-0.5,0,0,-2.98023e-05,0,0.00791809,5,2.8,-0.972808,0.246881,1,-0.166325,0.403881,0,0.422955,0.169761,0,0.014174,6,2.8,-0.999922,-0.992764,1,0.00161082,-0.124229,0,-0.0064075,0.408351,0,0.0111564,7,2.8,2.03277,-0.771191,1,0.154585,0.5,0,0.442266,2.98023e-05,0,0.00953656,8,2.8,-2.00084,2.65587,1,0.00119805,0.319076,0,-0.000834465,0.348568,0,0.00597172,9,2.8,-0.771416,1.00054,1,0.5,0.000947714,0,2.98023e-05,-0.00178814,0,0.0160515,10,2.8,1.00006,-1.72567,1,-0.00012815,-0.478512,0,0.000119209,0.174105,0,0.00977449,11,2.8,-1.03725,-2.67515,1,0.142622,-0.48784,0,-0.309348,0.130773,0,0.00848959,12,2.8,2.0149,-1.65115,1,-0.128478,0.500003,0,0.356793,-5.96046e-05,0,0.0111583,13,2.8,-2.19897,-1.79188,1,0.385708,0.500003,0,-0.352025,-5.96046e-05,0,0.00995679,14,2.8,-0.00381299,-0.291095,1,-0.195759,-0.48911,0,0.425275,-0.148118,0,0.0124519,15,2.8,1.9999,2.00732,1,-0.00169873,-0.124574,0,0.00697374,0.408769,0,0.00963522,16,2.8,0.0236799,2.96249,1,-0.0339542,0.166714,0,-0.0521922,-0.468493,0,0.00670845,17,2.8,2.22881,-3,1,0.5,0,0,0,0,0,0.00528642,18,2.8,-0.22911,-2.00001,1,-0.5,-1.78814e-05,0,-7.15256e-06,0,0,0.0152242,19,2.8,0.771185,2,1,-0.5,0,0,-2.98023e-05,0,0,0.0116503,20,2.8,-2.98096,-3,1,-0.110573,0,0,0.41461,0,0,0.00639199,21,2.8,-0.0855055,-2.96286,1,0.295167,-0.120151,0,-0.476118,0.234604,0,0.00806828,22,2.8,-1.6653e-13,0.659973,1,-1.16086e-12,-0.5,0,-3.19671e-13,-2.98023e-05,0,0.0138389,23,2.8,-1.65727,1.99975,1,-0.329232,-8.9407e-05,0,-0.439823,0.000298023,0,0.00863357,24,2.8,0.99003,2.97778,1,0.135966,0.0336826,0,-0.427634,0.0385046,0,0.00647989,25,2.8,1.07379,1.23919,1,-0.208867,0.489166,0,0.417173,0.169873,0,0.0104181,26,2.8,3,1.85195,1,0,-0.500003,0,0,5.96046e-05,0,0.00573332,27,2.8,1.98075,3,1,0.164458,0,0,-0.462234,0,0,0.00424543,28,2.8,-1.34292,3,1,0.328419,0,0,0.44024,0,0,0.00512624,29,2.8,3,-0.235467,1,0,-0.5,0,0,-7.15256e-06,0,0.0048098,30,2.8,-0.999744,2.34265,1,0.000101328,-0.329047,0,-0.000238419,-0.440001,0,0.00969591,31,2.8,-3,3,1,0,0,0,0,0,0,0.00870244,32,2.8,0.229064,-0.999995,1,0.5,1.49012e-06,0,0,-5.96046e-05,0,0.0123904,33,2.8,2.25116,1.02736,1,-0.463521,-0.125694,0,0.226378,0.305951,0,0.0108877,34,2.8,-1.78746,-0.000793846,1,0.429922,-0.00231318,0,-0.211298,-0.00301466,0,0.0188214,35,2.8,-2.00412,1,1,0.110638,0,0,-0.385523,0,0,0.0114464
0,2.9,1.00005,0.0141443,1,-0.000570714,-0.141099,0,0.00156462,0.418494,0,0.0160713,1,2.9,0.980906,-3,1,0.141347,0,0,-0.379525,0,0,0.00692212,2,2.9,2.75329,-1.75789,1,-0.496014,-0.417052,0,-0.100702,0.321984,0,0.0090408,3,2.9,-2.00108,-0.711012,1,-0.00236966,0.32025,0,0.000551343,-0.157412,0,0.0124525,4,2.9,-3,0.833334,1,0,-0.5,0,0,0,0,0.00791809,5,2.9,-0.987445,0.288277,1,-0.127548,0.425276,0,0.354394,0.244009,0,0.014174,6,2.9,-0.999791,-1.00323,1,0.00101831,-0.0860571,0,-0.00543147,0.3541,0,0.0111564,7,2.9,2.05104,-0.721191,1,0.215884,0.5,0,0.740111,0,0,0.00953656,8,2.9,-2.00072,2.68942,1,0.0011228,0.350513,0,-0.000685453,0.273049,0,0.00597172,9,2.9,-0.721416,1.00063,1,0.5,0.000734441,0,0,-0.00242144,0,0.0160515,10,2.9,1.00004,-1.77246,1,-0.000115298,-0.455588,0,0.000141561,0.281245,0,0.00977449,11,2.9,-1.02449,-2.72315,1,0.113156,-0.470826,0,-0.279479,0.210285,0,0.00848959,12,2.9,2.00375,-1.60115,1,-0.0951841,0.5,0,0.309289,-7.45058e-06,0,0.0111583,13,2.9,-2.16221,-1.74188,1,0.349031,0.5,0,-0.379398,-7.45058e-06,0,0.00995679,14,2.9,-0.0212449,-0.340558,1,-0.152791,-0.49842,0,0.430568,-0.0446475,0,0.0124519,15,2.9,1.99976,1.99682,1,-0.00105612,-0.0863543,0,0.00587106,0.35461,0,0.00963522,16,2.9,0.0200772,2.9769,1,-0.0375838,0.122217,0,-0.0212175,-0.418484,0,0.00670845,17,2.9,2.27881,-3,1,0.5,0,0,0,0,0,0.00528642,18,2.9,-0.27911,-2.00001,1,-0.5,-1.63913e-05,0,2.68221e-06,2.98023e-05,0,0.0152242,19,2.9,0.721185,2,1,-0.5,0,0,0,0,0,0.0116503,20,2.9,-2.99006,-3,1,-0.0725705,0,0,0.343755,0,0,0.00639199,21,2.9,-0.0583862,-2.97371,1,0.247142,-0.0971619,0,-0.480821,0.22392,0,0.00806828,22,2.9,-2.81101e-13,0.609973,1,-1.10215e-12,-0.5,0,1.3864e-12,0,0,0.0138389,23,2.9,-1.69219,1.99974,1,-0.367056,-4.1537e-05,0,-0.312671,0.000618398,0,0.00863357,24,2.9,1.00157,2.98129,1,0.0957984,0.0359606,0,-0.374462,0.00806153,0,0.00647989,25,2.9,1.0549,1.28869,1,-0.169741,0.498738,0,0.365846,0.0387803,0,0.0104181,26,2.9,3,1.80195,1,0,-0.5,0,0,7.45058e-06,0,0.00573332,27,2.9,1.99496,3,1,0.120589,0,0,-0.413455,0,0,0.00424543,28,2.9,-1.30808,3,1,0.366341,0,0,0.314146,0,0,0.00512624,29,2.9,3,-0.285467,1,0,-0.5,0,0,2.68221e-06,0,0.0048098,30,2.9,-0.999736,2.30775,1,5.70901e-05,-0.366891,0,-0.000607222,-0.312895,0,0.00969591,31,2.9,-3,3,1,0,0,0,0,0,0,0.00870244,32,2.9,0.279064,-0.999995,1,0.5,-3.25963e-06,0,-8.9407e-07,-4.09782e-05,0,0.0123904,33,2.9,2.20611,1.01626,1,-0.435888,-0.0968188,0,0.322804,0.271216,0,0.0108877,34,2.9,-1.74541,-0.00103063,1,0.411866,-0.00233952,0,-0.159122,0.0019778,0,0.0188214,35,2.9,-1.9949,1,1,0.0748163,0,0,-0.330187,0,0,0.0114464
0,3,1,0.00205047,1,-0.000420213,-0.101581,0,0.00146031,0.370406,0,0.0138271,1,3,0.9932,-3,1,0.105149,0,0,-0.342846,0,0,0.00703795,2,3,2.7034,-1.79791,1,-0.5,-0.382769,0,0,0.361085,0,0.0078347,3,3,-2.00132,-0.679833,1,-0.0022471,0.302731,0,0.00154972,-0.194073,0,0.0125234,4,3,-3,0.783334,1,0,-0.5,0,0,-2.98023e-05,0,0.00895408,5,3,-0.998529,0.332052,1,-0.0951126,0.450255,0,0.295848,0.245407,0,0.0121369,6,3,-0.999715,-1.01016,1,0.000526011,-0.0535548,0,-0.00441074,0.295341,0,0.0100684,7,3,2.07653,-0.671191,1,0.294971,0.5,0,0.809073,2.98023e-05,0,0.0080256,8,3,-2.00061,2.72566,1,0.001055,0.372493,0,-0.000715256,0.161886,0,0.00527891,9,3,-0.671416,1.00069,1,0.5,0.000470877,0,2.98023e-05,-0.00268221,0,0.0142298,10,3,1.00003,-1.81646,1,-0.000101328,-0.422904,0,0.000178814,0.369132,0,0.010861,11,3,-1.01452,-2.76904,1,0.0868082,-0.445724,0,-0.247121,0.291467,0,0.00692981,12,3,1.9957,-1.55115,1,-0.0665724,0.500003,0,0.263274,-5.96046e-05,0,0.009711,13,3,-2.12924,-1.69188,1,0.31023,0.500003,0,-0.394821,-5.96046e-05,0,0.0106721,14,3,-0.0343873,-0.390517,1,-0.110293,-0.5,0,0.416428,1.43051e-05,0,0.0120196,15,3,1.99968,1.98986,1,-0.000524521,-0.0538021,0,0.00470877,0.295997,0,0.00968547,16,3,0.0162581,2.98713,1,-0.0383653,0.0835061,0,0.0047297,-0.353813,0,0.0059523,17,3,2.32881,-3,1,0.5,0,0,0,0,0,0.00678778,18,3,-0.32911,-2.00001,1,-0.5,-1.19209e-05,0,1.43051e-05,0,0,0.0135247,19,3,0.671185,2,1,-0.5,0,0,-2.98023e-05,0,0,0.0118649,20,3,-2.99573,-3,1,-0.0420451,0,0,0.266194,0,0,0.00632286,21,3,-0.0360587,-2.98234,1,0.199657,-0.0755966,0,-0.46591,0.206351,0,0.0086745,22,3,-3.82307e-13,0.559973,1,-9.03563e-13,-0.5,0,2.49285e-12,-2.98023e-05,0,0.0121338,23,3,-1.73022,1.99974,1,-0.391155,2.98023e-05,0,-0.167191,0.00077486,0,0.00870526,24,3,1.00938,2.98488,1,0.0612646,0.0355005,0,-0.315547,-0.0162125,0,0.0062632,25,3,1.03968,1.33866,1,-0.135592,0.500003,0,0.317633,-5.96046e-05,0,0.00967331,26,3,3,1.75195,1,0,-0.500003,0,0,5.96046e-05,0,0.00494609,27,3,2.00504,3,1,0.0820458,0,0,-0.356436,0,0,0.00400799,28,3,-1.27011,3,1,0.390619,0,0,0.169337,0,0,0.00572083,29,3,3,-0.335467,1,0,-0.5,0,0,1.43051e-05,0,0.0058837,30,3,-0.999734,2.26973,1,-1.3411e-05,-0.391012,0,-0.000804663,-0.16737,0,0.00893434,31,3,-3,3,1,0,0,0,0,0,0,0.00712118,32,3,0.329064,-0.999996,1,0.5,-7.45058e-06,0,-1.43051e-05,0,0,0.0120512,33,3,2.16427,1.00787,1,-0.399661,-0.0714988,0,0.398159,0.234842,0,0.0126661,34,3,-1.705,-0.00124995,1,0.396466,-0.00200982,0,-0.155866,0.00420399,0,0.0142944,35,3,-1.98897,1,1,0.0447035,0,0,-0.271976,0,0,0.00998906
0,3.1,0.999965,-0.00634778,1,-0.000283215,-0.0673196,0,0.00127777,0.314286,0,0.0138271,1,3.1,1.00207,-3,1,0.0731051,0,0,-0.297219,0,0,0.00703795,2,3.1,2.6534,-1.83434,1,-0.5,-0.345415,0,0,0.383839,0,0.0078347,3,3.1,-2.00153,-0.650431,1,-0.00192411,0.286123,0,0.00454485,-0.144858,0,0.0125234,4,3.1,-3,0.733334,1,0,-0.5,0,0,0,0,0.00895408,5,3.1,-1.00663,0.378248,1,-0.0675493,0.472897,0,0.255544,0.200121,0,0.0121369,6,3.1,-0.999683,-1.01415,1,0.000137649,-0.0270784,0,-0.00336766,0.234559,0,0.0100684,7,3.1,2.10999,-0.621191,1,0.372828,0.5,0,0.723243,0,0,0.0080256,8,3.1,-2.00051,2.76345,1,0.000980869,0.380772,0,-0.000789762,0.00624359,0,0.00527891,9,3.1,-0.621416,1.00072,1,0.5,0.000206195,0,0,-0.00258535,0,0.0142298,10,3.1,1.00002,-1.85679,1,-8.41916e-05,-0.382695,0,0.000163913,0.432059,0,0.010861,11,3.1,-1.00701,-2.81199,1,0.0638561,-0.411786,0,-0.211962,0.382856,0,0.00692981,12,3.1,1.99029,-1.50115,1,-0.0425098,0.5,0,0.218369,-7.45058e-06,0,0.009711,13,3.1,-2.1002,-1.64189,1,0.270357,0.499834,0,-0.400543,-0.00613183,0,0.0106721,14,3.1,-0.0434082,-0.440517,1,-0.0708829,-0.5,0,0.370974,0,0,0.0120196,15,3.1,1.99965,1.98586,1,-0.0001112,-0.027263,0,0.00356883,0.235148,0,0.00968547,16,3.1,0.012482,2.99383,1,-0.036816,0.051735,0,0.025215,-0.280902,0,0.0059523,17,3.1,2.37881,-3,1,0.5,0,0,0,0,0,0.00678778,18,3.1,-0.37911,-2.00001,1,-0.5,-1.04308e-05,0,0,2.98023e-05,0,0.0135247,19,3.1,0.621185,2,1,-0.5,0,0,0,0,0,0.0118649,20,3.1,-2.99873,-3,1,-0.0193287,0,0,0.188962,0,0,0.00632286,21,3.1,-0.0183741,-2.9889,1,0.154581,-0.0560559,0,-0.433226,0.183523,0,0.0086745,22,3.1,-4.57745e-13,0.509973,1,-5.84252e-13,-0.5,0,3.75015e-12,5.66244e-06,0,0.0121338,23,3.1,-1.76988,1.99975,1,-0.399013,0.000105798,0,0.00598282,0.000730157,0,0.00870526,24,3.1,1.01403,2.98832,1,0.0328302,0.0328884,0,-0.253364,-0.0348091,0,0.0062632,25,3.1,1.02763,1.38866,1,-0.106183,0.5,0,0.271201,-7.45058e-06,0,0.00967331,26,3.1,3,1.70195,1,0,-0.5,0,0,7.45058e-06,0,0.00494609,27,3.1,2.01157,3,1,0.0495356,0,0,-0.293657,0,0,0.00400799,28,3.1,-1.2305,3,1,0.398697,0,0,-0.00375509,0,0,0.00572083,29,3.1,3,-0.385467,1,0,-0.5,0,0,0,0,0.0058837,30,3.1,-0.999739,2.23009,1,-9.30391e-05,-0.398888,0,-0.000778586,0.00578165,0,0.00893434,31,3.1,-3,3,1,0,0,0,0,0,0,0.00712118,32,3.1,0.379064,-0.999996,1,0.5,-7.35745e-06,0,0,3.72529e-06,0,0.0120512,33,3.1,2.12638,1.00184,1,-0.357194,-0.049869,0,0.448093,0.197761,0,0.0126661,34,3.1,-1.66565,-0.00142858,1,0.394734,-0.00155514,0,0.0988096,0.00466755,0,0.0142944,35,3.1,-1.98576,1,1,0.0204908,0,0,-0.212796,0,0,0.00998906
0,3.2,0.999943,-0.0116048,1,-0.000165403,-0.0387892,0,0.00107288,0.256216,0,0.0147383,1,3.2,1.00798,-3,1,0.0458241,0,0,-0.248015,0,0,0.00874148,2,3.2,2.6034,-1.86694,1,-0.5,-0.306413,0,0,0.394344,0,0.00947566,3,3.2,-2.00169,-0.622508,1,-0.00141263,0.272565,0,0.00548363,-0.131547,0,0.0122214,4,3.2,-3,0.683334,1,0,-0.5,0,0,-2.98023e-05,0,0.00937038,5,3.2,-1.01217,0.42642,1,-0.0439703,0.489292,0,0.216186,0.125185,0,0.0117671,6,3.2,-0.999684,-1.01578,1,-0.000150502,-0.00654459,0,-0.00238419,0.176787,0,0.0104745,7,3.2,2.15059,-0.571191,1,0.435901,0.5,0,0.525713,2.98023e-05,0,0.00898281,8,3.2,-2.00042,2.80132,1,0.00090003,0.374299,0,-0.000834465,-0.132561,0,0.00532573,9,3.2,-0.571416,1.00073,1,0.5,-4.47035e-05,0,2.98023e-05,-0.00238419,0,0.014516,10,3.2,1.00002,-1.89282,1,-6.85453e-05,-0.337115,0,0.000178814,0.476301,0,0.0101872,11,3.2,-1.00163,-2.85114,1,0.0443935,-0.37002,0,-0.177383,0.448227,0,0.00793946,12,3.2,1.98706,-1.45115,1,-0.0228107,0.500003,0,0.175953,-5.96046e-05,0,0.0127737,13,3.2,-2.07517,-1.59198,1,0.230515,0.497743,0,-0.394464,-0.0431538,0,0.0107351,14,3.2,-0.0487227,-0.490517,1,-0.0362348,-0.5,0,0.321427,-2.98023e-05,0,0.0112847,15,3.2,1.99966,1.98421,1,0.000190735,-0.00667274,0,0.002563,0.177383,0,0.0100993,16,3.2,0.00895301,2.99773,1,-0.0335209,0.0273645,0,0.0397416,-0.206947,0,0.00637863,17,3.2,2.42881,-3,1,0.5,0,0,0,0,0,0.00661881,18,3.2,-0.42911,-2.00001,1,-0.5,-5.96046e-06,0,1.43051e-05,0,0,0.0133537,19,3.2,0.571185,2,1,-0.5,0,0,-2.98023e-05,0,0,0.00975364,20,3.2,-2.99984,-3,1,-0.00398159,0,0,0.119686,0,0,0.00649599,21,3.2,-0.00501155,-2.99363,1,0.11342,-0.039047,0,-0.388297,0.156045,0,0.00867023,22,3.2,-4.96385e-13,0.459973,1,-1.81691e-13,-0.5,0,4.17976e-12,1.43051e-05,0,0.0112392,23,3.2,-1.80949,1.99976,1,-0.390795,0.000175834,0,0.154138,0.000596046,0,0.00852989,24,3.2,1.01615,2.99141,1,0.0105113,0.0287652,0,-0.193536,-0.0464916,0,0.00575783,25,3.2,1.01829,1.43866,1,-0.0812173,0.500003,0,0.228643,-5.96046e-05,0,0.0131641,26,3.2,3,1.65195,1,0,-0.500003,0,0,5.96046e-05,0,0.00566001,27,3.2,2.01516,3,1,0.0232935,0,0,-0.231385,0,0,0.00418816,28,3.2,-1.1909,3,1,0.390694,0,0,-0.151932,0,0,0.00551301,29,3.2,3,-0.435467,1,0,-0.5,0,0,1.43051e-05,0,0.00528109,30,3.2,-0.999752,2.19049,1,-0.000165403,-0.390697,0,-0.000685453,0.154018,0,0.00880838,31,3.2,-3,3,1,0,0,0,0,0,0,0.00764817,32,3.2,0.429064,-0.999997,1,0.5,-7.45058e-06,0,-1.43051e-05,2.98023e-05,0,0.010188,33,3.2,2.09296,0.997776,1,-0.310671,-0.0319257,0,0.479341,0.16126,0,0.0116049,34,3.2,-1.62541,-0.00156152,1,0.412187,-0.00111597,0,0.2321,0.00394142,0,0.0134872,35,3.2,-1.98468,1,1,0.00201762,0,0,-0.157416,0,0,0.0102721
0,3.3,0.999931,-0.0143009,1,-6.92904e-05,-0.0161009,0,0.000849366,0.198175,0,0.0147383,1,3.3,1.01141,-3,1,0.0235811,0,0,-0.197157,0,0,0.00874148,2,3.3,2.5534,-1.89561,1,-0.5,-0.26698,0,0,0.392675,0,0.00947566,3,3.3,-2.00181,-0.595129,1,-0.000809133,0.281883,0,0.0064373,0.281144,0,0.0122214,4,3.3,-3,0.633334,1,0,-0.5,0,0,0,0,0.00937038,5,3.3,-1.01555,0.475843,1,-0.0242945,0.49788,0,0.177637,0.0490174,0,0.0117671,6,3.3,-0.99971,-1.01564,1,-0.000344776,0.00840798,0,-0.00152737,0.123441,0,0.0104745,7,3.3,2.1964,-0.521212,1,0.476247,0.499319,0,0.286579,-0.0156779,0,0.00898281,8,3.3,-2.00033,2.83788,1,0.000812858,0.354935,0,-0.000923872,-0.251144,0,0.00532573,9,3.3,-0.521416,1.00071,1,0.5,-0.000268221,0,-2.08616e-06,-0.00207126,0,0.014516,10,3.3,1.00001,-1.9241,1,-5.17815e-05,-0.288109,0,0.000149012,0.499606,0,0.0101872,11,3.3,-0.998022,-2.88582,1,0.0283348,-0.322918,0,-0.144053,0.489637,0,0.00793946,12,3.3,1.98558,-1.40117,1,-0.0073649,0.499074,0,0.133857,-0.0235513,0,0.0127737,13,3.3,-2.05406,-1.54246,1,0.191936,0.492035,0,-0.375763,-0.0751242,0,0.0107351,14,3.3,-0.0508279,-0.540517,1,-0.00676225,-0.5,0,0.267799,0,0,0.0112847,15,3.3,1.99969,1.98434,1,0.000398234,0.00833385,0,0.00162423,0.123918,0,0.0100993,16,3.3,0.0058165,2.99955,1,-0.029063,0.0101779,0,0.0485397,-0.138447,0,0.00637863,17,3.3,2.47881,-3,1,0.5,0,0,0,0,0,0.00661881,18,3.3,-0.47911,-2.00001,1,-0.5,-4.47035e-06,0,1.78814e-06,2.98023e-05,0,0.0133537,19,3.3,0.521185,2,1,-0.5,0,0,2.08616e-06,0,0,0.00975364,20,3.3,-2.99974,-3,1,0.00515506,0,0,0.0655949,0,0,0.00649599,21,3.3,0.00447789,-2.99681,1,0.0772798,-0.0249352,0,-0.333708,0.12593,0,0.00867023,22,3.3,-4.84928e-13,0.409985,1,4.85543e-13,-0.499528,0,8.66962e-12,0.014197,0,0.0112392,23,3.3,-1.84759,1.99978,1,-0.369349,0.000229478,0,0.270754,0.000461936,0,0.00852989,24,3.3,1.01633,2.99404,1,-0.0059884,0.0237633,0,-0.137582,-0.0524968,0,0.00575783,25,3.3,1.01125,1.48866,1,-0.0603337,0.5,0,0.189692,-7.45058e-06,0,0.0131641,26,3.3,3,1.60195,1,0,-0.5,0,0,7.45058e-06,0,0.00566001,27,3.3,2.01643,3,1,0.00319667,0,0,-0.171527,0,0,0.00418816,28,3.3,-1.1528,3,1,0.369453,0,0,-0.268869,0,0,0.00551301,29,3.3,3,-0.485467,1,0,-0.5,0,0,-1.78814e-06,0,0.00528109,30,3.3,-0.999772,2.1524,1,-0.000226591,-0.369265,0,-0.000532717,0.27059,0,0.00880838,31,3.3,-3,3,1,0,0,0,0,0,0,0.00764817,32,3.3,0.479064,-0.999998,1,0.5,-4.93601e-06,0,-1.78814e-06,1.86265e-05,0,0.010188,33,3.3,2.06432,0.99533,1,-0.262,-0.0175784,0,0.490248,0.126157,0,0.0116049,34,3.3,-1.58297,-0.00165185,1,0.436933,-0.000677171,0,0.252642,0.00474466,0,0.0134872,35,3.3,-1.98518,1,1,-0.0111474,0,0,-0.107087,0,0,0.0102721
0,3.4,0.999928,-0.0150117,1,2.98023e-06,0.000990368,0,0.000685453,0.144474,0,0.0141033,1,3.4,1.01286,-3,1,0.00630617,0,0,-0.148833,0,0,0.0086335,2,3.4,2.5034,-1.92035,1,-0.5,-0.228181,0,0,0.381827,0,0.010797,3,3.4,-2.00185,-0.565105,1,-0.000149012,0.322115,0,0.00667572,0.493467,0,0.0108296,4,3.4,-3,0.583334,1,0,-0.5,0,0,-2.98023e-05,0,0.00714783,5,3.4,-1.01716,0.525778,1,-0.00837445,0.5,0,0.141144,0,0,0.0104135,6,3.4,-0.999751,-1.01426,1,-0.000460446,0.0183821,0,-0.000804663,0.0772476,0,0.00976302,7,3.4,2.24512,-0.471399,1,0.494981,0.496496,0,0.100374,-0.0424385,0,0.00892422,8,3.4,-2.00026,2.87195,1,0.000721216,0.324845,0,-0.000953674,-0.346661,0,0.0052416,9,3.4,-0.471416,1.00068,1,0.5,-0.000455976,0,-1.43051e-05,-0.00166893,0,0.0130211,10,3.4,1.00001,-1.9504,1,-3.8743e-05,-0.237978,0,0.000178814,0.499487,0,0.00936052,11,3.4,-0.995856,-2.91562,1,0.015521,-0.272906,0,-0.112623,0.506759,0,0.00684847,12,3.4,1.98545,-1.35146,1,0.00413358,0.494418,0,0.097096,-0.0733733,0,0.0106925,13,3.4,-2.0367,-1.49371,1,0.155598,0.482008,0,-0.34976,-0.128329,0,0.010768,14,3.4,-0.0502556,-0.590517,1,0.0173035,-0.5,0,0.213524,-2.98023e-05,0,0.0117325,15,3.4,1.99973,1.98571,1,0.00051558,0.0183493,0,0.00089407,0.0776052,0,0.0092272,16,3.4,0.00316136,2.99997,1,-0.0239741,-0.000727177,0,0.0525035,-0.082016,0,0.00528941,17,3.4,2.52881,-3,1,0.5,0,0,0,0,0,0.00792407,18,3.4,-0.52911,-2.00002,1,-0.500001,0,0,2.98023e-05,0,0,0.0116288,19,3.4,0.471185,2,1,-0.5,0,0,1.43051e-05,0,0,0.010104,20,3.4,-2.99897,-3,1,0.00962615,0,0,0.0257492,0,0,0.00623548,21,3.4,0.010633,-2.99872,1,0.046788,-0.0138819,0,-0.275818,0.0953674,0,0.00960715,22,3.4,-3.89047e-13,0.360163,1,1.4613e-12,-0.496196,0,1.04316e-11,0.0573099,0,0.0116339,23,3.4,-1.88301,1.9998,1,-0.337476,0.000268221,0,0.362515,0.000298023,0,0.00939367,24,3.4,1.01513,2.99615,1,-0.0172406,0.0184476,0,-0.0886917,-0.0530481,0,0.00570929,25,3.4,1.0061,1.53866,1,-0.0431508,0.500003,0,0.154674,-5.96046e-05,0,0.0114382,26,3.4,3,1.55195,1,0,-0.500003,0,0,5.96046e-05,0,0.00477581,27,3.4,2.01599,3,1,-0.0112176,0,0,-0.117779,0,0,0.00411394,28,3.4,-1.11736,3,1,0.337747,0,0,-0.361025,0,0,0.00493685,29,3.4,3,-0.535467,1,0,-0.5,0,0,-2.98023e-05,0,0.00560861,30,3.4,-0.999797,2.11699,1,-0.000272691,-0.33741,0,-0.000327826,0.362396,0,0.00817916,31,3.4,-3,3,1,0,0,0,0,0,0,0.00718445,32,3.4,0.529064,-0.999998,1,0.500001,-2.98023e-06,0,-2.98023e-05,0,0,0.0100272,33,3.4,2.04056,0.994149,1,-0.213325,-0.00659227,0,0.480175,0.0940859,0,0.0114251,34,3.4,-1.53805,-0.00169515,1,0.461018,-0.000183724,0,0.222385,0.00504748,0,0.0110081,35,3.4,-1.98675,1,1,-0.0196457,0,0,-0.0641346,0,0,0.010126
0,3.5,0.999932,-0.0142738,1,5.99772e-05,0.012962,0,0.000454485,0.0961951,0,0.0141033,1,3.5,1.01283,-3,1,-0.00629965,0,0,-0.104256,0,0,0.0086335,2,3.5,2.4534,-1.9413,1,-0.5,-0.190975,0,0,0.361256,0,0.010797,3,3.5,-2.00184,-0.530363,1,0.00048019,0.372952,0,0.00588596,0.507334,0,0.0108296,4,3.5,-3,0.533334,1,0,-0.5,0,0,0,0,0.00714783,5,3.5,-1.01735,0.575776,1,0.0038607,0.499896,0,0.104375,-0.0041686,0,0.0104135,6,3.5,-0.9998,-1.01211,1,-0.000510644,0.0241082,0,-0.000227243,0.0386834,0,0.00976302,7,3.5,2.29492,-0.422044,1,0.499686,0.489768,0,0.0125468,-0.0921488,0,0.00892422,8,3.5,-2.00019,2.90256,1,0.000623986,0.286192,0,-0.000998378,-0.420123,0,0.0052416,9,3.5,-0.421418,1.00062,1,0.499883,-0.000597537,0,-0.00466771,-0.00117719,0,0.0130211,10,3.5,1,-1.97173,1,-2.32831e-05,-0.188977,0,0.000141561,0.477403,0,0.00936052,11,3.5,-0.994817,-2.94038,1,0.00573723,-0.222264,0,-0.083629,0.501722,0,0.00684847,12,3.5,1.98629,-1.30215,1,0.0121143,0.493447,0,0.0635833,0.0318661,0,0.0106925,13,3.5,-2.02284,-1.44595,1,0.122365,0.475109,0,-0.314489,-0.0224113,0,0.010768,14,3.5,-0.0475609,-0.6404,1,0.0355852,-0.496463,0,0.153276,0.0720918,0,0.0117325,15,3.5,1.99979,1.98787,1,0.000570156,0.0241065,0,0.000216067,0.0389442,0,0.0092272,16,3.5,0.00102727,2.99956,1,-0.0187139,-0.00675805,0,0.0521449,-0.0406951,0,0.00528941,17,3.5,2.57881,-3,1,0.499811,0,0,-0.00675023,0,0,0.00792407,18,3.5,-0.579108,-2.00002,1,-0.499881,3.72529e-07,0,0.0047572,1.49012e-05,0,0.0116288,19,3.5,0.421187,2,1,-0.499882,0,0,0.00470683,0,0,0.010104,20,3.5,-2.99792,-3,1,0.010784,0,0,-0.000834465,0,0,0.00623548,21,3.5,0.0140323,-2.99968,1,0.0221827,-0.00583045,0,-0.216765,0.0661761,0,0.00960715,22,3.5,-2.02843e-13,0.310927,1,2.15087e-12,-0.487439,0,3.71239e-12,0.1211,0,0.0116339,23,3.5,-1.91483,1.99983,1,-0.29775,0.000289083,0,0.426531,0.000119209,0,0.00939367,24,3.5,1.01303,2.99774,1,-0.0239702,0.0133101,0,-0.0473335,-0.0490695,0,0.00570929,25,3.5,1.00251,1.58865,1,-0.029319,0.499573,0,0.122674,-0.0130013,0,0.0114382,26,3.5,3,1.50195,1,0,-0.5,0,0,7.45058e-06,0,0.00477581,27,3.5,2.01436,3,1,-0.0205938,0,0,-0.0711828,0,0,0.00411394,28,3.5,-1.08551,3,1,0.298146,0,0,-0.425532,0,0,0.00493685,29,3.5,3,-0.585459,1,0,-0.499679,0,0,0.0101626,0,0.00560861,30,3.5,-0.999825,2.08518,1,-0.000296161,-0.297698,0,-0.000141561,0.426397,0,0.00817916,31,3.5,-3,3,1,0,0,0,0,0,0,0.00718445,32,3.5,0.579061,-0.999998,1,0.499881,-2.98023e-06,0,-0.00474602,0,0,0.0100272,33,3.5,2.02159,0.99391,1,-0.166651,0.00135452,0,0.450671,0.06558,0,0.0114251,34,3.5,-1.49093,-0.00168843,1,0.480431,0.000314939,0,0.162452,0.00486652,0,0.0110081,35,3.5,-1.98898,1,1,-0.0242228,0,0,-0.0287816,0,0,0.010126
0,3.6,0.99994,-0.0125678,1,9.68575e-05,0.020477,0,0.000238419,0.0553448,0,0.0119157,1,3.6,1.01174,-3,1,-0.0147462,0,0,-0.0656247,0,0,0.00854151,2,3.6,2.4034,-1.95863,1,-0.5,-0.156114,0,0,0.335038,0,0.00999709,3,3.6,-2.00176,-0.490614,1,0.00101924,0.420903,0,0.00488758,0.440821,0,0.00923505,4,3.6,-3,0.483334,1,0,-0.5,0,0,1.43051e-05,0,0.00846855,5,3.6,-1.0165,0.625711,1,0.012657,0.498329,0,0.07236,-0.0334084,0,0.00972205,6,3.6,-0.999851,-1.00956,1,-0.00050962,0.0263929,0,0.000238419,0.00828505,0,0.00874479,7,3.6,2.34492,-0.373611,1,0.5,0.478076,0,0,-0.141546,0,0.00834069,8,3.6,-2.00013,2.92901,1,0.000524521,0.242019,0,-0.00107288,-0.457644,0,0.00530298,9,3.6,-0.37149,1.00056,1,0.498133,-0.000691414,0,-0.0373274,-0.000715256,0,0.0115175,10,3.6,1,-1.9883,1,-1.19209e-05,-0.143048,0,5.96046e-05,0.43869,0,0.0106276,11,3.6,-0.994617,-2.96014,1,-0.00132322,-0.173354,0,-0.0581741,0.472903,0,0.00693867,12,3.6,1.98777,-1.25261,1,0.0170559,0.497463,0,0.0362396,0.0371337,0,0.0104507,13,3.6,-2.01211,-1.39846,1,0.0927746,0.475213,0,-0.277281,0.0141263,0,0.0111905,14,3.6,-0.0433277,-0.689557,1,0.0481918,-0.48539,0,0.10002,0.149965,0,0.0106807,15,3.6,1.99984,1.99042,1,0.000566244,0.0264138,0,-0.000238419,0.00846386,0,0.00979107,16,3.6,-0.000587821,2.99874,1,-0.0136431,-0.00925064,0,0.0488456,-0.0110865,0,0.0070821,17,3.6,2.62871,-3,1,0.497615,0,0,-0.0444651,0,0,0.007599,18,3.6,-0.629034,-2.00001,1,-0.498097,5.96046e-06,0,0.0380576,-0.000119209,0,0.0118541,19,3.6,0.37126,2,1,-0.498117,0,0,0.0376552,0,0,0.00938866,20,3.6,-2.99688,-3,1,0.00978112,0,0,-0.0177622,0,0,0.00633708,21,3.6,0.015261,-2.99998,1,0.003316,-0.00051856,0,-0.161285,0.0408888,0,0.0121378,22,3.6,2.21325e-14,0.262916,1,2.26967e-12,-0.471469,0,-1.03023e-12,0.200137,0,0.0105298,23,3.6,-1.9424,1.99986,1,-0.253195,0.000295043,0,0.459731,-5.96046e-05,0,0.00845722,24,3.6,1.01045,2.99884,1,-0.026986,0.00873804,0,-0.0144839,-0.0418425,0,0.00532232,25,3.6,1.00014,1.63849,1,-0.0184774,0.496435,0,0.0948608,-0.0548959,0,0.0132317,26,3.6,3,1.45195,1,0,-0.500003,0,0,5.96046e-05,0,0.00444794,27,3.6,2.01201,3,1,-0.0257313,0,0,-0.0329018,0,0,0.00428386,28,3.6,-1.0579,3,1,0.253668,0,0,-0.459135,0,0,0.00546145,29,3.6,3,-0.635326,1,0,-0.497004,0,0,0.0492334,0,0.00621274,30,3.6,-0.999855,2.05761,1,-0.000302494,-0.253153,0,2.98023e-05,0.459433,0,0.00880135,31,3.6,-3,3,1,0,0,0,0,0,0,0.00828805,32,3.6,0.628988,-0.999999,1,0.4981,-2.98023e-06,0,-0.0380278,2.98023e-05,0,0.0101528,33,3.6,2.00711,0.994332,1,-0.12365,0.00666678,0,0.407457,0.0413656,0,0.0100685,34,3.6,-1.44219,-0.00163332,1,0.493133,0.000778981,0,0.0912547,0.00436767,0,0.0101689,35,3.6,-1.99149,1,1,-0.0256687,0,0,-0.0013113,0,0,0.00870025
0,3.7,0.99995,-0.0103021,1,0.000113063,0.0242854,0,9.68575e-05,0.0221758,0,0.0119157,1,3.7,1.01,-3,1,-0.0196371,0,0,-0.0333786,0,0,0.00854151,2,3.7,2.35353,-1.97262,1,-0.496079,-0.124256,0,0.0791997,0.301763,0,0.00999709,3,3.7,-2.00164,-0.446513,1,0.00143908,0.459131,0,0.00353158,0.321036,0,0.00923505,4,3.7,-3,0.433335,1,0,-0.499935,0,0,0.00258341,0,0.00846855,5,3.7,-1.01492,0.675472,1,0.0184219,0.497627,0,0.0438541,0.0107996,0,0.00972205,6,3.7,-0.9999,-1.00692,1,-0.000470039,0.0260392,0,0.000532717,-0.014089,0,0.00874479,7,3.7,2.39492,-0.326599,1,0.5,0.461278,0,0,-0.193773,0,0.00834069,8,3.7,-2.00008,2.95089,1,0.00041984,0.195589,0,-0.000998378,-0.465199,0,0.00530298,9,3.7,-0.321711,1.00049,1,0.49842,-0.000738539,0,0.0220165,-0.000245869,0,0.0115175,10,3.7,1,-1.99997,1,-6.51926e-06,-0.0865722,0,4.47035e-05,0.661455,0,0.0106276,11,3.7,-0.995003,-2.97518,1,-0.00602202,-0.128301,0,-0.0364967,0.425264,0,0.00693867,12,3.7,1.98963,-1.20273,1,0.0196336,0.499671,0,0.016056,0.00973791,0,0.0104507,13,3.7,-2.00415,-1.35088,1,0.0669997,0.476091,0,-0.238135,-0.00471622,0,0.0111905,14,3.7,-0.0380977,-0.737753,1,0.0555607,-0.481795,0,0.0491478,-0.0470616,0,0.0106807,15,3.7,1.9999,1.99306,1,0.00052359,0.0260742,0,-0.000588596,-0.0139996,0,0.00979107,16,3.7,-0.00171683,2.99779,1,-0.00903238,-0.00932701,0,0.043136,0.00815094,0,0.0070821,17,3.7,2.67815,-3,1,0.4901,0,0,-0.109807,0,0,0.007599,18,3.7,-0.678563,-2.00001,1,-0.491484,-2.23517e-06,0,0.0982024,-2.98023e-05,0,0.0118541,19,3.7,0.321802,1.99963,1,-0.489442,-0.0106528,0,0.134669,-0.197649,0,0.00938866,20,3.7,-2.99601,-3,1,0.00751801,0,0,-0.0264496,0,0,0.00633708,21,3.7,0.0148736,-2.99986,1,-0.0102199,0.00254884,0,-0.110621,0.0213981,0,0.0121378,22,3.7,2.40197e-13,0.2166,1,2.05766e-12,-0.456295,0,-3.06969e-12,0.113831,0,0.0105298,23,3.7,-1.9654,1.99989,1,-0.206804,0.000282377,0,0.463754,-0.000178814,0,0.00845722,24,3.7,1.00773,2.99951,1,-0.0271311,0.00499338,0,0.0102594,-0.0328422,0,0.00532232,25,3.7,0.998725,1.68776,1,-0.0102118,0.487947,0,0.0710711,-0.118233,0,0.0132317,26,3.7,3,1.40198,1,0,-0.499125,0,0,0.0226125,0,0.00444794,27,3.7,2.00932,3,1,-0.0274654,0,0,-0.00317395,0,0,0.00428386,28,3.7,-1.03484,3,1,0.207316,0,0,-0.463583,0,0,0.00546145,29,3.7,3,-0.684966,1,0,-0.497033,0,0,-0.0270344,0,0.00621274,30,3.7,-0.999394,2.03461,1,0.0137868,-0.206788,0,0.255842,0.463545,0,0.00880135,31,3.7,-3,3,1,0,0,0,0,0,0,0.00828805,32,3.7,0.678699,-1,1,0.496851,-3.7998e-05,0,0.00613183,-0.000841916,0,0.0101528,33,3.7,1.99669,0.99517,1,-0.0855722,0.00977721,0,0.353113,0.0216067,0,0.0100685,34,3.7,-1.39254,-0.00153524,1,0.498788,0.00116608,0,0.0206679,0.00337402,0,0.0101689,35,3.7,-1.99351,1,1,-0.00977609,0,0,0.290416,0,0,0.00870025
0,3.8,0.999962,-0.00780811,1,0.000116229,0.0251708,0,0,-0.00323307,0,0.0151984,1,3.8,1.00791,-3,1,-0.0216484,0,0,-0.00792742,0,0,0.00860019,2,3.8,2.30446,-1.98359,1,-0.484073,-0.0958174,0,0.16129,0.26685,0,0.0101249,3,3.8,-2.00148,-0.39921,1,0.0017345,0.484744,0,0.00214577,0.190273,0,0.00870735,4,3.8,-3,0.383375,1,0,-0.498966,0,0,0.0206679,0,0.00943704,5,3.8,-1.0129,0.725308,1,0.0216067,0.499138,0,0.0205636,0.0144541,0,0.0101692,6,3.8,-0.999944,-1.00441,1,-0.000406802,0.0238091,0,0.000685453,-0.0293851,0,0.00967713,7,3.8,2.44492,-0.281522,1,0.5,0.439467,0,0,-0.241667,0,0.00728037,8,3.8,-2.00005,2.96815,1,0.000321865,0.150013,0,-0.000834465,-0.442028,0,0.00548888,9,3.8,-0.271777,1.00041,1,0.499895,-0.000742078,0,0.00208616,0.000119209,0,0.0123454,10,3.8,0.999999,-2.00515,1,-2.98023e-06,-0.0159502,0,2.98023e-05,0.728011,0,0.0122367,11,3.8,-0.995756,-2.98598,1,-0.00875741,-0.0887811,0,-0.0188649,0.363469,0,0.00781897,12,3.8,1.99164,-1.15274,1,0.0204116,0.500003,0,5.96046e-05,-5.96046e-05,0,0.0144283,13,3.8,-1.99858,-1.30338,1,0.0451446,0.472873,0,-0.19908,-0.0653863,0,0.00955009,14,3.8,-0.0323677,-0.786294,1,0.0583636,-0.489743,0,0.00854492,-0.092268,0,0.0150431,15,3.8,1.99995,1.99557,1,0.000452995,0.0238508,0,-0.000834465,-0.0293255,0,0.00952734,16,3.8,-0.00241542,2.99692,1,-0.0050534,-0.00786781,0,0.0363023,0.0196695,0,0.0076034,17,3.8,2.72648,-3,1,0.475025,0,0,-0.193834,0,0,0.00799039,18,3.8,-0.727094,-2.00002,1,-0.477819,-5.96046e-06,0,0.177503,0.000119209,0,0.0109082,19,3.8,0.273683,1.99736,1,-0.471449,-0.0366867,0,0.223681,-0.309944,0,0.0123697,20,3.8,-2.9954,-3,1,0.004673,0,0,-0.0296831,0,0,0.0116352,21,3.8,0.0133739,-2.99953,1,-0.0190484,0.00393391,0,-0.0671656,0.00739098,0,0.00853718,22,3.8,4.28216e-13,0.171469,1,1.68179e-12,-0.446804,0,-4.32733e-12,0.0844669,0,0.0132427,23,3.8,-1.98379,1.99992,1,-0.161219,0.00025928,0,0.444531,-0.000298023,0,0.0103765,24,3.8,1.0051,2.99987,1,-0.025183,0.00218749,0,0.027597,-0.023365,0,0.00576552,25,3.8,0.998024,1.73583,1,-0.00414103,0.472265,0,0.0508726,-0.197351,0,0.0102901,26,3.8,3,1.35225,1,0,-0.49459,0,0,0.0718236,0,0.00424654,27,3.8,2.0066,3,1,-0.0266373,0,0,0.0185966,0,0,0.00501774,28,3.8,-1.01641,3,1,0.161728,0,0,-0.444591,0,0,0.00522983,29,3.8,3,-0.7348,1,0,-0.499381,0,0,-0.0123978,0,0.00920308,30,3.8,-0.996489,2.01622,1,0.0462502,-0.161225,0,0.373214,0.444412,0,0.0112493,31,3.8,-3,3,1,0,0,0,0,0,0,0.00726805,32,3.8,0.728443,-1.00001,1,0.498205,-0.000190735,0,0.0165999,-0.00238419,0,0.0125179,33,3.8,1.9898,0.996229,1,-0.0531703,0.0111341,0,0.294328,0.00622869,0,0.0101028,34,3.8,-1.34268,-0.00140341,1,0.496891,0.00145416,0,-0.0611544,0.00239158,0,0.0101413,35,3.8,-1.99275,1,1,0.027284,0,0,0.4282,0,0,0.0129088
0,3.9,0.999973,-0.00533998,1,0.000111852,0.0238927,0,-8.56817e-05,-0.0211911,0,0.0151984,1,3.9,1.00574,-3,1,-0.0214487,0,0,0.0108778,0,0,0.00860019,2,3.9,2.25699,-1.9919,1,-0.464062,-0.0709545,0,0.238776,0.230372,0,0.0101249,3,3.9,-2.00129,-0.350007,1,0.00188127,0.497251,0,0.000745058,0.0668465,0,0.00870735,4,3.9,-3,0.333656,1,0,-0.494549,0,0,0.0727456,0,0.00943704,5,3.9,-1.01067,0.77527,1,0.0226986,0.499911,0,0.00198185,0.00285357,0,0.0101692,6,3.9,-1.0005,-1.00219,1,-0.0153118,0.020385,0,-0.27122,-0.0381842,0,0.00967713,7,3.9,2.49492,-0.238885,1,0.5,0.412347,0,0,-0.298243,0,0.00728037,8,3.9,-2.00002,2.98101,1,0.000242144,0.107982,0,-0.000745058,-0.395074,0,0.00548888,9,3.9,-0.221781,1.00034,1,0.499993,-0.000716932,0,0.000265241,0.00037998,0,0.0123454,10,3.9,0.999999,-2.00295,1,-1.86265e-05,0.0608739,0,-0.000476837,0.788823,0,0.0122367,11,3.9,-0.996702,-2.99267,1,-0.00992995,-0.0418417,0,-0.00523031,0.549883,0,0.00781897,12,3.9,1.99366,-1.10274,1,0.0198562,0.5,0,-0.0106692,-7.45058e-06,0,0.0144283,13,3.9,-1.99499,-1.25627,1,0.0273675,0.47046,0,-0.157282,0.00567734,0,0.00955009,14,3.9,-0.0265389,-0.835705,1,0.0577379,-0.4978,0,-0.0198472,-0.0538565,0,0.0150431,15,3.9,1.99999,1.99779,1,0.000365078,0.0204301,0,-0.000923872,-0.0381693,0,0.00952734,16,3.9,-0.00275185,2.99624,1,-0.00180115,-0.00559874,0,0.0287511,0.0249296,0,0.0076034,17,3.9,2.77282,-3,1,0.449868,0,0,-0.305682,0,0,0.00799039,18,3.9,-0.773803,-1.99956,1,-0.454577,0.0130601,0,0.284173,0.239864,0,0.0109082,19,3.9,0.227818,1.99179,1,-0.44433,-0.0777956,0,0.314654,-0.492707,0,0.0123697,20,3.9,-2.99508,-3,1,0.00174791,0,0,-0.028342,0,0,0.0116352,21,3.9,0.0111965,-2.99911,1,-0.0239027,0.00417084,0,-0.0312928,-0.00199676,0,0.00853718,22,3.9,-2.88732e-09,0.126875,1,-9.40375e-08,-0.447939,0,-2.1683e-06,-0.0876579,0,0.0132427,23,3.9,-1.99775,1.99994,1,-0.118617,0.000226311,0,0.405222,-0.000350177,0,0.0103765,24,3.9,1.00274,2.99998,1,-0.021858,0.000303611,0,0.0379309,-0.0145584,0,0.00576552,25,3.9,0.997835,1.78189,1,7.54371e-05,0.447231,0,0.0340343,-0.300035,0,0.0102901,26,3.9,3,1.30326,1,0,-0.484247,0,0,0.137813,0,0.00424654,27,3.9,2.00406,3,1,-0.0240125,0,0,0.0328124,0,0,0.00501774,28,3.9,-1.0024,3,1,0.119104,0,0,-0.405584,0,0,0.00522983,29,3.9,3,-0.784776,1,0,-0.499962,0,0,-0.001546,0,0.00920308,30,3.9,-0.989757,2.00226,1,0.0903274,-0.118849,0,0.489537,0.401609,0,0.0112493,31,3.9,-3,3,1,0,0,0,0,0,0,0.00726805,32,3.9,0.778342,-1.00004,1,0.499647,-0.00038743,0,0.00931323,-0.00166893,0,0.0125179,33,3.9,1.98586,0.997353,1,-0.0267927,0.0111649,0,0.233591,-0.00496954,0,0.0101028,34,3.9,-1.29315,-0.00124769,1,0.495073,0.00164662,0,0.0134781,0.0015689,0,0.0101413,35,3.9,-1.98762,1,1,0.0773974,-6.42613e-06,0,0.553742,-0.000227243,0,0.0129088
0,4,0.999984,-0.00307848,1,9.98378e-05,0.0211439,0,-0.000149012,-0.0328113,0,0.0149602,1,4,1.00367,-3,1,-0.0196725,0,0,0.0238419,0,0,0.00690451,2,4,2.2119,-1.99791,1,-0.436419,-0.0497371,0,0.312924,0.194013,0,0.011025,3,4,-2.00111,-0.300088,1,0.00187755,0.5,0,-0.00107288,-1.43051e-05,0,0.00982152,4,4,-3,0.284685,1,0,-0.483588,0,0,0.149689,0,0.00825709,5,4,-1.00842,0.825268,1,0.0221372,0.5,0,-0.0125766,2.98023e-05,0,0.0111975,6,4,-1.00365,-1.00035,1,-0.049746,0.0163347,0,-0.395954,-0.0419915,0,0.0116516,7,4,2.54492,-0.199217,1,0.5,0.380299,0,0,-0.340387,0,0.00832179,8,4,-2,2.98994,1,0.000169873,0.0715673,0,-0.000655651,-0.331163,0,0.00527802,9,4,-0.171781,1.00027,1,0.5,-0.000667572,0,0,0.000536442,0,0.0141523,10,4,0.999993,-1.99296,1,-0.000120699,0.138324,0,-0.00169873,0.74482,0,0.0123376,11,4,-0.997703,-2.99397,1,-0.00992417,0.0167012,0,0.00476837,0.601649,0,0.00912361,12,4,1.99558,-1.05274,1,0.0183731,0.500003,0,-0.0185966,-5.96046e-05,0,0.01058,13,4,-1.99297,-1.20916,1,0.0135243,0.471944,0,-0.120401,0.0149012,0,0.00984295,14,4,-0.0209029,-0.885642,1,0.0546254,-0.500001,0,-0.0413042,2.98023e-05,0,0.0111769,15,4,2.00002,1.99964,1,0.000274181,0.0163794,0,-0.000953674,-0.0420809,0,0.0100085,16,4,-0.00280061,2.99581,1,0.000703201,-0.00302196,0,0.0213914,0.0259876,0,0.00629217,17,4,2.81612,-3,1,0.414628,0,0,-0.395656,0,0,0.00743546,18,4,-0.817686,-1.99681,1,-0.421633,0.0440806,0,0.371456,0.363111,0,0.0104931,19,4,0.18508,1.98138,1,-0.409298,-0.131655,0,0.382229,-0.568211,0,0.015853,20,4,-2.99504,-3,1,-0.000911951,0,0,-0.0245571,0,0,0.00755687,21,4,0.00869952,-2.99872,1,-0.025571,0.0036478,0,-0.00334203,-0.0077486,0,0.00848021,22,4,-2.86819e-08,0.0814896,1,-4.82612e-07,-0.460922,0,-5.80519e-06,-0.157388,0,0.0152128,23,4,-2.00766,1.99996,1,-0.0805616,0.000190735,0,0.35429,-0.000357628,0,0.00924958,24,4,1.00075,2.99995,1,-0.0177741,-0.000786781,0,0.0428855,-0.0077486,0,0.00507686,25,4,0.997988,1.82497,1,0.0027746,0.412929,0,0.0204742,-0.382602,0,0.00935743,26,4,3,1.25565,1,0,-0.466609,0,0,0.216365,0,0.00749116,27,4,2.00184,3,1,-0.0202775,0,0,0.0408888,0,0,0.00537778,28,4,-0.992434,3,1,0.0810027,0,0,-0.354916,0,0,0.00450382,29,4,3,-0.834775,1,0,-0.5,0,0,-2.98023e-05,0,0.00607779,30,4,-0.978214,1.9923,1,0.140791,-0.0811547,0,0.504881,0.351191,0,0.0114418,31,4,-3,3,1,0,0,0,0,0,0,0.00791242,32,4,0.828333,-1.00009,1,0.5,-0.000548363,0,2.98023e-05,-0.00166893,0,0.0130461,33,4,1.98425,0.99843,1,-0.00634789,0.010258,0,0.175893,-0.0125766,0,0.00948213,34,4,-1.24353,-0.00107578,1,0.497615,0.00178781,0,0.0289679,0.00134239,0,0.0147849,35,4,-1.97704,0.999997,1,0.134394,-6.10948e-05,0,0.569999,-0.000923872,0,0.0158694
0,4.1,0.999993,-0.00113986,1,8.33534e-05,0.0175311,0,-0.000175089,-0.0386686,0,0.0149602,1,4.1,1.00184,-3,1,-0.0168785,0,0,0.0312924,0,0,0.00690451,2,4.1,2.16955,-2.00198,1,-0.413073,-0.0323044,0,0.166848,0.155278,0,0.011025,3,4.1,-2.00092,-0.250088,1,0.00174493,0.5,0,-0.00172853,1.78814e-06,0,0.00982152,4,4.1,-3,0.236647,1,0,-0.480567,0,0,-0.0558793,0,0.00825709,5,4.1,-1.00628,0.875268,1,0.0203999,0.5,0,-0.0217482,0,0,0.0111975,6,4.1,-1.01085,-0.99893,1,-0.0962492,0.0121619,0,-0.514582,-0.0411682,0,0.0116516,7,4.1,2.59489,-0.163989,1,0.49919,0.31548,0,-0.0218451,-0.871066,0,0.00832179,8,4.1,-1.99998,2.99556,1,0.000109524,0.0420857,0,-0.000551343,-0.257745,0,0.00527802,9,4.1,-0.121781,1.0002,1,0.5,-0.000606477,0,1.3411e-06,0.000670552,0,0.0141523,10,4.1,0.99996,-1.97538,1,-0.000645127,0.212863,0,-0.00853464,0.729412,0,0.0123376,11,4.1,-0.998659,-2.98988,1,-0.00909204,0.0596512,0,0.0113808,0.274733,0,0.00912361,12,4.1,1.99732,-1.00274,1,0.0162914,0.5,0,-0.0227541,0,0,0.01058,13,4.1,-1.99217,-1.16172,1,0.00319201,0.478073,0,-0.0871643,0.0938103,0,0.00984295,14,4.1,-0.0156702,-0.935642,1,0.049816,-0.5,0,-0.0541117,-3.72529e-06,0,0.0111769,15,4.1,2.00004,2.00106,1,0.000182912,0.0121664,0,-0.000849366,-0.0416487,0,0.0100085,16,4.1,-0.00263524,2.99564,1,0.00248854,-0.000521913,0,0.0144604,0.0236779,0,0.00629217,17,4.1,2.85548,-3,1,0.371493,0,0,-0.463098,0,0,0.00743546,18,4.1,-0.857858,-1.9903,1,-0.380586,0.0884498,0,0.444498,0.503547,0,0.0104931,19,4.1,0.146113,1.96524,1,-0.369588,-0.191932,0,0.409727,-0.622854,0,0.015853,20,4.1,-2.99524,-3,1,-0.00309572,0,0,-0.0190139,0,0,0.00755687,21,4.1,0.0061625,-2.9984,1,-0.0248318,0.0027094,0,0.0169319,-0.0106245,0,0.00848021,22,4.1,-1.00833e-07,0.0345602,1,-9.12014e-07,-0.477772,0,-2.90002e-06,-0.164631,0,0.0152128,23,4.1,-2.01405,1.99998,1,-0.0480812,0.000154227,0,0.294909,-0.000372529,0,0.00924958,24,4.1,0.999191,2.99984,1,-0.0134401,-0.00130385,0,0.0432283,-0.00286102,0,0.00507686,25,4.1,0.99835,1.86425,1,0.00428017,0.371655,0,0.0100881,-0.43983,0,0.00935743,26,4.1,3,1.2099,1,0,-0.449805,0,0,0.129893,0,0.00749116,27,4.1,2.00002,3,1,-0.0160154,0,0,0.0436604,0,0,0.00537778,28,4.1,-0.986011,3,1,0.0484539,0,0,-0.295609,0,0,0.00450382,29,4.1,3,-0.884775,1,0,-0.5,0,0,0,0,0.00607779,30,4.1,-0.961538,1.98584,1,0.193054,-0.049011,0,0.525497,0.291958,0,0.0114418,31,4.1,-3,3,1,0,0,0,0,0,0,0.00791242,32,4.1,0.878333,-1.00015,1,0.5,-0.000644289,0,0,-0.000305474,0,0.0130461,33,4.1,1.9844,0.999385,1,0.00852309,0.00876002,0,0.122696,-0.0169426,0,0.00948213,34,4.1,-1.19365,-0.000891252,1,0.499589,0.00189804,0,0.0106394,0.00105801,0,0.0147849,35,4.1,-1.96073,0.999986,1,0.191668,-0.000165403,0,0.56196,-0.0013113,0,0.0158694
0,4.2,1,0.00041556,1,6.55651e-05,0.0135498,0,-0.000238419,-0.0403365,0,0.0143259,1,4.2,1.00031,-3,1,-0.0135541,0,0,0.0346303,0,0,0.00788553,2,4.2,2.12892,-2.00449,1,-0.40071,-0.0185609,0,0.0910759,0.120163,0,0.0119538,3,4.2,-2.00076,-0.200088,1,0.001508,0.5,0,-0.00309944,0,0,0.0129,4,4.2,-3,0.188186,1,0,-0.489348,0,0,-0.0989664,0,0.00980693,5,4.2,-1.00436,0.925268,1,0.0178635,0.5,0,-0.028491,2.98023e-05,0,0.0131971,6,4.2,-1.02311,-0.997916,1,-0.149167,0.0081569,0,-0.528276,-0.038743,0,0.0131895,7,4.2,2.64463,-0.137137,1,0.494641,0.219478,0,-0.0730753,-0.999998,0,0.0079256,8,4.2,-1.99998,2.9986,1,5.96046e-05,0.0200331,0,-0.000417233,-0.183702,0,0.00562444,9,4.2,-0.0717813,1.00015,1,0.5,-0.000533462,0,2.38419e-06,0.000715256,0,0.0151907,10,4.2,0.999844,-1.95059,1,-0.00177473,0.281319,0,-0.0138581,0.627458,0,0.0103725,11,4.2,-0.999504,-2.98296,1,-0.00773668,0.0748694,0,0.0152588,0.0443459,0,0.00730828,12,4.2,1.99883,-0.952739,1,0.0138789,0.5,0,-0.0252128,2.98023e-05,0,0.0103153,13,4.2,-1.99223,-1.11341,1,-0.0040859,0.488329,0,-0.0593066,0.101507,0,0.0114338,14,4.2,-0.0109749,-0.985642,1,0.0439494,-0.500001,0,-0.0625283,2.98023e-05,0,0.0104487,15,4.2,2.00006,2.00208,1,0.000101328,0.00813603,0,-0.000715256,-0.0385046,0,0.0109723,16,4.2,-0.00232452,2.9957,1,0.00362538,0.00166297,0,0.00843231,0.0195503,0,0.00774025,17,4.2,2.89023,-3,1,0.322813,0,0,-0.50652,0,0,0.00679605,18,4.2,-0.893609,-1.97884,1,-0.333682,0.141072,0,0.489146,0.532448,0,0.0121046,19,4.2,0.111233,1.94295,1,-0.327778,-0.253612,0,0.424471,-0.599086,0,0.0140421,20,4.2,-2.99564,-3,1,-0.00470281,0,0,-0.013113,0,0,0.00672205,21,4.2,0.00378922,-2.99818,1,-0.0224076,0.00158548,0,0.0305181,-0.0114441,0,0.00737816,22,4.2,-2.02542e-07,-0.0139616,1,-1.0849e-06,-0.491693,0,-6.63483e-07,-0.107193,0,0.0144185,23,4.2,-2.01748,1.99999,1,-0.0216246,0.000119209,0,0.234246,-0.000417233,0,0.0106798,24,4.2,0.99806,2.99971,1,-0.00922978,-0.00141263,0,0.040561,0.000596046,0,0.0063867,25,4.2,0.998814,1.89914,1,0.00487864,0.325587,0,0.00226498,-0.478268,0,0.0100982,26,4.2,3,1.16549,1,0,-0.438786,0,0,0.0987053,0,0.00549515,27,4.2,1.99864,3,1,-0.0116676,0,0,0.0427365,0,0,0.005282,28,4.2,-0.982542,3,1,0.0219211,0,0,-0.234991,0,0,0.00443198,29,4.2,3,-0.934775,1,0,-0.5,0,0,-2.98023e-05,0,0.00671237,30,4.2,-0.939674,1.9823,1,0.243269,-0.0226945,0,0.467479,0.234783,0,0.0135015,31,4.2,-3,3,1,0,0,0,0,0,0,0.00829578,32,4.2,0.928333,-1.00021,1,0.5,-0.000622869,0,2.98023e-05,0.000715256,0,0.0140154,33,4.2,1.98579,1.00017,1,0.0184268,0.0069499,0,0.0767112,-0.0188351,0,0.00901617,34,4.2,-1.14366,-0.000695284,1,0.500003,0.00203386,0,-5.96046e-05,0.00180697,0,0.0136186,35,4.2,-1.93886,0.999961,1,0.244418,-0.000348687,0,0.482857,-0.00244379,0,0.0168034
0,4.3,1.00001,0.00157103,1,4.30271e-05,0.00959179,0,-0.000201166,-0.0384182,0,0.0143259,1,4.3,0.998611,-3,1,-0.0250363,0,0,-0.237178,0,0,0.00788553,2,4.3,2.08905,-2.0058,1,-0.398854,-0.00812933,0,-0.0394136,0.0890791,0,0.0119538,3,4.3,-2.00062,-0.150088,1,0.00121742,0.5,0,-0.00295043,1.3411e-06,0,0.0129,4,4.3,-3,0.138789,1,0,-0.497823,0,0,-0.0551462,0,0.00980693,5,4.3,-1.00272,0.975246,1,0.0149172,0.499194,0,-0.0302941,-0.0216886,0,0.0131971,6,4.3,-1.04076,-0.997286,1,-0.20415,0.00452762,0,-0.555336,-0.0339337,0,0.0131895,7,4.3,2.69352,-0.120189,1,0.481109,0.119478,0,-0.193462,-0.999999,0,0.0079256,8,4.3,-1.99997,2.9998,1,2.23517e-05,0.0050731,0,-0.000327826,-0.117391,0,0.00562444,9,4.3,-0.0217813,1.0001,1,0.5,-0.000459701,0,2.98023e-07,0.000745058,0,0.0151907,10,4.3,0.999541,-1.91954,1,-0.00476399,0.337489,0,-0.042934,0.493996,0,0.0103725,11,4.3,-1.0002,-2.97552,1,-0.00611804,0.0715218,0,0.0168085,-0.100046,0,0.00730828,12,4.3,2.00009,-0.902739,1,0.0113232,0.5,0,-0.0257418,0,0,0.0103153,13,4.3,-1.9929,-1.06415,1,-0.00882037,0.496026,0,-0.0361949,0.0529587,0,0.0114338,14,4.3,-0.00710276,-1.03564,1,0.0315657,-0.5,0,-0.178229,3.72529e-06,0,0.0104487,15,4.3,2.00006,2.00271,1,3.65078e-05,0.00453927,0,-0.000596046,-0.0332445,0,0.0109723,16,4.3,-0.0019287,2.99595,1,0.00420707,0.00336282,0,0.00339143,0.0144094,0,0.00774025,17,4.3,2.91993,-3,1,0.270838,0,0,-0.52771,0,0,0.00679605,18,4.3,-0.924491,-1.96204,1,-0.283675,0.195109,0,0.506885,0.534475,0,0.0121046,19,4.3,0.0804849,1.91464,1,-0.288014,-0.311906,0,0.373998,-0.559516,0,0.0140421,20,4.3,-2.99616,-3,1,-0.00570901,0,0,-0.00710785,0,0,0.00672205,21,4.3,0.00171559,-2.99756,1,-0.0189409,0.0154458,0,0.0379742,0.261277,0,0.00737816,22,4.3,-3.11866e-07,-0.0635439,1,-1.07851e-06,-0.498744,0,7.21177e-07,-0.0355072,0,0.0144185,23,4.3,-2.01857,2,1,-0.00122525,8.04663e-05,0,0.174567,-0.000342727,0,0.0106798,24,4.3,0.997331,2.99957,1,-0.00541713,-0.00124536,0,0.0354722,0.0025779,0,0.0063867,25,4.3,0.999304,1.92927,1,0.00481643,0.27667,0,-0.0031665,-0.496067,0,0.0100982,26,4.3,3,1.12175,1,0,-0.439109,0,0,-0.0861883,0,0.00549515,27,4.3,1.99768,3,1,-0.00757687,0,0,0.0387579,0,0,0.005282,28,4.3,-0.981424,3,1,0.00144821,0,0,-0.17529,0,0,0.00443198,29,4.3,2.99967,-0.984775,1,-0.00960603,-0.5,0,-0.181705,7.45058e-06,0,0.00671237,30,4.3,-0.913027,1.98112,1,0.289173,-0.00174697,0,0.438787,0.184752,0,0.0135015,31,4.3,-3,3,1,0,0,0,0,0,0,0.00829578,32,4.3,0.978333,-1.00027,1,0.5,-0.000529923,0,0,0.00112504,0,0.0140154,33,4.3,1.98795,1.00077,1,0.0241056,0.00506081,0,0.0382811,-0.018701,0,0.00901617,34,4.3,-1.09366,-0.000486062,1,0.5,0.00212281,0,-7.45058e-06,0.000137149,0,0.0136186,35,4.3,-1.91214,0.999914,1,0.288528,-0.000615511,0,0.392534,-0.00303611,0,0.0168034
0,4.4,1.00001,0.00234406,1,2.38419e-05,0.0059358,0,-0.000178814,-0.0344103,0,0.0126535,1,4.4,0.994656,-3,1,-0.0561625,0,0,-0.364244,0,0,0.0115593,2,4.4,2.04885,-2.00621,1,-0.405955,-0.000619888,0,-0.0905991,0.0617504,0,0.0116864,3,4.4,-2.00052,-0.100088,1,0.000876188,0.5,0,-0.0038147,2.38419e-06,0,0.0108404,4,4.4,-3,0.0888496,1,0,-0.5,0,0,1.19209e-06,0,0.00639456,5,4.4,-1.00138,1.02498,1,0.0118315,0.494695,0,-0.0312924,-0.0724196,0,0.0124488,6,4.4,-1.06388,-0.996995,1,-0.2574,0.00135601,0,-0.49746,-0.0296533,0,0.0160484,7,4.4,2.74049,-0.113241,1,0.456744,0.0194779,0,-0.290036,-1,0,0.00723595,8,4.4,-1.99997,2.99982,1,-5.96046e-06,-0.00391603,0,-0.000238419,-0.0652075,0,0.00522976,9,4.4,0.0282187,1.00006,1,0.5,-0.00038445,0,1.19209e-06,0.00077486,0,0.0163445,10,4.4,0.998822,-1.88355,1,-0.0098139,0.379825,0,-0.0555515,0.351727,0,0.0123861,11,4.4,-1.00073,-2.96903,1,-0.00442863,0.0569046,0,0.0167489,-0.183225,0,0.00714716,12,4.4,2.00109,-0.852739,1,0.0087738,0.5,0,-0.0253916,2.98023e-05,0,0.0114908,13,4.4,-1.99393,-1.01435,1,-0.0114828,0.499263,0,-0.0178218,0.0147223,0,0.0102541,14,4.4,-0.00498024,-1.08564,1,0.00961126,-0.500003,0,-0.254703,5.96046e-05,0,0.011209,15,4.4,2.00007,2.003,1,-1.19209e-05,0.00151396,0,-0.000596046,-0.0271797,0,0.00807629,16,4.4,-0.00149805,2.99635,1,0.00434041,0.00454187,0,-0.000547385,0.00929832,0,0.00625247,17,4.4,2.94438,-3,1,0.218254,0,0,-0.519395,0,0,0.00768528,18,4.4,-0.950324,-1.93995,1,-0.233059,0.245544,0,0.501901,0.463843,0,0.0135054,19,4.4,0.0534918,1.88076,1,-0.252398,-0.36422,0,0.340935,-0.481248,0,0.0176052,20,4.4,-2.99676,-3,1,-0.0061512,0,0,-0.00202656,0,0,0.00725528,21,4.4,1.79015e-05,-2.99444,1,-0.0149651,0.0489533,0,0.0408599,0.387669,0,0.00970404,22,4.4,-4.1431e-07,-0.113511,1,-9.53969e-07,-0.5,0,1.70688e-06,-7.15256e-06,0,0.0140575,23,4.4,-2.01792,2.00001,1,0.0134706,4.76837e-05,0,0.120401,-0.000238419,0,0.00954024,24,4.4,0.996957,2.99946,1,-0.00216961,-0.000929832,0,0.0292957,0.00357628,0,0.00672922,25,4.4,0.999763,1.95446,1,0.00430942,0.227126,0,-0.00670552,-0.49144,0,0.0109672,26,4.4,3,1.07723,1,0,-0.45265,0,0,-0.169873,0,0.00607621,27,4.4,1.9971,3,1,-0.00396967,0,0,0.0332594,0,0,0.00546183,28,4.4,-0.982062,3,1,-0.0133187,0,0,-0.120997,0,0,0.00452682,29,4.4,2.99757,-1.03478,1,-0.034368,-0.500003,0,-0.304222,5.96046e-05,0,0.00701521,30,4.4,-0.882044,1.98179,1,0.328983,0.0143766,0,0.348777,0.138402,0,0.0132737,31,4.4,-3,3,1,0,0,0,0,0,0,0.00915667,32,4.4,1.02833,-1.00032,1,0.5,-0.000402331,0,0,0.0013113,0,0.0132562,33,4.4,1.99049,1.00119,1,0.0263542,0.00325441,0,0.00804663,-0.0172853,0,0.00911057,34,4.4,-1.04366,-0.000274717,1,0.500003,0.00209134,0,-5.96046e-05,-0.000631055,0,0.0146051,35,4.4,-1.88152,0.999835,1,0.321797,-0.000977516,0,0.268281,-0.00429153,0,0.0169296
0,4.5,1.00001,0.00277465,1,8.00937e-06,0.00276965,0,-0.00012666,-0.0287996,0,0.0126535,1,4.5,0.986967,-3,1,-0.0996422,0,0,-0.486009,0,0,0.0115593,2,4.5,2.00763,-2.006,1,-0.419908,0.00444874,0,-0.174731,0.0400841,0,0.0116864,3,4.5,-2.00045,-0.050088,1,0.000531599,0.5,0,-0.00332296,4.47035e-07,0,0.0108404,4,4.5,-3,0.0388496,1,0,-0.5,0,0,1.49012e-07,0,0.00639456,5,4.5,-1.00035,1.07404,1,0.00884049,0.48591,0,-0.0286102,-0.106595,0,0.0124488,6,4.5,-1.09212,-0.997003,1,-0.307084,-0.00144718,0,-0.482291,-0.0265054,0,0.0160484,7,4.5,2.78457,-0.116293,1,0.423406,-0.0805222,0,-0.372022,-1,0,0.00723595,8,4.5,-1.99997,2.99917,1,-2.55182e-05,-0.00846721,0,-0.000156462,-0.0278503,0,0.00522976,9,4.5,0.0782187,1.00002,1,0.5,-0.000308268,0,-7.45058e-07,0.000737607,0,0.0163445,10,4.5,0.997399,-1.84389,1,-0.0200478,0.412718,0,-0.139475,0.302427,0,0.0123861,11,4.5,-1.00109,-2.96432,1,-0.00281837,0.0366852,0,0.0153109,-0.215024,0,0.00714716,12,4.5,2.00185,-0.802739,1,0.00634566,0.5,0,-0.0231266,0,0,0.0114908,13,4.5,-1.99514,-0.964384,1,-0.0125637,0.499954,0,-0.00437349,0.00184774,0,0.0102541,14,4.5,-0.00550452,-1.13564,1,-0.0219709,-0.5,0,-0.367273,7.45058e-06,0,0.011209,15,4.5,2.00006,2.00303,1,-6.10948e-05,-0.000870228,0,-0.00038743,-0.0205636,0,0.00807629,16,4.5,-0.00107194,2.99684,1,0.00413413,0.00521094,0,-0.00340597,0.00423193,0,0.00625247,17,4.5,2.96365,-3,1,0.167751,0,0,-0.486672,0,0,0.00768528,18,4.5,-0.971162,-1.91317,1,-0.184187,0.288646,0,0.473268,0.390306,0,0.0135054,19,4.5,0.0298389,1.84203,1,-0.221691,-0.409332,0,0.278926,-0.415251,0,0.0176052,20,4.5,-2.99738,-3,1,-0.00611916,0,0,0.00244379,0,0,0.00725528,21,4.5,-0.00127613,-2.98736,1,-0.0109402,0.0946462,0,0.0393829,0.506788,0,0.00970404,22,4.5,-5.00367e-07,-0.163511,1,-7.60014e-07,-0.5,0,2.13619e-06,8.9407e-07,0,0.0140575,23,4.5,-2.01605,2.00001,1,0.0230573,2.57045e-05,0,0.0727177,-0.000193715,0,0.00954024,24,4.5,0.996875,2.99939,1,0.000420585,-0.000553951,0,0.0225231,0.0038594,0,0.00672922,25,4.5,1.00016,1.97475,1,0.00353716,0.179109,0,-0.00851601,-0.465989,0,0.0109672,26,4.5,3,1.03104,1,0,-0.471659,0,0,-0.192434,0,0.00607621,27,4.5,1.99686,3,1,-0.000974908,0,0,0.0265986,0,0,0.00546183,28,4.5,-0.983916,3,1,-0.0229614,0,0,-0.0732541,0,0,0.00452682,29,4.5,2.99232,-1.08477,1,-0.0734705,-0.5,0,-0.465736,7.45058e-06,0,0.00701521,30,4.5,-0.847492,1.98388,1,0.361045,0.0270244,0,0.288099,0.113606,0,0.0132737,31,4.5,-3,3,1,0,0,0,0,0,0,0.00915667,32,4.5,1.07833,-1.00035,1,0.5,-0.000268221,0,0,0.00135601,0,0.0132562,33,4.5,1.99313,1.00143,1,0.0259815,0.00164453,0,-0.014253,-0.0148192,0,0.00911057,34,4.5,-0.993662,-7.11613e-05,1,0.5,0.00195739,0,0,-0.00197466,0,0.0146051,35,4.5,-1.84817,0.999717,1,0.343426,-0.00137528,0,0.161633,-0.00383332,0,0.0169296
0,4.6,1.00001,0.00291765,1,-2.98023e-06,0.000191812,0,-0.000119209,-0.0227112,0,0.0119085,1,4.6,0.974505,-3,1,-0.149898,0,0,-0.503868,0,0,0.00630433,2,4.6,1.96472,-2.00539,1,-0.438422,0.00748634,0,-0.184417,0.0209808,0,0.011765,3,4.6,-2.00041,-8.79455e-05,1,0.000166893,0.5,0,-0.00417233,1.19209e-06,0,0.014185,4,4.6,-3,-0.0111504,1,0,-0.5,0,0,1.19209e-06,0,0.00678647,5,4.6,-0.999606,1.12202,1,0.00609607,0.472811,0,-0.0262856,-0.157654,0,0.013611,6,4.6,-1.12512,-0.997275,1,-0.351435,-0.00396073,0,-0.394344,-0.0238419,0,0.0144589,7,4.6,2.82494,-0.129346,1,0.383222,-0.180522,0,-0.427246,-0.999995,0,0.00610668,8,4.6,-1.99998,2.99823,1,-3.8743e-05,-0.00986457,0,-0.000119209,-0.00154972,0,0.00559793,9,4.6,0.128219,0.999994,1,0.5,-0.000236928,0,-7.15256e-06,0.000685453,0,0.013941,10,4.6,0.994625,-1.80121,1,-0.0359491,0.439665,0,-0.170559,0.233769,0,0.0138652,11,4.6,-1.0013,-2.96174,1,-0.00138879,0.0149846,0,0.0131726,-0.214458,0,0.0077594,12,4.6,2.00237,-0.752739,1,0.00415444,0.5,0,-0.020504,2.98023e-05,0,0.0113898,13,4.6,-1.9964,-0.914384,1,-0.0124723,0.5,0,0.00578165,2.98023e-05,0,0.0107985,14,4.6,-0.00965635,-1.18564,1,-0.0620362,-0.500003,0,-0.425629,5.96046e-05,0,0.0111354,15,4.6,2.00005,2.00285,1,-8.9407e-05,-0.00260472,0,-0.000238419,-0.0143051,0,0.00759424,16,4.6,-0.000679088,2.99738,1,0.00369136,0.00541806,0,-0.00530004,-0.000238419,0,0.00598734,17,4.6,2.97808,-3,1,0.121623,0,0,-0.432968,0,0,0.00637079,18,4.6,-0.987278,-1.88253,1,-0.138806,0.32227,0,0.432611,0.276804,0,0.0128463,19,4.6,0.00900103,1.79917,1,-0.195584,-0.446382,0,0.247774,-0.3227,0,0.0144,20,4.6,-2.99797,-3,1,-0.00570416,0,0,0.00584126,0,0,0.00923394,21,4.6,-0.00217746,-2.9753,1,-0.00713415,0.146842,0,0.0365368,0.521541,0,0.0105273,22,4.6,-5.65231e-07,-0.213511,1,-5.33493e-07,-0.5,0,2.36264e-06,0,0,0.0148726,23,4.6,-2.01345,2.00002,1,0.0282943,1.19209e-05,0,0.0333786,-0.000238419,0,0.0101386,24,4.6,0.997019,2.99935,1,0.00234246,-0.000172853,0,0.0160038,0.00369549,0,0.00698824,25,4.6,1.00047,1.99039,1,0.00264645,0.134441,0,-0.00917912,-0.425279,0,0.0109915,26,4.6,3,0.982982,1,0,-0.488473,0,0,-0.135064,0,0.00558764,27,4.6,1.99689,3,1,0.00134706,0,0,0.019908,0,0,0.00540437,28,4.6,-0.986509,3,1,-0.0282452,0,0,-0.0338554,0,0,0.0045142,29,4.6,2.98246,-1.13478,1,-0.125241,-0.500003,0,-0.558853,5.96046e-05,0,0.00914778,30,4.6,-0.810078,1.9871,1,0.385854,0.036937,0,0.204921,0.0840425,0,0.0145077,31,4.6,-3,3,1,0,0,0,0,0,0,0.00611404,32,4.6,1.12833,-1.00037,1,0.500003,-0.000137091,0,-5.96046e-05,0.00143051,0,0.0127318,33,4.6,1.99563,1.00152,1,0.0237405,0.000301003,0,-0.0295043,-0.0119805,0,0.00922096,34,4.6,-0.943662,0.000112994,1,0.5,0.00171027,0,2.98023e-05,-0.00290243,0,0.0138549,35,4.6,-1.81321,0.99956,1,0.35373,-0.00177473,0,0.043273,-0.00429153,0,0.0171828
0,4.7,1.00001,0.00283387,1,-1.24797e-05,-0.00176313,0,-8.19564e-05,-0.0164586,0,0.0119085,1,4.7,0.956964,-3,1,-0.200896,0,0,-0.502855,0,0,0.00630433,2,4.7,1.91992,-2.00456,1,-0.45768,0.0089325,0,-0.193097,0.00822544,0,0.011765,3,4.7,-2.00041,0.0498592,1,-0.000193343,0.498305,0,-0.00326335,-0.0381342,0,0.014185,4,4.7,-3,-0.0611504,1,0,-0.5,0,0,-7.45058e-07,0,0.00678647,5,4.7,-0.99912,1.16857,1,0.00370536,0.458521,0,-0.0217557,-0.134237,0,0.013611,6,4.7,-1.16213,-0.997779,1,-0.387633,-0.0060088,0,-0.324093,-0.0174083,0,0.0144589,7,4.7,2.86107,-0.152387,1,0.338751,-0.279994,0,-0.458464,-0.978862,0,0.00610668,8,4.7,-1.99998,2.99726,1,-4.71249e-05,-0.00914633,0,-5.21541e-05,0.0146031,0,0.00559793,9,4.7,0.178219,0.999973,1,0.5,-0.000172388,0,0,0.000607222,0,0.013941,10,4.7,0.990211,-1.75607,1,-0.051868,0.462864,0,-0.143424,0.219904,0,0.0138652,11,4.7,-1.00137,-2.96128,1,-0.00020247,-0.00527054,0,0.0105426,-0.188261,0,0.0077594,12,4.7,2.00269,-0.702739,1,0.0022456,0.5,0,-0.0176728,0,0,0.0113898,13,4.7,-1.99761,-0.864384,1,-0.011532,0.5,0,0.0125915,0,0,0.0107985,14,4.7,-0.0180512,-1.23564,1,-0.106324,-0.5,0,-0.453556,7.45058e-06,0,0.0111354,15,4.7,2.00004,2.00253,1,-0.000106171,-0.0037387,0,-0.000104308,-0.00852346,0,0.00759424,16,4.7,-0.000338439,2.99791,1,0.00310489,0.00521578,0,-0.00630629,-0.00362098,0,0.00598734,17,4.7,2.98818,-3,1,0.0816528,0,0,-0.364557,0,0,0.00637079,18,4.7,-0.999088,-1.84902,1,-0.0983269,0.346876,0,0.376571,0.209078,0,0.0128463,19,4.7,-0.0091834,1.75301,1,-0.166904,-0.475485,0,0.319912,-0.244476,0,0.0144,20,4.7,-2.99851,-3,1,-0.0050012,0,0,0.00800192,0,0,0.00923394,21,4.7,-0.00271777,-2.95796,1,-0.00376493,0.200026,0,0.0309596,0.528082,0,0.0105273,22,4.7,-6.06709e-07,-0.263511,1,-2.96073e-07,-0.5,0,2.36294e-06,8.9407e-07,0,0.0148726,23,4.7,-2.01051,2.00002,1,0.030015,-8.19564e-06,0,0.00245869,-0.000149012,0,0.0101386,24,4.7,0.997323,2.99935,1,0.00363141,0.000169128,0,0.00992417,0.00312924,0,0.00698824,25,4.7,1.00069,2.00179,1,0.00174325,0.0945216,0,-0.00878423,-0.371896,0,0.0109915,26,4.7,3,0.933589,1,0,-0.498002,0,0,-0.0526793,0,0.00558764,27,4.7,1.99711,3,1,0.00300575,0,0,0.0133887,0,0,0.00540437,28,4.7,-0.989448,3,1,-0.0300081,0,0,-0.0028424,0,0,0.0045142,29,4.7,2.96698,-1.18478,1,-0.18573,-0.5,0,-0.639781,7.45058e-06,0,0.00914778,30,4.7,-0.770391,1.99129,1,0.408488,0.0472393,0,0.241198,0.114352,0,0.0145077,31,4.7,-3,3,1,0,0,0,0,0,0,0.00611404,32,4.7,1.17833,-1.00038,1,0.5,-3.91155e-06,0,-7.45058e-06,0.00122935,0,0.0127318,33,4.7,1.99784,1.0015,1,0.0203088,-0.00074245,0,-0.0382215,-0.00891089,0,0.00922096,34,4.7,-0.893662,0.000268835,1,0.5,0.00140074,0,0,-0.00325085,0,0.0138549,35,4.7,-1.77774,0.999365,1,0.354473,-0.00209566,0,-0.0301898,-0.00239164,0,0.0171828
0,4.8,1.00001,0.00258508,1,-1.78814e-05,-0.00311673,0,-5.96046e-05,-0.0107104,0,0.0129559,1,4.8,0.934452,-3,1,-0.248155,0,0,-0.432312,0,0,0.0112842,2,4.8,1.87323,-2.00364,1,-0.475761,0.009197,0,-0.163436,-0.00274181,0,0.0153847,3,4.8,-2.00045,0.0994068,1,-0.000530481,0.491649,0,-0.00357628,-0.0979865,0,0.0122591,4,4.8,-3,-0.11115,1,0,-0.5,0,0,0,0,0.00905453,5,4.8,-0.998852,1.21375,1,0.0017032,0.444883,0,-0.0184476,-0.14329,0,0.0147654,6,4.8,-1.20236,-0.998458,1,-0.415298,-0.00749528,0,-0.225246,-0.012517,0,0.0174041,7,4.8,2.89263,-0.185112,1,0.292224,-0.372067,0,-0.468731,-0.830904,0,0.00664823,8,4.8,-1.99998,2.99644,1,-5.06639e-05,-0.00718236,0,5.96046e-05,0.0238419,0,0.00597401,9,4.8,0.228219,0.999959,1,0.5,-0.000114739,0,7.15256e-06,0.000506639,0,0.0131954,10,4.8,0.984382,-1.70877,1,-0.0638872,0.482085,0,-0.0939071,0.159383,0,0.0128023,11,4.8,-1.00134,-2.96269,1,0.000715256,-0.0222862,0,0.00792742,-0.150442,0,0.00734192,12,4.8,2.00283,-0.652739,1,0.000625849,0.5,0,-0.014782,2.98023e-05,0,0.01015,13,4.8,-1.99869,-0.814384,1,-0.0100344,0.5,0,0.0169873,2.98023e-05,0,0.0117777,14,4.8,-0.0309512,-1.28564,1,-0.151531,-0.500003,0,-0.445004,5.96046e-05,0,0.0134069,15,4.8,2.00003,2.00212,1,-0.000107288,-0.00433922,0,0,-0.00369549,0,0.00782623,16,4.8,-6.02953e-05,2.99841,1,0.00245239,0.00472665,0,-0.00664384,-0.00584126,0,0.00555393,17,4.8,2.99465,-3,1,0.0489891,0,0,-0.28801,0,0,0.0060796,18,4.8,-1.00713,-1.81344,1,-0.0635445,0.363052,0,0.318944,0.110209,0,0.0120883,19,4.8,-0.0241964,1.70445,1,-0.132708,-0.493595,0,0.358851,-0.115871,0,0.0119598,20,4.8,-2.99897,-3,1,-0.00414252,0,0,0.00917912,0,0,0.00770217,21,4.8,-0.00294794,-2.9354,1,-0.000920519,0.249988,0,0.0260333,0.460625,0,0.0113692,22,4.8,-6.24662e-07,-0.313511,1,-6.50843e-08,-0.5,0,2.23787e-06,1.43051e-05,0,0.0145907,23,4.8,-2.00754,2.00001,1,0.0290632,-1.78814e-05,0,-0.0202656,-0.000119209,0,0.0108009,24,4.8,0.997727,2.99938,1,0.0043571,0.000441074,0,0.00473857,0.0025034,0,0.0064015,25,4.8,1.00082,2.00948,1,0.000908971,0.0602424,0,-0.00786781,-0.312924,0,0.0100395,26,4.8,3,0.883643,1,0,-0.500001,0,0,2.98023e-05,0,0.00719563,27,4.8,1.99747,3,1,0.00405014,0,0,0.007689,0,0,0.00562007,28,4.8,-0.992422,3,1,-0.0290871,0,0,0.0199974,0,0,0.00487547,29,4.8,2.94515,-1.23478,1,-0.251132,-0.500003,0,-0.65887,5.96046e-05,0,0.0103195,30,4.8,-0.728321,1.99658,1,0.432912,0.0584573,0,0.242025,0.104189,0,0.0120932,31,4.8,-3,3,1,0,0,0,0,0,0,0.00476001,32,4.8,1.22833,-1.00037,1,0.500003,0.000107288,0,-5.96046e-05,0.00107288,0,0.012285,33,4.8,1.99967,1.00139,1,0.0162631,-0.00149012,0,-0.0421405,-0.00596046,0,0.0104624,34,4.8,-0.843662,0.000392342,1,0.5,0.00106711,0,2.98023e-05,-0.00338901,0,0.0146069,35,4.8,-1.74258,0.999145,1,0.347444,-0.00229776,0,-0.111163,-0.00184774,0,0.0163626
0,4.9,1.00001,0.00222874,1,-2.19792e-05,-0.00392526,0,-1.49012e-05,-0.00561435,0,0.0129559,1,4.9,0.907585,-3,1,-0.287916,0,0,-0.355724,0,0,0.0112842,2,4.9,1.82488,-2.00274,1,-0.490377,0.00871085,0,-0.117138,-0.00678003,0,0.0153847,3,4.9,-2.00052,0.148072,1,-0.000878796,0.481365,0,-0.00356138,-0.114533,0,0.0122591,4,4.9,-3,-0.16115,1,0,-0.5,0,0,-8.9407e-07,0,0.00905453,5,4.9,-0.998766,1.25788,1,9.87202e-05,0.441058,0,-0.0139326,0.0495315,0,0.0147654,6,4.9,-1.24504,-0.99926,1,-0.438142,-0.00843154,0,-0.22272,-0.00650808,0,0.0174041,7,4.9,2.91951,-0.225998,1,0.245557,-0.440837,0,-0.461757,-0.542644,0,0.00664823,8,4.9,-1.99999,2.99585,1,-4.39584e-05,-0.00460781,0,7.45058e-05,0.0269264,0,0.00597401,9,4.9,0.278219,0.99995,1,0.5,-6.79865e-05,0,-2.68221e-06,0.000432134,0,0.0131954,10,4.9,0.977738,-1.65989,1,-0.0670176,0.494315,0,0.0250041,0.0835657,0,0.0128023,11,4.9,-1.00124,-2.96559,1,0.00137296,-0.0350457,0,0.00526756,-0.1048,0,0.00734192,12,4.9,2.00282,-0.602739,1,-0.000684336,0.5,0,-0.011459,0,0,0.01015,13,4.9,-1.99961,-0.764384,1,-0.00824574,0.5,0,0.0185445,0,0,0.0117777,14,4.9,-0.0482861,-1.33564,1,-0.194651,-0.5,0,-0.414052,7.45058e-06,0,0.0134069,15,4.9,2.00002,2.00168,1,-0.000102445,-0.00450276,0,7.45058e-05,0.00025332,0,0.00782623,16,4.9,0.000151956,2.99885,1,0.00179669,0.00405759,0,-0.00640253,-0.00739098,0,0.00555393,17,4.9,2.99824,-3,1,0.0241093,0,0,-0.209838,0,0,0.0060796,18,4.9,-1.01201,-1.77656,1,-0.0350291,0.374489,0,0.252493,0.109024,0,0.0120883,19,4.9,-0.0356793,1.65471,1,-0.0970752,-0.499447,0,0.351346,-0.019066,0,0.0119598,20,4.9,-2.99933,-3,1,-0.00321418,0,0,0.00923872,0,0,0.00770217,21,4.9,-0.00292209,-2.90818,1,0.00132304,0.293339,0,0.0191655,0.397637,0,0.0113692,22,4.9,-6.20551e-07,-0.363511,1,1.41548e-07,-0.5,0,1.89227e-06,0,0,0.0145907,23,4.9,-2.00476,2.00001,1,0.0262316,-2.75671e-05,0,-0.0352412,-5.96046e-05,0,0.0108009,24,4.9,0.998178,2.99944,1,0.00461005,0.000647455,0,0.000499189,0.00163913,0,0.0064015,25,4.9,1.00087,2.01405,1,0.000191107,0.0320628,0,-0.0064671,-0.250906,0,0.0100395,26,4.9,3,0.833643,1,0,-0.5,0,0,-3.72529e-06,0,0.00719563,27,4.9,1.9979,3,1,0.00456609,0,0,0.00281632,0,0,0.00562007,28,4.9,-0.995202,3,1,-0.0262766,0,0,0.0350662,0,0,0.00487547,29,4.9,2.91672,-1.28478,1,-0.317316,-0.5,0,-0.650302,7.45058e-06,0,0.0103195,30,4.9,-0.683756,2.00277,1,0.458592,0.0636136,0,0.254188,0.00389665,0,0.0120932,31,4.9,-3,3,1,0,0,0,0,0,0,0.00476001,32,4.9,1.27833,-1.00036,1,0.5,0.00020247,0,-7.45058e-06,0.000841916,0,0.012285,33,4.9,2.00108,1.00121,1,0.0120508,-0.00195224,0,-0.0416115,-0.00336021,0,0.0104624,34,4.9,-0.793662,0.000482412,1,0.5,0.000737676,0,0,-0.00318659,0,0.0146069,35,4.9,-1.70836,0.998912,1,0.336955,-0.00231285,0,-0.104249,0.00116229,0,0.0163626
0,5,1,0.00181548,1,-2.08616e-05,-0.00427022,0,-5.96046e-05,-0.00143662,0,0.0103198,1,5,0.87719,-3,1,-0.318095,0,0,-0.242949,0,0,0.00638952,2,5,1.77539,-2.00191,1,-0.498098,0.00787973,0,-0.0380278,-0.00953674,0,0.0132203,3,5,-2.00063,0.195562,1,-0.0012815,0.467583,0,-0.00441074,-0.16588,0,0.0123268,4,5,-3,-0.21115,1,0,-0.5,0,0,-7.15256e-06,0,0.00955757,5,5,-0.99882,1.30244,1,-0.00113696,0.451666,0,-0.0110269,0.148594,0,0.0142151,6,5,-1.2899,-1.00013,1,-0.458258,-0.00885129,0,-0.172615,-0.00220537,0,0.0143587,7,5,2.94179,-0.272325,1,0.200397,-0.481159,0,-0.439167,-0.271305,0,0.00668689,8,5,-1.99999,2.99552,1,-3.57628e-05,-0.00191331,0,5.96046e-05,0.026226,0,0.00598355,9,5,0.328219,0.999945,1,0.5,-2.83122e-05,0,-1.43051e-05,0.000357628,0,0.0139077,10,5,0.971314,-1.61016,1,-0.0600696,0.499123,0,0.108361,0.0175238,0,0.01099,11,5,-1.00108,-2.96954,1,0.0017792,-0.0432968,0,0.00298023,-0.0606775,0,0.00634297,12,5,2.0027,-0.552739,1,-0.00167489,0.5,0,-0.00858307,2.98023e-05,0,0.00987938,13,5,-2.00034,-0.714384,1,-0.00637174,0.5,0,0.0189543,2.98023e-05,0,0.0104955,14,5,-0.0697464,-1.38564,1,-0.233735,-0.500003,0,-0.364884,5.96046e-05,0,0.0142962,15,5,2.00001,2.00123,1,-9.53674e-05,-0.00432134,0,0.000238419,0.00309944,0,0.00708141,16,5,0.000300476,2.99922,1,0.00118362,0.00329018,0,-0.00580924,-0.00810623,0,0.00608476,17,5,2.99973,-3,1,0.00684261,0,0,-0.136852,0,0,0.00565749,18,5,-1.01435,-1.73864,1,-0.012818,0.38321,0,0.192881,0.0584126,0,0.0128937,19,5,-0.04366,1.60473,1,-0.0628906,-0.500003,0,0.330296,5.96046e-05,0,0.0111774,20,5,-2.99961,-3,1,-0.00231862,0,0,0.00858307,0,0,0.00980715,21,5,-0.00270308,-2.87702,1,0.00297331,0.328016,0,0.0141194,0.289798,0,0.0115662,22,5,-5.97526e-07,-0.413511,1,3.13011e-07,-0.5,0,1.53588e-06,1.43051e-05,0,0.0126389,23,5,-2.00233,2.00001,1,0.0222266,-2.98023e-05,0,-0.043869,0,0,0.0101119,24,5,0.998636,2.99951,1,0.0044927,0.0007689,0,-0.00274181,0.000834465,0,0.00632645,25,5,1.00086,2.0161,1,-0.00038147,0.00997782,0,-0.00494719,-0.191331,0,0.0101041,26,5,3,0.783643,1,0,-0.5,0,0,-2.98023e-05,0,0.00672915,27,5,1.99837,3,1,0.00464618,0,0,-0.00101328,0,0,0.00519624,28,5,-0.997638,3,1,-0.0222862,0,0,0.0438094,0,0,0.00507559,29,5,2.88185,-1.33478,1,-0.37874,-0.500003,0,-0.56839,5.96046e-05,0,0.0110402,30,5,-0.636714,2.00902,1,0.481094,0.0601768,0,0.186712,-0.0683069,0,0.0107321,31,5,-3,3,1,0,0,0,0,0,0,0.00525306,32,5,1.32833,-1.00033,1,0.500003,0.000274181,0,-5.96046e-05,0.000655651,0,0.0117238,33,5,2.00209,1.001,1,0.00803471,-0.00217557,0,-0.0385046,-0.00113249,0,0.00881236,34,5,-0.743662,0.000540677,1,0.5,0.000432182,0,2.98023e-05,-0.00291248,0,0.0115781,35,5,-1.67522,0.998688,1,0.325623,-0.00213385,0,-0.126421,0.00214577,0,0.0163311
0,5.1,1,0.00138708,1,-2.43075e-05,-0.0042439,0,-1.86265e-05,0.00179984,0,0.0103198,1,5.1,0.844306,-3,1,-0.338076,0,0,-0.152972,0,0,0.00638952,2,5.1,1.72546,-2.00118,1,-0.499881,0.00683591,0,-0.00475347,-0.0111759,0,0.0132203,3,5.1,-2.00077,0.241486,1,-0.00161268,0.450703,0,-0.0025183,-0.177144,0,0.0123268,4,5.1,-3,-0.26115,1,0,-0.5,0,0,2.68221e-06,0,0.00955757,5,5.1,-0.998981,1.34843,1,-0.00198437,0.468656,0,-0.0061132,0.176959,0,0.0142151,6,5.1,-1.33659,-1.001,1,-0.475356,-0.0085054,0,-0.161313,0.00824779,0,0.0143587,7,5.1,2.95968,-0.321423,1,0.15812,-0.497504,0,-0.404403,-0.0734776,0,0.00668689,8,5.1,-2,2.99546,1,-2.96161e-05,0.000552088,0,6.70552e-05,0.0227988,0,0.00598355,9,5.1,0.378219,0.999944,1,0.5,3.44589e-06,0,0,0.000279397,0,0.0139077,10,5.1,0.965919,-1.56019,1,-0.0472035,0.499945,0,0.145741,0.00219047,0,0.01099,11,5.1,-1.00089,-2.9741,1,0.0019731,-0.0472236,0,0.000976026,-0.019148,0,0.00634297,12,5.1,2.0025,-0.502739,1,-0.00239573,0.5,0,-0.00588596,-5.66244e-06,0,0.00987938,13,5.1,-2.00088,-0.664386,1,-0.0045456,0.499929,0,0.017494,-0.0028573,0,0.0104955,14,5.1,-0.0949563,-1.43564,1,-0.270432,-0.5,0,-0.363109,7.45058e-06,0,0.0142962,15,5.1,2,2.00082,1,-7.18981e-05,-0.00390336,0,0.000223517,0.0050962,0,0.00708141,16,5.1,0.000391184,2.99951,1,0.000645048,0.00249073,0,-0.00494058,-0.00777841,0,0.00608476,17,5.1,2.99983,-3,1,-0.00375286,0,0,-0.0777841,0,0,0.00565749,18,5.1,-1.01477,-1.69992,1,0.0034282,0.391855,0,0.134028,0.10471,0,0.0128937,19,5.1,-0.0483712,1.55473,1,-0.0320788,-0.5,0,0.285649,7.45058e-06,0,0.0111774,20,5.1,-2.9998,-3,1,-0.00151992,0,0,0.00733137,0,0,0.00980715,21,5.1,-0.00234482,-2.84292,1,0.00410413,0.352596,0,0.00885518,0.197411,0,0.0115662,22,5.1,-5.59156e-07,-0.463511,1,4.48301e-07,-0.5,0,1.17053e-06,0,0,0.0126389,23,5.1,-2.00033,2.00001,1,0.0176534,-2.83122e-05,0,-0.0468642,2.98023e-05,0,0.0101119,24,5.1,0.999068,2.99959,1,0.00410136,0.000815466,0,-0.00492483,0.000104308,0,0.00632645,25,5.1,1.0008,2.01624,1,-0.00079833,-0.00631697,0,-0.00341237,-0.135705,0,0.0101041,26,5.1,3,0.733643,1,0,-0.5,0,0,0,0,0.00672915,27,5.1,1.99882,3,1,0.00439659,0,0,-0.0038147,0,0,0.00519624,28,5.1,-0.99964,3,1,-0.0177158,0,0,0.0468567,0,0,0.00507559,29,5.1,2.84126,-1.38478,1,-0.43129,-0.5,0,-0.467747,7.45058e-06,0,0.0110402,30,5.1,-0.587851,2.01463,1,0.49448,0.0513695,0,0.0848882,-0.105143,0,0.0107321,31,5.1,-3,3,1,0,0,0,0,0,0,0.00525306,32,5.1,1.37833,-1.0003,1,0.5,0.000326708,0,-7.45058e-06,0.000402331,0,0.0117238,33,5.1,2.00271,1.00078,1,0.00444427,-0.00219904,0,-0.0331402,0.000581145,0,0.00881236,34,5.1,-0.693662,0.00056993,1,0.5,0.00015899,0,0,-0.0025458,0,0.0115781,35,5.1,-1.64275,0.998478,1,0.328297,-0.00213236,0,0.155851,-0.00186265,0,0.0163311
0,5.2,1,0.000975904,1,-2.38419e-05,-0.00394113,0,2.98023e-05,0.00410983,0,0.0099323,1,5.2,0.809907,-3,1,-0.348109,0,0,-0.0456572,0,0,0.00872036,2,5.2,1.67547,-2.00055,1,-0.500003,0.0056684,0,5.96046e-05,-0.0119209,0,0.0101655,3,5.2,-2.00095,0.285615,1,-0.00183582,0.43124,0,-0.00202656,-0.215858,0,0.00930858,4,5.2,-3,-0.31115,1,0,-0.5,0,0,1.43051e-05,0,0.00778639,5,5.2,-0.999203,1.39614,1,-0.00239611,0.484833,0,-0.00229478,0.13864,0,0.00970858,6,5.2,-1.38486,-1.0018,1,-0.4893,-0.00736117,0,-0.113368,0.0138283,0,0.0128803,7,5.2,2.97355,-0.37136,1,0.119847,-0.5,0,-0.359535,1.43051e-05,0,0.00582427,8,5.2,-2,2.99562,1,-2.68221e-05,0.00259876,0,0.000178814,0.018239,0,0.00528142,9,5.2,0.428219,0.999945,1,0.5,2.83122e-05,0,-1.43051e-05,0.000178814,0,0.0111279,10,5.2,0.961967,-1.5102,1,-0.0315234,0.500003,0,0.165105,-5.96046e-05,0,0.0105169,11,5.2,-1.00069,-2.97886,1,0.00198781,-0.0473797,0,-0.000536442,0.0146627,0,0.00701862,12,5.2,2.00223,-0.452739,1,-0.00286102,0.5,0,-0.00357628,-1.43051e-05,0,0.00919959,13,5.2,-2.00125,-0.61443,1,-0.00288486,0.498858,0,0.0154972,-0.0228882,0,0.0126984,14,5.2,-0.12377,-1.48564,1,-0.305272,-0.500003,0,-0.328828,5.96046e-05,0,0.015525,15,5.2,2,2.00046,1,-5.06639e-05,-0.00332594,0,0.000178814,0.00619888,0,0.00734774,16,5.2,0.000432567,2.99972,1,0.000198712,0.00174642,0,-0.00397567,-0.00679493,0,0.00668983,17,5.2,2.99915,-3,1,-0.0092268,0,0,-0.0340939,0,0,0.00621006,18,5.2,-1.01384,-1.6602,1,0.0143647,0.402391,0,0.0865459,0.0981688,0,0.0138918,19,5.2,-0.050227,1.50473,1,-0.00580288,-0.500003,0,0.239739,5.96046e-05,0,0.010942,20,5.2,-2.99992,-3,1,-0.000864267,0,0,0.00584126,0,0,0.00845921,21,5.2,-0.00189639,-2.80685,1,0.00480946,0.366795,0,0.00554457,0.0838041,0,0.011708,22,5.2,-5.09074e-07,-0.513511,1,5.47378e-07,-0.5,0,8.13003e-07,-2.98023e-05,0,0.0132618,23,5.2,-1.9988,2,1,0.0129849,-2.38419e-05,0,-0.0460148,0,0,0.00976766,24,5.2,0.999451,2.99967,1,0.00353456,0.000804663,0,-0.00622869,-0.000596046,0,0.0062386,25,5.2,1.00071,2.01501,1,-0.00106692,-0.0174046,0,-0.00202656,-0.0870228,0,0.00784041,26,5.2,3,0.683643,1,0,-0.5,0,0,-2.98023e-05,0,0.008077,27,5.2,1.99924,3,1,0.00391603,0,0,-0.00566244,0,0,0.00483186,28,5.2,-1.00118,3,1,-0.0130445,0,0,0.0459552,0,0,0.00421234,29,5.2,2.79605,-1.43478,1,-0.470233,-0.500003,0,-0.305414,5.96046e-05,0,0.011587,30,5.2,-0.53811,2.0192,1,0.499181,0.0396609,0,0.0163758,-0.126839,0,0.00990998,31,5.2,-3,3,1,0,0,0,0,0,0,0.00485932,32,5.2,1.42833,-1.00027,1,0.500003,0.000357628,0,-5.96046e-05,0.000178814,0,0.0105489,33,5.2,2.00299,1.00057,1,0.00143647,-0.00207126,0,-0.0270605,0.00178814,0,0.0103916,34,5.2,-0.643662,0.000573748,1,0.5,-7.6057e-05,0,2.98023e-05,-0.00215153,0,0.0125581,35,5.2,-1.60885,0.998251,1,0.352371,-0.00245869,0,0.305474,-0.00447035,0,0.0140117
0,5.3,0.999998,0.000605056,1,-1.99303e-05,-0.00345197,0,5.21541e-05,0.00554405,0,0.0099323,1,5.3,0.774975,-3,1,-0.349419,0,0,0.0218451,0,0,0.00872036,2,5.3,1.62547,-2.00004,1,-0.5,0.00448767,0,7.45058e-06,-0.0116304,0,0.0101655,3,5.3,-2.00113,0.32815,1,-0.00184141,0.423787,0,0.00141561,0.044141,0,0.00930858,4,5.3,-3,-0.36115,1,0,-0.5,0,0,0,0,0.00778639,5,5.3,-0.999449,1.44519,1,-0.00248877,0.49506,0,0.00031665,0.068076,0,0.00970858,6,5.3,-1.43424,-1.00246,1,-0.497277,-0.0058284,0,-0.0484884,0.0165477,0,0.0128803,7,5.3,2.98382,-0.42136,1,0.0864353,-0.5,0,-0.307813,0,0,0.00582427,8,5.3,-2,2.99596,1,-1.21072e-05,0.00413992,0,0.00012666,0.0126213,0,0.00528142,9,5.3,0.478219,0.999949,1,0.5,4.35859e-05,0,-1.78814e-06,0.00012666,0,0.0111279,10,5.3,0.959649,-1.4602,1,-0.014813,0.5,0,0.166919,-7.45058e-06,0,0.0105169,11,5.3,-1.0005,-2.98348,1,0.00187252,-0.0444986,0,-0.00170618,0.0413358,0,0.00701862,12,5.3,2.00193,-0.402762,1,-0.00310391,0.499175,0,-0.00137091,-0.0216644,0,0.00919959,13,5.3,-2.00147,-0.564697,1,-0.00146665,0.495289,0,0.0128895,-0.0530854,0,0.0126984,14,5.3,-0.156008,-1.53564,1,-0.339961,-0.499977,0,-0.358064,0.000923872,0,0.015525,15,5.3,1.99999,2.00016,1,-3.37139e-05,-0.00267904,0,0.000156462,0.00665337,0,0.00734774,16,5.3,0.000434264,2.99986,1,-0.000147942,0.00111572,0,-0.00296619,-0.00576675,0,0.00668983,17,5.3,2.99811,-3,1,-0.0110473,0,0,-0.00421703,0,0,0.00621006,18,5.3,-1.01204,-1.61921,1,0.0209661,0.419655,0,0.0469908,0.227928,0,0.0138918,19,5.3,-0.0496874,1.45473,1,0.0158099,-0.5,0,0.192604,7.45058e-06,0,0.010942,20,5.3,-2.99998,-3,1,-0.000368804,0,0,0.00408292,0,0,0.00845921,21,5.3,-0.00139375,-2.76983,1,0.00519139,0.372745,0,0.00242085,0.0306219,0,0.011708,22,5.3,-4.50943e-07,-0.56351,1,6.0877e-07,-0.499949,0,4.24817e-07,0.00203401,0,0.0132618,23,5.3,-1.99773,2,1,0.0085758,-2.27243e-05,0,-0.041835,2.98023e-05,0,0.00976766,24,5.3,0.999772,2.99975,1,0.00287844,0.000728294,0,-0.00678375,-0.000908971,0,0.0062386,25,5.3,1.00059,2.01291,1,-0.00120606,-0.023989,0,-0.000797212,-0.0460893,0,0.00784041,26,5.3,3,0.633643,1,0,-0.5,0,0,0,0,0.008077,27,5.3,1.9996,3,1,0.00329465,0,0,-0.00664592,0,0,0.00483186,28,5.3,-1.00226,3,1,-0.00863727,0,0,0.0418499,0,0,0.00421234,29,5.3,2.7478,-1.48477,1,-0.492011,-0.499945,0,-0.135303,0.00220537,0,0.011587,30,5.3,-0.488142,2.02251,1,0.499949,0.0265494,0,0.0020434,-0.133514,0,0.00990998,31,5.3,-3,3,1,0,0,0,0,0,0,0.00485932,32,5.3,1.47833,-1.00023,1,0.5,0.000366941,0,-7.45058e-06,1.49012e-05,0,0.0105489,33,5.3,2.00301,1.00037,1,-0.000933558,-0.00184681,0,-0.0203848,0.00263005,0,0.0103916,34,5.3,-0.593662,0.000556223,1,0.5,-0.000266212,0,0,-0.00165867,0,0.0125581,35,5.3,-1.57195,0.997994,1,0.386622,-0.00258721,0,0.365965,0.00156462,0,0.0140117
0,5.4,0.999996,0.000289055,1,-1.49012e-05,-0.00285602,0,2.98023e-05,0.00626734,0,0.0100749,1,5.4,0.740269,-3,1,-0.343384,0,0,0.100106,0,0,0.0077143,2,5.4,1.57547,-1.99965,1,-0.500003,0.00335574,0,5.96046e-05,-0.0109673,0,0.0105923,3,5.4,-2.00131,0.371023,1,-0.00163913,0.435909,0,0.00214577,0.179425,0,0.00945996,4,5.4,-3,-0.41115,1,0,-0.5,0,0,1.43051e-05,0,0.00792016,5,5.4,-0.999693,1.49494,1,-0.00235587,0.49912,0,0.00217557,0.0175834,0,0.00951644,6,5.4,-1.48413,-1.00296,1,-0.499728,-0.0041008,0,-0.00542402,0.0177026,0,0.012802,7,5.4,2.99101,-0.47136,1,0.0584126,-0.5,0,-0.252485,0,0,0.00624103,8,5.4,-2,2.99643,1,0,0.005126,0,0,0.00727177,0,0.00556295,9,5.4,0.528219,0.999954,1,0.500001,5.36442e-05,0,-2.98023e-05,8.9407e-05,0,0.0110823,10,5.4,0.95899,-1.4102,1,0.00146776,0.500003,0,0.156909,-5.96046e-05,0,0.0108902,11,5.4,-1.00032,-2.98769,1,0.00165999,-0.0394225,0,-0.00244379,0.0588894,0,0.00681816,12,5.4,2.00162,-0.353024,1,-0.00314713,0.494765,0,0.000357628,-0.070408,0,0.00967741,13,5.4,-2.00155,-0.515516,1,-0.000309944,0.487447,0,0.0104904,-0.10711,0,0.0110841,14,5.4,-0.191794,-1.58563,1,-0.375603,-0.49963,0,-0.348836,0.00733137,0,0.0176755,15,5.4,1.99999,1.99992,1,-2.08616e-05,-0.00201166,0,0.000178814,0.00649691,0,0.00803633,16,5.4,0.000406244,2.99995,1,-0.000396755,0.000602007,0,-0.00202358,-0.00429153,0,0.00599841,17,5.4,2.99702,-3,1,-0.0104189,0,0,0.015378,0,0,0.00683545,18,5.4,-1.00976,-1.57602,1,0.0240505,0.44466,0,0.015974,0.258029,0,0.013849,19,5.4,-0.0472209,1.40473,1,0.0327512,-0.500003,0,0.146469,5.96046e-05,0,0.0106269,20,5.4,-3,-3,1,-4.17233e-05,0,0,0.0025034,0,0,0.00915101,21,5.4,-0.000865451,-2.73252,1,0.00535167,0.372159,0,0.00103815,-0.0450611,0,0.011241,22,5.4,-3.88515e-07,-0.613479,1,6.34304e-07,-0.499187,0,9.55538e-08,0.0162721,0,0.0118812,23,5.4,-1.99707,2,1,0.004673,-2.08616e-05,0,-0.0360012,0.000119209,0,0.0112708,24,5.4,1.00003,2.99981,1,0.00219643,0.000625849,0,-0.00679493,-0.00107288,0,0.00547803,25,5.4,1.00047,2.01033,1,-0.00123382,-0.0269055,0,0.000119209,-0.0134706,0,0.00748505,26,5.4,3,0.583643,1,0,-0.5,0,0,-2.98023e-05,0,0.0085749,27,5.4,1.99989,3,1,0.00261068,0,0,-0.00697374,0,0,0.00428567,28,5.4,-1.00292,3,1,-0.00472963,0,0,0.0360012,0,0,0.00575312,29,5.4,2.69814,-1.53474,1,-0.499076,-0.499117,0,-0.0184774,0.017643,0,0.0100625,30,5.4,-0.438143,2.0245,1,0.5,0.0132978,0,-1.43051e-05,-0.130057,0,0.00915283,31,5.4,-3,3,1,0,0,0,0,0,0,0.00598228,32,5.4,1.52833,-1.00019,1,0.500003,0.000360608,0,-5.96046e-05,-0.000119209,0,0.0101224,33,5.4,2.00283,1.0002,1,-0.00264645,-0.00155568,0,-0.0141859,0.00303984,0,0.0110977,34,5.4,-0.543662,0.000522077,1,0.5,-0.000409228,0,2.98023e-05,-0.0012089,0,0.0136813,35,5.4,-1.53145,0.997751,1,0.423181,-0.00220686,0,0.354946,0.00575185,0,0.0145621
0,5.5,0.999995,-0.000451794,1,-1.14553e-05,-0.0161729,0,4.09782e-05,-0.247011,0,0.0100749,1,5.5,0.70645,-3,1,-0.332718,0,0,0.117049,0,0,0.0077143,2,5.5,1.52547,-1.99937,1,-0.5,0.00230875,0,7.45058e-06,-0.00993162,0,0.0105923,3,5.5,-2.00146,0.415564,1,-0.00132434,0.455205,0,0.00400841,0.197168,0,0.00945996,4,5.5,-3,-0.46115,1,0,-0.5,0,0,0,0,0.00792016,5,5.5,-0.999916,1.54491,1,-0.00207284,0.499945,0,0.00338629,0.00219792,0,0.00951644,6,5.5,-1.53407,-1.00482,1,-0.498414,-0.046015,0,0.032939,-0.757568,0,0.012802,7,5.5,2.99569,-0.52136,1,0.0359945,-0.5,0,-0.196129,-2.08616e-06,0,0.00624103,8,5.5,-2,2.99697,1,0,0.00559352,0,0,0.00225008,0,0.00556295,9,5.5,0.578216,0.99996,1,0.499885,6.02566e-05,0,-0.00460073,4.09782e-05,0,0.0110823,10,5.5,0.959509,-1.36031,1,0.00517769,0.496505,0,-0.0676624,-0.0712723,0,0.0108902,11,5.5,-1.00017,-2.99132,1,0.00139326,-0.032999,0,-0.00284612,0.0682026,0,0.00681816,12,5.5,2.00085,-0.304002,1,-0.0161028,0.484575,0,-0.238173,-0.136206,0,0.00967741,13,5.5,-2.00154,-0.46709,1,0.000599399,0.482861,0,0.0077337,0.00147708,0,0.0110841,14,5.5,-0.231252,-1.63536,1,-0.414483,-0.493152,0,-0.404349,0.118867,0,0.0176755,15,5.5,1.99999,1.99975,1,-5.40167e-06,-0.00138506,0,0.000141561,0.00599027,0,0.00803633,16,5.5,0.000357925,2.99999,1,-0.000555448,0.000234693,0,-0.00117376,-0.00301003,0,0.00599841,17,5.5,2.99607,-3,1,-0.00830106,0,0,0.0258535,0,0,0.00683545,18,5.5,-1.00769,-1.53031,1,0.0138117,0.468846,0,-0.204198,0.217691,0,0.013849,19,5.5,-0.0432986,1.35485,1,0.0448706,-0.49616,0,0.0970513,0.0776947,0,0.0106269,20,5.5,-2.99999,-3,1,0.000146776,0,0,0.0013411,0,0,0.00915101,21,5.5,-0.000308993,-2.69533,1,0.00592289,0.373334,0,0.00976639,0.0531077,0,0.011241,22,5.5,-0.000367931,-0.663165,1,-0.0106372,-0.493025,0,-0.19738,0.106648,0,0.0118812,23,5.5,-1.99677,2,1,0.00142399,-1.00583e-05,0,-0.0289306,8.9407e-05,0,0.0112708,24,5.5,1.00021,2.99987,1,0.00153948,0.0005126,0,-0.00629574,-0.00116229,0,0.00547803,25,5.5,1.00035,2.00762,1,-0.00118166,-0.0269692,0,0.000879169,0.0108629,0,0.00748505,26,5.5,3,0.533643,1,0,-0.5,0,0,0,0,0.0085749,27,5.5,2.00012,3,1,0.00192299,0,0,-0.00669062,0,0,0.00428567,28,5.5,-1.00323,3,1,-0.00147726,0,0,0.0289902,0,0,0.00575312,29,5.5,2.64818,-1.58445,1,-0.499942,-0.493951,0,-0.00230968,0.0849068,0,0.0100625,30,5.5,-0.388198,2.02521,1,0.498259,0.00115223,0,-0.0386852,-0.112429,0,0.00915283,31,5.5,-3,3,1,0,0,0,0,0,0,0.00598228,32,5.5,1.57833,-1.00016,1,0.499884,0.000343099,0,-0.00462681,-0.000238419,0,0.0101224,33,5.5,2.0025,0.999568,1,-0.00376701,-0.0153846,0,-0.00837445,-0.253636,0,0.0110977,34,5.5,-0.493662,0.000475805,1,0.5,-0.000509439,0,-5.66244e-06,-0.000802651,0,0.0136813,35,5.5,-1.48744,0.997563,1,0.455826,-0.00150185,0,0.291623,0.00811368,0,0.0145621
0,5.6,0.999994,-0.0035488,1,-7.45058e-06,-0.0477,0,2.98023e-05,-0.363546,0,0.0120632,1,5.6,0.673817,-3,1,-0.319332,0,0,0.153214,0,0,0.0108696,2,5.6,1.47547,-1.99919,1,-0.500003,0.00137687,0,5.96046e-05,-0.00876188,0,0.0124094,3,5.6,-2.00157,0.462038,1,-0.000858307,0.473811,0,0.005126,0.168949,0,0.0102122,4,5.6,-3,-0.51115,1,0,-0.5,0,0,-2.98023e-05,0,0.00894286,5,5.6,-1.0001,1.59491,1,-0.00169575,0.500003,0,0.00411272,-5.96046e-05,0,0.00975746,6,5.6,-1.58367,-1.01382,1,-0.49293,-0.137854,0,0.0775456,-0.999987,0,0.0151682,7,5.6,2.9984,-0.57136,1,0.0190854,-0.5,0,-0.142694,-2.98023e-05,0,0.00592892,8,5.6,-2,2.99753,1,0,0.00560284,0,0,-0.00178814,0,0.00569052,9,5.6,0.628145,0.999966,1,0.498159,6.25849e-05,0,-0.0368357,0,0,0.0110906,10,5.6,0.959421,-1.31114,1,-0.00927299,0.485545,0,-0.208557,-0.148535,0,0.0118788,11,5.6,-1.00004,-2.99427,1,0.00109971,-0.0260293,0,-0.00295043,0.0700951,0,0.00795892,12,5.6,1.9978,-0.256353,1,-0.0469059,0.467097,0,-0.360489,-0.214792,0,0.0117688,13,5.6,-2.00144,-0.418714,1,0.0012517,0.48522,0,0.00524521,0.0343919,0,0.0116134,14,5.6,-0.274656,-1.68392,1,-0.452527,-0.476509,0,-0.34152,0.210822,0,0.0159306,15,5.6,1.99999,1.99964,1,5.96046e-06,-0.000822544,0,5.96046e-05,0.0051856,0,0.0072039,16,5.6,0.000297752,3,1,-0.000636209,0,0,-0.000465035,-0.00190735,0,0.00569182,17,5.6,2.99538,-3,1,-0.00545382,0,0,0.0302792,0,0,0.00760129,18,5.6,-1.00758,-1.48245,1,-0.0137269,0.487053,0,-0.332594,0.142992,0,0.0115875,19,5.6,-0.0384003,1.30576,1,0.052385,-0.484353,0,0.0543389,0.158787,0,0.0092821,20,5.6,-2.99997,-3,1,0.000232458,0,0,0.000476837,0,0,0.00824726,21,5.6,0.000342166,-2.65767,1,0.00718638,0.380051,0,0.0149376,0.0691414,0,0.0102181,22,5.6,-0.00263829,-0.711787,1,-0.0366361,-0.47797,0,-0.309582,0.193626,0,0.0118301,23,5.6,-1.99676,2,1,-0.00111163,-2.98023e-06,0,-0.0218153,5.96046e-05,0,0.00977721,24,5.6,1.00034,2.99992,1,0.000947714,0.000393391,0,-0.00554323,-0.00107288,0,0.00574257,25,5.6,1.00023,2.00501,1,-0.00106394,-0.0249803,0,0.00137091,0.027895,0,0.00822145,26,5.6,3,0.483643,1,0,-0.5,0,0,1.43051e-05,0,0.00500533,27,5.6,2.00028,3,1,0.0012815,0,0,-0.00607967,0,0,0.00448866,28,5.6,-1.00324,3,1,0.00106692,0,0,0.0218749,0,0,0.00689787,29,5.6,2.59818,-1.63331,1,-0.5,-0.4823,0,0,0.147283,0,0.0102645,30,5.6,-0.338656,2.02479,1,0.4916,-0.00912547,0,-0.097245,-0.0926256,0,0.0082938,31,5.6,-3,3,1,0,0,0,0,0,0,0.00630051,32,5.6,1.62826,-1.00013,1,0.498152,0.000315905,0,-0.0370145,-0.000357628,0,0.0105438,33,5.6,2.00209,0.996514,1,-0.00435114,-0.0476554,0,-0.00345707,-0.371516,0,0.010721,34,5.6,-0.443662,0.000421469,1,0.5,-0.000571244,0,-1.43051e-05,-0.000440981,0,0.0120323,35,5.6,-1.44055,0.997456,1,0.480539,-0.000628829,0,0.199378,0.00920892,0,0.0120677
0,5.7,0.999993,-0.010376,1,3.35276e-06,-0.0907637,0,0.00026077,-0.47915,0,0.0120632,1,5.7,0.642402,-3,1,-0.311087,0,0,0.0266097,0,0,0.0108696,2,5.7,1.42547,-1.99909,1,-0.499901,0.000583194,0,0.00396371,-0.00713021,0,0.0124094,3,5.7,-2.00334,0.510119,1,-0.0480205,0.486375,0,-0.811934,0.0830218,0,0.0102122,4,5.7,-3,-0.56115,1,0,-0.49996,0,0,0.0016205,0,0.00894286,5,5.7,-1.00025,1.64478,1,-0.00127908,0.496183,0,0.00417978,-0.07727,0,0.00975746,6,5.7,-1.63244,-1.0326,1,-0.480918,-0.237658,0,0.16018,-0.992216,0,0.0151682,7,5.7,2.99967,-0.621285,1,0.00724532,-0.497665,0,-0.0955909,0.0497475,0,0.00592892,8,5.7,-2,2.99756,1,0,-0.00968017,0,0,-0.276193,0,0.00569052,9,5.7,0.677877,0.999972,1,0.497247,6.73346e-05,0,0.009913,0.000182539,0,0.0110906,10,5.7,0.956995,-1.26351,1,-0.0432466,0.465452,0,-0.448782,-0.249997,0,0.0118788,11,5.7,-0.999945,-2.99653,1,0.000809226,-0.0191819,0,-0.00283495,0.0659972,0,0.00795892,12,5.7,1.99103,-0.210891,1,-0.0908673,0.440502,0,-0.49828,-0.313583,0,0.0117688,13,5.7,-2.00129,-0.370115,1,0.00166595,0.485724,0,0.00309944,-0.026783,0,0.0116134,14,5.7,-0.321417,-1.73039,1,-0.480567,-0.451581,0,-0.215327,0.284798,0,0.0159306,15,5.7,1.99999,1.99958,1,1.09896e-05,-0.000349991,0,3.72529e-05,0.00425428,0,0.0072039,16,5.7,0.000232808,2.99999,1,-0.00065331,-0.000140816,0,9.69367e-05,-0.000953674,0,0.00569182,17,5.7,2.99499,-3,1,-0.00243038,0,0,0.0296533,0,0,0.00760129,18,5.7,-1.01091,-1.43317,1,-0.055659,0.497123,0,-0.493295,0.0607744,0,0.0115875,19,5.7,-0.0329517,1.25825,1,0.0559958,-0.46461,0,0.018879,0.235975,0,0.0092821,20,5.7,-2.99995,-3,1,0.000249594,0,0,-8.9407e-05,0,0,0.00824726,21,5.7,0.00117458,-2.61902,1,0.00977588,0.395541,0,0.033846,0.222579,0,0.0102181,22,5.7,-0.00824912,-0.758442,1,-0.0790259,-0.453472,0,-0.516676,0.292409,0,0.0118301,23,5.7,-1.99697,1.99951,1,-0.00293888,-0.0140421,0,-0.0148565,-0.254989,0,0.00977721,24,5.7,1.0004,2.99943,1,0.000442006,-0.0146799,0,-0.00456721,-0.27284,0,0.00574257,25,5.7,1.00013,2.00215,1,-0.000909716,-0.0366174,0,0.00166893,-0.234067,0,0.00822145,26,5.7,3,0.433645,1,0,-0.499937,0,0,0.0025294,0,0.00500533,27,5.7,1.99986,3,1,-0.0142645,0,0,-0.277236,0,0,0.00448866,28,5.7,-1.00356,3,1,-0.0120591,0,0,-0.256732,0,0,0.00689787,29,5.7,2.54818,-1.6807,1,-0.5,-0.464495,0,0,0.207596,0,0.0102645,30,5.7,-0.290092,2.02345,1,0.478508,-0.0173513,0,-0.166525,-0.0717491,0,0.0082938,31,5.7,-3,3,1,0,0,0,0,0,0,0.00630051,32,5.7,1.6778,-1.0001,1,0.491673,0.000278279,0,-0.096634,-0.000402331,0,0.0105438,33,5.7,2.00165,0.98965,1,-0.00448003,-0.0915553,0,0.000745058,-0.487689,0,0.010721,34,5.7,-0.393704,0.00036274,1,0.498605,-0.000597622,0,-0.0322516,-9.83271e-05,0,0.0120323,35,5.7,-1.39167,0.997438,1,0.495158,0.000263564,0,0.0916719,0.00856072,0,0.0120677
0,5.8,0.999996,-0.0219114,1,5.96046e-05,-0.140202,0,0.000864267,-0.494921,0,0.0148859,1,5.8,0.611319,-3,1,-0.311337,0,0,-0.0198185,0,0,0.00856241,2,5.8,1.37553,-1.99906,1,-0.498417,-5.36442e-05,0,0.0317097,-0.00554323,0,0.0121017,3,5.8,-2.0127,0.559034,1,-0.142282,0.490566,0,-0.999928,0.00157952,0,0.00998217,4,5.8,-3,-0.611125,1,0,-0.499351,0,0,0.0129342,0,0.00962772,5,5.8,-1.00036,1.69388,1,-0.000867248,0.484431,0,0.00399351,-0.158012,0,0.0111075,6,5.8,-1.67961,-1.06126,1,-0.461385,-0.334737,0,0.228167,-0.9377,0,0.0129868,7,5.8,2.99999,-0.6707,1,-0.000339746,-0.489543,0,-0.0575781,0.114709,0,0.00571786,8,5.8,-2,2.99494,1,0,-0.0447035,0,0,-0.40257,0,0.00574333,9,5.8,0.727673,0.999981,1,0.498781,0.000113249,0,0.0158846,0.000834465,0,0.01403,10,5.8,0.950183,-1.21836,1,-0.0949591,0.436205,0,-0.56693,-0.3317,0,0.0142875,11,5.8,-0.999878,-2.99813,1,0.000536442,-0.0129819,0,-0.0025332,0.0573397,0,0.00787456,12,5.8,1.97937,-0.168547,1,-0.142887,0.405084,0,-0.525892,-0.391245,0,0.014259,13,5.8,-2.00112,-0.321795,1,0.00188351,0.479461,0,0.00143051,-0.100031,0,0.0127872,14,5.8,-0.37033,-1.77402,1,-0.495573,-0.420123,0,-0.0885278,0.341713,0,0.0133117,15,5.8,1.99999,1.99957,1,1.19209e-05,2.68221e-05,0,5.96046e-05,0.00333786,0,0.00786608,16,5.8,0.000168709,2.99997,1,-0.000621788,-0.000202656,0,0.000509904,-0.000357628,0,0.00645721,17,5.8,2.99489,-3,1,0.00038743,0,0,0.026226,0,0,0.00854209,18,5.8,-1.01912,-1.38327,1,-0.109991,0.499773,0,-0.582159,-0.00464916,0,0.013931,19,5.8,-0.0273093,1.21309,1,0.0563594,-0.437248,0,-0.0106217,0.310421,0,0.0106516,20,5.8,-2.99992,-3,1,0.000220537,0,0,-0.000476837,0,0,0.0089731,21,5.8,0.00233208,-2.57822,1,0.0134208,0.421369,0,0.0367122,0.279903,0,0.00951915,22,5.8,-0.018928,-0.802191,1,-0.136023,-0.42025,0,-0.605319,0.368357,0,0.0131292,23,5.8,-1.99733,1.99658,1,-0.00410974,-0.0464022,0,-0.00870228,-0.371873,0,0.0113866,24,5.8,1.00043,2.99634,1,3.57628e-05,-0.0492632,0,-0.00351667,-0.397563,0,0.00603715,25,5.8,1.00005,1.99706,1,-0.000733137,-0.0670582,0,0.00175834,-0.354111,0,0.00993279,26,5.8,3,0.383684,1,0,-0.498988,0,0,0.0202358,0,0.00669206,27,5.8,1.99678,3,1,-0.0492513,0,0,-0.40102,0,0,0.00471682,28,5.8,-1.00632,3,1,-0.0453472,0,0,-0.38743,0,0,0.00584129,29,5.8,2.49818,-1.72602,1,-0.5,-0.441033,0,0,0.260353,0,0.0107766,30,5.8,-0.243201,2.02139,1,0.458026,-0.0234663,0,-0.243872,-0.0503063,0,0.00880952,31,5.8,-3,3,1,0,0,0,0,0,0,0.00580649,32,5.8,1.72636,-1.00007,1,0.478175,0.000241399,0,-0.175774,-0.000476837,0,0.0106729,33,5.8,2.00121,0.977993,1,-0.00422001,-0.141829,0,0.00429153,-0.502914,0,0.0123297,34,5.8,-0.344088,0.000302972,1,0.492796,-0.000593175,0,-0.0870824,0.000176354,0,0.0129883,35,5.8,-1.34189,0.997506,1,0.498694,0.0010699,0,-0.0213981,0.00748038,0,0.0125761
0,5.9,1.00001,-0.038499,1,0.000190921,-0.192074,0,0.00189245,-0.526827,0,0.0148859,1,5.9,0.579484,-3,1,-0.330491,0,0,-0.329081,0,0,0.00856241,2,5.9,1.32593,-1.99909,1,-0.492608,-0.000536069,0,0.0888631,-0.00411272,0,0.0121017,3,5.9,-2.03192,0.607931,1,-0.242054,0.485772,0,-0.990972,-0.0948235,0,0.00998217,4,5.9,-3,-0.660928,1,0,-0.495909,0,0,0.0614524,0,0.00962772,5,5.9,-1.00043,1.74176,1,-0.000484288,0.475089,0,0.00372529,-0.0424162,0,0.0111075,6,5.9,-1.7245,-1.09907,1,-0.435576,-0.417466,0,0.285514,-0.696115,0,0.0129868,7,5.9,2.99972,-0.718965,1,-0.0046134,-0.474562,0,-0.0292659,0.186265,0,0.00571786,8,5.9,-2,2.98803,1,0,-0.0971615,0,0,-0.618368,0,0.00574333,9,5.9,0.777612,0.999996,1,0.499818,0.000182167,0,0.00517815,0.000722706,0,0.01403,10,5.9,0.937519,-1.17652,1,-0.161085,0.399328,0,-0.732385,-0.401489,0,0.0142875,11,5.9,-0.999837,-2.99916,1,0.00030119,-0.00779219,0,-0.00216812,0.0460893,0,0.00787456,12,5.9,1.96241,-0.13011,1,-0.19616,0.362611,0,-0.526004,-0.453185,0,0.014259,13,5.9,-1.9999,-0.274531,1,0.03155,0.464088,0,0.5491,-0.204273,0,0.0127872,14,5.9,-0.420158,-1.81424,1,-0.499723,-0.383528,0,-0.0110678,0.387102,0,0.0133117,15,5.9,1.99999,1.99959,1,1.60187e-05,0.000310503,0,1.49012e-05,0.00236183,0,0.00786608,16,5.9,0.000109585,2.99995,1,-0.000556187,-0.000212714,0,0.000780691,0.00013411,0,0.00645721,17,5.9,2.99505,-3,1,0.00274368,0,0,0.0207573,0,0,0.00854209,18,5.9,-1.03349,-1.33351,1,-0.181002,0.493716,0,-0.804111,-0.114501,0,0.013931,19,5.9,-0.0221984,1.17106,1,0.0416831,-0.40212,0,-0.261513,0.388123,0,0.0106516,20,5.9,-2.9999,-3,1,0.000164285,0,0,-0.00064075,0,0,0.0089731,21,5.9,0.00379519,-2.53467,1,0.0152644,0.449434,0,0.00207051,0.270188,0,0.00951915,22,5.9,-0.0359123,-0.842265,1,-0.206513,-0.380246,0,-0.776931,0.427432,0,0.0131292,23,5.9,-1.99775,1.98961,1,-0.00393745,-0.097076,0,0.011228,-0.616111,0,0.0113866,24,5.9,1.00042,2.98898,1,-0.000261702,-0.101562,0,-0.00246614,-0.61962,0,0.00603715,25,5.9,0.999988,1.98834,1,-0.000568945,-0.109318,0,0.00141934,-0.472091,0,0.00993279,26,5.9,3,0.33396,1,0,-0.494625,0,0,0.0721104,0,0.00669206,27,5.9,1.98961,3,1,-0.0961142,0,0,-0.516839,0,0,0.00471682,28,5.9,-1.01305,3,1,-0.0912091,0,0,-0.510149,0,0,0.00584129,29,5.9,2.44818,-1.76875,1,-0.5,-0.412758,0,0,0.303946,0,0.0107766,30,5.9,-0.198781,2.01883,1,0.428831,-0.0273436,0,-0.336417,-0.0277758,0,0.00880952,31,5.9,-3,3,1,0,0,0,0,0,0,0.00580649,32,5.9,1.77311,-1.00005,1,0.455096,0.000195578,0,-0.282675,-0.000432134,0,0.0106729,33,5.9,2.00081,0.961258,1,-0.0036668,-0.192905,0,0.00675023,-0.505302,0,0.0123297,34,5.9,-0.295352,0.00068673,1,0.480803,0.0121604,0,-0.155053,0.234079,0,0.0129883,35,5.9,-1.29231,0.998101,1,0.49105,0.0148107,0,-0.131443,0.245932,0,0.0125761
0,6,1.00004,-0.0602856,1,0.000458956,-0.2428,0,0.00363588,-0.475706,0,0.0191416,1,6,0.544511,-3,1,-0.371079,0,0,-0.456154,0,0,0.00757578,2,6,1.27724,-1.99917,1,-0.479934,-0.000879169,0,0.167251,-0.00286102,0,0.0109074,3,6,-2.06101,0.655893,1,-0.33868,0.472116,0,-0.927806,-0.175834,0,0.0103241,4,6,-3,-0.710094,1,0,-0.486149,0,0,0.137389,0,0.00922683,5,6,-1.00046,1.78915,1,-0.000110269,0.473475,0,0.00375509,-0.000834465,0,0.0101256,6,6,-1.76656,-1.14379,1,-0.404757,-0.471649,0,0.3286,-0.385404,0,0.0115903,7,6,2.99915,-0.765363,1,-0.00644326,-0.452124,0,-0.00858307,0.262797,0,0.00670669,8,6,-2,2.97506,1,0,-0.163293,0,0,-0.681758,0,0.00876553,9,6,0.827608,1.00002,1,0.5,0.000286102,0,2.98023e-05,0.00154972,0,0.0138942,10,6,0.917636,-1.13868,1,-0.237209,0.356731,0,-0.771016,-0.446618,0,0.0126955,11,6,-0.999817,-2.99973,1,0.000104308,-0.00380278,0,-0.00172853,0.0334978,0,0.00812341,12,6,1.94026,-0.0961822,1,-0.245714,0.315393,0,-0.454843,-0.48675,0,0.0158377,13,6,-1.99339,-0.229293,1,0.103813,0.439233,0,0.859976,-0.289753,0,0.0110052,14,6,-0.470153,-1.8506,1,-0.5,-0.343296,0,0,0.414848,0,0.0100346,15,6,2,1.99963,1,1.78814e-05,0.000500679,0,0,0.00143051,0,0.00704454,16,6,5.81688e-05,2.99993,1,-0.000469599,-0.000184774,0,0.000933002,0.000357628,0,0.00583987,17,6,2.99542,-3,1,0.00452399,0,0,0.0146627,0,0,0.00741403,18,6,-1.05574,-1.28488,1,-0.264823,0.47729,0,-0.846446,-0.211895,0,0.0109072,19,6,-0.0196052,1.13289,1,0.00795797,-0.360399,0,-0.395368,0.442386,0,0.0103809,20,6,-2.99989,-3,1,9.53674e-05,0,0,-0.000715256,0,0,0.0103635,21,6,0.00528794,-2.48847,1,0.0141923,0.473648,0,-0.0218491,0.207543,0,0.00927628,22,6,-0.0605428,-0.878085,1,-0.286486,-0.335574,0,-0.800859,0.462145,0,0.0134751,23,6,-1.99806,1.9766,1,-0.00204146,-0.164953,0,0.0257492,-0.720203,0,0.0112999,24,6,1.00038,2.97555,1,-0.000461936,-0.168008,0,-0.00149012,-0.686288,0,0.00744754,25,6,0.999937,1.97498,1,-0.000467896,-0.158072,0,0.000536442,-0.487983,0,0.0117356,26,6,3,0.284978,1,0,-0.483732,0,0,0.149004,0,0.00521892,27,6,1.97736,3,1,-0.149146,0,0,-0.528455,0,0,0.00792366,28,6,-1.02479,3,1,-0.143856,0,0,-0.527143,0,0,0.00496499,29,6,2.39818,-1.80844,1,-0.5,-0.380492,0,0,0.339985,0,0.0103629,30,6,-0.157708,2.01599,1,0.391459,-0.0291228,0,-0.407473,-0.00858307,0,0.00975972,31,6,-3,3,1,0,0,0,0,0,0,0.00417758,32,6,1.81705,-1.00003,1,0.422287,0.000154972,0,-0.370324,-0.000417233,0,0.00934124,33,6,2.00049,0.939528,1,-0.0028789,-0.24056,0,0.00905991,-0.437826,0,0.0150441,34,6,-0.248174,0.00331658,1,0.461457,0.0424348,0,-0.232875,0.354349,0,0.0149375,35,6,-1.24404,1.00106,1,0.472504,0.0463635,0,-0.238478,0.367582,0,0.0128207
0,6.1,1.0001,-0.0870155,1,0.000830367,-0.292098,0,0.00403821,-0.494109,0,0.0191416,1,6.1,0.506386,-3,1,-0.37997,0,0,0.231367,0,0,0.00757578,2,6.1,1.23071,-1.99927,1,-0.445074,-0.00110436,0,0.505686,-0.00166148,0,0.0109074,3,6.1,-2.09911,0.702094,1,-0.418899,0.450655,0,-0.665337,-0.250366,0,0.0103241,4,6.1,-3,-0.75836,1,0,-0.481941,0,0,-0.0296496,0,0.00922683,5,6.1,-1.00045,1.83663,1,0.000235252,0.477073,0,0.00330061,0.0610948,0,0.0101256,6,6.1,-1.80516,-1.19239,1,-0.365248,-0.495756,0,0.454977,-0.116281,0,0.0115903,7,6.1,2.99848,-0.809925,1,-0.0067275,-0.444708,0,0.00230968,-0.0732504,0,0.00670669,8,6.1,-2,2.95509,1,0,-0.237656,0,0,-0.783071,0,0.00876553,9,6.1,0.877608,1.00005,1,0.5,0.000403635,0,0,0.00103563,0,0.0138942,10,6.1,0.890102,-1.10528,1,-0.312694,0.310967,0,-0.725225,-0.465512,0,0.0126955,11,6.1,-0.999274,-2.99996,1,0.0154309,-0.00105575,0,0.279769,0.0216663,0,0.00812341,12,6.1,1.91352,-0.0671012,1,-0.28778,0.266085,0,-0.378929,-0.49534,0,0.0158377,13,6.1,-1.97844,-0.186968,1,0.19725,0.405893,0,0.982501,-0.372271,0,0.0110052,14,6.1,-0.520152,-1.88313,1,-0.499956,-0.309756,0,0.00174507,0.264637,0,0.0100346,15,6.1,2,1.99968,1,1.69501e-05,0.00060536,0,-2.23517e-05,0.000685453,0,0.00704454,16,6.1,1.59852e-05,2.99992,1,-0.00037331,-0.000140443,0,0.000978946,0.000521541,0,0.00583987,17,6.1,2.99593,-3,1,0.00567771,0,0,0.00850856,0,0,0.00741403,18,6.1,-1.08656,-1.2384,1,-0.351294,0.450561,0,-0.839226,-0.317551,0,0.0109072,19,6.1,-0.0210895,1.09913,1,-0.0401378,-0.314248,0,-0.545424,0.476278,0,0.0103809,20,6.1,-2.99989,-3,1,2.6077e-05,0,0,-0.000655651,0,0,0.0103635,21,6.1,0.00657612,-2.44021,1,0.0113789,0.490146,0,-0.0334041,0.121862,0,0.00927628,22,6.1,-0.0931088,-0.909313,1,-0.363438,-0.288868,0,-0.718005,0.469234,0,0.0134751,23,6.1,-1.99814,1.95628,1,0.000211038,-0.242836,0,0.0194684,-0.811048,0,0.0112999,24,6.1,1.00033,2.95526,1,-0.000571273,-0.238153,0,-0.000737607,-0.702143,0,0.00744754,25,6.1,0.999892,1.9567,1,-0.000433251,-0.207743,0,0,-0.491999,0,0.0117356,26,6.1,3,0.237197,1,0,-0.473146,0,0,0.0733509,0,0.00521892,27,6.1,1.95973,3,1,-0.203786,0,0,-0.54875,0,0,0.00792366,28,6.1,-1.04188,3,1,-0.198466,0,0,-0.549406,0,0,0.00496499,29,6.1,2.3484,-1.84551,1,-0.493411,-0.367097,0,0.127524,-0.0406727,0,0.0103629,30,6.1,-0.120683,2.01307,1,0.348285,-0.0291716,0,-0.45288,0.00710785,0,0.00975972,31,6.1,-3,3,1,0,0,0,0,0,0,0.00417758,32,6.1,1.85732,-1.00002,1,0.381979,0.000116415,0,-0.432819,-0.000365078,0,0.00934124,33,6.1,2.00024,0.913386,1,-0.00192374,-0.281065,0,0.0100732,-0.364896,0,0.0150441,34,6.1,-0.20336,0.00961639,1,0.433249,0.0858857,0,-0.32764,0.494231,0,0.0149375,35,6.1,-1.1982,1.00789,1,0.442163,0.0932196,0,-0.361808,0.548951,0,0.0128207
0,6.2,1.00021,-0.118616,1,0.00130832,-0.33879,0,0.00578165,-0.427548,0,0.0198099,1,6.2,0.470361,-3,1,-0.33339,0,0,0.661328,0,0,0.00757786,2,6.2,1.18912,-1.99938,1,-0.383264,-0.00121891,0,0.710189,-0.000536442,0,0.0120836,3,6.2,-2.14384,0.745805,1,-0.470746,0.422625,0,-0.373125,-0.307411,0,0.0114716,4,6.2,-3,-0.806825,1,0,-0.488159,0,0,-0.0790656,0,0.00906051,5,6.2,-1.00041,1.88466,1,0.000578165,0.483587,0,0.00363588,0.0597835,0,0.0101817,6,6.2,-1.83925,-1.24227,1,-0.31504,-0.5,0,0.543058,0,0,0.0114932,7,6.2,2.99783,-0.855044,1,-0.00608563,-0.459723,0,0.00989437,-0.197738,0,0.00674824,8,6.2,-2,2.9274,1,0,-0.315893,0,0,-0.763774,0,0.0100401,9,6.2,0.927608,1.0001,1,0.5,0.000530481,0,2.98023e-05,0.00178814,0,0.0137859,10,6.2,0.855372,-1.07652,1,-0.380005,0.264218,0,-0.611961,-0.466645,0,0.0136794,11,6.2,-0.99606,-2.99998,1,0.0509858,0.000607967,0,0.409067,0.0122786,0,0.00689293,12,6.2,1.88303,-0.0429551,1,-0.320229,0.217066,0,-0.264943,-0.481692,0,0.0159038,13,6.2,-1.95375,-0.148343,1,0.296813,0.365681,0,0.999987,-0.427682,0,0.0126367,14,6.2,-0.570125,-1.91297,1,-0.499301,-0.288746,0,0.0139475,0.162959,0,0.0123892,15,6.2,2,1.99975,1,1.49012e-05,0.00064075,0,0,0.000119209,0,0.00853183,16,6.2,-1.64703e-05,2.99991,1,-0.000276272,-8.34465e-05,0,0.000951031,0.000596046,0,0.00696125,17,6.2,2.99653,-3,1,0.00624657,0,0,0.00309944,0,0,0.00649899,18,6.2,-1.12559,-1.19507,1,-0.425941,0.414759,0,-0.630081,-0.393748,0,0.0110763,19,6.2,-0.027933,1.07011,1,-0.0973287,-0.265959,0,-0.581536,0.485718,0,0.0179136,20,6.2,-2.99989,-3,1,-3.57628e-05,0,0,-0.000476837,0,0,0.00843765,21,6.2,0.00753494,-2.39073,1,0.00769906,0.498086,0,-0.0393325,0.0382662,0,0.0113705,22,6.2,-0.132777,-0.935861,1,-0.426981,-0.242238,0,-0.541963,0.460982,0,0.0145846,23,6.2,-1.99803,1.92797,1,0.00188649,-0.322607,0,0.0142455,-0.765085,0,0.00963598,24,6.2,1.00027,2.92801,1,-0.000610948,-0.305837,0,-0.000178814,-0.639915,0,0.0102287,25,6.2,0.999847,1.93355,1,-0.000494719,-0.254112,0,-0.00137091,-0.425279,0,0.0140704,26,6.2,3,0.190197,1,0,-0.467141,0,0,0.0553429,0,0.00824133,27,6.2,1.93668,3,1,-0.256148,0,0,-0.486612,0,0,0.00894803,28,6.2,-1.06441,3,1,-0.250983,0,0,-0.489056,0,0,0.00475533,29,6.2,2.29988,-1.88283,1,-0.475317,-0.382957,0,0.230312,-0.251234,0,0.0101912,30,6.2,-0.0881707,2.01021,1,0.301507,-0.0278056,0,-0.479583,0.0197887,0,0.0119143,31,6.2,-3,3,1,0,0,0,0,0,0,0.00443377,32,6.2,1.89327,-1.00001,1,0.336346,8.34465e-05,0,-0.476658,-0.000298023,0,0.0119708,33,6.2,2.0001,0.883626,1,-0.000858307,-0.312297,0,0.0112057,-0.25472,0,0.0132591,34,6.2,-0.161804,0.0207668,1,0.39665,0.137612,0,-0.400774,0.524052,0,0.0193721,35,6.2,-1.15595,1.02011,1,0.401384,0.152388,0,-0.447869,0.617266,0,0.0121004
0,6.3,1.00041,-0.154661,1,0.00311416,-0.382118,0,0.0282153,-0.428333,0,0.0198099,1,6.3,0.440984,-3,1,-0.249266,0,0,0.957666,0,0,0.00757786,2,6.3,1.1549,-1.99951,1,-0.296849,-0.00120942,0,0.963777,0.000946224,0,0.0120836,3,6.3,-2.19233,0.786456,1,-0.494983,0.389695,0,-0.126123,-0.348657,0,0.0114716,4,6.3,-3,-0.856074,1,0,-0.49662,0,0,-0.0690371,0,0.00906051,5,6.3,-1.00034,1.93333,1,0.000888668,0.489707,0,0.00279397,0.0550374,0,0.0101817,6,6.3,-1.86776,-1.29227,1,-0.252684,-0.5,0,0.690341,0,0,0.0114932,7,6.3,2.99728,-0.902073,1,-0.00497252,-0.480796,0,0.0121891,-0.196069,0,0.00674824,8,6.3,-2,2.89216,1,0,-0.38701,0,0,-0.643745,0,0.0100401,9,6.3,0.977605,1.00016,1,0.499887,0.000653788,0,-0.00451505,0.000923872,0,0.0137859,10,6.3,0.814484,-1.0524,1,-0.435626,0.218572,0,-0.484888,-0.444762,0,0.0136794,11,6.3,-0.98823,-2.99987,1,0.111513,0.00149906,0,0.763264,0.00584126,0,0.00689293,12,6.3,1.84977,-0.0236069,1,-0.343852,0.170456,0,-0.201166,-0.448211,0,0.0159038,13,6.3,-1.91929,-0.113959,1,0.389338,0.321634,0,0.819333,-0.45029,0,0.0126367,14,6.3,-0.619926,-1.94135,1,-0.496038,-0.281711,0,0.0547171,-0.00741333,0,0.0123892,15,6.3,2,1.99981,1,1.39698e-05,0.000627711,0,-2.23517e-05,-0.000357628,0,0.00853183,16,6.3,-3.94755e-05,2.9999,1,-0.000185327,-2.57045e-05,0,0.000861471,0.000551343,0,0.00696125,17,6.3,2.99717,-3,1,0.00630729,0,0,-0.00168383,0,0,0.00649899,18,6.3,-1.17084,-1.15564,1,-0.473978,0.373025,0,-0.334606,-0.437342,0,0.0110763,19,6.3,-0.0406913,1.04593,1,-0.158563,-0.217898,0,-0.625561,0.472374,0,0.0179136,20,6.3,-2.99989,-3,1,-7.82311e-05,0,0,-0.00038743,0,0,0.00843765,21,6.3,0.00810493,-2.34083,1,0.00368568,0.498623,0,-0.0402501,-0.0315309,0,0.0113705,22,6.3,-0.177841,-0.957835,1,-0.470745,-0.1978,0,-0.330073,0.427056,0,0.0145846,23,6.3,-1.99779,1.89192,1,0.0028301,-0.397074,0,0.00503659,-0.690572,0,0.00963598,24,6.3,1.0002,2.89429,1,-0.000605546,-0.367656,0,0.00026077,-0.586092,0,0.0102287,25,6.3,0.999789,1.90611,1,-0.000667479,-0.293522,0,-0.002224,-0.355266,0,0.0140704,26,6.3,3,0.143476,1,0,-0.469586,0,0,-0.083771,0,0.00824133,27,6.3,1.90863,3,1,-0.304389,0,0,-0.464872,0,0,0.00894803,28,6.3,-1.09192,3,1,-0.298851,0,0,-0.459246,0,0,0.00475533,29,6.3,2.25365,-1.92285,1,-0.44785,-0.420464,0,0.314951,-0.443347,0,0.0101912,30,6.3,-0.0604385,2.00754,1,0.253025,-0.0253312,0,-0.486386,0.0291169,0,0.0119143,31,6.3,-3,3,1,0,0,0,0,0,0,0.00443377,32,6.3,1.92447,-1,1,0.287327,5.6345e-05,0,-0.499539,-0.000242144,0,0.0119708,33,6.3,2.00007,0.851268,1,0.000191107,-0.333315,0,0.00993907,-0.162162,0,0.0132591,34,6.3,-0.124249,0.0371941,1,0.353494,0.191036,0,-0.457411,0.530452,0,0.0193721,35,6.3,-1.11815,1.03863,1,0.353846,0.219534,0,-0.497833,0.70674,0,0.0121004
0,6.4,1.00089,-0.194941,1,0.00656247,-0.422546,0,0.0389814,-0.371828,0,0.0195383,1,6.4,0.420973,-3,1,-0.150324,0,0,0.999987,0,0,0.00874922,2,6.4,1.13015,-1.99962,1,-0.197753,-0.000992417,0,0.999987,0.00363588,0,0.0127359,3,6.4,-2.24219,0.823632,1,-0.5,0.353377,0,0,-0.37539,0,0.0112437,4,6.4,-3,-0.905964,1,0,-0.500001,0,0,2.98023e-05,0,0.00642625,5,6.4,-1.00023,1.98252,1,0.00117719,0.493255,0,0.00309944,0.0101924,0,0.00972253,6,6.4,-1.88943,-1.34227,1,-0.179526,-0.500003,0,0.761032,5.96046e-05,0,0.011002,7,6.4,2.99684,-0.950976,1,-0.00368357,-0.495476,0,0.0134706,-0.0904799,0,0.00600695,8,6.4,-2,2.85053,1,0,-0.442487,0,0,-0.459075,0,0.00961886,9,6.4,1.02754,1.00023,1,0.498196,0.000759959,0,-0.03618,0.00137091,0,0.0151621,10,6.4,0.768798,-1.03272,1,-0.474954,0.175545,0,-0.29701,-0.41455,0,0.0105495,11,6.4,-0.97294,-2.99969,1,0.196724,0.00182986,0,0.910014,0.00119209,0,0.00571168,12,6.4,1.81453,-0.00873082,1,-0.359401,0.127827,0,-0.1055,-0.402644,0,0.0151668,13,6.4,-1.87674,-0.0840632,1,0.456455,0.276181,0,0.511944,-0.456166,0,0.0126513,14,6.4,-0.669165,-1.96974,1,-0.487779,-0.287503,0,0.112891,-0.0959635,0,0.0112714,15,6.4,2,1.99987,1,1.19209e-05,0.000575185,0,0,-0.000655651,0,0.0085091,16,6.4,-5.38925e-05,2.9999,1,-0.00010504,2.38419e-05,0,0.000740032,0.000596046,0,0.00758139,17,6.4,2.99778,-3,1,0.00594854,0,0,-0.005126,0,0,0.00704953,18,6.4,-1.21948,-1.12057,1,-0.494933,0.327966,0,-0.101388,-0.460684,0,0.00939103,19,6.4,-0.0596273,1.02646,1,-0.219328,-0.172049,0,-0.576217,0.442147,0,0.018105,20,6.4,-2.9999,-3,1,-0.000113249,0,0,-0.000119209,0,0,0.00957421,21,6.4,0.00827546,-2.29127,1,-0.000229292,0.491065,0,-0.0375169,-0.122786,0,0.00976166,22,6.4,-0.226217,-0.975541,1,-0.493434,-0.156954,0,-0.13133,0.389338,0,0.0114823,23,6.4,-1.9975,1.84909,1,0.00297129,-0.455791,0,-0.00184774,-0.468135,0,0.00913596,24,6.4,1.00015,2.85475,1,-0.000563264,-0.421232,0,0.000596046,-0.477552,0,0.00958974,25,6.4,0.999709,1.87515,1,-0.000962615,-0.32388,0,-0.00375509,-0.246584,0,0.0155282,26,6.4,3,0.0960036,1,0,-0.480455,0,0,-0.119691,0,0.00745775,27,6.4,1.876,3,1,-0.346807,0,0,-0.373721,0,0,0.00527634,28,6.4,-1.12399,3,1,-0.341231,0,0,-0.381231,0,0,0.00633522,29,6.4,2.21055,-1.96707,1,-0.413102,-0.462866,0,0.376344,-0.372648,0,0.010844,30,6.4,-0.0375533,2.00517,1,0.204905,-0.0220954,0,-0.472939,0.0349283,0,0.0117882,31,6.4,-3,3,1,0,0,0,0,0,0,0.00498118,32,6.4,1.9507,-0.999996,1,0.237218,3.42727e-05,0,-0.49895,-0.000208616,0,0.0105208,33,6.4,2.00014,0.817302,1,0.00115633,-0.344191,0,0.00929832,-0.0534356,0,0.0142287,34,6.4,-0.091246,0.0588647,1,0.306091,0.241251,0,-0.486344,0.463309,0,0.0126445,35,6.4,-1.0853,1.06414,1,0.302756,0.29031,0,-0.519514,0.6935,0,0.0104838
0,6.5,1.0017,-0.238992,1,0.00926461,-0.457473,0,0.0160411,-0.313017,0,0.0195383,1,6.5,0.410941,-3,1,-0.0503242,0,0,0.999998,0,0,0.00874922,2,6.5,1.11537,-1.99966,1,-0.0977539,0.000411458,0,1,0.0231639,0,0.0127359,3,6.5,-2.29219,0.857068,1,-0.5,0.31515,0,0,-0.387274,0,0.0112437,4,6.5,-3,-0.955964,1,0,-0.5,0,0,-3.72529e-06,0,0.00642625,5,6.5,-1.0001,2.03189,1,0.00141971,0.494165,0,0.00201166,0.00145286,0,0.00972253,6,6.5,-1.90351,-1.39227,1,-0.101796,-0.5,0,0.784226,7.45058e-06,0,0.011002,7,6.5,2.99654,-1.0008,1,-0.00235401,-0.499717,0,0.0130385,-0.01131,0,0.00600695,8,6.5,-2,2.80431,1,0,-0.478524,0,0,-0.260875,0,0.00961886,9,6.5,1.0771,1.00031,1,0.492272,0.000826269,0,-0.0851005,0.000208616,0,0.0151621,10,6.5,0.720138,-1.01717,1,-0.495162,0.136279,0,-0.113599,-0.370495,0,0.0105495,11,6.5,-0.94858,-2.99951,1,0.291012,0.00182651,0,0.942379,-0.00114739,0,0.00571168,12,6.5,1.7779,0.00212541,1,-0.374352,0.0901883,0,-0.177652,-0.349261,0,0.0151668,13,6.5,-1.82909,-0.0587,1,0.491298,0.23138,0,0.197999,-0.438449,0,0.0126513,14,6.5,-0.717211,-1.99928,1,-0.471515,-0.305947,0,0.209726,-0.255078,0,0.0112714,15,6.5,2,1.99993,1,1.15484e-05,0.00049863,0,-1.49012e-05,-0.000856817,0,0.0085091,16,6.5,-6.09341e-05,2.99991,1,-3.8193e-05,7.45058e-05,0,0.000596138,0.000417233,0,0.00758139,17,6.5,2.99835,-3,1,0.00529587,0,0,-0.0077188,0,0,0.00704953,18,6.5,-1.26928,-1.09009,1,-0.499684,0.281697,0,-0.0126511,-0.462264,0,0.00939103,19,6.5,-0.0844692,1.01139,1,-0.277393,-0.130033,0,-0.569626,0.396676,0,0.018105,20,6.5,-2.99991,-3,1,-0.000122935,0,0,-5.96046e-05,0,0,0.00957421,21,6.5,0.00807585,-2.24299,1,-0.00365014,0.472459,0,-0.0307622,-0.246033,0,0.00976166,22,6.5,-0.275962,-0.989361,1,-0.49959,-0.12017,0,-0.0164127,0.346143,0,0.0114823,23,6.5,-1.99721,1.80164,1,0.0025874,-0.488742,0,-0.00559539,-0.200413,0,0.00913596,24,6.5,1.00009,2.81049,1,-0.000494346,-0.46158,0,0.00077486,-0.328377,0,0.00958974,25,6.5,0.999596,1.84167,1,-0.00130003,-0.344255,0,-0.00320002,-0.157125,0,0.0155282,26,6.5,3,0.0473668,1,0,-0.491867,0,0,-0.0960799,0,0.00745775,27,6.5,1.83956,3,1,-0.380718,0,0,-0.299327,0,0,0.00527634,28,6.5,-1.16002,3,1,-0.379187,0,0,-0.372507,0,0,0.00633522,29,6.5,2.17119,-2.0149,1,-0.373549,-0.490379,0,0.411853,-0.175327,0,0.010844,30,6.5,-0.0193807,2.00314,1,0.15908,-0.0184443,0,-0.441086,0.0376254,0,0.0117882,31,6.5,-3,3,1,0,0,0,0,0,0,0.00498118,32,6.5,1.97196,-0.999994,1,0.188282,1.61119e-05,0,-0.476643,-0.000152737,0,0.0105208,33,6.5,2.0003,0.782712,1,0.00191778,-0.346591,0,0.00619888,0.00826642,0,0.0142287,34,6.5,-0.0630859,0.0852099,1,0.257039,0.284479,0,-0.490807,0.393131,0,0.0126445,35,6.5,-1.05762,1.09657,1,0.251136,0.357313,0,-0.509962,0.634916,0,0.0104838
0,6.6,1.00267,-0.286125,1,0.00995398,-0.48326,0,-0.0013113,-0.197485,0,0.0155705,1,6.6,0.410908,-3,1,0.049676,0,0,0.999987,0,0,0.00777037,2,6.6,1.1106,-1.99948,1,0.0022471,0.00339746,0,0.999987,0.0354052,0,0.0102449,3,6.6,-2.34219,0.88664,1,-0.5,0.276276,0,0,-0.388563,0,0.0105521,4,6.6,-3,-1.00596,1,0,-0.5,0,0,0,0,0.00918399,5,6.6,-0.999951,2.08126,1,0.00163019,0.492394,0,0.00238419,-0.0419617,0,0.00945877,6,6.6,-1.9098,-1.44227,1,-0.0243962,-0.500003,0,0.755966,5.96046e-05,0,0.011159,7,6.6,2.99637,-1.0508,1,-0.00109076,-0.5,0,0.0122786,0,0,0.00700631,8,6.6,-2,2.75546,1,0,-0.495541,0,0,-0.0891685,0,0.00923548,9,6.6,1.1258,1.00039,1,0.480711,0.000840425,0,-0.147879,0.000357628,0,0.0119698,10,6.6,0.670284,-1.00532,1,-0.5,0.10148,0,-2.98023e-05,-0.325233,0,0.0112358,11,6.6,-0.91495,-2.99934,1,0.379024,0.00162721,0,0.789493,-0.00298023,0,0.0088606,12,6.6,1.73956,0.00949235,1,-0.39213,0.0581071,0,-0.165641,-0.291898,0,0.0162337,13,6.6,-1.77936,-0.0377147,1,0.499952,0.188752,0,0.00101328,-0.412901,0,0.0110449,14,6.6,-0.763172,-2.03129,1,-0.44637,-0.335264,0,0.290513,-0.316381,0,0.0111504,15,6.6,2,1.99997,1,5.96046e-06,0.000408292,0,0.000119209,-0.000953674,0,0.00887294,16,6.6,-6.20154e-05,2.99991,1,1.41486e-05,0.000113249,0,0.000451086,0.000119209,0,0.00770356,17,6.6,2.99883,-3,1,0.00444651,0,0,-0.00905991,0,0,0.00570014,18,6.6,-1.31928,-1.06421,1,-0.500003,0.235966,0,5.96046e-05,-0.450313,0,0.0101074,19,6.6,-0.11494,1.00028,1,-0.330552,-0.0929624,0,-0.481982,0.34371,0,0.0155171,20,6.6,-2.99993,-3,1,-0.00012517,0,0,-0.000119209,0,0,0.010474,21,6.6,0.00756915,-2.19716,1,-0.00636097,0.442535,0,-0.0233848,-0.348806,0,0.0100808,22,6.6,-0.325954,-0.999721,1,-0.5,-0.0877514,0,1.43051e-05,0.302106,0,0.0111683,23,6.6,-1.99699,1.75211,1,0.00189543,-0.498873,0,-0.00810623,-0.0225306,0,0.00870735,24,6.6,1.00005,2.76294,1,-0.000411272,-0.486922,0,0.00077486,-0.179648,0,0.00882909,25,6.6,0.999449,1.80663,1,-0.00163764,-0.354707,0,-0.00369549,-0.0497699,0,0.0127014,26,6.6,3,-0.00219782,1,0,-0.498353,0,0,-0.0329369,0,0.00983319,27,6.6,1.80015,3,1,-0.405785,0,0,-0.198185,0,0,0.0056218,28,6.6,-1.19975,3,1,-0.414738,0,0,-0.334024,0,0,0.00544228,29,6.6,2.13594,-2.06451,1,-0.331283,-0.499195,0,0.431061,-0.0160933,0,0.0105152,30,6.6,-0.00560822,2.00148,1,0.117114,-0.0146627,0,-0.396421,0.0376701,0,0.0116803,31,6.6,-3,3,1,0,0,0,0,0,0,0.00371063,32,6.6,1.98846,-0.999993,1,0.14244,2.98023e-06,0,-0.437796,-0.000119209,0,0.0100323,33,6.6,2.00051,0.748214,1,0.00244975,-0.342101,0,0.00452995,0.0831485,0,0.0158012,34,6.6,-0.0398162,0.115452,1,0.208637,0.318502,0,-0.474041,0.281684,0,0.017601,35,6.6,-1.03502,1.1353,1,0.201297,0.415325,0,-0.484467,0.517428,0,0.0108783
0,6.7,1.00364,-0.335227,1,0.00920501,-0.496736,0,-0.0129715,-0.0761838,0,0.0155705,1,6.7,0.420876,-3,1,0.149675,0,0,0.999998,0,0,0.00777037,2,6.7,1.11582,-1.999,1,0.102247,0.00591557,0,1,0.0158325,0,0.0102449,3,6.7,-2.39219,0.912338,1,-0.5,0.237855,0,0,-0.378579,0,0.0105521,4,6.7,-3,-1.05596,1,0,-0.5,0,0,0,0,0.00918399,5,6.7,-0.999781,2.13043,1,0.00172937,0.492162,0,1.86265e-05,0.0260621,0,0.00945877,6,6.7,-1.90849,-1.49227,1,0.0499148,-0.5,0,0.723273,7.45058e-06,0,0.011159,7,6.7,2.99632,-1.1008,1,6.44475e-05,-0.5,0,0.0108033,0,0,0.00700631,8,6.7,-2,2.70564,1,0,-0.499721,0,0,-0.0111461,0,0.00923548,9,6.7,1.17313,1.00048,1,0.465752,0.000794604,0,-0.157468,-0.000998378,0,0.0119698,10,6.7,0.620284,-0.996708,1,-0.5,0.0715237,0,0,-0.274442,0,0.0112358,11,6.7,-0.873501,-2.99919,1,0.445611,0.00129268,0,0.530675,-0.00363588,0,0.0088606,12,6.7,1.6992,0.0139545,1,-0.417532,0.0322076,0,-0.312999,-0.227536,0,0.0162337,13,6.7,-1.72936,-0.0208473,1,0.499997,0.149182,0,0.000104308,-0.377788,0,0.0110449,14,6.7,-0.806231,-2.06657,1,-0.413631,-0.371717,0,0.36056,-0.396028,0,0.0111504,15,6.7,2,2.00001,1,1.41561e-05,0.000312366,0,2.98023e-05,-0.000946224,0,0.00887294,16,6.7,-5.85856e-05,2.99993,1,5.21038e-05,0.000121444,0,0.000310538,2.98023e-05,0,0.00770356,17,6.7,2.99923,-3,1,0.00351295,0,0,-0.00944734,0,0,0.00570014,18,6.7,-1.36928,-1.04282,1,-0.5,0.192414,0,7.45058e-06,-0.419699,0,0.0101074,19,6.7,-0.150296,0.992606,1,-0.375327,-0.0616021,0,-0.407192,0.283863,0,0.0155171,20,6.7,-2.99994,-3,1,-0.000130385,0,0,0,0,0,0.010474,21,6.7,0.00682854,-2.15478,1,-0.00832642,0.403687,0,-0.0159093,-0.424922,0,0.0100808,22,6.7,-0.375954,-1.00707,1,-0.5,-0.0600279,0,0,0.252951,0,0.0111683,23,6.7,-1.99684,1.70216,1,0.00102352,-0.499929,0,-0.00918657,-0.00281632,0,0.00870735,24,6.7,1.00001,2.71359,1,-0.000331551,-0.497991,0,0.000804663,-0.0518262,0,0.00882909,25,6.7,0.99927,1.77103,1,-0.00191703,-0.356126,0,-0.00213832,0.0233576,0,0.0127014,26,6.7,3,-0.052134,1,0,-0.499897,0,0,-0.00411667,0,0.00983319,27,6.7,1.75858,3,1,-0.42553,0,0,-0.188395,0,0,0.0056218,28,6.7,-1.24291,3,1,-0.448237,0,0,-0.319108,0,0,0.00544228,29,6.7,2.10497,-2.11448,1,-0.288042,-0.499949,0,0.431851,-0.00201166,0,0.0105152,30,6.7,0.00421033,2.0002,1,0.0801712,-0.0109933,0,-0.341586,0.035435,0,0.0116803,31,6.7,-3,3,1,0,0,0,0,0,0,0.00371063,32,6.7,2.0006,-0.999993,1,0.101214,-6.70552e-06,0,-0.385381,-7.45058e-05,0,0.0100323,33,6.7,2.00077,0.714305,1,0.00260174,-0.336992,0,-0.000953674,0.0291802,0,0.0158012,34,6.7,-0.0212687,0.148613,1,0.162906,0.343585,0,-0.438434,0.21369,0,0.017601,35,6.7,-1.01723,1.17913,1,0.155104,0.458533,0,-0.4384,0.346787,0,0.0108783
0,6.8,1.00448,-0.385128,1,0.00749528,-0.5,0,-0.0206828,-1.43051e-05,0,0.0131113,1,6.8,0.440843,-3,1,0.249676,0,0,0.999987,0,0,0.00644665,2,6.8,1.13105,-1.99836,1,0.202248,0.00672936,0,0.999987,0.00113249,0,0.0114584,3,6.8,-2.44219,0.934257,1,-0.5,0.200799,0,0,-0.361413,0,0.00947068,4,6.8,-3,-1.10596,1,0,-0.500003,0,0,5.96046e-05,0,0.00855714,5,6.8,-0.999609,2.17982,1,0.00170916,0.495774,0,-5.96046e-05,0.0388622,0,0.00779618,6,6.8,-1.89999,-1.54227,1,0.118995,-0.500003,0,0.652671,5.96046e-05,0,0.0108097,7,6.8,2.99638,-1.1508,1,0.00106692,-0.500003,0,0.00917912,5.96046e-05,0,0.00895292,8,6.8,-2,2.65564,1,0,-0.5,0,0,0,0,0.0101628,9,6.8,1.21886,1.00055,1,0.448173,0.000685453,0,-0.198543,-0.00089407,0,0.0119097,10,6.8,0.570284,-0.990848,1,-0.5,0.0464797,0,-2.98023e-05,-0.226974,0,0.0114373,11,6.8,-0.826763,-2.99908,1,0.484471,0.000911951,0,0.251204,-0.00405312,0,0.00727052,12,6.8,1.65583,0.0161342,1,-0.449824,0.0123197,0,-0.313342,-0.171584,0,0.0137897,13,6.8,-1.67936,-0.00775457,1,0.500003,0.11332,0,-5.96046e-05,-0.338929,0,0.0146374,14,6.8,-0.845701,-2.10574,1,-0.374968,-0.411582,0,0.409335,-0.389218,0,0.0117069,15,6.8,2.00001,2.00003,1,1.78814e-05,0.000220537,0,-0.000119209,-0.000953674,0,0.00852299,16,6.8,-5.2037e-05,2.99994,1,7.67945e-05,0.00012517,0,0.000186135,-0.000119209,0,0.00809876,17,6.8,2.99954,-3,1,0.00258684,0,0,-0.00905991,0,0,0.0063441,18,6.8,-1.41928,-1.02562,1,-0.500003,0.152206,0,5.96046e-05,-0.383615,0,0.00959263,19,6.8,-0.189697,0.987769,1,-0.410895,-0.036104,0,-0.299543,0.226617,0,0.0175505,20,6.8,-2.99995,-3,1,-0.00013113,0,0,0.000238419,0,0,0.00756921,21,6.8,0.00592874,-2.11664,1,-0.00954684,0.35823,0,-0.0085542,-0.480771,0,0.0110569,22,6.8,-0.425954,-1.01188,1,-0.5,-0.0370443,0,1.43051e-05,0.207365,0,0.0104608,23,6.8,-1.99679,1.65216,1,8.9407e-05,-0.500003,0,-0.00947714,5.96046e-05,0,0.00805495,24,6.8,0.999982,2.66366,1,-0.00025183,-0.499457,0,0.000804663,0.0107288,0,0.00949327,25,6.8,0.999069,1.73566,1,-0.00210702,-0.349757,0,-0.00190735,0.104785,0,0.0121097,26,6.8,3,-0.102132,1,0,-0.5,0,0,0,0,0.00927958,27,6.8,1.71515,3,1,-0.441989,0,0,-0.134349,0,0,0.0087896,28,6.8,-1.2892,3,1,-0.476021,0,0,-0.228167,0,0,0.00573363,29,6.8,2.07831,-2.16448,1,-0.245273,-0.5,0,0.422001,0,0,0.00905517,30,6.8,0.0106161,1.99927,1,0.0489191,-0.00762045,0,-0.283094,0.0317097,0,0.0122468,31,6.8,-3,3,1,0,0,0,0,0,0,0.00468208,32,6.8,2.00889,-0.999994,1,0.065583,-1.3411e-05,0,-0.326395,0,0,0.00960556,33,6.8,2.00102,0.680731,1,0.00235438,-0.334471,0,-0.00357628,0.0289679,0,0.0166106,34,6.8,-0.00709636,0.183885,1,0.121322,0.360194,0,-0.391656,0.114307,0,0.0156952,35,6.8,-1.00383,1.22645,1,0.113784,0.485083,0,-0.387281,0.188172,0,0.0104393
0,6.9,1.00512,-0.435128,1,0.00529476,-0.5,0,-0.0230074,1.78814e-06,0,0.0131113,1,6.9,0.470532,-3,1,0.341086,0,0,0.819433,0,0,0.00644665,2,6.9,1.15624,-1.99769,1,0.301127,0.00644103,0,0.961997,-0.00649691,0,0.0114584,3,6.9,-2.49219,0.952569,1,-0.5,0.165865,0,0,-0.336509,0,0.00947068,4,6.9,-3,-1.15596,1,0,-0.5,0,0,7.45058e-06,0,0.00855714,5,6.9,-0.999442,2.22957,1,0.00160998,0.499078,0,-0.00182912,0.0219941,0,0.00779618,6,6.9,-1.88473,-1.59218,1,0.186827,-0.497066,0,0.692099,0.0598282,0,0.0108097,7,6.9,2.99653,-1.2008,1,0.00188053,-0.5,0,0.00712276,7.45058e-06,0,0.00895292,8,6.9,-2,2.60564,1,0,-0.5,0,0,0,0,0.0101628,9,6.9,1.26275,1.00061,1,0.43002,0.000543706,0,-0.172168,-0.00170618,0,0.0119097,10,6.9,0.520284,-0.987259,1,-0.5,0.0260312,0,2.08616e-06,-0.182621,0,0.0114373,11,6.9,-0.777461,-2.99901,1,0.498287,0.000516325,0,0.0536703,-0.0038445,0,0.00727052,12,6.9,1.60945,0.0165938,1,-0.476218,-0.00230705,0,-0.212215,-0.122358,0,0.0137897,13,6.9,-1.62936,0.00196283,1,0.5,0.0818224,0,-7.45058e-06,-0.291301,0,0.0146374,14,6.9,-0.881086,-2.14887,1,-0.332171,-0.450579,0,0.443209,-0.365511,0,0.0117069,15,6.9,2.00001,2.00005,1,7.45058e-06,0.000132248,0,-8.9407e-05,-0.000819564,0,0.00852299,16,6.9,-4.3613e-05,2.99995,1,8.99204e-05,0.000113249,0,8.01433e-05,-0.000119209,0,0.00809876,17,6.9,2.99975,-3,1,0.00173897,0,0,-0.00783801,0,0,0.0063441,18,6.9,-1.46928,-1.01225,1,-0.5,0.115917,0,7.45058e-06,-0.341699,0,0.00959263,19,6.9,-0.232312,0.985201,1,-0.44142,-0.0161344,0,-0.300474,0.173599,0,0.0175505,20,6.9,-2.99996,-3,1,-0.000108778,0,0,0.000208616,0,0,0.00756921,21,6.9,0.00494322,-2.08329,1,-0.0100491,0.308279,0,-0.00168744,-0.513613,0,0.0110569,22,6.9,-0.475954,-1.01462,1,-0.5,-0.0184579,0,1.78814e-06,0.164993,0,0.0104608,23,6.9,-1.99682,1.60216,1,-0.000804849,-0.5,0,-0.008367,7.45058e-06,0,0.00805495,24,6.9,0.99996,2.61386,1,-0.000175275,-0.495738,0,0.000730157,0.0664592,0,0.00949327,25,6.9,0.998854,1.70127,1,-0.00213981,-0.337582,0,0.000908971,0.140756,0,0.0121097,26,6.9,3,-0.152132,1,0,-0.5,0,0,4.47035e-07,0,0.00927958,27,6.9,1.67017,3,1,-0.458529,0,0,-0.183977,0,0,0.0087896,28,6.9,-1.33774,3,1,-0.492845,0,0,-0.109851,0,0,0.00573363,29,6.9,2.05585,-2.21448,1,-0.204319,-0.5,0,0.396281,0,0,0.00905517,30,6.9,0.0141935,1.99866,1,0.0236295,-0.00468157,0,-0.223148,0.026986,0,0.0122468,31,6.9,-3,3,1,0,0,0,0,0,0,0.00468208,32,6.9,2.01392,-0.999995,1,0.0360914,-1.29454e-05,0,-0.263602,1.11759e-05,0,0.00960556,33,6.9,2.00124,0.646933,1,0.00190735,-0.345835,0,-0.00521541,-0.231534,0,0.0166106,34,6.9,0.00316525,0.220497,1,0.0848047,0.371993,0,-0.337995,0.112156,0,0.0156952,35,6.9,-0.99428,1.27567,1,0.0783514,0.497311,0,-0.322253,0.0648424,0,0.0104393
0,7,1.00554,-0.485128,1,0.00295639,-0.5,0,-0.0235438,1.43051e-05,0,0.0125181,1,7,0.508385,-3,1,0.412321,0,0,0.601619,0,0,0.00743748,2,7,1.19094,-1.99709,1,0.389764,0.00550747,0,0.777423,-0.0118017,0,0.0104858,3,7,-2.54219,0.96752,1,-0.5,0.133635,0,0,-0.30753,0,0.00998232,4,7,-3,-1.20596,1,0,-0.500003,0,0,5.96046e-05,0,0.00723141,5,7,-0.999292,2.27955,1,0.00136197,0.5,0,-0.00306964,0,0,0.00791692,6,7,-1.86261,-1.64148,1,0.255236,-0.487855,0,0.666261,0.12511,0,0.0115908,7,7,2.99675,-1.2508,1,0.0025034,-0.500003,0,0.005126,5.96046e-05,0,0.0072224,8,7,-2,2.55564,1,0,-0.5,0,0,0,0,0.00912078,9,7,1.30488,1.00066,1,0.412416,0.00039041,0,-0.185549,-0.0012517,0,0.0139596,10,7,0.470284,-0.9855,1,-0.5,0.00982881,0,1.43051e-05,-0.142068,0,0.0119123,11,7,-0.727503,-2.99897,1,0.5,0.000149012,0,2.98023e-05,-0.00345707,0,0.0069369,12,7,1.56094,0.0158231,1,-0.492221,-0.0124227,0,-0.109673,-0.0812551,0,0.0102281,13,7,-1.57936,0.00876565,1,0.500003,0.0549965,0,-5.96046e-05,-0.245561,0,0.0130886,14,7,-0.912055,-2.19557,1,-0.286968,-0.481093,0,0.457793,-0.234365,0,0.00882589,15,7,2.00001,2.00006,1,0,5.36442e-05,0,0,-0.000596046,0,0.00759283,16,7,-3.43692e-05,2.99996,1,9.35556e-05,9.53674e-05,0,-3.87081e-06,0,0,0.00646874,17,7,2.99989,-3,1,0.00103116,0,0,-0.00619888,0,0,0.00700742,18,7,-1.51928,-1.00229,1,-0.500003,0.0839397,0,5.96046e-05,-0.297576,0,0.00987261,19,7,-0.277886,0.984373,1,-0.469143,-0.00121742,0,-0.246018,0.125617,0,0.0217505,20,7,-2.99997,-3,1,-8.9407e-05,0,0,0.000238419,0,0,0.00543525,21,7,0.00393983,-2.05505,1,-0.00992435,0.256371,0,0.00397814,-0.520229,0,0.010435,22,7,-0.525954,-1.01571,1,-0.500001,-0.00391603,0,2.98023e-05,0.126481,0,0.009915,23,7,-1.99694,1.55216,1,-0.00157654,-0.500003,0,-0.00715256,5.96046e-05,0,0.0100991,24,7,0.999946,2.56473,1,-0.000107288,-0.4857,0,0.000625849,0.136137,0,0.00913064,25,7,0.998647,1.66828,1,-0.00198483,-0.32129,0,0.00190735,0.186145,0,0.010673,26,7,3,-0.202132,1,0,-0.5,0,0,0,0,0.00971339,27,7,1.6234,3,1,-0.476542,0,0,-0.166416,0,0,0.00759718,28,7,-1.38741,3,1,-0.498965,0,0,-0.0206828,0,0,0.00559929,29,7,2.03735,-2.26448,1,-0.166166,-0.5,0,0.366092,0,0,0.00802989,30,7,0.0155366,1.99832,1,0.0041747,-0.00223517,0,-0.166645,0.0218749,0,0.00981697,31,7,-3,3,1,0,0,0,0,0,0,0.00443868,32,7,2.01632,-0.999997,1,0.0127971,-1.19209e-05,0,-0.202775,0,0,0.00892829,33,7,2.0014,0.61093,1,0.00133514,-0.376321,0,-0.00619888,-0.358284,0,0.0120525,34,7,0.0100495,0.258188,1,0.053827,0.380976,0,-0.281225,0.0604987,0,0.0175974,35,7,-0.987955,1.32559,1,0.049153,0.5,0,-0.262558,0,0,0.0131264
0,7.1,1.00571,-0.535128,1,0.000656769,-0.5,0,-0.0222325,-5.66244e-06,0,0.0125181,1,7.1,0.552234,-3,1,0.460882,0,0,0.374246,0,0,0.00743748,2,7.1,1.2333,-1.9966,1,0.452452,0.00421461,0,0.478111,-0.0138506,0,0.0104858,3,7.1,-2.59217,0.979403,1,-0.499359,0.104614,0,0.0186712,-0.272777,0,0.00998232,4,7.1,-3,-1.25596,1,0,-0.5,0,0,7.45058e-06,0,0.00723141,5,7.1,-0.999172,2.32955,1,0.00102017,0.5,0,-0.00369549,0,0,0.00791692,6,7.1,-1.83355,-1.68947,1,0.327102,-0.470436,0,0.736795,0.219703,0,0.0115908,7,7.1,2.99702,-1.3008,1,0.00292994,-0.5,0,0.00344217,7.45058e-06,0,0.0072224,8,7.1,-2,2.50564,1,0,-0.5,0,0,0,0,0.00912078,9,7.1,1.34577,1.00069,1,0.410143,0.00024084,0,0.109412,-0.00170618,0,0.0139596,10,7.1,0.420287,-0.98516,1,-0.499869,-0.00239424,0,0.00509799,-0.103354,0,0.0119123,11,7.1,-0.677503,-2.99898,1,0.5,-0.000176206,0,0,-0.00302494,0,0.0069369,12,7.1,1.51132,0.0142327,1,-0.49894,-0.0188311,0,-0.0309199,-0.0480589,0,0.0102281,13,7.1,-1.52936,0.0131121,1,0.5,0.0326691,0,-7.45058e-06,-0.201429,0,0.0130886,14,7.1,-0.938479,-2.24458,1,-0.241704,-0.496605,0,0.445787,-0.0832081,0,0.00882589,15,7.1,2.00001,2.00006,1,-3.72529e-07,7.45058e-07,0,-1.49012e-05,-0.000476837,0,0.00759283,16,7.1,-2.51455e-05,2.99997,1,8.98808e-05,9.05246e-05,0,-6.60537e-05,-7.45058e-05,0,0.00646874,17,7.1,2.99997,-3,1,0.000495464,0,0,-0.00450015,0,0,0.00700742,18,7.1,-1.56928,-0.995302,1,-0.499924,0.0566821,0,0.00304729,-0.248048,0,0.00987261,19,7.1,-0.325862,0.98481,1,-0.488623,0.00927942,0,-0.141384,0.0855513,0,0.0217505,20,7.1,-2.99998,-3,1,-6.78003e-05,0,0,0.000178814,0,0,0.00543525,21,7.1,0.00297518,-2.03199,1,-0.00929583,0.205051,0,0.00834814,-0.502646,0,0.010435,22,7.1,-0.575952,-1.01553,1,-0.499895,0.00685956,0,0.00420213,0.0899658,0,0.009915,23,7.1,-1.99713,1.50216,1,-0.00221692,-0.5,0,-0.00563264,7.45058e-06,0,0.0100991,24,7.1,0.999939,2.51684,1,-4.75906e-05,-0.471849,0,0.000562519,0.147492,0,0.00913064,25,7.1,0.998463,1.63702,1,-0.00164723,-0.304577,0,0.00448152,0.153907,0,0.010673,26,7.1,3,-0.252132,1,0,-0.5,0,0,8.9407e-07,0,0.00971339,27,7.1,1.57502,3,1,-0.490125,0,0,-0.104263,0,0,0.00759718,28,7.1,-1.43737,3,1,-0.499935,0,0,-0.00258535,0,0,0.00559929,29,7.1,2.02251,-2.31448,1,-0.13134,-0.5,0,0.33012,0,0,0.00802989,30,7.1,0.0152101,1.9982,1,-0.00984202,-0.000311248,0,-0.11488,0.016652,0,0.00981697,31,7.1,-3,3,1,0,0,0,0,0,0,0.00443868,32,7.1,2.01668,-0.999998,1,-0.00455901,-1.14553e-05,0,-0.145465,1.11759e-05,0,0.00892829,33,7.1,2.0015,0.571494,1,0.000719354,-0.412298,0,-0.00606477,-0.35201,0,0.0120525,34,7.1,0.0141309,0.296729,1,0.0288256,0.390943,0,-0.219734,0.127446,0,0.0175974,35,7.1,-0.984253,1.37559,1,0.0258412,0.5,0,-0.204928,0,0,0.0131264
0,7.2,1.00567,-0.585128,1,-0.00145435,-0.5,0,-0.0197887,-2.98023e-05,0,0.0107646,1,7.2,0.599855,-3,1,0.488284,0,0,0.180334,0,0,0.00893904,2,7.2,1.28048,-1.99625,1,0.486618,0.00277162,0,0.215769,-0.0147223,0,0.0109153,3,7.2,-2.64194,0.98856,1,-0.495231,0.0790969,0,0.0683069,-0.237614,0,0.0107227,4,7.2,-3,-1.30596,1,0,-0.500003,0,0,5.96046e-05,0,0.00868427,5,7.2,-0.999089,2.37955,1,0.000634789,0.5,0,-0.00396371,0,0,0.00693166,6,7.2,-1.79726,-1.73528,1,0.396955,-0.444597,0,0.638187,0.293732,0,0.0108614,7,7.2,2.99733,-1.3508,1,0.00319481,-0.500003,0,0.00190735,5.96046e-05,0,0.00644929,8,7.2,-2,2.45564,1,0,-0.5,0,0,0,0,0.00903044,9,7.2,1.38761,1.00071,1,0.428888,5.96046e-05,0,0.242174,-0.00190735,0,0.0129186,10,7.2,0.370365,-0.985859,1,-0.498019,-0.0110298,0,0.039041,-0.0702739,0,0.0115076,11,7.2,-0.627503,-2.99901,1,0.5,-0.000452995,0,2.98023e-05,-0.0025034,0,0.00750241,12,7.2,1.46134,0.0121563,1,-0.500003,-0.022254,0,5.96046e-05,-0.021446,0,0.0119416,13,7.2,-1.47936,0.015442,1,0.500003,0.0146164,0,-5.96046e-05,-0.160121,0,0.0126959,14,7.2,-0.960453,-2.29448,1,-0.198126,-0.5,0,0.424296,0,0,0.00994034,15,7.2,2.00001,2.00006,1,0,-4.17233e-05,0,-0.000119209,-0.000238419,0,0.00874909,16,7.2,-1.65657e-05,2.99998,1,8.10147e-05,8.34465e-05,0,-0.000108143,-0.000238419,0,0.00646849,17,7.2,2.99999,-3,1,0.00012517,0,0,-0.00286102,0,0,0.00616375,18,7.2,-1.61923,-0.990795,1,-0.498784,0.0342295,0,0.0243187,-0.201494,0,0.0110349,19,7.2,-0.37526,0.986108,1,-0.497717,0.0161275,0,-0.0456423,0.0525713,0,0.0133871,20,7.2,-2.99999,-3,1,-4.76837e-05,0,0,0.000119209,0,0,0.00845368,21,7.2,0.00209285,-2.01395,1,-0.00830114,0.156474,0,0.0113258,-0.465989,0,0.0100684,22,7.2,-0.625887,-1.01445,1,-0.498316,0.0142634,0,0.033617,0.058949,0,0.0114116,23,7.2,-1.99738,1.45216,1,-0.00270307,-0.500003,0,-0.00411272,5.96046e-05,0,0.00964584,24,7.2,0.999937,2.47045,1,4.47035e-06,-0.455093,0,0.000506639,0.192404,0,0.008509,25,7.2,0.998323,1.60732,1,-0.00115186,-0.289494,0,0.0050962,0.152051,0,0.01388,26,7.2,3,-0.302132,1,0,-0.5,0,0,1.43051e-05,0,0.00782289,27,7.2,1.52559,3,1,-0.497493,0,0,-0.0450611,0,0,0.00788436,28,7.2,-1.48737,3,1,-0.500003,0,0,5.96046e-05,0,0,0.00592648,29,7.2,2.01096,-2.36448,1,-0.100189,-0.5,0,0.29242,0,0,0.00855008,30,7.2,0.0137288,1.99824,1,-0.0190428,0.00110865,0,-0.070361,0.0117421,0,0.00919569,31,7.2,-3,3,1,0,0,0,0,0,0,0.00428339,32,7.2,2.01558,-0.999999,1,-0.0165284,-1.04308e-05,0,-0.0950098,2.98023e-05,0,0.00953871,33,7.2,2.00154,0.528576,1,0.00013113,-0.445186,0,-0.00560284,-0.299603,0,0.0126872,34,7.2,0.0160102,0.336492,1,0.00969041,0.404403,0,-0.16394,0.132561,0,0.0145693,35,7.2,-0.982607,1.42559,1,0.00792444,0.500003,0,-0.154585,-5.96046e-05,0,0.011084
0,7.3,1.00544,-0.635023,1,-0.00322107,-0.496801,0,-0.0155643,0.0658035,0,0.0107646,1,7.3,0.649296,-3,1,0.497898,0,0,0.0203811,0,0,0.00893904,2,7.3,1.32987,-1.99605,1,0.498515,0.00130907,0,0.0464171,-0.0143945,0,0.0109153,3,7.3,-2.69101,0.995341,1,-0.485092,0.0571178,0,0.137568,-0.202075,0,0.0107227,4,7.3,-3,-1.35596,1,0,-0.5,0,0,7.45058e-06,0,0.00868427,5,7.3,-0.999045,2.42955,1,0.000251736,0.5,0,-0.00367686,0,0,0.00693166,6,7.3,-1.7547,-1.77817,1,0.450782,-0.412158,0,0.433862,0.351779,0,0.0108614,7,7.3,2.99765,-1.4008,1,0.00330843,-0.5,0,0.000402331,7.45058e-06,0,0.00644929,8,7.3,-2,2.40566,1,0,-0.499358,0,0,0.0182837,0,0.00903044,9,7.3,1.43171,1.0007,1,0.452918,-0.000125356,0,0.231005,-0.00178069,0,0.0129186,10,7.3,0.320849,-0.987266,1,-0.491292,-0.0166456,0,0.0994615,-0.0428669,0,0.0115076,11,7.3,-0.577503,-2.99906,1,0.5,-0.00067167,0,0,-0.00189245,0,0.00750241,12,7.3,1.41135,0.00985988,1,-0.499573,-0.0233365,0,0.0130013,-0.00113014,0,0.0119416,13,7.3,-1.42937,0.0161733,1,0.499918,0.000689537,0,-0.00328571,-0.119332,0,0.0126959,14,7.3,-0.978196,-2.34448,1,-0.157288,-0.5,0,0.391535,0,0,0.00994034,15,7.3,2.00001,2.00006,1,-9.68575e-06,-6.18398e-05,0,-5.96046e-05,-0.000149012,0,0.00874909,16,7.3,-9.05069e-06,2.99999,1,6.88964e-05,6.14673e-05,0,-0.000131587,-0.000193715,0,0.00646849,17,7.3,3,-3,1,-9.53674e-05,0,0,-0.00160933,0,0,0.00616375,18,7.3,-1.66891,-0.988306,1,-0.493905,0.0162673,0,0.0780895,-0.158329,0,0.0110349,19,7.3,-0.425171,0.987937,1,-0.499857,0.0200306,0,-0.00570707,0.0264756,0,0.0133871,20,7.3,-2.99999,-3,1,-3.61353e-05,0,0,0.000104308,0,0,0.00845368,21,7.3,0.00132262,-2.00055,1,-0.00707614,0.112406,0,0.0129736,-0.413701,0,0.0100684,22,7.3,-0.675464,-1.01277,1,-0.492262,0.0188487,0,0.0917315,0.03355,0,0.0114116,23,7.3,-1.99767,1.40218,1,-0.00302028,-0.499137,0,-0.00227243,0.0223741,0,0.00964584,24,7.3,0.999939,2.4259,1,4.69387e-05,-0.436049,0,0.000350177,0.194058,0,0.008509,25,7.3,0.998235,1.57837,1,-0.000594277,-0.295988,0,0.00593439,-0.247292,0,0.01388,26,7.3,3,-0.352132,1,0,-0.5,0,0,0,0,0.00782289,27,7.3,1.47569,3,1,-0.49978,0,0,-0.00753254,0,0,0.00788436,28,7.3,-1.53737,3,1,-0.5,0,0,7.45058e-06,0,0,0.00592648,29,7.3,2.00233,-2.41448,1,-0.0731034,-0.5,0,0.249662,0,0,0.00855008,30,7.3,0.0115376,1.9984,1,-0.0241657,0.0020586,0,-0.0334922,0.00737607,0,0.00919569,31,7.3,-3,3,1,0,0,0,0,0,0,0.00428339,32,7.3,2.01353,-1,1,-0.0238158,-7.54371e-06,0,-0.0521839,2.6077e-05,0,0.00953871,33,7.3,2.00153,0.482683,1,-0.000397116,-0.471355,0,-0.00491738,-0.220651,0,0.0126872,34,7.3,0.0162439,0.37782,1,-0.00420711,0.423958,0,-0.115435,0.240309,0,0.0145693,35,7.3,-0.982512,1.47559,1,-0.00531487,0.5,0,-0.111304,-7.45058e-06,0,0.011084
0,7.4,1.00504,-0.684252,1,-0.00456572,-0.486559,0,-0.0114441,0.140041,0,0.010753,1,7.4,0.698963,-3,1,0.493199,0,0,-0.114471,0,0,0.00900244,2,7.4,1.37984,-1.99599,1,0.500003,-8.64267e-05,0,-5.96046e-05,-0.0133514,0,0.0125923,3,7.4,-2.7387,1.0001,1,-0.467247,0.0386477,0,0.220895,-0.167489,0,0.00902936,4,7.4,-3,-1.40596,1,0,-0.500003,0,0,5.96046e-05,0,0.00725946,5,7.4,-0.999038,2.47955,1,-9.53674e-05,0.5,0,-0.00330806,0,0,0.00683775,6,7.4,-1.70781,-1.81755,1,0.483638,-0.374863,0,0.226855,0.391185,0,0.00909414,7,7.4,2.99798,-1.4508,1,0.00329018,-0.500003,0,-0.000953674,5.96046e-05,0,0.00643922,8,7.4,-2,2.35588,1,0,-0.495398,0,0,0.0650883,0,0.00935314,9,7.4,1.47809,1.00068,1,0.473893,-0.000292063,0,0.184,-0.00166893,0,0.0112498,10,7.4,0.272343,-0.989105,1,-0.477497,-0.0197619,0,0.178799,-0.0202358,0,0.0109973,11,7.4,-0.527503,-2.99914,1,0.5,-0.000828505,0,1.43051e-05,-0.0013113,0,0.00914328,12,7.4,1.36152,0.00754775,1,-0.496438,-0.0226551,0,0.0549555,0.0139342,0,0.0101974,13,7.4,-1.37942,0.0157068,1,0.498691,-0.00942943,0,-0.0262856,-0.0839285,0,0.014629,14,7.4,-0.992028,-2.39448,1,-0.119983,-0.5,0,0.353932,0,0,0.00874445,15,7.4,2.00001,2.00005,1,-1.78814e-05,-7.15256e-05,0,0,-0.000238419,0,0.00764784,16,7.4,-2.83953e-06,2.99999,1,5.51764e-05,4.76837e-05,0,-0.000140659,-0.000238419,0,0.00538443,17,7.4,2.99998,-3,1,-0.000202656,0,0,-0.000834465,0,0,0.00614399,18,7.4,-1.71779,-0.987404,1,-0.482377,0.0024423,0,0.155509,-0.118762,0,0.0113716,19,7.4,-0.475168,0.990036,1,-0.5,0.0216112,0,0,0.00596046,0,0.0113213,20,7.4,-2.99999,-3,1,-2.38419e-05,0,0,0,0,0,0.0080884,21,7.4,0.000681201,-1.99128,1,-0.00574311,0.0740021,0,0.0135207,-0.353336,0,0.0114181,22,7.4,-0.724107,-1.01076,1,-0.479284,0.0211298,0,0.170439,0.0127554,0,0.00937855,23,7.4,-1.99798,1.35245,1,-0.00316799,-0.494635,0,-0.000596046,0.071466,0,0.00938599,24,7.4,0.999946,2.3833,1,7.59959e-05,-0.415325,0,0.000208616,0.224233,0,0.00863135,25,7.4,0.998205,1.54712,1,1.04308e-05,-0.332636,0,0.00610948,-0.457048,0,0.0104616,26,7.4,3,-0.402132,1,0,-0.5,0,0,1.43051e-05,0,0.00836545,27,7.4,1.4257,3,1,-0.500003,0,0,5.96046e-05,0,0,0.00785942,28,7.4,-1.58737,3,1,-0.500003,0,0,5.96046e-05,0,0,0.00514023,29,7.4,1.9962,-2.46448,1,-0.0501752,-0.5,0,0.209272,0,0,0.00849191,30,7.4,0.00900486,1.99864,1,-0.0260096,0.0026077,0,-0.00467546,0.00363588,0,0.01116,31,7.4,-3,3,1,0,0,0,0,0,0,0.00433205,32,7.4,2.01095,-1,1,-0.0272512,-5.96046e-06,0,-0.0178814,5.96046e-05,0,0.00807359,33,7.4,2.00147,0.434592,1,-0.000852346,-0.48897,0,-0.00405312,-0.131339,0,0.011912,34,7.4,0.0153165,0.421474,1,-0.0136703,0.449339,0,-0.0751405,0.254273,0,0.0140517,35,7.4,-0.983536,1.52559,1,-0.0145495,0.500003,0,-0.0744164,-5.96046e-05,0,0.00972773
0,7.5,1.00454,-0.732085,1,-0.00551119,-0.468839,0,-0.00749528,0.214875,0,0.010753,1,7.5,0.747511,-3,1,0.475826,0,0,-0.230528,0,0,0.00900244,2,7.5,1.42984,-1.99606,1,0.5,-0.00130888,0,-7.45058e-06,-0.0110939,0,0.0125923,3,7.5,-2.78414,1.00319,1,-0.439659,0.0236364,0,0.32708,-0.133283,0,0.00902936,4,7.5,-3,-1.45596,1,0,-0.5,0,0,7.45058e-06,0,0.00725946,5,7.5,-0.999063,2.52955,1,-0.000400282,0.5,0,-0.00277907,0,0,0.00683775,6,7.5,-1.65861,-1.85304,1,0.497652,-0.334618,0,0.0659972,0.411294,0,0.00909414,7,7.5,2.99831,-1.5008,1,0.00314824,-0.5,0,-0.00183284,7.45058e-06,0,0.00643922,8,7.5,-2,2.30677,1,0,-0.485783,0,0,0.130191,0,0.00935314,9,7.5,1.52629,1.00064,1,0.489088,-0.000444241,0,0.118248,-0.00136346,0,0.0112498,10,7.5,0.225673,-0.99115,1,-0.454136,-0.0208285,0,0.285245,-0.0019148,0,0.0109973,11,7.5,-0.477503,-2.99923,1,0.5,-0.000932813,0,-1.78814e-06,-0.00077486,0,0.00914328,12,7.5,1.31225,0.00537033,1,-0.487946,-0.0207268,0,0.118256,0.0239408,0,0.0101974,13,7.5,-1.32956,0.0143996,1,0.499094,-0.0161877,0,0.0163987,-0.0522831,0,0.014629,14,7.5,-1.00234,-2.44448,1,-0.087,-0.5,0,0.305925,0,0,0.00874445,15,7.5,2,2.00004,1,-1.75089e-05,-8.86619e-05,0,1.49012e-05,-0.000119209,0,0.00764784,16,7.5,1.9768e-06,3,1,4.12086e-05,2.75671e-05,0,-0.000137193,-0.000149012,0,0.00538443,17,7.5,2.99996,-3,1,-0.000248849,0,0,-0.000149012,0,0,0.00614399,18,7.5,-1.76461,-0.987693,1,-0.44829,-0.00764467,0,0.501558,-0.0836328,0,0.0113716,19,7.5,-0.525168,0.992201,1,-0.5,0.021423,0,-2.08616e-06,-0.00896305,0,0.0113213,20,7.5,-3,-3,1,-2.16067e-05,0,0,5.96046e-05,0,0,0.0080884,21,7.5,0.000174088,-1.98553,1,-0.00440633,0.0419488,0,0.0130928,-0.287749,0,0.0114181,22,7.5,-0.770996,-1.00816,1,-0.456704,0.0345571,0,0.278067,0.235282,0,0.00937855,23,7.5,-1.9983,1.3031,1,-0.00315215,-0.494245,0,0.000856817,-0.0375509,0,0.00938599,24,7.5,0.999954,2.3426,1,9.0804e-05,-0.401134,0,9.31323e-05,0.0765175,0,0.00863135,25,7.5,0.998236,1.5115,1,0.000584312,-0.38004,0,0.00533462,-0.476308,0,0.0104616,26,7.5,3,-0.452132,1,0,-0.5,0,0,0,0,0.00836545,27,7.5,1.37578,3,1,-0.497476,0,0,0.0532418,0,0,0.00785942,28,7.5,-1.63726,3,1,-0.496657,0,0,0.0684634,0,0,0.00514023,29,7.5,1.99217,-2.51448,1,-0.031185,-0.5,0,0.171013,0,0,0.00849191,30,7.5,0.0064186,1.99891,1,-0.025366,0.00281874,0,0.0163237,0.000707805,0,0.01116,31,7.5,-3,3,1,0,0,0,0,0,0,0.00433205,32,7.5,2.00818,-1,1,-0.0276741,-9.31323e-07,0,0.00809133,3.72529e-05,0,0.00807359,33,7.5,2.00136,0.385187,1,-0.00120066,-0.497579,0,-0.00290573,-0.0392329,0,0.011912,34,7.5,0.0136305,0.467613,1,-0.0195117,0.472597,0,-0.0428408,0.204019,0,0.0140517,35,7.5,-0.985308,1.57559,1,-0.0203568,0.499896,0,-0.0428222,-0.00414997,0,0.00972773
0,7.6,1.00395,-0.777768,1,-0.00607371,-0.443567,0,-0.0038147,0.290245,0,0.0118139,1,7.6,0.793767,-3,1,0.447623,0,0,-0.330716,0,0,0.00988143,2,7.6,1.47984,-1.99624,1,0.500003,-0.00230372,0,-5.96046e-05,-0.00888109,0,0.0113835,3,7.6,-2.82632,1.00494,1,-0.4026,0.0118852,0,0.410318,-0.102401,0,0.0104508,4,7.6,-3,-1.50596,1,0,-0.500003,0,0,5.96046e-05,0,0.00879291,5,7.6,-0.999116,2.57955,1,-0.000649691,0.5,0,-0.00217557,0,0,0.00587924,6,7.6,-1.60867,-1.88443,1,0.5,-0.293058,0,5.96046e-05,0.417769,0,0.0106433,7,7.6,2.99861,-1.5508,1,0.00292659,-0.500003,0,-0.0026226,5.96046e-05,0,0.00594375,8,7.6,-2,2.25897,1,0,-0.468898,0,0,0.208974,0,0.010593,9,7.6,1.57568,1.00059,1,0.497475,-0.000563264,0,0.0505447,-0.00101328,0,0.00907779,10,7.6,0.181839,-0.993218,1,-0.421097,-0.0202969,0,0.372216,0.0117421,0,0.0114346,11,7.6,-0.427503,-2.99933,1,0.5,-0.000983477,0,-1.43051e-05,-0.000357628,0,0.00887801,12,7.6,1.26417,0.0034291,1,-0.47226,-0.0179952,0,0.197232,0.0300987,0,0.00945286,13,7.6,-1.27959,0.0125645,1,0.5,-0.0200864,0,0,-0.026647,0,0.0142583,14,7.6,-1.00959,-2.49448,1,-0.0587493,-0.5,0,0.25928,0,0,0.00927561,15,7.6,2,2.00003,1,-1.78814e-05,-8.9407e-05,0,0.000119209,-0.000119209,0,0.00823713,16,7.6,5.42775e-06,3,1,2.79997e-05,1.19209e-05,0,-0.00012587,0,0,0.00559707,17,7.6,2.99993,-3,1,-0.000238419,0,0,0.000357628,0,0,0.0074091,18,7.6,-1.80653,-0.988823,1,-0.386605,-0.0144243,0,0.711441,-0.0526309,0,0.0111796,19,7.6,-0.575168,0.994279,1,-0.5,0.0199601,0,-2.98023e-05,-0.0196099,0,0.0102383,20,7.6,-3,-3,1,-1.19209e-05,0,0,0,0,0,0.00947696,21,7.6,-0.000202631,-1.98267,1,-0.00314591,0.0164092,0,0.0120241,-0.223398,0,0.0108582,22,7.6,-0.815121,-1.0033,1,-0.424308,0.0644594,0,0.366628,0.346035,0,0.0115293,23,7.6,-1.99861,1.25346,1,-0.00300705,-0.498357,0,0.00190735,-0.0328422,0,0.0120188,24,7.6,0.999963,2.30274,1,9.53674e-05,-0.396991,0,0,0.0197887,0,0.00814952,25,7.6,0.998319,1.47118,1,0.00107139,-0.425369,0,0.00441074,-0.419617,0,0.00938166,26,7.6,3,-0.502132,1,0,-0.5,0,0,-2.98023e-05,0,0.0076833,27,7.6,1.3264,3,1,-0.488898,0,0,0.120163,0,0,0.00809227,28,7.6,-1.68646,3,1,-0.486067,0,0,0.144243,0,0,0.00508705,29,7.6,1.98984,-2.56448,1,-0.0158757,-0.5,0,0.13572,0,0,0.0076048,30,7.6,0.00398987,1.99919,1,-0.0229729,0.00277162,0,0.0304795,-0.00143051,0,0.00796133,31,7.6,-3,3,1,0,0,0,0,0,0,0.00539092,32,7.6,2.00549,-1,1,-0.0258923,0,0,0.0264645,5.96046e-05,0,0.00857898,33,7.6,2.00123,0.335397,1,-0.00144243,-0.49658,0,-0.00190735,0.0599623,0,0.0106555,34,7.6,0.0115106,0.51577,1,-0.0224587,0.48923,0,-0.0171484,0.126421,0,0.0120204,35,7.6,-0.987513,1.62552,1,-0.0233248,0.498343,0,-0.0175536,-0.0331402,0,0.00955609
0,7.7,1.00333,-0.820527,1,-0.00626855,-0.410237,0,-0.000193715,0.372466,0,0.0118139,1,7.7,0.836712,-3,1,0.409781,0,0,-0.420857,0,0,0.00988143,2,7.7,1.52857,-1.99652,1,0.463636,-0.00313986,0,-0.663146,-0.00774115,0,0.0113835,3,7.7,-2.86441,1.00566,1,-0.358338,0.00303909,0,0.470921,-0.0750721,0,0.0104508,4,7.7,-2.9989,-1.55593,1,0.0318285,-0.498987,0,0.585482,0.0234097,0,0.00879291,5,7.7,-0.999191,2.62945,1,-0.000831764,0.496989,0,-0.00147149,-0.0627041,0,0.00587924,6,7.7,-1.55867,-1.91166,1,0.5,-0.251637,0,-1.49012e-05,0.409082,0,0.0106433,7,7.7,2.99855,-1.60076,1,-0.0073161,-0.498952,0,-0.187799,0.0258088,0,0.00594375,8,7.7,-2.00122,2.21333,1,-0.0350423,-0.441936,0,-0.639677,0.324786,0,0.010593,9,7.7,1.62555,1.00053,1,0.498712,-0.000644289,0,-0.0262856,-0.000618398,0,0.00907779,10,7.7,0.141701,-0.995172,1,-0.380633,-0.0186315,0,0.434044,0.020951,0,0.0114346,11,7.7,-0.37758,-2.99942,1,0.497591,-0.000993162,0,-0.0510979,0.000149012,0,0.00887801,12,7.7,1.21811,0.00178508,1,-0.447234,-0.0148462,0,0.299953,0.0324548,0,0.00945286,13,7.7,-1.22959,0.0104543,1,0.5,-0.0218192,0,0,-0.0086836,0,0.0142583,14,7.7,-1.01424,-2.54448,1,-0.0351138,-0.5,0,0.213817,0,0,0.00927561,15,7.7,2,2.00002,1,-7.82311e-06,-9.46224e-05,0,7.45058e-05,0,0,0.00823713,16,7.7,7.6263e-06,3,1,1.62643e-05,1.04308e-05,0,-0.000108312,-2.98023e-05,0,0.00559707,17,7.7,2.99991,-3,1,-0.000189617,0,0,0.000581145,0,0,0.0074091,18,7.7,-1.84116,-0.990482,1,-0.302207,-0.0183313,0,0.941277,-0.0265203,0,0.0111796,19,7.7,-0.625085,0.996165,1,-0.497426,0.0176696,0,0.0541843,-0.025712,0,0.0102383,20,7.7,-3,-3,1,-7.82311e-06,0,0,4.47035e-05,0,0,0.00947696,21,7.7,-0.000459625,-1.98204,1,-0.00202038,-0.00281464,0,0.0104407,-0.162177,0,0.0108582,22,7.7,-0.855593,-0.994729,1,-0.383999,0.110258,0,0.434719,0.54387,0,0.0115293,23,7.7,-1.99889,1.20353,1,-0.00278149,-0.499897,0,0.00255555,-0.00410527,0,0.0120188,24,7.7,0.999973,2.2632,1,9.20147e-05,-0.393051,0,-5.96046e-05,0.0628084,0,0.00814952,25,7.7,0.998446,1.42673,1,0.00144755,-0.461784,0,0.00313297,-0.30531,0,0.00938166,26,7.7,3,-0.552132,1,0,-0.499999,0,0,4.47035e-05,0,0.0076833,27,7.7,1.27823,3,1,-0.473329,0,0,0.192389,0,0,0.00809227,28,7.7,-1.73422,2.99955,1,-0.467896,-0.013062,0,0.219554,-0.239864,0,0.00508705,29,7.7,1.98888,-2.61442,1,-0.00405144,-0.497926,0,0.101559,0.0452846,0,0.0076048,30,7.7,0.00186027,1.99946,1,-0.019488,0.00254624,0,0.0383531,-0.00296533,0,0.00796133,31,7.7,-2.9995,3,1,0.0142831,0,0,0.259355,0,0,0.00539092,32,7.7,2.00305,-1,1,-0.0226364,4.84288e-06,0,0.0376403,2.98023e-05,0,0.00857898,33,7.7,2.00108,0.286201,1,-0.0015866,-0.485696,0,-0.000968575,0.157941,0,0.0106555,34,7.7,0.00921338,0.565187,1,-0.0231639,0.497819,0,0.00213637,0.0491664,0,0.0120204,35,7.7,-0.989899,1.6751,1,-0.0240825,0.492351,0,0.00153482,-0.0909939,0,0.00955609
0,7.8,1.00271,-0.85958,1,-0.0061363,-0.369835,0,0.00268221,0.431895,0,0.00942786,1,7.8,0.875474,-3,1,0.364463,0,0,-0.480741,0,0,0.00996037,2,7.8,1.57097,-1.99687,1,0.379133,-0.00383556,0,-0.973582,-0.00613928,0,0.0167537,3,7.8,-2.89782,1.00563,1,-0.309217,-0.00324249,0,0.507593,-0.0512004,0,0.00757098,4,7.8,-2.99217,-1.60565,1,0.107795,-0.49476,0,0.891805,0.0635982,0,0.0115319,5,7.8,-0.99928,2.67871,1,-0.000947714,0.487065,0,-0.000834465,-0.137329,0,0.00613584,6,7.8,-1.50867,-1.9348,1,0.500003,-0.211531,0,-5.96046e-05,0.391722,0,0.00831233,7,7.8,2.99667,-1.65045,1,-0.031966,-0.493997,0,-0.293136,0.0770092,0,0.00647054,8,7.8,-2.00856,2.17091,1,-0.116795,-0.40499,0,-0.945091,0.409126,0,0.00956663,9,7.8,1.67516,1.00047,1,0.492015,-0.000688434,0,-0.109196,-0.000238419,0,0.00843051,10,7.8,0.105887,-0.996919,1,-0.334913,-0.0162214,0,0.477154,0.0267029,0,0.00994872,11,7.8,-0.328181,-2.99952,1,0.489292,-0.000959635,0,-0.116795,0.000476837,0,0.00803296,12,7.8,1.17503,0.000463661,1,-0.412938,-0.0115817,0,0.382602,0.0324852,0,0.00893476,13,7.8,-1.17959,0.00825398,1,0.500003,-0.0219521,0,-5.96046e-05,0.00541098,0,0.0125207,14,7.8,-1.01676,-2.59448,1,-0.0159025,-0.5,0,0.170946,0,0,0.00932295,15,7.8,2,2.00001,1,-5.96046e-06,-8.9407e-05,0,0.000238419,0,0,0.00737274,16,7.8,8.74375e-06,3,1,6.41794e-06,5.96046e-06,0,-8.83365e-05,0,0,0.00591369,17,7.8,2.99989,-3,1,-0.00012517,0,0,0.000715256,0,0,0.00722653,18,7.8,-1.86652,-0.992412,1,-0.204051,-0.0199229,0,0.999928,-0.00622869,0,0.0129339,19,7.8,-0.674448,0.997797,1,-0.488718,0.0149086,0,0.121713,-0.0291169,0,0.011107,20,7.8,-3,-3,1,0,0,0,0,0,0,0.00367173,21,7.8,-0.000612388,-1.98304,1,-0.00106486,-0.0162542,0,0.00864468,-0.107944,0,0.00878371,22,7.8,-0.89174,-0.980836,1,-0.338274,0.16855,0,0.475466,0.601232,0,0.0134214,23,7.8,-1.99916,1.15353,1,-0.00250041,-0.500003,0,0.00303984,5.96046e-05,0,0.0107562,24,7.8,0.999982,2.22431,1,8.34465e-05,-0.3838,0,-0.000119209,0.124454,0,0.00812753,25,7.8,0.998605,1.37924,1,0.00170022,-0.485888,0,0.00199676,-0.174582,0,0.00914102,26,7.8,3,-0.602131,1,0,-0.499983,0,0,0.00038743,0,0.0079345,27,7.8,1.23199,3,1,-0.450286,0,0,0.268698,0,0,0.00770786,28,7.8,-1.77978,2.99679,1,-0.442162,-0.0440896,0,0.294745,-0.363231,0,0.00707312,29,7.8,1.98893,-2.66388,1,0.00459254,-0.490296,0,0.0720024,0.110149,0,0.00924213,30,7.8,0.000110283,1.9997,1,-0.0154592,0.00219643,0,0.0415204,-0.0038743,0,0.00842713,31,7.8,-2.99653,3,1,0.047195,0,0,0.378251,0,0,0.00508448,32,7.8,2.00099,-1,1,-0.0185549,5.96046e-06,0,0.0433922,2.98023e-05,0,0.00866344,33,7.8,2.00092,0.238584,1,-0.00163913,-0.465035,0,-0.000238419,0.254594,0,0.0120593,34,7.8,0.00693326,0.615119,1,-0.022203,0.5,0,0.016273,0,0,0.0104824,35,7.8,-0.992274,1.72376,1,-0.0231802,0.479448,0,0.0157058,-0.169516,0,0.0095308
0,7.9,1.00211,-0.89434,1,-0.0057552,-0.324809,0,0.00482798,0.465449,0,0.00942786,1,7.9,0.909459,-3,1,0.314782,0,0,-0.508893,0,0,0.00996037,2,7.9,1.60396,-1.99727,1,0.280371,-0.00427235,0,-0.996701,-0.00270456,0,0.0167537,3,7.9,-2.92616,1.004,1,-0.257159,-0.0386126,0,0.527427,-0.607923,0,0.00757098,4,7.9,-2.97672,-1.65463,1,0.2027,-0.48299,0,0.985518,0.168175,0,0.0115319,5,7.9,-0.998925,2.7266,1,0.012058,0.469343,0,0.239581,-0.217706,0,0.00613584,6,7.9,-1.45867,-1.95404,1,0.5,-0.173644,0,-7.45058e-06,0.365078,0,0.00831233,7,7.9,2.99143,-1.69926,1,-0.0779551,-0.480126,0,-0.601515,0.196174,0,0.00647054,8,7.9,-2.02507,2.13254,1,-0.214184,-0.361782,0,-0.991598,0.451446,0,0.00956663,9,7.9,1.72367,1.0004,1,0.476943,-0.000697933,0,-0.192717,5.21541e-05,0,0.00843051,10,7.9,0.0748294,-0.998402,1,-0.285881,-0.0133995,0,0.499308,0.0292882,0,0.00994872,11,7.9,-0.279953,-2.99962,1,0.474086,-0.000894815,0,-0.188617,0.000804663,0,0.00803296,12,7.9,1.13575,-0.000534708,1,-0.371663,-0.00841861,0,0.439845,0.0305133,0,0.00893476,13,7.9,-1.12959,0.00610337,1,0.5,-0.0208968,0,-7.45058e-06,0.0152138,0,0.0125207,14,7.9,-1.01757,-2.64434,1,-0.000999682,-0.495957,0,0.128038,0.0818372,0,0.00932295,15,7.9,2,2,1,1.15484e-05,-8.3819e-05,0,0.00013411,8.9407e-05,0,0.00737274,16,7.9,0.000515816,3,1,0.0145209,4.09782e-06,0,0.263653,-4.47035e-05,0,0.00591369,17,7.9,2.99989,-3,1,-5.40167e-05,0,0,0.000700355,0,0,0.00722653,18,7.9,-1.88193,-0.994406,1,-0.104152,-0.019697,0,0.996068,0.00962242,0,0.0129339,19,7.9,-0.722947,0.999146,1,-0.483279,0.012115,0,-0.000499189,-0.0265315,0,0.011107,20,7.9,-3,-3,1,0,0,0,0,0,0,0.00367173,21,7.9,-0.000678866,-1.98512,1,-0.000296622,-0.0246407,0,0.0067297,-0.0613108,0,0.00878371,22,7.9,-0.923196,-0.960971,1,-0.290959,0.228525,0,0.468839,0.587955,0,0.0134214,23,7.9,-1.99939,1.10353,1,-0.00218563,-0.5,0,0.00323355,7.45058e-06,0,0.0107562,24,7.9,0.999989,2.1867,1,7.0408e-05,-0.366876,0,-0.00013411,0.211686,0,0.00812753,25,7.9,0.998783,1.33,1,0.00184616,-0.49657,0,0.000942498,-0.0378862,0,0.00914102,26,7.9,3,-0.652129,1,0,-0.49999,0,0,-0.000227243,0,0.0079345,27,7.9,1.18972,3,1,-0.384566,0,0,0.908591,0,0,0.00770786,28,7.9,-1.82236,2.99017,1,-0.407827,-0.0917085,0,0.386864,-0.567049,0,0.00707312,29,7.9,1.9897,-2.71224,1,0.0105185,-0.475545,0,0.0472143,0.186414,0,0.00924213,30,7.9,-0.0017511,1.9999,1,-0.0263074,0.00178497,0,-0.231412,-0.00428408,0,0.00842713,31,7.9,-2.98967,3,1,0.0918053,0,0,0.494987,0,0,0.00508448,32,7.9,1.99935,-0.999999,1,-0.0141505,7.72998e-06,0,0.0440925,1.11759e-05,0,0.00866344,33,7.9,2.00075,0.193535,1,-0.00162125,-0.434231,0,0.000566244,0.356957,0,0.0120593,34,7.9,0.00481036,0.665119,1,-0.0201097,0.5,0,0.0249872,7.45058e-06,0,0.0104824,35,7.9,-0.994496,1.7702,1,-0.0211057,0.443376,0,0.025142,-0.525773,0,0.0095308
0,8,1.00157,-0.924461,1,-0.00518858,-0.277364,0,0.0063777,0.480413,0,0.0110974,1,8,0.938375,-3,1,0.263439,0,0,-0.514418,0,0,0.00782065,2,8,1.627,-1.99771,1,0.180453,-0.00439882,0,-0.999987,0,0,0.0142231,3,8,-2.94925,0.996512,1,-0.204837,-0.115997,0,0.513792,-0.899732,0,0.00953924,4,8,-2.95149,-1.70194,1,0.302005,-0.461832,0,0.992417,0.25171,0,0.0102221,5,8,-0.996271,2.77231,1,0.0430793,0.443506,0,0.36335,-0.298619,0,0.00628712,6,8,-1.40867,-1.96963,1,0.500003,-0.138682,0,-5.96046e-05,0.333369,0,0.00924453,7,8,2.98029,-1.74612,1,-0.147599,-0.455582,0,-0.769615,0.290692,0,0.0107814,8,8,-2.05146,2.09866,1,-0.313437,-0.315386,0,-0.987649,0.473499,0,0.00920593,9,8,1.77026,1.00033,1,0.453472,-0.000679493,0,-0.276387,0.000298023,0,0.00940478,10,8,0.048745,-0.999595,1,-0.235827,-0.0104442,0,0.498174,0.0295341,0,0.0096833,11,8,-0.233614,-2.9997,1,0.451415,-0.000804663,0,-0.265062,0.00107288,0,0.00935306,12,8,1.10086,-0.00122907,1,-0.325596,-0.00552434,0,0.478327,0.0271837,0,0.00930589,13,8,-1.07959,0.00410262,1,0.500003,-0.0190006,0,-5.96046e-05,0.022277,0,0.0152558,14,8,-1.01709,-2.69339,1,0.00988841,-0.483507,0,0.0906587,0.16737,0,0.00886287,15,8,2,2,1,1.78814e-05,-7.45058e-05,0,0.000119209,0.000238419,0,0.0108064,16,8,0.00354043,3,1,0.0479777,0,0,0.384613,0,0,0.00586846,17,8,2.99988,-3,1,1.19209e-05,0,0,0.000476837,0,0,0.00706381,18,8,-1.88739,-0.996309,1,-0.00562668,-0.0182047,0,0.968635,0.0192523,0,0.0129642,19,8,-0.771395,1.00023,1,-0.486611,0.00963807,0,-0.0565052,-0.022769,0,0.01591,20,8,-3,-3,1,0,0,0,0,0,0,0.00690152,21,8,-0.000677973,-1.98783,1,0.000284008,-0.0288159,0,0.0049026,-0.0236034,0,0.00919196,22,8,-0.949973,-0.935272,1,-0.244872,0.284308,0,0.451207,0.519723,0,0.0149399,23,8,-1.9996,1.05353,1,-0.00185668,-0.500003,0,0.00327826,5.96046e-05,0,0.0120125,24,8,0.999996,2.1512,1,5.66244e-05,-0.34194,0,-0.000149012,0.284314,0,0.00799434,25,8,0.998971,1.28039,1,0.00189394,-0.493366,0,0,0.101745,0,0.010654,26,8,3,-0.702129,1,0,-0.5,0,0,-2.98023e-05,0,0.00957472,27,8,1.15608,3,1,-0.28685,0,0,0.999987,0,0,0.00542408,28,8,-1.86109,2.97798,1,-0.365761,-0.153458,0,0.449896,-0.649452,0,0.00852422,29,8,1.99096,-2.75872,1,0.014171,-0.452828,0,0.0264049,0.26834,0,0.00810657,30,8,-0.00580601,2.00006,1,-0.056918,0.00135303,0,-0.359639,-0.00441074,0,0.0108804,31,8,-2.97796,3,1,0.142789,0,0,0.509739,0,0,0.0044903,32,8,1.99815,-0.999998,1,-0.00984073,7.45058e-06,0,0.0416636,0,0,0.00865673,33,8,2.00059,0.152034,1,-0.00153184,-0.394529,0,0.00119209,0.432775,0,0.01176,34,8,0.00293451,0.715119,1,-0.0173188,0.5,0,0.0303064,2.98023e-05,0,0.011447,35,8,-0.99647,1.8115,1,-0.0182733,0.379089,0,0.0309348,-0.738025,0,0.01272
0,8.1,1.00108,-0.949794,1,-0.00449754,-0.229363,0,0.00734627,0.476297,0,0.0110974,1,8.1,0.962166,-3,1,0.212644,0,0,-0.498138,0,0,0.00782065,2,8.1,1.64005,-1.99815,1,0.0804536,-0.00428706,0,-1,0.00214577,0,0.0142231,3,8.1,-2.96722,0.980219,1,-0.15539,-0.211296,0,0.471666,-0.98747,0,0.00953924,4,8.1,-2.91657,-1.74675,1,0.393237,-0.433248,0,0.802547,0.316776,0,0.0102221,5,8.1,-0.989812,2.81499,1,0.088935,0.408457,0,0.534117,-0.396475,0,0.00628712,6,8.1,-1.35879,-1.9819,1,0.496408,-0.10728,0,-0.0730827,0.294536,0,0.00924453,7,8.1,2.96127,-1.79009,1,-0.23585,-0.42243,0,-0.949338,0.368021,0,0.0107814,8,8.1,-2.08738,2.06897,1,-0.401146,-0.2832,0,-0.749961,0.184536,0,0.00920593,9,8.1,1.81407,1.00071,1,0.421111,0.0124238,0,-0.366703,0.2404,0,0.00940478,10,8.1,0.0276229,-1.00049,1,-0.186996,-0.00757249,0,0.475358,0.0276603,0,0.0096833,11,8.1,-0.189953,-2.99978,1,0.42033,-0.000691041,0,-0.35289,0.00117719,0,0.00935306,12,8.1,1.07028,-0.0016535,1,-0.289611,-0.00304325,0,0.258259,0.0224395,0,0.00930589,13,8.1,-1.02959,0.0026374,1,0.5,-0.00732986,0,0,0.20082,0,0.0152558,14,8.1,-1.0157,-2.74076,1,0.0173261,-0.462565,0,0.0589266,0.25104,0,0.00886287,15,8.1,1.99948,1.99999,1,-0.0149533,-5.15953e-05,0,-0.271976,0.000216067,0,0.0108064,16,8.1,0.0109461,3,1,0.106058,0,0,0.740545,0,0,0.00586846,17,8.1,2.99989,-3,1,5.69969e-05,0,0,0.000402331,0,0,0.00706381,18,8.1,-1.88313,-0.998028,1,0.0902595,-0.0161428,0,0.933044,0.0213981,0,0.0129642,19,8.1,-0.820387,1.00108,1,-0.493393,0.00737999,0,-0.0669658,-0.0222549,0,0.01591,20,8.1,-3,-3,1,0,0,0,0,0,0,0.00690152,21,8.1,-0.00062797,-1.99077,1,0.000687938,-0.0296628,0,0.00321552,0.00520796,0,0.00919196,22,8.1,-0.97236,-0.904346,1,-0.204318,0.333096,0,0.364494,0.452016,0,0.0149399,23,8.1,-1.99977,1.00353,1,-0.00153463,-0.5,0,0.0031516,0,0,0.0120125,24,8.1,1,2.11808,1,4.2282e-05,-0.323427,0,-0.00013411,0.103533,0,0.00799434,25,8.1,0.999159,1.23148,1,0.00184784,-0.485445,0,-0.000875443,0.0651404,0,0.010654,26,8.1,3,-0.752129,1,0,-0.5,0,0,0,0,0.00957472,27,8.1,1.13239,3,1,-0.186851,0,0,1,0,0,0.00542408,28,8.1,-1.89531,2.95922,1,-0.317715,-0.223001,0,0.505053,-0.724629,0,0.00852422,29,8.1,1.99247,-2.8025,1,0.0159178,-0.421042,0,0.00923872,0.363305,0,0.00810657,30,8.1,-0.0135469,2.00017,1,-0.0999197,0.000939146,0,-0.481171,-0.00376999,0,0.0108804,31,8.1,-2.96101,3,1,0.196797,0,0,0.55331,0,0,0.0044903,32,8.1,1.99737,-0.999998,1,-0.00591259,6.89179e-06,0,0.0366494,-1.49012e-05,0,0.00865673,33,8.1,2.00045,0.114831,1,-0.00139065,-0.348768,0,0.00159442,0.478737,0,0.01176,34,8.1,0.00135757,0.765119,1,-0.0141915,0.5,0,0.0320131,0,0,0.011447,35,8.1,-0.998137,1.84522,1,-0.0150236,0.291595,0,0.0337549,-0.964783,0,0.01272
0,8.2,1.00067,-0.970379,1,-0.00374019,-0.182706,0,0.00780821,0.454187,0,0.009429,1,8.2,0.98099,-3,1,0.164406,0,0,-0.463992,0,0,0.00766636,2,8.2,1.64309,-1.99856,1,-0.0195473,-0.00399053,0,-0.999987,0.00369549,0,0.0124002,3,8.2,-2.9805,0.954115,1,-0.111091,-0.310983,0,0.41163,-1.00002,0,0.00885068,4,8.2,-2.87372,-1.7884,1,0.458574,-0.399083,0,0.494361,0.363648,0,0.00994407,5,8.2,-0.978102,2.85373,1,0.146307,0.365323,0,0.59709,-0.460982,0,0.00671115,6,8.2,-1.30965,-1.99122,1,0.485209,-0.0797898,0,-0.151515,0.255287,0,0.00978835,7,8.2,2.93295,-1.83039,1,-0.329649,-0.382805,0,-0.894427,0.42069,0,0.00985305,8,8.2,-2.13076,2.0412,1,-0.461441,-0.275767,0,-0.452638,-0.0230074,0,0.0104663,9,8.2,1.85423,1.00341,1,0.380939,0.0435114,0,-0.432789,0.363827,0,0.0100436,10,8.2,0.0112408,-1.00112,1,-0.1413,-0.00495315,0,0.436219,0.0245571,0,0.010734,11,8.2,-0.149803,-2.99984,1,0.381573,-0.000572205,0,-0.418633,0.00119209,0,0.00876327,12,8.2,1.04236,-0.00185347,1,-0.270882,-0.00103413,0,0.130057,0.0177645,0,0.0153953,13,8.2,-0.979592,0.00313161,1,0.5,0.0192123,0,2.98023e-05,0.32083,0,0.0144698,14,8.2,-1.01372,-2.78563,1,0.0218362,-0.433457,0,0.0320673,0.330091,0,0.00890071,15,8.2,1.99636,1.99999,1,-0.0494659,-2.98023e-05,0,-0.396788,0.000178814,0,0.0102437,16,8.2,0.0255915,3,1,0.189454,0,0,0.897504,0,0,0.00518187,17,8.2,2.99989,-3,1,9.53674e-05,0,0,0.000238419,0,0,0.00853252,18,8.2,-1.86961,-0.999536,1,0.178179,-0.0140294,0,0.813305,0.0204146,0,0.014145,19,8.2,-0.87001,1.00171,1,-0.498454,0.00521243,0,-0.030905,-0.0209212,0,0.0148299,20,8.2,-3,-3,1,0,0,0,0,0,0,0.0051856,21,8.2,-0.00054561,-1.99368,1,0.00093517,-0.0280499,0,0.00177012,0.0258088,0,0.00996879,22,8.2,-0.991082,-0.868916,1,-0.171122,0.374018,0,0.303358,0.363499,0,0.0161211,23,8.2,-1.9999,0.953528,1,-0.00122488,-0.5,0,0.00292063,-2.98023e-05,0,0.0138961,24,8.2,1,2.08608,1,2.68221e-05,-0.318062,0,-5.96046e-05,0.0178814,0,0.010313,25,8.2,0.999338,1.18325,1,0.00172555,-0.478816,0,-0.00151992,0.0741482,0,0.0132858,26,8.2,3,-0.802129,1,0,-0.5,0,0,-2.98023e-05,0,0.00920217,27,8.2,1.11871,3,1,-0.0868499,0,0,0.999987,0,0,0.00477281,28,8.2,-1.92451,2.93329,1,-0.265861,-0.295395,0,0.526905,-0.710011,0,0.0102963,29,8.2,1.99409,-2.84266,1,0.0161529,-0.380981,0,-0.0038743,0.433922,0,0.00780615,30,8.2,-0.0260135,2.00025,1,-0.149708,0.000619888,0,-0.499386,-0.0026226,0,0.0135501,31,8.2,-2.93861,3,1,0.250423,0,0,0.506163,0,0,0.00577778,32,8.2,1.99695,-0.999997,1,-0.00254512,5.96046e-06,0,0.030458,-2.98023e-05,0,0.00857828,33,8.2,2.00032,0.0823973,1,-0.00121593,-0.299506,0,0.00190735,0.502957,0,0.0104163,34,8.2,9.97092e-05,0.815119,1,-0.0109586,0.5,0,0.0324465,2.98023e-05,0,0.0150421,35,8.2,-0.999469,1.86945,1,-0.0115767,0.192517,0,0.0348985,-1.00005,0,0.0171997
0,8.3,1.00033,-0.986437,1,-0.0029631,-0.139096,0,0.0076592,0.416003,0,0.009429,1,8.3,0.994665,-3,1,0.105406,0,0,-0.686657,0,0,0.00766636,2,8.3,1.63614,-1.99894,1,-0.119547,-0.0035733,0,-1,0.00458956,0,0.0124002,3,8.3,-2.98967,0.918317,1,-0.073465,-0.401252,0,0.339806,-0.778913,0,0.00885068,4,8.3,-2.82594,-1.82697,1,0.491899,-0.376739,0,0.18695,0.0974536,0,0.00994407,5,8.3,-0.960089,2.88789,1,0.217092,0.317137,0,0.785939,-0.497699,0,0.00671115,6,8.3,-1.26247,-1.99798,1,0.453,-0.0561552,0,-0.471063,0.217251,0,0.00978835,7,8.3,2.89577,-1.86652,1,-0.410669,-0.339391,0,-0.701368,0.444718,0,0.00985305,8,8.3,-2.17866,2.01288,1,-0.491945,-0.296147,0,-0.172451,-0.350423,0,0.0104663,9,8.3,1.89007,1.00987,1,0.335163,0.0879556,0,-0.47797,0.50433,0,0.0100436,10,8.3,-0.000792412,-1.0015,1,-0.100242,-0.00269301,0,0.383584,0.0205785,0,0.010734,11,8.3,-0.11383,-2.99944,1,0.337114,0.0126038,0,-0.465987,0.240967,0,0.00876327,12,8.3,1.01556,-0.0018764,1,-0.268375,0.00049159,0,-0.0599325,0.0127329,0,0.0153953,13,8.3,-0.929592,0.00692665,1,0.5,0.0591019,0,0,0.465764,0,0.0144698,14,8.3,-1.01142,-2.82718,1,0.0238679,-0.396132,0,0.00949204,0.411808,0,0.00890071,15,8.3,1.98919,1.99998,1,-0.0959851,-4.47035e-06,0,-0.51415,0.000402331,0,0.0102437,16,8.3,0.0491647,3,1,0.282514,0,0,0.928918,0,0,0.00518187,17,8.3,2.9999,-3,1,0.000115484,0,0,0.000149012,0,0,0.00853252,18,8.3,-1.84792,-1.00087,1,0.253568,-0.0130142,0,0.689693,0.00147149,0,0.014145,19,8.3,-0.91995,1.00213,1,-0.499903,0.00327099,0,-0.00387058,-0.0179186,0,0.0148299,20,8.3,-3,-3,1,0,0,0,0,0,0,0.0051856,21,8.3,-0.000944293,-1.99633,1,-0.013246,-0.0247691,0,-0.259036,0.0387132,0,0.00996879,22,8.3,-1.00663,-0.82956,1,-0.139436,0.413856,0,0.326827,0.409916,0,0.0161211,23,8.3,-2.00001,0.903528,1,-0.000944175,-0.5,0,0.00267476,0,0,0.0138961,24,8.3,1.00001,2.05405,1,2.06754e-05,-0.325124,0,-6.70552e-05,-0.142246,0,0.010313,25,8.3,0.999502,1.13567,1,0.00157095,-0.473505,0,-0.00147521,0.0405237,0,0.0132858,26,8.3,3,-0.852129,1,0,-0.5,0,0,0,0,0.00920217,27,8.3,1.11502,3,1,0.0131495,0,0,1,0,0,0.00477281,28,8.3,-1.94854,2.90008,1,-0.215664,-0.369031,0,0.47683,-0.723094,0,0.0102963,29,8.3,1.99567,-2.8785,1,0.0152787,-0.335037,0,-0.0130758,0.480995,0,0.00780615,30,8.3,-0.0435209,2.0003,1,-0.200492,0.000407919,0,-0.502819,-0.00147521,0,0.0135501,31,8.3,-2.91098,3,1,0.302456,0,0,0.52169,0,0,0.00577778,32,8.3,1.99684,-0.999997,1,0.000157207,3.07336e-06,0,0.0236034,-2.6077e-05,0,0.00857828,33,8.3,2.00021,0.0549744,1,-0.00101887,-0.248919,0,0.00201166,0.504966,0,0.0104163,34,8.3,-0.000838705,0.865119,1,-0.00785606,0.5,0,0.029663,0,0,0.0150421,35,8.3,-1.00045,1.8837,1,-0.00811061,0.0925148,0,0.0344329,-1.00001,0,0.0171997
0,8.4,1.00007,-0.998344,1,-0.00222027,-0.0998512,0,0.00715256,0.367552,0,0.0100645,1,8.4,1.0016,-3,1,0.0322759,0,0,-0.753284,0,0,0.00872584,2,8.4,1.61919,-1.99927,1,-0.219548,-0.00308454,0,-0.999987,0.005126,0,0.0124247,3,8.4,-2.99544,0.874813,1,-0.043267,-0.463465,0,0.264049,-0.458807,0,0.00702526,4,8.4,-2.77619,-1.8645,1,0.499988,-0.376913,0,0.000238419,-0.0882745,0,0.0115309,5,8.4,-0.934359,2.91709,1,0.297759,0.266713,0,0.802726,-0.506401,0,0.00802407,6,8.4,-1.2199,-2.00258,1,0.394997,-0.0363469,0,-0.670612,0.178933,0,0.01022,7,8.4,2.85165,-1.89822,1,-0.466818,-0.294399,0,-0.415206,0.452518,0,0.00884746,8,8.4,-2.22839,1.9812,1,-0.499713,-0.339749,0,-0.00584126,-0.494838,0,0.0106258,9,8.4,1.92115,1.02127,1,0.286236,0.140661,0,-0.496447,0.533283,0,0.00968683,10,8.4,-0.00899502,-1.00167,1,-0.0647939,-0.000846386,0,0.324618,0.0163317,0,0.0104035,11,8.4,-0.0824944,-2.99672,1,0.289232,0.0437319,0,-0.487665,0.364065,0,0.00833824,12,8.4,0.988245,-0.00177201,1,-0.279272,0.00151225,0,-0.141978,0.00769569,0,0.0149407,13,8.4,-0.879592,0.0153266,1,0.5,0.110257,0,2.98023e-05,0.547467,0,0.0133466,14,8.4,-1.00901,-2.86463,1,0.0239104,-0.351995,0,-0.00786781,0.466704,0,0.00774167,15,8.4,1.97696,1.99999,1,-0.148815,6.85453e-05,0,-0.527143,0.00101328,0,0.0138364,16,8.4,0.0818843,3,1,0.369522,0,0,0.788853,0,0,0.00658357,17,8.4,2.99992,-3,1,0.00012517,0,0,0.000119209,0,0,0.00713397,18,8.4,-1.81935,-1.00219,1,0.315309,-0.0134438,0,0.541747,-0.00876188,0,0.0157808,19,8.4,-0.969948,1.00237,1,-0.5,0.00162423,0,-2.98023e-05,-0.0150204,0,0.0150868,20,8.4,-3,-3,1,0,0,0,0,0,0,0.00656181,21,8.4,-0.00381597,-1.9986,1,-0.0461775,-0.02051,0,-0.379008,0.0455379,0,0.00947767,22,8.4,-1.01892,-0.786199,1,-0.106415,0.452232,0,0.330508,0.343233,0,0.0144245,23,8.4,-2.00009,0.853528,1,-0.000691414,-0.5,0,0.00238419,-2.98023e-05,0,0.0126615,24,8.4,1.00001,2.02068,1,1.49012e-05,-0.343436,0,-0.000119209,-0.210166,0,0.0089298,25,8.4,0.999653,1.08852,1,0.0014469,-0.469196,0,-0.000983477,0.0522733,0,0.0119072,26,8.4,3,-0.902129,1,0,-0.5,0,0,-2.98023e-05,0,0.00664261,27,8.4,1.12134,3,1,0.11315,0,0,0.999987,0,0,0.00390848,28,8.4,-1.96781,2.85979,1,-0.170523,-0.43388,0,0.425816,-0.552058,0,0.0126861,29,8.4,1.99712,-2.90955,1,0.0136405,-0.28556,0,-0.0191927,0.504732,0,0.00764899,30,8.4,-0.0659975,2.00033,1,-0.247913,0.000345707,0,-0.435457,0.000476837,0,0.0150757,31,8.4,-2.87819,3,1,0.352454,0,0,0.468135,0,0,0.00520378,32,8.4,1.99696,-0.999996,1,0.00218153,0,0,0.0169277,-2.98023e-05,0,0.00823213,33,8.4,2.00011,0.0325838,1,-0.000822544,-0.199211,0,0.00214577,0.486047,0,0.00995999,34,8.4,-0.00148023,0.915119,1,-0.00501572,0.5,0,0.0271877,2.98023e-05,0,0.0140623,35,8.4,-1.00109,1.88795,1,-0.00468791,-0.00748634,0,0.0340343,-0.999987,0,0.0155168
0,8.5,0.999887,-1.00658,1,-0.00154413,-0.0658854,0,0.00634044,0.311267,0,0.0100645,1,8.5,1.00165,-3,1,-0.0259537,0,0,-0.426367,0,0,0.00872584,2,8.5,1.59245,-1.99956,1,-0.312618,-0.00256803,0,-0.851825,0.00516325,0,0.0124247,3,8.5,-2.99857,0.826713,1,-0.0206489,-0.493518,0,0.189766,-0.159312,0,0.00702526,4,8.5,-2.72619,-1.90322,1,0.499999,-0.402173,0,2.98023e-05,-0.366218,0,0.0115309,5,8.5,-0.902193,2.94124,1,0.330879,0.216692,0,-0.0801086,-0.49074,0,0.00802407,6,8.5,-1.18439,-2.00538,1,0.310437,-0.0203505,0,-0.95883,0.141621,0,0.01022,7,8.5,2.80338,-1.92542,1,-0.494065,-0.249774,0,-0.145063,0.438511,0,0.00884746,8,8.5,-2.27838,1.94466,1,-0.499983,-0.39144,0,-0.000685453,-0.515625,0,0.0106258,9,8.5,1.9473,1.03805,1,0.236709,0.19503,0,-0.490583,0.539877,0,0.00968683,10,8.5,-0.0139563,-1.00168,1,-0.0354782,0.000570528,0,0.261867,0.0120476,0,0.0104035,11,8.5,-0.0560134,-2.99024,1,0.240437,0.0881363,0,-0.484767,0.503406,0,0.00833824,12,8.5,0.959356,-0.00158803,1,-0.300514,0.00210683,0,-0.263464,0.00407665,0,0.0149407,13,8.5,-0.829592,0.0291937,1,0.5,0.167914,0,0,0.597397,0,0.0133466,14,8.5,-1.00621,-2.89742,1,0.0362799,-0.303229,0,0.233412,0.503212,0,0.00774167,15,8.5,1.95936,2,1,-0.203485,0.000190549,0,-0.550523,0.00158697,0,0.0138364,16,8.5,0.122409,3,1,0.436982,0,0,0.550858,0,0,0.00658357,17,8.5,2.99993,-3,1,0.000131875,0,0,2.98023e-05,0,0,0.00713397,18,8.5,-1.78504,-1.00354,1,0.371108,-0.0133228,0,0.554174,0.010103,0,0.0157808,19,8.5,-1.01995,1.00247,1,-0.5,0.000286289,0,7.45058e-06,-0.0117943,0,0.0150868,20,8.5,-3,-3,1,0,0,0,0,0,0,0.00656181,21,8.5,-0.0107836,-2.00042,1,-0.0969846,-0.0158899,0,-0.608156,0.0463128,0,0.00947767,22,8.5,-1.02795,-0.739444,1,-0.0745818,0.480804,0,0.304997,0.22006,0,0.0144245,23,8.5,-2.00015,0.803528,1,-0.000470504,-0.5,0,0.00204146,0,0,0.0126615,24,8.5,1.00001,1.98507,1,4.09782e-06,-0.370419,0,-8.9407e-05,-0.313118,0,0.0089298,25,8.5,0.999792,1.04185,1,0.00132686,-0.464331,0,-0.00126287,0.0510961,0,0.0119072,26,8.5,3,-0.952129,1,0,-0.5,0,0,0,0,0.00664261,27,8.5,1.13765,3,1,0.213111,0,0,0.99843,0,0,0.00390848,28,8.5,-1.98283,2.81406,1,-0.130807,-0.476342,0,0.36902,-0.299215,0,0.0126861,29,8.5,1.99838,-2.93556,1,0.011535,-0.23472,0,-0.0225157,0.507504,0,0.00764899,30,8.5,-0.0929262,2.00037,1,-0.289996,0.000485033,0,-0.395833,0.00241399,0,0.0150757,31,8.5,-2.8408,3,1,0.393612,0,0,0.35955,0,0,0.00520378,32,8.5,1.99725,-0.999997,1,0.00355542,-2.51457e-06,0,0.0106841,-1.86265e-05,0,0.00823213,33,8.5,2.00004,0.0150363,1,-0.000617094,-0.152366,0,0.0019595,0.448458,0,0.00995999,34,8.5,-0.00185456,0.96511,1,-0.00255202,0.499636,0,0.0223115,-0.011418,0,0.0140623,35,8.5,-1.00133,1.88221,1,0.000449084,-0.107323,0,0.0658408,-0.99349,0,0.0155168
0,8.6,0.999762,-1.01171,1,-0.000955164,-0.0376582,0,0.00533462,0.25326,0,0.00929403,1,8.6,0.997358,-3,1,-0.0558063,0,0,-0.183791,0,0,0.00763362,2,8.6,1.55724,-1.99979,1,-0.388446,-0.00205636,0,-0.659823,0.00500679,0,0.0104451,3,8.6,-2.9998,0.776903,1,-0.00498891,-0.5,0,0.12517,0,0,0.00826194,4,8.6,-2.67619,-1.9454,1,0.5,-0.44176,0,0,-0.392199,0,0.0114546,5,8.6,-0.870552,2.96051,1,0.292739,0.169164,0,-0.632972,-0.457287,0,0.00593867,6,8.6,-1.15827,-2.00676,1,0.211465,-0.00788569,0,-0.999987,0.108361,0,0.0103617,7,8.6,2.75356,-1.94824,1,-0.5,-0.206971,0,0,0.416279,0,0.00875356,8,8.6,-2.32838,1.90305,1,-0.5,-0.43911,0,0,-0.423431,0,0.0107645,9,8.6,1.96855,1.06017,1,0.188756,0.24614,0,-0.465691,0.471592,0,0.0101798,10,8.6,-0.0162972,-1.00157,1,-0.0123534,0.00157356,0,0.201131,0.00816584,0,0.012175,11,8.6,-0.0343644,-2.97883,1,0.192906,0.140709,0,-0.463037,0.531793,0,0.0088339,12,8.6,0.92792,-0.00136375,1,-0.328505,0.00230914,0,-0.281155,-9.58657e-05,0,0.0181879,13,8.6,-0.779592,0.0489961,1,0.5,0.228192,0,2.98023e-05,0.600994,0,0.0152494,14,8.6,-1.00116,-2.9252,1,0.0666246,-0.25236,0,0.355572,0.50962,0,0.00766686,15,8.6,1.93633,2.00003,1,-0.256148,0.000417233,0,-0.490785,0.00298023,0,0.0116205,16,8.6,0.168425,3,1,0.478997,0,0,0.291981,0,0,0.00830341,17,8.6,2.99994,-3,1,0.00013113,0,0,0,0,0,0.00833192,18,8.6,-1.74527,-1.0048,1,0.422853,-0.0116259,0,0.467956,0.0228882,0,0.0112222,19,8.6,-1.06995,1.00244,1,-0.500003,-0.000748038,0,5.96046e-05,-0.0090003,0,0.0140038,20,8.6,-3,-3,1,0,0,0,0,0,0,0.00582011,21,8.6,-0.0237023,-2.00178,1,-0.16259,-0.0113428,0,-0.68075,0.0443459,0,0.0116594,22,8.6,-1.03394,-0.690499,1,-0.0456244,0.495808,0,0.273168,0.0838637,0,0.0133235,23,8.6,-2.00019,0.753528,1,-0.000280142,-0.5,0,0.00166893,-2.98023e-05,0,0.0125602,24,8.6,1.00001,1.94641,1,-2.98023e-06,-0.403097,0,-5.96046e-05,-0.32711,0,0.00969107,25,8.6,0.999919,0.995708,1,0.00122339,-0.457899,0,-0.000685453,0.082165,0,0.0140277,26,8.6,3,-1.00213,1,0,-0.5,0,0,0,0,0.00699929,27,8.6,1.16394,3,1,0.312519,0,0,0.987351,0,0,0.00393637,28,8.6,-1.99415,2.76531,1,-0.0966132,-0.495303,0,0.315428,-0.0940561,0,0.010969,29,8.6,1.99942,-2.95652,1,0.00921488,-0.184894,0,-0.0237226,0.485063,0,0.00712314,30,8.6,-0.123769,2.00044,1,-0.325292,0.000846386,0,-0.302597,0.00488758,0,0.0149004,31,8.6,-2.79979,3,1,0.425184,0,0,0.275373,0,0,0.00437576,32,8.6,1.99765,-0.999997,1,0.00434816,-4.47035e-06,0,0.00536442,0,0,0.00877323,33,8.6,1.99999,0.00196326,1,-0.000435114,-0.109927,0,0.00178814,0.398639,0,0.00858099,34,8.6,-0.00200474,1.01496,1,-0.000512262,0.4967,0,0.0186698,-0.0533462,0,0.0148743,35,8.6,-1.00092,1.86656,1,0.0079453,-0.204879,0,0.0815988,-0.947952,0,0.0123868
0,8.7,0.999692,-1.01431,1,-0.000473019,-0.0152575,0,0.00431016,0.195406,0,0.00929403,1,8.7,0.991161,-3,1,-0.0653781,0,0,-0.0180453,0,0,0.00763362,2,8.7,1.51545,-1.99997,1,-0.443905,-0.00157095,0,-0.449643,0.00466406,0,0.0104451,3,8.7,-2.99976,0.726903,1,0.00487342,-0.5,0,0.0740886,-7.45058e-06,0,0.00826194,4,8.7,-2.62619,-1.99136,1,0.5,-0.475306,0,0,-0.267491,0,0.0114546,5,8.7,-0.844977,2.97521,1,0.214298,0.125684,0,-0.90196,-0.409886,0,0.00593867,6,8.7,-1.14212,-2.00706,1,0.111466,0.00139512,0,-1,0.0784546,0,0.0103617,7,8.7,2.70356,-1.9669,1,-0.5,-0.166906,0,0,0.384234,0,0.00875356,8,8.7,-2.37838,1.85726,1,-0.5,-0.474309,0,0,-0.274442,0,0.0107645,9,8.7,1.98516,1.08704,1,0.144202,0.29023,0,-0.423633,0.401825,0,0.0101798,10,8.7,-0.0166249,-1.00138,1,0.00484936,0.00220947,0,0.144037,0.00466406,0,0.012175,11,8.7,-0.0173264,-2.962,1,0.148525,0.196188,0,-0.422795,0.56155,0,0.0088339,12,8.7,0.893633,-0.00113581,1,-0.35728,0.00222054,0,-0.285048,-0.0018445,0,0.0181879,13,8.7,-0.729592,0.0748343,1,0.5,0.28852,0,0,0.598029,0,0.0152494,14,8.7,-0.992414,-2.94791,1,0.110871,-0.202135,0,0.507314,0.490949,0,0.00766686,15,8.7,1.90826,2.00008,1,-0.304951,0.000736117,0,-0.471868,0.00360608,0,0.0116205,16,8.7,0.2174,3,1,0.497038,0,0,0.0845266,0,0,0.00830341,17,8.7,2.99996,-3,1,0.000124797,0,0,-0.000104308,0,0,0.00833192,18,8.7,-1.70085,-1.00584,1,0.463213,-0.00902656,0,0.330828,0.0285581,0,0.0112222,19,8.7,-1.11995,1.00233,1,-0.5,-0.00151582,0,7.45058e-06,-0.0064224,0,0.0140038,20,8.7,-3,-3,1,0,0,0,0,0,0,0.00582011,21,8.7,-0.0435474,-2.0027,1,-0.235642,-0.00721551,0,-0.760956,0.0381619,0,0.0116594,22,8.7,-1.03721,-0.640661,1,-0.0205806,0.499738,0,0.227965,0.0104792,0,0.0133235,23,8.7,-2.00021,0.703528,1,-0.000128523,-0.5,0,0.00138581,0,0,0.0125602,24,8.7,1.00001,1.90444,1,-8.00937e-06,-0.436269,0,-3.72529e-05,-0.32527,0,0.00969107,25,8.7,1.00004,0.950231,1,0.00111265,-0.452319,0,-0.00127777,0.0409968,0,0.0140277,26,8.7,3,-1.05213,1,0,-0.5,0,0,0,0,0.00699929,27,8.7,1.19976,3,1,0.399619,0,0,0.741526,0,0,0.00393637,28,8.7,-2.00233,2.71549,1,-0.0676882,-0.499707,0,0.263736,-0.0117123,0,0.010969,29,8.7,2.00022,-2.97265,1,0.00687465,-0.138314,0,-0.0228584,0.443175,0,0.00712314,30,8.7,-0.157751,2.00057,1,-0.353619,0.00187829,0,-0.258267,0.0149608,0,0.0149004,31,8.7,-2.75578,3,1,0.455367,0,0,0.302106,0,0,0.00437576,32,8.7,1.99811,-0.999997,1,0.00465438,-4.47035e-06,0,0.000953674,0,0,0.00877323,33,8.7,1.99996,-0.0071332,1,-0.00027176,-0.0729906,0,0.00146776,0.339399,0,0.00858099,34,8.7,-0.00197219,1.0643,1,0.00107551,0.489457,0,0.0133933,-0.0946298,0,0.0148743,35,8.7,-0.999716,1.84139,1,0.016206,-0.297431,0,0.0813119,-0.88264,0,0.0123868
0,8.8,0.999664,-1.01495,1,-9.38773e-05,0.00157058,0,0.00330806,0.142038,0,0.0116608,1,8.8,0.984735,-3,1,-0.0613213,0,0,0.09045,0,0,0.00793274,2,8.8,1.46915,-2.0001,1,-0.47884,-0.00112653,0,-0.25332,0.00429153,0,0.00907781,3,8.8,-2.99898,0.676903,1,0.0102103,-0.5,0,0.0345707,-2.98023e-05,0,0.00958991,4,8.8,-2.57619,-2.03997,1,0.5,-0.494301,0,0,-0.113964,0,0.0110216,5,8.8,-0.82827,2.98582,1,0.118375,0.0875831,0,-0.990123,-0.350475,0,0.00818934,6,8.8,-1.13598,-2.00657,1,0.011465,0.00802279,0,-0.999987,0.0551939,0,0.011183,7,8.8,2.65356,-1.98173,1,-0.5,-0.130266,0,0,0.348032,0,0.00828823,8,8.8,-2.42838,1.80872,1,-0.5,-0.493753,0,0,-0.118077,0,0.00930549,9,8.8,1.99755,1.1179,1,0.104326,0.325087,0,-0.372648,0.28944,0,0.00870968,10,8.8,-0.0155063,-1.00114,1,0.0166851,0.00252426,0,0.0938764,0.00184774,0,0.012759,11,8.8,-0.00450874,-2.93964,1,0.108655,0.250155,0,-0.373309,0.505447,0,0.00908495,12,8.8,0.856538,-0.000927012,1,-0.383857,0.00191208,0,-0.239134,-0.00443787,0,0.015188,13,8.8,-0.679592,0.106618,1,0.5,0.346412,0,2.98023e-05,0.553485,0,0.0155921,14,8.8,-0.978691,-2.96573,1,0.164129,-0.154871,0,0.540346,0.451326,0,0.00682526,15,8.8,1.87553,2.00018,1,-0.348184,0.00117421,0,-0.38296,0.00548363,0,0.0123317,16,8.8,0.267323,3,1,0.5,0,0,1.43051e-05,0,0,0.00845554,17,8.8,2.99997,-3,1,0.000113249,0,0,-0.000238419,0,0,0.00754932,18,8.8,-1.65314,-1.00659,1,0.48826,-0.00601411,0,0.171006,0.0311732,0,0.0119728,19,8.8,-1.16995,1.00215,1,-0.500003,-0.00204444,0,5.96046e-05,-0.00423193,0,0.013987,20,8.8,-3,-3,1,0,0,0,0,0,0,0.00496374,21,8.8,-0.0709146,-2.00324,1,-0.311284,-0.00371337,0,-0.736241,0.0317097,0,0.0125983,22,8.8,-1.0382,-0.590666,1,2.68221e-05,0.5,0,0.184536,2.98023e-05,0,0.013544,23,8.8,-2.00022,0.653528,1,-5.96046e-06,-0.5,0,0.00107288,-2.98023e-05,0,0.0100923,24,8.8,1.00001,1.85927,1,-8.9407e-06,-0.466213,0,-5.96046e-05,-0.2653,0,0.0113043,25,8.8,1.00014,0.905215,1,0.0010103,-0.447676,0,-0.000596046,0.0604987,0,0.0127669,26,8.8,3,-1.10213,1,0,-0.500003,0,0,5.96046e-05,0,0.00625349,27,8.8,1.24295,3,1,0.459343,0,0,0.451207,0,0,0.00372483,28,8.8,-2.00786,2.6655,1,-0.043726,-0.5,0,0.216126,0,0,0.0102557,29,8.8,2.0008,-2.98436,1,0.00467896,-0.0968218,0,-0.0207424,0.384092,0,0.00745046,30,8.8,-0.194292,2.00084,1,-0.375957,0.00370145,0,-0.184276,0.0207424,0,0.0144782,31,8.8,-2.70885,3,1,0.481701,0,0,0.211596,0,0,0.00471304,32,8.8,1.99857,-0.999998,1,0.00457168,-4.47035e-06,0,-0.00238419,0,0,0.00900005,33,8.8,1.99993,-0.0128378,1,-0.000137091,-0.0421344,0,0.00113249,0.277529,0,0.00793301,34,8.8,-0.00180429,1.11269,1,0.0022228,0.477251,0,0.00980887,-0.151575,0,0.0111668,35,8.8,-0.997705,1.80748,1,0.0237986,-0.378099,0,0.068754,-0.717998,0,0.0129153
0,8.9,0.99967,-1.01417,1,0.000187568,0.0133162,0,0.00233948,0.0941232,0,0.0116608,1,8.9,0.979168,-3,1,-0.0490604,0,0,0.148535,0,0,0.00793274,2,8.9,1.42028,-2.00019,1,-0.495788,-0.000730529,0,-0.0953749,0.00365078,0,0.00907781,3,8.9,-2.99783,0.626903,1,0.0122886,-0.5,0,0.00827014,0,0,0.00958991,4,8.9,-2.5262,-2.08975,1,0.499493,-0.499643,0,-0.0123233,-0.0142455,0,0.0110216,5,8.9,-0.821319,2.99294,1,0.0216753,0.0558317,0,-0.929054,-0.283808,0,0.00818934,6,8.9,-1.13983,-2.00554,1,-0.0885345,0.0121791,0,-1,0.028953,0,0.011183,7,8.9,2.60356,-1.99309,1,-0.5,-0.0977222,0,0,0.303015,0,0.00828823,8,8.9,-2.47837,1.75898,1,-0.499947,-0.499523,0,0.00208616,-0.0173301,0,0.00930549,9,8.9,2.00621,1.15175,1,0.0699606,0.35063,0,-0.314429,0.215471,0,0.00870968,10,8.9,-0.0134431,-1.00088,1,0.0238707,0.0025887,0,0.0512908,-0.000461936,0,0.012759,11,8.9,0.00458664,-2.91204,1,0.0742257,0.302096,0,-0.314959,0.51707,0,0.00908495,12,8.9,0.816894,-0.000757082,1,-0.409382,0.00148893,0,-0.260673,-0.00428666,0,0.015188,13,8.9,-0.629592,0.143889,1,0.5,0.397547,0,0,0.466414,0,0.0155921,14,8.9,-0.959507,-2.97905,1,0.21982,-0.112375,0,0.557631,0.396237,0,0.00682526,15,8.9,1.83891,2.00032,1,-0.38297,0.00157282,0,-0.307761,0.00286102,0,0.0123317,16,8.9,0.317323,3,1,0.5,0,0,-1.78814e-06,0,0,0.00845554,17,8.9,2.99998,-3,1,8.97795e-05,0,0,-0.000223517,0,0,0.00754932,18,8.9,-1.6037,-1.00704,1,0.498469,-0.00297818,0,0.0452921,0.0293627,0,0.0119728,19,8.9,-1.21995,1.00192,1,-0.5,-0.00236891,0,7.45058e-06,-0.00230968,0,0.013987,20,8.9,-3,-3,1,0,0,0,0,0,0,0.00496374,21,8.9,-0.105541,-2.00347,1,-0.3792,-0.000922754,0,-0.61372,0.0242442,0,0.0125983,22,8.9,-1.03735,-0.540666,1,0.016371,0.5,0,0.142775,0,0,0.013544,23,8.9,-2.00021,0.603528,1,8.75443e-05,-0.5,0,0.000819564,0,0,0.0100923,24,8.9,1.00001,1.81151,1,-1.37836e-05,-0.48699,0,-2.98023e-05,-0.151917,0,0.0113043,25,8.9,1.00024,0.860679,1,0.000904687,-0.443498,0,-0.00124425,0.0334904,0,0.0127669,26,8.9,3,-1.15213,1,0,-0.5,0,0,7.45058e-06,0,0.00625349,27,8.9,1.29066,3,1,0.49051,0,0,0.18359,0,0,0.00372483,28,8.9,-2.01123,2.6155,1,-0.0244722,-0.5,0,0.169933,0,0,0.0102557,29,8.9,2.00117,-2.99223,1,0.00274889,-0.0618484,0,-0.0177771,0.314102,0,0.00745046,30,8.9,-0.232862,2.00148,1,-0.395934,0.0104908,0,-0.212853,0.104621,0,0.0144782,31,8.9,-2.65984,3,1,0.496293,0,0,0.0842363,0,0,0.00471304,32,8.9,1.99901,-0.999998,1,0.00420716,-4.47035e-06,0,-0.00474602,0,0,0.00900005,33,8.9,1.99993,-0.015769,1,-3.7998e-05,-0.017527,0,0.000849366,0.21524,0,0.00793301,34,8.9,-0.00154124,1.15977,1,0.00296475,0.465334,0,0.00540308,-0.0983328,0,0.0111668,35,8.9,-0.995074,1.76642,1,0.0279736,-0.43953,0,0.0170544,-0.504091,0,0.0129153
0,9,0.999699,-1.01243,1,0.000376999,0.0206441,0,0.00151992,0.0536442,0,0.0106121,1,9,0.975058,-3,1,-0.0327304,0,0,0.173092,0,0,0.00760804,2,9,1.37041,-2.00025,1,-0.5,-0.000399351,0,0,0.00298023,0,0.00815983,3,9,-2.99659,0.576903,1,0.0121057,-0.5,0,-0.0109673,-2.98023e-05,0,0.00794008,4,9,-2.47635,-2.13974,1,0.497127,-0.5,0,-0.0368357,0,0,0.00951507,5,9,-0.823596,2.99722,1,-0.0649378,0.0308871,0,-0.79304,-0.215173,0,0.00677428,6,9,-1.15368,-2.00421,1,-0.188535,0.0140071,0,-0.999987,0.00882149,0,0.00998593,7,9,2.55356,-2.00142,1,-0.5,-0.0696301,0,0,0.25928,0,0.00790191,8,9,-2.52834,1.70899,1,-0.499159,-0.500003,0,0.0166893,5.96046e-05,0,0.00774208,9,9,2.01173,1.18773,1,0.041455,0.367194,0,-0.255585,0.111759,0,0.0085739,10,9,-0.0108598,-1.00063,1,0.0272261,0.00245571,0,0.017189,-0.00214577,0,0.0117274,11,9,0.0105332,-2.87933,1,0.0456953,0.350714,0,-0.255648,0.442982,0,0.00969936,12,9,0.774691,-0.000631157,1,-0.434077,0.0010092,0,-0.224739,-0.00550164,0,0.0174038,13,9,-0.579592,0.185812,1,0.5,0.439221,0,2.98023e-05,0.365124,0,0.0142302,14,9,-0.934817,-2.98841,1,0.27287,-0.0760019,0,0.491321,0.329852,0,0.00871826,15,9,1.79923,2.00049,1,-0.408879,0.00181198,0,-0.206828,0.00238419,0,0.0130193,16,9,0.367323,3,1,0.5,0,0,-1.43051e-05,0,0,0.00632775,17,9,2.99999,-3,1,6.55651e-05,0,0,-0.000119209,0,0,0.00826348,18,9,-1.55374,-1.00719,1,0.500003,-0.000175834,0,-5.96046e-05,0.0265241,0,0.0127885,19,9,-1.26995,1.00168,1,-0.500003,-0.0025183,0,5.96046e-05,-0.00077486,0,0.0127843,20,9,-3,-3,1,0,0,0,0,0,0,0.00687765,21,9,-0.146275,-2.00345,1,-0.432814,0.00117421,0,-0.454791,0.017643,0,0.0112814,22,9,-1.03506,-0.490666,1,0.0286728,0.5,0,0.103831,-1.43051e-05,0,0.0116644,23,9,-2.0002,0.553528,1,0.000154972,-0.5,0,0.000596046,-2.98023e-05,0,0.011782,24,9,1.00001,1.76222,1,-1.49012e-05,-0.497186,0,0,-0.0563264,0,0.00994224,25,9,1.00032,0.816523,1,0.000807643,-0.439155,0,-0.000476837,0.0611246,0,0.0126388,26,9,3,-1.20213,1,0,-0.500003,0,0,5.96046e-05,0,0.00777122,27,9,1.3403,3,1,0.499314,0,0,0.0137687,0,0,0.00382973,28,9,-2.0129,2.5655,1,-0.0095427,-0.5,0,0.129342,0,0,0.00848242,29,9,2.00136,-2.99697,1,0.00113845,-0.0341475,0,-0.0145435,0.239611,0,0.00824959,30,9,-0.273549,2.00312,1,-0.418018,0.0227571,0,-0.22614,0.132442,0,0.0142216,31,9,-2.60996,3,1,0.499988,0,0,0.000238419,0,0,0.00543233,32,9,1.99941,-0.999999,1,0.00365376,-2.98023e-06,0,-0.00625849,-2.98023e-05,0,0.010125,33,9,1.99993,-0.0165441,1,3.57628e-05,0.00106054,0,0.000536442,0.157359,0,0.00881294,34,9,-0.00122248,1.20582,1,0.00337108,0.455558,0,0.003027,-0.105977,0,0.0109922,35,9,-0.99226,1.72033,1,0.0276506,-0.478497,0,-0.0214875,-0.277698,0,0.0102343
0,9.1,0.999743,-1.01016,1,0.000490528,0.024303,0,0.000771135,0.0208765,0,0.0106121,1,9.1,0.972652,-3,1,-0.0154477,0,0,0.169605,0,0,0.00760804,2,9.1,1.32054,-2.00028,1,-0.496061,-0.000131875,0,0.0816658,0.00235438,0,0.00815983,3,9.1,-2.99546,0.526903,1,0.0103559,-0.5,0,-0.0230819,2.08616e-06,0,0.00794008,4,9.1,-2.4269,-2.18974,1,0.491011,-0.5,0,-0.0856221,0,0,0.00951507,5,9.1,-0.833744,2.99934,1,-0.134857,0.0127211,0,-0.602912,-0.14922,0,0.00677428,6,9.1,-1.17752,-2.00279,1,-0.287712,0.0142258,0,-0.970319,-0.0038594,0,0.00998593,7,9.1,2.50356,-2.00716,1,-0.5,-0.045871,0,0,0.216246,0,0.00790191,8,9.1,-2.57807,1.65899,1,-0.494198,-0.5,0,0.0820607,7.45058e-06,0,0.00774208,9,9.1,2.0147,1.22499,1,0.0188101,0.377689,0,-0.197992,0.0902265,0,0.0085739,10,9.1,-0.00809753,-1.00039,1,0.0275908,0.00218358,0,-0.00854306,-0.0032112,0,0.0117274,11,9.1,0.0139565,-2.84202,1,0.0240244,0.395582,0,-0.180322,0.442728,0,0.00969936,12,9.1,0.730121,-0.000558532,1,-0.457431,0.000431228,0,-0.231922,-0.00621986,0,0.0174038,13,9.1,-0.529592,0.231355,1,0.499988,0.469646,0,-0.000497475,0.245142,0,0.0142302,14,9.1,-0.905114,-2.99448,1,0.320489,-0.0466358,0,0.449207,0.257418,0,0.00871826,15,9.1,1.7573,2.00068,1,-0.429757,0.00188611,0,-0.202216,-0.000491738,0,0.0130193,16,9.1,0.417323,3,1,0.5,0,0,0,0,0,0.00632775,17,9.1,2.99999,-3,1,5.1409e-05,0,0,-0.000178814,0,0,0.00826348,18,9.1,-1.50374,-1.00708,1,0.5,0.00229105,0,-7.45058e-06,0.0227094,0,0.0127885,19,9.1,-1.31995,1.00142,1,-0.5,-0.00253227,0,7.45058e-06,0.000454485,0,0.0127843,20,9.1,-3,-3,1,0,0,0,0,0,0,0.00687765,21,9.1,-0.19159,-2.00326,1,-0.470891,0.00264272,0,-0.299831,0.0118911,0,0.0112814,22,9.1,-1.03174,-0.440667,1,0.0370448,0.499967,0,0.0646636,-0.00130191,0,0.0116644,23,9.1,-2.00018,0.503528,1,0.000203773,-0.5,0,0.000372529,5.66244e-06,0,0.011782,24,9.1,1,1.71233,1,-1.41561e-05,-0.499824,0,1.49012e-05,-0.00701845,0,0.00994224,25,9.1,1.0004,0.772854,1,0.000729039,-0.434618,0,-0.000849366,0.0367388,0,0.0126388,26,9.1,3,-1.25213,1,0,-0.5,0,0,7.45058e-06,0,0.00777122,27,9.1,1.39027,3,1,0.499957,0,0,0.00169873,0,0,0.00382973,28,9.1,-2.01326,2.5155,1,0.0016015,-0.5,0,0.0943989,0,0,0.00848242,29,9.1,2.00141,-2.99931,1,-0.000138208,-0.0138856,0,-0.011012,0.166655,0,0.00824959,30,9.1,-0.31662,2.00591,1,-0.444265,0.0315987,0,-0.278201,0.0482798,0,0.0142216,31,9.1,-2.55996,3,1,0.499999,0,0,2.98023e-05,0,0,0.00543233,32,9.1,1.99974,-0.999999,1,0.00299104,-5.02914e-06,0,-0.00688434,-7.45058e-06,0,0.010125,33,9.1,1.99993,-0.0157416,1,7.97212e-05,0.0141182,0,0.000342727,0.105108,0,0.00881294,34,9.1,-0.000876549,1.25121,1,0.00349519,0.455206,0,-0.000121589,0.0776052,0,0.0109922,35,9.1,-0.989648,1.67143,1,0.0241837,-0.49637,0,-0.0461973,-0.0918433,0,0.0102343
0,9.2,0.999795,-1.00767,1,0.000537932,0.0250787,0,0.000149012,-0.00411272,0,0.00947362,1,9.2,0.97193,-3,1,0.000685453,0,0,0.150889,0,0,0.00836281,2,9.2,1.2715,-2.00028,1,-0.483233,7.7486e-05,0,0.176191,0.00178814,0,0.00871476,3,9.2,-2.99455,0.476903,1,0.0076592,-0.5,0,-0.0299215,1.43051e-05,0,0.00789242,4,9.2,-2.37831,-2.23974,1,0.47999,-0.5,0,-0.134826,0,0,0.00984607,5,9.2,-0.849915,2.99997,1,-0.185259,0.000756979,0,-0.404924,-0.0916719,0,0.00590668,6,9.2,-1.21094,-2.00141,1,-0.377959,0.0133395,0,-0.801384,-0.013113,0,0.0104617,7,9.2,2.45356,-2.01074,1,-0.5,-0.0263035,0,0,0.175595,0,0.00804492,8,9.2,-2.62697,1.60899,1,-0.482863,-0.500003,0,0.144243,5.96046e-05,0,0.00872037,9,9.2,2.01568,1.26312,1,0.00170469,0.38389,0,-0.144958,0.0280738,0,0.00834289,10,9.2,-0.00541435,-1.00019,1,0.0257713,0.00182986,0,-0.0266583,-0.0038147,0,0.010609,11,9.2,0.0155643,-2.80033,1,0.0091447,0.437212,0,-0.119586,0.380754,0,0.0100908,12,9.2,0.683277,-0.000548778,1,-0.478692,-0.000261626,0,-0.186086,-0.0077438,0,0.0139613,13,9.2,-0.4796,0.279361,1,0.499801,0.488675,0,-0.00394881,0.13791,0,0.0135311,14,9.2,-0.87097,-2.99798,1,0.360665,-0.0244558,0,0.345707,0.18692,0,0.0066893,15,9.2,1.71338,2.00086,1,-0.447813,0.0017941,0,-0.15223,-0.00119209,0,0.0126249,16,9.2,0.467323,3,1,0.5,0,0,0,0,0,0.00599321,17,9.2,3,-3,1,3.57628e-05,0,0,-0.000238419,0,0,0.00704117,18,9.2,-1.45374,-1.00675,1,0.500003,0.00434816,0,-5.96046e-05,0.0183582,0,0.0119855,19,9.2,-1.36995,1.00118,1,-0.500003,-0.00243783,0,5.96046e-05,0.00143051,0,0.0109103,20,9.2,-3,-3,1,0,0,0,0,0,0,0.0069178,21,9.2,-0.239895,-2.00294,1,-0.492423,0.00358224,0,-0.134155,0.00715256,0,0.0091497,22,9.2,-1.02777,-0.390687,1,0.0418067,0.499479,0,0.0315905,-0.0104159,0,0.0102561,23,9.2,-2.00016,0.453528,1,0.000232458,-0.5,0,0.000119209,1.43051e-05,0,0.00975208,24,9.2,1,1.66233,1,-1.19209e-05,-0.500003,0,0,5.96046e-05,0,0.0102254,25,9.2,1.00047,0.729585,1,0.000679493,-0.430536,0,0,0.0505149,0,0.0135636,26,9.2,3,-1.30213,1,0,-0.500003,0,0,5.96046e-05,0,0.00754489,27,9.2,1.44027,3,1,0.500003,0,0,-5.96046e-05,0,0,0.00461004,28,9.2,-2.01268,2.4655,1,0.00950694,-0.5,0,0.064373,0,0,0.00954063,29,9.2,2.00134,-2.99998,1,-0.00107288,-0.000536442,0,-0.00762939,0.102282,0,0.00803069,30,9.2,-0.362392,2.0092,1,-0.470374,0.0331461,0,-0.231713,-0.0138283,0,0.0115866,31,9.2,-2.50996,3,1,0.5,0,0,0,0,0,0.00533131,32,9.2,2,-1,1,0.00230074,-5.96046e-06,0,-0.00703335,0,0,0.00972523,33,9.2,1.99994,-0.0138814,1,0.000104308,0.022346,0,0.000238419,0.0607716,0,0.00749302,34,9.2,-0.000529932,1.29728,1,0.00342288,0.467345,0,-0.000986503,0.149369,0,0.0111448,35,9.2,-0.98749,1.62153,1,0.0187203,-0.5,0,-0.0616014,0,0,0.0102282
0,9.3,0.999848,-1.00521,1,0.000530109,0.0237292,0,-0.000283122,-0.0217482,0,0.00947362,1,9.3,0.972704,-3,1,0.0143049,0,0,0.120774,0,0,0.00836281,2,9.3,1.22426,-2.00026,1,-0.459629,0.000227615,0,0.292048,0.00120699,0,0.00871476,3,9.3,-2.99394,0.426905,1,0.0046093,-0.499907,0,-0.0306815,0.00370845,0,0.00789242,4,9.3,-2.33095,-2.28974,1,0.467659,-0.5,0,-0.108719,0,0,0.00984607,5,9.3,-0.870131,2.99967,1,-0.215816,-0.00609159,0,-0.210281,-0.0475049,0,0.00590668,6,9.3,-1.2523,-2.00015,1,-0.444733,0.011714,0,-0.527725,-0.0189766,0,0.0104617,7,9.3,2.40358,-2.01256,1,-0.499227,-0.0108179,0,0.0206977,0.13493,0,0.00804492,8,9.3,-2.67444,1.55899,1,-0.465484,-0.5,0,0.202522,7.45058e-06,0,0.00872037,9,9.3,2.01521,1.30183,1,-0.0104092,0.391687,0,-0.0983477,0.112072,0,0.00834289,10,9.3,-0.00299142,-1.00003,1,0.0225035,0.00143843,0,-0.0376934,-0.00395998,0,0.010609,11,9.3,0.0159339,-2.75487,1,-0.00124144,0.470146,0,-0.0889085,0.270382,0,0.0100908,12,9.3,0.634625,-0.000606146,1,-0.492859,-0.000815407,0,-0.0974052,-0.00352221,0,0.0139613,13,9.3,-0.429745,0.328759,1,0.496261,0.497837,0,-0.0665076,0.0504404,0,0.0135311,14,9.3,-0.833182,-2.9996,1,0.394793,-0.00902601,0,0.327542,0.123814,0,0.0066893,15,9.3,1.66776,2.00103,1,-0.464943,0.00155903,0,-0.17909,-0.00314415,0,0.0126249,16,9.3,0.517323,3,1,0.5,0,0,2.08616e-06,0,0,0.00599321,17,9.3,3,-3,1,1.56462e-05,0,0,-0.000149012,0,0,0.00704117,18,9.3,-1.40376,-1.00623,1,0.499237,0.00590552,0,-0.0205189,0.0128672,0,0.0119855,19,9.3,-1.41995,1.00094,1,-0.5,-0.00226125,0,7.45058e-06,0.00207126,0,0.0109103,20,9.3,-3,-3,1,0,0,0,0,0,0,0.0069178,21,9.3,-0.289573,-2.00255,1,-0.499309,0.00409521,0,-0.0232867,0.00323355,0,0.0091497,22,9.3,-1.02348,-0.340856,1,0.0435891,0.496355,0,0.00493973,-0.0577439,0,0.0102561,23,9.3,-2.00013,0.403549,1,0.000237674,-0.499225,0,0,0.0207442,0,0.00975208,24,9.3,1,1.61233,1,-1.11759e-05,-0.499983,0,1.49012e-05,0.000655651,0,0.0102254,25,9.3,1.00054,0.686435,1,0.000628829,-0.435479,0,-0.000685453,-0.130266,0,0.0135636,26,9.3,3,-1.35213,1,0,-0.5,0,0,7.45058e-06,0,0.00754489,27,9.3,1.49027,3,1,0.5,0,0,-7.45058e-06,0,0,0.00461004,28,9.3,-2.01146,2.4155,1,0.0146128,-0.499711,0,0.0386238,0.00931323,0,0.00954063,29,9.3,2.0012,-2.99961,1,-0.00168346,0.00708476,0,-0.00466406,0.0526011,0,0.00803069,30,9.3,-0.410421,2.01238,1,-0.488549,0.02991,0,-0.132833,-0.0486821,0,0.0115866,31,9.3,-2.45996,3,1,0.5,0,0,0,0,0,0.00533131,32,9.3,2.0002,-1,1,0.00162087,-5.7742e-06,0,-0.00651181,7.45058e-06,0,0.00972523,33,9.3,1.99995,-0.0114068,1,0.000120141,0.0265445,0,8.19564e-05,0.0246574,0,0.00749302,34,9.3,-0.000196937,1.34477,1,0.00319697,0.482264,0,-0.00339081,0.138655,0,0.0111448,35,9.3,-0.985932,1.57153,1,0.0123936,-0.5,0,-0.0642128,0,0,0.0102282
0,9.4,0.9999,-1.00297,1,0.000485778,0.0209421,0,-0.000566244,-0.0331402,0,0.00921219,1,9.4,0.974684,-3,1,0.0247389,0,0,0.0876486,0,0,0.00843007,2,9.4,1.17992,-2.00023,1,-0.425595,0.000327826,0,0.384748,0.000596046,0,0.00945982,3,9.4,-2.99363,0.376963,1,0.00160336,-0.498517,0,-0.0292063,0.0296682,0,0.0101079,4,9.4,-2.28467,-2.33974,1,0.458741,-0.5,0,-0.0675917,0,0,0.00814628,5,9.4,-0.892471,2.99888,1,-0.228181,-0.00914335,0,-0.041604,-0.0154972,0,0.00779862,6,9.4,-1.29894,-1.99908,1,-0.483504,0.00962317,0,-0.254095,-0.0224113,0,0.0116914,7,9.4,2.35383,-2.01303,1,-0.494945,0.000846386,0,0.068903,0.0991821,0,0.00829056,8,9.4,-2.71988,1.50899,1,-0.442541,-0.500003,0,0.255346,5.96046e-05,0,0.00875614,9,9.4,2.01374,1.34159,1,-0.0181735,0.403506,0,-0.0579357,0.112176,0,0.0082157,10,9.4,-0.000940848,-0.999906,1,0.0184162,0.00104755,0,-0.0432223,-0.00378489,0,0.00915731,11,9.4,0.0154107,-2.70672,1,-0.0087861,0.490582,0,-0.0627045,0.138998,0,0.00994869,12,9.4,0.584985,-0.000699635,1,-0.498731,-0.00100205,0,-0.0253618,-0.00037998,0,0.0120847,13,9.4,-0.380552,0.378693,1,0.486584,0.499998,0,-0.126541,4.41074e-05,0,0.0126637,14,9.4,-0.792159,-2.99997,1,0.424524,0.000727177,0,0.259846,0.0734329,0,0.00785716,15,9.4,1.6204,2.00117,1,-0.481763,0.00123382,0,-0.149906,-0.00298023,0,0.0112524,16,9.4,0.567323,3,1,0.5,0,0,2.98023e-05,0,0,0.00700813,17,9.4,3,-3,1,5.96046e-06,0,0,-0.000119209,0,0,0.00746225,18,9.4,-1.35401,-1.00559,1,0.494978,0.00693798,0,-0.0685453,0.00792742,0,0.0104815,19,9.4,-1.46995,1.00072,1,-0.500003,-0.00202954,0,5.96046e-05,0.00244379,0,0.0108643,20,9.4,-3,-3,1,0,0,0,0,0,0,0.00611175,21,9.4,-0.339557,-2.00213,1,-0.5,0.00425577,0,1.43051e-05,0.000119209,0,0.0104392,22,9.4,-1.01914,-0.291626,1,0.042966,0.486989,0,-0.0165701,-0.133321,0,0.00869483,23,9.4,-2.00011,0.353801,1,0.000232458,-0.494935,0,-0.000119209,0.0689477,0,0.0107209,24,9.4,1,1.56235,1,-8.9407e-06,-0.499737,0,0,0.0051856,0,0.00944219,25,9.4,1.0006,0.642069,1,0.000599027,-0.453106,0,0.000357628,-0.20656,0,0.0114647,26,9.4,3,-1.40213,1,0,-0.500003,0,0,5.96046e-05,0,0.00754183,27,9.4,1.54027,3,1,0.500003,0,0,-5.96046e-05,0,0,0.00472627,28,9.4,-2.00984,2.36563,1,0.0173926,-0.497174,0,0.0180006,0.0474453,0,0.0090099,29,9.4,2.00102,-2.9987,1,-0.0020206,0.0104427,0,-0.00214577,0.0166893,0,0.00693136,30,9.4,-0.459791,2.01508,1,-0.497486,0.023824,0,-0.0502765,-0.0712872,0,0.0113612,31,9.4,-2.40996,3,1,0.5,0,0,0,0,0,0.00505427,32,9.4,2.00033,-1,1,0.00100732,-5.96046e-06,0,-0.00572205,5.96046e-05,0,0.00930018,33,9.4,1.99997,-0.00867866,1,0.00012219,0.0275567,0,0,-0.00307988,0,0.00819031,34,9.4,0.000102813,1.39361,1,0.00277124,0.49364,0,-0.00499959,0.0849366,0,0.0116435,35,9.4,-0.985013,1.52153,1,0.00601262,-0.500003,0,-0.0628531,5.96046e-05,0,0.00977827
0,9.5,0.999422,-1.00105,1,-0.0145593,0.0173092,0,-0.272755,-0.0387579,0,0.00921219,1,9.5,0.977538,-3,1,0.031775,0,0,0.053592,0,0,0.00843007,2,9.5,1.13942,-1.99975,1,-0.383126,0.0134207,0,0.459231,0.239938,0,0.00945982,3,9.5,-2.99361,0.327121,1,-0.000984967,-0.499087,0,-0.0227094,-0.0185388,0,0.0101079,4,9.5,-2.23871,-2.38974,1,0.463614,-0.5,0,0.130937,0,0,0.00814628,5,9.5,-0.915251,2.99792,1,-0.225094,-0.00956655,0,0.0971816,0.00557303,0,0.00779862,6,9.5,-1.34818,-1.99823,1,-0.498021,0.00735838,0,-0.0601932,-0.022687,0,0.0116914,7,9.5,2.30478,-2.0125,1,-0.484918,0.00919402,0,0.134513,0.0685155,0,0.00829056,8,9.5,-2.76278,1.45899,1,-0.414696,-0.5,0,0.300556,7.45058e-06,0,0.00875614,9,9.5,2.01169,1.38274,1,-0.0223592,0.4215,0,-0.0269413,0.229672,0,0.0082157,10,9.5,0.000682016,-1.00034,1,0.0140299,-0.014294,0,-0.0439095,-0.275444,0,0.00915731,11,9.5,0.0145435,-2.65717,1,-0.00559734,0.498794,0,0.115121,0.035882,0,0.00994869,12,9.5,0.535034,-0.000797894,1,-0.499921,-0.000928248,0,-0.00317767,0.00171542,0,0.0120847,13,9.5,-0.33263,0.428693,1,0.470847,0.5,0,-0.187229,1.93715e-06,0,0.0126637,14,9.5,-0.748303,-2.99959,1,0.453064,0.00632852,0,0.288669,0.0399947,0,0.00785716,15,9.5,1.57159,2.00128,1,-0.493332,0.000882149,0,-0.0822097,-0.00396371,0,0.0112524,16,9.5,0.617257,3,1,0.497919,0,0,-0.0450388,0,0,0.00700813,17,9.5,3,-3,1,-3.72529e-06,0,0,-5.96046e-05,0,0,0.00746225,18,9.5,-1.30496,-1.00486,1,0.484989,0.00750944,0,-0.134118,0.00357628,0,0.0104815,19,9.5,-1.51995,1.00017,1,-0.5,-0.0124244,0,7.45058e-06,-0.194967,0,0.0108643,20,9.5,-3,-3,1,0,0,0,0,0,0,0.00611175,21,9.5,-0.389557,-2.00171,1,-0.5,0.00415221,0,0,-0.00208616,0,0.0104392,22,9.5,-1.01495,-0.243788,1,0.0404147,0.467889,0,-0.0335053,-0.246031,0,0.00869483,23,9.5,-2.00009,0.304412,1,0.000216812,-0.494584,0,-0.000208616,-0.0362154,0,0.0107209,24,9.5,0.999999,1.51237,1,-8.47504e-06,-0.49983,0,1.11759e-05,-0.00327826,0,0.00944219,25,9.5,1.00066,0.595758,1,0.000565499,-0.472616,0,-0.000953674,-0.17719,0,0.0114647,26,9.5,3,-1.45213,1,0,-0.5,0,0,7.45058e-06,0,0.00754183,27,9.5,1.59026,3,1,0.499519,0,0,-0.0144243,0,0,0.00472627,28,9.5,-2.00804,2.31602,1,0.0183538,-0.495962,0,0.00193715,-0.0131428,0,0.0090099,29,9.5,2.00081,-2.99762,1,-0.00213012,0.0108507,0,-0.000149012,-0.00689924,0,0.00693136,30,9.5,-0.509694,2.01709,1,-0.499843,0.0160955,0,-0.00629202,-0.0817478,0,0.0113612,31,9.5,-2.36008,3,1,0.49649,0,0,-0.0715554,0,0,0.00505427,32,9.5,2.0004,-1,1,0.000484288,-9.31323e-07,0,-0.00470877,3.72529e-05,0,0.00930018,33,9.5,1.99998,-0.00597429,1,0.000116974,0.0262031,0,-0.000104308,-0.0227572,0,0.00819031,34,9.5,0.0003538,1.44329,1,0.00223893,0.499003,0,-0.0055752,0.0264794,0,0.0116435,35,9.5,-0.984718,1.47153,1,-3.03611e-05,-0.5,0,-0.0575557,7.45058e-06,0,0.00977827
0,9.6,0.99634,-0.999521,1,-0.0491515,0.0133306,0,-0.397593,-0.0402629,0,0.0118366,1,9.6,0.980931,-3,1,0.035575,0,0,0.0230968,0,0,0.00788838,2,9.6,1.10349,-1.99696,1,-0.334769,0.0444323,0,0.503182,0.362933,0,0.0119135,3,9.6,-2.99381,0.277149,1,-0.00295639,-0.5,0,-0.0170469,1.43051e-05,0,0.00949929,4,9.6,-2.19159,-2.43974,1,0.479347,-0.5,0,0.162125,0,0,0.00930381,5,9.6,-0.937088,2.99702,1,-0.209935,-0.00830293,0,0.200242,0.0187159,0,0.00946974,6,9.6,-1.39813,-1.99761,1,-0.500003,0.00512004,0,5.96046e-05,-0.0218749,0,0.0109167,7,9.6,2.25709,-2.01129,1,-0.46761,0.0146985,0,0.213265,0.0424385,0,0.00955881,8,9.6,-2.80268,1.40899,1,-0.38265,-0.500003,0,0.33915,5.96046e-05,0,0.00772009,9,9.6,2.00936,1.42612,1,-0.0237823,0.44632,0,-0.0026226,0.253558,0,0.00789919,10,9.6,0.0018684,-1.00341,1,0.00973883,-0.0491291,0,-0.0414603,-0.399709,0,0.0100632,11,9.6,0.0147744,-2.6072,1,0.0121142,0.5,0,0.229229,0,0,0.00996172,12,9.6,0.485036,-0.000879652,1,-0.5,-0.000685078,0,1.43051e-05,0.00302738,0,0.0116521,13,9.6,-0.286575,0.478693,1,0.449343,0.5,0,-0.241801,-1.43051e-05,0,0.0123674,14,9.6,-0.701646,-2.9988,1,0.478832,0.00898242,0,0.214756,0.0144243,0,0.0100745,15,9.6,1.52195,2.00134,1,-0.498632,0.000458956,0,-0.0273585,-0.00441074,0,0.00872266,16,9.6,0.666725,3,1,0.49042,0,0,-0.107288,0,0,0.00708351,17,9.6,3,-3,1,-5.96046e-06,0,0,-0.000119209,0,0,0.00650606,18,9.6,-1.25726,-1.0041,1,0.467718,0.0076741,0,-0.212789,-0.000238419,0,0.0123387,19,9.6,-1.56995,0.997729,1,-0.500003,-0.0381842,0,5.96046e-05,-0.307173,0,0.0108552,20,9.6,-3,-3,1,0,0,0,0,0,0,0.00574945,21,9.6,-0.439557,-2.00131,1,-0.5,0.00385642,0,1.43051e-05,-0.00357628,0,0.0112792,22,9.6,-1.0111,-0.198396,1,0.0364423,0.438344,0,-0.0451207,-0.341892,0,0.00897431,23,9.6,-2.00007,0.254752,1,0.000196695,-0.49848,0,-0.000238419,-0.0304055,0,0.00816956,24,9.6,0.999998,1.46238,1,-7.45058e-06,-0.5,0,2.98023e-05,0,0,0.0120564,25,9.6,1.00071,0.547698,1,0.000423193,-0.487615,0,-0.00178814,-0.120014,0,0.0102345,26,9.6,3,-1.50213,1,0,-0.500003,0,0,5.96046e-05,0,0.00825881,27,9.6,1.64008,3,1,0.496152,0,0,-0.0578165,0,0,0.0042691,28,9.6,-2.00621,2.26633,1,0.0179172,-0.498128,0,-0.0101328,-0.023365,0,0.00974819,29,9.6,2.00059,-2.9966,1,-0.00206828,0.00936985,0,0.00143051,-0.0215769,0,0.00728111,30,9.6,-0.559691,2.01828,1,-0.5,0.00776052,0,-2.98023e-05,-0.0838041,0,0.01011,31,9.6,-2.31091,3,1,0.485492,0,0,-0.149131,0,0,0.00481984,32,9.6,2.00043,-1,1,6.55651e-05,0,0,-0.00369549,5.96046e-05,0,0.0115231,33,9.6,1.99999,-0.00349175,1,0.000104308,0.0232349,0,-0.000238419,-0.0355447,0,0.00813299,34,9.6,0.000549367,1.49326,1,0.00166947,0.5,0,-0.00575269,0,0,0.0102634,35,9.6,-0.984997,1.42153,1,-0.00541806,-0.500003,0,-0.0498593,5.96046e-05,0,0.00970856
0,9.7,0.989193,-0.998385,1,-0.0957343,0.00943234,0,-0.514645,-0.0373386,0,0.0118366,1,9.7,0.984558,-3,1,0.0365289,0,0,-0.00301749,0,0,0.00788838,2,9.7,1.07257,-1.99041,1,-0.283465,0.0887416,0,0.51868,0.502631,0,0.0119135,3,9.7,-2.99418,0.227149,1,-0.004391,-0.5,0,-0.0117868,-1.78814e-06,0,0.00949929,4,9.7,-2.1429,-2.48969,1,0.493445,-0.498441,0,0.105232,0.0321418,0,0.00930381,5,9.7,-0.956953,2.9963,1,-0.186228,-0.00608303,0,0.268314,0.0248402,0,0.00946974,6,9.7,-1.44813,-1.9972,1,-0.5,0.00305492,0,7.45058e-06,-0.019379,0,0.0109167,7,9.7,2.21157,-2.00964,1,-0.441146,0.0177797,0,0.312597,0.0200421,0,0.00955881,8,9.7,-2.83918,1.3591,1,-0.3466,-0.496427,0,0.379026,0.0727177,0,0.00772009,9,9.7,2.007,1.47197,1,-0.023178,0.469974,0,0.0138283,0.211902,0,0.00789919,10,9.7,0.00264388,-1.01055,1,0.0058606,-0.0955269,0,-0.0360741,-0.509426,0,0.0100632,11,9.7,0.0173577,-2.5572,1,0.041526,0.5,0,0.347826,0,0,0.00996172,12,9.7,0.435037,-0.000932257,1,-0.499943,-0.000360971,0,0.00228725,0.00339103,0,0.0116521,13,9.7,-0.24293,0.528693,1,0.422775,0.5,0,-0.288509,5.66244e-06,0,0.0123674,14,9.7,-0.652891,-2.99786,1,0.494289,0.00956804,0,0.0969358,-0.00184774,0,0.0100745,15,9.7,1.472,2.00137,1,-0.499914,1.45286e-05,0,-0.00341982,-0.00442564,0,0.00872266,16,9.7,0.715117,3,1,0.476241,0,0,-0.177879,0,0,0.00708351,17,9.7,3,-3,1,-1.41561e-05,0,0,-2.98023e-05,0,0,0.00650606,18,9.7,-1.21172,-1.00334,1,0.441295,0.00747368,0,-0.312254,-0.00362098,0,0.0123387,19,9.7,-1.61981,0.991866,1,-0.495774,-0.083582,0,0.0836179,-0.57799,0,0.0108552,20,9.7,-3,-3,1,0,0,0,0,0,0,0.00574945,21,9.7,-0.489557,-2.00094,1,-0.5,0.00344291,0,1.78814e-06,-0.00461936,0,0.0112792,22,9.7,-1.00769,-0.156399,1,0.0315739,0.400406,0,-0.0515506,-0.414069,0,0.00897431,23,9.7,-2.00005,0.204811,1,0.000172481,-0.499905,0,-0.00025332,-0.00380248,0,0.00816956,24,9.7,0.999998,1.41239,1,-4.56348e-06,-0.499607,0,2.6077e-05,0.0120625,0,0.0120564,25,9.7,1.00074,0.498444,1,0.000218861,-0.496414,0,-0.00224262,-0.0569187,0,0.0102345,26,9.7,3,-1.55213,1,0,-0.499999,0,0,4.47035e-05,0,0.00825881,27,9.7,1.68931,3,1,0.487342,0,0,-0.121646,0,0,0.0042691,28,9.7,-2.00449,2.21642,1,0.0165254,-0.499707,0,-0.0172853,-0.00819564,0,0.00974819,29,9.7,2.0004,-2.99578,1,-0.0018727,0.00682697,0,0.00239909,-0.028342,0,0.00728111,30,9.7,-0.609641,2.01865,1,-0.498398,-0.000174716,0,0.036139,-0.0744909,0,0.01011,31,9.7,-2.26323,3,1,0.466792,0,0,-0.225097,0,0,0.00481984,32,9.7,2.00042,-1,1,-0.000251085,4.84288e-06,0,-0.00265241,2.98023e-05,0,0.0115231,33,9.7,2,-0.00135897,1,7.99075e-05,0.0193124,0,-0.000245869,-0.0420585,0,0.00813299,34,9.7,0.000687788,1.54326,1,0.00110253,0.5,0,-0.00553906,0,0,0.0102634,35,9.7,-0.985769,1.37162,1,-0.00981167,-0.497215,0,-0.0380874,0.0580773,0,0.00970856
0,9.8,0.976986,-0.997621,1,-0.148605,0.0059247,0,-0.527352,-0.0325441,0,0.0130487,1,9.8,0.98816,-3,1,0.0351667,0,0,-0.0232756,0,0,0.00745918,2,9.8,1.04681,-1.97894,1,-0.231814,0.141257,0,0.510752,0.531197,0,0.0129891,3,9.8,-2.99467,0.177149,1,-0.00534058,-0.5,0,-0.00727177,0,0,0.00986921,4,9.8,-2.09319,-2.53931,1,0.499266,-0.493407,0,0.014782,0.0692606,0,0.00733513,5,9.8,-0.974161,2.99582,1,-0.157307,-0.00348687,0,0.305295,0.0265837,0,0.00963916,6,9.8,-1.49813,-1.99699,1,-0.500003,0.0012517,0,5.96046e-05,-0.0166893,0,0.0100335,7,9.8,2.16916,-2.0078,1,-0.405777,0.0188708,0,0.391364,0.00238419,0,0.00796063,8,9.8,-2.87189,1.30995,1,-0.307381,-0.485274,0,0.402689,0.150859,0,0.00981908,9,9.8,2.00477,1.51991,1,-0.0211835,0.487623,0,0.0252724,0.137925,0,0.00749882,10,9.8,0.00305871,-1.0227,1,0.00252749,-0.14765,0,-0.0305836,-0.518143,0,0.0142041,11,9.8,0.0233674,-2.5072,1,0.0796059,0.5,0,0.404218,0,0,0.0110397,12,9.8,0.385072,-0.000951242,1,-0.499085,-1.84998e-05,0,0.0182837,0.00340582,0,0.0109038,13,9.8,-0.202165,0.578693,1,0.391865,0.5,0,-0.328488,2.98023e-05,0,0.0105117,14,9.8,-0.603139,-2.99694,1,0.49935,0.00876188,0,0.0129938,-0.0132322,0,0.00699471,15,9.8,1.422,2.00135,1,-0.500003,-0.000411272,0,5.96046e-05,-0.00417233,0,0.00840821,16,9.8,0.761725,3,1,0.454633,0,0,-0.25475,0,0,0.00851031,17,9.8,3,-3,1,-1.78814e-05,0,0,0,0,0,0.00746045,18,9.8,-1.16929,-1.00261,1,0.405952,0.0069797,0,-0.391066,-0.00619888,0,0.0115697,19,9.8,-1.66883,0.980329,1,-0.483474,-0.149548,0,0.161231,-0.721782,0,0.0161064,20,9.8,-3,-3,1,0,0,0,0,0,0,0.00757578,21,9.8,-0.539557,-2.00062,1,-0.500001,0.00294447,0,2.98023e-05,-0.005126,0,0.0101097,22,9.8,-1.0048,-0.118527,1,0.0262588,0.356128,0,-0.054121,-0.468325,0,0.00973024,23,9.8,-2.00003,0.154813,1,0.000149012,-0.5,0,-0.000357628,-3.57628e-06,0,0.0104807,24,9.8,0.999997,1.36254,1,-1.49012e-06,-0.49662,0,0,0.0529885,0,0.0111679,25,9.8,1.00075,0.448607,1,-1.49012e-05,-0.499523,0,-0.00238419,-0.00955105,0,0.00969038,26,9.8,3,-1.60213,1,0,-0.499982,0,0,0.000357628,0,0.00785184,27,9.8,1.73731,3,1,0.471315,0,0,-0.20057,0,0,0.00445224,28,9.8,-2.00293,2.16643,1,0.0145495,-0.5,0,-0.0220537,0,0,0.0105646,29,9.8,2.00022,-2.99524,1,-0.00160336,0.00386834,0,0.00309944,-0.0299215,0,0.00758741,30,9.8,-0.659212,2.01828,1,-0.492075,-0.00705719,0,0.0932813,-0.0629425,0,0.00873056,31,9.8,-2.21781,3,1,0.440508,0,0,-0.30005,0,0,0.00519377,32,9.8,2.00038,-1,1,-0.000464916,5.96046e-06,0,-0.00178814,2.98023e-05,0,0.0113088,33,9.8,2,0.000357049,1,5.96046e-05,0.0149759,0,-0.000238419,-0.0439918,0,0.00739114,34,9.8,0.000771029,1.59326,1,0.0005701,0.500003,0,-0.00507207,-5.96046e-05,0,0.0107074,35,9.8,-0.986921,1.3223,1,-0.0130549,-0.487992,0,-0.0268519,0.127733,0,0.00964866
0,9.9,0.959462,-0.997183,1,-0.201808,0.0029413,0,-0.523411,-0.0269338,0,0.0130487,1,9.9,0.991534,-3,1,0.0320718,0,0,-0.0376403,0,0,0.00745918,2,9.9,1.02613,-1.96211,1,-0.182261,0.195435,0,0.478148,0.538208,0,0.0129891,3,9.9,-2.99523,0.127149,1,-0.00587553,-0.5,0,-0.00354648,-1.3411e-06,0,0.00986921,4,9.9,-2.04322,-2.58821,1,0.499955,-0.483479,0,0.00180304,0.128269,0,0.00733513,5,9.9,-0.988341,2.9956,1,-0.12615,-0.000910461,0,0.314061,0.0245869,0,0.00963916,6,9.9,-1.54813,-1.99694,1,-0.5,-0.000272132,0,7.45058e-06,-0.0137761,0,0.0100335,7,9.9,2.13063,-2.00592,1,-0.363826,0.0184409,0,0.444576,-0.0103414,0,0.00796063,8,9.9,-2.90059,1.26178,1,-0.266301,-0.481296,0,0.415877,-0.0419766,0,0.00981908,9,9.9,2.00279,1.56922,1,-0.018334,0.497301,0,0.0311881,0.0583529,0,0.00749882,10,9.9,0.0031701,-1.04006,1,-0.000189704,-0.199283,0,-0.0239815,-0.502437,0,0.0142041,11,9.9,0.033516,-2.4572,1,0.124683,0.5,0,0.483506,0,0,0.0110397,12,9.9,0.335327,-0.000936432,1,-0.494969,0.00030997,0,0.0692606,0.00312296,0,0.0109038,13,9.9,-0.164697,0.628602,1,0.356808,0.497205,0,-0.369922,-0.0583008,0,0.0105117,14,9.9,-0.553164,-2.99614,1,0.499959,0.00714064,0,0.00163168,-0.0187159,0,0.00699471,15,9.9,1.37209,2.00129,1,-0.497244,-0.000787154,0,0.0575408,-0.00335276,0,0.00840821,16,9.9,0.805755,3,1,0.424468,0,0,-0.34488,0,0,0.00851031,17,9.9,2.99999,-3,1,-1.60187e-05,0,0,4.47035e-05,0,0,0.00746045,18,9.9,-1.13075,-1.00195,1,0.364023,0.0062719,0,-0.444435,-0.00785291,0,0.0115697,19,9.9,-1.71622,0.961442,1,-0.462754,-0.230558,0,0.2499,-0.863936,0,0.0161064,20,9.9,-3,-3,1,0,0,0,0,0,0,0.00757578,21,9.9,-0.589545,-2.00035,1,-0.499543,0.00242442,0,0.0137836,-0.00524521,0,0.0101097,22,9.9,-1.00244,-0.085322,1,0.0208663,0.30741,0,-0.0532493,-0.501589,0,0.00973024,23,9.9,-2.00002,0.104813,1,0.000115484,-0.5,0,-0.000298023,-2.98023e-07,0,0.0104807,24,9.9,0.999997,1.31324,1,-1.11759e-06,-0.488342,0,7.45058e-06,0.11602,0,0.0111679,25,9.9,1.00074,0.398646,1,-0.000241026,-0.499189,0,-0.00211596,0.0208633,0,0.00969038,26,9.9,3,-1.65207,1,0,-0.498128,0,0,0.0430122,0,0.00785184,27,9.9,1.78326,3,1,0.445988,0,0,-0.302628,0,0,0.00445224,28,9.9,-2.00159,2.11643,1,0.0122514,-0.5,0,-0.0236779,0,0,0.0105646,29,9.9,2.00008,-2.995,1,-0.00128299,0.00096783,0,0.00324845,-0.0276566,0,0.00758741,30,9.9,-0.707844,2.01728,1,-0.479412,-0.0127021,0,0.162046,-0.049755,0,0.00873056,31,9.9,-2.1754,3,1,0.406305,0,0,-0.380069,0,0,0.00519377,32,9.9,2.00033,-0.999999,1,-0.000599772,7.72998e-06,0,-0.000923872,1.11759e-05,0,0.0113088,33,9.9,2.00001,0.00163688,1,3.76254e-05,0.0106541,0,-0.000193715,-0.041998,0,0.00739114,34,9.9,0.000804079,1.64314,1,0.000104989,0.496287,0,-0.00422654,-0.0753403,0,0.0107074,35,9.9,-0.988343,1.27426,1,-0.0152177,-0.471602,0,-0.0165291,0.200994,0,0.00964866
0,10,0.936762,-0.997013,1,-0.250956,0.000567734,0,-0.449598,-0.020355,0,0.0147052,1,10,0.994536,-3,1,0.027822,0,0,-0.0465512,0,0,0.00791772,2,10,1.01023,-1.93996,1,-0.136572,0.246412,0,0.433981,0.470579,0,0.0131992,3,10,-2.99583,0.0771489,1,-0.00607371,-0.5,0,-0.000476837,-2.38419e-06,0,0.00858437,4,10,-1.99322,-2.63582,1,0.500003,-0.467962,0,-5.96046e-05,0.18084,0,0.00779433,5,10,-0.999397,2.99562,1,-0.0951707,0.00136495,0,0.302553,0.0207424,0,0.00913154,6,10,-1.59813,-1.99703,1,-0.500003,-0.00150204,0,5.96046e-05,-0.010848,0,0.00900277,7,10,2.09654,-2.00414,1,-0.317484,0.0169277,0,0.478983,-0.0191927,0,0.00746316,8,10,-2.92514,1.21332,1,-0.224769,-0.488856,0,0.412345,-0.0904202,0,0.0108324,9,10,2.00112,1.61913,1,-0.0150502,0.5,0,0.0341535,0,0,0.00769015,10,10,0.00304063,-1.0624,1,-0.0023104,-0.246027,0,-0.0186273,-0.423431,0,0.0151581,11,10,0.0484369,-2.4072,1,0.173798,0.5,0,0.487533,0,0,0.0136132,12,10,0.286296,-0.000890567,1,-0.484379,0.000599082,0,0.145897,0.00262976,0,0.00991408,13,10,-0.130915,0.677918,1,0.318403,0.487953,0,-0.395693,-0.12818,0,0.0100594,14,10,-0.503165,-2.99552,1,0.5,0.0050962,0,-1.43051e-05,-0.0216961,0,0.00665482,15,10,1.32277,2.00119,1,-0.488096,-0.00107884,0,0.126958,-0.0025034,0,0.00778001,16,10,0.846355,3,1,0.386384,0,0,-0.413239,0,0,0.00887492,17,10,2.99999,-3,1,-1.19209e-05,0,0,0,0,0,0.00818474,18,10,-1.09664,-1.00136,1,0.31769,0.00542998,0,-0.478983,-0.00882149,0,0.0105655,19,10,-1.76112,0.934063,1,-0.43413,-0.316405,0,0.319481,-0.828147,0,0.0121605,20,10,-3,-3,1,0,0,0,0,0,0,0.00771818,21,10,-0.639372,-2.00014,1,-0.496279,0.00190139,0,0.0565052,-0.00500679,0,0.0091633,22,10,-1.00062,-0.0571125,1,0.0156924,0.256644,0,-0.0498295,-0.50983,0,0.00970006,23,10,-2.00001,0.0548131,1,8.34465e-05,-0.5,0,-0.000119209,0,0,0.00897429,24,10,0.999997,1.26512,1,0,-0.472879,0,0,0.195146,0,0.0112965,25,10,1.0007,0.348914,1,-0.000438094,-0.494546,0,-0.00178814,0.0753999,0,0.00934355,26,10,3,-1.70155,1,0,-0.490329,0,0,0.117242,0,0.00794897,27,10,1.8262,3,1,0.411466,0,0,-0.38445,0,0,0.00423353,28,10,-2.00048,2.06643,1,0.00985265,-0.5,0,-0.0239015,0,0,0.00980777,29,10,1.99997,-2.99504,1,-0.000959635,-0.00159144,0,0.00321865,-0.023365,0,0.00851111,30,10,-0.754848,2.01579,1,-0.459374,-0.0169754,0,0.239581,-0.0357628,0,0.00951556,31,10,-2.13677,3,1,0.365263,0,0,-0.437021,0,0,0.00665796,32,10,2.00027,-0.999999,1,-0.000655651,7.45058e-06,0,-0.000238419,0,0,0.011901,33,10,2.00001,0.00249865,1,1.78814e-05,0.00665305,0,-0.000119209,-0.0377016,0,0.00761201,34,10,0.000794872,1.69226,1,-0.000274854,0.484788,0,-0.00337037,-0.155032,0,0.0114577,35,10,-0.989932,1.22823,1,-0.0163883,-0.447705,0,-0.00703335,0.276983,0,0.00995919
0,10.1,0.909539,-0.997049,1,-0.292134,-0.00120504,0,-0.367064,-0.0150092,0,0.0147052,1,10.1,0.997077,-3,1,0.0229424,0,0,-0.0503287,0,0,0.00791772,2,10.1,0.998643,-1.91307,1,-0.0961088,0.28997,0,0.37498,0.393011,0,0.0131992,3,10.1,-2.99644,0.0271489,1,-0.00599697,-0.5,0,0.00190735,-4.47035e-07,0,0.00858437,4,10.1,-1.94322,-2.68161,1,0.5,-0.446884,0,-7.45058e-06,0.238597,0,0.00779433,5,10.1,-1.00744,2.99586,1,-0.0662541,0.00318028,0,0.27398,0.0155121,0,0.00913154,6,10.1,-1.648,-1.99723,1,-0.495981,-0.00242051,0,0.0810325,-0.00759214,0,0.00900277,7,10.1,2.06722,-2.00256,1,-0.268688,0.0147078,0,0.493005,-0.0246614,0,0.00746316,8,10.1,-2.94558,1.16399,1,-0.184287,-0.49712,0,0.395074,-0.0609681,0,0.0108324,9,10.1,1.99942,1.66896,1,-0.0223123,0.494664,0,-0.164255,-0.105485,0,0.00769015,10,10.1,0.00272629,-1.089,1,-0.00388569,-0.284611,0,-0.0131728,-0.341825,0,0.0151581,11,10.1,0.0682138,-2.35732,1,0.221142,0.496288,0,0.451847,-0.0755638,0,0.0136132,12,10.1,0.238435,-0.000818969,1,-0.474076,0.000818721,0,0.0708103,0.00178032,0,0.00991408,13,10.1,-0.10108,0.726282,1,0.27809,0.481086,0,-0.408037,-0.022538,0,0.0100594,14,10.1,-0.453165,-2.99512,1,0.5,0.00287816,0,0,-0.0223517,0,0.00665482,15,10.1,1.27471,2.00062,1,-0.471793,-0.0143487,0,0.20007,-0.241533,0,0.00778001,16,10.1,0.882848,3,1,0.342773,0,0,-0.455856,0,0,0.00887492,17,10.1,2.99999,-3,1,-1.04308e-05,0,0,2.98023e-05,0,0,0.00818474,18,10.1,-1.0673,-1.00086,1,0.268888,0.00452325,0,-0.493124,-0.00920892,0,0.0105655,19,10.1,-1.80283,0.898516,1,-0.399101,-0.391825,0,0.377506,-0.666875,0,0.0121605,20,10.1,-3,-3,1,0,0,0,0,0,0,0.00771818,21,10.1,-0.68862,-1.99997,1,-0.487612,0.00141468,0,0.120122,-0.00468642,0,0.0091633,22,10.1,-0.999289,-0.0335373,1,0.0110042,0.219015,0,-0.0438131,-0.260195,0,0.00970006,23,10.1,-2,0.00481313,1,7.07805e-05,-0.5,0,-0.00013411,-1.49012e-07,0,0.00897429,24,10.1,0.999997,1.21863,1,9.31323e-08,-0.458143,0,3.72529e-06,0.110067,0,0.0112965,25,10.1,1.0002,0.299945,1,-0.0136589,-0.483682,0,-0.241261,0.144325,0,0.00934355,26,10.1,3,-1.7498,1,0,-0.472736,0,0,0.232145,0,0.00794897,27,10.1,1.86532,3,1,0.370047,0,0,-0.440873,0,0,0.00423353,28,10.1,-1.99961,2.01643,1,0.00755619,-0.5,0,-0.0219867,0,0,0.00980777,29,10.1,1.99989,-2.99531,1,-0.000651926,-0.00363477,0,0.00292063,-0.0174493,0,0.00851111,30,10.1,-0.799423,2.01394,1,-0.430562,-0.0197571,0,0.333082,-0.0202209,0,0.00951556,31,10.1,-2.10249,3,1,0.319849,0,0,-0.46806,0,0,0.00665796,32,10.1,2.0002,-0.999998,1,-0.000651926,6.89179e-06,0,0.000298023,-1.49012e-05,0,0.011901,33,10.1,2.00001,0.00298523,1,6.33299e-06,0.00317995,0,-0.000104308,-0.0316331,0,0.00761201,34,10.1,0.000752363,1.74037,1,-0.000557764,0.480824,0,-0.00231731,0.0450313,0,0.0114577,35,10.1,-0.991136,1.185,1,-0.00356268,-0.415559,0,0.241868,0.36215,0,0.00995919
0,10.2,0.878673,-0.997235,1,-0.323221,-0.00242144,0,-0.250041,-0.00923872,0,0.0164365,1,10.2,0.999118,-3,1,0.0178844,0,0,-0.0502765,0,0,0.00868247,2,10.2,0.990807,-1.88229,1,-0.0616089,0.323734,0,0.315011,0.277042,0,0.0132844,3,10.2,-2.99703,-0.0228511,1,-0.00571012,-0.5,0,0.00369549,-1.19209e-06,0,0.00849931,4,10.2,-1.89322,-2.72503,1,0.500003,-0.420648,0,-5.96046e-05,0.284314,0,0.0068311,5,10.2,-1.01276,2.99624,1,-0.0406802,0.00446439,0,0.236392,0.0101328,0,0.00626232,6,10.2,-1.69705,-1.9975,1,-0.483733,-0.00303388,0,0.164032,-0.00470877,0,0.00860581,7,10.2,2.04281,-2.00121,1,-0.219601,0.0120878,0,0.485301,-0.0272989,0,0.00778764,8,10.2,-2.96208,1.11408,1,-0.146163,-0.5,0,0.365853,0,0,0.00591224,9,10.2,1.99614,1.71773,1,-0.0450999,0.479183,0,-0.278831,-0.202596,0,0.00854828,10,10.2,0.00227887,-1.11899,1,-0.0049986,-0.313327,0,-0.00932714,-0.228107,0,0.0148047,11,10.2,0.092476,-2.3082,1,0.262843,0.484699,0,0.376415,-0.15676,0,0.013472,12,10.2,0.191331,-0.000729482,1,-0.468293,0.000958607,0,0.0534284,0.0010347,0,0.0113917,13,10.2,-0.0753136,0.774361,1,0.237266,0.481024,0,-0.40626,0.0104606,0,0.0116636,14,10.2,-0.403165,-2.99494,1,0.5,0.000679493,0,-1.43051e-05,-0.0212193,0,0.00856051,15,10.2,1.22866,1.99773,1,-0.447989,-0.0455022,0,0.27597,-0.364065,0,0.010226,16,10.2,0.914799,3,1,0.295836,0,0,-0.479788,0,0,0.00629948,17,10.2,2.99999,-3,1,-5.96046e-06,0,0,0,0,0,0.00624819,18,10.2,-1.04287,-1.00046,1,0.219789,0.0036031,0,-0.485539,-0.0090003,0,0.0110688,19,10.2,-1.84078,0.856346,1,-0.359312,-0.447978,0,0.415146,-0.451595,0,0.0100138,20,10.2,-3,-3,1,0,0,0,0,0,0,0.00676918,21,10.2,-0.736653,-1.99985,1,-0.471739,0.000971556,0,0.199169,-0.00429153,0,0.00962993,22,10.2,-0.998397,-0.0126436,1,0.0069499,0.201421,0,-0.0372231,-0.10608,0,0.0109369,23,10.2,-2,-0.0451869,1,5.66244e-05,-0.5,0,-0.000119209,2.38419e-06,0,0.0122449,24,10.2,0.999997,1.1733,1,0,-0.448969,0,2.98023e-05,0.0818968,0,0.0135286,25,10.2,0.997375,0.252428,1,-0.0448018,-0.465321,0,-0.364155,0.22401,0,0.0109365,26,10.2,3,-1.79574,1,0,-0.44443,0,0,0.331104,0,0.00897111,27,10.2,1.90005,3,1,0.323918,0,0,-0.478506,0,0,0.00521155,28,10.2,-1.99896,1.96643,1,0.00546575,-0.500003,0,-0.019908,5.96046e-05,0,0.01163,29,10.2,1.99983,-2.99575,1,-0.00038147,-0.00508428,0,0.0025034,-0.0113249,0,0.00797502,30,10.2,-0.840684,2.01188,1,-0.393471,-0.0210822,0,0.405192,-0.00679493,0,0.010654,31,10.2,-2.07288,3,1,0.272268,0,0,-0.480533,0,0,0.00555534,32,10.2,2.00014,-0.999997,1,-0.000602007,5.96046e-06,0,0.000715256,-2.98023e-05,0,0.0100107,33,10.2,2.00001,0.00315594,1,0,0.000344566,0,-0.000238419,-0.0250207,0,0.00865821,34,10.2,0.00068654,1.78881,1,-0.000743997,0.488758,0,-0.0014347,0.0939369,0,0.00988386,35,10.2,-0.990021,1.14537,1,0.0280365,-0.376022,0,0.37235,0.424862,0,0.0145377
0,10.3,0.845267,-0.997517,1,-0.343186,-0.00315588,0,-0.146717,-0.00540167,0,0.0164365,1,10.3,1.00066,-3,1,0.0130061,0,0,-0.0469014,0,0,0.00868247,2,10.3,0.986111,-1.8487,1,-0.0333918,0.346374,0,0.250295,0.172801,0,0.0132844,3,10.3,-2.99758,-0.0728511,1,-0.00527054,-0.5,0,0.00500679,2.98023e-07,0,0.00849931,4,10.3,-1.84322,-2.76561,1,0.5,-0.390393,0,-7.45058e-06,0.318944,0,0.0068311,5,10.3,-1.01572,2.99673,1,-0.0192309,0.00521056,0,0.192367,0.00490248,0,0.00626232,6,10.3,-1.74448,-1.99783,1,-0.463423,-0.00338033,0,0.24192,-0.00227988,0,0.00860581,7,10.3,2.02377,-2.00014,1,-0.15721,0.00934079,0,0.731885,-0.0273287,0,0.00778764,8,10.3,-2.97492,1.06408,1,-0.111463,-0.5,0,0.326857,0,0,0.00591224,9,10.3,1.99059,1.76449,1,-0.062686,0.4547,0,-0.0836775,-0.285514,0,0.00854828,10,10.3,0.00174004,-1.15132,1,-0.00570946,-0.331921,0,-0.00520374,-0.140384,0,0.0148047,11,10.3,0.120506,-2.26069,1,0.296308,0.46382,0,0.289869,-0.257611,0,0.013472,12,10.3,0.14467,-0.000630071,1,-0.465672,0.00101218,0,0.00849962,-9.06221e-06,0,0.0113917,13,10.3,-0.0535877,0.822668,1,0.197589,0.486225,0,-0.386099,0.0772998,0,0.0116636,14,10.3,-0.353295,-2.99498,1,0.496063,-0.00128001,0,-0.0794827,-0.0178814,0,0.00856051,15,10.3,1.18541,1.99101,1,-0.415282,-0.0917271,0,0.37276,-0.540301,0,0.010226,16,10.3,0.942418,3,1,0.260452,0,0,-0.24537,0,0,0.00629948,17,10.3,2.99999,-3,1,-4.47035e-06,0,0,2.98023e-05,0,0,0.00624819,18,10.3,-1.02328,-1.00014,1,0.172477,0.00272868,0,-0.457935,-0.00842288,0,0.0110688,19,10.3,-1.87461,0.809655,1,-0.316982,-0.482234,0,0.429086,-0.235949,0,0.0100138,20,10.3,-3,-3,1,0,0,0,0,0,0,0.00676918,21,10.3,-0.782653,-1.99978,1,-0.44654,0.000577234,0,0.301495,-0.00359863,0,0.00962993,22,10.3,-0.997876,0.00734006,1,0.00359239,0.201477,0,-0.0300594,0.0878177,0,0.0109369,23,10.3,-1.99999,-0.0951869,1,4.47035e-05,-0.5,0,-0.000119209,-5.96046e-07,0,0.0122449,24,10.3,0.999998,1.12869,1,1.35042e-05,-0.444223,0,0.00031665,0.0229031,0,0.0135286,25,10.3,0.990728,0.207218,1,-0.0910807,-0.43702,0,-0.541244,0.336428,0,0.0109365,26,10.3,3,-1.83724,1,0,-0.375785,0,0,0.916392,0,0.00897111,27,10.3,1.93156,3,1,0.319068,0,0,0.290558,0,0,0.00521155,28,10.3,-1.99851,1.91643,1,0.00361968,-0.5,0,-0.0170395,7.45058e-06,0,0.01163,29,10.3,1.99981,-2.99578,1,-0.000154786,0.0090193,0,0.00201911,0.265762,0,0.00797502,30,10.3,-0.87792,2.00976,1,-0.35047,-0.0211872,0,0.451703,0.00435114,0,0.010654,31,10.3,-2.04805,3,1,0.224373,0,0,-0.47414,0,0,0.00555534,32,10.3,2.00008,-0.999997,1,-0.000520051,3.07336e-06,0,0.000923872,-2.6077e-05,0,0.0100107,33,10.3,2.00001,0.00307683,1,-1.8999e-05,-0.00181316,0,-0.000163913,-0.0182084,0,0.00865821,34,10.3,0.000606203,1.83814,1,-0.000850986,0.497226,0,-0.000728614,0.060834,0,0.00988386,35,10.3,-0.985057,1.10997,1,0.0736909,-0.331125,0,0.519574,0.4685,0,0.0145377
0,10.4,0.810402,-0.997853,1,-0.352195,-0.00349581,0,-0.0323057,-0.00143051,0,0.0131343,1,10.4,1.00173,-3,1,0.00856519,0,0,-0.0415444,0,0,0.00814032,2,10.4,0.983923,-1.81339,1,-0.0113517,0.357851,0,0.19151,0.0551343,0,0.0140307,3,10.4,-2.99808,-0.122851,1,-0.00472069,-0.5,0,0.00584126,3.57628e-06,0,0.00874025,4,10.4,-1.79322,-2.80301,1,0.500003,-0.357217,0,-5.96046e-05,0.342965,0,0.00731304,5,10.4,-1.01675,2.99727,1,-0.00222027,0.00547767,0,0.147998,0.000357628,0,0.00607777,6,10.4,-1.78948,-1.99817,1,-0.435472,-0.00350177,0,0.316083,-0.000238419,0,0.00907992,7,10.4,2.0119,-1.99934,1,-0.0786722,0.00668168,0,0.814915,-0.0256896,0,0.010215,8,10.4,-2.98451,1.01408,1,-0.0809968,-0.500001,0,0.281692,0,0,0.00820804,9,10.4,1.98415,1.80841,1,-0.0638396,0.422427,0,0.0513196,-0.357866,0,0.00819634,10,10.4,0.00114777,-1.18505,1,-0.00609541,-0.340873,0,-0.00276204,-0.0367761,0,0.0167853,11,10.4,0.151422,-2.21574,1,0.32032,0.433815,0,0.188425,-0.339627,0,0.0151353,12,10.4,0.0981368,-0.000530933,1,-0.464886,0.000949517,0,0.0147557,-0.00127115,0,0.0119134,13,10.4,-0.0357173,0.871685,1,0.160262,0.493965,0,-0.359466,0.0685155,0,0.0124287,14,10.4,-0.304223,-2.99519,1,0.484016,-0.00289083,0,-0.161573,-0.0141859,0,0.00881602,15,10.4,1.14587,1.97899,1,-0.374463,-0.149882,0,0.43875,-0.60612,0,0.0108058,16,10.4,0.967504,3,1,0.243582,0,0,-0.106394,0,0,0.00580598,17,10.4,2.99999,-3,1,0,0,0,0,0,0,0.00689485,18,10.4,-1.00826,-0.99991,1,0.128689,0.00192821,0,-0.415891,-0.00753999,0,0.0115777,19,10.4,-1.90416,0.760566,1,-0.27394,-0.496694,0,0.429749,-0.0661314,0,0.0106316,20,10.4,-3,-3,1,0,0,0,0,0,0,0.00695916,21,10.4,-0.825654,-1.99974,1,-0.412112,0.00025034,0,0.383615,-0.00280142,0,0.00896908,22,10.4,-0.997656,0.0281144,1,0.000911951,0.215485,0,-0.0237226,0.176721,0,0.0142105,23,10.4,-1.99999,-0.145187,1,3.27826e-05,-0.5,0,-0.000119209,0,0,0.0106561,24,10.4,1,1.08435,1,7.45058e-05,-0.442609,0,0.00101328,0.0172257,0,0.0141304,25,10.4,0.978761,0.165344,1,-0.149357,-0.3991,0,-0.60758,0.416898,0,0.0136365,26,10.4,3,-1.86998,1,0,-0.277874,0,0,0.999987,0,0.00551527,27,10.4,1.96558,3,1,0.366297,0,0,0.587642,0,0,0.00379264,28,10.4,-1.99823,1.86643,1,0.00205636,-0.500003,0,-0.0143647,5.96046e-05,0,0.0114578,29,10.4,1.9998,-2.99328,1,2.38419e-05,0.0431418,0,0.00149012,0.39506,0,0.00862132,30,10.4,-0.910655,2.00768,1,-0.303754,-0.0202775,0,0.479519,0.0134706,0,0.0115535,31,10.4,-2.02795,3,1,0.178027,0,0,-0.450253,0,0,0.00684029,32,10.4,2.00003,-0.999997,1,-0.000423193,0,0,0.000953674,0,0,0.0105336,33,10.4,2.00001,0.00281519,1,-2.98023e-05,-0.00331493,0,0,-0.0119306,0,0.00890437,34,10.4,0.000518466,1.88805,1,-0.000894237,0.5,0,-0.000158049,0,0,0.00879266,35,10.4,-0.974992,1.07924,1,0.128151,-0.283182,0,0.552773,0.486493,0,0.0144685
0,10.5,0.775154,-0.998206,1,-0.351406,-0.00353288,0,0.0488535,0.000715256,0,0.0131343,1,10.5,1.00239,-3,1,0.00474323,0,0,-0.0348017,0,0,0.00814032,2,10.5,0.983648,-1.77748,1,0.00491822,0.358959,0,0.135433,-0.0336245,0,0.0140307,3,10.5,-2.99852,-0.172851,1,-0.004109,-0.5,0,0.00631809,-4.47035e-07,0,0.00874025,4,10.5,-1.74322,-2.83698,1,0.5,-0.322046,0,-7.45058e-06,0.358686,0,0.00731304,5,10.5,-1.01578,2.99781,1,0.0254642,0.00532754,0,0.378639,-0.00317395,0,0.00607777,6,10.5,-1.83131,-1.99852,1,-0.399838,-0.00343267,0,0.392556,0.00152737,0,0.00907992,7,10.5,2.00845,-1.99882,1,0.0121932,0.00371262,0,0.969902,-0.0330955,0,0.010215,8,10.5,-2.99128,0.964083,1,-0.0552807,-0.5,0,0.232413,3.72529e-06,0,0.00820804,9,10.5,1.97818,1.84877,1,-0.0542568,0.383796,0,0.132792,-0.412822,0,0.00819634,10,10.5,0.000529107,-1.21921,1,-0.00623702,-0.341332,0,-0.000311172,0.0296161,0,0.0167853,11,10.5,0.184319,-2.17416,1,0.336719,0.396918,0,0.133961,-0.39573,0,0.0151353,12,10.5,0.0517155,-0.000442498,1,-0.463448,0.000814649,0,0.0201214,-0.00154086,0,0.0119134,13,10.5,-0.021421,0.921367,1,0.126337,0.49897,0,-0.31912,0.0281408,0,0.0124287,14,10.5,-0.256759,-2.99554,1,0.463968,-0.00412427,0,-0.239184,-0.0104457,0,0.00881602,15,10.5,1.11069,1.96079,1,-0.328557,-0.215446,0,0.475153,-0.68713,0,0.0108058,16,10.5,0.992085,3,1,0.254674,0,0,0.29308,0,0,0.00580598,17,10.5,2.99999,-3,1,3.72529e-07,0,0,1.49012e-05,0,0,0.00689485,18,10.5,-0.997379,-0.999753,1,0.0897415,0.00122869,0,-0.361979,-0.00642613,0,0.0115777,19,10.5,-1.92942,0.710694,1,-0.231596,-0.499794,0,0.415623,-0.00826269,0,0.0106316,20,10.5,-3,-3,1,0,0,0,0,0,0,0.00695916,21,10.5,-0.864845,-1.99972,1,-0.370758,2.23517e-06,0,0.440396,-0.00216067,0,0.00896908,22,10.5,-0.997672,0.0507049,1,-0.00113035,0.237535,0,-0.0174083,0.249712,0,0.0142105,23,10.5,-1.99998,-0.195187,1,2.16067e-05,-0.5,0,-0.000104308,-8.9407e-07,0,0.0106561,24,10.5,1.00001,1.04011,1,0.000168011,-0.442676,0,0.00102818,-0.0103004,0,0.0141304,25,10.5,0.960607,0.127616,1,-0.215057,-0.354627,0,-0.688385,0.467889,0,0.0136365,26,10.5,3,-1.89277,1,0,-0.177874,0,0,1,0,0.00551527,27,10.5,2.00515,3,1,0.424344,0,0,0.54092,0,0,0.00379264,28,10.5,-1.99809,1.81643,1,0.000769272,-0.5,0,-0.0114441,7.45058e-06,0,0.0114578,29,10.5,1.99981,-2.98674,1,0.000141189,0.0896841,0,0.00077486,0.516176,0,0.00862132,30,10.5,-0.93861,2.00573,1,-0.255226,-0.0185646,0,0.487331,0.020355,0,0.0115535,31,10.5,-2.01181,3,1,0.149849,0,0,-0.138849,0,0,0.00684029,32,10.5,2,-0.999997,1,-0.000325963,-3.72529e-07,0,0.000968575,-7.45058e-06,0,0.0105336,33,10.5,2.00001,0.00243377,1,-2.83122e-05,-0.00422065,0,2.98023e-05,-0.00635059,0,0.00890437,34,10.5,0.000739554,1.93805,1,0.00818001,0.5,0,0.171791,0,0,0.00879266,35,10.5,-0.959191,1.05335,1,0.189512,-0.234962,0,0.651836,0.474803,0,0.0144685
0,10.6,0.740397,-0.998552,1,-0.342357,-0.00334829,0,0.131994,0.00292063,0,0.0119214,1,10.6,1.00271,-3,1,0.00162125,0,0,-0.0277162,0,0,0.00770392,2,10.6,0.984735,-1.7419,1,0.0160351,0.351089,0,0.0883639,-0.12362,0,0.0138471,3,10.6,-2.9989,-0.222851,1,-0.00346899,-0.5,0,0.00655651,-7.15256e-06,0,0.00954135,4,10.6,-1.69322,-2.86738,1,0.500003,-0.285816,0,-5.96046e-05,0.364423,0,0.00801262,5,10.6,-1.01115,2.99832,1,0.0687182,0.0048697,0,0.465453,-0.00560284,0,0.00537981,6,10.6,-1.86924,-1.99886,1,-0.357747,-0.00320971,0,0.445485,0.00286102,0,0.00896168,7,10.6,2.01458,-1.99862,1,0.110424,0.000178814,0,0.978351,-0.0371337,0,0.0102991,8,10.6,-2.99573,0.914083,1,-0.034523,-0.5,0,0.183105,-2.98023e-05,0,0.00813971,9,10.6,1.9735,1.88501,1,-0.0386387,0.340301,0,0.173628,-0.454783,0,0.00878802,10,10.6,-9.37134e-05,-1.25308,1,-0.00619966,-0.334653,0,0.000879224,0.104845,0,0.0168286,11,10.6,0.218533,-2.13652,1,0.346178,0.355172,0,0.0514841,-0.436544,0,0.012614,12,10.6,0.00552229,-0.000369964,1,-0.459785,0.000621586,0,0.0578052,-0.00240335,0,0.0152915,13,10.6,-0.0103165,0.97134,1,0.0964143,0.5,0,-0.279476,2.98023e-05,0,0.0109727,14,10.6,-0.211684,-2.996,1,0.436287,-0.00498295,0,-0.313535,-0.00667572,0,0.0093408,15,10.6,1.08024,1.9358,1,-0.280225,-0.284043,0,0.487864,-0.670135,0,0.0106564,16,10.6,1.01944,3,1,0.295836,0,0,0.501692,0,0,0.0045639,17,10.6,2.99999,-3,1,0,0,0,0.000119209,0,0,0.00727408,18,10.6,-0.990118,-0.999661,1,0.0564575,0.00064373,0,-0.303149,-0.00521541,0,0.00901586,19,10.6,-1.95054,0.660698,1,-0.191095,-0.5,0,0.393093,-2.98023e-05,0,0.00935517,20,10.6,-3,-3,1,0,0,0,0,0,0,0.00753065,21,10.6,-0.899647,-1.99973,1,-0.324659,-0.000184774,0,0.478446,-0.00149012,0,0.011112,22,10.6,-0.997864,0.0757277,1,-0.00262111,0.262839,0,-0.0126362,0.24505,0,0.0158538,23,10.6,-1.99998,-0.245187,1,1.19209e-05,-0.5,0,-0.000119209,1.43051e-05,0,0.0105536,24,10.6,1.00004,0.995806,1,0.000306964,-0.443189,0,0.00196695,0.00658631,0,0.0134074,25,10.6,0.935651,0.0945438,1,-0.28377,-0.3064,0,-0.671238,0.492543,0,0.0146975,26,10.6,3,-1.90556,1,0,-0.0778735,0,0,0.999987,0,0.0062536,27,10.6,2.05002,3,1,0.469822,0,0,0.354409,0,0,0.00375104,28,10.6,-1.99807,1.76643,1,-0.000241399,-0.500003,0,-0.00882149,5.96046e-05,0,0.0110331,29,10.6,1.99983,-2.97512,1,0.000169873,0.142866,0,-0.000357628,0.531912,0,0.0091938,30,10.6,-0.961709,2.00399,1,-0.206968,-0.016284,0,0.474662,0.0246763,0,0.0104325,31,10.6,-1.99718,3,1,0.145686,0,0,0.035584,0,0,0.00433974,32,10.6,1.99997,-0.999997,1,-0.000232458,-1.49012e-06,0,0.000953674,0,0,0.0099143,33,10.6,2,0.001988,1,-2.38419e-05,-0.00461819,0,0,-0.00176474,0,0.0091157,34,10.6,0.00263197,1.98805,1,0.0316008,0.5,0,0.287848,0,0,0.00777412,35,10.6,-0.936972,1.03218,1,0.254503,-0.18878,0,0.630349,0.446439,0,0.0134634
0,10.7,0.706887,-0.998871,1,-0.327166,-0.00301842,0,0.172704,0.00371039,0,0.0119214,1,10.7,1.00274,-3,1,-0.000784174,0,0,-0.0204891,0,0,0.00770392,2,10.7,0.986708,-1.70749,1,0.0227685,0.336177,0,0.0478961,-0.174887,0,0.0138471,3,10.7,-2.99921,-0.272851,1,-0.0028234,-0.5,0,0.00633299,2.68221e-06,0,0.00954135,4,10.7,-1.64322,-2.89415,1,0.5,-0.249512,0,-7.45058e-06,0.36031,0,0.00801262,5,10.7,-1.00145,2.99878,1,0.129268,0.00421442,0,0.712749,-0.00731647,0,0.00537981,6,10.7,-1.90273,-1.99916,1,-0.311691,-0.00287797,0,0.472434,0.00370294,0,0.00896168,7,10.7,2.03047,-1.99885,1,0.206785,-0.00537522,0,0.935957,-0.0708252,0,0.0102991,8,10.7,-2.99835,0.864083,1,-0.0186253,-0.5,0,0.135556,0,0,0.00813971,9,10.7,1.97053,1.91671,1,-0.0207741,0.293362,0,0.179902,-0.480205,0,0.00878802,10,10.7,-0.000698732,-1.28597,1,-0.00580783,-0.32265,0,0.00646206,0.13721,0,0.0168286,11,10.7,0.253294,-2.10324,1,0.347839,0.309969,0,-0.0201231,-0.463963,0,0.012614,12,10.7,-0.0402119,-0.000318423,1,-0.455101,0.000418449,0,0.0454263,-0.00184598,0,0.0152915,13,10.7,-0.00200041,1.02134,1,0.0706153,0.5,0,-0.23705,-7.45058e-06,0,0.0109727,14,10.7,-0.169761,-2.99653,1,0.400881,-0.00544935,0,-0.390568,-0.00277162,0,0.0093408,15,10.7,1.05464,1.90408,1,-0.231998,-0.349838,0,0.474237,-0.633486,0,0.0106564,16,10.7,1.0518,3,1,0.353349,0,0,0.613041,0,0,0.0045639,17,10.7,2.99999,-3,1,9.68575e-06,0,0,5.96046e-05,0,0,0.00727408,18,10.7,-0.985885,-0.99962,1,0.0292278,0.000182912,0,-0.24176,-0.00401586,0,0.00901586,19,10.7,-1.96774,0.610698,1,-0.153516,-0.5,0,0.358038,0,0,0.00935517,20,10.7,-3,-3,1,0,0,0,0,0,0,0.00753065,21,10.7,-0.929682,-1.99976,1,-0.275747,-0.000306405,0,0.495773,-0.000946224,0,0.011112,22,10.7,-0.998181,0.103288,1,-0.0036533,0.288588,0,-0.00834092,0.258355,0,0.0158538,23,10.7,-1.99998,-0.295187,1,1.11759e-06,-0.5,0,-8.9407e-05,0,0,0.0105536,24,10.7,1.00008,0.951461,1,0.000483729,-0.444102,0,0.00179559,-0.0167936,0,0.0134074,25,10.7,0.903949,0.0663676,1,-0.349665,-0.257186,0,-0.634726,0.488831,0,0.0146975,26,10.7,3,-1.90834,1,0,0.022126,0,0,1,0,0.0062536,27,10.7,2.0984,3,1,0.494223,0,0,0.137761,0,0,0.00375104,28,10.7,-1.99813,1.71643,1,-0.00100378,-0.5,0,-0.00647455,7.45058e-06,0,0.0110331,29,10.7,1.99984,-2.9581,1,4.73112e-05,0.197956,0,-0.00219047,0.554219,0,0.0091938,30,10.7,-0.980079,2.00249,1,-0.160939,-0.0136886,0,0.44341,0.0268966,0,0.0104325,31,10.7,-1.98189,3,1,0.16482,0,0,0.318147,0,0,0.00433974,32,10.7,1.99995,-0.999997,1,-0.000142865,-1.58325e-06,0,0.000827014,-3.72529e-06,0,0.0099143,33,10.7,2,0.00152375,1,-2.21655e-05,-0.00460755,0,3.72529e-05,0.00179989,0,0.0091157,34,10.7,0.00773442,2.03805,1,0.0749421,0.5,0,0.557791,0,0,0.00777412,35,10.7,-0.908442,1.01538,1,0.315174,-0.148674,0,0.575293,0.35879,0,0.0134634
0,10.8,0.675106,-0.999153,1,-0.307709,-0.00260323,0,0.216663,0.00461936,0,0.0107291,1,10.8,1.00257,-3,1,-0.00249445,0,0,-0.0138879,0,0,0.00678604,2,10.8,0.989169,-1.67484,1,0.0259161,0.316116,0,0.0164807,-0.226021,0,0.0130491,3,10.8,-2.99946,-0.322851,1,-0.00221133,-0.5,0,0.00584126,1.43051e-05,0,0.00855836,4,10.8,-1.59322,-2.91731,1,0.500003,-0.213999,0,-5.96046e-05,0.348687,0,0.00706928,5,10.8,-0.984779,2.99916,1,0.205369,0.00343919,0,0.783026,-0.00798702,0,0.00599578,6,10.8,-1.93152,-1.99943,1,-0.263879,-0.00247955,0,0.48089,0.00417233,0,0.00923469,7,10.8,2.05567,-1.99978,1,0.295317,-0.0134081,0,0.824809,-0.0869632,0,0.00989341,8,10.8,-2.99961,0.814083,1,-0.00724196,-0.5,0,0.0932217,-2.98023e-05,0,0.00866812,9,10.8,1.96933,1.94363,1,-0.00331104,0.244972,0,0.166535,-0.484169,0,0.0100981,10,10.8,-0.00124138,-1.31748,1,-0.00499706,-0.306898,0,0.0093506,0.178874,0,0.0144724,11,10.8,0.287846,-2.07458,1,0.34189,0.263047,0,-0.099659,-0.471473,0,0.0114859,12,10.8,-0.0854504,-0.00028616,1,-0.449044,0.000219652,0,0.0826973,-0.0022707,0,0.0130654,13,10.8,0.00394249,1.07134,1,0.0488953,0.500003,0,-0.197892,-5.96046e-05,0,0.0110766,14,10.8,-0.131725,-2.99708,1,0.358956,-0.00555515,0,-0.444159,0.000476837,0,0.00774624,15,10.8,1.03377,1.86607,1,-0.18582,-0.408599,0,0.447273,-0.532627,0,0.0110463,16,10.8,1.09016,3,1,0.412577,0,0,0.548303,0,0,0.00463083,17,10.8,2.99999,-3,1,1.78814e-05,0,0,0,0,0,0.00684093,18,10.8,-0.984072,-0.99962,1,0.00801235,-0.000162423,0,-0.183165,-0.00286102,0,0.0105855,19,10.8,-1.98136,0.560698,1,-0.119567,-0.5,0,0.320613,-2.98023e-05,0,0.00918931,20,10.8,-3,-3,1,0,0,0,0,0,0,0.00731454,21,10.8,-0.954778,-1.99979,1,-0.226249,-0.000375509,0,0.490725,-0.000536442,0,0.00790189,22,10.8,-0.998583,0.133382,1,-0.00435114,0.312483,0,-0.00584126,0.210851,0,0.0132993,23,10.8,-1.99998,-0.345187,1,-5.96046e-06,-0.5,0,-0.000119209,1.43051e-05,0,0.00906145,24,10.8,1.00013,0.906984,1,0.000700355,-0.445108,0,0.00280142,0.00298023,0,0.013986,25,10.8,0.865952,0.0430664,1,-0.408603,-0.209168,0,-0.534862,0.469113,0,0.0137606,26,10.8,3,-1.90113,1,0,0.122127,0,0,0.999987,0,0.00642468,27,10.8,2.14823,3,1,0.5,0,0,0,0,0,0.00362376,28,10.8,-1.99826,1.66643,1,-0.00154674,-0.500003,0,-0.00441074,5.96046e-05,0,0.0125364,29,10.8,1.99983,-2.9356,1,-0.000286102,0.250959,0,-0.00452995,0.494003,0,0.0124115,30,10.8,-0.994025,2.00125,1,-0.118722,-0.0109673,0,0.399113,0.0270605,0,0.0117115,31,10.8,-1.96355,3,1,0.20408,0,0,0.443578,0,0,0.00436919,32,10.8,1.99994,-0.999997,1,-6.55651e-05,-1.49012e-06,0,0.000655651,-2.98023e-05,0,0.00949057,33,10.8,2,0.00107665,1,-2.08616e-05,-0.00429187,0,5.96046e-05,0.00435475,0,0.00850735,34,10.8,0.0183166,2.08805,1,0.139231,0.5,0,0.709906,0,0,0.0066858,35,10.8,-0.874194,1.00219,1,0.368193,-0.116432,0,0.479251,0.288785,0,0.0154188
0,10.9,0.645379,-0.999391,1,-0.287104,-0.00215191,0,0.200775,0.00445545,0,0.0107291,1,10.9,1.00226,-3,1,-0.00358,0,0,-0.00800192,0,0,0.00678604,2,10.9,0.9918,-1.64433,1,0.0263199,0.294138,0,-0.00713766,-0.218086,0,0.0130491,3,10.9,-2.99966,-0.372851,1,-0.00165701,-0.5,0,0.00521541,0,0,0.00855836,4,10.9,-1.54322,-2.937,1,0.5,-0.179974,0,-7.45058e-06,0.330821,0,0.00706928,5,10.9,-0.960277,2.99947,1,0.284672,0.00263862,0,0.783585,-0.00788271,0,0.00599578,6,10.9,-1.95551,-1.99966,1,-0.216146,-0.00205021,0,0.470676,0.00435859,0,0.00923469,7,10.9,2.08912,-2.00154,1,0.371207,-0.021545,0,0.682861,-0.074856,0,0.00989341,8,10.9,-2.99992,0.764083,1,0.000344589,-0.5,0,0.059709,0,0,0.00866812,9,10.9,1.96979,1.96573,1,0.0119718,0.197224,0,0.137977,-0.467665,0,0.0100981,10,10.9,-0.00168704,-1.34732,1,-0.00385691,-0.29002,0,0.0129204,0.16477,0,0.0144724,11,10.9,0.32146,-2.05062,1,0.329599,0.216439,0,-0.147045,-0.458121,0,0.0114859,12,10.9,-0.129912,-0.000273566,1,-0.439761,4.70539e-05,0,0.108388,-0.00137706,0,0.0130654,13,10.9,0.00790814,1.12134,1,0.0310547,0.5,0,-0.159669,-7.45058e-06,0,0.0110766,14,10.9,-0.0981042,-2.99763,1,0.313,-0.0053674,0,-0.471759,0.00315905,0,0.00774624,15,10.9,1.01735,1.82282,1,-0.143266,-0.453661,0,0.403039,-0.367865,0,0.0110463,16,10.9,1.13393,3,1,0.460211,0,0,0.389174,0,0,0.00463083,17,10.9,2.99999,-3,1,1.75089e-05,0,0,-1.49012e-05,0,0,0.00684093,18,10.9,-0.984093,-0.999649,1,-0.0075276,-0.000397116,0,-0.128787,-0.00185519,0,0.0105855,19,10.9,-1.99178,0.510698,1,-0.0895105,-0.5,0,0.280425,2.08616e-06,0,0.00918931,20,10.9,-3,-3,1,0,0,0,0,0,0,0.00731454,21,10.9,-0.974984,-1.99983,1,-0.178317,-0.000408106,0,0.465024,-0.00012666,0,0.00790189,22,10.9,-0.999072,0.165778,1,-0.00563245,0.336049,0,-0.0185966,0.24685,0,0.0132993,23,10.9,-1.99998,-0.395187,1,-1.546e-05,-0.5,0,-8.19564e-05,0,0,0.00906145,24,10.9,1.00022,0.862411,1,0.000908785,-0.446896,0,0.00166148,-0.0299588,0,0.013986,25,10.9,0.82269,0.024432,1,-0.45389,-0.16418,0,-0.370499,0.429498,0,0.0137606,26,10.9,3,-1.88392,1,0,0.22206,0,0,0.997327,0,0.00642468,27,10.9,2.19823,3,1,0.5,0,0,0,0,0,0.00362376,28,10.9,-1.99844,1.61643,1,-0.00189282,-0.5,0,-0.0025779,7.45058e-06,0,0.0125364,29,10.9,1.99975,-2.90801,1,-0.00143442,0.300758,0,-0.0175461,0.487506,0,0.0124115,30,10.9,-1.00399,2.00029,1,-0.0815012,-0.00831839,0,0.344422,0.025712,0,0.0117115,31,10.9,-1.94063,3,1,0.256717,0,0,0.587933,0,0,0.00436919,32,10.9,1.99994,-0.999997,1,-7.07805e-06,-3.91155e-06,0,0.000521541,-1.49012e-05,0,0.00949057,33,10.9,2,0.000672255,1,-1.49012e-05,-0.00376937,0,5.96046e-05,0.00595379,0,0.00850735,34,10.9,0.0360555,2.13805,1,0.217508,0.5,0,0.82831,0,0,0.0066858,35,10.9,-0.835077,0.991803,1,0.412999,-0.0929248,0,0.41094,0.188317,0,0.0154188
0,11,0.617681,-0.999584,1,-0.266677,-0.00170171,0,0.211209,0.00455976,0,0.0124127,1,11,1.00187,-3,1,-0.0041306,0,0,-0.00309944,0,0,0.00658112,2,11,0.994366,-1.61602,1,0.0247255,0.271761,0,-0.0236034,-0.232279,0,0.012815,3,11,-2.9998,-0.422851,1,-0.00116825,-0.5,0,0.00429153,1.43051e-05,0,0.0091102,4,11,-1.49322,-2.95338,1,0.500003,-0.148022,0,-5.96046e-05,0.307441,0,0.00967667,5,11,-0.928021,2.99969,1,0.358808,0.00187755,0,0.685751,-0.00715256,0,0.00676871,6,11,-1.97481,-1.99984,1,-0.170305,-0.00161529,0,0.443697,0.00429153,0,0.00917885,7,11,2.12935,-2.00404,1,0.430441,-0.0282228,0,0.49746,-0.0580549,0,0.0100382,8,11,-2.99964,0.714083,1,0.00492334,-0.5,0,0.033021,-2.98023e-05,0,0.00907948,9,11,1.97162,1.98316,1,0.0241101,0.151992,0,0.104129,-0.434577,0,0.00968891,10,11,-0.00200586,-1.37548,1,-0.00250736,-0.272942,0,0.0136584,0.180781,0,0.0181741,11,11,0.353601,-2.03123,1,0.312375,0.171888,0,-0.197604,-0.430942,0,0.0129282,12,11,-0.173267,-0.000275607,1,-0.426458,-9.03463e-05,0,0.16132,-0.00152105,0,0.015035,13,11,0.0102734,1.17134,1,0.0168153,0.500003,0,-0.125831,-5.96046e-05,0,0.0123554,14,11,-0.0691856,-2.99814,1,0.265222,-0.00494123,0,-0.480816,0.005126,0,0.00692233,15,11,1.00496,1.77588,1,-0.105342,-0.482389,0,0.354826,-0.20963,0,0.0119985,16,11,1.18156,3,1,0.488931,0,0,0.185668,0,0,0.00505467,17,11,3,-3,1,1.78814e-05,0,0,-0.000119209,0,0,0.00515905,18,11,-0.985408,-0.999696,1,-0.0179827,-0.000537932,0,-0.0815094,-0.00104308,0,0.00997645,19,11,-1.9994,0.460698,1,-0.0634909,-0.5,0,0.239968,1.43051e-05,0,0.0100993,20,11,-3,-3,1,0,0,0,0,0,0,0.00735361,21,11,-0.990554,-1.99987,1,-0.133753,-0.000405312,0,0.424087,0.000238419,0,0.00807036,22,11,-0.999741,0.200584,1,-0.00785142,0.359465,0,-0.0247657,0.211223,0,0.01427,23,11,-1.99999,-0.445187,1,-2.08616e-05,-0.5,0,-5.96046e-05,1.43051e-05,0,0.0102966,24,11,1.00032,0.817577,1,0.0010848,-0.449525,0,0.00208616,-0.015676,0,0.0163912,25,11,0.775719,0.0100876,1,-0.482869,-0.123467,0,-0.211149,0.383912,0,0.0127312,26,11,3,-1.85675,1,0,0.321057,0,0,0.978589,0,0.00660175,27,11,2.24823,3,1,0.5,0,0,0,0,0,0.00381474,28,11,-1.99863,1.56643,1,-0.00207126,-0.500003,0,-0.00107288,5.96046e-05,0,0.0105328,29,11,1.99951,-2.87561,1,-0.00362992,0.345945,0,-0.0254512,0.40555,0,0.012422,30,11,-1.01051,1.99958,1,-0.0499696,-0.00586212,0,0.285923,0.0232458,0,0.0111932,31,11,-1.91193,3,1,0.317812,0,0,0.616491,0,0,0.00521005,32,11,1.99994,-0.999998,1,3.8743e-05,-5.96046e-06,0,0.000357628,0,0,0.00855935,33,11,2,0.000326752,1,-8.9407e-06,-0.00312707,0,0,0.006774,0,0.00969955,34,11,0.0619584,2.18805,1,0.300132,0.5,0,0.80388,0,0,0.00735946,35,11,-0.791873,0.983334,1,0.449476,-0.077495,0,0.315458,0.126064,0,0.0146552
0,11.1,0.592003,-0.999732,1,-0.247382,-0.00127899,0,0.180431,0.00395998,0,0.0124127,1,11.1,1.00145,-3,1,-0.00424273,0,0,0.000685453,0,0,0.00658112,2,11.1,0.996701,-1.58995,1,0.0217794,0.250244,0,-0.0343174,-0.203244,0,0.012815,3,11.1,-2.99989,-0.472851,1,-0.000772253,-0.5,0,0.00359118,-1.78814e-06,0,0.0091102,4,11.1,-1.44322,-2.96668,1,0.499978,-0.118593,0,-0.000864267,0.280395,0,0.00967667,5,11.1,-0.888854,2.99985,1,0.422514,0.00121631,0,0.566632,-0.00600517,0,0.00676871,6,11.1,-1.98969,-1.99998,1,-0.127933,-0.00120103,0,0.401974,0.00397861,0,0.00917885,7,11.1,2.1746,-2.00706,1,0.471522,-0.0312895,0,0.316679,-0.00569224,0,0.0100382,8,11.1,-2.99902,0.664083,1,0.00718795,-0.5,0,0.0131577,0,0,0.00907948,9,11.1,1.97449,1.99626,1,0.0326818,0.110817,0,0.0676736,-0.387385,0,0.00968891,10,11.1,-0.00218834,-1.40191,1,-0.00115035,-0.256147,0,0.0131865,0.160716,0,0.0181741,11,11.1,0.38388,-2.01613,1,0.293356,0.130841,0,-0.188049,-0.388682,0,0.0129282,12,11.1,-0.215165,-0.000290269,1,-0.411869,-0.000188603,0,0.138134,-0.000658096,0,0.015035,13,11.1,0.0117702,1.22134,1,0.0172237,0.5,0,0.120505,-7.45058e-06,0,0.0123554,14,11.1,-0.0450593,-2.99861,1,0.217464,-0.00434667,0,-0.471221,0.00661612,0,0.00692233,15,11.1,0.99611,1.72683,1,-0.0726733,-0.496484,0,0.29894,-0.0791252,0,0.0119985,16,11.1,1.23107,3,1,0.498861,0,0,0.0365973,0,0,0.00505467,17,11.1,3,-3,1,7.82311e-06,0,0,-7.45058e-05,0,0,0.00515905,18,11.1,-0.987544,-0.999754,1,-0.0240815,-0.00060508,0,-0.0418909,-0.000331551,0,0.00997645,19,11.1,-2.00462,0.410709,1,-0.0416767,-0.499552,0,0.196859,0.0135563,0,0.0100993,20,11.1,-3,-3,1,0,0,0,0,0,0,0.00735361,21,11.1,-1.00189,-1.99991,1,-0.0939544,-0.000370666,0,0.370681,0.000432134,0,0.00807036,22,11.1,-1.00082,0.237757,1,-0.0151017,0.385412,0,-0.10946,0.29616,0,0.01427,23,11.1,-1.99999,-0.495187,1,-2.49594e-05,-0.5,0,-1.49012e-05,1.78814e-06,0,0.0102966,24,11.1,1.00043,0.772442,1,0.0011893,-0.453963,0,0.000335276,-0.0629276,0,0.0163912,25,11.1,0.726625,-0.00043253,1,-0.496757,-0.0878617,0,-0.0756979,0.328378,0,0.0127312,26,11.1,3,-1.82014,1,0,0.406925,0,0,0.724934,0,0.00660175,27,11.1,2.29823,3,1,0.5,0,0,0,0,0,0.00381474,28,11.1,-1.99884,1.51643,1,-0.0021169,-0.5,0,0.000111759,7.45058e-06,0,0.0105328,29,11.1,1.9989,-2.83898,1,-0.00939928,0.386452,0,-0.0834018,0.396475,0,0.012422,30,11.1,-1.01418,1.99911,1,-0.0244066,-0.00369865,0,0.225767,0.0199452,0,0.0111932,31,11.1,-1.8771,3,1,0.378003,0,0,0.571951,0,0,0.00521005,32,11.1,1.99994,-0.999998,1,6.81728e-05,-5.86733e-06,0,0.000223517,3.72529e-06,0,0.00855935,33,11.1,2,4.83476e-05,1,-8.00937e-06,-0.00243892,0,2.23517e-05,0.00690101,0,0.00969955,34,11.1,0.0958454,2.23805,1,0.375702,0.5,0,0.69049,0,0,0.00735946,35,11.1,-0.745452,0.976281,1,0.47754,-0.0629728,0,0.232387,0.161264,0,0.0146552
0,11.2,0.568154,-0.999841,1,-0.229627,-0.00089854,0,0.178546,0.00372529,0,0.0137705,1,11.2,1.00104,-3,1,-0.00402629,0,0,0.00339746,0,0,0.00604996,2,11.2,0.998696,-1.56592,1,0.0180438,0.230244,0,-0.0395775,-0.200331,0,0.0131314,3,11.2,-2.99995,-0.522851,1,-0.000452995,-0.5,0,0.00286102,-2.98023e-05,0,0.00862303,4,11.2,-1.39323,-2.97719,1,0.49966,-0.0920773,0,-0.00691414,0.249505,0,0.0078516,5,11.2,-0.844096,2.99994,1,0.469153,0.000679493,0,0.358015,-0.00476837,0,0.00601445,6,11.2,-2.00055,-2.00008,1,-0.0902057,-0.000822544,0,0.35131,0.00345707,0,0.0107404,7,11.2,2.22301,-2.01014,1,0.493544,-0.0298202,0,0.129104,0.0329018,0,0.00861565,8,11.2,-2.99826,0.614083,1,0.00772476,-0.5,0,-0.00143051,-2.98023e-05,0,0.00898537,9,11.2,1.97804,2.00549,1,0.0377387,0.0747621,0,0.0340939,-0.332713,0,0.0109436,10,11.2,-0.00224023,-1.42672,1,7.93603e-05,-0.239867,0,0.0111972,0.168681,0,0.0176665,11,11.2,0.412257,-2.00491,1,0.273904,0.094372,0,-0.20434,-0.340044,0,0.0137179,12,11.2,-0.255647,-0.000312457,1,-0.3975,-0.000259745,0,0.154883,-0.000928514,0,0.0143204,13,11.2,0.0144084,1.27134,1,0.0383679,0.500003,0,0.290392,-5.96046e-05,0,0.0149003,14,11.2,-0.0256312,-2.99901,1,0.171542,-0.00364184,0,-0.444703,0.00739098,0,0.00858855,15,11.2,0.990248,1.67694,1,-0.0454664,-0.499958,0,0.245661,-0.000834465,0,0.0129698,16,11.2,1.28104,3,1,0.500003,0,0,-5.96046e-05,0,0,0.00500237,17,11.2,3,-3,1,5.96046e-06,0,0,-0.000119209,0,0,0.00665352,18,11.2,-0.990106,-0.999815,1,-0.0266373,-0.000609457,0,-0.0105202,0.000208616,0,0.00934236,19,11.2,-2.00787,0.36088,1,-0.0240028,-0.496324,0,0.157237,0.0560284,0,0.0104903,20,11.2,-3,-3,1,0,0,0,0,0,0,0.00747435,21,11.2,-1.00953,-1.99995,1,-0.0597984,-0.000321865,0,0.311792,0.000596046,0,0.00831567,22,11.2,-1.00294,0.27784,1,-0.0278085,0.416592,0,-0.136256,0.317946,0,0.0129202,23,11.2,-1.99999,-0.545187,1,-2.68221e-05,-0.500001,0,0,2.98023e-05,0,0.00900052,24,11.2,1.00055,0.726723,1,0.00121295,-0.460283,0,0.000417233,-0.0554025,0,0.0136692,25,11.2,0.676724,-0.00766772,1,-0.5,-0.0577438,0,-2.98023e-05,0.274282,0,0.0111403,26,11.2,3,-1.77631,1,0,0.46455,0,0,0.426292,0,0.00697709,27,11.2,2.34823,3,1,0.5,0,0,0,0,0,0.00353016,28,11.2,-1.99905,1.46643,1,-0.00205934,-0.500003,0,0.00107288,5.96046e-05,0,0.0130523,29,11.2,1.9975,-2.79843,1,-0.0191242,0.423795,0,-0.105739,0.343919,0,0.0108564,30,11.2,-1.01559,1.99883,1,-0.00470579,-0.00188351,0,0.16892,0.0162721,0,0.0109421,31,11.2,-1.83661,3,1,0.429752,0,0,0.453949,0,0,0.00507395,32,11.2,1.99995,-0.999999,1,8.64267e-05,-5.96046e-06,0,0.000119209,2.98023e-05,0,0.00967379,33,11.2,2,-0.000161435,1,-5.96046e-06,-0.00176244,0,0,0.00656101,0,0.00890815,34,11.2,0.136574,2.28805,1,0.435707,0.5,0,0.501401,0,0,0.00668915,35,11.2,-0.696744,0.970826,1,0.494502,-0.0458241,0,0.105768,0.178993,0,0.0161591
0,11.3,0.545988,-0.999914,1,-0.214478,-0.000569969,0,0.131521,0.00293553,0,0.0137705,1,11.3,1.00065,-3,1,-0.0035895,0,0,0.00519305,0,0,0.00604996,2,11.3,1.0003,-1.5438,1,0.0139902,0.213103,0,-0.0408478,-0.149451,0,0.0131314,3,11.3,-2.99999,-0.572849,1,-0.000209361,-0.499909,0,0.00202656,0.00366569,0,0.00862303,4,11.3,-1.34336,-2.98521,1,0.496982,-0.0687849,0,-0.0525564,0.215992,0,0.0078516,5,11.3,-0.795769,2.99999,1,0.493763,0.000277907,0,0.14152,-0.00330806,0,0.00601445,6,11.3,-2.00791,-2.00015,1,-0.0579119,-0.000502169,0,0.294268,0.00295043,0,0.0107404,7,11.3,2.27276,-2.01292,1,0.499596,-0.0252429,0,0.016138,0.0569075,0,0.00861565,8,11.3,-2.99751,0.564083,1,0.00712909,-0.5,0,-0.00993907,0,0,0.00898537,9,11.3,1.98193,2.0114,1,0.0396144,0.0444714,0,0.00444055,-0.273064,0,0.0109436,10,11.3,-0.00217959,-1.44994,1,0.0010971,-0.22513,0,0.00901884,0.132576,0,0.0176665,11,11.3,0.438693,-1.99708,1,0.25533,0.0631068,0,-0.173258,-0.285164,0,0.0137179,12,11.3,-0.295059,-0.000341515,1,-0.394575,-0.000313712,0,-0.0755079,-0.000458704,0,0.0143204,13,11.3,0.0202824,1.32134,1,0.0842819,0.5,0,0.600988,-7.45058e-06,0,0.0149003,14,11.3,-0.0106362,-2.99934,1,0.129049,-0.0028912,0,-0.403352,0.00749528,0,0.00858855,15,11.3,0.986838,1.62695,1,-0.023627,-0.499997,0,0.192154,-0.000104308,0,0.0129698,16,11.3,1.33104,3,1,0.5,0,0,-7.45058e-06,0,0,0.00500237,17,11.3,3,-3,1,-3.72529e-06,0,0,-5.96046e-05,0,0,0.00665352,18,11.3,-0.99278,-0.999875,1,-0.0264627,-0.000568479,0,0.0127293,0.000588596,0,0.00934236,19,11.3,-2.00955,0.311625,1,-0.0101082,-0.48771,0,0.121236,0.119576,0,0.0104903,20,11.3,-3,-3,1,0,0,0,0,0,0,0.00747435,21,11.3,-1.01406,-1.99998,1,-0.0317292,-0.000260025,0,0.249855,0.000625849,0,0.00831567,22,11.3,-1.00624,0.321114,1,-0.0366917,0.448723,0,-0.0456348,0.308219,0,0.0129202,23,11.3,-1.99999,-0.595168,1,-2.58908e-05,-0.499305,0,2.23517e-05,0.019256,0,0.00900052,24,11.3,1.00067,0.680261,1,0.00116061,-0.470222,0,-0.00112504,-0.130422,0,0.0136692,25,11.3,0.626756,-0.0121661,1,-0.498891,-0.0331538,0,0.0273995,0.218461,0,0.0111403,26,11.3,3,-1.7282,1,0,0.493207,0,0,0.159301,0,0.00697709,27,11.3,2.39823,3,1,0.5,0,0,0,0,0,0.00353016,28,11.3,-1.99925,1.41644,1,-0.00191703,-0.499741,0,0.00172853,0.00851601,0,0.0130523,29,11.3,1.99518,-2.75431,1,-0.0261335,0.458017,0,-0.0376031,0.318423,0,0.0108564,30,11.3,-1.01531,1.99872,1,0.00952054,-0.000444427,0,0.116803,0.0125468,0,0.0109421,31,11.3,-1.7916,3,1,0.467957,0,0,0.304751,0,0,0.00507395,32,11.3,1.99996,-0.999999,1,9.38773e-05,-3.44589e-06,0,2.98023e-05,1.86265e-05,0,0.00967379,33,11.3,1.99999,-0.000305985,1,-5.02914e-06,-0.00114066,0,2.23517e-05,0.00583696,0,0.00890815,34,11.3,0.182293,2.33805,1,0.475117,0.5,0,0.288562,0,0,0.00668915,35,11.3,-0.646964,0.967438,1,0.499604,-0.0192741,0,0.0147931,0.339203,0,0.0161591
0,11.4,0.525167,-0.999957,1,-0.202113,-0.000296533,0,0.120789,0.00265241,0,0.0117999,1,11.4,1.00032,-3,1,-0.00301301,0,0,0.00613928,0,0,0.00803598,2,11.4,1.0015,-1.5232,1,0.00998974,0.199166,0,-0.0386238,-0.134289,0,0.0125546,3,11.4,-3,-0.622792,1,-4.17233e-05,-0.498535,0,0.00119209,0.0293553,0,0.00912825,4,11.4,-1.29404,-2.99106,1,0.488168,-0.0489235,0,-0.127673,0.18084,0,0.00830943,5,11.4,-0.745964,3,1,0.499974,5.96046e-06,0,0.000506639,-0.00202656,0,0.00537308,6,11.4,-2.01233,-2.00018,1,-0.0313759,-0.000238419,0,0.236511,0.00238419,0,0.00932844,7,11.4,2.32276,-2.01513,1,0.5,-0.0187576,0,0,0.0711679,0,0.00862174,8,11.4,-2.99686,0.514083,1,0.00583529,-0.5,0,-0.0156164,1.43051e-05,0,0.008724,9,11.4,1.98588,2.01459,1,0.0388294,0.0201225,0,-0.0191331,-0.214219,0,0.010862,10,11.4,-0.00202931,-1.47181,1,0.0018609,-0.212243,0,0.00617391,0.12964,0,0.0162699,11,11.4,0.463371,-1.9921,1,0.238226,0.0373274,0,-0.172958,-0.230551,0,0.0133995,12,11.4,-0.335131,-0.000376515,1,-0.408775,-0.000405647,0,-0.191122,-0.00161378,0,0.0130242,13,11.4,0.0320429,1.37134,1,0.15363,0.500003,0,0.763517,-5.96046e-05,0,0.0119908,14,11.4,0.000332864,-2.99959,1,0.0911724,-0.00215769,0,-0.352971,0.00715256,0,0.00755845,15,11.4,0.985354,1.57695,1,-0.00683218,-0.500003,0,0.14475,5.96046e-05,0,0.0119442,16,11.4,1.38104,3,1,0.500003,0,0,-5.96046e-05,0,0,0.00551055,17,11.4,3,-3,1,-5.96046e-06,0,0,0,0,0,0.00713787,18,11.4,-0.995333,-0.999928,1,-0.0243321,-0.000497699,0,0.0287592,0.000864267,0,0.0112065,19,11.4,-2.01001,0.263579,1,0.000369549,-0.471892,0,0.0889301,0.198625,0,0.00848357,20,11.4,-3,-3,1,0,0,0,0,0,0,0.00863475,21,11.4,-1.01608,-2,1,-0.00974536,-0.000196695,0,0.190318,0.000596046,0,0.0084436,22,11.4,-1.01002,0.367409,1,-0.0377327,0.475742,0,0.0209808,0.223696,0,0.011034,23,11.4,-2,-0.644934,1,-2.38419e-05,-0.495213,0,5.96046e-05,0.0665784,0,0.00888676,24,11.4,1.00078,0.632552,1,0.00104904,-0.484031,0,-0.000834465,-0.135362,0,0.0116892,25,11.4,0.577085,-0.0144751,1,-0.493619,-0.0138633,0,0.0818968,0.16829,0,0.0123625,26,11.4,3,-1.67841,1,0,0.5,0,0,0,0,0.00700146,27,11.4,2.44823,3,1,0.5,0,0,0,0,0,0.0036064,28,11.4,-1.99944,1.36655,1,-0.00171959,-0.497335,0,0.00214577,0.045836,0,0.0138001,29,11.4,1.99247,-2.70709,1,-0.0272423,0.484377,0,0.0126362,0.199676,0,0.010956,30,11.4,-1.01385,1.99873,1,0.0188947,0.000631809,0,0.0719428,0.0090003,0,0.0119829,31,11.4,-1.74355,3,1,0.490445,0,0,0.14782,0,0,0.00474073,32,11.4,1.99997,-1,1,9.23872e-05,-1.49012e-06,0,0,0,0,0.00819952,33,11.4,1.99999,-0.000392319,1,-2.98023e-06,-0.000601183,0,0,0.00492887,0,0.00844942,34,11.4,0.230926,2.38805,1,0.494537,0.5,0,0.10927,0,0,0.007033,35,11.4,-0.596972,0.967382,1,0.5,0.0196338,0,2.98023e-05,0.427961,0,0.0147836
0,11.5,0.505427,-0.999975,1,-0.193776,-7.73929e-05,0,0.055477,0.00184402,0,0.0117999,1,11.5,1.00005,-3,1,-0.00237944,0,0,0.00644103,0,0,0.00803598,2,11.5,1.00231,-1.50381,1,0.00631362,0.189828,0,-0.0345409,-0.0622571,0,0.0125546,3,11.5,-3,-0.672628,1,5.32717e-05,-0.498938,0,0.000730157,-0.0183247,0,0.00912825,4,11.5,-1.24606,-2.99511,1,0.469599,-0.0325982,0,-0.241131,0.145748,0,0.00830943,5,11.5,-0.695965,2.99999,1,0.499998,-0.000150129,0,7.07805e-05,-0.00114739,0,0.00537308,6,11.5,-2.01438,-2.0002,1,-0.010594,-2.86847e-05,0,0.179887,0.00180304,0,0.00932844,7,11.5,2.37276,-2.01665,1,0.5,-0.0115629,0,0,0.0720173,0,0.00862174,8,11.5,-2.99636,0.464083,1,0.00411682,-0.5,0,-0.0183731,0,0,0.008724,9,11.5,1.98963,2.01562,1,0.0359915,0.0015676,0,-0.0365376,-0.157833,0,0.010862,10,11.5,-0.00181609,-1.49251,1,0.00236445,-0.202677,0,0.00383322,0.0706613,0,0.0162699,11,11.5,0.486451,-1.98943,1,0.224383,0.0169663,0,-0.112681,-0.177436,0,0.0133995,12,11.5,-0.377115,-0.000422508,1,-0.432006,-0.000489758,0,-0.25752,-0.000144466,0,0.0130242,13,11.5,0.0516753,1.42134,1,0.242224,0.5,0,0.957612,-7.45058e-06,0,0.0119908,14,11.5,0.00777936,-2.99977,1,0.0587079,-0.00148602,0,-0.295989,0.00621378,0,0.00755845,15,11.5,0.98532,1.52695,1,0.00542756,-0.5,0,0.101656,7.45058e-06,0,0.0119442,16,11.5,1.43104,3,1,0.5,0,0,-7.45058e-06,0,0,0.00551055,17,11.5,3,-3,1,-5.58794e-06,0,0,1.49012e-05,0,0,0.00713787,18,11.5,-0.997605,-0.999973,1,-0.0209413,-0.00040587,0,0.0381246,0.000961125,0,0.0112065,19,11.5,-2.00958,0.217562,1,0.00775009,-0.446741,0,0.059545,0.301069,0,0.00848357,20,11.5,-3,-3,1,0,0,0,0,0,0,0.00863475,21,11.5,-1.0162,-2.00002,1,0.00645705,-0.000138953,0,0.13487,0.000551343,0,0.0084436,22,11.5,-1.01362,0.415899,1,-0.0336697,0.492135,0,0.0579134,0.108406,0,0.011034,23,11.5,-2,-0.694021,1,-1.80677e-05,-0.485437,0,5.21541e-05,0.13189,0,0.00888676,24,11.5,1.00088,0.583577,1,0.000891648,-0.494404,0,-0.00221282,-0.0724792,0,0.0116892,25,11.5,0.527939,-0.0151007,1,-0.49091,0.000576187,0,-0.0142734,0.121725,0,0.0123625,26,11.5,3,-1.62841,1,0,0.5,0,0,0,0,0.00700146,27,11.5,2.49823,3,1,0.5,0,0,0,0,0,0.0036064,28,11.5,-1.9996,1.31714,1,-0.00149123,-0.489852,0,0.00238419,0.107527,0,0.0138001,29,11.5,1.98986,-2.6579,1,-0.0244867,0.497341,0,0.0406951,0.0672489,0,0.010956,30,11.5,-1.01167,1.99883,1,0.0241559,0.0013683,0,0.034675,0.00579655,0,0.0119829,31,11.5,-1.69399,3,1,0.498861,0,0,0.0347048,0,0,0.00474073,32,11.5,1.99998,-1,1,8.88482e-05,-1.49012e-06,0,-6.70552e-05,0,0,0.00819952,33,11.5,1.99999,-0.000429508,1,-2.23517e-06,-0.000159767,0,1.49012e-05,0.0038986,0,0.00844942,34,11.5,0.280714,2.43805,1,0.499659,0.5,0,0.0136551,0,0,0.007033,35,11.5,-0.546972,0.971859,1,0.5,0.0731449,0,0,0.623304,0,0.0147836
0,11.6,0.486283,-0.999974,1,-0.189372,9.23872e-05,0,0.0395179,0.00163913,0,0.0141268,1,11.6,0.999848,-3,1,-0.00174195,0,0,0.00625849,0,0,0.00881666,2,11.6,1.00278,-1.48508,1,0.00313818,0.185022,0,-0.0286698,-0.0410676,0,0.0169629,3,11.6,-2.99999,-0.722591,1,0.000101328,-0.500001,0,0.000476837,2.98023e-05,0,0.00852765,4,11.6,-1.20047,-2.9977,1,0.440493,-0.0197291,0,-0.338137,0.111818,0,0.00815429,5,11.6,-0.645965,2.99997,1,0.5,-0.000226498,0,2.98023e-05,-0.000476837,0,0.00539518,6,11.6,-2.01462,-2.00019,1,0.00476241,0.00012517,0,0.128269,0.00119209,0,0.00946181,7,11.6,2.42276,-2.01745,1,0.5,-0.00448823,0,0,0.0690222,0,0.008664,8,11.6,-2.99604,0.414083,1,0.00222921,-0.5,0,-0.0190735,1.43051e-05,0,0.00958686,9,11.6,1.99303,2.01508,1,0.0317216,-0.0116467,0,-0.0478625,-0.107527,0,0.0110281,10,11.6,-0.00156476,-1.51246,1,0.00261845,-0.196567,0,0.00121974,0.0579357,0,0.0160031,11,11.6,0.508367,-1.98854,1,0.214183,0.00167191,0,-0.0976026,-0.129282,0,0.0140131,12,11.6,-0.421607,-0.000470305,1,-0.457599,-0.000448854,0,-0.243515,0.000895438,0,0.0111805,13,11.6,0.0806718,1.47134,1,0.336675,0.500003,0,0.897378,-5.96046e-05,0,0.0116847,14,11.6,0.0122666,-2.99989,1,0.0320015,-0.000923872,0,-0.238202,0.00500679,0,0.00733911,15,11.6,0.986308,1.47695,1,0.0137344,-0.500003,0,0.0656247,5.96046e-05,0,0.0164932,16,11.6,1.48104,3,1,0.500003,0,0,-5.96046e-05,0,0,0.00448941,17,11.6,3,-3,1,-5.96046e-06,0,0,0.000119209,0,0,0.0077463,18,11.6,-0.999499,-1.00001,1,-0.0168771,-0.000309944,0,0.0424385,0.000953674,0,0.00948622,19,11.6,-2.00855,0.174539,1,0.0124454,-0.412351,0,0.0350475,0.383347,0,0.00852415,20,11.6,-3,-3,1,0,0,0,0,0,0,0.00767566,21,11.6,-1.01496,-2.00003,1,0.0174671,-8.9407e-05,0,0.0863671,0.000476837,0,0.00867398,22,11.6,-1.01665,0.465502,1,-0.0265956,0.498591,0,0.0814199,0.0281775,0,0.0105505,23,11.6,-2,-0.741778,1,-1.19209e-05,-0.468387,0,5.96046e-05,0.210673,0,0.00872506,24,11.6,1.00096,0.533868,1,0.000619888,-0.498925,0,-0.00303984,-0.0214875,0,0.0107692,25,11.6,0.47871,-0.0145031,1,-0.494042,0.0107188,0,-0.0375211,0.0822754,0,0.0117138,26,11.6,3,-1.57841,1,0,0.500003,0,0,-5.96046e-05,0,0.00750585,27,11.6,2.54823,3,1,0.5,0,0,0,0,0,0.00374585,28,11.6,-1.99973,1.26882,1,-0.00124574,-0.475243,0,0.00244379,0.186682,0,0.011883,29,11.6,1.98765,-2.60797,1,-0.0194371,0.5,0,0.0587702,0,0,0.0087748,30,11.6,-1.00913,1.99899,1,0.0260979,0.001809,0,0.00554323,0.00303984,0,0.0107813,31,11.6,-1.64402,3,1,0.500003,0,0,-5.96046e-05,0,0,0.00431098,32,11.6,1.99999,-1,1,8.04663e-05,-1.49012e-06,0,-0.000119209,2.98023e-05,0,0.00884569,33,11.6,1.99999,-0.000427696,1,0,0.000179083,0,0,0.0028847,0,0.00782398,34,11.6,0.330708,2.48805,1,0.5,0.5,0,-1.43051e-05,0,0,0.0062379,35,11.6,-0.496972,0.98248,1,0.5,0.140782,0,-1.43051e-05,0.713259,0,0.0140251
0,11.7,0.467345,-0.999958,1,-0.191004,0.000212807,0,-0.0578072,0.000927597,0,0.0141268,1,11.7,0.999704,-3,1,-0.00114487,0,0,0.00564381,0,0,0.00881666,2,11.7,1.00296,-1.46658,1,0.000560097,0.186853,0,-0.0227466,0.0628531,0,0.0169629,3,11.7,-2.99998,-0.772591,1,0.000135228,-0.5,0,0.000223517,-3.72529e-06,0,0.00852765,4,11.7,-1.15827,-2.99917,1,0.402116,-0.0101466,0,-0.424191,0.0804216,0,0.00815429,5,11.7,-0.595965,2.99995,1,0.5,-0.000249967,0,0,-1.49012e-05,0,0.00539518,6,11.7,-2.01359,-2.00017,1,0.0152387,0.000221655,0,0.0825226,0.000759959,0,0.00946181,7,11.7,2.47276,-2.01756,1,0.5,0.00208691,0,0,0.0620186,0,0.008664,8,11.7,-2.99591,0.36419,1,0.000409037,-0.496749,0,-0.0171959,0.0667497,0,0.00958686,9,11.7,1.99595,2.01345,1,0.0266105,-0.0201527,0,-0.0535399,-0.0639707,0,0.0110281,10,11.7,-0.00129945,-1.53202,1,0.00265969,-0.19633,0,-0.00045677,-0.0390932,0,0.0160031,11,11.7,0.529449,-1.98894,1,0.208736,-0.00896864,0,-0.0205524,-0.085026,0,0.0140131,12,11.7,-0.468489,-0.000509536,1,-0.478947,-0.0003254,0,-0.178579,0.00151879,0,0.0111805,13,11.7,0.118465,1.52127,1,0.415252,0.497802,0,0.66201,-0.0443459,0,0.0116847,14,11.7,0.0143722,-2.99996,1,0.0110566,-0.000485405,0,-0.181437,0.00376999,0,0.00733911,15,11.7,0.987474,1.42695,1,0.00477266,-0.49991,0,-0.223733,0.00360608,0,0.0164932,16,11.7,1.53104,3,1,0.5,0,0,-7.45058e-06,0,0,0.00448941,17,11.7,3,-3,1,3.72529e-06,0,0,5.96046e-05,0,0,0.0077463,18,11.7,-1.00097,-1.00004,1,-0.0126155,-0.000216998,0,0.0422522,0.000886619,0,0.00948622,19,11.7,-2.00716,0.135323,1,0.014944,-0.371017,0,0.0156611,0.440258,0,0.00852415,20,11.7,-3,-3,1,0,0,0,0,0,0,0.00767566,21,11.7,-1.01286,-2.00003,1,0.0239942,-4.54485e-05,0,0.0455976,0.00038743,0,0.00867398,22,11.7,-1.01888,0.515448,1,-0.017841,0.499912,0,0.0920072,0.00352427,0,0.0105505,23,11.7,-2,-0.787388,1,-6.70552e-06,-0.442152,0,4.47035e-05,0.310607,0,0.00872506,24,11.7,1.001,0.484016,1,0.000279024,-0.496578,0,-0.00366569,0.0707954,0,0.0107692,25,11.7,0.429106,-0.0130783,1,-0.498,0.017221,0,-0.0346433,0.0489358,0,0.0117138,26,11.7,3,-1.52841,1,0,0.5,0,0,-7.45058e-06,0,0.00750585,27,11.7,2.5982,3,1,0.498983,0,0,-0.0256747,0,0,0.00374585,28,11.7,-1.99985,1.22241,1,-0.00100303,-0.451169,0,0.00239164,0.291564,0,0.011883,29,11.7,1.98601,-2.55797,1,-0.0132984,0.5,0,0.0632033,0,0,0.0087748,30,11.7,-1.00653,1.99919,1,0.0255233,0.0019988,0,-0.0158027,0.000856817,0,0.0107813,31,11.7,-1.59402,3,1,0.5,0,0,-7.45058e-06,0,0,0.00431098,32,11.7,1.99999,-1,1,6.74278e-05,9.31323e-07,0,-0.000149012,1.49012e-05,0,0.00884569,33,11.7,1.99999,-0.000397017,1,7.45058e-07,0.000418471,0,1.49012e-05,0.00192289,0,0.00782398,34,11.7,0.380708,2.53799,1,0.5,0.497944,0,0,-0.0422448,0,0.0062379,35,11.7,-0.447056,1.00035,1,0.497472,0.218299,0,-0.0509544,0.812683,0,0.0140251
0,11.8,0.447891,-0.999932,1,-0.198437,0.000303984,0,-0.0802577,0.00104308,0,0.0150298,1,11.8,0.999616,-3,1,-0.000619888,0,0,0.00479817,0,0,0.00706805,2,11.8,1.00291,-1.4475,1,-0.00138581,0.195006,0,-0.0161529,0.0891685,0,0.0116273,3,11.8,-2.99996,-0.822591,1,0.000143051,-0.5,0,0,-2.98023e-05,0,0.00773908,4,11.8,-1.12029,-2.99983,1,0.35665,-0.00351071,0,-0.480413,0.0530481,0,0.00783954,5,11.8,-0.545965,2.99992,1,0.5,-0.000238419,0,2.98023e-05,0.000476837,0,0.0057291,6,11.8,-2.01172,-2.00015,1,0.0215232,0.000280142,0,0.0443459,0.000357628,0,0.0102346,7,11.8,2.52276,-2.01706,1,0.5,0.00784397,0,0,0.0526905,0,0.0072386,8,11.8,-2.99595,0.314971,1,-0.00119209,-0.486383,0,-0.0146627,0.141487,0,0.0115587,9,11.8,1.99834,2.01118,1,0.0211596,-0.0247061,0,-0.0547171,-0.0283718,0,0.0108902,10,11.8,-0.00103895,-1.55192,1,0.00251791,-0.201938,0,-0.00240895,-0.0627637,0,0.016706,11,11.8,0.550284,-1.9902,1,0.208427,-0.0156194,0,0.00709295,-0.0494123,0,0.0127876,12,11.8,-0.517144,-0.000533833,1,-0.492798,-0.000155217,0,-0.0981092,0.00183849,0,0.0105302,13,11.8,0.162847,1.57075,1,0.467793,0.491077,0,0.388131,-0.0904202,0,0.0118376,14,11.8,0.0146593,-2.99999,1,-0.00445072,-0.000172853,0,-0.129615,0.0026226,0,0.00918291,15,11.8,0.986501,1.377,1,-0.0271052,-0.498557,0,-0.395864,0.0288486,0,0.0133174,16,11.8,1.58104,3,1,0.500003,0,0,-5.96046e-05,0,0,0.00471999,17,11.8,3,-3,1,5.96046e-06,0,0,0.000119209,0,0,0.00875483,18,11.8,-1.00203,-1.00005,1,-0.00852048,-0.00013113,0,0.0392795,0.00077486,0,0.00895561,19,11.8,-2.00561,0.100494,1,0.0157118,-0.324925,0,0.000357628,0.478398,0,0.00800124,20,11.8,-3,-3,1,0,0,0,0,0,0,0.00776799,21,11.8,-1.01029,-2.00004,1,0.0268698,-1.19209e-05,0,0.013113,0.000357628,0,0.00830186,22,11.8,-1.0202,0.565446,1,-0.00849664,0.5,0,0.0934601,2.98023e-05,0,0.00972094,23,11.8,-2,-0.829909,1,-5.96046e-06,-0.406951,0,0.000119209,0.389993,0,0.0084416,24,11.8,1.00101,0.43488,1,-9.53674e-05,-0.484435,0,-0.00375509,0.173032,0,0.0119496,25,11.8,0.379185,-0.0111586,1,-0.499737,0.0207288,0,0.00526011,0.0222814,0,0.0117713,26,11.8,3,-1.47841,1,0,0.500003,0,0,-5.96046e-05,0,0.00632952,27,11.8,2.64789,3,1,0.493932,0,0,-0.079155,0,0,0.00383236,28,11.8,-1.99993,1.1789,1,-0.0007689,-0.41759,0,0.00220537,0.376701,0,0.0124995,29,11.8,1.98499,-2.50797,1,-0.0069499,0.5,0,0.0632405,0,0,0.00981426,30,11.8,-1.00408,1.99939,1,0.0231713,0.00199676,0,-0.0303388,-0.000834465,0,0.00968132,31,11.8,-1.54402,3,1,0.500003,0,0,-5.96046e-05,0,0,0.00548828,32,11.8,2,-1,1,5.66244e-05,1.49012e-06,0,-0.000298023,2.98023e-05,0,0.00935974,33,11.8,1.99999,-0.000347005,1,2.98023e-06,0.000567795,0,0,0.00108506,0,0.00859732,34,11.8,0.430708,2.58749,1,0.5,0.491369,0,-1.43051e-05,-0.0902414,0,0.00695458,35,11.8,-0.397651,1.02624,1,0.489753,0.29906,0,-0.103578,0.784278,0,0.0153673
0,11.9,0.427348,-0.999898,1,-0.214935,0.00036899,0,-0.230912,0.000454485,0,0.0150298,1,11.9,0.999577,-3,1,-0.000187568,0,0,0.0038445,0,0,0.00706805,2,11.9,1.0027,-1.42725,1,-0.00271276,0.21261,0,-0.0103712,0.243701,0,0.0116273,3,11.9,-2.99995,-0.872591,1,0.000135973,-0.5,0,-0.00013411,0,0,0.00773908,4,11.9,-1.08708,-2.99995,1,0.307156,0.000650063,0,-0.505574,0.0311285,0,0.00783954,5,11.9,-0.495965,2.9999,1,0.5,-0.000184029,0,-5.66244e-06,0.000596046,0,0.0057291,6,11.9,-2.0094,-2.00012,1,0.0243686,0.000300258,0,0.0138879,5.96046e-05,0,0.0102346,7,11.9,2.57275,-2.01603,1,0.49989,0.0124387,0,-0.00436604,0.0393391,0,0.0072386,8,11.9,-2.99613,0.266657,1,-0.00245869,-0.482972,0,-0.0107288,-0.0440413,0,0.0115587,9,11.9,2.00018,2.00862,1,0.0157967,-0.0261012,0,-0.0520945,-0.000879169,0,0.0108902,10,11.9,-0.000800246,-1.57273,1,0.00224283,-0.216969,0,-0.0031996,-0.218876,0,0.016706,11,11.9,0.571517,-1.99196,1,0.219261,-0.0190537,0,0.189267,-0.0206977,0,0.0127876,12,11.9,-0.566786,-0.000540222,1,-0.498895,2.63318e-05,0,-0.0290982,0.00177214,0,0.0105302,13,11.9,0.211133,1.61931,1,0.49385,0.479123,0,0.144522,-0.147715,0,0.0118376,14,11.9,0.0136459,-3,1,-0.0150518,3.241e-05,0,-0.0836739,0.00153482,0,0.00918291,15,11.9,0.981265,1.32744,1,-0.0823426,-0.491153,0,-0.680547,0.118516,0,0.0133174,16,11.9,1.63095,3,1,0.497053,0,0,-0.0610948,0,0,0.00471999,17,11.9,3,-3,1,1.30385e-05,0,0,4.47035e-05,0,0,0.00875483,18,11.9,-1.00269,-1.00006,1,-0.00484344,-5.99772e-05,0,0.0340566,0.00064075,0,0.00895561,19,11.9,-2.00406,0.0704331,1,0.0151549,-0.276011,0,-0.0108331,0.495862,0,0.00800124,20,11.9,-3,-3,1,0,0,0,0,0,0,0.00776799,21,11.9,-1.00758,-2.00004,1,0.0269065,1.86265e-05,0,-0.011079,0.000268221,0,0.00830186,22,11.9,-1.0206,0.615383,1,0.00033211,0.498036,0,0.0826642,-0.0428446,0,0.00972094,23,11.9,-2,-0.868557,1,3.72529e-06,-0.365103,0,5.96046e-05,0.44388,0,0.0084416,24,11.9,1.00098,0.387759,1,-0.000452995,-0.453804,0,-0.00327826,0.424182,0,0.0119496,25,11.9,0.329338,-0.00901014,1,-0.496097,0.0219055,0,0.071656,0.00216541,0,0.0117713,26,11.9,3,-1.42841,1,0,0.499914,0,0,-0.00344962,0,0.00632952,27,11.9,2.69678,3,1,0.482619,0,0,-0.149816,0,0,0.00383236,28,11.9,-2,1.13913,1,-0.000557676,-0.376775,0,0.00198185,0.436559,0,0.0124995,29,11.9,1.98461,-2.45797,1,-0.000821613,0.5,0,0.0588223,0,0,0.00981426,30,11.9,-1.00193,1.99958,1,0.0196913,0.00185147,0,-0.0383928,-0.00198185,0,0.00968132,31,11.9,-1.49402,3,1,0.5,0,0,-7.45058e-06,0,0,0.00548828,32,11.9,2,-1,1,3.03611e-05,3.53903e-06,0,-0.000230968,7.45058e-06,0,0.00935974,33,11.9,1.99999,-0.000286036,1,3.1665e-06,0.000639921,0,7.45058e-06,0.000384143,0,0.00859732,34,11.9,0.480708,2.63609,1,0.5,0.479708,0,-1.78814e-06,-0.143245,0,0.00695458,35,11.9,-0.349337,1.06005,1,0.475156,0.376075,0,-0.185629,0.724971,0,0.0153673
0,12,0.40458,-0.999858,1,-0.241247,0.000429153,0,-0.28038,0.00089407,0,0.0114049,1,12,0.999575,-3,1,0.000147521,0,0,0.00292063,0,0,0.00840733,2,12,1.00239,-1.40465,1,-0.00346005,0.240293,0,-0.00464916,0.294566,0,0.0105594,3,12,-2.99994,-0.922591,1,0.000119209,-0.5,0,-0.000357628,-2.98023e-05,0,0.00637361,4,12,-1.0589,-2.99976,1,0.256273,0.00290275,0,-0.508606,0.014782,0,0.00840034,5,12,-0.445965,2.99989,1,0.5,-0.000119209,0,-1.43051e-05,0.000596046,0,0.00656549,6,12,-2.00693,-2.00009,1,0.0245571,0.000298023,0,-0.00917912,-0.000238419,0,0.00995275,7,12,2.62269,-2.01461,1,0.498259,0.0157356,0,-0.0350475,0.0268221,0,0.00672228,8,12,-2.99643,0.218022,1,-0.00335574,-0.49042,0,-0.00727177,-0.0864267,0,0.0118067,9,12,2.00151,2.00604,1,0.0108242,-0.0251293,0,-0.0470877,0.0191927,0,0.0102872,10,12,-0.00059399,-1.59565,1,0.00186013,-0.242299,0,-0.00452611,-0.272691,0,0.0176116,11,12,0.594551,-1.99393,1,0.242619,-0.0200212,0,0.261664,0.000119209,0,0.0116248,12,12,-0.61675,-0.00052898,1,-0.499846,0.00019557,0,0.00312924,0.00159661,0,0.00885131,13,12,0.260946,1.66639,1,0.5,0.461724,0,-1.43051e-05,-0.199378,0,0.00967561,14,12,0.0117895,-2.99999,1,-0.0214371,0.000143051,0,-0.0452823,0.000834465,0,0.00749368,15,12,0.969354,1.27906,1,-0.158013,-0.475034,0,-0.809193,0.202835,0,0.0151054,16,12,1.68023,3,1,0.487438,0,0,-0.132561,0,0,0.00466659,17,12,3,-3,1,1.19209e-05,0,0,0,0,0,0.00837441,18,12,-1.00302,-1.00007,1,-0.00174046,-2.98023e-06,0,0.0279546,0.000476837,0,0.00892284,19,12,-2.00261,0.0453117,1,0.0136673,-0.226499,0,-0.0183582,0.490937,0,0.00791092,20,12,-3,-3,1,0,0,0,0,0,0,0.00723212,21,12,-1.00497,-2.00003,1,0.0248969,4.17233e-05,0,-0.0278354,0.000119209,0,0.00963538,22,12,-1.02018,0.664877,1,0.00795722,0.490826,0,0.069499,-0.103831,0,0.0102625,23,12,-2,-0.902781,1,8.9407e-06,-0.3188,0,0,0.479013,0,0.00844935,24,12,1.00092,0.344808,1,-0.000730157,-0.402487,0,-0.00232458,0.588685,0,0.0136093,25,12,0.280224,-0.0068357,1,-0.484749,0.0213348,0,0.157722,-0.0127647,0,0.0125414,26,12,3,-1.37846,1,0,0.498623,0,0,-0.027597,0,0.00844221,27,12,2.74416,3,1,0.463563,0,0,-0.232697,0,0,0.00344244,28,12,-2.00005,1.10372,1,-0.000369549,-0.330904,0,0.00166893,0.477731,0,0.0116507,29,12,1.98481,-2.40797,1,0.00472069,0.5,0,0.0516772,0,0,0.0112678,30,12,-1.00016,1.99976,1,0.0156537,0.00161231,0,-0.0416934,-0.00268221,0,0.0099213,31,12,-1.44402,3,1,0.500003,0,0,-5.96046e-05,0,0,0.00563338,32,12,2.00001,-0.999999,1,1.19209e-05,4.47035e-06,0,-0.000119209,0,0,0.00882307,33,12,1.99999,-0.000221095,1,2.98023e-06,0.000649791,0,5.96046e-05,-0.000161788,0,0.010295,34,12,0.530708,2.68325,1,0.500001,0.462693,0,-2.98023e-05,-0.197053,0,0.00599034,35,12,-0.302866,1.10099,1,0.453156,0.439382,0,-0.251845,0.525415,0,0.0128053
0,12.1,0.378894,-0.999813,1,-0.273725,0.000462867,0,-0.355935,-0.000156462,0,0.0114049,1,12.1,0.999603,-3,1,0.000391528,0,0,0.0019744,0,0,0.00840733,2,12.1,1.00202,-1.379,1,-0.003759,0.273905,0,-0.00145286,0.364617,0,0.0105594,3,12.1,-2.99993,-0.972591,1,8.34465e-05,-0.5,0,-0.000357628,7.45058e-06,0,0.00637361,4,12.1,-1.0358,-2.99942,1,0.206161,0.00377968,0,-0.490427,0.00342727,0,0.00840034,5,12.1,-0.396002,2.99988,1,0.49875,-5.99772e-05,0,-0.0295638,0.000581145,0,0.00656549,6,12.1,-2.00455,-2.00006,1,0.0228032,0.000267476,0,-0.0248253,-0.000357628,0,0.00995275,7,12.1,2.67224,-2.01292,1,0.491861,0.0178408,0,-0.0973642,0.0154227,0,0.00672228,8,12.1,-2.99679,0.168579,1,-0.00391155,-0.49781,0,-0.00393391,-0.0502401,0,0.0118067,9,12.1,2.00237,2.00364,1,0.00645556,-0.0225138,0,-0.0401288,0.0320822,0,0.0102872,10,12.1,-0.000429294,-1.62141,1,0.00144652,-0.27412,0,-0.00376204,-0.350423,0,0.0176116,11,12.1,0.620295,-1.9959,1,0.273658,-0.0192225,0,0.345472,0.0149906,0,0.0116248,12,12.1,-0.666627,-0.000501847,1,-0.496671,0.000342697,0,0.064943,0.00133414,0,0.00885131,13,12.1,0.310946,1.71146,1,0.5,0.438689,0,0,-0.258997,0,0.00967561,14,12.1,0.00947383,-2.99997,1,-0.0243647,0.000194088,0,-0.0145933,0.000223517,0,0.00749368,15,12.1,0.949236,1.23277,1,-0.246141,-0.448937,0,-0.917315,0.313751,0,0.0151054,16,12.1,1.72819,3,1,0.470529,0,0,-0.206389,0,0,0.00466659,17,12.1,3,-3,1,7.82311e-06,0,0,-4.47035e-05,0,0,0.00837441,18,12.1,-1.00306,-1.00006,1,0.000718422,3.83705e-05,0,0.0212565,0.000342727,0,0.00892284,19,12.1,-2.00135,0.0250811,1,0.0115983,-0.178542,0,-0.0225306,0.465302,0,0.00791092,20,12.1,-3,-3,1,0,0,0,0,0,0,0.00723212,21,12.1,-1.00264,-2.00003,1,0.0215627,5.1409e-05,0,-0.0378788,5.96046e-05,0,0.00963538,22,12.1,-1.01906,0.713328,1,0.0141783,0.477021,0,0.0547245,-0.173975,0,0.0102625,23,12.1,-2,-0.932232,1,8.19564e-06,-0.269972,0,-1.49012e-05,0.493623,0,0.00844935,24,12.1,1.00084,0.308034,1,-0.000917725,-0.328437,0,-0.00121444,0.861896,0,0.0136093,25,12.1,0.232737,-0.00478441,1,-0.463096,0.0195247,0,0.272018,-0.0227462,0,0.0125414,26,12.1,3,-1.32882,1,0,0.493333,0,0,-0.0828505,0,0.00844221,27,12.1,2.78917,3,1,0.434925,0,0,-0.336185,0,0,0.00344244,28,12.1,-2.00008,1.07306,1,-0.000215694,-0.281913,0,0.00138581,0.497967,0,0.0116507,29,12.1,1.98552,-2.35809,1,0.0093041,0.496366,0,0.0400469,-0.0738651,0,0.0112678,30,12.1,-0.998806,1.9999,1,0.0115017,0.00132415,0,-0.0408627,-0.00301749,0,0.0099213,31,12.1,-1.39406,3,1,0.498627,0,0,-0.0318661,0,0,0.00563338,32,12.1,2.00001,-0.999999,1,1.86265e-06,4.00469e-06,0,-7.45058e-05,-1.11759e-05,0,0.00882307,33,12.1,2,-0.000157642,1,7.82311e-06,0.000612708,0,2.98023e-05,-0.000555547,0,0.010295,34,12.1,0.580704,2.72845,1,0.499836,0.440391,0,-0.00597537,-0.248671,0,0.00599034,35,12.1,-0.258906,1.14714,1,0.425159,0.479477,0,-0.305562,0.276886,0,0.0128053
0,12.2,0.349709,-0.999769,1,-0.31003,0.000408292,0,-0.359356,-0.000864267,0,0.00990071,1,12.2,0.999651,-3,1,0.000546873,0,0,0.00113249,0,0,0.00754986,2,12.2,1.00164,-1.34976,1,-0.00377595,0.310853,0,0.00101328,0.363827,0,0.00906237,3,12.2,-2.99992,-1.02259,1,5.36442e-05,-0.500003,0,-0.000476837,5.96046e-05,0,0.00782329,4,12.2,-1.01758,-2.99903,1,0.15876,0.00371337,0,-0.455141,-0.00405312,0,0.00789744,5,12.2,-0.346356,2.99988,1,0.493295,-5.96046e-06,0,-0.0828505,0.000596046,0,0.00620889,6,12.2,-2.00241,-2.00003,1,0.0197887,0.000226498,0,-0.0345707,-0.000357628,0,0.0108936,7,12.2,2.72081,-2.01108,1,0.478083,0.0188589,0,-0.181079,0.005126,0,0.00648166,8,12.2,-2.9972,0.118645,1,-0.00416636,-0.5,0,-0.0013113,3.57628e-06,0,0.00786836,9,12.2,2.00282,2.00157,1,0.0028193,-0.0189006,0,-0.0324249,0.0393391,0,0.0105781,10,12.2,-0.000302296,-1.65061,1,0.00110464,-0.309965,0,-0.00309051,-0.355661,0,0.00988569,11,12.2,0.649433,-1.99773,1,0.309241,-0.017184,0,0.355065,0.025034,0,0.00964559,12,12.2,-0.715837,-0.000461422,1,-0.486121,0.000460474,0,0.148863,0.0010139,0,0.00984055,13,12.2,0.360946,1.75395,1,0.5,0.410375,0,-1.43051e-05,-0.305057,0,0.0106145,14,12.2,0.00700594,-2.99995,1,-0.0246079,0.000190735,0,0.00853136,-0.000119209,0,0.00793436,15,12.2,0.920097,1.18959,1,-0.335358,-0.413302,0,-0.841886,0.394046,0,0.0142671,16,12.2,1.77408,3,1,0.446096,0,0,-0.282049,0,0,0.00407139,17,12.2,3,-3,1,0,0,0,0,0,0,0.00750706,18,12.2,-1.00289,-1.00006,1,0.00252128,6.85453e-05,0,0.0148416,0.000178814,0,0.00875202,19,12.2,-2.0003,0.00949081,1,0.0092417,-0.133947,0,-0.0240803,0.424404,0,0.00867701,20,12.2,-3,-3,1,0,0,0,0,0,0,0.00861271,21,12.2,-1.00069,-2.00002,1,0.0174955,5.36442e-05,0,-0.0426769,0,0,0.00925298,22,12.2,-1.01739,0.760034,1,0.0188708,0.4558,0,0.0391006,-0.251025,0,0.00870486,23,12.2,-2,-0.956765,1,5.96046e-06,-0.220804,0,0,0.486434,0,0.00873816,24,12.2,1.00074,0.279744,1,-0.000932813,-0.235562,0,0.00101328,0.971481,0,0.0123806,25,12.2,0.187952,-0.00295738,1,-0.431023,0.016914,0,0.365995,-0.028873,0,0.0122427,26,12.2,3,-1.28002,1,0,0.481299,0,0,-0.160635,0,0.00799207,27,12.2,2.83084,3,1,0.397098,0,0,-0.416279,0,0,0.0033343,28,12.2,-2.00009,1.04736,1,-9.53674e-05,-0.232074,0,0.00119209,0.495315,0,0.0143444,29,12.2,1.98663,-2.30896,1,0.0127435,0.485057,0,0.028789,-0.152588,0,0.00779211,30,12.2,-0.997856,2.00002,1,0.00756532,0.00101328,0,-0.0374615,-0.00298023,0,0.0088752,31,12.2,-1.34444,3,1,0.492871,0,0,-0.0864267,0,0,0.00566415,32,12.2,2.00001,-0.999998,1,-5.96046e-06,4.47035e-06,0,0,-5.96046e-05,0,0.00839595,33,12.2,2,-9.96316e-05,1,1.19209e-05,0.000543222,0,-5.96046e-05,-0.000813104,0,0.0113475,34,12.2,0.630617,2.77116,1,0.497843,0.413048,0,-0.0408292,-0.297308,0,0.00600713,35,12.2,-0.217989,1.1961,1,0.392531,0.496289,0,-0.344664,0.0742078,0,0.0129024
0,12.3,0.316686,-0.999733,1,-0.352184,0.000304636,0,-0.465127,-0.00118092,0,0.00990071,1,12.3,0.99971,-2.99948,1,0.000624359,0.014979,0,0.000439584,0.271991,0,0.00754986,2,12.3,1.00127,-1.31653,1,-0.00358541,0.356158,0,0.00270456,0.510752,0,0.00906237,3,12.3,-2.99992,-1.07259,1,1.08033e-05,-0.5,0,-0.000402331,7.45058e-06,0,0.00782329,4,12.3,-1.00338,-2.99869,1,0.130615,0.00307374,0,-0.133645,-0.00832975,0,0.00789744,5,12.3,-0.297547,2.99988,1,0.48176,4.84288e-05,0,-0.150271,0.000506639,0,0.00620889,6,12.3,-2.00009,-2.00001,1,0.0310207,0.000187382,0,0.232421,-0.000432134,0,0.0108936,7,12.3,2.76752,-2.00919,1,0.454142,0.0188708,0,-0.294328,-0.00452995,0,0.00648166,8,12.3,-2.99762,0.068645,1,-0.0041835,-0.5,0,0.000864267,-4.47035e-07,0,0.00786836,9,12.3,2.00296,1.99988,1,-2.75671e-05,-0.0148244,0,-0.0245869,0.0415444,0,0.0105781,10,12.3,-0.000206242,-1.68289,1,0.000826547,-0.33091,0,-0.00248367,-0.0737607,0,0.00988569,11,12.3,0.682069,-1.99886,1,0.342638,-0.0013154,0,0.304271,0.270352,0,0.00964559,12,12.3,-0.763851,-0.000411072,1,-0.475352,0.000539144,0,0.07689,0.000571801,0,0.00984055,13,12.3,0.410946,1.79341,1,0.5,0.378107,0,0,-0.338361,0,0.0106145,14,12.3,0.00513982,-2.99993,1,-0.00792616,0.000163913,0,0.296451,-0.00038743,0,0.00793436,15,12.3,0.882571,1.15032,1,-0.41231,-0.371387,0,-0.672515,0.440478,0,0.0142671,16,12.3,1.81713,3,1,0.413497,0,0,-0.366092,0,0,0.00407139,17,12.3,3,-3,1,0,0,0,0,0,0,0.00750706,18,12.3,-1.00258,-0.999528,1,0.00370406,0.0150609,0,0.0089705,0.272106,0,0.00875202,19,12.3,-1.9995,-0.00238558,1,0.00684839,-0.108952,0,-0.0235215,0.101575,0,0.00867701,20,12.3,-3,-3,1,0,0,0,0,0,0,0.00861271,21,12.3,-0.998628,-2.00002,1,0.0281689,5.17815e-05,0,0.229154,-4.47035e-05,0,0.00925298,22,12.3,-1.01534,0.804198,1,0.0219019,0.425967,0,0.0218973,-0.341978,0,0.00870486,23,12.3,-2,-0.976909,1,5.7742e-06,-0.186562,0,-7.45058e-06,0.217311,0,0.00873816,24,12.3,1.0007,0.2611,1,0.000313669,-0.136899,0,0.0224859,0.996435,0,0.0123806,25,12.3,0.146801,-0.00141588,1,-0.390878,0.0138729,0,0.433729,-0.0314737,0,0.0122427,26,12.3,3,-1.23289,1,0,0.459637,0,0,-0.269622,0,0.00799207,27,12.3,2.86836,3,1,0.35239,0,0,-0.473902,0,0,0.0033343,28,12.3,-2.0001,1.0266,1,7.82311e-06,-0.18359,0,0.000879169,0.471346,0,0.0143444,29,12.3,1.98803,-2.26134,1,0.0150932,0.465976,0,0.018321,-0.229135,0,0.00779211,30,12.3,-0.997278,2.00011,1,0.00407882,0.000720471,0,-0.0321046,-0.00283122,0,0.0088752,31,12.3,-1.29569,3,1,0.480949,0,0,-0.154309,0,0,0.00566415,32,12.3,2.00001,-0.999998,1,-5.96046e-06,-2.79397e-07,0,0,-4.09782e-05,0,0.00839595,33,12.3,2,-4.9639e-05,1,6.89179e-06,0.000454431,0,-3.72529e-05,-0.000945362,0,0.0113475,34,12.3,0.680031,2.81088,1,0.488827,0.380367,0,-0.138249,-0.353336,0,0.00600713,35,12.3,-0.18051,1.24596,1,0.356589,0.499768,0,-0.371923,0.00927597,0,0.0129024
0,12.4,0.279096,-0.999709,1,-0.399695,0.000178814,0,-0.470087,-0.0013411,0,0.01325,1,12.4,0.999774,-2.99636,1,0.00063926,0.0494897,0,-0.000119209,0.396848,0,0.0094458,2,12.4,1.00093,-1.27833,1,-0.00325143,0.407663,0,0.0038743,0.49752,0,0.0116186,3,12.4,-2.99992,-1.12259,1,-2.38419e-05,-0.500003,0,-0.000238419,5.96046e-05,0,0.00843801,4,12.4,-0.990628,-2.99843,1,0.12739,0.00212193,0,0.0486672,-0.010252,0,0.0108616,5,12.4,-0.250249,2.99988,1,0.462887,8.9407e-05,0,-0.228294,0.000476837,0,0.00670024,6,12.4,-1.99557,-2,1,0.0615001,0.000143051,0,0.356317,-0.000357628,0,0.0123688,7,12.4,2.8113,-2.00733,1,0.419915,0.0180244,0,-0.386477,-0.0120401,0,0.00601315,8,12.4,-2.99803,0.018645,1,-0.00401139,-0.5,0,0.0025034,0,0,0.00902436,9,12.4,2.00284,1.9986,1,-0.00211596,-0.010702,0,-0.0172853,0.0403523,0,0.0101549,10,12.4,-0.000135086,-1.71595,1,0.000605494,-0.326777,0,-0.00194903,0.146508,0,0.0128198,11,12.4,0.717712,-1.99739,1,0.368625,0.0328869,0,0.209421,0.395715,0,0.0099991,12,12.4,-0.811049,-0.000354945,1,-0.468867,0.000577231,0,0.0611544,0.000201587,0,0.0100076,13,12.4,0.460946,1.82948,1,0.5,0.343075,0,-1.43051e-05,-0.360429,0,0.0103286,14,12.4,0.00611046,-2.99992,1,0.0295723,0.000119209,0,0.43107,-0.000476837,0,0.0082644,15,12.4,0.8384,1.11543,1,-0.466654,-0.325912,0,-0.406951,0.465572,0,0.0147464,16,12.4,1.85654,3,1,0.373632,0,0,-0.427604,0,0,0.00448925,17,12.4,3,-3,1,0,0,0,0,0,0,0.00734813,18,12.4,-1.00217,-0.996399,1,0.00434518,0.0495806,0,0.00399351,0.396788,0,0.0131737,19,12.4,-1.99893,-0.0131294,1,0.00458658,-0.10896,0,-0.0216365,-0.0810759,0,0.0105997,20,12.4,-3,-3,1,0,0,0,0,0,0,0.00586956,21,12.4,-0.9944,-2.00001,1,0.0585169,4.76837e-05,0,0.356734,0,0,0.00948588,22,12.4,-1.01306,0.84496,1,0.0233263,0.388126,0,0.00691414,-0.411212,0,0.00962371,23,12.4,-2,-0.994794,1,2.98023e-06,-0.173889,0,5.96046e-05,0.0517666,0,0.0108361,24,12.4,1.00086,0.252403,1,0.00329316,-0.0369877,0,0.0358224,0.999987,0,0.0137901,25,12.4,0.10997,-0.000186966,1,-0.344932,0.0107049,0,0.481814,-0.0315054,0,0.012069,26,12.4,3,-1.18843,1,0,0.427988,0,0,-0.360131,0,0.00577657,27,12.4,2.90116,3,1,0.303119,0,0,-0.507474,0,0,0.00519938,28,12.4,-2.00009,1.01053,1,8.34465e-05,-0.138333,0,0.000476837,0.431418,0,0.0150385,29,12.4,1.98962,-2.21601,1,0.01643,0.439292,0,0.00858307,-0.303984,0,0.0100304,30,12.4,-0.997021,2.00016,1,0.00116974,0.000452995,0,-0.0259876,-0.0026226,0,0.00869997,31,12.4,-1.2485,3,1,0.461677,0,0,-0.23216,0,0,0.00497907,32,12.4,2.00001,-0.999998,1,-5.96046e-06,-4.47035e-06,0,0,0,0,0.00831821,33,12.4,2,-9.02158e-06,1,5.96046e-06,0.000357287,0,-5.96046e-05,-0.000983482,0,0.00873935,34,12.4,0.728071,2.84708,1,0.470476,0.342953,0,-0.227243,-0.392199,0,0.00578655,35,12.4,-0.14674,1.29595,1,0.318575,0.500003,0,-0.386347,-5.96046e-05,0,0.0122039
0,12.5,0.236913,-0.999698,1,-0.4424,4.06057e-05,0,-0.377117,-0.00151992,0,0.01325,1,12.5,0.999836,-2.98898,1,0.000606105,0.101724,0,-0.00051409,0.619024,0,0.0094458,2,12.5,1.00063,-1.23517,1,-0.00283811,0.453748,0,0.00434369,0.401206,0,0.0116186,3,12.5,-2.99992,-1.17259,1,-4.54485e-05,-0.5,0,-0.000178814,7.45058e-06,0,0.00843801,4,12.5,-0.977092,-2.99827,1,0.148132,0.00109971,0,0.336815,-0.0100732,0,0.0108616,5,12.5,-0.204919,2.9999,1,0.44526,0.00012666,0,-0.13473,0.000268221,0,0.00670024,6,12.5,-1.98719,-1.99998,1,0.109862,0.000107288,0,0.582345,-0.000357628,0,0.0123688,7,12.5,2.85123,-2.0056,1,0.377545,0.016541,0,-0.457063,-0.0173151,0,0.00601315,8,12.5,-2.99842,-0.0308216,1,-0.00370406,-0.484398,0,0.00359118,0.296173,0,0.00902436,9,12.5,2.00256,1.99641,1,-0.00347719,-0.0446018,0,-0.0101924,-0.649422,0,0.0101549,10,12.5,-8.34616e-05,-1.74731,1,0.000436736,-0.295018,0,-0.00136607,0.462636,0,0.0128198,11,12.5,0.755318,-1.99158,1,0.380615,0.0879319,0,0.0354797,0.67661,0,0.0099991,12,12.5,-0.857729,-0.000296277,1,-0.465488,0.000597572,0,0.0158511,0.000285702,0,0.0100076,13,12.5,0.510947,1.86197,1,0.5,0.306471,0,5.66244e-06,-0.370204,0,0.0103286,14,12.5,0.0114752,-2.99991,1,0.0797316,6.96629e-05,0,0.552069,-0.000521541,0,0.0082644,15,12.5,0.790163,1.08517,1,-0.493753,-0.279383,0,-0.148356,0.462927,0,0.0147464,16,12.5,1.89213,3,1,0.341418,0,0,-0.233285,0,0,0.00448925,17,12.5,3,-3,1,0,0,0,0,0,0,0.00734813,18,12.5,-1.00172,-0.989211,1,0.0045374,0.0961441,0,0.00013411,0.514966,0,0.0131737,19,12.5,-1.99857,-0.0249843,1,0.00259224,-0.132921,0,-0.0182167,-0.368594,0,0.0105997,20,12.5,-3,-3,1,0,0,0,0,0,0,0.00586956,21,12.5,-0.986515,-2.00001,1,0.101189,3.76254e-05,0,0.477575,-0.000283122,0,0.00948588,22,12.5,-1.01117,0.881619,1,0.0102922,0.344198,0,-0.245705,-0.462692,0,0.00962371,23,12.5,-2,-1.0123,1,7.45058e-07,-0.179535,0,-0.000178814,-0.144582,0,0.0108361,24,12.5,1.00134,0.253704,1,0.00583138,0.0630118,0,0.0158325,0.999998,0,0.0137901,25,12.5,0.0779404,0.000728982,1,-0.295228,0.00765022,0,0.507895,-0.0293421,0,0.012069,26,12.5,3,-1.14755,1,0,0.388528,0,0,-0.426129,0,0.00577657,27,12.5,2.92889,2.99878,1,0.251197,-0.0351653,0,-0.524879,-0.641704,0,0.00519938,28,12.5,-2.00202,0.998738,1,-0.0530198,-0.0987688,0,-0.874937,0.360951,0,0.0150385,29,12.5,1.99129,-2.17375,1,0.0168033,0.404737,0,-0.000789762,-0.383154,0,0.0100304,30,12.5,-0.997023,2.0002,1,-0.00110073,0.000212714,0,-0.0194721,-0.00216067,0,0.00869997,31,12.5,-1.20331,3,1,0.443714,0,0,-0.137582,0,0,0.00497907,32,12.5,2.00001,-0.999999,1,-5.96046e-06,-4.37722e-06,0,0,3.72529e-06,0,0.00831821,33,12.5,2.00121,2.21115e-05,1,0.034776,0.000272397,0,0.635192,-0.000566014,0,0.00873935,34,12.5,0.774196,2.87936,1,0.453875,0.302185,0,-0.116717,-0.419796,0,0.00578655,35,12.5,-0.116819,1.34595,1,0.279815,0.5,0,-0.387244,-7.45058e-06,0,0.0122039
0,12.6,0.190984,-0.999702,1,-0.47412,-0.000141561,0,-0.254222,-0.00217557,0,0.0155765,1,12.6,0.999894,-2.97554,1,0.000540912,0.168121,0,-0.00077486,0.685692,0,0.00892656,2,12.6,1.00036,-1.18808,1,-0.00239015,0.485039,0,0.00452995,0.218987,0,0.0104293,3,12.6,-2.99993,-1.22259,1,-5.96046e-05,-0.500003,0,-0.000119209,5.96046e-05,0,0.00829655,4,12.6,-0.96032,-2.99821,1,0.189444,0.000137091,0,0.465661,-0.00917912,0,0.00966068,5,12.6,-0.160985,2.99991,1,0.434041,0.000149012,0,-0.0981915,0,0,0.00771972,6,12.6,-1.97312,-1.99998,1,0.17283,7.15256e-05,0,0.654042,-0.000357628,0,0.0117442,7,12.6,2.88661,-2.00404,1,0.329286,0.014621,0,-0.503898,-0.0209808,0,0.00541996,8,12.6,-2.99877,-0.077401,1,-0.0033021,-0.443751,0,0.00429153,0.502772,0,0.00776929,9,12.6,2.00217,1.98804,1,-0.00420213,-0.128093,0,-0.00464916,-0.964403,0,0.0138875,10,12.6,-4.52452e-05,-1.77415,1,0.000342401,-0.238979,0,-0.000479494,0.636935,0,0.0141965,11,12.6,0.793305,-1.97914,1,0.376722,0.162965,0,-0.10848,0.800192,0,0.0120801,12,12.6,-0.904208,-0.000234403,1,-0.464004,0.000648308,0,0.0213087,0.000787921,0,0.0107668,13,12.6,0.560946,1.89076,1,0.5,0.269315,0,2.98023e-05,-0.371575,0,0.0108617,14,12.6,0.0222708,-2.9999,1,0.136395,2.38419e-05,0,0.565343,-0.000596046,0,0.00806976,15,12.6,0.740351,1.05953,1,-0.500001,-0.233716,0,2.98023e-05,0.448763,0,0.0117486,16,12.6,1.92532,3,1,0.323972,0,0,-0.128984,0,0,0.00481901,17,12.6,3,-3,1,0,0,0,0,0,0,0.00916104,18,12.6,-1.00127,-0.97696,1,0.00442266,0.14908,0,-0.00214577,0.528365,0,0.0144275,19,12.6,-1.9984,-0.0403915,1,0.000944734,-0.177332,0,-0.0146627,-0.495721,0,0.0112638,20,12.6,-3,-3,1,0,0,0,0,0,0,0.00753401,21,12.6,-0.97394,-2.00001,1,0.150605,-1.78814e-05,0,0.495523,-0.000953674,0,0.0108234,22,12.6,-1.01164,0.913673,1,-0.0218332,0.29646,0,-0.378668,-0.487953,0,0.00954448,23,12.6,-2,-1.03116,1,-4.17233e-05,-0.199172,0,-0.000834465,-0.231922,0,0.0120454,24,12.6,1.00197,0.265005,1,0.00662804,0.163012,0,0.000953674,0.999987,0,0.0131839,25,12.6,0.0509692,0.00135256,1,-0.244171,0.00487847,0,0.509461,-0.0259194,0,0.0110848,26,12.6,3,-1.11091,1,0,0.343379,0,0,-0.473738,0,0.00564089,27,12.6,2.9514,2.99141,1,0.19924,-0.117129,0,-0.509143,-0.946999,0,0.00545216,28,12.6,-2.01207,0.990557,1,-0.149888,-0.0659317,0,-1.00017,0.296801,0,0.0114192,29,12.6,1.99295,-2.13529,1,0.0163376,0.363433,0,-0.00834465,-0.439167,0,0.0094725,30,12.6,-0.99722,2.00021,1,-0.00273585,1.78814e-05,0,-0.0133514,-0.00166893,0,0.0093104,31,12.6,-1.15954,3,1,0.432259,0,0,-0.100017,0,0,0.00433342,32,12.6,2,-0.999999,1,-5.96046e-06,-4.47035e-06,0,0,2.98023e-05,0,0.0110357,33,12.6,2.0085,4.82272e-05,1,0.116062,0.000269797,0,0.940919,0.000622822,0,0.00823081,34,12.6,0.819101,2.90746,1,0.444967,0.259632,0,-0.0711977,-0.428319,0,0.0054152,35,12.6,-0.0907642,1.39595,1,0.241424,0.500003,0,-0.379175,-5.96046e-05,0,0.0112465
0,12.7,0.142546,-0.999726,1,-0.492348,-0.00033956,0,-0.11637,-0.0019595,0,0.0155765,1,12.7,0.999944,-2.95508,1,0.000457559,0.242733,0,-0.000882894,0.783592,0,0.00892656,2,12.7,1.00015,-1.13879,1,-0.00194516,0.498062,0,0.00434369,0.0574589,0,0.0104293,3,12.7,-2.99993,-1.27259,1,-6.96629e-05,-0.5,0,-7.45058e-05,7.45058e-06,0,0.00829655,4,12.7,-0.938879,-2.99824,1,0.240665,-0.00067614,0,0.542648,-0.00710785,0,0.00966068,5,12.7,-0.117764,2.99992,1,0.433011,0.000145286,0,0.0604238,-8.9407e-05,0,0.00771972,6,12.7,-1.95249,-1.99997,1,0.240045,3.91155e-05,0,0.675753,-0.000298023,0,0.0117442,7,12.7,2.91696,-2.00269,1,0.277394,0.0124175,0,-0.528604,-0.0228137,0,0.00541996,8,12.7,-2.99908,-0.118441,1,-0.00284798,-0.370449,0,0.00475347,0.900856,0,0.00776929,9,12.7,2.00173,1.97034,1,-0.00446104,-0.226425,0,-0.000700355,-0.995554,0,0.0138875,10,12.7,-1.34044e-05,-1.79454,1,0.000298459,-0.166234,0,-0.000241161,0.793181,0,0.0141965,11,12.7,0.830211,-1.95873,1,0.359316,0.24573,0,-0.233516,0.833996,0,0.0120801,12,12.7,-0.95055,-0.000165899,1,-0.463102,0.000723314,0,0.00445172,0.000875381,0,0.0107668,13,12.7,0.610894,1.91584,1,0.498319,0.232335,0,-0.0375994,-0.366509,0,0.0108617,14,12.7,0.0388076,-2.99991,1,0.194639,-2.90573e-05,0,0.583641,-0.000476837,0,0.00806976,15,12.7,0.690351,1.03836,1,-0.5,-0.190164,0,-3.72529e-06,0.421055,0,0.0117486,16,12.7,1.95747,3,1,0.322734,0,0,0.0848472,0,0,0.00481901,17,12.7,3,-3,1,0,0,0,0,0,0,0.00916104,18,12.7,-1.00085,-0.95938,1,0.00408571,0.20249,0,-0.00426918,0.526335,0,0.0144275,19,12.7,-1.99837,-0.0607685,1,-0.000319257,-0.231446,0,-0.010699,-0.57034,0,0.0112638,20,12.7,-3,-3,1,0,0,0,0,0,0,0.00753401,21,12.7,-0.95636,-2.00001,1,0.201045,-0.000124797,0,0.499822,-0.0012964,0,0.0108234,22,12.7,-1.01664,0.940877,1,-0.0860397,0.247658,0,-0.846729,-0.485048,0,0.00954448,23,12.7,-2.00001,-1.05244,1,-0.000135601,-0.22783,0,-0.0012219,-0.324242,0,0.0120454,24,12.7,1.00262,0.286297,1,0.00625961,0.262534,0,-0.00779331,0.98091,0,0.0131839,25,12.7,0.0290722,0.00171794,1,-0.194126,0.00250206,0,0.488155,-0.0215499,0,0.0110848,26,12.7,3,-1.079,1,0,0.294464,0,0,-0.500299,0,0.00564089,27,12.7,2.96884,2.97486,1,0.150372,-0.214645,0,-0.464931,-0.993371,0,0.00545216,28,12.7,-2.03206,0.985343,1,-0.249746,-0.0393689,0,-0.994012,0.235759,0,0.0114192,29,12.7,1.99453,-2.1012,1,0.0152191,0.317855,0,-0.0137463,-0.469208,0,0.0094725,30,12.7,-0.99755,2.0002,1,-0.00378368,-0.000124797,0,-0.00775233,-0.00120699,0,0.0093104,31,12.7,-1.1165,3,1,0.431093,0,0,0.0595078,0,0,0.00433342,32,12.7,2,-1,1,-5.96046e-06,-1.95578e-06,0,0,1.86265e-05,0,0.0110357,33,12.7,2.02492,7.73642e-05,1,0.213293,0.000303999,0,0.992611,8.59766e-05,0,0.00823081,34,12.7,0.863539,2.93128,1,0.446345,0.216969,0,0.0814684,-0.422135,0,0.0054152,35,12.7,-0.0684891,1.44595,1,0.204389,0.5,0,-0.360602,-7.45058e-06,0,0.0112465
0,12.8,0.0929068,-0.999771,1,-0.498866,-0.000564754,0,-0.022682,-0.00271201,0,0.0163981,1,12.8,0.999985,-2.92689,1,0.000366569,0.32075,0,-0.000953674,0.758886,0,0.00882236,2,12.8,0.999974,-1.08884,1,-0.0015229,0.500003,0,0.00411272,-5.96046e-05,0,0.0104627,3,12.8,-2.99994,-1.32259,1,-7.15256e-05,-0.500003,0,-0.000119209,5.96046e-05,0,0.00901334,4,12.8,-0.912083,-2.99834,1,0.295058,-0.00128746,0,0.53218,-0.005126,0,0.0102334,5,12.8,-0.0740174,2.99994,1,0.442996,0.000137091,0,0.125168,-0.000119209,0,0.00677456,6,12.8,-1.92517,-1.99997,1,0.305375,1.19209e-05,0,0.619173,-0.000238419,0,0.010822,7,12.8,2.94206,-2.00156,1,0.224555,0.0101149,0,-0.523686,-0.0232458,0,0.00516332,8,12.8,-2.99934,-0.150721,1,-0.00236034,-0.273544,0,0.00476837,0.999995,0,0.00938263,9,12.8,2.00129,1.94271,1,-0.00436902,-0.326315,0,0.00226498,-0.999987,0,0.0129505,10,12.8,1.67076e-05,-1.80711,1,0.000321481,-0.084725,0,0.00081652,0.818014,0,0.0147815,11,12.8,0.864811,-1.93007,1,0.331181,0.326136,0,-0.323683,0.759065,0,0.0109036,12,12.8,-0.996812,-8.79332e-05,1,-0.461739,0.000851669,0,0.0287294,0.00181138,0,0.013186,13,12.8,0.660448,1.93726,1,0.491801,0.19629,0,-0.0955462,-0.353098,0,0.0109476,14,12.8,0.0611108,-2.99991,1,0.250326,-6.55651e-05,0,0.518017,-0.000476837,0,0.00813645,15,12.8,0.640351,1.02139,1,-0.5,-0.149724,0,-2.98023e-05,0.386834,0,0.0116934,16,12.8,1.99039,3,1,0.337389,0,0,0.192106,0,0,0.0047727,17,12.8,3,-3,1,0,0,0,0,0,0,0.00770234,18,12.8,-1.00046,-0.936595,1,0.00362396,0.251983,0,-0.00464916,0.453383,0,0.0160848,19,12.8,-1.99845,-0.0867755,1,-0.00121295,-0.288465,0,-0.00733137,-0.556901,0,0.0127359,20,12.8,-3,-3,1,0,0,0,0,0,0,0.00596157,21,12.8,-0.933842,-2.00003,1,0.248209,-0.000298023,0,0.433236,-0.00238419,0,0.0112801,22,12.8,-1.02985,0.963244,1,-0.180689,0.200008,0,-0.999928,-0.465423,0,0.011429,23,12.8,-2.00003,-1.07688,1,-0.000315905,-0.260988,0,-0.00238419,-0.32568,0,0.0126799,24,12.8,1.0032,0.317302,1,0.00516474,0.355376,0,-0.0137091,0.84728,0,0.0129225,25,12.8,0.0120423,0.00186801,1,-0.147117,0.000575959,0,0.449509,-0.0169562,0,0.0128006,26,12.8,3,-1.05207,1,0,0.24412,0,0,-0.502944,0,0.00634136,27,12.8,2.98165,2.94841,1,0.106812,-0.314474,0,-0.404119,-1.00017,0,0.00596527,28,12.8,-2.06195,0.982492,1,-0.347495,-0.0185281,0,-0.951886,0.182271,0,0.00979938,29,12.8,1.99598,-2.07179,1,0.0136405,0.270212,0,-0.017643,-0.480771,0,0.0111872,30,12.8,-0.997959,2.00019,1,-0.00431687,-0.000226498,0,-0.00306964,-0.000715256,0,0.0111645,31,12.8,-1.07295,3,1,0.441027,0,0,0.12511,0,0,0.00442286,32,12.8,2,-1,1,-5.96046e-06,-1.49012e-06,0,0,2.98023e-05,0,0.00945916,33,12.8,2.05124,0.000107478,1,0.313103,0.000291686,0,1.00017,-0.000310047,0,0.00717455,34,12.8,0.908714,2.9509,1,0.458112,0.175714,0,0.139713,-0.400543,0,0.00560471,35,12.8,-0.0498156,1.49595,1,0.169474,0.500003,0,-0.336921,-5.96046e-05,0,0.0104233
0,12.9,0.0429535,-0.999839,1,-0.499796,-0.000799168,0,0.00249021,-0.00217929,0,0.0163981,1,12.9,1.00002,-2.8912,1,0.000274926,0.390746,0,-0.000879169,0.628293,0,0.00882236,2,12.9,0.999842,-1.03884,1,-0.00113351,0.5,0,0.00367686,-3.72529e-06,0,0.0104627,3,12.9,-2.99995,-1.37259,1,-7.97212e-05,-0.5,0,-2.98023e-05,7.45058e-06,0,0.00901334,4,12.9,-0.879887,-2.99849,1,0.348837,-0.0017006,0,0.530817,-0.00320375,0,0.0102334,5,12.9,-0.0289615,2.99995,1,0.45905,0.000123307,0,0.181349,-0.000163913,0,0.00677456,6,12.9,-1.89159,-1.99997,1,0.365368,-8.56817e-06,0,0.57026,-0.000178814,0,0.010822,7,12.9,2.96193,-2.00066,1,0.173419,0.00783447,0,-0.494659,-0.0221953,0,0.00516332,8,12.9,-2.99955,-0.173075,1,-0.00188202,-0.173545,0,0.00473857,0.999998,0,0.00938263,9,12.9,2.00087,1.90547,1,-0.00404455,-0.413943,0,0.00412762,-0.732534,0,0.0129505,10,12.9,5.28902e-05,-1.81145,1,0.000406733,-0.00225436,0,0.00108444,0.81367,0,0.0147815,11,12.9,0.896214,-1.89382,1,0.296005,0.396777,0,-0.375673,0.635892,0,0.0109036,12,12.9,-1.04289,4.74796e-06,1,-0.460191,0.000992743,0,0.00986457,0.0012528,0,0.013186,13,12.9,0.709407,1.95516,1,0.489422,0.162188,0,0.0279993,-0.328302,0,0.0109476,14,12.9,0.0887008,-2.99992,1,0.30091,-0.000102818,0,0.484455,-0.000268221,0,0.00813645,15,12.9,0.590351,1.00828,1,-0.5,-0.113352,0,0,0.340581,0,0.0116934,16,12.9,2.02526,3,1,0.361322,0,0,0.276692,0,0,0.0047727,17,12.9,3,-3,1,0,0,0,0,0,0,0.00770234,18,12.9,-1.00012,-0.90923,1,0.00309162,0.29413,0,-0.00569969,0.381641,0,0.0160848,19,12.9,-1.9986,-0.118431,1,-0.00179335,-0.344572,0,-0.00436604,-0.5526,0,0.0127359,20,12.9,-3,-3,1,0,0,0,0,0,0,0.00596157,21,12.9,-0.906953,-2.00007,1,0.288396,-0.000467151,0,0.36294,-0.0012517,0,0.0112801,22,12.9,-1.0529,0.981003,1,-0.279872,0.156037,0,-0.971034,-0.413999,0,0.011429,23,12.9,-2.00007,-1.1047,1,-0.000570342,-0.295946,0,-0.00293553,-0.358641,0,0.0126799,24,12.9,1.00365,0.356639,1,0.00368431,0.426938,0,-0.0156611,0.582835,0,0.0129225,25,12.9,-0.000506569,0.00184866,1,-0.104746,-0.000885928,0,0.396462,-0.0123419,0,0.0128006,26,12.9,3,-1.03015,1,0,0.194659,0,0,-0.483014,0,0.00634136,27,12.9,2.99043,2.91229,1,0.0699684,-0.404099,0,-0.331789,-0.767678,0,0.00596527,28,12.9,-2.10101,0.981468,1,-0.428708,-0.00274247,0,-0.657693,0.134703,0,0.00979938,29,12.9,1.99725,-2.04717,1,0.0117505,0.222344,0,-0.0199005,-0.47338,0,0.0111872,30,12.9,-0.9984,2.00016,1,-0.00442844,-0.000280514,0,0.000670552,-0.000372529,0,0.0111645,31,12.9,-1.02809,3,1,0.457296,0,0,0.185315,0,0,0.00442286,32,12.9,2,-1,1,-5.96046e-06,9.31323e-07,0,0,1.49012e-05,0,0.00945916,33,12.9,2.08723,0.000134719,1,0.402952,0.000249694,0,0.771657,-0.000516276,0,0.00717455,34,12.9,0.955247,2.96652,1,0.472607,0.137271,0,0.143308,-0.366554,0,0.00560471,35,12.9,-0.034137,1.54595,1,0.147878,0.5,0,-0.109877,-7.45058e-06,0,0.0104233
0,13,-0.00696259,-0.999931,1,-0.49787,-0.00103712,0,0.0426066,-0.00271201,0,0.0168978,1,13,1.00004,-2.84928,1,0.000193715,0.444603,0,-0.000834465,0.443697,0,0.00877797,2,13,0.999746,-0.988841,1,-0.000789762,0.5,0,0.00324845,2.98023e-05,0,0.0113175,3,13,-2.99996,-1.42259,1,-8.34465e-05,-0.500003,0,0,5.96046e-05,0,0.00622544,4,13,-0.842439,-2.99867,1,0.398973,-0.00193119,0,0.461966,-0.00166893,0,0.00901765,5,13,0.0178479,2.99996,1,0.476862,0.000107288,0,0.165408,-0.000119209,0,0.00659528,6,13,-1.85236,-1.99997,1,0.41759,-2.38419e-05,0,0.466287,-0.000119209,0,0.0116974,7,13,2.97688,-1.99999,1,0.12638,0.00570714,0,-0.442743,-0.0202656,0,0.00539173,8,13,-2.99971,-0.18543,1,-0.00142455,-0.0735443,0,0.00452995,0.999987,0,0.00988232,9,13,2.00049,1.86096,1,-0.00357032,-0.470698,0,0.00548363,-0.401258,0,0.0124178,10,13,0.000100752,-1.80774,1,0.000571778,0.0749767,0,0.00235464,0.718355,0,0.016641,11,13,0.923879,-1.85128,1,0.25683,0.450781,0,-0.40409,0.436604,0,0.0106567,12,13,-1.08884,0.000111021,1,-0.458404,0.0011448,0,0.0318289,0.00197128,0,0.0130268,13,13,0.758565,1.96978,1,0.494172,0.130752,0,0.0546277,-0.29999,0,0.0131292,14,13,0.121095,-2.99993,1,0.345586,-0.000119209,0,0.401958,-0.000119209,0,0.0078255,15,13,0.540351,0.998567,1,-0.5,-0.0816032,0,-2.98023e-05,0.294477,0,0.0122443,16,13,2.06284,3,1,0.390899,0,0,0.306606,0,0,0.00490102,17,13,3,-3,1,0,0,0,0,0,0,0.00839092,18,13,-0.999843,-0.878081,1,0.00253916,0.326973,0,-0.005126,0.269771,0,0.0161819,19,13,-1.9988,-0.155556,1,-0.00210702,-0.396727,0,-0.00202656,-0.48054,0,0.0102676,20,13,-3,-3,1,0,0,0,0,0,0,0.00595847,21,13,-0.876467,-2.00013,1,0.319518,-0.000584126,0,0.254303,-0.0013113,0,0.0121404,22,13,-1.08556,0.994622,1,-0.370514,0.117195,0,-0.810742,-0.362873,0,0.0108003,23,13,-2.00015,-1.13604,1,-0.000935793,-0.330108,0,-0.00464916,-0.313282,0,0.0131539,24,13,1.00393,0.401813,1,0.0020802,0.472322,0,-0.0162721,0.329733,0,0.011314,25,13,-0.00909662,0.00170556,1,-0.0680564,-0.00190611,0,0.336474,-0.00813824,0,0.012399,26,13,3,-1.01304,1,0,0.148091,0,0,-0.445843,0,0.00534119,27,13,2.99589,2.86856,1,0.040555,-0.465024,0,-0.256419,-0.445843,0,0.00584813,28,13,-2.14662,0.981798,1,-0.477928,0.00865459,0,-0.330329,0.0944138,0,0.0093094,29,13,1.99832,-2.02727,1,0.00971258,0.176114,0,-0.020802,-0.448585,0,0.011608,30,13,-0.998834,2.00013,1,-0.00421554,-0.000303984,0,0.00339746,0,0,0.0114274,31,13,-0.981429,3,1,0.475611,0,0,0.171125,0,0,0.00457367,32,13,2,-1,1,-5.96046e-06,1.49012e-06,0,0,2.98023e-05,0,0.00918568,33,13,2.13087,0.000156861,1,0.464362,0.000190978,0,0.45073,-0.00064609,0,0.00909557,34,13,1.00319,2.97848,1,0.485665,0.102699,0,0.113726,-0.323534,0,0.00588385,35,13,-0.0196261,1.59595,1,0.144745,0.500003,0,0.0345412,-5.96046e-05,0,0.0102667
0,13.1,-0.0564563,-1.00005,1,-0.491138,-0.00125766,0,0.09453,-0.0018999,0,0.0168978,1,13.1,1.00006,-2.80293,1,0.000118092,0.479207,0,-0.000685453,0.249684,0,0.00877797,2,13.1,1.00007,-0.938841,1,0.0108879,0.5,0,0.219926,0,0,0.0113175,3,13.1,-2.99996,-1.47259,1,-8.12113e-05,-0.5,0,5.96046e-05,7.45058e-06,0,0.00622544,4,13.1,-0.800355,-2.99887,1,0.441297,-0.00202172,0,0.377279,-0.000193715,0,0.00901765,5,13.1,0.0662686,2.99997,1,0.490547,9.35048e-05,0,0.105551,-0.000163913,0,0.00659528,6,13.1,-1.80848,-1.99997,1,0.457874,-3.33413e-05,0,0.336662,-8.19564e-05,0,0.0116974,7,13.1,2.98741,-1.99952,1,0.0853918,0.00381153,0,-0.374854,-0.0175908,0,0.00539173,8,13.1,-2.99983,-0.187921,1,-0.00100099,0.0220196,0,0.00391901,0.898918,0,0.00988232,9,13.1,2.00016,1.8124,1,-0.00299886,-0.495671,0,0.00590086,-0.119448,0,0.0124178,10,13.1,0.000169814,-1.79686,1,0.000814757,0.140503,0,0.00266731,0.587828,0,0.016641,11,13.1,0.947548,-1.80439,1,0.216652,0.483405,0,-0.397734,0.221319,0,0.0106567,12,13.1,-1.13461,0.000232548,1,-0.457716,0.00126549,0,-0.00891834,0.000750219,0,0.0130268,13,13.1,0.808239,1.98142,1,0.498862,0.102594,0,0.0300594,-0.263393,0,0.0131292,14,13.1,0.157704,-2.99994,1,0.386781,-0.000124425,0,0.412412,0,0,0.0078255,15,13.1,0.490351,0.991801,1,-0.5,-0.0544829,0,5.66244e-06,0.248171,0,0.0122443,16,13.1,2.10368,3,1,0.427302,0,0,0.388637,0,0,0.00490102,17,13.1,3,-3,1,0,0,0,0,0,0,0.00839092,18,13.1,-0.999616,-0.844142,1,0.00199359,0.350572,0,-0.00550598,0.196561,0,0.0161819,19,13.1,-1.99902,-0.197496,1,-0.00221208,-0.440531,0,-0.000163913,-0.389062,0,0.0102676,20,13.1,-3,-3,1,0,0,0,0,0,0,0.00595847,21,13.1,-0.843395,-2.00019,1,0.340308,-0.000646338,0,0.158317,-0.00013411,0,0.0121404,22,13.1,-1.12628,1.00462,1,-0.439751,0.0837343,0,-0.560634,-0.307031,0,0.0108003,23,13.1,-2.00026,-1.17056,1,-0.00127666,-0.359664,0,-0.0025183,-0.271574,0,0.0131539,24,13.1,1.00406,0.450323,1,0.000482053,0.494419,0,-0.0155419,0.122698,0,0.011314,25,13.1,-0.0143273,0.0014807,1,-0.0376285,-0.00252936,0,0.272209,-0.00444004,0,0.012399,26,13.1,3,-1.00038,1,0,0.106012,0,0,-0.39424,0,0.00534119,27,13.1,2.99879,2.82037,1,0.0186611,-0.493963,0,-0.182971,-0.150859,0,0.00584813,28,13.1,-2.19558,0.983077,1,-0.497231,0.0163689,0,-0.0829548,0.0609308,0,0.0093094,29,13.1,1.99919,-2.01184,1,0.007651,0.133164,0,-0.0202507,-0.408545,0,0.011608,30,13.1,-0.999235,2.0001,1,-0.00377726,-0.000295043,0,0.00522286,0.000178814,0,0.0114274,31,13.1,-0.933105,3,1,0.489859,0,0,0.110984,0,0,0.00457367,32,13.1,2,-0.999999,1,-5.96046e-06,3.53903e-06,0,0,7.45058e-06,0,0.00918568,33,13.1,2.17902,0.00017269,1,0.493755,0.000125372,0,0.1546,-0.000660235,0,0.00909557,34,13.1,1.05226,2.98722,1,0.495096,0.0727564,0,0.0693575,-0.274569,0,0.00588385,35,13.1,-0.00445638,1.64577,1,0.163336,0.494469,0,0.316053,-0.108093,0,0.0102667
0,13.2,-0.104995,-1.00018,1,-0.478556,-0.00145137,0,0.15869,-0.00220537,0,0.016872,1,13.2,1.00006,-2.75405,1,5.66244e-05,0.495607,0,-0.000536442,0.0878572,0,0.00959549,2,13.2,1.00254,-0.888841,1,0.0412017,0.5,0,0.37694,2.98023e-05,0,0.0126778,3,13.2,-2.99997,-1.52259,1,-7.7486e-05,-0.500003,0,0.000119209,5.96046e-05,0,0.00682409,4,13.2,-0.754525,-2.99907,1,0.473328,-0.00197887,0,0.259578,0.000834465,0,0.00940156,5,13.2,0.115742,2.99998,1,0.497869,7.7486e-05,0,0.0426167,-0.000238419,0,0.00753458,6,13.2,-1.76124,-1.99998,1,0.484574,-3.8743e-05,0,0.196636,0,0,0.0102315,7,13.2,2.9942,-1.99922,1,0.051719,0.00220239,0,-0.297546,-0.0146627,0,0.00533487,8,13.2,-2.99992,-0.181475,1,-0.00064373,0.104194,0,0.00321865,0.736482,0,0.00810886,9,13.2,1.99989,1.76252,1,-0.00239909,-0.5,0,0.00596046,-5.96046e-05,0,0.0139066,10,13.2,0.000266228,-1.78011,1,0.00113239,0.191855,0,0.00379438,0.436604,0,0.0162084,11,13.2,0.967248,-1.75524,1,0.177605,0.496909,0,-0.381678,0.06181,0,0.0112761,12,13.2,-1.18043,0.000362937,1,-0.458547,0.00134927,0,-0.000536442,0.00116184,0,0.0145494,13,13.2,0.858208,1.99042,1,0.5,0.0780225,0,2.98023e-05,-0.228226,0,0.0115721,14,13.2,0.198395,-2.99995,1,0.426355,-0.00012517,0,0.371456,0.000238419,0,0.00886473,15,13.2,0.440351,0.987519,1,-0.5,-0.0319108,0,1.43051e-05,0.20358,0,0.0123706,16,13.2,2.14828,3,1,0.463462,0,0,0.315666,0,0,0.00513874,17,13.2,3,-3,1,0,0,0,0,0,0,0.00740867,18,13.2,-0.999443,-0.808262,1,0.00148714,0.365353,0,-0.00438094,0.0953972,0,0.0159051,19,13.2,-1.99924,-0.2433,1,-0.00215471,-0.473524,0,0.0012517,-0.26714,0,0.00975967,20,13.2,-3,-3,1,0,0,0,0,0,0,0.00802436,21,13.2,-0.808753,-2.00025,1,0.350691,-0.000655651,0,0.0476539,-0.000119209,0,0.011626,22,13.2,-1.17258,1.01155,1,-0.4816,0.0556469,0,-0.279307,-0.255346,0,0.0124248,23,13.2,-2.0004,-1.20777,1,-0.00150204,-0.383323,0,-0.00214577,-0.196934,0,0.011315,24,13.2,1.00403,0.500113,1,-0.000998378,0.499019,0,-0.0139475,-0.0196099,0,0.0153319,25,13.2,-0.0168344,0.00121089,1,-0.0135545,-0.00281652,0,0.209747,-0.00141392,0,0.0123976,26,13.2,3,-0.991651,1,0,0.0694796,0,0,-0.335544,0,0.00476723,27,13.2,2.99986,2.77054,1,0.00362396,-0.5,0,-0.119686,0,0,0.00613453,28,13.2,-2.24551,0.98497,1,-0.5,0.0210449,0,0,0.0335574,0,0.00687353,29,13.2,1.99986,-2.00048,1,0.00569224,0.0947297,0,-0.0188351,-0.358999,0,0.0116332,30,13.2,-0.999585,2.00007,1,-0.0031963,-0.000268221,0,0.00625849,0.000238419,0,0.012177,31,13.2,-0.883675,3,1,0.497669,0,0,0.0466108,0,0,0.00466763,32,13.2,2,-0.999999,1,-5.96046e-06,4.47035e-06,0,0.000119209,0,0,0.0110116,33,13.2,2.22884,0.000181944,1,0.5,6.0007e-05,0,0,-0.000642096,0,0.00966106,34,13.2,1.10202,2.9932,1,0.499222,0.0478804,0,0.0155568,-0.222445,0,0.00540985,35,13.2,0.013775,1.69451,1,0.204003,0.478888,0,0.478999,-0.200927,0,0.011528
0,13.3,-0.152069,-1.00034,1,-0.462888,-0.00162423,0,0.161289,-0.00147521,0,0.016872,1,13.3,1.00007,-2.70422,1,9.31323e-06,0.499725,0,-0.000402331,0.0109822,0,0.00959549,2,13.3,1.00942,-0.838841,1,0.103638,0.5,0,0.819653,0,0,0.0126778,3,13.3,-2.99998,-1.57259,1,-6.55651e-05,-0.499909,0,0.000119209,0.00362098,0,0.00682409,4,13.3,-0.706146,-2.99926,1,0.491911,-0.00184774,0,0.118621,0.00172853,0,0.00940156,5,13.3,0.16566,2.99999,1,0.499867,5.58794e-05,0,0.0053253,-0.000178814,0,0.00753458,6,13.3,-1.71204,-1.99998,1,0.497237,-3.78117e-05,0,0.0648052,2.23517e-05,0,0.0102315,7,13.3,2.99802,-1.99907,1,0.0259645,0.000895001,0,-0.217944,-0.0115111,0,0.00533487,8,13.3,-2.99997,-0.167711,1,-0.000359863,0.167672,0,0.00244379,0.532299,0,0.00810886,9,13.3,1.99968,1.71252,1,-0.00181161,-0.5,0,0.00575185,1.49012e-05,0,0.0139066,10,13.3,0.000396625,-1.75895,1,0.00146259,0.229298,0,0.00301086,0.310659,0,0.0162084,11,13.3,0.983143,-1.70536,1,0.14076,0.499806,0,-0.35426,0.00772625,0,0.0112761,12,13.3,-1.22646,0.000499808,1,-0.46344,0.00135901,0,-0.0844598,-0.000595392,0,0.0145494,13,13.3,0.908208,1.99715,1,0.5,0.0570796,0,0,-0.191227,0,0.0115721,14,13.3,0.242803,-2.99997,1,0.460611,-0.000102818,0,0.301506,0.000208616,0,0.00886473,15,13.3,0.390401,0.985268,1,-0.498398,-0.0138734,0,0.0361129,0.158031,0,0.0123706,16,13.3,2.19597,3,1,0.487794,0,0,0.168815,0,0,0.00513874,17,13.3,3,-3,1,0,0,0,0,0,0,0.00740867,18,13.3,-0.999317,-0.771257,1,0.00103526,0.374459,0,-0.00438839,0.0787899,0,0.0159051,19,13.3,-1.99945,-0.291723,1,-0.00198185,-0.492453,0,0.00214577,-0.118474,0,0.00975967,20,13.3,-3,-3,1,0,0,0,0,0,0,0.00802436,21,13.3,-0.773579,-2.00032,1,0.35141,-0.000610948,0,-0.0342466,0.000804663,0,0.011626,22,13.3,-1.22172,1.01592,1,-0.497741,0.0327028,0,-0.0681728,-0.204533,0,0.0124248,23,13.3,-2.00055,-1.24712,1,-0.00158139,-0.403647,0,0.000163913,-0.200883,0,0.011315,24,13.3,1.00387,0.549169,1,-0.00232104,0.475307,0,-0.0123754,-0.427838,0,0.0153319,25,13.3,-0.0172421,0.000926364,1,0.00441708,-0.00283494,0,0.150805,0.000928652,0,0.0123976,26,13.3,3,-0.986275,1,0,0.0390888,0,0,-0.272352,0,0.00476723,27,13.3,2.99971,2.72054,1,-0.00574961,-0.5,0,-0.0697672,0,0,0.00613453,28,13.3,-2.29551,0.987205,1,-0.5,0.0232908,0,0,0.0122003,0,0.00687353,29,13.3,2.00034,-1.99271,1,0.00391714,0.0616457,0,-0.016585,-0.302285,0,0.0116332,30,13.3,-0.999872,2.00005,1,-0.0025495,-0.000238046,0,0.00658259,0.000342727,0,0.012177,31,13.3,-0.833765,3,1,0.499854,0,0,0.0058338,0,0,0.00466763,32,13.3,2,-0.999998,1,3.72529e-06,4.00469e-06,0,5.96046e-05,-1.11759e-05,0,0.0110116,33,13.3,2.27884,0.00018482,1,0.5,-1.5511e-06,0,0,-0.000585853,0,0.00966106,34,13.3,1.15199,2.99697,1,0.499951,0.0282668,0,0.0019446,-0.170261,0,0.00540985,35,13.3,0.0369653,1.74123,1,0.262929,0.454065,0,0.667375,-0.291593,0,0.011528
0,13.4,-0.197502,-1.00051,1,-0.445171,-0.00178516,0,0.197716,-0.00196695,0,0.0149359,1,13.4,1.00007,-2.65423,1,-2.68221e-05,0.5,0,-0.000298023,0,0,0.00990224,2,13.4,1.02426,-0.788841,1,0.195846,0.5,0,0.983834,2.98023e-05,0,0.012041,3,13.4,-2.99998,-1.62253,1,-5.36442e-05,-0.498551,0,0.000119209,0.0289679,0,0.00804599,4,13.4,-0.656539,-2.99944,1,0.498678,-0.00164509,0,0.0264645,0.00226498,0,0.00816684,5,13.4,0.215657,2.99999,1,0.5,3.57628e-05,0,0,0,0,0.00629254,6,13.4,-1.66214,-1.99998,1,0.499311,-3.57628e-05,0,-0.0138879,0,0,0.0112691,7,13.4,2.99965,-1.99903,1,0.00795126,-0.000104308,0,-0.143886,-0.00852346,0,0.00569185,8,13.4,-2.99999,-0.148624,1,-0.000154972,0.21069,0,0.00166893,0.329189,0,0.00777395,9,13.4,1.99952,1.66252,1,-0.00125468,-0.500003,0,0.00536442,5.96046e-05,0,0.0124624,10,13.4,0.00055799,-1.73468,1,0.00176895,0.253794,0,0.00325907,0.178874,0,0.0147677,11,13.4,0.9955,-1.65536,1,0.106928,0.500003,0,-0.321656,-5.96046e-05,0,0.0106052,12,13.4,-1.27328,0.00063238,1,-0.473112,0.00129637,0,-0.0986457,-0.00036723,0,0.0125025,13,13.4,0.958208,2.00196,1,0.5,0.0396609,0,2.98023e-05,-0.157833,0,0.00979395,14,13.4,0.290185,-2.99998,1,0.485048,-8.34465e-05,0,0.183284,0.000238419,0,0.00908222,15,13.4,0.34083,0.984601,1,-0.492079,-0.00013262,0,0.0931919,0.1176,0,0.0129439,16,13.4,2.24536,3,1,0.497895,0,0,0.0420809,0,0,0.00508932,17,13.4,3,-3,1,0,0,0,0,0,0,0.00707818,18,13.4,-0.999233,-0.733499,1,0.000654161,0.379749,0,-0.00301003,0.0213087,0,0.0176162,19,13.4,-1.99963,-0.341374,1,-0.0017345,-0.498936,0,0.00268221,-0.0212789,0,0.0112675,20,13.4,-3,-3,1,0,0,0,0,0,0,0.00542755,21,13.4,-0.738751,-2.00037,1,0.34374,-0.000524521,0,-0.119239,0.000715256,0,0.0113894,22,13.4,-1.27167,1.01825,1,-0.500003,0.0145406,0,5.96046e-05,-0.159562,0,0.0105874,23,13.4,-2.00071,-1.28843,1,-0.00153184,-0.421956,0,0.000357628,-0.158429,0,0.0118754,24,13.4,1.00358,0.594071,1,-0.00344813,0.418404,0,-0.0101924,-0.68754,0,0.0204707,25,13.4,-0.0161359,0.000650573,1,0.0168401,-0.0026529,0,0.098872,0.00260794,0,0.0126696,26,13.4,3,-0.983624,1,0,0.0149578,0,0,-0.210702,0,0.00564477,27,13.4,2.99885,2.67054,1,-0.010705,-0.5,0,-0.0312328,0,0,0.00561136,28,13.4,-2.34551,0.989565,1,-0.5,0.0236452,0,0,-0.00432134,0,0.00666762,29,13.4,2.00065,-1.98796,1,0.00238419,0.0343144,0,-0.0139475,-0.244379,0,0.0111823,30,13.4,-1.00009,2.00002,1,-0.00189543,-0.000196695,0,0.0063777,0.000238419,0,0.013343,31,13.4,-0.783768,3,1,0.5,0,0,2.98023e-05,0,0,0.00472792,32,13.4,2,-0.999998,1,5.96046e-06,2.98023e-06,0,0.000119209,0,0,0.00973949,33,13.4,2.32884,0.000181851,1,0.5,-5.65909e-05,0,0,-0.000512431,0,0.00912791,34,13.4,1.20199,2.99903,1,0.500003,0.0137031,0,-5.96046e-05,-0.121832,0,0.00568169,35,13.4,0.0666893,1.78506,1,0.331876,0.421324,0,0.6877,-0.359654,0,0.0120623
0,13.5,-0.241082,-1.00069,1,-0.426751,-0.00186805,0,0.177766,-7.45058e-06,0,0.0149359,1,13.5,1.00006,-2.60423,1,-5.19678e-05,0.5,0,-0.000201166,0,0,0.00990224,2,13.5,1.04874,-0.738841,1,0.293172,0.5,0,0.940271,0,0,0.012041,3,13.5,-2.99999,-1.67216,1,-4.20958e-05,-0.493087,0,0.000104308,0.0848696,0,0.00804599,4,13.5,-0.60659,-2.99959,1,0.499918,-0.00139922,0,0.00330433,0.0025928,0,0.00816684,5,13.5,0.265657,3,1,0.5,2.94298e-05,0,-8.9407e-07,-0.000104308,0,0.00629254,6,13.5,-1.61239,-1.99999,1,0.494598,-3.48315e-05,0,-0.0821576,2.23517e-05,0,0.0112691,7,13.5,2.99984,-1.99908,1,-0.00323579,-0.000815094,0,-0.0826418,-0.00575185,0,0.00569185,8,13.5,-3,-0.126241,1,-1.71363e-05,0.233756,0,0.00107288,0.13707,0,0.00777395,9,13.5,1.99942,1.61252,1,-0.000753999,-0.5,0,0.00464916,7.45058e-06,0,0.0124624,10,13.5,0.000747204,-1.70855,1,0.00198254,0.267376,0,0.00128439,0.0916272,0,0.0147677,11,13.5,1.00466,-1.60536,1,0.0769237,0.5,0,-0.278547,-7.45058e-06,0,0.0106052,12,13.5,-1.32112,0.00075803,1,-0.483736,0.00120024,0,-0.105783,-0.00135484,0,0.0125025,13,13.5,1.00821,2.00519,1,0.5,0.0254732,0,-7.45058e-06,-0.126585,0,0.00979395,14,13.5,0.339399,-2.99998,1,0.49727,-6.18398e-05,0,0.0663174,0.000178814,0,0.00908222,15,13.5,0.292197,0.985115,1,-0.479425,0.00983505,0,0.161941,0.0825562,0,0.0129439,16,13.5,2.29528,3,1,0.499868,0,0,0.00526011,0,0,0.00508932,17,13.5,3,-3,1,0,0,0,0,0,0,0.00707818,18,13.5,-0.999183,-0.695306,1,0.000366475,0.38497,0,-0.00251457,0.0734814,0,0.0176162,19,13.5,-1.99979,-0.391333,1,-0.00145342,-0.499933,0,0.00289828,-0.00266165,0,0.0112675,20,13.5,-3,-3,1,0,0,0,0,0,0,0.00542755,21,13.5,-0.70505,-2.00042,1,0.329497,-0.000414252,0,-0.166215,0.0013411,0,0.0113894,22,13.5,-1.32167,1.01897,1,-0.5,0.000616908,0,7.45058e-06,-0.11985,0,0.0105874,23,13.5,-2.00086,-1.33153,1,-0.00139922,-0.440659,0,0.00193715,-0.203907,0,0.0118754,24,13.5,1.00319,0.631868,1,-0.00429172,0.33305,0,-0.00692159,-0.960946,0,0.0204707,25,13.5,-0.014035,0.00040031,1,0.0244411,-0.00233483,0,0.0546405,0.00366151,0,0.0126696,26,13.5,3,-0.983082,1,0,-0.00314051,0,0,-0.152346,0,0.00564477,27,13.5,2.99767,2.62054,1,-0.012495,-0.5,0,-0.00579655,0,0,0.00561136,28,13.5,-2.39551,0.991888,1,-0.5,0.0226162,0,0,-0.0156686,0,0.00666762,29,13.5,2.00082,-1.98565,1,0.00112988,0.0127727,0,-0.011161,-0.187166,0,0.0111823,30,13.5,-1.00025,2.00001,1,-0.00128429,-0.000167266,0,0.005804,0.000327826,0,0.013343,31,13.5,-0.733768,3,1,0.5,0,0,0,0,0,0.00472792,32,13.5,2,-0.999998,1,1.41561e-05,2.51457e-06,0,2.98023e-05,-1.11759e-05,0,0.00973949,33,13.5,2.37884,0.00017382,1,0.5,-0.000102163,0,0,-0.000400007,0,0.00912791,34,13.5,1.25199,2.99986,1,0.5,0.00366904,0,-7.45058e-06,-0.0801831,0,0.00568169,35,13.5,0.103194,1.82531,1,0.396584,0.382766,0,0.590556,-0.408031,0,0.0120623
0,13.6,-0.282853,-1.00088,1,-0.408393,-0.00184476,0,0.194564,0.000298023,0,0.0178464,1,13.6,1.00006,-2.55423,1,-6.85453e-05,0.5,0,-0.000119209,0,0,0.00879287,2,13.6,1.08253,-0.688841,1,0.379536,0.5,0,0.765741,2.98023e-05,0,0.0125848,3,13.6,-2.99999,-1.72092,1,-2.98023e-05,-0.480837,0,0.000119209,0.162899,0,0.00848695,4,13.6,-0.556592,-2.99972,1,0.5,-0.00113845,0,2.98023e-05,0.00274181,0,0.00842493,5,13.6,0.315657,3,1,0.5,1.78814e-05,0,-1.43051e-05,-0.000119209,0,0.00529291,6,13.6,-1.56347,-1.99999,1,0.482607,-3.27826e-05,0,-0.158668,5.96046e-05,0,0.0103868,7,13.6,2.99918,-1.99918,1,-0.00910759,-0.00126958,0,-0.0370741,-0.00333786,0,0.00519625,8,13.6,-3,-0.102463,1,5.96046e-05,0.23912,0,0.000596046,-0.024572,0,0.00808541,9,13.6,1.99937,1.56252,1,-0.000324845,-0.500003,0,0.0038743,5.96046e-05,0,0.0167355,10,13.6,0.000950454,-1.68151,1,0.00207348,0.271985,0,0.000739354,0.000298023,0,0.017797,11,13.6,1.01103,-1.55536,1,0.0511855,0.500003,0,-0.236392,-5.96046e-05,0,0.0096824,12,13.6,-1.36998,0.000871031,1,-0.493041,0.00106135,0,-0.0762343,-0.00126398,0,0.0114734,13,13.6,1.05821,2.00715,1,0.500003,0.0142217,0,-5.96046e-05,-0.0993013,0,0.0101848,14,13.6,0.389318,-2.99999,1,0.5,-4.17233e-05,0,1.43051e-05,0,0,0.00871553,15,13.6,0.245191,0.986459,1,-0.459397,0.0165373,0,0.239469,0.0522733,0,0.0121283,16,13.6,2.34528,3,1,0.5,0,0,0,0,0,0.00544941,17,13.6,3,-3,1,0,0,0,0,0,0,0.00544815,18,13.6,-0.999156,-0.656422,1,0.000189245,0.392705,0,-0.000834465,0.0735223,0,0.0160287,19,13.6,-1.99992,-0.441331,1,-0.00115931,-0.5,0,0.00292063,1.43051e-05,0,0.0116308,20,13.6,-3,-3,1,0,0,0,0,0,0,0.00547477,21,13.6,-0.673012,-2.00046,1,0.310442,-0.000280142,0,-0.214875,0.00107288,0,0.0111383,22,13.6,-1.37167,1.01849,1,-0.500003,-0.00961125,0,5.96046e-05,-0.0855327,0,0.0101795,23,13.6,-2.00099,-1.37661,1,-0.00120401,-0.460628,0,0.00154972,-0.186145,0,0.0105889,24,13.6,1.00273,0.660251,1,-0.00487864,0.234027,0,-0.00500679,-1.00002,0,0.0154307,25,13.6,-0.0113805,0.00018624,1,0.0280586,-0.00193745,0,0.0191187,0.00420943,0,0.0115173,26,13.6,3,-0.984069,1,0,-0.0157356,0,0,-0.100791,0,0.00612155,27,13.6,2.99643,2.57054,1,-0.0120997,-0.5,0,0.0123978,0,0,0.0074601,28,13.6,-2.44551,0.994056,1,-0.5,0.0206232,0,0,-0.023663,0,0.00803434,29,13.6,2.00088,-1.98522,1,0.000149012,-0.00327528,0,-0.00846386,-0.134647,0,0.0092163,30,13.6,-1.00035,1.99999,1,-0.000739098,-0.00013411,0,0.00494719,0.000417233,0,0.0090685,31,13.6,-0.683768,3,1,0.5,0,0,2.98023e-05,0,0,0.00672768,32,13.6,2,-0.999998,1,1.78814e-05,2.98023e-06,0,0,-5.96046e-05,0,0.00919489,33,13.6,2.42884,0.000161783,1,0.5,-0.000136807,0,0,-0.000294,0,0.00977561,34,13.6,1.30199,2.99988,1,0.500003,-0.00261068,0,-5.96046e-05,-0.0469685,0,0.00560537,35,13.6,0.145546,1.86149,1,0.44765,0.340378,0,0.423275,-0.436664,0,0.0100727
0,13.7,-0.323015,-1.00105,1,-0.39733,-0.00165198,0,0.0444483,0.00310689,0,0.0178464,1,13.7,1.00005,-2.50423,1,-7.71135e-05,0.5,0,-5.96046e-05,0,0,0.00879287,2,13.7,1.1239,-0.638841,1,0.443799,0.5,0,0.513606,0,0,0.0125848,3,13.7,-3,-1.768,1,-1.9744e-05,-0.458963,0,7.45058e-05,0.271566,0,0.00848695,4,13.7,-0.506592,-2.99982,1,0.5,-0.000869483,0,-5.66244e-06,0.0025928,0,0.00842493,5,13.7,0.365657,3,1,0.5,7.82311e-06,0,0,-7.45058e-05,0,0.00529291,6,13.7,-1.51602,-1.99999,1,0.465926,-2.58908e-05,0,-0.18011,8.19564e-05,0,0.0103868,7,13.7,2.99814,-1.99932,1,-0.0111606,-0.00150241,0,-0.00594556,-0.00138581,0,0.00519625,8,13.7,-2.99999,-0.0789037,1,9.98378e-05,0.229927,0,0.000208616,-0.152853,0,0.00808541,9,13.7,1.99936,1.51252,1,2.68221e-05,-0.5,0,0.00315905,7.45058e-06,0,0.0167355,10,13.7,0.00115633,-1.65433,1,0.0020013,0.271249,0,-0.00183709,-0.0189766,0,0.017797,11,13.7,1.01503,-1.50536,1,0.0296319,0.5,0,-0.194989,-7.45058e-06,0,0.0096824,12,13.7,-1.41959,0.00096846,1,-0.498459,0.000865711,0,-0.0325888,-0.00255691,0,0.0114734,13,13.7,1.10821,2.00812,1,0.5,0.00553019,0,-7.45058e-06,-0.0751168,0,0.0101848,14,13.7,0.439318,-2.99999,1,0.5,-3.72529e-05,0,-1.78814e-06,5.96046e-05,0,0.00871553,15,13.7,0.200614,0.988328,1,-0.430595,0.0204068,0,0.332993,0.0260696,0,0.0121283,16,13.7,2.39528,3,1,0.5,0,0,0,0,0,0.00544941,17,13.7,3,-3,1,0,0,0,0,0,0,0.00544815,18,13.7,-0.999143,-0.616476,1,7.29226e-05,0.408766,0,-0.00144169,0.227306,0,0.0160287,19,13.7,-2.00002,-0.491331,1,-0.000875257,-0.5,0,0.00273436,1.78814e-06,0,0.0116308,20,13.7,-3,-3,1,0,0,0,0,0,0,0.00547477,21,13.7,-0.643009,-2.00048,1,0.28982,-0.000146031,0,-0.202656,0.00146031,0,0.0111383,22,13.7,-1.42167,1.01716,1,-0.5,-0.016614,0,7.45058e-06,-0.0554472,0,0.0101795,23,13.7,-2.0011,-1.42356,1,-0.000999123,-0.477852,0,0.00235438,-0.153422,0,0.0105889,24,13.7,1.00222,0.678654,1,-0.00514258,0.134027,0,-0.000484288,-1.00001,0,0.0154307,25,13.7,-0.00852736,1.38494e-05,1,0.0285552,-0.00150874,0,-0.00778866,0.00430798,0,0.0115173,26,13.7,3,-0.986069,1,0,-0.0235365,0,0,-0.0566952,0,0.00612155,27,13.7,2.9953,2.52054,1,-0.0102311,-0.5,0,0.0240505,0,0,0.0074601,28,13.7,-2.49551,0.995992,1,-0.5,0.0180015,0,0,-0.028342,0,0.00803434,29,13.7,2.00086,-1.98614,1,-0.000566989,-0.0143405,0,-0.00590086,-0.0879169,0,0.0092163,30,13.7,-1.0004,1.99998,1,-0.0002902,-9.33185e-05,0,0.00402331,0.000394881,0,0.0090685,31,13.7,-0.633768,3,1,0.5,0,0,0,0,0,0.00672768,32,13.7,2.00001,-0.999998,1,1.60187e-05,-1.76951e-06,0,-4.47035e-05,-4.09782e-05,0,0.00919489,33,13.7,2.47884,0.000146801,1,0.5,-0.000161182,0,0,-0.000194818,0,0.00977561,34,13.7,1.35199,2.99943,1,0.5,-0.00607781,0,-7.45058e-06,-0.0233799,0,0.00560537,35,13.7,0.192122,1.89333,1,0.48078,0.296389,0,0.238171,-0.441015,0,0.0100727
0,13.8,-0.362652,-1.0012,1,-0.396331,-0.00130236,0,-0.0104457,0.00345707,0,0.0150523,1,13.8,1.00004,-2.45423,1,-7.7486e-05,0.5,0,-5.96046e-05,0,0,0.00862565,2,13.8,1.17041,-0.588841,1,0.482175,0.5,0,0.258923,2.98023e-05,0,0.0146006,3,13.8,-3,-1.81238,1,-1.19209e-05,-0.427139,0,0.000119209,0.361621,0,0.00795541,4,13.8,-0.456592,-2.99989,1,0.5,-0.000625849,0,-1.43051e-05,0.00238419,0,0.00708322,5,13.8,0.415657,3,1,0.5,0,0,-1.43051e-05,0,0,0.00460739,6,13.8,-1.4704,-2,1,0.445724,-1.78814e-05,0,-0.227392,0.000119209,0,0.010371,7,13.8,2.99703,-1.99948,1,-0.0106514,-0.00156164,0,0.0145435,0.000119209,0,0.00678173,8,13.8,-2.99998,-0.0568423,1,0.000107288,0.209777,0,0,-0.244295,0,0.00933732,9,13.8,1.99937,1.46252,1,0.000303984,-0.500003,0,0.0025034,5.96046e-05,0,0.013556,10,13.8,0.00134538,-1.62736,1,0.00176752,0.267524,0,-0.00256987,-0.0581741,0,0.0149728,11,13.8,1.01709,-1.45536,1,0.0121146,0.500003,0,-0.155747,-5.96046e-05,0,0.00870437,12,13.8,-1.46954,0.00104075,1,-0.499958,0.000567135,0,-0.000834465,-0.00333466,0,0.0101465,13,13.8,1.15821,2.00833,1,0.500003,-0.000923872,0,-5.96046e-05,-0.0543594,0,0.00907949,14,13.8,0.489318,-3,1,0.5,-2.98023e-05,0,-1.43051e-05,0.000119209,0,0.00923641,15,13.8,0.159348,0.990462,1,-0.393511,0.021933,0,0.405148,0.00533462,0,0.0134432,16,13.8,2.44528,3,1,0.5,0,0,0,0,0,0.00434095,17,13.8,3,-3,1,0,0,0,0,0,0,0.00595249,18,13.8,-0.999143,-0.574346,1,-8.9407e-05,0.434603,0,-0.00178814,0.274181,0,0.0138042,19,13.8,-2.0001,-0.541331,1,-0.000613928,-0.500001,0,0.0025034,2.98023e-05,0,0.0113216,20,13.8,-3,-3,1,0,0,0,0,0,0,0.00696652,21,13.8,-0.615054,-2.00048,1,0.269078,-5.96046e-06,0,-0.215441,0.00107288,0,0.010564,22,13.8,-1.47167,1.01526,1,-0.500003,-0.0208795,0,5.96046e-05,-0.0306964,0,0.0115497,23,13.8,-2.00119,-1.47203,1,-0.000762939,-0.490624,0,0.00226498,-0.100017,0,0.00874875,24,13.8,1.00171,0.687057,1,-0.00501573,0.0340268,0,0.00292063,-1.00002,0,0.0152959,25,13.8,-0.00574558,-0.000115713,1,0.0267635,-0.00108591,0,-0.0268163,0.00410502,0,0.0121718,26,13.8,3,-0.988644,1,0,-0.02736,0,0,-0.0211298,0,0.00617474,27,13.8,2.99441,2.47054,1,-0.0074625,-0.5,0,0.0305176,0,0,0.00622058,28,13.8,-2.54551,0.997645,1,-0.5,0.0150353,0,0,-0.0306368,0,0.00764613,29,13.8,2.00078,-1.98795,1,-0.00104308,-0.021109,0,-0.00369549,-0.0486374,0,0.0105795,30,13.8,-1.00041,1.99997,1,6.25849e-05,-5.66244e-05,0,0.00315905,0.000417233,0,0.0152614,31,13.8,-0.583768,3,1,0.5,0,0,2.98023e-05,0,0,0.00439243,32,13.8,2.00001,-0.999998,1,1.19209e-05,-4.47035e-06,0,0,-2.98023e-05,0,0.00906514,33,13.8,2.52884,0.000129864,1,0.5,-0.000176047,0,0,-0.00010393,0,0.00802538,34,13.8,1.40199,2.99874,1,0.500003,-0.00748038,0,-5.96046e-05,-0.00548363,0,0.00527746,35,13.8,0.241101,1.92077,1,0.496109,0.252572,0,0.0778067,-0.433445,0,0.0115853
0,13.9,-0.402672,-1.00131,1,-0.40693,-0.000909157,0,-0.182435,0.00431389,0,0.0150523,1,13.9,1.00003,-2.40425,1,-8.00937e-05,0.499269,0,0,-0.019908,0,0.00862565,2,13.9,1.21957,-0.538845,1,0.497666,0.49985,0,0.0689551,-0.00475533,0,0.0146006,3,13.9,-3,-1.85317,1,-2.23517e-06,-0.387555,0,5.96046e-05,0.427097,0,0.00795541,4,13.9,-0.406607,-2.99994,1,0.499416,-0.000409037,0,-0.017181,0.00193715,0,0.00708322,5,13.9,0.465657,3,1,0.5,0,0,0,0,0,0.00460739,6,13.9,-1.427,-2,1,0.421926,-7.07805e-06,0,-0.251353,8.9407e-05,0,0.010371,7,13.9,2.99606,-1.99963,1,-0.00858121,-0.00149179,0,0.0256747,0.00119954,0,0.00678173,8,13.9,-2.99997,-0.037193,1,9.83477e-05,0.182278,0,-0.000178814,-0.300222,0,0.00933732,9,13.9,1.99942,1.41253,1,0.000514649,-0.499612,0,0.00172108,0.0119582,0,0.013556,10,13.9,0.0015043,-1.60064,1,0.00137199,0.269166,0,-0.00491617,0.0749901,0,0.0149728,11,13.9,1.01759,-1.40538,1,-0.00143852,0.499338,0,-0.116162,-0.018619,0,0.00870437,12,13.9,-1.51954,0.00108017,1,-0.499997,0.000216589,0,-0.000104308,-0.00361285,0,0.0101465,13,13.9,1.20821,2.00799,1,0.5,-0.00546314,0,-7.45058e-06,-0.03694,0,0.00907949,14,13.9,0.539318,-3,1,0.5,-1.82539e-05,0,5.66244e-06,0.000104308,0,0.00923641,15,13.9,0.122108,0.992655,1,-0.350514,0.0216651,0,0.451683,-0.0099428,0,0.0134432,16,13.9,2.49528,3,1,0.5,0,0,0,0,0,0.00434095,17,13.9,3,-3,1,0,0,0,0,0,0,0.00595249,18,13.9,-0.999161,-0.529544,1,-0.000273157,0.460929,0,-0.00185147,0.243209,0,0.0138042,19,13.9,-2.00112,-0.591238,1,-0.0285383,-0.497154,0,-0.520214,0.0580139,0,0.0113216,20,13.9,-3,-3,1,0,0,0,0,0,0,0.00696652,21,13.9,-0.589121,-2.00048,1,0.25041,0.000112131,0,-0.165537,0.00114739,0,0.010564,22,13.9,-1.52167,1.01306,1,-0.5,-0.0229364,0,7.45058e-06,-0.0111982,0,0.0115497,23,13.9,-2.00125,-1.52149,1,-0.000472739,-0.497765,0,0.00344217,-0.0438616,0,0.00874875,24,13.9,1.00123,0.685459,1,-0.00461824,-0.0659739,0,0.00491738,-1.00001,0,0.0152959,25,13.9,-0.00322543,-0.000204468,1,0.0234451,-0.000696733,0,-0.0385066,0.00365418,0,0.0121718,26,13.9,3,-0.991437,1,0,-0.0280515,0,0,0.00591204,0,0.00617474,27,13.9,2.99382,2.42054,1,-0.00436902,-0.499877,0,0.0309646,0.00485778,0,0.00622058,28,13.9,-2.59549,0.998996,1,-0.499153,0.0119881,0,0.0225306,-0.0300892,0,0.00764613,29,13.9,2.00066,-1.99025,1,-0.00131391,-0.0243312,0,-0.00180304,-0.0171438,0,0.0105795,30,13.9,-1.00039,1.99997,1,0.000329129,-1.93715e-05,0,0.00218302,0.000327826,0,0.0152614,31,13.9,-0.533768,3,1,0.5,0,0,0,0,0,0.00439243,32,13.9,2.00001,-0.999999,1,1.04308e-05,-6.51926e-06,0,-2.98023e-05,-7.45058e-06,0,0.00906514,33,13.9,2.57883,0.000111898,1,0.49981,-0.000181758,0,-0.00676513,-1.32504e-05,0,0.00802538,34,13.9,1.45199,2.99798,1,0.5,-0.00737868,0,-7.45058e-06,0.00678003,0,0.00527746,35,13.9,0.290951,1.94389,1,0.499757,0.210213,0,0.00972763,-0.412434,0,0.0115853
0,14,-0.444432,-1.00138,1,-0.429423,-0.000455976,0,-0.252575,0.00470877,0,0.0136401,1,14,1.00003,-2.35449,1,-7.7486e-05,0.495088,0,5.96046e-05,-0.0675917,0,0.00848329,2,14,1.26951,-0.488907,1,0.500003,0.498604,0,-5.96046e-05,-0.0228584,0,0.0124047,3,14,-3,-1.88971,1,5.96046e-06,-0.342333,0,0,0.474095,0,0.00829384,4,14,-0.356817,-2.99998,1,0.495598,-0.000238419,0,-0.063315,0.00143051,0,0.00679677,5,14,0.515657,3,1,0.5,0,0,2.98023e-05,0,0,0.00475934,6,14,-1.38612,-2,1,0.395012,0,0,-0.288606,0.000119209,0,0.00929592,7,14,2.99534,-1.99977,1,-0.00572205,-0.00132918,0,0.0303984,0.00184774,0,0.00610218,8,14,-2.99996,-0.0205208,1,7.7486e-05,0.150738,0,-0.000357628,-0.325987,0,0.00838957,9,14,1.99947,1.36268,1,0.000655651,-0.496644,0,0.00101328,0.0528097,0,0.0128962,10,14,0.00161595,-1.57323,1,0.000859934,0.279647,0,-0.00499294,0.121891,0,0.0130904,11,14,1.01692,-1.35561,1,-0.0112891,0.495329,0,-0.0815988,-0.0655651,0,0.00903247,12,14,-1.56954,0.00108374,1,-0.500003,-0.000143901,0,5.96046e-05,-0.00354502,0,0.0105261,13,14,1.25821,2.00729,1,0.500003,-0.00841618,0,-5.96046e-05,-0.0225306,0,0.00903106,14,14,0.589318,-3,1,0.5,-1.19209e-05,0,2.98023e-05,0.000238419,0,0.00822959,15,14,0.0893695,0.994752,1,-0.303798,0.0200883,0,0.479497,-0.0209212,0,0.013802,16,14,2.54528,3,1,0.5,0,0,0,0,0,0.00420486,17,14,3,-3,1,0,0,0,0,0,0,0.00424878,18,14,-0.999198,-0.482343,1,-0.000452995,0.481875,0,-0.00178814,0.17111,0,0.0113154,19,14,-2.00716,-0.640559,1,-0.0971675,-0.488226,0,-0.818253,0.121117,0,0.0126905,20,14,-3,-3,1,0,0,0,0,0,0,0.00701095,21,14,-0.564876,-2.00046,1,0.234671,0.000208616,0,-0.154644,0.000476837,0,0.0120888,22,14,-1.57167,1.01073,1,-0.500003,-0.0232577,0,5.96046e-05,0.00399351,0,0.0117511,23,14,-2.00128,-1.57141,1,-9.53674e-05,-0.499883,0,0.00393391,-0.00232458,0,0.0105867,24,14,1.00079,0.673862,1,-0.00405908,-0.165974,0,0.00625849,-1.00002,0,0.0147137,25,14,-0.00108556,-0.000256781,1,0.0192532,-0.00035903,0,-0.0444652,0.0030846,0,0.0101758,26,14,3,-0.994177,1,0,-0.0264362,0,0,0.0251532,0,0.00573341,27,14,2.99353,2.37062,1,-0.00134706,-0.498062,0,0.0290871,0.0385046,0,0.00593863,28,14,-2.64521,1.00005,1,-0.494516,0.00905395,0,0.0741482,-0.0283718,0,0.00642513,29,14,2.00052,-1.99272,1,-0.00141263,-0.0247896,0,-0.000357628,0.00673532,0,0.00869213,30,14,-1.00035,1.99997,1,0.000503659,8.9407e-06,0,0.0013113,0.000238419,0,0.0132427,31,14,-0.483768,3,1,0.5,0,0,-1.43051e-05,0,0,0.0039655,32,14,2.00001,-0.999999,1,5.96046e-06,-7.45058e-06,0,0,0,0,0.00919931,33,14,2.62873,9.37851e-05,1,0.497609,-0.000179271,0,-0.0444651,6.0212e-05,0,0.00875226,34,14,1.50199,2.9973,1,0.500003,-0.00627041,0,-5.96046e-05,0.014782,0,0.00638986,35,14,0.340946,1.9629,1,0.5,0.17032,0,-1.43051e-05,-0.384212,0,0.0116085
0,14.1,-0.48865,-1.0014,1,-0.454815,1.3411e-05,0,-0.245303,0.00461936,0,0.0136401,1,14.1,1.00002,-2.30542,1,-7.0408e-05,0.4852,0,8.9407e-05,-0.133067,0,0.00848329,2,14.1,1.31951,-0.439237,1,0.5,0.494027,0,-7.45058e-06,-0.0691433,0,0.0124047,3,14.1,-3,-1.92152,1,5.58794e-06,-0.293408,0,-1.49012e-05,0.500135,0,0.00829384,4,14.1,-0.307675,-2.99999,1,0.486175,-0.000111759,0,-0.128197,0.00110269,0,0.00679677,5,14.1,0.565656,3,1,0.49994,0,0,-0.00240654,0,0,0.00475934,6,14.1,-1.34804,-2,1,0.366816,8.75443e-06,0,-0.278771,6.70552e-05,0,0.00929592,7,14.1,2.99493,-1.9999,1,-0.00266694,-0.00112113,0,0.0301152,0.00227243,0,0.00610218,8,14.1,-2.99995,-0.00708358,1,4.20958e-05,0.118028,0,-0.000342727,-0.324734,0,0.00838957,9,14.1,1.99954,1.31338,1,0.000729039,-0.488388,0,0.000476837,0.11576,0,0.0128962,10,14.1,0.00167591,-1.54412,1,0.000330923,0.307194,0,-0.00548486,0.398085,0,0.0130904,11,14.1,1.01544,-1.3065,1,-0.0179475,0.485663,0,-0.0523254,-0.130743,0,0.00903247,12,14.1,-1.61947,0.00105252,1,-0.497776,-0.000471461,0,0.0476688,-0.00299326,0,0.0105261,13,14.1,1.30821,2.00635,1,0.5,-0.010078,0,-7.45058e-06,-0.0111312,0,0.00903106,14,14.1,0.639204,-3,1,0.496538,6.70552e-06,0,-0.0706911,0.000149012,0,0.00822959,15,14.1,0.0614096,0.996643,1,-0.255271,0.0176213,0,0.48734,-0.0278093,0,0.013802,16,14.1,2.59525,3,1,0.499167,0,0,-0.0222772,0,0,0.00420486,17,14.1,3,-3,1,0,0,0,0,0,0,0.00424878,18,14.1,-0.999251,-0.433437,1,-0.000612065,0.494867,0,-0.00139326,0.0882652,0,0.0113154,19,14.1,-2.02132,-0.688601,1,-0.188649,-0.470951,0,-0.977278,0.220504,0,0.0126905,20,14.1,-3,-3,1,0,0,0,0,0,0,0.00701095,21,14.1,-0.541873,-2.00044,1,0.228067,0.00025481,0,0.00661984,0.000268221,0,0.0120888,22,14.1,-1.62159,1.00845,1,-0.497642,-0.0222694,0,0.0501573,0.0151843,0,0.0117511,23,14.1,-2.00127,-1.62133,1,0.000287965,-0.497726,0,0.00371039,0.048466,0,0.0105867,24,14.1,1.00042,0.6523,1,-0.00340883,-0.264548,0,0.00668317,-0.956155,0,0.0147137,25,14.1,0.000614352,-0.00027834,1,0.0147301,-8.29692e-05,0,-0.0453749,0.00243597,0,0.0101758,26,14.1,3,-0.996673,1,0,-0.0232702,0,0,0.0371188,0,0.00573341,27,14.1,2.99354,2.3211,1,0.00140369,-0.491393,0,0.0256896,0.0988841,0,0.00593863,28,14.1,-2.69419,1.00081,1,-0.483741,0.00634603,0,0.144258,-0.0256598,0,0.00642513,29,14.1,2.00038,-1.99514,1,-0.00138804,-0.0232311,0,0.000804663,0.0233427,0,0.00869213,30,14.1,-1.0003,1.99997,1,0.00059735,2.84985e-05,0,0.000588596,0.000156462,0,0.0132427,31,14.1,-0.433769,3,1,0.499937,0,0,-0.00250891,0,0,0.0039655,32,14.1,2.00001,-1,1,4.47035e-06,-7.17118e-06,0,-2.98023e-05,-3.72529e-06,0,0.00919931,33,14.1,2.67817,7.62572e-05,1,0.490093,-0.000170366,0,-0.109851,0.000115491,0,0.00875226,34,14.1,1.55199,2.99675,1,0.499999,-0.0046175,0,-2.23517e-05,0.0178963,0,0.00638986,35,14.1,0.390946,1.97807,1,0.5,0.133875,0,0,-0.344455,0,0.0116085
0,14.2,-0.535281,-1.00138,1,-0.476877,0.000458956,0,-0.189811,0.00417233,0,0.0124014,1,14.2,1.00001,-2.25769,1,-5.96046e-05,0.468034,0,0.000119209,-0.211954,0,0.00826906,2,14.2,1.36951,-0.39026,1,0.500003,0.484709,0,-5.96046e-05,-0.117421,0,0.0105988,3,14.2,-3,-1.94834,1,5.96046e-06,-0.243101,0,0,0.502288,0,0.00712108,4,14.2,-0.259825,-3,1,0.46949,-2.38419e-05,0,-0.207126,0.000715256,0,0.00933566,5,14.2,0.615619,3,1,0.499037,0,0,-0.0192821,0,0,0.00447179,6,14.2,-1.31276,-2,1,0.338677,1.19209e-05,0,-0.2864,5.96046e-05,0,0.00863889,7,14.2,2.9948,-2,1,0.000202656,-0.000882149,0,0.0269413,0.00238419,0,0.00610126,8,14.2,-2.99995,0.00312169,1,5.96046e-06,0.0864084,0,-0.000238419,-0.304977,0,0.00904802,9,14.2,1.99962,1.26525,1,0.000753999,-0.472954,0,0,0.194848,0,0.0118063,10,14.2,0.00168147,-1.51117,1,-0.000218407,0.35373,0,-0.00541785,0.508308,0,0.0113016,11,14.2,1.01342,-1.25872,1,-0.0219047,0.468725,0,-0.0274777,-0.20957,0,0.00849687,12,14.2,-1.66891,0.000991407,1,-0.489932,-0.000740441,0,0.111401,-0.00237819,0,0.0117144,13,14.2,1.35821,2.00531,1,0.500003,-0.0107229,0,-5.96046e-05,-0.00214577,0,0.00987792,14,14.2,0.688378,-3,1,0.48565,1.78814e-05,0,-0.14773,0.000119209,0,0.00777056,15,14.2,0.038306,0.998259,1,-0.207012,0.0146404,0,0.47472,-0.0312924,0,0.0135044,16,14.2,2.64498,3,1,0.49457,0,0,-0.0739098,0,0,0.0047972,17,14.2,3,-3,1,0,0,0,0,0,0,0.00455045,18,14.2,-0.999319,-0.383646,1,-0.000730157,0.499608,0,-0.00101328,0.00783741,0,0.0095564,19,14.2,-2.04514,-0.734456,1,-0.288075,-0.44487,0,-1.00017,0.297487,0,0.0108723,20,14.2,-3,-3,1,0,0,0,0,0,0,0.00670447,21,14.2,-0.518876,-2.00041,1,0.23312,0.000238419,0,0.0815988,-0.000834465,0,0.0106638,22,14.2,-1.671,1.00631,1,-0.48947,-0.0203341,0,0.115335,0.0230074,0,0.0116849,23,14.2,-2.00122,-1.67076,1,0.000631809,-0.489694,0,0.00333786,0.114143,0,0.0110071,24,14.2,1.00011,0.621263,1,-0.00273287,-0.353718,0,0.00676513,-0.807703,0,0.0140758,25,14.2,0.00186326,-0.000275531,1,0.0102879,0.00012849,0,-0.0429936,0.00179715,0,0.0106447,26,14.2,3,-0.998802,1,0,-0.0192016,0,0,0.0433326,0,0.00558374,27,14.2,2.9938,2.27258,1,0.00374317,-0.477654,0,0.0209808,0.178337,0,0.00470168,28,14.2,-2.7417,1.00133,1,-0.465232,0.00394583,0,0.227332,-0.0222921,0,0.00579423,29,14.2,2.00025,-1.99732,1,-0.00126958,-0.0203252,0,0.00154972,0.0337958,0,0.0084963,30,14.2,-1.00023,1.99997,1,0.000625849,4.17233e-05,0,5.96046e-05,0.000119209,0,0.0122808,31,14.2,-0.383808,3,1,0.498997,0,0,-0.020057,0,0,0.00407826,32,14.2,2.00001,-1,1,0,-5.96046e-06,0,0,5.96046e-05,0,0.0080641,33,14.2,2.7265,5.98727e-05,1,0.475019,-0.000156637,0,-0.193954,0.000156846,0,0.0089874,34,14.2,1.60199,2.99638,1,0.499991,-0.0027597,0,-0.000119209,0.0188351,0,0.0064097,35,14.2,0.440946,1.9898,1,0.5,0.101465,0,-1.43051e-05,-0.303566,0,0.0112396
0,14.3,-0.583798,-1.00131,1,-0.492159,0.000833906,0,-0.112757,0.00331551,0,0.0124014,1,14.3,1.00001,-2.21212,1,-4.76837e-05,0.441685,0,0.000119209,-0.311613,0,0.00826906,2,14.3,1.41951,-0.342467,1,0.5,0.470257,0,-7.45058e-06,-0.171207,0,0.0105988,3,14.3,-2.99947,-1.97017,1,0.0149827,-0.193722,0,0.271991,0.482053,0,0.00712108,4,14.3,-0.213739,-3,1,0.453702,3.20375e-05,0,-0.119122,0.000417233,0,0.00933566,5,14.3,0.665353,3,1,0.494796,0,0,-0.0706874,0,0,0.00447179,6,14.3,-1.28013,-1.99999,1,0.315492,1.52737e-05,0,-0.187494,1.49012e-05,0,0.00863889,7,14.3,2.99495,-2.00007,1,0.00263229,-0.000644848,0,0.0215173,0.00233948,0,0.00610126,8,14.3,-2.99995,0.0102922,1,-1.60187e-05,0.0575847,0,-0.000193715,-0.270009,0,0.00904802,9,14.3,1.99969,1.2191,1,0.000734255,-0.448145,0,-0.000372529,0.298053,0,0.0118063,10,14.3,0.00163384,-1.4733,1,-0.000720687,0.40298,0,-0.00460564,0.467107,0,0.0113016,11,14.3,1.01113,-1.21307,1,-0.0235675,0.442589,0,-0.00662357,-0.30975,0,0.00849687,12,14.3,-1.71723,0.00090654,1,-0.475311,-0.000946116,0,0.182495,-0.00173115,0,0.0117144,13,14.3,1.40821,2.00424,1,0.5,-0.0106007,0,-7.45058e-06,0.00429153,0,0.00987792,14,14.3,0.736607,-3,1,0.48217,2.6077e-05,0,0.0471584,2.98023e-05,0,0.00777056,15,14.3,0.0199326,0.999565,1,-0.160977,0.0114686,0,0.44347,-0.0317581,0,0.0135044,16,14.3,2.69396,3,1,0.483827,0,0,-0.143871,0,0,0.0047972,17,14.3,3,-3,1,0,0,0,0,0,0,0.00455045,18,14.3,-0.999396,-0.333661,1,-0.000803545,0.499976,0,-0.000469387,0.000976101,0,0.0095564,19,14.3,-2.07877,-0.777354,1,-0.382025,-0.412159,0,-0.844613,0.353549,0,0.0108723,20,14.3,-3,-3,1,0,0,0,0,0,0,0.00670447,21,14.3,-0.494568,-2.00039,1,0.25821,0.000187382,0,0.391904,-0.000223517,0,0.0106638,22,14.3,-1.71926,1.0044,1,-0.474424,-0.0177842,0,0.186928,0.0275522,0,0.0116849,23,14.3,-2.00114,-1.7195,1,0.000913069,-0.487711,0,0.00230968,-0.0451729,0,0.0110071,24,14.3,0.999872,0.582275,1,-0.00207759,-0.421875,0,0.00631064,-0.557791,0,0.0140758,25,14.3,0.00216122,-0.000254738,1,-0.00877499,0.000277267,0,-0.310389,0.00119096,0,0.0106447,26,14.3,3,-1.0005,1,0,-0.0147758,0,0,0.044547,0,0.00558374,27,14.3,2.99427,2.22589,1,0.00552982,-0.454335,0,0.014782,0.284851,0,0.00470168,28,14.3,-2.78691,1.00162,1,-0.43707,0.00192504,0,0.332087,-0.0181422,0,0.00579423,29,14.3,2.00013,-1.99918,1,-0.00108927,-0.0166602,0,0.00202656,0.0387728,0,0.0084963,30,14.3,-1.00017,1.99998,1,0.000607967,5.01052e-05,0,-0.00038743,5.21541e-05,0,0.0122808,31,14.3,-0.334082,3,1,0.494656,0,0,-0.0718534,0,0,0.00407826,32,14.3,2.00001,-1,1,-3.72529e-07,-9.31323e-07,0,-1.49012e-05,3.72529e-05,0,0.0080641,33,14.3,2.77284,4.50476e-05,1,0.449852,-0.000139381,0,-0.305757,0.000185848,0,0.0089874,34,14.3,1.65193,2.9962,1,0.498165,-0.000897795,0,-0.0426993,0.0181198,0,0.0064097,35,14.3,0.490946,1.9985,1,0.5,0.0732262,0,-1.78814e-06,-0.261292,0,0.0112396
0,14.4,-0.633429,-1.00122,1,-0.498943,0.00112355,0,-0.0211596,0.0025034,0,0.0116993,1,14.4,1,-2.16965,1,-3.57628e-05,0.406402,0,8.9407e-05,-0.390649,0,0.00915722,2,14.4,1.46951,-0.296383,1,0.500003,0.450569,0,-5.96046e-05,-0.221953,0,0.0101677,3,14.4,-2.99635,-1.98719,1,0.0494957,-0.147262,0,0.396729,0.444591,0,0.00792458,4,14.4,-0.168891,-2.99999,1,0.443768,5.96046e-05,0,-0.0880438,0.000119209,0,0.006577,5,14.4,0.71436,3,1,0.484054,0,0,-0.147462,0,0,0.00464354,6,14.4,-1.24942,-1.99999,1,0.299355,1.49012e-05,0,-0.14329,0,0,0.008718,7,14.4,2.99531,-2.00013,1,0.00448227,-0.000423193,0,0.015378,0.00214577,0,0.00543214,8,14.4,-2.99995,0.0147685,1,-3.57628e-05,0.0326468,0,-0.000119209,-0.227837,0,0.009693,9,14.4,1.99976,1.17593,1,0.000682473,-0.414011,0,-0.000596046,0.381231,0,0.0109958,10,14.4,0.00154024,-1.4308,1,-0.00113587,0.445488,0,-0.00368361,0.375926,0,0.00996159,11,14.4,1.00877,-1.1705,1,-0.0233918,0.40746,0,0.00935793,-0.389397,0,0.0102993,12,14.4,-1.76372,0.00080437,1,-0.453249,-0.00108633,0,0.259221,-0.00107376,0,0.00974946,13,14.4,1.45821,2.00321,1,0.500003,-0.00992417,0,-5.96046e-05,0.00905991,0,0.00845541,14,14.4,0.785182,-2.99999,1,0.490038,2.98023e-05,0,0.0907779,0,0,0.00726196,15,14.4,0.00598303,1.00055,1,-0.118753,0.00835657,0,0.399167,-0.0301003,0,0.0139598,16,14.4,2.74149,3,1,0.465357,0,0,-0.226855,0,0,0.00495451,17,14.4,3,-3,1,0,0,0,0,0,0,0.00611314,18,14.4,-0.999478,-0.283662,1,-0.000828505,0.5,0,-5.96046e-05,-1.43051e-05,0,0.0136808,19,14.4,-2.12074,-0.816732,1,-0.452179,-0.374767,0,-0.544786,0.391424,0,0.00935368,20,14.4,-3,-3,1,0,0,0,0,0,0,0.0052134,21,14.4,-0.46647,-2.00038,1,0.3063,0.000184774,0,0.546217,0.000238419,0,0.00973794,22,14.4,-1.76564,1.00277,1,-0.451922,-0.0149012,0,0.263453,0.0296235,0,0.0106503,23,14.4,-2.00104,-1.76857,1,0.00110269,-0.494137,0,0.0013113,-0.0667572,0,0.010684,24,14.4,0.999695,0.537689,1,-0.00147372,-0.46608,0,0.00572205,-0.331998,0,0.0131801,25,14.4,-0.0005207,-0.00022197,1,-0.0468298,0.000369302,0,-0.428984,0.000663371,0,0.0121703,26,14.4,3,-1.00176,1,0,-0.010401,0,0,0.0424385,0,0.00435822,27,14.4,2.99489,2.18203,1,0.00671148,-0.421327,0,0.00905991,0.371814,0,0.00485701,28,14.4,-2.82881,1.00172,1,-0.39959,0.000312924,0,0.413656,-0.0141263,0,0.00556586,29,14.4,2.00003,-2.00065,1,-0.000876188,-0.0127017,0,0.00220537,0.0396967,0,0.00849437,30,14.4,-1.00011,1.99998,1,0.000551343,5.36442e-05,0,-0.000655651,-5.96046e-05,0,0.0119201,31,14.4,-0.285096,3,1,0.483791,0,0,-0.148728,0,0,0.00428235,32,14.4,2.00001,-1,1,0,0,0,-0.000119209,5.96046e-05,0,0.00740938,33,14.4,2.81613,3.20697e-05,1,0.414604,-0.00011992,0,-0.395536,0.000201274,0,0.00807361,34,14.4,1.70142,2.99619,1,0.490394,0.000822544,0,-0.116825,0.0160933,0,0.00601454,35,14.4,0.540946,2.00459,1,0.500001,0.0491858,0,-2.98023e-05,-0.219822,0,0.0100428
0,14.5,-0.683274,-1.00109,1,-0.496356,0.00133049,0,0.0749081,0.00164658,0,0.0116993,1,14.5,0.999999,-2.13106,1,-2.68221e-05,0.364505,0,8.9407e-05,-0.444219,0,0.00915722,2,14.5,1.51951,-0.252546,1,0.499958,0.425136,0,-0.00166148,-0.284168,0,0.0101677,3,14.5,-2.98904,-1.99976,1,0.0998918,-0.104994,0,0.585303,0.399359,0,0.00792458,4,14.5,-0.124609,-2.99999,1,0.444826,6.48201e-05,0,0.0895328,0,0,0.006577,5,14.5,0.761836,3,1,0.463628,0,0,-0.25823,0,0,0.00464354,6,14.5,-1.22009,-1.99999,1,0.288431,1.37836e-05,0,-0.08367,-2.98023e-05,0,0.008718,7,14.5,2.99583,-2.00016,1,0.00570044,-0.000224635,0,0.00908971,0.00183284,0,0.00543214,8,14.5,-2.99996,0.0169721,1,-4.58211e-05,0.0122059,0,-7.45058e-05,-0.181004,0,0.009693,9,14.5,1.99983,1.13654,1,0.000612065,-0.372843,0,-0.000789762,0.439063,0,0.0109958,10,14.5,0.00141024,-1.38464,1,-0.00144455,0.47489,0,-0.00250888,0.212833,0,0.00996159,11,14.5,1.0065,-1.1318,1,-0.0218667,0.365658,0,0.0204891,-0.44357,0,0.0102993,12,14.5,-1.80759,0.000691579,1,-0.422686,-0.00115786,0,0.348337,-0.000375512,0,0.00974946,13,14.5,1.50821,2.00226,1,0.5,-0.00886023,0,-7.45058e-06,0.0120103,0,0.00845541,14,14.5,0.834614,-2.99999,1,0.497913,2.79397e-05,0,0.0520162,-4.47035e-05,0,0.00726196,15,14.5,-0.00398537,1.00125,1,-0.0815271,0.00550207,0,0.344468,-0.0268295,0,0.0139598,16,14.5,2.78671,3,1,0.437238,0,0,-0.331685,0,0,0.00495451,17,14.5,3,-3,1,0,0,0,0,0,0,0.00611314,18,14.5,-0.999561,-0.233662,1,-0.000817515,0.5,0,0.000268221,1.78814e-06,0,0.0136808,19,14.5,-2.1681,-0.852214,1,-0.489594,-0.334567,0,-0.216976,0.41027,0,0.00935368,20,14.5,-3,-3,1,0,0,0,0,0,0,0.0052134,21,14.5,-0.433167,-2.00075,1,0.358949,-0.0111498,0,0.498008,-0.210434,0,0.00973794,22,14.5,-1.80936,1.00142,1,-0.420983,-0.0119371,0,0.351608,0.0294074,0,0.0106503,23,14.5,-2.00093,-1.81826,1,0.00119694,-0.499002,0,0.000581145,-0.0272766,0,0.010684,24,14.5,0.999575,0.489745,1,-0.000935886,-0.489754,0,0.00502542,-0.15061,0,0.0131801,25,14.5,-0.00769038,-0.000196118,1,-0.0993502,1.35474e-05,0,-0.596685,-0.0073902,0,0.0121703,26,14.5,3,-1.00259,1,0,-0.00638496,0,0,0.0376329,0,0.00435822,27,14.5,2.99559,2.14187,1,0.00734292,-0.380894,0,0.00368059,0.433832,0,0.00485701,28,14.5,-2.86659,1.00169,1,-0.355076,-0.000908412,0,0.472605,-0.0103489,0,0.00556586,29,14.5,1.99995,-2.00172,1,-0.000655092,-0.00882894,0,0.00218302,0.0373721,0,0.00849437,30,14.5,-1.00006,1.99999,1,0.000474975,4.69387e-05,0,-0.000849366,-7.45058e-05,0,0.0119201,31,14.5,-0.237652,3,1,0.463246,0,0,-0.259332,0,0,0.00428235,32,14.5,2.00001,-1,1,-1.00583e-05,4.84288e-06,0,-7.45058e-05,2.98023e-05,0,0.00740938,33,14.5,2.85549,2.10922e-05,1,0.371478,-9.95917e-05,0,-0.463009,0.000203607,0,0.00807361,34,14.5,1.74968,2.99635,1,0.472838,0.00225715,0,-0.231825,0.0125617,0,0.00601454,35,14.5,0.590933,2.00848,1,0.499497,0.029406,0,-0.0150092,-0.17646,0,0.0100428
0,14.6,-0.732364,-1.00095,1,-0.48369,0.00145733,0,0.179082,0.00077486,0,0.011206,1,14.6,0.999997,-2.0969,1,-1.93715e-05,0.318187,0,0.000119209,-0.479102,0,0.00945317,2,14.6,1.56948,-0.211538,1,0.499335,0.394226,0,-0.0132918,-0.33167,0,0.00979033,3,14.6,-2.97599,-2.00835,1,0.161916,-0.0676215,0,0.634551,0.346899,0,0.00947718,4,14.6,-0.0795179,-2.99998,1,0.458219,6.55651e-05,0,0.163453,-0.000238419,0,0.00684215,5,14.6,0.806745,3,1,0.432996,0,0,-0.35131,0,0,0.00459144,6,14.6,-1.19162,-1.99999,1,0.281122,8.9407e-06,0,-0.0690222,-5.96046e-05,0,0.0100098,7,14.6,2.99643,-2.00017,1,0.00632405,-5.36442e-05,0,0.00333786,0.0013113,0,0.00499347,8,14.6,-2.99996,0.0173648,1,-5.36442e-05,-0.00358876,0,-0.000119209,-0.13521,0,0.00878031,9,14.6,1.99989,1.10152,1,0.000527501,-0.326821,0,-0.000953674,0.478148,0,0.0113444,10,14.6,0.00125506,-1.33635,1,-0.00164155,0.488266,0,-0.00145141,0.056088,0,0.0115998,11,14.6,1.00443,-1.09752,1,-0.0194192,0.319371,0,0.0279546,-0.478923,0,0.00944162,12,14.6,-1.848,0.00057494,1,-0.384316,-0.00116514,0,0.415564,0.000211471,0,0.00939701,13,14.6,1.55821,2.00144,1,0.500003,-0.00756979,0,-5.96046e-05,0.0137091,0,0.0075702,14,14.6,0.884555,-2.99999,1,0.500001,2.98023e-05,0,-2.98023e-05,-0.000238419,0,0.00907127,15,14.6,-0.0105123,1.00167,1,-0.0499877,0.00301898,0,0.285932,-0.0227094,0,0.0157994,16,14.6,2.82863,3,1,0.399792,0,0,-0.413418,0,0,0.00516642,17,14.6,3,-3,1,0,0,0,0,0,0,0.00633969,18,14.6,-0.999641,-0.183662,1,-0.00077635,0.5,0,0.000476837,0,0,0.0113788,19,14.6,-2.21773,-0.883605,1,-0.499558,-0.293152,0,-0.00882149,0.415981,0,0.00927593,20,14.6,-3,-3,1,0,0,0,0,0,0,0.00544083,21,14.6,-0.394923,-2.00315,1,0.404359,-0.0388563,0,0.403509,-0.329614,0,0.0106285,22,14.6,-1.84958,1.00037,1,-0.382331,-0.00906587,0,0.41765,0.0278056,0,0.0111441,23,14.6,-2.00081,-1.86824,1,0.00122786,-0.500003,0,0,5.96046e-05,0,0.00947968,24,14.6,0.999505,0.440243,1,-0.000470877,-0.498337,0,0.00426173,-0.0332445,0,0.0134501,25,14.6,-0.0207161,-0.000242269,1,-0.161735,-0.00103281,0,-0.631438,-0.013166,0,0.0144248,26,14.6,3,-1.00305,1,0,-0.00291765,0,0,0.0315309,0,0.00572017,27,14.6,2.99634,2.10603,1,0.0074625,-0.335193,0,-0.000953674,0.477195,0,0.00544101,28,14.6,-2.89967,1.00156,1,-0.305867,-0.0017643,0,0.507593,-0.00685453,0,0.00709164,29,14.6,1.9999,-2.00242,1,-0.000441074,-0.00529289,0,0.00196695,0.0332594,0,0.00829872,30,14.6,-1.00002,1.99999,1,0.00038445,3.8743e-05,0,-0.000953674,-5.96046e-05,0,0.0119438,31,14.6,-0.192786,3,1,0.432516,0,0,-0.352196,0,0,0.00400352,32,14.6,2.00001,-1,1,-1.19209e-05,5.96046e-06,0,-0.000119209,2.98023e-05,0,0.00874393,33,14.6,2.89024,1.21431e-05,1,0.322795,-7.95045e-05,0,-0.506401,0.000196759,0,0.00946217,34,14.6,1.79563,2.99663,1,0.444558,0.0033319,0,-0.330925,0.00882149,0,0.00549058,35,14.6,0.640746,2.01061,1,0.496033,0.0137508,0,-0.058949,-0.13721,0,0.0114548
0,14.7,-0.77915,-1.0008,1,-0.445861,0.00149831,0,0.549793,4.47035e-05,0,0.011206,1,14.7,0.999995,-2.06751,1,-9.03383e-06,0.269367,0,9.31323e-05,-0.493407,0,0.00945317,2,14.7,1.61929,-0.173832,1,0.496151,0.359379,0,-0.0539199,-0.36328,0,0.00979033,3,14.7,-2.95659,-2.01344,1,0.226067,-0.0348106,0,0.636593,0.308037,0,0.00947718,4,14.7,-0.032824,-2.99998,1,0.475805,4.35859e-05,0,0.172996,-0.000193715,0,0.00684215,5,14.7,0.848166,3,1,0.394273,0,0,-0.42028,0,0,0.00459144,6,14.7,-1.16341,-1.99999,1,0.286775,1.04308e-05,0,0.157394,0.000163913,0,0.0100098,7,14.7,2.99707,-2.00017,1,0.00640638,6.18398e-05,0,-0.00150502,0.00101328,0,0.00499347,8,14.7,-2.99997,0.0164042,1,-6.18398e-05,-0.0149024,0,-2.98023e-05,-0.0919509,0,0.00878031,9,14.7,1.99993,1.07127,1,0.000430271,-0.277886,0,-0.000968575,0.496514,0,0.0113444,10,14.7,0.00108569,-1.28723,1,-0.0017223,0.494148,0,-4.39287e-05,0.055559,0,0.0115998,11,14.7,1.00264,-1.06801,1,-0.0164041,0.270537,0,0.0318363,-0.493817,0,0.00944162,12,14.7,-1.88427,0.00046029,1,-0.34053,-0.00112021,0,0.457034,0.000670088,0,0.00939701,13,14.7,1.60816,2.00075,1,0.498487,-0.00618175,0,-0.0344589,0.0139475,0,0.0075702,14,14.7,0.934555,-2.99999,1,0.5,9.68575e-06,0,3.72529e-06,-0.000149012,0,0.00907127,15,14.7,-0.0141827,1.00186,1,-0.0244234,0.000980496,0,0.225785,-0.0180602,0,0.0157994,16,14.7,2.86643,3,1,0.355298,0,0,-0.472471,0,0,0.00516642,17,14.7,3,-3,1,0,0,0,0,0,0,0.00633969,18,14.7,-0.999716,-0.133662,1,-0.000718888,0.5,0,0.000659376,1.3411e-06,0,0.0113788,19,14.7,-2.26771,-0.910851,1,-0.499972,-0.251906,0,-0.00110269,0.407409,0,0.00927593,20,14.7,-3,-3,1,0,0,0,0,0,0,0.00544083,21,14.7,-0.352763,-2.0091,1,0.435954,-0.0836499,0,0.229714,-0.543803,0,0.0106285,22,14.7,-1.88565,0.999603,1,-0.338386,-0.00641467,0,0.458106,0.0250749,0,0.0111441,23,14.7,-2.00068,-1.91824,1,0.00120513,-0.5,0,-0.000432134,7.45058e-06,0,0.00947968,24,14.7,0.999478,0.390327,1,-9.02452e-05,-0.499114,0,0.00336394,0.0188574,0,0.0134501,25,14.7,-0.0400194,-0.000456526,1,-0.223819,-0.00365211,0,-0.600892,-0.0371809,0,0.0144248,26,14.7,3,-1.0032,1,0,-0.000109524,0,0,0.0246316,0,0.00572017,27,14.7,2.99707,2.07494,1,0.00715517,-0.286151,0,-0.00499189,0.499457,0,0.00544101,28,14.7,-2.92768,1.00135,1,-0.254143,-0.00228882,0,0.521705,-0.00372529,0,0.00709164,29,14.7,1.99986,-2.0028,1,-0.000255741,-0.00224933,0,0.00172108,0.0275075,0,0.00829872,30,14.7,-0.999986,2,1,0.000289083,3.25963e-05,0,-0.000938773,-6.70552e-05,0,0.0119438,31,14.7,-0.151417,3,1,0.393718,0,0,-0.42087,0,0,0.00400352,32,14.7,2.00001,-0.999999,1,-2.16067e-05,7.72998e-06,0,-5.96046e-05,1.11759e-05,0,0.00874393,33,14.7,2.91994,5.15409e-06,1,0.270825,-6.05269e-05,0,-0.527695,0.00018177,0,0.00946217,34,14.7,1.83827,2.997,1,0.406755,0.00401959,0,-0.419885,0.00503659,0,0.00549058,35,14.7,0.689956,2.01136,1,0.487095,0.00180528,0,-0.123031,-0.102371,0,0.0114548
0,14.8,-0.820565,-1.00065,1,-0.37881,0.00146627,0,0.768155,-0.000596046,0,0.00974875,1,14.8,0.999995,-2.04304,1,-1.49012e-06,0.220233,0,5.96046e-05,-0.485897,0,0.00959053,2,14.8,1.66854,-0.139748,1,0.487953,0.321956,0,-0.112474,-0.383298,0,0.00982814,3,14.8,-2.93088,-2.01545,1,0.287116,-0.00624657,0,0.575066,0.262499,0,0.00941267,4,14.8,0.0155443,-2.99997,1,0.490594,2.38419e-05,0,0.115814,-0.000238419,0,0.00781672,5,14.8,0.885399,3,1,0.349545,0,0,-0.471085,0,0,0.00474138,6,14.8,-1.13374,-1.99999,1,0.308153,5.96046e-05,0,0.250518,0.000834465,0,0.0100561,7,14.8,2.9977,-2.00016,1,0.00606775,0.000149012,0,-0.00524521,0.000715256,0,0.00521624,8,14.8,-2.99997,0.0145194,1,-5.96046e-05,-0.0221636,0,-0.000119209,-0.0542291,0,0.00804633,9,14.8,1.99997,1.04597,1,0.000333786,-0.228271,0,-0.00089407,0.492275,0,0.0118798,10,14.8,0.000916382,-1.23758,1,-0.00163033,0.498527,0,0.00196381,0.0294447,0,0.0149616,11,14.8,1.00116,-1.04342,1,-0.0131428,0.221336,0,0.0329018,-0.486851,0,0.00877673,12,14.8,-1.91599,0.000352256,1,-0.293532,-0.00103452,0,0.479877,0.00102651,0,0.00995424,13,14.8,1.65775,2.0002,1,0.492388,-0.00480413,0,-0.0905395,0.0135303,0,0.00747379,14,14.8,0.984555,-2.99999,1,0.5,-5.96046e-06,0,0,-0.000119209,0,0.00960381,15,14.8,-0.0155925,1.00188,1,-0.00471913,-0.000596046,0,0.168985,-0.013411,0,0.0133045,16,14.8,2.89953,3,1,0.306094,0,0,-0.507474,0,0,0.0055756,17,14.8,3,-3,1,0,0,0,0,0,0,0.00632574,18,14.8,-0.999784,-0.0836616,1,-0.00064522,0.5,0,0.00077486,2.38419e-06,0,0.0116277,19,14.8,-2.31771,-0.93403,1,-0.5,-0.211959,0,0,0.390261,0,0.00992569,20,14.8,-3,-3,1,0,0,0,0,0,0,0.00590126,21,14.8,-0.308297,-2.02038,1,0.450624,-0.143492,0,0.0655502,-0.634432,0,0.0100844,22,14.8,-1.91715,0.999081,1,-0.291336,-0.00407547,0,0.479937,0.0216067,0,0.0115566,23,14.8,-2.00057,-1.96824,1,0.00114441,-0.500003,0,-0.000834465,0.000119209,0,0.0103583,24,14.8,0.999484,0.340612,1,0.000204146,-0.494104,0,0.0025332,0.0848323,0,0.0126577,25,14.8,-0.0652904,-0.00103309,1,-0.280261,-0.00808877,0,-0.520754,-0.0497892,0,0.0128507,26,14.8,3,-1.0031,1,0,0.00201464,0,0,0.0178218,0,0.00494619,27,14.8,2.99776,2.04883,1,0.00649691,-0.236076,0,-0.0077486,0.498414,0,0.00716526,28,14.8,-2.9505,1.00111,1,-0.202483,-0.00253022,0,0.507116,-0.00107288,0,0.00603184,29,14.8,1.99985,-2.00289,1,-9.83477e-05,0.000196695,0,0.00143051,0.0215769,0,0.00986397,30,14.8,-0.999962,2,1,0.000198185,2.38419e-05,0,-0.000864267,0,0,0.0151784,31,14.8,-0.114242,3,1,0.348948,0,0,-0.471346,0,0,0.0063562,32,14.8,2,-0.999999,1,-2.38419e-05,7.45058e-06,0,0,0,0,0.00896206,33,14.8,2.94439,-2.1627e-08,1,0.218242,-4.3325e-05,0,-0.519514,0.000161544,0,0.00846969,34,14.8,1.87674,2.99743,1,0.36158,0.0043571,0,-0.478745,0.00178814,0,0.0058617,35,14.8,0.737923,2.01108,1,0.470929,-0.00686049,0,-0.20203,-0.0716448,0,0.0128894
0,14.9,-0.854156,-1.00051,1,-0.289678,0.0013778,0,0.971023,-0.00127405,0,0.00974875,1,14.9,0.999428,-2.0234,1,-0.0163355,0.173009,0,-0.300039,-0.45608,0,0.00959053,2,14.9,1.71699,-0.109494,1,0.482697,0.282927,0,-0.00631064,-0.39504,0,0.00982814,3,14.9,-2.89941,-2.01472,1,0.341039,0.0212811,0,0.500157,0.280648,0,0.00941267,4,14.9,0.0650622,-2.99997,1,0.498505,2.23517e-06,0,0.0415887,-0.000178814,0,0.00781672,5,14.9,0.917418,3,1,0.285823,0,0,-0.771493,0,0,0.00474138,6,14.9,-1.10222,-1.99998,1,0.317387,0.000115857,0,-0.0509024,0.000327826,0,0.0100561,7,14.9,2.99828,-2.00014,1,0.00540987,0.000205263,0,-0.0077188,0.000432134,0,0.00521624,8,14.9,-2.99998,0.0115633,1,-6.44475e-05,-0.0409685,0,1.49012e-05,-0.295384,0,0.00804633,9,14.9,1.99879,1.02555,1,-0.0344928,-0.180605,0,-0.635445,0.459187,0,0.0118798,10,14.9,0.000763149,-1.18763,1,-0.00142837,0.499908,0,0.00231487,0.00368059,0,0.0149616,11,14.9,1.00053,-1.02369,1,0.00508893,0.17387,0,0.303827,-0.459671,0,0.00877673,12,14.9,-1.94338,0.00025442,1,-0.258199,-0.000917911,0,0.244327,0.00128456,0,0.00995424,13,14.9,1.70675,1.99979,1,0.489415,-0.00351351,0,0.0169128,0.0122413,0,0.00747379,14,14.9,1.03456,-2.99978,1,0.5,0.00603013,0,0,0.114277,0,0.00960381,15,14.9,-0.0153093,1.00176,1,0.00951342,-0.00171587,0,0.116851,-0.00905991,0,0.0133045,16,14.9,2.9271,3,1,0.241109,0,0,-0.762716,0,0,0.0055756,17,14.9,3,-3,1,0,0,0,0,0,0,0.00632574,18,14.9,-0.999844,-0.0336616,1,-0.000564568,0.5,0,0.000827014,4.47035e-07,0,0.0116277,19,14.9,-2.36771,-0.953717,1,-0.5,-0.18586,0,0,0.145696,0,0.00992569,20,14.9,-3,-3,1,0,0,0,0,0,0,0.00590126,21,14.9,-0.263246,-2.03806,1,0.447184,-0.211304,0,-0.126654,-0.707835,0,0.0100844,22,14.9,-1.94387,0.998253,1,-0.243056,-0.0170734,0,0.482142,-0.254035,0,0.0115566,23,14.9,-2.00046,-2.01824,1,0.00105053,-0.499999,0,-0.00104308,-7.45058e-06,0,0.0103583,24,14.9,0.999516,0.291422,1,0.000416115,-0.491359,0,0.00172108,-0.0161678,0,0.0126577,25,14.9,-0.0957864,-0.00220229,1,-0.328261,-0.0162385,0,-0.436841,-0.106494,0,0.0128507,26,14.9,3,-1.00282,1,0,0.0034716,0,0,0.011459,0,0.00494619,27,14.9,2.99836,2.02822,1,0.00561476,-0.17212,0,-0.00971556,0.749767,0,0.00716526,28,14.9,-2.9678,1.00085,1,-0.140111,-0.00253394,0,0.712752,0.000908971,0,0.00603184,29,14.9,1.99932,-2.00278,1,-0.0149501,0.00203922,0,-0.270896,0.0153482,0,0.00986397,30,14.9,-1.00117,2,1,-0.0350944,3.09199e-05,0,-0.64322,0.000283122,0,0.0151784,31,14.9,-0.0817655,2.99878,1,0.300088,-0.0350039,0,-0.501224,-0.639006,0,0.0063562,32,14.9,2,-0.999475,1,-2.21655e-05,0.0149854,0,3.72529e-05,0.271991,0,0.00896206,33,14.9,2.96366,0.00121978,1,0.16761,0.0351075,0,-0.488669,0.641356,0,0.00846969,34,14.9,1.90993,2.99787,1,0.297228,0.00439323,0,-0.77682,-0.000968575,0,0.0058617,35,14.9,0.784177,2.01008,1,0.455589,-0.0125706,0,-0.115264,-0.0435412,0,0.0128894
0,15,-0.878182,-1.00038,1,-0.190403,0.00119805,0,1.00002,-0.00238419,0,0.0147634,1,15,0.995982,-2.00831,1,-0.0551522,0.129461,0,-0.454396,-0.41306,0,0.0131938,2,15,1.76531,-0.0831803,1,0.484219,0.243368,0,0.0256896,-0.394173,0,0.0118409,3,15,-2.86295,-2.01121,1,0.386584,0.0485539,0,0.40853,0.258803,0,0.00944129,4,15,0.115023,-2.99997,1,0.5,-1.19209e-05,0,-3.57628e-06,-0.000119209,0,0.0083851,5,15,0.941864,3,1,0.200962,0,0,-0.900447,0,0,0.0049627,6,15,-1.07113,-1.99996,1,0.300792,0.00013113,0,-0.267684,-5.96046e-05,0,0.0101572,7,15,2.99878,-2.00012,1,0.00455976,0.000238419,0,-0.0089407,0.000119209,0,0.00562944,8,15,-2.99999,0.00577078,1,-5.96046e-05,-0.0765424,0,0.000119209,-0.3956,0,0.00719214,9,15,1.99153,1.00972,1,-0.115788,-0.136763,0,-0.940979,0.416219,0,0.0163157,10,15,0.000634103,-1.13764,1,-0.00112579,0.500003,0,0.00391301,-5.96046e-05,0,0.0149688,11,15,1.00282,-1.00853,1,0.042659,0.129887,0,0.425756,-0.417769,0,0.0132761,12,15,-1.96825,0.00016933,1,-0.241476,-0.000781559,0,0.104547,0.00142425,0,0.0132207,13,15,1.75586,1.9995,1,0.493205,-0.00236034,0,0.0474453,0.0106692,0,0.00930003,14,15,1.08456,-2.99846,1,0.500003,0.0216126,0,-5.96046e-05,0.19145,0,0.00883134,15,15,-0.0138516,1.00155,1,0.018892,-0.00242889,0,0.0719451,-0.0051856,0,0.0134308,16,15,2.94718,3,1,0.158817,0,0,-0.859737,0,0,0.00484641,17,15,3,-3,1,0,0,0,0,0,0,0.00699244,18,15,-0.999897,0.0163384,1,-0.000479817,0.5,0,0.000834465,2.38419e-06,0,0.0134822,19,15,-2.41771,-0.971882,1,-0.5,-0.180203,0,0,-0.0202954,0,0.00922968,20,15,-3,-3,1,0,0,0,0,0,0,0.00560352,21,15,-0.219426,-2.06275,1,0.426766,-0.28249,0,-0.274665,-0.704169,0,0.0110606,22,15,-1.96579,0.995007,1,-0.195554,-0.04998,0,0.465095,-0.382543,0,0.0104905,23,15,-2.00036,-2.06824,1,0.000941753,-0.5,0,-0.00119209,0,0,0.00793337,24,15,0.999565,0.242134,1,0.000554323,-0.494844,0,0.00101328,-0.0423717,0,0.0119459,25,15,-0.130641,-0.00440584,1,-0.367229,-0.0281634,0,-0.340946,-0.126473,0,0.0144446,26,15,3,-1.00242,1,0,0.00433326,0,0,0.00596046,0,0.00448953,27,15,2.99888,2.01496,1,0.00459552,-0.0916362,0,-0.0106096,0.835776,0,0.00551447,28,15,-2.97809,1.00061,1,-0.0648201,-0.0023663,0,0.771642,0.00226498,0,0.00640656,29,15,1.99621,-2.00251,1,-0.0493705,0.00328422,0,-0.396013,0.00977516,0,0.00979717,30,15,-1.00853,2.00001,1,-0.117201,9.53674e-05,0,-0.948131,0.0013113,0,0.00883983,31,15,-0.0542796,2.99145,1,0.249561,-0.116694,0,-0.505347,-0.944376,0,0.00847686,32,15,2,-0.996354,1,-2.08616e-05,0.0494972,0,5.96046e-05,0.396699,0,0.0113779,33,15,2.97806,0.00857323,1,0.121284,0.117032,0,-0.434637,0.94666,0,0.00610201,34,15,1.93549,2.9983,1,0.211862,0.00419021,0,-0.905514,-0.00333786,0,0.00575187,35,15,0.829231,2.00865,1,0.445978,-0.0157475,0,-0.0854433,-0.0212193,0,0.0104069
0,15.1,-0.892222,-1.00027,1,-0.0904136,0.000961497,0,0.999536,-0.0025779,0,0.0147634,1,15.1,0.98765,-1.99734,1,-0.116051,0.0909019,0,-0.729084,-0.357226,0,0.0131938,2,15.1,1.81392,-0.0607918,1,0.488655,0.204655,0,0.0561997,-0.378988,0,0.0118409,3,15.1,-2.8222,-2.0052,1,0.428391,0.0701707,0,0.406116,0.173733,0,0.00944129,4,15.1,0.165023,-2.99997,1,0.5,-2.19792e-05,0,4.47035e-07,-7.45058e-05,0,0.0083851,5,15.1,0.957265,3,1,0.105628,0,0,-0.98756,0,0,0.0049627,6,15.1,-1.04264,-1.99995,1,0.266574,0.000114366,0,-0.405148,-0.00025332,0,0.0101572,7,15.1,2.99919,-2.0001,1,0.00363402,0.000241399,0,-0.00943244,-5.96046e-05,0,0.00562944,8,15.1,-2.99999,-0.0043672,1,-4.61936e-05,-0.130453,0,0.000149012,-0.650373,0,0.00719214,9,15.1,1.97513,0.998012,1,-0.213021,-0.0984221,0,-0.992626,0.351463,0,0.0163157,10,15.1,0.000540401,-1.08764,1,-0.000750098,0.5,0,0.00379811,-7.45058e-06,0,0.0149688,11,15.1,1.00945,-0.997539,1,0.0918213,0.0909392,0,0.538066,-0.360832,0,0.0132761,12,15.1,-1.99222,9.8592e-05,1,-0.240839,-0.000628825,0,-0.0730008,0.00168527,0,0.0132207,13,15.1,1.80541,1.99931,1,0.497547,-0.00139754,0,0.0353009,0.00850111,0,0.00930003,14,15.1,1.13456,-2.99517,1,0.5,0.0458609,0,-7.45058e-06,0.285611,0,0.00883134,15,15.1,-0.0116683,1.00129,1,0.0241537,-0.00278372,0,0.0346858,-0.00201911,0,0.0134308,16,15.1,2.95849,3,1,0.0653908,0,0,-0.982463,0,0,0.00484641,17,15.1,3,-3,1,0,0,0,0,0,0,0.00699244,18,15.1,-0.999941,0.0663384,1,-0.00039693,0.5,0,0.000819564,-5.96046e-07,0,0.0134822,19,15.1,-2.46771,-0.990446,1,-0.5,-0.195051,0,0,-0.259079,0,0.00922968,20,15.1,-3,-3,1,0,0,0,0,0,0,0.00560352,21,15.1,-0.178277,-2.09453,1,0.394771,-0.352616,0,-0.360358,-0.677139,0,0.0110606,22,15.1,-1.98308,0.987846,1,-0.150791,-0.0952651,0,0.428423,-0.50367,0,0.0104905,23,15.1,-2.00027,-2.11824,1,0.000820681,-0.5,0,-0.0012368,0,0,0.00793337,24,15.1,0.999624,0.192452,1,0.00061281,-0.498543,0,8.9407e-05,-0.0280765,0,0.0119459,25,15.1,-0.168958,-0.00798422,1,-0.398067,-0.044435,0,-0.277965,-0.188532,0,0.0144446,26,15.1,3,-1.00197,1,0,0.00469219,0,0,0.00139326,0,0.00448953,27,15.1,2.99928,2.01012,1,0.00352897,-0.00404418,0,-0.0105351,0.895888,0,0.00551447,28,15.1,-2.98059,1.00038,1,0.0157651,-0.00208244,0,0.821546,0.00344217,0,0.00640656,29,15.1,1.98879,-2.00214,1,-0.103176,0.00399388,0,-0.648633,0.00460446,0,0.00979717,30,15.1,-1.02509,2.00002,1,-0.214769,0.000193343,0,-0.99352,0.000670552,0,0.00883983,31,15.1,-0.0317877,2.97495,1,0.200922,-0.214087,0,-0.466637,-0.993043,0,0.00847686,32,15.1,2,-0.989175,1,-2.2538e-05,0.0960438,0,-0.000171363,0.514746,0,0.0113779,33,15.1,2.98813,0.025113,1,0.0813879,0.214531,0,-0.362068,0.993333,0,0.00610201,34,15.1,1.95197,2.9987,1,0.116291,0.00377186,0,-0.988193,-0.00490248,0,0.00575187,35,15.1,0.873699,2.007,1,0.445928,-0.0169735,0,0.0673346,-0.00406802,0,0.0104069
0,15.2,-0.896269,-1.00019,1,0.00941008,0.00064671,0,0.996232,-0.00393391,0,0.0143462,1,15.2,0.972182,-1.98994,1,-0.194754,0.0581563,0,-0.817329,-0.297189,0,0.0131203,2,15.2,1.86308,-0.042188,1,0.494328,0.167776,0,0.0527501,-0.357639,0,0.0117379,3,15.2,-2.77747,-1.99745,1,0.464499,0.0833839,0,0.304461,0.0910759,0,0.00967262,4,15.2,0.215023,-2.99998,1,0.5,-2.98023e-05,0,0,0,0,0.00885616,5,15.2,0.962852,3,1,0.0059396,0,0,-1.00002,0,0,0.00537265,6,15.2,-1.01816,-1.99994,1,0.221875,8.34465e-05,0,-0.479162,-0.000357628,0,0.0110579,7,15.2,2.9995,-2.00007,1,0.00271201,0.000232458,0,-0.00917912,-0.000238419,0,0.00551345,8,15.2,-3,-0.0208638,1,-2.98023e-05,-0.200814,0,0.000119209,-0.73107,0,0.0104752,9,15.2,1.94885,0.989825,1,-0.312838,-0.0662997,0,-0.999987,0.291854,0,0.013219,10,15.2,0.000485542,-1.03764,1,-0.000331652,0.500003,0,0.00471865,-5.96046e-05,0,0.0136647,11,15.2,1.02137,-0.990153,1,0.1468,0.0577658,0,0.546157,-0.302523,0,0.013467,12,15.2,-2.01683,4.49378e-05,1,-0.252688,-0.000435257,0,-0.149012,0.00222371,0,0.0113291,13,15.2,1.85529,1.99921,1,0.499699,-0.000673532,0,0.00602007,0.00602007,0,0.00996171,14,15.2,1.18456,-2.98905,1,0.500003,0.0772595,0,-5.96046e-05,0.335336,0,0.00904292,15,15.2,-0.00913137,1.001,1,0.0260986,-0.00285804,0,0.005509,0.000476837,0,0.0109697,16,15.2,2.96006,3,1,-0.0341654,0,0,-1.00017,0,0,0.00456577,17,15.2,3,-3,1,0,0,0,0,0,0,0.00600597,18,15.2,-0.999976,0.116338,1,-0.000317395,0.5,0,0.000804663,-3.57628e-06,0,0.0125571,19,15.2,-2.51771,-1.01152,1,-0.5,-0.228742,0,0,-0.39953,0,0.00899174,20,15.2,-3,-3,1,0,0,0,0,0,0,0.00595916,21,15.2,-0.14071,-2.13299,1,0.355624,-0.414515,0,-0.418198,-0.547886,0,0.0108131,22,15.2,-1.99609,0.975734,1,-0.110167,-0.147223,0,0.382662,-0.520051,0,0.0114541,23,15.2,-2.00019,-2.16824,1,0.000697374,-0.5,0,-0.0013113,0,0,0.0102882,24,15.2,0.999684,0.142502,1,0.000561774,-0.5,0,-0.00116229,-3.57628e-06,0,0.0131979,25,15.2,-0.210064,-0.0134009,1,-0.423194,-0.06399,0,-0.226102,-0.194197,0,0.016051,26,15.2,3,-1.0015,1,0,0.00464618,0,0,-0.00208616,0,0.00464553,27,15.2,2.99958,2.01416,1,0.00251532,0.0839472,0,-0.00965595,0.848174,0,0.00536092,28,15.2,-2.97495,1.00019,1,0.0961959,-0.00167787,0,0.772476,0.00470877,0,0.00944444,29,15.2,1.97503,-2.00172,1,-0.173423,0.00423789,0,-0.73117,0.000715256,0,0.0106742,30,15.2,-1.05156,2.00004,1,-0.314608,0.000232458,0,-0.999987,0.000238419,0,0.0121171,31,15.2,-0.0139586,2.94856,1,0.156377,-0.313908,0,-0.42365,-1.00017,0,0.00947586,32,15.2,1.99999,-0.976936,1,-7.45058e-05,0.148956,0,-0.000834465,0.528067,0,0.0159022,33,15.2,2.99458,0.0515528,1,0.0490248,0.314365,0,-0.285029,1,0,0.00609025,34,15.2,1.95862,2.99905,1,0.016585,0.00323057,0,-0.999987,-0.00584126,0,0.00561364,35,15.2,0.918763,2.0053,1,0.456333,-0.0167072,0,0.126779,0.00858307,0,0.00967188
0,15.3,-0.890351,-1.00015,1,0.108739,0.000300445,0,0.981767,-0.00334531,0,0.0143462,1,15.3,0.948558,-1.98549,1,-0.277799,0.0318404,0,-0.822026,-0.230566,0,0.0131203,2,15.3,1.91275,-0.0271406,1,0.498721,0.133759,0,0.0293553,-0.322452,0,0.0117379,3,15.3,-2.72973,-1.98888,1,0.488078,0.0859462,0,0.164375,-0.033319,0,0.00967262,4,15.3,0.265023,-2.99998,1,0.5,-2.98023e-05,0,-8.9407e-07,0,0,0.00885616,5,15.3,0.958446,3,1,-0.0940611,0,0,-1.00001,0,0,0.00537265,6,15.3,-0.998415,-1.99994,1,0.172715,4.56348e-05,0,-0.496954,-0.00037998,0,0.0110579,7,15.3,2.99973,-2.00005,1,0.00184886,0.000204891,0,-0.00800192,-0.000327826,0,0.00551345,8,15.3,-3,-0.0447539,1,-1.82539e-05,-0.277901,0,0.000104308,-0.786645,0,0.0104752,9,15.3,1.91288,0.984555,1,-0.402721,-0.0400756,0,-0.772417,0.233795,0,0.013219,10,15.3,0.000471999,-0.987635,1,2.35595e-05,0.5,0,0.00248354,0,0,0.0136647,11,15.3,1.0388,-0.985783,1,0.201525,0.030652,0,0.53528,-0.24068,0,0.013467,12,15.3,-2.04306,1.27808e-05,1,-0.273604,-0.000201105,0,-0.251904,0.0026254,0,0.0113291,13,15.3,1.90528,1.99917,1,0.499875,-0.000164285,0,-0.00347942,0.00405312,0,0.00996171,14,15.3,1.23456,-2.97956,1,0.5,0.11333,0,-7.45058e-06,0.379324,0,0.00904292,15,15.3,-0.00653259,1.00072,1,0.025522,-0.00271462,0,-0.0158109,0.00227988,0,0.0109697,16,15.3,2.95165,3,1,-0.134045,0,0,-0.994876,0,0,0.00456577,17,15.3,3,-3,1,0,0,0,0,0,0,0.00600597,18,15.3,-1,0.166338,1,-0.000241306,0.5,0,0.000718981,4.47035e-07,0,0.0125571,19,15.3,-2.56761,-1.03697,1,-0.496734,-0.284784,0,0.0650138,-0.674479,0,0.00899174,20,15.3,-3,-3,1,0,0,0,0,0,0,0.00595916,21,15.3,-0.107285,-2.17693,1,0.312464,-0.461226,0,-0.441973,-0.376016,0,0.0108131,22,15.3,-2.00528,0.958383,1,-0.0747316,-0.199752,0,0.326037,-0.517264,0,0.0114541,23,15.3,-2.00013,-2.21824,1,0.000571087,-0.5,0,-0.0012368,0,0,0.0102882,24,15.3,0.999734,0.0925038,1,0.000442006,-0.499885,0,-0.00137091,0.00459768,0,0.0131979,25,15.3,-0.253667,-0.0205858,1,-0.44977,-0.077903,0,-0.281265,-0.085962,0,0.016051,26,15.3,3,-1.00105,1,0,0.00430513,0,0,-0.00458211,0,0.00464553,27,15.3,2.99979,2.02676,1,0.00162534,0.167354,0,-0.00809133,0.804961,0,0.00536092,28,15.3,-2.96153,1.00005,1,0.171056,-0.00121947,0,0.712603,0.00459701,0,0.00944444,29,15.3,1.95387,-2.0013,1,-0.25098,0.00415258,0,-0.79909,-0.00227988,0,0.0106742,30,15.3,-1.08769,2.00007,1,-0.404202,0.000238791,0,-0.767268,-0.000104308,0,0.0121171,31,15.3,-0.000348397,2.91249,1,0.11673,-0.403624,0,-0.369559,-0.769332,0,0.00947586,32,15.3,1.99998,-0.959316,1,-0.000232831,0.203877,0,-0.00244379,0.554323,0,0.0159022,33,15.3,2.99819,0.0876659,1,0.0244223,0.403998,0,-0.208199,0.76797,0,0.00609025,34,15.3,1.95528,2.99934,1,-0.0834145,0.00262819,0,-1,-0.00612438,0,0.00561364,35,15.3,0.965112,2.00369,1,0.471174,-0.0154138,0,0.158407,0.0167489,0,0.00967188
0,15.4,-0.874686,-1.00013,1,0.202918,-8.34465e-05,0,0.882,-0.00458956,0,0.0159526,1,15.4,0.916804,-1.98336,1,-0.355531,0.011763,0,-0.717938,-0.172317,0,0.0142043,2,15.4,1.96271,-0.0153167,1,0.5,0.103327,0,0,-0.286041,0,0.0108137,3,15.4,-2.68032,-1.98061,1,0.497937,0.077945,0,0.0412464,-0.120878,0,0.00972257,4,15.4,0.315023,-2.99998,1,0.5,-2.38419e-05,0,-1.43051e-05,-0.000119209,0,0.00939719,5,15.4,0.94404,3,1,-0.194061,0,0,-1.00002,0,0,0.00634757,6,15.4,-0.983609,-1.99993,1,0.123739,8.9407e-06,0,-0.477105,-0.000357628,0,0.0101352,7,15.4,2.99988,-2.00003,1,0.00112653,0.000172853,0,-0.00655651,-0.000238419,0,0.00486831,8,15.4,-3,-0.0764069,1,-5.96046e-06,-0.354005,0,0,-0.718054,0,0.00863782,9,15.4,1.86926,0.981628,1,-0.464222,-0.0193134,0,-0.451863,0.182569,0,0.0153537,10,15.4,0.000483754,-0.937635,1,0.000183578,0.5,0,0.000804066,2.98023e-05,0,0.012316,11,15.4,1.06152,-0.983826,1,0.251576,0.00944138,0,0.456035,-0.184566,0,0.0137425,12,15.4,-2.07173,7.58413e-06,1,-0.299966,0.000118077,0,-0.261784,0.00387472,0,0.0109697,13,15.4,1.95521,1.99917,1,0.498307,0.00012219,0,-0.0338554,0.00154972,0,0.0113584,14,15.4,1.28456,-2.9663,1,0.500003,0.151873,0,-5.96046e-05,0.385642,0,0.00975844,15,15.4,-0.00408617,1.00046,1,0.0231663,-0.00242293,0,-0.0302345,0.00345707,0,0.00965837,16,15.4,2.93331,3,1,-0.232112,0,0,-0.959039,0,0,0.00425579,17,15.4,3,-3,1,0,0,0,0,0,0,0.00563649,18,15.4,-1.00002,0.216338,1,-0.000172853,0.5,0,0.000655651,7.15256e-06,0,0.0123801,19,15.4,-2.61685,-1.06896,1,-0.487065,-0.355583,0,0.127792,-0.707805,0,0.00913829,20,15.4,-3,-3,1,0,0,0,0,0,0,0.00566392,21,15.4,-0.0782668,-2.2246,1,0.267796,-0.488907,0,-0.448737,-0.179648,0,0.0112577,22,15.4,-2.01122,0.935917,1,-0.0449479,-0.248356,0,0.269771,-0.444889,0,0.0160441,23,15.4,-2.00008,-2.26824,1,0.000458956,-0.5,0,-0.00119209,0,0,0.00921557,24,15.4,0.99977,0.0425751,1,0.000263751,-0.498161,0,-0.00229478,0.0367826,0,0.0131179,25,15.4,-0.299989,-0.0286406,1,-0.475668,-0.0815939,0,-0.2231,0.00992417,0,0.013065,26,15.4,3,-1.00065,1,0,0.00376105,0,0,-0.00613928,0,0.00418942,27,15.4,2.99991,2.04735,1,0.000911951,0.242335,0,-0.00631809,0.683308,0,0.00521927,28,15.4,-2.94105,0.999951,1,0.236619,-0.000734627,0,0.589848,0.00524521,0,0.00973079,29,15.4,1.9248,-2.0009,1,-0.329518,0.0038147,0,-0.755489,-0.00441074,0,0.0113662,30,15.4,-1.13143,2.00009,1,-0.465086,0.000214577,0,-0.445187,-0.000238419,0,0.0106353,31,15.4,0.00956474,2.8688,1,0.0824038,-0.464755,0,-0.317296,-0.447631,0,0.00947849,32,15.4,1.99994,-0.936223,1,-0.000581145,0.256997,0,-0.00464916,0.495911,0,0.0147995,33,15.4,2.99971,0.131384,1,0.00709295,0.464965,0,-0.139713,0.446133,0,0.00616398,34,15.4,1.94194,2.99957,1,-0.183415,0.0020206,0,-0.999987,-0.00584126,0,0.00530337,35,15.4,1.013,2.00224,1,0.486082,-0.0134587,0,0.132024,0.0220537,0,0.0108174
0,15.5,-0.850147,-1.0003,1,0.286077,-0.00436027,0,0.775125,-0.0742152,0,0.0159526,1,15.5,0.877807,-1.98296,1,-0.422265,-0.00289958,0,-0.591282,-0.122391,0,0.0142043,2,15.5,2.01271,-0.00634107,1,0.5,0.0769037,0,0,-0.242985,0,0.0108137,3,15.5,-2.6304,-1.9735,1,0.499871,0.0636613,0,0.0051558,-0.161387,0,0.00972257,4,15.5,0.365023,-2.99998,1,0.5,-3.20375e-05,0,0,-2.98023e-05,0,0.00939719,5,15.5,0.919647,3,1,-0.293444,0,0,-0.9753,0,0,0.00634757,6,15.5,-0.973543,-1.99993,1,0.0784175,-2.42144e-05,0,-0.426278,-0.000312924,0,0.0101352,7,15.5,2.99996,-2.00002,1,0.000558048,0.000146776,0,-0.00482798,-0.000298023,0,0.00486831,8,15.5,-3,-0.115203,1,-1.86265e-06,-0.419516,0,4.47035e-05,-0.575193,0,0.00863782,9,15.5,1.82112,0.980529,1,-0.493713,-0.00343286,0,-0.155367,0.136226,0,0.0153537,10,15.5,0.000504561,-0.887635,1,0.000217969,0.5,0,-7.19938e-05,0,0,0.012316,11,15.5,1.08884,-0.983712,1,0.293654,-0.00629229,0,0.37805,-0.131618,0,0.0137425,12,15.5,-2.10315,3.65126e-05,1,-0.329257,0.000445839,0,-0.311866,0.0029881,0,0.0109697,13,15.5,2.00483,1.99919,1,0.493468,0.000231713,0,-0.0670105,0.000506639,0,0.0113584,14,15.5,1.33456,-2.94919,1,0.5,0.190185,0,-7.45058e-06,0.37764,0,0.00975844,15,15.5,-0.00193638,1.00024,1,0.0196948,-0.00204109,0,-0.0383206,0.00409782,0,0.00965837,16,15.5,2.90553,3,1,-0.321213,0,0,-0.814185,0,0,0.00425579,17,15.5,3,-3,1,0,0,0,0,0,0,0.00563649,18,15.5,-1.00004,0.266338,1,-0.000112504,0.5,0,0.000551343,-2.68221e-06,0,0.0123801,19,15.5,-2.66477,-1.10788,1,-0.470027,-0.420601,0,0.210032,-0.573769,0,0.00913829,20,15.5,-3,-3,1,0,0,0,0,0,0,0.00566392,21,15.5,-0.0546041,-2.2741,1,0.198295,-0.498779,0,-0.880271,-0.0382811,0,0.0112577,22,15.5,-2.01447,0.908952,1,-0.0209454,-0.289783,0,0.211313,-0.375703,0,0.0160441,23,15.5,-2.00004,-2.31824,1,0.000348315,-0.5,0,-0.00102818,0,0,0.00921557,24,15.5,0.999786,-0.00699982,1,7.02217e-05,-0.492673,0,-0.00174344,0.0765195,0,0.0131179,25,15.5,-0.348482,-0.0365644,1,-0.492317,-0.0751801,0,-0.11112,0.112129,0,0.013065,26,15.5,3,-1.0003,1,0,0.00310484,0,0,-0.00687689,0,0.00418942,27,15.5,2.99998,2.07482,1,0.000387803,0.305267,0,-0.00424683,0.569865,0,0.00521927,28,15.5,-2.91463,0.999901,1,0.289813,-0.000278093,0,0.468165,0.00409037,0,0.00973079,29,15.5,1.88828,-2.00054,1,-0.398682,0.00332445,0,-0.614867,-0.00533462,0,0.0113662,30,15.5,-1.17963,2.00011,1,-0.493977,0.000182167,0,-0.150561,-0.000402331,0,0.0106353,31,15.5,0.0163302,2.82059,1,0.0541501,-0.494333,0,-0.24283,-0.152424,0,0.00947849,32,15.5,1.99982,-0.908074,1,-0.00226907,0.305466,0,-0.0273138,0.464894,0,0.0147995,33,15.5,2.99982,0.179576,1,-0.00411719,0.49394,0,-0.0864267,0.151229,0,0.00616398,34,15.5,1.91865,2.99975,1,-0.281288,0.00145994,0,-0.93744,-0.00531971,0,0.00530337,35,15.5,1.06215,2.00101,1,0.495835,-0.0111461,0,0.0638515,0.0239313,0,0.0108174
0,15.6,-0.817883,-1.00117,1,0.356895,-0.0136942,0,0.636846,-0.106812,0,0.0182048,1,15.6,0.832983,-1.98379,1,-0.470376,-0.0129968,0,-0.362247,-0.0807643,0,0.0118821,2,15.6,2.06271,0.000201888,1,0.5,0.0546163,0,0,-0.203325,0,0.0110835,3,15.6,-2.5804,-1.96798,1,0.5,0.0463068,0,0,-0.182867,0,0.0110309,4,15.6,0.415023,-2.99999,1,0.5,-3.57628e-05,0,-1.43051e-05,0.000119209,0,0.00904533,5,15.6,0.885623,3,1,-0.384179,0,0,-0.802368,0,0,0.00544042,6,15.6,-0.967728,-1.99994,1,0.0389844,-5.06639e-05,0,-0.360459,-0.000238419,0,0.0096464,7,15.6,2.99999,-2,1,0.000160933,0.000116229,0,-0.00309944,-0.000357628,0,0.00542254,8,15.6,-3,-0.159694,1,0,-0.466775,0,0.000119209,-0.364266,0,0.0072852,9,15.6,1.7713,0.980799,1,-0.500003,0.00815988,0,5.96046e-05,0.0967681,0,0.0116313,10,15.6,0.000524858,-0.837635,1,0.000177546,0.5,0,-0.000696949,2.98023e-05,0,0.0136901,11,15.6,1.11992,-0.984922,1,0.32593,-0.0171721,0,0.262439,-0.0873804,0,0.0144892,12,15.6,-2.13764,9.66744e-05,1,-0.360149,0.000769788,0,-0.296235,0.00372421,0,0.0108532,13,15.6,2.05376,1.99921,1,0.484198,0.000199676,0,-0.121474,-0.00119209,0,0.0107258,14,15.6,1.38456,-2.92832,1,0.500003,0.226849,0,-5.96046e-05,0.352979,0,0.00998159,15,15.6,-0.00016584,1.00006,1,0.0156609,-0.00161678,0,-0.041646,0.00429153,0,0.00965544,16,15.6,2.86963,3,1,-0.393617,0,0,-0.629187,0,0,0.00470324,17,15.6,3,-3,1,0,0,0,0,0,0,0.00449852,18,15.6,-1.00005,0.316338,1,-6.25849e-05,0.5,0,0.000476837,1.43051e-05,0,0.0121904,19,15.6,-2.71061,-1.15248,1,-0.445622,-0.467789,0,0.275493,-0.36335,0,0.0087476,20,15.6,-3,-3,1,0,0,0,0,0,0,0.00558976,21,15.6,-0.0394843,-2.32407,1,0.102135,-0.5,0,-1,0,0,0.0114552,22,15.6,-2.01559,0.878264,1,-0.00247359,-0.322154,0,0.159144,-0.266165,0,0.0130019,23,15.6,-2.00001,-2.36824,1,0.00025034,-0.5,0,-0.00089407,0,0,0.00854675,24,15.6,0.999784,-0.0557945,1,-0.000116229,-0.482255,0,-0.00211596,0.134312,0,0.0152118,25,15.6,-0.398108,-0.0433961,1,-0.498752,-0.0603356,0,-0.0249588,0.179308,0,0.0131026,26,15.6,3,-1.00003,1,0,0.00240654,0,0,-0.00697374,0,0.00451732,27,15.6,3,2.10797,1,5.36442e-05,0.355375,0,-0.0026226,0.428557,0,0.00650772,28,15.6,-2.88354,0.999893,1,0.329298,0.000119209,0,0.317693,0.00408292,0,0.00849148,29,15.6,1.84564,-2.00024,1,-0.450712,0.00276566,0,-0.420928,-0.00584126,0,0.00989034,30,15.6,-1.22945,2.00013,1,-0.5,0.000137091,0,0,-0.000476837,0,0.0114507,31,15.6,0.0206883,2.77075,1,0.0346728,-0.5,0,-0.143313,-0.000119209,0,0.00977137,32,15.6,1.99943,-0.875314,1,-0.00570714,0.348461,0,-0.0399351,0.388414,0,0.0134726,33,15.6,2.99905,0.2294,1,-0.0105619,0.5,0,-0.0442266,0,0,0.00757043,34,15.6,1.88607,2.99987,1,-0.3674,0.000965595,0,-0.769794,-0.00452995,0,0.00563687,35,15.6,1.11196,2.00002,1,0.4994,-0.0087291,0,0.0119805,0.0242591,0,0.00921886
0,15.7,-0.779134,-1.00297,1,0.416383,-0.0213468,0,0.535809,-0.0486597,0,0.0182048,1,15.7,0.784547,-1.9858,1,-0.494487,-0.0298517,0,-0.131615,-0.24543,0,0.0118821,2,15.7,2.11271,0.00471283,1,0.5,0.0362431,0,0,-0.16489,0,0.0110835,3,15.7,-2.5304,-1.96428,1,0.5,0.0277672,0,0,-0.185609,0,0.0110309,4,15.7,0.465023,-2.99999,1,0.5,-2.57045e-05,0,0,7.45058e-05,0,0.00904533,5,15.7,0.843663,3,1,-0.450142,0,0,-0.511222,0,0,0.00544042,6,15.7,-0.964983,-1.99994,1,0.0217107,-7.02217e-05,0,-0.0123419,-0.000156462,0,0.0096464,7,15.7,3,-1.99999,1,-7.93487e-05,8.15839e-05,0,-0.00174344,-0.000327826,0,0.00542254,8,15.7,-3,-0.207824,1,9.68575e-06,-0.492263,0,5.96046e-05,-0.152028,0,0.0072852,9,15.7,1.7213,0.982041,1,-0.5,0.0161359,0,7.45058e-06,0.0637621,0,0.0116313,10,15.7,0.00053863,-0.787635,1,9.34615e-05,0.5,0,-0.000963024,0,0,0.0136901,11,15.7,1.15379,-0.987015,1,0.350989,-0.0240909,0,0.229612,-0.0523627,0,0.0144892,12,15.7,-2.17528,0.000221648,1,-0.39369,0.00198471,0,-0.359222,0.0190524,0,0.0108532,13,15.7,2.10165,1.99922,1,0.47403,3.33413e-05,0,-0.0921935,-0.00228733,0,0.0107258,14,15.7,1.43456,-2.90396,1,0.5,0.259539,0,-7.45058e-06,0.306413,0,0.00998159,15,15.7,0.00119213,0.999917,1,0.0115122,-0.00119256,0,-0.0408408,0.00414625,0,0.00965544,16,15.7,2.8274,3,1,-0.44784,0,0,-0.446603,0,0,0.00470324,17,15.7,3,-3,1,0,0,0,0,0,0,0.00449852,18,15.7,-1.00005,0.366338,1,-2.03028e-05,0.5,0,0.000365078,-1.78814e-06,0,0.0121904,19,15.7,-2.7537,-1.2007,1,-0.415473,-0.493013,0,0.325009,-0.147827,0,0.0087476,20,15.7,-3,-3,1,0,0,0,0,0,0,0.00558976,21,15.7,-0.0342708,-2.37407,1,0.00213544,-0.5,0,-1,0,0,0.0114552,22,15.7,-2.01513,0.844741,1,0.0108644,-0.347826,0,0.109255,-0.237823,0,0.0130019,23,15.7,-1.99999,-2.41824,1,0.000168942,-0.5,0,-0.000737607,0,0,0.00854675,24,15.7,0.999765,-0.103356,1,-0.000261609,-0.468887,0,-0.00100955,0.139927,0,0.0152118,25,15.7,-0.448059,-0.0484928,1,-0.499922,-0.0412673,0,-0.00311628,0.199181,0,0.0131026,26,15.7,3,-0.999819,1,0,0.00172658,0,0,-0.00656769,0,0.00451732,27,15.7,2.99999,2.14563,1,-0.000115111,0.397315,0,-0.000879169,0.401333,0,0.00650772,28,15.7,-2.84923,0.999922,1,0.354929,0.000435859,0,0.192821,0.00248104,0,0.00849148,29,15.7,1.7988,-1.99999,1,-0.482945,0.00219308,0,-0.224389,-0.00558794,0,0.00989034,30,15.7,-1.27945,2.00014,1,-0.5,8.75443e-05,0,0,-0.000521541,0,0.0114507,31,15.7,0.0238341,2.72075,1,0.032042,-0.500001,0,0.084619,2.98023e-05,0,0.00977137,32,15.7,1.99849,-0.838617,1,-0.0144528,0.384548,0,-0.125431,0.333175,0,0.0134726,33,15.7,2.99783,0.2794,1,-0.0133671,0.5,0,-0.0133514,-8.9407e-07,0,0.00757043,34,15.7,1.84583,2.99994,1,-0.433766,0.000562519,0,-0.548549,-0.00354648,0,0.00563687,35,15.7,1.16193,1.99926,1,0.499962,-0.00638608,0,0.00149757,0.0224933,0,0.00921886
0,15.8,-0.735087,-1.00527,1,0.461634,-0.0238836,0,0.362009,-0.00423193,0,0.0139814,1,15.8,0.734712,-1.9902,1,-0.500001,-0.0600338,0,2.98023e-05,-0.348628,0,0.010358,2,15.8,2.16271,0.00757123,1,0.5,0.0214922,0,0,-0.130838,0,0.0115645,3,15.8,-2.4804,-1.96242,1,0.5,0.00960231,0,0,-0.175774,0,0.00996111,4,15.8,0.515023,-2.99999,1,0.5,-1.78814e-05,0,2.98023e-05,0.000119209,0,0.00614472,5,15.8,0.796585,3,1,-0.48669,0,0,-0.228107,0,0,0.00508949,6,15.8,-0.962485,-1.99995,1,0.0315964,-8.04663e-05,0,0.188142,-0.000119209,0,0.0112669,7,15.8,2.99998,-1.99999,1,-0.000208616,5.36442e-05,0,-0.000715256,-0.000357628,0,0.00617299,8,15.8,-3,-0.257532,1,1.78814e-05,-0.499513,0,-0.000119209,-0.00974476,0,0.00920252,9,15.8,1.6713,0.983926,1,-0.500003,0.0211045,0,5.96046e-05,0.0365376,0,0.013261,10,15.8,0.000542873,-0.737635,1,-1.09838e-05,0.5,0,-0.00110694,2.98023e-05,0,0.0113916,11,15.8,1.18992,-0.989637,1,0.370291,-0.0278994,0,0.149846,-0.025034,0,0.0124262,12,15.8,-2.21644,0.000530195,1,-0.429362,0.00430226,0,-0.342965,0.0260401,0,0.00816062,13,15.8,2.14857,1.99921,1,0.463963,-0.000286102,0,-0.116706,-0.00423193,0,0.00930715,14,15.8,1.48456,-2.87652,1,0.500003,0.289088,0,-5.96046e-05,0.288486,0,0.0104732,15,15.8,0.00214382,0.999818,1,0.00757747,-0.000794232,0,-0.0374935,0.00375509,0,0.00979441,16,15.8,2.78073,3,1,-0.482196,0,0,-0.241637,0,0,0.00461233,17,15.8,3,-3,1,0,0,0,0,0,0,0.00427781,18,15.8,-1.00005,0.416338,1,1.19209e-05,0.5,0,0.000298023,-1.43051e-05,0,0.0122078,19,15.8,-2.79356,-1.25046,1,-0.3811,-0.499767,0,0.360131,-0.00464916,0,0.00823736,20,15.8,-3,-3,1,0,0,0,0,0,0,0.00581214,21,15.8,-0.0390572,-2.42407,1,-0.0978646,-0.5,0,-1,0,0,0.0114833,22,15.8,-2.01357,0.808881,1,0.0196934,-0.368091,0,0.0685453,-0.160664,0,0.0121934,23,15.8,-1.99997,-2.46824,1,0.000104308,-0.5,0,-0.000655651,0,0,0.00856128,24,15.8,0.999734,-0.14949,1,-0.000357628,-0.453098,0,-0.00107288,0.180691,0,0.013567,25,15.8,-0.498058,-0.0516109,1,-0.5,-0.0210324,0,-2.98023e-05,0.203064,0,0.013539,26,15.8,3,-0.999678,1,0,0.00110418,0,0,-0.00587106,0,0.00477333,27,15.8,2.99998,2.18726,1,-0.000143051,0.434053,0,0.000119209,0.326633,0,0.00684908,28,15.8,-2.81299,0.999977,1,0.367588,0.000655651,0,0.0596046,0.00202656,0,0.00957558,29,15.8,1.74967,-1.9998,1,-0.496796,0.00165105,0,-0.0641346,-0.00524521,0,0.0107259,30,15.8,-1.32945,2.00014,1,-0.500003,3.57628e-05,0,5.96046e-05,-0.000596046,0,0.00777777,31,15.8,0.0277952,2.67075,1,0.0503598,-0.5,0,0.275448,0,0,0.0117436,32,15.8,1.99634,-0.79859,1,-0.0290543,0.415054,0,-0.158727,0.276655,0,0.0125406,33,15.8,2.99646,0.3294,1,-0.0135064,0.5,0,0.00929832,-1.43051e-05,0,0.00662876,34,15.8,1.80012,2.99998,1,-0.476363,0.00026226,0,-0.304759,-0.0026226,0,0.00571476,35,15.8,1.21193,1.99873,1,0.500003,-0.00424981,0,-5.96046e-05,0.0201464,0,0.00994074
0,15.9,-0.687438,-1.00763,1,0.4882,-0.0227109,0,0.173841,0.0259429,0,0.0139814,1,15.9,0.684712,-1.9983,1,-0.5,-0.104919,0,-3.72529e-06,-0.533834,0,0.010358,2,15.9,2.21271,0.00911962,1,0.5,0.00999014,0,0,-0.0999641,0,0.0115645,3,15.9,-2.43041,-1.96229,1,0.499922,-0.00660438,0,-0.00309944,-0.147976,0,0.00996111,4,15.9,0.565022,-2.99999,1,0.499943,-7.82311e-06,0,-0.0022985,7.45058e-05,0,0.00614472,5,15.9,0.747162,3,1,-0.498692,0,0,-0.0428036,0,0,0.00508949,6,15.9,-0.957974,-1.99996,1,0.0621334,-8.32602e-05,0,0.399388,0.000186265,0,0.0112669,7,15.9,2.99996,-1.99998,1,-0.000245869,2.21655e-05,0,-5.96046e-05,-0.000275671,0,0.00617299,8,15.9,-3,-0.307513,1,7.82311e-06,-0.49997,0,-7.45058e-05,-0.00121452,0,0.00920252,9,15.9,1.6213,0.98618,1,-0.5,0.0236286,0,7.45058e-06,0.014782,0,0.013261,10,15.9,0.000536194,-0.687635,1,-0.000122707,0.5,0,-0.00111391,0,0,0.0113916,11,15.9,1.22777,-0.992641,1,0.38713,-0.0329035,0,0.180431,-0.0683479,0,0.0124262,12,15.9,-2.26107,0.00106157,1,-0.46238,0.00605377,0,-0.298783,0.00973962,0,0.00816062,13,15.9,2.19448,1.99917,1,0.455218,-0.000589155,0,-0.0667721,-0.00216812,0,0.00930715,14,15.9,1.5345,-2.84572,1,0.498387,0.33047,0,-0.0342131,0.50424,0,0.0104732,15,15.9,0.0027226,0.999757,1,0.00408766,-0.000445172,0,-0.0321362,0.0032112,0,0.00979441,16,15.9,2.73161,3,1,-0.497421,0,0,-0.07312,0,0,0.00461233,17,15.9,3,-3,1,0,0,0,0,0,0,0.00427781,18,15.9,-1.00005,0.466338,1,3.72529e-05,0.5,0,0.000208616,-1.78814e-06,0,0.0122078,19,15.9,-2.82983,-1.30045,1,-0.343955,-0.499985,0,0.380814,-0.000581145,0,0.00823736,20,15.9,-3,-3,1,0,0,0,0,0,0,0.00581214,21,15.9,-0.0538437,-2.47405,1,-0.197865,-0.499364,0,-1,0.0148416,0,0.0114833,22,15.9,-2.01126,0.771045,1,0.0264969,-0.390479,0,0.0656098,-0.272173,0,0.0121934,23,15.9,-1.99997,-2.51824,1,4.67524e-05,-0.5,0,-0.000499189,0,0,0.00856128,24,15.9,0.999695,-0.193911,1,-0.000404846,-0.435322,0,-8.56817e-05,0.180639,0,0.013567,25,15.9,-0.548058,-0.0527135,1,-0.5,-0.00121421,0,0,0.191436,0,0.013539,26,15.9,3,-0.999596,1,0,0.000564661,0,0,-0.00489876,0,0.00477333,27,15.9,2.99997,2.23224,1,-0.000126287,0.464581,0,0.000193715,0.27141,0,0.00684908,28,15.9,-2.77604,1.00005,1,0.37038,0.000776164,0,-0.00667572,0.000618398,0,0.00957558,29,15.9,1.6998,-1.99966,1,-0.4998,0.00115279,0,-0.00799447,-0.00471622,0,0.0107259,30,15.9,-1.37945,2.00014,1,-0.5,-1.8999e-05,0,7.45058e-06,-0.000521541,0,0.00777777,31,15.9,0.0351324,2.62075,1,0.104299,-0.5,0,0.751375,0,0,0.0117436,32,15.9,1.99283,-0.755538,1,-0.0395631,0.446859,0,-0.0561997,0.330213,0,0.0125406,33,15.9,2.99518,0.3794,1,-0.0119191,0.5,0,0.0216216,0,0,0.00662876,34,15.9,1.75133,3,1,-0.495994,4.65661e-05,0,-0.101082,-0.00174344,0,0.00571476,35,15.9,1.26193,1.9984,1,0.5,-0.00239927,0,-7.45058e-06,0.0168756,0,0.00994074
0,16,-0.638008,-1.00973,1,0.498128,-0.0190258,0,0.0374615,0.0462532,0,0.01279,1,16,0.634712,-2.01166,1,-0.5,-0.163937,0,-2.98023e-05,-0.633478,0,0.0116472,2,16,2.26271,0.0096647,1,0.5,0.00135242,0,0,-0.073499,0,0.00946092,3,16,-2.38045,-1.96364,1,0.498766,-0.0199348,0,-0.0249147,-0.118434,0,0.00875964,4,16,0.614986,-2.99999,1,0.499082,-5.96046e-06,0,-0.018388,0.000119209,0,0.00733023,5,16,0.697193,3,1,-0.5,0,0,-2.98023e-05,0,0,0.00486341,6,16,-0.949574,-1.99997,1,0.107281,-2.38419e-05,0,0.484824,0.00107288,0,0.0105115,7,16,2.99993,-1.99998,1,-0.000226498,0,0,0.000238419,-0.000238419,0,0.00567264,8,16,-3,-0.357512,1,0,-0.5,0,0,1.43051e-05,0,0.00900371,9,16,1.5713,0.988587,1,-0.500003,0.0242189,0,5.96046e-05,-0.00220537,0,0.0122041,10,16,0.000518438,-0.637635,1,-0.000231276,0.5,0,-0.0010462,2.98023e-05,0,0.0104194,11,16,1.26739,-0.996299,1,0.405183,-0.0403762,0,0.175059,-0.0759065,0,0.0130907,12,16,-2.30862,0.00169389,1,-0.486594,0.00639179,0,-0.179052,-0.00231242,0,0.00790188,13,16,2.23969,1.9991,1,0.449055,-0.000777841,0,-0.0634193,-0.00190735,0,0.00878705,14,16,1.5841,-2.81003,1,0.49282,0.383914,0,-0.0785589,0.539184,0,0.00980314,15,16,0.00298066,0.999727,1,0.00117566,-0.000154972,0,-0.0260159,0.0026226,0,0.0105539,16,16,2.68168,3,1,-0.5,0,0,0,0,0,0.00475718,17,16,3,-3,1,0,0,0,0,0,0,0.00629808,18,16,-1.00004,0.516338,1,5.36442e-05,0.500001,0,0.000119209,-2.98023e-05,0,0.0120615,19,16,-2.8623,-1.35045,1,-0.305319,-0.500003,0,0.390172,5.96046e-05,0,0.00914933,20,16,-3,-3,1,0,0,0,0,0,0,0.00650185,21,16,-0.0786301,-2.52387,1,-0.297865,-0.496644,0,-0.999995,0.0412464,0,0.008253,22,16,-2.0083,0.730555,1,0.0324786,-0.419807,0,0.0526905,-0.302106,0,0.0136689,23,16,-1.99996,-2.56824,1,5.96046e-06,-0.5,0,-0.000417233,0,0,0.00827804,24,16,0.999654,-0.236501,1,-0.000412762,-0.41598,0,-0.000208616,0.210278,0,0.0155773,25,16,-0.598058,-0.0519101,1,-0.5,0.0169227,0,-2.98023e-05,0.169845,0,0.0132952,26,16,3,-0.999562,1,0,0.00012517,0,0,-0.0038743,0,0.00529335,27,16,2.99995,2.27989,1,-0.000101328,0.486648,0,0.000238419,0.165582,0,0.00593106,28,16,-2.73916,1.00013,1,0.3658,0.000819564,0,-0.0865459,0.000357628,0,0.0111247,29,16,1.6498,-1.99957,1,-0.500003,0.000709295,0,5.96046e-05,-0.00411272,0,0.0109381,30,16,-1.42945,2.00014,1,-0.500003,-6.55651e-05,0,5.96046e-05,-0.000357628,0,0.0105899,31,16,0.0497512,2.57075,1,0.191346,-0.5,0,0.94863,0,0,0.0108586,32,16,1.98873,-0.709296,1,-0.0411958,0.476591,0,0.0194311,0.248581,0,0.012578,33,16,2.99411,0.4294,1,-0.00933409,0.5,0,0.0292063,-1.43051e-05,0,0.00720185,34,16,1.70145,2.99999,1,-0.5,-8.9407e-05,0,0,-0.000953674,0,0.00598607,35,16,1.31193,1.99824,1,0.500003,-0.000870228,0,-5.96046e-05,0.0135899,0,0.0112497
0,16.1,-0.58808,-1.01139,1,0.499883,-0.0140019,0,0.00467896,0.053376,0,0.01279,1,16.1,0.584712,-2.03154,1,-0.5,-0.236164,0,0,-0.780627,0,0.0116472,2,16.1,2.31271,0.00947129,1,0.5,-0.00484863,0,0,-0.0511712,0,0.00946092,3,16.1,-2.33078,-1.96618,1,0.49382,-0.0302751,0,-0.0788122,-0.0883192,0,0.00875964,4,16.1,0.664884,-2.99999,1,0.499351,3.72529e-06,0,0.0114888,5.96046e-05,0,0.00733023,5,16.1,0.647193,3,1,-0.5,0,0,0,0,0,0.00486341,6,16.1,-0.936129,-1.99996,1,0.163935,7.7486e-05,0,0.624087,0.0012368,0,0.0105115,7,16.1,2.99991,-1.99998,1,-0.000187382,-1.93715e-05,0,0.000521541,-0.000149012,0,0.00567264,8,16.1,-3,-0.407512,1,0,-0.5,0,0,0,0,0.00900371,9,16.1,1.5213,0.990976,1,-0.5,0.0233522,0,7.45058e-06,-0.0144839,0,0.0122041,10,16.1,0.000490418,-0.587635,1,-0.000325732,0.5,0,-0.000842125,0,0,0.0104194,11,16.1,1.30904,-1.00059,1,0.429746,-0.0443079,0,0.290215,-0.00615418,0,0.0130907,12,16.1,-2.35795,0.0023091,1,-0.497908,0.00579905,0,-0.055775,-0.0091177,0,0.00790188,13,16.1,2.2847,1.99902,1,0.454409,-0.000838935,0,0.138968,0.000551343,0,0.00878705,14,16.1,1.63286,-2.76906,1,0.481163,0.434033,0,-0.152767,0.448138,0,0.00980314,15,16.1,0.00297913,0.999724,1,-0.00109744,7.43195e-05,0,-0.0194918,0.00196695,0,0.0105539,16,16.1,2.63168,3,1,-0.5,0,0,0,0,0,0.00475718,17,16.1,3,-3,1,0,0,0,0,0,0,0.00629808,18,16.1,-1.00004,0.566337,1,6.22123e-05,0.499937,0,5.96046e-05,-0.00252202,0,0.0120615,19,16.1,-2.89088,-1.40045,1,-0.266192,-0.5,0,0.390574,7.45058e-06,0,0.00914933,20,16.1,-3,-3,1,0,0,0,0,0,0,0.00650185,21,16.1,-0.113086,-2.57322,1,-0.38751,-0.489334,0,-0.776859,0.103965,0,0.008253,22,16.1,-2.00487,0.687023,1,0.0352658,-0.450796,0,0.00533462,-0.300046,0,0.0136689,23,16.1,-1.99996,-2.61816,1,-2.81259e-05,-0.497693,0,-0.000275671,0.0496209,0,0.00827804,24,16.1,0.999613,-0.277291,1,-0.000400934,-0.401948,0,0.000204891,0.082803,0,0.0155773,25,16.1,-0.647925,-0.0494313,1,-0.495989,0.0320291,0,0.0808872,0.132369,0,0.0132952,26,16.1,3,-0.999567,1,0,-0.000209454,0,0,-0.0028275,0,0.00529335,27,16.1,2.99995,2.32919,1,-7.56234e-05,0.497638,0,0.000283122,0.0587404,0,0.00593106,28,16.1,-2.70277,1.00021,1,0.364181,0.000810251,0,0.0405908,-0.000283122,0,0.0111247,29,16.1,1.5998,-1.99951,1,-0.5,0.000334717,0,7.45058e-06,-0.00337511,0,0.0109381,30,16.1,-1.47945,2.00013,1,-0.5,-9.76026e-05,0,7.45058e-06,-0.000268221,0,0.0105899,31,16.1,0.0736844,2.52077,1,0.287166,-0.499301,0,0.940108,0.015974,0,0.0108586,32,16.1,1.98436,-0.66064,1,-0.0493556,0.494154,0,-0.16962,0.106867,0,0.012578,33,16.1,2.99333,0.4794,1,-0.00621267,0.5,0,0.0326484,1.78814e-06,0,0.00720185,34,16.1,1.65145,2.99998,1,-0.5,-0.000158325,0,0,-0.000432134,0,0.00598607,35,16.1,1.36193,1.99822,1,0.5,0.000317954,0,-7.45058e-06,0.0102445,0,0.0112497
0,16.2,-0.538082,-1.01252,1,0.5,-0.00850558,0,1.43051e-05,0.0557899,0,0.0155515,1,16.2,0.534712,-2.0591,1,-0.5,-0.314772,0,-1.43051e-05,-0.7689,0,0.0115995,2,16.2,2.36271,0.00876304,1,0.5,-0.00900673,0,0,-0.0325907,0,0.00879812,3,16.2,-2.28191,-1.9696,1,0.482219,-0.0376076,0,-0.156283,-0.0584126,0,0.00909634,4,16.2,0.714862,-2.99999,1,0.5,1.19209e-05,0,2.98023e-05,-0.000119209,0,0.00822369,5,16.2,0.597193,3,1,-0.5,0,0,-2.98023e-05,0,0,0.00458441,6,16.2,-0.916551,-1.99995,1,0.227778,0.000277162,0,0.633717,0.00286102,0,0.0127984,7,16.2,2.9999,-1.99998,1,-0.00013113,-3.27826e-05,0,0.000715256,0,0,0.00666893,8,16.2,-3,-0.457512,1,0,-0.5,0,0,1.43051e-05,0,0.0115395,9,16.2,1.4713,0.993223,1,-0.500003,0.0214413,0,5.96046e-05,-0.0231266,0,0.0111427,10,16.2,0.000453978,-0.537635,1,-0.00039962,0.5,0,-0.000635642,1.43051e-05,0,0.012981,11,16.2,1.35349,-1.00496,1,0.458935,-0.0422508,0,0.276625,0.0442863,0,0.0109932,12,16.2,-2.40789,0.00283512,1,-0.5,0.0046479,0,0,-0.0135332,0,0.00782361,13,16.2,2.33096,1.99894,1,0.471592,-0.000691414,0,0.18394,0.00220537,0,0.00685983,14,16.2,1.6801,-2.72365,1,0.462627,0.471437,0,-0.216067,0.293851,0,0.00952563,15,16.2,0.00278237,0.99974,1,-0.00273522,0.000239909,0,-0.0133435,0.00137091,0,0.0090895,16,16.2,2.58168,3,1,-0.5,0,0,0,0,0,0.00479518,17,16.2,3,-3,1,0,0,0,0,0,0,0.0062002,18,16.2,-1.00003,0.616298,1,6.55651e-05,0.498989,0,0,-0.0202358,0,0.0112705,19,16.2,-2.91556,-1.45045,1,-0.227541,-0.500003,0,0.380993,5.96046e-05,0,0.00810829,20,16.2,-3,-3,1,0,0,0,0,0,0,0.00640509,21,16.2,-0.15526,-2.62154,1,-0.451225,-0.476056,0,-0.493385,0.160575,0,0.00804156,22,16.2,-2.00138,0.640556,1,0.0339627,-0.477146,0,-0.0290871,-0.217855,0,0.0127456,23,16.2,-1.99997,-2.66758,1,-4.76837e-05,-0.489491,0,-0.000178814,0.116944,0,0.00790024,24,16.2,0.999573,-0.317197,1,-0.000415742,-0.397154,0,-0.000655651,0.0233203,0,0.0159285,25,16.2,-0.696981,-0.045628,1,-0.483754,0.0434269,0,0.163794,0.0958014,0,0.0133831,26,16.2,3,-0.999601,1,0,-0.000444055,0,0,-0.00187755,0,0.00532108,27,16.2,2.99994,2.37912,1,-4.76837e-05,0.5,0,0.000238419,0.000119209,0,0.00597876,28,16.2,-2.66603,1.00029,1,0.371444,0.000810623,0,0.0935793,0.000536442,0,0.00883616,29,16.2,1.5498,-1.9995,1,-0.500003,2.98023e-05,0,5.96046e-05,-0.00268221,0,0.0105274,30,16.2,-1.52945,2.00012,1,-0.500003,-0.000119209,0,5.96046e-05,-0.000238419,0,0.0117839,31,16.2,0.106893,2.47096,1,0.374353,-0.496435,0,0.781153,0.0429153,0,0.0107835,32,16.2,1.97835,-0.610878,1,-0.0726938,0.499476,0,-0.285983,0.0104606,0,0.0126795,33,16.2,2.99288,0.5294,1,-0.00290871,0.5,0,0.0326633,2.98023e-05,0,0.00768714,34,16.2,1.60145,2.99996,1,-0.500003,-0.000178814,0,5.96046e-05,-0.000119209,0,0.00622205,35,16.2,1.41193,1.9983,1,0.500003,0.00119209,0,-5.96046e-05,0.00727177,0,0.00924012
0,16.3,-0.488082,-1.01309,1,0.5,-0.00300594,0,-1.78814e-06,0.0536591,0,0.0155515,1,16.3,0.484778,-2.09433,1,-0.49802,-0.388324,0,0.0402274,-0.677288,0,0.0115995,2,16.3,2.41271,0.00772589,1,0.5,-0.0114852,0,0,-0.0175228,0,0.00879812,3,16.3,-2.23466,-1.9736,1,0.460967,-0.0418656,0,-0.265837,-0.0275522,0,0.00909634,4,16.3,0.764862,-2.99999,1,0.5,1.86265e-06,0,0,-7.45058e-05,0,0.00822369,5,16.3,0.547193,3,1,-0.5,0,0,0,0,0,0.00458441,6,16.3,-0.890493,-1.99988,1,0.294063,0.00136252,0,0.675704,0.0181273,0,0.0127984,7,16.3,2.99989,-1.99999,1,-5.99772e-05,-3.18512e-05,0,0.000700355,2.23517e-05,0,0.00666893,8,16.3,-3,-0.507512,1,0,-0.5,0,0,-5.66244e-06,0,0.0115395,9,16.3,1.4213,0.995242,1,-0.499883,0.0188646,0,0.00469387,-0.0279807,0,0.0111427,10,16.3,4.30633e-05,-0.487635,1,-0.0111055,0.5,0,-0.198079,-1.78814e-06,0,0.012981,11,16.3,1.4006,-1.00867,1,0.481584,-0.0290627,0,0.176162,0.210024,0,0.0109932,12,16.3,-2.45789,0.00322801,1,-0.5,0.00317521,0,0,-0.0156222,0,0.00782361,13,16.3,2.37896,1.99888,1,0.487261,-0.000433065,0,0.125811,0.00289828,0,0.00685983,14,16.3,1.72519,-2.67532,1,0.438205,0.492388,0,-0.27056,0.129968,0,0.00952563,15,16.3,0.00245182,0.99977,1,-0.00378262,0.000348128,0,-0.00775422,0.000812113,0,0.0090895,16,16.3,2.53168,3,1,-0.5,0,0,0,0,0,0.00479518,17,16.3,3,-3,1,0,0,0,0,0,0,0.0062002,18,16.3,-1.00003,0.666192,1,6.37025e-05,0.499406,0,-4.47035e-05,0.0126362,0,0.0112705,19,16.3,-2.93643,-1.50045,1,-0.19027,-0.5,0,0.363067,7.45058e-06,0,0.00810829,20,16.3,-3,-3,1,0,0,0,0,0,0,0.00640509,21,16.3,-0.202372,-2.66825,1,-0.486454,-0.457142,0,-0.220475,0.216246,0,0.00804156,22,16.3,-1.99817,0.591956,1,0.0300439,-0.492936,0,-0.0479892,-0.10233,0,0.0127456,23,16.3,-1.99997,-2.71582,1,-6.03497e-05,-0.473975,0,-7.45058e-05,0.194654,0,0.00790024,24,16.3,0.99953,-0.357222,1,-0.0004231,-0.406957,0,0.00044331,-0.193477,0,0.0159285,25,16.3,-0.744407,-0.0404068,1,-0.463466,0.0644478,0,0.241708,0.30331,0,0.0133831,26,16.3,3,-0.999653,1,0,-0.00058813,0,0,-0.00103191,0,0.00532108,27,16.3,2.99994,2.42912,1,-2.38419e-05,0.500001,0,0.000238419,-2.98023e-05,0,0.00597876,28,16.3,-2.62807,1.00037,1,0.390806,0.000795536,0,0.270173,-0.00076741,0,0.00883616,29,16.3,1.4998,-1.99951,1,-0.5,-0.000206381,0,7.45058e-06,-0.00204146,0,0.0105274,30,16.3,-1.57945,2.00011,1,-0.499877,-0.000137836,0,0.00488013,-0.000149012,0,0.0117839,31,16.3,0.147827,2.42164,1,0.440098,-0.488951,0,0.528811,0.105694,0,0.0107835,32,16.3,1.96923,-0.560898,1,-0.113581,0.499967,0,-0.512391,0.00131503,0,0.0126795,33,16.3,2.99274,0.579398,1,0.000175834,0.49988,0,0.0288486,-0.00480935,0,0.00768714,34,16.3,1.55145,2.99995,1,-0.5,-0.000176951,0,7.45058e-06,0.00013411,0,0.00622205,35,16.3,1.46193,1.99845,1,0.5,0.0017792,0,-7.45058e-06,0.00454485,0,0.00924012
0,16.4,-0.438082,-1.01313,1,0.5,0.00212491,0,-1.43051e-05,0.0485182,0,0.01476,1,16.4,0.435248,-2.13624,1,-0.491852,-0.446576,0,0.0835508,-0.476003,0,0.00878218,2,16.4,2.46271,0.00651092,1,0.5,-0.0126153,0,0,-0.00557397,0,0.00730734,3,16.4,-2.19006,-1.97788,1,0.42966,-0.0432849,0,-0.357151,-0.00154972,0,0.0102452,4,16.4,0.814862,-2.99999,1,0.5,-5.96046e-06,0,2.98023e-05,0,0,0.00778707,5,16.4,0.497193,3,1,-0.5,0,0,1.43051e-05,0,0,0.00519547,6,16.4,-0.857752,-1.99963,1,0.359987,0.00375807,0,0.629753,0.0291467,0,0.0112658,7,16.4,2.99989,-1.99999,1,5.96046e-06,-2.98023e-05,0,0.000596046,5.96046e-05,0,0.00628788,8,16.4,-3,-0.557512,1,0,-0.5,0,-0.000119209,-2.98023e-05,0,0.0113312,9,16.4,1.37138,0.996983,1,-0.498125,0.0159249,0,0.0374913,-0.0304878,0,0.0115659,10,16.4,-0.00227755,-0.437635,1,-0.0371717,0.5,0,-0.310211,-1.43051e-05,0,0.0158534,11,16.4,1.44948,-1.01031,1,0.494444,-0.00204742,0,0.0841618,0.321805,0,0.0108891,12,16.4,-2.50789,0.00346605,1,-0.5,0.00157816,0,0,-0.0160707,0,0.0089217,13,16.4,2.4282,1.99885,1,0.496465,-0.00012517,0,0.0590086,0.00321865,0,0.00740437,14,16.4,1.76758,-2.62565,1,0.408879,0.499135,0,-0.314295,0.0172853,0,0.00770259,15,16.4,0.00204298,0.999808,1,-0.00431625,0.000405312,0,-0.00307028,0.000298023,0,0.0113097,16,16.4,2.48168,3,1,-0.5,0,0,0,0,0,0.00615548,17,16.4,3,-3,1,0,0,0,0,0,0,0.00643827,18,16.4,-1.00002,0.716174,1,5.96046e-05,0.500001,0,-5.96046e-05,-2.98023e-05,0,0.0106678,19,16.4,-2.95368,-1.55045,1,-0.155175,-0.500003,0,0.337839,5.96046e-05,0,0.00905911,20,16.4,-3,-3,1,0,0,0,0,0,0,0.00667981,21,16.4,-0.251762,-2.7128,1,-0.49824,-0.433099,0,-0.0351959,0.262976,0,0.00715517,22,16.4,-1.99542,0.542301,1,0.0246048,-0.49883,0,-0.0596046,-0.0234246,0,0.0129007,23,16.4,-1.99998,-2.7621,1,-6.25849e-05,-0.450426,0,-5.96046e-05,0.276566,0,0.00785772,24,16.4,0.999491,-0.399069,1,-0.000338256,-0.431316,0,0.00116229,-0.274286,0,0.0119349,25,16.4,-0.789419,-0.032249,1,-0.435536,0.100232,0,0.315905,0.395111,0,0.0128398,26,16.4,3,-0.999716,1,0,-0.000654161,0,0,-0.000357628,0,0.00461156,27,16.4,2.99993,2.47912,1,0,0.5,0,0.000119209,0,0,0.00509504,28,16.4,-2.5875,1.00045,1,0.421381,0.000670552,0,0.323653,-0.00166893,0,0.00870914,29,16.4,1.4498,-1.99953,1,-0.500003,-0.00038147,0,5.96046e-05,-0.00149012,0,0.0114504,30,16.4,-1.62938,2.00009,1,-0.498062,-0.000149012,0,0.0385642,0,0,0.0107896,31,16.4,0.194048,2.37337,1,0.480096,-0.475508,0,0.27588,0.162005,0,0.0104861,32,16.4,1.95507,-0.510899,1,-0.171572,0.5,0,-0.630796,-1.43051e-05,0,0.0196621,33,16.4,2.9929,0.629323,1,0.00283122,0.498076,0,0.0240803,-0.0384748,0,0.00712492,34,16.4,1.50145,2.99993,1,-0.500003,-0.000154972,0,5.96046e-05,0.000357628,0,0.00653788,35,16.4,1.51193,1.99864,1,0.500003,0.00211895,0,-5.96046e-05,0.00226498,0,0.0100039
0,16.5,-0.388137,-1.01269,1,0.498255,0.00649188,0,-0.038756,0.0388101,0,0.01476,1,16.5,0.386576,-2.18289,1,-0.480645,-0.482403,0,0.139795,-0.243127,0,0.00878218,2,16.5,2.51271,0.00523738,1,0.5,-0.0127075,0,0,0.00330788,0,0.00730734,3,16.5,-2.14899,-1.98218,1,0.39045,-0.0423811,0,-0.424132,0.0188947,0,0.0102452,4,16.5,0.864862,-2.99999,1,0.5,-5.96046e-06,0,0,0,0,0.00778707,5,16.5,0.447193,3,1,-0.499996,0,0,0.000161976,0,0,0.00519547,6,16.5,-0.818689,-1.99914,1,0.419847,0.00578463,0,0.544775,0.0121444,0,0.0112658,7,16.5,2.99989,-1.99999,1,5.88596e-05,-2.40281e-05,0,0.000476837,5.21541e-05,0,0.00628788,8,16.5,-3,-0.607467,1,-7.45058e-06,-0.498534,0,-5.96046e-05,0.0335947,0,0.0113312,9,16.5,1.32184,0.998422,1,-0.491584,0.0128492,0,0.0973642,-0.0307299,0,0.0115659,10,16.5,-0.00778688,-0.387691,1,-0.0750446,0.498221,0,-0.432257,-0.0394768,0,0.0158534,11,16.5,1.49922,-1.00864,1,0.499316,0.0379138,0,0.0206232,0.467524,0,0.0108891,12,16.5,-2.55789,0.00354619,1,-0.499955,5.3594e-05,0,0.00177324,-0.014334,0,0.0089217,13,16.5,2.47799,1.99886,1,0.497923,0.000197627,0,-0.0306517,0.0031963,0,0.00740437,14,16.5,1.80682,-2.57569,1,0.375293,0.499945,0,-0.354849,0.00216067,0,0.00770259,15,16.5,0.00160265,0.999849,1,-0.00442801,0.000416581,0,0.000663911,-5.58794e-05,0,0.0113097,16,16.5,2.43168,3,1,-0.499928,0,0,0.00287592,0,0,0.00615548,17,16.5,3,-3,1,0,0,0,0,0,0,0.00643827,18,16.5,-1.00001,0.766174,1,5.34579e-05,0.5,0,-6.70552e-05,3.72529e-06,0,0.0106678,19,16.5,-2.96756,-1.60042,1,-0.122873,-0.498974,0,0.307217,0.0254065,0,0.00905911,20,16.5,-3,-3,1,0,0,0,0,0,0,0.00667981,21,16.5,-0.301694,-2.75471,1,-0.49989,-0.404425,0,-0.00439592,0.30832,0,0.00715517,22,16.5,-1.99327,0.492347,1,0.0183731,-0.499927,0,-0.0641197,-0.00291869,0,0.0129007,23,16.5,-1.99999,-2.8056,1,-6.42613e-05,-0.417884,0,2.23517e-05,0.370055,0,0.00785772,24,16.5,0.999464,-0.44352,1,-0.000205915,-0.45704,0,0.00144914,-0.235107,0,0.0119349,25,16.5,-0.831237,-0.0196977,1,-0.399404,0.155558,0,0.401404,0.681426,0,0.0128398,26,16.5,3,-0.999782,1,0,-0.00066096,0,0,0.00019744,0,0.00461156,27,16.5,2.99994,2.52912,1,1.3411e-05,0.5,0,0.000149012,0,0,0.00509504,28,16.5,-2.54378,1.00051,1,0.452379,0.000477023,0,0.286087,-0.00215322,0,0.00870914,29,16.5,1.39983,-1.99958,1,-0.49899,-0.000500865,0,0.0251159,-0.000916421,0,0.0114504,30,16.5,-1.6789,2.00008,1,-0.491388,-0.000146776,0,0.0989139,5.96046e-05,0,0.0107896,31,16.5,0.243074,2.32673,1,0.497146,-0.45639,0,0.0803088,0.218689,0,0.0104861,32,16.5,1.93423,-0.460989,1,-0.249217,0.497304,0,-0.871167,-0.0539291,0,0.0196621,33,16.5,2.99329,0.678848,1,0.00498071,0.491411,0,0.0188351,-0.0988021,0,0.00712492,34,16.5,1.45145,2.99992,1,-0.5,-0.000114366,0,7.45058e-06,0.000432134,0,0.00653788,35,16.5,1.56189,1.99789,1,0.498624,-0.0258649,0,-0.0305101,-0.521235,0,0.0100039
0,16.6,-0.338596,-1.01186,1,0.491587,0.00988841,0,-0.0973642,0.0291467,0,0.0128419,1,16.6,0.339298,-2.23201,1,-0.464058,-0.496912,0,0.191078,-0.0617504,0,0.0103065,2,16.6,2.56271,0.00399494,1,0.5,-0.0120335,0,0,0.00979576,0,0.00763329,3,16.6,-2.11216,-1.98629,1,0.345445,-0.039655,0,-0.472665,0.0349283,0,0.00966886,4,16.6,0.914862,-2.99999,1,0.5,-5.96046e-06,0,2.98023e-05,0,0,0.00647093,5,16.6,0.397196,3,1,-0.499935,0,0,0.0012964,0,0,0.00487481,6,16.6,-0.774259,-1.99852,1,0.465691,0.00633001,0,0.362217,-0.000476837,0,0.0139104,7,16.6,2.9999,-2,1,0.000101328,-1.78814e-05,0,0.000357628,0,0,0.00654627,8,16.6,-3,-0.657068,1,-5.96046e-06,-0.492546,0,-0.000119209,0.0892282,0,0.0128932,9,16.6,1.27329,0.999555,1,-0.478008,0.0098303,0,0.176609,-0.0294149,0,0.0112082,10,16.6,-0.0175503,-0.338159,1,-0.120885,0.491437,0,-0.472144,-0.0989735,0,0.0145112,11,16.6,1.5492,-1.00234,1,0.500003,0.0895381,0,-5.96046e-05,0.555634,0,0.0135641,12,16.6,-2.60786,0.00348336,1,-0.49929,-0.00127368,0,0.0141859,-0.0121484,0,0.0087181,13,16.6,2.52748,1.99889,1,0.490236,0.000503659,0,-0.123024,0.00298023,0,0.00793954,14,16.6,1.84253,-2.52569,1,0.338396,0.5,0,-0.380754,0,0,0.00896649,15,16.6,0.00116815,0.99989,1,-0.00421612,0.000396371,0,0.00341848,-0.000298023,0,0.0115286,16,16.6,2.38172,3,1,-0.498855,0,0,0.0231266,0,0,0.00618724,17,16.6,3,-3,1,0,0,0,0,0,0,0.00604865,18,16.6,-1.00001,0.816174,1,4.47035e-05,0.5,0,0,2.98023e-05,0,0.008577,19,16.6,-2.97837,-1.65011,1,-0.0938952,-0.494069,0,0.271678,0.0762343,0,0.00876547,20,16.6,-3,-3,1,0,0,0,0,0,0,0.00603509,21,16.6,-0.351692,-2.79355,1,-0.5,-0.371861,0,1.43051e-05,0.340939,0,0.0083498,22,16.6,-1.99176,0.442348,1,0.0119448,-0.5,0,-0.0637174,1.43051e-05,0,0.0103931,23,16.6,-1.99999,-2.84541,1,-5.96046e-05,-0.377238,0,5.96046e-05,0.438571,0,0.00736578,24,16.6,0.999451,-0.490302,1,-5.21541e-05,-0.477563,0,0.00154972,-0.172704,0,0.0121155,25,16.6,-0.869066,-0.000469435,1,-0.356258,0.231023,0,0.456721,0.802906,0,0.0147407,26,16.6,3,-0.999846,1,0,-0.000619888,0,0,0.000566244,0,0.00540496,27,16.6,2.99994,2.57912,1,2.98023e-05,0.5,0,0,0,0,0.00523673,28,16.6,-2.49724,1.00054,1,0.477082,0.00025034,0,0.203013,-0.00232458,0,0.0114183,29,16.6,1.35013,-1.99963,1,-0.494125,-0.000566244,0,0.0758171,-0.000476837,0,0.00968614,30,16.6,-1.72742,2.00007,1,-0.477651,-0.000143051,0,0.178337,0.000119209,0,0.00876576,31,16.6,0.292999,2.28226,1,0.5,-0.432104,0,1.43051e-05,0.265479,0,0.0115209,32,16.6,1.90489,-0.411618,1,-0.337139,0.489232,0,-0.851631,-0.107348,0,0.0133377,33,16.6,2.99387,0.727369,1,0.00659227,0.477682,0,0.013113,-0.178128,0,0.00629811,34,16.6,1.40145,2.99991,1,-0.500003,-7.15256e-05,0,5.96046e-05,0.000596046,0,0.00786686,35,16.6,1.61153,1.99212,1,0.49338,-0.0946462,0,-0.0767112,-0.820279,0,0.0137215
0,16.7,-0.290035,-1.01074,1,0.478482,0.0123342,0,-0.166656,0.019826,0,0.0128419,1,16.7,0.293955,-2.28189,1,-0.441797,-0.499807,0,0.251839,-0.0077188,0,0.0103065,2,16.7,2.61265,0.00284794,1,0.498037,-0.01084,0,-0.0432283,0.0137859,0,0.00763329,3,16.7,-2.08003,-1.99006,1,0.296576,-0.0355525,0,-0.500396,0.0462756,0,0.00966886,4,16.7,0.964862,-3,1,0.5,-5.96046e-06,0,0,0,0,0.00647093,5,16.7,0.347203,3,1,-0.499964,0,0,-0.000806451,0,0,0.00487481,6,16.7,-0.726231,-1.99791,1,0.491432,0.00589266,0,0.157513,-0.00783801,0,0.0139104,7,16.7,2.99991,-2,1,0.000130013,-1.69501e-05,0,0.000223517,2.23517e-05,0,0.00654627,8,16.7,-3,-0.705768,1,-9.68575e-06,-0.48032,0,2.98023e-05,0.15749,0,0.0128932,9,16.7,1.22656,1.0004,1,-0.454851,0.00703232,0,0.283398,-0.0264384,0,0.0112082,10,16.7,-0.0321766,-0.289683,1,-0.173014,0.476401,0,-0.554861,-0.199644,0,0.0145112,11,16.7,1.59911,-0.990404,1,0.497198,0.151025,0,-0.0573993,0.663094,0,0.0135641,12,16.7,-2.65765,0.00329932,1,-0.495597,-0.00236542,0,0.0655502,-0.00964521,0,0.0087181,13,16.7,2.5752,1.99896,1,0.457919,0.000800379,0,-0.496969,0.00306219,0,0.00793954,14,16.7,1.87444,-2.47569,1,0.299711,0.5,0,-0.391103,0,0,0.00896649,15,16.7,0.000767017,0.999928,1,-0.00377633,0.00035679,0,0.00523499,-0.000480562,0,0.0115286,16,16.7,2.33203,3,1,-0.494135,0,0,0.0762194,0,0,0.00618724,17,16.7,3,-3,1,0,0,0,0,0,0,0.00604865,18,16.7,-1,0.866174,1,4.35859e-05,0.5,0,-2.98023e-05,0,0,0.008577,19,16.7,-2.98646,-1.69903,1,-0.0686403,-0.483248,0,0.23298,0.142805,0,0.00876547,20,16.7,-3,-3,1,0,0,0,0,0,0,0.00603509,21,16.7,-0.401692,-2.829,1,-0.5,-0.336683,0,0,0.360832,0,0.0083498,22,16.7,-1.99087,0.392394,1,0.00591259,-0.498523,0,-0.0566766,0.0337827,0,0.0103931,23,16.7,-2,-2.88086,1,-5.1409e-05,-0.33094,0,8.9407e-05,0.483409,0,0.00736578,24,16.7,0.999453,-0.538806,1,0.000102445,-0.491349,0,0.00151992,-0.102509,0,0.0121155,25,16.7,-0.902365,0.0266759,1,-0.309354,0.311597,0,0.47794,0.786402,0,0.0147407,26,16.7,3,-0.999905,1,0,-0.000548922,0,0,0.000834465,0,0.00540496,27,16.7,2.99994,2.62903,1,3.1665e-05,0.497016,0,4.47035e-05,-0.0621825,0,0.00523673,28,16.7,-2.44868,1.00056,1,0.492438,2.58908e-05,0,0.105783,-0.00213832,0,0.0114183,29,16.7,1.3012,-1.99969,1,-0.483351,-0.000593066,0,0.142306,-7.45058e-05,0,0.00968614,30,16.7,-1.77411,2.00005,1,-0.454332,-0.00012964,0,0.284858,0.000149012,0,0.00876576,31,16.7,0.342999,2.24045,1,0.5,-0.403572,0,-1.78814e-06,0.303552,0,0.0115209,32,16.7,1.86717,-0.363338,1,-0.4141,0.475318,0,-0.665858,-0.169527,0,0.0133377,33,16.7,2.99459,0.774061,1,0.00759363,0.454381,0,0.00703335,-0.284713,0,0.00629811,34,16.7,1.35158,2.9999,1,-0.495954,-1.60187e-05,0,0.0815168,0.000491738,0,0.00786686,35,16.7,1.6603,1.9782,1,0.480424,-0.186222,0,-0.178784,-0.977539,0,0.0137215
0,16.8,-0.243147,-1.00943,1,0.457988,0.01387,0,-0.243999,0.0109076,0,0.0139687,1,16.8,0.251119,-2.33188,1,-0.414135,-0.5,0,0.299245,0,0,0.0113097,2,16.8,2.66214,0.00183746,1,0.490671,-0.00932989,0,-0.106812,0.0161684,0,0.00772919,3,16.8,-2.05289,-1.99337,1,0.246173,-0.0305533,0,-0.504017,0.0529289,0,0.0107121,4,16.8,1.01486,-3,1,0.5,-5.96046e-06,0,0,0,0,0.00712758,5,16.8,0.297204,3,1,-0.5,0,0,1.43051e-05,0,0,0.00640079,6,16.8,-0.676577,-1.99736,1,0.499259,0.00484586,0,0.0148118,-0.0127554,0,0.00931693,7,16.8,2.99992,-2,1,0.000143051,-1.49012e-05,0,0,5.96046e-05,0,0.00592928,8,16.8,-3,-0.752886,1,-5.96046e-06,-0.460732,0,0.000119209,0.23523,0,0.0104946,9,16.8,1.18265,1.00097,1,-0.421974,0.00456274,0,0.370741,-0.0229478,0,0.0104531,10,16.8,-0.0522807,-0.243193,1,-0.229029,0.451947,0,-0.552742,-0.287153,0,0.0142907,11,16.8,1.64844,-0.971887,1,0.488314,0.220051,0,-0.121057,0.707358,0,0.0117019,12,16.8,-2.70675,0.00301897,1,-0.485224,-0.00319688,0,0.145912,-0.00696653,0,0.00900027,13,16.8,2.61807,1.99905,1,0.395697,0.00113249,0,-0.725269,0.00369549,0,0.0115406,14,16.8,1.90246,-2.42569,1,0.260529,0.5,0,-0.390768,0,0,0.0094963,15,16.8,0.000417575,0.999961,1,-0.00319539,0.000302494,0,0.00626354,-0.000566244,0,0.0128712,16,16.8,2.28312,3,1,-0.48281,0,0,0.153422,0,0,0.00472594,17,16.8,3,-3,1,0,0,0,0,0,0,0.00598542,18,16.8,-1,0.916174,1,3.8743e-05,0.5,0,-5.96046e-05,2.98023e-05,0,0.00923852,19,16.8,-2.99223,-1.74652,1,-0.0473559,-0.465116,0,0.192642,0.221133,0,0.00765523,20,16.8,-3,-3,1,0,0,0,0,0,0,0.00656117,21,16.8,-0.451692,-2.86084,1,-0.5,-0.300032,0,1.43051e-05,0.370502,0,0.00728397,22,16.8,-1.99055,0.342795,1,0.000655651,-0.492512,0,-0.048399,0.0895113,0,0.0120545,23,16.8,-2,-2.91149,1,-4.17233e-05,-0.28134,0,0.000119209,0.504851,0,0.007757,24,16.8,0.999471,-0.588339,1,0.000248849,-0.498192,0,0.00140071,-0.0361502,0,0.0108956,25,16.8,-0.9309,0.061594,1,-0.261313,0.384651,0,0.479937,0.660347,0,0.0151137,26,16.8,3,-0.999955,1,0,-0.000457466,0,0,0.000953674,0,0.00517927,27,16.8,2.99994,2.6783,1,3.57628e-05,0.487155,0,0.000119209,-0.136614,0,0.00445005,28,16.8,-2.39905,1.00055,1,0.498772,-0.000175834,0,0.0245571,-0.00184774,0,0.0100475,29,16.8,1.25371,-1.99975,1,-0.465268,-0.000587106,0,0.220656,0.000298023,0,0.0107673,30,16.8,-1.81796,2.00004,1,-0.42133,-0.000113249,0,0.371993,0.000119209,0,0.00972401,31,16.8,0.392999,2.20166,1,0.5,-0.371701,0,-1.43051e-05,0.332117,0,0.0114128,32,16.8,1.82286,-0.316747,1,-0.467569,0.455605,0,-0.397801,-0.223324,0,0.0146734,33,16.8,2.99537,0.817922,1,0.00802875,0.421388,0,0.00178814,-0.371873,0,0.00675335,34,16.8,1.30253,2.9999,1,-0.483641,2.98023e-05,0,0.164747,0.000357628,0,0.00712737,35,16.8,1.70731,1.95462,1,0.458324,-0.285661,0,-0.259936,-0.999987,0,0.0114066
0,16.9,-0.198731,-1.008,1,0.428782,0.0145094,0,-0.336512,0.00215322,0,0.0139687,1,16.9,0.211264,-2.38188,1,-0.382373,-0.5,0,0.334042,0,0,0.0113097,2,16.9,2.71055,0.000987256,1,0.476295,-0.00765981,0,-0.18239,0.0170328,0,0.00772919,3,16.9,-2.03077,-1.99616,1,0.196565,-0.0251161,0,-0.484869,0.0551865,0,0.0107121,4,16.9,1.06486,-3,1,0.5,-5.96046e-06,0,0,0,0,0.00712758,5,16.9,0.247204,3,1,-0.5,0,0,-1.78814e-06,0,0,0.00640079,6,16.9,-0.626605,-1.99695,1,0.499954,0.00348352,0,0.00185892,-0.0142902,0,0.00931693,7,16.9,2.99994,-2,1,0.000139326,-1.02445e-05,0,-8.9407e-05,5.21541e-05,0,0.00592928,8,16.9,-3,-0.797616,1,3.72529e-06,-0.432308,0,5.96046e-05,0.329707,0,0.0104946,9,16.9,1.14242,1.00132,1,-0.38163,0.00246186,0,0.43311,-0.0190213,0,0.0104531,10,16.9,-0.078111,-0.199629,1,-0.288779,0.417534,0,-0.625257,-0.394845,0,0.0142907,11,16.9,1.69648,-0.946007,1,0.470759,0.29972,0,-0.225842,0.840079,0,0.0117019,12,16.9,-2.75434,0.00266956,1,-0.464575,-0.00374156,0,0.264063,-0.00398896,0,0.00900027,13,16.9,2.65348,1.99924,1,0.308575,0.00309907,0,-0.965655,0.033468,0,0.0115406,14,16.9,1.92657,-2.37577,1,0.221878,0.497478,0,-0.380717,-0.0532269,0,0.0094963,15,16.9,0.00013012,0.999988,1,-0.00254842,0.000243168,0,0.00658314,-0.000607222,0,0.0128712,16,16.9,2.23545,3,1,-0.471823,0,0,0.0769496,0,0,0.00472594,17,16.9,3,-3,1,0,0,0,0,0,0,0.00598542,18,16.9,-0.999997,0.966174,1,3.241e-05,0.5,0,-6.70552e-05,0,0,0.00923852,19,16.9,-2.99607,-1.79175,1,-0.0301268,-0.437949,0,0.152126,0.318743,0,0.00765523,20,16.9,-3,-3,1,0,0,0,0,0,0,0.00656117,21,16.9,-0.501692,-2.88899,1,-0.5,-0.262919,0,-5.66244e-06,0.370353,0,0.00728397,22,16.9,-1.9907,0.293702,1,-0.00353754,-0.491527,0,-0.0357777,-0.0420222,0,0.0120545,23,16.9,-2.00001,-2.93709,1,-2.98023e-05,-0.230657,0,0.000119209,0.504449,0,0.007757,24,16.9,0.999502,-0.6382,1,0.000373274,-0.497628,0,0.00108778,0.0483319,0,0.0108956,25,16.9,-0.954667,0.103097,1,-0.214422,0.442434,0,0.456277,0.483099,0,0.0151137,26,16.9,3,-0.999996,1,0,-0.000359397,0,0,0.0010021,0,0.00517927,27,16.9,2.99949,2.7262,1,-0.0130158,0.46951,0,-0.239775,-0.216872,0,0.00445005,28,16.9,-2.34921,1.00015,1,0.496506,-0.0109922,0,-0.0698417,-0.19908,0,0.0100475,29,16.9,1.20846,-1.99981,1,-0.438144,-0.000546128,0,0.318363,0.000506639,0,0.0107673,30,16.9,-1.8581,1.99957,1,-0.380252,-0.013162,0,0.444502,-0.239737,0,0.00972401,31,16.9,0.442999,2.1662,1,0.5,-0.337121,0,0,0.357375,0,0.0114128,32,16.9,1.77458,-0.272405,1,-0.493956,0.43029,0,-0.143781,-0.280514,0,0.0146734,33,16.9,2.99618,0.85809,1,0.0079792,0.380951,0,-0.00263751,-0.433858,0,0.00675335,34,16.9,1.25466,2.99991,1,-0.47673,6.03497e-05,0,-0.00706315,0.000268221,0,0.00712737,35,16.9,1.75173,1.92122,1,0.42904,-0.379897,0,-0.32261,-0.84994,0,0.0114066
0,17,-0.157663,-1.00655,1,0.391402,0.0143558,0,-0.407524,-0.00494719,0,0.0122331,1,17,0.174741,-2.43188,1,-0.347701,-0.5,0,0.357605,0,0,0.00883648,2,17,2.75713,0.000306471,1,0.453979,-0.00595975,0,-0.264287,0.0168046,0,0.00623741,3,17,-2.01349,-1.99839,1,0.149786,-0.0196308,0,-0.448227,0.0540018,0,0.00985183,4,17,1.11486,-3,1,0.500003,-5.96046e-06,0,-5.96046e-05,0,0,0.00829251,5,17,0.197204,3,1,-0.5,0,0,0,0,0,0.00681783,6,17,-0.576606,-1.99667,1,0.5,0.00202954,0,2.98023e-05,-0.0147223,0,0.00963296,7,17,2.99995,-2,1,0.00013113,-5.96046e-06,0,-0.000238419,0.000119209,0,0.00600135,8,17,-3,-0.839068,1,1.19209e-05,-0.395499,0,-0.000119209,0.402898,0,0.00784345,9,17,1.1065,1.00148,1,-0.335974,0.000759959,0,0.476778,-0.0149608,0,0.00946179,10,17,-0.110117,-0.159984,1,-0.351008,0.37417,0,-0.605605,-0.466794,0,0.0169309,11,17,1.74228,-0.911917,1,0.44395,0.380486,0,-0.306487,0.745296,0,0.0115889,12,17,-2.79931,0.00227995,1,-0.433034,-0.00400734,0,0.36335,-0.0013914,0,0.00818887,13,17,2.6794,1.99975,1,0.209439,0.00741482,0,-1.00017,0.0509024,0,0.0116464,14,17,1.94688,-2.32639,1,0.184667,0.488901,0,-0.362217,-0.120163,0,0.00954541,15,17,-9.19172e-05,1.00001,1,-0.00189528,0.000181794,0,0.00640716,-0.000596046,0,0.0144461,16,17,2.1886,3,1,-0.4655,0,0,0.0579357,0,0,0.00478953,17,17,3,-3,1,0,0,0,0,0,0,0.00573333,18,17,-0.999994,1.01617,1,2.5332e-05,0.5,0,-5.96046e-05,0,0,0.00950758,19,17,-2.99839,-1.83382,1,-0.0168681,-0.402063,0,0.113487,0.395477,0,0.00761996,20,17,-3,-3,1,0,0,0,0,0,0,0.00637601,21,17,-0.551692,-2.91344,1,-0.5,-0.226229,0,-2.98023e-05,0.362158,0,0.00847001,22,17,-1.99122,0.244293,1,-0.00655949,-0.496726,0,-0.0248551,-0.0478482,0,0.0128405,23,17,-2.00001,-2.95766,1,-1.78814e-05,-0.181252,0,0.000119209,0.480175,0,0.00698941,24,17,0.999545,-0.687576,1,0.000467896,-0.488415,0,0.000745058,0.136107,0,0.0108102,25,17,-0.973878,0.149399,1,-0.170346,0.479992,0,0.423968,0.267469,0,0.0129637,26,17,3,-1.00003,1,0,-0.00025928,0,0,0.00089407,0,0.00496551,27,17,2.99674,2.77193,1,-0.0440359,0.443757,0,-0.363111,-0.297666,0,0.00474991,28,17,-2.30006,0.99784,1,0.48486,-0.0371471,0,-0.162363,-0.311047,0,0.00901585,29,17,1.16637,-1.99986,1,-0.40229,-0.000485778,0,0.395179,0.000596046,0,0.00958039,30,17,-1.89382,1.99681,1,-0.33339,-0.044173,0,0.488222,-0.363052,0,0.00970134,31,17,0.492999,2.1343,1,0.5,-0.300628,0,-1.43051e-05,0.37086,0,0.010708,32,17,1.72476,-0.230856,1,-0.500003,0.399975,0,5.96046e-05,-0.323527,0,0.0127626,33,17,2.99696,0.893936,1,0.00752807,0.33524,0,-0.00607967,-0.477105,0,0.00560694,34,17,1.20679,2.99992,1,-0.481701,8.34465e-05,0,-0.0781417,0.000119209,0,0.00538948,35,17,1.79294,1.87944,1,0.394401,-0.45073,0,-0.367403,-0.552356,0,0.0110491
0,17.1,-0.120203,-1.00515,1,0.360933,0.0135602,0,-0.218741,-0.0106618,0,0.0122331,1,17.1,0.141781,-2.48188,1,-0.311304,-0.5,0,0.368855,0,0,0.00883648,2,17.1,2.80104,-0.00020753,1,0.422557,-0.00434298,0,-0.360087,0.015445,0,0.00623741,3,17.1,-2.00067,-2.00009,1,0.107454,-0.0144212,0,-0.396892,0.0498667,0,0.00985183,4,17.1,1.16486,-3,1,0.5,-5.96046e-06,0,-7.45058e-06,0,0,0.00829251,5,17.1,0.147204,3,1,-0.5,0,0,-1.3411e-06,0,0,0.00681783,6,17.1,-0.526606,-1.99654,1,0.5,0.000589155,0,-2.08616e-06,-0.0139549,0,0.00963296,7,17.1,2.99996,-2,1,0.000109151,3.72529e-06,0,-0.000193715,5.96046e-05,0,0.00600135,8,17.1,-3,-0.876516,1,2.23517e-06,-0.352672,0,-5.96046e-05,0.450537,0,0.00784345,9,17.1,1.07533,1.00149,1,-0.286951,-0.000531971,0,0.499479,-0.0109375,0,0.00946179,10,17.1,-0.148184,-0.124918,1,-0.409199,0.327025,0,-0.538455,-0.47368,0,0.0169309,11,17.1,1.78504,-0.870483,1,0.410258,0.44441,0,-0.363991,0.519291,0,0.0115889,12,17.1,-2.84063,0.00187634,1,-0.39191,-0.00402665,0,0.45307,0.000911074,0,0.00818887,13,17.1,2.69535,2.00069,1,0.10943,0.0108443,0,-1.00002,0.0192523,0,0.0116464,14,17.1,1.96359,-2.27775,1,0.150123,0.48664,0,-0.328504,0.0455528,0,0.00954541,15,17.1,-0.000250285,1.00002,1,-0.00128193,0.000124238,0,0.00581659,-0.000543892,0,0.0144461,16,17.1,2.14211,3,1,-0.466301,0,0,-0.0602305,0,0,0.00478953,17,17.1,3,-3,1,0,0,0,0,0,0,0.00573333,18,17.1,-0.999992,1.06617,1,1.93715e-05,0.5,0,-5.96046e-05,0,0,0.00950758,19,17.1,-2.99957,-1.87195,1,-0.00731423,-0.359799,0,0.0783801,0.446692,0,0.00761996,20,17.1,-3,-3,1,0,0,0,0,0,0,0.00637601,21,17.1,-0.601659,-2.93427,1,-0.4989,-0.190601,0,0.0268109,0.348955,0,0.00847001,22,17.1,-1.99198,0.194449,1,-0.00855699,-0.499575,0,-0.0153929,-0.0125931,0,0.0128405,23,17.1,-2.00001,-2.97345,1,-6.33299e-06,-0.135233,0,0.000104308,0.437006,0,0.00698941,24,17.1,0.999595,-0.73593,1,0.000525359,-0.480282,0,0.000413507,0.0391342,0,0.0108102,25,17.1,-0.988879,0.198397,1,-0.130533,0.496889,0,0.372503,0.0831912,0,0.0129637,26,17.1,3,-1.00005,1,0,-0.000172295,0,0,0.000827014,0,0.00496551,27,17.1,2.99018,2.81464,1,-0.090237,0.408796,0,-0.540704,-0.3957,0,0.00474991,28,17.1,-2.25258,0.991864,1,0.463066,-0.0885483,0,-0.269517,-0.682592,0,0.00901585,29,17.1,1.12873,-1.9999,1,-0.345121,-0.000420772,0,0.717558,0.000678003,0,0.00958039,30,17.1,-1.92468,1.99009,1,-0.283508,-0.0942644,0,0.505202,-0.608698,0,0.00970134,31,17.1,0.542999,2.1061,1,0.5,-0.263445,0,5.66244e-06,0.371322,0,0.010708,32,17.1,1.67476,-0.19253,1,-0.5,0.366062,0,7.45058e-06,-0.352747,0,0.0127626,33,17.1,2.99767,0.925027,1,0.00677444,0.286205,0,-0.00877678,-0.499416,0,0.00560694,34,17.1,1.15818,2.99992,1,-0.490835,9.31323e-05,0,-0.0899285,5.96046e-05,0,0.00538948,35,17.1,1.83049,1.83218,1,0.35615,-0.488858,0,-0.395119,-0.223421,0,0.0110491
0,17.2,-0.0850071,-1.00386,1,0.344608,0.0122815,0,-0.121316,-0.0145435,0,0.0185374,1,17.2,0.112503,-2.53188,1,-0.274211,-0.5,0,0.371665,0,0,0.00910763,2,17.2,2.84136,-0.000567452,1,0.382769,-0.00288557,0,-0.431776,0.0136405,0,0.00595748,3,17.2,-1.99181,-2.00129,1,0.0706524,-0.00971556,0,-0.338316,0.0439882,0,0.0100775,4,17.2,1.21486,-3,1,0.500003,-5.96046e-06,0,-5.96046e-05,0.000119209,0,0.00860483,5,17.2,0.0972036,3,1,-0.5,0,0,-2.38419e-06,0,0,0.00638573,6,17.2,-0.476606,-1.99655,1,0.5,-0.000736117,0,-1.43051e-05,-0.0124574,0,0.00952061,7,17.2,2.99997,-2,1,8.34465e-05,1.19209e-05,0,0,-5.96046e-05,0,0.00635915,8,17.2,-3,-0.909474,1,0,-0.306018,0,-0.000119209,0.47946,0,0.0107127,9,17.2,1.04914,1.00138,1,-0.236854,-0.00144243,0,0.498772,-0.00721216,0,0.00875607,10,17.2,-0.191563,-0.0945784,1,-0.45577,0.279886,0,-0.383407,-0.466995,0,0.0163728,11,17.2,1.82417,-0.823884,1,0.371793,0.48317,0,-0.402331,0.258058,0,0.0120654,12,17.2,-2.87745,0.00148138,1,-0.343573,-0.00384319,0,0.50807,0.00267173,0,0.00672606,13,17.2,2.70129,2.00183,1,0.00943542,0.0115573,0,-1.00017,-0.0038147,0,0.00930249,14,17.2,1.97702,-2.22878,1,0.118992,0.49336,0,-0.29397,0.0715256,0,0.0115431,15,17.2,-0.000350666,1.00003,1,-0.000739186,7.45058e-05,0,0.00500939,-0.000536442,0,0.0148054,16,17.2,2.09507,3,1,-0.47515,0,0,-0.106573,0,0,0.00445627,17,17.2,3,-3,1,0,0,0,0,0,0,0.00649902,18,17.2,-0.99999,1.11617,1,1.3411e-05,0.500003,0,-8.9407e-05,-5.96046e-05,0,0.0128491,19,17.2,-2.99996,-1.90564,1,-0.00101328,-0.313345,0,0.0486374,0.479102,0,0.00770908,20,17.2,-3,-3,1,0,0,0,0,0,0,0.00637905,21,17.2,-0.651338,-2.95162,1,-0.493808,-0.156707,0,0.0785291,0.327826,0,0.00926081,22,17.2,-1.9929,0.144459,1,-0.0096947,-0.5,0,-0.00756979,-3.57628e-06,0,0.0118452,23,17.2,-2.00001,-2.98488,1,0,-0.0943899,0,0.000119209,0.377655,0,0.00696518,24,17.2,0.999649,-0.783836,1,0.000551343,-0.478312,0,0.000149012,0.0104606,0,0.0122237,25,17.2,-1.00015,0.248312,1,-0.0957996,0.5,0,0.322521,-1.43051e-05,0,0.0124208,26,17.2,3,-1.00006,1,0,-9.53674e-05,0,0,0.000715256,0,0.00506009,27,17.2,2.9783,2.85342,1,-0.148481,0.365728,0,-0.60761,-0.460267,0,0.0053205,28,17.2,-2.20777,0.979221,1,0.431728,-0.167345,0,-0.353217,-0.864536,0,0.0104392,29,17.2,1.09813,-1.99994,1,-0.264308,-0.000354648,0,0.874102,0.000715256,0,0.0108453,30,17.2,-1.9505,1.97742,1,-0.233126,-0.160488,0,0.49895,-0.691712,0,0.0115574,31,17.2,0.592999,2.0816,1,0.5,-0.226641,0,2.98023e-05,0.363469,0,0.0116708,32,17.2,1.62476,-0.157721,1,-0.500003,0.329806,0,5.96046e-05,-0.370539,0,0.011611,33,17.2,2.9983,0.951143,1,0.00580549,0.236134,0,-0.0103712,-0.498414,0,0.00595633,34,17.2,1.10871,2.99993,1,-0.497779,9.53674e-05,0,-0.0444055,0,0,0.00558772,35,17.2,1.8641,1.7826,1,0.315851,-0.499359,0,-0.408709,-0.012815,0,0.010414
0,17.3,-0.0516011,-1.0027,1,0.319465,0.0107003,0,-0.364358,-0.0168458,0,0.0185374,1,17.3,0.0869386,-2.58187,1,-0.237144,-0.499705,0,0.368136,0.00958145,0,0.00910763,2,17.3,2.87739,-0.00079125,1,0.336987,-0.00162584,0,-0.479966,0.011515,0,0.00595748,3,17.3,-1.98633,-2.00206,1,0.0399897,-0.00567287,0,-0.274993,0.0368059,0,0.0100775,4,17.3,1.26486,-3,1,0.5,3.72529e-06,0,-7.45058e-06,5.96046e-05,0,0.00860483,5,17.3,0.0472036,3,1,-0.5,0,0,-4.47035e-07,0,0,0.00638573,6,17.3,-0.426608,-1.99668,1,0.499906,-0.00185128,0,-0.00376061,-0.00984222,0,0.00952061,7,17.3,2.99998,-2,1,7.71135e-05,6.89179e-06,0,-0.000104308,-3.72529e-05,0,0.00635915,8,17.3,-3,-0.937655,1,-5.58794e-06,-0.257443,0,-1.49012e-05,0.488296,0,0.0107127,9,17.3,1.02792,1.00121,1,-0.187943,-0.00200048,0,0.476331,-0.00405312,0,0.00875607,10,17.3,-0.238746,-0.0688817,1,-0.484824,0.234502,0,-0.200197,-0.439767,0,0.0163728,11,17.3,1.85931,-0.774664,1,0.330573,0.497966,0,-0.419721,0.0617132,0,0.0120654,12,17.3,-2.90921,0.00111261,1,-0.291255,-0.00351198,0,0.533253,0.00387849,0,0.00672606,13,17.3,2.69795,2.00294,1,-0.0694413,0.0103209,0,-0.593618,-0.019595,0,0.00930249,14,17.3,1.98752,-2.17913,1,0.0916187,0.498819,0,-0.253946,0.0319183,0,0.0115431,15,17.3,-0.000401124,1.00004,1,-0.000286002,2.64496e-05,0,0.00404854,-0.000417233,0,0.0148054,16,17.3,2.04696,3,1,-0.487274,0,0,-0.118934,0,0,0.00445627,17,17.3,3,-3,1,0,0,0,0,0,0,0.00649902,18,17.3,-0.999989,1.16617,1,5.40167e-06,0.5,0,-6.70552e-05,-7.45058e-06,0,0.0128491,19,17.3,-2.99986,-1.93454,1,0.00266023,-0.264632,0,0.0259429,0.491291,0,0.00770908,20,17.3,-3,-3,1,0,0,0,0,0,0,0.00637905,21,17.3,-0.700155,-2.96449,1,-0.480869,-0.0917654,0,0.178371,0.877246,0,0.00926081,22,17.3,-1.99389,0.0944593,1,-0.0101376,-0.5,0,-0.00150502,-2.98023e-07,0,0.0118452,23,17.3,-2.00001,-2.99255,1,1.00583e-05,-0.0600535,0,7.45058e-05,0.307932,0,0.00696518,24,17.3,0.999704,-0.831713,1,0.000535976,-0.479945,0,-0.000525266,-0.032898,0,0.0122237,25,17.3,-1.00821,0.298312,1,-0.0660703,0.5,0,0.272542,0,0,0.0124208,26,17.3,3,-1.00007,1,0,-3.03611e-05,0,0,0.000573695,0,0.00506009,27,17.3,2.96007,2.88761,1,-0.218748,0.31759,0,-0.769913,-0.497431,0,0.0053205,28,17.3,-2.16649,0.958014,1,0.392735,-0.257541,0,-0.421926,-0.909966,0,0.0104392,29,17.3,1.07631,-1.99998,1,-0.170209,-0.000366755,0,0.984266,-0.00113994,0,0.0108453,30,17.3,-1.97138,1.95766,1,-0.184885,-0.236686,0,0.464216,-0.805527,0,0.0115574,31,17.3,0.642877,2.06073,1,0.496307,-0.191035,0,-0.0749864,0.347525,0,0.0116708,32,17.3,1.57476,-0.126612,1,-0.5,0.292233,0,7.45058e-06,-0.379113,0,0.011611,33,17.3,2.99883,0.972294,1,0.00472702,0.187274,0,-0.011012,-0.47569,0,0.00595633,34,17.3,1.05879,2.99994,1,-0.499861,9.35048e-05,0,-0.00555068,-4.47035e-05,0,0.00558772,35,17.3,1.89364,1.73262,1,0.27497,-0.499959,0,-0.407189,-0.00160187,0,0.010414
0,17.4,-0.0217596,-1.00172,1,0.274902,0.00895262,0,-0.512423,-0.0178218,0,0.0153198,1,17.4,0.065048,-2.63175,1,-0.200872,-0.497049,0,0.355957,0.0501871,0,0.0106403,2,17.4,2.90864,-0.000900035,1,0.287557,-0.000588066,0,-0.504971,0.00922478,0,0.00654646,3,17.4,-1.9836,-2.00245,1,0.0156045,-0.0023663,0,-0.213087,0.0293255,0,0.00860219,4,17.4,1.31486,-3,1,0.500003,1.19209e-05,0,-5.96046e-05,-0.000119209,0,0.00824756,5,17.4,-0.00279641,3,1,-0.5,0,0,-1.19209e-06,0,0,0.00511042,6,17.4,-0.376666,-1.99691,1,0.498496,-0.00270903,0,-0.0300705,-0.00721216,0,0.00927619,7,17.4,2.99999,-2,1,6.55651e-05,2.98023e-06,0,-0.000238419,-5.96046e-05,0,0.00559066,8,17.4,-3,-0.960969,1,-5.96046e-06,-0.209048,0,0,0.47648,0,0.00765056,9,17.4,1.01145,1.00099,1,-0.142136,-0.00227094,0,0.437438,-0.00143051,0,0.00886368,10,17.4,-0.287964,-0.0475785,1,-0.497146,0.192099,0,-0.0570714,-0.407539,0,0.0171281,11,17.4,1.89025,-0.724715,1,0.288293,0.5,0,-0.423729,2.98023e-05,0,0.010876,12,17.4,-2.93566,0.000782284,1,-0.237864,-0.00308157,0,0.529885,0.00466275,0,0.00718532,13,17.4,2.6886,2.00385,1,-0.112373,0.00787973,0,-0.279427,-0.0281334,0,0.00716868,14,17.4,1.99547,-2.12916,1,0.0681162,0.5,0,-0.216663,0,0,0.00864559,15,17.4,-0.000411106,1.00004,1,7.01635e-05,-1.19209e-05,0,0.00307689,-0.000238419,0,0.0136924,16,17.4,1.99772,3,1,-0.496662,0,0,-0.0630617,0,0,0.00464161,17,17.4,3,-3,1,0,0,0,0,0,0,0.00567678,18,17.4,-0.999989,1.21617,1,0,0.500003,0,-8.9407e-05,-5.96046e-05,0,0.0122642,19,17.4,-2.99949,-1.95856,1,0.00437498,-0.215799,0,0.00941753,0.482142,0,0.0070116,20,17.4,-3,-3,1,0,0,0,0,0,0,0.00610417,21,17.4,-0.747198,-2.96895,1,-0.458533,0.00451803,0,0.266254,1.00005,0,0.00909817,22,17.4,-1.99491,0.0444593,1,-0.0100374,-0.5,0,0.00321865,0,0,0.00987537,23,17.4,-2.00001,-2.99714,1,1.19209e-05,-0.0329375,0,0.000119209,0.234246,0,0.00707012,24,17.4,0.999753,-0.879873,1,0.000436604,-0.483061,0,-0.00151992,-0.0213087,0,0.0141661,25,17.4,-1.01353,0.348312,1,-0.0411928,0.5,0,0.225425,-1.43051e-05,0,0.0116688,26,17.4,3,-1.00007,1,0,2.38419e-05,0,0,0.000357628,0,0.00555732,27,17.4,2.93427,2.91686,1,-0.297523,0.267172,0,-0.784039,-0.506401,0,0.00457638,28,17.4,-2.12941,0.927831,1,0.348228,-0.344378,0,-0.464082,-0.8066,0,0.00891695,29,17.4,1.06426,-2.00002,1,-0.0706017,-0.000607967,0,0.999987,-0.0038147,0,0.0107864,30,17.4,-1.98761,1.92996,1,-0.140572,-0.316915,0,0.420809,-0.778973,0,0.00855385,31,17.4,0.692001,2.04333,1,0.484851,-0.157344,0,-0.154465,0.325441,0,0.0140533,32,17.4,1.52476,-0.0992858,1,-0.500003,0.254326,0,5.96046e-05,-0.37742,0,0.0122174,33,17.4,2.99925,0.988703,1,0.00362992,0.14154,0,-0.0107288,-0.436574,0,0.00630597,34,17.4,1.0088,2.99995,1,-0.500001,8.9407e-05,0,0,0,0,0.006202,35,17.4,1.91911,1.68262,1,0.234738,-0.500003,0,-0.396073,5.96046e-05,0,0.00982478
0,17.5,0.00303579,-1.00092,1,0.219955,0.00716858,0,-0.575629,-0.0177026,0,0.0153198,1,17.5,0.0467076,-2.6811,1,-0.166289,-0.488914,0,0.33473,0.116274,0,0.0106403,2,17.5,2.93438,-0.000916694,1,0.223182,0.000216051,0,-0.753254,0.00689526,0,0.00654646,3,17.5,-1.98301,-2.00256,1,-0.00271685,0.000187382,0,-0.154421,0.0218302,0,0.00860219,4,17.5,1.36486,-3,1,0.5,2.23517e-06,0,-7.45058e-06,-5.96046e-05,0,0.00824756,5,17.5,-0.0527964,3,1,-0.5,0,0,2.98023e-07,0,0,0.00511042,6,17.5,-0.32705,-1.99721,1,0.492892,-0.00330918,0,-0.086505,-0.00479817,0,0.00927619,7,17.5,2.99999,-2,1,4.39584e-05,-1.86265e-06,0,-0.000178814,-2.98023e-05,0,0.00559066,8,17.5,-3,-0.979536,1,-1.86265e-06,-0.162807,0,4.47035e-05,0.445794,0,0.00765056,9,17.5,0.999341,1.00129,1,-0.100949,0.0126697,0,0.384931,0.272572,0,0.00886368,10,17.5,-0.337854,-0.0303427,1,-0.499821,0.153263,0,-0.00713572,-0.368801,0,0.0171281,11,17.5,1.91668,-0.674715,1,0.23788,0.5,0,-0.572056,0,0,0.010876,12,17.5,-2.95683,0.000498226,1,-0.185976,-0.0025933,0,0.503525,0.00504034,0,0.00718532,13,17.5,2.67729,2.0045,1,-0.101948,0.00497326,0,0.43118,-0.0295043,0,0.00716868,14,17.5,2.00126,-2.07916,1,0.0483226,0.5,0,-0.179857,0,0,0.00864559,15,17.5,-0.00039032,1.00004,1,0.000329816,-3.22238e-05,0,0.00213268,-0.000171363,0,0.0136924,16,17.5,1.94785,3,1,-0.499745,0,0,-0.00926852,0,0,0.00464161,17,17.5,3,-3,1,0,0,0,0,0,0,0.00567678,18,17.5,-0.99999,1.26617,1,-7.26432e-06,0.5,0,-5.96046e-05,-7.45058e-06,0,0.0122642,19,17.5,-2.99903,-1.97777,1,0.00472888,-0.168887,0,-0.00160933,0.453405,0,0.0070116,20,17.5,-3,-3,1,0,0,0,0,0,0,0.00610417,21,17.5,-0.791561,-2.9635,1,-0.427261,0.104521,0,0.35451,1,0,0.00909817,22,17.5,-1.99538,-0.00554068,1,0.00524987,-0.5,0,0.286035,-1.49012e-07,0,0.00987537,23,17.5,-2.00001,-2.99938,1,2.16067e-05,-0.0131544,0,5.96046e-05,0.162467,0,0.00707012,24,17.5,0.999789,-0.928313,1,0.000289176,-0.485798,0,-0.00159815,-0.0257418,0,0.0141661,25,17.5,-1.0166,0.398312,1,-0.0210702,0.5,0,0.17795,0,0,0.0116688,26,17.5,3,-1.00006,1,0,5.4948e-05,0,0,0.00026077,0,0.00555732,27,17.5,2.9007,2.94106,1,-0.372178,0.217012,0,-0.690386,-0.49299,0,0.00457638,28,17.5,-2.09692,0.889671,1,0.301366,-0.41544,0,-0.470713,-0.605293,0,0.00891695,29,17.5,1.0622,-2.00015,1,0.0293598,-0.00244044,0,0.998482,-0.0307113,0,0.0107864,30,17.5,-1.99967,1.89453,1,-0.10161,-0.389672,0,0.358969,-0.658214,0,0.00855385,31,17.5,0.740087,2.02916,1,0.479926,-0.12652,0,0.0302754,0.291094,0,0.0140533,32,17.5,1.47476,-0.0753534,1,-0.5,0.22783,0,7.45058e-06,-0.166683,0,0.0122174,33,17.5,2.99956,1.00023,1,0.00259951,0.0852942,0,-0.00974536,-0.659019,0,0.00630597,34,17.5,0.958795,2.99996,1,-0.5,8.71718e-05,0,3.72529e-06,-5.96046e-05,0,0.006202,35,17.5,1.94094,1.63262,1,0.20473,-0.5,0,-0.21407,7.45058e-06,0,0.00982478
0,17.6,0.0221235,-1.00029,1,0.161722,0.0054419,0,-0.580464,-0.0166893,0,0.0152419,1,17.6,0.0317101,-2.72928,1,-0.134103,-0.473201,0,0.308216,0.200033,0,0.00858482,2,17.6,2.95272,-0.000864196,1,0.142133,0.000799137,0,-0.844717,0.00481028,0,0.00672788,3,17.6,-1.98396,-2.00244,1,-0.0155002,0.0020206,0,-0.10252,0.0151396,0,0.0125742,4,17.6,1.41486,-3,1,0.500003,-5.96046e-06,0,-5.96046e-05,0,0,0.00744207,5,17.6,-0.102796,3,1,-0.5,0,0,3.57628e-06,0,0,0.0046745,6,17.6,-0.278317,-1.99757,1,0.480469,-0.00367463,0,-0.164717,-0.0025034,0,0.00911578,7,17.6,3,-2,1,2.98023e-05,-5.96046e-06,0,-0.000238419,5.96046e-05,0,0.00547198,8,17.6,-3,-0.993657,1,0,-0.120333,0,0.000119209,0.401825,0,0.00883447,9,17.6,0.991075,1.00418,1,-0.0653639,0.0473171,0,0.325978,0.398755,0,0.010415,10,17.6,-0.38785,-0.0167933,1,-0.5,0.118401,0,1.43051e-05,-0.328203,0,0.0138615,11,17.6,1.93745,-0.624715,1,0.176209,0.5,0,-0.650704,2.98023e-05,0,0.0125904,12,17.6,-2.97299,0.000264288,1,-0.137919,-0.00208489,0,0.454307,0.00507657,0,0.00696816,13,17.6,2.67004,2.00485,1,-0.0365257,0.00206828,0,0.830173,-0.0280142,0,0.00730911,14,17.6,2.00525,-2.02916,1,0.0320256,0.5,0,-0.146866,5.96046e-05,0,0.00988678,15,17.6,-0.000348119,1.00003,1,0.00050024,-4.76837e-05,0,0.00129469,-5.96046e-05,0,0.014662,16,17.6,1.89786,3,1,-0.500003,0,0,5.96046e-05,0,0,0.00438412,17,17.6,3,-3,1,0,0,0,0,0,0,0.00479922,18,17.6,-0.99999,1.31617,1,-1.3411e-05,0.500003,0,0,-5.96046e-05,0,0.0103805,19,17.6,-2.99858,-1.99246,1,0.00419021,-0.125587,0,-0.00846386,0.410616,0,0.00696326,20,17.6,-3,-3,1,0,0,0,0,0,0,0.00643722,21,17.6,-0.832402,-2.94805,1,-0.388521,0.204515,0,0.41604,1.00017,0,0.0087463,22,17.6,-1.99308,-0.0555407,1,0.0440568,-0.5,0,0.475466,2.38419e-06,0,0.0170333,23,17.6,-2.00001,-2.99999,1,2.38419e-05,-0.000160933,0,0,0.0993013,0,0.0089669,24,17.6,0.999809,-0.976975,1,8.79169e-05,-0.486851,0,-0.002563,0.010699,0,0.0151265,25,17.6,-1.01789,0.448312,1,-0.00541806,0.5,0,0.135899,-1.43051e-05,0,0.010521,26,17.6,3,-1.00006,1,0,7.7486e-05,0,0,0.000119209,0,0.00508269,27,17.6,2.86031,2.96034,1,-0.432771,0.169253,0,-0.511885,-0.459194,0,0.00505351,28,17.6,-2.06913,0.845485,1,0.254548,-0.46441,0,-0.463486,-0.373214,0,0.0106036,29,17.6,1.07012,-2.00058,1,0.128785,-0.00635982,0,0.987887,-0.0457764,0,0.0119429,30,17.6,-2.00814,1.85258,1,-0.0686705,-0.445971,0,0.300527,-0.459969,0,0.0121676,31,17.6,0.788368,2.01791,1,0.486626,-0.0991166,0,0.0866354,0.257134,0,0.010571,32,17.6,1.42476,-0.0531534,1,-0.500003,0.218366,0,5.96046e-05,-0.0346193,0,0.0118644,33,17.6,2.99977,1.0053,1,0.00169873,0.014931,0,-0.00822544,-0.725687,0,0.00651386,34,17.6,0.908795,2.99997,1,-0.5,8.34465e-05,0,-2.98023e-05,-0.000238419,0,0.00585513,35,17.6,1.96057,1.58262,1,0.190052,-0.500003,0,-0.0882149,5.96046e-05,0,0.0121341
0,17.7,0.0354539,-0.999822,1,0.105623,0.00385568,0,-0.536358,-0.0149533,0,0.0152419,1,17.7,0.0197891,-2.7754,1,-0.104847,-0.44749,0,0.276413,0.310525,0,0.00858482,2,17.7,2.96241,-0.000763874,1,0.0494115,0.00117271,0,-0.980586,0.00273393,0,0.00672788,3,17.7,-1.98595,-2.00217,1,-0.0234554,0.00321977,0,-0.0580475,0.0090152,0,0.0125742,4,17.7,1.46486,-3,1,0.5,-5.96046e-06,0,-7.45058e-06,0,0,0.00744207,5,17.7,-0.152796,3,1,-0.5,0,0,-4.47035e-07,0,0,0.0046745,6,17.7,-0.231281,-1.99794,1,0.458425,-0.0038106,0,-0.273138,-0.000283122,0,0.00911578,7,17.7,3,-2,1,1.08033e-05,-1.11759e-06,0,-0.000163913,2.98023e-05,0,0.00547198,8,17.7,-3,-1.00377,1,9.68575e-06,-0.0828331,0,5.96046e-05,0.347257,0,0.00883447,9,17.7,0.986042,1.01131,1,-0.0365062,0.0987124,0,0.252277,0.601888,0,0.010415,10,17.7,-0.43785,-0.00651595,1,-0.5,0.0879191,0,0,-0.28181,0,0.0138615,11,17.7,1.95167,-0.574715,1,0.10701,0.5,0,-0.722058,0,0,0.0125904,12,17.7,-2.98461,8.08346e-05,1,-0.0956476,-0.00158862,0,0.388861,0.00481121,0,0.00696816,13,17.7,2.67078,2.00492,1,0.0530858,-0.000529364,0,0.936672,-0.0237972,0,0.00730911,14,17.7,2.0077,-1.97916,1,0.0167355,0.5,0,-0.159353,-1.49012e-05,0,0.00988678,15,17.7,-0.000292878,1.00003,1,0.000592646,-5.17815e-05,0,0.000578476,-1.49012e-05,0,0.014662,16,17.7,1.84786,3,1,-0.5,0,0,7.45058e-06,0,0,0.00438412,17,17.7,3,-3,1,0,0,0,0,0,0,0.00479922,18,17.7,-0.999992,1.36617,1,-1.33179e-05,0.5,0,3.72529e-06,-7.45058e-06,0,0.0103805,19,17.7,-2.99821,-2.00305,1,0.00314973,-0.0871807,0,-0.011906,0.35648,0,0.00696326,20,17.7,-3,-3,1,0,0,0,0,0,0,0.00643722,21,17.7,-0.869111,-2.92261,1,-0.345125,0.303879,0,0.448588,0.974238,0,0.0087463,22,17.7,-1.98546,-0.105541,1,0.114976,-0.5,0,0.885427,-5.96046e-07,0,0.0170333,23,17.7,-2,-2.9996,1,2.23517e-05,0.00721477,0,-2.98023e-05,0.050649,0,0.0089669,24,17.7,0.999807,-1.02566,1,-0.000127591,-0.487062,0,-0.00199676,-0.00676513,0,0.0151265,25,17.7,-1.01782,0.498312,1,0.00629369,0.5,0,0.0991747,5.66244e-06,0,0.010521,26,17.7,3,-1.00005,1,0,8.60542e-05,0,0,5.96046e-05,0,0.00508269,27,17.7,2.81482,2.97505,1,-0.473533,0.125712,0,-0.302806,-0.409484,0,0.00505351,28,17.7,-2.04595,0.797541,1,0.209554,-0.490944,0,-0.435382,-0.162918,0,0.0106036,29,17.7,1.08794,-2.00149,1,0.227346,-0.0121355,0,0.970401,-0.0673234,0,0.0119429,30,17.7,-2.0136,1.80604,1,-0.0417445,-0.481118,0,0.239268,-0.244908,0,0.0121676,31,17.7,0.83751,2.00922,1,0.496026,-0.0753038,0,0.0781529,0.219613,0,0.010571,32,17.7,1.37484,-0.031048,1,-0.497418,0.22763,0,0.0542998,0.199043,0,0.0118644,33,17.7,2.9999,1.00303,1,0.00096783,-0.0610171,0,-0.0063777,-0.774652,0,0.00651386,34,17.7,0.858795,2.99998,1,-0.5,6.18398e-05,0,0,-0.000178814,0,0.00585513,35,17.7,1.97939,1.53262,1,0.188755,-0.5,0,0.0517443,7.45058e-06,0,0.0121341
0,17.8,0.0434425,-0.999508,1,0.0553205,0.00246465,0,-0.466155,-0.0128448,0,0.0145681,1,17.8,0.0106304,-2.81844,1,-0.0788967,-0.411838,0,0.242308,0.398755,0,0.00815141,2,17.8,2.96239,-0.000635864,1,-0.0500977,0.00135987,0,-1.00017,0.00107597,0,0.0079099,3,17.8,-1.98852,-2.00181,1,-0.0273943,0.00386238,0,-0.0221133,0.00393391,0,0.0109883,4,17.8,1.51486,-3,1,0.500003,-5.96046e-06,0,-5.96046e-05,0.000119209,0,0.00745949,5,17.8,-0.202796,3,1,-0.5,0,0,0,0,0,0.00536908,6,17.8,-0.186962,-1.99832,1,0.426463,-0.00374317,0,-0.362881,0.00143051,0,0.0091536,7,17.8,3,-2,1,0,2.98023e-06,0,-0.000119209,0,0,0.00624782,8,17.8,-3,-1.01041,1,1.19209e-05,-0.0510156,0,0,0.288665,0,0.0121244,9,17.8,0.983539,1.02434,1,-0.0146776,0.162804,0,0.185549,0.658154,0,0.0116061,10,17.8,-0.48785,0.0009413,1,-0.5,0.0619597,0,-2.98023e-05,-0.237793,0,0.0185659,11,17.8,1.95873,-0.524715,1,0.0338703,0.5,0,-0.73117,1.43051e-05,0,0.0141355,12,17.8,-2.99236,-5.46693e-05,1,-0.0604868,-0.00112915,0,0.313044,0.00435079,0,0.00758658,13,17.8,2.68077,2.00476,1,0.146282,-0.00267029,0,0.907421,-0.0189543,0,0.0069862,14,17.8,2.00855,-1.92916,1,0.000107288,0.500003,0,-0.173569,-5.96046e-05,0,0.0106952,15,17.8,-0.00023173,1.00002,1,0.000620821,-5.36442e-05,0,8.83243e-06,5.96046e-05,0,0.015481,16,17.8,1.79786,3,1,-0.500003,0,0,5.96046e-05,0,0,0.00478829,17,17.8,3,-3,1,0,0,0,0,0,0,0.00542333,18,17.8,-0.999993,1.41617,1,-1.3411e-05,0.500003,0,2.98023e-05,-5.96046e-05,0,0.0115774,19,17.8,-2.99795,-2.01008,1,0.00188351,-0.0544429,0,-0.0128746,0.297785,0,0.00691867,20,17.8,-3,-3,1,0,0,0,0,0,0,0.0058084,21,17.8,-0.90135,-2.88756,1,-0.299425,0.394207,0,0.462472,0.793815,0,0.00997323,22,17.8,-1.96924,-0.155541,1,0.211293,-0.5,0,1.00005,0,0,0.0143677,23,17.8,-2,-2.99869,1,1.78814e-05,0.0104189,0,0,0.0154972,0,0.00651911,24,17.8,0.999783,-1.07437,1,-0.000354648,-0.486752,0,-0.00277162,0.0192523,0,0.0144633,25,17.8,-1.01675,0.548312,1,0.0145853,0.5,0,0.0673532,2.98023e-05,0,0.00972242,26,17.8,3,-1.00004,1,0,8.9407e-05,0,0,-5.96046e-05,0,0.00459474,27,17.8,2.76628,2.98567,1,-0.494128,0.0877142,0,-0.117421,-0.348926,0,0.0067089,28,17.8,-2.02712,0.747914,1,0.167662,-0.499144,0,-0.401974,-0.0171065,0,0.00940356,29,17.8,1.11538,-2.00306,1,0.319639,-0.0193834,0,0.856161,-0.0753403,0,0.0114899,30,17.8,-2.01668,1.75702,1,-0.0205636,-0.496376,0,0.18549,-0.0724792,0,0.0101045,31,17.8,0.887375,2.00273,1,0.499961,-0.0550926,0,0.00077486,0.185192,0,0.0115326,32,17.8,1.32548,-0.00704789,1,-0.488701,0.254347,0,0.121772,0.317871,0,0.0133673,33,17.8,2.99997,0.993104,1,0.000429153,-0.136696,0,-0.00452995,-0.724435,0,0.00944306,34,17.8,0.808795,2.99998,1,-0.5,4.76837e-05,0,-2.98023e-05,-0.000238419,0,0.00683969,35,17.8,1.99869,1.48262,1,0.198442,-0.500003,0,0.133038,5.96046e-05,0,0.0115376
0,17.9,0.04679,-0.999322,1,0.0131196,0.00129957,0,-0.376918,-0.0104532,0,0.0145681,1,17.9,0.00389289,-2.85751,1,-0.0564489,-0.368468,0,0.20656,0.464678,0,0.00815141,2,17.9,2.9524,-0.000496776,1,-0.14937,0.00140034,0,-0.976458,-0.000217491,0,0.0079099,3,17.9,-1.99132,-2.00142,1,-0.0281675,0.00404976,0,0.00525266,-1.49012e-05,0,0.0109883,4,17.9,1.56486,-3,1,0.499943,3.72529e-06,0,-0.00227243,5.96046e-05,0,0.00745949,5,17.9,-0.252796,3,1,-0.5,0,0,-8.9407e-07,0,0,0.00536908,6,17.9,-0.146246,-1.99869,1,0.386775,-0.00352822,0,-0.427926,0.00281632,0,0.0091536,7,17.9,3,-2,1,-9.68575e-06,2.98023e-06,0,-5.96046e-05,0,0,0.00624782,8,17.9,-3,-1.01417,1,1.15484e-05,-0.0251865,0,-1.49012e-05,0.228323,0,0.0121244,9,17.9,0.982832,1.04395,1,-0.00100164,0.229292,0,0.0924952,0.659414,0,0.0116061,10,17.9,-0.53785,0.00601948,1,-0.5,0.0403034,0,0,-0.195823,0,0.0185659,11,17.9,1.95844,-0.474716,1,-0.0393977,0.49993,0,-0.725754,-0.00280872,0,0.0141355,12,17.9,-2.99697,-0.000146822,1,-0.0331298,-0.000724157,0,0.234246,0.00373627,0,0.00758658,13,17.9,2.69966,2.00441,1,0.228675,-0.00427738,0,0.734389,-0.013262,0,0.0069862,14,17.9,2.00779,-1.87916,1,-0.0147402,0.5,0,-0.132412,-7.45058e-06,0,0.0106952,15,17.9,-0.00017037,1.00002,1,0.000599318,-4.76837e-05,0,-0.000414918,5.96046e-05,0,0.015481,16,17.9,1.74786,3,1,-0.5,0,0,7.45058e-06,0,0,0.00478829,17,17.9,3,-3,1,0,0,0,0,0,0,0.00542333,18,17.9,-0.999994,1.46617,1,-1.08965e-05,0.5,0,1.86265e-05,-7.45058e-06,0,0.0115774,19,17.9,-2.99783,-2.01414,1,0.000620261,-0.0277318,0,-0.0121742,0.236779,0,0.00691867,20,17.9,-3,-3,1,0,0,0,0,0,0,0.0058084,21,17.9,-0.928995,-2.84469,1,-0.253665,0.457834,0,0.451051,0.476658,0,0.00997323,22,17.9,-1.94318,-0.205541,1,0.308658,-0.5,0,0.923,-8.9407e-07,0,0.0143677,23,17.9,-2,-2.99761,1,1.69501e-05,0.0107381,0,-2.23517e-05,-0.00746548,0,0.00651911,24,17.9,0.999731,-1.12309,1,-0.000722334,-0.488704,0,-0.00464916,-0.0472516,0,0.0144633,25,17.9,-1.015,0.598286,1,0.0198742,0.499112,0,0.0393614,-0.0228621,0,0.00972242,26,17.9,3,-1.00003,1,0,8.25152e-05,0,0,-8.19564e-05,0,0.00459474,27,17.9,2.71651,2.99281,1,-0.499633,0.0561275,0,-0.0146776,-0.282228,0,0.0067089,28,17.9,-2.01229,0.697947,1,0.129488,-0.499946,0,-0.361085,-0.00214577,0,0.00940356,29,17.9,1.15139,-2.00545,1,0.397761,-0.0291031,0,0.688262,-0.112697,0,0.0114899,30,17.9,-2.01789,1.70716,1,-0.00441596,-0.499773,0,0.13864,-0.00905991,0,0.0101045,31,17.9,0.937374,1.99809,1,0.499997,-0.0382651,0,0.000104308,0.151992,0,0.0115326,32,17.9,1.27742,0.020163,1,-0.470458,0.291411,0,0.238433,0.410489,0,0.0133673,33,17.9,3,0.975838,1,6.81728e-05,-0.207991,0,-0.00275671,-0.687283,0,0.00944306,34,17.9,0.758795,2.9992,1,-0.5,-0.0228152,0,0,-0.4282,0,0.00683969,35,17.9,2.01941,1.43262,1,0.217726,-0.499927,0,0.239268,0.00291318,0,0.0115376
0,18,0.046371,-0.99924,1,-0.0199612,0.000374019,0,-0.284623,-0.00810623,0,0.0130364,1,18,-0.000778962,-2.89196,1,-0.037584,-0.319695,0,0.170831,0.506401,0,0.00766184,2,18,2.9327,-0.000359626,1,-0.243032,0.00132582,0,-0.88203,-0.00122742,0,0.00978032,3,18,-1.99408,-2.00102,1,-0.0266016,0.00389218,0,0.0247359,-0.00286102,0,0.00894896,4,18,1.61483,-3,1,0.499091,1.19209e-05,0,-0.0181198,-0.000119209,0,0.00847561,5,18,-0.302796,3,1,-0.5,0,0,0,0,0,0.00491827,6,18,-0.109794,-1.99902,1,0.341495,-0.00319481,0,-0.474483,0.00375509,0,0.00957961,7,18,3,-2,1,-1.19209e-05,0,0,0,5.96046e-05,0,0.00582787,8,18,-3,-1.01565,1,5.96046e-06,-0.00524223,0,0.000119209,0.171244,0,0.0100747,9,18,0.983072,1.07009,1,0.004673,0.292513,0,0.0250638,0.595391,0,0.0120746,10,18,-0.58785,0.00913689,1,-0.5,0.0226937,0,-2.98023e-05,-0.156895,0,0.0166059,11,18,1.95094,-0.42476,1,-0.109744,0.498877,0,-0.674248,-0.0224411,0,0.013348,12,18,-2.99924,-0.000201658,1,-0.0135005,-0.000383761,0,0.15974,0.0030657,0,0.00873079,13,18,2.72587,2.00392,1,0.292206,-0.00534058,0,0.532627,-0.00810623,0,0.00752344,14,18,2.00566,-1.82916,1,-0.0279546,0.500003,0,-0.13876,-5.96046e-05,0,0.0109523,15,18,-0.000113047,1.00001,1,0.000542335,-4.17233e-05,0,-0.000703746,5.96046e-05,0,0.0146842,16,18,1.69786,3,1,-0.500003,0,0,5.96046e-05,0,0,0.00647053,17,18,3,-3,1,0,0,0,0,0,0,0.0052141,18,18,-0.999995,1.51617,1,-8.9407e-06,0.500003,0,2.98023e-05,-5.96046e-05,0,0.00961284,19,18,-2.99783,-2.01583,1,-0.00051856,-0.00698566,0,-0.0104904,0.178695,0,0.00770683,20,18,-3,-3,1,0,0,0,0,0,0,0.00616451,21,18,-0.952137,-2.79703,1,-0.209531,0.490534,0,0.430226,0.189304,0,0.00964658,22,18,-1.90799,-0.255541,1,0.391868,-0.5,0,0.725269,1.43051e-05,0,0.0113539,23,18,-2,-2.9966,1,1.19209e-05,0.00921488,0,0,-0.0215769,0,0.00818877,24,18,0.999632,-1.17223,1,-0.00129342,-0.494283,0,-0.00679493,-0.0563264,0,0.0153581,25,18,-1.01286,0.64801,1,0.0226349,0.494541,0,0.0167489,-0.0723302,0,0.00898506,26,18,3,-1.00002,1,0,7.45058e-05,0,0,-0.000119209,0,0.00451214,27,18,2.66651,2.99712,1,-0.5,0.0312984,0,0,-0.214219,0,0.00745124,28,18,-2.00108,0.647948,1,0.0955045,-0.5,0,-0.318289,-2.98023e-05,0,0.00959759,29,18,1.19423,-2.00894,1,0.454876,-0.0407755,0,0.44775,-0.115752,0,0.0109682,30,18,-2.0177,1.65717,1,0.00738502,-0.500003,0,0.0985861,5.96046e-05,0,0.0108499,31,18,0.987374,1.99497,1,0.5,-0.024575,0,0,0.122488,0,0.0117615,32,18,1.23173,0.0514194,1,-0.441912,0.33407,0,0.328243,0.431839,0,0.015849,33,18,2.99999,0.951761,1,-0.000137091,-0.271687,0,-0.00143051,-0.576168,0,0.0080137,34,18,0.708795,2.99427,1,-0.5,-0.0802338,0,-2.98023e-05,-0.695109,0,0.0106559,35,18,2.04246,1.38267,1,0.24386,-0.498834,0,0.272274,0.0232458,0,0.0128436
0,18.1,0.0431074,-0.999239,1,-0.0437914,-0.000319816,0,-0.193492,-0.00581145,0,0.0130364,1,18.1,-0.00374236,-2.92134,1,-0.0222661,-0.267745,0,0.13591,0.527173,0,0.00766184,2,18.1,2.90414,-0.000234061,1,-0.326496,0.00117744,0,-0.777364,-0.00171079,0,0.00978032,3,18.1,-1.99659,-2.00064,1,-0.0234645,0.00350252,0,0.0369549,-0.00479817,0,0.00894896,4,18.1,1.66457,-3,1,0.494993,2.23517e-06,0,-0.0690371,-5.96046e-05,0,0.00847561,5,18.1,-0.352796,3,1,-0.5,0,0,3.57628e-06,0,0,0.00491827,6,18.1,-0.0780701,-1.99932,1,0.292554,-0.00278298,0,-0.500075,0.00440329,0,0.00957961,7,18.1,3,-2,1,-1.04308e-05,4.84288e-06,0,2.98023e-05,2.98023e-05,0,0.00582787,8,18.1,-2.99999,-1.01541,1,1.41561e-05,0.00919849,0,2.98023e-05,0.118762,0,0.0100747,9,18.1,0.983474,1.10212,1,0.0016924,0.346011,0,-0.0752658,0.477262,0,0.0120746,10,18.1,-0.637739,0.0106868,1,-0.49663,0.00893412,0,0.0689849,-0.11914,0,0.0166059,11,18.1,1.9365,-0.375048,1,-0.179697,0.494611,0,-0.709884,-0.0664853,0,0.013348,12,18.1,-2.9999,-0.000225879,1,-0.000793114,-0.000112265,0,0.0971407,0.00236951,0,0.00873079,13,18.1,2.75735,2.00335,1,0.333207,-0.00590049,0,0.291765,-0.00326335,0,0.00752344,14,18.1,2.00216,-1.77916,1,-0.0422634,0.5,0,-0.158846,-7.45058e-06,0,0.0109523,15,18.1,-6.26491e-05,1.00001,1,0.000462899,-3.57628e-05,0,-0.000867173,5.96046e-05,0,0.0146842,16,18.1,1.64786,3,1,-0.5,0,0,7.45058e-06,0,0,0.00647053,17,18.1,3,-3,1,0,0,0,0,0,0,0.0052141,18,18.1,-0.999996,1.56617,1,-6.42613e-06,0.499937,0,1.86265e-05,-0.0025034,0,0.00961284,19,18.1,-2.99793,-2.01572,1,-0.00144653,0.00814386,0,-0.00803173,0.125036,0,0.00770683,20,18.1,-3,-3,1,0,0,0,0,0,0,0.00616451,21,18.1,-0.970991,-2.7474,1,-0.168067,0.499408,0,0.39814,0.023663,0,0.00964658,22,18.1,-1.8656,-0.305541,1,0.451669,-0.5,0,0.467531,0,0,0.0113539,23,18.1,-2,-2.9958,1,1.09896e-05,0.00668243,0,-2.23517e-05,-0.0281334,0,0.00818877,24,18.1,0.999476,-1.22191,1,-0.00174874,-0.49878,0,-0.00249967,-0.028789,0,0.0153581,25,18.1,-1.01054,0.697,1,0.0234056,0.484143,0,-0.000596046,-0.138391,0,0.00898506,26,18.1,3,-1.00002,1,0,6.25849e-05,0,0,-0.000119209,0,0.00451214,27,18.1,2.61651,2.99929,1,-0.5,0.0131767,0,0,-0.149623,0,0.00745124,28,18.1,-1.99304,0.597948,1,0.0661774,-0.5,0,-0.268735,0,0,0.00959759,29,18.1,1.24152,-2.01347,1,0.486898,-0.0485968,0,0.202417,-0.0427514,0,0.0109682,30,18.1,-2.01653,1.60717,1,0.0154659,-0.5,0,0.0641048,7.45058e-06,0,0.0108499,31,18.1,1.03737,1.99308,1,0.5,-0.0137005,0,0,0.0956357,0,0.0117615,32,18.1,1.1893,0.0870466,1,-0.405514,0.378751,0,0.395514,0.448816,0,0.015849,33,18.1,2.99997,0.921787,1,-0.000231713,-0.326748,0,-0.000506639,-0.513244,0,0.0080137,34,18.1,0.658795,2.98218,1,-0.5,-0.165943,0,0,-0.961885,0,0.0106559,35,18.1,2.06823,1.33306,1,0.271559,-0.491871,0,0.273705,0.115678,0,0.0128436
0,18.2,0.0379006,-0.999297,1,-0.0589894,-0.000797212,0,-0.11225,-0.00378489,0,0.0129509,1,18.2,-0.00534451,-2.94549,1,-0.0103161,-0.215262,0,0.103569,0.517964,0,0.00850028,2,18.2,2.86784,-0.000125464,1,-0.396842,0.000989232,0,-0.62263,-0.0020271,0,0.0107028,3,18.2,-1.99874,-2.00032,1,-0.0194043,0.00296235,0,0.0434518,-0.00584126,0,0.00992549,4,18.2,1.71361,-3,1,0.484425,-5.96046e-06,0,-0.145614,0,0,0.00831164,5,18.2,-0.402796,3,1,-0.5,0,0,-1.43051e-05,0,0,0.00589463,6,18.2,-0.0513273,-1.99958,1,0.242274,-0.00232458,0,-0.501838,0.00470877,0,0.00846239,7,18.2,2.99999,-2,1,-5.96046e-06,5.96046e-06,0,0,0,0,0.00483455,8,18.2,-2.99999,-1.01397,1,1.78814e-05,0.0187486,0,-0.000119209,0.0734329,0,0.0095053,9,18.2,0.983166,1.13892,1,-0.00866205,0.388458,0,-0.124007,0.37384,0,0.0107196,10,18.2,-0.686932,0.0110412,1,-0.485969,-0.00129922,0,0.145048,-0.0863331,0,0.0152832,11,18.2,1.91503,-0.326017,1,-0.249025,0.484972,0,-0.664771,-0.128731,0,0.0141578,12,18.2,-2.99958,-0.000226371,1,0.00643134,9.15141e-05,0,0.0498295,0.00171448,0,0.00858613,13,18.2,2.79176,2.00275,1,0.351477,-0.00602007,0,0.0785589,0.000596046,0,0.00696096,14,18.2,1.99703,-1.72916,1,-0.0616312,0.500003,0,-0.236094,-5.96046e-05,0,0.0114363,15,18.2,-2.08423e-05,1.00001,1,0.000372138,-2.98023e-05,0,-0.000933472,5.96046e-05,0,0.0137376,16,18.2,1.59786,3,1,-0.500003,0,0,5.96046e-05,0,0,0.00513068,17,18.2,3,-3,1,0,0,0,0,0,0,0.0046452,18,18.2,-0.999997,1.61613,1,-4.47035e-06,0.499001,0,0,-0.0200272,0,0.0101106,19,18.2,-2.99811,-2.01437,1,-0.00212193,0.0182629,0,-0.00548363,0.0785589,0,0.0079656,20,18.2,-3,-3,1,0,0,0,0,0,0,0.00602208,21,18.2,-0.985866,-2.69741,1,-0.130069,0.5,0,0.361115,0,0,0.0106085,22,18.2,-1.81852,-0.355541,1,0.48576,-0.5,0,0.221312,1.43051e-05,0,0.0133821,23,18.2,-1.99999,-2.99528,1,8.9407e-06,0.00375509,0,-5.96046e-05,-0.0296831,0,0.00771665,24,18.2,0.999295,-1.27187,1,-0.00182986,-0.5,0,0.00077486,0,0,0.0133812,25,18.2,-1.00823,0.744595,1,0.0226557,0.466448,0,-0.0136495,-0.216931,0,0.00873027,26,18.2,3,-1.00001,1,0,5.36442e-05,0,0,-0.000178814,0,0.00473042,27,18.2,2.56651,2.99996,1,-0.5,0.00106096,0,0,-0.0944138,0,0.00636768,28,18.2,-1.98768,0.547948,1,0.0416547,-0.5,0,-0.222206,-2.98023e-05,0,0.0110014,29,18.2,1.2909,-2.01844,1,0.498074,-0.0497401,0,0.0385046,0.017643,0,0.00920556,30,18.2,-2.01471,1.55717,1,0.0204206,-0.500003,0,0.0357628,5.96046e-05,0,0.0129329,31,18.2,1.08737,1.99215,1,0.500003,-0.00532568,0,-5.96046e-05,0.0723004,0,0.012894,32,18.2,1.15081,0.127107,1,-0.363606,0.421622,0,0.438869,0.39947,0,0.0131921,33,18.2,2.99995,0.886731,1,-0.00025034,-0.372313,0,0.000238419,-0.389665,0,0.00694316,34,18.2,0.608795,2.96066,1,-0.5,-0.264984,0,-2.98023e-05,-1.00017,0,0.0116704,35,18.2,2.0967,1.2846,1,0.297165,-0.475815,0,0.232339,0.204623,0,0.012237
0,18.3,0.0315626,-0.999392,1,-0.0666102,-0.00108536,0,-0.0426307,-0.00203401,0,0.0129509,1,18.3,-0.00590869,-2.96447,1,-0.00145514,-0.164974,0,0.0743224,0.483781,0,0.00850028,2,18.3,2.82539,-3.67064e-05,1,-0.448867,0.000786034,0,-0.418678,-0.00202052,0,0.0107028,3,18.3,-2.00046,-2.00005,1,-0.0149621,0.0023542,0,0.0447556,-0.00622123,0,0.00992549,4,18.3,1.76113,-3,1,0.464171,-5.96046e-06,0,-0.256658,0,0,0.00831164,5,18.3,-0.452796,3,1,-0.5,0,0,1.78814e-06,0,0,0.00589463,6,18.3,-0.0295829,-1.99979,1,0.192957,-0.00185333,0,-0.481293,0.00467896,0,0.00846239,7,18.3,2.99999,-2,1,-5.58794e-06,5.21541e-06,0,1.49012e-05,-1.49012e-05,0,0.00483455,8,18.3,-2.99999,-1.01179,1,7.45058e-06,0.024141,0,-8.9407e-05,0.0358075,0,0.0095053,9,18.3,0.981785,1.17974,1,-0.0179607,0.428131,0,-0.0638887,0.395596,0,0.0107196,10,18.3,-0.734679,0.0105278,1,-0.467708,-0.00850602,0,0.22053,-0.0585418,0,0.0152832,11,18.3,1.88684,-0.278359,1,-0.314059,0.466327,0,-0.627905,-0.240135,0,0.0141578,12,18.3,-2.99875,-0.000209679,1,0.00964962,0.000232362,0,0.0164658,0.00111725,0,0.00858613,13,18.3,2.82695,2.00216,1,0.349201,-0.00579692,0,-0.115931,0.00371039,0,0.00696096,14,18.3,1.98954,-1.67916,1,-0.0899525,0.5,0,-0.340499,-7.45058e-06,0,0.0114363,15,18.3,1.17093e-05,1,1,0.000279209,-2.38419e-05,0,-0.000914863,5.96046e-05,0,0.0137376,16,18.3,1.54786,3,1,-0.5,0,0,7.45058e-06,0,0,0.00513068,17,18.3,3,-3,1,0,0,0,0,0,0,0.0046452,18,18.3,-0.999997,1.66586,1,-4.47035e-06,0.494667,0,0,-0.071764,0,0.0101106,19,18.3,-2.99834,-2.01221,1,-0.00253543,0.024103,0,-0.00286102,0.0396818,0,0.0079656,20,18.3,-3,-3,1,0,0,0,0,0,0,0.00602208,21,18.3,-0.997147,-2.64741,1,-0.096323,0.5,0,0.31396,0,0,0.0106085,22,18.3,-1.76917,-0.405541,1,0.498316,-0.5,0,0.0514686,0,0,0.0133821,23,18.3,-1.99999,-2.99505,1,3.1665e-06,0.000884384,0,-5.21541e-05,-0.0273287,0,0.00771665,24,18.3,0.999119,-1.32187,1,-0.00164043,-0.5,0,0.00288337,0,0,0.0133812,25,18.3,-1.00605,0.789982,1,0.0208009,0.439656,0,-0.0228286,-0.315472,0,0.00873027,26,18.3,3,-1.00001,1,0,3.76254e-05,0,0,-0.00013411,0,0.00473042,27,18.3,2.51651,2.99967,1,-0.5,-0.00613406,0,0,-0.0513792,0,0.00636768,28,18.3,-1.98455,0.497948,1,0.0216501,-0.5,0,-0.178479,5.66244e-06,0,0.0110014,29,18.3,1.34083,-2.02322,1,0.499879,-0.0448901,0,0.00481308,0.0757128,0,0.00920556,30,18.3,-2.01253,1.50717,1,0.0228528,-0.5,0,0.0137538,7.45058e-06,0,0.0129329,31,18.3,1.13737,1.99194,1,0.5,0.000880286,0,-7.45058e-06,0.0523776,0,0.012894,32,18.3,1.11668,0.171163,1,-0.318691,0.45816,0,0.456519,0.319616,0,0.0131921,33,18.3,2.99993,0.847696,1,-0.000213459,-0.406823,0,0.000461936,-0.296209,0,0.00694316,34,18.3,0.558795,2.92934,1,-0.499984,-0.359121,0,0.000644475,-0.855878,0,0.0116704,35,18.3,2.12753,1.23821,1,0.318922,-0.450285,0,0.19756,0.302233,0,0.012237
0,18.4,0.0247863,-0.999509,1,-0.0679974,-0.00121593,0,0.0125337,-0.000625849,0,0.0119138,1,18.4,-0.00572627,-2.97863,1,0.0046839,-0.119203,0,0.0491396,0.428677,0,0.00891925,2,18.4,2.77873,3.19204e-05,1,-0.481123,0.000588104,0,-0.231266,-0.00192466,0,0.0112399,3,18.4,-2.00173,-1.99985,1,-0.0105619,0.0017345,0,0.0427961,-0.00607967,0,0.01084,4,18.4,1.8061,-3,1,0.433677,-5.96046e-06,0,-0.350118,0.000119209,0,0.00707348,5,18.4,-0.502796,3,1,-0.5,0,0,-2.98023e-05,0,0,0.00473481,6,18.4,-0.0126373,-1.99995,1,0.146584,-0.00139773,0,-0.443686,0.00435114,0,0.00824341,7,18.4,2.99999,-2,1,-5.96046e-06,2.98023e-06,0,0.000119209,0,0,0.00603763,8,18.4,-2.99999,-1.00925,1,0,0.0261813,0,0,0.00631809,0,0.00961583,9,18.4,0.979755,1.22441,1,-0.0218123,0.463843,0,-0.0150204,0.305295,0,0.0119196,10,18.4,-0.780221,0.00942537,1,-0.441875,-0.0131523,0,0.295639,-0.0350904,0,0.0138449,11,18.4,1.85241,-0.233083,1,-0.373158,0.437729,0,-0.547588,-0.328034,0,0.0125926,12,18.4,-2.99774,-0.00018174,1,0.0100791,0.000317949,0,-0.00631809,0.000609558,0,0.008285,13,18.4,2.86103,2.0016,1,0.329858,-0.00531077,0,-0.263214,0.00584126,0,0.00634084,14,18.4,1.97861,-1.62916,1,-0.131091,0.500003,0,-0.485659,-5.96046e-05,0,0.0101165,15,18.4,3.51569e-05,1,1,0.000190952,-2.08616e-05,0,-0.000842638,0.000119209,0,0.0122628,16,18.4,1.49786,3,1,-0.500003,0,0,5.96046e-05,0,0,0.00639691,17,18.4,3,-3,1,0,0,0,0,0,0,0.0050575,18,18.4,-0.999997,1.71485,1,-4.47035e-06,0.483811,0,0,-0.148594,0,0.00907247,19,18.4,-2.99861,-2.00966,1,-0.00270605,0.0264704,0,-0.000715256,0.00905991,0,0.00766623,20,18.4,-3,-3,1,0,0,0,0,0,0,0.00664771,21,18.4,-1.00529,-2.59741,1,-0.06724,0.5,0,0.267923,0,0,0.0106072,22,18.4,-1.71922,-0.455541,1,0.500003,-0.5,0,-5.96046e-05,1.43051e-05,0,0.0117659,23,18.4,-1.99999,-2.99509,1,0,-0.00164509,0,-5.96046e-05,-0.0230074,0,0.00751048,24,18.4,0.998972,-1.37187,1,-0.00127852,-0.500003,0,0.00420213,5.96046e-05,0,0.0133968,25,18.4,-1.00409,0.832232,1,0.0182033,0.404045,0,-0.0286102,-0.393271,0,0.00826654,26,18.4,3,-1,1,0,2.68221e-05,0,0,-0.000119209,0,0.00535777,27,18.4,2.46651,2.99886,1,-0.5,-0.00957251,0,0,-0.0189543,0,0.00681278,28,18.4,-1.98321,0.447948,1,0.00584424,-0.5,0,-0.138402,1.43051e-05,0,0.00931741,29,18.4,1.39083,-2.02726,1,0.500003,-0.03528,0,-5.96046e-05,0.113249,0,0.0115447,30,18.4,-2.01021,1.45717,1,0.0233352,-0.500003,0,-0.00321865,5.96046e-05,0,0.0128401,31,18.4,1.18737,1.99226,1,0.500003,0.00525415,0,-5.96046e-05,0.035584,0,0.0122636,32,18.4,1.0871,0.218377,1,-0.272849,0.484022,0,0.457764,0.194051,0,0.0135432,33,18.4,2.99991,0.805717,1,-0.000154972,-0.430827,0,0.000476837,-0.18099,0,0.00680951,34,18.4,0.508805,2.88955,1,-0.499743,-0.432289,0,0.0051707,-0.59557,0,0.00993104,35,18.4,2.16032,1.19483,1,0.335759,-0.4161,0,0.135064,0.377893,0,0.0118055
0,18.5,0.0181231,-0.999631,1,-0.0645884,-0.00122227,0,0.0532572,0.000439584,0,0.0119138,1,18.5,-0.005049,-2.98852,1,0.00851228,-0.0797056,0,0.0281755,0.359356,0,0.00891925,2,18.5,2.72973,8.1529e-05,1,-0.496339,0.000408288,0,-0.0830144,-0.00167157,0,0.0112399,3,18.5,-2.00258,-1.99971,1,-0.00651069,0.00115093,0,0.0379533,-0.00553578,0,0.01084,4,18.5,1.84759,-3,1,0.395052,3.72529e-06,0,-0.419512,5.96046e-05,0,0.00707348,5,18.5,-0.552796,3,1,-0.499996,0,0,0.000160187,0,0,0.00473481,6,18.5,-0.000114641,-2.00007,1,0.104733,-0.000984408,0,-0.391871,0.00391155,0,0.00824341,7,18.5,2.99999,-2,1,3.72529e-06,2.79397e-06,0,5.96046e-05,-7.45058e-06,0,0.00603763,8,18.5,-2.99999,-1.00664,1,-3.72529e-07,0.0256699,0,-1.49012e-05,-0.0153184,0,0.00961583,9,18.5,0.977584,1.2721,1,-0.0208232,0.48762,0,0.0320189,0.167243,0,0.0119196,10,18.5,-0.822785,0.00796929,1,-0.408063,-0.0156427,0,0.37666,-0.015491,0,0.0138449,11,18.5,1.81245,-0.191064,1,-0.424949,0.40163,0,-0.471666,-0.390069,0,0.0125926,12,18.5,-2.99679,-0.00014763,1,0.00872128,0.000357374,0,-0.0196546,0.000195948,0,0.008285,13,18.5,2.89251,2.0011,1,0.297963,-0.0046555,0,-0.367656,0.00716746,0,0.00634084,14,18.5,1.96273,-1.57916,1,-0.189593,0.5,0,-0.671178,-7.45058e-06,0,0.0101165,15,18.5,5.02213e-05,1,1,0.000112253,-1.08033e-05,0,-0.000727672,7.45058e-05,0,0.0122628,16,18.5,1.44786,3,1,-0.499999,0,0,5.21541e-05,0,0,0.00639691,17,18.5,3,-3,1,0,0,0,0,0,0,0.0050575,18,18.5,-0.999998,1.7623,1,-4.47035e-06,0.463279,0,0,-0.259213,0,0.00907247,19,18.5,-2.99888,-2.00701,1,-0.00267439,0.0261784,0,0.0012368,-0.0136197,0,0.00766623,20,18.5,-3,-3,1,0,0,0,0,0,0,0.00664771,21,18.5,-1.01075,-2.54741,1,-0.0427246,0.5,0,0.222743,0,0,0.0106072,22,18.5,-1.66922,-0.505524,1,0.5,-0.499424,0,-7.45058e-06,0.0141467,0,0.0117659,23,18.5,-1.99999,-2.99536,1,-5.02914e-06,-0.00365414,0,-3.72529e-05,-0.0171214,0,0.00751048,24,18.5,0.998866,-1.42187,1,-0.000838004,-0.5,0,0.00454485,7.45058e-06,0,0.0133968,25,18.5,-1.00242,0.870575,1,0.0151934,0.361948,0,-0.0311658,-0.445567,0,0.00826654,26,18.5,3,-1,1,0,1.6205e-05,0,0,-8.19564e-05,0,0.00535777,27,18.5,2.41652,2.99784,1,-0.499745,-0.0103738,0,0.00840425,0.00174344,0,0.00681278,28,18.5,-1.98325,0.397982,1,-0.00601206,-0.498874,0,-0.0996962,0.0272504,0,0.00931741,29,18.5,1.44083,-2.0302,1,0.5,-0.0233904,0,-7.45058e-06,0.122905,0,0.0115447,30,18.5,-2.00791,1.40718,1,0.0223674,-0.499434,0,-0.0154674,0.0166893,0,0.0128401,31,18.5,1.23737,1.99294,1,0.5,0.00810605,0,-7.45058e-06,0.0218973,0,0.0122636,32,18.5,1.06208,0.267539,1,-0.22797,0.497145,0,0.438318,0.071326,0,0.0135432,33,18.5,2.99989,0.761669,1,-0.000103191,-0.450458,0,0.000521541,-0.200894,0,0.00680951,34,18.5,0.45895,2.84385,1,-0.496444,-0.476806,0,0.0605229,-0.303283,0,0.00993104,35,18.5,2.19457,1.15521,1,0.349072,-0.375301,0,0.125065,0.434093,0,0.0118055
0,18.6,0.0119813,-0.99975,1,-0.057794,-0.00113696,0,0.0805386,0.00119209,0,0.0131306,1,18.6,-0.00408637,-2.99482,1,0.010463,-0.0475943,0,0.011532,0.282288,0,0.00821227,2,18.6,2.67985,0.000114421,1,-0.49994,0.000253745,0,-0.00119209,-0.00141982,0,0.0127189,3,18.6,-2.00305,-1.99962,1,-0.00301003,0.000634789,0,0.0318289,-0.00476837,0,0.0100556,4,18.6,1.88491,-3,1,0.350383,5.96046e-06,0,-0.470817,0.000119209,0,0.0072615,5,18.6,-0.602794,3,1,-0.499935,0,0,0.0012517,0,0,0.00615458,6,18.6,0.00849507,-2.00015,1,0.0684414,-0.000619888,0,-0.333113,0.00345707,0,0.00802967,7,18.6,2.99999,-2,1,1.19209e-05,2.98023e-06,0,0,-5.96046e-05,0,0.00589225,8,18.6,-2.99999,-1.00418,1,0,0.0233531,0,-0.000119209,-0.0300407,0,0.0105051,9,18.6,0.975721,1.32147,1,-0.0159308,0.497791,0,0.0634193,0.044167,0,0.011533,10,18.6,-0.861602,0.00635463,1,-0.367306,-0.0163978,0,0.434697,-0.00031177,0,0.0144261,11,18.6,1.76782,-0.152926,1,-0.465098,0.360454,0,-0.324011,-0.429928,0,0.0122632,12,18.6,-2.99603,-0.000111478,1,0.00636578,0.0003604,0,-0.0264645,-0.000119836,0,0.0094118,13,18.6,2.92034,2.00068,1,0.257677,-0.00389814,0,-0.431657,0.0077486,0,0.00780555,14,18.6,1.94021,-1.52916,1,-0.262427,0.500003,0,-0.769615,-5.96046e-05,0,0.0142365,15,18.6,5.80231e-05,1,1,4.59862e-05,-4.47035e-06,0,-0.000595657,5.96046e-05,0,0.0114115,16,18.6,1.39786,3,1,-0.499982,0,0,0.000357628,0,0,0.00565164,17,18.6,3,-3,1,0,0,0,0,0,0,0.00464753,18,18.6,-0.999998,1.80717,1,-2.98023e-06,0.43256,0,-2.98023e-05,-0.352085,0,0.00978205,19,18.6,-2.99913,-2.00449,1,-0.00247955,0.0239849,0,0.00274181,-0.0293255,0,0.00693549,20,18.6,-3,-3,1,0,0,0,0,0,0,0.00571618,21,18.6,-1.01398,-2.49741,1,-0.022614,0.5,0,0.179887,0,0,0.00874235,22,18.6,-1.61922,-0.555353,1,0.500003,-0.496691,0,-5.96046e-05,0.0425875,0,0.0102314,23,18.6,-2,-2.9958,1,-5.96046e-06,-0.00506639,0,-5.96046e-05,-0.0112057,0,0.00722236,24,18.6,0.998805,-1.47187,1,-0.00037998,-0.500003,0,0.00452995,5.96046e-05,0,0.0140909,25,18.6,-1.00106,0.904478,1,0.0120461,0.315556,0,-0.031352,-0.479102,0,0.00910723,26,18.6,3,-1,1,0,8.9407e-06,0,0,-5.96046e-05,0,0.00476527,27,18.6,2.36663,2.99684,1,-0.497353,-0.00944138,0,0.0457764,0.0158548,0,0.00920194,28,18.6,-1.9843,0.348308,1,-0.0142813,-0.493726,0,-0.066638,0.0792146,0,0.00963502,29,18.6,1.49083,-2.03192,1,0.500003,-0.011003,0,-5.96046e-05,0.123382,0,0.00950566,30,18.6,-2.00577,1.35739,1,0.0203729,-0.495699,0,-0.0240803,0.0622869,0,0.0112672,31,18.6,1.28737,1.99384,1,0.500003,0.0097245,0,-5.96046e-05,0.0107288,0,0.0106136,32,18.6,1.04143,0.317457,1,-0.185463,0.5,0,0.410676,1.43051e-05,0,0.011208,33,18.6,2.99989,0.71566,1,-4.76837e-05,-0.469087,0,0.000476837,-0.163257,0,0.00766076,34,18.6,0.409698,2.79505,1,-0.487708,-0.495547,0,0.11377,-0.0890493,0,0.0100636,35,18.6,2.23004,1.11992,1,0.359696,-0.330043,0,0.082612,0.467479,0,0.0104092
0,18.7,0.00663365,-0.999857,1,-0.0489119,-0.00099251,0,0.0953319,0.00165775,0,0.0131306,1,18.7,-0.0030048,-2.9983,1,0.0109609,-0.0233065,0,-0.000920065,0.203952,0,0.00821227,2,18.7,2.62985,0.000133169,1,-0.499996,0.000125832,0,-0.000149012,-0.00114276,0,0.0127189,3,18.7,-2.00321,-1.99958,1,-0.000173599,0.000203773,0,0.0249147,-0.0038445,0,0.0100556,4,18.7,1.91753,-3,1,0.301572,1.41561e-05,0,-0.501037,2.98023e-05,0,0.0072615,5,18.7,-0.652725,3,1,-0.497967,0,0,0.0443533,0,0,0.00615458,6,18.7,0.013779,-2.00019,1,0.0382894,-0.000308082,0,-0.270028,0.00278652,0,0.00802967,7,18.7,3,-2,1,1.19209e-05,-2.04891e-06,0,0,-3.72529e-05,0,0.00589225,8,18.7,-2.99999,-1.00201,1,-9.68575e-06,0.0198916,0,-5.96046e-05,-0.0383109,0,0.0105051,9,18.7,0.974465,1.37139,1,-0.00901734,0.499862,0,0.0735708,0.00552088,0,0.011533,10,18.7,-0.896098,0.00473288,1,-0.322068,-0.0158563,0,0.466894,0.0105444,0,0.0144261,11,18.7,1.71996,-0.119065,1,-0.4893,0.316495,0,-0.160657,-0.446486,0,0.0122632,12,18.7,-2.99553,-7.64428e-05,1,0.003618,0.000336617,0,-0.0278652,-0.000341292,0,0.0094118,13,18.7,2.94389,2.00033,1,0.212699,-0.00311583,0,-0.461206,0.00780821,0,0.00780555,14,18.7,1.91002,-1.47924,1,-0.341685,0.497819,0,-0.781178,-0.0440031,0,0.0142365,15,18.7,5.98811e-05,1,1,-6.46539e-06,2.79397e-07,0,-0.000454187,4.09782e-05,0,0.0114115,16,18.7,1.34786,3,1,-0.499989,0,0,-0.000223517,0,0,0.00565164,17,18.7,3,-3,1,0,0,0,0,0,0,0.00464753,18,18.7,-0.999999,1.84854,1,-5.02914e-06,0.393772,0,-7.45058e-06,-0.420786,0,0.00978205,19,18.7,-2.99937,-2.00225,1,-0.00215843,0.0205606,0,0.00360608,-0.0382364,0,0.00693549,20,18.7,-3,-3,1,0,0,0,0,0,0,0.00571618,21,18.7,-1.01541,-2.44741,1,-0.00681709,0.499997,0,0.136934,-0.000119209,0,0.00874235,22,18.7,-1.56922,-0.604733,1,0.5,-0.4901,0,-7.45058e-06,0.0902377,0,0.0102314,23,18.7,-2,-2.99635,1,-1.08033e-05,-0.00588633,0,-2.98023e-05,-0.00531971,0,0.00722236,24,18.7,0.998789,-1.52187,1,5.97909e-05,-0.5,0,0.00422448,7.45058e-06,0,0.0140909,25,18.7,-1.00001,0.933607,1,0.00898764,0.266794,0,-0.0295788,-0.49226,0,0.00910723,26,18.7,3,-1,1,0,3.91155e-06,0,0,-3.72529e-05,0,0.00476527,27,18.7,2.31701,2.99599,1,-0.496195,-0.00749268,0,-0.0127554,0.0224859,0,0.00920194,28,18.7,-1.98601,0.299064,1,-0.019468,-0.493141,0,-0.0380874,-0.0404501,0,0.00963502,29,18.7,1.54083,-2.03242,1,0.5,0.000970066,0,-7.45058e-06,0.115007,0,0.00950566,30,18.7,-2.00386,1.30797,1,0.0177238,-0.493984,0,-0.0284761,-0.0162795,0,0.0112672,31,18.7,1.33737,1.99485,1,0.5,0.0103556,0,-7.45058e-06,0.00225008,0,0.0106136,32,18.7,1.02487,0.367457,1,-0.14642,0.5,0,0.369847,-1.78814e-06,0,0.011208,33,18.7,2.99988,0.667955,1,-2.23517e-06,-0.48456,0,0.000417233,-0.136625,0,0.00766076,34,18.7,0.361598,2.74522,1,-0.473285,-0.499721,0,0.173384,-0.0111312,0,0.0100636,35,18.7,2.26661,1.08927,1,0.373234,-0.282823,0,0.174776,0.474185,0,0.0104092
0,18.8,0.00223133,-0.999947,1,-0.0390493,-0.000815094,0,0.100476,0.00190735,0,0.011538,1,18.8,-0.00192937,-2.99974,1,0.0104015,-0.00659227,0,-0.00969723,0.132084,0,0.00809338,2,18.8,2.57985,0.000140468,1,-0.5,2.43315e-05,0,0,-0.000891538,0,0.0118624,3,18.8,-2.00311,-1.99957,1,0.00197291,-0.00013411,0,0.0181198,-0.00286102,0,0.00969176,4,18.8,1.94516,-3,1,0.250992,1.78814e-05,0,-0.506699,0,0,0.0093989,5,18.8,-0.702187,3,1,-0.490023,0,0,0.118703,0,0,0.00573819,6,18.8,0.0163613,-2.00021,1,0.0143807,-5.96046e-05,0,-0.208594,0.00202656,0,0.00837395,7,18.8,3,-2,1,5.96046e-06,-2.98023e-06,0,0.000119209,-5.96046e-05,0,0.00505999,8,18.8,-2.99999,-1.00022,1,-1.19209e-05,0.0158519,0,-0.000119209,-0.0417829,0,0.00757341,9,18.8,0.973939,1.42139,1,-0.00145435,0.500003,0,0.0766218,-5.96046e-05,0,0.0113256,10,18.8,-0.92594,0.00321377,1,-0.274546,-0.0144014,0,0.480473,0.0180265,0,0.0139373,11,18.8,1.67047,-0.0896558,1,-0.49839,0.271675,0,-0.0321865,-0.447497,0,0.0107023,12,18.8,-2.99531,-4.47531e-05,1,0.00090003,0.00029484,0,-0.0259876,-0.000481777,0,0.0100782,13,18.8,2.96285,2.00005,1,0.166649,-0.00234842,0,-0.454307,0.00739098,0,0.00702351,14,18.8,1.87215,-1.42975,1,-0.413173,0.491139,0,-0.628114,-0.0898242,0,0.00921835,15,18.8,5.71914e-05,1,1,-4.50898e-05,2.98023e-06,0,-0.000319873,0,0,0.0112176,16,18.8,1.29786,3,1,-0.500003,0,0,5.96046e-05,0,0,0.0054468,17,18.8,3,-3,1,0,0,0,0,0,0,0.00443191,18,18.8,-0.999999,1.88572,1,-5.96046e-06,0.349006,0,0,-0.471234,0,0.0091817,19,18.8,-2.99956,-2.0004,1,-0.00177622,0.0164986,0,0.00405312,-0.0422001,0,0.00732055,20,18.8,-3,-3,1,0,0,0,0,0,0,0.00650684,21,18.8,-1.01548,-2.39741,1,0.00495017,0.499952,0,0.0993013,-0.00107288,0,0.00969774,22,18.8,-1.51922,-0.653206,1,0.500003,-0.478488,0,-5.96046e-05,0.142634,0,0.00899086,23,18.8,-2,-2.99696,1,-1.19209e-05,-0.00616312,0,0,-0.000357628,0,0.00901725,24,18.8,0.998816,-1.57187,1,0.000457466,-0.500003,0,0.00372529,5.96046e-05,0,0.0114528,25,18.8,-0.999252,0.957831,1,0.00617206,0.217824,0,-0.0265539,-0.4839,0,0.00785339,26,18.8,3,-1,1,0,1.49012e-06,0,0,-5.96046e-05,0,0.00677489,27,18.8,2.26729,2.99536,1,-0.498265,-0.00506043,0,-0.0221729,0.02563,0,0.00935096,28,18.8,-1.9881,0.249515,1,-0.0220895,-0.497807,0,-0.0151992,-0.039838,0,0.00930829,29,18.8,1.59083,-2.03176,1,0.500003,0.0118136,0,-5.96046e-05,0.10097,0,0.00905318,30,18.8,-2.00224,1.25844,1,0.0147521,-0.496924,0,-0.0305176,-0.033915,0,0.0109728,31,18.8,1.38737,1.99589,1,0.500003,0.0102401,0,-5.96046e-05,-0.00423193,0,0.00967951,32,18.8,1.01201,0.417457,1,-0.111547,0.5,0,0.327408,-1.43051e-05,0,0.0102143,33,18.8,2.99988,0.618914,1,3.57628e-05,-0.495197,0,0.000357628,-0.0735521,0,0.00803931,34,18.8,0.315226,2.69523,1,-0.453294,-0.5,0,0.225097,0,0,0.00915232,35,18.8,2.30487,1.06335,1,0.392234,-0.235718,0,0.194192,0.465572,0,0.00890474
0,18.9,-0.00117412,-1.00002,1,-0.0291146,-0.000622403,0,0.0972103,0.00191107,0,0.011538,1,18.9,-0.000947876,-2.99984,1,0.0091388,0.00363365,0,-0.0150839,0.0750721,0,0.00809338,2,18.9,2.52985,0.000138831,1,-0.5,-5.32953e-05,0,0,-0.000665256,0,0.0118624,3,18.9,-2.00283,-1.9996,1,0.00345595,-0.000374578,0,0.0116676,-0.0019744,0,0.00969176,4,18.9,1.96775,-2.99999,1,0.201025,1.60187e-05,0,-0.489242,-4.47035e-05,0,0.0093989,5,18.9,-0.750398,3,1,-0.472293,0,0,0.233423,0,0,0.00573819,6,18.9,0.0168559,-2.00021,1,-0.00352031,0.000113994,0,-0.150513,0.00143051,0,0.00837395,7,18.9,3,-2,1,1.15484e-05,-7.82311e-06,0,1.49012e-05,-2.98023e-05,0,0.00505999,8,18.9,-3,-0.998844,1,-1.75089e-05,0.0116847,0,-1.49012e-05,-0.0410601,0,0.00757341,9,18.9,0.974172,1.47139,1,0.00605788,0.5,0,0.0727922,-7.45058e-06,0,0.0113256,10,18.9,-0.950993,0.00187211,1,-0.226604,-0.0123597,0,0.475112,0.0223518,0,0.0139373,11,18.9,1.62053,-0.0646988,1,-0.499899,0.227774,0,-0.00402331,-0.429071,0,0.0107023,12,18.9,-2.99534,-1.78143e-05,1,-0.00149384,0.000242825,0,-0.0216663,-0.000548602,0,0.0100782,13,18.9,2.97729,1.99985,1,0.12277,-0.00164378,0,-0.418827,0.00666827,0,0.00702351,14,18.9,1.82807,-1.38118,1,-0.464476,0.47925,0,-0.3924,-0.147052,0,0.00921835,15,18.9,5.12961e-05,1,1,-7.07648e-05,2.98023e-06,0,-0.000196733,0,0,0.0112176,16,18.9,1.24786,3,1,-0.5,0,0,7.45058e-06,0,0,0.0054468,17,18.9,3,-3,1,0,0,0,0,0,0,0.00443191,18,18.9,-1,1.9182,1,-5.40167e-06,0.300186,0,0,-0.500798,0,0.0091817,19,18.9,-2.99972,-1.99896,1,-0.00136942,0.0122719,0,0.00402331,-0.0418127,0,0.00732055,20,18.9,-3,-3,1,0,0,0,0,0,0,0.00650684,21,18.9,-1.01454,-2.34748,1,0.0132293,0.498011,0,0.0670701,-0.0440031,0,0.00969774,22,18.9,-1.46922,-0.700206,1,0.499918,-0.460238,0,-0.00328571,0.220012,0,0.00899086,23,18.9,-2,-2.99757,1,-1.11759e-05,-0.00598505,0,1.49012e-05,0.00372529,0,0.00901725,24,18.9,0.998879,-1.62179,1,0.000786502,-0.497629,0,0.00286475,0.0503957,0,0.0114528,25,18.9,-0.998761,0.977234,1,0.003713,0.170707,0,-0.0225529,-0.455715,0,0.00785339,26,18.9,3,-1,1,0,-3.07336e-06,0,0,-3.35276e-05,0,0.00677489,27,18.9,2.21738,2.99498,1,-0.499735,-0.00259876,0,-0.00746548,0.0234842,0,0.00935096,28,18.9,-1.99036,0.199606,1,-0.0227844,-0.499813,0,0.000663102,-0.00649028,0,0.00930829,29,18.9,1.64071,-2.03012,1,0.496439,0.0207487,0,-0.0724941,0.0778288,0,0.00905318,30,18.9,-2.00091,1.2086,1,0.0117589,-0.499462,0,-0.0292212,-0.0145882,0,0.0109728,31,18.9,1.43737,1.99688,1,0.5,0.00959244,0,-7.45058e-06,-0.00847131,0,0.00967951,32,18.9,1.00242,0.467457,1,-0.08103,0.5,0,0.282947,0,0,0.0102143,33,18.9,2.99989,0.569137,1,6.66827e-05,-0.499418,0,0.000283122,-0.0176392,0,0.00803931,34,18.9,0.271102,2.64523,1,-0.428425,-0.5,0,0.270841,0,0,0.00915232,35,18.9,2.34529,1.04205,1,0.417916,-0.190964,0,0.297934,0.428736,0,0.00890474
0,19,-0.00361184,-1.00007,1,-0.019782,-0.000435114,0,0.0887016,0.00184774,0,0.0121078,1,19,-0.000115063,-2.99917,1,0.00747094,0.00891089,0,-0.017884,0.0329018,0,0.00847931,2,19,2.47985,0.00013052,1,-0.5,-0.000109569,0,0,-0.000464475,0,0.0108543,3,19,-2.00244,-1.99965,1,0.00433326,-0.000530481,0,0.00619888,-0.00119209,0,0.00841606,4,19,1.98546,-2.99999,1,0.153744,1.19209e-05,0,-0.453711,0,0,0.00947712,5,19,-0.796289,3,1,-0.443871,0,0,0.332117,0,0,0.00543419,6,19,0.0158397,-2.00019,1,-0.0159491,0.000232458,0,-0.0992478,0.000953674,0,0.00787485,7,19,3,-2,1,1.19209e-05,-8.9407e-06,0,0,0,0,0.00563335,8,19,-3,-0.997877,1,-1.78814e-05,0.00772476,0,0.000119209,-0.0377893,0,0.00754188,9,19,0.97513,1.52139,1,0.0129551,0.500003,0,0.0644922,-5.96046e-05,0,0.0096938,10,19,-0.97131,0.000751906,1,-0.180118,-0.010014,0,0.451982,0.024189,0,0.00982511,11,19,1.57053,-0.0440257,1,-0.500003,0.186129,0,5.96046e-05,-0.402616,0,0.01252,12,19,-2.99559,3.68311e-06,1,-0.00340939,0.000186905,0,-0.0163317,-0.000561883,0,0.00883866,13,19,2.98756,1.99972,1,0.0836253,-0.00102222,0,-0.361204,0.00572205,0,0.00631339,14,19,1.78006,-1.33408,1,-0.491834,0.461918,0,-0.162005,-0.198603,0,0.0101714,15,19,4.34176e-05,1,1,-8.5066e-05,0,0,-9.24809e-05,5.96046e-05,0,0.0109457,16,19,1.19786,3,1,-0.500003,0,0,5.96046e-05,0,0,0.00604444,17,19,3,-3,1,0,0,0,0,0,0,0.00512825,18,19,-1,1.9457,1,-2.98023e-06,0.24966,0,-5.96046e-05,-0.505924,0,0.00889756,19,19,-2.99984,-1.99794,1,-0.000983477,0.00822544,0,0.0038147,-0.038743,0,0.00831448,20,19,-3,-3,1,0,0,0,0,0,0,0.00637163,21,19,-1.01293,-2.29801,1,0.0185251,0.490111,0,0.0395775,-0.118375,0,0.0116371,22,19,-1.41927,-0.745019,1,0.498688,-0.434949,0,-0.026226,0.283509,0,0.00908454,23,19,-2,-2.99815,1,-8.9407e-06,-0.00545382,0,0,0.0064373,0,0.00885845,24,19,0.99897,-1.6712,1,0.00103116,-0.489426,0,0.00202656,0.115693,0,0.0109612,25,19,-0.998495,0.992091,1,0.00167191,0.127158,0,-0.0182092,-0.413269,0,0.00774565,26,19,3,-1,1,0,-5.96046e-06,0,0,0,0,0.00526255,27,19,2.16738,2.99483,1,-0.5,-0.00038743,0,0,0.0207424,0,0.00690585,28,19,-1.99261,0.14961,1,-0.0220805,-0.5,0,0.012815,-3.57628e-06,0,0.00903159,29,19,1.68986,-2.02769,1,0.485313,0.0274062,0,-0.150502,0.0553131,0,0.0105838,30,19,-1.99988,1.15862,1,0.00893176,-0.500003,0,-0.0271797,5.96046e-05,0,0.0131113,31,19,1.48737,1.9978,1,0.500003,0.00858903,0,-5.96046e-05,-0.0113845,0,0.0107998,32,19,0.995653,0.517457,1,-0.0549406,0.5,0,0.238895,2.98023e-05,0,0.0130483,33,19,2.9999,0.519151,1,8.9407e-05,-0.5,0,0.000238419,1.43051e-05,0,0.00763013,34,19,0.229679,2.59523,1,-0.399411,-0.5,0,0.308022,0,0,0.0103097,35,19,2.3886,1.02503,1,0.448209,-0.150108,0,0.293016,0.387847,0,0.00898537
0,19.1,-0.00516674,-1.00011,1,-0.0115273,-0.000261702,0,0.0760506,0.00160187,0,0.0121078,1,19.1,0.000541028,-2.99817,1,0.00564208,0.010667,0,-0.0184179,0.00405312,0,0.00847931,2,19.1,2.42985,0.000117564,1,-0.49992,-0.000146461,0,0.00318885,-0.000279063,0,0.0108543,3,19.1,-2.00198,-1.9997,1,0.00471137,-0.000613369,0,0.00153482,-0.000499189,0,0.00841606,4,19.1,1.99865,-2.99999,1,0.110827,1.00583e-05,0,-0.403032,-4.47035e-05,0,0.00947712,5,19.1,-0.838855,3,1,-0.405974,0,0,0.4206,0,0,0.00543419,6,19.1,0.0138252,-2.00016,1,-0.023613,0.000303611,0,-0.0554916,0.000491738,0,0.00787485,7,19.1,2.9995,-2,1,-0.0142835,-8.3819e-06,0,-0.259608,7.45058e-06,0,0.00563335,8,19.1,-3,-0.997285,1,-7.82311e-06,0.00420455,0,7.45058e-05,-0.0324398,0,0.00754188,9,19.1,0.976722,1.57138,1,0.0186331,0.499915,0,0.0491031,-0.00341237,0,0.0096938,10,19.1,-0.987121,-0.000128453,1,-0.136766,-0.00759915,0,0.413071,0.0238396,0,0.00982511,11,19.1,1.52053,-0.0273697,1,-0.5,0.147575,0,7.45058e-06,-0.367645,0,0.01252,12,19.1,-2.996,1.96053e-05,1,-0.00475347,0.000132082,0,-0.0106096,-0.00052944,0,0.00883866,13,19.1,2.99423,1.99965,1,0.0510216,-0.000502914,0,-0.28941,0.00466406,0,0.00631339,14,19.1,1.73038,-1.28899,1,-0.499473,0.438954,0,-0.0207424,-0.258356,0,0.0101714,15,19.1,3.45982e-05,1,1,-8.9918e-05,4.84288e-06,0,-8.21252e-06,2.98023e-05,0,0.0109457,16,19.1,1.14786,3,1,-0.5,0,0,7.45058e-06,0,0,0.00604444,17,19.1,3,-3,1,0,0,0,0,0,0,0.00512825,18,19.1,-1,1.96816,1,-7.07805e-06,0.199795,0,-1.49012e-05,-0.488013,0,0.00889756,19,19.1,-2.99992,-1.9973,1,-0.000633672,0.0046052,0,0.00314415,-0.033468,0,0.00831448,20,19.1,-3,-3,1,0,0,0,0,0,0,0.00637163,21,19.1,-1.01092,-2.24979,1,0.0212714,0.472414,0,0.0162572,-0.233084,0,0.0116371,22,19.1,-1.3696,-0.787011,1,0.493858,-0.404087,0,-0.0732169,0.331737,0,0.00908454,23,19.1,-2,-2.99866,1,-8.3819e-06,-0.00470728,0,-7.45058e-06,0.00828505,0,0.00885845,24,19.1,0.999082,-1.71991,1,0.00118418,-0.487363,0,0.00106916,-0.0452474,0,0.0109612,25,19.1,-0.998411,1.00283,1,7.37607e-05,0.0884786,0,-0.013791,-0.35926,0,0.00774565,26,19.1,3,-1.00052,1,0,-0.0149839,0,0,-0.271991,0,0.00526255,27,19.1,2.11738,2.99489,1,-0.5,0.00145845,0,0,0.0162274,0,0.00690585,28,19.1,-1.99475,0.0996104,1,-0.0204049,-0.5,0,0.0202805,-2.98023e-07,0,0.00903159,29,19.1,1.73706,-2.0247,1,0.453234,0.0320707,0,-0.469357,0.0375956,0,0.0105838,30,19.1,-1.99911,1.10862,1,0.00639651,-0.5,0,-0.0235364,7.45058e-06,0,0.0131113,31,19.1,1.53737,1.99859,1,0.5,0.0073649,0,-7.45058e-06,-0.0129342,0,0.0107998,32,19.1,0.991275,0.567455,1,-0.0333976,0.499932,0,0.192665,-0.00272319,0,0.0130483,33,19.1,2.99991,0.469151,1,0.000108406,-0.5,0,0.000163913,0,0,0.00763013,34,19.1,0.191345,2.54523,1,-0.366659,-0.5,0,0.344705,0,0,0.0103097,35,19.1,2.43475,1.01187,1,0.473376,-0.113821,0,0.208527,0.3381,0,0.00898537
0,19.2,-0.00596243,-1.00013,1,-0.00462345,-0.000113249,0,0.0618515,0.0013113,0,0.0114547,1,19.2,0.00101415,-2.99712,1,0.00383579,0.0100553,0,-0.0174987,-0.014782,0,0.00920399,2,19.2,2.3799,0.00010179,1,-0.498724,-0.000166482,0,0.02563,-0.000126653,0,0.0151082,3,19.2,-2.00151,-1.99977,1,0.00467896,-0.000634789,0,-0.00214577,5.96046e-05,0,0.00817198,4,19.2,2.00781,-2.99999,1,0.0733972,1.19209e-05,0,-0.344515,-0.000238419,0,0.00886608,5,19.2,-0.87724,3,1,-0.360751,0,0,0.479043,0,0,0.00576027,6,19.2,0.0112486,-2.00013,1,-0.027332,0.000333786,0,-0.020274,0.000119209,0,0.00859575,7,19.2,2.99652,-2,1,-0.0472248,-5.96046e-06,0,-0.378609,0,0,0.00652726,8,19.2,-3,-0.997016,1,-5.96046e-06,0.00126213,0,0.000238419,-0.0262856,0,0.00742596,9,19.2,0.978805,1.62133,1,0.0227869,0.498635,0,0.0340939,-0.0272393,0,0.00962457,10,19.2,-0.998811,-0.000771588,1,-0.097838,-0.00529293,0,0.364184,0.0220838,0,0.012784,11,19.2,1.47053,-0.0143866,1,-0.500003,0.112741,0,5.96046e-05,-0.32844,0,0.0117643,12,19.2,-2.99652,3.0255e-05,1,-0.00553727,8.1894e-05,0,-0.00548363,-0.000470675,0,0.00763701,13,19.2,2.99802,1.99962,1,0.0258923,-9.23872e-05,0,-0.213146,0.00363588,0,0.00618445,14,19.2,1.68039,-1.24647,1,-0.500003,0.410697,0,5.96046e-05,-0.30458,0,0.00988323,15,19.2,2.56792e-05,1,1,-8.74079e-05,5.96046e-06,0,5.5079e-05,0,0,0.0102968,16,19.2,1.09786,3,1,-0.500003,0,0,5.96046e-05,0,0,0.00566888,17,19.2,3,-3,1,0,0,0,0,0,0,0.00572579,18,19.2,-1,1.98575,1,-8.9407e-06,0.152653,0,0,-0.452161,0,0.00894062,19,19.2,-2.99997,-1.997,1,-0.000351667,0.00156164,0,0.00238419,-0.0273585,0,0.0071635,20,19.2,-3,-3,1,0,0,0,0,0,0,0.00583447,21,19.2,-1.00874,-2.20388,1,0.0219494,0.444031,0,-0.00190735,-0.331998,0,0.0101724,22,19.2,-1.32068,-0.825695,1,0.483572,-0.368993,0,-0.134349,0.368178,0,0.00905392,23,19.2,-2,-2.99908,1,-5.96046e-06,-0.00382662,0,0,0.0089407,0,0.00698673,24,19.2,0.999204,-1.76895,1,0.00125021,-0.493881,0,0.000298023,-0.0684261,0,0.0143301,25,19.2,-0.998466,1.00998,1,-0.00109673,0.0554681,0,-0.00968575,-0.300527,0,0.00853218,26,19.2,3,-1.00364,1,0,-0.0494957,0,0,-0.396788,0,0.00566412,27,19.2,2.06738,2.99511,1,-0.5,0.00287294,0,0,0.0121593,0,0.00665344,28,19.2,-1.99667,0.0496104,1,-0.0181019,-0.5,0,0.0254512,0,0,0.0127498,29,19.2,1.77966,-2.02134,1,0.395456,0.0348747,0,-0.667691,0.0184774,0,0.0117087,30,19.2,-1.99859,1.05862,1,0.00422001,-0.500003,0,-0.0200272,5.96046e-05,0,0.0130201,31,19.2,1.58737,1.99926,1,0.500003,0.00603497,0,-5.96046e-05,-0.0135303,0,0.0095427,32,19.2,0.988827,0.617413,1,-0.0162661,0.498912,0,0.150681,-0.0218153,0,0.0120872,33,19.2,2.99992,0.419151,1,0.000119209,-0.5,0,0,1.43051e-05,0,0.00617207,34,19.2,0.156447,2.49523,1,-0.330913,-0.5,0,0.368134,0,0,0.00878251,35,19.2,2.48298,1.0021,1,0.489807,-0.0824407,0,0.120997,0.289768,0,0.00904293
0,19.3,-0.00614499,-0.998972,1,0.00068357,0.0333413,0,0.0445273,0.612311,0,0.0114547,1,19.3,9.22486e-05,-2.9962,1,-0.0328804,0.00817031,0,-0.655,-0.0222623,0,0.00920399,2,19.3,2.33037,-0.000847542,1,-0.490018,-0.0271806,0,0.145152,-0.502338,0,0.0151082,3,19.3,-2.00106,-1.99983,1,0.00433177,-0.000607409,0,-0.00461936,0.000469387,0,0.00817198,4,19.3,2.01353,-2.99999,1,0.0421196,-6.70552e-06,0,-0.281036,-0.000149012,0,0.00886608,5,19.3,-0.912347,3,1,-0.353375,0,0,-0.24255,0,0,0.00576027,6,19.3,0.00846204,-2.0001,1,-0.0279526,0.000330806,0,0.00648763,-0.000149012,0,0.00859575,7,19.3,2.98946,-2,1,-0.0976894,-5.96046e-06,0,-0.602201,0,0,0.00652726,8,19.3,-3,-0.997011,1,1.15484e-05,-0.00103712,0,0.00013411,-0.019744,0,0.00742596,9,19.3,0.981231,1.67098,1,0.025483,0.493386,0,0.0199527,-0.0823811,0,0.00962457,10,19.3,-1.00687,-0.000677507,1,-0.0642186,0.0116042,0,0.307731,0.288464,0,0.012784,11,19.3,1.42054,-0.00467701,1,-0.499877,0.0822251,0,0.00488758,-0.282037,0,0.0117643,12,19.3,-2.9971,3.62189e-05,1,-0.0058312,3.86976e-05,0,-0.000551343,-0.000391927,0,0.00763701,13,19.3,2.99918,1.99962,1,-0.00553727,0.000217371,0,-0.392646,0.00257045,0,0.00618445,14,19.3,1.63039,-1.20698,1,-0.5,0.37847,0,7.45058e-06,-0.338025,0,0.00988323,15,19.3,1.72934e-05,1,1,-7.95904e-05,5.21541e-06,0,9.81658e-05,-1.49012e-05,0,0.0102968,16,19.3,1.04786,3,1,-0.5,0,0,3.72529e-06,0,0,0.00566888,17,19.3,3,-3,1,0,0,0,0,0,0,0.00572579,18,19.3,-1,1.99884,1,-8.00937e-06,0.109899,0,2.23517e-05,-0.401333,0,0.00894062,19,19.3,-2.99999,-1.99697,1,-0.000147149,-0.000839494,0,0.00171363,-0.0206903,0,0.0071635,20,19.3,-3,-3,1,0,0,0,0,0,0,0.00583447,21,19.3,-1.00658,-2.1613,1,0.0210565,0.406144,0,-0.0151843,-0.420496,0,0.0101724,22,19.3,-1.2731,-0.860713,1,0.466851,-0.330998,0,-0.201337,0.390109,0,0.00905392,23,19.3,-2,-2.99942,1,-5.58794e-06,-0.00292696,0,1.49012e-05,0.0089258,0,0.00698673,24,19.3,0.99933,-1.81863,1,0.00125039,-0.498943,0,-0.000275671,-0.0287816,0,0.0143301,25,19.3,-0.999416,1.01415,1,-0.0248527,0.0291266,0,-0.42785,-0.227571,0,0.00853218,26,19.3,3,-1.01082,1,0,-0.0959197,0,0,-0.512399,0,0.00566412,27,19.3,2.01739,2.99545,1,-0.5,0.00388771,0,0,0.00825524,0,0.00665344,28,19.3,-1.99835,-0.000389598,1,-0.0154521,-0.5,0,0.0273138,-1.49012e-07,0,0.0127498,29,19.3,1.81522,-2.01779,1,0.311038,0.0357777,0,-0.958405,0.000238419,0,0.0117087,30,19.3,-1.99826,1.00862,1,0.00240617,-0.5,0,-0.0163168,0,0,0.0130201,31,19.3,1.63727,2.00044,1,0.496876,0.0232073,0,-0.0642464,0.330545,0,0.0095427,32,19.3,0.988862,0.66699,1,0.0250166,0.490669,0,0.63388,-0.139646,0,0.0120872,33,19.3,2.99956,0.369247,1,-0.0105359,-0.497067,0,-0.197679,0.0608414,0,0.00617207,34,19.3,0.125216,2.44523,1,-0.293554,-0.499987,0,0.377341,0.000506639,0,0.00878251,35,19.3,2.53244,0.995593,1,0.497994,-0.0451198,0,0.0461936,0.441484,0,0.00904293
0,19.4,-0.00588101,-0.991949,1,0.00433236,0.112218,0,0.0287129,0.919342,0,0.0149866,1,19.4,-0.00709824,-2.9955,1,-0.115908,0.00572801,0,-0.954806,-0.0261068,0,0.0110207,2,19.4,2.28227,-0.00664582,1,-0.47034,-0.0936566,0,0.244856,-0.795227,0,0.0121732,3,19.4,-2.00065,-1.99989,1,0.00378489,-0.000545382,0,-0.00631809,0.000715256,0,0.00795194,4,19.4,2.01644,-2.99999,1,0.0171542,-1.78814e-05,0,-0.218749,0,0,0.00787852,5,19.4,-0.949498,3,1,-0.393997,0,0,-0.506252,0,0,0.00634855,6,19.4,0.00573393,-2.00007,1,-0.0262932,0.000303984,0,0.0254869,-0.000357628,0,0.00948547,7,19.4,2.97651,-2,1,-0.16253,0,0,-0.671864,-0.000119209,0,0.0085405,8,19.4,-3,-0.997203,1,1.78814e-05,-0.0026986,0,0.000119209,-0.0135601,0,0.00885221,9,19.4,0.983856,1.71978,1,0.0268072,0.481403,0,0.00673532,-0.160277,0,0.0110156,10,19.4,-1.01185,0.00217931,1,-0.036341,0.0475236,0,0.249743,0.408556,0,0.0139684,11,19.4,1.37061,0.00221117,1,-0.498062,0.0562908,0,0.0386238,-0.236911,0,0.0132154,12,19.4,-2.99767,3.8268e-05,1,-0.00569224,3.68736e-06,0,0.00345707,-0.000307813,0,0.00708924,13,19.4,2.99652,1.99966,1,-0.0486076,0.000426173,0,-0.451088,0.00166893,0,0.00732517,14,19.4,1.58039,-1.17087,1,-0.500003,0.343469,0,5.96046e-05,-0.36025,0,0.011156,15,19.4,9.87495e-06,1,1,-6.83495e-05,2.98023e-06,0,0.000124009,0,0,0.00893319,16,19.4,0.997859,3,1,-0.5,0,0,-2.98023e-05,0,0,0.00597144,17,19.4,3,-3,1,0,0,0,0,0,0,0.00541931,18,19.4,-1,2.00791,1,-8.9407e-06,0.0726461,0,0.000119209,-0.342965,0,0.0105881,19,19.4,-3,-1.99714,1,-1.19209e-05,-0.00258982,0,0.00107288,-0.0144243,0,0.00678358,20,19.4,-3,-3,1,0,0,0,0,0,0,0.00668965,21,19.4,-1.00457,-2.1229,1,0.0190526,0.360936,0,-0.0242591,-0.479102,0,0.00948053,22,19.4,-1.22754,-0.891838,1,0.443152,-0.291294,0,-0.27293,0.402331,0,0.0107081,23,19.4,-2,-2.99967,1,-5.96046e-06,-0.00206828,0,0,0.00810623,0,0.00687673,24,19.4,0.999453,-1.8686,1,0.00119954,-0.500003,0,-0.000685453,5.96046e-05,0,0.0120007,25,19.4,-1.00447,1.01603,1,-0.0798345,0.00969172,0,-0.641167,-0.162542,0,0.0136212,26,19.4,3,-1.02303,1,0,-0.148523,0,0,-0.524282,0,0.00569145,27,19.4,1.96739,2.99587,1,-0.500003,0.00454187,0,5.96046e-05,0.00476837,0,0.00676327,28,19.4,-1.99976,-0.0503896,1,-0.0126749,-0.5,0,0.0278354,2.38419e-06,0,0.00939211,29,19.4,1.84141,-2.01424,1,0.212079,0.0350475,0,-0.999987,-0.0140667,0,0.0116305,30,19.4,-1.99809,0.958616,1,0.000944734,-0.5,0,-0.0129342,-2.98023e-05,0,0.0151114,31,19.4,1.68652,2.0048,1,0.486878,0.0672638,0,-0.136614,0.528216,0,0.00898923,32,19.4,0.995049,0.715188,1,0.103,0.471646,0,0.891805,-0.237554,0,0.0147862,33,19.4,2.9973,0.31996,1,-0.0365734,-0.487483,0,-0.310063,0.132188,0,0.00722999,34,19.4,0.0977507,2.39524,1,-0.255766,-0.499803,0,0.376906,0.00417233,0,0.00977054,35,19.4,2.58238,0.993434,1,0.5,0.00306666,0,0,0.50959,0,0.00741965
0,19.5,-0.00532417,-0.975975,1,0.0066145,0.208437,0,0.0173149,0.989921,0,0.0149866,1,19.5,-0.0235506,-2.99506,1,-0.213789,0.00324771,0,-0.994351,-0.0234544,0,0.0110207,2,19.5,2.23661,-0.0203844,1,-0.441252,-0.184058,0,0.332505,-0.974403,0,0.0121732,3,19.5,-2.0003,-1.99994,1,0.00311323,-0.000465289,0,-0.00698864,0.000879169,0,0.00795194,4,19.5,2.01664,-2.99999,1,-0.0168059,-1.75089e-05,0,-0.433639,1.49012e-05,0,0.00787852,5,19.5,-0.99141,3,1,-0.443264,0,0,-0.449289,0,0,0.00634855,6,19.5,0.00325425,-2.00004,1,-0.0231046,0.000261888,0,0.0372509,-0.000461936,0,0.00948547,7,19.5,2.95674,-2,1,-0.233926,-9.68575e-06,0,-0.737965,-5.96046e-05,0,0.0085405,8,19.5,-2.99999,-0.99753,1,2.49594e-05,-0.00376599,0,4.47035e-05,-0.00793859,0,0.00885221,9,19.5,0.986548,1.76693,1,0.0268129,0.459776,0,-0.0061579,-0.269294,0,0.0110156,10,19.5,-1.01433,0.00928147,1,-0.0144308,0.0970163,0,0.189804,0.558815,0,0.0139684,11,19.5,1.32109,0.0067291,1,-0.491383,0.0347931,0,0.0989512,-0.193405,0,0.0132154,12,19.5,-2.99822,3.72426e-05,1,-0.00519864,-2.27707e-05,0,0.00621378,-0.00022241,0,0.00708924,13,19.5,2.98918,1.99971,1,-0.099897,0.000530854,0,-0.555381,0.000312924,0,0.00732517,14,19.5,1.53039,-1.13835,1,-0.5,0.30664,0,7.45058e-06,-0.374384,0,0.011156,15,19.5,3.68232e-06,1,1,-5.53333e-05,2.79397e-06,0,0.000134238,-7.45058e-06,0,0.00893319,16,19.5,0.947859,3,1,-0.5,0,0,0,0,0,0.00597144,17,19.5,3,-3,1,0,0,0,0,0,0,0.00541931,18,19.5,-1,2.01357,1,5.58794e-07,0.0415258,0,8.19564e-05,-0.279486,0,0.0105881,19,19.5,-3,-1.99746,1,6.89179e-05,-0.00373423,0,0.000551343,-0.00861287,0,0.00678358,20,19.5,-3,-3,1,0,0,0,0,0,0,0.00668965,21,19.5,-1.0028,-2.08926,1,0.0163494,0.311474,0,-0.0292584,-0.506178,0,0.00948053,22,19.5,-1.18474,-0.918941,1,0.411549,-0.250703,0,-0.355527,0.407152,0,0.0107081,23,19.5,-2,-2.99984,1,-5.58794e-06,-0.00131913,0,1.49012e-05,0.00680983,0,0.00687673,24,19.5,0.999255,-1.9186,1,-0.00806693,-0.5,0,-0.176288,7.45058e-06,0,0.0120007,25,19.5,-1.01616,1.01629,1,-0.157882,-0.00362229,0,-0.882693,-0.105627,0,0.0136212,26,19.5,3,-1.04058,1,0,-0.202671,0,0,-0.543289,0,0.00569145,27,19.5,1.91738,2.99634,1,-0.5,0.00487193,0,7.45058e-06,0.00190735,0,0.00676327,28,19.5,-2.00089,-0.10039,1,-0.00993181,-0.5,0,0.0269189,-5.96046e-07,0,0.00939211,29,19.5,1.85761,-2.01078,1,0.11208,0.0343367,0,-1,-0.0012219,0,0.0116305,30,19.5,-1.99806,0.908616,1,-0.000186078,-0.5,0,-0.00975281,0,0,0.0151114,31,19.5,1.73431,2.01458,1,0.467015,0.131819,0,-0.25548,0.738472,0,0.00898923,32,19.5,1.01002,0.761003,1,0.197928,0.443172,0,0.986479,-0.327453,0,0.0147862,33,19.5,2.99165,0.27205,1,-0.0803228,-0.469024,0,-0.541523,0.234223,0,0.00722999,34,19.5,0.0740472,2.34542,1,-0.218455,-0.495066,0,0.367855,0.0907183,0,0.00977054,35,19.5,2.63227,0.996447,1,0.496782,0.058415,0,-0.0665188,0.583559,0,0.00741965
0,19.6,-0.00459234,-0.950151,1,0.00786901,0.308184,0,0.00812741,1.00002,0,0.0125153,1,19.6,-0.0499182,-2.99485,1,-0.313648,0.00104904,0,-0.999998,-0.020504,0,0.00743235,2,19.6,2.19426,-0.0437389,1,-0.404686,-0.283418,0,0.39494,-0.999998,0,0.0133385,3,19.6,-2.00003,-1.99998,1,0.00240803,-0.000372529,0,-0.00703335,0.000953674,0,0.00806078,4,19.6,2.01262,-2.99999,1,-0.064832,-1.78814e-05,0,-0.50652,0.000119209,0,0.00852064,5,19.6,-1.03771,3,1,-0.479791,0,0,-0.270486,0,0,0.00678853,6,19.6,0.00114235,-2.00001,1,-0.0190321,0.000214577,0,0.043343,-0.000596046,0,0.0102151,7,19.6,2.92968,-2,1,-0.306851,-1.19209e-05,0,-0.706077,0,0,0.00847649,8,19.6,-2.99999,-0.997939,1,2.38419e-05,-0.00431538,0,0,-0.00321865,0,0.00680631,9,19.6,0.98918,1.81141,1,0.0256658,0.428158,0,-0.0163913,-0.359893,0,0.0111007,10,19.6,-1.01492,0.0218709,1,0.00188351,0.155253,0,0.137687,0.58806,0,0.0125188,11,19.6,1.27257,0.00931092,1,-0.477639,0.0175271,0,0.178277,-0.152376,0,0.0137633,12,19.6,-2.99871,3.3987e-05,1,-0.00448823,-4.10395e-05,0,0.00798702,-0.000144355,0,0.00857224,13,19.6,2.97638,1.99976,1,-0.156236,0.000470877,0,-0.556111,-0.00160933,0,0.00720107,14,19.6,1.48039,-1.10957,1,-0.500003,0.268957,0,5.96046e-05,-0.377476,0,0.0125374,15,19.6,-1.17723e-06,1,1,-4.18738e-05,2.98023e-06,0,0.000133311,-5.96046e-05,0,0.0107617,16,19.6,0.897859,3,1,-0.5,0,0,-2.98023e-05,0,0,0.00450825,17,19.6,3,-3,1,0,0,0,0,0,0,0.00559175,18,19.6,-1,2.01643,1,8.9407e-06,0.0167131,0,0,-0.217199,0,0.0121177,19,19.6,-2.99999,-1.99787,1,0.000107288,-0.00433922,0,0.000119209,-0.0038147,0,0.00673079,20,19.6,-3,-3,1,0,0,0,0,0,0,0.00656152,21,19.6,-1.00131,-2.06066,1,0.0132948,0.260442,0,-0.0312328,-0.510812,0,0.00839942,22,19.6,-1.14547,-0.941985,1,0.372756,-0.210299,0,-0.416875,0.398904,0,0.0103839,23,19.6,-2,-2.99994,1,-5.96046e-06,-0.000715256,0,0,0.005126,0,0.00779349,24,19.6,0.997335,-1.9686,1,-0.0324577,-0.500003,0,-0.303924,0.000119209,0,0.0125138,25,19.6,-1.03651,1.01548,1,-0.249818,-0.0117958,0,-0.927448,-0.0594854,0,0.0127876,26,19.6,3,-1.06349,1,0,-0.254473,0,0,-0.481069,0,0.00607753,27,19.6,1.86739,2.99684,1,-0.500003,0.00494719,0,5.96046e-05,-0.000476837,0,0.00691322,28,19.6,-2.00175,-0.15039,1,-0.00731945,-0.5,0,0.0253916,0,0,0.0106445,29,19.6,1.86382,-2.00734,1,0.0120789,0.0345945,0,-0.999987,0.00548363,0,0.0101117,30,19.6,-1.99812,0.858616,1,-0.00101924,-0.5,0,-0.00703335,-2.98023e-05,0,0.0125304,31,19.6,1.77958,2.03163,1,0.436765,0.210524,0,-0.344872,0.81563,0,0.00851723,32,19.6,1.03478,0.803566,1,0.297591,0.407009,0,0.999987,-0.391811,0,0.012345,33,19.6,2.98069,0.226468,1,-0.140595,-0.441194,0,-0.644207,0.31957,0,0.00882718,34,19.6,0.0540155,2.29651,1,-0.182464,-0.481677,0,0.350729,0.17643,0,0.00838504,35,19.6,2.68149,1.00523,1,0.486356,0.117263,0,-0.143528,0.582218,0,0.00596237
0,19.7,-0.00377675,-0.91462,1,0.00833034,0.398834,0,0.00137616,0.786014,0,0.0125153,1,19.7,-0.0859647,-2.99484,1,-0.403423,-0.000807643,0,-0.770384,-0.0166595,0,0.00743235,2,19.7,2.15584,-0.0769298,1,-0.363289,-0.377951,0,0.429854,-0.855203,0,0.0133385,3,19.7,-1.99982,-2.00001,1,0.00172388,-0.000277348,0,-0.00659376,0.000916421,0,0.00806078,4,19.7,2.00314,-3,1,-0.128581,-7.82311e-06,0,-0.741258,7.45058e-05,0,0.00852064,5,19.7,-1.08671,3,1,-0.497065,0,0,-0.0839457,0,0,0.00678853,6,19.7,-0.000540765,-1.99999,1,-0.0146124,0.000157021,0,0.0444321,-0.000543892,0,0.0102151,7,19.7,2.89556,-2,1,-0.374218,-1.15484e-05,0,-0.626713,1.49012e-05,0,0.00847649,8,19.7,-2.99999,-0.998379,1,2.19792e-05,-0.0044398,0,-4.47035e-05,0.000558794,0,0.00680631,9,19.7,0.991652,1.8523,1,0.0236431,0.388719,0,-0.0236779,-0.42595,0,0.0111007,10,19.7,-1.01413,0.0404673,1,0.0131372,0.217586,0,0.0893176,0.643082,0,0.0125188,11,19.7,1.22588,0.0103696,1,-0.454325,0.00430469,0,0.284828,-0.112934,0,0.0137633,12,19.7,-2.99911,2.92813e-05,1,-0.00365078,-5.19278e-05,0,0.00861287,-7.55331e-05,0,0.00857224,13,19.7,2.95786,1.99979,1,-0.214776,0.00018198,0,-0.600427,-0.00426918,0,0.00720107,14,19.7,1.43039,-1.08455,1,-0.499922,0.231573,0,0.00310689,-0.368886,0,0.0125374,15,19.7,-4.71274e-06,1,1,-2.90095e-05,-2.04891e-06,0,0.000122953,-3.72529e-05,0,0.0107617,16,19.7,0.847859,3,1,-0.5,0,0,0,0,0,0.00450825,17,19.7,3,-3,1,0,0,0,0,0,0,0.00559175,18,19.7,-1,2.01712,1,8.75443e-06,-0.00199229,0,-7.45058e-06,-0.157982,0,0.0121177,19,19.7,-2.99998,-1.99832,1,0.000108406,-0.00451226,0,-0.000104308,0.000171363,0,0.00673079,20,19.7,-3,-3,1,0,0,0,0,0,0,0.00656152,21,19.7,-1.00014,-2.03715,1,0.010182,0.210036,0,-0.0306964,-0.494048,0,0.00839942,22,19.7,-1.11035,-0.961052,1,0.329089,-0.171399,0,-0.453435,0.377551,0,0.0103839,23,19.7,-2,-2.99999,1,-5.58794e-06,-0.000280142,0,1.49012e-05,0.00354648,0,0.00779349,24,19.7,0.992123,-2.0186,1,-0.0757872,-0.499999,0,-0.543866,-7.45058e-06,0,0.0125138,25,19.7,-1.06609,1.01404,1,-0.340694,-0.01653,0,-0.858933,-0.035964,0,0.0127876,26,19.7,3,-1.09138,1,0,-0.303353,0,0,-0.481397,0,0.00607753,27,19.7,1.81738,2.99733,1,-0.5,0.00480749,0,7.45058e-06,-0.00225008,0,0.00691322,28,19.7,-2.00236,-0.20039,1,-0.00493079,-0.5,0,0.0223815,0,0,0.0106445,29,19.7,1.86003,-2.0039,1,-0.0879206,0.0335976,0,-1,-0.0238419,0,0.0101117,30,19.7,-1.99825,0.808616,1,-0.00159834,-0.5,0,-0.00461191,0,0,0.0125304,31,19.7,1.82141,2.05695,1,0.398875,0.296667,0,-0.408739,0.87066,0,0.00851723,32,19.7,1.06932,0.842239,1,0.390191,0.365839,0,0.81975,-0.428405,0,0.012345,33,19.7,2.96323,0.18414,1,-0.209881,-0.40362,0,-0.725508,0.424823,0,0.00882718,34,19.7,0.0374826,2.24936,1,-0.148616,-0.46008,0,0.325345,0.254914,0,0.00838504,35,19.7,2.72923,1.01985,1,0.46659,0.174663,0,-0.248522,0.556879,0,0.00596237
0,19.8,-0.00294608,-0.871315,1,0.00819701,0.461963,0,-0.00379188,0.469327,0,0.0113464,1,19.8,-0.129638,-2.99499,1,-0.46466,-0.00228882,0,-0.448823,-0.013113,0,0.00877394,2,19.8,2.12169,-0.118547,1,-0.319302,-0.44942,0,0.447035,-0.559245,0,0.013727,3,19.8,-1.99968,-2.00004,1,0.00109971,-0.000190735,0,-0.00590086,0.000953674,0,0.00813863,4,19.8,1.98638,-3,1,-0.208107,-5.96046e-06,0,-0.826776,0.000119209,0,0.00943569,5,19.8,-1.13664,3,1,-0.500003,0,0,5.96046e-05,0,0,0.00442805,6,19.8,-0.00178229,-1.99998,1,-0.0102549,0.000104308,0,0.0422437,-0.000536442,0,0.0110656,7,19.8,2.85523,-2.00001,1,-0.42994,-1.19209e-05,0,-0.479817,0.000119209,0,0.0114189,8,19.8,-2.99999,-0.998816,1,1.19209e-05,-0.0042364,0,0,0.00336766,0,0.00705817,9,19.8,0.993889,1.88896,1,0.0210047,0.343582,0,-0.0287592,-0.473619,0,0.01135,10,19.8,-1.01243,0.0654243,1,0.0201106,0.281064,0,0.051856,0.613958,0,0.01323,11,19.8,1.18203,0.0102948,1,-0.421324,-0.00523061,0,0.371993,-0.0786204,0,0.0110808,12,19.8,-2.99944,2.38098e-05,1,-0.0027895,-5.65658e-05,0,0.00834465,-1.93022e-05,0,0.00788227,13,19.8,2.93341,1.99978,1,-0.273752,-0.000396371,0,-0.567675,-0.00733137,0,0.00915024,14,19.8,1.38044,-1.06321,1,-0.498763,0.195426,0,0.0248551,-0.352919,0,0.0119411,15,19.8,-7.02303e-06,1,1,-1.74561e-05,-2.98023e-06,0,0.000107411,-5.96046e-05,0,0.0106204,16,19.8,0.797859,3,1,-0.5,0,0,-2.98023e-05,0,0,0.00534919,17,19.8,3,-3,1,0,0,0,0,0,0,0.00529582,18,19.8,-1,2.01622,1,8.9407e-06,-0.0151038,0,-5.96046e-05,-0.105381,0,0.0119625,19,19.8,-2.99997,-1.99876,1,8.9407e-05,-0.00433624,0,-0.000119209,0.00309944,0,0.00767053,20,19.8,-3,-3,1,0,0,0,0,0,0,0.00637716,21,19.8,-0.999271,-2.01856,1,0.00721216,0.16222,0,-0.0284612,-0.45979,0,0.00903692,22,19.8,-1.07975,-0.97635,1,0.282663,-0.135066,0,-0.472128,0.347883,0,0.0102747,23,19.8,-2,-3,1,-5.96046e-06,0,0,0.000119209,0.00214577,0,0.0069139,24,19.8,0.981559,-2.0686,1,-0.137748,-0.5,0,-0.679344,0,0,0.0115621,25,19.8,-1.10414,1.01224,1,-0.416812,-0.0191361,0,-0.64671,-0.0169277,0,0.0138604,26,19.8,3,-1.12402,1,0,-0.348106,0,0,-0.402331,0,0.00549606,27,19.8,1.76739,2.99779,1,-0.500003,0.00451207,0,5.96046e-05,-0.00369549,0,0.00546137,28,19.8,-2.00275,-0.25039,1,-0.0028491,-0.5,0,0.0193119,0,0,0.0103231,29,19.8,1.84624,-2.0007,1,-0.187922,0.0301272,0,-0.999987,-0.0442266,0,0.0106264,30,19.8,-1.99843,0.758616,1,-0.00195503,-0.5,0,-0.00268221,-2.98023e-05,0,0.00984258,31,19.8,1.85918,2.09082,1,0.35581,0.37865,0,-0.448883,0.745416,0,0.00936091,32,19.8,1.11195,0.876643,1,0.457191,0.321928,0,0.509083,-0.446945,0,0.0139315,33,19.8,2.93859,0.146026,1,-0.282806,-0.357563,0,-0.720143,0.490062,0,0.00953365,34,19.8,0.0241993,2.20475,1,-0.117551,-0.430876,0,0.295283,0.327945,0,0.00952125,35,19.8,2.77449,1.04,1,0.437295,0.227052,0,-0.333905,0.484049,0,0.00629582
0,19.9,-0.00215121,-0.823313,1,0.00764602,0.493024,0,-0.00705015,0.167944,0,0.0113464,1,19.9,-0.177812,-2.99528,1,-0.493858,-0.00341013,0,-0.152847,-0.00938773,0,0.00877394,2,19.9,2.09199,-0.165704,1,-0.27478,-0.488206,0,0.441641,-0.229364,0,0.013727,3,19.9,-1.9996,-2.00005,1,0.00055898,-0.000103936,0,-0.00490993,0.000789762,0,0.00813863,4,19.9,1.96133,-3,1,-0.29318,3.72529e-06,0,-0.84649,5.96046e-05,0,0.00943569,5,19.9,-1.18664,3,1,-0.5,0,0,7.45058e-06,0,0,0.00442805,6,19.9,-0.00260403,-1.99997,1,-0.00626099,5.58794e-05,0,0.0373806,-0.000432134,0,0.0110656,7,19.9,2.81011,-2.00001,1,-0.469586,-1.86265e-06,0,-0.308961,7.45058e-05,0,0.0114189,8,19.9,-2.99999,-0.999219,1,1.00583e-05,-0.00380054,0,-4.47035e-05,0.00520796,0,0.00705817,9,19.9,0.99584,1.92089,1,0.0179692,0.294673,0,-0.0315718,-0.500292,0,0.01135,10,19.9,-1.01021,0.0966532,1,0.02394,0.34358,0,0.0256822,0.618495,0,0.01323,11,19.9,1.14187,0.00942864,1,-0.380878,-0.0116109,0,0.433907,-0.0497786,0,0.0110808,12,19.9,-2.99967,1.81345e-05,1,-0.00198595,-5.62163e-05,0,0.00761449,2.4087e-05,0,0.00788227,13,19.9,2.90317,1.99966,1,-0.331087,-0.00264812,0,-0.567511,-0.0351891,0,0.00915024,14,19.9,1.33059,-1.04539,1,-0.49879,0.161527,0,-0.0131652,-0.324719,0,0.0119411,15,19.9,-8.26332e-06,1,1,-7.67248e-06,-7.82311e-06,0,8.80599e-05,-2.98023e-05,0,0.0106204,16,19.9,0.747859,3,1,-0.5,0,0,0,0,0,0.00534919,17,19.9,3,-3,1,0,0,0,0,0,0,0.00529582,18,19.9,-1,2.01426,1,3.91155e-06,-0.0233136,0,-3.72529e-05,-0.0602901,0,0.0119625,19,19.9,-2.99996,-1.99918,1,7.1153e-05,-0.00391789,0,-0.000223517,0.0051111,0,0.00767053,20,19.9,-3,-3,1,0,0,0,0,0,0,0.00637716,21,19.9,-0.998686,-2.00456,1,0.00454225,0.118624,0,-0.0248179,-0.41046,0,0.00903692,22,19.9,-1.05385,-0.988177,1,0.235284,-0.102082,0,-0.472099,0.310875,0,0.0102747,23,19.9,-2,-2.99999,1,4.09782e-06,0.000159442,0,7.45058e-05,0.00110269,0,0.0069139,24,19.9,0.963933,-2.1186,1,-0.218233,-0.5,0,-0.887863,0,0,0.0115621,25,19.9,-1.14862,1.01027,1,-0.468126,-0.0200804,0,-0.377104,-0.0025481,0,0.0138604,26,19.9,3,-1.16085,1,0,-0.388463,0,0,-0.394084,0,0.00549606,27,19.9,1.71738,2.99822,1,-0.5,0.0040967,0,7.45058e-06,-0.00454485,0,0.00546137,28,19.9,-2.00294,-0.30039,1,-0.00108033,-0.5,0,0.0160635,3.57628e-06,0,0.0103231,29,19.9,1.82246,-1.99792,1,-0.287127,0.0253238,0,-0.971094,-0.0512004,0,0.0106264,30,19.9,-1.99826,0.708616,1,0.00878423,-0.5,0,0.204086,0,0,0.00984258,31,19.9,1.89249,2.13208,1,0.310253,0.442871,0,-0.459716,0.524685,0,0.00936091,32,19.9,1.15966,0.906603,1,0.491662,0.27736,0,0.19379,-0.442587,0,0.0139315,33,19.9,2.90663,0.112709,1,-0.35649,-0.308929,0,-0.721931,0.48093,0,0.00953365,34,19.9,0.013863,2.16344,1,-0.0897568,-0.394212,0,0.260326,0.401258,0,0.00952125,35,19.9,2.81641,1.06506,1,0.399806,0.273497,0,-0.410959,0.437528,0,0.00629582
0,20,-0.001426,-0.773521,1,0.00682065,0.500001,0,-0.00929847,-2.98023e-05,0,0.012657,1,20,-0.227633,-2.99566,1,-0.5,-0.00417829,0,7.15256e-06,-0.00619888,0,0.00818073,2,20,2.0667,-0.215252,1,-0.231308,-0.499186,0,0.426412,-0.0162649,0,0.0135687,3,20,-1.99957,-2.00006,1,0.000119209,-3.57628e-05,0,-0.0038743,0.000596046,0,0.00849152,4,20,1.92793,-3,1,-0.372729,1.19209e-05,0,-0.725865,-0.000119209,0,0.00714871,5,20,-1.23664,3,1,-0.500003,0,0,5.96046e-05,0,0,0.00718463,6,20,-0.00305299,-1.99997,1,-0.00282001,1.78814e-05,0,0.031281,-0.000357628,0,0.0105093,7,20,2.7619,-2.00001,1,-0.49178,5.96046e-06,0,-0.139356,0,0,0.00961227,8,20,-2.99999,-0.999571,1,5.96046e-06,-0.00322163,0,-0.000119209,0.00628829,0,0.00916814,9,20,0.997477,1.94785,1,0.0147596,0.244322,0,-0.0323057,-0.503004,0,0.00938713,10,20,-1.00772,0.133992,1,0.0254273,0.401775,0,0.00500679,0.533416,0,0.0150841,11,20,1.10603,0.0080608,1,-0.335163,-0.0153441,0,0.477076,-0.0256691,0,0.0128349,12,20,-2.99984,1.26897e-05,1,-0.0012815,-5.21656e-05,0,0.0064373,5.49621e-05,0,0.00845736,13,20,2.8673,1.99919,1,-0.385261,-0.0069648,0,-0.507593,-0.0491142,0,0.0091911,14,20,1.28065,-1.03081,1,-0.499815,0.130543,0,-0.00369549,-0.294805,0,0.0122654,15,20,-8.62356e-06,1,1,1.33718e-07,-8.9407e-06,0,6.80429e-05,0,0,0.0107881,16,20,0.697859,3,1,-0.5,0,0,-2.98023e-05,0,0,0.00663979,17,20,3,-3,1,0,0,0,0,0,0,0.00445572,18,20,-1,2.01169,1,2.98023e-06,-0.0274479,0,-5.96046e-05,-0.0238419,0,0.0107476,19,20,-2.99995,-1.99954,1,4.76837e-05,-0.00334084,0,-0.000357628,0.00625849,0,0.00627727,20,20,-3,-3,1,0,0,0,0,0,0,0.00635326,21,20,-0.998349,-1.99466,1,0.00226945,0.0803947,0,-0.0205934,-0.353158,0,0.0084749,22,20,-1.03266,-0.996898,1,0.188857,-0.0730395,0,-0.453711,0.269413,0,0.010144,23,20,-2,-2.99997,1,5.96046e-06,0.000226498,0,0.000119209,0.000357628,0,0.00693863,24,20,0.937611,-2.1686,1,-0.308,-0.5,0,-0.876755,0,0,0.0126851,25,20,-1.19688,1.00827,1,-0.49319,-0.019756,0,-0.136256,0.00852346,0,0.0106816,26,20,3,-1.20158,1,0,-0.425014,0,0,-0.328481,0,0.00474543,27,20,1.66738,2.99861,1,-0.500003,0.00361204,0,5.96046e-05,-0.00500679,0,0.00538085,28,20,-2.00297,-0.35039,1,0.000369549,-0.5,0,0.0129938,-1.43051e-05,0,0.00963227,29,20,1.78909,-1.99565,1,-0.377497,0.0200063,0,-0.802934,-0.0545382,0,0.00922647,30,20,-1.99612,0.658616,1,0.0363529,-0.5,0,0.335574,-2.98023e-05,0,0.010936,31,20,1.92122,2.17856,1,0.264338,0.482303,0,-0.456274,0.265598,0,0.00708166,32,20,1.20941,0.932147,1,0.5,0.23375,0,0,-0.428051,0,0.0131634,33,20,2.86757,0.0841936,1,-0.42218,-0.261693,0,-0.573397,0.462312,0,0.00893303,34,20,0.00612902,2.12611,1,-0.0655259,-0.351417,0,0.224174,0.45085,0,0.00862139,35,20,2.85424,1.09447,1,0.35603,0.31327,0,-0.460029,0.352383,0,0.00620112
0,20.1,-0.000792704,-0.723521,1,0.00582578,0.5,0,-0.0104747,3.72529e-06,0,0.012657,1,20.1,-0.277633,-2.99611,1,-0.5,-0.00465438,0,1.78814e-06,-0.00339746,0,0.00818073,2,20.1,2.04566,-0.265221,1,-0.189957,-0.499949,0,0.39956,-0.0020349,0,0.0135687,3,20.1,-1.99957,-2.00006,1,-0.000214949,1.52737e-05,0,-0.00281632,0.000432134,0,0.00849152,4,20.1,1.88733,-3,1,-0.435929,1.86265e-06,0,-0.527173,-7.45058e-05,0,0.00714871,5,20.1,-1.28664,3,1,-0.5,0,0,7.45058e-06,0,0,0.00718463,6,20.1,-0.00319009,-1.99997,1,-3.72009e-05,-1.24797e-05,0,0.0243771,-0.000245869,0,0.0105093,7,20.1,2.71226,-2.00001,1,-0.499173,5.96046e-06,0,-0.0268072,0,0,0.00961227,8,20.1,-2.99999,-0.999861,1,-4.09782e-06,-0.00257194,0,-7.45058e-05,0.00660866,0,0.00916814,9,20.1,0.998792,1.96979,1,0.0115735,0.194851,0,-0.0311658,-0.483163,0,0.00938713,10,20.1,-1.00519,0.17668,1,0.0249678,0.449975,0,-0.0133142,0.414245,0,0.0150841,11,20.1,1.07495,0.00643226,1,-0.286133,-0.0169061,0,0.49936,-0.0064146,0,0.0128349,12,20.1,-2.99993,7.7841e-06,1,-0.00071004,-4.56292e-05,0,0.00497699,7.40333e-05,0,0.00845736,13,20.1,2.82626,1.99829,1,-0.434666,-0.010442,0,-0.456885,-0.0215769,0,0.0091911,14,20.1,1.23066,-1.01917,1,-0.499988,0.102898,0,-0.000461936,-0.258401,0,0.0122654,15,20.1,-8.30376e-06,1,1,5.93176e-06,-8.47504e-06,0,4.82191e-05,1.11759e-05,0,0.0107881,16,20.1,0.647859,3,1,-0.5,0,0,0,0,0,0.00663979,17,20.1,3,-3,1,0,0,0,0,0,0,0.00445572,18,20.1,-1,2.00888,1,-1.86265e-06,-0.028364,0,-2.98023e-05,0.00412762,0,0.0107476,19,20.1,-2.99995,-1.99984,1,1.37836e-05,-0.00268817,0,-0.000312924,0.00670552,0,0.00627727,20,20.1,-3,-3,1,0,0,0,0,0,0,0.00635326,21,20.1,-0.998217,-1.98828,1,0.000440795,0.0482144,0,-0.0160001,-0.290386,0,0.0084749,22,20.1,-1.01599,-1.00293,1,0.145128,-0.0483193,0,-0.41873,0.224933,0,0.010144,23,20.1,-2,-2.99995,1,1.56462e-05,0.000234693,0,5.96046e-05,-0.000178814,0,0.00693863,24,20.1,0.902693,-2.2186,1,-0.387369,-0.5,0,-0.698019,0,0,0.0126851,25,20.1,-1.24662,1.00635,1,-0.499575,-0.0185238,0,-0.0170097,0.0157282,0,0.0106816,26,20.1,3,-1.24574,1,0,-0.457789,0,0,-0.306897,0,0.00474543,27,20.1,1.61738,2.99895,1,-0.5,0.00309683,0,7.45058e-06,-0.00526011,0,0.00538085,28,20.1,-2.00288,-0.40039,1,0.00149831,-0.5,0,0.00965595,1.78814e-06,0,0.00963227,29,20.1,1.74777,-1.99393,1,-0.444437,0.0145651,0,-0.529423,-0.0538677,0,0.00922647,30,20.1,-1.99044,0.608616,1,0.0804465,-0.5,0,0.53145,0,0,0.010936,31,20.1,1.94541,2.22773,1,0.219855,0.497789,0,-0.432275,0.0663251,0,0.00708166,32,20.1,1.25941,0.953423,1,0.5,0.192206,0,0,-0.401765,0,0.0131634,33,20.1,2.82284,0.0602824,1,-0.468719,-0.217083,0,-0.352576,0.42925,0,0.00893303,34,20.1,0.000636097,2.09327,1,-0.0449436,-0.304987,0,0.18753,0.474542,0,0.00862139,35,20.1,2.8875,1.12766,1,0.308639,0.351197,0,-0.483766,0.393599,0,0.00620112
0,20.2,-0.000263572,-0.673521,1,0.00474887,0.5,0,-0.010956,2.98023e-05,0,0.0123623,1,20.2,-0.327633,-2.99659,1,-0.5,-0.0048697,0,-1.43051e-05,-0.000953674,0,0.00897882,2,20.2,2.02861,-0.31522,1,-0.151587,-0.5,0,0.367284,1.43051e-05,0,0.0123768,3,20.2,-1.99961,-2.00005,1,-0.000444055,5.36442e-05,0,-0.00190735,0.000238419,0,0.008508,4,20.2,1.84149,-3,1,-0.477076,0,0,-0.295758,-0.000119209,0,0.0103466,5,20.2,-1.33664,3,1,-0.500003,0,0,5.96046e-05,0,0,0.00599531,6,20.2,-0.0030833,-1.99997,1,0.00206055,-3.27826e-05,0,0.0176276,-0.000178814,0,0.0105547,7,20.2,2.66228,-2,1,-0.5,5.96046e-06,0,0,0,0,0.0112261,8,20.2,-2.99999,-1.00009,1,-1.19209e-05,-0.00191629,0,-0.000119209,0.0064373,0,0.00863637,9,20.2,0.999797,1.98691,1,0.00856817,0.148264,0,-0.0286698,-0.446022,0,0.0091308,10,20.2,-1.00278,0.223461,1,0.0229359,0.482621,0,-0.0266433,0.234984,0,0.0122821,11,20.2,1.04884,0.00473555,1,-0.236067,-0.0167875,0,0.498295,0.00802394,0,0.0122037,12,20.2,-2.99998,3.61089e-06,1,-0.000292063,-3.76765e-05,0,0.00345707,8.35767e-05,0,0.00984614,13,20.2,2.78074,1.99718,1,-0.473207,-0.0114977,0,-0.303507,-0.000655651,0,0.00889988,14,20.2,1.18066,-1.01011,1,-0.500003,0.0787973,0,5.96046e-05,-0.223815,0,0.0130024,15,20.2,-7.50012e-06,1,1,9.84389e-06,-7.45058e-06,0,3.0386e-05,2.98023e-05,0,0.0115063,16,20.2,0.597859,3,1,-0.5,0,0,-2.98023e-05,0,0,0.00679489,17,20.2,3,-3,1,0,0,0,0,0,0,0.00385462,18,20.2,-1,2.0061,1,-2.98023e-06,-0.0268877,0,-5.96046e-05,0.0240803,0,0.00936545,19,20.2,-2.99995,-2.00008,1,-1.19209e-05,-0.0020206,0,-0.000357628,0.00667572,0,0.0065942,20,20.2,-3,-3,1,0,0,0,0,0,0,0.00616388,21,20.2,-0.998246,-1.98481,1,-0.000937283,0.0222951,0,-0.0115931,-0.228345,0,0.00912166,22,20.2,-1.0035,-1.00671,1,0.105482,-0.028038,0,-0.372708,0.18084,0,0.0107381,23,20.2,-2,-2.99993,1,1.49012e-05,0.000202656,0,0.000119209,-0.000476837,0,0.00813828,24,20.2,0.860836,-2.2686,1,-0.445947,-0.5,0,-0.469595,0,0,0.0122136,25,20.2,-1.29661,1.00459,1,-0.500003,-0.0166833,0,5.96046e-05,0.020802,0,0.0130623,26,20.2,3,-1.29289,1,0,-0.483522,0,0,-0.19902,0,0.0061429,27,20.2,1.56738,2.99923,1,-0.500003,0.00256896,0,5.96046e-05,-0.005126,0,0.00621956,28,20.2,-2.00269,-0.45039,1,0.0023067,-0.5,0,0.00691414,1.43051e-05,0,0.0103755,29,20.2,1.70115,-1.99273,1,-0.483367,0.00931025,0,-0.255466,-0.0510216,0,0.0103273,30,20.2,-1.97952,0.558616,1,0.139847,-0.5,0,0.643611,-2.98023e-05,0,0.0113636,31,20.2,1.96528,2.27767,1,0.178087,0.5,0,-0.402093,0,0,0.00898652,32,20.2,1.30941,0.970686,1,0.500003,0.153588,0,-5.96046e-05,-0.369728,0,0.0118305,33,20.2,2.77458,0.0406608,1,-0.492984,-0.175958,0,-0.140309,0.392748,0,0.00811176,34,20.2,-0.00298083,2.06516,1,-0.0279919,-0.257117,0,0.151725,0.479698,0,0.00837997,35,20.2,2.91593,1.16473,1,0.260019,0.389734,0,-0.485182,0.367105,0,0.0066811
0,20.3,0.000157227,-0.623521,1,0.0036753,0.5,0,-0.0104645,0,0,0.0123623,1,20.3,-0.377633,-2.99708,1,-0.5,-0.00485778,0,1.78814e-06,0.00110269,0,0.00897882,2,20.3,2.01522,-0.36522,1,-0.116983,-0.5,0,0.324756,0,0,0.0123768,3,20.3,-1.99914,-2.00005,1,0.0143796,7.26432e-05,0,0.270814,0.000163913,0,0.008508,4,20.3,1.79266,-3,1,-0.496189,-8.19564e-06,0,-0.09799,-2.98023e-05,0,0.0103466,5,20.3,-1.38664,3,1,-0.5,0,0,7.45058e-06,0,0,0.00599531,6,20.3,-0.00227676,-1.99998,1,0.0184921,-4.61936e-05,0,0.283547,-8.9407e-05,0,0.0105547,7,20.3,2.61228,-2.00073,1,-0.5,-0.0211984,0,0,-0.396878,0,0.0112261,8,20.3,-2.99999,-1.00025,1,-2.16067e-05,-0.00130013,0,-5.96046e-05,0.00584126,0,0.00863637,9,20.3,1.00052,1.99959,1,0.00587199,0.106163,0,-0.0251606,-0.394471,0,0.0091308,10,20.3,-1.00064,0.272602,1,0.0198447,0.497459,0,-0.0345521,0.0715934,0,0.0122821,11,20.3,1.02769,0.00311507,1,-0.187219,-0.0154583,0,0.475578,0.0178707,0,0.0122037,12,20.3,-3,2.65615e-07,1,-1.71363e-05,-2.92112e-05,0,0.00211596,8.46651e-05,0,0.00984614,13,20.3,2.73221,1.99605,1,-0.494456,-0.0108128,0,-0.124842,0.0135228,0,0.00889988,14,20.3,1.13066,-1.00329,1,-0.5,0.0581895,0,7.45058e-06,-0.188876,0,0.0130024,15,20.3,-6.39085e-06,0.999999,1,1.20837e-05,-4.56348e-06,0,1.49186e-05,2.6077e-05,0,0.0115063,16,20.3,0.547859,3,1,-0.5,0,0,0,0,0,0.00679489,17,20.3,3,-3,1,0,0,0,0,0,0,0.00385462,18,20.3,-1,2.00355,1,-7.07805e-06,-0.0237953,0,-1.49012e-05,0.0367016,0,0.00936545,19,20.3,-2.99995,-2.00025,1,-4.09782e-05,-0.00138022,0,-0.000238419,0.00606477,0,0.0065942,20,20.3,-3,-3,1,0,0,0,0,0,0,0.00616388,21,20.3,-0.997868,-1.98362,1,0.0130909,0.00248905,0,0.264496,-0.168763,0,0.00912166,22,20.3,-0.994722,-1.00868,1,0.0709098,-0.0121096,0,-0.31811,0.138335,0,0.0107381,23,20.3,-2,-2.99991,1,2.2538e-05,0.000146776,0,3.72529e-05,-0.000625849,0,0.00813828,24,20.3,0.814286,-2.3186,1,-0.481253,-0.5,0,-0.242427,0,0,0.0122136,25,20.3,-1.34661,1.00303,1,-0.5,-0.0144539,0,7.45058e-06,0.0235066,0,0.0130623,26,20.3,3,-1.34202,1,0,-0.496897,0,0,-0.0738427,0,0.0061429,27,20.3,1.51738,2.99946,1,-0.5,0.00206344,0,7.45058e-06,-0.00493228,0,0.00621956,28,20.3,-2.00243,-0.50039,1,0.00286326,-0.5,0,0.00429153,-5.66244e-06,0,0.0103755,29,20.3,1.65192,-1.99205,1,-0.497995,0.0044534,0,-0.0608787,-0.0458732,0,0.0103273,30,20.3,-1.96177,0.508653,1,0.219281,-0.498871,0,0.896335,0.0241362,0,0.0113636,31,20.3,1.98114,2.32767,1,0.139747,0.5,0,-0.364192,0,0,0.00898652,32,20.3,1.35941,0.984266,1,0.5,0.118728,0,-7.45058e-06,-0.327416,0,0.0118305,33,20.3,2.72485,0.0249602,1,-0.499561,-0.138744,0,-0.0175387,0.351347,0,0.00811176,34,20.3,-0.00507965,2.04184,1,-0.0145549,-0.209643,0,0.117514,0.466764,0,0.00837997,35,20.3,2.93953,1.20564,1,0.212279,0.428948,0,-0.466719,0.392564,0,0.0066811
0,20.4,0.000473612,-0.573521,1,0.00266526,0.5,0,-0.00969424,2.98023e-05,0,0.0117963,1,20.4,-0.427633,-2.99755,1,-0.5,-0.00466108,0,1.43051e-05,0.0026226,0,0.00905227,2,20.4,2.00507,-0.41522,1,-0.0866294,-0.5,0,0.282347,1.43051e-05,0,0.0123158,3,20.4,-1.99608,-2.00004,1,0.0488043,7.7486e-05,0,0.396252,0.000238419,0,0.00867129,4,20.4,1.74277,-3,1,-0.5,-1.19209e-05,0,0,0,0,0.00976325,5,20.4,-1.43664,3,1,-0.500003,0,0,5.96046e-05,0,0,0.00607957,6,20.4,0.00124311,-1.99998,1,0.0538845,-5.36442e-05,0,0.402902,0,0,0.0100956,7,20.4,2.56228,-2.0053,1,-0.5,-0.0742853,0,0,-0.641346,0,0.0117633,8,20.4,-2.99999,-1.00035,1,-2.38419e-05,-0.000753999,0,0,0.00506639,0,0.00849845,9,20.4,1.00098,2.00833,1,0.00355542,0.0696063,0,-0.0212193,-0.335813,0,0.0100836,10,20.4,-0.998834,0.322535,1,0.0161439,0.5,0,-0.0389516,0,0,0.0114245,11,20.4,1.01129,0.0016701,1,-0.141498,-0.013341,0,0.436544,0.0238885,0,0.0121692,12,20.4,-2.99999,-2.23771e-06,1,0.000143051,-2.09314e-05,0,0.000953674,8.01157e-05,0,0.00983215,13,20.4,2.68238,1.99506,1,-0.499982,-0.00895262,0,-0.000357628,0.0230074,0,0.00757937,14,20.4,1.08066,-0.99836,1,-0.500003,0.0409186,0,5.96046e-05,-0.157028,0,0.0121508,15,20.4,-5.1299e-06,0.999999,1,1.29276e-05,-2.98023e-06,0,2.44994e-06,2.98023e-05,0,0.0109081,16,20.4,0.497859,3,1,-0.5,0,0,1.43051e-05,0,0,0.00666413,17,20.4,3,-3,1,0,0,0,0,0,0,0.00458812,18,20.4,-1,2.00137,1,-8.9407e-06,-0.0197411,0,0,0.0435114,0,0.0111797,19,20.4,-2.99996,-2.00036,1,-6.55651e-05,-0.000810623,0,0,0.00536442,0,0.00803012,20,20.4,-3,-3,1,0,0,0,0,0,0,0.00590317,21,20.4,-0.994968,-1.98412,1,0.047034,-0.0116646,0,0.392795,-0.115514,0,0.00997882,22,20.4,-0.989127,-1.00927,1,0.0419438,-0.000238419,0,-0.261039,0.0998378,0,0.0110412,23,20.4,-2,-2.9999,1,2.38419e-05,8.34465e-05,0,0,-0.000715256,0,0.00744948,24,20.4,0.765263,-2.3686,1,-0.496353,-0.5,0,-0.0729263,0,0,0.00949915,25,20.4,-1.39661,1.0017,1,-0.500003,-0.0120312,0,5.96046e-05,0.0246763,0,0.0125271,26,20.4,3,-1.39193,1,0,-0.5,0,0,0,0,0.00608527,27,20.4,1.46738,2.99964,1,-0.500003,0.00159144,0,5.96046e-05,-0.00464916,0,0.00549578,28,20.4,-2.00212,-0.55039,1,0.00317097,-0.5,0,0.00214577,-2.98023e-05,0,0.0116017,29,20.4,1.60197,-1.99182,1,-0.500003,0.000178814,0,5.96046e-05,-0.0395179,0,0.0118297,30,20.4,-1.93527,0.458937,1,0.310731,-0.494895,0,0.897646,0.0565946,0,0.0110889,31,20.4,1.99336,2.37767,1,0.105333,0.5,0,-0.323832,0,0,0.00920203,32,20.4,1.40941,0.994572,1,0.500003,0.0881061,0,-5.96046e-05,-0.285059,0,0.0114982,33,20.4,2.67486,0.0127725,1,-0.5,-0.105713,0,0,0.309218,0,0.00759688,34,20.4,-0.00600066,2.02316,1,-0.00438186,-0.1643,0,0.086518,0.437617,0,0.00859815,35,20.4,2.95848,1.25039,1,0.167203,0.464419,0,-0.43273,0.303268,0,0.00770249
0,20.5,0.000693345,-0.523521,1,0.00174692,0.5,0,-0.00864404,-2.08616e-06,0,0.0117963,1,20.5,-0.477633,-2.998,1,-0.5,-0.00433512,0,-1.78814e-06,0.0038296,0,0.00905227,2,20.5,1.99775,-0.46522,1,-0.0605397,-0.5,0,0.239655,1.78814e-06,0,0.0123158,3,20.5,-1.98878,-2.00003,1,0.101013,9.27597e-05,0,0.619106,7.45058e-05,0,0.00867129,4,20.5,1.69277,-3,1,-0.5,-1.04308e-05,0,0,2.98023e-05,0,0.00976325,5,20.5,-1.48664,3,1,-0.5,0,0,7.45058e-06,0,0,0.00607957,6,20.5,0.00907128,-1.99999,1,0.106213,-5.17815e-05,0,0.615526,4.47035e-05,0,0.0100956,7,20.5,2.51231,-2.01656,1,-0.498999,-0.155605,0,0.0216961,-0.933439,0,0.0117633,8,20.5,-2.99999,-1.0004,1,-2.23517e-05,-0.000295788,0,2.98023e-05,0.00409782,0,0.00849845,9,20.5,1.00124,2.01372,1,0.00165086,0.0391886,0,-0.0168905,-0.272632,0,0.0100836,10,20.5,-0.997414,0.372535,1,0.0122596,0.5,0,-0.0384599,-3.57628e-06,0,0.0114245,11,20.5,0.999238,0.000460859,1,-0.100407,-0.0108012,0,0.383928,0.0264533,0,0.0121692,12,20.5,-2.99997,-3.94442e-06,1,0.000203773,-1.33559e-05,0,0.000283122,7.09505e-05,0,0.00983215,13,20.5,2.63238,1.99428,1,-0.499998,-0.00647455,0,-4.47035e-05,0.0261515,0,0.00757937,14,20.5,1.03066,-0.995002,1,-0.5,0.0267527,0,3.72529e-06,-0.126895,0,0.0121508,15,20.5,-3.84191e-06,0.999999,1,1.26748e-05,-4.65661e-07,0,-7.00073e-06,1.86265e-05,0,0.0109081,16,20.5,0.447859,3,1,-0.499999,0,0,4.64916e-05,0,0,0.00666413,17,20.5,3,-3,1,0,0,0,0,0,0,0.00458812,18,20.5,-1,1.99962,1,-8.00937e-06,-0.0152802,0,2.23517e-05,0.0450537,0,0.0111797,19,20.5,-2.99996,-2.00041,1,-6.51926e-05,-0.000325963,0,1.49012e-05,0.00433624,0,0.00803012,20,20.5,-3,-3,1,0,0,0,0,0,0,0.00590317,21,20.5,-0.987852,-1.98578,1,0.0990245,-0.0207487,0,0.618085,-0.0678748,0,0.00997882,22,20.5,-0.98614,-1.00885,1,0.0187458,0.00800025,0,-0.203468,0.0658855,0,0.0110412,23,20.5,-1.99999,-2.99989,1,2.16067e-05,1.60187e-05,0,-2.98023e-05,-0.000610948,0,0.00744948,24,20.5,0.715405,-2.4186,1,-0.499772,-0.5,0,-0.00912324,0,0,0.00949915,25,20.5,-1.44661,1.00062,1,-0.5,-0.0095997,0,7.45058e-06,0.023827,0,0.0125271,26,20.5,3,-1.44193,1,0,-0.5,0,0,0,0,0.00608527,27,20.5,1.41739,2.99978,1,-0.499772,0.00115745,0,0.0076741,-0.00400841,0,0.00549578,28,20.5,-2.0018,-0.60036,1,0.00328012,-0.498981,0,0.00013411,0.025291,0,0.0116017,29,20.5,1.55236,-1.99199,1,-0.488341,-0.0034051,0,0.223495,-0.0319853,0,0.0118297,30,20.5,-1.89995,0.409841,1,0.392785,-0.485969,0,0.723869,0.120668,0,0.0110889,31,20.5,2.00235,2.42767,1,0.0753526,0.5,0,-0.276178,0,0,0.00920203,32,20.5,1.45941,1.00203,1,0.5,0.0617481,0,-7.45058e-06,-0.242304,0,0.0114982,33,20.5,2.62486,0.00366852,1,-0.5,-0.0771424,0,0,0.262676,0,0.00759688,34,20.5,-0.00605369,2.00885,1,0.00286508,-0.122612,0,0.0591526,0.394501,0,0.00859815,35,20.5,2.9731,1.29812,1,0.126141,0.487791,0,-0.38676,0.163175,0,0.00770249
0,20.6,0.000826759,-0.473521,1,0.000941305,0.5,0,-0.00744831,-1.43051e-05,0,0.0113519,1,20.6,-0.527633,-2.99842,1,-0.5,-0.0039041,0,-2.98023e-05,0.00452995,0,0.00950963,2,20.6,1.99282,-0.51522,1,-0.0386477,-0.500001,0,0.198483,2.98023e-05,0,0.0118477,3,20.6,-1.97541,-2.00002,1,0.167438,0.000101328,0,0.686407,-0.000119209,0,0.0120625,4,20.6,1.64277,-3,1,-0.500003,-5.96046e-06,0,5.96046e-05,0,0,0.00814533,5,20.6,-1.53664,3,1,-0.500003,0,0,5.96046e-05,0,0,0.00725082,6,20.6,0.0229281,-1.99999,1,0.171926,-4.47035e-05,0,0.676257,5.96046e-05,0,0.00948738,7,20.6,2.46256,-2.03694,1,-0.495356,-0.252962,0,0.0524521,-0.984907,0,0.0104194,8,20.6,-3,-1.00041,1,-1.78814e-05,6.55651e-05,0,0,0.00303984,0,0.00694383,9,20.6,1.00133,2.01638,1,0.000172853,0.0150323,0,-0.0126958,-0.211,0,0.0107778,10,20.6,-0.996378,0.422535,1,0.00850111,0.5,0,-0.0364482,1.43051e-05,0,0.011225,11,20.6,0.99102,-0.000485881,1,-0.0649258,-0.00813169,0,0.324965,0.0265772,0,0.0131236,12,20.6,-2.99995,-4.94343e-06,1,0.000208616,-6.81333e-06,0,-0.000238419,5.96249e-05,0,0.00907716,13,20.6,2.58238,1.99377,1,-0.5,-0.00379682,0,0,0.0271201,0,0.00750061,14,20.6,0.980658,-0.992915,1,-0.5,0.0154212,0,-2.98023e-05,-0.100315,0,0.0116668,15,20.6,-2.62155e-06,0.999999,1,1.16227e-05,1.49012e-06,0,-1.35927e-05,0,0,0.0113987,16,20.6,0.397859,3,1,-0.499982,0,0,0.00038743,0,0,0.00755196,17,20.6,3,-3,1,0,0,0,0,0,0,0.00441285,18,20.6,-1,1.99831,1,-5.96046e-06,-0.0108451,0,0,0.0431538,0,0.010674,19,20.6,-2.99997,-2.00043,1,-5.96046e-05,5.36442e-05,0,0,0.00333786,0,0.0079138,20,20.6,-3,-3,1,0,0,0,0,0,0,0.00563731,21,20.6,-0.974686,-1.98813,1,0.165443,-0.0255674,0,0.687182,-0.0299811,0,0.0115108,22,20.6,-0.985192,-1.00777,1,0.00111908,0.013122,0,-0.149876,0.0375509,0,0.00932053,23,20.6,-1.99999,-2.99989,1,1.78814e-05,-4.17233e-05,0,-0.000119209,-0.000596046,0,0.0084414,24,20.6,0.665409,-2.4686,1,-0.5,-0.5,0,-2.98023e-05,0,0,0.0100508,25,20.6,-1.49661,0.999777,1,-0.500003,-0.00728667,0,5.96046e-05,0.0223219,0,0.0112998,26,20.6,3,-1.49193,1,0,-0.500003,0,0,5.96046e-05,0,0.00585492,27,20.6,1.3675,2.99988,1,-0.497505,0.000792742,0,0.0442266,-0.00333786,0,0.00580658,28,20.6,-2.00147,-0.650056,1,0.00321269,-0.49409,0,-0.00143051,0.0761151,0,0.0122116,29,20.6,1.50495,-1.99248,1,-0.457153,-0.00619292,0,0.391304,-0.023663,0,0.0119646,30,20.6,-1.85745,0.361944,1,0.452867,-0.471014,0,0.470877,0.177175,0,0.0105635,31,20.6,2.00859,2.47767,1,0.0500143,0.5,0,-0.230908,0,0,0.0082245,32,20.6,1.50941,1.00706,1,0.500003,0.0395954,0,-5.96046e-05,-0.200987,0,0.012342,33,20.6,2.57486,-0.00280617,1,-0.5,-0.0530772,0,0,0.219141,0,0.00695564,34,20.6,-0.00551158,1.99848,1,0.00759352,-0.0856787,0,0.0361328,0.343144,0,0.00814588,35,20.6,2.98387,1.34749,1,0.0901461,0.49777,0,-0.332117,0.0446439,0,0.00871233
0,20.7,0.000886157,-0.423523,1,0.000271378,0.499892,0,-0.00596479,-0.00429891,0,0.0113519,1,20.7,-0.577631,-2.99878,1,-0.499888,-0.00341907,0,0.00450015,0.005126,0,0.00950963,2,20.7,1.98988,-0.565219,1,-0.020935,-0.499942,0,0.156537,0.00232831,0,0.0118477,3,20.7,-1.95509,-2.00001,1,0.239933,8.75443e-05,0,0.745617,-0.000163913,0,0.0120625,4,20.7,1.59277,-3,1,-0.5,-4.47035e-06,0,7.45058e-06,2.98023e-05,0,0.00814533,5,20.7,-1.58663,3,1,-0.499639,0,0,0.0112206,0,0,0.00725082,6,20.7,0.0436252,-2,1,0.242815,-3.85568e-05,0,0.724599,6.70552e-05,0,0.00948738,7,20.7,2.4134,-2.06706,1,-0.486867,-0.347491,0,0.116155,-0.875816,0,0.0104194,8,20.7,-2.99947,-1.00039,1,0.0149615,0.000322796,0,0.272006,0.00212342,0,0.00694383,9,20.7,1.00129,2.01693,1,-0.000897795,-0.00309423,0,-0.00879169,-0.152588,0,0.0107778,10,20.7,-0.995705,0.472535,1,0.00502178,0.5,0,-0.0329725,0,0,0.011225,11,20.7,0.986048,-0.00116883,1,-0.0355766,-0.00555973,0,0.26219,0.0246391,0,0.0131236,12,20.7,-2.99993,-5.34786e-06,1,0.000171736,-1.48758e-06,0,-0.000461936,4.68933e-05,0,0.00907716,13,20.7,2.53238,1.99352,1,-0.5,-0.00113342,0,0,0.0258908,0,0.00750061,14,20.7,0.930658,-0.991834,1,-0.5,0.00659851,0,0,-0.0767149,0,0.0116668,15,20.7,-1.53474e-06,0.999999,1,1.00483e-05,1.49012e-06,0,-1.7509e-05,0,0,0.0113987,16,20.7,0.347861,3,1,-0.49999,0,0,-0.000227168,0,0,0.00755196,17,20.7,3,-3,1,0,0,0,0,0,0,0.00441285,18,20.7,-1,1.99744,1,-5.02914e-06,-0.0067519,0,2.23517e-05,0.0384375,0,0.010674,19,20.7,-2.99998,-2.0004,1,-5.7742e-05,0.000334531,0,4.47035e-05,0.00229478,0,0.0079138,20,20.7,-3,-3,1,0,0,0,0,0,0,0.00563731,21,20.7,-0.954564,-1.99078,1,0.237964,-0.0270832,0,0.74546,-0.00169873,0,0.0115108,22,20.7,-0.985745,-1.00631,1,-0.01138,0.015692,0,-0.101306,0.0148118,0,0.00932053,23,20.7,-1.99999,-2.9999,1,7.07805e-06,-9.23872e-05,0,-8.9407e-05,-0.000417233,0,0.0084414,24,20.7,0.615409,-2.51856,1,-0.5,-0.498738,0,0,0.0272691,0,0.0100508,25,20.7,-1.54661,0.999156,1,-0.5,-0.00515943,0,7.45058e-06,0.0201575,0,0.0112998,26,20.7,3,-1.54193,1,0,-0.5,0,0,7.45058e-06,0,0.00585492,27,20.7,1.31785,2.99994,1,-0.4964,0.000494346,0,-0.0124276,-0.00263751,0,0.00580658,28,20.7,-2.00116,-0.699268,1,0.00299774,-0.491651,0,-0.00296533,-0.0146069,0,0.0122116,29,20.7,1.46201,-1.99314,1,-0.394653,-0.0063654,0,0.814326,0.0178814,0,0.0119646,30,20.7,-1.81026,0.315825,1,0.486764,-0.450449,0,0.214167,0.232348,0,0.0105635,31,20.7,2.01251,2.52767,1,0.0290971,0.5,0,-0.187948,0,0,0.0082245,32,20.7,1.55941,1.01009,1,0.499967,0.0216447,0,-0.00131875,-0.158772,0,0.012342,33,20.7,2.52486,-0.00708765,1,-0.5,-0.033233,0,0,0.178302,0,0.00695564,34,20.7,-0.00460447,1.99153,1,0.0102386,-0.0542153,0,0.0175173,0.285909,0,0.00814588,35,20.7,2.99133,1.39741,1,0.0599243,0.499861,0,-0.271887,0.00555813,0,0.00871233
0,20.8,0.000885828,-0.37359,1,-0.000254798,0.49828,0,-0.00457559,-0.034377,0,0.0102311,1,20.8,-0.627561,-2.9991,1,-0.498199,-0.00289083,0,0.0360012,0.00524521,0,0.00803998,2,20.8,1.98851,-0.615182,1,-0.0071913,-0.499068,0,0.11915,0.0186861,0,0.0130418,3,20.8,-1.92739,-2,1,0.313339,7.15256e-05,0,0.708103,-5.96046e-05,0,0.009948,4,20.8,1.54277,-3,1,-0.500003,0,0,5.96046e-05,0,0,0.00717009,5,20.8,-1.63648,3,1,-0.496793,0,0,0.0513196,0,0,0.00451878,6,20.8,0.071492,-2,1,0.313795,-2.98023e-05,0,0.681415,0,0,0.00990259,7,20.8,2.36539,-2.10582,1,-0.472367,-0.423664,0,0.172496,-0.632763,0,0.0108889,8,20.8,-2.99636,-1.00035,1,0.0494778,0.000491738,0,0.396729,0.0013113,0,0.00951608,9,20.8,1.00116,2.01594,1,-0.00160635,-0.0157118,0,-0.00536442,-0.10097,0,0.0104824,10,20.8,-0.995361,0.522535,1,0.00193417,0.5,0,-0.02864,2.98023e-05,0,0.0102599,11,20.8,0.983698,-0.00160633,1,-0.0124216,-0.00324163,0,0.201404,0.0215685,0,0.012998,12,20.8,-2.99992,-5.28312e-06,1,0.00012517,2.57447e-06,0,-0.000715256,3.44364e-05,0,0.0110714,13,20.8,2.48238,1.99353,1,-0.5,0.00133216,0,0,0.0233054,0,0.00717817,14,20.8,0.880658,-0.991522,1,-0.5,-3.12924e-05,0,-2.98023e-05,-0.0564456,0,0.0136156,15,20.8,-6.21257e-07,0.999999,1,8.19141e-06,1.49012e-06,0,-1.93105e-05,0,0,0.0123043,16,20.8,0.297862,3,1,-0.5,0,0,1.43051e-05,0,0,0.00545777,17,20.8,3,-3,1,0,0,0,0,0,0,0.00410656,18,20.8,-1,1.99695,1,-5.96046e-06,-0.00320077,0,0.000119209,0.0323653,0,0.0108749,19,20.8,-2.99998,-2.00036,1,-5.36442e-05,0.000524521,0,0.000119209,0.0013113,0,0.00890628,20,20.8,-3,-3,1,0,0,0,0,0,0,0.00632468,21,20.8,-0.927067,-1.99346,1,0.311327,-0.0261635,0,0.707507,0.0188351,0,0.011378,22,20.8,-0.987318,-1.0047,1,-0.0193805,0.0162691,0,-0.0599623,-0.00244379,0,0.0114661,23,20.8,-1.99999,-2.99991,1,-2.98023e-06,-0.000119209,0,-5.96046e-05,-0.000357628,0,0.00898615,24,20.8,0.565409,-2.56824,1,-0.5,-0.494182,0,-2.98023e-05,0.0654459,0,0.00860073,25,20.8,-1.59661,0.998737,1,-0.500003,-0.00326633,0,5.96046e-05,0.0175834,0,0.0122531,26,20.8,3,-1.59193,1,0,-0.500003,0,0,5.96046e-05,0,0.00467644,27,20.8,1.26812,2.99998,1,-0.49839,0.000268221,0,-0.0211596,-0.00202656,0,0.00641926,28,20.8,-2.00088,-0.748572,1,0.00260472,-0.494874,0,-0.00500679,-0.0411868,0,0.0119519,29,20.8,1.42701,-1.99364,1,-0.302288,-0.00306368,0,0.997365,0.0459552,0,0.0119303,30,20.8,-1.76086,0.272021,1,0.498271,-0.424892,0,0.0345707,0.277125,0,0.0129735,31,20.8,2.01454,2.57767,1,0.0123203,0.5,0,-0.148177,0,0,0.00893829,32,20.8,1.60939,1.01152,1,0.499472,0.007689,0,-0.0104904,-0.120997,0,0.0108202,33,20.8,2.47486,-0.00958325,1,-0.5,-0.0173026,0,0,0.140889,0,0.00768127,34,20.8,-0.00351861,1.98745,1,0.0112397,-0.0285089,0,0.0031843,0.228524,0,0.00775833,35,20.8,2.99606,1.4474,1,0.0357985,0.500003,0,-0.210881,-5.96046e-05,0,0.00788591
0,20.9,0.000839637,-0.324021,1,-0.000647811,0.492132,0,-0.0033026,-0.0928137,0,0.0102311,1,20.9,-0.677113,-2.99936,1,-0.491847,-0.00236332,0,0.0951849,0.00524521,0,0.00803998,2,20.9,1.98833,-0.664924,1,0.00304971,-0.494903,0,0.0863746,0.0698045,0,0.0130418,3,20.9,-1.8927,-2,1,0.378446,6.33299e-05,0,0.588298,-8.9407e-05,0,0.009948,4,20.9,1.49277,-3,1,-0.5,0,0,7.45058e-06,0,0,0.00717009,5,20.9,-1.68581,3,1,-0.488702,0,0,0.113994,0,0,0.00451878,6,20.9,0.10613,-2,1,0.377278,-2.98023e-05,0,0.580449,0,0,0.00990259,7,20.9,2.31911,-2.15087,1,-0.452246,-0.472546,0,0.228167,-0.346035,0,0.0108889,8,20.9,-2.98917,-1.00029,1,0.0962373,0.000595115,0,0.518635,0.000886619,0,0.00951608,9,20.9,1.00098,2.01394,1,-0.00199657,-0.0235286,0,-0.00254065,-0.0568479,0,0.0104824,10,20.9,-0.9953,0.572533,1,-0.000634883,0.49991,0,-0.0227876,-0.00360981,0,0.0102599,11,20.9,0.983356,-0.000608733,1,0.0045496,0.0337628,0,0.139844,0.656824,0,0.012998,12,20.9,-2.99991,-4.87371e-06,1,5.62519e-05,5.41789e-06,0,-0.00064075,2.26829e-05,0,0.0110714,13,20.9,2.43238,1.99378,1,-0.499931,0.00342149,0,0.00274181,0.0184849,0,0.00717817,14,20.9,0.830658,-0.991778,1,-0.5,-0.00478057,0,0,-0.0390522,0,0.0136156,15,20.9,1.00856e-07,0.999999,1,6.25195e-06,1.49012e-06,0,-1.92489e-05,0,0,0.0123043,16,20.9,0.247862,3,1,-0.5,0,0,-1.78814e-06,0,0,0.00545777,17,20.9,3,-3,1,0,0,0,0,0,0,0.00410656,18,20.9,-1.00122,1.99677,1,-0.0349978,-0.000375882,0,-0.63891,0.0243038,0,0.0108749,19,20.9,-2.99999,-1.99975,1,-4.20958e-05,0.0164537,0,0.000104308,0.288151,0,0.00890628,20,20.9,-3,-2.99948,1,0,0.014979,0,0,0.271991,0,0.00632468,21,20.9,-0.892577,-1.99597,1,0.376533,-0.023694,0,0.590857,0.0298321,0,0.011378,22,20.9,-0.989496,-1.00259,1,-0.0236161,0.0301836,0,-0.0260696,0.254281,0,0.0114661,23,20.9,-2.00051,-2.99992,1,-0.0149867,-0.000144169,0,-0.272043,-0.00013411,0,0.00898615,24,20.9,0.515409,-2.61725,1,-0.5,-0.485244,0,2.08616e-06,0.114262,0,0.00860073,25,20.9,-1.64648,0.998493,1,-0.496076,-0.00166707,0,0.0792518,0.0144243,0,0.0122531,26,20.9,3,-1.64181,1,0,-0.49637,0,0,0.0737906,0,0.00467644,27,20.9,1.2182,3,1,-0.499761,0.00010021,0,-0.00678003,-0.00135601,0,0.00641926,28,20.9,-2.00064,-0.798244,1,0.00208467,-0.498293,0,-0.00551343,-0.0250041,0,0.0119519,29,20.9,1.40177,-1.99364,1,-0.202411,0.00351798,0,0.999674,0.0822768,0,0.0119303,30,20.9,-1.71154,0.230901,1,0.481914,-0.397579,0,-0.339642,0.272698,0,0.0129735,31,20.9,2.0151,2.62758,1,-0.000512972,0.497106,0,-0.109389,-0.0605285,0,0.00893829,32,20.9,1.65922,1.01175,1,0.496338,-0.0027243,0,-0.0578836,-0.0879765,0,0.0108202,33,20.9,2.42486,-0.0106706,1,-0.499898,-0.00504,0,0.00406802,0.105212,0,0.00768127,34,20.9,-0.00239734,1.98564,1,0.0110151,-0.00849571,0,-0.00706031,0.172533,0,0.00775833,35,20.9,2.99869,1.4974,1,0.0176936,0.5,0,-0.152081,-7.45058e-06,0,0.00788591
0,21,0.000760323,-0.275396,1,-0.000919157,0.479038,0,-0.00214478,-0.171602,0,0.0137849,1,21,-0.725697,-2.99957,1,-0.478503,-0.00184774,0,0.174224,0.00500679,0,0.00701727,2,21,1.98901,-0.713946,1,0.0102252,-0.484255,0,0.0578761,0.146449,0,0.0118508,3,21,-1.85215,-1.99999,1,0.430158,5.06639e-05,0,0.44328,-5.96046e-05,0,0.0105517,4,21,1.44277,-3,1,-0.500003,0,0,5.96046e-05,0,0,0.00774945,5,21,-1.73398,3,1,-0.473449,0,0,0.193179,0,0,0.00545948,6,21,0.146543,-2.00001,1,0.428706,-3.57628e-05,0,0.444107,0,0,0.0103771,7,21,2.27511,-2.19942,1,-0.427079,-0.49454,0,0.273585,-0.109196,0,0.00856571,8,21,-2.97689,-1.00023,1,0.149655,0.000694394,0,0.534058,0.00119209,0,0.010744,9,21,1.00077,2.01137,1,-0.00213385,-0.0273645,0,-0.000357628,-0.0212193,0,0.0125251,10,21,-0.995468,0.622477,1,-0.00263304,0.498556,0,-0.0172555,-0.0288785,0,0.0117659,11,21,0.984421,0.00667635,1,0.0158995,0.116893,0,0.0888109,0.955177,0,0.014006,12,21,-2.99991,-4.23616e-06,1,-5.96046e-06,7.16312e-06,0,-0.000476837,1.24914e-05,0,0.0102847,13,21,2.38242,1.9942,1,-0.498897,0.00503361,0,0.0219345,0.0136495,0,0.00736265,14,21,0.780658,-0.992426,1,-0.5,-0.00793934,0,-2.98023e-05,-0.0246167,0,0.0153841,15,21,6.31487e-07,0.999999,1,4.38196e-06,1.49012e-06,0,-1.79773e-05,0,0,0.00958268,16,21,0.197862,3,1,-0.5,0,0,0,0,0,0.00691673,17,21,3,-3,1,0,0,0,0,0,0,0.00560769,18,21,-1.00855,1.99685,1,-0.11667,0.00169277,0,-0.944495,0.0172257,0,0.0124151,19,21,-2.99999,-1.99639,1,-3.57628e-05,0.0529706,0,0.000119209,0.419438,0,0.00806846,20,21,-3,-2.99636,1,0,0.0494897,0,0,0.396848,0,0.00552816,21,21,-0.852199,-1.99817,1,0.428641,-0.0203282,0,0.448495,0.0367761,0,0.0106527,22,21,-0.991941,-0.998055,1,-0.0248477,0.0624225,0,0.000268221,0.369936,0,0.0161934,23,21,-2.00363,-2.99994,1,-0.0495017,-0.000149012,0,-0.396848,0,0,0.0085725,24,21,0.465409,-2.66511,1,-0.5,-0.471187,0,1.43051e-05,0.167251,0,0.00888424,25,21,-1.69556,0.998394,1,-0.484061,-0.000376999,0,0.161171,0.0114441,0,0.0105036,26,21,3,-1.69095,1,0,-0.485075,0,0,0.152469,0,0.00437077,27,21,1.1682,3,1,-0.500003,-5.96046e-06,0,5.96046e-05,-0.000953674,0,0.00658021,28,21,-2.00046,-0.848163,1,0.0014782,-0.499749,0,-0.00691414,-0.00500679,0,0.0160927,29,21,1.38653,-1.99284,1,-0.102419,0.0127554,0,0.999987,0.0994802,0,0.00973872,30,21,-1.66551,0.192523,1,0.434461,-0.369752,0,-0.590384,0.286289,0,0.0152166,31,21,2.01456,2.67687,1,-0.0097394,0.487465,0,-0.0758171,-0.133872,0,0.00779149,32,21,1.70844,1.01108,1,0.486958,-0.0100464,0,-0.133514,-0.059247,0,0.010275,33,21,2.37492,-0.0107018,1,-0.498378,0.00390552,0,0.0326633,0.0745053,0,0.00813375,34,21,-0.00134381,1.98557,1,0.00994218,0.00617206,0,-0.0138696,0.121772,0,0.00959901,35,21,2.99979,1.5474,1,0.00516772,0.500003,0,-0.0997782,-5.96046e-05,0,0.00849595
0,21.1,0.000659565,-0.228537,1,-0.00107806,0.456349,0,-0.00106774,-0.279083,0,0.0137849,1,21.1,-0.772489,-2.99973,1,-0.455569,-0.00137016,0,0.281334,0.00450015,0,0.00701727,2,21.1,1.99028,-0.760978,1,0.0147859,-0.450428,0,0.033997,0.504501,0,0.0118508,3,21.1,-1.80716,-1.99999,1,0.467341,4.30271e-05,0,0.297211,-9.68575e-05,0,0.0105517,4,21.1,1.39281,-3,1,-0.498549,0,0,0.033319,0,0,0.00774945,5,21.1,-1.78018,3,1,-0.448791,0,0,0.296712,0,0,0.00545948,6,21.1,0.191454,-2.00001,1,0.467365,-3.39001e-05,0,0.316628,4.47035e-05,0,0.0103771,7,21.1,2.23385,-2.24921,1,-0.397442,-0.499658,0,0.316858,-0.0136495,0,0.00856571,8,21.1,-2.95916,-1.00015,1,0.205446,0.000862591,0,0.565186,0.00233203,0,0.010744,9,21.1,1.00056,2.00858,1,-0.00208206,-0.0280637,0,0.0012964,0.00585616,0,0.0125251,10,21.1,-0.995809,0.672107,1,-0.00409828,0.493102,0,-0.0121109,-0.0847541,0,0.0117659,11,21.1,0.986386,0.0232284,1,0.0227361,0.214792,0,0.0493489,0.994397,0,0.014006,12,21.1,-2.99991,-3.47236e-06,1,-4.95464e-05,7.97174e-06,0,-0.000372529,4.01109e-06,0,0.0102847,13,21.1,2.33272,1.99477,1,-0.494317,0.00617169,0,0.0746548,0.00913441,0,0.00736265,14,21.1,0.730658,-0.993322,1,-0.5,-0.00980059,0,0,-0.0130273,0,0.0153841,15,21.1,9.8332e-07,0.999999,1,2.69227e-06,1.49012e-06,0,-1.57269e-05,0,0,0.00958268,16,21.1,0.147862,3,1,-0.5,0,0,-1.3411e-06,0,0,0.00691673,17,21.1,3,-3,1,0,0,0,0,0,0,0.00560769,18,21.1,-1.02505,1.99709,1,-0.214068,0.00308827,0,-0.993066,0.0108927,0,0.0124151,19,21.1,-2.99999,-1.98872,1,-2.57045e-05,0.102557,0,7.45058e-05,0.55103,0,0.00806846,20,21.1,-3,-2.98897,1,0,0.102098,0,0,0.625908,0,0.00552816,21,21.1,-0.807323,-2.00002,1,0.466459,-0.0165449,0,0.303824,0.038527,0,0.0106527,22,21.1,-0.99439,-0.989401,1,-0.0238102,0.115426,0,0.0196546,0.65618,0,0.0161934,23,21.1,-2.01081,-2.99995,1,-0.0959959,-0.000141934,0,-0.513628,0.00013411,0,0.0085725,24,21.1,0.415416,-2.71131,1,-0.499708,-0.451772,0,0.00939883,0.221178,0,0.00888424,25,21.1,-1.74303,0.998408,1,-0.464058,0.000624824,0,0.238724,0.00862405,0,0.0105036,26,21.1,3,-1.73856,1,0,-0.466009,0,0,0.228934,0,0.00437077,27,21.1,1.1182,2.99999,1,-0.5,-7.93487e-05,0,7.45058e-06,-0.000551343,0,0.00658021,28,21.1,-2.00035,-0.898153,1,0.000886992,-0.499984,0,-0.00499189,-0.000633299,0,0.0160927,29,21.1,1.38129,-1.99118,1,-0.0024192,0.019379,0,1,0.0359714,0,0.00973872,30,21.1,-1.62581,0.157044,1,0.353662,-0.339219,0,-0.948802,0.323056,0,0.0152166,31,21.1,2.01326,2.72481,1,-0.0158846,0.470113,0,-0.0478923,-0.213847,0,0.00779149,32,21.1,1.75628,1.00983,1,0.46784,-0.0146683,0,-0.24619,-0.0340492,0,0.010275,33,21.1,2.32516,-0.00998707,1,-0.497604,0.00992483,0,-0.00907481,0.0466573,0,0.00813375,34,21.1,-0.000426138,1.98672,1,0.00834989,0.0160532,0,-0.017557,0.077121,0,0.00959901,35,21.1,2.99988,1.59738,1,-0.00266246,0.499165,0,-0.0585467,-0.0218526,0,0.00849595
0,21.2,0.000547962,-0.184453,1,-0.00113939,0.423857,0,-0.000191082,-0.367485,0,0.0140374,1,21.2,-0.816485,-2.99985,1,-0.422877,-0.000953674,0,0.369191,0.0038147,0,0.00656522,2,21.2,1.9919,-0.803083,1,0.0171572,-0.388062,0,0.0141859,0.721365,0,0.0126692,3,21.2,-1.75919,-1.99998,1,0.489575,3.27826e-05,0,0.150502,-0.000119209,0,0.0106344,4,21.2,1.34321,-3,1,-0.4926,0,0,0.0887513,0,0,0.00800221,5,21.2,-1.82343,3,1,-0.414774,0,0,0.380218,0,0,0.00415612,6,21.2,0.239501,-2.00001,1,0.490806,-2.98023e-05,0,0.152349,0.000119209,0,0.0112349,7,21.2,2.19574,-2.29921,1,-0.364149,-0.5,0,0.346899,0,0,0.00809076,8,21.2,-2.93585,-1.00005,1,0.259763,0.00118315,0,0.508547,0.00429153,0,0.0117404,9,21.2,1.00036,2.00583,1,-0.00189245,-0.0264525,0,0.00244379,0.025034,0,0.0102442,10,21.2,-0.996272,0.720871,1,-0.00507087,0.480865,0,-0.00736117,-0.16278,0,0.0127537,11,21.2,0.988851,0.0496964,1,0.0260442,0.314652,0,0.0180304,1,0,0.0160798,12,21.2,-2.99992,-2.66684e-06,1,-7.7486e-05,8.0291e-06,0,-0.000357628,-2.55648e-06,0,0.00918718,13,21.2,2.28378,1.99542,1,-0.483149,0.00686944,0,0.151753,0.00488758,0,0.00833708,14,21.2,0.680658,-0.994351,1,-0.5,-0.0106245,0,-2.98023e-05,-0.00378489,0,0.0149649,15,21.2,1.17824e-06,0.999999,1,1.25081e-06,1.49012e-06,0,-1.30496e-05,0,0,0.00843839,16,21.2,0.0978616,3,1,-0.5,0,0,-2.38419e-06,0,0,0.00604495,17,21.2,3,-3,1,0,0,0,0,0,0,0.00523233,18,21.2,-1.05144,1.99744,1,-0.313896,0.00391006,0,-0.999987,0.00572205,0,0.0119777,19,21.2,-3,-1.97564,1,-1.78814e-05,0.159368,0,0.000119209,0.568449,0,0.00727319,20,21.2,-3,-2.97545,1,0,0.169379,0,0,0.696182,0,0.00630231,21,21.2,-0.759412,-2.00148,1,0.489262,-0.0126898,0,0.154734,0.0382662,0,0.00928804,22,21.2,-0.996646,-0.974338,1,-0.0210732,0.187534,0,0.0342727,0.758618,0,0.0188442,23,21.2,-2.02304,-2.99997,1,-0.148755,-0.00012517,0,-0.526071,0.000238419,0,0.0102556,24,21.2,0.365541,-2.75529,1,-0.497157,-0.426978,0,0.0476837,0.274301,0,0.0087845,25,21.2,-1.78811,0.998509,1,-0.436422,0.00135601,0,0.313044,0.00602007,0,0.00813091,26,21.2,3,-1.78389,1,0,-0.43934,0,0,0.303686,0,0.00463508,27,21.2,1.0682,2.99998,1,-0.500003,-0.000119209,0,5.96046e-05,-0.000119209,0,0.00660807,28,21.2,-2.00028,-0.948153,1,0.000458956,-0.5,0,-0.00369549,-2.98023e-05,0,0.0145245,29,21.2,1.38605,-1.98915,1,0.0975817,0.0205129,0,0.999987,-0.0106692,0,0.0100781,30,21.2,-1.59534,0.124788,1,0.254941,-0.305419,0,-0.999987,0.351484,0,0.013112,31,21.2,2.01147,2.77062,1,-0.0194669,0.444663,0,-0.0246763,-0.295043,0,0.00848552,32,21.2,1.80166,1.00822,1,0.438282,-0.0170201,0,-0.342011,-0.0138283,0,0.00945075,33,21.2,2.27533,-0.008802,1,-0.498956,0.0133881,0,-0.0137091,0.0233413,0,0.0129372,34,21.2,0.000317855,1.98864,1,0.00650651,0.0218511,0,-0.0189726,0.0401139,0,0.00864894,35,21.2,2.99937,1.64712,1,-0.00687242,0.494727,0,-0.0269413,-0.0705719,0,0.00742766
0,21.3,0.000434251,-0.144018,1,-0.00112371,0.383785,0,0.00047603,-0.430967,0,0.0140374,1,21.3,-0.856323,-2.99993,1,-0.368583,-0.000606477,0,0.687711,0.00312924,0,0.00656522,2,21.3,1.99366,-0.837778,1,0.0177586,-0.30199,0,-0.00127405,0.955719,0,0.0126692,3,21.3,-1.70969,-1.99998,1,0.498623,2.10479e-05,0,0.040561,-0.000111759,0,0.0106344,4,21.3,1.29494,-3,1,-0.467697,0,0,0.391014,0,0,0.00800221,5,21.3,-1.8629,3,1,-0.373685,0,0,0.438489,0,0,0.00415612,6,21.3,0.289093,-2.00001,1,0.499031,-1.82539e-05,0,0.030864,0.000104308,0,0.0112349,7,21.3,2.16108,-2.34921,1,-0.328918,-0.5,0,0.356764,0,0,0.00809076,8,21.3,-2.9074,-0.999878,1,0.308279,0.00259085,0,0.454724,0.0224076,0,0.0117404,9,21.3,1.00018,2.00334,1,-0.00161305,-0.0232957,0,0.00308454,0.0370741,0,0.0102442,10,21.3,-0.996808,0.767955,1,-0.00557806,0.459003,0,-0.00292808,-0.271473,0,0.0127537,11,21.3,0.991506,0.0858378,1,0.0267129,0.40427,0,-0.00368804,0.767565,0,0.0160798,12,21.3,-2.99993,-1.88529e-06,1,-0.000105053,7.52382e-06,0,-0.000208616,-7.25208e-06,0,0.00918718,13,21.3,2.23642,1.99613,1,-0.46232,0.00714045,0,0.261962,0.000678003,0,0.00833708,14,21.3,0.630658,-0.99542,1,-0.5,-0.0106504,0,0,0.00295788,0,0.0149649,15,21.3,1.24299e-06,1,1,9.32049e-08,1.49012e-06,0,-1.01113e-05,0,0,0.00843839,16,21.3,0.0478617,2.99961,1,-0.5,-0.0113517,0,-4.47035e-07,-0.215232,0,0.00604495,17,21.3,3,-3,1,0,0,0,0,0,0,0.00523233,18,21.3,-1.08751,1.99786,1,-0.403605,0.00428166,0,-0.76934,0.00185519,0,0.0119777,19,21.3,-3,-1.9568,1,-7.82311e-06,0.217547,0,7.45058e-05,0.579394,0,0.00727319,20,21.3,-3,-2.95495,1,0,0.240982,0,0,0.720561,0,0.00630231,21,21.3,-0.709926,-2.00256,1,0.498579,-0.00902005,0,0.0418574,0.0350028,0,0.00928804,22,21.3,-0.99858,-0.951501,1,-0.0175705,0.271106,0,0.0355169,0.873983,0,0.0188442,23,21.3,-2.04062,-2.99998,1,-0.203314,-9.98378e-05,0,-0.549287,0.000268221,0,0.0102556,24,21.3,0.316587,-2.79653,1,-0.477118,-0.397043,0,0.336625,0.323668,0,0.0087845,25,21.3,-1.83005,0.998671,1,-0.401059,0.00183182,0,0.390179,0.00357255,0,0.00813091,26,21.3,3,-1.82617,1,0,-0.40481,0,0,0.382937,0,0.00463508,27,21.3,1.0182,2.99997,1,-0.5,-0.000122562,0,0,4.47035e-05,0,0.00660807,28,21.3,-2.00025,-0.998153,1,0.000161678,-0.5,0,-0.00232458,7.45058e-06,0,0.0145245,29,21.3,1.4008,-1.98677,1,0.197249,0.0306545,0,0.98671,0.199027,0,0.0100781,30,21.3,-1.57484,0.0960547,1,0.154942,-0.268823,0,-1,0.377374,0,0.013112,31,21.3,2.00943,2.81345,1,-0.0209279,0.410406,0,-0.00536442,-0.385627,0,0.00848552,32,21.3,1.84365,1.00648,1,0.400333,-0.0176033,0,-0.414148,0.00146776,0,0.00945075,33,21.3,2.22539,-0.00737252,1,-0.499845,0.0149556,0,-0.00439584,0.0085865,0,0.0129372,34,21.3,0.000873974,1.99098,1,0.0046249,0.0243288,0,-0.0184363,0.0107437,0,0.00864894,35,21.3,2.99859,1.69613,1,-0.00838935,0.484517,0,-0.00470877,-0.136442,0,0.00742766
0,21.4,0.000325162,-0.107877,1,-0.00104973,0.338284,0,0.000976608,-0.475843,0,0.0112258,1,21.4,-0.889415,-2.99997,1,-0.290582,-0.000327826,0,0.84883,0.00226498,0,0.00671362,2,21.4,1.99541,-0.863075,1,0.0170678,-0.203255,0,-0.0116825,1.00002,0,0.010795,3,21.4,-1.65972,-1.99998,1,0.500003,8.9407e-06,0,-5.96046e-05,-5.96046e-05,0,0.011298,4,21.4,1.2505,-3,1,-0.417814,0,0,0.590682,0,0,0.00813778,5,21.4,-1.898,3,1,-0.327697,0,0,0.47797,0,0,0.00467822,6,21.4,0.33907,-2.00002,1,0.5,-5.96046e-06,0,-1.43051e-05,0,0,0.0101764,7,21.4,2.12998,-2.39921,1,-0.292993,-0.5,0,0.360727,0,0,0.0089965,8,21.4,-2.87444,-0.999487,1,0.349468,0.00539124,0,0.363827,0.0323951,0,0.0130986,9,21.4,1.00004,2.0012,1,-0.00128895,-0.0192344,0,0.00333786,0.0434518,0,0.00907351,10,21.4,-0.997374,0.812339,1,-0.0056833,0.427189,0,0.000655651,-0.361562,0,0.011959,11,21.4,0.99413,0.12958,1,0.0254884,0.465162,0,-0.0198781,0.445054,0,0.0127198,12,21.4,-2.99994,-1.17487e-06,1,-0.000119209,6.63411e-06,0,0,-1.02852e-05,0,0.0107231,13,21.4,2.19165,1.99684,1,-0.431347,0.00703037,0,0.354052,-0.00268221,0,0.00780522,14,21.4,0.580658,-0.996462,1,-0.5,-0.0100911,0,-2.98023e-05,0.00795722,0,0.0132865,15,21.4,1.20654e-06,1,1,-7.74997e-07,1.49012e-06,0,-7.2792e-06,-2.98023e-05,0,0.00990876,16,21.4,-0.00213835,2.99713,1,-0.5,-0.0408053,0,-1.19209e-06,-0.363231,0,0.00624596,17,21.4,3,-3,1,0,0,0,0,0,0,0.00531326,18,21.4,-1.1312,1.99829,1,-0.464737,0.0043124,0,-0.447869,-0.00113249,0,0.0119718,19,21.4,-3,-1.93224,1,-5.96046e-06,0.27248,0,0.000119209,0.507414,0,0.00609741,20,21.4,-3,-2.92732,1,0,0.310737,0,0,0.662208,0,0.00611472,21,21.4,-0.659962,-2.00329,1,0.5,-0.00571012,0,2.98023e-05,0.0311136,0,0.00982148,22,21.4,-1.00016,-0.920087,1,-0.014019,0.355802,0,0.0353456,0.793487,0,0.0146667,23,21.4,-2.06363,-2.99999,1,-0.255829,-7.15256e-05,0,-0.489116,0.000238419,0,0.0101082,24,21.4,0.270922,-2.83454,1,-0.432919,-0.362438,0,0.532925,0.367403,0,0.00826758,25,21.4,-1.86811,0.998868,1,-0.359163,0.00208318,0,0.443816,0.00154972,0,0.00859495,26,21.4,3,-1.86463,1,0,-0.363526,0,0,0.438988,0,0.00444496,27,21.4,0.968202,2.99996,1,-0.5,-0.000107288,0,-2.98023e-05,0,0,0.00636291,28,21.4,-2.00024,-1.04815,1,-1.19209e-05,-0.5,0,-0.00119209,0,0,0.0170588,29,21.4,1.42535,-1.98246,1,0.292265,0.0576168,0,0.893593,0.327706,0,0.0120871,30,21.4,-1.56435,0.0710805,1,0.0549406,-0.230518,0,-0.999987,0.386054,0,0.0113896,31,21.4,2.00734,2.85244,1,-0.0207007,0.36841,0,0.00941753,-0.450134,0,0.00745232,32,21.4,1.88152,1.00475,1,0.356051,-0.0168562,0,-0.468433,0.0127554,0,0.0107778,33,21.4,2.17539,-0.00585443,1,-0.5,0.0152156,0,0,-0.0028622,0,0.0135712,34,21.4,0.0012467,1.99342,1,0.00285789,0.0242501,0,-0.0167411,-0.0112057,0,0.00933682,35,21.4,2.99776,1.74378,1,-0.00805259,0.467011,0,0.0103712,-0.214994,0,0.00805271
0,21.5,0.000225699,-0.0764785,1,-0.00093395,0.289294,0,0.00131215,-0.499748,0,0.0112258,1,21.5,-0.913936,-2.99999,1,-0.197668,-0.000132248,0,0.981107,0.00162423,0,0.00671362,2,21.5,1.99705,-0.878401,1,0.015847,-0.103254,0,-0.0123531,1.00001,0,0.010795,3,21.5,-1.60972,-1.99998,1,0.5,2.98023e-06,0,-7.45058e-06,-5.96046e-05,0,0.011298,4,21.5,1.21218,-3,1,-0.344361,0,0,0.849634,0,0,0.00813778,5,21.5,-1.92834,3,1,-0.278757,0,0,0.496767,0,0,0.00467822,6,21.5,0.38907,-2.00002,1,0.5,-5.58794e-06,0,0,1.49012e-05,0,0.0101764,7,21.5,2.10248,-2.44865,1,-0.257073,-0.483876,0,0.356913,0.305504,0,0.0089965,8,21.5,-2.83769,-0.998589,1,0.385239,0.014262,0,0.345692,0.13436,0,0.0130986,9,21.5,0.999925,1.9995,1,-0.000956189,-0.0147982,0,0.00328198,0.0446513,0,0.00907351,10,21.5,-0.997934,0.853134,1,-0.00547636,0.38761,0,0.00336021,-0.42706,0,0.011959,11,21.5,0.996563,0.177786,1,0.0230092,0.494015,0,-0.0291355,0.150017,0,0.0127198,12,21.5,-2.99995,-5.65923e-07,1,-0.000116974,5.51972e-06,0,5.96046e-05,-1.17928e-05,0,0.0107231,13,21.5,2.15041,1.99752,1,-0.392392,0.00662766,0,0.422135,-0.00524521,0,0.00780522,14,21.5,0.530658,-0.997425,1,-0.5,-0.00912147,0,0,0.0112094,0,0.0132865,15,21.5,1.09719e-06,1,1,-1.36812e-06,-9.31323e-07,0,-4.64464e-06,-1.49012e-05,0,0.00990876,16,21.5,-0.0521384,2.9907,1,-0.5,-0.0923682,0,2.98023e-07,-0.641868,0,0.00624596,17,21.5,3,-3,1,0,0,0,0,0,0,0.00531326,18,21.5,-1.17938,1.99871,1,-0.49387,0.00409652,0,-0.152506,-0.00309199,0,0.0119718,19,21.5,-3,-1.90247,1,3.72529e-06,0.322492,0,5.96046e-05,0.479408,0,0.00609741,20,21.5,-3,-2.89302,1,0,0.374113,0,0,0.594899,0,0.00611472,21,21.5,-0.609962,-2.00372,1,0.5,-0.00285991,0,0,0.0259429,0,0.00982148,22,21.5,-1.00139,-0.8808,1,-0.0106126,0.42678,0,0.032708,0.605177,0,0.0146667,23,21.5,-2.09167,-2.99999,1,-0.30473,-4.80562e-05,0,-0.47487,0.000223517,0,0.0101082,24,21.5,0.231011,-2.86888,1,-0.359325,-0.323846,0,0.8924,0.402808,0,0.00826758,25,21.5,-1.90175,0.999082,1,-0.313233,0.00215508,0,0.471577,-5.21541e-05,0,0.00859495,26,21.5,3,-1.89873,1,0,-0.317961,0,0,0.469111,0,0.00444496,27,21.5,0.918202,2.99995,1,-0.5,-0.000100583,0,0,0.000119209,0,0.00636291,28,21.5,-2.00025,-1.09815,1,-9.46224e-05,-0.5,0,-0.000476837,0,0,0.0170588,29,21.5,1.45871,-1.9747,1,0.371534,0.100736,0,0.690728,0.51704,0,0.0120871,30,21.5,-1.56386,0.049947,1,-0.0450589,-0.192318,0,-1,0.376074,0,0.0113896,31,21.5,2.00534,2.88695,1,-0.0192288,0.321165,0,0.0194162,-0.490606,0,0.00745232,32,21.5,1.91471,1.00314,1,0.307327,-0.0151724,0,-0.501618,0.0203401,0,0.0107778,33,21.5,2.12539,-0.00435981,1,-0.5,0.014559,0,0,-0.00992894,0,0.0135712,34,21.5,0.00145293,1.99577,1,0.0013102,0.0223355,0,-0.0141436,-0.0260398,0,0.00933682,35,21.5,2.99702,1.78923,1,-0.00658482,0.44039,0,0.018239,-0.314005,0,0.00805271
0,21.6,0.000139232,-0.0500576,1,-0.000792291,0.239121,0,0.00149801,-0.500087,0,0.0114003,1,21.6,-0.928741,-3,1,-0.0981405,0,0,1.00002,0.000953674,0,0.00683889,2,21.6,1.99858,-0.883726,1,0.0146598,-0.00325441,0,-0.0110865,1.00002,0,0.00991303,3,21.6,-1.55972,-1.99998,1,0.500003,-2.98023e-06,0,-5.96046e-05,-5.96046e-05,0,0.0134969,4,21.6,1.18222,-3,1,-0.253046,0,0,0.953734,0,0,0.00918382,5,21.6,-1.95373,3,1,-0.229099,0,0,0.49293,0,0,0.00486705,6,21.6,0.43907,-2.00002,1,0.5,0,0,-1.43051e-05,0,0,0.0124203,7,21.6,2.07855,-2.49513,1,-0.221759,-0.442088,0,0.348449,0.515461,0,0.00895794,8,21.6,-2.79751,-0.996396,1,0.41756,0.0303164,0,0.295997,0.17792,0,0.0106649,9,21.6,0.999846,1.99824,1,-0.00064075,-0.0104159,0,0.00303984,0.0424981,0,0.00862162,10,21.6,-0.998461,0.889673,1,-0.00503361,0.342393,0,0.00536442,-0.474095,0,0.0106453,11,21.6,0.998707,0.227612,1,0.0197724,0.5,0,-0.0351071,-1.43051e-05,0,0.0129093,12,21.6,-2.99996,-7.39596e-08,1,-0.000107288,4.31345e-06,0,0.000119209,-1.21634e-05,0,0.0103354,13,21.6,2.11337,1.99816,1,-0.347531,0.00600219,0,0.47195,-0.00709295,0,0.00792585,14,21.6,0.480658,-0.998277,1,-0.5,-0.00789315,0,1.43051e-05,0.0131428,0,0.0128863,15,21.6,9.41076e-07,1,1,-1.71649e-06,-1.49012e-06,0,-2.38688e-06,-2.98023e-05,0,0.00935678,16,21.6,-0.102138,2.97797,1,-0.5,-0.164413,0,3.57628e-06,-0.777245,0,0.0133565,17,21.6,3,-3,1,0,0,0,0,0,0,0.00583194,18,21.6,-1.2292,1.9991,1,-0.5,0.00371337,0,0,-0.00447035,0,0.010944,19,21.6,-3,-1.86796,1,5.96046e-06,0.366032,0,0.000119209,0.38147,0,0.00802455,20,21.6,-3,-2.85282,1,0,0.427949,0,0,0.474572,0,0.00738308,21,21.6,-0.559962,-2.00388,1,0.5,-0.0005126,0,2.98023e-05,0.0208616,0,0.00960645,22,21.6,-1.00229,-0.835523,1,-0.0074923,0.474353,0,0.0296235,0.342399,0,0.0117224,23,21.6,-2.1244,-3,1,-0.348359,-2.98023e-05,0,-0.387311,0.000119209,0,0.0102178,24,21.6,0.199814,-2.89921,1,-0.262835,-0.28224,0,1,0.427127,0,0.00635722,25,21.6,-1.93069,0.999295,1,-0.265464,0.00208467,0,0.480771,-0.0012815,0,0.00788972,26,21.6,3,-1.92815,1,0,-0.270322,0,0,0.480652,0,0.00490074,27,21.6,0.868202,2.99994,1,-0.5,-8.34465e-05,0,-2.98023e-05,0.000238419,0,0.00657297,28,21.6,-2.00026,-1.14815,1,-0.000113249,-0.500003,0,0,5.96046e-05,0,0.0132232,29,21.6,1.49898,-1.96185,1,0.430429,0.15775,0,0.488341,0.608146,0,0.0100828,30,21.6,-1.57336,0.0325658,1,-0.14506,-0.155645,0,-0.999987,0.355841,0,0.0123264,31,21.6,2.00352,2.91658,1,-0.0169396,0.271106,0,0.0257492,-0.506878,0,0.00839605,32,21.6,1.94292,1.00173,1,0.256562,-0.0128955,0,-0.509799,0.0247359,0,0.0116867,33,21.6,2.07539,-0.00296286,1,-0.5,0.0132946,0,0,-0.0150512,0,0.0151359,34,21.6,0.00151799,1.99785,1,3.94153e-05,0.0192344,0,-0.0112387,-0.0350475,0,0.00862163,35,21.6,2.99646,1.83156,1,-0.00453591,0.404903,0,0.0220537,-0.392318,0,0.00914606
0,21.7,6.7622e-05,-0.0286178,1,-0.000639104,0.190037,0,0.00154711,-0.478421,0,0.0114003,1,21.7,-0.933555,-3,1,0.00186013,7.15256e-05,0,1.00001,0.000506639,0,0.00683889,2,21.7,2.00006,-0.879057,1,0.0156159,0.0964848,0,0.0272617,0.989549,0,0.00991303,3,21.7,-1.50972,-1.99998,1,0.5,-8.75443e-06,0,-7.45058e-06,-5.21541e-05,0,0.0134969,4,21.7,1.16177,-3,1,-0.155214,0,0,0.99422,0,0,0.00918382,5,21.7,-1.97421,3,1,-0.180901,0,0,0.468098,0,0,0.00486705,6,21.7,0.48907,-2.00002,1,0.5,3.72529e-07,0,1.78814e-06,1.49012e-05,0,0.0124203,7,21.7,2.05809,-2.53596,1,-0.187627,-0.368135,0,0.333577,0.90304,0,0.00895794,8,21.7,-2.75417,-0.992591,1,0.449582,0.044628,0,0.320211,0.108592,0,0.0106649,9,21.7,0.999796,1.99741,1,-0.000357721,-0.00639409,0,0.00261143,0.037685,0,0.00862162,10,21.7,-0.998935,0.921488,1,-0.00442611,0.293466,0,0.00667199,-0.500165,0,0.0106453,11,21.7,1.0005,0.277612,1,0.0161198,0.5,0,-0.0375621,0,0,0.0129093,12,21.7,-2.99997,2.97297e-07,1,-9.35048e-05,3.12188e-06,0,0.000163913,-1.15554e-05,0,0.0103354,13,21.7,2.08104,1.99872,1,-0.29868,0.00522733,0,0.500739,-0.00829995,0,0.00792585,14,21.7,0.43066,-0.999,1,-0.499924,-0.00654608,0,0.0030528,0.0136644,0,0.0128863,15,21.7,7.60771e-07,0.999999,1,-1.85875e-06,-3.53903e-06,0,-5.34442e-07,-7.45058e-06,0,0.00935678,16,21.7,-0.152138,2.95732,1,-0.5,-0.250916,0,-4.47035e-07,-0.912666,0,0.0133565,17,21.7,3,-3,1,0,0,0,0,0,0,0.00583194,18,21.7,-1.2792,1.99945,1,-0.5,0.00322331,0,0,-0.00526756,0,0.010944,19,21.7,-3,-1.82938,1,1.41561e-05,0.405935,0,2.98023e-05,0.403278,0,0.00802455,20,21.7,-3,-2.80794,1,0,0.466697,0,0,0.302225,0,0.00738308,21,21.7,-0.509962,-2.00384,1,0.5,0.00133775,0,-5.66244e-06,0.0161976,0,0.00960645,22,21.7,-1.0029,-0.786809,1,-0.00474378,0.495983,0,0.0253618,0.106752,0,0.0117224,23,21.7,-2.16108,-3,1,-0.384296,-1.60187e-05,0,-0.325084,0.000163913,0,0.0102178,24,21.7,0.17853,-2.92526,1,-0.162835,-0.238542,0,0.999999,0.442624,0,0.00635722,25,21.7,-1.95484,0.999495,1,-0.217703,0.00190884,0,0.471309,-0.00217557,0,0.00788972,26,21.7,3,-1.95279,1,0,-0.222461,0,0,0.473373,0,0.00490074,27,21.7,0.818202,2.99993,1,-0.5,-5.92321e-05,0,0,0.00025332,0,0.00657297,28,21.7,-2.00027,-1.19815,1,-9.76026e-05,-0.5,0,0.000298023,7.45058e-06,0,0.0132232,29,21.7,1.54414,-1.94284,1,0.469735,0.223939,0,0.301495,0.699401,0,0.0100828,30,21.7,-1.59267,0.0187267,1,-0.23894,-0.12169,0,-0.870548,0.322592,0,0.0123264,31,21.7,2.00196,2.94115,1,-0.0141785,0.22046,0,0.0290275,-0.501543,0,0.00839605,32,21.7,1.96604,1.00057,1,0.206182,-0.010329,0,-0.494301,0.0262074,0,0.0116867,33,21.7,2.02539,-0.00171333,1,-0.5,0.0116542,0,0,-0.0175612,0,0.0151359,34,21.7,0.00147088,1.99959,1,-0.000930726,0.0155054,0,-0.00819282,-0.0388622,0,0.00862163,35,21.7,2.99612,1.86999,1,-0.00227802,0.362878,0,0.0226051,-0.445098,0,0.00914606
0,21.8,1.13996e-05,-0.0119483,1,-0.000486197,0.143993,0,0.00149636,-0.440055,0,0.0105783,1,21.8,-0.928369,-2.99999,1,0.10186,0.000107288,0,1.00002,0.000119209,0,0.00673856,2,21.8,2.0018,-0.864544,1,0.0195563,0.192563,0,0.0491142,0.916392,0,0.00963763,3,21.8,-1.45972,-1.99998,1,0.500003,-1.49012e-05,0,-5.96046e-05,0,0,0.0126016,4,21.8,1.15124,-3,1,-0.0553578,0,0,0.999987,0,0,0.00772451,5,21.8,-1.99002,3,1,-0.135997,0,0,0.427604,0,0,0.0050068,6,21.8,0.53907,-2.00002,1,0.5,5.96046e-06,0,2.98023e-05,0,0,0.0150501,7,21.8,2.04097,-2.568,1,-0.155175,-0.271165,0,0.314951,1.00005,0,0.00937035,8,21.8,-2.70772,-0.987698,1,0.477904,0.0521317,0,0.233769,0.0421703,0,0.0108004,9,21.8,0.999773,1.99695,1,-0.00012219,-0.00292361,0,0.00214577,0.0315905,0,0.00979049,10,21.8,-0.999343,0.948321,1,-0.00372082,0.243156,0,0.00733137,-0.502318,0,0.010872,11,21.8,1.00193,0.327612,1,0.0123322,0.5,0,-0.0377893,-1.43051e-05,0,0.0144059,12,21.8,-2.99998,5.53485e-07,1,-8.34465e-05,2.02174e-06,0,0.000357628,-1.03661e-05,0,0.0100911,13,21.8,2.05369,1.9992,1,-0.248194,0.00436604,0,0.505209,-0.00882149,0,0.00763569,14,21.8,0.380707,-0.999586,1,-0.49878,-0.00518411,0,0.024423,0.0135005,0,0.0136707,15,21.8,5.74756e-07,0.999999,1,-1.838e-06,-4.47035e-06,0,8.7914e-07,0,0,0.00998196,16,21.8,-0.202138,2.92771,1,-0.5,-0.34014,0,0,-0.843883,0,0.0120164,17,21.8,3,-3,1,0,0,0,0,0,0,0.00574069,18,21.8,-1.3292,1.99974,1,-0.500003,0.00267625,0,5.96046e-05,-0.00572205,0,0.0107641,19,21.8,-2.99999,-1.78683,1,1.78814e-05,0.444326,0,0,0.35423,0,0.00790372,20,21.8,-3,-2.76002,1,0,0.489116,0,0,0.151634,0,0.00626566,21,21.8,-0.459962,-2.00363,1,0.5,0.00274181,0,-1.43051e-05,0.0118017,0,0.0094073,22,21.8,-1.00325,-0.73692,1,-0.00241101,0.5,0,0.0212193,0,0,0.0118529,23,21.8,-2.20099,-3,1,-0.412267,-5.96046e-06,0,-0.229597,0.000119209,0,0.00991567,24,21.8,0.167247,-2.94691,1,-0.0628345,-0.194484,0,0.999987,0.434875,0,0.00777107,25,21.8,-1.9743,0.999674,1,-0.171769,0.00165999,0,0.444949,-0.00271201,0,0.00813674,26,21.8,3,-1.9727,1,0,-0.176227,0,0,0.448644,0,0.00448781,27,21.8,0.768202,2.99993,1,-0.5,-3.57628e-05,0,-2.98023e-05,0.000357628,0,0.00622219,28,21.8,-2.00028,-1.24815,1,-5.96046e-05,-0.500003,0,0.000596046,5.96046e-05,0,0.0115091,29,21.8,1.59234,-1.91691,1,0.491527,0.294673,0,0.138402,0.701904,0,0.0120671,30,21.8,-1.62065,0.00811082,1,-0.317949,-0.0912395,0,-0.704646,0.28595,0,0.0114574,31,21.8,2.00069,2.96073,1,-0.0112236,0.171602,0,0.0298023,-0.472069,0,0.00794201,32,21.8,1.98424,0.999669,1,0.158322,-0.00772029,0,-0.460088,0.0256896,0,0.0113994,33,21.8,1.97539,-0.000638486,1,-0.500003,0.00981947,0,5.96046e-05,-0.018959,0,0.0117502,34,21.8,0.00134167,2.00095,1,-0.00160634,0.0115812,0,-0.00536267,-0.0388622,0,0.00831001,35,21.8,2.996,1.90399,1,-9.53674e-05,0.31651,0,0.0206232,-0.479102,0,0.00877492
0,21.9,-2.99408e-05,-0.000194819,1,-0.000342806,0.0873729,0,0.00136488,-0.662955,0,0.0105783,1,21.9,-0.913188,-2.99998,1,0.201596,0.000108778,0,0.989437,-8.9407e-05,0,0.00673856,2,21.9,2.00414,-0.840939,1,0.0285402,0.277201,0,0.121474,0.775523,0,0.00963763,3,21.9,-1.40973,-1.99998,1,0.499519,-1.50874e-05,0,-0.0144318,-7.45058e-06,0,0.0126016,4,21.9,1.1507,-3,1,0.044555,0,0,0.996538,0,0,0.00772451,5,21.9,-2.00157,3,1,-0.0958307,0,0,0.374474,0,0,0.0050068,6,21.9,0.589059,-2.00002,1,0.49956,6.33299e-06,0,-0.0133403,1.49012e-05,0,0.0150501,7,21.9,2.02699,-2.59012,1,-0.124763,-0.171163,0,0.292271,1,0,0.00937035,8,21.9,-2.65899,-0.982421,1,0.494458,0.0520615,0,0.101045,-0.0391006,0,0.0108004,9,21.9,0.99977,1.9968,1,6.52857e-05,-0.000110455,0,0.0016056,0.0246689,0,0.00979049,10,21.9,-0.999678,0.97015,1,-0.00297986,0.193773,0,0.00741333,-0.482097,0,0.010872,11,21.9,1.00298,0.377612,1,0.00869595,0.5,0,-0.0348091,0,0,0.0144059,12,21.9,-2.99999,7.06475e-07,1,-5.28991e-05,1.06538e-06,0,0.000268221,-8.72873e-06,0,0.0100911,13,21.9,2.03138,1.99959,1,-0.198428,0.00348333,0,0.486761,-0.00875443,0,0.00763569,14,21.9,0.330844,-1.00004,1,-0.499116,-0.00391016,0,-0.0152568,0.0119768,0,0.0136707,15,21.9,3.97165e-07,0.999999,1,-1.69738e-06,-4.00469e-06,0,1.86671e-06,1.11759e-05,0,0.00998196,16,21.9,-0.252138,2.88982,1,-0.5,-0.413824,0,-8.9407e-07,-0.622287,0,0.0120164,17,21.9,3,-3,1,0,0,0,0,0,0,0.00574069,18,21.9,-1.3792,1.99998,1,-0.5,0.00211112,0,7.45058e-06,-0.00552833,0,0.0107641,19,21.9,-2.99999,-1.74076,1,1.63913e-05,0.475295,0,-2.98023e-05,0.253119,0,0.00790372,20,21.9,-3,-2.71056,1,0,0.498408,0,0,0.0437498,0,0.00626566,21,21.9,-0.409973,-2.00331,1,0.499527,0.00370145,0,-0.0142063,0.00751019,0,0.0094073,22,21.9,-1.0034,-0.68692,1,-0.000493415,0.5,0,0.0171885,7.45058e-06,0,0.0118529,23,21.9,-2.24345,-3,1,-0.437358,3.72529e-06,0,-0.260174,5.96046e-05,0,0.00991567,24,21.9,0.165963,-2.96421,1,0.0371649,-0.15212,0,0.999997,0.40932,0,0.00777107,25,21.9,-1.98931,0.999826,1,-0.129249,0.00137361,0,0.403643,-0.00296906,0,0.00813674,26,21.9,3,-1.98814,1,0,-0.133268,0,0,0.408642,0,0.00448781,27,21.9,0.718202,2.99993,1,-0.5,-2.23517e-06,0,0,0.000298023,0,0.00622219,28,21.9,-2.00028,-1.29815,1,3.35276e-06,-0.5,0,0.000670552,7.45058e-06,0,0.0115091,29,21.9,1.64191,-1.884,1,0.497248,0.362514,0,-0.0196397,0.639796,0,0.0120671,30,21.9,-1.65566,0.000351302,1,-0.37908,-0.0646103,0,-0.514612,0.246405,0,0.0114574,31,21.9,1.99972,2.97561,1,-0.00830367,0.126681,0,0.0283271,-0.423461,0,0.00794201,32,21.9,1.99785,0.999022,1,0.114725,-0.00525611,0,-0.410125,0.0234134,0,0.0113994,33,21.9,1.92539,0.000248323,1,-0.5,0.00791624,0,7.45058e-06,-0.0189885,0,0.0117502,34,21.9,0.00115863,2.00191,1,-0.0020122,0.0078205,0,-0.0028286,-0.0360161,0,0.00831001,35,21.9,2.99609,1.93321,1,0.00178479,0.267725,0,0.0168532,-0.492685,0,0.00877492
0,22,-5.76596e-05,0.00505922,1,-0.000214308,0.0166063,0,0.00120079,-0.729725,0,0.0127111,1,22,-0.888166,-2.99997,1,0.297636,9.53674e-05,0,0.915438,-0.000119209,0,0.00648458,2,22,2.00766,-0.80958,1,0.0422001,0.347573,0,0.144601,0.631779,0,0.00978766,3,22,-1.35991,-1.99998,1,0.496149,-1.49012e-05,0,-0.0577569,-5.96046e-05,0,0.0117722,4,22,1.16011,-3,1,0.143254,0,0,0.972271,0,0,0.00543584,5,22,-2.00938,3,1,-0.0612915,0,0,0.315547,0,0,0.00510668,6,22,0.63889,-2.00001,1,0.496367,5.96046e-06,0,-0.0556111,0.000119209,0,0.0121662,7,22,2.01593,-2.60224,1,-0.0968993,-0.0711679,0,0.264525,1.00017,0,0.00879389,8,22,-2.60922,-0.977513,1,0.499499,0.0451535,0,0.0100136,-0.0950694,0,0.0105934,9,22,0.999784,1.9969,1,0.000201166,0.00201464,0,0.00110269,0.0178814,0,0.00985687,10,22,-0.99994,0.987173,1,-0.00225157,0.147308,0,0.00700355,-0.44471,0,0.00914159,11,22,1.00368,0.427612,1,0.00539124,0.5,0,-0.0311136,-1.43051e-05,0,0.0120922,12,22,-2.99999,7.72292e-07,1,-2.98023e-05,2.80605e-07,0,0.000119209,-6.95314e-06,0,0.0105176,13,22,2.01391,1.9999,1,-0.151438,0.00263155,0,0.450611,-0.00840425,0,0.00737541,14,22,0.280874,-1.00037,1,-0.5,-0.0027895,0,7.15256e-06,0.0104904,0,0.0144248,15,22,2.37931e-07,0.999998,1,-1.47703e-06,-2.98023e-06,0,2.4833e-06,0,0,0.00965784,16,22,-0.302138,2.84574,1,-0.5,-0.463885,0,0,-0.379443,0,0.0106808,17,22,3,-3,1,0,0,0,0,0,0,0.00583533,18,22,-1.4292,2.00017,1,-0.500003,0.00157356,0,5.96046e-05,-0.00524521,0,0.00902731,19,22,-2.99999,-1.69219,1,1.19209e-05,0.493738,0,0,0.115693,0,0.00730806,20,22,-3,-2.6606,1,0,0.5,0,0,0,0,0.00626152,21,22,-0.360151,-2.0029,1,0.496195,0.00426173,0,-0.0573546,0.00393391,0,0.00875864,22,22,-1.00337,-0.63692,1,0.00103414,0.5,0,0.013411,2.98023e-05,0,0.0110366,23,22,-2.28845,-3,1,-0.462145,1.19209e-05,0,-0.225902,-0.000119209,0,0.0104543,24,22,0.17468,-2.97744,1,0.137165,-0.113165,0,0.999987,0.367522,0,0.00755405,25,22,-2.0003,0.999948,1,-0.0913382,0.00107437,0,0.353217,-0.00301003,0,0.00774049,26,22,3,-1.99951,1,0,-0.0948161,0,0,0.359118,0,0.00411087,27,22,0.668202,2.99993,1,-0.5,2.38419e-05,0,-2.98023e-05,0.000238419,0,0.0101174,28,22,-2.00028,-1.34815,1,7.15256e-05,-0.500003,0,0.000596046,5.96046e-05,0,0.011488,29,22,1.6913,-1.84475,1,0.488451,0.42024,0,-0.15223,0.505865,0,0.00907829,30,22,-1.69581,-0.00494483,1,-0.420403,-0.0419847,0,-0.310421,0.206074,0,0.00952434,31,22,1.99902,2.98626,1,-0.00560284,0.0873923,0,0.0255108,-0.360608,0,0.00706213,32,22,2.00736,0.998609,1,0.0765681,-0.00306666,0,-0.351906,0.0202358,0,0.0119646,33,22,1.87539,0.00094579,1,-0.500003,0.00604352,0,5.96046e-05,-0.0183654,0,0.0160816,34,22,0.000946937,2.00252,1,-0.00218686,0.00443459,0,-0.000738367,-0.0314713,0,0.00897983,35,22,2.99635,1.95753,1,0.00325441,0.218692,0,0.0122786,-0.484645,0,0.00772985
0,22.1,-6.11317e-05,0.00282832,1,0.000257666,-0.0630346,0,0.00796845,-0.838871,0,0.0127111,1,22.1,-0.854142,-2.99996,1,0.379473,7.97212e-05,0,0.714038,-0.000208616,0,0.00648458,2,22.1,2.01242,-0.771755,1,0.051225,0.407537,0,0.0405312,0.549551,0,0.00978766,3,22.1,-1.31068,-1.99998,1,0.487343,-1.9744e-05,0,-0.121623,-2.98023e-05,0,0.0117722,4,22.1,1.17933,-3,1,0.240871,0,0,0.962853,0,0,0.00543584,5,22.1,-2.01403,3,1,-0.0328552,0,0,0.253424,0,0,0.00510668,6,22.1,0.688152,-2.00001,1,0.487799,1.60187e-05,0,-0.11909,7.45058e-05,0,0.0121662,7,22.1,2.0075,-2.60435,1,-0.0722378,0.0288405,0,0.228792,1.00002,0,0.00879389,8,22.1,-2.55924,-0.973517,1,0.499968,0.0343898,0,0.0012517,-0.117965,0,0.0105934,9,22.1,0.999809,1.99718,1,0.000288244,0.00347588,0,0.000651926,0.0114813,0,0.00985687,10,22.1,-1.00013,0.999763,1,-0.00158297,0.105348,0,0.00633672,-0.393007,0,0.00914159,11,22.1,1.00407,0.477612,1,0.00249334,0.5,0,-0.0267774,1.78814e-06,0,0.0120922,12,22.1,-2.99999,7.68677e-07,1,-1.9744e-05,-3.22466e-07,0,7.45058e-05,-5.12765e-06,0,0.0105176,13,22.1,2.00094,2.00012,1,-0.108853,0.00183713,0,0.399515,-0.00744313,0,0.00737541,14,22.1,0.230874,-1.0006,1,-0.5,-0.00183247,0,0,0.00867248,0,0.0144248,15,22.1,1.03225e-07,0.999998,1,-1.21249e-06,-2.6077e-06,0,2.76171e-06,7.45058e-06,0,0.00965784,16,22.1,-0.352138,2.79784,1,-0.5,-0.490463,0,3.57628e-06,-0.161886,0,0.0106808,17,22.1,3,-3,1,0,0,0,0,0,0,0.00583533,18,22.1,-1.4792,2.0003,1,-0.5,0.00107437,0,7.45058e-06,-0.00473857,0,0.00902731,19,22.1,-2.99999,-1.64245,1,1.15484e-05,0.499489,0,-1.49012e-05,0.0180379,0,0.00730806,20,22.1,-3,-2.6106,1,0,0.5,0,0,0,0,0.00626152,21,22.1,-0.310917,-2.00246,1,0.487434,0.00450276,0,-0.121133,0.000968575,0,0.00875864,22,22.1,-1.0032,-0.58692,1,0.00217967,0.5,0,0.00959635,0,0,0.0110366,23,22.1,-2.33572,-3,1,-0.482139,2.23517e-06,0,-0.166699,-5.96046e-05,0,0.0104543,24,22.1,0.19337,-2.98701,1,0.236071,-0.0790004,0,0.966087,0.314251,0,0.00755405,25,22.1,-2.00776,1.00004,1,-0.0588473,0.000782218,0,0.29628,-0.00281259,0,0.00774049,26,22.1,3,-2.00728,1,0,-0.0617186,0,0,0.302441,0,0.00411087,27,22.1,0.618201,2.99993,1,-0.5,4.5076e-05,0,0,0.000163913,0,0.0101174,28,22.1,-2.00027,-1.39815,1,0.000127405,-0.5,0,0.000506639,7.45058e-06,0,0.011488,29,22.1,1.73917,-1.80047,1,0.466842,0.462692,0,-0.274472,0.339463,0,0.00907829,30,22.1,-1.739,-0.00818431,1,-0.439698,-0.0235054,0,-0.0810996,0.164053,0,0.00952434,31,22.1,1.99859,2.99331,1,-0.00324007,0.0548497,0,0.0216588,-0.289321,0,0.00706213,32,22.1,2.01337,0.998397,1,0.0445642,-0.0012327,0,-0.288129,0.0164136,0,0.0119646,33,22.1,1.82539,0.00146122,1,-0.5,0.00429484,0,7.45058e-06,-0.016581,0,0.0160816,34,22.1,0.000727481,2.00282,1,-0.00217509,0.00157394,0,0.000892822,-0.0256747,0,0.00897983,35,22.1,2.99672,1.97701,1,0.00424497,0.171487,0,0.00758469,-0.456706,0,0.00772985
0,22.2,1.37197e-05,-0.0076834,1,0.00132494,-0.146852,0,0.013103,-0.818553,0,0.0136204,1,22.2,-0.812999,-2.99995,1,0.439586,5.96046e-05,0,0.48694,-0.000238419,0,0.00846164,2,22.2,2.01761,-0.728501,1,0.0511825,0.454848,0,-0.0370741,0.388294,0,0.00798547,3,22.2,-1.26269,-1.99999,1,0.471321,-2.38419e-05,0,-0.200689,0,0,0.0107827,4,22.2,1.20808,-3,1,0.332242,0,0,0.846028,0,0,0.0082755,5,22.2,-2.01615,3,1,-0.0105321,0,0,0.193596,0,0,0.00552668,6,22.2,0.736209,-2.00001,1,0.472029,1.78814e-05,0,-0.198126,0.000119209,0,0.0143422,7,22.2,2.00136,-2.59647,1,-0.0511169,0.128835,0,0.193834,1.00017,0,0.00915849,8,22.2,-2.50924,-0.97069,1,0.5,0.0219747,0,0,-0.128388,0,0.00973455,9,22.2,0.99984,1.99758,1,0.000333786,0.00433922,0,0.000268221,0.00602007,0,0.00941179,10,22.2,-1.00026,1.00843,1,-0.000992417,0.0689417,0,0.00548363,-0.334322,0,0.00864331,11,22.2,1.00419,0.527612,1,4.47035e-05,0.5,0,-0.0221729,2.98023e-05,0,0.0113924,12,22.2,-2.99999,7.1367e-07,1,-1.19209e-05,-7.49567e-07,0,0,-3.44144e-06,0,0.00941366,13,22.2,1.99196,2.00027,1,-0.0717819,0.00114441,0,0.340939,-0.00619888,0,0.00807563,14,22.2,0.180874,-1.00075,1,-0.5,-0.00104606,0,0,0.00697374,0,0.0159249,15,22.2,-4.07105e-09,0.999998,1,-9.32916e-07,-1.49012e-06,0,2.79318e-06,0,0,0.0086984,16,22.2,-0.402138,2.74825,1,-0.5,-0.498873,0,-1.43051e-05,-0.0225306,0,0.00975994,17,22.2,3,-3,1,0,0,0,0,0,0,0.00501108,18,22.2,-1.5292,2.00038,1,-0.500003,0.00063777,0,5.96046e-05,-0.00429153,0,0.00939999,19,22.2,-2.99999,-1.59246,1,5.96046e-06,0.500003,0,0,-5.96046e-05,0,0.00716351,20,22.2,-3,-2.5606,1,0,0.5,0,0,0,0,0.00651304,21,22.2,-0.262906,-2.00201,1,0.471459,0.00447631,0,-0.200152,-0.00143051,0,0.00975793,22,22.2,-1.00294,-0.53692,1,0.00297129,0.5,0,0.00625849,1.43051e-05,0,0.0111067,23,22.2,-2.38463,-3,1,-0.494695,0,0,-0.0836849,-0.000119209,0,0.00835973,24,22.2,0.221649,-2.99343,1,0.327534,-0.0505388,0,0.846736,0.254273,0,0.00896561,25,22.2,-2.01226,1.00011,1,-0.032115,0.00051558,0,0.238657,-0.0025034,0,0.00749964,26,22.2,3,-2.01204,1,0,-0.034368,0,0,0.244379,0,0.00386461,27,22.2,0.568201,2.99994,1,-0.5,5.96046e-05,0,-2.98023e-05,0.000119209,0,0.00977342,28,22.2,-2.00025,-1.44815,1,0.000172853,-0.500003,0,0.000596046,5.96046e-05,0,0.0104749,29,22.2,1.78432,-1.75279,1,0.434607,0.488091,0,-0.365198,0.171959,0,0.0103903,30,22.2,-1.78304,-0.00978041,1,-0.437766,-0.00905986,0,0.114024,0.125458,0,0.0102294,31,22.2,1.99836,2.99747,1,-0.0012815,0.0295997,0,0.0174642,-0.215769,0,0.00815792,32,22.2,2.01649,0.998349,1,0.0189185,0.000214577,0,-0.225186,0.0125468,0,0.0108445,33,22.2,1.77539,0.00181096,1,-0.500003,0.00273204,0,5.96046e-05,-0.014655,0,0.0141144,34,22.2,0.00051657,2.00286,1,-0.00202363,-0.000691414,0,0.0020639,-0.0197887,0,0.00833793,35,22.2,2.99718,1.99194,1,0.00478625,0.127828,0,0.00321865,-0.414312,0,0.00881729
0,22.3,0.00025825,-0.026335,1,0.0039777,-0.224719,0,0.0378539,-0.731183,0,0.0136204,1,22.3,-0.766971,-2.99995,1,0.477369,3.57628e-05,0,0.271432,-0.000238419,0,0.00846164,2,22.3,2.02245,-0.681388,1,0.0448074,0.484314,0,-0.0870973,0.203907,0,0.00798547,3,22.3,-1.21674,-1.99999,1,0.445984,-2.36556e-05,0,-0.302702,7.45058e-06,0,0.0107827,4,22.3,1.24529,-3,1,0.409099,0,0,0.671178,0,0,0.0082755,5,22.3,-2.01633,3,1,0.00597313,0,0,0.137657,0,0,0.00552668,6,22.3,0.782242,-2.00001,1,0.446922,2.6077e-05,0,-0.300679,2.98023e-05,0,0.0143422,7,22.3,1.99716,-2.57859,1,-0.0335617,0.228477,0,0.157811,0.985354,0,0.00915849,8,22.3,-2.45924,-0.969136,1,0.5,0.00914549,0,0,-0.126701,0,0.00973455,9,22.3,0.999875,1.99803,1,0.000344776,0.00470188,0,-2.98023e-05,0.00142306,0,0.00941179,10,22.3,-1.00033,1.01376,1,-0.000494532,0.0386711,0,0.0044629,-0.271171,0,0.00864331,11,22.3,1.00409,0.57761,1,-0.00189655,0.499888,0,-0.0167489,-0.00449643,0,0.0113924,12,22.3,-2.99999,6.24122e-07,1,-1.19209e-05,-1.01633e-06,0,0,-1.93738e-06,0,0.00941366,13,22.3,1.98638,2.00035,1,-0.0408599,0.000582263,0,0.277527,-0.00502169,0,0.00807563,14,22.3,0.130874,-1.00082,1,-0.5,-0.000425242,0,-1.3411e-06,0.00547618,0,0.0159249,15,22.3,-8.3636e-08,0.999997,1,-6.61382e-07,-1.11759e-06,0,2.61391e-06,7.45058e-06,0,0.0086984,16,22.3,-0.452138,2.6983,1,-0.5,-0.499929,0,3.57628e-06,-0.00281632,0,0.00975994,17,22.3,3,-3,1,0,0,0,0,0,0,0.00501108,18,22.3,-1.5792,2.00043,1,-0.49988,0.000251457,0,0.00477582,-0.00344217,0,0.00939999,19,22.3,-2.99999,-1.54246,1,5.58794e-06,0.5,0,-1.49012e-05,-7.45058e-06,0,0.00716351,20,22.3,-3,-2.5106,1,0,0.5,0,0,0,0,0.00651304,21,22.3,-0.216939,-2.00158,1,0.446171,0.00423491,0,-0.302285,-0.00330806,0,0.00975793,22,22.3,-1.00262,-0.48692,1,0.00345521,0.5,0,0.00348687,-1.78814e-06,0,0.0111067,23,22.3,-2.43439,-3,1,-0.499388,-5.58794e-06,0,-0.0188649,-1.49012e-05,0,0.00835973,24,22.3,0.258284,-2.99732,1,0.40155,-0.0282526,0,0.629992,0.191897,0,0.00896561,25,22.3,-2.01438,1.00015,1,-0.0111297,0.000285171,0,0.181794,-0.00209361,0,0.00749964,26,22.3,3,-2.01435,1,0,-0.0128228,0,0,0.187233,0,0.00386461,27,22.3,0.518201,2.99994,1,-0.5,6.92904e-05,0,2.08616e-06,5.96046e-05,0,0.00977342,28,22.3,-2.00023,-1.49815,1,0.000223517,-0.5,0,0.000417233,7.45058e-06,0,0.0104749,29,22.3,1.82585,-1.70336,1,0.394943,0.498427,0,-0.423945,0.0463277,0,0.0103903,30,22.3,-1.82595,-0.0101214,1,-0.417557,0.00164113,0,0.282042,0.0894702,0,0.0102294,31,22.3,1.99831,2.99947,1,0.000246055,0.0115562,0,0.0131354,-0.146285,0,0.00815792,32,22.3,2.01736,0.998427,1,-0.000535697,0.00127601,0,-0.164926,0.00874326,0,0.0108445,33,22.3,1.72539,0.00201448,1,-0.5,0.00137429,0,7.45058e-06,-0.0124983,0,0.0141144,34,22.3,0.000325914,2.0027,1,-0.00177727,-0.00236444,0,0.00279831,-0.0137538,0,0.00833793,35,22.3,2.99767,2.00274,1,0.00491329,0.0890385,0,-0.000551343,-0.360399,0,0.00881729
0,22.4,0.000871539,-0.0522654,1,0.00850451,-0.29177,0,0.0508681,-0.604238,0,0.0137787,1,22.4,-0.718195,-2.99994,1,0.495204,1.19209e-05,0,0.0959039,-0.000238419,0,0.00736962,2,22.4,2.02643,-0.632203,1,0.0343859,0.496987,0,-0.118494,0.0602603,0,0.00769763,3,22.4,-1.1738,-1.99999,1,0.411457,-2.08616e-05,0,-0.384569,0,0,0.00924628,4,22.4,1.28916,-3,1,0.463852,0,0,0.41765,0,0,0.00698966,5,22.4,-2.01513,3,1,0.0172377,0,0,0.0885725,0,0,0.00657694,6,22.4,0.825285,-2.00001,1,0.412565,2.98023e-05,0,-0.383109,0.000119209,0,0.0114583,7,22.4,1.99454,-2.55093,1,-0.019446,0.322974,0,0.12511,0.882864,0,0.00762103,8,22.4,-2.40924,-0.968841,1,0.5,-0.00309646,0,0,-0.116974,0,0.0103765,9,22.4,0.999909,1.9985,1,0.000329316,0.0046581,0,-0.000238419,-0.00214577,0,0.0103639,10,22.4,-1.00036,1.01637,1,-9.83477e-05,0.0146538,0,0.00339746,-0.20963,0,0.00902773,11,22.4,1.00383,0.62754,1,-0.00331998,0.498201,0,-0.0118017,-0.0359714,0,0.00956252,12,22.4,-3,5.14983e-07,1,-5.96046e-06,-1.14573e-06,0,-0.000119209,-6.93788e-07,0,0.00982916,13,22.4,1.98358,2.00039,1,-0.0162303,0.000137091,0,0.215411,-0.0038147,0,0.00839847,14,22.4,0.0808743,-1.00084,1,-0.5,5.36442e-05,0,-2.38419e-06,0.00417233,0,0.0145927,15,22.4,-1.37162e-07,0.999997,1,-4.14157e-07,0,0,2.31395e-06,0,0,0.00997372,16,22.4,-0.502138,2.6483,1,-0.500001,-0.5,0,2.98023e-05,0,0,0.00962491,17,22.4,3,-3,1,0,0,0,0,0,0,0.00439567,18,22.4,-1.62912,2.00044,1,-0.498089,-5.36442e-05,0,0.0382066,-0.0025034,0,0.00896673,19,22.4,-2.99999,-1.49246,1,0,0.500003,0,0,-5.96046e-05,0,0.00835873,20,22.4,-3,-2.4606,1,0,0.5,0,0,0,0,0.00719884,21,22.4,-0.173979,-2.00117,1,0.411677,0.00383258,0,-0.384197,-0.00464916,0,0.0084492,22,22.4,-1.00226,-0.43692,1,0.00368655,0.5,0,0.00113249,-1.43051e-05,0,0.0104061,23,22.4,-2.48437,-3,1,-0.5,-5.96046e-06,0,0,0,0,0.00812264,24,22.4,0.301214,-2.99929,1,0.453324,-0.0120163,0,0.406981,0.133753,0,0.00811069,25,22.4,-2.01467,1.00016,1,0.00441074,9.83477e-05,0,0.129938,-0.00172853,0,0.00786514,26,22.4,3,-2.01479,1,0,0.00323653,0,0,0.134706,0,0.00378346,27,22.4,0.468201,2.99995,1,-0.5,7.7486e-05,0,1.43051e-05,-0.000119209,0,0.010039,28,22.4,-2.00021,-1.54815,1,0.00026226,-0.500003,0,0.000119209,5.96046e-05,0,0.0094936,29,22.4,1.86315,-1.6534,1,0.3506,0.500003,0,-0.459254,-5.96046e-05,0,0.00978908,30,22.4,-1.86607,-0.00956315,1,-0.382903,0.00901227,0,0.403643,0.0588256,0,0.00900428,31,22.4,1.9984,3,1,0.00135303,-1.78814e-05,0,0.00911951,-0.0876188,0,0.00853276,32,22.4,2.01657,0.998592,1,-0.0142872,0.00197887,0,-0.111222,0.00533462,0,0.0120214,33,22.4,1.67539,0.00209301,1,-0.500003,0.000232138,0,5.96046e-05,-0.010349,0,0.0153574,34,22.4,0.000162943,2.0024,1,-0.0014759,-0.00346303,0,0.0031746,-0.00834465,0,0.010812,35,22.4,2.99815,2.00994,1,0.00470877,0.0559092,0,-0.00345707,-0.3016,0,0.00929328
0,22.5,0.00209029,-0.0842693,1,0.016836,-0.346334,0,0.108911,-0.485841,0,0.0137787,1,22.5,-0.668381,-2.99994,1,0.4997,-1.00583e-05,0,0.0119954,-0.000193715,0,0.00736962,2,22.5,2.02927,-0.58232,1,0.0221808,0.499812,0,-0.124142,0.00753999,0,0.00769763,3,22.5,-1.13467,-1.99999,1,0.370028,-2.01166e-05,0,-0.440925,1.49012e-05,0,0.00924628,4,22.5,1.33717,-3,1,0.492106,0,0,0.161335,0,0,0.00698966,5,22.5,-2.01304,3,1,0.0239592,0,0,0.0472814,0,0,0.00657694,6,22.5,0.864524,-2,1,0.37125,3.68804e-05,0,-0.440124,4.47035e-05,0,0.0114583,7,22.5,1.99316,-2.51461,1,-0.00850949,0.399615,0,0.0943616,0.64835,0,0.00762103,8,22.5,-2.35936,-0.9697,1,0.496445,-0.0137127,0,-0.0723898,-0.0952221,0,0.0103765,9,22.5,0.99994,1.99895,1,0.000297278,0.00431128,0,-0.000394881,-0.00463426,0,0.0103639,10,22.5,-1.00036,1.01689,1,0.000192598,-0.00334363,0,0.00242889,-0.151403,0,0.00902773,11,22.5,1.00344,0.677093,1,-0.0042798,0.491852,0,-0.00747293,-0.0951402,0,0.00956252,12,22.5,-3,3.98684e-07,1,-1.30385e-05,-1.16399e-06,0,-4.47035e-05,2.8159e-07,0,0.00982916,13,22.5,1.98293,2.00038,1,0.00230875,-0.000189245,0,0.15644,-0.00271201,0,0.00839847,14,22.5,0.0308743,-1.00081,1,-0.5,0.000410341,0,-4.47035e-07,0.00298768,0,0.0145927,15,22.5,-1.67645e-07,0.999997,1,-2.02022e-07,9.31323e-08,0,1.92296e-06,3.72529e-06,0,0.00997372,16,22.5,-0.552056,2.5983,1,-0.497508,-0.5,0,0.0502765,0,0,0.00962491,17,22.5,3,-3,1,0,0,0,0,0,0,0.00439567,18,22.5,-1.67865,2.00042,1,-0.491459,-0.000270456,0,0.0983924,-0.00184774,0,0.00896673,19,22.5,-2.99999,-1.44246,1,-3.72529e-07,0.499975,0,-1.49012e-05,-0.000990927,0,0.00835873,20,22.5,-3,-2.41061,1,0,0.499548,0,0,-0.0136346,0,0.00719884,21,22.5,-0.134834,-2.00081,1,0.370277,0.00332892,0,-0.440729,-0.00536442,0,0.0084492,22,22.5,-1.00189,-0.386977,1,0.00369791,0.498182,0,-0.000812113,-0.040112,0,0.0104061,23,22.5,-2.53437,-3,1,-0.5,-1.86265e-06,0,0,4.47035e-05,0,0.00812264,24,22.5,0.348238,-2.99991,1,0.483851,-0.00115745,0,0.209082,0.0852197,0,0.00811069,25,22.5,-2.01366,1.00017,1,0.0150394,-5.12227e-05,0,0.0839084,-0.00125915,0,0.00786514,26,22.5,3,-2.01387,1,0,0.0143107,0,0,0.0880212,0,0.00378346,27,22.5,0.418206,2.99996,1,-0.4998,6.74278e-05,0,0.00693455,-7.45058e-05,0,0.010039,28,22.5,-2.00018,-1.59813,1,0.000268966,-0.499118,0,2.98023e-05,0.0227317,0,0.0094936,29,22.5,1.89589,-1.6034,1,0.30409,0.5,0,-0.468262,-7.45058e-06,0,0.00978908,30,22.5,-1.9022,-0.00841161,1,-0.338505,0.0136004,0,0.478141,0.0337324,0,0.00900428,31,22.5,1.99857,2.99964,1,0.00207778,-0.00651628,0,0.00547618,-0.0444949,0,0.00853276,32,22.5,2.01467,0.998812,1,-0.0230182,0.00236295,0,-0.0648648,0.00244379,0,0.0120214,33,22.5,1.62539,0.00206861,1,-0.5,-0.000679915,0,7.45058e-06,-0.00793482,0,0.0153574,34,22.5,3.14235e-05,2.00202,1,-0.00115355,-0.00405572,0,0.00323166,-0.00368059,0,0.010812,35,22.5,2.9986,2.01413,1,0.00424869,0.0288267,0,-0.00555813,-0.240371,0,0.00929328
0,22.6,0.00436692,-0.121127,1,0.0290372,-0.388768,0,0.129467,-0.362344,0,0.017412,1,22.6,-0.618387,-2.99994,1,0.5,-2.38419e-05,0,2.98023e-05,-0.000238419,0,0.00849956,2,22.6,2.03086,-0.532324,1,0.00982285,0.5,0,-0.121832,1.43051e-05,0,0.00795678,3,22.6,-1.09995,-2,1,0.323895,-1.78814e-05,0,-0.478506,0,0,0.0105051,4,22.6,1.38688,-3,1,0.49957,0,0,0.00858307,0,0,0.00715776,5,22.6,-2.01046,3,1,0.0269771,0,0,0.0144243,0,0,0.00646802,6,22.6,0.899376,-2,1,0.325166,3.8743e-05,0,-0.478387,-5.96046e-05,0,0.0109433,7,22.6,1.99274,-2.4718,1,-0.000429153,0.452733,0,0.0678897,0.416636,0,0.00768704,8,22.6,-2.3102,-0.97151,1,0.485331,-0.0221238,0,-0.150323,-0.0730157,0,0.00978664,9,22.6,0.999968,1.99936,1,0.00025332,0.00376403,0,-0.000506639,-0.00619888,0,0.00929398,10,22.6,-1.00033,1.01589,1,0.00039041,-0.0158519,0,0.00160933,-0.100017,0,0.00847238,11,22.6,1.00299,0.725677,1,-0.00483394,0.478512,0,-0.00363588,-0.174135,0,0.00895418,12,22.6,-3,2.84979e-07,1,-1.19209e-05,-1.09831e-06,0,0,9.90099e-07,0,0.00930826,13,22.6,1.98385,2.00035,1,0.0152797,-0.000417233,0,0.104129,-0.00166893,0,0.00748365,14,22.6,-0.0191257,-1.00076,1,-0.5,0.000658631,0,-2.38419e-06,0.00196695,0,0.0136377,15,22.6,-1.78917e-07,0.999997,1,-3.0321e-08,0,0,1.50933e-06,2.98023e-05,0,0.0100866,16,22.6,-0.601469,2.5483,1,-0.489882,-0.5,0,0.102401,0,0,0.0110128,17,22.6,3,-3,1,0,0,0,0,0,0,0.00428752,18,22.6,-1.72718,2.00039,1,-0.477773,-0.000423193,0,0.177681,-0.0013113,0,0.00823049,19,22.6,-2.99999,-1.39248,1,0,0.499603,0,-0.000119209,-0.00786781,0,0.00754092,20,22.6,-3,-2.36078,1,0,0.49631,0,0,-0.0562668,0,0.0065342,21,22.6,-0.100081,-2.00051,1,0.324157,0.00277162,0,-0.478491,-0.00560284,0,0.00953447,22,22.6,-1.00152,-0.337452,1,0.00353754,0.491334,0,-0.00226498,-0.0994951,0,0.0113754,23,22.6,-2.58437,-3,1,-0.5,0,0,0,0.000119209,0,0.00847611,24,22.6,0.397396,-2.99966,1,0.49686,0.00537634,0,0.0628078,0.0469685,0,0.00917364,25,22.6,-2.0118,1.00016,1,0.0214458,-0.000157952,0,0.0454187,-0.00077486,0,0.00915019,26,22.6,3,-2.01207,1,0,0.0210881,0,0,0.0487566,0,0.00358733,27,22.6,0.368304,2.99996,1,-0.49765,5.36442e-05,0,0.0427216,0.000119209,0,0.010806,28,22.6,-2.00016,-1.64785,1,0.000268221,-0.494567,0,-0.000119209,0.0720024,0,0.0101902,29,22.6,1.92397,-1.5534,1,0.257453,0.500003,0,-0.462174,-5.96046e-05,0,0.0122176,30,22.6,-1.93358,-0.00691884,1,-0.288442,0.0159146,0,0.517726,0.0133149,0,0.00821353,31,22.6,1.9988,2.99882,1,0.00246763,-0.00931621,0,0.00244379,-0.0133514,0,0.0082033,32,22.6,2.01211,0.999056,1,-0.0275493,0.002487,0,-0.0271797,0.000149012,0,0.010589,33,22.6,1.57539,0.00196465,1,-0.500003,-0.0013633,0,5.96046e-05,-0.00577507,0,0.0127651,34,22.6,-6.79595e-05,2.00161,1,-0.000836772,-0.00423193,0,0.0030727,0.000119209,0,0.00842842,35,22.6,2.999,2.01591,1,0.00362396,0.00774264,0,-0.00679493,-0.182033,0,0.00777691
0,22.7,0.00805103,-0.161671,1,0.0457029,-0.420736,0,0.193153,-0.280091,0,0.017412,1,22.7,-0.568387,-2.99995,1,0.5,-4.39584e-05,0,0,-0.000149012,0,0.00849956,2,22.7,2.03125,-0.482324,1,-0.00189766,0.5,0,-0.111669,-1.78814e-06,0,0.00795678,3,22.7,-1.07051,-2,1,0.260015,-1.69501e-05,0,-0.767455,2.23517e-05,0,0.0105051,4,22.7,1.43686,-3,1,0.499973,0,0,0.00107288,0,0,0.00715776,5,22.7,-2.00774,3,1,0.0271183,0,0,-0.0102669,0,0,0.00646802,6,22.7,0.929461,-2,1,0.276247,3.18512e-05,0,-0.495952,-8.19564e-05,0,0.0109433,7,22.7,1.993,-2.4248,1,0.00518281,0.483917,0,0.0450835,0.214085,0,0.00768704,8,22.7,-2.26255,-0.974051,1,0.466497,-0.0283281,0,-0.226527,-0.0511296,0,0.00978664,9,22.7,0.99999,1.9997,1,0.000201166,0.00310279,0,-0.000528991,-0.00691414,0,0.00929398,10,22.7,-1.00028,1.01388,1,0.000511855,-0.0235835,0,0.000834465,-0.0560805,0,0.00847238,11,22.7,1.00249,0.772471,1,-0.00502169,0.455586,0,-0.000238419,-0.281267,0,0.00895418,12,22.7,-3,1.80953e-07,1,-7.82311e-06,-9.74649e-07,0,4.47035e-05,1.44529e-06,0,0.00930826,13,22.7,1.98582,2.0003,1,0.0233788,-0.000543892,0,0.0593215,-0.00089407,0,0.00748365,14,22.7,-0.0691257,-1.00068,1,-0.5,0.000812672,0,5.96046e-07,0.00113994,0,0.0136377,15,22.7,-1.75111e-07,0.999998,1,9.94839e-08,2.51457e-06,0,1.09217e-06,1.86265e-05,0,0.0100866,16,22.7,-0.649848,2.4983,1,-0.476732,-0.5,0,0.160143,0,0,0.0110128,17,22.7,3,-3,1,0,0,0,0,0,0,0.00428752,18,22.7,-1.77388,2.00034,1,-0.454514,-0.000523031,0,0.284329,-0.000715256,0,0.00823049,19,22.7,-2.99999,-1.34262,1,-1.00583e-05,0.496799,0,-7.45058e-05,-0.0540614,0,0.00754092,20,22.7,-3,-2.31153,1,0,0.487671,0,0,-0.11982,0,0.0065342,21,22.7,-0.0700962,-2.00026,1,0.275252,0.00221021,0,-0.495594,-0.00555813,0,0.00953447,22,22.7,-1.00118,-0.288927,1,0.00325646,0.477999,0,-0.00328571,-0.169067,0,0.0113754,23,22.7,-2.63426,-3,1,-0.496666,9.68575e-06,0,0.0686795,5.96046e-05,0,0.00847611,24,22.7,0.447275,-2.99894,1,0.499804,0.00869073,0,0.0078474,0.0204891,0,0.00917364,25,22.7,-2.00948,1.00014,1,0.0243831,-0.000218116,0,0.0146776,-0.000439584,0,0.00915019,26,22.7,3,-2.00977,1,0,0.0243217,0,0,0.0172555,0,0.00358733,27,22.7,0.318585,2.99997,1,-0.497815,6.07222e-05,0,-0.0241864,4.47035e-05,0,0.010806,28,22.7,-2.00013,-1.6972,1,0.000254065,-0.494169,0,-0.000178814,-0.0378564,0,0.0101902,29,22.7,1.94743,-1.5034,1,0.212236,0.5,0,-0.440441,-7.45058e-06,0,0.0122176,30,22.7,-1.95982,-0.00528898,1,-0.23611,0.0164205,0,0.523984,-0.00241878,0,0.00821353,31,22.7,1.99906,2.99786,1,0.00258498,-0.00956431,0,1.49012e-05,0.00697374,0,0.0082033,32,22.7,2.00927,0.999303,1,-0.0287428,0.00241082,0,0.00187755,-0.00157952,0,0.010589,33,22.7,1.52539,0.00180272,1,-0.5,-0.0018434,0,7.45058e-06,-0.00386737,0,0.0127651,34,22.7,-0.00013679,2.00171,1,-0.000545468,0.0109047,0,0.00273584,0.274867,0,0.00842842,35,22.7,2.99932,2.01586,1,0.00291541,-0.00769272,0,-0.00724196,-0.127822,0,0.00777691
0,22.8,0.0136185,-0.205029,1,0.06574,-0.445327,0,0.199005,-0.21407,0,0.0153257,1,22.8,-0.518387,-2.99995,1,0.5,-5.36442e-05,0,-1.43051e-05,-0.000119209,0,0.0106958,2,22.8,2.03053,-0.432324,1,-0.0123501,0.5,0,-0.0965595,-1.43051e-05,0,0.00762037,3,22.8,-1.04861,-2,1,0.176069,-1.49012e-05,0,-0.88644,0,0,0.0116832,4,22.8,1.48686,-3,1,0.500003,0,0,-5.96046e-05,0,0,0.00647194,5,22.8,-2.00511,3,1,0.025177,0,0,-0.0276566,0,0,0.00890682,6,22.8,0.954606,-1.99999,1,0.226721,2.08616e-05,0,-0.491083,0,0,0.011036,7,22.8,1.99371,-2.37562,1,0.0087291,0.497097,0,0.0264049,0.0580549,0,0.00798223,8,22.8,-2.21716,-0.977104,1,0.440073,-0.0323743,0,-0.30148,-0.0299513,0,0.00915892,9,22.8,1.00001,1.99998,1,0.000149012,0.00240207,0,-0.000536442,-0.00703335,0,0.00961221,10,22.8,-1.00023,1.0113,1,0.000563264,-0.0273526,0,0.000238419,-0.0206828,0,0.00855183,11,22.8,1.00199,0.816468,1,-0.00490844,0.422899,0,0.00244379,-0.369191,0,0.00946367,12,22.8,-3,9.12054e-08,1,0,-8.16188e-07,0,0,1.69228e-06,0,0.00742541,13,22.8,1.98839,2.00025,1,0.0274301,-0.000596046,0,0.023067,-0.000357628,0,0.00786855,14,22.8,-0.119126,-1.0006,1,-0.5,0.00089407,0,3.57628e-06,0.000417233,0,0.0135328,15,22.8,-1.60353e-07,0.999998,1,1.89344e-07,2.98023e-06,0,7.11957e-07,2.98023e-05,0,0.010082,16,22.8,-0.696628,2.4483,1,-0.457962,-0.5,0,0.214577,0,0,0.00994511,17,22.8,3,-3,1,0,0,0,0,0,0,0.0041233,18,22.8,-1.81776,2.00028,1,-0.421557,-0.000572205,0,0.371575,-0.000119209,0,0.00868904,19,22.8,-2.99999,-1.29332,1,-1.19209e-05,0.487825,0,-0.000119209,-0.129282,0,0.00860736,20,22.8,-3,-2.26349,1,0,0.47183,0,0,-0.198841,0,0.0062456,21,22.8,-0.0450489,-2.00006,1,0.225782,0.00166893,0,-0.490374,-0.00524521,0,0.00899419,22,22.8,-1.00088,-0.242099,1,0.00288785,0.457266,0,-0.0038743,-0.246316,0,0.0149294,23,22.8,-2.68346,-3,1,-0.485945,1.19209e-05,0,0.146627,0,0,0.00954086,24,22.8,0.497271,-2.998,1,0.5,0.00969172,0,2.98023e-05,0.000834465,0,0.00790531,25,22.8,-2.00701,1.00011,1,0.0246346,-0.000247359,0,-0.00858307,-0.000178814,0,0.0085915,26,22.8,3,-2.0073,1,0,0.0247896,0,0,-0.00655651,0,0.00383699,27,22.8,0.268695,2.99998,1,-0.499671,6.55651e-05,0,-0.00658631,-0.000119209,0,0.00855463,28,22.8,-2.00011,-1.74683,1,0.000232458,-0.498328,0,-0.000238419,-0.0334382,0,0.0101522,29,22.8,1.9665,-1.4534,1,0.169683,0.500003,0,-0.409245,-5.96046e-05,0,0.011756,30,22.8,-1.98083,-0.00367964,1,-0.184533,0.0155779,0,0.5036,-0.0137424,0,0.00948112,31,22.8,1.99931,2.99696,1,0.00249445,-0.00818372,0,-0.00184774,0.0193119,0,0.0104476,32,22.8,2.00644,0.999534,1,-0.027442,0.00218898,0,0.022769,-0.00277162,0,0.0116108,33,22.8,1.47539,0.00160192,1,-0.500003,-0.00214484,0,5.96046e-05,-0.00220159,0,0.0116606,34,22.8,-0.000178334,2.00444,1,-0.000292461,0.0458062,0,0.00231324,0.401497,0,0.00868204,35,22.8,2.99958,2.01454,1,0.00219941,-0.0180602,0,-0.00703335,-0.0807047,0,0.00728287
0,22.9,0.0209557,-0.250709,1,0.0787976,-0.468476,0,0.0665457,-0.228109,0,0.0153257,1,22.9,-0.468387,-2.99996,1,0.5,-6.18398e-05,0,0,-2.98023e-05,0,0.0106958,2,22.9,2.02885,-0.382391,1,-0.0208419,0.497894,0,-0.0734478,-0.0454745,0,0.00762037,3,22.9,-1.03565,-1.99999,1,0.0813922,0.000331178,0,-0.985809,0.00667572,0,0.0116832,4,22.9,1.53686,-3,1,0.5,0,0,-7.45058e-06,0,0,0.00647194,5,22.9,-2.00461,3,1,-0.029245,0,0,-0.878453,0,0,0.00890682,6,22.9,0.974858,-1.99999,1,0.178745,1.86265e-05,0,-0.465523,-2.98023e-05,0,0.011036,7,22.9,1.99469,-2.32573,1,0.0106093,0.499818,0,0.0118017,0.00725687,0,0.00798223,8,22.9,-2.17434,-0.980454,1,0.419126,-0.0342709,0,-0.135452,-0.0086166,0,0.00915892,9,22.9,1.00002,2.00018,1,9.87202e-05,0.00171736,0,-0.000476837,-0.00658631,0,0.00961221,10,22.9,-1.00017,1.008,1,0.000562146,-0.0425179,0,-0.000238419,-0.257298,0,0.00855183,11,22.9,1.00152,0.8568,1,-0.00456609,0.382685,0,0.00430644,-0.432093,0,0.00946367,12,22.9,-3,1.82098e-08,1,0,-6.42718e-07,0,0,1.75322e-06,0,0.00742541,13,22.9,1.9912,2.00019,1,0.0282826,-0.000603124,0,-0.00462681,0.000163913,0,0.00786855,14,22.9,-0.169126,-1.00076,1,-0.5,-0.00647511,0,-4.47035e-07,-0.139289,0,0.0135328,15,22.9,-1.38442e-07,0.999998,1,2.43301e-07,5.40167e-06,0,3.77512e-07,1.49012e-05,0,0.010082,16,22.9,-0.740878,2.39833,1,-0.422746,-0.498902,0,0.472862,0.0267178,0,0.00994511,17,22.9,3,-3,1,0,0,0,0,0,0,0.0041233,18,22.9,-1.85744,2.00023,1,-0.366718,-0.000566244,0,0.695556,0.000238419,0,0.00868904,19,22.9,-2.99999,-1.24538,1,-2.01166e-05,0.469102,0,-2.98023e-05,-0.242561,0,0.00860736,20,22.9,-3,-2.21748,1,0,0.446661,0,0,-0.301227,0,0.0062456,21,22.9,-0.0248868,-1.99992,1,0.177893,0.00117067,0,-0.464524,-0.00468642,0,0.00899419,22,22.9,-1.00106,-0.197767,1,-0.0104113,0.427853,0,-0.240989,-0.338313,0,0.0149294,23,22.9,-2.73118,-3,1,-0.467225,1.15484e-05,0,0.228047,-1.49012e-05,0,0.00954086,24,22.9,0.547271,-2.99705,1,0.5,0.00906289,0,0,-0.012517,0,0.00790531,25,22.9,-2.0041,1.00009,1,0.0379132,-0.00025332,0,0.247665,4.47035e-05,0,0.0085915,26,22.9,3,-2.00488,1,0,0.0232458,0,0,-0.023216,0,0.00383699,27,22.9,0.218708,2.99998,1,-0.499979,5.40167e-05,0,-0.000824183,-0.000104308,0,0.00855463,28,22.9,-2.00008,-1.79677,1,0.000208244,-0.499895,0,-0.00025332,-0.00417978,0,0.0101522,29,22.9,1.98247,-1.4035,1,0.158986,0.496955,0,0.156,-0.0614673,0,0.011756,30,22.9,-1.99683,-0.00168131,1,-0.136211,0.0287926,0,0.460185,0.251078,0,0.00948112,31,22.9,1.99955,2.99625,1,0.00224691,-0.00592209,0,-0.00301749,0.0250787,0,0.0104476,32,22.9,2.00384,0.999737,1,-0.024439,0.00187438,0,0.0361949,-0.00344962,0,0.0116108,33,22.9,1.42539,0.0013791,1,-0.4999,-0.00228636,0,0.00397861,-0.000682471,0,0.0116606,34,22.9,-0.000182483,2.0114,1,0.000334763,0.0963006,0,0.00983271,0.583038,0,0.00868204,35,22.9,2.99976,2.0124,1,0.0015296,-0.0240885,0,-0.00628829,-0.041306,0,0.00728287
0,23,0.02898,-0.298594,1,0.0799116,-0.487927,0,-0.0400347,-0.151515,0,0.0156171,1,23,-0.418387,-2.99997,1,0.5,-6.55651e-05,0,-1.43051e-05,0,0,0.0095987,2,23,2.02643,-0.332927,1,-0.0270724,0.490338,0,-0.0513792,-0.107959,0,0.01057,3,23,-1.03249,-1.99991,1,-0.0182539,0.00127256,0,-0.999987,0.0118613,0,0.0130463,4,23,1.58686,-3,1,0.500003,0,0,-5.96046e-05,0,0,0.00654359,5,23,-2.0123,3,1,-0.126201,0,0,-1.00017,0,0,0.00670111,6,23,0.990467,-1.99999,1,0.134125,1.19209e-05,0,-0.424713,0,0,0.0111023,7,23,1.99579,-2.27573,1,0.0112027,0.5,0,0.000655651,0,0,0.0103074,8,23,-2.13295,-0.983893,1,0.409752,-0.0342235,0,-0.0661612,0.0089407,0,0.0114486,9,23,1.00003,2.00032,1,5.36442e-05,0.00109673,0,-0.000357628,-0.00596046,0,0.0106796,10,23,-1.00011,1.00225,1,0.000521541,-0.0743151,0,-0.000596046,-0.358969,0,0.0117331,11,23,1.00108,0.892826,1,-0.00406802,0.337103,0,0.00560284,-0.476331,0,0.00802164,12,23,-3,-3.73596e-08,1,0,-4.69783e-07,0,0,1.68698e-06,0,0.00726933,13,23,1.99397,2.00013,1,0.0267684,-0.000560284,0,-0.0244379,0.000476837,0,0.00757236,14,23,-0.219126,-1.00228,1,-0.5,-0.0253677,0,0,-0.230908,0,0.0134309,15,23,-1.12705e-07,0.999999,1,2.66892e-07,5.96046e-06,0,1.04408e-07,0,0,0.0106074,16,23,-0.780479,2.34865,1,-0.36654,-0.493836,0,0.636607,0.0783205,0,0.0105435,17,23,3,-3,1,0,0,0,0,0,0,0.00385386,18,23,-1.8903,2.00017,1,-0.287804,-0.000530481,0,0.858665,0.000596046,0,0.00962409,19,23,-2.99999,-1.19985,1,-2.38419e-05,0.439867,0,0.000119209,-0.33921,0,0.0087411,20,23,-3,-2.17447,1,0,0.412256,0,0,-0.383377,0,0.00686148,21,23,-0.0093572,-1.99983,1,0.133383,0.000736117,0,-0.423494,-0.00405312,0,0.00910957,22,23,-1.00355,-0.156799,1,-0.041464,0.390321,0,-0.362754,-0.408746,0,0.012871,23,23,-2.77663,-3,1,-0.440377,1.19209e-05,0,0.308514,-0.000119209,0,0.00736989,24,23,0.597271,-2.99623,1,0.5,0.00734925,0,2.98023e-05,-0.0208616,0,0.00719463,25,23,-1.99883,1.00006,1,0.0694573,-0.000241399,0,0.362635,0.000238419,0,0.00976698,26,23,3,-2.00269,1,0,0.020349,0,0,-0.0337362,0,0.00412689,27,23,0.168708,2.99999,1,-0.5,4.17233e-05,0,0,-0.000119209,0,0.00776371,28,23,-2.00006,-1.84676,1,0.000184774,-0.500003,0,-0.000357628,5.96046e-05,0,0.00913279,29,23,1.99981,-1.35422,1,0.193632,0.487635,0,0.503659,-0.125229,0,0.00776866,30,23,-2.00824,0.00270787,1,-0.0929475,0.0609959,0,0.403404,0.37197,0,0.0099283,31,23,1.99976,2.99579,1,0.00190735,-0.00331402,0,-0.00363588,0.0265837,0,0.00786328,32,23,2.00159,0.999907,1,-0.0204027,0.00151247,0,0.0435114,-0.00372529,0,0.0102321,33,23,1.37545,0.00114919,1,-0.498411,-0.00229166,0,0.0317693,0.000527189,0,0.0108681,34,23,-9.02455e-05,2.02407,1,0.00159649,0.157857,0,0.0150243,0.627995,0,0.00977945,35,23,2.99989,2.00984,1,0.000953674,-0.0265896,0,-0.00524521,-0.010252,0,0.00740645
0,23.1,0.0373769,-0.347964,1,0.0935628,-0.497823,0,0.292439,-0.0526679,0,0.0156171,1,23.1,-0.368485,-2.99997,1,0.497019,-6.37025e-05,0,-0.061728,4.47035e-05,0,0.0095987,2,23.1,2.0235,-0.284547,1,-0.0311833,0.476088,0,-0.0310689,-0.178621,0,0.01057,3,23.1,-1.03928,-1.99968,1,-0.117121,0.00390522,0,-0.966147,0.0385642,0,0.0130463,4,23.1,1.63675,-3,1,0.496688,0,0,-0.0678748,0,0,0.00654359,5,23.1,-2.02992,3,1,-0.226209,0,0,-1.00002,0,0,0.00670111,6,23.1,1.00184,-1.99999,1,0.0942625,1.00583e-05,0,-0.371329,-4.47035e-05,0,0.0111023,7,23.1,1.9969,-2.22573,1,0.0108426,0.5,0,-0.00760704,0,0,0.0103074,8,23.1,-2.0922,-0.987244,1,0.405976,-0.0325464,0,-0.0180751,0.0238866,0,0.0114486,9,23.1,1.00003,2.0004,1,2.12342e-05,0.000550225,0,-0.000298023,-0.00493228,0,0.0106796,10,23.1,-1.00007,0.992798,1,0.000461936,-0.116433,0,-0.000506639,-0.465166,0,0.0117331,11,23.1,1.00071,0.923583,1,-0.00346862,0.273116,0,0.00628829,-0.771582,0,0.00802164,12,23.1,-3,-7.61621e-08,1,0,-3.09134e-07,0,0,1.51534e-06,0,0.00726933,13,23.1,1.9965,2.00007,1,0.0236515,-0.000497699,0,-0.0368506,0.000745058,0,0.00757236,14,23.1,-0.269126,-1.00617,1,-0.5,-0.0542091,0,8.9407e-07,-0.336893,0,0.0134309,15,23.1,-8.58716e-08,1,1,2.66264e-07,5.58794e-06,0,-1.0629e-07,-7.45058e-06,0,0.0106074,16,23.1,-0.813468,2.29977,1,-0.289129,-0.482783,0,0.884447,0.145167,0,0.0105435,17,23.1,3,-3,1,0,0,0,0,0,0,0.00385386,18,23.1,-1.91451,2.00012,1,-0.194429,-0.000463799,0,0.982337,0.000730157,0,0.00962409,19,23.1,-3,-1.15769,1,-1.37836e-05,0.402152,0,7.45058e-05,-0.412315,0,0.0087411,20,23.1,-3,-2.13526,1,0,0.37092,0,0,-0.44027,0,0.00686148,21,23.1,0.00194972,-1.99977,1,0.0936466,0.000369921,0,-0.370055,-0.00327826,0,0.00910957,22,23.1,-1.00979,-0.119911,1,-0.085693,0.34656,0,-0.501342,-0.461879,0,0.012871,23,23.1,-2.81897,-3,1,-0.404939,1.86265e-06,0,0.395745,-7.45058e-05,0,0.00736989,24,23.1,0.647139,-2.9956,1,0.496039,0.00510551,0,-0.0799671,-0.0235587,0,0.00719463,25,23.1,-1.98983,1.00004,1,0.112243,-0.000202656,0,0.474393,0.000596046,0,0.00976698,26,23.1,3,-2.00084,1,0,0.016688,0,0,-0.0387356,0,0.00412689,27,23.1,0.118708,2.99999,1,-0.5,3.12924e-05,0,-1.3411e-06,-8.9407e-05,0,0.00776371,28,23.1,-2.00005,-1.89676,1,0.000150874,-0.5,0,-0.000312924,7.45058e-06,0,0.00913279,29,23.1,2.02238,-1.30626,1,0.263203,0.469873,0,0.825778,-0.225991,0,0.00776866,30,23.1,-2.01564,0.0109098,1,-0.0561964,0.10498,0,0.331834,0.488579,0,0.0099283,31,23.1,1.99993,2.99559,1,0.00152774,-0.000747666,0,-0.0038892,0.0243932,0,0.00786328,32,23.1,1.99977,1.00004,1,-0.0159159,0.00114059,0,0.0455528,-0.00367686,0,0.0102321,33,23.1,1.32564,0.00092424,1,-0.498729,-0.00219256,0,-0.0193939,0.00141181,0,0.0108681,34,23.1,0.000191172,2.04299,1,0.00444432,0.220274,0,0.0397998,0.610128,0,0.00977945,35,23.1,2.99996,2.00717,1,0.000498071,-0.0263933,0,-0.0038892,0.0129193,0,0.00740645
0,23.2,0.0486011,-0.397899,1,0.134521,-0.5,0,0.508552,-1.43051e-05,0,0.0162455,1,23.2,-0.319208,-2.99998,1,0.487316,-5.96046e-05,0,-0.133589,0.000119209,0,0.0112342,2,23.2,2.02026,-0.237958,1,-0.0333428,0.454408,0,-0.0123978,-0.255473,0,0.0109387,3,23.2,-1.05569,-1.99906,1,-0.209293,0.00856817,0,-0.866652,0.0528097,0,0.0146083,4,23.2,1.68596,-3,1,0.486174,0,0,-0.14317,0,0,0.00650719,5,23.2,-2.05754,3,1,-0.326204,0,0,-1.00017,0,0,0.0068912,6,23.2,1.00951,-1.99999,1,0.0600427,5.96046e-06,0,-0.312448,0,0,0.00985583,7,23.2,1.99793,-2.17573,1,0.00973046,0.5,0,-0.0144839,0,0,0.0100567,8,23.2,-2.05168,-0.99036,1,0.404572,-0.0295833,0,-0.0168085,0.0347495,0,0.0102525,9,23.2,1.00003,2.00044,1,-5.96046e-06,0.000107288,0,-0.000178814,-0.0038147,0,0.0102956,10,23.2,-1.00002,0.978778,1,0.000438094,-0.164092,0,8.9407e-05,-0.473619,0,0.0154352,11,23.2,1.00039,0.946766,1,-0.00282526,0.188489,0,0.00649691,-0.895798,0,0.0101659,12,23.2,-3,-9.98551e-08,1,0,-1.68471e-07,0,0,1.29102e-06,0,0.0078744,13,23.2,1.99867,2.00003,1,0.019592,-0.000411272,0,-0.0434518,0.000834465,0,0.00690924,14,23.2,-0.319126,-1.01338,1,-0.5,-0.091064,0,1.43051e-05,-0.392199,0,0.0150564,15,23.2,-6.00508e-08,1,1,2.47652e-07,2.98023e-06,0,-2.56433e-07,5.96046e-05,0,0.0135191,16,23.2,-0.837737,2.25234,1,-0.194594,-0.464445,0,0.983924,0.222802,0,0.0103859,17,23.2,3,-3,1,0,0,0,0,0,0,0.00415045,18,23.2,-1.92899,2.00008,1,-0.0948697,-0.00038147,0,0.999987,0.000834465,0,0.00854217,19,23.2,-3,-1.11964,1,-5.96046e-06,0.358,0,0,-0.467539,0,0.009081,20,23.2,-3,-2.10044,1,0,0.324827,0,0,-0.478387,0,0.00726056,21,23.2,0.00956063,-1.99975,1,0.0595541,8.04663e-05,0,-0.311166,-0.00244379,0,0.0103866,22,23.2,-1.02095,-0.0876198,1,-0.138059,0.298811,0,-0.529587,-0.489041,0,0.0149961,23,23.2,-2.85737,-3,1,-0.362104,0,0,0.456572,-0.000119209,0,0.00981078,24,23.2,0.696206,-2.99521,1,0.483926,0.00271797,0,-0.162363,-0.0239611,0,0.00900685,25,23.2,-1.97618,1.00002,1,0.160995,-0.000107288,0,0.485837,0.0012517,0,0.0110375,26,23.2,3,-1.99936,1,0,0.0127316,0,0,-0.0397563,0,0.00496618,27,23.2,0.068708,2.99999,1,-0.5,2.38419e-05,0,-3.57628e-06,-0.000119209,0,0.00659766,28,23.2,-2.00003,-1.94676,1,0.00012517,-0.500003,0,-0.000357628,5.96046e-05,0,0.00918595,29,23.2,2.05295,-1.26054,1,0.3483,0.443205,0,0.833154,-0.303686,0,0.00768458,30,23.2,-2.01972,0.0239119,1,-0.0265062,0.155285,0,0.262499,0.502389,0,0.0104775,31,23.2,2.00006,2.99563,1,0.00113845,0.001508,0,-0.0038147,0.0203848,0,0.0086647,32,23.2,1.99841,1.00014,1,-0.0114113,0.000786781,0,0.0439286,-0.00345707,0,0.00978035,33,23.2,1.27569,0.000713206,1,-0.499961,-0.00201745,0,-0.000834465,0.00205182,0,0.0129213,34,23.2,0.000860651,2.06797,1,0.00915893,0.278074,0,0.0526497,0.537753,0,0.008482,35,23.2,2.99999,2.00462,1,0.000172853,-0.0242531,0,-0.0025034,0.0289679,0,0.00722764
0,23.3,0.0653877,-0.447898,1,0.207523,-0.499967,0,0.889023,0.00133537,0,0.0162455,1,23.3,-0.271266,-2.99998,1,0.470295,-4.80562e-05,0,-0.20757,0.000104308,0,0.0112342,2,23.3,2.0169,-0.193954,1,-0.033664,0.424179,0,0.00533462,-0.34543,0,0.0109387,3,23.3,-1.08079,-1.99782,1,-0.291026,0.0172978,0,-0.762522,0.114687,0,0.0146083,4,23.3,1.73374,-3,1,0.468115,0,0,-0.218436,0,0,0.00650719,5,23.3,-2.09476,3,1,-0.413856,0,0,-0.732824,0,0,0.0068912,6,23.3,1.01405,-1.99999,1,0.0319103,4.84288e-06,0,-0.250451,-2.98023e-05,0,0.00985583,7,23.3,1.99883,-2.12573,1,0.00823922,0.5,0,-0.015229,0,0,0.0100567,8,23.3,-2.01115,-0.993134,1,0.407075,-0.0258015,0,0.0525787,0.0404827,0,0.0102525,9,23.3,1.00003,2.00043,1,-2.17929e-05,-0.000221282,0,-0.00012666,-0.00277162,0,0.0102956,10,23.3,-0.999978,0.959963,1,0.000429526,-0.212242,0,-8.9407e-05,-0.476256,0,0.0154352,11,23.3,1.00015,0.960934,1,-0.00190996,0.0933738,0,0.011608,-0.986978,0,0.0101659,12,23.3,-3,-1.10679e-07,1,0,-5.23521e-08,0,0,1.03052e-06,0,0.0078744,13,23.3,2.00041,1.99999,1,0.0151422,-0.000323728,0,-0.0449121,0.000908971,0,0.00690924,14,23.3,-0.369126,-1.02465,1,-0.5,-0.136065,0,0,-0.49489,0,0.0150564,15,23.3,-3.67439e-08,1,1,2.16937e-07,7.07805e-06,0,-3.49493e-07,1.49012e-05,0,0.0135191,16,23.3,-0.852246,2.20718,1,-0.095348,-0.437114,0,0.997994,0.320062,0,0.0103859,17,23.3,3,-3,1,0,0,0,0,0,0,0.00415045,18,23.3,-1.93348,2.00004,1,0.00512972,-0.000300631,0,1,0.000759959,0,0.00854217,19,23.3,-3,-1.08625,1,-5.96046e-06,0.309311,0,0,-0.501789,0,0.009081,20,23.3,-3,-2.07039,1,0,0.275915,0,0,-0.495806,0,0.00726056,21,23.3,0.014064,-1.99975,1,0.0315458,-0.000128523,0,-0.249265,-0.00174344,0,0.0103866,22,23.3,-1.03746,-0.060196,1,-0.192113,0.24963,0,-0.537284,-0.491153,0,0.0149961,23,23.3,-2.89123,-3,1,-0.31439,-8.19564e-06,0,0.493526,-2.98023e-05,0,0.00981078,24,23.3,0.743657,-2.99505,1,0.463792,0.000388175,0,-0.240088,-0.0223517,0,0.00900685,25,23.3,-1.95762,1.00002,1,0.210203,2.6077e-06,0,0.485301,0.00110269,0,0.0110375,26,23.3,3,-1.99829,1,0,0.00885334,0,0,-0.0374392,0,0.00496618,27,23.3,0.018708,2.99999,1,-0.5,1.37836e-05,0,0,-7.45058e-05,0,0.00659766,28,23.3,-2.00002,-1.99676,1,9.31323e-05,-0.5,0,-0.000268221,7.45058e-06,0,0.00918595,29,23.3,2.09169,-1.21784,1,0.423145,0.409882,0,0.639886,-0.35955,0,0.00768458,30,23.3,-2.02117,0.0419863,1,-0.00369661,0.206198,0,0.194892,0.50255,0,0.0104775,31,23.3,2.00016,2.99587,1,0.000771135,0.00328608,0,-0.00348687,0.0151545,0,0.0086647,32,23.3,1.99748,1.0002,1,-0.00722986,0.00046473,0,0.0394061,-0.00297278,0,0.00978035,33,23.3,1.22569,0.000522227,1,-0.499998,-0.0017976,0,-8.19564e-05,0.00232403,0,0.0129213,34,23.3,0.00216145,2.09833,1,0.0178839,0.327698,0,0.1144,0.452653,0,0.008482,35,23.3,3,2.00236,1,-2.42144e-05,-0.0208478,0,-0.00150502,0.0381917,0,0.00722764
0,23.4,0.0907951,-0.497878,1,0.301552,-0.499468,0,0.946309,0.010699,0,0.0160017,1,23.4,-0.225401,-2.99999,1,0.445747,-3.57628e-05,0,-0.283219,0,0,0.00982605,2,23.4,2.01358,-0.153385,1,-0.0324011,0.38605,0,0.0193119,-0.413567,0,0.0104815,3,23.4,-1.11349,-1.99547,1,-0.360852,0.0302076,0,-0.63014,0.137627,0,0.0114621,4,23.4,1.77933,-3,1,0.44249,0,0,-0.293672,0,0,0.008834,5,23.4,-2.13927,3,1,-0.470644,0,0,-0.401735,0,0,0.00469975,6,23.4,1.01609,-1.99999,1,0.00987053,0,0,-0.190914,0,0,0.00786921,7,23.4,1.99958,-2.07573,1,0.0067085,0.5,0,-0.015378,0,0,0.0108597,8,23.4,-1.97016,-0.995505,1,0.412562,-0.0215635,0,0.0461936,0.0439286,0,0.0109029,9,23.4,1.00003,2.0004,1,-3.27826e-05,-0.000447035,0,-0.000119209,-0.00190735,0,0.0102417,10,23.4,-0.999934,0.936444,1,0.000450015,-0.257041,0,0.000655651,-0.409812,0,0.0150451,11,23.4,1.00002,0.965297,1,-0.000542402,-0.00630021,0,0.0154972,-1.00002,0,0.0126669,12,23.4,-3,-1.11197e-07,1,0,3.7663e-08,0,0,7.70907e-07,0,0.00612811,13,23.4,2.0017,1.99996,1,0.0107229,-0.000232458,0,-0.0429153,0.000834465,0,0.00724605,14,23.4,-0.419126,-1.04081,1,-0.5,-0.187656,0,1.43051e-05,-0.526071,0,0.017956,15,23.4,-1.68935e-08,1,1,1.79287e-07,8.9407e-06,0,-3.9654e-07,0,0,0.0137722,16,23.4,-0.856784,2.1652,1,0.00460148,-0.401181,0,1.00002,0.39494,0,0.0131956,17,23.4,3,-3,1,0,0,0,0,0,0,0.00406439,18,23.4,-1.92797,2.00002,1,0.105131,-0.000226498,0,0.999987,0.000715256,0,0.0119864,19,23.4,-3,-1.05785,1,-5.96046e-06,0.258482,0,0,-0.510871,0,0.0074141,20,23.4,-3,-2.04528,1,0,0.226408,0,0,-0.490785,0,0.00566372,21,23.4,0.0160727,-1.99978,1,0.00961791,-0.000268221,0,-0.189859,-0.00119209,0,0.0109994,22,23.4,-1.05927,-0.037668,1,-0.243026,0.201209,0,-0.470161,-0.474428,0,0.0128812,23,23.4,-2.92017,-3,1,-0.264204,-1.19209e-05,0,0.506282,0,0,0.0087663,24,23.4,0.78871,-2.99512,1,0.436021,-0.00170469,0,-0.314415,-0.0193119,0,0.00784107,25,23.4,-1.93426,1.00003,1,0.255772,0.000140071,0,0.416219,0.00184774,0,0.0113175,26,23.4,3,-1.99758,1,0,0.00531077,0,0,-0.0332594,0,0.00537106,27,23.4,-0.031292,3,1,-0.5,5.96046e-06,0,-1.19209e-06,0,0,0.00781198,28,23.4,-2.00002,-2.04676,1,6.55651e-05,-0.5,0,-0.000238419,0,0,0.00931125,29,23.4,2.13675,-1.17872,1,0.473416,0.371915,0,0.360489,-0.396907,0,0.00901753,30,23.4,-2.02067,0.0650277,1,0.0127137,0.25346,0,0.134706,0.432655,0,0.0135487,31,23.4,2.00022,2.99627,1,0.000447035,0.00453591,0,-0.00309944,0.00965595,0,0.00951931,32,23.4,1.99694,1.00023,1,-0.00357926,0.000193715,0,0.0334382,-0.00244379,0,0.0117765,33,23.4,1.17569,0.000354388,1,-0.500003,-0.00155665,0,5.96046e-05,0.00247608,0,0.0128619,34,23.4,0.00457232,2.1332,1,0.0306821,0.368261,0,0.135446,0.357151,0,0.00889674,35,23.4,2.99999,2.00047,1,-0.00013113,-0.0167787,0,-0.000715256,0.0423193,0,0.00815881
0,23.5,0.125394,-0.547674,1,0.387106,-0.495506,0,0.748525,0.0680722,0,0.0160017,1,23.5,-0.182391,-2.99999,1,0.413043,-3.39001e-05,0,-0.366999,4.47035e-05,0,0.00982605,2,23.5,2.01046,-0.116927,1,-0.0299435,0.342414,0,0.0293106,-0.456012,0,0.0104815,3,23.5,-1.15256,-1.9918,1,-0.418522,0.0427026,0,-0.51146,0.110179,0,0.0114621,4,23.5,1.82196,-3,1,0.408854,0,0,-0.375137,0,0,0.008834,5,23.5,-2.18782,3,1,-0.495655,0,0,-0.119731,0,0,0.00469975,6,23.5,1.01622,-1.99999,1,-0.00638608,-9.31323e-07,0,-0.135355,-2.23517e-05,0,0.00786921,7,23.5,2.00017,-2.02573,1,0.00522938,0.5,0,-0.0141934,0,0,0.0108597,8,23.5,-1.92864,-0.997442,1,0.418116,-0.0171766,0,0.0545979,0.0436604,0,0.0109029,9,23.5,1.00002,2.00034,1,-4.1537e-05,-0.000593439,0,-6.70552e-05,-0.00102818,0,0.0102417,10,23.5,-0.999887,0.908786,1,0.00047721,-0.294969,0,9.68575e-05,-0.341304,0,0.0150451,11,23.5,1.00009,0.9597,1,0.00227168,-0.105014,0,0.0387877,-0.962086,0,0.0126669,12,23.5,-3,-1.04003e-07,1,0,1.02063e-07,0,0,5.21891e-07,0,0.00612811,13,23.5,2.00256,1.99994,1,0.00665411,-0.000151247,0,-0.0382066,0.00077486,0,0.00724605,14,23.5,-0.469126,-1.06235,1,-0.5,-0.244106,0,0,-0.590153,0,0.017956,15,23.5,-9.70797e-10,1,1,1.39066e-07,8.00937e-06,0,-4.02757e-07,-2.23517e-05,0,0.0137722,16,23.5,-0.851329,2.12718,1,0.104353,-0.358258,0,0.990052,0.457913,0,0.0131956,17,23.5,3,-3,1,0,0,0,0,0,0,0.00406439,18,23.5,-1.91246,2,1,0.20482,-0.000160374,0,0.987612,0.000603497,0,0.0119864,19,23.5,-3,-1.03454,1,-5.96046e-06,0.207957,0,0,-0.496075,0,0.0074141,20,23.5,-3,-2.02506,1,0,0.178466,0,0,-0.46517,0,0.00566372,21,23.5,0.0161803,-1.99981,1,-0.00654133,-0.000357814,0,-0.134466,-0.000618398,0,0.0109994,22,23.5,-1.08582,-0.0198595,1,-0.28671,0.155602,0,-0.395708,-0.436126,0,0.0128812,23,23.5,-2.94406,-3,1,-0.21373,-1.04308e-05,0,0.498682,2.98023e-05,0,0.0087663,24,23.5,0.830602,-2.99538,1,0.400536,-0.00340156,0,-0.391252,-0.014618,0,0.00784107,25,23.5,-1.90671,1.00005,1,0.294133,0.000279211,0,0.343785,0.00113994,0,0.0113175,26,23.5,3,-1.99721,1,0,0.00226684,0,0,-0.0275373,0,0.00537106,27,23.5,-0.081292,3,1,-0.5,5.96046e-06,0,-1.49012e-07,0,0,0.00781198,28,23.5,-2.00001,-2.09676,1,4.39584e-05,-0.5,0,-0.000178814,0,0,0.00931125,29,23.5,2.18543,-1.14354,1,0.496015,0.33123,0,0.109255,-0.414461,0,0.00901753,30,23.5,-2.01881,0.0924305,1,0.0235166,0.293345,0,0.0828356,0.357765,0,0.0135487,31,23.5,2.00025,2.99676,1,0.00016652,0.00524037,0,-0.00248849,0.00457466,0,0.00951931,32,23.5,1.99674,1.00024,1,-0.000583939,-2.06754e-05,0,0.0264421,-0.00185519,0,0.0117765,33,23.5,1.12569,0.000211131,1,-0.5,-0.00130853,0,7.45058e-06,0.00247418,0,0.0128619,34,23.5,0.0084291,2.17176,1,0.0473175,0.402249,0,0.187481,0.320584,0,0.00889674,35,23.5,2.99997,1.99901,1,-0.000173971,-0.0125306,0,-0.000193715,0.0421181,0,0.00815881
0,23.6,0.167425,-0.596792,1,0.449144,-0.485954,0,0.487328,0.122428,0,0.0150203,1,23.6,-0.143033,-2.99999,1,0.3731,-2.38419e-05,0,-0.428177,0,0,0.0093675,2,23.6,2.00762,-0.0850128,1,-0.0266433,0.29547,0,0.0363588,-0.479784,0,0.0113513,3,23.6,-1.1967,-1.98704,1,-0.461534,0.0518918,0,-0.344455,0.072062,0,0.0112977,4,23.6,1.86087,-3,1,0.368226,0,0,-0.433683,0,0,0.00902383,5,23.6,-2.2377,3,1,-0.5,0,0,0,0,0,0.00555938,6,23.6,1.01499,-1.99999,1,-0.0174344,-5.96046e-06,0,-0.086844,5.96046e-05,0,0.0107403,7,23.6,2.00063,-1.97573,1,0.0038743,0.500003,0,-0.0128746,-5.96046e-05,0,0.0099749,8,23.6,-1.88661,-0.998942,1,0.421694,-0.0128612,0,0.00935793,0.0424981,0,0.0163013,9,23.6,1.00002,2.00028,1,-4.47035e-05,-0.000661612,0,-5.96046e-05,-0.000238419,0,0.01127,10,23.6,-0.999839,0.877747,1,0.000506639,-0.324044,0,0.000625849,-0.235081,0,0.013343,11,23.6,1.00054,0.944535,1,0.00683963,-0.196552,0,0.050962,-0.859201,0,0.0143981,12,23.6,-3,-9.15651e-08,1,0,1.43053e-07,0,0,3.03213e-07,0,0.00723096,13,23.6,2.00305,1.99993,1,0.00312924,-7.7486e-05,0,-0.0320673,0.000655651,0,0.00791967,14,23.6,-0.519126,-1.08973,1,-0.5,-0.30334,0,-2.98023e-05,-0.583827,0,0.0190479,15,23.6,1.09471e-08,1,1,9.96438e-08,8.9407e-06,0,-3.81741e-07,-0.000119209,0,0.0148438,16,23.6,-0.836023,2.09371,1,0.20062,-0.310647,0,0.920415,0.489354,0,0.0122495,17,23.6,3,-3,1,0,0,0,0,0,0,0.00404758,18,23.6,-1.88714,1.99999,1,0.300175,-0.000104308,0,0.900805,0.000476837,0,0.0136779,19,23.6,-3,-1.01617,1,-5.96046e-06,0.159898,0,0.000119209,-0.462413,0,0.00788341,20,23.6,-3,-2.00947,1,0,0.133884,0,0,-0.424266,0,0.00727887,21,23.6,0.0149375,-1.99984,1,-0.0175102,-0.000399351,0,-0.0861217,-0.000119209,0,0.011427,22,23.6,-1.11629,-0.00640531,1,-0.320846,0.114257,0,-0.281692,-0.38962,0,0.0141575,23,23.6,-2.96298,-3,1,-0.165272,-5.96046e-06,0,0.466704,0,0,0.00856376,24,23.6,0.8686,-2.99579,1,0.358553,-0.00462532,0,-0.444651,-0.0100136,0,0.0087519,25,23.6,-1.87575,1.00008,1,0.323313,0.000405312,0,0.235081,0.00149012,0,0.0124351,26,23.6,3,-1.99711,1,0,-0.000184774,0,0,-0.0214577,0,0.00571235,27,23.6,-0.131292,3,1,-0.5,5.96046e-06,0,0,0,0,0.00777613,28,23.6,-2.00001,-2.14676,1,2.98023e-05,-0.5,0,-0.000119209,0,0,0.00879522,29,23.6,2.23532,-1.11251,1,0.5,0.289461,0,0,-0.418961,0,0.00841007,30,23.6,-2.01612,0.12338,1,0.0295758,0.32379,0,0.0396967,0.246159,0,0.0129495,31,23.6,2.00026,2.9973,1,-5.36442e-05,0.00547171,0,-0.00190735,0.000238419,0,0.00869671,32,23.6,1.9968,1.00023,1,0.00171363,-0.000178814,0,0.0194311,-0.0013113,0,0.0132546,33,23.6,1.07569,9.25585e-05,1,-0.500003,-0.00106409,0,5.96046e-05,0.00240386,0,0.0113828,34,23.6,0.0141167,2.21351,1,0.0664187,0.43202,0,0.186729,0.273585,0,0.0084707,35,23.6,2.99996,1.99796,1,-0.000172853,-0.00844896,0,0.000238419,0.0391006,0,0.00806764
0,23.7,0.214327,-0.644673,1,0.484589,-0.470669,0,0.229435,0.181872,0,0.0150203,1,23.7,-0.107931,-3,1,0.328356,-2.04891e-05,0,-0.463532,7.45058e-05,0,0.0093675,2,23.7,2.00515,-0.0578805,1,-0.022791,0.247109,0,0.0401884,-0.483859,0,0.0113513,3,23.7,-1.24429,-1.98164,1,-0.487347,0.0545964,0,-0.174485,-0.0137985,0,0.0112977,4,23.7,1.89546,-3,1,0.323064,0,0,-0.466377,0,0,0.00902383,5,23.7,-2.2877,3,1,-0.5,0,0,0,0,0,0.00555938,6,23.7,1.01288,-1.99999,1,-0.0240015,-2.42144e-06,0,-0.0459328,2.23517e-05,0,0.0107403,7,23.7,2.00095,-1.92573,1,0.00266694,0.5,0,-0.0112802,-7.45058e-06,0,0.0099749,8,23.7,-1.84429,-1.00002,1,0.425487,-0.00878582,0,0.0536665,0.039015,0,0.0163013,9,23.7,1.00002,2.00021,1,-4.74975e-05,-0.000659004,0,-7.45058e-06,0.000283122,0,0.01127,10,23.7,-0.999787,0.844309,1,0.000519119,-0.343191,0,-0.000171363,-0.144478,0,0.013343,11,23.7,1.00157,0.920721,1,0.0146991,-0.278197,0,0.100739,-0.766616,0,0.0143981,12,23.7,-3,-7.60685e-08,1,0,1.63802e-07,0,0,1.18576e-07,0,0.00723096,13,23.7,2.00321,1.99993,1,0.000266731,-1.75089e-05,0,-0.0251532,0.000536442,0,0.00791967,14,23.7,-0.569019,-1.12308,1,-0.496813,-0.364012,0,0.0634044,-0.605151,0,0.0190479,15,23.7,1.90695e-08,1,1,6.35285e-08,-5.58794e-07,0,-3.3841e-07,-8.19564e-05,0,0.0148438,16,23.7,-0.811356,2.06509,1,0.292148,-0.261722,0,0.886254,0.486538,0,0.0122495,17,23.7,3,-3,1,0,0,0,0,0,0,0.00404758,18,23.7,-1.85295,1.99998,1,0.380184,-6.1281e-05,0,0.694931,0.00037998,0,0.0136779,19,23.7,-3,-1.00242,1,3.72529e-06,0.116057,0,5.96046e-05,-0.412673,0,0.00788341,20,23.7,-3,-1.99812,1,0,0.0940653,0,0,-0.370897,0,0.00727887,21,23.7,0.0128273,-1.99988,1,-0.0240139,-0.000394695,0,-0.0453884,0.000201166,0,0.011427,22,23.7,-1.14963,0.00317114,1,-0.344202,0.0782586,0,-0.182033,-0.330442,0,0.0141575,23,23.7,-2.97725,-3,1,-0.12097,-4.09782e-06,0,0.416383,4.47035e-05,0,0.00856376,24,23.7,0.902179,-2.99629,1,0.31256,-0.00540018,0,-0.472017,-0.00554323,0,0.0087519,25,23.7,-1.84239,1.00013,1,0.342341,0.000495091,0,0.142291,0.000506639,0,0.0124351,26,23.7,3,-1.99723,1,0,-0.00201855,0,0,-0.0153109,0,0.00571235,27,23.7,-0.181292,3,1,-0.5,5.96046e-06,0,-8.9407e-07,0,0,0.00777613,28,23.7,-2,-2.19676,1,1.9744e-05,-0.5,0,-7.45058e-05,0,0,0.00879522,29,23.7,2.28532,-1.08564,1,0.5,0.24798,0,0,-0.409111,0,0.00841007,30,23.7,-2.01303,0.156837,1,0.031849,0.343742,0,0.00709295,0.149794,0,0.0129495,31,23.7,2.00024,2.99784,1,-0.000213459,0.00530817,0,-0.0013262,-0.00332296,0,0.00869671,32,23.7,1.99706,1.0002,1,0.00331942,-0.000283681,0,0.0128075,-0.000797212,0,0.0132546,33,23.7,1.02569,-2.13971e-06,1,-0.5,-0.000833043,0,0,0.00221352,0,0.0113828,34,23.7,0.0214052,2.25815,1,0.076682,0.460783,0,0.0264456,0.279158,0,0.0084707,35,23.7,2.99994,1.9973,1,-0.000140071,-0.00478961,0,0.000417233,0.0338852,0,0.00806764
0,23.8,0.263588,-0.690742,1,0.497588,-0.449859,0,0.0482494,0.232935,0,0.0162396,1,23.8,-0.0774484,-3,1,0.281014,-1.19209e-05,0,-0.480275,0,0,0.00867947,2,23.8,2.00307,-0.0355704,1,-0.018692,0.199355,0,0.0411272,-0.468238,0,0.012208,3,23.8,-1.29366,-1.97636,1,-0.497767,0.0499189,0,-0.0446439,-0.0760555,0,0.00979426,4,23.8,1.9254,-3,1,0.275573,0,0,-0.480533,0,0,0.00958957,5,23.8,-2.3377,3,1,-0.5,0,0,0,0,0,0.00585785,6,23.8,1.01031,-1.99999,1,-0.0268996,0,0,-0.013411,-5.96046e-05,0,0.0100917,7,23.8,2.00116,-1.87573,1,0.00162125,0.500003,0,-0.00977516,-5.96046e-05,0,0.0103385,8,23.8,-1.80148,-1.00071,1,0.430179,-0.00505149,0,0.030458,0.0355244,0,0.0125338,9,23.8,1.00001,2.00015,1,-4.47035e-05,-0.000613928,0,0,0.000715256,0,0.0119557,10,23.8,-0.999736,0.80944,1,0.00050962,-0.352415,0,0.000149012,-0.0381172,0,0.0155871,11,23.8,1.00359,0.88927,1,0.0259787,-0.348647,0,0.120342,-0.637144,0,0.0153056,12,23.8,-3,-5.93532e-08,1,0,1.68087e-07,0,0,-2.64728e-08,0,0.00841215,13,23.8,2.00313,1.99993,1,-0.00190735,2.98023e-05,0,-0.0183582,0.000417233,0,0.00735168,14,23.8,-0.618281,-1.16238,1,-0.487407,-0.420386,0,0.124246,-0.506997,0,0.0181277,15,23.8,2.38166e-08,1,1,3.23114e-08,-5.96046e-06,0,-2.84589e-07,-5.96046e-05,0,0.0156395,16,23.8,-0.777923,2.04133,1,0.373963,-0.213826,0,0.734866,0.468969,0,0.0124211,17,23.8,3,-3,1,0,0,0,0,0,0,0.0041524,18,23.8,-1.81182,1.99997,1,0.438729,-2.68221e-05,0,0.475943,0.000238419,0,0.0135909,19,23.8,-3,-0.992781,1,5.96046e-06,0.0776455,0,0.000119209,-0.354469,0,0.00925634,20,23.8,-3,-1.99047,1,0,0.0598878,0,0,-0.31203,0,0.00789016,21,23.8,0.0102563,-1.99992,1,-0.0268663,-0.000363588,0,-0.0130069,0.000417233,0,0.0105525,22,23.8,-1.18477,0.00944219,1,-0.356728,0.0481297,0,-0.066638,-0.27243,0,0.0123226,23,23.8,-2.98737,-3,1,-0.0824809,0,0,0.351667,0,0,0.00706053,24,23.8,0.931053,-2.99685,1,0.264767,-0.00573993,0,-0.480831,-0.00154972,0,0.00836785,25,23.8,-1.80761,1.00018,1,0.351286,0.000545382,0,0.0348687,0.000596046,0,0.0134736,26,23.8,3,-1.99749,1,0,-0.00326037,0,0,-0.00977516,0,0.00504869,27,23.8,-0.231292,3,1,-0.5,5.96046e-06,0,-7.15256e-06,-0.000119209,0,0.00628907,28,23.8,-2,-2.24676,1,1.19209e-05,-0.5,0,-0.000119209,0,0,0.00943058,29,23.8,2.33532,-1.06286,1,0.5,0.207922,0,0,-0.390768,0,0.00821771,30,23.8,-2.00985,0.191781,1,0.0312507,0.353279,0,-0.0178814,0.039317,0,0.0134829,31,23.8,2.00021,2.99835,1,-0.000315905,0.0048399,0,-0.000834465,-0.00572205,0,0.00891237,32,23.8,1.99745,1.00017,1,0.00430346,-0.000342727,0,0.00709295,-0.000357628,0,0.0106836,33,23.8,0.975688,-7.4719e-05,1,-0.5,-0.000622042,0,-2.98023e-05,0.00200361,0,0.0166197,34,23.8,0.0289955,2.3055,1,0.0732002,0.484574,0,-0.0890698,0.186682,0,0.00852322,35,23.8,2.99993,1.99698,1,-9.53674e-05,-0.00169873,0,0.000476837,0.0277162,0,0.00918087
0,23.9,0.313494,-0.734485,1,0.499849,-0.424266,0,0.00602759,0.277452,0,0.0162396,1,23.9,-0.0517527,-3,1,0.232941,-7.45058e-06,0,-0.477819,5.96046e-05,0,0.00867947,2,23.9,2.00141,-0.0179264,1,-0.0146296,0.154084,0,0.039801,-0.434807,0,0.012208,3,23.9,-1.34357,-1.97136,1,-0.49986,0.0535408,0,-0.00558048,0.13458,0,0.00979426,4,23.9,1.95056,-3,1,0.227603,0,0,-0.475585,0,0,0.00958957,5,23.9,-2.3877,3,1,-0.5,0,0,0,0,0,0.00585785,6,23.9,1.0076,-1.99999,1,-0.0269582,-5.7742e-06,0,0.01093,-5.21541e-05,0,0.0100917,7,23.9,2.00128,-1.82573,1,0.000736862,0.5,0,-0.00795722,-7.45058e-06,0,0.0103385,8,23.9,-1.75822,-1.00089,1,0.435978,0.00280337,0,0.0805408,0.113327,0,0.0125338,9,23.9,1.00001,2.00009,1,-4.2282e-05,-0.000531971,0,3.72529e-05,0.000923872,0,0.0119557,10,23.9,-0.999686,0.774131,1,0.000475999,-0.352491,0,-0.000644475,0.0379346,0,0.0155871,11,23.9,1.00688,0.85146,1,0.0404539,-0.405152,0,0.161074,-0.492457,0,0.0153056,12,23.9,-3,-4.28693e-08,1,0,1.59826e-07,0,0,-1.32432e-07,0,0.00841215,13,23.9,2.00285,1.99993,1,-0.00341386,6.51926e-05,0,-0.0118911,0.000283122,0,0.00735168,14,23.9,-0.666266,-1.20671,1,-0.471029,-0.463496,0,0.200838,-0.346981,0,0.0181277,15,23.9,2.57259e-08,1,1,6.88641e-09,-1.00583e-05,0,-2.23911e-07,-1.49012e-05,0,0.0156395,16,23.9,-0.737167,2.02223,1,0.4377,-0.168835,0,0.528373,0.429973,0,0.0124211,17,23.9,3,-3,1,0,0,0,0,0,0,0.0041524,18,23.9,-1.76589,1.99997,1,0.476612,-6.14673e-06,0,0.278719,0.000186265,0,0.0135909,19,23.9,-3,-0.987212,1,1.41561e-05,0.0302395,0,2.98023e-05,-0.565611,0,0.00925634,20,23.9,-3,-1.98647,1,0,0.0166588,0,0,-0.524879,0,0.00789016,21,23.9,0.00754826,-1.99996,1,-0.0268923,-0.000314415,0,0.0111766,0.000551343,0,0.0105525,22,23.9,-1.22064,0.0129959,1,-0.359126,0.0239473,0,0.0197217,-0.212293,0,0.0123226,23,23.9,-2.99348,-3,1,-0.0367396,0,0,0.537872,0,0,0.00706053,24,23.9,0.955134,-2.99743,1,0.217018,-0.0057023,0,-0.471029,0.00216067,0,0.00836785,25,23.9,-1.77244,1.00023,1,0.351021,0.00054948,0,-0.0413805,-0.000327826,0,0.0134736,26,23.9,3,-1.99786,1,0,-0.00398252,0,0,-0.00483543,0,0.00504869,27,23.9,-0.281292,3,1,-0.5,-3.72529e-06,0,2.68221e-06,-5.96046e-05,0,0.00628907,28,23.9,-2,-2.29676,1,2.23517e-06,-0.5,0,-5.96046e-05,0,0,0.00943058,29,23.9,2.38532,-1.04397,1,0.5,0.170325,0,0,-0.360578,0,0.00821771,30,23.9,-2.00684,0.227175,1,0.0286397,0.35329,0,-0.0333935,-0.0401465,0,0.0134829,31,23.9,2.00018,2.9988,1,-0.000375137,0.00417791,0,-0.000372529,-0.00734627,0,0.00891237,32,23.9,1.9979,1.00014,1,0.00475924,-0.000360981,0,0.00221282,-1.49012e-05,0,0.0106836,33,23.9,0.925688,-0.000127321,1,-0.5,-0.000434149,0,0,0.00175436,0,0.0166197,34,23.9,0.0357608,2.35468,1,0.0611224,0.497092,0,-0.148154,0.0690222,0,0.00852322,35,23.9,2.99992,1.99694,1,-4.76837e-05,0.000739656,0,0.000476837,0.0210777,0,0.00918087
0,24,0.363491,-0.775461,1,0.5,-0.394662,0,-1.43051e-05,0.313193,0,0.0143982,1,24,-0.03082,-3,1,0.186063,0,0,-0.45699,0,0,0.00984595,2,24,2.00014,-0.0046203,1,-0.0107974,0.112799,0,0.0367761,-0.389191,0,0.0106026,3,24,-1.39357,-1.96509,1,-0.500003,0.0742346,0,5.96046e-05,0.267208,0,0.0108733,4,24,1.97097,-3,1,0.181049,0,0,-0.452697,0,0,0.00842065,5,24,-2.4377,3,1,-0.5,0,0,0,0,0,0.00701553,6,24,1.00499,-1.99999,1,-0.0249624,-8.9407e-06,0,0.027895,-5.96046e-05,0,0.0092982,7,24,2.00132,-1.77573,1,2.98023e-05,0.500003,0,-0.0064373,-5.96046e-05,0,0.0127719,8,24,-1.71417,-0.99997,1,0.445345,0.0161111,0,0.102401,0.146031,0,0.0135237,9,24,1,2.00004,1,-3.8743e-05,-0.000441074,0,8.9407e-05,0.00119209,0,0.00969025,10,24,-0.999641,0.739206,1,0.000414252,-0.344661,0,-0.000506639,0.11909,0,0.0151331,11,24,1.01174,0.808723,1,0.0567377,-0.447205,0,0.158191,-0.34976,0,0.0142942,12,24,-3,-2.76802e-08,1,0,1.42784e-07,0,0,-2.02908e-07,0,0.00832723,13,24,2.00246,1.99994,1,-0.00432134,8.64267e-05,0,-0.00619888,0.000178814,0,0.00712407,14,24,-0.712256,-1.25449,1,-0.447716,-0.489184,0,0.263125,-0.169039,0,0.0130888,15,24,2.5395e-08,1,1,-1.25118e-08,-1.19209e-05,0,-1.64465e-07,0,0,0.0131624,16,24,-0.691154,2.00742,1,0.478539,-0.127989,0,0.288904,0.386417,0,0.00968795,17,24,3,-3,1,0,0,0,0,0,0,0.00409258,18,24,-1.71715,1.99997,1,0.495055,8.9407e-06,0,0.0988841,0.000178814,0,0.0113134,19,24,-3,-0.987174,1,1.78814e-05,-0.0305235,0,0,-0.628084,0,0.00988141,20,24,-3,-1.98759,1,0,-0.0401974,0,0,-0.59098,0,0.00801301,21,24,0.00494581,-1.99999,1,-0.0248766,-0.0002563,0,0.0279911,0.000596046,0,0.011255,22,24,-1.2563,0.0144213,1,-0.352675,0.00545399,0,0.109494,-0.158668,0,0.0125753,23,24,-2.99433,-3,1,0.0206172,0,0,0.590205,0,0,0.00857558,24,24,0.974518,-2.99798,1,0.171123,-0.00534058,0,-0.444353,0.00500679,0,0.0080156,25,24,-1.73767,1.00029,1,0.342855,0.00050962,0,-0.12213,-0.000298023,0,0.0120746,26,24,3,-1.99828,1,0,-0.00425577,0,0,-0.00089407,0,0.00552726,27,24,-0.331292,3,1,-0.5,-1.19209e-05,0,1.43051e-05,0.000119209,0,0.00584996,28,24,-2,-2.34676,1,-5.96046e-06,-0.5,0,0,0,0,0.0101315,29,24,2.43532,-1.02869,1,0.5,0.135913,0,0,-0.32717,0,0.00774881,30,24,-2.00416,0.262166,1,0.0247538,0.345127,0,-0.0436306,-0.123233,0,0.01339,31,24,2.00014,2.99918,1,-0.000393391,0.00340343,0,0.000119209,-0.00798702,0,0.00862904,32,24,1.99838,1.0001,1,0.00478327,-0.000351667,0,-0.00160933,0.000298023,0,0.0118524,33,24,0.875688,-0.000162377,1,-0.5,-0.000271109,0,-2.98023e-05,0.00150698,0,0.0120687,34,24,0.0410649,2.40459,1,0.0443792,0.5,0,-0.182942,0,0,0.00845783,35,24,2.99992,1.99711,1,0,0.00252724,0,0.000357628,0.0147223,0,0.0105927
0,24.1,0.413491,-0.813298,1,0.5,-0.3615,0,0,0.347771,0,0.0143982,1,24.1,-0.0144419,-3,1,0.14212,0,0,-0.419775,0,0,0.00984595,2,24.1,1.99923,0.00480369,1,-0.00734124,0.0766012,0,0.0322089,-0.334,0,0.0106026,3,24.1,-1.44357,-1.95585,1,-0.5,0.11478,0,7.45058e-06,0.523724,0,0.0108733,4,24.1,1.98687,-3,1,0.137611,0,0,-0.414081,0,0,0.00842065,5,24.1,-2.4877,3,1,-0.5,0,0,0,0,0,0.00701553,6,24.1,1.00265,-1.99999,1,-0.0216207,-1.37836e-05,0,0.0379756,-2.98023e-05,0,0.0092982,7,24.1,2.00129,-1.72573,1,-0.000532717,0.5,0,-0.00482798,-7.45058e-06,0,0.0127719,8,24.1,-1.66894,-0.997772,1,0.460437,0.0264954,0,0.180297,0.0652149,0,0.0135237,9,24.1,0.999999,2.00001,1,-2.97092e-05,-0.000326522,0,9.31323e-05,0.00109524,0,0.00969025,10,24.1,-0.999604,0.705405,1,0.000328384,-0.330635,0,-0.00107288,0.162374,0,0.0151331,11,24.1,1.01798,0.762427,1,0.0659868,-0.476789,0,0.0325143,-0.235423,0,0.0142942,12,24.1,-3,-1.44907e-08,1,0,1.20379e-07,0,0,-2.40599e-07,0,0.00832723,13,24.1,2.00201,1.99995,1,-0.00470169,9.89065e-05,0,-0.00159442,6.70552e-05,0,0.00712407,14,24.1,-0.755624,-1.304,1,-0.418834,-0.498733,0,0.312343,-0.0388548,0,0.0130888,15,24.1,2.34181e-08,1,1,-2.60912e-08,-1.13621e-05,0,-1.08318e-07,1.49012e-05,0,0.0131624,16,24.1,-0.642229,1.99646,1,0.496632,-0.09207,0,0.0887327,0.332259,0,0.00968795,17,24.1,3,-3,1,0,0,0,0,0,0,0.00409258,18,24.1,-1.66735,1.99997,1,0.499691,2.34693e-05,0,0.0123605,0.000119209,0,0.0113134,19,24.1,-2.99999,-0.9937,1,1.60187e-05,-0.102635,0,-4.47035e-05,-0.786759,0,0.00988141,20,24.1,-3,-1.9947,1,0,-0.103064,0,0,-0.648499,0,0.00801301,21,24.1,0.00261717,-2.00001,1,-0.02153,-0.000196323,0,0.0379818,0.000610948,0,0.011255,22,24.1,-1.29094,0.0142599,1,-0.339192,-0.0078536,0,0.160731,-0.108957,0,0.0125753,23,24.1,-2.98918,-3,1,0.0833645,0,0,0.647366,0,0,0.00857558,24,24.1,0.989474,-2.99849,1,0.128672,-0.00473559,0,-0.402886,0.00691414,0,0.0080156,25,24.1,-1.70407,1.00033,1,0.328573,0.00043828,0,-0.164442,-0.000976026,0,0.0120746,26,24.1,3,-1.9987,1,0,-0.00418238,0,0,0.00220537,0,0.00552726,27,24.1,-0.381292,3,1,-0.5,-2.23517e-06,0,0,5.96046e-05,0,0.00584996,28,24.1,-2,-2.39631,1,-5.58794e-06,-0.486773,0,1.49012e-05,0.252336,0,0.0101315,29,24.1,2.48532,-1.01667,1,0.5,0.105036,0,0,-0.290155,0,0.00774881,30,24.1,-2.00191,0.29599,1,0.0202078,0.330629,0,-0.0467449,-0.16751,0,0.01339,31,24.1,2.0001,2.99948,1,-0.000370666,0.00260249,0,0.000342727,-0.00789762,0,0.00862904,32,24.1,1.99885,1.00007,1,0.00447854,-0.000314228,0,-0.00432134,0.000439584,0,0.0118524,33,24.1,0.825688,-0.000182425,1,-0.5,-0.000134456,0,0,0.00123019,0,0.0120687,34,24.1,0.044562,2.45459,1,0.0253784,0.5,0,-0.19409,0,0,0.00845783,35,24.1,2.99992,1.99743,1,3.35276e-05,0.00370052,0,0.000298023,0.00888854,0,0.0105927
0,24.2,0.463491,-0.847668,1,0.5,-0.325543,0,-1.43051e-05,0.36931,0,0.0121418,1,24.2,-0.00225271,-3,1,0.102464,0,0,-0.371882,0,0,0.00731711,2,24.2,1.99865,0.0108903,1,-0.00437498,0.0461054,0,0.0270605,-0.275625,0,0.0112747,3,24.2,-1.49357,-1.94147,1,-0.500003,0.175259,0,5.96046e-05,0.668705,0,0.0106077,4,24.2,1.99864,-3,1,0.0985682,0,0,-0.365257,0,0,0.00853208,5,24.2,-2.5377,3,1,-0.5,0,0,0,0,0,0.00620946,6,24.2,1.00069,-1.99999,1,-0.0175431,-1.78814e-05,0,0.0427663,0,0,0.0116094,7,24.2,2.00122,-1.67573,1,-0.000941753,0.500003,0,-0.00345707,-5.96046e-05,0,0.0102704,8,24.2,-1.62199,-0.994905,1,0.478309,0.0298277,0,0.165284,0.00467896,0,0.0143369,9,24.2,0.999996,1.99998,1,-2.08616e-05,-0.000220537,0,8.9407e-05,0.00089407,0,0.0112999,10,24.2,-0.999576,0.673231,1,0.000226498,-0.312068,0,-0.00089407,0.209242,0,0.0139646,11,24.2,1.02457,0.713789,1,0.0643253,-0.493832,0,-0.0606179,-0.107378,0,0.0138956,12,24.2,-3,-3.68647e-09,1,0,9.54952e-08,0,0,-2.53346e-07,0,0.00975725,13,24.2,2.00154,1.99996,1,-0.00467896,0.000104308,0,0.00214577,-5.96046e-05,0,0.00756383,14,24.2,-0.79588,-1.35396,1,-0.385669,-0.500003,0,0.348955,5.96046e-05,0,0.0125551,15,24.2,2.03517e-08,0.999999,1,-3.44232e-08,-8.9407e-06,0,-5.96048e-08,0,0,0.0137569,16,24.2,-0.592323,1.98883,1,0.5,-0.0614643,0,0,0.280082,0,0.00953831,17,24.2,3,-3,1,0,0,0,0,0,0,0.00439912,18,24.2,-1.61735,1.99998,1,0.500003,3.27826e-05,0,-5.96046e-05,5.96046e-05,0,0.00947033,19,24.2,-2.99999,-1.00797,1,1.78814e-05,-0.182974,0,-0.000238419,-0.798464,0,0.0100617,20,24.2,-3,-2.00823,1,0,-0.166726,0,0,-0.610948,0,0.0090932,21,24.2,0.000663978,-2.00002,1,-0.0174551,-0.000137091,0,0.0427259,0.000596046,0,0.0106103,22,24.2,-1.32396,0.0130018,1,-0.320479,-0.0166224,0,0.213504,-0.0677938,0,0.0121752,23,24.2,-2.97763,-3,1,0.146997,0,0,0.61202,0,0,0.0067584,24,24.2,1.00041,-2.99893,1,0.0908464,-0.00398159,0,-0.352383,0.00786781,0,0.00746477,25,24.2,-1.67211,1.00037,1,0.309849,0.000339746,0,-0.210285,-0.000834465,0,0.0123601,26,24.2,3,-1.9991,1,0,-0.00384748,0,0,0.00441074,0,0.00424823,27,24.2,-0.431292,3,1,-0.5,5.96046e-06,0,1.43051e-05,0,0,0.00640504,28,24.2,-2,-2.44339,1,-5.96046e-06,-0.451851,0,0.000119209,0.435233,0,0.00913132,29,24.2,2.53532,-1.00756,1,0.5,0.0779152,0,0,-0.252306,0,0.00853141,30,24.2,-2.00013,0.328138,1,0.0155002,0.311536,0,-0.0469685,-0.214458,0,0.0121499,31,24.2,2.00007,2.9997,1,-0.000327826,0.00184178,0,0.000476837,-0.00715256,0,0.00792087,32,24.2,1.99927,1.00004,1,0.00395179,-0.000268221,0,-0.00607967,0.000536442,0,0.0129601,33,24.2,0.775688,-0.00019015,1,-0.5,-2.42511e-05,0,-2.98023e-05,0.000977976,0,0.0137339,34,24.2,0.0461318,2.50459,1,0.00610389,0.5,0,-0.188956,0,0,0.00975434,35,24.2,2.99993,1.99783,1,6.55651e-05,0.00433326,0,0.000119209,0.00399351,0,0.0109241
0,24.3,0.513491,-0.878359,1,0.5,-0.288151,0,5.66244e-06,0.376869,0,0.0121418,1,24.3,0.00622621,-3,1,0.0680497,0,0,-0.315835,0,0,0.00731711,2,24.3,1.99834,0.014223,1,-0.00194889,0.0215386,0,0.02148,-0.21621,0,0.0112747,3,24.3,-1.54347,-1.92011,1,-0.497011,0.255501,0,0.0592917,0.885658,0,0.0106077,4,24.3,2.00676,-3,1,0.0648346,0,0,-0.308946,0,0,0.00853208,5,24.3,-2.58769,3,1,-0.499513,0,0,0.0147074,0,0,0.00620946,6,24.3,0.99915,-1.99999,1,-0.0132283,-1.76951e-05,0,0.0429675,7.45058e-06,0,0.0116094,7,24.3,2.00111,-1.62573,1,-0.00121929,0.5,0,-0.00213087,-7.45058e-06,0,0.0102704,8,24.3,-1.57345,-0.991964,1,0.491463,0.0283911,0,0.0976622,-0.031326,0,0.0143369,9,24.3,0.999994,1.99996,1,-1.23866e-05,-0.000136904,0,7.82311e-05,0.00076741,0,0.0112999,10,24.3,-0.999559,0.64304,1,0.000112038,-0.291928,0,-0.00127032,0.198662,0,0.0139646,11,24.3,1.0306,0.664054,1,0.0551132,-0.499415,0,-0.119545,-0.0194199,0,0.0138956,12,24.3,-3,4.60471e-09,1,0,7.0478e-08,0,0,-2.44442e-07,0,0.00975725,13,24.3,2.00108,1.99997,1,-0.00433438,9.59262e-05,0,0.00460446,-9.68575e-05,0,0.00756383,14,24.3,-0.832647,-1.40396,1,-0.349199,-0.5,0,0.378039,7.45058e-06,0,0.0125551,15,24.3,1.66829e-08,0.999998,1,-3.82772e-08,-8.3819e-06,0,-1.90511e-08,1.49012e-05,0,0.0137569,16,24.3,-0.542323,1.984,1,0.5,-0.0359986,0,7.45058e-06,0.229716,0,0.00953831,17,24.3,3,-3,1,0,0,0,0,0,0,0.00439912,18,24.3,-1.56735,1.99998,1,0.5,3.68804e-05,0,-7.45058e-06,1.49012e-05,0,0.00947033,19,24.3,-2.99999,-1.03024,1,-1.11759e-06,-0.261809,0,-0.000163913,-0.765547,0,0.0100617,20,24.3,-3,-2.02791,1,0,-0.226135,0,0,-0.565439,0,0.0090932,21,24.3,-0.000866253,-2.00004,1,-0.0131472,-8.12113e-05,0,0.0428766,0.000506639,0,0.0106103,22,24.3,-1.35497,0.0110597,1,-0.299679,-0.0216611,0,0.207327,-0.034246,0,0.0121752,23,24.3,-2.95982,-3,1,0.209295,0,0,0.617966,0,0,0.0067584,24,24.3,1.00782,-2.99928,1,0.0584411,-0.00317134,0,-0.295393,0.00821054,0,0.00746477,25,24.3,-1.64214,1.0004,1,0.289667,0.000226498,0,-0.198483,-0.0012964,0,0.0123601,26,24.3,3,-1.99946,1,0,-0.00333544,0,0,0.00569969,0,0.00424823,27,24.3,-0.481292,3,1,-0.5,5.96046e-06,0,-1.78814e-06,0,0,0.00640504,28,24.3,-2,-2.48539,1,3.72529e-06,-0.380328,0,5.96046e-05,0.90754,0,0.00913132,29,24.3,2.58531,-1.00096,1,0.499591,0.0547621,0,-0.0126213,-0.211179,0,0.00853141,30,24.3,-1.99881,0.35825,1,0.0109604,0.290893,0,-0.0435337,-0.203423,0,0.0121499,31,24.3,2.00004,2.99985,1,-0.000275671,0.00117905,0,0.000536442,-0.00603497,0,0.00792087,32,24.3,1.99963,1.00002,1,0.00329409,-0.000213739,0,-0.00695139,0.000555068,0,0.0129601,33,24.3,0.725688,-0.000188085,1,-0.5,6.16737e-05,0,0,0.000744911,0,0.0137339,34,24.3,0.0458422,2.55459,1,-0.011431,0.49997,0,-0.16112,-0.00117719,0,0.00975434,35,24.3,2.99993,1.99828,1,7.71135e-05,0.00452325,0,0.000104308,-1.49012e-05,0,0.0109241
0,24.4,0.563491,-0.905289,1,0.5,-0.250486,0,2.98023e-05,0.375032,0,0.0122392,1,24.4,0.0115485,-3,1,0.0393648,0,0,-0.257741,0,0,0.00812715,2,24.4,1.99825,0.0153905,1,-7.15256e-05,0.00274046,0,0.0160933,-0.160486,0,0.0103397,3,24.4,-1.59278,-1.89011,1,-0.488245,0.34385,0,0.115395,0.846505,0,0.0103174,4,24.4,2.0118,-3,1,0.0368357,0,0,-0.251055,0,0,0.00838945,5,24.4,-2.6375,3,1,-0.496024,0,0,0.0604391,0,0,0.00563448,6,24.4,0.998039,-1.99999,1,-0.00904799,-1.49012e-05,0,0.0402331,-5.96046e-05,0,0.00941773,7,24.4,2.00098,-1.57573,1,-0.00138283,0.500003,0,-0.000834465,-5.96046e-05,0,0.0101249,8,24.4,-1.52392,-0.989327,1,0.498104,0.0239536,0,0.0379086,-0.0555515,0,0.0146571,9,24.4,0.999994,1.99995,1,-5.96046e-06,-6.55651e-05,0,8.9407e-05,0.000596046,0,0.0100887,10,24.4,-0.999554,0.614856,1,-2.98023e-06,-0.271499,0,-0.000983477,0.213116,0,0.0166818,11,24.4,1.03544,0.614067,1,0.0411779,-0.5,0,-0.155687,-2.98023e-05,0,0.0134138,12,24.4,-3,1.04626e-08,1,0,4.70499e-08,0,0,-2.22245e-07,0,0.00874939,13,24.4,2.00068,1.99998,1,-0.00379086,8.64267e-05,0,0.00607967,-0.000178814,0,0.00750884,14,24.4,-0.865646,-1.45396,1,-0.310519,-0.500003,0,0.393331,5.96046e-05,0,0.0125658,15,24.4,1.2816e-08,0.999997,1,-3.85381e-08,-5.96046e-06,0,1.23625e-08,0,0,0.0147521,16,24.4,-0.492323,1.98147,1,0.5,-0.0154167,0,-1.43051e-05,0.182569,0,0.00903227,17,24.4,3,-3,1,0,0,0,0,0,0,0.00402971,18,24.4,-1.51735,1.99998,1,0.500003,3.8743e-05,0,-5.96046e-05,-5.96046e-05,0,0.00871449,19,24.4,-2.99999,-1.0601,1,-1.19209e-05,-0.333828,0,0,-0.664949,0,0.0113143,20,24.4,-3,-2.05319,1,0,-0.277776,0,0,-0.458598,0,0.00760016,21,24.4,-0.00197016,-2.00004,1,-0.00897743,-3.57628e-05,0,0.0400995,0.000476837,0,0.00943632,22,24.4,-1.38388,0.008769,1,-0.278237,-0.0237153,0,0.224471,-0.00801008,0,0.0119922,23,24.4,-2.9359,-3,1,0.267786,0,0,0.53978,0,0,0.0050322,24,24.4,1.01229,-2.99956,1,0.0317931,-0.0023663,0,-0.237584,0.00786781,0,0.00703117,25,24.4,-1.61418,1.00042,1,0.269312,0.000104308,0,-0.212014,-0.00107288,0,0.0114524,26,24.4,3,-1.99977,1,0,-0.00272989,0,0,0.00631809,0,0.00688795,27,24.4,-0.531292,3,1,-0.5,5.96046e-06,0,-2.98023e-05,-0.000119209,0,0.0053795,28,24.4,-2,-2.51863,1,1.19209e-05,-0.283003,0,0,1.00005,0,0.00856408,29,24.4,2.63515,-0.996473,1,0.496435,0.0355914,0,-0.0561476,-0.172734,0,0.00839094,30,24.4,-1.99792,0.386308,1,0.00683963,0.270035,0,-0.0385642,-0.216916,0,0.0131356,31,24.4,2.00001,2.99994,1,-0.000220537,0.00064373,0,0.000655651,-0.00452995,0,0.00887078,32,24.4,1.99993,0.999996,1,0.00258386,-0.000157952,0,-0.00721216,0.000506639,0,0.010695,33,24.4,0.675688,-0.000178549,1,-0.5,0.000125598,0,-2.98023e-05,0.000537861,0,0.0144844,34,24.4,0.043944,2.60457,1,-0.0260187,0.499535,0,-0.130242,-0.00953674,0,0.00972614,35,24.4,2.99994,1.99873,1,8.34465e-05,0.00436306,0,0,-0.00298023,0,0.00910936
0,24.5,0.613433,-0.928477,1,0.498159,-0.213434,0,-0.0405684,0.364598,0,0.0122392,1,24.5,0.0142947,-3,1,0.0165289,0,0,-0.199592,0,0,0.00812715,2,24.5,1.99831,0.0149498,1,0.00128131,-0.0107081,0,0.011079,-0.109689,0,0.0103397,3,24.5,-1.64092,-1.85178,1,-0.473569,0.419207,0,0.176705,0.642456,0,0.0103174,4,24.5,2.01432,-3,1,0.0146467,0,0,-0.193372,0,0,0.00838945,5,24.5,-2.6867,3,1,-0.486756,0,0,0.128314,0,0,0.00563448,6,24.5,0.997327,-2,1,-0.00527017,-1.86265e-05,0,0.0351071,-2.98023e-05,0,0.00941773,7,24.5,2.00084,-1.52573,1,-0.00142641,0.5,0,-7.45058e-05,-7.45058e-06,0,0.0101249,8,24.5,-1.47399,-0.987234,1,0.499881,0.0176838,0,0.00473857,-0.0683591,0,0.0146571,9,24.5,0.999993,1.99995,1,1.67638e-06,-1.24797e-05,0,6.70552e-05,0.000454485,0,0.0100887,10,24.5,-0.99956,0.588715,1,-0.000110827,-0.251771,0,-0.00107288,0.18682,0,0.0166818,11,24.5,1.03877,0.564067,1,0.0253124,-0.5,0,-0.159882,0,0,0.0134138,12,24.5,-3,1.41086e-08,1,0,2.64154e-08,0,0,-1.89609e-07,0,0.00874939,13,24.5,2.00033,1.99999,1,-0.0031393,6.87316e-05,0,0.00683963,-0.000171363,0,0.00750884,14,24.5,-0.894726,-1.50396,1,-0.271062,-0.5,0,0.394106,7.45058e-06,0,0.0125658,15,24.5,9.06503e-09,0.999997,1,-3.61074e-08,-5.40167e-06,0,3.483e-08,1.49012e-05,0,0.0147521,16,24.5,-0.442323,1.98076,1,0.499975,0.000447407,0,-0.0010132,0.135764,0,0.00903227,17,24.5,3,-3,1,0,0,0,0,0,0,0.00402971,18,24.5,-1.46735,1.99999,1,0.5,3.27826e-05,0,-7.45058e-06,-5.96046e-05,0,0.00871449,19,24.5,-2.99999,-1.09666,1,-1.19209e-05,-0.395465,0,0,-0.560321,0,0.0113143,20,24.5,-3,-2.08313,1,0,-0.319518,0,0,-0.369042,0,0.00760016,21,24.5,-0.00267542,-2.00004,1,-0.0052136,5.21541e-06,0,0.0349651,0.000357628,0,0.00943632,22,24.5,-1.41063,0.00639363,1,-0.257299,-0.0234598,0,0.199482,0.0119487,0,0.0119922,23,24.5,-2.90636,-3,1,0.323514,0,0,0.560716,0,0,0.0050322,24,24.5,1.01438,-2.99976,1,0.0109063,-0.00162348,0,-0.180893,0.00691414,0,0.00703117,25,24.5,-1.58825,1.00042,1,0.249756,-1.50874e-05,0,-0.184558,-0.00121444,0,0.0114524,26,24.5,3,-2.00001,1,0,-0.00209436,0,0,0.00630319,0,0.00688795,27,24.5,-0.581288,3,1,-0.499817,-3.72529e-06,0,0.00647828,-5.96046e-05,0,0.0053795,28,24.5,-2,-2.54193,1,1.17347e-05,-0.183,0,-7.45058e-06,1,0,0.00856408,29,24.5,2.68441,-0.993717,1,0.487638,0.0201234,0,-0.123322,-0.137117,0,0.00839094,30,24.5,-1.99742,0.412287,1,0.00332296,0.250005,0,-0.0317693,-0.189085,0,0.0131356,31,24.5,1.99999,2.99999,1,-0.000158325,0.00025332,0,0.000596046,-0.00321865,0,0.00887078,32,24.5,2.00015,0.999983,1,0.00187811,-0.000109151,0,-0.00681728,0.000469387,0,0.010695,33,24.5,0.625688,-0.000163637,1,-0.5,0.000169395,0,0,0.000343613,0,0.0144844,34,24.5,0.0407445,2.65441,1,-0.0374289,0.496421,0,-0.0977663,-0.0588745,0,0.00972614,35,24.5,2.99995,1.99914,1,8.3074e-05,0.00395477,0,-1.49012e-05,-0.00503659,0,0.00910936
0,24.6,0.662953,-0.948024,1,0.491251,-0.177824,0,-0.100285,0.346482,0,0.0126418,1,24.6,0.0150414,-3,1,-0.000696629,0,0,-0.145732,0,0,0.00885551,2,24.6,1.99849,0.0134061,1,0.00216663,-0.0194406,0,0.00673532,-0.0661896,0,0.0125351,3,24.6,-1.6873,-1.80709,1,-0.453189,0.470194,0,0.229478,0.3739,0,0.0105231,4,24.6,2.01491,-3,1,-0.0019908,0,0,-0.14019,0,0,0.00923522,5,24.6,-2.7346,3,1,-0.46984,0,0,0.211835,0,0,0.00510278,6,24.6,0.996966,-2,1,-0.00206083,-1.78814e-05,0,0.0289679,0,0,0.0118029,7,24.6,2.00069,-1.47573,1,-0.00140071,0.500003,0,0.000596046,-5.96046e-05,0,0.00959992,8,24.6,-1.424,-0.985819,1,0.500003,0.010553,0,-5.96046e-05,-0.0729561,0,0.0128786,9,24.6,0.999994,1.99995,1,7.45058e-06,2.98023e-05,0,2.98023e-05,0.000298023,0,0.0122882,10,24.6,-0.999575,0.564464,1,-0.000199676,-0.233236,0,-0.000625849,0.187486,0,0.0153678,11,24.6,1.0405,0.514067,1,0.00951588,-0.5,0,-0.154495,1.43051e-05,0,0.0113875,12,24.6,-3,1.58616e-08,1,0,9.25278e-09,0,0,-1.53229e-07,0,0.00858541,13,24.6,2.00005,1.99999,1,-0.00244081,5.36442e-05,0,0.00685453,-0.000178814,0,0.00754784,14,24.6,-0.919872,-1.55396,1,-0.232019,-0.500003,0,0.385284,5.96046e-05,0,0.0101498,15,24.6,5.65573e-09,0.999996,1,-3.18372e-08,-4.47035e-06,0,4.9344e-08,2.98023e-05,0,0.0126678,16,24.6,-0.392339,1.98141,1,0.499595,0.0119448,0,-0.00810623,0.0950694,0,0.00910476,17,24.6,3,-3,1,0,0,0,0,0,0,0.00417089,18,24.6,-1.41735,1.99999,1,0.500003,2.98023e-05,0,-5.96046e-05,-0.000119209,0,0.00926373,19,24.6,-2.99999,-1.13878,1,-1.19209e-05,-0.44466,0,0.000119209,-0.418723,0,0.00854655,20,24.6,-3,-2.11673,1,0,-0.350386,0,0,-0.243545,0,0.00920191,21,24.6,-0.00303188,-2.00004,1,-0.00201798,3.57628e-05,0,0.0288237,0.000238419,0,0.00974853,22,24.6,-1.43537,0.00413228,1,-0.23748,-0.0215439,0,0.200272,0.0253576,0,0.0125997,23,24.6,-2.87126,-3,1,0.377405,0,0,0.505924,0,0,0.0072289,24,24.6,1.01465,-2.99989,1,-0.00455081,-0.000989437,0,-0.129104,0.00548363,0,0.00697059,25,24.6,-1.56419,1.00042,1,0.231487,-0.000119209,0,-0.184536,-0.00077486,0,0.0131935,26,24.6,3,-2.00019,1,0,-0.0014782,0,0,0.00584126,0,0.00645868,27,24.6,-0.631195,3,1,-0.497742,-5.96046e-06,0,0.0418127,-0.000119209,0,0.00611654,28,24.6,-2,-2.55523,1,1.19209e-05,-0.0830054,0,0,1.00017,0,0.00830441,29,24.6,2.73242,-0.992335,1,0.471216,0.00806302,0,-0.206947,-0.104606,0,0.00998946,30,24.6,-1.99723,0.436352,1,0.000485778,0.231316,0,-0.0250936,-0.188306,0,0.0144278,31,24.6,1.99998,3,1,-0.000101328,-5.96046e-06,0,0.000476837,-0.00178814,0,0.00847299,32,24.6,2.00031,0.999974,1,0.0012219,-6.55651e-05,0,-0.00596046,0.00038743,0,0.0138288,33,24.6,0.575688,-0.000145263,1,-0.5,0.000195392,0,-2.98023e-05,0.000181477,0,0.014588,34,24.6,0.0365678,2.70364,1,-0.0455563,0.486749,0,-0.0648219,-0.138521,0,0.00972447,35,24.6,2.99996,1.99951,1,8.34465e-05,0.00338554,0,-0.000119209,-0.00625849,0,0.00950417
0,24.7,0.711466,-0.964116,1,0.477831,-0.144437,0,-0.169948,0.32042,0,0.0126418,1,24.7,0.014327,-3,1,-0.0127844,0,0,-0.0972564,0,0,0.00885551,2,24.7,1.99873,0.0111943,1,0.00265129,-0.0241984,0,0.00308454,-0.030349,0,0.0125351,3,24.7,-1.73137,-1.75864,1,-0.427339,0.494648,0,0.285082,0.130065,0,0.0105231,4,24.7,2.0141,-3,1,-0.0135671,0,0,-0.0925809,0,0,0.00923522,5,24.7,-2.78033,3,1,-0.443067,0,0,0.319868,0,0,0.00510278,6,24.7,0.996893,-2,1,0.000496767,-1.63913e-05,0,0.0222027,1.49012e-05,0,0.0118029,7,24.7,2.00056,-1.42573,1,-0.00131726,0.499902,0,0.00104308,-0.00391901,0,0.00959992,8,24.7,-1.37408,-0.98512,1,0.49737,0.0035313,0,-0.0552088,-0.0669844,0,0.0128786,9,24.7,0.999995,1.99995,1,9.87202e-06,5.43892e-05,0,1.49012e-05,0.000193715,0,0.0122882,10,24.7,-0.999599,0.541983,1,-0.000265334,-0.217141,0,-0.000592321,0.141293,0,0.0153678,11,24.7,1.04071,0.464067,1,-0.00526067,-0.5,0,-0.139959,0,0,0.0113875,12,24.7,-3,1.60852e-08,1,0,-4.14581e-09,0,0,-1.15054e-07,0,0.00858541,13,24.7,1.99984,2,1,-0.00176933,3.76254e-05,0,0.00651926,-0.00013411,0,0.00754784,14,24.7,-0.941176,-1.60393,1,-0.194357,-0.498753,0,0.366759,0.0295043,0,0.0101498,15,24.7,2.73328e-09,0.999996,1,-2.64919e-08,-1.58325e-06,0,5.65582e-08,2.6077e-05,0,0.0126678,16,24.7,-0.342482,1.98302,1,0.496763,0.0196937,0,-0.0543557,0.0608265,0,0.00910476,17,24.7,3,-3,1,0,0,0,0,0,0,0.00417089,18,24.7,-1.36745,1.99999,1,0.496952,1.9744e-05,0,-0.0629649,-7.45058e-05,0,0.00926373,19,24.7,-3,-1.18505,1,-2.23517e-06,-0.477775,0,5.96046e-05,-0.24683,0,0.00854655,20,24.7,-3,-2.15301,1,0,-0.375057,0,0,-0.237986,0,0.00920191,21,24.7,-0.00310086,-2.00004,1,0.000525687,5.47618e-05,0,0.0220733,0.000163913,0,0.00974853,22,24.7,-1.45822,0.00212056,1,-0.220149,-0.0185543,0,0.153132,0.0335453,0,0.0125997,23,24.7,-2.83103,-3,1,0.426516,0,0,0.456616,0,0,0.0072289,24,24.7,1.01363,-2.99996,1,-0.0151064,-0.000503287,0,-0.0832677,0.00418723,0,0.00697059,25,24.7,-1.54187,1.0004,1,0.215719,-0.000200421,0,-0.137791,-0.000759959,0,0.0131935,26,24.7,3,-2.00031,1,0,-0.00092648,0,0,0.0051409,0,0.00645868,27,24.7,-0.680934,3,1,-0.498145,-1.56462e-05,0,-0.0257567,-5.96046e-05,0,0.00611654,28,24.7,-2,-2.55853,1,1.11759e-05,0.017003,0,-1.49012e-05,1.00002,0,0.00830441,29,24.7,2.77832,-0.991999,1,0.444882,-0.000854768,0,-0.316024,-0.0745207,0,0.00998946,30,24.7,-1.9973,0.45864,1,-0.00165701,0.215222,0,-0.017941,-0.140535,0,0.0144278,31,24.7,1.99997,2.99999,1,-5.71832e-05,-0.000138208,0,0.000409782,-0.000908971,0,0.00847299,32,24.7,2.0004,0.99997,1,0.000669062,-3.00817e-05,0,-0.0050962,0.00031665,0,0.0138288,33,24.7,0.525688,-0.000125045,1,-0.5,0.0002068,0,2.08616e-06,5.12301e-05,0,0.014588,34,24.7,0.0317484,2.75141,1,-0.0502512,0.466789,0,-0.0299594,-0.25779,0,0.00972447,35,24.7,2.99996,1.99982,1,7.30157e-05,0.00273176,0,-8.9407e-05,-0.00670552,0,0.00950417
0,24.8,0.758272,-0.977007,1,0.45701,-0.113887,0,-0.247121,0.289947,0,0.0112008,1,24.8,0.0126338,-3,1,-0.0203951,0,0,-0.0561984,0,0,0.00931862,2,24.8,1.99901,0.00867234,1,0.00281036,-0.0257761,0,0.000238419,-0.00247896,0,0.0125453,3,24.8,-1.77261,-1.7088,1,-0.396639,0.5,0,0.326633,0,0,0.0103279,4,24.8,2.01235,-3,1,-0.0207543,0,0,-0.0524521,0,0,0.0113853,5,24.8,-2.82289,3,1,-0.406617,0,0,0.405192,0,0,0.00529842,6,24.8,0.997043,-2,1,0.00238866,-1.78814e-05,0,0.0157058,0.000119209,0,0.00997089,7,24.8,2.00043,-1.37579,1,-0.00119209,0.498435,0,0.0013113,-0.0312924,0,0.0109456,8,24.8,-1.32473,-0.985088,1,0.488529,-0.00275671,0,-0.123262,-0.0584424,0,0.0134865,9,24.8,0.999996,1.99996,1,1.04308e-05,6.85453e-05,0,0,0.000119209,0,0.0107269,10,24.8,-0.999628,0.520945,1,-0.000303984,-0.203802,0,-5.96046e-05,0.130326,0,0.0158263,11,24.8,1.03951,0.414067,1,-0.0182897,-0.5,0,-0.119746,1.43051e-05,0,0.011401,12,24.8,-3,1.51561e-08,1,0,-1.38386e-08,0,0,-7.92975e-08,0,0.0113511,13,24.8,1.99969,2,1,-0.00114739,2.38419e-05,0,0.00578165,-0.000119209,0,0.00797695,14,24.8,-0.958817,-1.65357,1,-0.158882,-0.493306,0,0.341803,0.0826716,0,0.00986249,15,24.8,3.71875e-10,0.999996,1,-2.0707e-08,1.49012e-06,0,5.83292e-08,0,0,0.0126278,16,24.8,-0.293193,1.98525,1,0.487757,0.0242919,0,-0.12961,0.0319481,0,0.00902519,17,24.8,3,-3,1,0,0,0,0,0,0,0.00430423,18,24.8,-1.31819,1.99999,1,0.487089,1.19209e-05,0,-0.135481,-5.96046e-05,0,0.00969881,19,24.8,-3,-1.2338,1,5.96046e-06,-0.494918,0,-0.000119209,-0.101626,0,0.008742,20,24.8,-3,-2.19161,1,0,-0.395912,0,0,-0.170469,0,0.00687133,21,24.8,-0.0029489,-2.00003,1,0.00240552,5.96046e-05,0,0.0155882,0.000238419,0,0.0107821,22,24.8,-1.4795,0.00044027,1,-0.205696,-0.0149961,0,0.140786,0.0368949,0,0.0134948,23,24.8,-2.7863,-3,1,0.46581,0,0,0.319958,0,0,0.00747418,24,24.8,1.01177,-2.99999,1,-0.0214577,-0.000149012,0,-0.0449419,0.00274181,0,0.00725371,25,24.8,-1.52095,1.00038,1,0.202742,-0.00025332,0,-0.126719,-0.000298023,0,0.0137542,26,24.8,3,-2.00038,1,0,-0.000452995,0,0,0.00441074,0,0.00767671,27,24.8,-0.730856,2.99999,1,-0.49987,-1.78814e-05,0,-0.0025928,-0.000119209,0,0.00669046,28,24.8,-2,-2.55183,1,8.9407e-06,0.116998,0,-5.96046e-05,1.00017,0,0.00849545,29,24.8,2.82107,-0.992413,1,0.408757,-0.00699311,0,-0.402451,-0.048995,0,0.00982169,30,24.8,-1.99754,0.479492,1,-0.00313818,0.20202,0,-0.0118613,-0.128463,0,0.016644,31,24.8,1.99997,2.99997,1,-2.08616e-05,-0.000196695,0,0.000298023,-0.000238419,0,0.00803327,32,24.8,2.00044,0.999968,1,0.000214577,-1.49012e-06,0,-0.00417233,0.000268221,0,0.0114276,33,24.8,0.475688,-0.000104292,1,-0.5,0.000206515,0,1.43051e-05,-5.27216e-05,0,0.0130937,34,24.8,0.0266249,2.79663,1,-0.0517253,0.435805,0,-0.000409782,-0.35882,0,0.0130163,35,24.8,2.99997,2.00006,1,6.55651e-05,0.00206232,0,-0.000119209,-0.00667572,0,0.00962414
0,24.9,0.802928,-0.987008,1,0.437748,-0.0867536,0,-0.148609,0.252761,0,0.0112008,1,24.9,0.0103723,-3,1,-0.0242783,0,0,-0.0228194,0,0,0.00931862,2,24.9,1.99928,0.00611893,1,0.00272281,-0.0249564,0,-0.00186265,0.0176752,0,0.0125453,3,24.9,-1.81059,-1.6588,1,-0.362486,0.5,0,0.354469,0,0,0.0103279,4,24.9,2.00954,-3,1,-0.0393301,0,0,-0.292748,0,0,0.0113853,5,24.9,-2.86141,3,1,-0.362749,0,0,0.468165,0,0,0.00529842,6,24.9,0.99735,-1.99948,1,0.00365041,0.014971,0,0.0096783,0.272088,0,0.00997089,7,24.9,2.00032,-1.32794,1,-0.00105053,0.44497,0,0.00151992,-0.866629,0,0.0109456,8,24.9,-1.27614,-0.985629,1,0.486083,-0.00780122,0,0.0450909,-0.0428073,0,0.0134865,9,24.9,0.999997,1.99997,1,1.00583e-05,7.61822e-05,0,-7.45058e-06,3.72529e-05,0,0.0107269,10,24.9,-0.999658,0.501077,1,-0.000314601,-0.194709,0,-5.21541e-05,0.0612363,0,0.0158263,11,24.9,1.03713,0.364174,1,-0.028751,-0.496748,0,-0.0897348,0.0667702,0,0.011401,12,24.9,-3,0.0010615,1,0,0.0306659,0,0,0.566914,0,0.0113511,13,24.9,1.99961,2,1,-0.000612997,1.3411e-05,0,0.00488013,-8.9407e-05,0,0.00797695,14,24.9,-0.97306,-1.70277,1,-0.126623,-0.492583,0,0.303511,-0.0409409,0,0.00986249,15,24.9,0.00121839,0.999996,1,0.0349987,1.58325e-06,0,0.638942,3.72529e-06,0,0.0126278,16,24.9,-0.245261,1.98824,1,0.469004,0.0391493,0,-0.242822,0.245072,0,0.00902519,17,24.9,2.99948,-3,1,-0.014979,0,0,-0.271991,0,0,0.00430423,18,24.9,-1.27028,2,1,0.469863,7.07805e-06,0,-0.209704,-2.98023e-05,0,0.00969881,19,24.9,-3,-1.2836,1,-3.72529e-06,-0.499682,0,-5.96046e-05,-0.0127032,0,0.008742,20,24.9,-3,-2.23203,1,0,-0.412207,0,0,-0.156432,0,0.00687133,21,24.9,-0.00264078,-2.00002,1,0.00365671,7.63685e-05,0,0.00958152,0.000104308,0,0.0107821,22,24.9,-1.49951,-0.000873346,1,-0.195661,-0.0112757,0,0.0696257,0.0369385,0,0.0134948,23,24.9,-2.73838,-3,1,0.489772,0,0,0.158593,0,0,0.00747418,24,24.9,1.00945,-2.99947,1,-0.0243571,0.0150431,0,-0.0143647,0.2736,0,0.00725371,25,24.9,-1.50117,1.00035,1,0.194007,-0.000285544,0,-0.0577644,-0.000245869,0,0.0137542,26,24.9,3,-2.00092,1,0,-0.0150401,0,0,-0.268593,0,0.00767671,27,24.9,-0.780851,2.99999,1,-0.499992,-2.6077e-05,0,-0.000331551,-2.98023e-05,0,0.00669046,28,24.9,-2,-2.53514,1,3.91155e-06,0.216634,0,-3.72529e-05,0.985131,0,0.00849545,29,24.9,2.8598,-0.993774,1,0.364581,-0.0238684,0,-0.475138,-0.267889,0,0.00982169,30,24.9,-1.99791,0.499193,1,-0.0040248,0.193169,0,-0.00613928,-0.0583772,0,0.016644,31,24.9,1.99997,2.99995,1,5.40167e-06,-0.000198558,0,0.000230968,0.000163913,0,0.00803327,32,24.9,2.00045,0.999969,1,-0.000149012,2.13273e-05,0,-0.00309944,0.00018999,0,0.0114276,33,24.9,0.42569,-8.40496e-05,1,-0.499902,0.000196998,0,0.00392079,-0.000133476,0,0.0130937,34,24.9,0.0206346,2.83823,1,-0.0753541,0.394773,0,-0.437351,-0.454903,0,0.0130163,35,24.9,2.99998,2.00023,1,5.40167e-05,0.00142008,0,-0.000104308,-0.00610948,0,0.00962414
0,25,0.84605,-0.99448,1,0.425385,-0.063315,0,-0.107229,0.216156,0,0.0130706,1,25,0.00787614,-3,1,-0.0252182,0,0,0.00278279,0,0,0.00763406,2,25,1.99954,0.00373669,1,0.00246167,-0.0224645,0,-0.00327826,0.0311268,0,0.0117506,3,25,-1.84503,-1.6088,1,-0.326121,0.500003,0,0.371039,-5.96046e-05,0,0.010931,4,25,2.00393,-3,1,-0.0746369,0,0,-0.393093,0,0,0.00924806,5,25,-2.89527,3,1,-0.313783,0,0,0.507116,0,0,0.00629936,6,25,0.997754,-1.99636,1,0.00435412,0.0494897,0,0.00452995,0.396848,0,0.0105483,7,25,2.00022,-1.28816,1,-0.00090003,0.348508,0,0.00178814,-0.999987,0,0.0150816,8,25,-1.22721,-0.9866,1,0.492895,-0.0113904,0,0.0737906,-0.0292659,0,0.0146518,9,25,0.999998,1.99997,1,8.9407e-06,7.7486e-05,0,0,0,0,0.0142207,10,25,-0.99969,0.481863,1,-0.000296533,-0.189874,0,0.000476837,0.0425726,0,0.0159433,11,25,1.03386,0.314956,1,-0.0362933,-0.48638,0,-0.0613928,0.141516,0,0.0111485,12,25,-3,0.00757866,1,0,0.104844,0,0,0.877662,0,0.0106649,13,25,1.99957,2,1,-0.000169873,5.96046e-06,0,0.0038147,0,0,0.00879565,14,25,-0.984267,-1.75227,1,-0.098151,-0.497431,0,0.266105,-0.0425577,0,0.0146481,15,25,0.00854835,0.999996,1,0.116674,1.49012e-06,0,0.944459,2.98023e-05,0,0.0156445,16,25,-0.199743,1.99359,1,0.439748,0.069654,0,-0.339382,0.348568,0,0.0112148,17,25,2.99636,-3,1,-0.0494897,0,0,-0.396848,0,0,0.00588323,18,25,-1.22447,2,1,0.445101,2.98023e-06,0,-0.285208,0,0,0.0121293,19,25,-3,-1.3336,1,-5.96046e-06,-0.500003,0,-0.000119209,5.96046e-05,0,0.0106901,20,25,-3,-2.27402,1,0,-0.427341,0,0,-0.146627,0,0.00650004,21,25,-0.0022361,-2.00001,1,0.00435159,7.7486e-05,0,0.00446808,0,0,0.00934482,22,25,-1.51878,-0.00182009,1,-0.190091,-0.00770871,0,0.0490546,0.0339726,0,0.0139932,23,25,-2.68885,-3,1,0.498569,0,0,0.0286102,0,0,0.00733896,24,25,1.00699,-2.99634,1,-0.024581,0.0496686,0,0.00864267,0.397444,0,0.00834079,25,25,-1.48201,1.00032,1,0.189501,-0.000283122,0,-0.0393987,0.000298023,0,0.0150389,26,25,3,-2.00403,1,0,-0.0492573,0,0,-0.394344,0,0.00505499,27,25,-0.830851,2.99999,1,-0.5,-2.98023e-05,0,-2.98023e-05,0,0,0.00643777,28,25,-2,-2.50867,1,0,0.311053,0,-5.96046e-05,0.880957,0,0.00909563,29,25,2.89381,-0.99772,1,0.314844,-0.0568271,0,-0.514388,-0.374466,0,0.0107891,30,25,-1.99833,0.518268,1,-0.00442266,0.188649,0,-0.00190735,-0.0392199,0,0.0150666,31,25,1.99997,2.99994,1,2.68221e-05,-0.000166893,0,0.000119209,0.000357628,0,0.0103131,32,25,2.00042,0.999972,1,-0.000411272,3.72529e-05,0,-0.00202656,0.000119209,0,0.0100814,33,25,0.375751,-6.51219e-05,1,-0.498432,0.000180602,0,0.0313669,-0.000190768,0,0.0115493,34,25,0.0104314,2.87533,1,-0.132774,0.346124,0,-0.68163,-0.511885,0,0.00683675,35,25,2.99998,2.00034,1,4.76837e-05,0.000852346,0,-0.000119209,-0.00536442,0,0.00864518
0,25.1,0.8884,-0.999792,1,0.4246,-0.0435093,0,0.0730865,0.180595,0,0.0130706,1,25.1,0.00540132,-3,1,-0.0239763,0,0,0.0209138,0,0,0.00763406,2,25.1,1.99977,0.00166018,1,0.00208989,-0.0189442,0,-0.00406802,0.0384401,0,0.0117506,3,25.1,-1.87577,-1.5588,1,-0.288561,0.5,0,0.378378,-7.45058e-06,0,0.010931,4,25.1,1.99428,-3,1,-0.119832,0,0,-0.492498,0,0,0.00924806,5,25.1,-2.92361,3,1,-0.248609,0,0,0.766665,0,0,0.00629936,6,25.1,0.998204,-1.98918,1,0.00457484,0.0960493,0,0,0.514843,0,0.0105483,7,25.1,2.00014,-1.25831,1,-0.000727922,0.248509,0,0.00166893,-1,0,0.0150816,8,25.1,-1.1776,-0.987864,1,0.498702,-0.0137032,0,0.0348389,-0.0173487,0,0.0146518,9,25.1,0.999999,1.99998,1,8.47504e-06,7.43195e-05,0,-1.11759e-05,-5.21541e-05,0,0.0142207,10,25.1,-0.999717,0.46293,1,-0.000257418,-0.190115,0,0.000432134,-0.0373274,0,0.0159433,11,25.1,1.02997,0.267149,1,-0.0411244,-0.468501,0,-0.0355765,0.216535,0,0.0111485,12,25.1,-3,0.0226884,1,0,0.199109,0,0,0.984708,0,0.0106649,13,25.1,1.99957,2,1,0.000162795,5.58794e-06,0,0.00284612,-1.49012e-05,0,0.00879565,14,25.1,-0.992822,-1.80215,1,-0.0736134,-0.499729,0,0.225261,-0.00862777,0,0.0146481,15,25.1,0.0250457,0.999997,1,0.214071,4.00469e-06,0,0.993058,1.86265e-05,0,0.0156445,16,25.1,-0.15762,2.00269,1,0.401288,0.115499,0,-0.424395,0.5427,0,0.0112148,17,25.1,2.98898,-3,1,-0.101744,0,0,-0.619441,0,0,0.00588323,18,25.1,-1.18153,2,1,0.412219,2.98023e-06,0,-0.368558,0,0,0.0121293,19,25.1,-3,-1.3836,1,-1.15484e-05,-0.5,0,-1.49012e-05,7.45058e-06,0,0.0106901,20,25.1,-3,-2.31769,1,0,-0.447504,0,0,-0.234485,0,0.00650004,21,25.1,-0.00178598,-2.00001,1,0.00458163,7.30157e-05,0,0.000310721,-5.96046e-05,0,0.00934482,22,25.1,-1.5377,-0.00242863,1,-0.1898,-0.00454287,0,-0.033088,0.0291386,0,0.0139932,23,25.1,-2.63891,-3,1,0.49991,0,0,0.00357628,0,0,0.00733896,24,25.1,1.0046,-2.98895,1,-0.0228792,0.101935,0,0.0243336,0.619143,0,0.00834079,25,25.1,-1.4631,1.00029,1,0.19002,-0.000258721,0,0.0397339,0.000305474,0,0.0150389,26,25.1,3,-2.01118,1,0,-0.0955503,0,0,-0.512078,0,0.00505499,27,25.1,-0.880851,2.99968,1,-0.5,-0.00911057,0,0,-0.173122,0,0.00643777,28,25.1,-2,-2.47351,1,-4.84288e-06,0.388695,0,-2.98023e-05,0.669941,0,0.00909563,29,25.1,2.92269,-1.00574,1,0.262569,-0.107385,0,-0.526011,-0.60726,0,0.0107891,30,25.1,-1.99878,0.537096,1,-0.00441484,0.18923,0,0.00174344,0.040751,0,0.0150666,31,25.1,1.99997,2.99992,1,3.63216e-05,-0.000122935,0,8.19564e-05,0.000506639,0,0.0103131,32,25.1,2.00037,0.999976,1,-0.000569969,4.58211e-05,0,-0.00116229,5.96046e-05,0,0.0100814,33,25.1,0.326148,-4.80801e-05,1,-0.492665,0.000159664,0,0.0883918,-0.000224928,0,0.0115493,34,25.1,-0.00662789,2.90732,1,-0.21126,0.293401,0,-0.853477,-0.536978,0,0.00683675,35,25.1,2.99999,2.0004,1,3.72529e-05,0.000365078,0,-8.9407e-05,-0.00435114,0,0.00864518
0,25.2,0.931396,-1.00329,1,0.43664,-0.0270754,0,0.152469,0.148714,0,0.0124316,1,25.2,0.00313032,-3,1,-0.0212477,0,0,0.0326782,0,0,0.0104708,2,25.2,1.99996,-3.57381e-05,1,0.00166297,-0.0149286,0,-0.00441074,0.0411907,0,0.00950315,3,25.2,-1.90273,-1.5088,1,-0.250778,0.500003,0,0.375628,-5.96046e-05,0,0.0119079,4,25.2,1.9798,-3,1,-0.169864,0,0,-0.493824,0,0,0.00724008,5,25.2,-2.94441,3,1,-0.165755,0,0,0.86689,0,0,0.00486546,6,25.2,0.998655,-1.97694,1,0.00437647,0.14897,0,-0.0038445,0.528157,0,0.0105378,7,25.2,2.00008,-1.23846,1,-0.000566244,0.148508,0,0.00143051,-0.999987,0,0.0136698,8,25.2,-1.12763,-0.989304,1,0.500003,-0.0149295,0,-5.96046e-05,-0.00753999,0,0.0128968,9,25.2,0.999999,1.99999,1,7.45058e-06,6.55651e-05,0,0,-5.96046e-05,0,0.0129242,10,25.2,-0.99974,0.443668,1,-0.000189245,-0.195542,0,0.00101328,-0.063315,0,0.0154794,11,25.2,1.02572,0.221508,1,-0.0434846,-0.443064,0,-0.0120997,0.291824,0,0.0112835,12,25.2,-3,0.0475687,1,0,0.298727,0,0,0.999998,0,0.00767951,13,25.2,1.9996,2,1,0.000402331,5.96046e-06,0,0.00190735,-0.000119209,0,0.00801435,14,25.2,-0.99912,-1.85215,1,-0.0529751,-0.500003,0,0.188023,5.96046e-05,0,0.0125249,15,25.2,0.0514389,0.999997,1,0.313897,4.47035e-06,0,0.999998,2.98023e-05,0,0.0134576,16,25.2,-0.119716,2.0171,1,0.355898,0.173581,0,-0.478528,0.59855,0,0.0107627,17,25.2,2.97554,-3,1,-0.168192,0,0,-0.686288,0,0,0.00593649,18,25.2,-1.14226,2,1,0.372145,2.98023e-06,0,-0.429273,5.96046e-05,0,0.0126104,19,25.2,-3,-1.4336,1,-1.19209e-05,-0.500003,0,0,5.96046e-05,0,0.0102142,20,25.2,-3,-2.36361,1,0,-0.470638,0,0,-0.214338,0,0.00676308,21,25.2,-0.00133189,-2,1,0.00444788,6.25849e-05,0,-0.00282232,-0.000119209,0,0.0112981,22,25.2,-1.55691,-0.00274664,1,-0.194898,-0.001915,0,-0.0608563,0.0232847,0,0.0174729,23,25.2,-2.58891,-3,1,0.5,0,0,0,0,0,0.00766589,24,25.2,1.00245,-2.97549,1,-0.019908,0.168318,0,0.0342131,0.685453,0,0.0093277,25,25.2,-1.44384,1.00027,1,0.195652,-0.000199676,0,0.0650883,0.00089407,0,0.0140749,26,25.2,3,-2.02335,1,0,-0.148195,0,0,-0.525475,0,0.00490147,27,25.2,-0.930851,2.99767,1,-0.5,-0.0330389,0,-2.98023e-05,-0.297546,0,0.006231,28,25.2,-2,-2.43165,1,-8.9407e-06,0.444913,0,5.96046e-05,0.45526,0,0.00924978,29,25.2,2.94633,-1.01969,1,0.210565,-0.172979,0,-0.50962,-0.680983,0,0.00940238,30,25.2,-1.99921,0.556286,1,-0.0041306,0.194994,0,0.00369549,0.0665188,0,0.0135302,31,25.2,1.99998,2.99991,1,4.17233e-05,-7.15256e-05,0,5.96046e-05,0.000476837,0,0.0094462,32,25.2,2.00031,0.999981,1,-0.000649691,4.91738e-05,0,-0.000476837,2.98023e-05,0,0.0102778,33,25.2,0.277447,-3.32735e-05,1,-0.480042,0.000136183,0,0.166782,-0.000242077,0,0.0134102,34,25.2,-0.0320715,2.93398,1,-0.297454,0.239754,0,-0.844881,-0.531316,0,0.00811533,35,25.2,2.99999,2.00042,1,2.98023e-05,-1.78814e-05,0,-0.000119209,-0.00345707,0,0.0084796
0,25.3,0.975938,-1.00532,1,0.455006,-0.0139378,0,0.200525,0.114918,0,0.0124316,1,25.3,0.00118086,-3,1,-0.0176423,0,0,0.0386501,0,0,0.0104708,2,25.3,2.0001,-0.00132347,1,0.00122525,-0.0108461,0,-0.00430644,0.0399998,0,0.00950315,3,25.3,-1.92595,-1.4588,1,-0.213824,0.5,0,0.362262,-7.45058e-06,0,0.0119079,4,25.3,1.96028,-3,1,-0.220766,0,0,-0.509299,0,0,0.00724008,5,25.3,-2.95639,3,1,-0.0719935,0,0,0.983357,0,0,0.00486546,6,25.3,0.99907,-1.95931,1,0.00389284,0.204165,0,-0.00589713,0.559352,0,0.0105378,7,25.3,2.00003,-1.22861,1,-0.000430457,0.0485085,0,0.00128895,-1,0,0.0136698,8,25.3,-1.07763,-0.990821,1,0.5,-0.0152777,0,-7.45058e-06,0.000279397,0,0.0128968,9,25.3,1,1.99999,1,6.98492e-06,5.7742e-05,0,-1.11759e-05,-0.000104308,0,0.0129242,10,25.3,-0.999755,0.42342,1,-0.000108499,-0.21265,0,0.000786036,-0.256706,0,0.0154794,11,25.3,1.02135,0.178807,1,-0.0435455,-0.409593,0,0.0100508,0.37369,0,0.0112835,12,25.3,-3,0.0822083,1,0,0.390924,0,0,0.813556,0,0.00767951,13,25.3,1.99965,2.00001,1,0.000551343,-4.09782e-06,0,0.00110269,-7.45058e-05,0,0.00801435,14,25.3,-1.00354,-1.90215,1,-0.0359473,-0.5,0,0.153217,7.45058e-06,0,0.0125249,15,25.3,0.0875079,0.999998,1,0.403607,6.89179e-06,0,0.76933,1.49012e-05,0,0.0134576,16,25.3,-0.0865613,2.03764,1,0.306871,0.238565,0,-0.497913,0.683025,0,0.0107627,17,25.3,2.95523,-3,1,-0.238325,0,0,-0.701904,0,0,0.00593649,18,25.3,-1.10726,2,1,0.327317,7.82311e-06,0,-0.464097,2.98023e-05,0,0.0126104,19,25.3,-3,-1.4836,1,-7.82311e-06,-0.5,0,4.47035e-05,7.45058e-06,0,0.0102142,20,25.3,-3,-2.41161,1,0,-0.487891,0,0,-0.130475,0,0.00676308,21,25.3,-0.000905171,-1.99999,1,0.00405085,4.97326e-05,0,-0.00496491,-0.000141561,0,0.0112981,22,25.3,-1.57709,-0.00283057,1,-0.211844,0.000144628,0,-0.255845,0.0177882,0,0.0174729,23,25.3,-2.53891,-3,1,0.5,0,0,0,0,0,0.00766589,24,25.3,1.00064,-2.95517,1,-0.0163116,0.238386,0,0.0372455,0.701413,0,0.0093277,25,25.3,-1.42357,1.00025,1,0.212882,-0.00012815,0,0.25741,0.000715256,0,0.0140749,26,25.3,3,-2.04088,1,0,-0.202624,0,0,-0.547439,0,0.00490147,27,25.3,-0.980851,2.9926,1,-0.5,-0.070921,0,0,-0.450537,0,0.006231,28,25.3,-2,-2.38522,1,-3.91155e-06,0.480295,0,3.72529e-05,0.254884,0,0.00924978,29,25.3,2.96489,-1.04046,1,0.161312,-0.242719,0,-0.471935,-0.69917,0,0.00940238,30,25.3,-1.9996,0.576494,1,-0.00366066,0.212387,0,0.00538677,0.259232,0,0.0135302,31,25.3,1.99998,2.99991,1,4.52623e-05,-2.38419e-05,0,2.23517e-05,0.000476837,0,0.0094462,32,25.3,2.00024,0.999986,1,-0.000666827,4.95464e-05,0,8.9407e-05,-2.23517e-05,0,0.0102778,33,25.3,0.230465,-2.08715e-05,1,-0.457805,0.000111848,0,0.274914,-0.000242627,0,0.0134102,34,25.3,-0.0658983,2.95534,1,-0.377079,0.187961,0,-0.725989,-0.500783,0,0.00811533,35,25.3,2.99999,2.0004,1,1.9744e-05,-0.000310317,0,-7.45058e-05,-0.00239909,0,0.0084796
0,25.4,1.02243,-1.00619,1,0.474399,-0.00392497,0,0.178277,0.0861287,0,0.0143059,1,25.4,-0.000385618,-3,1,-0.0136583,0,0,0.0404034,0,0,0.00831213,2,25.4,2.00021,-0.00221319,1,0.000816584,-0.00700813,0,-0.00405312,0.0364237,0,0.00963072,3,25.4,-1.94556,-1.4088,1,-0.178546,0.500003,0,0.342429,-5.96046e-05,0,0.0104582,4,25.4,1.93574,-3,1,-0.2691,0,0,-0.4462,0,0,0.00620812,5,25.4,-2.95862,3,1,0.027585,0,0,1.00017,0,0,0.00624712,6,25.4,0.999426,-1.93616,1,0.00318438,0.257948,0,-0.00822544,0.503719,0,0.011724,7,25.4,1.99999,-1.22876,1,-0.000312924,-0.0514925,0,0.00113249,-0.999987,0,0.0117505,8,25.4,-1.02763,-0.992336,1,0.500003,-0.014931,0,-5.96046e-05,0.0064373,0,0.0142288,9,25.4,1,2,1,5.96046e-06,4.47035e-05,0,0,-5.96046e-05,0,0.0125184,10,25.4,-0.999761,0.400703,1,1.49012e-06,-0.242899,0,0.00151992,-0.330508,0,0.0139223,11,25.4,1.01707,0.139824,1,-0.0416368,-0.369087,0,0.0274181,0.432722,0,0.0101475,12,25.4,-3,0.124882,1,0,0.45736,0,0,0.504777,0,0.00835699,13,25.4,1.99971,2,1,0.000625849,-5.96046e-06,0,0.000476837,-0.000119209,0,0.007174,14,25.4,-1.00642,-1.95215,1,-0.0222027,-0.500003,0,0.122428,5.96046e-05,0,0.0113956,15,25.4,0.131195,0.999998,1,0.464737,7.45058e-06,0,0.447884,0,0,0.0112823,16,25.4,-0.058367,2.06492,1,0.257073,0.306904,0,-0.494586,0.669122,0,0.0107357,17,25.4,2.92796,-3,1,-0.305969,0,0,-0.639558,0,0,0.00698582,18,25.4,-1.07689,2,1,0.279945,8.9407e-06,0,-0.480354,5.96046e-05,0,0.0097648,19,25.4,-3,-1.5336,1,0,-0.500003,0,0,5.96046e-05,0,0.00841914,20,25.4,-3,-2.46091,1,0,-0.497007,0,0,-0.0548363,0,0.00640742,21,25.4,-0.000527389,-1.99999,1,0.00348335,3.27826e-05,0,-0.00625424,-5.96046e-05,0,0.0136241,22,25.4,-1.59972,-0.00273707,1,-0.242066,0.00162469,0,-0.330746,0.0117532,0,0.0112252,23,25.4,-2.48891,-3,1,0.5,0,0,0,0,0,0.0059643,24,25.4,0.999196,-2.92789,1,-0.0125468,0.305998,0,0.0376701,0.639319,0,0.0103994,25,25.4,-1.40083,1.00025,1,0.243163,-2.38419e-05,0,0.330389,0.00154972,0,0.0101004,26,25.4,3,-2.0638,1,0,-0.254929,0,0,-0.486493,0,0.00482343,27,25.4,-1.03085,2.98307,1,-0.5,-0.121343,0,0,-0.549197,0,0.0110296,28,25.4,-2,-2.33623,1,-2.98023e-06,0.496447,0,5.96046e-05,0.0710487,0,0.00831181,29,25.4,2.97875,-1.06816,1,0.116783,-0.31018,0,-0.41616,-0.638366,0,0.00872967,30,25.4,-1.99994,0.599196,1,-0.00311434,0.242856,0,0.00554323,0.332385,0,0.0109848,31,25.4,1.99999,2.99991,1,4.47035e-05,1.78814e-05,0,0,0.000596046,0,0.0112737,32,25.4,2.00017,0.999991,1,-0.00063777,4.61936e-05,0,0.000596046,-2.98023e-05,0,0.0124376,33,25.4,0.186216,-1.08868e-05,1,-0.425685,8.80176e-05,0,0.364252,-0.000232376,0,0.0141618,34,25.4,-0.106906,2.97171,1,-0.439495,0.140262,0,-0.512403,-0.450373,0,0.00704778,35,25.4,2.99999,2.00036,1,1.19209e-05,-0.000506639,0,0,-0.00143051,0,0.00884948
0,25.5,1.0707,-1.0062,1,0.49019,0.00322666,0,0.124581,0.057824,0,0.0143059,1,25.5,-0.0015515,-3,1,-0.00969054,0,0,0.0385424,0,0,0.00831213,2,25.5,2.00027,-0.00274059,1,0.000442192,-0.00363062,0,-0.00341237,0.0309787,0,0.00963072,3,25.5,-1.96174,-1.35892,1,-0.145638,0.496416,0,0.315107,-0.0729337,0,0.0104582,4,25.5,1.90659,-3,1,-0.313405,0,0,-0.426874,0,0,0.00620812,5,25.5,-2.95086,3,1,0.127593,0,0,1.00002,0,0,0.00624712,6,25.5,0.999698,-1.90782,1,0.00217827,0.308679,0,-0.0118054,0.499859,0,0.011724,7,25.5,1.99996,-1.23891,1,-0.000209361,-0.151492,0,0.000938773,-1,0,0.0117505,8,25.5,-0.977633,-0.99379,1,0.5,-0.0140687,0,0,0.0106059,0,0.0142288,9,25.5,1,2,1,5.7742e-06,3.74392e-05,0,-7.45058e-06,-6.70552e-05,0,0.0125184,10,25.5,-0.999755,0.374655,1,0.000101142,-0.278826,0,0.000528991,-0.376286,0,0.0139223,11,25.5,1.01307,0.105142,1,-0.038252,-0.323999,0,0.0396073,0.465874,0,0.0101475,12,25.5,-3,0.172591,1,0,0.491616,0,0,0.193603,0,0.00835699,13,25.5,1.99977,2,1,0.000644103,-1.56462e-05,0,-8.9407e-05,-5.96046e-05,0,0.007174,14,25.5,-1.00808,-2.00215,1,-0.011383,-0.5,0,0.0946224,7.45058e-06,0,0.0113956,15,25.5,0.179372,0.999999,1,0.493871,7.07805e-06,0,0.152497,-7.45058e-06,0,0.0112823,16,25.5,-0.0350963,2.09892,1,0.208751,0.372303,0,-0.470044,0.620782,0,0.0107357,17,25.5,2.89422,-3,1,-0.368103,0,0,-0.592202,0,0,0.00698582,18,25.5,-1.0513,2,1,0.23189,1.30385e-05,0,-0.477396,1.49012e-05,0,0.0097648,19,25.5,-3,-1.58359,1,0,-0.49974,0,0,0.00853837,0,0.00841914,20,25.5,-3,-2.51079,1,0,-0.49975,0,0,-0.00873208,0,0.00640742,21,25.5,-0.000211444,-1.99999,1,0.00282699,2.57045e-05,0,-0.00676921,-8.9407e-05,0,0.0136241,22,25.5,-1.62569,-0.00252294,1,-0.278034,0.00258984,0,-0.376835,0.00766375,0,0.0112252,23,25.5,-2.43891,-3,1,0.499959,0,0,-0.00160933,0,0,0.0059643,24,25.5,0.998126,-2.89415,1,-0.00891527,0.368111,0,0.034783,0.591874,0,0.0103994,25,25.5,-1.37476,1.00025,1,0.279075,7.89762e-05,0,0.37609,0.000566244,0,0.0101004,26,25.5,3,-2.09173,1,0,-0.303204,0,0,-0.465602,0,0.00482343,27,25.5,-1.08085,2.96753,1,-0.5,-0.194702,0,0,-0.866741,0,0.0110296,28,25.5,-2,-2.2865,1,1.86265e-06,0.495413,0,2.98023e-05,-0.0890493,0,0.00831181,29,25.5,2.98846,-1.10231,1,0.0785057,-0.371934,0,-0.347927,-0.585966,0,0.00872967,30,25.5,-2.00022,0.625248,1,-0.00251699,0.278935,0,0.00632554,0.37745,0,0.0109848,31,25.5,1.99999,2.99991,1,4.28408e-05,6.85453e-05,0,-4.47035e-05,0.000417233,0,0.0112737,32,25.5,2.00011,0.999995,1,-0.000564754,4.1537e-05,0,0.000834465,-5.96046e-05,0,0.0124376,33,25.5,0.145584,-3.21714e-06,1,-0.385883,6.57035e-05,0,0.428827,-0.000212723,0,0.0141618,34,25.5,-0.153027,2.98358,1,-0.47896,0.0983849,0,-0.276309,-0.385463,0,0.00704778,35,25.5,3,2.00031,1,1.19209e-05,-0.00060983,0,0,-0.000670552,0,0.00884948
0,25.6,1.1202,-1.00563,1,0.498173,0.00781417,0,0.0365973,0.0347495,0,0.0132472,1,25.6,-0.00233372,-3,1,-0.00602025,0,0,0.0345687,0,0,0.00737679,2,25.6,2.0003,-0.00295875,1,0.00013113,-0.000834541,0,-0.00274181,0.0248696,0,0.0086655,3,25.6,-1.97478,-1.30977,1,-0.11563,0.485235,0,0.284672,-0.151277,0,0.00967401,4,25.6,1.87324,-3,1,-0.352219,0,0,-0.339806,0,0,0.0081709,5,25.6,-2.9331,3,1,0.227588,0,0,1.00017,0,0,0.00492364,6,25.6,0.999851,-1.87454,1,0.000841916,0.355941,0,-0.0147521,0.436842,0,0.0114693,7,25.6,1.99995,-1.25906,1,-0.00012517,-0.251493,0,0.000834465,-0.999987,0,0.0115318,8,25.6,-0.927633,-0.995138,1,0.5,-0.0128508,0,2.98023e-05,0.0136197,0,0.0145526,9,25.6,1,2.00001,1,2.98023e-06,2.38419e-05,0,5.96046e-05,0,0,0.010718,10,25.6,-0.999743,0.344897,1,0.000116229,-0.316033,0,-0.000149012,-0.358373,0,0.0139133,11,25.6,1.00946,0.0751031,1,-0.0338465,-0.276532,0,0.0478625,0.48043,0,0.00995228,12,25.6,-3,0.222334,1,0,0.5,0,0,7.15256e-06,0,0.00782502,13,25.6,1.99983,2,1,0.000613928,-1.78814e-05,0,-0.000476837,0,0,0.00759284,14,25.6,-1.00878,-2.05215,1,-0.00314713,-0.5,0,0.0706911,0,0,0.00984291,15,25.6,0.229194,1,1,0.5,5.96046e-06,0,0,0,0,0.0129055,16,25.6,-0.0165178,2.13906,1,0.163392,0.428206,0,-0.435655,0.486732,0,0.0113661,17,25.6,2.8546,-3,1,-0.42249,0,0,-0.48697,0,0,0.00665452,18,25.6,-1.03047,2,1,0.185075,1.19209e-05,0,-0.456214,0,0,0.0103954,19,25.6,-3,-1.63348,1,0,-0.497329,0,0,0.0458956,0,0.0080772,20,25.6,-3,-2.56079,1,0,-0.5,0,0,0,0,0.00597789,21,25.6,3.7272e-05,-1.99999,1,0.00214807,1.49012e-05,0,-0.0067273,-5.96046e-05,0,0.0109474,22,25.6,-1.65537,-0.00223161,1,-0.315306,0.00317955,0,-0.359178,0.00423763,0,0.0105004,23,25.6,-2.38894,-3,1,0.499356,0,0,-0.0128746,0,0,0.00654658,24,25.6,0.997402,-2.85453,1,-0.00561923,0.422436,0,0.0309646,0.486493,0,0.00883047,25,25.6,-1.34498,1.00026,1,0.316256,9.83477e-05,0,0.358164,-0.000119209,0,0.00971954,26,25.6,3,-2.12425,1,0,-0.345731,0,0,-0.375032,0,0.00489271,27,25.6,-1.13085,2.94355,1,-0.500003,-0.285798,0,5.96046e-05,-0.917315,0,0.0113914,28,25.6,-2,-2.23765,1,2.98023e-06,0.479221,0,5.96046e-05,-0.231504,0,0.00773011,29,25.6,2.99469,-1.14227,1,0.0473917,-0.4255,0,-0.273824,-0.477374,0,0.00674202,30,25.6,-2.00044,0.655022,1,-0.00187755,0.316228,0,0.00667572,0.358999,0,0.00918554,31,25.6,1.99999,2.99992,1,3.8743e-05,0.000101328,0,-5.96046e-05,0.000238419,0,0.0111577,32,25.6,2.00006,0.999999,1,-0.000476837,3.42727e-05,0,0.00107288,-2.98023e-05,0,0.0112443,33,25.6,0.109224,2.33028e-06,1,-0.340537,4.5673e-05,0,0.474886,-0.000187071,0,0.0133799,34,25.6,-0.201943,2.99161,1,-0.49605,0.0634193,0,-0.0789905,-0.312924,0,0.00804225,35,25.6,3,2.00024,1,5.96046e-06,-0.00064373,0,0.000119209,0,0,0.0089111
0,25.7,1.17013,-1.0047,1,0.499886,0.0103969,0,0.0045523,0.0175685,0,0.0132472,1,25.7,-0.00277193,-3,1,-0.00283747,0,0,0.0289711,0,0,0.00737679,2,25.7,2.0003,-0.0029287,1,-0.000107661,0.0013282,0,-0.00204146,0.0184398,0,0.0086655,3,25.7,-1.98498,-1.2618,1,-0.0889337,0.475975,0,0.249274,-0.0467971,0,0.00967401,4,25.7,1.8364,-3,1,-0.383505,0,0,-0.280045,0,0,0.0081709,5,25.7,-2.90541,3,1,0.325023,0,0,0.923514,0,0,0.00492364,6,25.7,0.999769,-1.83676,1,-0.00328142,0.3993,0,-0.0627041,0.419728,0,0.0114693,7,25.7,1.99994,-1.28903,1,-5.15953e-05,-0.345537,0,0.000633299,-0.859484,0,0.0115318,8,25.7,-0.877633,-0.996352,1,0.5,-0.0113984,0,0,0.0152849,0,0.0145526,9,25.7,1,2.00001,1,7.07805e-06,2.19792e-05,0,1.49012e-05,-4.47035e-05,0,0.010718,10,25.7,-0.999733,0.311136,1,8.59611e-05,-0.361906,0,-0.000435859,-0.522383,0,0.0139133,11,25.7,1.00632,0.0498529,1,-0.0288084,-0.228549,0,0.0522733,0.475947,0,0.00995228,12,25.7,-3,0.272334,1,0,0.5,0,0,-2.68221e-06,0,0.00782502,13,25.7,1.99989,2,1,0.000551157,-1.69501e-05,0,-0.000752509,2.23517e-05,0,0.00759284,14,25.7,-1.00878,-2.10215,1,0.00287183,-0.5,0,0.0502616,0,0,0.00984291,15,25.7,0.279194,1,1,0.5,5.7742e-06,0,-3.57628e-06,-7.45058e-06,0,0.0129055,16,25.7,-0.00226451,2.18406,1,0.122592,0.469128,0,-0.380608,0.322923,0,0.0113661,17,25.7,2.81019,-3,1,-0.462822,0,0,-0.320688,0,0,0.00665452,18,25.7,-1.01418,2,1,0.141227,1.15484e-05,0,-0.418693,-1.49012e-05,0,0.0103954,19,25.7,-3,-1.68289,1,0,-0.48984,0,0,0.107594,0,0.0080772,20,25.7,-3,-2.61073,1,0,-0.498156,0,0,0.0410378,0,0.00597789,21,25.7,0.000219168,-1.99998,1,0.00149844,8.19564e-06,0,-0.00621366,-7.45058e-05,0,0.0109474,22,25.7,-1.68907,-0.00189748,1,-0.361439,0.00345579,0,-0.526108,0.00139671,0,0.0105004,23,25.7,-2.33913,-3,1,0.495922,0,0,-0.0613183,0,0,0.00654658,24,25.7,0.996986,-2.81013,1,-0.00278708,0.462921,0,0.0256971,0.322685,0,0.00883047,25,25.7,-1.3111,1.00027,1,0.364644,7.37607e-05,0,0.562109,-0.000357628,0,0.00971954,26,25.7,3,-2.1606,1,0,-0.38009,0,0,-0.306502,0,0.00489271,27,25.7,-1.18085,2.91061,1,-0.5,-0.370225,0,7.45058e-06,-0.755876,0,0.0113914,28,25.7,-2,-2.19112,1,7.07805e-06,0.449149,0,1.49012e-05,-0.363559,0,0.00773011,29,25.7,2.99819,-1.18693,1,0.0237651,-0.464826,0,-0.199437,-0.310451,0,0.00674202,30,25.7,-2.00014,0.688343,1,0.011838,0.349036,0,0.246204,0.289936,0,0.00918554,31,25.7,2,2.99993,1,3.20375e-05,0.000118092,0,-7.45058e-05,0.000104308,0,0.0111577,32,25.7,2.00002,1,1,-0.000369921,2.97092e-05,0,0.00105798,-5.58794e-05,0,0.0112443,33,25.7,0.0775974,6.01175e-06,1,-0.291582,2.84589e-05,0,0.499973,-0.000156951,0,0.0133799,34,25.7,-0.25179,2.99652,1,-0.499753,0.0358775,0,-0.0098747,-0.23815,0,0.00804225,35,25.7,3,2.00018,1,1.15484e-05,-0.000621378,0,1.49012e-05,0.000417233,0,0.0089111
0,25.8,1.22012,-1.0036,1,0.500003,0.0114501,0,-5.96046e-05,0.00411272,0,0.0141158,1,25.8,-0.00292085,-3,1,-0.000242452,0,0,0.022881,0,0,0.00663116,2,25.8,2.00028,-0.00271391,1,-0.000274181,0.00286742,0,-0.00143051,0.0124305,0,0.00767169,3,25.8,-1.99268,-1.21435,1,-0.0657618,0.473544,0,0.214219,-0.0122786,0,0.010937,4,25.8,1.79679,-3,1,-0.40721,0,0,-0.189722,0,0,0.00686972,5,25.8,-2.8686,3,1,0.407571,0,0,0.705123,0,0,0.00596061,6,25.8,0.999083,-1.79483,1,-0.010787,0.438139,0,-0.0832975,0.350237,0,0.0108366,7,25.8,1.99994,-1.32751,1,2.98023e-06,-0.420216,0,0.000417233,-0.623703,0,0.0100157,8,25.8,-0.827633,-0.997414,1,0.5,-0.00982136,0,2.98023e-05,0.0161529,0,0.014101,9,25.8,1,2.00001,1,8.9407e-06,1.19209e-05,0,-5.96046e-05,0.000119209,0,0.0114831,10,25.8,-0.999727,0.272304,1,3.27826e-05,-0.414359,0,-0.000625849,-0.501901,0,0.014001,11,25.8,1.0037,0.0293471,1,-0.0235081,-0.181941,0,0.0532269,0.453503,0,0.0103836,12,25.8,-3,0.322334,1,0,0.5,0,0,-1.43051e-05,0,0.00823504,13,25.8,1.99994,2,1,0.000464916,-1.19209e-05,0,-0.000834465,0,0,0.00724537,14,25.8,-1.00827,-2.15215,1,0.00701845,-0.5,0,0.0331402,0,0,0.0130494,15,25.8,0.329194,1,1,0.5,5.96046e-06,0,1.43051e-05,0,0,0.00991352,16,25.8,0.00818126,2.23228,1,0.087211,0.492239,0,-0.327343,0.142455,0,0.0111163,17,25.8,2.76257,-3,1,-0.487137,0,0,-0.169754,0,0,0.00552778,18,25.8,-1.00208,2,1,0.10169,1.19209e-05,0,-0.370622,-0.000119209,0,0.0102157,19,25.8,-3,-1.73121,1,0,-0.475228,0,0,0.186861,0,0.00757704,20,25.8,-3,-2.66024,1,0,-0.491089,0,0,0.103474,0,0.00616625,21,25.8,0.000339145,-1.99998,1,0.000914046,0,0,-0.00543871,-5.96046e-05,0,0.0126135,22,25.8,-1.72787,-0.00154886,1,-0.41427,0.00347981,0,-0.505269,-0.000817003,0,0.0112484,23,25.8,-2.28996,-3,1,0.486171,0,0,-0.13721,0,0,0.00627867,24,25.8,0.996827,-2.76249,1,-0.000476837,0.487322,0,0.0205934,0.169158,0,0.0109947,25,25.8,-1.2718,1.00027,1,0.42083,2.98023e-05,0,0.53066,-0.000536442,0,0.0116144,26,25.8,3,-2.19999,1,0,-0.406057,0,0,-0.208735,0,0.00514483,27,25.8,-1.23085,2.87017,1,-0.500003,-0.434816,0,5.96046e-05,-0.529528,0,0.0106753,28,25.8,-2,-2.1482,1,8.9407e-06,0.407743,0,0,-0.458717,0,0.00869902,29,25.8,2.99968,-1.2347,1,0.00727177,-0.488162,0,-0.131607,-0.160754,0,0.00694887,30,25.8,-1.99748,0.724533,1,0.0434667,0.372998,0,0.368834,0.184417,0,0.0142586,31,25.8,2,2.99994,1,2.38419e-05,0.00012517,0,0,0,0,0.00968789,32,25.8,1.99999,1.00001,1,-0.000268221,2.38419e-05,0,0.00101328,-0.000119209,0,0.0103163,33,25.8,0.0509505,8.12443e-06,1,-0.241335,1.43113e-05,0,0.501311,-0.000125976,0,0.0151798,34,25.8,-0.301785,2.99903,1,-0.5,0.0156581,0,0,-0.167131,0,0.0074198,35,25.8,3,2.00012,1,1.19209e-05,-0.000560284,0,0,0.000715256,0,0.00790935
0,25.9,1.27012,-1.00245,1,0.5,0.0113556,0,-7.45058e-06,-0.00552088,0,0.0141158,1,25.9,-0.0028413,-3,1,0.00172883,0,0,0.0166145,0,0,0.00663116,2,25.9,2.00024,-0.00237442,1,-0.00038594,0.00383199,0,-0.000834465,0.00701225,0,0.00767169,3,25.9,-1.99824,-1.16687,1,-0.0458445,0.477714,0,0.184283,0.0817254,0,0.010937,4,25.9,1.75498,-3,1,-0.430245,0,0,-0.256784,0,0,0.00686972,5,25.9,-2.82479,3,1,0.463693,0,0,0.416502,0,0,0.00596061,6,25.9,0.997674,-1.74935,1,-0.0165826,0.470128,0,-0.0347942,0.273831,0,0.0108366,7,25.9,1.99994,-1.37218,1,3.7998e-05,-0.468605,0,0.000298023,-0.3516,0,0.0100157,8,25.9,-0.777633,-0.998316,1,0.5,-0.00821715,0,0,0.015866,0,0.014101,9,25.9,1,2.00001,1,3.72529e-06,1.8999e-05,0,-4.47035e-05,4.47035e-05,0,0.0114831,10,25.9,-0.999727,0.228504,1,-2.75671e-05,-0.459624,0,-0.000581145,-0.382349,0,0.014001,11,25.9,1.00162,0.0133616,1,-0.0182737,-0.13841,0,0.0510514,0.415114,0,0.0103836,12,25.9,-3,0.372334,1,0,0.5,0,0,0,0,0.00823504,13,25.9,1.99998,2,1,0.000376627,-1.09896e-05,0,-0.000908971,2.23517e-05,0,0.00724537,14,25.9,-1.00743,-2.20215,1,0.00962056,-0.5,0,0.0193715,0,0,0.0130494,15,25.9,0.379194,1,1,0.5,5.7742e-06,0,-1.78814e-06,-7.45058e-06,0,0.00991352,16,25.9,0.016066,2.28196,1,0.0778747,0.499355,0,0.116433,0.0225902,0,0.0111163,17,25.9,2.71322,-3,1,-0.497895,0,0,-0.0540614,0,0,0.00552778,18,25.9,-0.993669,2,1,0.0674071,1.86265e-06,0,-0.314489,-7.45058e-05,0,0.0102157,19,25.9,-3,-1.77761,1,0,-0.451139,0,0,0.291675,0,0.00757704,20,25.9,-3,-2.70871,1,0,-0.477097,0,0,0.178173,0,0.00616625,21,25.9,0.000404942,-1.99998,1,0.00041804,-5.96046e-06,0,-0.00447092,-5.96046e-05,0,0.0126135,22,25.9,-1.77171,-0.00120737,1,-0.46044,0.00332745,0,-0.391997,-0.00216681,0,0.0112484,23,25.9,-2.24223,-3,1,0.466706,0,0,-0.249401,0,0,0.00627867,24,25.9,0.996873,-2.71312,1,0.00128886,0.498023,0,0.0148676,0.0527948,0,0.0109947,25,25.9,-1.22729,1.00027,1,0.466568,-2.29105e-05,0,0.365891,-0.00051409,0,0.0116144,26,25.9,3,-2.2417,1,0,-0.428442,0,0,-0.228196,0,0.00514483,27,25.9,-1.28085,2.82445,1,-0.5,-0.475712,0,7.45058e-06,-0.292316,0,0.0106753,28,25.9,-2,-2.10983,1,8.00937e-06,0.358814,0,-2.23517e-05,-0.514895,0,0.00869902,29,25.9,2.99985,-1.28411,1,-0.00308082,-0.498184,0,-0.0776947,-0.0486076,0,0.00694887,30,25.9,-1.99067,0.762449,1,0.0980103,0.382414,0,0.690542,0.00940636,0,0.0142586,31,25.9,2,2.99996,1,2.19792e-05,0.000120327,0,-4.47035e-05,-7.45058e-05,0,0.00968789,32,25.9,1.99996,1.00001,1,-0.000173412,1.28523e-05,0,0.000871718,-9.68575e-05,0,0.0103163,33,25.9,0.0292968,8.97784e-06,1,-0.192087,3.26923e-06,0,0.480432,-9.52509e-05,0,0.0151798,34,25.9,-0.351785,2.99987,1,-0.5,0.00212677,0,3.57628e-06,-0.105485,0,0.0074198,35,25.9,3,2.00007,1,7.45058e-06,-0.000479817,0,-5.96046e-05,0.00089407,0,0.00790935
0,26,1.32012,-1.00135,1,0.500003,0.0104398,0,-5.96046e-05,-0.0123382,0,0.0131085,1,26,-0.0025952,-3,1,0.00309704,0,0,0.0108458,0,0,0.0070099,2,26,2.0002,-0.00196406,1,-0.000441074,0.0043002,0,-0.000357628,0.00250386,0,0.00769212,3,26,-2.00195,-1.11863,1,-0.0288665,0.487369,0,0.15533,0.100076,0,0.0109154,4,26,1.71065,-3,1,-0.456008,0,0,-0.247061,0,0,0.00588355,5,26,-2.7768,3,1,0.491965,0,0,0.160694,0,0,0.00430105,6,26,0.995907,-1.70118,1,-0.0181586,0.491032,0,0.00137091,0.141144,0,0.0098559,7,26,1.99994,-1.42041,1,5.96046e-05,-0.492534,0,0.000238419,-0.139594,0,0.0110355,8,26,-0.727633,-0.999059,1,0.5,-0.00666231,0,2.98023e-05,0.015229,0,0.0144175,9,26,1,2.00001,1,0,1.78814e-05,0,0,0,0,0.0104021,10,26,-0.999732,0.180941,1,-8.34465e-05,-0.488416,0,-0.000506639,-0.190415,0,0.0168841,11,26,1.00004,0.00151871,1,-0.0133693,-0.0992589,0,0.04673,0.366515,0,0.00962973,12,26,-3,0.422334,1,0,0.5,0,0,-1.43051e-05,0,0.00780412,13,26,2.00002,2,1,0.000280142,-8.9407e-06,0,-0.000834465,5.96046e-05,0,0.00788157,14,26,-1.00639,-2.25215,1,0.0109822,-0.5,0,0.00834465,0,0,0.00931641,15,26,0.429194,1,1,0.5,5.96046e-06,0,-1.43051e-05,-5.96046e-05,0,0.00935857,16,26,0.0250009,2.33195,1,0.105933,0.5,0,0.423275,0,0,0.0113291,17,26,2.66328,-3,1,-0.5,0,0,0,0,0,0.00608765,18,26,-0.988404,2,1,0.0388563,-5.96046e-06,0,-0.256389,0,0,0.00943728,19,26,-3,-1.82112,1,0,-0.417551,0,0,0.376701,0,0.00537283,20,26,-3,-2.7554,1,0,-0.455213,0,0,0.260234,0,0.00487305,21,26,0.00042606,-1.99998,1,2.10544e-05,-8.9407e-06,0,-0.00346736,-0.000119209,0,0.0110275,22,26,-1.81938,-0.000887249,1,-0.489631,0.00305848,0,-0.187576,-0.00315544,0,0.0135954,23,26,-2.19697,-3,1,0.436866,0,0,-0.344634,0,0,0.00658403,24,26,0.997067,-2.66318,1,0.00252575,0.5,0,0.0100136,0.000119209,0,0.0096191,25,26,-1.17916,1.00027,1,0.492382,-7.15256e-05,0,0.152349,-0.000476837,0,0.0103462,26,26,3,-2.28564,1,0,-0.449765,0,0,-0.19002,0,0.00532516,27,26,-1.33085,2.77576,1,-0.500003,-0.494862,0,5.96046e-05,-0.102758,0,0.00876514,28,26,-2,-2.07658,1,5.96046e-06,0.305718,0,0,-0.542641,0,0.00902058,29,26,2.99922,-1.33406,1,-0.00869036,-0.5,0,-0.036478,0,0,0.0100731,30,26,-1.9771,0.800486,1,0.175792,0.37595,0,0.838816,-0.133485,0,0.0111598,31,26,2,2.99997,1,1.78814e-05,0.000107288,0,0,-0.000119209,0,0.00984399,32,26,1.99995,1.00001,1,-9.23872e-05,5.96046e-06,0,0.000655651,-0.000119209,0,0.010669,33,26,0.0124334,8.87657e-06,1,-0.145813,-4.82592e-06,0,0.442601,-6.71357e-05,0,0.0125741,34,26,-0.401785,2.99964,1,-0.5,-0.00588298,0,-1.43051e-05,-0.0568628,0,0.00738878,35,26,3,2.00002,1,0,-0.00038743,0,0,0.000953674,0,0.00788588
0,26.1,1.37012,-1.00038,1,0.5,0.00902079,0,-7.45058e-06,-0.015758,0,0.0131085,1,26.1,-0.00224019,-3,1,0.00391786,0,0,0.00572446,0,0,0.0070099,2,26.1,2.00016,-0.00152788,1,-0.000454858,0.00436409,0,4.47035e-05,-0.00105771,0,0.00769212,3,26.1,-2.00408,-1.06945,1,-0.0137866,0.495375,0,0.145108,0.0586808,0,0.0109154,4,26.1,1.66389,-3,1,-0.478243,0,0,-0.189342,0,0,0.00588355,5,26.1,-2.72711,3,1,0.499497,0,0,0.0200868,0,0,0.00430105,6,26.1,0.994136,-1.65159,1,-0.01691,0.498961,0,0.0223443,0.0319704,0,0.0098559,7,26.1,1.99995,-1.47011,1,7.80448e-05,-0.499411,0,0.00012666,-0.0210926,0,0.0110355,8,26.1,-0.677633,-0.999651,1,0.5,-0.00519566,0,0,0.0140592,0,0.0144175,9,26.1,1,2.00002,1,-1.86265e-07,1.56462e-05,0,-7.45058e-06,-5.96046e-05,0,0.0104021,10,26.1,-0.999743,0.131457,1,-0.000129547,-0.49876,0,-0.000413507,-0.0392751,0,0.0168841,11,26.1,0.998925,-0.00666718,1,-0.00898931,-0.0653982,0,0.04071,0.310203,0,0.00962973,12,26.1,-3,0.472334,1,0,0.5,0,0,-1.78814e-06,0,0.00780412,13,26.1,2.00004,2,1,0.000197068,-3.1665e-06,0,-0.000819564,5.21541e-05,0,0.00788157,14,26.1,-1.00526,-2.30215,1,0.0113769,-0.5,0,-8.19564e-05,0,0,0.00931641,15,26.1,0.479194,1,1,0.5,9.31323e-07,0,-1.78814e-06,-3.72529e-05,0,0.00935857,16,26.1,0.0385952,2.38195,1,0.1732,0.5,0,0.859642,0,0,0.0113291,17,26.1,2.61328,-3,1,-0.5,0,0,0,0,0,0.00608765,18,26.1,-0.985702,2,1,0.0161513,-5.96046e-06,0,-0.198331,0,0,0.00943728,19,26.1,-3,-1.86088,1,0,-0.376737,0,0,0.436537,0,0.00537283,20,26.1,-3,-2.79945,1,0,-0.424167,0,0,0.356659,0,0.00487305,21,26.1,0.000412526,-1.99999,1,-0.000275136,-1.84402e-05,0,-0.00247122,-8.19564e-05,0,0.0110275,22,26.1,-1.86895,-0.000598223,1,-0.499104,0.00271264,0,-0.0308678,-0.00371965,0,0.0135954,23,26.1,-2.15513,-3,1,0.3987,0,0,-0.415862,0,0,0.00658403,24,26.1,0.997363,-2.61318,1,0.00331178,0.500001,0,0.00584871,-2.98023e-05,0,0.0096191,25,26.1,-1.12946,1.00026,1,0.499523,-0.00011567,0,0.0190437,-0.000409782,0,0.0103462,26,26.1,3,-2.33157,1,0,-0.468581,0,0,-0.178635,0,0.00532516,27,26.1,-1.38085,2.72596,1,-0.5,-0.499678,0,7.45058e-06,-0.0128448,0,0.00876514,28,26.1,-1.99999,-2.04873,1,5.02914e-06,0.251247,0,-2.23517e-05,-0.542358,0,0.00902058,29,26.1,2.99822,-1.38406,1,-0.0108901,-0.5,0,-0.0089854,0,0,0.0100731,30,26.1,-1.95523,0.837199,1,0.262043,0.356302,0,0.862032,-0.253402,0,0.0111598,31,26.1,2.00001,2.99998,1,1.60187e-05,9.20147e-05,0,-4.47035e-05,-0.000193715,0,0.00984399,32,26.1,1.99995,1.00001,1,-3.31551e-05,-4.09782e-06,0,0.000521541,-7.45058e-05,0,0.010669,33,26.1,-1.78256e-05,8.10163e-06,1,-0.104078,-1.02571e-05,0,0.390664,-4.21865e-05,0,0.0125741,34,26.1,-0.450818,2.99884,1,-0.471978,-0.00966489,0,0.522014,-0.0208318,0,0.00738878,35,26.1,3,1.99999,1,0,-0.000292249,0,0,0.000946224,0,0.00788588
0,26.2,1.42012,-0.999559,1,0.500003,0.00733882,0,-5.96046e-05,-0.017643,0,0.0113759,1,26.2,-0.00182717,-3,1,0.00427252,0,0,0.00152067,0,0,0.00801525,2,26.2,2.00011,-0.00110147,1,-0.000435114,0.0041207,0,0.000476837,-0.00365806,0,0.00788904,3,26.2,-2.00475,-1.0197,1,-4.76837e-05,0.499116,0,0.128627,0.0176728,0,0.0135482,4,26.2,1.61526,-3,1,-0.492898,0,0,-0.102282,0,0,0.00677633,5,26.2,-2.67712,3,1,0.5,0,0,0,0,0,0.00449297,6,26.2,0.992582,-1.60162,1,-0.0139251,0.500003,0,0.0362396,-5.96046e-05,0,0.0101706,7,26.2,1.99996,-1.52009,1,8.64267e-05,-0.500003,0,0,5.96046e-05,0,0.00982768,8,26.2,-0.627633,-1.0001,1,0.5,-0.00385344,0,2.98023e-05,0.0126362,0,0.0117856,9,26.2,1,2.00002,1,0,1.19209e-05,0,-5.96046e-05,-0.000119209,0,0.0101836,10,26.2,-0.999758,0.0814865,1,-0.000166893,-0.5,0,-0.000298023,0,0,0.0156677,11,26.2,0.998218,-0.0117525,1,-0.00525266,-0.0372748,0,0.0339746,0.252197,0,0.0101282,12,26.2,-3,0.522334,1,0,0.500001,0,0,-2.98023e-05,0,0.00627713,13,26.2,2.00006,1.99999,1,0.00012517,0,0,-0.000834465,5.96046e-05,0,0.00762681,14,26.2,-1.00414,-2.35215,1,0.0110358,-0.5,0,-0.00649691,0,0,0.0106047,15,26.2,0.529194,1,1,0.500001,-2.98023e-06,0,-2.98023e-05,0,0,0.00997434,16,26.2,0.0605141,2.43195,1,0.266986,0.5,0,0.969749,0,0,0.00857865,17,26.2,2.56328,-3,1,-0.5,0,0,0,0,0,0.00682844,18,26.2,-0.984987,2,1,-0.000955164,-5.96046e-06,0,-0.144631,0,0,0.0148202,19,26.2,-3,-1.8963,1,0,-0.330868,0,0,0.477672,0,0.00679541,20,26.2,-3,-2.83995,1,0,-0.38467,0,0,0.429273,0,0.00556791,21,26.2,0.000374197,-1.99999,1,-0.000476455,-2.38419e-05,0,-0.00157308,-5.96046e-05,0,0.011986,22,26.2,-1.91893,-0.000346196,1,-0.500003,0.00232244,0,5.96046e-05,-0.00404714,0,0.0122165,23,26.2,-2.11744,-3,1,0.354296,0,0,-0.469208,0,0,0.00657919,24,26.2,0.997717,-2.56318,1,0.00372231,0.5,0,0.00244379,0,0,0.00939477,25,26.2,-1.07947,1.00025,1,0.500003,-0.000151992,0,-5.96046e-05,-0.000357628,0,0.010086,26,26.2,3,-2.37925,1,0,-0.484312,0,0,-0.131965,0,0.00492642,27,26.2,-1.43085,2.67597,1,-0.500003,-0.5,0,5.96046e-05,0,0,0.0090092,28,26.2,-1.99999,-2.02628,1,2.98023e-06,0.198036,0,0,-0.518322,0,0.0113065,29,26.2,2.99712,-1.43406,1,-0.0107586,-0.500003,0,0.0104904,5.96046e-05,0,0.00996481,30,26.2,-1.92484,0.871406,1,0.344115,0.326425,0,0.762761,-0.338703,0,0.0101103,31,26.2,2.00001,2.99999,1,1.19209e-05,7.15256e-05,0,0,-0.000238419,0,0.0104425,32,26.2,1.99994,1.00001,1,1.19209e-05,-8.9407e-06,0,0.000417233,-5.96046e-05,0,0.0127603,33,26.2,-0.00856811,6.90136e-06,1,-0.0679088,-1.34019e-05,0,0.331874,-2.13972e-05,0,0.0128409,34,26.2,-0.494807,2.99781,1,-0.402626,-0.0104249,0,0.833169,0.00393391,0,0.00696542,35,26.2,3,1.99997,1,0,-0.000202656,0,0,0.00089407,0,0.00773843
0,26.3,1.47012,-0.998914,1,0.5,0.00554817,0,-7.45058e-06,-0.0179745,0,0.0113759,1,26.3,-0.00139816,-3,1,0.00425331,0,0,-0.00174134,0,0,0.00801525,2,26.3,2.00007,-0.000710846,1,-0.000379235,0.0036638,0,0.000625849,-0.00534202,0,0.00788904,3,26.3,-2.0041,-0.96973,1,0.0130586,0.499945,0,0.131041,0.00221655,0,0.0135482,4,26.3,1.5656,-3,1,-0.499059,0,0,-0.0276938,0,0,0.00677633,5,26.3,-2.62712,3,1,0.5,0,0,0,0,0,0.00449297,6,26.3,0.99138,-1.55162,1,-0.0100499,0.5,0,0.0406727,-7.45058e-06,0,0.0101706,7,26.3,1.99997,-1.57009,1,8.40053e-05,-0.49992,0,-3.72529e-05,0.00318885,0,0.00982768,8,26.3,-0.577633,-1.00043,1,0.5,-0.00267886,0,0,0.0108629,0,0.0117856,9,26.3,1,2.00002,1,-4.84288e-06,3.72529e-07,0,-2.98023e-05,-0.000104308,0,0.0101836,10,26.3,-0.999776,0.0314865,1,-0.000192132,-0.5,0,-0.000204891,0,0,0.0156677,11,26.3,0.997851,-0.0143168,1,-0.00221534,-0.0149755,0,0.0268035,0.19444,0,0.0101282,12,26.3,-3,0.572332,1,0,0.499911,0,0,-0.00357255,0,0.00627713,13,26.3,2.00007,2,1,5.02914e-05,5.02914e-06,0,-0.000670552,3.72529e-05,0,0.00762681,14,26.3,-1.00307,-2.40215,1,0.0101747,-0.5,0,-0.010483,0,0,0.0106047,15,26.3,0.579192,1,1,0.499881,-2.98023e-06,0,-0.00476837,0,0,0.00997434,16,26.3,0.0919003,2.48192,1,0.358466,0.499082,0,0.834777,-0.0201762,0,0.00857865,17,26.3,2.51328,-3,1,-0.5,0,0,0,0,0,0.00682844,18,26.3,-0.985722,2,1,-0.0129408,-5.96046e-06,0,-0.0963248,0,0,0.0148202,19,26.3,-3,-1.92695,1,0,-0.281883,0,0,0.497915,0,0.00679541,20,26.3,-3,-2.87618,1,0,-0.33908,0,0,0.478625,0,0.00556791,21,26.3,0.000320052,-1.99999,1,-0.000593441,-2.73809e-05,0,-0.000792003,-2.23517e-05,0,0.011986,22,26.3,-1.96893,-0.000134198,1,-0.5,0.00191792,0,7.45058e-06,-0.00402332,0,0.0122165,23,26.3,-2.08442,-3,1,0.305543,0,0,-0.501439,0,0,0.00657919,24,26.3,0.998097,-2.51318,1,0.00383249,0.5,0,-0.000130385,0,0,0.00939477,25,26.3,-1.02947,1.00023,1,0.5,-0.000182539,0,0,-0.00025332,0,0.010086,26,26.3,3,-2.42824,1,0,-0.494425,0,0,-0.0709295,0,0.00492642,27,26.3,-1.48085,2.62597,1,-0.499956,-0.5,0,0.00174344,0,0,0.0090092,28,26.3,-1.99999,-2.009,1,2.23517e-06,0.148323,0,-1.49012e-05,-0.473462,0,0.0113065,29,26.3,2.99612,-1.48406,1,-0.00915639,-0.5,0,0.0207573,7.45058e-06,0,0.00996481,30,26.3,-1.88683,0.902267,1,0.413548,0.290009,0,0.608943,-0.385564,0,0.0101103,31,26.3,2.00001,2.99999,1,1.00583e-05,4.95464e-05,0,-4.47035e-05,-0.000193715,0,0.0104425,32,26.3,1.99995,1.00001,1,4.67524e-05,-1.37836e-05,0,0.000290573,-2.98023e-05,0,0.0127603,33,26.3,-0.0138049,5.48359e-06,1,-0.0378788,-1.46781e-05,0,0.268837,-4.86003e-06,0,0.0128409,34,26.3,-0.530581,2.99681,1,-0.310446,-0.00928752,0,0.97915,0.0177175,0,0.00696542,35,26.3,3,1.99995,1,0,-0.000119023,0,0,0.00076741,0,0.00773843
0,26.4,1.52012,-0.998448,1,0.500003,0.00377744,0,-5.96046e-05,-0.0172555,0,0.0108755,1,26.4,-0.000985789,-3,1,0.00395523,0,0,-0.00407418,0,0,0.00779649,2,26.4,2.00004,-0.000373006,1,-0.000315905,0.00307767,0,0.000715256,-0.00626472,0,0.00923574,3,26.4,-2.00216,-0.919731,1,0.0257134,0.5,0,0.119984,2.98023e-05,0,0.0120533,4,26.4,1.51563,-3,1,-0.500003,0,0,5.96046e-05,0,0,0.00577219,5,26.4,-2.57712,3,1,0.5,0,0,0,0,0,0.007268,6,26.4,0.990582,-1.50162,1,-0.00590086,0.500003,0,0.0418127,-5.96046e-05,0,0.0092836,7,26.4,1.99997,-1.62004,1,7.7486e-05,-0.498727,0,-5.96046e-05,0.0254512,0,0.00882189,8,26.4,-0.527633,-1.00064,1,0.5,-0.00167787,0,1.43051e-05,0.00911951,0,0.0118042,9,26.4,1,2.00002,1,-8.9407e-06,-1.19209e-05,0,0,0,0,0.010064,10,26.4,-0.999796,-0.0185135,1,-0.000208616,-0.5,0,-0.000119209,1.19209e-06,0,0.0181438,11,26.4,0.997752,-0.0149331,1,0.000119209,0.00176239,0,0.0199378,0.141159,0,0.0110244,12,26.4,-3,0.622277,1,0,0.498571,0,0,-0.0286102,0,0.00669771,13,26.4,2.00007,2,1,-1.19209e-05,5.96046e-06,0,-0.000476837,5.96046e-05,0,0.00680628,14,26.4,-1.00211,-2.45215,1,0.0089854,-0.5,0,-0.0131726,0,0,0.00945535,15,26.4,0.629117,1,1,0.498089,-2.98023e-06,0,-0.038147,0,0,0.00924251,16,26.4,0.131543,2.53168,1,0.430278,0.495636,0,0.589899,-0.0501871,0,0.00812288,17,26.4,2.46328,-3,1,-0.5,0,0,0,0,0,0.0065148,18,26.4,-0.987426,2,1,-0.0204667,-5.96046e-06,0,-0.0554621,0.000119209,0,0.0128319,19,26.4,-3,-1.95264,1,0,-0.23205,0,0,0.495255,0,0.00675017,20,26.4,-3,-2.90764,1,0,-0.28972,0,0,0.504851,0,0.00589457,21,26.4,0.000257861,-1.99999,1,-0.000639842,-2.98023e-05,0,-0.000160486,5.96046e-05,0,0.00995519,22,26.4,-2.01893,3.76602e-05,1,-0.5,0.00152152,0,0,-0.00388724,0,0.011509,23,26.4,-2.05639,-3,1,0.254834,0,0,-0.508785,0,0,0.00728498,24,26.4,0.998476,-2.46318,1,0.00371784,0.5,0,-0.00211596,0,0,0.00960224,25,26.4,-0.979467,1.00021,1,0.5,-0.000202656,0,2.98023e-05,-0.000178814,0,0.0124725,26,26.4,3,-2.47795,1,0,-0.498897,0,0,-0.0220537,0,0.00585713,27,26.4,-1.53082,2.57597,1,-0.499305,-0.5,0,0.0138879,0,0,0.00879476,28,26.4,-1.99999,-1.99645,1,0,0.103763,0,0,-0.415981,0,0.00967453,29,26.4,2.99532,-1.53406,1,-0.00675917,-0.500003,0,0.0264645,5.96046e-05,0,0.008941,30,26.4,-1.84278,0.929291,1,0.463653,0.250073,0,0.38749,-0.409603,0,0.0107424,31,26.4,2.00001,3,1,1.19209e-05,3.57628e-05,0,-0.000238419,-0.000238419,0,0.00875362,32,26.4,1.99995,1,1,7.15256e-05,-1.49012e-05,0,0.000119209,0,0,0.0120367,33,26.4,-0.016352,4.01373e-06,1,-0.0140845,-1.45134e-05,0,0.207507,7.49151e-06,0,0.0143159,34,26.4,-0.556667,2.99599,1,-0.210968,-0.00707507,0,1.00002,0.0253916,0,0.00610824,35,26.4,3,1.99994,1,0,-5.06639e-05,0,0,0.000655651,0,0.00988608
0,26.5,1.57012,-0.998154,1,0.49992,0.00215499,0,-0.0031963,-0.0151508,0,0.0108755,1,26.5,-0.000613387,-3,1,0.00346862,0,0,-0.00552805,0,0,0.00779649,2,26.5,2.00001,-9.71857e-05,1,-0.000244565,0.00243476,0,0.000707805,-0.00650522,0,0.00923574,3,26.5,-1.99887,-0.869731,1,0.0410683,0.5,0,0.177562,0,0,0.0120533,4,26.5,1.46563,-3,1,-0.5,0,0,7.45058e-06,0,0,0.00577219,5,26.5,-2.52712,3,1,0.5,0,0,0,0,0,0.007268,6,26.5,0.990198,-1.45162,1,-0.00180425,0.5,0,0.0397377,-7.45058e-06,0,0.0092836,7,26.5,1.99998,-1.66971,1,7.0408e-05,-0.493705,0,-8.9407e-05,0.0797585,0,0.00882189,8,26.5,-0.477633,-1.00077,1,0.5,-0.000850298,0,-1.78814e-06,0.00744313,0,0.0118042,9,26.5,1,2.00002,1,-8.75443e-06,-1.22935e-05,0,7.45058e-06,-1.49012e-05,0,0.010064,10,26.5,-0.999817,-0.0685135,1,-0.000216626,-0.5,0,-4.47035e-05,5.96046e-07,0,0.0181438,11,26.5,0.997852,-0.0141337,1,0.00178795,0.0134282,0,0.0135824,0.0934016,0,0.0110244,12,26.5,-3,0.671909,1,0,0.493151,0,0,-0.0843517,0,0.00669771,13,26.5,2.00006,2,1,-5.25266e-05,1.08033e-05,0,-0.000342727,2.98023e-05,0,0.00680628,14,26.5,-1.00128,-2.50215,1,0.00759698,-0.5,0,-0.0144243,0,0,0.00945535,15,26.5,0.678645,1,1,0.491464,-2.98023e-06,0,-0.0983588,0,0,0.00924251,16,26.5,0.177056,2.58091,1,0.475389,0.488091,0,0.315329,-0.100806,0,0.00812288,17,26.5,2.41329,-3,1,-0.499637,0,0,0.0112653,0,0,0.0065148,18,26.5,-0.989692,2,1,-0.0242851,3.72529e-06,0,-0.0222586,5.96046e-05,0,0.0128319,19,26.5,-3,-1.97341,1,0,-0.183572,0,0,0.471294,0,0.00675017,20,26.5,-3,-2.93406,1,0,-0.23871,0,0,0.510618,0,0.00589457,21,26.5,0.00019394,-2,1,-0.000630587,-2.38419e-05,0,0.000320221,5.96046e-05,0,0.00995519,22,26.5,-2.06893,0.00017084,1,-0.5,0.00114695,0,0,-0.00359498,0,0.011509,23,26.5,-2.03344,-3,1,0.204587,0,0,-0.492707,0,0,0.00728498,24,26.5,0.998835,-2.41319,1,0.00343611,0.499633,0,-0.00343844,-0.0113696,0,0.00960224,25,26.5,-0.929467,1.00019,1,0.5,-0.000216067,0,0,-8.9407e-05,0,0.0124725,26,26.5,3,-2.5279,1,0,-0.499931,0,0,-0.00275671,0,0.00585713,27,26.5,-1.58062,2.52597,1,-0.496015,-0.5,0,0.0537932,0,0,0.00879476,28,26.5,-1.99999,-1.98804,1,-1.86265e-07,0.0654766,0,-7.45058e-06,-0.349201,0,0.00967453,29,26.5,2.99478,-1.58406,1,-0.00406988,-0.499725,0,0.0269562,0.00894815,0,0.008941,30,26.5,-1.79487,0.952263,1,0.490778,0.209553,0,0.164002,-0.39921,0,0.0107424,31,26.5,2.00001,3,1,-7.07805e-06,1.56462e-05,0,-0.000163913,-0.000149012,0,0.00875362,32,26.5,1.99996,1,1,7.93487e-05,-1.41561e-05,0,4.47035e-05,1.49012e-05,0,0.0120367,33,26.5,-0.0168222,2.61529e-06,1,0.00371471,-1.3316e-05,0,0.149569,1.58604e-05,0,0.0143159,34,26.5,-0.572764,2.99541,1,-0.110967,-0.00449046,0,1.00001,0.0259578,0,0.00610824,35,26.5,3,1.99994,1,0,6.89179e-06,0,0,0.000499189,0,0.00988608
0,26.6,1.62007,-0.99801,1,0.498727,0.000755489,0,-0.0255704,-0.012815,0,0.0109012,1,26.6,-0.000295669,-3,1,0.00287344,0,0,-0.00626704,0,0,0.00612533,2,26.6,1.99999,0.000113974,1,-0.000175834,0.00179231,0,0.000655651,-0.00627511,0,0.00937561,3,26.6,-1.99384,-0.819731,1,0.0595033,0.5,0,0.183463,2.98023e-05,0,0.0110086,4,26.6,1.41563,-3,1,-0.500003,0,0,5.96046e-05,0,0,0.00573424,5,26.6,-2.47712,3,1,0.5,0,0,0,0,0,0.00662395,6,26.6,0.99021,-1.40162,1,0.00197738,0.500003,0,0.0355542,-5.96046e-05,0,0.0101802,7,26.6,1.99999,-1.71856,1,5.96046e-05,-0.481999,0,-0.000119209,0.157297,0,0.00937339,8,26.6,-0.427633,-1.00082,1,0.5,-0.000184774,0,-1.43051e-05,0.00590086,0,0.0104097,9,26.6,1,2.00002,1,-8.9407e-06,-1.19209e-05,0,5.96046e-05,-0.000119209,0,0.0102219,10,26.6,-0.999839,-0.118514,1,-0.000219047,-0.5,0,5.96046e-05,0,0,0.0148465,11,26.6,0.99809,-0.0123942,1,0.002864,0.0206912,0,0.00810623,0.0530994,0,0.00955033,12,26.6,-3,0.72068,1,0,0.480959,0,0,-0.162363,0,0.00917025,13,26.6,2.00006,2,1,-7.7486e-05,1.19209e-05,0,-0.000238419,0,0,0.00676185,14,26.6,-1.0006,-2.55215,1,0.00613034,-0.5,0,-0.0147223,0,0,0.0108873,15,26.6,0.727174,1,1,0.477782,-2.98023e-06,0,-0.177681,0,0,0.00965794,16,26.6,0.225769,2.62913,1,0.495191,0.475484,0,0.0961864,-0.151277,0,0.00804154,17,26.6,2.36344,-3,1,-0.496781,0,0,0.0513792,0,0,0.0063508,18,26.6,-0.992186,2,1,-0.025177,5.96046e-06,0,0.00318885,0.000119209,0,0.0119736,19,26.6,-3,-1.98947,1,0,-0.138322,0,0,0.431478,0,0.00921303,20,26.6,-3,-2.95541,1,0,-0.18847,0,0,0.490308,0,0.00558058,21,26.6,0.0001331,-2,1,-0.00058058,-1.78814e-05,0,0.000657471,5.96046e-05,0,0.0108426,22,26.6,-2.11893,0.000268112,1,-0.5,0.000804196,0,0,-0.00325263,0,0.0125372,23,26.6,-2.01539,-3,1,0.156909,0,0,-0.458121,0,0,0.00727533,24,26.6,0.99916,-2.36333,1,0.0030458,0.496763,0,-0.00429153,-0.0516176,0,0.00942782,25,26.6,-0.879467,1.00017,1,0.5,-0.000220537,0,2.98023e-05,0,0,0.0117936,26,26.6,3,-2.5779,1,0,-0.5,0,0,0,0,0.00666853,27,26.6,-1.62988,2.47597,1,-0.488228,-0.5,0,0.103354,0,0,0.00955625,28,26.6,-1.99999,-1.98312,1,-2.98023e-06,0.0339776,0,0,-0.280678,0,0.0100735,29,26.6,2.9945,-1.63394,1,-0.00143051,-0.497249,0,0.0255108,0.04673,0,0.00834517,30,26.6,-1.74526,0.971251,1,0.499061,0.170526,0,0.0187755,-0.37998,0,0.0107467,31,26.6,2.00001,3,1,-1.78814e-05,5.96046e-06,0,-0.000119209,-0.000119209,0,0.00968622,32,26.6,1.99997,1,1,8.04663e-05,-1.19209e-05,0,-5.96046e-05,0,0,0.0109435,33,26.6,-0.015791,1.3727e-06,1,0.016057,-1.14514e-05,0,0.0984631,2.09259e-05,0,0.0134856,34,26.6,-0.57886,2.99509,1,-0.0109673,-0.00194907,0,1.00002,0.0247955,0,0.00581573,35,26.6,3,1.99994,1,0,4.76837e-05,0,0,0.000357628,0,0.00726773
0,26.7,1.66993,-0.997993,1,0.499135,-0.000360236,0,0.0159368,-0.00958145,0,0.0109012,1,26.7,-4.0035e-05,-3,1,0.00223755,0,0,-0.0063702,0,0,0.00612533,2,26.7,1.99997,0.000262764,1,-0.000113994,0.00119387,0,0.000581145,-0.0056537,0,0.00937561,3,26.7,-1.98721,-0.769731,1,0.0708258,0.5,0,0.0489876,0,0,0.0110086,4,26.7,1.36606,-3,1,-0.487241,0,0,0.243708,0,0,0.00573424,5,26.7,-2.42712,3,1,0.499908,0,0,-0.00366569,0,0,0.00662395,6,26.7,0.990577,-1.35209,1,0.00525489,0.486165,0,0.02978,-0.263467,0,0.0101802,7,26.7,1.99999,-1.76531,1,4.73112e-05,-0.447119,0,-0.00013411,0.514448,0,0.00937339,8,26.7,-0.377711,-1.00081,1,0.497599,0.000323541,0,-0.0509451,0.00429899,0,0.0104097,9,26.7,1,2.00001,1,-3.91155e-06,-2.16067e-05,0,3.72529e-05,-5.96046e-05,0,0.0102219,10,26.7,-0.999861,-0.168514,1,-0.000210945,-0.5,0,0.000100583,-8.9407e-07,0,0.0148465,11,26.7,0.998408,-0.0101173,1,0.00343733,0.0243031,0,0.00353158,0.0204839,0,0.00955033,12,26.7,-3,0.767775,1,0,0.459136,0,0,-0.271097,0,0.00917025,13,26.7,2.00005,2,1,-9.46224e-05,1.11759e-05,0,-0.000119209,-1.49012e-05,0,0.00676185,14,26.7,-1.00005,-2.60211,1,0.00469657,-0.498739,0,-0.0138842,0.0302345,0,0.0108873,15,26.7,0.773878,1,1,0.454523,-2.98023e-06,0,-0.284329,0,0,0.00965794,16,26.7,0.275582,2.67581,1,0.499699,0.457007,0,0.0120197,-0.216275,0,0.00804154,17,26.7,2.31455,-3,1,-0.475963,0,0,0.348285,0,0,0.0063508,18,26.7,-0.994655,2,1,-0.0239023,1.41561e-05,0,0.0211708,2.98023e-05,0,0.0119736,19,26.7,-3,-2.00123,1,0,-0.0977578,0,0,0.378512,0,0.00921303,20,26.7,-3,-2.97186,1,0,-0.141311,0,0,0.449359,0,0.00558058,21,26.7,7.87167e-05,-2,1,-0.000503721,-1.22935e-05,0,0.00086024,7.45058e-05,0,0.0108426,22,26.7,-2.16893,0.000333059,1,-0.5,0.000502578,0,0,-0.00278244,0,0.0125372,23,26.7,-2.00191,-3,1,0.113522,0,0,-0.407934,0,0,0.00727533,24,26.7,0.999442,-2.31445,1,0.0025929,0.475919,0,-0.00469759,-0.348568,0,0.00942782,25,26.7,-0.829467,1.00014,1,0.5,-0.000217184,0,0,5.96046e-05,0,0.0117936,26,26.7,3,-2.62748,1,0,-0.487732,0,0,0.234857,0,0.00666853,27,26.7,-1.67804,2.42603,1,-0.473664,-0.498081,0,0.185788,0.040397,0,0.00955625,28,26.7,-1.99999,-1.98102,1,-3.1665e-06,0.00934023,0,-7.45058e-06,-0.212915,0,0.0100735,29,26.7,2.99411,-1.68326,1,-0.00972599,-0.487613,0,-0.176102,0.144616,0,0.00834517,30,26.7,-1.69529,0.986452,1,0.499941,0.133976,0,0.00234693,-0.35017,0,0.0107467,31,26.7,2.00001,3,1,-2.6077e-05,-3.72529e-06,0,-2.98023e-05,-5.96046e-05,0,0.00968622,32,26.7,1.99998,1,1,7.33882e-05,-1.13621e-05,0,-8.9407e-05,1.49012e-05,0,0.0109435,33,26.7,-0.0137693,3.36653e-07,1,0.023651,-9.23478e-06,0,0.0548775,2.3018e-05,0,0.0134856,34,26.7,-0.574957,2.99501,1,0.0890334,0.000345334,0,1.00001,0.0210255,0,0.00581573,35,26.7,3,1.99995,1,0,7.58097e-05,0,0,0.000216067,0,0.00726773
0,26.8,1.7199,-0.998072,1,0.5,-0.00117719,0,0,-0.00676513,0,0.010632,1,26.8,0.000152253,-3,1,0.00161365,0,0,-0.00604612,0,0,0.00668957,2,26.8,1.99996,0.000355183,1,-5.96046e-05,0.000668188,0,0.000476837,-0.00483378,0,0.00959724,3,26.8,-1.98007,-0.719731,1,0.0704378,0.5,0,-0.0514388,2.98023e-05,0,0.0134824,4,26.8,1.31888,-3,1,-0.453445,0,0,0.421822,0,0,0.0063032,5,26.8,-2.37718,3,1,0.498533,0,0,-0.0294447,0,0,0.00679176,6,26.8,0.99124,-1.30514,1,0.00789762,0.449812,0,0.0228882,-0.451863,0,0.0109623,7,26.8,2,-1.80704,1,3.27826e-05,-0.38386,0,-0.000178814,0.729084,0,0.0119918,8,26.8,-0.32831,-1.00076,1,0.489321,0.000682473,0,-0.116557,0.00292063,0,0.010629,9,26.8,1,2.00001,1,-2.98023e-06,-2.98023e-05,0,0.000119209,0.000119209,0,0.00934953,10,26.8,-0.999881,-0.218514,1,-0.000199676,-0.5,0,0.000149012,0,0,0.0171394,11,26.8,0.998763,-0.00762915,1,0.00360459,0.0250452,0,-5.96046e-05,-0.00441518,0,0.00935339,12,26.8,-3,0.812175,1,0,0.427356,0,0,-0.361294,0,0.0100435,13,26.8,2.00004,2,1,-0.000101328,5.96046e-06,0,0,0.000119209,0,0.00716656,14,26.8,-0.999653,-2.65175,1,0.00336617,-0.493097,0,-0.0126362,0.0865459,0,0.00924705,15,26.8,0.817755,1,1,0.421564,-2.98023e-06,0,-0.371575,5.96046e-05,0,0.00990939,16,26.8,0.325576,2.72033,1,0.5,0.432616,0,-1.43051e-05,-0.269651,0,0.00673809,17,26.8,2.26907,-3,1,-0.430268,0,0,0.550985,0,0,0.00762567,18,26.8,-0.996917,2,1,-0.0211552,1.78814e-05,0,0.0328124,0,0,0.0142982,19,26.8,-3,-2.00921,1,0,-0.0628173,0,0,0.3196,0,0.00832344,20,26.8,-3,-2.98384,1,0,-0.099194,0,0,0.39053,0,0.00536774,21,26.8,3.28464e-05,-2,1,-0.00041209,-1.19209e-05,0,0.000956266,0.000119209,0,0.0106159,22,26.8,-2.21893,0.000370166,1,-0.5,0.000247119,0,0,-0.00232994,0,0.0112133,23,26.8,-1.9925,-3,1,0.0755906,0,0,-0.349581,0,0,0.00780881,24,26.8,0.999678,-2.26898,1,0.00211746,0.430197,0,-0.00476837,-0.551224,0,0.00932751,25,26.8,-0.779467,1.00012,1,0.5,-0.000208616,0,2.98023e-05,0.000119209,0,0.0143144,26,26.8,3,-2.67477,1,0,-0.45504,0,0,0.409484,0,0.00662496,27,26.8,-1.72435,2.3765,1,-0.451496,-0.491577,0,0.255525,0.0910759,0,0.00966723,28,26.8,-1.99999,-1.98104,1,-2.98023e-06,-0.00879765,0,0,-0.150919,0,0.00961179,29,26.8,2.99203,-1.73115,1,-0.0338197,-0.468633,0,-0.292778,0.233352,0,0.00727382,30,26.8,-1.6453,0.998154,1,0.500003,0.100644,0,-5.96046e-05,-0.315815,0,0.0111568,31,26.8,2,3,1,-2.98023e-05,-5.96046e-06,0,0,-0.000119209,0,0.00967688,32,26.8,1.99998,0.999999,1,6.55651e-05,-8.9407e-06,0,-0.000119209,0,0,0.0126068,33,26.8,-0.0111917,-4.70957e-07,1,0.0273168,-6.91751e-06,0,0.0198227,2.30202e-05,0,0.0116023,34,26.8,-0.561054,2.99515,1,0.189033,0.0022471,0,1.00002,0.0169277,0,0.00818356,35,26.8,3,1.99996,1,0,9.23872e-05,0,0,5.96046e-05,0,0.00822145
0,26.9,1.7699,-0.998219,1,0.5,-0.00173133,0,0,-0.00438839,0,0.010632,1,26.9,0.000284426,-3,1,0.00104107,0,0,-0.00537112,0,0,0.00668957,2,26.9,1.99996,0.000399419,1,-1.71363e-05,0.000232502,0,0.000372529,-0.00387613,0,0.00959724,3,26.9,-1.9734,-0.669731,1,0.0618482,0.5,0,-0.116058,0,0,0.0134824,4,26.9,1.27638,-3,1,-0.390026,0,0,0.807591,0,0,0.0063032,5,26.9,-2.32734,3,1,0.498936,0,0,0.0183582,0,0,0.00679176,6,26.9,0.992132,-1.26316,1,0.00982601,0.383242,0,0.015609,-0.838198,0,0.0109623,7,26.9,2,-1.84126,1,-2.99886e-05,-0.296559,0,-0.00127405,0.966139,0,0.0119918,8,26.9,-0.280077,-1.00068,1,0.47414,0.000914745,0,-0.18835,0.00175089,0,0.010629,9,26.9,1,2.00001,1,5.7742e-06,-1.9744e-05,0,6.70552e-05,7.45058e-05,0,0.00934953,10,26.9,-0.9999,-0.268514,1,-0.000183843,-0.5,0,0.000171363,8.9407e-07,0,0.0171394,11,26.9,0.999119,-0.0051787,1,0.00346201,0.0236723,0,-0.00264123,-0.0219185,0,0.00935339,12,26.9,-3,0.852988,1,0,0.387801,0,0,-0.426874,0,0.0100435,13,26.9,2.00003,2,1,-9.76026e-05,1.41561e-05,0,8.9407e-05,2.98023e-05,0,0.00716656,14,26.9,-0.999377,-2.70051,1,0.00217827,-0.480961,0,-0.0110827,0.158638,0,0.00924705,15,26.9,0.85742,1,1,0.366171,1.86265e-06,0,-0.705726,2.98023e-05,0,0.00990939,16,26.9,0.375576,2.76217,1,0.5,0.403496,0,0,-0.311002,0,0.00673809,17,26.9,2.22932,-3,1,-0.360377,0,0,0.818595,0,0,0.00762567,18,26.9,-0.998857,2.00001,1,-0.017542,1.60187e-05,0,0.038676,-4.47035e-05,0,0.0142982,19,26.9,-3,-2.014,1,0,-0.0339907,0,0,0.257149,0,0.00832344,20,26.9,-3,-2.99192,1,0,-0.0635974,0,0,0.320077,0,0.00536774,21,26.9,-3.54884e-06,-2,1,-0.000315788,-1.86265e-06,0,0.000958095,7.45058e-05,0,0.0106159,22,26.9,-2.26893,0.000383988,1,-0.5,3.67945e-05,0,0,-0.00188161,0,0.0112133,23,26.9,-1.98659,-3,1,0.0438148,0,0,-0.285901,0,0,0.00780881,24,26.9,0.999866,-2.22923,1,0.00164146,0.360351,0,-0.004787,-0.817567,0,0.00932751,25,26.9,-0.729467,1.0001,1,0.5,-0.000195578,0,0,0.000149012,0,0.0143144,26,26.9,3,-2.71772,1,0,-0.399712,0,0,0.673592,0,0.00662496,27,26.9,-1.76817,2.32827,1,-0.424349,-0.468803,0,0.288635,0.349715,0,0.00966723,28,26.9,-2,-1.98258,1,-3.1665e-06,-0.02106,0,-7.45058e-06,-0.0958517,0,0.00961179,29,26.9,2.98683,-1.77672,1,-0.0731912,-0.441514,0,-0.472143,0.307336,0,0.00727382,30,26.9,-1.5953,1.00589,1,0.5,0.047562,0,-7.45058e-06,-0.712637,0,0.0111568,31,26.9,2,3,1,-2.79397e-05,-1.41561e-05,0,4.47035e-05,-2.98023e-05,0,0.00967688,32,26.9,1.99999,0.999998,1,5.36442e-05,-8.3819e-06,0,-0.000119209,1.49012e-05,0,0.0126068,33,26.9,-0.00840867,-1.05006e-06,1,0.0278999,-4.69399e-06,0,-0.00678875,2.12615e-05,0,0.0116023,34,26.9,-0.53726,2.99545,1,0.285316,0.00369437,0,0.90941,0.0120848,0,0.00818356,35,26.9,3,1.99997,1,0,9.40636e-05,0,0,-2.23517e-05,0,0.00822145
0,27,1.8199,-0.998411,1,0.500003,-0.00206828,0,-5.96046e-05,-0.00244379,0,0.0102068,1,27,0.000363026,-3,1,0.000544987,0,0,-0.00452915,0,0,0.00648684,2,27,1.99996,0.000404894,1,1.49012e-05,-0.000107015,0,0.000298023,-0.00291778,0,0.00994846,3,27,-1.96787,-0.619731,1,0.0480294,0.5,0,-0.156641,2.98023e-05,0,0.0134182,4,27,1.24179,-3,1,-0.298986,0,0,0.981748,0,0,0.00632246,5,27,-2.27738,3,1,0.5,0,0,0,0,0,0.00420008,6,27,0.99318,-1.22938,1,0.0110134,0.289661,0,0.00822544,-1.00005,0,0.0135828,7,27,1.99999,-1.86598,1,-0.00025034,-0.197405,0,-0.00321865,0.999987,0,0.0120918,8,27,-0.233731,-1.00058,1,0.451495,0.0010401,0,-0.264801,0.00077486,0,0.0119499,9,27,1,2.00001,1,8.9407e-06,-1.19209e-05,0,5.96046e-05,0,0,0.0095709,10,27,-0.999918,-0.318514,1,-0.000166893,-0.5,0,0.000178814,1.43051e-05,0,0.0155902,11,27,0.999449,-0.00294222,1,0.0031054,0.0208702,0,-0.00438094,-0.0331594,0,0.0109984,12,27,-3,0.889547,1,0,0.342597,0,0,-0.474036,0,0.00939129,13,27,2.00002,2,1,-8.9407e-05,1.78814e-05,0,0.000119209,0,0,0.00670729,14,27,-0.999211,-2.74768,1,0.00115782,-0.461018,0,-0.00935793,0.24128,0,0.0097056,15,27,0.890165,1,1,0.285949,2.98023e-06,0,-0.873983,5.96046e-05,0,0.0110945,16,27,0.425576,2.80091,1,0.5,0.370747,0,-1.43051e-05,-0.342011,0,0.0066834,17,27,2.19762,-3,1,-0.27163,0,0,0.933647,0,0,0.00727635,18,27,-1.00041,2.00001,1,-0.0135601,1.19209e-05,0,0.0403523,0,0,0.0127703,19,27,-3,-2.01621,1,0,-0.0113189,0,0,0.196934,0,0.00747824,20,27,-3,-2.9968,1,0,-0.0353456,0,0,0.244737,0,0.00510015,21,27,-3.04144e-05,-2,1,-0.000222524,0,0,0.000898333,0.000119209,0,0.0121234,22,27,-2.31893,0.000378968,1,-0.5,-0.000130248,0,0,-0.00146464,0,0.0105863,23,27,-1.98353,-3,1,0.0183791,0,0,-0.2231,0,0,0.00679406,24,27,1.00001,-2.19753,1,0.00115633,0.271738,0,-0.00494719,-0.931978,0,0.00894521,25,27,-0.679467,1.00008,1,0.5,-0.000178814,0,2.98023e-05,0.000178814,0,0.01529,26,27,3,-2.75405,1,0,-0.324595,0,0,0.809669,0,0.00838235,27,27,-1.8091,2.28346,1,-0.393602,-0.424397,0,0.326753,0.525475,0,0.00930237,28,27,-2,-1.98508,1,-2.98023e-06,-0.0282705,0,0,-0.0498891,0,0.0110817,29,27,2.97701,-1.81922,1,-0.124186,-0.407535,0,-0.529647,0.370383,0,0.0063966,30,27,-1.5453,1.00666,1,0.500003,-0.0357568,0,-5.96046e-05,-0.92566,0,0.0129289,31,27,2,3,1,-2.38419e-05,-1.78814e-05,0,5.96046e-05,0,0,0.00653945,32,27,1.99999,0.999998,1,4.17233e-05,-7.45058e-06,0,-0.000119209,5.96046e-05,0,0.0118967,33,27,-0.0056871,-1.41735e-06,1,0.0262171,-2.69711e-06,0,-0.025659,1.85462e-05,0,0.0125743,34,27,-0.504438,2.99587,1,0.368279,0.00467896,0,0.739709,0.0077486,0,0.00609819,35,27,3,1.99997,1,0,8.9407e-05,0,0,-5.96046e-05,0,0.00921216
0,27.1,1.8699,-0.998627,1,0.5,-0.0022308,0,-7.45058e-06,-0.000860542,0,0.0102068,1,27.1,0.000396464,-3,1,0.000139657,0,0,-0.003577,0,0,0.00648684,2,27.1,1.99996,0.000381185,1,3.94881e-05,-0.00035179,0,0.000193715,-0.00199495,0,0.00994846,3,27.1,-1.96387,-0.569731,1,0.0319036,0.5,0,-0.163995,0,0,0.0134182,4,27.1,1.21684,-3,1,-0.199841,0,0,0.997722,0,0,0.00632246,5,27.1,-2.22738,3,1,0.5,0,0,0,0,0,0.00420008,6,27.1,0.994309,-1.20542,1,0.0114378,0.189658,0,0.000558794,-1.00001,0,0.0135828,7,27.1,1.9999,-1.88072,1,-0.00179801,-0.0974052,0,-0.0260845,1,0,0.0120918,8,27.1,-0.190062,-1.00047,1,0.420434,0.00107512,0,-0.352687,-4.47035e-05,0,0.0119499,9,27.1,1,2.00001,1,1.24797e-05,-1.19209e-05,0,2.23517e-05,0,0,0.0095709,10,27.1,-0.999934,-0.368513,1,-0.000148639,-0.5,0,0.000186265,0,0,0.0155902,11,27.1,0.999736,-0.00103217,1,0.00261609,0.0172385,0,-0.00529736,-0.0387153,0,0.0109984,12,27.1,-3,0.921382,1,0,0.293672,0,0,-0.500195,0,0.00939129,13,27.1,2.00001,2,1,-7.59959e-05,1.60187e-05,0,0.000149012,-4.47035e-05,0,0.00670729,14,27.1,-0.999139,-2.7924,1,0.000323728,-0.431643,0,-0.00733882,0.342354,0,0.0097056,15,27.1,0.914146,1,1,0.191856,7.07805e-06,0,-0.984251,1.49012e-05,0,0.0110945,16,27.1,0.475576,2.83623,1,0.5,0.335107,0,1.78814e-06,-0.368506,0,0.0066834,17,27.1,2.17525,-3,1,-0.174827,0,0,0.98823,0,0,0.00727635,18,27.1,-1.00157,2.00001,1,-0.00960045,1.04308e-05,0,0.0384301,-2.98023e-05,0,0.0127703,19,27.1,-3,-2.01645,1,0,0.00549331,0,0,0.140458,0,0.00747824,20,27.1,-3,-2.99924,1,0,-0.014627,0,0,0.170648,0,0.00510015,21,27.1,-4.83464e-05,-2,1,-0.000137946,9.68575e-06,0,0.000788583,5.96046e-05,0,0.0121234,22,27.1,-2.36893,0.00035935,1,-0.5,-0.00025506,0,0,-0.00104157,0,0.0105863,23,27.1,-1.9827,-3,1,-0.000881404,0,0,-0.163153,0,0,0.00679406,24,27.1,1.0001,-2.17515,1,0.000694208,0.174925,0,-0.0044927,-0.991493,0,0.00894521,25,27.1,-0.629777,1.00007,1,0.490846,-8.028e-05,0,-0.177447,0.00175089,0,0.01529,26,27.1,3,-2.78218,1,0,-0.235839,0,0,0.941366,0,0.00838235,27,27.1,-1.84678,2.24429,1,-0.359397,-0.353441,0,0.357464,0.857726,0,0.00930237,28,27.1,-2,-1.98809,1,-2.98023e-06,-0.0313465,0,0,-0.0132471,0,0.0110817,29,27.1,2.96182,-1.85802,1,-0.180231,-0.367389,0,-0.574142,0.428282,0,0.0063966,30,27.1,-1.49535,0.998314,1,0.498394,-0.132272,0,-0.0331551,-0.990711,0,0.0129289,31,27.1,2,2.99999,1,-1.78814e-05,-1.60187e-05,0,5.96046e-05,4.47035e-05,0,0.00653945,32,27.1,2,0.999997,1,3.05474e-05,-2.14204e-06,0,-0.000104308,4.09782e-05,0,0.0118967,33,27.1,-0.00321571,-1.59993e-06,1,0.0230168,-1.01151e-06,0,-0.0373164,1.51294e-05,0,0.0125743,34,27.1,-0.464289,2.99637,1,0.43097,0.00524037,0,0.515843,0.00359118,0,0.00609819,35,27.1,3,1.99998,1,0,8.10251e-05,0,0,-9.68575e-05,0,0.00921216
0,27.2,1.9199,-0.998852,1,0.500003,-0.00225157,0,-5.96046e-05,0.00038743,0,0.00853426,1,27.2,0.000394118,-3,1,-0.000170975,0,0,-0.00264171,0,0,0.00751076,2,27.2,1.99997,0.000337434,1,5.36442e-05,-0.000509655,0,0.000119209,-0.00118162,0,0.0116649,3,27.2,-1.9615,-0.519731,1,0.0155777,0.5,0,-0.160873,-1.43051e-05,0,0.0120769,4,27.2,1.20185,-3,1,-0.0998974,0,0,0.999987,0,0,0.00674173,5,27.2,-2.17738,3,1,0.5,0,0,0,0,0,0.00430523,6,27.2,0.995445,-1.19145,1,0.0111803,0.0896573,0,-0.00539422,-0.999987,0,0.0136241,7,27.2,1.99957,-1.88546,1,-0.00514984,0.00259578,0,-0.0395775,0.999987,0,0.0121914,8,27.2,-0.1499,-1.00037,1,0.381694,0.00103712,0,-0.418492,-0.000596046,0,0.011525,9,27.2,1,2,1,1.19209e-05,-1.19209e-05,0,5.96046e-05,0.000119209,0,0.0100085,10,27.2,-0.999948,-0.418514,1,-0.00012964,-0.5,0,0.000178814,1.43051e-05,0,0.0132316,11,27.2,0.99997,0.000494156,1,0.00206679,0.0132643,0,-0.00569224,-0.040159,0,0.0123887,12,27.2,-3,0.948235,1,0,0.243355,0,0,-0.502437,0,0.00838112,13,27.2,2,2.00001,1,-5.96046e-05,1.78814e-05,0,0.000119209,-0.000238419,0,0.00638928,14,27.2,-0.99914,-2.83371,1,-0.000314415,-0.393331,0,-0.00545382,0.420213,0,0.00940634,15,27.2,0.928363,1,1,0.0922501,8.9407e-06,0,-1.00002,0,0,0.0129494,16,27.2,0.525576,2.86787,1,0.5,0.297475,0,2.98023e-05,-0.381947,0,0.00603493,17,27.2,2.16271,-3,1,-0.0763297,0,0,0.972271,0,0,0.00603528,18,27.2,-1.00234,2.00001,1,-0.00594258,5.96046e-06,0,0.0344515,0,0,0.0139647,19,27.2,-3,-2.01529,1,0,0.0170052,0,0,0.0908375,0,0.00770553,20,27.2,-3,-2.99996,1,0,-0.000929832,0,0,0.105143,0,0.00529504,21,27.2,-5.8411e-05,-2,1,-6.555e-05,1.19209e-05,0,0.000656568,5.96046e-05,0,0.0109301,22,27.2,-2.41893,0.000329268,1,-0.5,-0.000340508,0,0,-0.000676882,0,0.00982986,23,27.2,-1.98352,-3,1,-0.014472,0,0,-0.109732,0,0,0.00734179,24,27.2,1.00014,-2.16264,1,0.000223517,0.0751436,0,-0.005126,-1.00017,0,0.00981377,25,27.2,-0.581833,1.00007,1,0.465633,0.000160933,0,-0.321239,0.00309944,0,0.0134004,26,27.2,3,-2.80101,1,0,-0.140589,0,0,0.94533,0,0.00560425,27,27.2,-1.88088,2.21354,1,-0.322163,-0.259316,0,0.386357,0.996232,0,0.0100478,28,27.2,-2,-1.99125,1,-5.96046e-06,-0.0312239,0,5.96046e-05,0.0142455,0,0.00970206,29,27.2,2.94097,-1.89255,1,-0.235999,-0.322685,0,-0.52774,0.461936,0,0.00856387,30,27.2,-1.44574,0.980105,1,0.493193,-0.232039,0,-0.0716448,-1.00002,0,0.0134479,31,27.2,1.99999,2.99999,1,-8.9407e-06,-1.19209e-05,0,0,0,0,0.00900889,32,27.2,2,0.999997,1,2.38419e-05,1.49012e-06,0,-0.000238419,2.98023e-05,0,0.0111676,33,27.2,-0.00111277,-1.63132e-06,1,0.0189421,3.24741e-07,0,-0.0433261,1.15917e-05,0,0.0120032,34,27.2,-0.418967,2.9969,1,0.472016,0.00542402,0,0.309035,0.000119209,0,0.00645868,35,27.2,3,1.99999,1,0,6.85453e-05,0,0,-0.000119209,0,0.0091
0,27.3,1.9699,-0.999074,1,0.5,-0.00216737,0,-7.45058e-06,0.00125915,0,0.00853426,1,27.3,0.000365335,-3,1,-0.000389936,0,0,-0.00175596,0,0,0.00751076,2,27.3,1.99997,0.000281773,1,6.14673e-05,-0.000592086,0,4.47035e-05,-0.000491917,0,0.0116649,3,27.3,-1.96072,-0.469731,1,9.0152e-05,0.5,0,-0.147685,0,0,0.0120769,4,27.3,1.19686,-3,1,0.000102073,0,0,1,0,0,0.00674173,5,27.3,-2.12738,3,1,0.5,0,0,0,0,0,0.00430523,6,27.3,0.996528,-1.18749,1,0.0104032,-0.0103422,0,-0.00987574,-1,0,0.0136241,7,27.3,1.99879,-1.88021,1,-0.0110166,0.102422,0,-0.0744388,0.993058,0,0.0121914,8,27.3,-0.113898,-1.00027,1,0.337685,0.000954419,0,-0.458552,-0.00102818,0,0.011525,9,27.3,1.00001,2,1,1.52737e-05,-2.23517e-06,0,1.49012e-05,5.96046e-05,0,0.0100085,10,27.3,-0.99996,-0.468513,1,-0.000111852,-0.5,0,0.000175089,0,0,0.0132316,11,27.3,1.00015,0.00162224,1,0.0015053,0.00933208,0,-0.0054799,-0.0380903,0,0.0123887,12,27.3,-3,0.970084,1,0,0.193958,0,0,-0.482272,0,0.00838112,13,27.3,2,2.00001,1,-4.69387e-05,-1.11759e-06,0,0.00013411,-0.000163913,0,0.00638928,14,27.3,-0.999196,-2.87084,1,-0.000773277,-0.348353,0,-0.00375137,0.475392,0,0.00940634,15,27.3,0.932588,1,1,-0.00775056,8.00937e-06,0,-1.00001,-2.23517e-05,0,0.0129494,16,27.3,0.575574,2.8957,1,0.499897,0.259101,0,-0.00414252,-0.38372,0,0.00603493,17,27.3,2.15982,-3,1,0.0172552,0,0,0.888869,0,0,0.00603528,18,27.3,-1.00277,2.00001,1,-0.00277311,4.47035e-06,0,0.0288337,-2.98023e-05,0,0.0139647,19,27.3,-3,-2.01321,1,0,0.0239242,0,0,0.0490099,0,0.00770553,20,27.3,-3,-2.99962,1,0,0.00692904,0,0,0.0545382,0,0.00529504,21,27.3,-6.19271e-05,-2,1,-7.20423e-06,1.546e-05,0,0.000510674,2.23517e-05,0,0.0109301,22,27.3,-2.46893,0.000292366,1,-0.5,-0.000392424,0,0,-0.000370062,0,0.00982986,23,27.3,-1.98543,-3,1,-0.0230717,0,0,-0.0637248,0,0,0.00734179,24,27.3,1.00014,-2.16011,1,-0.000282377,-0.0241179,0,-0.00526011,-0.975862,0,0.00981377,25,27.3,-0.537534,1.0002,1,0.414533,0.00323933,0,-0.670008,0.0542775,0,0.0134004,26,27.3,3,-2.81031,1,0,-0.045573,0,0,0.936151,0,0.00560425,27,27.3,-1.91115,2.1926,1,-0.282989,-0.159492,0,0.39494,0.999525,0,0.0100478,28,27.3,-2,-1.99426,1,-1.11759e-06,-0.0287969,0,2.98023e-05,0.0329763,0,0.00970206,29,27.3,2.91473,-1.92247,1,-0.288649,-0.275577,0,-0.511333,0.476226,0,0.00856387,30,27.3,-1.39689,0.951967,1,0.482681,-0.329416,0,-0.137113,-0.921831,0,0.0134479,31,27.3,1.99999,2.99999,1,-8.00937e-06,-1.04308e-05,0,2.23517e-05,2.98023e-05,0,0.00900889,32,27.3,2,0.999997,1,4.84288e-06,3.91155e-06,0,-0.000163913,1.49012e-05,0,0.0111676,33,27.3,0.000561541,-1.54686e-06,1,0.0145272,1.30607e-06,0,-0.0443563,8.08988e-06,0,0.0120032,34,27.3,-0.370529,2.99744,1,0.493744,0.00529177,0,0.129131,-0.0026077,0,0.00645868,35,27.3,3,2,1,0,5.56931e-05,0,0,-0.000141561,0,0.0091
0,27.4,2.0199,-0.999283,1,0.5,-0.00200719,0,0,0.00187755,0,0.00896679,1,27.4,0.000318895,-3,1,-0.000526006,0,0,-0.000985397,0,0,0.00514466,2,27.4,1.99998,0.000221071,1,6.25849e-05,-0.000612881,0,-5.96046e-05,5.24882e-05,0,0.0102893,3,27.4,-1.96142,-0.419731,1,-0.0137508,0.5,0,-0.12821,-1.43051e-05,0,0.0125828,4,27.4,1.20187,-3,1,0.100103,0,0,0.999987,0,0,0.00718754,5,27.4,-2.07738,3,1,0.5,0,0,0,0,0,0.00509438,6,27.4,0.997514,-1.19352,1,0.00925511,-0.110343,0,-0.012815,-0.999987,0,0.0128486,7,27.4,1.99728,-1.86505,1,-0.0194222,0.199819,0,-0.0907779,0.944495,0,0.012893,8,27.4,-0.0824657,-1.00018,1,0.290606,0.000834465,0,-0.479959,-0.0013113,0,0.0120671,9,27.4,1.00001,2,1,1.49012e-05,5.96046e-06,0,0,-0.000119209,0,0.0101288,10,27.4,-0.99997,-0.518514,1,-9.38773e-05,-0.5,0,0.000149012,-2.98023e-05,0,0.0127015,11,27.4,1.00027,0.00237111,1,0.000980496,0.00571382,0,-0.00494719,-0.0339933,0,0.0111837,12,27.4,-3,0.987125,1,0,0.147474,0,0,-0.444949,0,0.00890736,13,27.4,1.99999,2.00001,1,-3.27826e-05,-1.19209e-05,0,0.000119209,-0.000119209,0,0.00673303,14,27.4,-0.999289,-2.90323,1,-0.0010699,-0.299042,0,-0.00220537,0.506759,0,0.00809247,15,27.4,0.926813,1,1,-0.10775,5.96046e-06,0,-1.00002,-5.96046e-05,0,0.0146879,16,27.4,0.62551,2.9197,1,0.498344,0.221074,0,-0.0331402,-0.37539,0,0.0060236,17,27.4,2.16578,-3,1,0.0996292,0,0,0.751019,0,0,0.00749851,18,27.4,-1.00292,2.00001,1,-0.000193715,0,0,0.022769,0,0,0.0132492,19,27.4,-3,-2.01063,1,0,0.0270844,0,0,0.0154972,0,0.00771571,20,27.4,-3,-2.99872,1,0,0.0104427,0,0,0.0178814,0,0.0053175,21,27.4,-6.03325e-05,-2,1,3.67409e-05,1.49012e-05,0,0.000369469,0,0,0.0111183,22,27.4,-2.51893,0.000251721,1,-0.5,-0.000416204,0,0,-0.000113709,0,0.00967625,23,27.4,-1.98799,-3,1,-0.0275075,0,0,-0.0262856,0,0,0.00702354,24,27.4,1.00008,-2.16727,1,-0.000870228,-0.117487,0,-0.00673532,-0.875354,0,0.00998514,25,27.4,-0.499798,1.00085,1,0.337155,0.0102341,0,-0.853032,0.0818968,0,0.017008,26,27.4,3,-2.81033,1,0,0.043416,0,0,0.829935,0,0.00583992,27,27.4,-1.93747,2.18165,1,-0.243574,-0.0595093,0,0.391543,1.00017,0,0.0105777,28,27.4,-2,-1.99696,1,0,-0.02487,0,0,0.0444651,0,0.0113475,29,27.4,2.88343,-1.94765,1,-0.335842,-0.228173,0,-0.422239,0.468493,0,0.0101537,30,27.4,-1.3494,0.914733,1,0.466067,-0.41149,0,-0.193834,-0.696212,0,0.0133085,31,27.4,1.99999,2.99999,1,-2.98023e-06,-5.96046e-06,0,-5.96046e-05,0,0,0.010881,32,27.4,2,0.999998,1,-5.96046e-06,5.96046e-06,0,-0.000119209,0,0,0.0107145,33,27.4,0.001795,-1.3812e-06,1,0.0101794,1.95478e-06,0,-0.0421295,4.94992e-06,0,0.0119468,34,27.4,-0.320781,2.99796,1,0.498603,0.00492334,0,-0.0279248,-0.00452995,0,0.00720794,35,27.4,3,2,1,0,4.17233e-05,0,0,-0.000119209,0,0.00919139
0,27.5,2.0699,-0.999474,1,0.5,-0.0017982,0,0,0.00227243,0,0.00896679,1,27.5,0.000262502,-3,1,-0.000591127,0,0,-0.000341687,0,0,0.00514466,2,27.5,1.99999,0.000160771,1,5.56931e-05,-0.000586435,0,-8.19564e-05,0.00045304,0,0.0102893,3,27.5,-1.96339,-0.369826,1,-0.0250587,0.497103,0,-0.0981316,-0.0601615,0,0.0125828,4,27.5,1.21679,-3,1,0.197141,0,0,0.929095,0,0,0.00718754,5,27.5,-2.02738,3,1,0.5,0,0,0,0,0,0.00509438,6,27.5,0.998373,-1.20953,1,0.00790134,-0.209181,0,-0.0140965,-0.964895,0,0.0128486,7,27.5,1.99479,-1.84056,1,-0.0312448,0.287902,0,-0.13797,0.811934,0,0.012893,8,27.5,-0.0558169,-1.0001,1,0.242341,0.000695884,0,-0.481834,-0.00144541,0,0.0120671,9,27.5,1.00001,2,1,1.37836e-05,-3.72529e-06,0,-2.98023e-05,-5.96046e-05,0,0.0101288,10,27.5,-0.999979,-0.568512,1,-7.89762e-05,-0.499928,0,0.000149012,0.00290573,0,0.0127015,11,27.5,1.00035,0.00278166,1,0.000522286,0.00259144,0,-0.00420213,-0.0283483,0,0.0111837,12,27.5,-3,0.99973,1,0,0.105489,0,0,-0.393271,0,0.00890736,13,27.5,1.99999,2,1,-2.10479e-05,-2.01166e-05,0,0.000111759,-2.98023e-05,0,0.00673303,14,27.5,-0.999405,-2.93057,1,-0.00122283,-0.247566,0,-0.00089407,0.517741,0,0.00809247,15,27.5,0.911045,1,1,-0.207429,9.31323e-07,0,-0.987127,-3.72529e-05,0,0.0146879,16,27.5,0.675093,2.93995,1,0.492353,0.184307,0,-0.0909828,-0.358537,0,0.0060236,17,27.5,2.17928,-3,1,0.168,0,0,0.611544,0,0,0.00749851,18,27.5,-1.00283,2.00001,1,0.00176579,-3.72529e-07,0,0.0164807,-1.49012e-05,0,0.0132492,19,27.5,-3,-2.00789,1,0,0.0273131,0,0,-0.00959635,0,0.00771571,20,27.5,-3,-2.99763,1,0,0.0109397,0,0,-0.00625849,0,0.0053175,21,27.5,-5.50383e-05,-2,1,6.69442e-05,1.37836e-05,0,0.000237599,-2.98023e-05,0,0.0111183,22,27.5,-2.56893,0.000209917,1,-0.499907,-0.000416257,0,0.00369549,0.00010345,0,0.00967625,23,27.5,-1.99082,-3,1,-0.0286285,0,0,0.00244379,0,0,0.00702354,24,27.5,0.999967,-2.18334,1,-0.00147494,-0.202943,0,-0.00571832,-0.819042,0,0.00998514,25,27.5,-0.470632,1.00245,1,0.244044,0.02304,0,-0.981629,0.164591,0,0.017008,26,27.5,3,-2.80201,1,0,0.12104,0,0,0.715122,0,0.00583992,27,27.5,-1.95998,2.18067,1,-0.207679,0.0395536,0,0.329591,0.971854,0,0.0105777,28,27.5,-2,-1.99921,1,-1.86265e-07,-0.0201339,0,-7.45058e-06,0.0493899,0,0.0113475,29,27.5,2.8478,-1.96817,1,-0.375814,-0.182741,0,-0.369981,0.438228,0,0.0101537,30,27.5,-1.30386,0.870588,1,0.443914,-0.466484,0,-0.247352,-0.401475,0,0.0133085,31,27.5,1.99999,2.99999,1,-6.51926e-06,-4.47035e-06,0,-2.23517e-05,2.98023e-05,0,0.010881,32,27.5,2,0.999998,1,-1.49012e-05,5.86733e-06,0,-4.47035e-05,-3.72529e-06,0,0.0107145,33,27.5,0.00260979,-1.16572e-06,1,0.00619799,2.3096e-06,0,-0.0372467,2.23841e-06,0,0.0119468,34,27.5,-0.271294,2.99842,1,0.488856,0.00439771,0,-0.164542,-0.00588596,0,0.00720794,35,27.5,3,2.00001,1,0,2.98023e-05,0,0,-0.000119209,0,0.00919139
0,27.6,2.1199,-0.999642,1,0.5,-0.00155717,0,0,0.0025332,0,0.0105068,1,27.6,0.000202573,-3,1,-0.000599113,0,0,0.000158937,0,0,0.00824839,2,27.6,1.99999,0.000104893,1,4.76837e-05,-0.000526653,0,-0.000119209,0.000722174,0,0.00856218,3,27.6,-1.96634,-0.320531,1,-0.0334233,0.487608,0,-0.069499,-0.131115,0,0.013805,4,27.6,1.24095,-3,1,0.283858,0,0,0.796199,0,0,0.00729607,5,27.6,-1.97738,3,1,0.500003,0,0,-5.96046e-05,0,0,0.00556368,6,27.6,0.999091,-1.23512,1,0.00646561,-0.300837,0,-0.0144839,-0.855207,0,0.0139234,7,27.6,1.99095,-1.80796,1,-0.0456274,0.361395,0,-0.143528,0.655055,0,0.0134256,8,27.6,-0.0339704,-1.00004,1,0.19488,0.000548363,0,-0.464457,-0.00140071,0,0.0111515,9,27.6,1.00001,2,1,8.9407e-06,-1.19209e-05,0,-5.96046e-05,0,0,0.0108867,10,27.6,-0.999986,-0.618467,1,-6.55651e-05,-0.498837,0,0.000178814,0.0232756,0,0.0122165,11,27.6,1.00038,0.0029091,1,0.000143051,5.87897e-05,0,-0.00339746,-0.0222641,0,0.0110385,12,27.6,-3,1.00841,1,0,0.069055,0,0,-0.334501,0,0.0091518,13,27.6,1.99999,2,1,-1.19209e-05,-2.38419e-05,0,0.000119209,0,0,0.00757613,14,27.6,-0.99953,-2.95276,1,-0.00125766,-0.196421,0,0.000119209,0.500798,0,0.00982017,15,27.6,0.885469,1,1,-0.302601,-2.98023e-06,0,-0.89696,0,0,0.0147352,16,27.6,0.723749,2.95663,1,0.479455,0.149626,0,-0.169605,-0.333786,0,0.00620171,17,27.6,2.19888,-3,1,0.221157,0,0,0.448823,0,0,0.00802232,18,27.6,-1.00259,2.00001,1,0.00312328,0,0,0.0106692,-0.000119209,0,0.0144205,19,27.6,-3,-2.00524,1,0,0.0254154,0,0,-0.0271797,0,0.0055897,20,27.6,-3,-2.9966,1,0,0.00950098,0,0,-0.0213385,0,0.00606073,21,27.6,-4.73527e-05,-1.99999,1,8.48778e-05,1.19209e-05,0,0.000124243,-5.96046e-05,0,0.011389,22,27.6,-2.61887,0.000169104,1,-0.498515,-0.000397265,0,0.0295639,0.000268068,0,0.00951983,23,27.6,-1.99364,-3,1,-0.027287,0,0,0.0231266,0,0,0.00775488,24,27.6,0.99979,-2.20753,1,-0.00207573,-0.278735,0,-0.00655651,-0.68593,0,0.0104238,25,27.6,-0.451191,1.00564,1,0.144503,0.0413865,0,-0.999987,0.194311,0,0.0131727,26,27.6,3,-2.78657,1,0,0.185198,0,0,0.563025,0,0.00792528,27,27.6,-1.97918,2.18937,1,-0.177062,0.133097,0,0.285506,0.890493,0,0.00978993,28,27.6,-2,-2.00097,1,0,-0.0151455,0,0,0.0497103,0,0.0102907,29,27.6,2.80851,-1.98432,1,-0.408572,-0.140867,0,-0.279903,0.397742,0,0.0118062,30,27.6,-1.26078,0.822399,1,0.416964,-0.492936,0,-0.290036,-0.141263,0,0.0107212,31,27.6,1.99999,2.99999,1,-5.96046e-06,0,0,0,0,0,0.00838339,32,27.6,2,0.999999,1,-1.78814e-05,5.96046e-06,0,0,-2.98023e-05,0,0.0126861,33,27.6,0.00305314,-9.27406e-07,1,0.00277079,2.42046e-06,0,-0.0311413,6.68479e-08,0,0.0121025,34,27.6,-0.223439,2.99883,1,0.466239,0.00376701,0,-0.284843,-0.00655651,0,0.00687508,35,27.6,3,2.00001,1,0,1.78814e-05,0,0,-0.000119209,0,0.00868982
0,27.7,2.1699,-0.999785,1,0.5,-0.00130292,0,0,0.00254065,0,0.0105068,1,27.7,0.000144113,-3,1,-0.000564086,0,0,0.00051923,0,0,0.00824839,2,27.7,2,5.61274e-05,1,3.65078e-05,-0.000446208,0,-0.000104308,0.000869628,0,0.00856218,3,27.7,-1.96997,-0.272053,1,-0.0386927,0.48489,0,-0.0369549,0.0465466,0,0.013805,4,27.7,1.27306,-3,1,0.355766,0,0,0.637606,0,0,0.00729607,5,27.7,-1.92738,3,1,0.5,0,0,-7.45058e-06,0,0,0.00556368,6,27.7,0.999666,-1.2692,1,0.00504963,-0.377981,0,-0.0137612,-0.681914,0,0.0139234,7,27.7,1.98586,-1.76872,1,-0.0543537,0.421286,0,-0.0358447,0.528604,0,0.0134256,8,27.7,-0.0167525,-0.999991,1,0.150057,0.000410248,0,-0.429751,-0.00134483,0,0.0111515,9,27.7,1.00001,2,1,2.98023e-06,-1.15484e-05,0,-5.96046e-05,1.49012e-05,0,0.0108867,10,27.7,-0.999991,-0.668158,1,-4.89876e-05,-0.494092,0,0.000156462,0.0765398,0,0.0122165,11,27.7,1.00038,0.0028142,1,-0.000152364,-0.0018531,0,-0.0025183,-0.0160483,0,0.0110385,12,27.7,-3,1.01322,1,0,0.0236215,0,0,-0.546314,0,0.0091518,13,27.7,1.99999,2,1,-1.11759e-06,-2.27243e-05,0,8.9407e-05,2.98023e-05,0,0.00757613,14,27.7,-0.999654,-2.96995,1,-0.00120383,-0.148096,0,0.000908971,0.461936,0,0.00982017,15,27.7,0.850947,1,1,-0.385108,-2.98023e-06,0,-0.734039,0,0,0.0147352,16,27.7,0.770659,2.96997,1,0.456954,0.117686,0,-0.277348,-0.303835,0,0.00620171,17,27.7,2.22303,-3,1,0.259756,0,0,0.320747,0,0,0.00802232,18,27.7,-1.00223,2.00001,1,0.00392813,-1.00583e-05,0,0.00558048,-7.45058e-05,0,0.0144205,19,27.7,-3,-2.00285,1,0,0.0221185,0,0,-0.0377893,0,0.0055897,20,27.7,-3,-2.99577,1,0,0.00696667,0,0,-0.0283867,0,0.00606073,21,27.7,-3.84088e-05,-1.99999,1,9.24454e-05,6.14673e-06,0,3.08951e-05,-5.21541e-05,0,0.011389,22,27.7,-2.66805,0.000130922,1,-0.480305,-0.000364508,0,0.318781,0.000380073,0,0.00951983,23,27.7,-1.99622,-3,1,-0.0242608,0,0,0.0363067,0,0,0.00775488,24,27.7,0.999559,-2.23865,1,-0.00247052,-0.341509,0,-0.00185892,-0.564516,0,0.0104238,25,27.7,-0.441741,1.0105,1,0.0445038,0.0532983,0,-0.999998,0.0513718,0,0.0131727,26,27.7,3,-2.7653,1,0,0.239349,0,0,0.509575,0,0.00792528,27,27.7,-1.99566,2.20699,1,-0.154156,0.217682,0,0.181794,0.798956,0,0.00978993,28,27.7,-2,-2.00225,1,-1.86265e-07,-0.0103336,0,-7.45058e-06,0.0461191,0,0.0102907,29,27.7,2.76623,-1.99652,1,-0.43706,-0.104098,0,-0.280008,0.338174,0,0.0118062,30,27.7,-1.22061,0.772672,1,0.38592,-0.499558,0,-0.328608,-0.0176653,0,0.0107212,31,27.7,1.99999,2.99999,1,-5.02914e-06,3.72529e-07,0,2.23517e-05,1.49012e-05,0,0.00838339,32,27.7,2,0.999999,1,-1.67638e-05,3.44589e-06,0,2.98023e-05,-1.86265e-05,0,0.0126861,33,27.7,0.00318601,-6.87969e-07,1,1.70658e-06,2.34114e-06,0,-0.0242437,-1.56285e-06,0,0.0121025,34,27.7,-0.178438,2.99917,1,0.431935,0.00309348,0,-0.395418,-0.00682473,0,0.00687508,35,27.7,3,2.00001,1,0,7.45058e-06,0,0,-8.9407e-05,0,0.00868982
0,27.8,2.2199,-0.999903,1,0.5,-0.00105202,0,0,0.00247359,0,0.00983765,1,27.8,9.07412e-05,-3,1,-0.000499445,0,0,0.000754184,0,0,0.00753634,2,27.8,2,1.59804e-05,1,2.68221e-05,-0.000355834,0,-0.000119209,0.000923883,0,0.011979,3,27.8,-1.97398,-0.22323,1,-0.0410199,0.492085,0,-0.0106096,0.0792444,0,0.0116918,4,27.8,1.31153,-3,1,0.41067,0,0,0.457823,0,0,0.00905466,5,27.8,-1.87738,3,1,0.500003,0,0,-5.96046e-05,0,0,0.00528194,6,27.8,1.0001,-1.31009,1,0.00372827,-0.436434,0,-0.0126958,-0.485182,0,0.0139524,7,27.8,1.98039,-1.72424,1,-0.0537157,0.465202,0,0.0442863,0.344813,0,0.0100171,8,27.8,-0.00382239,-0.999957,1,0.109319,0.000280142,0,-0.383368,-0.00119209,0,0.0099818,9,27.8,1.00001,2,1,0,-1.19209e-05,0,-0.000119209,0,0,0.0118493,10,27.8,-0.999996,-0.717064,1,-3.57628e-05,-0.482729,0,0.000149012,0.15381,0,0.0117306,11,27.8,1.00035,0.00255839,1,-0.000360608,-0.00316827,0,-0.00172853,-0.0103542,0,0.0119083,12,27.8,-3,1.01269,1,0,-0.035283,0,0,-0.610471,0,0.0104679,13,27.8,1.99999,2,1,5.96046e-06,-1.78814e-05,0,5.96046e-05,0,0,0.0068408,14,27.8,-0.999769,-2.98254,1,-0.0010848,-0.104678,0,0.00146031,0.403762,0,0.00892407,15,27.8,0.80915,1,1,-0.446768,-2.98023e-06,0,-0.491887,0,0,0.0142669,16,27.8,0.814812,2.98028,1,0.424618,0.0890493,0,-0.366151,-0.267863,0,0.00524227,17,27.8,2.25038,-3,1,0.284964,0,0,0.182629,0,0,0.00655227,18,27.8,-1.00181,2.00001,1,0.00427067,-1.19209e-05,0,0.00143051,-0.000119209,0,0.0141613,19,27.8,-3,-2.00084,1,0,0.0180364,0,0,-0.0429749,0,0.00553142,20,27.8,-3,-2.99522,1,0,0.00399947,0,0,-0.0303984,0,0.0054678,21,27.8,-2.91377e-05,-1.99999,1,9.17852e-05,0,0,-4.06016e-05,-5.96046e-05,0,0.0101729,22,27.8,-2.71412,9.65074e-05,1,-0.437742,-0.000322571,0,0.51868,0.000452448,0,0.010486,23,27.8,-1.99845,-3,1,-0.0202239,0,0,0.0434518,0,0,0.00736422,24,27.8,0.999306,-2.27538,1,-0.00254065,-0.390798,0,0,-0.417709,0,0.00992119,25,27.8,-0.44229,1.0159,1,-0.0554964,0.0530541,0,-0.999987,-0.0497699,0,0.0139898,26,27.8,3,-2.73897,1,0,0.285316,0,0,0.402093,0,0.00630254,27,27.8,-2.01027,2.23258,1,-0.13904,0.292486,0,0.128031,0.695586,0,0.00812354,28,27.8,-2,-2.00306,1,0,-0.00599623,0,0,0.0404119,0,0.0109413,29,27.8,2.72118,-2.00533,1,-0.462967,-0.073123,0,-0.2321,0.282049,0,0.0114964,30,27.8,-1.1837,0.722681,1,0.351673,-0.5,0,-0.354409,-2.98023e-05,0,0.0102624,31,27.8,1.99999,2.99999,1,0,0,0,-5.96046e-05,0.000119209,0,0.0102396,32,27.8,2,1,1,-1.49012e-05,1.49012e-06,0,5.96046e-05,0,0,0.0129707,33,27.8,0.00307631,-4.63735e-07,1,-0.00208333,2.12489e-06,0,-0.0175072,-2.68257e-06,0,0.0113456,34,27.8,-0.137364,2.99945,1,0.388269,0.00241995,0,-0.472556,-0.00655651,0,0.00706697,35,27.8,3,2.00001,1,0,0,0,0,-0.000119209,0,0.0086841
0,27.9,2.2699,-0.999996,1,0.5,-0.000812486,0,0,0.00231713,0,0.00983765,1,27.9,4.48072e-05,-3,1,-0.000417244,0,0,0.000873914,0,0,0.00753634,2,27.9,2,-1.50041e-05,1,1.69501e-05,-0.000264306,0,-9.68575e-05,0.000897016,0,0.011979,3,27.9,-1.9781,-0.173666,1,-0.0410864,0.498517,0,0.00851601,0.0395511,0,0.0116918,4,27.9,1.35462,-3,1,0.448225,0,0,0.292853,0,0,0.00905466,5,27.9,-1.82738,3,1,0.5,0,0,-7.45058e-06,0,0,0.00528194,6,27.9,1.00042,-1.3558,1,0.002544,-0.474391,0,-0.0109822,-0.27886,0,0.0139524,7,27.9,1.97533,-1.67632,1,-0.0465551,0.490016,0,0.0954643,0.157379,0,0.0100171,8,27.9,0.00528339,-0.999934,1,0.0737216,0.000168756,0,-0.327888,-0.00102818,0,0.0099818,9,27.9,1.00001,2,1,-9.49949e-06,-1.11759e-05,0,-8.19564e-05,1.49012e-05,0,0.0118493,10,27.9,-0.999999,-0.764377,1,-2.2538e-05,-0.461708,0,0.000119209,0.263721,0,0.0117306,11,27.9,1.00031,0.00219856,1,-0.000495091,-0.00394449,0,-0.000983477,-0.00532493,0,0.0119083,12,27.9,-3,1.00597,1,0,-0.0999209,0,0,-0.664473,0,0.0104679,13,27.9,1.99999,2,1,1.09896e-05,-1.67638e-05,0,3.72529e-05,2.98023e-05,0,0.0068408,14,27.9,-0.999869,-2.99111,1,-0.000922289,-0.0677828,0,0.00175461,0.332609,0,0.00892407,15,27.9,0.762455,1,1,-0.482909,-2.98023e-06,0,-0.238985,0,0,0.0142669,16,27.9,0.855329,2.98791,1,0.384657,0.0642285,0,-0.430077,-0.228107,0,0.00524227,17,27.9,2.27972,-3,1,0.300956,0,0,0.131935,0,0,0.00655227,18,27.9,-1.00139,2.00001,1,0.00424404,-2.16067e-05,0,-0.00179559,-5.96046e-05,0,0.0141613,19,27.9,-3,-1.99925,1,0,0.0136854,0,0,-0.0434592,0,0.00553142,20,27.9,-3,-2.99497,1,0,0.00105314,0,0,-0.0280887,0,0.0054678,21,27.9,-2.02543e-05,-1.99999,1,8.50462e-05,-5.02914e-06,0,-9.08436e-05,-3.72529e-05,0,0.0101729,22,27.9,-2.75459,6.29911e-05,1,-0.365575,-0.000383949,0,0.880152,-0.00171595,0,0.010486,23,27.9,-2.00026,-3,1,-0.0157502,0,0,0.0453442,0,0,0.00736422,24,27.9,0.999058,-2.3165,1,-0.00237906,-0.430815,0,0.00279024,-0.374213,0,0.00992119,25,27.9,-0.452839,1.02085,1,-0.155438,0.0451915,0,-0.997704,-0.103369,0,0.0139898,26,27.9,3,-2.70818,1,0,0.332483,0,0,0.519201,0,0.00630254,27,27.9,-2.02338,2.26538,1,-0.121541,0.363454,0,0.215888,0.69347,0,0.00812354,28,27.9,-2,-2.00347,1,-1.86265e-07,-0.00231788,0,-7.45058e-06,0.0330508,0,0.0109413,29,27.9,2.67382,-2.01132,1,-0.483277,-0.0474136,0,-0.166595,0.232831,0,0.0114964,30,27.9,-1.15033,0.672681,1,0.315515,-0.5,0,-0.36706,0,0,0.0102624,31,27.9,1.99999,2.99999,1,-3.53903e-06,9.68575e-06,0,-2.23517e-05,5.96046e-05,0,0.0102396,32,27.9,1.99999,1,1,-8.9407e-06,1.49012e-06,0,5.96046e-05,0,0,0.0129707,33,27.9,0.00279135,-2.65904e-07,1,-0.00351019,1.82103e-06,0,-0.011171,-3.32629e-06,0,0.0113456,34,27.9,-0.100981,2.99966,1,0.338694,0.00178963,0,-0.514489,-0.00599027,0,0.00706697,35,27.9,3,2.00001,1,0,-1.00583e-05,0,0,-7.45058e-05,0,0.0086841
0,28,2.3199,-1.00007,1,0.5,-0.000593066,0,0,0.00214577,0,0.0083672,1,28,7.54035e-06,-3,1,-0.000327542,0,0,0.00090726,0,0,0.00864924,2,28,2,-3.70603e-05,1,5.96046e-06,-0.00017811,0,0,0.000819784,0,0.0120825,3,28,-1.98214,-0.123705,1,-0.0394613,0.5,0,0.023365,3.57628e-06,0,0.0110235,4,28,1.40063,-3,1,0.469249,0,0,0.12821,0,0,0.00714364,5,28,-1.77738,3,1,0.500003,0,0,-5.96046e-05,0,0,0.00543958,6,28,1.00062,-1.40434,1,0.00153184,-0.493601,0,-0.00917912,-0.114381,0,0.0147114,7,28,1.97121,-1.62679,1,-0.0352681,0.498605,0,0.127137,0.0279546,0,0.0112344,8,28,0.0111126,-0.999922,1,0.0438352,7.45058e-05,0,-0.269607,-0.000864267,0,0.0127127,9,28,1.00001,2,1,-1.49012e-05,-8.9407e-06,0,-5.96046e-05,5.96046e-05,0,0.0117917,10,28,-1,-0.809068,1,-1.49012e-05,-0.430585,0,0.000119209,0.355572,0,0.0113947,11,28,1.00025,0.00178471,1,-0.000560284,-0.00426393,0,-0.000357628,-0.00121579,0,0.0106438,12,28,-3,0.992691,1,0,-0.165012,0,0,-0.623554,0,0.00796869,13,28,1.99999,1.99999,1,1.19209e-05,-1.19209e-05,0,5.96046e-05,0,0,0.00721076,14,28,-0.999952,-2.99635,1,-0.000740588,-0.0383437,0,0.00187755,0.255704,0,0.00876227,15,28,0.713309,1,1,-0.497018,-2.98023e-06,0,-0.0596642,0,0,0.0128273,16,28,0.891561,2.99326,1,0.33922,0.0434875,0,-0.475436,-0.186563,0,0.0064715,17,28,2.31035,-3,1,0.310469,0,0,0.0549555,0,0,0.00732812,18,28,-1.00098,2,1,0.00393987,-2.38419e-05,0,-0.00411272,0,0,0.012752,19,28,-3,-1.9981,1,0,0.00944734,0,0,-0.0409484,0,0.00810475,20,28,-3,-2.995,1,0,-0.00155568,0,0,-0.0236034,0,0.00582343,21,28,-1.22638e-05,-1.99999,1,7.42366e-05,-8.9407e-06,0,-0.000122482,0,0,0.00994301,22,28,-2.78645,1.22179e-05,1,-0.269771,-0.000669659,0,1.00005,-0.00400128,0,0.0117541,23,28,-2.0016,-3,1,-0.0112653,0,0,0.0435114,0,0,0.00662448,24,28,0.998836,-2.36132,1,-0.00206083,-0.464171,0,0.00318885,-0.286222,0,0.0101154,25,28,-0.473353,1.0248,1,-0.254578,0.0331432,0,-0.981629,-0.13417,0,0.0108606,26,28,3,-2.67229,1,0,0.385273,0,0,0.519872,0,0.00472064,27,28,-2.03435,2.305,1,-0.0970006,0.426388,0,0.269532,0.547528,0,0.00737928,28,28,-2,-2.00355,1,0,0.000607967,0,0,0.0253916,0,0.0103514,29,28,2.6248,-2.01497,1,-0.495523,-0.0264227,0,-0.0783205,0.187755,0,0.0110953,30,28,-1.12063,0.622681,1,0.27858,-0.5,0,-0.370145,-2.98023e-05,0,0.0103664,31,28,1.99999,2.99999,1,-2.98023e-06,1.78814e-05,0,0,0,0,0.010441,32,28,1.99999,1,1,-5.96046e-06,1.49012e-06,0,0.000119209,-2.98023e-05,0,0.0116127,33,28,0.00239396,-1.01024e-07,1,-0.00434667,1.47206e-06,0,-0.00570901,-3.59705e-06,0,0.0104795,34,28,-0.0697215,2.99981,1,0.286222,0.00122786,0,-0.530906,-0.005126,0,0.00751247,35,28,3,2.00001,1,0,-1.19209e-05,0,0,-0.000119209,0,0.00897049
0,28.1,2.3699,-1.00011,1,0.5,-0.000394322,0,0,0.00184029,0,0.0083672,1,28.1,-2.07244e-05,-3,1,-0.000238444,0,0,0.000866058,0,0,0.00864924,2,28.1,2,-5.09591e-05,1,5.58794e-06,-0.000101819,0,-1.49012e-05,0.000702754,0,0.0120825,3,28.1,-1.98595,-0.0737052,1,-0.0365958,0.5,0,0.0333935,2.98023e-07,0,0.0110235,4,28.1,1.44801,-3,1,0.476592,0,0,0.0182688,0,0,0.00714364,5,28.1,-1.72738,3,1,0.5,0,0,-7.45058e-06,0,0,0.00543958,6,28.1,1.00073,-1.45407,1,0.000709482,-0.49943,0,-0.00729412,-0.0193939,0,0.0147114,7,28.1,1.96833,-1.57684,1,-0.0222355,0.499913,0,0.132024,0.00347197,0,0.0112344,8,28.1,0.0142478,-0.999919,1,0.0198509,-1.39698e-06,0,-0.210617,-0.000659376,0,0.0127127,9,28.1,1.00001,2,1,-1.8999e-05,-3.91155e-06,0,-1.49012e-05,3.72529e-05,0,0.0117917,10,28.1,-1,-0.850229,1,-4.84288e-06,-0.391506,0,7.45058e-05,0.423096,0,0.0113947,11,28.1,1.0002,0.00135793,1,-0.000570901,-0.00421896,0,0.00012666,0.00195333,0,0.0106438,12,28.1,-3,0.973073,1,0,-0.226954,0,0,-0.601269,0,0.00796869,13,28.1,1.99999,1.99999,1,1.60187e-05,-1.08033e-05,0,1.49012e-05,2.98023e-05,0,0.00721076,14,28.1,-1.00002,-2.99903,1,-0.000554603,-0.0166211,0,0.00181422,0.179663,0,0.00876227,15,28.1,0.663424,1,1,-0.499814,-2.98023e-06,0,-0.00745431,0,0,0.0128273,16,28.1,0.923054,2.99675,1,0.290246,0.0269059,0,-0.499837,-0.145242,0,0.0064715,17,28.1,2.3421,-3,1,0.328127,0,0,0.275537,0,0,0.00732812,18,28.1,-1.0006,2,1,0.00345092,-2.21655e-05,0,-0.00555068,3.72529e-05,0,0.012752,19,28.1,-3,-1.99735,1,0,0.00559427,0,0,-0.0358969,0,0.00810475,20,28.1,-3,-2.99526,1,0,-0.00362433,0,0,-0.0177175,0,0.00582343,21,28.1,-5.48282e-06,-1.99999,1,6.11404e-05,-8.9407e-06,0,-0.000137132,0,0,0.00994301,22,28.1,-2.80843,-0.000122197,1,-0.169768,-0.00244582,0,1,-0.0296531,0,0.0117541,23,28.1,-2.00252,-3,1,-0.00712387,0,0,0.0390261,0,0,0.00662448,24,28.1,0.998648,-2.40895,1,-0.00167927,-0.486283,0,0.0042282,-0.159353,0,0.0101154,25,28.1,-0.503432,1.02743,1,-0.343966,0.0195069,0,-0.799751,-0.1368,0,0.0108606,26,28.1,3,-2.63132,1,0,0.432548,0,0,0.417426,0,0.00472064,27,28.1,-2.04268,2.34999,1,-0.0695623,0.469778,0,0.276506,0.323415,0,0.00737928,28,28.1,-2,-2.00337,1,-1.86265e-07,0.00276193,0,-7.45058e-06,0.017792,0,0.0103514,29,28.1,2.57499,-2.01675,1,-0.49958,-0.0098832,0,-0.0139922,0.144005,0,0.0110953,30,28.1,-1.09461,0.572681,1,0.241819,-0.5,0,-0.363782,0,0,0.0103664,31,28.1,1.99999,2.99999,1,-2.04891e-06,1.75089e-05,0,2.23517e-05,-1.49012e-05,0,0.010441,32,28.1,1.99999,1,1,3.53903e-06,-9.31323e-07,0,8.19564e-05,-1.49012e-05,0,0.0116127,33,28.1,0.00193872,2.81902e-08,1,-0.00468301,1.11318e-06,0,-0.00120043,-3.54063e-06,0,0.0104795,34,28.1,-0.0437496,2.99991,1,0.233355,0.000764057,0,-0.52256,-0.00412762,0,0.00751247,35,28.1,3,2.00001,1,0,-2.16067e-05,0,0,-5.96046e-05,0,0.00897049
0,28.2,2.4199,-1.00015,1,0.5,-0.000226498,0,0,0.00149012,0,0.00854129,1,28.2,-4.03658e-05,-3,1,-0.000155821,0,0,0.000780128,0,0,0.00821827,2,28.2,2,-5.78428e-05,1,5.96046e-06,-3.80572e-05,0,0,0.00057079,0,0.0122607,3,28.2,-1.98943,-0.0237052,1,-0.0328839,0.5,0,0.0402331,0,0,0.0128037,4,28.2,1.49558,-3,1,0.4729,0,0,-0.0918508,0,0,0.0065302,5,28.2,-1.67738,3,1,0.500003,0,0,-5.96046e-05,0,0,0.00520349,6,28.2,1.00077,-1.50406,1,6.85453e-05,-0.500003,0,-0.00560284,5.96046e-05,0,0.0121463,7,28.2,1.96677,-1.52684,1,-0.00913739,0.500003,0,0.128627,-5.96046e-05,0,0.0103441,8,28.2,0.0152735,-0.999922,1,0.00158213,-5.81145e-05,0,-0.155519,-0.000447035,0,0.0115677,9,28.2,1,2,1,-2.08616e-05,0,0,5.96046e-05,5.96046e-05,0,0.0111034,10,28.2,-1,-0.887174,1,0,-0.346574,0,5.96046e-05,0.472307,0,0.012861,11,28.2,1.00014,0.000949912,1,-0.000539422,-0.0039039,0,0.000417233,0.00420321,0,0.0140519,12,28.2,-3,0.947505,1,0,-0.282824,0,0,-0.505716,0,0.00769452,13,28.2,2,1.99999,1,1.78814e-05,-8.9407e-06,0,0,5.96046e-05,0,0.00679475,14,28.2,-1.00006,-2.99991,1,-0.00038147,-0.00212789,0,0.00172853,0.111938,0,0.0119236,15,28.2,0.613428,1,1,-0.5,-2.98023e-06,0,-2.98023e-05,0,0,0.0133064,16,28.2,0.949569,2.99878,1,0.240043,0.0143766,0,-0.500619,-0.105977,0,0.00603634,17,28.2,2.3765,-3,1,0.361431,0,0,0.371933,0,0,0.00605598,18,28.2,-1.00029,2,1,0.00285506,-2.08616e-05,0,-0.00625849,5.96046e-05,0,0.0123938,19,28.2,-3,-1.99696,1,0,0.0023067,0,0,-0.0297427,0,0.00760408,20,28.2,-3,-2.9957,1,0,-0.00509024,0,0,-0.0116825,0,0.00518832,21,28.2,-6.27336e-08,-2,1,4.72257e-05,-8.9407e-06,0,-0.000139314,0,0,0.00941641,22,28.2,-2.8204,-0.000544327,1,-0.0697732,-0.00624761,0,1.00017,-0.0447249,0,0.0118105,23,28.2,-2.00305,-3,1,-0.00350475,0,0,0.033021,0,0,0.00631424,24,28.2,0.998501,-2.4582,1,-0.00125468,-0.496972,0,0.00408292,-0.0605583,0,0.00944579,25,28.2,-0.541486,1.02871,1,-0.413617,0.00610352,0,-0.590593,-0.129938,0,0.0114276,26,28.2,3,-2.58619,1,0,0.467652,0,0,0.281811,0,0.00459792,27,28.2,-2.04826,2.39825,1,-0.042206,0.492293,0,0.268459,0.136018,0,0.00749774,28,28.2,-2,-2.00302,1,0,0.00419617,0,0,0.0109673,0,0.0129681,29,28.2,2.525,-2.01709,1,-0.5,0.00256896,0,0,0.105977,0,0.00961275,30,28.2,-1.07223,0.522681,1,0.206065,-0.5,0,-0.350177,-1.43051e-05,0,0.00957268,31,28.2,1.99999,2.99999,1,0,1.78814e-05,0,5.96046e-05,-0.000119209,0,0.00900686,32,28.2,1.99999,1,1,1.19209e-05,-1.49012e-06,0,0,-2.98023e-05,0,0.00980974,33,28.2,0.00147059,1.22173e-07,1,-0.00462197,7.7091e-07,0,0.00225199,-3.27498e-06,0,0.0103321,34,28.2,-0.022986,2.99997,1,0.182405,0.000405312,0,-0.493362,-0.00309944,0,0.00887743,35,28.2,3,2,1,0,-2.38419e-05,0,0,0,0,0.00835128
0,28.3,2.4699,-1.00016,1,0.5,-9.16421e-05,0,0,0.00120699,0,0.00854129,1,28.3,-5.22417e-05,-3,1,-8.3709e-05,0,0,0.000659514,0,0,0.00821827,2,28.3,2,-5.90298e-05,1,5.58794e-06,1.19902e-05,0,-1.49012e-05,0.000431165,0,0.0122607,3,28.3,-1.99251,0.0262948,1,-0.0287049,0.5,0,0.0430346,0,0,0.0128037,4,28.3,1.54258,-3,1,0.468547,0,0,-0.00730902,0,0,0.0065302,5,28.3,-1.62738,3,1,0.5,0,0,-7.45058e-06,0,0,0.00520349,6,28.3,1.00075,-1.55406,1,-0.000406802,-0.49999,0,-0.00394881,0.00038743,0,0.0121463,7,28.3,1.96648,-1.47684,1,0.00320524,0.5,0,0.117287,-7.45058e-06,0,0.0103441,8,28.3,0.0147405,-0.99993,1,-0.0114083,-9.40636e-05,0,-0.105503,-0.000275671,0,0.0115677,9,28.3,1,2,1,-1.50874e-05,4.84288e-06,0,5.21541e-05,2.98023e-05,0,0.0111034,10,28.3,-1,-0.919412,1,4.84288e-06,-0.297714,0,2.98023e-05,0.500582,0,0.012861,11,28.3,1.00009,0.000583162,1,-0.000483729,-0.00340809,0,0.000663102,0.00558573,0,0.0140519,12,28.3,-3,0.916704,1,0,-0.332731,0,0,-0.478718,0,0.00769452,13,28.3,2,1.99999,1,1.69501e-05,-3.1665e-06,0,-2.23517e-05,5.21541e-05,0,0.00679475,14,28.3,-1.00009,-2.99966,1,-0.000221282,0.00631362,0,0.00147521,0.0594258,0,0.0119236,15,28.3,0.563428,1,1,-0.5,-2.98023e-06,0,0,0,0,0.0133064,16,28.3,0.971098,2.99975,1,0.19089,0.0055775,0,-0.479266,-0.0709593,0,0.00603634,17,28.3,2.41455,-3,1,0.399743,0,0,0.382945,0,0,0.00605598,18,28.3,-1.00004,2,1,0.00222037,-1.49012e-05,0,-0.00635162,5.96046e-05,0,0.0123938,19,28.3,-3,-1.99687,1,0,-0.000325404,0,0,-0.0229254,0,0.00760408,20,28.3,-3,-2.99626,1,0,-0.00595152,0,0,-0.00569224,0,0.00518832,21,28.3,3.97437e-06,-2,1,3.36583e-05,-8.9407e-06,0,-0.000130832,0,0,0.00941641,22,28.3,-2.82238,-0.00151638,1,0.0302255,-0.0142517,0,0.999629,-0.10834,0,0.0118105,23,28.3,-2.00324,-3,1,-0.0005465,0,0,0.0261217,0,0,0.00631424,24,28.3,0.998399,-2.50808,1,-0.000778493,-0.49981,0,0.00530109,-0.00756979,0,0.00944579,25,28.3,-0.585431,1.0287,1,-0.461653,-0.00587683,0,-0.373077,-0.109367,0,0.0114276,26,28.3,3,-2.53825,1,0,0.488843,0,0,0.145301,0,0.00459792,27,28.3,-2.05119,2.44793,1,-0.0169814,0.499291,0,0.235498,0.0237972,0,0.00749774,28,28.3,-2,-2.00255,1,-1.86265e-07,0.00498779,0,-7.45058e-06,0.00505149,0,0.0129681,29,28.3,2.475,-2.01636,1,-0.5,0.0115018,0,0,0.0735372,0,0.00961275,30,28.3,-1.05334,0.472681,1,0.172079,-0.5,0,-0.328749,1.78814e-06,0,0.00957268,31,28.3,1.99999,3,1,5.21541e-06,7.82311e-06,0,4.47035e-05,-7.45058e-05,0,0.00900686,32,28.3,2,1,1,1.17347e-05,-3.53903e-06,0,-7.45058e-06,-7.45058e-06,0,0.00980974,33,28.3,0.0010241,1.83574e-07,1,-0.00426752,4.64341e-07,0,0.00467461,-2.8416e-06,0,0.0103321,34,28.3,-0.00713888,2.99999,1,0.135325,0.000148267,0,-0.44615,-0.00205636,0,0.00887743,35,28.3,3,2,1,0,-2.27243e-05,0,0,2.98023e-05,0,0.00835128
0,28.4,2.5199,-1.00016,1,0.5,1.49012e-05,0,0,0.00101328,0,0.00816006,1,28.4,-5.75319e-05,-3,1,-2.42939e-05,0,0,0.000527636,0,0,0.00770806,2,28.4,2,-5.58983e-05,1,5.96046e-06,4.84476e-05,0,-0.000119209,0.000299693,0,0.0140385,3,28.4,-1.99516,0.0762948,1,-0.0243336,0.5,0,0.0439882,-3.57628e-06,0,0.0114415,4,28.4,1.58945,-3,1,0.469252,0,0,0.0116825,0,0,0.00673016,5,28.4,-1.57738,3,1,0.500003,0,0,-5.96046e-05,0,0,0.00599275,6,28.4,1.00069,-1.60405,1,-0.000730157,-0.499848,0,-0.002563,0.00303984,0,0.0125154,7,28.4,1.96736,-1.42684,1,0.0141561,0.500003,0,0.10103,-5.96046e-05,0,0.0101082,8,28.4,0.0131463,-0.99994,1,-0.0197631,-0.000114739,0,-0.0628238,-0.000119209,0,0.0108951,9,28.4,1,2,1,-1.19209e-05,5.96046e-06,0,5.96046e-05,5.96046e-05,0,0.0128495,10,28.4,-1,-0.946665,1,5.96046e-06,-0.247265,0,2.98023e-05,0.504583,0,0.0106848,11,28.4,1.00005,0.000271686,1,-0.000408292,-0.00281011,0,0.000834465,0.00626774,0,0.0129917,12,28.4,-3,0.881176,1,0,-0.37619,0,0,-0.380367,0,0.00675009,13,28.4,2,1.99999,1,1.49012e-05,2.98023e-06,0,0,0,0,0.00672532,14,28.4,-1.00011,-2.9988,1,-8.9407e-05,0.0102341,0,0.00119209,0.0212193,0,0.0108134,15,28.4,0.513428,1,1,-0.5,-2.98023e-06,0,1.43051e-05,0,0,0.0130005,16,28.4,0.987848,3,1,0.144748,-3.57628e-05,0,-0.441104,-0.0424385,0,0.00564717,17,28.4,2.45638,-3,1,0.436097,0,0,0.336289,0,0,0.00527696,18,28.4,-0.999844,2,1,0.00159889,-8.9407e-06,0,-0.00604987,0,0,0.0131504,19,28.4,-3,-1.997,1,0,-0.00228584,0,0,-0.0162721,0,0.00695626,20,28.4,-3,-2.99687,1,0,-0.00625849,0,0,-0.000596046,0,0.00532339,21,28.4,6.70829e-06,-2,1,2.12647e-05,-5.96046e-06,0,-0.000116186,-5.96046e-05,0,0.010354,22,28.4,-2.81436,-0.00353975,1,0.130081,-0.0266324,0,0.997066,-0.133457,0,0.012425,23,28.4,-2.00318,-3,1,0.00172257,0,0,0.0191927,0,0,0.00627311,24,28.4,0.998348,-2.55808,1,-0.000220537,-0.5,0,0.00578165,0,0,0.00821659,25,28.4,-0.633124,1.0276,1,-0.488925,-0.0157267,0,-0.176251,-0.08744,0,0.01015,26,28.4,3,-2.48883,1,0,0.497854,0,0,0.0429153,0,0.00517145,27,28.4,-2.05177,2.49791,1,0.00480413,0.5,0,0.199676,0,0,0.00838262,28,28.4,-2,-2.00204,1,0,0.00524521,0,0,0.000357628,0,0.0126891,29,28.4,2.425,-2.01489,1,-0.5,0.0174403,0,0,0.0460148,0,0.00853736,30,28.4,-1.03773,0.422681,1,0.140458,-0.5,0,-0.30303,1.43051e-05,0,0.00959865,31,28.4,1.99999,3,1,8.9407e-06,5.96046e-06,0,0,-0.000119209,0,0.00888673,32,28.4,2,0.999999,1,1.19209e-05,-4.47035e-06,0,-5.96046e-05,0,0,0.0122941,33,28.4,0.000623601,2.16616e-07,1,-0.00371723,2.04898e-07,0,0.0061916,-2.33896e-06,0,0.0106808,34,28.4,0.00425542,3,1,0.0935236,-1.78814e-05,0,-0.388484,-0.00107288,0,0.00628079,35,28.4,3,2,1,0,-2.08616e-05,0,0,0.000119209,0,0.00807606
0,28.5,2.5699,-1.00016,1,0.499903,0.000100769,0,-0.0038743,0.000722706,0,0.00816006,1,28.5,-5.75538e-05,-3,1,2.15811e-05,0,0,0.000391211,0,0,0.00770806,2,28.5,2,-4.97622e-05,1,-3.72529e-06,7.22814e-05,0,-5.96046e-05,0.000180131,0,0.0140385,3,28.5,-1.99738,0.126295,1,-0.0199847,0.5,0,0.042811,4.47035e-07,0,0.0114415,4,28.5,1.63638,-3,1,0.468461,0,0,-0.0308454,0,0,0.00673016,5,28.5,-1.52738,3,1,0.5,0,0,-7.45058e-06,0,0,0.00599275,6,28.5,1.00061,-1.65396,1,-0.000927038,-0.497655,0,-0.00140816,0.0469387,0,0.0125154,7,28.5,1.96924,-1.37692,1,0.0230132,0.497548,0,0.0762865,-0.0518933,0,0.0101082,8,28.5,0.0109177,-0.999952,1,-0.0242262,-0.000121072,0,-0.027812,-1.49012e-05,0,0.0108951,9,28.5,1,2,1,-6.89179e-06,1.08033e-05,0,3.72529e-05,2.98023e-05,0,0.0128495,10,28.5,-1,-0.968891,1,7.72998e-06,-0.197579,0,1.11759e-05,0.485823,0,0.0106848,11,28.5,1.00001,2.23115e-05,1,-0.000322331,-0.0021764,0,0.000867993,0.00632832,0,0.0129917,12,28.5,-3,0.841668,1,0,-0.413604,0,0,-0.358414,0,0.00675009,13,28.5,2,1.99999,1,1.43424e-05,3.1665e-06,0,7.45058e-06,7.45058e-06,0,0.00672532,14,28.5,-1.00011,-2.99772,1,1.47149e-05,0.0110004,0,0.000886619,-0.00415742,0,0.0108134,15,28.5,0.463428,1,1,-0.5,-2.98023e-06,0,0,0,0,0.0130005,16,28.5,1.0002,2.99982,1,0.103172,-0.0031814,0,-0.388999,-0.0215173,0,0.00564717,17,28.5,2.50154,-3,1,0.465759,0,0,0.252903,0,0,0.00527696,18,28.5,-0.999714,2,1,0.00102688,-8.00937e-06,0,-0.00535697,2.23517e-05,0,0.0131504,19,28.5,-3,-1.9973,1,0,-0.00360031,0,0,-0.0101551,0,0.00695626,20,28.5,-3,-2.99749,1,0,-0.00609942,0,0,0.00356138,0,0.00532339,21,28.5,8.28524e-06,-2,1,1.05967e-05,-1.00583e-05,0,-9.68653e-05,-1.49012e-05,0,0.010354,22,28.5,-2.79637,-0.00676458,1,0.229707,-0.0368439,0,0.990152,-0.0722432,0,0.012425,23,28.5,-2.00292,-3,1,0.00330769,0,0,0.0126511,0,0,0.00627311,24,28.5,0.998354,-2.60803,1,0.000333134,-0.498338,0,0.00524893,0.0376403,0,0.00821659,25,28.5,-0.682599,1.02563,1,-0.497839,-0.0233538,0,-0.0105426,-0.0650585,0,0.01015,26,28.5,3,-2.43892,1,0,0.499837,0,0,0.00424683,0,0.00517145,27,28.5,-2.05036,2.54791,1,0.0228658,0.5,0,0.161409,0,0,0.00838262,28,28.5,-2,-2.00152,1,-1.86265e-07,0.00509173,0,-7.45058e-06,-0.00324845,0,0.0126891,29,28.5,2.37509,-2.01295,1,-0.497434,0.0208329,0,0.0540018,0.0226945,0,0.00853736,30,28.5,-1.02515,0.372769,1,0.111708,-0.497288,0,-0.27176,0.0567212,0,0.00959865,31,28.5,1.99999,3,1,8.9407e-06,-3.72529e-06,0,0,-5.96046e-05,0,0.00888673,32,28.5,2,0.999999,1,6.89179e-06,-4.00469e-06,0,-3.72529e-05,1.11759e-05,0,0.0122941,33,28.5,0.000284269,2.26322e-07,1,-0.00305797,-1.74176e-09,0,0.00688111,-1.79645e-06,0,0.0106808,34,28.5,0.0117731,2.99999,1,0.0579178,-9.61125e-05,0,-0.323313,-0.000536442,0,0.00628079,35,28.5,3,2,1,0,-1.00583e-05,0,0,8.9407e-05,0,0.00807606
0,28.6,2.61984,-1.00015,1,0.498456,0.000157952,0,-0.0311136,0.000476837,0,0.0100168,1,28.6,-5.36553e-05,-3,1,5.42777e-05,0,0,0.000264668,0,0,0.00771817,2,28.6,2,-4.18089e-05,1,-1.19209e-05,8.51082e-05,0,0,7.96025e-05,0,0.0102799,3,28.6,-1.99917,0.176295,1,-0.0158072,0.5,0,0.0406504,0,0,0.0125833,4,28.6,1.68297,-3,1,0.46252,0,0,-0.0904202,0,0,0.00768016,5,28.6,-1.47738,3,1,0.500003,0,0,-5.96046e-05,0,0,0.0043367,6,28.6,1.00051,-1.70338,1,-0.00102222,-0.489438,0,-0.000417233,0.121534,0,0.0103669,7,28.6,1.97188,-1.32753,1,0.0294566,0.489146,0,0.0528693,-0.118017,0,0.00986281,8,28.6,0.00840438,-0.999964,1,-0.025589,-0.000117719,0,-0.000705458,8.9407e-05,0,0.0110004,9,28.6,1,2,1,-2.98023e-06,5.96046e-06,0,2.98023e-05,0.000119209,0,0.010705,10,28.6,-0.999999,-0.986274,1,7.45058e-06,-0.150688,0,2.98023e-05,0.449449,0,0.0170113,11,28.6,0.999982,-0.000164124,1,-0.000236928,-0.00155824,0,0.000864267,0.0059751,0,0.0121701,12,28.6,-3,0.798617,1,0,-0.44619,0,0,-0.285953,0,0.00727941,13,28.6,2,1.99999,1,1.19209e-05,5.96046e-06,0,-0.000119209,-5.96046e-05,0,0.00805755,14,28.6,-1.00011,-2.99667,1,8.9407e-05,0.00972152,0,0.000655651,-0.0202656,0,0.0123053,15,28.6,0.413428,1,1,-0.5,-2.98023e-06,0,1.43051e-05,0,0,0.0117178,16,28.6,1.00867,2.99942,1,0.0671744,-0.00453591,0,-0.33021,-0.00631809,0,0.0061705,17,28.6,2.54922,-3,1,0.486213,0,0,0.155568,0,0,0.00612681,18,28.6,-0.999636,1.99999,1,0.000531971,-5.96046e-06,0,-0.00450015,0,0,0.0126061,19,28.6,-3,-1.9977,1,0,-0.00434816,0,0,-0.00488758,0,0.00732474,20,28.6,-3,-2.99808,1,0,-0.00558496,0,0,0.0064373,0,0.00543392,21,28.6,8.89457e-06,-2,1,1.93281e-06,-1.19209e-05,0,-7.63098e-05,0,0,0.0102416,22,28.6,-2.76852,-0.0107192,1,0.326151,-0.041375,0,0.92411,-0.0198493,0,0.00960666,23,28.6,-2.00254,-3,1,0.00428557,0,0,0.00679493,0,0,0.00731616,24,28.6,0.998413,-2.65758,1,0.000821054,-0.491714,0,0.00450015,0.09799,0,0.00871365,25,28.6,-0.732196,1.02301,1,-0.491689,-0.0287414,0,0.135541,-0.0428557,0,0.00940392,26,28.6,3,-2.38894,1,0,0.499552,0,0,-0.0089407,0,0.00493882,27,28.6,-2.04733,2.59791,1,0.03708,0.5,0,0.122786,0,0,0.00981242,28,28.6,-2,-2.00103,1,0,0.00463724,0,0,-0.00584126,0,0.0118833,29,28.6,2.32572,-2.01079,1,-0.488752,0.0221372,0,0.121474,0.00429153,0,0.0082325,30,28.6,-1.01529,0.323435,1,0.0861436,-0.488247,0,-0.239372,0.125661,0,0.0101395,31,28.6,1.99999,3,1,1.19209e-05,-5.96046e-06,0,-5.96046e-05,0,0,0.00838703,32,28.6,2,0.999998,1,2.98023e-06,-4.47035e-06,0,0,5.96046e-05,0,0.0108922,33,28.6,1.32403e-05,2.18042e-07,1,-0.00236128,-1.55215e-07,0,0.00696244,-1.27864e-06,0,0.00909473,34,28.6,0.0160582,2.99998,1,0.0288799,-0.00012517,0,-0.257575,-0.000238419,0,0.00936729,35,28.6,3,2,1,0,-2.98023e-06,0,0,5.96046e-05,0,0.00919737
0,28.7,2.66944,-1.00013,1,0.492572,0.00019446,0,-0.0912994,0.000268221,0,0.0100168,1,28.7,-4.71012e-05,-3,1,7.49159e-05,0,0,0.000151316,0,0,0.00771817,2,28.7,2,-3.30434e-05,1,-1.15484e-05,8.88603e-05,0,1.49012e-05,-9.62355e-07,0,0.0102799,3,28.7,-2.00055,0.226295,1,-0.0119455,0.5,0,0.0365376,8.9407e-07,0,0.0125833,4,28.7,1.72866,-3,1,0.45016,0,0,-0.15837,0,0,0.00768016,5,28.7,-1.42738,3,1,0.499909,0,0,-0.00362843,0,0,0.0043367,6,28.7,1.00041,-1.75152,1,-0.00102594,-0.471442,0,0.000312924,0.235863,0,0.0103669,7,28.7,1.97506,-1.27932,1,0.0336533,0.473807,0,0.0313446,-0.189982,0,0.00986281,8,28.7,0.00587737,-0.999975,1,-0.0246269,-0.000106171,0,0.0187673,0.000141561,0,0.0110004,9,28.7,1,2,1,-4.65661e-07,1.41561e-05,0,1.86265e-05,2.98023e-05,0,0.010705,10,28.7,-0.999998,-0.999177,1,8.84756e-06,-0.108224,0,3.72529e-06,0.398275,0,0.0170113,11,28.7,0.999962,-0.000291143,1,-0.000155065,-0.000993685,0,0.000771135,0.00528349,0,0.0121701,12,28.7,-3,0.7526,1,0,-0.473357,0,0,-0.239816,0,0.00727941,13,28.7,2,1.99999,1,1.86265e-06,1.86265e-06,0,-7.45058e-05,-1.49012e-05,0,0.00805755,14,28.7,-1.0001,-2.99582,1,0.000141561,0.00725836,0,0.00038743,-0.0279844,0,0.0123053,15,28.7,0.363536,1,1,-0.496708,-2.98023e-06,0,0.0675152,0,0,0.0117178,16,28.7,1.01384,2.99896,1,0.0373097,-0.00464246,0,-0.267215,0.00348687,0,0.0061705,17,28.7,2.59846,-3,1,0.497025,0,0,0.0602901,0,0,0.00612681,18,28.7,-0.999604,1.99999,1,0.000129454,-5.02914e-06,0,-0.00354648,2.23517e-05,0,0.0126061,19,28.7,-3,-1.99816,1,0,-0.00461452,0,0,-0.000625849,0,0.00732474,20,28.7,-3,-2.9986,1,0,-0.00483617,0,0,0.00834465,0,0.00543392,21,28.7,8.74165e-06,-2,1,-4.64405e-06,-1.15484e-05,0,-5.54856e-05,1.49012e-05,0,0.0102416,22,28.7,-2.73163,-0.0148486,1,0.407965,-0.040225,0,0.697792,0.039482,0,0.00960666,23,28.7,-2.00208,-3,1,0.00471883,0,0,0.00207126,0,0,0.00731616,24,28.7,0.998516,-2.70614,1,0.00122553,-0.478317,0,0.0035651,0.171989,0,0.00871365,25,28.7,-0.780421,1.01996,1,-0.470287,-0.0318443,0,0.286546,-0.0198111,0,0.00940392,26,28.7,3,-2.3391,1,0,0.4964,0,0,-0.0595152,0,0.00493882,27,28.7,-2.04308,2.64777,1,0.0471625,0.495744,0,0.0797957,-0.0857711,0,0.00981242,28,28.7,-2,-2.0006,1,-1.86265e-07,0.00397637,0,-7.45058e-06,-0.00724196,0,0.0118833,29,28.7,2.27757,-2.00858,1,-0.473042,0.0218511,0,0.193864,-0.00932813,0,0.0082325,30,28.7,-1.00781,0.275358,1,0.0638722,-0.472082,0,-0.206091,0.198632,0,0.0101395,31,28.7,1.99999,3,1,7.07805e-06,-5.58794e-06,0,-2.98023e-05,1.49012e-05,0,0.00838703,32,28.7,2,0.999998,1,2.98023e-06,2.79397e-07,0,0,4.09782e-05,0,0.0108922,33,28.7,-0.000188659,1.96952e-07,1,-0.00168405,-2.5863e-07,0,0.00652375,-8.0134e-07,0,0.00909473,34,28.7,0.0177676,2.99997,1,0.00637797,-0.000132248,0,-0.19338,7.45058e-05,0,0.00936729,35,28.7,3,2,1,0,2.04891e-06,0,0,3.72529e-05,0,0.00919737
0,28.8,2.71811,-1.00011,1,0.479442,0.000211596,0,-0.174284,5.96046e-05,0,0.00855299,1,28.8,-3.90178e-05,-3,1,8.51838e-05,0,0,5.72453e-05,0,0,0.00981364,2,28.8,2,-2.42703e-05,1,-1.19209e-05,8.56031e-05,0,0,-6.09098e-05,0,0.0113188,3,28.8,-2.00157,0.276295,1,-0.00849962,0.5,0,0.0321865,-1.43051e-05,0,0.0132125,4,28.8,1.77277,-3,1,0.430632,0,0,-0.232756,0,0,0.00832086,5,28.8,-1.37744,3,1,0.498548,0,0,-0.0289679,0,0,0.0045637,6,28.8,1.00031,-1.79731,1,-0.000968575,-0.442806,0,0.000834465,0.334084,0,0.0109535,7,28.8,1.97855,-1.23302,1,0.0357866,0.450999,0,0.0116229,-0.266314,0,0.0097956,8,28.8,0.00353254,-0.999985,1,-0.0220552,-9.08971e-05,0,0.0316506,0.000178814,0,0.0114794,9,28.8,1,2,1,0,1.78814e-05,0,2.98023e-05,0,0,0.0113917,10,28.8,-0.999997,-1.0081,1,8.9407e-06,-0.0712782,0,-2.98023e-05,0.339687,0,0.0144292,11,28.8,0.99995,-0.000365458,1,-8.34465e-05,-0.000506779,0,0.000655651,0.00443465,0,0.01048,12,28.8,-3,0.704241,1,0,-0.491934,0,0,-0.127077,0,0.00642586,13,28.8,2,1.99999,1,0,0,0,-0.000119209,0,0,0.00860851,14,28.8,-1.00008,-2.99524,1,0.000169873,0.00430346,0,0.000178814,-0.0305176,0,0.0103894,15,28.8,0.314326,1,1,-0.486241,-2.98023e-06,0,0.142708,2.98023e-05,0,0.0115623,16,28.8,1.01634,2.99852,1,0.0136703,-0.00396371,0,-0.205994,0.00941753,0,0.0062554,17,28.8,2.64831,-3,1,0.498319,0,0,-0.0338554,0,0,0.00599913,18,28.8,-0.999607,1.99999,1,-0.000177324,-2.98023e-06,0,-0.00265241,0,0,0.0116619,19,28.8,-3,-1.99861,1,0,-0.00450611,0,0,0.002563,0,0.00617827,20,28.8,-3,-2.99904,1,0,-0.00395179,0,0,0.00917912,0,0.00500832,21,28.8,8.03239e-06,-2,1,-9.22378e-06,-1.19209e-05,0,-3.64446e-05,0.000119209,0,0.00925916,22,28.8,-2.6878,-0.018599,1,0.464022,-0.0341114,0,0.420928,0.0798283,0,0.00943361,23,28.8,-2.00161,-3,1,0.00473261,0,0,-0.00154972,0,0,0.00655623,24,28.8,0.998655,-2.75298,1,0.00153184,-0.457048,0,0.0025332,0.254273,0,0.00762162,25,28.8,-0.825809,1.01671,1,-0.435543,-0.0328273,0,0.402659,-0.000476837,0,0.00939452,26,28.8,3,-2.28988,1,0,0.486749,0,0,-0.137091,0,0.00544448,27,28.8,-2.03803,2.69677,1,0.0532329,0.482774,0,0.0423193,-0.173569,0,0.00726014,28,28.8,-2,-2.00024,1,0,0.00321865,0,0,-0.0077486,0,0.0118149,29,28.8,2.23136,-2.00646,1,-0.449854,0.0203967,0,0.270009,-0.0191927,0,0.00851474,30,28.8,-1.0024,0.229269,1,0.0449151,-0.448418,0,-0.173301,0.274658,0,0.00876025,31,28.8,1.99999,3,1,5.96046e-06,-5.96046e-06,0,-5.96046e-05,0.000119209,0,0.00931877,32,28.8,2,0.999998,1,2.98023e-06,4.47035e-06,0,0,0,0,0.0124885,33,28.8,-0.000325571,1.67789e-07,1,-0.00106653,-3.17855e-07,0,0.00578507,-3.95211e-07,0,0.00949773,34,28.8,0.0175382,2.99996,1,-0.00999663,-0.000113249,0,-0.1352,0.000238419,0,0.00891211,35,28.8,3,2,1,0,2.98023e-06,0,0,5.96046e-05,0,0.00734644
0,28.9,2.76499,-1.00009,1,0.456157,0.000210665,0,-0.288129,-6.70552e-05,0,0.00855299,1,28.9,-3.03455e-05,-3,1,8.70263e-05,0,0,-1.689e-05,0,0,0.00981364,2,28.9,2,-1.60891e-05,1,-1.11759e-05,7.73527e-05,0,1.49012e-05,-0.000101087,0,0.0113188,3,28.9,-2.00227,0.326295,1,-0.00550933,0.5,0,0.0276417,0,0,0.0132125,4,28.9,1.81451,-3,1,0.402815,0,0,-0.320099,0,0,0.00832086,5,28.9,-1.32781,3,1,0.493082,0,0,-0.0849217,0,0,0.0045637,6,28.9,1.00021,-1.83976,1,-0.000866689,-0.404751,0,0.00116974,0.42177,0,0.0109535,7,28.9,1.98215,-1.18941,1,0.0359831,0.419802,0,-0.0069961,-0.353865,0,0.0097956,8,28.9,0.00149877,-0.999994,1,-0.0185061,-7.26432e-05,0,0.038512,0.000186265,0,0.0114794,9,28.9,1,2.00001,1,2.04891e-06,1.60187e-05,0,7.45058e-06,-4.47035e-05,0,0.0113917,10,28.9,-0.999996,-1.01364,1,5.96046e-06,-0.0404788,0,-2.98023e-05,0.276349,0,0.0144292,11,28.9,0.999945,-0.000395547,1,-2.45869e-05,-0.000110864,0,0.000521541,0.00348422,0,0.01048,12,28.9,-3,0.654609,1,0,-0.499068,0,0,-0.0287332,0,0.00642586,13,28.9,2,1.99999,1,-9.68575e-06,7.45058e-07,0,-5.96046e-05,1.49012e-05,0,0.00860851,14,28.9,-1.00006,-2.99496,1,0.000178814,0.00132844,0,0,-0.0285208,0,0.0103894,15,28.9,0.266539,1,1,-0.468234,-4.65661e-07,0,0.217871,1.86265e-05,0,0.0115623,16,28.9,1.01677,2.99818,1,-0.00398718,-0.00286289,0,-0.148252,0.0121742,0,0.0062554,17,28.9,2.6978,-3,1,0.489851,0,0,-0.13642,0,0,0.00599913,18,28.9,-0.999637,1.99999,1,-0.00039665,-2.04891e-06,0,-0.00174716,2.23517e-05,0,0.0116619,19,28.9,-3,-1.99905,1,0,-0.00412911,0,0,0.00481308,0,0.00617827,20,28.9,-3,-2.99939,1,0,-0.00303164,0,0,0.00908971,0,0.00500832,21,28.9,6.95707e-06,-2,1,-1.20024e-05,-1.86265e-06,0,-1.96395e-05,7.45058e-05,0,0.00925916,22,28.9,-2.63976,-0.0215815,1,0.492266,-0.025284,0,0.159532,0.0950767,0,0.00943361,23,28.9,-2.00115,-3,1,0.00443421,0,0,-0.00424683,0,0,0.00655623,24,28.9,0.998818,-2.79724,1,0.0017249,-0.426536,0,0.00135228,0.352025,0,0.00762162,25,28.9,-0.867208,1.01345,1,-0.391156,-0.0320841,0,0.480168,0.0147969,0,0.00939452,26,28.9,3,-2.24208,1,0,0.467248,0,0,-0.250161,0,0.00544448,27,28.9,-2.03255,2.74404,1,0.055863,0.461161,0,0.0111461,-0.258073,0,0.00726014,28,28.9,-2,-1.99995,1,0,0.00244435,0,0,-0.00765175,0,0.0118149,29,28.9,2.18788,-2.00453,1,-0.418328,0.0181384,0,0.356719,-0.0254512,0,0.00851474,30,28.9,-0.998721,0.185953,1,0.0292561,-0.416478,0,-0.140321,0.360351,0,0.00876025,31,28.9,1.99999,2.99999,1,1.11759e-06,3.72529e-06,0,-2.98023e-05,5.96046e-05,0,0.00931877,32,28.9,2,0.999999,1,2.98023e-06,4.37722e-06,0,0,-3.72529e-06,0,0.0124885,33,28.9,-0.000404871,1.34613e-07,1,-0.000535572,-3.40157e-07,0,0.00481937,-6.48171e-08,0,0.00949773,34,28.9,0.0159515,2.99995,1,-0.0208853,-8.34465e-05,0,-0.0840609,0.000327826,0,0.00891211,35,28.9,3,2,1,0,7.82311e-06,0,0,2.98023e-05,0,0.00734644
0,29,2.809,-1.00007,1,0.422496,0.000199676,0,-0.38147,-0.000238419,0,0.00884355,1,29,-2.18255e-05,-3,1,8.24722e-05,0,0,-7.10352e-05,0,0,0.00814732,2,29,2,-8.9048e-06,1,-8.9407e-06,6.59419e-05,0,5.96046e-05,-0.000124577,0,0.012409,3,29,-2.00269,0.376295,1,-0.00297427,0.5,0,0.0232458,-1.43051e-05,0,0.0144621,4,29,1.85307,-3,1,0.367302,0,0,-0.386655,0,0,0.00760815,5,29,-1.27905,3,1,0.480828,0,0,-0.162959,0,0,0.00484088,6,29,1.00013,-1.87802,1,-0.000739098,-0.359449,0,0.00137091,0.47946,0,0.0107535,7,29,1.98569,-1.14931,1,0.034517,0.380963,0,-0.0215769,-0.419378,0,0.00984193,8,29,-0.000153584,-1,1,-0.014501,-5.36442e-05,0,0.0409266,0.000119209,0,0.011141,9,29,1,2.00001,1,2.98023e-06,1.78814e-05,0,5.96046e-05,-0.000238419,0,0.0128178,10,29,-0.999996,-1.01641,1,2.98023e-06,-0.0159621,0,-2.98023e-05,0.214398,0,0.0134848,11,29,0.999945,-0.000390776,1,1.93715e-05,0.000190808,0,0.000417233,0.00255609,0,0.0131011,12,29,-3,0.604632,1,0,-0.5,0,0,-2.98023e-05,0,0.00758692,13,29,2,1.99999,1,-1.19209e-05,2.98023e-06,0,-5.96046e-05,0,0,0.00694681,14,29,-1.00004,-2.99496,1,0.000172853,-0.00132918,0,-0.000178814,-0.0243187,0,0.0113391,15,29,0.220932,1,1,-0.442665,0,0,0.29309,5.96046e-05,0,0.0124345,16,29,1.01572,2.99795,1,-0.0162065,-0.00159144,0,-0.097394,0.0127554,0,0.00733152,17,29,2.74593,-3,1,0.470972,0,0,-0.240922,0,0,0.0055074,18,29,-0.999684,1.99999,1,-0.000531971,-2.98023e-06,0,-0.000953674,0.000119209,0,0.0124205,19,29,-3,-1.99943,1,0,-0.00357032,0,0,0.00619888,0,0.00633685,20,29,-3,-2.99965,1,0,-0.00215769,0,0,0.00834465,0,0.00523678,21,29,5.68283e-06,-2,1,-1.3253e-05,0,0,-5.87397e-06,0.000119209,0,0.00936928,22,29,-2.59004,-0.0236208,1,0.499594,-0.0154014,0,0.00810623,0.101163,0,0.0103379,23,29,-2.00073,-3,1,0.00392199,0,0,-0.00619888,0,0,0.00683501,24,29,0.998996,-2.838,1,0.00180751,-0.38743,0,0.000327826,0.426173,0,0.00800152,25,29,-0.90383,1.01034,1,-0.340469,-0.0299782,0,0.528812,0.0267029,0,0.00777304,26,29,3,-2.19677,1,0,0.437295,0,0,-0.345707,0,0.00519363,27,29,-2.02695,2.78873,1,0.055629,0.431353,0,-0.0150204,-0.336885,0,0.00710893,28,29,-2,-1.99975,1,-2.98023e-06,0.00170171,0,5.96046e-05,-0.00709295,0,0.0116987,29,29,2.14795,-2.00285,1,-0.379246,0.0153959,0,0.421166,-0.0288486,0,0.0078276,30,29,-0.996445,0.146222,1,0.0167593,-0.377093,0,-0.11009,0.423688,0,0.0105058,31,29,1.99999,3,1,0,1.19209e-05,0,0,-0.000119209,0,0.00995636,32,29,2,0.999999,1,2.98023e-06,4.47035e-06,0,-5.96046e-05,-2.98023e-05,0,0.0121017,33,29,-0.000436026,1.00723e-07,1,-0.000104605,-3.33498e-07,0,0.00379529,1.85163e-07,0,0.0106783,34,29,0.0135168,2.99994,1,-0.0271027,-4.76837e-05,0,-0.0417368,0.000357628,0,0.00793359,35,29,3,2,1,0,8.9407e-06,0,0,0,0,0.00708525
0,29.1,2.84921,-1.00005,1,0.380543,0.000173971,0,-0.453755,-0.000283122,0,0.00884355,1,29.1,-1.39992e-05,-3,1,7.347e-05,0,0,-0.000106161,0,0,0.00814732,2,29.1,2,-2.95256e-06,1,-3.91155e-06,5.29632e-05,0,3.72529e-05,-0.000133015,0,0.012409,3,29.1,-2.00288,0.426295,1,-0.00090003,0.5,0,0.0183284,0,0,0.0144621,4,29.1,1.88779,-3,1,0.326379,0,0,-0.428811,0,0,0.00760815,5,29.1,-1.23197,3,1,0.458948,0,0,-0.271633,0,0,0.00484088,6,29.1,1.00007,-1.91151,1,-0.000598282,-0.309982,0,0.00143051,0.505939,0,0.0107535,7,29.1,1.98901,-1.11339,1,0.0318104,0.336887,0,-0.0319853,-0.459015,0,0.00984193,8,29.1,-0.0014003,-1,1,-0.0104571,-4.09782e-05,0,0.0395098,0.00013411,0,0.011141,9,29.1,1,2.00001,1,7.07805e-06,-1.11759e-06,0,1.49012e-05,-0.000163913,0,0.0128178,10,29.1,-0.999996,-1.01703,1,9.31323e-08,0.00248197,0,-2.6077e-05,0.155546,0,0.0134848,11,29.1,0.999949,-0.000360419,1,5.39236e-05,0.000401763,0,0.000271946,0.00168184,0,0.0131011,12,29.1,-3,0.554632,1,0,-0.5,0,0,0,0,0.00758692,13,29.1,2,1.99999,1,-1.546e-05,3.1665e-06,0,-2.23517e-05,7.45058e-06,0,0.00694681,14,29.1,-1.00003,-2.9952,1,0.000151619,-0.00346974,0,-0.000238419,-0.0184476,0,0.0113391,15,29.1,0.178276,1,1,-0.409081,4.84288e-06,0,0.374674,2.98023e-05,0,0.0124345,16,29.1,1.01369,2.99786,1,-0.023705,-0.000358,0,-0.0540242,0.011757,0,0.00733152,17,29.1,2.79162,-3,1,0.440905,0,0,-0.355497,0,0,0.0055074,18,29.1,-0.999741,1.99999,1,-0.000593998,6.51926e-06,0,-0.000312924,8.19564e-05,0,0.0124205,19,29.1,-3,-1.99976,1,0,-0.00291597,0,0,0.00678748,0,0.00633685,20,29.1,-3,-2.99983,1,0,-0.00138655,0,0,0.00700355,0,0.00523678,21,29.1,4.34727e-06,-2,1,-1.32806e-05,9.68575e-06,0,4.78954e-06,5.96046e-05,0,0.00936928,22,29.1,-2.54006,-0.0246571,1,0.499974,-0.00537161,0,0.00101328,0.0983442,0,0.0103379,23,29.1,-2.00037,-3,1,0.00325777,0,0,-0.00698864,0,0,0.00683501,24,29.1,0.999177,-2.87452,1,0.00179624,-0.342064,0,-0.000525266,0.477254,0,0.00800152,25,29.1,-0.935188,1.00749,1,-0.286368,-0.0268523,0,0.548203,0.0351965,0,0.00777304,26,29.1,3,-2.1549,1,0,0.399004,0,0,-0.417277,0,0.00519363,27,29.1,-2.02151,2.83003,1,0.0529729,0.393368,0,-0.0369847,-0.418037,0,0.00710893,28,29.1,-2,-1.99961,1,1.86265e-06,0.00103656,0,2.98023e-05,-0.00617653,0,0.0116987,29,29.1,2.1122,-2.00145,1,-0.335035,0.012451,0,0.459909,-0.029698,0,0.0078276,30,29.1,-0.995273,0.110701,1,0.00713067,-0.33269,0,-0.0829734,0.461227,0,0.0105058,31,29.1,1.99999,3,1,1.86265e-07,2.23517e-06,0,7.45058e-06,-5.96046e-05,0,0.00995636,32,29.1,2,1,1,-1.86265e-06,1.95578e-06,0,-2.98023e-05,-1.86265e-05,0,0.0121017,33,29.1,-0.000429267,6.86158e-08,1,0.000222519,-3.05767e-07,0,0.00276021,3.57451e-07,0,0.0106783,34,29.1,0.0106573,2.99994,1,-0.0295309,-1.22935e-05,0,-0.00834363,0.000342727,0,0.00793359,35,29.1,3,2,1,0,8.75443e-06,0,0,-7.45058e-06,0,0.00708525
0,29.2,2.8849,-1.00003,1,0.332522,0.000146031,0,-0.502706,-0.000238419,0,0.00822579,1,29.2,-7.22135e-06,-3,1,6.17639e-05,0,0,-0.000125566,0,0,0.00880027,2,29.2,2,1.6784e-06,1,0,3.9693e-05,0,5.96046e-05,-0.000130831,0,0.0111691,3,29.2,-2.00288,0.476295,1,0.000703335,0.5,0,0.0140667,-1.43051e-05,0,0.0124153,4,29.2,1.91824,-3,1,0.282136,0,0,-0.453115,0,0,0.00676269,5,29.2,-1.18759,3,1,0.427121,0,0,-0.361741,0,0,0.00627533,6,29.2,1.00001,-1.93997,1,-0.000457466,-0.259006,0,0.00140071,0.510156,0,0.009989,7,29.2,1.99202,-1.08204,1,0.0282288,0.289783,0,-0.0391603,-0.479996,0,0.010574,8,29.2,-0.00225383,-1.00001,1,-0.00667551,-2.68221e-05,0,0.0357996,5.96046e-05,0,0.0117948,9,29.2,1,2.00001,1,8.9407e-06,-1.78814e-05,0,0,0,0,0.0112667,10,29.2,-0.999996,-1.0161,1,-1.49012e-06,0.015372,0,-2.98023e-05,0.103414,0,0.0143132,11,29.2,0.999955,-0.000313146,1,7.59959e-05,0.000531074,0,0.000119209,0.00092454,0,0.0119102,12,29.2,-3,0.504632,1,0,-0.5,0,0,1.43051e-05,0,0.00649862,13,29.2,2,1.99999,1,-1.49012e-05,2.98023e-06,0,0,5.96046e-05,0,0.00776425,14,29.2,-1.00001,-2.99563,1,0.00012517,-0.00501275,0,-0.000238419,-0.0122786,0,0.012215,15,29.2,0.139349,1,1,-0.368492,5.96046e-06,0,0.433385,0,0,0.0133048,16,29.2,1.01111,2.99788,1,-0.0272989,0.000733137,0,-0.0191331,0.00977516,0,0.00711916,17,29.2,2.83378,-3,1,0.400841,0,0,-0.441194,0,0,0.00540916,18,29.2,-0.999801,1.99999,1,-0.000599027,1.19209e-05,0,0.000178814,5.96046e-05,0,0.0117893,19,29.2,-3,-2.00002,1,0,-0.00222921,0,0,0.00679493,0,0.0061987,20,29.2,-3,-2.99993,1,0,-0.000762939,0,0,0.00536442,0,0.00558215,21,29.2,3.05708e-06,-2,1,-1.2396e-05,1.19209e-05,0,1.24256e-05,5.96046e-05,0,0.00956864,22,29.2,-2.49006,-0.0247148,1,0.5,0.00407198,0,0,0.0896612,0,0.0090227,23,29.2,-2.00008,-3,1,0.0025481,0,0,-0.00709295,0,0,0.00619739,24,29.2,0.999353,-2.90628,1,0.00170767,-0.292754,0,-0.0012517,0.505209,0,0.00872483,25,29.2,-0.961087,1.00499,1,-0.231744,-0.023061,0,0.540078,0.0401735,0,0.00760153,26,29.2,3,-2.11718,1,0,0.354445,0,0,-0.470519,0,0.00533968,27,29.2,-2.01642,2.86718,1,0.0484407,0.348663,0,-0.0526905,-0.471473,0,0.00661604,28,29.2,-2,-1.99954,1,2.98023e-06,0.000473857,0,0,-0.0051856,0,0.013245,29,29.2,2.08104,-2.00035,1,-0.287884,0.00951886,0,0.480056,-0.028789,0,0.00828228,30,29.2,-0.994934,0.0797777,1,6.25849e-05,-0.285469,0,-0.0588596,0.480129,0,0.00892873,31,29.2,1.99999,3,1,0,-5.96046e-06,0,5.96046e-05,0.000119209,0,0.01035,32,29.2,2,1,1,-2.98023e-06,1.49012e-06,0,-5.96046e-05,-2.98023e-05,0,0.0122103,33,29.2,-0.000394832,4.00279e-08,1,0.000450425,-2.64237e-07,0,0.00181473,4.6288e-07,0,0.00944379,34,29.2,0.00770719,2.99994,1,-0.0290591,1.78814e-05,0,0.0164176,0.000357628,0,0.00950336,35,29.2,3,2,1,0,5.96046e-06,0,0,0,0,0.00878281
0,29.3,2.91558,-1.00002,1,0.280618,0.000121258,0,-0.52993,-0.00026077,0,0.00822579,1,29.3,-1.68625e-06,-3,1,4.88501e-05,0,0,-0.000130893,0,0,0.00880027,2,29.3,2,5.00966e-06,1,4.84288e-06,2.7118e-05,0,2.98023e-05,-0.000119718,0,0.0111691,3,29.3,-2.00275,0.526295,1,0.00190623,0.5,0,0.0100881,5.66244e-06,0,0.0124153,4,29.3,1.94417,-3,1,0.236381,0,0,-0.458546,0,0,0.00676269,5,29.3,-1.1468,3,1,0.387527,0,0,-0.427179,0,0,0.00627533,6,29.3,0.999974,-1.96334,1,-0.000323169,-0.208691,0,0.00127405,0.492886,0,0.009989,7,29.3,1.99464,-1.05547,1,0.0240911,0.241534,0,-0.0430644,-0.481501,0,0.010574,8,29.3,-0.00275119,-1.00001,1,-0.00336352,-1.99303e-05,0,0.030303,8.19564e-05,0,0.0117948,9,29.3,1,2,1,8.00937e-06,-1.75089e-05,0,-2.23517e-05,1.49012e-05,0,0.0112667,10,29.3,-0.999996,-1.01412,1,-4.00469e-06,0.0234071,0,-1.86265e-05,0.0587553,0,0.0143132,11,29.3,0.999963,-0.000256527,1,8.35396e-05,0.000590827,0,3.35276e-05,0.0002951,0,0.0119102,12,29.3,-3,0.454632,1,0,-0.5,0,0,0,0,0.00649862,13,29.3,2,1.99999,1,-1.37836e-05,7.82311e-06,0,2.98023e-05,2.98023e-05,0,0.00776425,14,29.3,-1,-2.99619,1,0.000100397,-0.00593141,0,-0.00026077,-0.00622869,0,0.012215,15,29.3,0.104729,1,1,-0.323353,5.7742e-06,0,0.466214,-7.45058e-06,0,0.0133048,16,29.3,1.00833,2.99799,1,-0.0278249,0.00158809,0,0.00724196,0.00728667,0,0.00711916,17,29.3,2.87155,-3,1,0.353606,0,0,-0.498936,0,0,0.00540916,18,29.3,-0.999859,2,1,-0.000562239,1.60187e-05,0,0.000540167,1.49012e-05,0,0.0117893,19,29.3,-3,-2.00021,1,0,-0.00157095,0,0,0.00633299,0,0.0061987,20,29.3,-3,-2.99999,1,0,-0.000302494,0,0,0.0038147,0,0.00558215,21,29.3,1.88863e-06,-2,1,-1.08936e-05,1.546e-05,0,1.72031e-05,2.23517e-05,0,0.00956864,22,29.3,-2.44006,-0.0238884,1,0.499965,0.0121622,0,-0.00140071,0.0720866,0,0.0090227,23,29.3,-1.99986,-3,1,0.00185445,0,0,-0.00672042,0,0,0.00619739,24,29.3,0.999516,-2.933,1,0.00155475,-0.241596,0,-0.00177324,0.513077,0,0.00872483,25,29.3,-0.981608,1.00289,1,-0.179218,-0.018939,0,0.507202,0.0417829,0,0.00760153,26,29.3,3,-2.08416,1,0,0.305561,0,0,-0.50272,0,0.00533968,27,29.3,-2.01186,2.89963,1,0.0426572,0.299907,0,-0.0621527,-0.499547,0,0.00661604,28,29.3,-2,-1.99951,1,2.79397e-06,1.58325e-05,0,-7.45058e-06,-0.00398606,0,0.013245,29,29.3,2.05466,-1.99954,1,-0.239674,0.00676177,0,0.480711,-0.0261813,0,0.00828228,30,29.3,-0.995186,0.0536394,1,-0.00475403,-0.237307,0,-0.0381023,0.479686,0,0.00892873,31,29.3,2,3,1,5.02914e-06,3.72529e-06,0,3.72529e-05,5.96046e-05,0,0.01035,32,29.3,2,1,1,-7.07805e-06,-9.31323e-07,0,-1.49012e-05,-1.49012e-05,0,0.0122103,33,29.3,-0.000342169,1.60136e-08,1,0.000588939,-2.15306e-07,0,0.000980997,5.07591e-07,0,0.00944379,34,29.3,0.00491405,2.99994,1,-0.0265274,4.84288e-05,0,0.033004,0.000268221,0,0.00950336,35,29.3,3,2,1,0,5.96046e-06,0,0,0,0,0.00878281
0,29.4,2.94099,-1.00001,1,0.227547,9.53674e-05,0,-0.526667,-0.000268221,0,0.00801977,1,29.4,2.548e-06,-3,1,3.59083e-05,0,0,-0.000126529,0,0,0.00797585,2,29.4,2,7.14773e-06,1,5.96046e-06,1.59088e-05,0,5.96046e-05,-0.00010382,0,0.0140574,3,29.4,-2.00251,0.576295,1,0.00273585,0.5,0,0.00655651,2.98023e-05,0,0.0106089,4,29.4,1.96553,-3,1,0.191063,0,0,-0.445008,0,0,0.00703986,5,29.4,-1.11027,3,1,0.342301,0,0,-0.474155,0,0,0.0051135,6,29.4,0.999948,-1.98179,1,-0.000204146,-0.161013,0,0.00107288,0.458241,0,0.0112198,7,29.4,1.99683,-1.0337,1,0.0197142,0.194123,0,-0.0440478,-0.463784,0,0.00907213,8,29.4,-0.00294603,-1.00001,1,-0.00063511,-1.19209e-05,0,0.0242001,5.96046e-05,0,0.0119307,9,29.4,1,2,1,8.9407e-06,-1.78814e-05,0,-0.000119209,0.000119209,0,0.0124641,10,29.4,-0.999997,-1.01155,1,-4.47035e-06,0.0274092,0,-2.98023e-05,0.0226498,0,0.0140582,11,29.4,0.999972,-0.000196837,1,8.49366e-05,0.000594841,0,-5.96046e-05,-0.00019194,0,0.0126847,12,29.4,-3,0.404632,1,0,-0.5,0,0,1.43051e-05,0,0.00703544,13,29.4,1.99999,2,1,-1.19209e-05,1.19209e-05,0,5.96046e-05,0,0,0.00741429,14,29.4,-0.999994,-2.9968,1,7.45058e-05,-0.00628829,0,-0.000268221,-0.00107288,0,0.0114548,15,29.4,0.0747563,1,1,-0.275869,2.98023e-06,0,0.480452,5.96046e-05,0,0.0124062,16,29.4,1.00562,2.99819,1,-0.0261068,0.00218749,0,0.025928,0.00476837,0,0.00664723,17,29.4,2.90435,-3,1,0.301963,0,0,-0.529528,0,0,0.00567462,18,29.4,-0.999912,2,1,-0.000496209,1.78814e-05,0,0.000745058,-5.96046e-05,0,0.0125735,19,29.4,-3,-2.00033,1,0,-0.000977516,0,0,0.00560284,0,0.00619226,20,29.4,-3,-3,1,0,0,0,0,0.00226498,0,0.00490502,21,29.4,8.90275e-07,-2,1,-9.03258e-06,1.49012e-05,0,1.96653e-05,0,0,0.00950915,22,29.4,-2.39008,-0.0223413,1,0.499433,0.0184859,0,-0.0112057,0.0544107,0,0.010069,23,29.4,-1.99971,-3,1,0.00121593,0,0,-0.00607967,0,0,0.00679129,24,29.4,0.999662,-2.95462,1,0.00135899,-0.191039,0,-0.00208616,0.494123,0,0.00731428,25,29.4,-0.99707,1.0012,1,-0.130865,-0.0147879,0,0.457525,0.0407696,0,0.00764347,26,29.4,3,-2.05614,1,0,0.254738,0,0,-0.509977,0,0.00615496,27,29.4,-2.00791,2.9271,1,0.0361621,0.249541,0,-0.0668764,-0.504136,0,0.00595293,28,29.4,-2,-1.99953,1,2.98023e-06,-0.000324845,0,-5.96046e-05,-0.00286102,0,0.0125334,29,29.4,2.03307,-1.99899,1,-0.19238,0.0043124,0,0.462413,-0.022769,0,0.0078897,30,29.4,-0.995822,0.0322822,1,-0.00768006,-0.190158,0,-0.0210404,0.460461,0,0.0095492,31,29.4,2,3,1,5.96046e-06,5.96046e-06,0,5.96046e-05,0.000119209,0,0.01103,32,29.4,2,1,1,-8.9407e-06,-1.49012e-06,0,0,-2.98023e-05,0,0.0104294,33,29.4,-0.00027957,-2.96123e-09,1,0.000651658,-1.64179e-07,0,0.000298292,5.085e-07,0,0.011007,34,29.4,0.00244537,2.99995,1,-0.0226817,7.15256e-05,0,0.0428885,0.000119209,0,0.00722723,35,29.4,3,2,1,0,0,0,0,0.000119209,0,0.00774622
0,29.5,2.96115,-0.999998,1,0.176046,6.95698e-05,0,-0.498861,-0.000242144,0,0.00801977,1,29.5,5.52482e-06,-3,1,2.38354e-05,0,0,-0.000114105,0,0,0.00797585,2,29.5,2,8.25136e-06,1,1.08033e-05,6.48674e-06,0,2.98023e-05,-8.44647e-05,0,0.0140574,3,29.5,-2.00221,0.626209,1,0.00322908,0.497355,0,0.00339746,-0.0555031,0,0.0106089,4,29.5,1.98246,-3,1,0.147987,0,0,-0.414208,0,0,0.00703986,5,29.5,-1.07847,3,1,0.293371,0,0,-0.500172,0,0,0.0051135,6,29.5,0.999933,-1.99568,1,-0.000105891,-0.117584,0,0.000890344,0.408716,0,0.0112198,7,29.5,1.99858,-1.01656,1,0.0153739,0.149378,0,-0.0424087,-0.42887,0,0.00907213,8,29.5,-0.00289931,-1.00001,1,0.00146317,-5.7742e-06,0,0.0178252,6.70552e-05,0,0.0119307,9,29.5,1,2,1,-5.58794e-07,-7.82311e-06,0,-8.19564e-05,7.45058e-05,0,0.0124641,10,29.5,-0.999997,-1.00875,1,-6.89179e-06,0.0282273,0,-1.49012e-05,-0.00488758,0,0.0140582,11,29.5,0.99998,-0.000138948,1,7.72998e-05,0.000557153,0,-8.9407e-05,-0.000539748,0,0.0126847,12,29.5,-3,0.354759,1,0,-0.496155,0,0,0.0777747,0,0.00703544,13,29.5,1.99999,2,1,-6.14673e-06,1.17347e-05,0,5.21541e-05,-7.45058e-06,0,0.00741429,14,29.5,-0.999988,-2.99743,1,4.89876e-05,-0.0061702,0,-0.000245869,0.00320375,0,0.0114548,15,29.5,0.0495719,1,1,-0.227899,7.07805e-06,0,0.47567,1.49012e-05,0,0.0124062,16,29.5,1.00316,2.99842,1,-0.0228882,0.00253618,0,0.0374168,0.00226498,0,0.00664723,17,29.5,2.93188,-3,1,0.248475,0,0,-0.535235,0,0,0.00567462,18,29.5,-0.999958,2,1,-0.000414718,1.22935e-05,0,0.000867993,-4.47035e-05,0,0.0125735,19,29.5,-3,-2.0004,1,0,-0.000466034,0,0,0.00460446,0,0.00619226,20,29.5,-3,-2.99999,1,0,0.000167638,0,0,0.00113249,0,0.00490502,21,29.5,8.66731e-08,-2,1,-7.03282e-06,1.37836e-05,0,2.00695e-05,-2.98023e-05,0,0.00950915,22,29.5,-2.34026,-0.0202494,1,0.496207,0.0230651,0,-0.058949,0.0372536,0,0.010069,23,29.5,-1.99961,-3,1,0.000655279,0,0,-0.0051111,0,0,0.00679129,24,29.5,0.999787,-2.97131,1,0.00114078,-0.143458,0,-0.00224635,0.453874,0,0.00731428,25,29.5,-1.00797,0.999922,1,-0.0882098,-0.0108554,0,0.394441,0.0376217,0,0.00764347,26,29.5,3,-2.03319,1,0,0.204385,0,0,-0.493601,0,0.00615496,27,29.5,-2.00463,2.94955,1,0.029419,0.199722,0,-0.0673383,-0.488207,0,0.00595293,28,29.5,-2,-1.99957,1,-2.04891e-06,-0.000556,0,-3.72529e-05,-0.00179559,0,0.0125334,29,29.5,2.0161,-1.99867,1,-0.1478,0.00223909,0,0.426963,-0.0186786,0,0.0078897,30,29.5,-0.996671,0.0155142,1,-0.00908226,-0.145805,0,-0.00760704,0.424411,0,0.0095492,31,29.5,2,3,1,1.08033e-05,1.15484e-05,0,2.98023e-05,1.49012e-05,0,0.01103,32,29.5,2,0.999999,1,-8.00937e-06,-3.53903e-06,0,2.23517e-05,-7.45058e-06,0,0.0104294,33,29.5,-0.00021386,-1.68867e-08,1,0.000653728,-1.14938e-07,0,-0.000230469,4.72213e-07,0,0.011007,34,29.5,0.000400066,2.99995,1,-0.0181602,7.97212e-05,0,0.0467617,2.98023e-05,0,0.00722723,35,29.5,3,2,1,0,9.68575e-06,0,0,5.96046e-05,0,0.00774622
0,29.6,2.97633,-0.999993,1,0.128555,4.61936e-05,0,-0.447512,-0.000238419,0,0.0102905,1,29.6,7.36399e-06,-3,1,1.32238e-05,0,0,-9.7589e-05,0,0,0.00776189,2,29.6,2,8.51072e-06,1,5.96046e-06,-9.69567e-07,0,0.000119209,-6.46728e-05,0,0.0109205,3,29.6,-2.00188,0.675557,1,0.00343919,0.488473,0,0.000834465,-0.123769,0,0.0121631,4,29.6,1.99525,-3,1,0.108618,0,0,-0.371575,0,0,0.00746229,5,29.6,-1.05164,3,1,0.243062,0,0,-0.502229,0,0,0.00594294,6,29.6,0.999926,-2.00549,1,-2.68221e-05,-0.0795305,0,0.000685453,0.351191,0,0.00957308,7,29.6,1.99991,-1.00369,1,0.0112921,0.108734,0,-0.0389218,-0.382334,0,0.00933156,8,29.6,-0.00267397,-1.00001,1,0.00294481,0,0,0.0118968,5.96046e-05,0,0.0114244,9,29.6,1,2,1,-5.96046e-06,-5.96046e-06,0,-5.96046e-05,0.000119209,0,0.011281,10,29.6,-0.999998,-1.00598,1,-7.45058e-06,0.026691,0,0,-0.0245571,0,0.0123478,11,29.6,0.999987,-8.63534e-05,1,6.55651e-05,0.000491007,0,-8.9407e-05,-0.000764108,0,0.0144723,12,29.6,-3,0.305667,1,0,-0.484334,0,0,0.158876,0,0.00897374,13,29.6,1.99999,2,1,0,1.19209e-05,0,0,-5.96046e-05,0,0.00766925,14,29.6,-0.999984,-2.99802,1,2.68221e-05,-0.00568032,0,-0.000208616,0.00619888,0,0.0107779,15,29.6,0.0291293,1,1,-0.181332,8.9407e-06,0,0.452988,-5.96046e-05,0,0.0118993,16,29.6,1.00107,2.99868,1,-0.0188112,0.00265837,0,0.0433624,0.000119209,0,0.00640977,17,29.6,2.95408,-3,1,0.195831,0,0,-0.513315,0,0,0.00562586,18,29.6,-0.999995,2,1,-0.000326335,5.96046e-06,0,0.000923872,0,0,0.0105068,19,29.6,-3,-2.00043,1,0,-5.36442e-05,0,0,0.00369549,0,0.00617141,20,29.6,-3,-2.99997,1,0,0.000244379,0,0,0.000238419,0,0.00596454,21,29.6,-5.17384e-07,-1.99999,1,-5.06472e-06,1.19209e-05,0,1.90925e-05,-5.96046e-05,0,0.0095768,22,29.6,-2.29105,-0.0177844,1,0.486714,0.0259609,0,-0.134706,0.0208244,0,0.00930361,23,29.6,-1.99957,-3,1,0.000196695,0,0,-0.00405312,0,0,0.00643009,24,29.6,0.99989,-2.98348,1,0.000914931,-0.100875,0,-0.00229478,0.395179,0,0.00827378,25,29.6,-1.01493,0.999017,1,-0.0521421,-0.00730753,0,0.326335,0.0331998,0,0.00800371,26,29.6,3,-2.01517,1,0,0.156635,0,0,-0.458717,0,0.00512995,27,29.6,-2.00203,2.96714,1,0.0228047,0.152618,0,-0.064373,-0.45073,0,0.00495154,28,29.6,-2,-1.99964,1,-2.98023e-06,-0.000688434,0,-0.000119209,-0.00089407,0,0.0094695,29,29.6,2.00338,-1.99853,1,-0.107369,0.000578165,0,0.380158,-0.0144839,0,0.00913549,30,29.6,-0.997599,0.00298093,1,-0.00931472,-0.105647,0,0.00244379,0.377218,0,0.0087858,31,29.6,2,3,1,1.19209e-05,1.19209e-05,0,0,-0.000119209,0,0.00869599,32,29.6,2,0.999999,1,-5.96046e-06,-4.47035e-06,0,0,0,0,0.0117537,33,29.6,-0.00015033,-2.61075e-08,1,0.000610566,-7.04308e-08,0,-0.000609194,4.15082e-07,0,0.00917324,34,29.6,-0.00118111,2.99996,1,-0.0134686,8.34465e-05,0,0.0464585,-0.000119209,0,0.0073503,35,29.6,3,2,1,0,1.19209e-05,0,0,0,0,0.00736587
0,29.7,2.98706,-0.999989,1,0.0870865,2.45869e-05,0,-0.379637,-0.000193715,0,0.0102905,1,29.7,8.23048e-06,-3,1,4.42896e-06,0,0,-7.82256e-05,0,0,0.00776189,2,29.7,2,8.12354e-06,1,1.41561e-05,-6.45035e-06,0,2.98023e-05,-4.52614e-05,0,0.0109205,3,29.7,-2.00153,0.723667,1,0.00342242,0.472512,0,-0.00108778,-0.196513,0,0.0121631,4,29.7,2.00434,-3,1,0.0740241,0,0,-0.319526,0,0,0.00746229,5,29.7,-1.02982,3,1,0.193689,0,0,-0.481993,0,0,0.00594294,6,29.7,0.999927,-2.01179,1,3.241e-05,-0.0475418,0,0.000499189,0.288501,0,0.00957308,7,29.7,2.00086,-0.994636,1,0.00763778,0.073241,0,-0.0340119,-0.326831,0,0.00933156,8,29.7,-0.00232925,-1.00001,1,0.00386097,5.7742e-06,0,0.00657855,5.21541e-05,0,0.0114244,9,29.7,1,2,1,-1.00583e-05,3.72529e-06,0,-1.49012e-05,5.96046e-05,0,0.011281,10,29.7,-0.999999,-1.00346,1,-7.07805e-06,0.0235664,0,7.45058e-06,-0.0368878,0,0.0123478,11,29.7,0.999993,-4.12976e-05,1,5.55068e-05,0.000408262,0,-0.000104308,-0.000875239,0,0.0144723,12,29.7,-3,0.258157,1,0,-0.464578,0,0,0.236139,0,0.00897374,13,29.7,1.99999,2,1,7.45058e-07,6.89179e-06,0,1.49012e-05,-3.72529e-05,0,0.00766925,14,29.7,-0.999983,-2.99856,1,8.19564e-06,-0.00494719,0,-0.000163913,0.00825524,0,0.0107779,15,29.7,0.0132019,1,1,-0.137861,3.72529e-06,0,0.414425,-4.47035e-05,0,0.0118993,16,29.7,0.999411,2.99895,1,-0.014399,0.00258051,0,0.0442713,-0.00159442,0,0.00640977,17,29.7,2.97116,-3,1,0.146483,0,0,-0.469998,0,0,0.00562586,18,29.7,-1.00002,2,1,-0.000235904,5.96046e-06,0,0.000882894,0,0,0.0105068,19,29.7,-3,-2.00042,1,0,0.000262633,0,0,0.00263751,0,0.00617141,20,29.7,-3,-2.99995,1,0,0.000242516,0,0,-0.00025332,0,0.00596454,21,29.7,-9.31633e-07,-1.99999,1,-3.25552e-06,6.14673e-06,0,1.69803e-05,-5.21541e-05,0,0.0095768,22,29.7,-2.24325,-0.0151128,1,0.467484,0.027199,0,-0.247225,0.00444736,0,0.00930361,23,29.7,-1.99957,-3,1,-0.000155345,0,0,-0.00299513,0,0,0.00643009,24,29.7,0.99997,-2.99171,1,0.0006916,-0.0648253,0,-0.00215322,0.324398,0,0.00827378,25,29.7,-1.01863,0.998444,1,-0.0230435,-0.00425708,0,0.256136,0.027746,0,0.00800371,26,29.7,3,-2.00172,1,0,0.113203,0,0,-0.408255,0,0.00512995,27,29.7,-2.00006,2.98023,1,0.016644,0.110101,0,-0.0585094,-0.397086,0,0.00495154,28,29.7,-2,-1.99971,1,-1.17347e-05,-0.000739656,0,-6.70552e-05,-0.000156462,0,0.0094695,29,29.7,1.99445,-1.99854,1,-0.0721037,-0.000665337,0,0.324488,-0.0104457,0,0.00913549,30,29.7,-0.998506,-0.00578904,1,-0.0087061,-0.0706831,0,0.00925735,0.321434,0,0.0087858,31,29.7,2,3,1,1.11759e-05,2.23517e-06,0,-1.49012e-05,-5.96046e-05,0,0.00869599,32,29.7,2,0.999998,1,-5.21541e-06,-4.00469e-06,0,1.49012e-05,1.11759e-05,0,0.0117537,33,29.7,-9.27673e-05,-3.11939e-08,1,0.00053675,-3.25099e-08,0,-0.000846295,3.42434e-07,0,0.00917324,34,29.7,-0.00230108,2.99997,1,-0.00899456,7.18981e-05,0,0.0426519,-0.000104308,0,0.0073503,35,29.7,3,2,1,0,1.04308e-05,0,0,-2.98023e-05,0,0.00736587
0,29.8,2.994,-0.999988,1,0.0529587,8.9407e-06,0,-0.302076,-0.000178814,0,0.00922836,1,29.8,8.31474e-06,-3,1,-2.42012e-06,0,0,-5.88248e-05,0,0,0.00829773,2,29.8,2,7.28202e-06,1,1.78814e-05,-1.0091e-05,0,0,-2.7924e-05,0,0.0125766,3,29.8,-2.0012,0.769809,1,0.00323653,0.44906,0,-0.00238419,-0.272661,0,0.0102157,4,29.8,2.01024,-3,1,0.0448227,0,0,-0.264168,0,0,0.00684295,5,29.8,-1.01281,3,1,0.147235,0,0,-0.444591,0,0,0.00473016,6,29.8,0.999932,-2.01521,1,7.30157e-05,-0.0217974,0,0.000357628,0.226498,0,0.0111662,7,29.8,2.00146,-0.98885,1,0.00451207,0.0434592,0,-0.028491,-0.268579,0,0.00840528,8,29.8,-0.00191798,-1.00001,1,0.00429094,8.9407e-06,0,0.00217272,0.000119209,0,0.0120407,9,29.8,1,2,1,-1.19209e-05,5.96046e-06,0,0,0.000119209,0,0.0108654,10,29.8,-1,-1.0013,1,-5.96046e-06,0.0195086,0,0,-0.0434816,0,0.0134248,11,29.8,0.999998,-4.92402e-06,1,4.47035e-05,0.000318768,0,-0.000149012,-0.0009021,0,0.0127256,12,29.8,-3,0.213006,1,0,-0.437199,0,0,0.310607,0,0.00813501,13,29.8,1.99999,2,1,2.98023e-06,2.98023e-06,0,0,0,0,0.00692562,14,29.8,-0.999982,-2.99901,1,-7.45058e-06,-0.00406504,0,-8.9407e-05,0.00917912,0,0.00962888,15,29.8,0.00141021,1,1,-0.0987848,0,0,0.365721,0,0,0.0116205,16,29.8,0.99819,2.9992,1,-0.0100628,0.00235438,0,0.0419319,-0.00286102,0,0.00562616,17,29.8,2.98355,-3,1,0.102454,0,0,-0.407934,0,0,0.00523637,18,29.8,-1.00004,2,1,-0.000151992,0,0,0.00077486,0.000119209,0,0.0118486,19,29.8,-3,-2.00038,1,0,0.000476837,0,0,0.00166893,0,0.0063776,20,29.8,-3,-2.99992,1,0,0.000202656,0,0,-0.000476837,0,0.00676507,21,29.8,-1.17653e-06,-1.99999,1,-1.68672e-06,0,0,1.4326e-05,0,0,0.0102028,22,29.8,-2.1979,-0.0123942,1,0.437832,0.0269505,0,-0.342727,-0.00892535,0,0.00933492,23,29.8,-1.9996,-3,1,-0.000405312,0,0,-0.00202656,0,0,0.00763198,24,29.8,1.00003,-2.99669,1,0.000485778,-0.0361681,0,-0.00190735,0.248432,0,0.00812442,25,29.8,-1.01977,0.998147,1,-0.000783801,-0.0017643,0,0.1899,0.0220835,0,0.00750799,26,29.8,3,-1.99235,1,0,0.0752568,0,0,-0.34976,0,0.00464667,27,29.8,-1.99867,2.98936,1,0.011158,0.0736058,0,-0.050962,-0.331402,0,0.00598917,28,29.8,-2,-1.99978,1,-1.49012e-05,-0.000724196,0,-5.96046e-05,0.000357628,0,0.012486,29,29.8,1.98876,-1.99865,1,-0.0425577,-0.00152588,0,0.266254,-0.00679493,0,0.00782081,30,29.8,-0.999322,-0.0113467,1,-0.00755042,-0.04144,0,0.0135005,0.263253,0,0.00801187,31,29.8,2,3,1,5.96046e-06,-5.96046e-06,0,0.000119209,0,0,0.0109214,32,29.8,2,0.999998,1,-2.98023e-06,-2.98023e-06,0,0,0,0,0.0115259,33,29.8,-4.35716e-05,-3.28587e-08,1,0.000445128,-2.05329e-09,0,-0.00096876,2.66503e-07,0,0.00961668,34,29.8,-0.00299609,2.99998,1,-0.00500034,5.96046e-05,0,0.0369806,0,0,0.00663843,35,29.8,3,2.00001,1,0,5.96046e-06,0,0,0,0,0.00868854
0,29.9,2.99792,-0.999988,1,0.0267964,-6.14673e-06,0,-0.221565,-0.000119209,0,0.00922836,1,29.9,7.81063e-06,-3,1,-7.35035e-06,0,0,-4.01286e-05,0,0,0.00829773,2,29.9,2.00001,6.15945e-06,1,1.60187e-05,-1.21119e-05,0,-4.47035e-05,-1.30036e-05,0,0.0125766,3,29.9,-2.00089,0.813199,1,0.00294149,0.417298,0,-0.00345707,-0.358798,0,0.0102157,4,29.9,2.01349,-3,1,0.0212513,0,0,-0.207722,0,0,0.00684295,5,29.9,-1.00022,3,1,0.105288,0,0,-0.392888,0,0,0.00473016,6,29.9,0.999941,-2.01636,1,0.00010049,-0.00216141,0,0.00019744,0.167221,0,0.0111662,7,29.9,2.00178,-0.985747,1,0.00196062,0.0195736,0,-0.0225455,-0.209682,0,0.00840528,8,29.9,-0.00148421,-1.00001,1,0.00432684,1.82539e-05,0,-0.00128798,7.45058e-05,0,0.0120407,9,29.9,1,2,1,-1.13621e-05,1.41561e-05,0,1.49012e-05,2.98023e-05,0,0.0108654,10,29.9,-1,-0.999572,1,-5.7742e-06,0.01506,0,7.45058e-06,-0.0448562,0,0.0134248,11,29.9,1,2.24973e-05,1,3.05474e-05,0.000230424,0,-0.00012666,-0.000856455,0,0.0127256,12,29.9,-3,0.170979,1,0,-0.402053,0,0,0.388291,0,0.00813501,13,29.9,1.99999,2,1,3.1665e-06,2.98023e-06,0,7.45058e-06,0,0,0.00692562,14,29.9,-0.999984,-2.99937,1,-1.50874e-05,-0.00313707,0,-6.70552e-05,0.00922382,0,0.00962888,15,29.9,-0.00673233,1,1,-0.065006,-1.86265e-07,0,0.30937,-7.45058e-06,0,0.0116205,16,29.9,0.997385,2.99942,1,-0.00610258,0.00202954,0,0.0370219,-0.00357628,0,0.00562616,17,29.9,2.99188,-3,1,0.0653028,0,0,-0.333726,0,0,0.00523637,18,29.9,-1.00005,2,1,-8.00937e-05,9.68575e-06,0,0.000655651,5.96046e-05,0,0.0118486,19,29.9,-3,-2.00033,1,0,0.000601634,0,0,0.000849366,0,0.0063776,20,29.9,-3,-2.9999,1,0,0.000146776,0,0,-0.000625849,0,0.00676507,21,29.9,-1.27859e-06,-1.99999,1,-4.04689e-07,-7.45058e-07,0,1.13123e-05,-1.49012e-05,0,0.0102028,22,29.9,-2.15596,-0.00976164,1,0.399823,0.0255324,0,-0.41464,-0.018999,0,0.00933492,23,29.9,-1.99965,-3,1,-0.000562705,0,0,-0.00115484,0,0,0.00763198,24,29.9,1.00007,-2.99919,1,0.000308454,-0.0151198,0,-0.00163913,0.173524,0,0.00812442,25,29.9,-1.019,0.998072,1,0.0150982,0.000158232,0,0.129163,0.0164397,0,0.00750799,26,29.9,3,-1.98646,1,0,0.0434764,0,0,-0.285819,0,0.00464667,27,29.9,-1.9978,2.99518,1,0.0064956,0.0440493,0,-0.0422224,-0.25934,0,0.00598917,28,29.9,-2,-1.99985,1,-1.76951e-05,-0.000667013,0,-7.45058e-06,0.00076741,0,0.012486,29,29.9,1.98574,-1.99883,1,-0.0188988,-0.00204444,0,0.207484,-0.00366569,0,0.00782081,30,29.9,-1.00001,-0.0142734,1,-0.00609076,-0.0180707,0,0.0153817,0.204713,0,0.00801187,31,29.9,2,3,1,1.41561e-05,-5.96046e-06,0,2.98023e-05,0,0,0.0109214,32,29.9,2,0.999998,1,-2.23517e-06,-2.51457e-06,0,1.49012e-05,1.11759e-05,0,0.0115259,33,29.9,-3.9694e-06,-3.18606e-08,1,0.000346578,2.07518e-08,0,-0.000989336,1.90672e-07,0,0.00961668,34,29.9,-0.00332276,2.99998,1,-0.00165023,5.73695e-05,0,0.0299588,-5.96046e-05,0,0.00663843,35,29.9,3,2.00001,1,0,5.58794e-06,0,0,-1.49012e-05,0,0.00868854
0,30,2.99962,-0.999989,1,0.00846386,-1.63913e-05,0,-0.146627,-5.96046e-05,0,0.00771183,1,30,6.90339e-06,-3,1,-1.05198e-05,0,0,-2.36503e-05,0,0,0.00741768,2,30,2.00001,4.90435e-06,1,1.78814e-05,-1.2791e-05,0,-0.000238419,-1.06455e-06,0,0.013687,3,30,-2.00061,0.853019,1,0.002563,0.378044,0,-0.00417233,-0.422627,0,0.00979294,4,30,2.01467,-3,1,0.00317097,0,0,-0.154734,0,0,0.00656284,5,30,-0.991564,3,1,0.068891,0,0,-0.334144,0,0,0.00436143,6,30,0.999952,-2.01583,1,0.000113249,0.0118494,0,8.9407e-05,0.114322,0,0.0108485,7,30,2.00187,-0.984745,1,-5.96046e-06,0.00139326,0,-0.0169277,-0.154674,0,0.0082431,8,30,-0.00106253,-1.00001,1,0.00406502,2.38419e-05,0,-0.00379825,0,0,0.0118419,9,30,0.999999,2,1,-8.9407e-06,1.78814e-05,0,0,0,0,0.012159,10,30,-1,-0.998288,1,-5.96046e-06,0.0106499,0,5.96046e-05,-0.0428259,0,0.0126916,11,30,1,4.139e-05,1,1.78814e-05,0.00014891,0,-5.96046e-05,-0.000767828,0,0.0146318,12,30,-3,0.132815,1,0,-0.360319,0,0,0.442609,0,0.00736138,13,30,1.99999,2,1,2.98023e-06,2.98023e-06,0,5.96046e-05,-5.96046e-05,0,0.00638358,14,30,-0.999985,-2.99964,1,-2.08616e-05,-0.00224113,0,-2.98023e-05,0.00846386,0,0.0116419,15,30,-0.0117826,1,1,-0.0369657,0,0,0.251376,-5.96046e-05,0,0.0127941,16,30,0.99695,2.9996,1,-0.0026986,0.00165105,0,0.0309348,-0.00369549,0,0.00622348,17,30,2.99687,-3,1,0.035882,0,0,-0.254512,0,0,0.00525194,18,30,-1.00006,2,1,-2.38419e-05,1.19209e-05,0,0.000596046,0,0,0.0116665,19,30,-3,-2.00026,1,0,0.000655651,0,0,0.000119209,0,0.00599202,20,30,-3,-2.99989,1,0,7.7486e-05,0,0,-0.000476837,0,0.00594811,21,30,-1.26748e-06,-1.99999,1,5.77373e-07,-2.98023e-06,0,8.34751e-06,0,0,0.00965783,22,30,-2.11815,-0.00731693,1,0.3555,0.0232369,0,-0.468493,-0.0264857,0,0.00868628,23,30,-1.99971,-3,1,-0.00064373,0,0,-0.000357628,0,0,0.00779688,24,30,1.00009,-2.99995,1,0.000160933,-0.00118017,0,-0.00137091,0.107169,0,0.00781761,25,30,-1.01694,0.998161,1,0.025335,0.0015378,0,0.0770092,0.0113249,0,0.00825193,26,30,3,-1.98344,1,0,0.0180602,0,0,-0.222862,0,0.0053732,27,30,-1.99735,2.99841,1,0.00271797,0.0217259,0,-0.0333786,-0.187635,0,0.007383,28,30,-2,-1.99992,1,-1.78814e-05,-0.000578165,0,0,0.00101328,0,0.0107695,29,30,1.9848,-1.99905,1,-0.000926852,-0.00227988,0,0.152707,-0.00113249,0,0.00715993,30,30,-1.00054,-0.0151496,1,-0.00452399,-0.000360678,0,0.0156164,0.150277,0,0.0082505,31,30,2,3,1,1.78814e-05,0,0,0,-0.000119209,0,0.01111,32,30,1.99999,0.999998,1,0,-2.98023e-06,0,0,5.96046e-05,0,0.0094114,33,30,2.57964e-05,-2.89497e-08,1,0.00024954,3.63213e-08,0,-0.000941538,1.22045e-07,0,0.0096067,34,30,-0.00335,2.99999,1,0.000985287,4.76837e-05,0,0.0227528,-0.000119209,0,0.00772341,35,30,3,2.00001,1,0,5.96046e-06,0,0,-0.000119209,0,0.00866192
0,30.1,2.99984,-0.99999,1,-0.002959,-2.06754e-05,0,-0.0846535,-2.98023e-05,0,0.00771183,1,30.1,5.75772e-06,-3,1,-1.2161e-05,0,0,-9.67927e-06,0,0,0.00741768,2,30.1,2.00001,3.63609e-06,1,-1.11759e-06,-1.24249e-05,0,-0.000163913,7.89212e-06,0,0.013687,3,30.1,-2.00038,0.888639,1,0.00213161,0.333721,0,-0.00441074,-0.460681,0,0.00979294,4,30.1,2.0143,-3,1,-0.00981651,0,0,-0.106171,0,0,0.00656284,5,30.1,-0.986241,3,1,0.0386371,0,0,-0.271026,0,0,0.00436143,6,30.1,0.999963,-2.01415,1,0.000116229,0.0209115,0,-2.23517e-05,0.0683367,0,0.0108485,7,30.1,2.0018,-0.985292,1,-0.00142641,-0.0115198,0,-0.011608,-0.104804,0,0.0082431,8,30.1,-0.000678035,-1.00001,1,0.00359812,2.29105e-05,0,-0.00540475,-2.23517e-05,0,0.0118419,9,30.1,0.999998,2.00001,1,-8.3819e-06,1.60187e-05,0,1.49012e-05,-4.47035e-05,0,0.012159,10,30.1,-1,-0.99743,1,-9.31323e-07,0.00659171,0,3.72529e-05,-0.038065,0,0.0126916,11,30.1,1.00001,5.26386e-05,1,1.19209e-05,7.80939e-05,0,-5.96046e-05,-0.000646103,0,0.0146318,12,30.1,-3,0.0990514,1,0,-0.314481,0,0,0.470962,0,0.00736138,13,30.1,1.99999,2,1,7.82311e-06,-1.86265e-06,0,2.98023e-05,-2.98023e-05,0,0.00638358,14,30.1,-0.999988,-2.99982,1,-2.29105e-05,-0.00145137,0,-7.45058e-06,0.00724196,0,0.0116419,15,30.1,-0.01432,1,1,-0.0147458,-4.84288e-06,0,0.193678,-2.98023e-05,0,0.0127941,16,30.1,0.996824,2.99975,1,4.98258e-05,0.00127368,0,0.0240393,-0.00376999,0,0.00622348,17,30.1,2.99932,-3,1,0.0143729,0,0,-0.176728,0,0,0.00525194,18,30.1,-1.00006,2,1,2.70084e-05,1.04308e-05,0,0.000424683,-2.98023e-05,0,0.0116665,19,30.1,-3,-2.0002,1,0,0.000643358,0,0,-0.000342727,0,0.00599202,20,30.1,-3,-2.99989,1,0,2.79397e-05,0,0,-0.000521541,0,0.00594811,21,30.1,-1.17284e-06,-1.99999,1,1.26867e-06,-3.1665e-06,0,5.53678e-06,-7.45058e-06,0,0.00965783,22,30.1,-2.08501,-0.00513488,1,0.30678,0.0203235,0,-0.501499,-0.0313276,0,0.00868628,23,30.1,-1.99977,-3,1,-0.000651926,0,0,0.000163913,0,0,0.00779688,24,30.1,1.0001,-2.99963,1,4.04194e-05,0.00684597,0,-0.00105053,0.0558645,0,0.00781761,25,30.1,-1.0141,0.998363,1,0.0308026,0.00243438,0,0.0339895,0.0067465,0,0.00825193,26,30.1,3,-1.98264,1,0,-0.00116881,0,0,-0.162773,0,0.0053732,27,30.1,-1.99723,2.99976,1,-0.000178628,0.00631139,0,-0.0246689,-0.122368,0,0.007383,28,30.1,-2,-1.99997,1,-1.60187e-05,-0.000470504,0,4.47035e-05,0.00111759,0,0.0107695,29,30.1,1.98538,-1.99928,1,0.0118041,-0.00229143,0,0.103123,0.000804663,0,0.00715993,30,30.1,-1.00091,-0.0145193,1,-0.00300817,0.0121462,0,0.0145584,0.101086,0,0.0082505,31,30.1,2,3,1,1.60187e-05,-9.68575e-06,0,-4.47035e-05,-5.96046e-05,0,0.01111,32,30.1,1.99999,0.999998,1,1.86265e-07,1.76951e-06,0,7.45058e-06,4.09782e-05,0,0.0094114,33,30.1,4.62021e-05,-2.4812e-08,1,0.000160311,4.54344e-08,0,-0.000837543,6.21352e-08,0,0.0096067,34,30.1,-0.0031498,2.99999,1,0.00290068,3.61353e-05,0,0.0156733,-0.000104308,0,0.00772341,35,30.1,3,2.00001,1,0,-4.09782e-06,0,0,-7.45058e-05,0,0.00866192
0,30.2,2.9992,-0.999993,1,-0.00899434,-2.23517e-05,0,-0.0386238,0,0,0.0096334,1,30.2,4.51279e-06,-3,1,-1.2554e-05,0,0,1.34107e-06,0,0,0.0091976,2,30.2,2.00001,2.44443e-06,1,-1.78814e-05,-1.13056e-05,0,0,1.40596e-05,0,0.0118163,3,30.2,-2.00019,0.919668,1,0.00169277,0.286528,0,-0.00441074,-0.480086,0,0.0111636,4,30.2,2.01286,-3,1,-0.0182867,0,0,-0.0646114,0,0,0.00755355,5,30.2,-0.983628,3,1,0.0146315,0,0,-0.20951,0,0,0.00449178,6,30.2,0.999975,-2.01178,1,0.000110269,0.0258029,0,-0.000119209,0.030756,0,0.00975034,7,30.2,2.0016,-0.986894,1,-0.00234842,-0.0198126,0,-0.00691414,-0.0622571,0,0.00840533,8,30.2,-0.000346967,-1,1,0.00300893,2.08616e-05,0,-0.00626558,0,0,0.0114485,9,30.2,0.999997,2.00001,1,-5.96046e-06,1.19209e-05,0,0,0,0,0.0119178,10,30.2,-1,-0.996951,1,0,0.00308007,0,5.96046e-05,-0.0320077,0,0.0139764,11,30.2,1.00001,5.74347e-05,1,5.96046e-06,2.00269e-05,0,-5.96046e-05,-0.000514252,0,0.0143274,12,30.2,-3,0.069982,1,0,-0.266745,0,0,0.480766,0,0.00865771,13,30.2,2,2,1,1.19209e-05,-2.98023e-06,0,0,-5.96046e-05,0,0.00744048,14,30.2,-0.99999,-2.99993,1,-2.38419e-05,-0.000804663,0,2.98023e-05,0.00572205,0,0.0106393,15,30.2,-0.014917,1,1,0.00191997,-8.9407e-06,0,0.140482,0,0,0.0126348,16,30.2,0.996938,2.99986,1,0.00211596,0.00090003,0,0.0172853,-0.00333786,0,0.00587455,17,30.2,2.99999,-3,1,0.000232458,0,0,-0.108123,0,0,0.00635733,18,30.2,-1.00005,2.00001,1,6.25849e-05,5.96046e-06,0,0.000298023,0,0,0.0116182,19,30.2,-3,-2.00014,1,0,0.000584126,0,0,-0.000476837,0,0.00576622,20,30.2,-3,-2.99989,1,0,-2.38419e-05,0,0,-0.000357628,0,0.00567056,21,30.2,-1.02252e-06,-1.99999,1,1.6969e-06,-2.98023e-06,0,3.09103e-06,-5.96046e-05,0,0.0098635,22,30.2,-2.05686,-0.00326399,1,0.256038,0.0170563,0,-0.509501,-0.0336234,0,0.00848809,23,30.2,-1.99984,-3,1,-0.000613928,0,0,0.000596046,0,0,0.00727054,24,30.2,1.0001,-2.99873,1,-5.06639e-05,0.0104666,0,-0.000715256,0.0185966,0,0.00756408,25,30.2,-1.0109,0.998634,1,0.0324547,0.00291318,0,0.000536442,0.00292063,0,0.00890228,26,30.2,3,-1.98348,1,0,-0.0147164,0,0,-0.109255,0,0.00506651,27,30.2,-1.99735,2.99987,1,-0.00224411,-0.00315309,0,-0.0168085,-0.0693798,0,0.00536522,28,30.2,-2.00001,-2.00001,1,-1.78814e-05,-0.000357628,0,0.000238419,0.00107288,0,0.0117321,29,30.2,1.987,-1.9995,1,0.0199437,-0.00213683,0,0.0609756,0.00214577,0,0.00896847,30,30.2,-1.00114,-0.0128721,1,-0.00163615,0.0201024,0,0.0127554,0.0592745,0,0.00824324,31,30.2,2.00001,3,1,1.78814e-05,-1.19209e-05,0,-0.000238419,0,0,0.00947831,32,30.2,2,0.999998,1,0,4.47035e-06,0,5.96046e-05,2.98023e-05,0,0.0130072,33,30.2,5.82548e-05,-2.00436e-08,1,8.29263e-05,4.9126e-08,0,-0.000706688,1.35553e-08,0,0.010083,34,30.2,-0.00279223,2.99999,1,0.0041456,2.38419e-05,0,0.00936341,0,0,0.00941043,35,30.2,3,2.00001,1,0,-5.96046e-06,0,0,-0.000119209,0,0.00731727
0,30.3,2.99817,-0.999995,1,-0.0111721,-2.14204e-05,0,-0.00688434,2.23517e-05,0,0.0096334,1,30.3,3.27879e-06,-3,1,-1.19912e-05,0,0,9.43986e-06,0,0,0.0091976,2,30.3,2,1.39105e-06,1,-1.75089e-05,-9.70271e-06,0,1.49012e-05,1.76261e-05,0,0.0118163,3,30.3,-2.00004,0.945912,1,0.00126567,0.238345,0,-0.00409037,-0.480127,0,0.0111636,4,30.3,2.01076,-3,1,-0.0229582,0,0,-0.0301301,0,0,0.00755355,5,30.3,-0.983113,3,1,-0.00335565,0,0,-0.15131,0,0,0.00449178,6,30.3,0.999985,-2.0091,1,9.62056e-05,0.0273529,0,-0.000160187,0.00165403,0,0.00975034,7,30.3,2.00134,-0.989125,1,-0.00284165,-0.0242267,0,-0.00309944,-0.0273958,0,0.00840533,8,30.3,-7.79418e-05,-1,1,0.00236838,1.99303e-05,0,-0.00645982,-2.23517e-05,0,0.0114485,9,30.3,0.999997,2.00001,1,-5.40167e-06,1.00583e-05,0,1.49012e-05,-4.47035e-05,0,0.0119178,10,30.3,-1,-0.996792,1,4.84288e-06,0.000225753,0,2.98023e-05,-0.0250712,0,0.0139764,11,30.3,1.00001,5.70954e-05,1,1.86265e-07,-2.4554e-05,0,-5.21541e-05,-0.00037882,0,0.0143274,12,30.3,-3,0.0457043,1,0,-0.218957,0,0,0.47186,0,0.00865771,13,30.3,2,2,1,1.17347e-05,-7.07805e-06,0,-7.45058e-06,-1.49012e-05,0,0.00744048,14,30.3,-0.999992,-2.99999,1,-2.08616e-05,-0.000319257,0,2.98023e-05,0.00400841,0,0.0106393,15,30.3,-0.0141051,1,1,0.0135234,-8.75443e-06,0,0.0928313,7.45058e-06,0,0.0126348,16,30.3,0.997225,2.99993,1,0.00352291,0.000582635,0,0.0109933,-0.00295043,0,0.00587455,17,30.3,2.99957,-3,1,-0.00780262,0,0,-0.0552088,0,0,0.00635733,18,30.3,-1.00005,2.00001,1,8.47504e-05,5.58794e-06,0,0.000156462,-1.49012e-05,0,0.0116182,19,30.3,-3,-2.00008,1,0,0.000521168,0,0,-0.000759959,0,0.00576622,20,30.3,-3,-2.99989,1,0,-5.88596e-05,0,0,-0.000327826,0,0.00567056,21,30.3,-8.40976e-07,-1.99999,1,1.89991e-06,-7.82311e-06,0,1.04766e-06,-2.98023e-05,0,0.0098635,22,30.3,-2.03379,-0.00172722,1,0.205696,0.0136801,0,-0.493854,-0.0335768,0,0.00848809,23,30.3,-1.9999,-3,1,-0.000541657,0,0,0.000834465,0,0,0.00727054,24,30.3,1.00009,-2.99764,1,-0.000108965,0.0110168,0,-0.000454485,-0.00591576,0,0.00756408,25,30.3,-1.0077,0.998934,1,0.0312297,0.00305036,0,-0.0235811,-3.35276e-05,0,0.00890228,26,30.3,3,-1.98542,1,0,-0.0232665,0,0,-0.0632331,0,0.00506651,27,30.3,-1.99765,2.99928,1,-0.00357032,-0.0080727,0,-0.00992417,-0.0310242,0,0.00536522,28,30.3,-2.00001,-2.00004,1,1.11759e-06,-0.000252575,0,0.000163913,0.00101328,0,0.0117321,29,30.3,1.98924,-1.9997,1,0.0242446,-0.00187494,0,0.0264049,0.00302494,0,0.00896847,30,30.3,-1.00125,-0.0106258,1,-0.000477023,0.0242549,0,0.0103936,0.0251369,0,0.00824324,31,30.3,2.00001,3,1,-1.11759e-06,-1.04308e-05,0,-0.000163913,2.98023e-05,0,0.00947831,32,30.3,2,0.999999,1,5.02914e-06,6.51926e-06,0,3.72529e-05,7.45058e-06,0,0.0130072,33,30.3,6.32613e-05,-1.51299e-08,1,1.96847e-05,4.85286e-08,0,-0.00055802,-2.35661e-08,0,0.010083,34,30.3,-0.00234034,3,1,0.0048019,1.93715e-05,0,0.00395142,-5.96046e-05,0,0.00941043,35,30.3,3,2,1,0,-1.56462e-05,0,0,-5.96046e-05,0,0.00731727
